estimate,se,method,run,window,h2,pcausal
0.0454782,0.0473429,rhe,0,-1,0.1,1.0
-0.0326606,0.0490542,rhe,1,-1,0.1,1.0
0.105136,0.0564052,rhe,2,-1,0.1,1.0
0.0369686,0.0457444,rhe,3,-1,0.1,1.0
0.0635234,0.0563873,rhe,4,-1,0.1,1.0
0.164655,0.0541516,rhe,5,-1,0.1,1.0
0.0598175,0.0472807,rhe,6,-1,0.1,1.0
-0.0094133,0.0483876,rhe,7,-1,0.1,1.0
0.0855608,0.0478027,rhe,8,-1,0.1,1.0
-0.0202247,0.0475773,rhe,9,-1,0.1,1.0
0.158662,0.0482825,rhe,10,-1,0.1,1.0
0.0953304,0.0474708,rhe,11,-1,0.1,1.0
0.100505,0.0548595,rhe,12,-1,0.1,1.0
0.1171,0.0459892,rhe,13,-1,0.1,1.0
0.0518172,0.0501325,rhe,14,-1,0.1,1.0
0.234562,0.0431719,rhe,15,-1,0.1,1.0
0.12185,0.0506553,rhe,16,-1,0.1,1.0
0.068795,0.0501072,rhe,17,-1,0.1,1.0
0.0555591,0.0524177,rhe,18,-1,0.1,1.0
0.154966,0.0499299,rhe,19,-1,0.1,1.0
0.0601751,0.053991,rhe,20,-1,0.1,1.0
0.119954,0.0482852,rhe,21,-1,0.1,1.0
0.051458,0.051105,rhe,22,-1,0.1,1.0
0.190838,0.0513459,rhe,23,-1,0.1,1.0
0.0709288,0.0476181,rhe,24,-1,0.1,1.0
0.0677261,0.049441,rhe,25,-1,0.1,1.0
0.0783437,0.045587,rhe,26,-1,0.1,1.0
0.0985266,0.0540855,rhe,27,-1,0.1,1.0
0.143293,0.0597589,rhe,28,-1,0.1,1.0
0.187673,0.0527587,rhe,29,-1,0.1,1.0
0.0469776,0.0472932,rhe,30,-1,0.1,1.0
0.174166,0.0489433,rhe,31,-1,0.1,1.0
0.0337089,0.0567954,rhe,32,-1,0.1,1.0
0.224977,0.0527957,rhe,33,-1,0.1,1.0
0.089703,0.0487862,rhe,34,-1,0.1,1.0
0.122917,0.0510797,rhe,35,-1,0.1,1.0
0.129623,0.0483331,rhe,36,-1,0.1,1.0
0.0818703,0.0505894,rhe,37,-1,0.1,1.0
0.0993363,0.0474653,rhe,38,-1,0.1,1.0
0.038652,0.0507535,rhe,39,-1,0.1,1.0
0.0473028,0.0442778,rhe,40,-1,0.1,1.0
0.0978033,0.0519683,rhe,41,-1,0.1,1.0
0.0233611,0.0452088,rhe,42,-1,0.1,1.0
0.166224,0.0544281,rhe,43,-1,0.1,1.0
0.0974489,0.0516371,rhe,44,-1,0.1,1.0
0.0629611,0.0473029,rhe,45,-1,0.1,1.0
0.159966,0.0434425,rhe,46,-1,0.1,1.0
0.0325822,0.0522309,rhe,47,-1,0.1,1.0
0.00990509,0.0473878,rhe,48,-1,0.1,1.0
0.185918,0.0556835,rhe,49,-1,0.1,1.0
0.0514525,0.0487461,rhe,50,-1,0.1,1.0
0.0104419,0.0459902,rhe,51,-1,0.1,1.0
0.10018,0.0444015,rhe,52,-1,0.1,1.0
0.119559,0.0480285,rhe,53,-1,0.1,1.0
0.174997,0.0525559,rhe,54,-1,0.1,1.0
0.0768237,0.0454388,rhe,55,-1,0.1,1.0
0.0775199,0.0431857,rhe,56,-1,0.1,1.0
0.0431778,0.049695,rhe,57,-1,0.1,1.0
0.106254,0.0570405,rhe,58,-1,0.1,1.0
0.0192966,0.0587913,rhe,59,-1,0.1,1.0
0.164136,0.047795,rhe,60,-1,0.1,1.0
0.0871242,0.0450933,rhe,61,-1,0.1,1.0
0.0596301,0.0450369,rhe,62,-1,0.1,1.0
0.00833916,0.0528169,rhe,63,-1,0.1,1.0
0.0426093,0.0503306,rhe,64,-1,0.1,1.0
0.072924,0.0475124,rhe,65,-1,0.1,1.0
0.160725,0.0485413,rhe,66,-1,0.1,1.0
0.141232,0.0455754,rhe,67,-1,0.1,1.0
-0.0298317,0.0477949,rhe,68,-1,0.1,1.0
0.0622123,0.0424206,rhe,69,-1,0.1,1.0
0.031046,0.0446859,rhe,70,-1,0.1,1.0
0.0326973,0.0507111,rhe,71,-1,0.1,1.0
0.0524994,0.0524308,rhe,72,-1,0.1,1.0
0.0690869,0.049615,rhe,73,-1,0.1,1.0
0.170917,0.0453999,rhe,74,-1,0.1,1.0
0.091321,0.0518357,rhe,75,-1,0.1,1.0
-0.00418758,0.0591477,rhe,76,-1,0.1,1.0
0.0400143,0.0449441,rhe,77,-1,0.1,1.0
-0.0785586,0.0545083,rhe,78,-1,0.1,1.0
0.098396,0.0465525,rhe,79,-1,0.1,1.0
0.0150984,0.0450116,rhe,80,-1,0.1,1.0
0.109646,0.0498455,rhe,81,-1,0.1,1.0
0.131188,0.0491838,rhe,82,-1,0.1,1.0
0.123997,0.051648,rhe,83,-1,0.1,1.0
0.0885345,0.0551674,rhe,84,-1,0.1,1.0
0.0592236,0.0507692,rhe,85,-1,0.1,1.0
0.111682,0.0462827,rhe,86,-1,0.1,1.0
0.0795339,0.0500881,rhe,87,-1,0.1,1.0
0.078521,0.0438446,rhe,88,-1,0.1,1.0
0.147568,0.0524642,rhe,89,-1,0.1,1.0
0.0921055,0.0534154,rhe,90,-1,0.1,1.0
0.0202188,0.0472197,rhe,91,-1,0.1,1.0
0.132335,0.0544274,rhe,92,-1,0.1,1.0
0.155827,0.0517272,rhe,93,-1,0.1,1.0
0.125429,0.0469802,rhe,94,-1,0.1,1.0
0.110923,0.0418207,rhe,95,-1,0.1,1.0
0.125475,0.0529289,rhe,96,-1,0.1,1.0
0.180543,0.050096,rhe,97,-1,0.1,1.0
-0.0042511,0.0486019,rhe,98,-1,0.1,1.0
0.17535,0.0492133,rhe,99,-1,0.1,1.0
0.169087,0.0509554,rhe,0,-1,0.1,0.1
0.0870751,0.0456238,rhe,1,-1,0.1,0.1
0.183389,0.0510418,rhe,2,-1,0.1,0.1
0.0771828,0.0557612,rhe,3,-1,0.1,0.1
0.1573,0.0546429,rhe,4,-1,0.1,0.1
0.165645,0.0459095,rhe,5,-1,0.1,0.1
0.0711709,0.0477207,rhe,6,-1,0.1,0.1
0.0110562,0.047192,rhe,7,-1,0.1,0.1
0.101599,0.0475747,rhe,8,-1,0.1,0.1
0.0911413,0.0441738,rhe,9,-1,0.1,0.1
0.124008,0.0464396,rhe,10,-1,0.1,0.1
0.157311,0.0501939,rhe,11,-1,0.1,0.1
0.108471,0.0552419,rhe,12,-1,0.1,0.1
0.136537,0.0456736,rhe,13,-1,0.1,0.1
0.171122,0.0550215,rhe,14,-1,0.1,0.1
0.0842302,0.0456971,rhe,15,-1,0.1,0.1
0.183178,0.0487365,rhe,16,-1,0.1,0.1
0.0107766,0.0422909,rhe,17,-1,0.1,0.1
0.0935813,0.0470387,rhe,18,-1,0.1,0.1
0.10542,0.057642,rhe,19,-1,0.1,0.1
0.0494246,0.0531185,rhe,20,-1,0.1,0.1
0.159812,0.0547463,rhe,21,-1,0.1,0.1
0.248265,0.0463102,rhe,22,-1,0.1,0.1
0.147122,0.0529777,rhe,23,-1,0.1,0.1
0.053907,0.0544784,rhe,24,-1,0.1,0.1
0.0533125,0.0490087,rhe,25,-1,0.1,0.1
0.105588,0.0450071,rhe,26,-1,0.1,0.1
0.11374,0.0472646,rhe,27,-1,0.1,0.1
0.112136,0.0467486,rhe,28,-1,0.1,0.1
0.0402938,0.0476331,rhe,29,-1,0.1,0.1
0.138613,0.0536432,rhe,30,-1,0.1,0.1
0.0780151,0.05927,rhe,31,-1,0.1,0.1
0.0914717,0.0475625,rhe,32,-1,0.1,0.1
0.097983,0.0493125,rhe,33,-1,0.1,0.1
0.117249,0.0532746,rhe,34,-1,0.1,0.1
0.0370486,0.0498228,rhe,35,-1,0.1,0.1
0.137405,0.0498088,rhe,36,-1,0.1,0.1
0.0334612,0.0506346,rhe,37,-1,0.1,0.1
0.0723373,0.0422379,rhe,38,-1,0.1,0.1
0.150135,0.0435004,rhe,39,-1,0.1,0.1
0.139158,0.0505701,rhe,40,-1,0.1,0.1
0.0871196,0.0516966,rhe,41,-1,0.1,0.1
0.000936099,0.0475576,rhe,42,-1,0.1,0.1
0.0506817,0.0484269,rhe,43,-1,0.1,0.1
0.0473888,0.0425521,rhe,44,-1,0.1,0.1
0.12016,0.0488516,rhe,45,-1,0.1,0.1
0.0271917,0.0443875,rhe,46,-1,0.1,0.1
0.0655703,0.0456831,rhe,47,-1,0.1,0.1
0.0507258,0.0409035,rhe,48,-1,0.1,0.1
0.157142,0.0462707,rhe,49,-1,0.1,0.1
0.108741,0.049876,rhe,50,-1,0.1,0.1
0.139667,0.0549338,rhe,51,-1,0.1,0.1
0.0972508,0.0548759,rhe,52,-1,0.1,0.1
0.120053,0.0566372,rhe,53,-1,0.1,0.1
0.0980491,0.0494251,rhe,54,-1,0.1,0.1
0.047766,0.0503974,rhe,55,-1,0.1,0.1
0.123781,0.0551114,rhe,56,-1,0.1,0.1
0.100845,0.0544753,rhe,57,-1,0.1,0.1
-0.0157202,0.0503523,rhe,58,-1,0.1,0.1
0.119664,0.0526271,rhe,59,-1,0.1,0.1
0.140816,0.0533458,rhe,60,-1,0.1,0.1
0.113368,0.0545969,rhe,61,-1,0.1,0.1
0.157238,0.0522464,rhe,62,-1,0.1,0.1
0.171694,0.0467584,rhe,63,-1,0.1,0.1
0.0612138,0.0411175,rhe,64,-1,0.1,0.1
0.132406,0.0493854,rhe,65,-1,0.1,0.1
-0.0155166,0.0506601,rhe,66,-1,0.1,0.1
0.0932713,0.0442571,rhe,67,-1,0.1,0.1
0.179485,0.0470022,rhe,68,-1,0.1,0.1
0.0692427,0.0487118,rhe,69,-1,0.1,0.1
0.054936,0.0467791,rhe,70,-1,0.1,0.1
0.0082472,0.0581239,rhe,71,-1,0.1,0.1
0.0969401,0.0517631,rhe,72,-1,0.1,0.1
0.106882,0.0454692,rhe,73,-1,0.1,0.1
0.0996708,0.0510556,rhe,74,-1,0.1,0.1
0.091593,0.0475335,rhe,75,-1,0.1,0.1
0.0256124,0.0472032,rhe,76,-1,0.1,0.1
0.155574,0.049629,rhe,77,-1,0.1,0.1
0.141321,0.0483399,rhe,78,-1,0.1,0.1
0.00164874,0.0517367,rhe,79,-1,0.1,0.1
0.115911,0.0482715,rhe,80,-1,0.1,0.1
0.12994,0.0448572,rhe,81,-1,0.1,0.1
0.17446,0.0477293,rhe,82,-1,0.1,0.1
0.0409465,0.0511818,rhe,83,-1,0.1,0.1
0.0946345,0.0495273,rhe,84,-1,0.1,0.1
0.145777,0.052281,rhe,85,-1,0.1,0.1
0.128475,0.0492073,rhe,86,-1,0.1,0.1
0.118578,0.0485462,rhe,87,-1,0.1,0.1
0.0879133,0.0493449,rhe,88,-1,0.1,0.1
0.0947695,0.0502939,rhe,89,-1,0.1,0.1
0.0847957,0.0488684,rhe,90,-1,0.1,0.1
0.0461974,0.0464455,rhe,91,-1,0.1,0.1
0.0434299,0.0467596,rhe,92,-1,0.1,0.1
0.212659,0.0602003,rhe,93,-1,0.1,0.1
0.0778821,0.0517612,rhe,94,-1,0.1,0.1
0.162734,0.0498515,rhe,95,-1,0.1,0.1
0.0218366,0.0462639,rhe,96,-1,0.1,0.1
0.250539,0.0646539,rhe,97,-1,0.1,0.1
0.154418,0.0527725,rhe,98,-1,0.1,0.1
0.101924,0.0493811,rhe,99,-1,0.1,0.1
0.12844,0.0518757,rhe,0,-1,0.1,0.01
0.100405,0.0479874,rhe,1,-1,0.1,0.01
0.150329,0.0576922,rhe,2,-1,0.1,0.01
0.0184436,0.0438423,rhe,3,-1,0.1,0.01
0.16952,0.0498157,rhe,4,-1,0.1,0.01
0.0856298,0.0505075,rhe,5,-1,0.1,0.01
0.0444963,0.045829,rhe,6,-1,0.1,0.01
0.104344,0.0540536,rhe,7,-1,0.1,0.01
0.220252,0.0512898,rhe,8,-1,0.1,0.01
0.0936059,0.0507526,rhe,9,-1,0.1,0.01
0.0833862,0.0470821,rhe,10,-1,0.1,0.01
0.12454,0.0468926,rhe,11,-1,0.1,0.01
0.0389708,0.0584999,rhe,12,-1,0.1,0.01
0.0638167,0.0507463,rhe,13,-1,0.1,0.01
0.0674698,0.0498327,rhe,14,-1,0.1,0.01
0.177497,0.0621724,rhe,15,-1,0.1,0.01
0.0400183,0.0455474,rhe,16,-1,0.1,0.01
0.237052,0.0485641,rhe,17,-1,0.1,0.01
0.232378,0.0478227,rhe,18,-1,0.1,0.01
0.133701,0.0541902,rhe,19,-1,0.1,0.01
0.044933,0.0498182,rhe,20,-1,0.1,0.01
0.0964865,0.0455312,rhe,21,-1,0.1,0.01
0.0990554,0.0492546,rhe,22,-1,0.1,0.01
0.0252359,0.0498839,rhe,23,-1,0.1,0.01
0.0987929,0.0519662,rhe,24,-1,0.1,0.01
0.125412,0.0456179,rhe,25,-1,0.1,0.01
0.127268,0.0502442,rhe,26,-1,0.1,0.01
0.109458,0.0467731,rhe,27,-1,0.1,0.01
0.180319,0.0484554,rhe,28,-1,0.1,0.01
0.138909,0.0465464,rhe,29,-1,0.1,0.01
0.203943,0.0530727,rhe,30,-1,0.1,0.01
0.171495,0.0517887,rhe,31,-1,0.1,0.01
0.0776295,0.0454661,rhe,32,-1,0.1,0.01
0.176459,0.0542161,rhe,33,-1,0.1,0.01
0.136809,0.0491239,rhe,34,-1,0.1,0.01
0.0687517,0.0460981,rhe,35,-1,0.1,0.01
0.0550497,0.0557655,rhe,36,-1,0.1,0.01
0.0620687,0.0435884,rhe,37,-1,0.1,0.01
0.121515,0.0485862,rhe,38,-1,0.1,0.01
-7.19193e-06,0.0501442,rhe,39,-1,0.1,0.01
0.112752,0.0448949,rhe,40,-1,0.1,0.01
0.0892228,0.0551044,rhe,41,-1,0.1,0.01
0.14438,0.0523804,rhe,42,-1,0.1,0.01
0.0199943,0.0485636,rhe,43,-1,0.1,0.01
0.123324,0.0547139,rhe,44,-1,0.1,0.01
0.0076865,0.0503549,rhe,45,-1,0.1,0.01
0.0358973,0.0531405,rhe,46,-1,0.1,0.01
0.1125,0.0453025,rhe,47,-1,0.1,0.01
0.0781917,0.0482599,rhe,48,-1,0.1,0.01
-0.0523737,0.051673,rhe,49,-1,0.1,0.01
0.040828,0.0485405,rhe,50,-1,0.1,0.01
0.11554,0.0504808,rhe,51,-1,0.1,0.01
0.142791,0.0494815,rhe,52,-1,0.1,0.01
0.0943938,0.0446413,rhe,53,-1,0.1,0.01
0.156011,0.0430291,rhe,54,-1,0.1,0.01
0.0127364,0.0454036,rhe,55,-1,0.1,0.01
0.132201,0.0443607,rhe,56,-1,0.1,0.01
0.0790262,0.0471168,rhe,57,-1,0.1,0.01
0.152402,0.0434652,rhe,58,-1,0.1,0.01
0.0494907,0.0419777,rhe,59,-1,0.1,0.01
0.0948433,0.0487127,rhe,60,-1,0.1,0.01
0.081684,0.0481495,rhe,61,-1,0.1,0.01
0.130778,0.0483358,rhe,62,-1,0.1,0.01
0.142029,0.0486892,rhe,63,-1,0.1,0.01
0.156736,0.0447108,rhe,64,-1,0.1,0.01
0.0738121,0.0542002,rhe,65,-1,0.1,0.01
0.119388,0.0555508,rhe,66,-1,0.1,0.01
0.119663,0.04959,rhe,67,-1,0.1,0.01
0.117754,0.0510186,rhe,68,-1,0.1,0.01
0.120535,0.0527211,rhe,69,-1,0.1,0.01
0.0835013,0.0452445,rhe,70,-1,0.1,0.01
0.120784,0.0501699,rhe,71,-1,0.1,0.01
0.040382,0.0517406,rhe,72,-1,0.1,0.01
0.00523376,0.049073,rhe,73,-1,0.1,0.01
0.0933866,0.048967,rhe,74,-1,0.1,0.01
0.149298,0.0557141,rhe,75,-1,0.1,0.01
0.0551356,0.046909,rhe,76,-1,0.1,0.01
0.0715024,0.0507034,rhe,77,-1,0.1,0.01
0.0306688,0.0459354,rhe,78,-1,0.1,0.01
0.0630252,0.0439442,rhe,79,-1,0.1,0.01
0.00987363,0.0528596,rhe,80,-1,0.1,0.01
0.109412,0.0545913,rhe,81,-1,0.1,0.01
0.1922,0.0511298,rhe,82,-1,0.1,0.01
0.0349639,0.0472221,rhe,83,-1,0.1,0.01
0.162414,0.0546062,rhe,84,-1,0.1,0.01
0.230914,0.0501886,rhe,85,-1,0.1,0.01
0.0925892,0.0513656,rhe,86,-1,0.1,0.01
0.116734,0.0476027,rhe,87,-1,0.1,0.01
0.0461547,0.0455579,rhe,88,-1,0.1,0.01
0.0015006,0.0484217,rhe,89,-1,0.1,0.01
0.0639026,0.0483553,rhe,90,-1,0.1,0.01
0.0291503,0.0523671,rhe,91,-1,0.1,0.01
0.143484,0.0517247,rhe,92,-1,0.1,0.01
0.0719893,0.0548686,rhe,93,-1,0.1,0.01
0.134901,0.045118,rhe,94,-1,0.1,0.01
0.118955,0.0553119,rhe,95,-1,0.1,0.01
0.115585,0.0474608,rhe,96,-1,0.1,0.01
0.0626136,0.0454323,rhe,97,-1,0.1,0.01
0.114968,0.0503199,rhe,98,-1,0.1,0.01
0.124554,0.0576104,rhe,99,-1,0.1,0.01
0.320806,0.0541643,rhe,0,-1,0.25,1.0
0.250267,0.0451627,rhe,1,-1,0.25,1.0
0.275634,0.058211,rhe,2,-1,0.25,1.0
0.219003,0.0505641,rhe,3,-1,0.25,1.0
0.319016,0.0548158,rhe,4,-1,0.25,1.0
0.286469,0.0573731,rhe,5,-1,0.25,1.0
0.203176,0.0584779,rhe,6,-1,0.25,1.0
0.343194,0.0591448,rhe,7,-1,0.25,1.0
0.246023,0.0511396,rhe,8,-1,0.25,1.0
0.287653,0.0472236,rhe,9,-1,0.25,1.0
0.214357,0.0462201,rhe,10,-1,0.25,1.0
0.315372,0.0664133,rhe,11,-1,0.25,1.0
0.191534,0.0439758,rhe,12,-1,0.25,1.0
0.187382,0.0496839,rhe,13,-1,0.25,1.0
0.256821,0.0510754,rhe,14,-1,0.25,1.0
0.252525,0.0630359,rhe,15,-1,0.25,1.0
0.265468,0.0553383,rhe,16,-1,0.25,1.0
0.252806,0.0538386,rhe,17,-1,0.25,1.0
0.30333,0.0611404,rhe,18,-1,0.25,1.0
0.285908,0.0485541,rhe,19,-1,0.25,1.0
0.318816,0.0475569,rhe,20,-1,0.25,1.0
0.209299,0.0489774,rhe,21,-1,0.25,1.0
0.266595,0.0545304,rhe,22,-1,0.25,1.0
0.34431,0.0567463,rhe,23,-1,0.25,1.0
0.266683,0.0526859,rhe,24,-1,0.25,1.0
0.338049,0.0500794,rhe,25,-1,0.25,1.0
0.292331,0.0531529,rhe,26,-1,0.25,1.0
0.317856,0.052661,rhe,27,-1,0.25,1.0
0.29331,0.0476384,rhe,28,-1,0.25,1.0
0.212594,0.0543295,rhe,29,-1,0.25,1.0
0.166306,0.0494904,rhe,30,-1,0.25,1.0
0.308825,0.0522232,rhe,31,-1,0.25,1.0
0.22925,0.0526651,rhe,32,-1,0.25,1.0
0.260164,0.0551304,rhe,33,-1,0.25,1.0
0.289906,0.0506695,rhe,34,-1,0.25,1.0
0.245233,0.0449719,rhe,35,-1,0.25,1.0
0.173518,0.0544062,rhe,36,-1,0.25,1.0
0.264945,0.0544135,rhe,37,-1,0.25,1.0
0.202138,0.0559368,rhe,38,-1,0.25,1.0
0.213058,0.0420979,rhe,39,-1,0.25,1.0
0.195921,0.0554957,rhe,40,-1,0.25,1.0
0.323679,0.0541467,rhe,41,-1,0.25,1.0
0.209844,0.0482906,rhe,42,-1,0.25,1.0
0.221855,0.0499027,rhe,43,-1,0.25,1.0
0.308947,0.0546156,rhe,44,-1,0.25,1.0
0.308015,0.0516279,rhe,45,-1,0.25,1.0
0.281449,0.0524747,rhe,46,-1,0.25,1.0
0.345185,0.0491598,rhe,47,-1,0.25,1.0
0.313862,0.0598128,rhe,48,-1,0.25,1.0
0.23763,0.0512834,rhe,49,-1,0.25,1.0
0.281368,0.0507183,rhe,50,-1,0.25,1.0
0.206868,0.0508901,rhe,51,-1,0.25,1.0
0.269749,0.0436975,rhe,52,-1,0.25,1.0
0.242311,0.051065,rhe,53,-1,0.25,1.0
0.280983,0.0590054,rhe,54,-1,0.25,1.0
0.276193,0.0510036,rhe,55,-1,0.25,1.0
0.263497,0.0509408,rhe,56,-1,0.25,1.0
0.231354,0.0499655,rhe,57,-1,0.25,1.0
0.159602,0.0503596,rhe,58,-1,0.25,1.0
0.224216,0.0453109,rhe,59,-1,0.25,1.0
0.273141,0.0516059,rhe,60,-1,0.25,1.0
0.273192,0.0443625,rhe,61,-1,0.25,1.0
0.22599,0.0513552,rhe,62,-1,0.25,1.0
0.269049,0.0494218,rhe,63,-1,0.25,1.0
0.227247,0.0413875,rhe,64,-1,0.25,1.0
0.242855,0.0444811,rhe,65,-1,0.25,1.0
0.199294,0.0484781,rhe,66,-1,0.25,1.0
0.241721,0.0529364,rhe,67,-1,0.25,1.0
0.208158,0.0415161,rhe,68,-1,0.25,1.0
0.33634,0.0532026,rhe,69,-1,0.25,1.0
0.277412,0.0425146,rhe,70,-1,0.25,1.0
0.253388,0.0529197,rhe,71,-1,0.25,1.0
0.234251,0.0503773,rhe,72,-1,0.25,1.0
0.239724,0.0513763,rhe,73,-1,0.25,1.0
0.192694,0.0565019,rhe,74,-1,0.25,1.0
0.168592,0.0462144,rhe,75,-1,0.25,1.0
0.162784,0.0466243,rhe,76,-1,0.25,1.0
0.228982,0.0501223,rhe,77,-1,0.25,1.0
0.159653,0.048048,rhe,78,-1,0.25,1.0
0.179705,0.0473541,rhe,79,-1,0.25,1.0
0.199023,0.049104,rhe,80,-1,0.25,1.0
0.302915,0.05677,rhe,81,-1,0.25,1.0
0.109672,0.049397,rhe,82,-1,0.25,1.0
0.230227,0.0613953,rhe,83,-1,0.25,1.0
0.206133,0.0544554,rhe,84,-1,0.25,1.0
0.341076,0.051252,rhe,85,-1,0.25,1.0
0.279444,0.0515946,rhe,86,-1,0.25,1.0
0.187566,0.0551442,rhe,87,-1,0.25,1.0
0.256756,0.0512164,rhe,88,-1,0.25,1.0
0.325062,0.0509901,rhe,89,-1,0.25,1.0
0.240276,0.0485106,rhe,90,-1,0.25,1.0
0.357824,0.0558062,rhe,91,-1,0.25,1.0
0.298348,0.0561131,rhe,92,-1,0.25,1.0
0.18505,0.0497862,rhe,93,-1,0.25,1.0
0.245994,0.0559359,rhe,94,-1,0.25,1.0
0.19082,0.0541357,rhe,95,-1,0.25,1.0
0.285992,0.0554814,rhe,96,-1,0.25,1.0
0.216367,0.0543103,rhe,97,-1,0.25,1.0
0.296093,0.0536994,rhe,98,-1,0.25,1.0
0.314363,0.0482284,rhe,99,-1,0.25,1.0
0.248513,0.0540075,rhe,0,-1,0.25,0.1
0.176595,0.049953,rhe,1,-1,0.25,0.1
0.240056,0.0459539,rhe,2,-1,0.25,0.1
0.297026,0.0562671,rhe,3,-1,0.25,0.1
0.164798,0.0495936,rhe,4,-1,0.25,0.1
0.221372,0.0507919,rhe,5,-1,0.25,0.1
0.250342,0.0448887,rhe,6,-1,0.25,0.1
0.260765,0.0469631,rhe,7,-1,0.25,0.1
0.141491,0.0481598,rhe,8,-1,0.25,0.1
0.242103,0.0512249,rhe,9,-1,0.25,0.1
0.221733,0.045301,rhe,10,-1,0.25,0.1
0.273726,0.0495737,rhe,11,-1,0.25,0.1
0.207293,0.0525474,rhe,12,-1,0.25,0.1
0.203789,0.0462602,rhe,13,-1,0.25,0.1
0.245896,0.0583831,rhe,14,-1,0.25,0.1
0.159601,0.0494848,rhe,15,-1,0.25,0.1
0.238932,0.0484405,rhe,16,-1,0.25,0.1
0.145941,0.0510149,rhe,17,-1,0.25,0.1
0.286503,0.0505182,rhe,18,-1,0.25,0.1
0.188239,0.0452606,rhe,19,-1,0.25,0.1
0.217095,0.0480801,rhe,20,-1,0.25,0.1
0.297235,0.0570879,rhe,21,-1,0.25,0.1
0.253166,0.0543229,rhe,22,-1,0.25,0.1
0.246056,0.0501003,rhe,23,-1,0.25,0.1
0.27028,0.0489152,rhe,24,-1,0.25,0.1
0.269645,0.0510576,rhe,25,-1,0.25,0.1
0.258668,0.0558129,rhe,26,-1,0.25,0.1
0.199235,0.0489692,rhe,27,-1,0.25,0.1
0.268003,0.0526156,rhe,28,-1,0.25,0.1
0.273797,0.0566543,rhe,29,-1,0.25,0.1
0.275442,0.051228,rhe,30,-1,0.25,0.1
0.297782,0.045466,rhe,31,-1,0.25,0.1
0.256679,0.0464733,rhe,32,-1,0.25,0.1
0.169882,0.0491107,rhe,33,-1,0.25,0.1
0.206511,0.0488666,rhe,34,-1,0.25,0.1
0.269758,0.0467526,rhe,35,-1,0.25,0.1
0.261591,0.0447684,rhe,36,-1,0.25,0.1
0.261244,0.050523,rhe,37,-1,0.25,0.1
0.216727,0.0485558,rhe,38,-1,0.25,0.1
0.150679,0.0493131,rhe,39,-1,0.25,0.1
0.219141,0.0495041,rhe,40,-1,0.25,0.1
0.274653,0.053568,rhe,41,-1,0.25,0.1
0.212308,0.0549687,rhe,42,-1,0.25,0.1
0.250064,0.0457335,rhe,43,-1,0.25,0.1
0.236507,0.0534251,rhe,44,-1,0.25,0.1
0.294941,0.0499988,rhe,45,-1,0.25,0.1
0.264341,0.0452439,rhe,46,-1,0.25,0.1
0.224045,0.0564729,rhe,47,-1,0.25,0.1
0.264491,0.0518235,rhe,48,-1,0.25,0.1
0.176218,0.044773,rhe,49,-1,0.25,0.1
0.327732,0.0466823,rhe,50,-1,0.25,0.1
0.258456,0.0501873,rhe,51,-1,0.25,0.1
0.225547,0.0473517,rhe,52,-1,0.25,0.1
0.320021,0.0566804,rhe,53,-1,0.25,0.1
0.263246,0.0504349,rhe,54,-1,0.25,0.1
0.24523,0.0520037,rhe,55,-1,0.25,0.1
0.197953,0.0492068,rhe,56,-1,0.25,0.1
0.215701,0.0622055,rhe,57,-1,0.25,0.1
0.311096,0.0538715,rhe,58,-1,0.25,0.1
0.259617,0.0459705,rhe,59,-1,0.25,0.1
0.247823,0.052674,rhe,60,-1,0.25,0.1
0.305199,0.0523077,rhe,61,-1,0.25,0.1
0.255032,0.0468524,rhe,62,-1,0.25,0.1
0.176172,0.0515842,rhe,63,-1,0.25,0.1
0.245869,0.0462489,rhe,64,-1,0.25,0.1
0.315523,0.0551973,rhe,65,-1,0.25,0.1
0.276864,0.0455975,rhe,66,-1,0.25,0.1
0.297282,0.0482391,rhe,67,-1,0.25,0.1
0.251718,0.0462964,rhe,68,-1,0.25,0.1
0.213892,0.0457956,rhe,69,-1,0.25,0.1
0.232233,0.0483241,rhe,70,-1,0.25,0.1
0.282147,0.0570926,rhe,71,-1,0.25,0.1
0.27666,0.0492802,rhe,72,-1,0.25,0.1
0.170995,0.0531143,rhe,73,-1,0.25,0.1
0.289658,0.0473071,rhe,74,-1,0.25,0.1
0.178976,0.0519748,rhe,75,-1,0.25,0.1
0.267487,0.0469499,rhe,76,-1,0.25,0.1
0.386923,0.0468371,rhe,77,-1,0.25,0.1
0.306814,0.0605225,rhe,78,-1,0.25,0.1
0.259008,0.0451739,rhe,79,-1,0.25,0.1
0.295371,0.0527172,rhe,80,-1,0.25,0.1
0.203835,0.056117,rhe,81,-1,0.25,0.1
0.184433,0.0485433,rhe,82,-1,0.25,0.1
0.302882,0.0464135,rhe,83,-1,0.25,0.1
0.250038,0.0527642,rhe,84,-1,0.25,0.1
0.28152,0.049363,rhe,85,-1,0.25,0.1
0.182104,0.0554357,rhe,86,-1,0.25,0.1
0.210243,0.0533646,rhe,87,-1,0.25,0.1
0.320743,0.0569018,rhe,88,-1,0.25,0.1
0.194037,0.0533478,rhe,89,-1,0.25,0.1
0.220707,0.0480195,rhe,90,-1,0.25,0.1
0.202026,0.055797,rhe,91,-1,0.25,0.1
0.260994,0.0499345,rhe,92,-1,0.25,0.1
0.179376,0.0503287,rhe,93,-1,0.25,0.1
0.247883,0.0450866,rhe,94,-1,0.25,0.1
0.334846,0.0526296,rhe,95,-1,0.25,0.1
0.259858,0.0528256,rhe,96,-1,0.25,0.1
0.287614,0.0488031,rhe,97,-1,0.25,0.1
0.269023,0.0511158,rhe,98,-1,0.25,0.1
0.193729,0.0507666,rhe,99,-1,0.25,0.1
0.289478,0.0474089,rhe,0,-1,0.25,0.01
0.277899,0.0515132,rhe,1,-1,0.25,0.01
0.261161,0.0433297,rhe,2,-1,0.25,0.01
0.328623,0.0498239,rhe,3,-1,0.25,0.01
0.342039,0.0555941,rhe,4,-1,0.25,0.01
0.266746,0.0466982,rhe,5,-1,0.25,0.01
0.20628,0.0458977,rhe,6,-1,0.25,0.01
0.340607,0.0519455,rhe,7,-1,0.25,0.01
0.285141,0.0482738,rhe,8,-1,0.25,0.01
0.268445,0.0559479,rhe,9,-1,0.25,0.01
0.305207,0.0585493,rhe,10,-1,0.25,0.01
0.204129,0.0540285,rhe,11,-1,0.25,0.01
0.249553,0.0483696,rhe,12,-1,0.25,0.01
0.355062,0.0559729,rhe,13,-1,0.25,0.01
0.180844,0.0486109,rhe,14,-1,0.25,0.01
0.265035,0.050105,rhe,15,-1,0.25,0.01
0.244559,0.0420057,rhe,16,-1,0.25,0.01
0.268099,0.0575571,rhe,17,-1,0.25,0.01
0.228893,0.0520266,rhe,18,-1,0.25,0.01
0.240537,0.0527765,rhe,19,-1,0.25,0.01
0.243593,0.0446258,rhe,20,-1,0.25,0.01
0.301834,0.0480702,rhe,21,-1,0.25,0.01
0.180519,0.0515558,rhe,22,-1,0.25,0.01
0.286603,0.0553332,rhe,23,-1,0.25,0.01
0.219996,0.0469632,rhe,24,-1,0.25,0.01
0.286753,0.04321,rhe,25,-1,0.25,0.01
0.204181,0.0491902,rhe,26,-1,0.25,0.01
0.20069,0.0508224,rhe,27,-1,0.25,0.01
0.264822,0.0548516,rhe,28,-1,0.25,0.01
0.175037,0.0478966,rhe,29,-1,0.25,0.01
0.178658,0.0492619,rhe,30,-1,0.25,0.01
0.287903,0.0552852,rhe,31,-1,0.25,0.01
0.179188,0.0547969,rhe,32,-1,0.25,0.01
0.220839,0.0501826,rhe,33,-1,0.25,0.01
0.234944,0.0479417,rhe,34,-1,0.25,0.01
0.330188,0.0486423,rhe,35,-1,0.25,0.01
0.191613,0.0558501,rhe,36,-1,0.25,0.01
0.260824,0.0611205,rhe,37,-1,0.25,0.01
0.270619,0.049091,rhe,38,-1,0.25,0.01
0.33516,0.0565669,rhe,39,-1,0.25,0.01
0.305469,0.0487863,rhe,40,-1,0.25,0.01
0.241711,0.0528069,rhe,41,-1,0.25,0.01
0.257856,0.0512701,rhe,42,-1,0.25,0.01
0.275581,0.0531566,rhe,43,-1,0.25,0.01
0.27339,0.0491878,rhe,44,-1,0.25,0.01
0.320232,0.0552466,rhe,45,-1,0.25,0.01
0.161217,0.0564646,rhe,46,-1,0.25,0.01
0.273796,0.0504619,rhe,47,-1,0.25,0.01
0.242256,0.0478343,rhe,48,-1,0.25,0.01
0.280552,0.05711,rhe,49,-1,0.25,0.01
0.272173,0.0509151,rhe,50,-1,0.25,0.01
0.218631,0.0525297,rhe,51,-1,0.25,0.01
0.213546,0.0508811,rhe,52,-1,0.25,0.01
0.300315,0.0547112,rhe,53,-1,0.25,0.01
0.261148,0.0499226,rhe,54,-1,0.25,0.01
0.224434,0.0524598,rhe,55,-1,0.25,0.01
0.300811,0.0482634,rhe,56,-1,0.25,0.01
0.170033,0.0556339,rhe,57,-1,0.25,0.01
0.237141,0.0567466,rhe,58,-1,0.25,0.01
0.191647,0.0540653,rhe,59,-1,0.25,0.01
0.323246,0.0580236,rhe,60,-1,0.25,0.01
0.217118,0.0444097,rhe,61,-1,0.25,0.01
0.23146,0.0475588,rhe,62,-1,0.25,0.01
0.264714,0.0573227,rhe,63,-1,0.25,0.01
0.210653,0.0487462,rhe,64,-1,0.25,0.01
0.353676,0.0497893,rhe,65,-1,0.25,0.01
0.29253,0.0549475,rhe,66,-1,0.25,0.01
0.0965431,0.054637,rhe,67,-1,0.25,0.01
0.287168,0.0525232,rhe,68,-1,0.25,0.01
0.328927,0.053729,rhe,69,-1,0.25,0.01
0.27765,0.0558916,rhe,70,-1,0.25,0.01
0.206512,0.0529559,rhe,71,-1,0.25,0.01
0.343985,0.0475397,rhe,72,-1,0.25,0.01
0.234849,0.0446277,rhe,73,-1,0.25,0.01
0.30946,0.0518854,rhe,74,-1,0.25,0.01
0.230294,0.05719,rhe,75,-1,0.25,0.01
0.226274,0.0483078,rhe,76,-1,0.25,0.01
0.203527,0.0501615,rhe,77,-1,0.25,0.01
0.270806,0.0501947,rhe,78,-1,0.25,0.01
0.282684,0.0578763,rhe,79,-1,0.25,0.01
0.129692,0.0454812,rhe,80,-1,0.25,0.01
0.291061,0.0577116,rhe,81,-1,0.25,0.01
0.210499,0.0481406,rhe,82,-1,0.25,0.01
0.268745,0.0625177,rhe,83,-1,0.25,0.01
0.156995,0.0524189,rhe,84,-1,0.25,0.01
0.28468,0.0477837,rhe,85,-1,0.25,0.01
0.247026,0.0568575,rhe,86,-1,0.25,0.01
0.210549,0.0456287,rhe,87,-1,0.25,0.01
0.1528,0.0494315,rhe,88,-1,0.25,0.01
0.24433,0.0502325,rhe,89,-1,0.25,0.01
0.312867,0.050731,rhe,90,-1,0.25,0.01
0.211208,0.060096,rhe,91,-1,0.25,0.01
0.266736,0.0574589,rhe,92,-1,0.25,0.01
0.23677,0.0500334,rhe,93,-1,0.25,0.01
0.249222,0.045333,rhe,94,-1,0.25,0.01
0.199522,0.0463204,rhe,95,-1,0.25,0.01
0.162607,0.0492494,rhe,96,-1,0.25,0.01
0.238451,0.0477268,rhe,97,-1,0.25,0.01
0.250209,0.0525058,rhe,98,-1,0.25,0.01
0.268537,0.0479175,rhe,99,-1,0.25,0.01
0.402521,0.0495757,rhe,0,-1,0.4,1.0
0.405784,0.050052,rhe,1,-1,0.4,1.0
0.392814,0.0473179,rhe,2,-1,0.4,1.0
0.347206,0.0532713,rhe,3,-1,0.4,1.0
0.234448,0.0494862,rhe,4,-1,0.4,1.0
0.455472,0.0589835,rhe,5,-1,0.4,1.0
0.342496,0.0452741,rhe,6,-1,0.4,1.0
0.370682,0.0537848,rhe,7,-1,0.4,1.0
0.434471,0.0560335,rhe,8,-1,0.4,1.0
0.444383,0.0522227,rhe,9,-1,0.4,1.0
0.412222,0.0604517,rhe,10,-1,0.4,1.0
0.248691,0.0489825,rhe,11,-1,0.4,1.0
0.426182,0.0539535,rhe,12,-1,0.4,1.0
0.366742,0.0549138,rhe,13,-1,0.4,1.0
0.385836,0.0455547,rhe,14,-1,0.4,1.0
0.362315,0.0472554,rhe,15,-1,0.4,1.0
0.486209,0.0514412,rhe,16,-1,0.4,1.0
0.346575,0.0545755,rhe,17,-1,0.4,1.0
0.515883,0.057149,rhe,18,-1,0.4,1.0
0.471962,0.0496968,rhe,19,-1,0.4,1.0
0.528149,0.0527582,rhe,20,-1,0.4,1.0
0.383426,0.0543948,rhe,21,-1,0.4,1.0
0.473702,0.058076,rhe,22,-1,0.4,1.0
0.368407,0.0566411,rhe,23,-1,0.4,1.0
0.360486,0.0549119,rhe,24,-1,0.4,1.0
0.410183,0.0468288,rhe,25,-1,0.4,1.0
0.371491,0.0610678,rhe,26,-1,0.4,1.0
0.320749,0.0533316,rhe,27,-1,0.4,1.0
0.379083,0.053086,rhe,28,-1,0.4,1.0
0.484553,0.056572,rhe,29,-1,0.4,1.0
0.332393,0.0486517,rhe,30,-1,0.4,1.0
0.372284,0.0599692,rhe,31,-1,0.4,1.0
0.427321,0.0598354,rhe,32,-1,0.4,1.0
0.423534,0.0631418,rhe,33,-1,0.4,1.0
0.352285,0.0543346,rhe,34,-1,0.4,1.0
0.395385,0.0491318,rhe,35,-1,0.4,1.0
0.387974,0.0534583,rhe,36,-1,0.4,1.0
0.420165,0.0506108,rhe,37,-1,0.4,1.0
0.407661,0.0569438,rhe,38,-1,0.4,1.0
0.365511,0.0503204,rhe,39,-1,0.4,1.0
0.410246,0.0448579,rhe,40,-1,0.4,1.0
0.343297,0.0572198,rhe,41,-1,0.4,1.0
0.402776,0.0541205,rhe,42,-1,0.4,1.0
0.310024,0.0527419,rhe,43,-1,0.4,1.0
0.475001,0.0608785,rhe,44,-1,0.4,1.0
0.414669,0.0503774,rhe,45,-1,0.4,1.0
0.426211,0.0563223,rhe,46,-1,0.4,1.0
0.504569,0.0563391,rhe,47,-1,0.4,1.0
0.383895,0.060253,rhe,48,-1,0.4,1.0
0.349524,0.0565394,rhe,49,-1,0.4,1.0
0.379297,0.0502699,rhe,50,-1,0.4,1.0
0.529279,0.0534628,rhe,51,-1,0.4,1.0
0.471433,0.0482417,rhe,52,-1,0.4,1.0
0.398062,0.0616939,rhe,53,-1,0.4,1.0
0.556819,0.0530921,rhe,54,-1,0.4,1.0
0.376981,0.0518769,rhe,55,-1,0.4,1.0
0.401491,0.0519793,rhe,56,-1,0.4,1.0
0.523942,0.0680624,rhe,57,-1,0.4,1.0
0.48055,0.0510247,rhe,58,-1,0.4,1.0
0.300568,0.0521101,rhe,59,-1,0.4,1.0
0.375219,0.0782088,rhe,60,-1,0.4,1.0
0.36487,0.0601101,rhe,61,-1,0.4,1.0
0.40692,0.0499576,rhe,62,-1,0.4,1.0
0.418119,0.0508099,rhe,63,-1,0.4,1.0
0.438584,0.0560064,rhe,64,-1,0.4,1.0
0.505145,0.0540364,rhe,65,-1,0.4,1.0
0.351984,0.0467317,rhe,66,-1,0.4,1.0
0.46784,0.0555025,rhe,67,-1,0.4,1.0
0.44582,0.0509679,rhe,68,-1,0.4,1.0
0.409442,0.0559787,rhe,69,-1,0.4,1.0
0.495797,0.0556235,rhe,70,-1,0.4,1.0
0.432643,0.0490623,rhe,71,-1,0.4,1.0
0.409677,0.056901,rhe,72,-1,0.4,1.0
0.260235,0.0505054,rhe,73,-1,0.4,1.0
0.427026,0.0583608,rhe,74,-1,0.4,1.0
0.431521,0.0509822,rhe,75,-1,0.4,1.0
0.508115,0.0624516,rhe,76,-1,0.4,1.0
0.436051,0.0540557,rhe,77,-1,0.4,1.0
0.405563,0.0518495,rhe,78,-1,0.4,1.0
0.419407,0.0520693,rhe,79,-1,0.4,1.0
0.429645,0.0450814,rhe,80,-1,0.4,1.0
0.437585,0.0572694,rhe,81,-1,0.4,1.0
0.3883,0.0512161,rhe,82,-1,0.4,1.0
0.402602,0.0541703,rhe,83,-1,0.4,1.0
0.424144,0.0512033,rhe,84,-1,0.4,1.0
0.425911,0.0561223,rhe,85,-1,0.4,1.0
0.376591,0.0514914,rhe,86,-1,0.4,1.0
0.377439,0.0466474,rhe,87,-1,0.4,1.0
0.394836,0.0572765,rhe,88,-1,0.4,1.0
0.409938,0.0519701,rhe,89,-1,0.4,1.0
0.325095,0.0439731,rhe,90,-1,0.4,1.0
0.327574,0.0534418,rhe,91,-1,0.4,1.0
0.318647,0.0517686,rhe,92,-1,0.4,1.0
0.417026,0.058428,rhe,93,-1,0.4,1.0
0.321379,0.0520934,rhe,94,-1,0.4,1.0
0.328085,0.0532935,rhe,95,-1,0.4,1.0
0.358878,0.0542317,rhe,96,-1,0.4,1.0
0.371914,0.0620533,rhe,97,-1,0.4,1.0
0.388549,0.0517108,rhe,98,-1,0.4,1.0
0.471722,0.0549121,rhe,99,-1,0.4,1.0
0.470953,0.0554722,rhe,0,-1,0.4,0.1
0.377408,0.0526902,rhe,1,-1,0.4,0.1
0.419938,0.0528765,rhe,2,-1,0.4,0.1
0.400212,0.0585784,rhe,3,-1,0.4,0.1
0.480394,0.0981457,rhe,4,-1,0.4,0.1
0.39216,0.0556287,rhe,5,-1,0.4,0.1
0.3911,0.0567778,rhe,6,-1,0.4,0.1
0.404014,0.0560799,rhe,7,-1,0.4,0.1
0.388011,0.0501157,rhe,8,-1,0.4,0.1
0.462157,0.0515773,rhe,9,-1,0.4,0.1
0.383762,0.0556589,rhe,10,-1,0.4,0.1
0.4649,0.0612787,rhe,11,-1,0.4,0.1
0.41968,0.0483405,rhe,12,-1,0.4,0.1
0.36579,0.0497659,rhe,13,-1,0.4,0.1
0.423906,0.0581193,rhe,14,-1,0.4,0.1
0.349723,0.0530176,rhe,15,-1,0.4,0.1
0.405997,0.0528333,rhe,16,-1,0.4,0.1
0.350936,0.0536488,rhe,17,-1,0.4,0.1
0.420025,0.0520021,rhe,18,-1,0.4,0.1
0.334693,0.045679,rhe,19,-1,0.4,0.1
0.374351,0.0567983,rhe,20,-1,0.4,0.1
0.425564,0.0533392,rhe,21,-1,0.4,0.1
0.453588,0.0542563,rhe,22,-1,0.4,0.1
0.346247,0.056539,rhe,23,-1,0.4,0.1
0.388133,0.0555242,rhe,24,-1,0.4,0.1
0.41119,0.047656,rhe,25,-1,0.4,0.1
0.348712,0.0504436,rhe,26,-1,0.4,0.1
0.334445,0.0517774,rhe,27,-1,0.4,0.1
0.35606,0.0487737,rhe,28,-1,0.4,0.1
0.302832,0.0505087,rhe,29,-1,0.4,0.1
0.392821,0.0502038,rhe,30,-1,0.4,0.1
0.48373,0.0484047,rhe,31,-1,0.4,0.1
0.390731,0.0517238,rhe,32,-1,0.4,0.1
0.523917,0.0517595,rhe,33,-1,0.4,0.1
0.419638,0.0658635,rhe,34,-1,0.4,0.1
0.469524,0.0492284,rhe,35,-1,0.4,0.1
0.468987,0.055292,rhe,36,-1,0.4,0.1
0.498477,0.048608,rhe,37,-1,0.4,0.1
0.417506,0.0531501,rhe,38,-1,0.4,0.1
0.278848,0.0550921,rhe,39,-1,0.4,0.1
0.412924,0.0546776,rhe,40,-1,0.4,0.1
0.451606,0.0539311,rhe,41,-1,0.4,0.1
0.27568,0.0490091,rhe,42,-1,0.4,0.1
0.301514,0.0602749,rhe,43,-1,0.4,0.1
0.312375,0.0532976,rhe,44,-1,0.4,0.1
0.491596,0.0499059,rhe,45,-1,0.4,0.1
0.298477,0.0491653,rhe,46,-1,0.4,0.1
0.388928,0.0509712,rhe,47,-1,0.4,0.1
0.422725,0.0604906,rhe,48,-1,0.4,0.1
0.41844,0.05584,rhe,49,-1,0.4,0.1
0.449008,0.0532085,rhe,50,-1,0.4,0.1
0.385038,0.053886,rhe,51,-1,0.4,0.1
0.368729,0.0487243,rhe,52,-1,0.4,0.1
0.355332,0.0518674,rhe,53,-1,0.4,0.1
0.394066,0.0557751,rhe,54,-1,0.4,0.1
0.408813,0.0494795,rhe,55,-1,0.4,0.1
0.387887,0.0497462,rhe,56,-1,0.4,0.1
0.431334,0.0480408,rhe,57,-1,0.4,0.1
0.437828,0.052532,rhe,58,-1,0.4,0.1
0.329802,0.0460118,rhe,59,-1,0.4,0.1
0.401799,0.0480493,rhe,60,-1,0.4,0.1
0.375427,0.0507238,rhe,61,-1,0.4,0.1
0.363557,0.0518247,rhe,62,-1,0.4,0.1
0.443449,0.0532099,rhe,63,-1,0.4,0.1
0.387675,0.0514334,rhe,64,-1,0.4,0.1
0.418798,0.04925,rhe,65,-1,0.4,0.1
0.50494,0.0524252,rhe,66,-1,0.4,0.1
0.388976,0.0500234,rhe,67,-1,0.4,0.1
0.328389,0.0651798,rhe,68,-1,0.4,0.1
0.318255,0.055826,rhe,69,-1,0.4,0.1
0.419671,0.0600215,rhe,70,-1,0.4,0.1
0.465477,0.0540174,rhe,71,-1,0.4,0.1
0.309171,0.0526876,rhe,72,-1,0.4,0.1
0.371215,0.0563929,rhe,73,-1,0.4,0.1
0.339908,0.0446143,rhe,74,-1,0.4,0.1
0.41737,0.0578434,rhe,75,-1,0.4,0.1
0.315046,0.0521131,rhe,76,-1,0.4,0.1
0.473654,0.0540717,rhe,77,-1,0.4,0.1
0.478293,0.0512553,rhe,78,-1,0.4,0.1
0.451503,0.05162,rhe,79,-1,0.4,0.1
0.434043,0.054869,rhe,80,-1,0.4,0.1
0.41626,0.0584422,rhe,81,-1,0.4,0.1
0.394854,0.0480561,rhe,82,-1,0.4,0.1
0.48014,0.059647,rhe,83,-1,0.4,0.1
0.381283,0.0548677,rhe,84,-1,0.4,0.1
0.462101,0.0514479,rhe,85,-1,0.4,0.1
0.445398,0.0554568,rhe,86,-1,0.4,0.1
0.508022,0.0583936,rhe,87,-1,0.4,0.1
0.491949,0.0533071,rhe,88,-1,0.4,0.1
0.380138,0.0573194,rhe,89,-1,0.4,0.1
0.38427,0.056455,rhe,90,-1,0.4,0.1
0.314251,0.0485871,rhe,91,-1,0.4,0.1
0.417057,0.0505173,rhe,92,-1,0.4,0.1
0.268173,0.0509778,rhe,93,-1,0.4,0.1
0.480936,0.0513974,rhe,94,-1,0.4,0.1
0.383731,0.0502969,rhe,95,-1,0.4,0.1
0.499515,0.0429895,rhe,96,-1,0.4,0.1
0.387153,0.0495119,rhe,97,-1,0.4,0.1
0.412453,0.0518777,rhe,98,-1,0.4,0.1
0.423257,0.0554464,rhe,99,-1,0.4,0.1
0.45246,0.0527975,rhe,0,-1,0.4,0.01
0.341941,0.0525264,rhe,1,-1,0.4,0.01
0.409404,0.0561074,rhe,2,-1,0.4,0.01
0.503482,0.0562998,rhe,3,-1,0.4,0.01
0.5251,0.0596651,rhe,4,-1,0.4,0.01
0.311791,0.0433631,rhe,5,-1,0.4,0.01
0.402938,0.055364,rhe,6,-1,0.4,0.01
0.265746,0.053954,rhe,7,-1,0.4,0.01
0.376792,0.0535916,rhe,8,-1,0.4,0.01
0.435441,0.0648482,rhe,9,-1,0.4,0.01
0.483363,0.0554137,rhe,10,-1,0.4,0.01
0.410942,0.0533014,rhe,11,-1,0.4,0.01
0.333171,0.0493875,rhe,12,-1,0.4,0.01
0.372787,0.0509716,rhe,13,-1,0.4,0.01
0.432893,0.0503228,rhe,14,-1,0.4,0.01
0.390884,0.0499639,rhe,15,-1,0.4,0.01
0.377563,0.0565218,rhe,16,-1,0.4,0.01
0.425965,0.0535918,rhe,17,-1,0.4,0.01
0.380819,0.0541829,rhe,18,-1,0.4,0.01
0.328904,0.0495879,rhe,19,-1,0.4,0.01
0.461597,0.0553733,rhe,20,-1,0.4,0.01
0.264478,0.0510567,rhe,21,-1,0.4,0.01
0.423758,0.052211,rhe,22,-1,0.4,0.01
0.409599,0.0545249,rhe,23,-1,0.4,0.01
0.410372,0.0514948,rhe,24,-1,0.4,0.01
0.545536,0.0573225,rhe,25,-1,0.4,0.01
0.527508,0.0744333,rhe,26,-1,0.4,0.01
0.396802,0.0542255,rhe,27,-1,0.4,0.01
0.441197,0.0529341,rhe,28,-1,0.4,0.01
0.465233,0.0520015,rhe,29,-1,0.4,0.01
0.367961,0.043653,rhe,30,-1,0.4,0.01
0.497739,0.0648949,rhe,31,-1,0.4,0.01
0.409458,0.0536013,rhe,32,-1,0.4,0.01
0.40954,0.0486738,rhe,33,-1,0.4,0.01
0.392671,0.0539653,rhe,34,-1,0.4,0.01
0.395109,0.055192,rhe,35,-1,0.4,0.01
0.430319,0.0495321,rhe,36,-1,0.4,0.01
0.409778,0.0605425,rhe,37,-1,0.4,0.01
0.386148,0.0487149,rhe,38,-1,0.4,0.01
0.411173,0.0538814,rhe,39,-1,0.4,0.01
0.416129,0.0625951,rhe,40,-1,0.4,0.01
0.367343,0.0555814,rhe,41,-1,0.4,0.01
0.402971,0.0563072,rhe,42,-1,0.4,0.01
0.388912,0.0616507,rhe,43,-1,0.4,0.01
0.328439,0.0506793,rhe,44,-1,0.4,0.01
0.404658,0.0600046,rhe,45,-1,0.4,0.01
0.418784,0.0504913,rhe,46,-1,0.4,0.01
0.438194,0.0556434,rhe,47,-1,0.4,0.01
0.418989,0.0549842,rhe,48,-1,0.4,0.01
0.332503,0.0658335,rhe,49,-1,0.4,0.01
0.382619,0.0539625,rhe,50,-1,0.4,0.01
0.4494,0.05093,rhe,51,-1,0.4,0.01
0.44983,0.0491856,rhe,52,-1,0.4,0.01
0.447188,0.0564304,rhe,53,-1,0.4,0.01
0.464685,0.0532181,rhe,54,-1,0.4,0.01
0.439152,0.0557081,rhe,55,-1,0.4,0.01
0.396651,0.0556179,rhe,56,-1,0.4,0.01
0.426133,0.054103,rhe,57,-1,0.4,0.01
0.378655,0.0464432,rhe,58,-1,0.4,0.01
0.418716,0.0504339,rhe,59,-1,0.4,0.01
0.404803,0.0566412,rhe,60,-1,0.4,0.01
0.30816,0.0491956,rhe,61,-1,0.4,0.01
0.477136,0.0608919,rhe,62,-1,0.4,0.01
0.390248,0.0495341,rhe,63,-1,0.4,0.01
0.377757,0.0531674,rhe,64,-1,0.4,0.01
0.392366,0.0555149,rhe,65,-1,0.4,0.01
0.340019,0.0522064,rhe,66,-1,0.4,0.01
0.532229,0.0571399,rhe,67,-1,0.4,0.01
0.478741,0.0563598,rhe,68,-1,0.4,0.01
0.397801,0.0542826,rhe,69,-1,0.4,0.01
0.432547,0.0528381,rhe,70,-1,0.4,0.01
0.463051,0.0595762,rhe,71,-1,0.4,0.01
0.46099,0.0566185,rhe,72,-1,0.4,0.01
0.365285,0.062755,rhe,73,-1,0.4,0.01
0.365234,0.0495639,rhe,74,-1,0.4,0.01
0.367847,0.0532082,rhe,75,-1,0.4,0.01
0.360444,0.0620659,rhe,76,-1,0.4,0.01
0.380744,0.0464306,rhe,77,-1,0.4,0.01
0.490027,0.0582821,rhe,78,-1,0.4,0.01
0.477527,0.0578663,rhe,79,-1,0.4,0.01
0.372048,0.0677066,rhe,80,-1,0.4,0.01
0.419268,0.0497536,rhe,81,-1,0.4,0.01
0.359314,0.0524175,rhe,82,-1,0.4,0.01
0.381315,0.0567089,rhe,83,-1,0.4,0.01
0.354502,0.0578054,rhe,84,-1,0.4,0.01
0.430855,0.0513402,rhe,85,-1,0.4,0.01
0.399932,0.0530399,rhe,86,-1,0.4,0.01
0.311864,0.0486989,rhe,87,-1,0.4,0.01
0.373065,0.0486898,rhe,88,-1,0.4,0.01
0.406284,0.052045,rhe,89,-1,0.4,0.01
0.478253,0.0550594,rhe,90,-1,0.4,0.01
0.472918,0.061331,rhe,91,-1,0.4,0.01
0.395159,0.0546226,rhe,92,-1,0.4,0.01
0.395249,0.0554328,rhe,93,-1,0.4,0.01
0.413719,0.0590223,rhe,94,-1,0.4,0.01
0.499705,0.0468218,rhe,95,-1,0.4,0.01
0.345926,0.0552073,rhe,96,-1,0.4,0.01
0.489866,0.0638224,rhe,97,-1,0.4,0.01
0.478321,0.0681018,rhe,98,-1,0.4,0.01
0.477739,0.0488943,rhe,99,-1,0.4,0.01
0.04974,0.04545,sumrhe,0,-1,0.1,1.0
-0.02576,0.04692,sumrhe,1,-1,0.1,1.0
0.10727,0.04996,sumrhe,2,-1,0.1,1.0
0.04257,0.04752,sumrhe,3,-1,0.1,1.0
0.06729,0.04831,sumrhe,4,-1,0.1,1.0
0.16762,0.04997,sumrhe,5,-1,0.1,1.0
0.063,0.04648,sumrhe,6,-1,0.1,1.0
-0.00454,0.04531,sumrhe,7,-1,0.1,1.0
0.08842,0.04631,sumrhe,8,-1,0.1,1.0
-0.01482,0.04844,sumrhe,9,-1,0.1,1.0
0.16797,0.04728,sumrhe,10,-1,0.1,1.0
0.10226,0.0468,sumrhe,11,-1,0.1,1.0
0.10526,0.04906,sumrhe,12,-1,0.1,1.0
0.12566,0.04924,sumrhe,13,-1,0.1,1.0
0.05449,0.0481,sumrhe,14,-1,0.1,1.0
0.2383,0.04922,sumrhe,15,-1,0.1,1.0
0.12557,0.04852,sumrhe,16,-1,0.1,1.0
0.07144,0.04954,sumrhe,17,-1,0.1,1.0
0.05889,0.04827,sumrhe,18,-1,0.1,1.0
0.16232,0.04821,sumrhe,19,-1,0.1,1.0
0.06555,0.05318,sumrhe,20,-1,0.1,1.0
0.12616,0.04886,sumrhe,21,-1,0.1,1.0
0.05653,0.04616,sumrhe,22,-1,0.1,1.0
0.19266,0.05069,sumrhe,23,-1,0.1,1.0
0.07744,0.04663,sumrhe,24,-1,0.1,1.0
0.07299,0.04838,sumrhe,25,-1,0.1,1.0
0.08265,0.0494,sumrhe,26,-1,0.1,1.0
0.10412,0.04893,sumrhe,27,-1,0.1,1.0
0.13698,0.04882,sumrhe,28,-1,0.1,1.0
0.18502,0.05057,sumrhe,29,-1,0.1,1.0
0.05379,0.04845,sumrhe,30,-1,0.1,1.0
0.18031,0.04899,sumrhe,31,-1,0.1,1.0
0.03752,0.04612,sumrhe,32,-1,0.1,1.0
0.21758,0.04976,sumrhe,33,-1,0.1,1.0
0.09599,0.05182,sumrhe,34,-1,0.1,1.0
0.12716,0.05017,sumrhe,35,-1,0.1,1.0
0.13285,0.04597,sumrhe,36,-1,0.1,1.0
0.08479,0.04826,sumrhe,37,-1,0.1,1.0
0.10517,0.04854,sumrhe,38,-1,0.1,1.0
0.04373,0.04793,sumrhe,39,-1,0.1,1.0
0.05297,0.04618,sumrhe,40,-1,0.1,1.0
0.10097,0.04852,sumrhe,41,-1,0.1,1.0
0.02877,0.04846,sumrhe,42,-1,0.1,1.0
0.16495,0.05078,sumrhe,43,-1,0.1,1.0
0.09936,0.04799,sumrhe,44,-1,0.1,1.0
0.06576,0.04693,sumrhe,45,-1,0.1,1.0
0.16777,0.04841,sumrhe,46,-1,0.1,1.0
0.03718,0.04802,sumrhe,47,-1,0.1,1.0
0.01537,0.04712,sumrhe,48,-1,0.1,1.0
0.18296,0.04989,sumrhe,49,-1,0.1,1.0
0.05454,0.04749,sumrhe,50,-1,0.1,1.0
0.0156,0.04808,sumrhe,51,-1,0.1,1.0
0.10297,0.04799,sumrhe,52,-1,0.1,1.0
0.12266,0.04919,sumrhe,53,-1,0.1,1.0
0.18061,0.04984,sumrhe,54,-1,0.1,1.0
0.08337,0.04796,sumrhe,55,-1,0.1,1.0
0.08333,0.04728,sumrhe,56,-1,0.1,1.0
0.04825,0.04812,sumrhe,57,-1,0.1,1.0
0.11374,0.05222,sumrhe,58,-1,0.1,1.0
0.02301,0.04829,sumrhe,59,-1,0.1,1.0
0.16965,0.05051,sumrhe,60,-1,0.1,1.0
0.09185,0.04786,sumrhe,61,-1,0.1,1.0
0.06838,0.04759,sumrhe,62,-1,0.1,1.0
0.01364,0.04921,sumrhe,63,-1,0.1,1.0
0.04721,0.0481,sumrhe,64,-1,0.1,1.0
0.07634,0.04564,sumrhe,65,-1,0.1,1.0
0.16493,0.04688,sumrhe,66,-1,0.1,1.0
0.15123,0.04653,sumrhe,67,-1,0.1,1.0
-0.02308,0.04476,sumrhe,68,-1,0.1,1.0
0.06838,0.0473,sumrhe,69,-1,0.1,1.0
0.03651,0.04664,sumrhe,70,-1,0.1,1.0
0.03753,0.04794,sumrhe,71,-1,0.1,1.0
0.05549,0.04702,sumrhe,72,-1,0.1,1.0
0.07167,0.04928,sumrhe,73,-1,0.1,1.0
0.17186,0.04788,sumrhe,74,-1,0.1,1.0
0.09825,0.04968,sumrhe,75,-1,0.1,1.0
0.00057,0.05025,sumrhe,76,-1,0.1,1.0
0.04664,0.04718,sumrhe,77,-1,0.1,1.0
-0.0706,0.05214,sumrhe,78,-1,0.1,1.0
0.10506,0.0471,sumrhe,79,-1,0.1,1.0
0.02064,0.04637,sumrhe,80,-1,0.1,1.0
0.11274,0.04896,sumrhe,81,-1,0.1,1.0
0.13409,0.0466,sumrhe,82,-1,0.1,1.0
0.12498,0.04984,sumrhe,83,-1,0.1,1.0
0.09464,0.04977,sumrhe,84,-1,0.1,1.0
0.06684,0.04774,sumrhe,85,-1,0.1,1.0
0.11606,0.04808,sumrhe,86,-1,0.1,1.0
0.0848,0.04938,sumrhe,87,-1,0.1,1.0
0.08367,0.04658,sumrhe,88,-1,0.1,1.0
0.15323,0.05056,sumrhe,89,-1,0.1,1.0
0.1012,0.04697,sumrhe,90,-1,0.1,1.0
0.02517,0.04704,sumrhe,91,-1,0.1,1.0
0.13904,0.0497,sumrhe,92,-1,0.1,1.0
0.15953,0.04918,sumrhe,93,-1,0.1,1.0
0.12725,0.049,sumrhe,94,-1,0.1,1.0
0.1158,0.04785,sumrhe,95,-1,0.1,1.0
0.12918,0.04925,sumrhe,96,-1,0.1,1.0
0.18593,0.05238,sumrhe,97,-1,0.1,1.0
0.00088,0.04894,sumrhe,98,-1,0.1,1.0
0.1706,0.05018,sumrhe,99,-1,0.1,1.0
0.16796,0.04706,sumrhe,0,-1,0.1,0.1
0.09019,0.04677,sumrhe,1,-1,0.1,0.1
0.18825,0.05024,sumrhe,2,-1,0.1,0.1
0.07782,0.04591,sumrhe,3,-1,0.1,0.1
0.16727,0.04996,sumrhe,4,-1,0.1,0.1
0.17147,0.0483,sumrhe,5,-1,0.1,0.1
0.07653,0.04847,sumrhe,6,-1,0.1,0.1
0.01588,0.0463,sumrhe,7,-1,0.1,0.1
0.10563,0.04931,sumrhe,8,-1,0.1,0.1
0.09515,0.04532,sumrhe,9,-1,0.1,0.1
0.12846,0.04815,sumrhe,10,-1,0.1,0.1
0.15945,0.04984,sumrhe,11,-1,0.1,0.1
0.11389,0.04797,sumrhe,12,-1,0.1,0.1
0.14608,0.04869,sumrhe,13,-1,0.1,0.1
0.18124,0.0507,sumrhe,14,-1,0.1,0.1
0.08493,0.04736,sumrhe,15,-1,0.1,0.1
0.1905,0.04908,sumrhe,16,-1,0.1,0.1
0.01525,0.04609,sumrhe,17,-1,0.1,0.1
0.09818,0.04874,sumrhe,18,-1,0.1,0.1
0.10853,0.04838,sumrhe,19,-1,0.1,0.1
0.05487,0.04693,sumrhe,20,-1,0.1,0.1
0.16091,0.0494,sumrhe,21,-1,0.1,0.1
0.25287,0.04764,sumrhe,22,-1,0.1,0.1
0.1513,0.0507,sumrhe,23,-1,0.1,0.1
0.06077,0.04959,sumrhe,24,-1,0.1,0.1
0.05867,0.04751,sumrhe,25,-1,0.1,0.1
0.11092,0.04725,sumrhe,26,-1,0.1,0.1
0.12144,0.04708,sumrhe,27,-1,0.1,0.1
0.11883,0.04684,sumrhe,28,-1,0.1,0.1
0.0461,0.0473,sumrhe,29,-1,0.1,0.1
0.1368,0.04853,sumrhe,30,-1,0.1,0.1
0.0797,0.04932,sumrhe,31,-1,0.1,0.1
0.09888,0.04922,sumrhe,32,-1,0.1,0.1
0.10169,0.04759,sumrhe,33,-1,0.1,0.1
0.12347,0.04775,sumrhe,34,-1,0.1,0.1
0.04299,0.04756,sumrhe,35,-1,0.1,0.1
0.14064,0.04704,sumrhe,36,-1,0.1,0.1
0.03934,0.04796,sumrhe,37,-1,0.1,0.1
0.07802,0.04608,sumrhe,38,-1,0.1,0.1
0.15802,0.04701,sumrhe,39,-1,0.1,0.1
0.14708,0.04848,sumrhe,40,-1,0.1,0.1
0.09259,0.04809,sumrhe,41,-1,0.1,0.1
0.00551,0.04568,sumrhe,42,-1,0.1,0.1
0.0555,0.04799,sumrhe,43,-1,0.1,0.1
0.05313,0.04704,sumrhe,44,-1,0.1,0.1
0.12779,0.04644,sumrhe,45,-1,0.1,0.1
0.03208,0.0457,sumrhe,46,-1,0.1,0.1
0.06834,0.04865,sumrhe,47,-1,0.1,0.1
0.05571,0.04952,sumrhe,48,-1,0.1,0.1
0.15313,0.04691,sumrhe,49,-1,0.1,0.1
0.11707,0.05113,sumrhe,50,-1,0.1,0.1
0.14736,0.04932,sumrhe,51,-1,0.1,0.1
0.10313,0.04724,sumrhe,52,-1,0.1,0.1
0.12208,0.04777,sumrhe,53,-1,0.1,0.1
0.10531,0.0478,sumrhe,54,-1,0.1,0.1
0.05292,0.04771,sumrhe,55,-1,0.1,0.1
0.12721,0.05006,sumrhe,56,-1,0.1,0.1
0.10091,0.04705,sumrhe,57,-1,0.1,0.1
-0.00964,0.04555,sumrhe,58,-1,0.1,0.1
0.12299,0.0496,sumrhe,59,-1,0.1,0.1
0.14196,0.04944,sumrhe,60,-1,0.1,0.1
0.11477,0.04888,sumrhe,61,-1,0.1,0.1
0.16445,0.04939,sumrhe,62,-1,0.1,0.1
0.17831,0.05043,sumrhe,63,-1,0.1,0.1
0.0654,0.04767,sumrhe,64,-1,0.1,0.1
0.14024,0.04943,sumrhe,65,-1,0.1,0.1
-0.0103,0.04629,sumrhe,66,-1,0.1,0.1
0.0953,0.04523,sumrhe,67,-1,0.1,0.1
0.18564,0.05138,sumrhe,68,-1,0.1,0.1
0.07458,0.04578,sumrhe,69,-1,0.1,0.1
0.06135,0.04983,sumrhe,70,-1,0.1,0.1
0.01338,0.05101,sumrhe,71,-1,0.1,0.1
0.09829,0.04681,sumrhe,72,-1,0.1,0.1
0.11511,0.04874,sumrhe,73,-1,0.1,0.1
0.10275,0.04843,sumrhe,74,-1,0.1,0.1
0.09807,0.0477,sumrhe,75,-1,0.1,0.1
0.03183,0.0469,sumrhe,76,-1,0.1,0.1
0.15591,0.0515,sumrhe,77,-1,0.1,0.1
0.14648,0.04916,sumrhe,78,-1,0.1,0.1
0.00686,0.04749,sumrhe,79,-1,0.1,0.1
0.12097,0.04686,sumrhe,80,-1,0.1,0.1
0.13672,0.04873,sumrhe,81,-1,0.1,0.1
0.17659,0.04941,sumrhe,82,-1,0.1,0.1
0.04587,0.04791,sumrhe,83,-1,0.1,0.1
0.09983,0.04964,sumrhe,84,-1,0.1,0.1
0.1465,0.04866,sumrhe,85,-1,0.1,0.1
0.13336,0.04864,sumrhe,86,-1,0.1,0.1
0.12315,0.04859,sumrhe,87,-1,0.1,0.1
0.09401,0.04793,sumrhe,88,-1,0.1,0.1
0.10221,0.04852,sumrhe,89,-1,0.1,0.1
0.09344,0.04872,sumrhe,90,-1,0.1,0.1
0.05212,0.04683,sumrhe,91,-1,0.1,0.1
0.04742,0.04683,sumrhe,92,-1,0.1,0.1
0.20487,0.05012,sumrhe,93,-1,0.1,0.1
0.08297,0.04787,sumrhe,94,-1,0.1,0.1
0.17053,0.04817,sumrhe,95,-1,0.1,0.1
0.02739,0.04804,sumrhe,96,-1,0.1,0.1
0.25494,0.0552,sumrhe,97,-1,0.1,0.1
0.15508,0.04939,sumrhe,98,-1,0.1,0.1
0.10704,0.0494,sumrhe,99,-1,0.1,0.1
0.12929,0.04898,sumrhe,0,-1,0.1,0.01
0.10752,0.04794,sumrhe,1,-1,0.1,0.01
0.15918,0.05097,sumrhe,2,-1,0.1,0.01
0.02364,0.04706,sumrhe,3,-1,0.1,0.01
0.1696,0.04805,sumrhe,4,-1,0.1,0.01
0.08938,0.04739,sumrhe,5,-1,0.1,0.01
0.04917,0.04686,sumrhe,6,-1,0.1,0.01
0.11155,0.04849,sumrhe,7,-1,0.1,0.01
0.21784,0.04875,sumrhe,8,-1,0.1,0.01
0.09708,0.04743,sumrhe,9,-1,0.1,0.01
0.08897,0.04836,sumrhe,10,-1,0.1,0.01
0.13057,0.04836,sumrhe,11,-1,0.1,0.01
0.04505,0.04988,sumrhe,12,-1,0.1,0.01
0.07075,0.0486,sumrhe,13,-1,0.1,0.01
0.07278,0.049,sumrhe,14,-1,0.1,0.01
0.17912,0.05627,sumrhe,15,-1,0.1,0.01
0.04634,0.04631,sumrhe,16,-1,0.1,0.01
0.24354,0.05248,sumrhe,17,-1,0.1,0.01
0.22898,0.05086,sumrhe,18,-1,0.1,0.01
0.14056,0.04911,sumrhe,19,-1,0.1,0.01
0.04917,0.04749,sumrhe,20,-1,0.1,0.01
0.09818,0.04592,sumrhe,21,-1,0.1,0.01
0.10391,0.04849,sumrhe,22,-1,0.1,0.01
0.03013,0.04649,sumrhe,23,-1,0.1,0.01
0.1017,0.05218,sumrhe,24,-1,0.1,0.01
0.13245,0.04732,sumrhe,25,-1,0.1,0.01
0.133,0.04885,sumrhe,26,-1,0.1,0.01
0.11623,0.04741,sumrhe,27,-1,0.1,0.01
0.18328,0.04834,sumrhe,28,-1,0.1,0.01
0.1458,0.04684,sumrhe,29,-1,0.1,0.01
0.20602,0.04918,sumrhe,30,-1,0.1,0.01
0.16794,0.04768,sumrhe,31,-1,0.1,0.01
0.08103,0.04734,sumrhe,32,-1,0.1,0.01
0.18083,0.04801,sumrhe,33,-1,0.1,0.01
0.14084,0.04866,sumrhe,34,-1,0.1,0.01
0.07231,0.04637,sumrhe,35,-1,0.1,0.01
0.05951,0.04971,sumrhe,36,-1,0.1,0.01
0.06875,0.04767,sumrhe,37,-1,0.1,0.01
0.12682,0.04669,sumrhe,38,-1,0.1,0.01
0.00512,0.0473,sumrhe,39,-1,0.1,0.01
0.1173,0.04486,sumrhe,40,-1,0.1,0.01
0.08907,0.04729,sumrhe,41,-1,0.1,0.01
0.14519,0.04809,sumrhe,42,-1,0.1,0.01
0.02515,0.04753,sumrhe,43,-1,0.1,0.01
0.12632,0.04987,sumrhe,44,-1,0.1,0.01
0.01249,0.04542,sumrhe,45,-1,0.1,0.01
0.04021,0.0486,sumrhe,46,-1,0.1,0.01
0.11783,0.04841,sumrhe,47,-1,0.1,0.01
0.0833,0.04857,sumrhe,48,-1,0.1,0.01
-0.04619,0.04508,sumrhe,49,-1,0.1,0.01
0.04588,0.04675,sumrhe,50,-1,0.1,0.01
0.11856,0.04724,sumrhe,51,-1,0.1,0.01
0.14384,0.04844,sumrhe,52,-1,0.1,0.01
0.09741,0.0469,sumrhe,53,-1,0.1,0.01
0.16285,0.04814,sumrhe,54,-1,0.1,0.01
0.01787,0.04876,sumrhe,55,-1,0.1,0.01
0.1354,0.04695,sumrhe,56,-1,0.1,0.01
0.08304,0.04621,sumrhe,57,-1,0.1,0.01
0.15963,0.05096,sumrhe,58,-1,0.1,0.01
0.05391,0.04775,sumrhe,59,-1,0.1,0.01
0.09984,0.04733,sumrhe,60,-1,0.1,0.01
0.08574,0.04756,sumrhe,61,-1,0.1,0.01
0.13618,0.04776,sumrhe,62,-1,0.1,0.01
0.14697,0.04839,sumrhe,63,-1,0.1,0.01
0.16767,0.0495,sumrhe,64,-1,0.1,0.01
0.08098,0.04832,sumrhe,65,-1,0.1,0.01
0.12575,0.05091,sumrhe,66,-1,0.1,0.01
0.12387,0.04922,sumrhe,67,-1,0.1,0.01
0.12124,0.04899,sumrhe,68,-1,0.1,0.01
0.12318,0.04893,sumrhe,69,-1,0.1,0.01
0.08729,0.04654,sumrhe,70,-1,0.1,0.01
0.1225,0.05019,sumrhe,71,-1,0.1,0.01
0.04526,0.04875,sumrhe,72,-1,0.1,0.01
0.01066,0.04801,sumrhe,73,-1,0.1,0.01
0.09955,0.04723,sumrhe,74,-1,0.1,0.01
0.15439,0.04945,sumrhe,75,-1,0.1,0.01
0.06136,0.04977,sumrhe,76,-1,0.1,0.01
0.0767,0.05028,sumrhe,77,-1,0.1,0.01
0.03599,0.04773,sumrhe,78,-1,0.1,0.01
0.06972,0.04673,sumrhe,79,-1,0.1,0.01
0.01514,0.04861,sumrhe,80,-1,0.1,0.01
0.10989,0.04819,sumrhe,81,-1,0.1,0.01
0.19694,0.04804,sumrhe,82,-1,0.1,0.01
0.03882,0.04533,sumrhe,83,-1,0.1,0.01
0.16937,0.04919,sumrhe,84,-1,0.1,0.01
0.23827,0.05017,sumrhe,85,-1,0.1,0.01
0.10078,0.04874,sumrhe,86,-1,0.1,0.01
0.12154,0.04749,sumrhe,87,-1,0.1,0.01
0.05175,0.04928,sumrhe,88,-1,0.1,0.01
0.00713,0.04699,sumrhe,89,-1,0.1,0.01
0.07016,0.04871,sumrhe,90,-1,0.1,0.01
0.0347,0.04674,sumrhe,91,-1,0.1,0.01
0.14226,0.04986,sumrhe,92,-1,0.1,0.01
0.076,0.05024,sumrhe,93,-1,0.1,0.01
0.142,0.04817,sumrhe,94,-1,0.1,0.01
0.12182,0.0491,sumrhe,95,-1,0.1,0.01
0.12178,0.04935,sumrhe,96,-1,0.1,0.01
0.06353,0.04714,sumrhe,97,-1,0.1,0.01
0.1194,0.04862,sumrhe,98,-1,0.1,0.01
0.12328,0.04787,sumrhe,99,-1,0.1,0.01
0.31997,0.05152,sumrhe,0,-1,0.25,1.0
0.2518,0.05159,sumrhe,1,-1,0.25,1.0
0.27725,0.05137,sumrhe,2,-1,0.25,1.0
0.22372,0.04851,sumrhe,3,-1,0.25,1.0
0.32412,0.05098,sumrhe,4,-1,0.25,1.0
0.28438,0.05139,sumrhe,5,-1,0.25,1.0
0.21097,0.05149,sumrhe,6,-1,0.25,1.0
0.34117,0.05155,sumrhe,7,-1,0.25,1.0
0.24358,0.05131,sumrhe,8,-1,0.25,1.0
0.29553,0.04936,sumrhe,9,-1,0.25,1.0
0.21213,0.05009,sumrhe,10,-1,0.25,1.0
0.30971,0.05548,sumrhe,11,-1,0.25,1.0
0.19024,0.04815,sumrhe,12,-1,0.25,1.0
0.19143,0.04805,sumrhe,13,-1,0.25,1.0
0.25865,0.04917,sumrhe,14,-1,0.25,1.0
0.25613,0.05372,sumrhe,15,-1,0.25,1.0
0.27087,0.05234,sumrhe,16,-1,0.25,1.0
0.26435,0.04806,sumrhe,17,-1,0.25,1.0
0.30834,0.05197,sumrhe,18,-1,0.25,1.0
0.29611,0.05052,sumrhe,19,-1,0.25,1.0
0.30961,0.05337,sumrhe,20,-1,0.25,1.0
0.2151,0.05034,sumrhe,21,-1,0.25,1.0
0.27251,0.05168,sumrhe,22,-1,0.25,1.0
0.36254,0.05434,sumrhe,23,-1,0.25,1.0
0.26083,0.05232,sumrhe,24,-1,0.25,1.0
0.34177,0.0517,sumrhe,25,-1,0.25,1.0
0.29705,0.04874,sumrhe,26,-1,0.25,1.0
0.31822,0.05065,sumrhe,27,-1,0.25,1.0
0.30909,0.05033,sumrhe,28,-1,0.25,1.0
0.20998,0.05014,sumrhe,29,-1,0.25,1.0
0.1762,0.04903,sumrhe,30,-1,0.25,1.0
0.31811,0.04916,sumrhe,31,-1,0.25,1.0
0.22492,0.04986,sumrhe,32,-1,0.25,1.0
0.26257,0.05076,sumrhe,33,-1,0.25,1.0
0.29975,0.04921,sumrhe,34,-1,0.25,1.0
0.25346,0.05007,sumrhe,35,-1,0.25,1.0
0.18075,0.04957,sumrhe,36,-1,0.25,1.0
0.26611,0.04946,sumrhe,37,-1,0.25,1.0
0.21186,0.05178,sumrhe,38,-1,0.25,1.0
0.21574,0.04986,sumrhe,39,-1,0.25,1.0
0.19931,0.04912,sumrhe,40,-1,0.25,1.0
0.32631,0.05254,sumrhe,41,-1,0.25,1.0
0.22262,0.04789,sumrhe,42,-1,0.25,1.0
0.23779,0.04915,sumrhe,43,-1,0.25,1.0
0.31374,0.05045,sumrhe,44,-1,0.25,1.0
0.30605,0.05033,sumrhe,45,-1,0.25,1.0
0.28972,0.0492,sumrhe,46,-1,0.25,1.0
0.34579,0.05066,sumrhe,47,-1,0.25,1.0
0.31066,0.05038,sumrhe,48,-1,0.25,1.0
0.24465,0.04862,sumrhe,49,-1,0.25,1.0
0.29022,0.04977,sumrhe,50,-1,0.25,1.0
0.20751,0.0497,sumrhe,51,-1,0.25,1.0
0.27755,0.04802,sumrhe,52,-1,0.25,1.0
0.23572,0.05257,sumrhe,53,-1,0.25,1.0
0.2835,0.05248,sumrhe,54,-1,0.25,1.0
0.27969,0.05001,sumrhe,55,-1,0.25,1.0
0.27495,0.04964,sumrhe,56,-1,0.25,1.0
0.24896,0.05031,sumrhe,57,-1,0.25,1.0
0.16528,0.05117,sumrhe,58,-1,0.25,1.0
0.2262,0.04884,sumrhe,59,-1,0.25,1.0
0.27173,0.0489,sumrhe,60,-1,0.25,1.0
0.27178,0.04768,sumrhe,61,-1,0.25,1.0
0.22997,0.05208,sumrhe,62,-1,0.25,1.0
0.27717,0.05108,sumrhe,63,-1,0.25,1.0
0.23294,0.04627,sumrhe,64,-1,0.25,1.0
0.24601,0.04934,sumrhe,65,-1,0.25,1.0
0.20336,0.0488,sumrhe,66,-1,0.25,1.0
0.24722,0.05025,sumrhe,67,-1,0.25,1.0
0.21115,0.04878,sumrhe,68,-1,0.25,1.0
0.33568,0.04968,sumrhe,69,-1,0.25,1.0
0.27576,0.04907,sumrhe,70,-1,0.25,1.0
0.2515,0.0492,sumrhe,71,-1,0.25,1.0
0.23744,0.04845,sumrhe,72,-1,0.25,1.0
0.24388,0.04822,sumrhe,73,-1,0.25,1.0
0.19668,0.05027,sumrhe,74,-1,0.25,1.0
0.17578,0.04992,sumrhe,75,-1,0.25,1.0
0.16773,0.04845,sumrhe,76,-1,0.25,1.0
0.23519,0.04999,sumrhe,77,-1,0.25,1.0
0.1654,0.04652,sumrhe,78,-1,0.25,1.0
0.1813,0.04848,sumrhe,79,-1,0.25,1.0
0.20536,0.04918,sumrhe,80,-1,0.25,1.0
0.29682,0.05014,sumrhe,81,-1,0.25,1.0
0.11844,0.04957,sumrhe,82,-1,0.25,1.0
0.22635,0.0491,sumrhe,83,-1,0.25,1.0
0.20608,0.04881,sumrhe,84,-1,0.25,1.0
0.33393,0.04995,sumrhe,85,-1,0.25,1.0
0.28494,0.0491,sumrhe,86,-1,0.25,1.0
0.18501,0.05032,sumrhe,87,-1,0.25,1.0
0.25475,0.04955,sumrhe,88,-1,0.25,1.0
0.32044,0.04977,sumrhe,89,-1,0.25,1.0
0.25119,0.04931,sumrhe,90,-1,0.25,1.0
0.36647,0.05875,sumrhe,91,-1,0.25,1.0
0.30965,0.05716,sumrhe,92,-1,0.25,1.0
0.18257,0.05007,sumrhe,93,-1,0.25,1.0
0.24696,0.04938,sumrhe,94,-1,0.25,1.0
0.18812,0.0492,sumrhe,95,-1,0.25,1.0
0.29691,0.05419,sumrhe,96,-1,0.25,1.0
0.22139,0.04881,sumrhe,97,-1,0.25,1.0
0.29933,0.05248,sumrhe,98,-1,0.25,1.0
0.31148,0.05126,sumrhe,99,-1,0.25,1.0
0.24459,0.04907,sumrhe,0,-1,0.25,0.1
0.17879,0.05056,sumrhe,1,-1,0.25,0.1
0.25096,0.054,sumrhe,2,-1,0.25,0.1
0.30027,0.05304,sumrhe,3,-1,0.25,0.1
0.16908,0.0498,sumrhe,4,-1,0.25,0.1
0.23261,0.04862,sumrhe,5,-1,0.25,0.1
0.25603,0.05012,sumrhe,6,-1,0.25,0.1
0.26817,0.04855,sumrhe,7,-1,0.25,0.1
0.14813,0.04966,sumrhe,8,-1,0.25,0.1
0.23996,0.05313,sumrhe,9,-1,0.25,0.1
0.22376,0.04875,sumrhe,10,-1,0.25,0.1
0.27639,0.05073,sumrhe,11,-1,0.25,0.1
0.21748,0.05019,sumrhe,12,-1,0.25,0.1
0.20218,0.04848,sumrhe,13,-1,0.25,0.1
0.23871,0.04844,sumrhe,14,-1,0.25,0.1
0.16946,0.04878,sumrhe,15,-1,0.25,0.1
0.24039,0.04955,sumrhe,16,-1,0.25,0.1
0.15716,0.04779,sumrhe,17,-1,0.25,0.1
0.2892,0.0497,sumrhe,18,-1,0.25,0.1
0.20208,0.04924,sumrhe,19,-1,0.25,0.1
0.22867,0.05007,sumrhe,20,-1,0.25,0.1
0.30384,0.05225,sumrhe,21,-1,0.25,0.1
0.25232,0.05099,sumrhe,22,-1,0.25,0.1
0.25891,0.04975,sumrhe,23,-1,0.25,0.1
0.27423,0.05068,sumrhe,24,-1,0.25,0.1
0.28065,0.05199,sumrhe,25,-1,0.25,0.1
0.26074,0.05123,sumrhe,26,-1,0.25,0.1
0.21063,0.04949,sumrhe,27,-1,0.25,0.1
0.27541,0.05177,sumrhe,28,-1,0.25,0.1
0.28907,0.05467,sumrhe,29,-1,0.25,0.1
0.27863,0.04884,sumrhe,30,-1,0.25,0.1
0.30485,0.051,sumrhe,31,-1,0.25,0.1
0.26686,0.04943,sumrhe,32,-1,0.25,0.1
0.18036,0.05276,sumrhe,33,-1,0.25,0.1
0.22152,0.05171,sumrhe,34,-1,0.25,0.1
0.27476,0.04888,sumrhe,35,-1,0.25,0.1
0.25769,0.04818,sumrhe,36,-1,0.25,0.1
0.27502,0.05099,sumrhe,37,-1,0.25,0.1
0.21887,0.04821,sumrhe,38,-1,0.25,0.1
0.16406,0.05096,sumrhe,39,-1,0.25,0.1
0.22829,0.051,sumrhe,40,-1,0.25,0.1
0.27464,0.05109,sumrhe,41,-1,0.25,0.1
0.21827,0.05805,sumrhe,42,-1,0.25,0.1
0.24708,0.0503,sumrhe,43,-1,0.25,0.1
0.24747,0.05277,sumrhe,44,-1,0.25,0.1
0.3004,0.0496,sumrhe,45,-1,0.25,0.1
0.2731,0.04739,sumrhe,46,-1,0.25,0.1
0.22945,0.0566,sumrhe,47,-1,0.25,0.1
0.26964,0.04906,sumrhe,48,-1,0.25,0.1
0.19067,0.04948,sumrhe,49,-1,0.25,0.1
0.32568,0.05103,sumrhe,50,-1,0.25,0.1
0.26483,0.05093,sumrhe,51,-1,0.25,0.1
0.23423,0.05058,sumrhe,52,-1,0.25,0.1
0.31976,0.05211,sumrhe,53,-1,0.25,0.1
0.26011,0.04903,sumrhe,54,-1,0.25,0.1
0.23937,0.0498,sumrhe,55,-1,0.25,0.1
0.19332,0.04905,sumrhe,56,-1,0.25,0.1
0.21484,0.04947,sumrhe,57,-1,0.25,0.1
0.30077,0.05254,sumrhe,58,-1,0.25,0.1
0.27706,0.05376,sumrhe,59,-1,0.25,0.1
0.23534,0.04916,sumrhe,60,-1,0.25,0.1
0.31139,0.05079,sumrhe,61,-1,0.25,0.1
0.25747,0.05,sumrhe,62,-1,0.25,0.1
0.17419,0.04731,sumrhe,63,-1,0.25,0.1
0.25037,0.04925,sumrhe,64,-1,0.25,0.1
0.30881,0.05055,sumrhe,65,-1,0.25,0.1
0.27899,0.05055,sumrhe,66,-1,0.25,0.1
0.31152,0.0525,sumrhe,67,-1,0.25,0.1
0.25794,0.05091,sumrhe,68,-1,0.25,0.1
0.21822,0.04824,sumrhe,69,-1,0.25,0.1
0.23798,0.0492,sumrhe,70,-1,0.25,0.1
0.28676,0.05031,sumrhe,71,-1,0.25,0.1
0.28127,0.04948,sumrhe,72,-1,0.25,0.1
0.1728,0.04784,sumrhe,73,-1,0.25,0.1
0.28558,0.05123,sumrhe,74,-1,0.25,0.1
0.18097,0.04939,sumrhe,75,-1,0.25,0.1
0.26994,0.0481,sumrhe,76,-1,0.25,0.1
0.39216,0.05195,sumrhe,77,-1,0.25,0.1
0.31219,0.05296,sumrhe,78,-1,0.25,0.1
0.26441,0.0519,sumrhe,79,-1,0.25,0.1
0.29361,0.04981,sumrhe,80,-1,0.25,0.1
0.2023,0.05178,sumrhe,81,-1,0.25,0.1
0.19261,0.04856,sumrhe,82,-1,0.25,0.1
0.3032,0.05149,sumrhe,83,-1,0.25,0.1
0.24257,0.04921,sumrhe,84,-1,0.25,0.1
0.28435,0.05217,sumrhe,85,-1,0.25,0.1
0.18344,0.04867,sumrhe,86,-1,0.25,0.1
0.21799,0.05193,sumrhe,87,-1,0.25,0.1
0.32398,0.05008,sumrhe,88,-1,0.25,0.1
0.20118,0.04809,sumrhe,89,-1,0.25,0.1
0.22374,0.05054,sumrhe,90,-1,0.25,0.1
0.20683,0.04972,sumrhe,91,-1,0.25,0.1
0.26214,0.0491,sumrhe,92,-1,0.25,0.1
0.18977,0.04979,sumrhe,93,-1,0.25,0.1
0.25226,0.04746,sumrhe,94,-1,0.25,0.1
0.33917,0.05065,sumrhe,95,-1,0.25,0.1
0.26822,0.04986,sumrhe,96,-1,0.25,0.1
0.29272,0.04929,sumrhe,97,-1,0.25,0.1
0.27071,0.05047,sumrhe,98,-1,0.25,0.1
0.20486,0.0479,sumrhe,99,-1,0.25,0.1
0.29774,0.0495,sumrhe,0,-1,0.25,0.01
0.28407,0.05063,sumrhe,1,-1,0.25,0.01
0.27403,0.0484,sumrhe,2,-1,0.25,0.01
0.33167,0.0494,sumrhe,3,-1,0.25,0.01
0.34405,0.05088,sumrhe,4,-1,0.25,0.01
0.26928,0.05072,sumrhe,5,-1,0.25,0.01
0.21601,0.04858,sumrhe,6,-1,0.25,0.01
0.34413,0.05008,sumrhe,7,-1,0.25,0.01
0.28987,0.05241,sumrhe,8,-1,0.25,0.01
0.28226,0.0501,sumrhe,9,-1,0.25,0.01
0.29725,0.0515,sumrhe,10,-1,0.25,0.01
0.21486,0.05106,sumrhe,11,-1,0.25,0.01
0.25897,0.04784,sumrhe,12,-1,0.25,0.01
0.35325,0.05146,sumrhe,13,-1,0.25,0.01
0.186,0.04905,sumrhe,14,-1,0.25,0.01
0.27068,0.05105,sumrhe,15,-1,0.25,0.01
0.26298,0.04875,sumrhe,16,-1,0.25,0.01
0.26778,0.0528,sumrhe,17,-1,0.25,0.01
0.22987,0.04971,sumrhe,18,-1,0.25,0.01
0.24962,0.04914,sumrhe,19,-1,0.25,0.01
0.24528,0.04966,sumrhe,20,-1,0.25,0.01
0.30977,0.04989,sumrhe,21,-1,0.25,0.01
0.18563,0.04733,sumrhe,22,-1,0.25,0.01
0.29173,0.05229,sumrhe,23,-1,0.25,0.01
0.23125,0.04775,sumrhe,24,-1,0.25,0.01
0.29433,0.04791,sumrhe,25,-1,0.25,0.01
0.20433,0.04875,sumrhe,26,-1,0.25,0.01
0.21653,0.04921,sumrhe,27,-1,0.25,0.01
0.27737,0.05189,sumrhe,28,-1,0.25,0.01
0.18498,0.05027,sumrhe,29,-1,0.25,0.01
0.1844,0.04929,sumrhe,30,-1,0.25,0.01
0.29184,0.0535,sumrhe,31,-1,0.25,0.01
0.18696,0.05025,sumrhe,32,-1,0.25,0.01
0.22478,0.05029,sumrhe,33,-1,0.25,0.01
0.24009,0.04918,sumrhe,34,-1,0.25,0.01
0.34188,0.05342,sumrhe,35,-1,0.25,0.01
0.19595,0.05485,sumrhe,36,-1,0.25,0.01
0.26557,0.05356,sumrhe,37,-1,0.25,0.01
0.27291,0.05035,sumrhe,38,-1,0.25,0.01
0.33739,0.05271,sumrhe,39,-1,0.25,0.01
0.30741,0.05018,sumrhe,40,-1,0.25,0.01
0.24649,0.05127,sumrhe,41,-1,0.25,0.01
0.25862,0.05163,sumrhe,42,-1,0.25,0.01
0.27705,0.0526,sumrhe,43,-1,0.25,0.01
0.27739,0.0506,sumrhe,44,-1,0.25,0.01
0.32236,0.05181,sumrhe,45,-1,0.25,0.01
0.16101,0.05161,sumrhe,46,-1,0.25,0.01
0.27574,0.05059,sumrhe,47,-1,0.25,0.01
0.24732,0.0503,sumrhe,48,-1,0.25,0.01
0.28505,0.05333,sumrhe,49,-1,0.25,0.01
0.27424,0.05152,sumrhe,50,-1,0.25,0.01
0.22403,0.05009,sumrhe,51,-1,0.25,0.01
0.22092,0.04935,sumrhe,52,-1,0.25,0.01
0.30147,0.05217,sumrhe,53,-1,0.25,0.01
0.26309,0.04997,sumrhe,54,-1,0.25,0.01
0.22803,0.05199,sumrhe,55,-1,0.25,0.01
0.29908,0.04973,sumrhe,56,-1,0.25,0.01
0.17438,0.04975,sumrhe,57,-1,0.25,0.01
0.23195,0.05186,sumrhe,58,-1,0.25,0.01
0.1977,0.05082,sumrhe,59,-1,0.25,0.01
0.31723,0.05232,sumrhe,60,-1,0.25,0.01
0.2263,0.04881,sumrhe,61,-1,0.25,0.01
0.238,0.05019,sumrhe,62,-1,0.25,0.01
0.26927,0.05372,sumrhe,63,-1,0.25,0.01
0.2221,0.05094,sumrhe,64,-1,0.25,0.01
0.35124,0.05188,sumrhe,65,-1,0.25,0.01
0.29316,0.0523,sumrhe,66,-1,0.25,0.01
0.09872,0.0487,sumrhe,67,-1,0.25,0.01
0.3044,0.05367,sumrhe,68,-1,0.25,0.01
0.33625,0.05215,sumrhe,69,-1,0.25,0.01
0.27771,0.05419,sumrhe,70,-1,0.25,0.01
0.21358,0.05103,sumrhe,71,-1,0.25,0.01
0.34553,0.05191,sumrhe,72,-1,0.25,0.01
0.24403,0.048,sumrhe,73,-1,0.25,0.01
0.30737,0.05113,sumrhe,74,-1,0.25,0.01
0.22441,0.05328,sumrhe,75,-1,0.25,0.01
0.23188,0.05087,sumrhe,76,-1,0.25,0.01
0.21077,0.05064,sumrhe,77,-1,0.25,0.01
0.27081,0.05072,sumrhe,78,-1,0.25,0.01
0.29394,0.05467,sumrhe,79,-1,0.25,0.01
0.13966,0.04837,sumrhe,80,-1,0.25,0.01
0.29169,0.05141,sumrhe,81,-1,0.25,0.01
0.2176,0.04782,sumrhe,82,-1,0.25,0.01
0.27441,0.05292,sumrhe,83,-1,0.25,0.01
0.15496,0.04914,sumrhe,84,-1,0.25,0.01
0.29927,0.05173,sumrhe,85,-1,0.25,0.01
0.24632,0.05026,sumrhe,86,-1,0.25,0.01
0.21289,0.04886,sumrhe,87,-1,0.25,0.01
0.15203,0.04825,sumrhe,88,-1,0.25,0.01
0.25304,0.04821,sumrhe,89,-1,0.25,0.01
0.31723,0.05067,sumrhe,90,-1,0.25,0.01
0.21109,0.05516,sumrhe,91,-1,0.25,0.01
0.27242,0.05362,sumrhe,92,-1,0.25,0.01
0.24069,0.05261,sumrhe,93,-1,0.25,0.01
0.25823,0.05021,sumrhe,94,-1,0.25,0.01
0.19915,0.0496,sumrhe,95,-1,0.25,0.01
0.16947,0.0501,sumrhe,96,-1,0.25,0.01
0.24465,0.04938,sumrhe,97,-1,0.25,0.01
0.25058,0.04988,sumrhe,98,-1,0.25,0.01
0.26294,0.051,sumrhe,99,-1,0.25,0.01
0.39853,0.05015,sumrhe,0,-1,0.4,1.0
0.42214,0.05257,sumrhe,1,-1,0.4,1.0
0.39989,0.0514,sumrhe,2,-1,0.4,1.0
0.35028,0.05174,sumrhe,3,-1,0.4,1.0
0.24573,0.04972,sumrhe,4,-1,0.4,1.0
0.4525,0.0553,sumrhe,5,-1,0.4,1.0
0.34388,0.05131,sumrhe,6,-1,0.4,1.0
0.38015,0.05401,sumrhe,7,-1,0.4,1.0
0.43049,0.05347,sumrhe,8,-1,0.4,1.0
0.44506,0.05229,sumrhe,9,-1,0.4,1.0
0.41313,0.0624,sumrhe,10,-1,0.4,1.0
0.24424,0.04856,sumrhe,11,-1,0.4,1.0
0.43508,0.05647,sumrhe,12,-1,0.4,1.0
0.36779,0.0494,sumrhe,13,-1,0.4,1.0
0.39279,0.05201,sumrhe,14,-1,0.4,1.0
0.37894,0.05223,sumrhe,15,-1,0.4,1.0
0.47729,0.05152,sumrhe,16,-1,0.4,1.0
0.35588,0.05269,sumrhe,17,-1,0.4,1.0
0.51234,0.05585,sumrhe,18,-1,0.4,1.0
0.49099,0.05449,sumrhe,19,-1,0.4,1.0
0.55057,0.05462,sumrhe,20,-1,0.4,1.0
0.38426,0.05376,sumrhe,21,-1,0.4,1.0
0.47654,0.05529,sumrhe,22,-1,0.4,1.0
0.3847,0.05211,sumrhe,23,-1,0.4,1.0
0.35367,0.05185,sumrhe,24,-1,0.4,1.0
0.41423,0.05304,sumrhe,25,-1,0.4,1.0
0.37239,0.05438,sumrhe,26,-1,0.4,1.0
0.32696,0.04836,sumrhe,27,-1,0.4,1.0
0.37402,0.05069,sumrhe,28,-1,0.4,1.0
0.4978,0.05148,sumrhe,29,-1,0.4,1.0
0.3327,0.05082,sumrhe,30,-1,0.4,1.0
0.3682,0.05257,sumrhe,31,-1,0.4,1.0
0.41994,0.05142,sumrhe,32,-1,0.4,1.0
0.4085,0.0566,sumrhe,33,-1,0.4,1.0
0.35936,0.04932,sumrhe,34,-1,0.4,1.0
0.40622,0.05201,sumrhe,35,-1,0.4,1.0
0.38909,0.05172,sumrhe,36,-1,0.4,1.0
0.42557,0.05188,sumrhe,37,-1,0.4,1.0
0.40221,0.05329,sumrhe,38,-1,0.4,1.0
0.37786,0.05231,sumrhe,39,-1,0.4,1.0
0.4151,0.05058,sumrhe,40,-1,0.4,1.0
0.3475,0.0536,sumrhe,41,-1,0.4,1.0
0.40024,0.05347,sumrhe,42,-1,0.4,1.0
0.31196,0.05013,sumrhe,43,-1,0.4,1.0
0.46614,0.05439,sumrhe,44,-1,0.4,1.0
0.42013,0.0522,sumrhe,45,-1,0.4,1.0
0.42919,0.05146,sumrhe,46,-1,0.4,1.0
0.50038,0.05514,sumrhe,47,-1,0.4,1.0
0.3815,0.05318,sumrhe,48,-1,0.4,1.0
0.35213,0.05375,sumrhe,49,-1,0.4,1.0
0.3694,0.05092,sumrhe,50,-1,0.4,1.0
0.52961,0.05263,sumrhe,51,-1,0.4,1.0
0.48216,0.05166,sumrhe,52,-1,0.4,1.0
0.39561,0.05211,sumrhe,53,-1,0.4,1.0
0.54253,0.05341,sumrhe,54,-1,0.4,1.0
0.38454,0.05489,sumrhe,55,-1,0.4,1.0
0.40298,0.05125,sumrhe,56,-1,0.4,1.0
0.51775,0.06886,sumrhe,57,-1,0.4,1.0
0.48161,0.05266,sumrhe,58,-1,0.4,1.0
0.30307,0.05084,sumrhe,59,-1,0.4,1.0
0.46934,0.05394,sumrhe,60,-1,0.4,1.0
0.36414,0.05236,sumrhe,61,-1,0.4,1.0
0.41078,0.05354,sumrhe,62,-1,0.4,1.0
0.41746,0.05342,sumrhe,63,-1,0.4,1.0
0.42936,0.05251,sumrhe,64,-1,0.4,1.0
0.51105,0.05639,sumrhe,65,-1,0.4,1.0
0.36249,0.04909,sumrhe,66,-1,0.4,1.0
0.47014,0.05132,sumrhe,67,-1,0.4,1.0
0.44263,0.05358,sumrhe,68,-1,0.4,1.0
0.40915,0.05151,sumrhe,69,-1,0.4,1.0
0.50788,0.05587,sumrhe,70,-1,0.4,1.0
0.45168,0.05225,sumrhe,71,-1,0.4,1.0
0.40397,0.05376,sumrhe,72,-1,0.4,1.0
0.2646,0.04989,sumrhe,73,-1,0.4,1.0
0.43133,0.05261,sumrhe,74,-1,0.4,1.0
0.43231,0.05106,sumrhe,75,-1,0.4,1.0
0.50547,0.05843,sumrhe,76,-1,0.4,1.0
0.44248,0.05396,sumrhe,77,-1,0.4,1.0
0.40864,0.05215,sumrhe,78,-1,0.4,1.0
0.42487,0.05154,sumrhe,79,-1,0.4,1.0
0.43935,0.05204,sumrhe,80,-1,0.4,1.0
0.43644,0.05523,sumrhe,81,-1,0.4,1.0
0.38853,0.05276,sumrhe,82,-1,0.4,1.0
0.40591,0.05305,sumrhe,83,-1,0.4,1.0
0.43158,0.05287,sumrhe,84,-1,0.4,1.0
0.41645,0.05287,sumrhe,85,-1,0.4,1.0
0.38881,0.05219,sumrhe,86,-1,0.4,1.0
0.38981,0.05165,sumrhe,87,-1,0.4,1.0
0.39864,0.05317,sumrhe,88,-1,0.4,1.0
0.41655,0.0502,sumrhe,89,-1,0.4,1.0
0.32294,0.04833,sumrhe,90,-1,0.4,1.0
0.32428,0.05173,sumrhe,91,-1,0.4,1.0
0.32012,0.05002,sumrhe,92,-1,0.4,1.0
0.41262,0.05847,sumrhe,93,-1,0.4,1.0
0.32494,0.05041,sumrhe,94,-1,0.4,1.0
0.32761,0.05177,sumrhe,95,-1,0.4,1.0
0.35327,0.05218,sumrhe,96,-1,0.4,1.0
0.37677,0.05624,sumrhe,97,-1,0.4,1.0
0.40234,0.05274,sumrhe,98,-1,0.4,1.0
0.45963,0.05391,sumrhe,99,-1,0.4,1.0
0.45609,0.05294,sumrhe,0,-1,0.4,0.1
0.38065,0.05424,sumrhe,1,-1,0.4,0.1
0.43611,0.05164,sumrhe,2,-1,0.4,0.1
0.40265,0.05254,sumrhe,3,-1,0.4,0.1
0.48584,0.08444,sumrhe,4,-1,0.4,0.1
0.39007,0.0564,sumrhe,5,-1,0.4,0.1
0.3915,0.05212,sumrhe,6,-1,0.4,0.1
0.39134,0.05343,sumrhe,7,-1,0.4,0.1
0.40228,0.05295,sumrhe,8,-1,0.4,0.1
0.4534,0.05299,sumrhe,9,-1,0.4,0.1
0.38316,0.05176,sumrhe,10,-1,0.4,0.1
0.4831,0.05892,sumrhe,11,-1,0.4,0.1
0.42733,0.0534,sumrhe,12,-1,0.4,0.1
0.36612,0.05083,sumrhe,13,-1,0.4,0.1
0.429,0.05947,sumrhe,14,-1,0.4,0.1
0.34213,0.05174,sumrhe,15,-1,0.4,0.1
0.4108,0.05406,sumrhe,16,-1,0.4,0.1
0.35688,0.0525,sumrhe,17,-1,0.4,0.1
0.42818,0.05497,sumrhe,18,-1,0.4,0.1
0.34073,0.04977,sumrhe,19,-1,0.4,0.1
0.37489,0.05346,sumrhe,20,-1,0.4,0.1
0.42727,0.05295,sumrhe,21,-1,0.4,0.1
0.4478,0.0529,sumrhe,22,-1,0.4,0.1
0.35415,0.05547,sumrhe,23,-1,0.4,0.1
0.39797,0.05078,sumrhe,24,-1,0.4,0.1
0.41447,0.0534,sumrhe,25,-1,0.4,0.1
0.35523,0.05055,sumrhe,26,-1,0.4,0.1
0.33745,0.0517,sumrhe,27,-1,0.4,0.1
0.35823,0.0511,sumrhe,28,-1,0.4,0.1
0.31143,0.05192,sumrhe,29,-1,0.4,0.1
0.38761,0.05141,sumrhe,30,-1,0.4,0.1
0.46642,0.05058,sumrhe,31,-1,0.4,0.1
0.38605,0.05403,sumrhe,32,-1,0.4,0.1
0.54276,0.05421,sumrhe,33,-1,0.4,0.1
0.40737,0.05852,sumrhe,34,-1,0.4,0.1
0.49373,0.05297,sumrhe,35,-1,0.4,0.1
0.47419,0.05355,sumrhe,36,-1,0.4,0.1
0.50419,0.05548,sumrhe,37,-1,0.4,0.1
0.41749,0.05501,sumrhe,38,-1,0.4,0.1
0.28058,0.05228,sumrhe,39,-1,0.4,0.1
0.42084,0.05296,sumrhe,40,-1,0.4,0.1
0.45901,0.05357,sumrhe,41,-1,0.4,0.1
0.28014,0.05376,sumrhe,42,-1,0.4,0.1
0.30146,0.05154,sumrhe,43,-1,0.4,0.1
0.32332,0.05015,sumrhe,44,-1,0.4,0.1
0.5185,0.05579,sumrhe,45,-1,0.4,0.1
0.30359,0.04764,sumrhe,46,-1,0.4,0.1
0.39216,0.05287,sumrhe,47,-1,0.4,0.1
0.42413,0.06729,sumrhe,48,-1,0.4,0.1
0.41276,0.05475,sumrhe,49,-1,0.4,0.1
0.44346,0.05499,sumrhe,50,-1,0.4,0.1
0.38291,0.05275,sumrhe,51,-1,0.4,0.1
0.3617,0.05195,sumrhe,52,-1,0.4,0.1
0.37014,0.0505,sumrhe,53,-1,0.4,0.1
0.39099,0.05293,sumrhe,54,-1,0.4,0.1
0.40828,0.05102,sumrhe,55,-1,0.4,0.1
0.39485,0.05382,sumrhe,56,-1,0.4,0.1
0.43222,0.05319,sumrhe,57,-1,0.4,0.1
0.44345,0.05273,sumrhe,58,-1,0.4,0.1
0.33123,0.05093,sumrhe,59,-1,0.4,0.1
0.41064,0.05254,sumrhe,60,-1,0.4,0.1
0.3598,0.04991,sumrhe,61,-1,0.4,0.1
0.36225,0.05091,sumrhe,62,-1,0.4,0.1
0.45166,0.05582,sumrhe,63,-1,0.4,0.1
0.38327,0.04977,sumrhe,64,-1,0.4,0.1
0.42851,0.05232,sumrhe,65,-1,0.4,0.1
0.51094,0.05259,sumrhe,66,-1,0.4,0.1
0.40697,0.05358,sumrhe,67,-1,0.4,0.1
0.3286,0.05354,sumrhe,68,-1,0.4,0.1
0.31117,0.04964,sumrhe,69,-1,0.4,0.1
0.42051,0.05716,sumrhe,70,-1,0.4,0.1
0.45927,0.05467,sumrhe,71,-1,0.4,0.1
0.31844,0.0496,sumrhe,72,-1,0.4,0.1
0.36232,0.05317,sumrhe,73,-1,0.4,0.1
0.34693,0.04955,sumrhe,74,-1,0.4,0.1
0.41757,0.05239,sumrhe,75,-1,0.4,0.1
0.31855,0.05202,sumrhe,76,-1,0.4,0.1
0.47864,0.05549,sumrhe,77,-1,0.4,0.1
0.49277,0.05689,sumrhe,78,-1,0.4,0.1
0.44275,0.0526,sumrhe,79,-1,0.4,0.1
0.43375,0.05312,sumrhe,80,-1,0.4,0.1
0.41019,0.05321,sumrhe,81,-1,0.4,0.1
0.41057,0.0507,sumrhe,82,-1,0.4,0.1
0.48402,0.05679,sumrhe,83,-1,0.4,0.1
0.388,0.05267,sumrhe,84,-1,0.4,0.1
0.47192,0.05417,sumrhe,85,-1,0.4,0.1
0.45029,0.05473,sumrhe,86,-1,0.4,0.1
0.50443,0.0569,sumrhe,87,-1,0.4,0.1
0.47822,0.05126,sumrhe,88,-1,0.4,0.1
0.39029,0.05266,sumrhe,89,-1,0.4,0.1
0.37802,0.05488,sumrhe,90,-1,0.4,0.1
0.32519,0.04884,sumrhe,91,-1,0.4,0.1
0.42205,0.05138,sumrhe,92,-1,0.4,0.1
0.26705,0.04878,sumrhe,93,-1,0.4,0.1
0.47047,0.05175,sumrhe,94,-1,0.4,0.1
0.38309,0.0513,sumrhe,95,-1,0.4,0.1
0.51714,0.05129,sumrhe,96,-1,0.4,0.1
0.38657,0.0521,sumrhe,97,-1,0.4,0.1
0.39893,0.05507,sumrhe,98,-1,0.4,0.1
0.42402,0.05228,sumrhe,99,-1,0.4,0.1
0.44857,0.05497,sumrhe,0,-1,0.4,0.01
0.35488,0.05181,sumrhe,1,-1,0.4,0.01
0.41273,0.05262,sumrhe,2,-1,0.4,0.01
0.49199,0.05361,sumrhe,3,-1,0.4,0.01
0.50611,0.05451,sumrhe,4,-1,0.4,0.01
0.31979,0.04906,sumrhe,5,-1,0.4,0.01
0.40362,0.05333,sumrhe,6,-1,0.4,0.01
0.26904,0.0524,sumrhe,7,-1,0.4,0.01
0.38637,0.05396,sumrhe,8,-1,0.4,0.01
0.43357,0.06253,sumrhe,9,-1,0.4,0.01
0.48307,0.0537,sumrhe,10,-1,0.4,0.01
0.42378,0.05302,sumrhe,11,-1,0.4,0.01
0.33592,0.0523,sumrhe,12,-1,0.4,0.01
0.37715,0.05439,sumrhe,13,-1,0.4,0.01
0.42942,0.05202,sumrhe,14,-1,0.4,0.01
0.40243,0.0558,sumrhe,15,-1,0.4,0.01
0.37858,0.05374,sumrhe,16,-1,0.4,0.01
0.43338,0.053,sumrhe,17,-1,0.4,0.01
0.38466,0.05213,sumrhe,18,-1,0.4,0.01
0.34395,0.05148,sumrhe,19,-1,0.4,0.01
0.46668,0.05478,sumrhe,20,-1,0.4,0.01
0.26793,0.0514,sumrhe,21,-1,0.4,0.01
0.40693,0.05374,sumrhe,22,-1,0.4,0.01
0.4124,0.05327,sumrhe,23,-1,0.4,0.01
0.42519,0.05445,sumrhe,24,-1,0.4,0.01
0.53666,0.05574,sumrhe,25,-1,0.4,0.01
0.54512,0.07967,sumrhe,26,-1,0.4,0.01
0.40538,0.05322,sumrhe,27,-1,0.4,0.01
0.43139,0.05278,sumrhe,28,-1,0.4,0.01
0.46982,0.05498,sumrhe,29,-1,0.4,0.01
0.38882,0.05151,sumrhe,30,-1,0.4,0.01
0.49027,0.05973,sumrhe,31,-1,0.4,0.01
0.42162,0.05698,sumrhe,32,-1,0.4,0.01
0.42754,0.05231,sumrhe,33,-1,0.4,0.01
0.39359,0.0519,sumrhe,34,-1,0.4,0.01
0.40018,0.05234,sumrhe,35,-1,0.4,0.01
0.43115,0.05291,sumrhe,36,-1,0.4,0.01
0.40569,0.05675,sumrhe,37,-1,0.4,0.01
0.38728,0.05251,sumrhe,38,-1,0.4,0.01
0.40129,0.05304,sumrhe,39,-1,0.4,0.01
0.42295,0.0603,sumrhe,40,-1,0.4,0.01
0.36396,0.05407,sumrhe,41,-1,0.4,0.01
0.38524,0.05486,sumrhe,42,-1,0.4,0.01
0.38777,0.05572,sumrhe,43,-1,0.4,0.01
0.33114,0.05486,sumrhe,44,-1,0.4,0.01
0.40978,0.05562,sumrhe,45,-1,0.4,0.01
0.41356,0.05775,sumrhe,46,-1,0.4,0.01
0.43164,0.05246,sumrhe,47,-1,0.4,0.01
0.41709,0.05522,sumrhe,48,-1,0.4,0.01
0.33537,0.05882,sumrhe,49,-1,0.4,0.01
0.37632,0.05409,sumrhe,50,-1,0.4,0.01
0.45226,0.05304,sumrhe,51,-1,0.4,0.01
0.45726,0.05462,sumrhe,52,-1,0.4,0.01
0.45756,0.05641,sumrhe,53,-1,0.4,0.01
0.473,0.05319,sumrhe,54,-1,0.4,0.01
0.45024,0.05564,sumrhe,55,-1,0.4,0.01
0.40088,0.05258,sumrhe,56,-1,0.4,0.01
0.42857,0.05312,sumrhe,57,-1,0.4,0.01
0.38872,0.05192,sumrhe,58,-1,0.4,0.01
0.42655,0.05471,sumrhe,59,-1,0.4,0.01
0.40829,0.0507,sumrhe,60,-1,0.4,0.01
0.32045,0.05226,sumrhe,61,-1,0.4,0.01
0.49041,0.06226,sumrhe,62,-1,0.4,0.01
0.40488,0.05199,sumrhe,63,-1,0.4,0.01
0.3721,0.05241,sumrhe,64,-1,0.4,0.01
0.39378,0.0538,sumrhe,65,-1,0.4,0.01
0.33322,0.05152,sumrhe,66,-1,0.4,0.01
0.53517,0.05851,sumrhe,67,-1,0.4,0.01
0.47296,0.05525,sumrhe,68,-1,0.4,0.01
0.40808,0.05149,sumrhe,69,-1,0.4,0.01
0.43035,0.05278,sumrhe,70,-1,0.4,0.01
0.4696,0.05222,sumrhe,71,-1,0.4,0.01
0.46987,0.05631,sumrhe,72,-1,0.4,0.01
0.37239,0.05665,sumrhe,73,-1,0.4,0.01
0.36564,0.05354,sumrhe,74,-1,0.4,0.01
0.38153,0.05256,sumrhe,75,-1,0.4,0.01
0.35049,0.05521,sumrhe,76,-1,0.4,0.01
0.38788,0.05226,sumrhe,77,-1,0.4,0.01
0.49767,0.05839,sumrhe,78,-1,0.4,0.01
0.46901,0.05318,sumrhe,79,-1,0.4,0.01
0.37807,0.06485,sumrhe,80,-1,0.4,0.01
0.42225,0.05472,sumrhe,81,-1,0.4,0.01
0.36132,0.05333,sumrhe,82,-1,0.4,0.01
0.40031,0.05454,sumrhe,83,-1,0.4,0.01
0.36594,0.05422,sumrhe,84,-1,0.4,0.01
0.43218,0.05238,sumrhe,85,-1,0.4,0.01
0.38779,0.05335,sumrhe,86,-1,0.4,0.01
0.31064,0.04901,sumrhe,87,-1,0.4,0.01
0.38029,0.05291,sumrhe,88,-1,0.4,0.01
0.40487,0.0529,sumrhe,89,-1,0.4,0.01
0.46515,0.05403,sumrhe,90,-1,0.4,0.01
0.48196,0.06372,sumrhe,91,-1,0.4,0.01
0.39503,0.0549,sumrhe,92,-1,0.4,0.01
0.40489,0.05317,sumrhe,93,-1,0.4,0.01
0.42385,0.05655,sumrhe,94,-1,0.4,0.01
0.49718,0.05432,sumrhe,95,-1,0.4,0.01
0.3476,0.05433,sumrhe,96,-1,0.4,0.01
0.4778,0.05437,sumrhe,97,-1,0.4,0.01
0.48737,0.06521,sumrhe,98,-1,0.4,0.01
0.47838,0.05767,sumrhe,99,-1,0.4,0.01
0.05268,0.04823,covsumrhe,0,-1,0.1,1.0
-0.01754,0.04766,covsumrhe,1,-1,0.1,1.0
0.11553,0.05671,covsumrhe,2,-1,0.1,1.0
0.0477,0.04692,covsumrhe,3,-1,0.1,1.0
0.05601,0.05637,covsumrhe,4,-1,0.1,1.0
0.17035,0.0572,covsumrhe,5,-1,0.1,1.0
0.06882,0.04657,covsumrhe,6,-1,0.1,1.0
-0.00354,0.04965,covsumrhe,7,-1,0.1,1.0
0.09833,0.04814,covsumrhe,8,-1,0.1,1.0
-0.02365,0.04798,covsumrhe,9,-1,0.1,1.0
0.1702,0.05392,covsumrhe,10,-1,0.1,1.0
0.10711,0.04982,covsumrhe,11,-1,0.1,1.0
0.11488,0.05653,covsumrhe,12,-1,0.1,1.0
0.12214,0.04918,covsumrhe,13,-1,0.1,1.0
0.05149,0.04866,covsumrhe,14,-1,0.1,1.0
0.23919,0.04987,covsumrhe,15,-1,0.1,1.0
0.13488,0.05214,covsumrhe,16,-1,0.1,1.0
0.06992,0.04954,covsumrhe,17,-1,0.1,1.0
0.0603,0.0529,covsumrhe,18,-1,0.1,1.0
0.16119,0.05399,covsumrhe,19,-1,0.1,1.0
0.07234,0.05545,covsumrhe,20,-1,0.1,1.0
0.11455,0.05056,covsumrhe,21,-1,0.1,1.0
0.06438,0.05222,covsumrhe,22,-1,0.1,1.0
0.20034,0.05481,covsumrhe,23,-1,0.1,1.0
0.06164,0.04902,covsumrhe,24,-1,0.1,1.0
0.07955,0.05101,covsumrhe,25,-1,0.1,1.0
0.09099,0.04601,covsumrhe,26,-1,0.1,1.0
0.09496,0.05551,covsumrhe,27,-1,0.1,1.0
0.13475,0.05739,covsumrhe,28,-1,0.1,1.0
0.18527,0.05503,covsumrhe,29,-1,0.1,1.0
0.05567,0.05031,covsumrhe,30,-1,0.1,1.0
0.18852,0.05361,covsumrhe,31,-1,0.1,1.0
0.04112,0.05593,covsumrhe,32,-1,0.1,1.0
0.22421,0.05462,covsumrhe,33,-1,0.1,1.0
0.10097,0.05158,covsumrhe,34,-1,0.1,1.0
0.12198,0.05259,covsumrhe,35,-1,0.1,1.0
0.13034,0.05031,covsumrhe,36,-1,0.1,1.0
0.07239,0.04949,covsumrhe,37,-1,0.1,1.0
0.09188,0.05001,covsumrhe,38,-1,0.1,1.0
0.03924,0.05054,covsumrhe,39,-1,0.1,1.0
0.04536,0.04634,covsumrhe,40,-1,0.1,1.0
0.09942,0.05204,covsumrhe,41,-1,0.1,1.0
0.03224,0.04601,covsumrhe,42,-1,0.1,1.0
0.17015,0.05588,covsumrhe,43,-1,0.1,1.0
0.11013,0.05167,covsumrhe,44,-1,0.1,1.0
0.06866,0.0467,covsumrhe,45,-1,0.1,1.0
0.13919,0.04655,covsumrhe,46,-1,0.1,1.0
0.04064,0.05134,covsumrhe,47,-1,0.1,1.0
0.02235,0.04883,covsumrhe,48,-1,0.1,1.0
0.17907,0.05713,covsumrhe,49,-1,0.1,1.0
0.05815,0.04733,covsumrhe,50,-1,0.1,1.0
0.01453,0.04663,covsumrhe,51,-1,0.1,1.0
0.1124,0.04521,covsumrhe,52,-1,0.1,1.0
0.12471,0.04992,covsumrhe,53,-1,0.1,1.0
0.18481,0.05629,covsumrhe,54,-1,0.1,1.0
0.07984,0.04765,covsumrhe,55,-1,0.1,1.0
0.0822,0.04522,covsumrhe,56,-1,0.1,1.0
0.03617,0.04936,covsumrhe,57,-1,0.1,1.0
0.11453,0.06051,covsumrhe,58,-1,0.1,1.0
0.02752,0.05686,covsumrhe,59,-1,0.1,1.0
0.17436,0.05107,covsumrhe,60,-1,0.1,1.0
0.09016,0.04705,covsumrhe,61,-1,0.1,1.0
0.0732,0.0491,covsumrhe,62,-1,0.1,1.0
0.00621,0.05359,covsumrhe,63,-1,0.1,1.0
0.04318,0.04941,covsumrhe,64,-1,0.1,1.0
0.07969,0.04797,covsumrhe,65,-1,0.1,1.0
0.1653,0.05312,covsumrhe,66,-1,0.1,1.0
0.16096,0.0507,covsumrhe,67,-1,0.1,1.0
-0.02959,0.04633,covsumrhe,68,-1,0.1,1.0
0.07277,0.04407,covsumrhe,69,-1,0.1,1.0
0.04218,0.04585,covsumrhe,70,-1,0.1,1.0
0.03655,0.05196,covsumrhe,71,-1,0.1,1.0
0.05715,0.05111,covsumrhe,72,-1,0.1,1.0
0.06942,0.04926,covsumrhe,73,-1,0.1,1.0
0.17899,0.04871,covsumrhe,74,-1,0.1,1.0
0.09266,0.05454,covsumrhe,75,-1,0.1,1.0
-0.00093,0.05916,covsumrhe,76,-1,0.1,1.0
0.0435,0.04709,covsumrhe,77,-1,0.1,1.0
-0.07163,0.05243,covsumrhe,78,-1,0.1,1.0
0.11238,0.04908,covsumrhe,79,-1,0.1,1.0
0.03385,0.04568,covsumrhe,80,-1,0.1,1.0
0.11581,0.05051,covsumrhe,81,-1,0.1,1.0
0.13444,0.05095,covsumrhe,82,-1,0.1,1.0
0.13393,0.0526,covsumrhe,83,-1,0.1,1.0
0.08837,0.05718,covsumrhe,84,-1,0.1,1.0
0.07026,0.05385,covsumrhe,85,-1,0.1,1.0
0.11055,0.04803,covsumrhe,86,-1,0.1,1.0
0.08355,0.05122,covsumrhe,87,-1,0.1,1.0
0.08832,0.04528,covsumrhe,88,-1,0.1,1.0
0.15159,0.0562,covsumrhe,89,-1,0.1,1.0
0.10132,0.05636,covsumrhe,90,-1,0.1,1.0
0.03667,0.04824,covsumrhe,91,-1,0.1,1.0
0.14655,0.05864,covsumrhe,92,-1,0.1,1.0
0.16246,0.05479,covsumrhe,93,-1,0.1,1.0
0.13052,0.04866,covsumrhe,94,-1,0.1,1.0
0.12281,0.04435,covsumrhe,95,-1,0.1,1.0
0.12735,0.05475,covsumrhe,96,-1,0.1,1.0
0.19118,0.05389,covsumrhe,97,-1,0.1,1.0
0.00434,0.04827,covsumrhe,98,-1,0.1,1.0
0.17679,0.05014,covsumrhe,99,-1,0.1,1.0
0.15871,0.05193,covsumrhe,0,-1,0.1,0.1
0.09818,0.04607,covsumrhe,1,-1,0.1,0.1
0.18309,0.05379,covsumrhe,2,-1,0.1,0.1
0.07199,0.05364,covsumrhe,3,-1,0.1,0.1
0.16543,0.05932,covsumrhe,4,-1,0.1,0.1
0.16999,0.04932,covsumrhe,5,-1,0.1,0.1
0.07231,0.04933,covsumrhe,6,-1,0.1,0.1
0.02337,0.0457,covsumrhe,7,-1,0.1,0.1
0.10589,0.04944,covsumrhe,8,-1,0.1,0.1
0.08834,0.04514,covsumrhe,9,-1,0.1,0.1
0.13281,0.04845,covsumrhe,10,-1,0.1,0.1
0.16814,0.05297,covsumrhe,11,-1,0.1,0.1
0.0952,0.05652,covsumrhe,12,-1,0.1,0.1
0.13116,0.04785,covsumrhe,13,-1,0.1,0.1
0.17994,0.05998,covsumrhe,14,-1,0.1,0.1
0.08591,0.04507,covsumrhe,15,-1,0.1,0.1
0.19017,0.05323,covsumrhe,16,-1,0.1,0.1
0.01826,0.0418,covsumrhe,17,-1,0.1,0.1
0.10536,0.04877,covsumrhe,18,-1,0.1,0.1
0.10558,0.05836,covsumrhe,19,-1,0.1,0.1
0.05651,0.05436,covsumrhe,20,-1,0.1,0.1
0.16369,0.0571,covsumrhe,21,-1,0.1,0.1
0.25301,0.0532,covsumrhe,22,-1,0.1,0.1
0.16341,0.05455,covsumrhe,23,-1,0.1,0.1
0.06657,0.05732,covsumrhe,24,-1,0.1,0.1
0.05625,0.04955,covsumrhe,25,-1,0.1,0.1
0.11854,0.04701,covsumrhe,26,-1,0.1,0.1
0.12746,0.05086,covsumrhe,27,-1,0.1,0.1
0.10801,0.04925,covsumrhe,28,-1,0.1,0.1
0.04925,0.04912,covsumrhe,29,-1,0.1,0.1
0.1436,0.05399,covsumrhe,30,-1,0.1,0.1
0.08739,0.05819,covsumrhe,31,-1,0.1,0.1
0.08885,0.05028,covsumrhe,32,-1,0.1,0.1
0.10325,0.05043,covsumrhe,33,-1,0.1,0.1
0.12051,0.05469,covsumrhe,34,-1,0.1,0.1
0.03968,0.05088,covsumrhe,35,-1,0.1,0.1
0.13824,0.05167,covsumrhe,36,-1,0.1,0.1
0.04374,0.05248,covsumrhe,37,-1,0.1,0.1
0.08163,0.04403,covsumrhe,38,-1,0.1,0.1
0.16856,0.04788,covsumrhe,39,-1,0.1,0.1
0.15252,0.05535,covsumrhe,40,-1,0.1,0.1
0.08486,0.05279,covsumrhe,41,-1,0.1,0.1
3e-05,0.04865,covsumrhe,42,-1,0.1,0.1
0.05107,0.04794,covsumrhe,43,-1,0.1,0.1
0.0592,0.04357,covsumrhe,44,-1,0.1,0.1
0.11887,0.0526,covsumrhe,45,-1,0.1,0.1
0.03345,0.04447,covsumrhe,46,-1,0.1,0.1
0.07466,0.04468,covsumrhe,47,-1,0.1,0.1
0.04167,0.04101,covsumrhe,48,-1,0.1,0.1
0.14741,0.0469,covsumrhe,49,-1,0.1,0.1
0.10514,0.05336,covsumrhe,50,-1,0.1,0.1
0.1547,0.05853,covsumrhe,51,-1,0.1,0.1
0.10847,0.05736,covsumrhe,52,-1,0.1,0.1
0.12223,0.05756,covsumrhe,53,-1,0.1,0.1
0.11609,0.05239,covsumrhe,54,-1,0.1,0.1
0.05329,0.05227,covsumrhe,55,-1,0.1,0.1
0.12119,0.05593,covsumrhe,56,-1,0.1,0.1
0.1048,0.05335,covsumrhe,57,-1,0.1,0.1
-0.00742,0.04885,covsumrhe,58,-1,0.1,0.1
0.11885,0.0543,covsumrhe,59,-1,0.1,0.1
0.14028,0.05362,covsumrhe,60,-1,0.1,0.1
0.12423,0.05514,covsumrhe,61,-1,0.1,0.1
0.16209,0.05604,covsumrhe,62,-1,0.1,0.1
0.17632,0.05098,covsumrhe,63,-1,0.1,0.1
0.06737,0.04159,covsumrhe,64,-1,0.1,0.1
0.14727,0.05269,covsumrhe,65,-1,0.1,0.1
-0.02596,0.0514,covsumrhe,66,-1,0.1,0.1
0.09295,0.04399,covsumrhe,67,-1,0.1,0.1
0.18623,0.05143,covsumrhe,68,-1,0.1,0.1
0.08242,0.0499,covsumrhe,69,-1,0.1,0.1
0.04477,0.04908,covsumrhe,70,-1,0.1,0.1
0.01016,0.06006,covsumrhe,71,-1,0.1,0.1
0.10572,0.05191,covsumrhe,72,-1,0.1,0.1
0.11302,0.04865,covsumrhe,73,-1,0.1,0.1
0.1142,0.05147,covsumrhe,74,-1,0.1,0.1
0.09117,0.04865,covsumrhe,75,-1,0.1,0.1
0.02924,0.04906,covsumrhe,76,-1,0.1,0.1
0.14807,0.05092,covsumrhe,77,-1,0.1,0.1
0.14479,0.05077,covsumrhe,78,-1,0.1,0.1
0.01146,0.05323,covsumrhe,79,-1,0.1,0.1
0.12619,0.05082,covsumrhe,80,-1,0.1,0.1
0.13086,0.04838,covsumrhe,81,-1,0.1,0.1
0.17591,0.05005,covsumrhe,82,-1,0.1,0.1
0.0488,0.05258,covsumrhe,83,-1,0.1,0.1
0.10029,0.0511,covsumrhe,84,-1,0.1,0.1
0.1528,0.05387,covsumrhe,85,-1,0.1,0.1
0.12326,0.05077,covsumrhe,86,-1,0.1,0.1
0.13252,0.05098,covsumrhe,87,-1,0.1,0.1
0.09568,0.05136,covsumrhe,88,-1,0.1,0.1
0.10086,0.05252,covsumrhe,89,-1,0.1,0.1
0.09596,0.05247,covsumrhe,90,-1,0.1,0.1
0.06122,0.04803,covsumrhe,91,-1,0.1,0.1
0.04634,0.04646,covsumrhe,92,-1,0.1,0.1
0.20984,0.06149,covsumrhe,93,-1,0.1,0.1
0.08644,0.05263,covsumrhe,94,-1,0.1,0.1
0.1748,0.05479,covsumrhe,95,-1,0.1,0.1
0.02156,0.04706,covsumrhe,96,-1,0.1,0.1
0.25113,0.06965,covsumrhe,97,-1,0.1,0.1
0.1678,0.05501,covsumrhe,98,-1,0.1,0.1
0.11517,0.05102,covsumrhe,99,-1,0.1,0.1
0.12564,0.05159,covsumrhe,0,-1,0.1,0.01
0.10738,0.05038,covsumrhe,1,-1,0.1,0.01
0.1523,0.0619,covsumrhe,2,-1,0.1,0.01
0.03076,0.0437,covsumrhe,3,-1,0.1,0.01
0.17854,0.05209,covsumrhe,4,-1,0.1,0.01
0.09368,0.05091,covsumrhe,5,-1,0.1,0.01
0.05941,0.04645,covsumrhe,6,-1,0.1,0.01
0.10975,0.05677,covsumrhe,7,-1,0.1,0.01
0.22993,0.05442,covsumrhe,8,-1,0.1,0.01
0.09434,0.05177,covsumrhe,9,-1,0.1,0.01
0.08461,0.04771,covsumrhe,10,-1,0.1,0.01
0.1311,0.04879,covsumrhe,11,-1,0.1,0.01
0.05017,0.05918,covsumrhe,12,-1,0.1,0.01
0.06576,0.0525,covsumrhe,13,-1,0.1,0.01
0.07601,0.05208,covsumrhe,14,-1,0.1,0.01
0.18112,0.06486,covsumrhe,15,-1,0.1,0.01
0.04785,0.04784,covsumrhe,16,-1,0.1,0.01
0.20747,0.05324,covsumrhe,17,-1,0.1,0.01
0.206,0.05063,covsumrhe,18,-1,0.1,0.01
0.14648,0.05756,covsumrhe,19,-1,0.1,0.01
0.04874,0.04976,covsumrhe,20,-1,0.1,0.01
0.0961,0.0453,covsumrhe,21,-1,0.1,0.01
0.10839,0.05057,covsumrhe,22,-1,0.1,0.01
0.04016,0.05048,covsumrhe,23,-1,0.1,0.01
0.09953,0.05242,covsumrhe,24,-1,0.1,0.01
0.13868,0.04995,covsumrhe,25,-1,0.1,0.01
0.14288,0.05288,covsumrhe,26,-1,0.1,0.01
0.11454,0.04987,covsumrhe,27,-1,0.1,0.01
0.17892,0.05233,covsumrhe,28,-1,0.1,0.01
0.15877,0.05074,covsumrhe,29,-1,0.1,0.01
0.2048,0.05688,covsumrhe,30,-1,0.1,0.01
0.16956,0.05223,covsumrhe,31,-1,0.1,0.01
0.08618,0.04616,covsumrhe,32,-1,0.1,0.01
0.17384,0.0575,covsumrhe,33,-1,0.1,0.01
0.14375,0.05175,covsumrhe,34,-1,0.1,0.01
0.07648,0.047,covsumrhe,35,-1,0.1,0.01
0.03727,0.05303,covsumrhe,36,-1,0.1,0.01
0.07985,0.04574,covsumrhe,37,-1,0.1,0.01
0.13276,0.05125,covsumrhe,38,-1,0.1,0.01
0.01388,0.04962,covsumrhe,39,-1,0.1,0.01
0.11151,0.04659,covsumrhe,40,-1,0.1,0.01
0.09192,0.05334,covsumrhe,41,-1,0.1,0.01
0.14722,0.05365,covsumrhe,42,-1,0.1,0.01
0.02758,0.04917,covsumrhe,43,-1,0.1,0.01
0.11831,0.05606,covsumrhe,44,-1,0.1,0.01
0.00852,0.04916,covsumrhe,45,-1,0.1,0.01
0.04205,0.05251,covsumrhe,46,-1,0.1,0.01
0.12251,0.04799,covsumrhe,47,-1,0.1,0.01
0.08052,0.04957,covsumrhe,48,-1,0.1,0.01
-0.043,0.05214,covsumrhe,49,-1,0.1,0.01
0.03822,0.04958,covsumrhe,50,-1,0.1,0.01
0.1297,0.05208,covsumrhe,51,-1,0.1,0.01
0.1413,0.05011,covsumrhe,52,-1,0.1,0.01
0.09334,0.04556,covsumrhe,53,-1,0.1,0.01
0.15868,0.04751,covsumrhe,54,-1,0.1,0.01
0.01045,0.04459,covsumrhe,55,-1,0.1,0.01
0.13409,0.04681,covsumrhe,56,-1,0.1,0.01
0.08271,0.04721,covsumrhe,57,-1,0.1,0.01
0.16408,0.04738,covsumrhe,58,-1,0.1,0.01
0.058,0.0426,covsumrhe,59,-1,0.1,0.01
0.09372,0.04997,covsumrhe,60,-1,0.1,0.01
0.09173,0.04865,covsumrhe,61,-1,0.1,0.01
0.12992,0.05062,covsumrhe,62,-1,0.1,0.01
0.15228,0.05215,covsumrhe,63,-1,0.1,0.01
0.16884,0.04968,covsumrhe,64,-1,0.1,0.01
0.08778,0.05653,covsumrhe,65,-1,0.1,0.01
0.1126,0.05789,covsumrhe,66,-1,0.1,0.01
0.13272,0.05208,covsumrhe,67,-1,0.1,0.01
0.12886,0.05193,covsumrhe,68,-1,0.1,0.01
0.12165,0.05355,covsumrhe,69,-1,0.1,0.01
0.05851,0.04568,covsumrhe,70,-1,0.1,0.01
0.13295,0.05149,covsumrhe,71,-1,0.1,0.01
0.05312,0.05279,covsumrhe,72,-1,0.1,0.01
0.01481,0.04764,covsumrhe,73,-1,0.1,0.01
0.10652,0.05127,covsumrhe,74,-1,0.1,0.01
0.16312,0.05831,covsumrhe,75,-1,0.1,0.01
0.06025,0.04855,covsumrhe,76,-1,0.1,0.01
0.08676,0.05354,covsumrhe,77,-1,0.1,0.01
0.03635,0.04797,covsumrhe,78,-1,0.1,0.01
0.07614,0.04739,covsumrhe,79,-1,0.1,0.01
0.02098,0.05307,covsumrhe,80,-1,0.1,0.01
0.10461,0.05421,covsumrhe,81,-1,0.1,0.01
0.19902,0.05596,covsumrhe,82,-1,0.1,0.01
0.03558,0.046,covsumrhe,83,-1,0.1,0.01
0.17354,0.0588,covsumrhe,84,-1,0.1,0.01
0.24669,0.05658,covsumrhe,85,-1,0.1,0.01
0.10525,0.05453,covsumrhe,86,-1,0.1,0.01
0.1265,0.0494,covsumrhe,87,-1,0.1,0.01
0.04569,0.04591,covsumrhe,88,-1,0.1,0.01
0.00402,0.04854,covsumrhe,89,-1,0.1,0.01
0.07002,0.0501,covsumrhe,90,-1,0.1,0.01
0.03155,0.05399,covsumrhe,91,-1,0.1,0.01
0.14901,0.05236,covsumrhe,92,-1,0.1,0.01
0.08323,0.05589,covsumrhe,93,-1,0.1,0.01
0.15182,0.04868,covsumrhe,94,-1,0.1,0.01
0.11099,0.05587,covsumrhe,95,-1,0.1,0.01
0.11452,0.05025,covsumrhe,96,-1,0.1,0.01
0.05953,0.04369,covsumrhe,97,-1,0.1,0.01
0.1187,0.05273,covsumrhe,98,-1,0.1,0.01
0.13054,0.057,covsumrhe,99,-1,0.1,0.01
0.32441,0.06253,covsumrhe,0,-1,0.25,1.0
0.25847,0.05144,covsumrhe,1,-1,0.25,1.0
0.26848,0.06433,covsumrhe,2,-1,0.25,1.0
0.23443,0.05605,covsumrhe,3,-1,0.25,1.0
0.31296,0.06335,covsumrhe,4,-1,0.25,1.0
0.28698,0.06258,covsumrhe,5,-1,0.25,1.0
0.21641,0.06344,covsumrhe,6,-1,0.25,1.0
0.33388,0.06664,covsumrhe,7,-1,0.25,1.0
0.25372,0.0564,covsumrhe,8,-1,0.25,1.0
0.30493,0.05713,covsumrhe,9,-1,0.25,1.0
0.19306,0.04819,covsumrhe,10,-1,0.25,1.0
0.30897,0.07141,covsumrhe,11,-1,0.25,1.0
0.19272,0.04743,covsumrhe,12,-1,0.25,1.0
0.20101,0.05438,covsumrhe,13,-1,0.25,1.0
0.25974,0.05754,covsumrhe,14,-1,0.25,1.0
0.24582,0.06762,covsumrhe,15,-1,0.25,1.0
0.2699,0.06152,covsumrhe,16,-1,0.25,1.0
0.26445,0.06118,covsumrhe,17,-1,0.25,1.0
0.31217,0.07025,covsumrhe,18,-1,0.25,1.0
0.27378,0.05691,covsumrhe,19,-1,0.25,1.0
0.31919,0.05567,covsumrhe,20,-1,0.25,1.0
0.21228,0.05455,covsumrhe,21,-1,0.25,1.0
0.27374,0.0616,covsumrhe,22,-1,0.25,1.0
0.36223,0.06888,covsumrhe,23,-1,0.25,1.0
0.25247,0.05688,covsumrhe,24,-1,0.25,1.0
0.34664,0.06102,covsumrhe,25,-1,0.25,1.0
0.29162,0.06125,covsumrhe,26,-1,0.25,1.0
0.31555,0.0616,covsumrhe,27,-1,0.25,1.0
0.30931,0.05808,covsumrhe,28,-1,0.25,1.0
0.20608,0.05693,covsumrhe,29,-1,0.25,1.0
0.17807,0.05393,covsumrhe,30,-1,0.25,1.0
0.31366,0.06137,covsumrhe,31,-1,0.25,1.0
0.22802,0.05614,covsumrhe,32,-1,0.25,1.0
0.26735,0.06113,covsumrhe,33,-1,0.25,1.0
0.30296,0.06126,covsumrhe,34,-1,0.25,1.0
0.23326,0.05142,covsumrhe,35,-1,0.25,1.0
0.1784,0.05897,covsumrhe,36,-1,0.25,1.0
0.27007,0.06107,covsumrhe,37,-1,0.25,1.0
0.22038,0.06203,covsumrhe,38,-1,0.25,1.0
0.21713,0.04754,covsumrhe,39,-1,0.25,1.0
0.20114,0.05959,covsumrhe,40,-1,0.25,1.0
0.3264,0.0637,covsumrhe,41,-1,0.25,1.0
0.22719,0.05498,covsumrhe,42,-1,0.25,1.0
0.22875,0.05733,covsumrhe,43,-1,0.25,1.0
0.31544,0.06296,covsumrhe,44,-1,0.25,1.0
0.31218,0.05941,covsumrhe,45,-1,0.25,1.0
0.29369,0.06115,covsumrhe,46,-1,0.25,1.0
0.35557,0.06049,covsumrhe,47,-1,0.25,1.0
0.30614,0.06613,covsumrhe,48,-1,0.25,1.0
0.24884,0.05819,covsumrhe,49,-1,0.25,1.0
0.28182,0.05792,covsumrhe,50,-1,0.25,1.0
0.21362,0.05498,covsumrhe,51,-1,0.25,1.0
0.27297,0.05167,covsumrhe,52,-1,0.25,1.0
0.23606,0.05546,covsumrhe,53,-1,0.25,1.0
0.28946,0.06644,covsumrhe,54,-1,0.25,1.0
0.28138,0.0583,covsumrhe,55,-1,0.25,1.0
0.26559,0.0584,covsumrhe,56,-1,0.25,1.0
0.23565,0.05884,covsumrhe,57,-1,0.25,1.0
0.17185,0.05402,covsumrhe,58,-1,0.25,1.0
0.22112,0.05008,covsumrhe,59,-1,0.25,1.0
0.277,0.05867,covsumrhe,60,-1,0.25,1.0
0.27969,0.05175,covsumrhe,61,-1,0.25,1.0
0.23795,0.05674,covsumrhe,62,-1,0.25,1.0
0.27891,0.0579,covsumrhe,63,-1,0.25,1.0
0.24089,0.04856,covsumrhe,64,-1,0.25,1.0
0.23487,0.05081,covsumrhe,65,-1,0.25,1.0
0.20424,0.05345,covsumrhe,66,-1,0.25,1.0
0.24686,0.05824,covsumrhe,67,-1,0.25,1.0
0.21458,0.04674,covsumrhe,68,-1,0.25,1.0
0.32525,0.0624,covsumrhe,69,-1,0.25,1.0
0.26321,0.05036,covsumrhe,70,-1,0.25,1.0
0.24279,0.05744,covsumrhe,71,-1,0.25,1.0
0.24669,0.05599,covsumrhe,72,-1,0.25,1.0
0.24865,0.05718,covsumrhe,73,-1,0.25,1.0
0.18638,0.05955,covsumrhe,74,-1,0.25,1.0
0.16033,0.0495,covsumrhe,75,-1,0.25,1.0
0.1666,0.04935,covsumrhe,76,-1,0.25,1.0
0.23802,0.05603,covsumrhe,77,-1,0.25,1.0
0.16302,0.051,covsumrhe,78,-1,0.25,1.0
0.18824,0.05062,covsumrhe,79,-1,0.25,1.0
0.21124,0.0549,covsumrhe,80,-1,0.25,1.0
0.27443,0.06078,covsumrhe,81,-1,0.25,1.0
0.11278,0.05274,covsumrhe,82,-1,0.25,1.0
0.2313,0.06509,covsumrhe,83,-1,0.25,1.0
0.21094,0.05786,covsumrhe,84,-1,0.25,1.0
0.33918,0.06103,covsumrhe,85,-1,0.25,1.0
0.29623,0.0602,covsumrhe,86,-1,0.25,1.0
0.19066,0.05691,covsumrhe,87,-1,0.25,1.0
0.25496,0.05672,covsumrhe,88,-1,0.25,1.0
0.32062,0.05839,covsumrhe,89,-1,0.25,1.0
0.25537,0.05631,covsumrhe,90,-1,0.25,1.0
0.37236,0.06707,covsumrhe,91,-1,0.25,1.0
0.31842,0.06693,covsumrhe,92,-1,0.25,1.0
0.18152,0.05187,covsumrhe,93,-1,0.25,1.0
0.24249,0.05966,covsumrhe,94,-1,0.25,1.0
0.18701,0.0558,covsumrhe,95,-1,0.25,1.0
0.28076,0.0635,covsumrhe,96,-1,0.25,1.0
0.20811,0.05716,covsumrhe,97,-1,0.25,1.0
0.30303,0.06218,covsumrhe,98,-1,0.25,1.0
0.29545,0.05566,covsumrhe,99,-1,0.25,1.0
0.23057,0.05685,covsumrhe,0,-1,0.25,0.1
0.18211,0.0534,covsumrhe,1,-1,0.25,0.1
0.22384,0.05235,covsumrhe,2,-1,0.25,0.1
0.29788,0.06387,covsumrhe,3,-1,0.25,0.1
0.17187,0.05193,covsumrhe,4,-1,0.25,0.1
0.23571,0.058,covsumrhe,5,-1,0.25,0.1
0.2419,0.05139,covsumrhe,6,-1,0.25,0.1
0.26657,0.05454,covsumrhe,7,-1,0.25,0.1
0.1443,0.0514,covsumrhe,8,-1,0.25,0.1
0.24583,0.0565,covsumrhe,9,-1,0.25,0.1
0.20956,0.04867,covsumrhe,10,-1,0.25,0.1
0.2821,0.05686,covsumrhe,11,-1,0.25,0.1
0.22094,0.05858,covsumrhe,12,-1,0.25,0.1
0.19197,0.04976,covsumrhe,13,-1,0.25,0.1
0.24806,0.06204,covsumrhe,14,-1,0.25,0.1
0.17313,0.05383,covsumrhe,15,-1,0.25,0.1
0.24303,0.05393,covsumrhe,16,-1,0.25,0.1
0.15358,0.05616,covsumrhe,17,-1,0.25,0.1
0.29418,0.05897,covsumrhe,18,-1,0.25,0.1
0.20766,0.05252,covsumrhe,19,-1,0.25,0.1
0.23338,0.0556,covsumrhe,20,-1,0.25,0.1
0.30882,0.06614,covsumrhe,21,-1,0.25,0.1
0.25967,0.05906,covsumrhe,22,-1,0.25,0.1
0.26348,0.05909,covsumrhe,23,-1,0.25,0.1
0.2751,0.05728,covsumrhe,24,-1,0.25,0.1
0.27683,0.05875,covsumrhe,25,-1,0.25,0.1
0.25285,0.06099,covsumrhe,26,-1,0.25,0.1
0.21669,0.05515,covsumrhe,27,-1,0.25,0.1
0.26268,0.05951,covsumrhe,28,-1,0.25,0.1
0.28472,0.06511,covsumrhe,29,-1,0.25,0.1
0.27844,0.05901,covsumrhe,30,-1,0.25,0.1
0.31106,0.05569,covsumrhe,31,-1,0.25,0.1
0.23324,0.05373,covsumrhe,32,-1,0.25,0.1
0.1909,0.05523,covsumrhe,33,-1,0.25,0.1
0.226,0.05652,covsumrhe,34,-1,0.25,0.1
0.27582,0.05479,covsumrhe,35,-1,0.25,0.1
0.25862,0.051,covsumrhe,36,-1,0.25,0.1
0.27763,0.06051,covsumrhe,37,-1,0.25,0.1
0.21557,0.05325,covsumrhe,38,-1,0.25,0.1
0.16179,0.05485,covsumrhe,39,-1,0.25,0.1
0.22454,0.05571,covsumrhe,40,-1,0.25,0.1
0.28299,0.06054,covsumrhe,41,-1,0.25,0.1
0.23126,0.06131,covsumrhe,42,-1,0.25,0.1
0.25181,0.05133,covsumrhe,43,-1,0.25,0.1
0.25755,0.0607,covsumrhe,44,-1,0.25,0.1
0.29016,0.05776,covsumrhe,45,-1,0.25,0.1
0.28236,0.05411,covsumrhe,46,-1,0.25,0.1
0.23415,0.06098,covsumrhe,47,-1,0.25,0.1
0.26634,0.05861,covsumrhe,48,-1,0.25,0.1
0.19233,0.0511,covsumrhe,49,-1,0.25,0.1
0.31922,0.05617,covsumrhe,50,-1,0.25,0.1
0.26961,0.05794,covsumrhe,51,-1,0.25,0.1
0.22451,0.0532,covsumrhe,52,-1,0.25,0.1
0.32871,0.0651,covsumrhe,53,-1,0.25,0.1
0.27068,0.05571,covsumrhe,54,-1,0.25,0.1
0.24167,0.05605,covsumrhe,55,-1,0.25,0.1
0.18804,0.0512,covsumrhe,56,-1,0.25,0.1
0.20542,0.06518,covsumrhe,57,-1,0.25,0.1
0.31165,0.06068,covsumrhe,58,-1,0.25,0.1
0.25977,0.05416,covsumrhe,59,-1,0.25,0.1
0.23787,0.05453,covsumrhe,60,-1,0.25,0.1
0.30403,0.06176,covsumrhe,61,-1,0.25,0.1
0.26566,0.05411,covsumrhe,62,-1,0.25,0.1
0.1743,0.05317,covsumrhe,63,-1,0.25,0.1
0.25712,0.05367,covsumrhe,64,-1,0.25,0.1
0.30676,0.06243,covsumrhe,65,-1,0.25,0.1
0.27567,0.05345,covsumrhe,66,-1,0.25,0.1
0.28181,0.05742,covsumrhe,67,-1,0.25,0.1
0.2695,0.05432,covsumrhe,68,-1,0.25,0.1
0.20705,0.05068,covsumrhe,69,-1,0.25,0.1
0.23776,0.05542,covsumrhe,70,-1,0.25,0.1
0.29174,0.06373,covsumrhe,71,-1,0.25,0.1
0.28934,0.05804,covsumrhe,72,-1,0.25,0.1
0.17693,0.05547,covsumrhe,73,-1,0.25,0.1
0.2932,0.05528,covsumrhe,74,-1,0.25,0.1
0.18721,0.05431,covsumrhe,75,-1,0.25,0.1
0.27427,0.05528,covsumrhe,76,-1,0.25,0.1
0.3835,0.06164,covsumrhe,77,-1,0.25,0.1
0.3215,0.06932,covsumrhe,78,-1,0.25,0.1
0.25012,0.05196,covsumrhe,79,-1,0.25,0.1
0.27217,0.05824,covsumrhe,80,-1,0.25,0.1
0.20244,0.0583,covsumrhe,81,-1,0.25,0.1
0.19012,0.05357,covsumrhe,82,-1,0.25,0.1
0.27767,0.05356,covsumrhe,83,-1,0.25,0.1
0.23229,0.05656,covsumrhe,84,-1,0.25,0.1
0.29063,0.05745,covsumrhe,85,-1,0.25,0.1
0.1855,0.05823,covsumrhe,86,-1,0.25,0.1
0.21301,0.05783,covsumrhe,87,-1,0.25,0.1
0.31776,0.06499,covsumrhe,88,-1,0.25,0.1
0.19541,0.05798,covsumrhe,89,-1,0.25,0.1
0.21779,0.05274,covsumrhe,90,-1,0.25,0.1
0.19302,0.05918,covsumrhe,91,-1,0.25,0.1
0.27243,0.05695,covsumrhe,92,-1,0.25,0.1
0.19845,0.05627,covsumrhe,93,-1,0.25,0.1
0.2547,0.05184,covsumrhe,94,-1,0.25,0.1
0.33974,0.06297,covsumrhe,95,-1,0.25,0.1
0.27823,0.06099,covsumrhe,96,-1,0.25,0.1
0.28969,0.05692,covsumrhe,97,-1,0.25,0.1
0.27152,0.05809,covsumrhe,98,-1,0.25,0.1
0.21642,0.05787,covsumrhe,99,-1,0.25,0.1
0.29299,0.05669,covsumrhe,0,-1,0.25,0.01
0.27847,0.05905,covsumrhe,1,-1,0.25,0.01
0.28432,0.05347,covsumrhe,2,-1,0.25,0.01
0.34089,0.06055,covsumrhe,3,-1,0.25,0.01
0.35155,0.06629,covsumrhe,4,-1,0.25,0.01
0.27069,0.05401,covsumrhe,5,-1,0.25,0.01
0.22519,0.05245,covsumrhe,6,-1,0.25,0.01
0.32518,0.06039,covsumrhe,7,-1,0.25,0.01
0.29557,0.05745,covsumrhe,8,-1,0.25,0.01
0.29295,0.06483,covsumrhe,9,-1,0.25,0.01
0.29082,0.06244,covsumrhe,10,-1,0.25,0.01
0.21996,0.06026,covsumrhe,11,-1,0.25,0.01
0.26187,0.05702,covsumrhe,12,-1,0.25,0.01
0.35866,0.06565,covsumrhe,13,-1,0.25,0.01
0.19079,0.05319,covsumrhe,14,-1,0.25,0.01
0.28068,0.05754,covsumrhe,15,-1,0.25,0.01
0.26949,0.05231,covsumrhe,16,-1,0.25,0.01
0.26985,0.0624,covsumrhe,17,-1,0.25,0.01
0.22423,0.0563,covsumrhe,18,-1,0.25,0.01
0.25899,0.05897,covsumrhe,19,-1,0.25,0.01
0.25404,0.05089,covsumrhe,20,-1,0.25,0.01
0.31451,0.05872,covsumrhe,21,-1,0.25,0.01
0.18452,0.05531,covsumrhe,22,-1,0.25,0.01
0.30326,0.06396,covsumrhe,23,-1,0.25,0.01
0.23415,0.05411,covsumrhe,24,-1,0.25,0.01
0.29235,0.05216,covsumrhe,25,-1,0.25,0.01
0.20322,0.0531,covsumrhe,26,-1,0.25,0.01
0.22094,0.05887,covsumrhe,27,-1,0.25,0.01
0.28382,0.06422,covsumrhe,28,-1,0.25,0.01
0.19704,0.05377,covsumrhe,29,-1,0.25,0.01
0.17514,0.0532,covsumrhe,30,-1,0.25,0.01
0.2781,0.05934,covsumrhe,31,-1,0.25,0.01
0.1936,0.05942,covsumrhe,32,-1,0.25,0.01
0.22739,0.05471,covsumrhe,33,-1,0.25,0.01
0.23893,0.05394,covsumrhe,34,-1,0.25,0.01
0.35445,0.06118,covsumrhe,35,-1,0.25,0.01
0.20448,0.0601,covsumrhe,36,-1,0.25,0.01
0.25857,0.06693,covsumrhe,37,-1,0.25,0.01
0.27357,0.05685,covsumrhe,38,-1,0.25,0.01
0.33297,0.065,covsumrhe,39,-1,0.25,0.01
0.31297,0.05812,covsumrhe,40,-1,0.25,0.01
0.2538,0.05901,covsumrhe,41,-1,0.25,0.01
0.26086,0.05763,covsumrhe,42,-1,0.25,0.01
0.2694,0.05998,covsumrhe,43,-1,0.25,0.01
0.27004,0.05625,covsumrhe,44,-1,0.25,0.01
0.33352,0.06472,covsumrhe,45,-1,0.25,0.01
0.15951,0.05756,covsumrhe,46,-1,0.25,0.01
0.28357,0.05821,covsumrhe,47,-1,0.25,0.01
0.2564,0.05394,covsumrhe,48,-1,0.25,0.01
0.28445,0.06448,covsumrhe,49,-1,0.25,0.01
0.2761,0.05801,covsumrhe,50,-1,0.25,0.01
0.22268,0.05758,covsumrhe,51,-1,0.25,0.01
0.23,0.05706,covsumrhe,52,-1,0.25,0.01
0.30469,0.06303,covsumrhe,53,-1,0.25,0.01
0.25322,0.05539,covsumrhe,54,-1,0.25,0.01
0.22962,0.05671,covsumrhe,55,-1,0.25,0.01
0.29958,0.05652,covsumrhe,56,-1,0.25,0.01
0.187,0.05922,covsumrhe,57,-1,0.25,0.01
0.21003,0.05808,covsumrhe,58,-1,0.25,0.01
0.2045,0.05959,covsumrhe,59,-1,0.25,0.01
0.29231,0.06347,covsumrhe,60,-1,0.25,0.01
0.23061,0.0516,covsumrhe,61,-1,0.25,0.01
0.23135,0.05302,covsumrhe,62,-1,0.25,0.01
0.26893,0.06428,covsumrhe,63,-1,0.25,0.01
0.21573,0.0547,covsumrhe,64,-1,0.25,0.01
0.35474,0.05992,covsumrhe,65,-1,0.25,0.01
0.29814,0.06222,covsumrhe,66,-1,0.25,0.01
0.10067,0.05417,covsumrhe,67,-1,0.25,0.01
0.30664,0.0629,covsumrhe,68,-1,0.25,0.01
0.28422,0.06185,covsumrhe,69,-1,0.25,0.01
0.29025,0.06276,covsumrhe,70,-1,0.25,0.01
0.21694,0.05767,covsumrhe,71,-1,0.25,0.01
0.3227,0.05775,covsumrhe,72,-1,0.25,0.01
0.25881,0.05277,covsumrhe,73,-1,0.25,0.01
0.31785,0.06042,covsumrhe,74,-1,0.25,0.01
0.22324,0.05982,covsumrhe,75,-1,0.25,0.01
0.23717,0.05427,covsumrhe,76,-1,0.25,0.01
0.22277,0.05551,covsumrhe,77,-1,0.25,0.01
0.27378,0.05692,covsumrhe,78,-1,0.25,0.01
0.29415,0.06689,covsumrhe,79,-1,0.25,0.01
0.14693,0.05026,covsumrhe,80,-1,0.25,0.01
0.29495,0.0649,covsumrhe,81,-1,0.25,0.01
0.21827,0.05462,covsumrhe,82,-1,0.25,0.01
0.26627,0.06822,covsumrhe,83,-1,0.25,0.01
0.16327,0.05378,covsumrhe,84,-1,0.25,0.01
0.29617,0.05776,covsumrhe,85,-1,0.25,0.01
0.24496,0.06008,covsumrhe,86,-1,0.25,0.01
0.21442,0.04969,covsumrhe,87,-1,0.25,0.01
0.14085,0.05061,covsumrhe,88,-1,0.25,0.01
0.25826,0.0579,covsumrhe,89,-1,0.25,0.01
0.32534,0.06121,covsumrhe,90,-1,0.25,0.01
0.18243,0.05627,covsumrhe,91,-1,0.25,0.01
0.25444,0.0564,covsumrhe,92,-1,0.25,0.01
0.24247,0.0561,covsumrhe,93,-1,0.25,0.01
0.25556,0.05285,covsumrhe,94,-1,0.25,0.01
0.20138,0.0498,covsumrhe,95,-1,0.25,0.01
0.17772,0.05329,covsumrhe,96,-1,0.25,0.01
0.2345,0.05338,covsumrhe,97,-1,0.25,0.01
0.2254,0.05658,covsumrhe,98,-1,0.25,0.01
0.24989,0.05227,covsumrhe,99,-1,0.25,0.01
0.39421,0.0627,covsumrhe,0,-1,0.4,1.0
0.3915,0.06538,covsumrhe,1,-1,0.4,1.0
0.40768,0.06371,covsumrhe,2,-1,0.4,1.0
0.3577,0.06494,covsumrhe,3,-1,0.4,1.0
0.25295,0.05722,covsumrhe,4,-1,0.4,1.0
0.44958,0.07267,covsumrhe,5,-1,0.4,1.0
0.34629,0.0577,covsumrhe,6,-1,0.4,1.0
0.3769,0.06588,covsumrhe,7,-1,0.4,1.0
0.43523,0.07041,covsumrhe,8,-1,0.4,1.0
0.45529,0.06917,covsumrhe,9,-1,0.4,1.0
0.42369,0.07563,covsumrhe,10,-1,0.4,1.0
0.24967,0.05395,covsumrhe,11,-1,0.4,1.0
0.44172,0.07035,covsumrhe,12,-1,0.4,1.0
0.37028,0.06591,covsumrhe,13,-1,0.4,1.0
0.40408,0.06117,covsumrhe,14,-1,0.4,1.0
0.38541,0.06242,covsumrhe,15,-1,0.4,1.0
0.49295,0.06979,covsumrhe,16,-1,0.4,1.0
0.34183,0.06516,covsumrhe,17,-1,0.4,1.0
0.52145,0.07709,covsumrhe,18,-1,0.4,1.0
0.50183,0.07168,covsumrhe,19,-1,0.4,1.0
0.54139,0.07671,covsumrhe,20,-1,0.4,1.0
0.37723,0.06598,covsumrhe,21,-1,0.4,1.0
0.48879,0.07479,covsumrhe,22,-1,0.4,1.0
0.38404,0.07066,covsumrhe,23,-1,0.4,1.0
0.36651,0.06529,covsumrhe,24,-1,0.4,1.0
0.39616,0.06196,covsumrhe,25,-1,0.4,1.0
0.37704,0.07143,covsumrhe,26,-1,0.4,1.0
0.3271,0.06196,covsumrhe,27,-1,0.4,1.0
0.37735,0.06337,covsumrhe,28,-1,0.4,1.0
0.50191,0.07576,covsumrhe,29,-1,0.4,1.0
0.3393,0.05916,covsumrhe,30,-1,0.4,1.0
0.38025,0.0697,covsumrhe,31,-1,0.4,1.0
0.42961,0.07152,covsumrhe,32,-1,0.4,1.0
0.39725,0.07123,covsumrhe,33,-1,0.4,1.0
0.36831,0.06627,covsumrhe,34,-1,0.4,1.0
0.40882,0.06418,covsumrhe,35,-1,0.4,1.0
0.37524,0.06433,covsumrhe,36,-1,0.4,1.0
0.43305,0.06703,covsumrhe,37,-1,0.4,1.0
0.40823,0.06966,covsumrhe,38,-1,0.4,1.0
0.38468,0.06385,covsumrhe,39,-1,0.4,1.0
0.43122,0.06233,covsumrhe,40,-1,0.4,1.0
0.34619,0.0669,covsumrhe,41,-1,0.4,1.0
0.40818,0.06808,covsumrhe,42,-1,0.4,1.0
0.31951,0.06141,covsumrhe,43,-1,0.4,1.0
0.47486,0.07728,covsumrhe,44,-1,0.4,1.0
0.43124,0.06727,covsumrhe,45,-1,0.4,1.0
0.43767,0.0711,covsumrhe,46,-1,0.4,1.0
0.50754,0.07454,covsumrhe,47,-1,0.4,1.0
0.38389,0.07096,covsumrhe,48,-1,0.4,1.0
0.3585,0.06668,covsumrhe,49,-1,0.4,1.0
0.33915,0.0592,covsumrhe,50,-1,0.4,1.0
0.52965,0.07511,covsumrhe,51,-1,0.4,1.0
0.46667,0.06803,covsumrhe,52,-1,0.4,1.0
0.38814,0.07197,covsumrhe,53,-1,0.4,1.0
0.47254,0.0691,covsumrhe,54,-1,0.4,1.0
0.39532,0.06582,covsumrhe,55,-1,0.4,1.0
0.39547,0.06587,covsumrhe,56,-1,0.4,1.0
0.51812,0.08371,covsumrhe,57,-1,0.4,1.0
0.46901,0.06863,covsumrhe,58,-1,0.4,1.0
0.31109,0.06057,covsumrhe,59,-1,0.4,1.0
0.46542,0.07212,covsumrhe,60,-1,0.4,1.0
0.37852,0.07079,covsumrhe,61,-1,0.4,1.0
0.418,0.06467,covsumrhe,62,-1,0.4,1.0
0.42473,0.06605,covsumrhe,63,-1,0.4,1.0
0.43789,0.07034,covsumrhe,64,-1,0.4,1.0
0.52111,0.07538,covsumrhe,65,-1,0.4,1.0
0.36743,0.061,covsumrhe,66,-1,0.4,1.0
0.45739,0.07201,covsumrhe,67,-1,0.4,1.0
0.44063,0.06712,covsumrhe,68,-1,0.4,1.0
0.39962,0.06903,covsumrhe,69,-1,0.4,1.0
0.50623,0.07645,covsumrhe,70,-1,0.4,1.0
0.41583,0.0652,covsumrhe,71,-1,0.4,1.0
0.40385,0.06887,covsumrhe,72,-1,0.4,1.0
0.27068,0.05873,covsumrhe,73,-1,0.4,1.0
0.43689,0.0732,covsumrhe,74,-1,0.4,1.0
0.43701,0.06737,covsumrhe,75,-1,0.4,1.0
0.51945,0.08007,covsumrhe,76,-1,0.4,1.0
0.45392,0.07098,covsumrhe,77,-1,0.4,1.0
0.41255,0.06652,covsumrhe,78,-1,0.4,1.0
0.41468,0.0664,covsumrhe,79,-1,0.4,1.0
0.44534,0.06363,covsumrhe,80,-1,0.4,1.0
0.44275,0.07144,covsumrhe,81,-1,0.4,1.0
0.40577,0.06527,covsumrhe,82,-1,0.4,1.0
0.40488,0.06743,covsumrhe,83,-1,0.4,1.0
0.44773,0.06825,covsumrhe,84,-1,0.4,1.0
0.41687,0.06935,covsumrhe,85,-1,0.4,1.0
0.40101,0.06681,covsumrhe,86,-1,0.4,1.0
0.38172,0.06108,covsumrhe,87,-1,0.4,1.0
0.38765,0.06896,covsumrhe,88,-1,0.4,1.0
0.41577,0.06656,covsumrhe,89,-1,0.4,1.0
0.31621,0.05352,covsumrhe,90,-1,0.4,1.0
0.33662,0.06249,covsumrhe,91,-1,0.4,1.0
0.32312,0.06233,covsumrhe,92,-1,0.4,1.0
0.38845,0.06485,covsumrhe,93,-1,0.4,1.0
0.33592,0.0624,covsumrhe,94,-1,0.4,1.0
0.33367,0.06226,covsumrhe,95,-1,0.4,1.0
0.3555,0.06438,covsumrhe,96,-1,0.4,1.0
0.38987,0.07371,covsumrhe,97,-1,0.4,1.0
0.41005,0.0674,covsumrhe,98,-1,0.4,1.0
0.46479,0.07045,covsumrhe,99,-1,0.4,1.0
0.46092,0.07039,covsumrhe,0,-1,0.4,0.1
0.35408,0.0634,covsumrhe,1,-1,0.4,0.1
0.44263,0.0698,covsumrhe,2,-1,0.4,0.1
0.37861,0.07066,covsumrhe,3,-1,0.4,0.1
0.48963,0.10713,covsumrhe,4,-1,0.4,0.1
0.38562,0.06734,covsumrhe,5,-1,0.4,0.1
0.38717,0.06817,covsumrhe,6,-1,0.4,0.1
0.39885,0.06721,covsumrhe,7,-1,0.4,0.1
0.41576,0.06652,covsumrhe,8,-1,0.4,0.1
0.45847,0.06833,covsumrhe,9,-1,0.4,0.1
0.38883,0.06749,covsumrhe,10,-1,0.4,0.1
0.49936,0.08238,covsumrhe,11,-1,0.4,0.1
0.40747,0.06388,covsumrhe,12,-1,0.4,0.1
0.35608,0.06041,covsumrhe,13,-1,0.4,0.1
0.44064,0.07322,covsumrhe,14,-1,0.4,0.1
0.34923,0.06213,covsumrhe,15,-1,0.4,0.1
0.4218,0.06788,covsumrhe,16,-1,0.4,0.1
0.36852,0.06543,covsumrhe,17,-1,0.4,0.1
0.44267,0.06875,covsumrhe,18,-1,0.4,0.1
0.32955,0.05747,covsumrhe,19,-1,0.4,0.1
0.37316,0.0665,covsumrhe,20,-1,0.4,0.1
0.4167,0.06718,covsumrhe,21,-1,0.4,0.1
0.40394,0.06603,covsumrhe,22,-1,0.4,0.1
0.3607,0.06777,covsumrhe,23,-1,0.4,0.1
0.41022,0.07061,covsumrhe,24,-1,0.4,0.1
0.40328,0.06264,covsumrhe,25,-1,0.4,0.1
0.35591,0.06208,covsumrhe,26,-1,0.4,0.1
0.34501,0.06208,covsumrhe,27,-1,0.4,0.1
0.36936,0.06153,covsumrhe,28,-1,0.4,0.1
0.31703,0.06039,covsumrhe,29,-1,0.4,0.1
0.39064,0.06272,covsumrhe,30,-1,0.4,0.1
0.44329,0.06374,covsumrhe,31,-1,0.4,0.1
0.39552,0.06391,covsumrhe,32,-1,0.4,0.1
0.55257,0.07677,covsumrhe,33,-1,0.4,0.1
0.42086,0.07633,covsumrhe,34,-1,0.4,0.1
0.48875,0.0708,covsumrhe,35,-1,0.4,0.1
0.48331,0.07413,covsumrhe,36,-1,0.4,0.1
0.4858,0.0686,covsumrhe,37,-1,0.4,0.1
0.42594,0.06806,covsumrhe,38,-1,0.4,0.1
0.27621,0.06168,covsumrhe,39,-1,0.4,0.1
0.43462,0.07084,covsumrhe,40,-1,0.4,0.1
0.46939,0.07234,covsumrhe,41,-1,0.4,0.1
0.28546,0.05741,covsumrhe,42,-1,0.4,0.1
0.27705,0.06536,covsumrhe,43,-1,0.4,0.1
0.3203,0.06349,covsumrhe,44,-1,0.4,0.1
0.5275,0.07467,covsumrhe,45,-1,0.4,0.1
0.31183,0.05898,covsumrhe,46,-1,0.4,0.1
0.39098,0.06475,covsumrhe,47,-1,0.4,0.1
0.43681,0.07507,covsumrhe,48,-1,0.4,0.1
0.42435,0.06927,covsumrhe,49,-1,0.4,0.1
0.44037,0.06932,covsumrhe,50,-1,0.4,0.1
0.36918,0.06467,covsumrhe,51,-1,0.4,0.1
0.37558,0.06,covsumrhe,52,-1,0.4,0.1
0.3662,0.0655,covsumrhe,53,-1,0.4,0.1
0.40332,0.06793,covsumrhe,54,-1,0.4,0.1
0.39054,0.06338,covsumrhe,55,-1,0.4,0.1
0.40477,0.06462,covsumrhe,56,-1,0.4,0.1
0.42875,0.06589,covsumrhe,57,-1,0.4,0.1
0.45301,0.06943,covsumrhe,58,-1,0.4,0.1
0.3236,0.05574,covsumrhe,59,-1,0.4,0.1
0.41601,0.06426,covsumrhe,60,-1,0.4,0.1
0.36652,0.06117,covsumrhe,61,-1,0.4,0.1
0.36678,0.06308,covsumrhe,62,-1,0.4,0.1
0.42391,0.06882,covsumrhe,63,-1,0.4,0.1
0.37816,0.06267,covsumrhe,64,-1,0.4,0.1
0.42586,0.06633,covsumrhe,65,-1,0.4,0.1
0.5169,0.0738,covsumrhe,66,-1,0.4,0.1
0.4139,0.06668,covsumrhe,67,-1,0.4,0.1
0.33532,0.07251,covsumrhe,68,-1,0.4,0.1
0.3233,0.0626,covsumrhe,69,-1,0.4,0.1
0.43799,0.07363,covsumrhe,70,-1,0.4,0.1
0.476,0.07131,covsumrhe,71,-1,0.4,0.1
0.3195,0.06423,covsumrhe,72,-1,0.4,0.1
0.37366,0.0658,covsumrhe,73,-1,0.4,0.1
0.35536,0.05774,covsumrhe,74,-1,0.4,0.1
0.41237,0.06973,covsumrhe,75,-1,0.4,0.1
0.32943,0.06141,covsumrhe,76,-1,0.4,0.1
0.4773,0.07196,covsumrhe,77,-1,0.4,0.1
0.50722,0.0744,covsumrhe,78,-1,0.4,0.1
0.45172,0.06636,covsumrhe,79,-1,0.4,0.1
0.43064,0.06925,covsumrhe,80,-1,0.4,0.1
0.38926,0.06887,covsumrhe,81,-1,0.4,0.1
0.42444,0.06537,covsumrhe,82,-1,0.4,0.1
0.48902,0.07673,covsumrhe,83,-1,0.4,0.1
0.38777,0.06647,covsumrhe,84,-1,0.4,0.1
0.42983,0.06621,covsumrhe,85,-1,0.4,0.1
0.45481,0.07103,covsumrhe,86,-1,0.4,0.1
0.47338,0.07407,covsumrhe,87,-1,0.4,0.1
0.42393,0.06602,covsumrhe,88,-1,0.4,0.1
0.39514,0.07089,covsumrhe,89,-1,0.4,0.1
0.37698,0.06631,covsumrhe,90,-1,0.4,0.1
0.33218,0.05963,covsumrhe,91,-1,0.4,0.1
0.42877,0.06668,covsumrhe,92,-1,0.4,0.1
0.26908,0.05702,covsumrhe,93,-1,0.4,0.1
0.4739,0.0693,covsumrhe,94,-1,0.4,0.1
0.39208,0.0639,covsumrhe,95,-1,0.4,0.1
0.50711,0.0677,covsumrhe,96,-1,0.4,0.1
0.39147,0.06212,covsumrhe,97,-1,0.4,0.1
0.40584,0.06416,covsumrhe,98,-1,0.4,0.1
0.42378,0.06946,covsumrhe,99,-1,0.4,0.1
0.44488,0.06727,covsumrhe,0,-1,0.4,0.01
0.36288,0.06521,covsumrhe,1,-1,0.4,0.01
0.4059,0.06965,covsumrhe,2,-1,0.4,0.01
0.50495,0.07481,covsumrhe,3,-1,0.4,0.01
0.507,0.07733,covsumrhe,4,-1,0.4,0.01
0.32628,0.0555,covsumrhe,5,-1,0.4,0.01
0.40236,0.06936,covsumrhe,6,-1,0.4,0.01
0.27787,0.06116,covsumrhe,7,-1,0.4,0.01
0.39384,0.06635,covsumrhe,8,-1,0.4,0.01
0.43277,0.07661,covsumrhe,9,-1,0.4,0.01
0.47511,0.07255,covsumrhe,10,-1,0.4,0.01
0.43102,0.06983,covsumrhe,11,-1,0.4,0.01
0.33445,0.05966,covsumrhe,12,-1,0.4,0.01
0.389,0.06538,covsumrhe,13,-1,0.4,0.01
0.4415,0.06557,covsumrhe,14,-1,0.4,0.01
0.41312,0.06488,covsumrhe,15,-1,0.4,0.01
0.37892,0.06744,covsumrhe,16,-1,0.4,0.01
0.42808,0.06918,covsumrhe,17,-1,0.4,0.01
0.38919,0.067,covsumrhe,18,-1,0.4,0.01
0.32502,0.0615,covsumrhe,19,-1,0.4,0.01
0.46963,0.07264,covsumrhe,20,-1,0.4,0.01
0.27504,0.05833,covsumrhe,21,-1,0.4,0.01
0.41842,0.06507,covsumrhe,22,-1,0.4,0.01
0.42487,0.06911,covsumrhe,23,-1,0.4,0.01
0.40485,0.06552,covsumrhe,24,-1,0.4,0.01
0.54538,0.07796,covsumrhe,25,-1,0.4,0.01
0.54855,0.09314,covsumrhe,26,-1,0.4,0.01
0.39822,0.06773,covsumrhe,27,-1,0.4,0.01
0.43456,0.06733,covsumrhe,28,-1,0.4,0.01
0.48173,0.07175,covsumrhe,29,-1,0.4,0.01
0.38822,0.06073,covsumrhe,30,-1,0.4,0.01
0.4884,0.07974,covsumrhe,31,-1,0.4,0.01
0.43019,0.06883,covsumrhe,32,-1,0.4,0.01
0.41749,0.06595,covsumrhe,33,-1,0.4,0.01
0.40553,0.06873,covsumrhe,34,-1,0.4,0.01
0.39904,0.06855,covsumrhe,35,-1,0.4,0.01
0.44143,0.06653,covsumrhe,36,-1,0.4,0.01
0.40288,0.07186,covsumrhe,37,-1,0.4,0.01
0.39576,0.06257,covsumrhe,38,-1,0.4,0.01
0.36478,0.06285,covsumrhe,39,-1,0.4,0.01
0.42395,0.07685,covsumrhe,40,-1,0.4,0.01
0.36891,0.06599,covsumrhe,41,-1,0.4,0.01
0.38974,0.06675,covsumrhe,42,-1,0.4,0.01
0.3769,0.07253,covsumrhe,43,-1,0.4,0.01
0.32078,0.05963,covsumrhe,44,-1,0.4,0.01
0.41617,0.07317,covsumrhe,45,-1,0.4,0.01
0.42744,0.06504,covsumrhe,46,-1,0.4,0.01
0.43631,0.07011,covsumrhe,47,-1,0.4,0.01
0.41548,0.06778,covsumrhe,48,-1,0.4,0.01
0.34273,0.0751,covsumrhe,49,-1,0.4,0.01
0.37556,0.06464,covsumrhe,50,-1,0.4,0.01
0.44798,0.06759,covsumrhe,51,-1,0.4,0.01
0.46526,0.0688,covsumrhe,52,-1,0.4,0.01
0.46455,0.07377,covsumrhe,53,-1,0.4,0.01
0.47445,0.07049,covsumrhe,54,-1,0.4,0.01
0.4557,0.0738,covsumrhe,55,-1,0.4,0.01
0.41682,0.07022,covsumrhe,56,-1,0.4,0.01
0.4351,0.06963,covsumrhe,57,-1,0.4,0.01
0.35602,0.05909,covsumrhe,58,-1,0.4,0.01
0.43121,0.06714,covsumrhe,59,-1,0.4,0.01
0.41669,0.0706,covsumrhe,60,-1,0.4,0.01
0.3209,0.06044,covsumrhe,61,-1,0.4,0.01
0.49734,0.07865,covsumrhe,62,-1,0.4,0.01
0.40448,0.0644,covsumrhe,63,-1,0.4,0.01
0.37592,0.06361,covsumrhe,64,-1,0.4,0.01
0.39248,0.06777,covsumrhe,65,-1,0.4,0.01
0.32952,0.05952,covsumrhe,66,-1,0.4,0.01
0.5155,0.0723,covsumrhe,67,-1,0.4,0.01
0.47025,0.07241,covsumrhe,68,-1,0.4,0.01
0.41302,0.06984,covsumrhe,69,-1,0.4,0.01
0.43678,0.06765,covsumrhe,70,-1,0.4,0.01
0.47612,0.07634,covsumrhe,71,-1,0.4,0.01
0.47362,0.07405,covsumrhe,72,-1,0.4,0.01
0.37084,0.0723,covsumrhe,73,-1,0.4,0.01
0.3694,0.06134,covsumrhe,74,-1,0.4,0.01
0.3793,0.06675,covsumrhe,75,-1,0.4,0.01
0.35233,0.06998,covsumrhe,76,-1,0.4,0.01
0.38769,0.06017,covsumrhe,77,-1,0.4,0.01
0.49674,0.07617,covsumrhe,78,-1,0.4,0.01
0.47503,0.07273,covsumrhe,79,-1,0.4,0.01
0.36762,0.07723,covsumrhe,80,-1,0.4,0.01
0.42564,0.06565,covsumrhe,81,-1,0.4,0.01
0.3694,0.0646,covsumrhe,82,-1,0.4,0.01
0.40657,0.07186,covsumrhe,83,-1,0.4,0.01
0.36838,0.0696,covsumrhe,84,-1,0.4,0.01
0.43962,0.06775,covsumrhe,85,-1,0.4,0.01
0.39901,0.06464,covsumrhe,86,-1,0.4,0.01
0.3104,0.05702,covsumrhe,87,-1,0.4,0.01
0.38485,0.06305,covsumrhe,88,-1,0.4,0.01
0.41336,0.06516,covsumrhe,89,-1,0.4,0.01
0.47305,0.07194,covsumrhe,90,-1,0.4,0.01
0.48529,0.07973,covsumrhe,91,-1,0.4,0.01
0.39595,0.06739,covsumrhe,92,-1,0.4,0.01
0.40904,0.07043,covsumrhe,93,-1,0.4,0.01
0.41106,0.07359,covsumrhe,94,-1,0.4,0.01
0.51534,0.06874,covsumrhe,95,-1,0.4,0.01
0.35396,0.06489,covsumrhe,96,-1,0.4,0.01
0.47307,0.07777,covsumrhe,97,-1,0.4,0.01
0.47356,0.08533,covsumrhe,98,-1,0.4,0.01
0.45507,0.06717,covsumrhe,99,-1,0.4,0.01
0.0893,0.0921,ldsc,0,1000,0.1,1.0
0.0001,0.0894,ldsc,1,1000,0.1,1.0
0.0711,0.0964,ldsc,2,1000,0.1,1.0
0.0709,0.0902,ldsc,3,1000,0.1,1.0
-0.0204,0.0954,ldsc,4,1000,0.1,1.0
0.2974,0.1037,ldsc,5,1000,0.1,1.0
0.0764,0.0996,ldsc,6,1000,0.1,1.0
-0.0925,0.0907,ldsc,7,1000,0.1,1.0
0.0114,0.0959,ldsc,8,1000,0.1,1.0
0.2007,0.0951,ldsc,9,1000,0.1,1.0
0.2828,0.0994,ldsc,10,1000,0.1,1.0
0.0623,0.091,ldsc,11,1000,0.1,1.0
0.2205,0.0923,ldsc,12,1000,0.1,1.0
0.1214,0.0956,ldsc,13,1000,0.1,1.0
0.0936,0.0974,ldsc,14,1000,0.1,1.0
0.2564,0.103,ldsc,15,1000,0.1,1.0
0.2015,0.1057,ldsc,16,1000,0.1,1.0
0.0779,0.0935,ldsc,17,1000,0.1,1.0
0.0887,0.091,ldsc,18,1000,0.1,1.0
0.3173,0.0962,ldsc,19,1000,0.1,1.0
0.2211,0.1151,ldsc,20,1000,0.1,1.0
0.1359,0.0982,ldsc,21,1000,0.1,1.0
-0.103,0.091,ldsc,22,1000,0.1,1.0
0.1317,0.0998,ldsc,23,1000,0.1,1.0
0.0727,0.0971,ldsc,24,1000,0.1,1.0
0.1938,0.1012,ldsc,25,1000,0.1,1.0
0.0081,0.0947,ldsc,26,1000,0.1,1.0
0.0933,0.0937,ldsc,27,1000,0.1,1.0
0.1614,0.0927,ldsc,28,1000,0.1,1.0
0.1786,0.1039,ldsc,29,1000,0.1,1.0
0.0803,0.0946,ldsc,30,1000,0.1,1.0
0.1362,0.1034,ldsc,31,1000,0.1,1.0
0.0853,0.0926,ldsc,32,1000,0.1,1.0
0.2526,0.0934,ldsc,33,1000,0.1,1.0
0.1129,0.1022,ldsc,34,1000,0.1,1.0
0.1928,0.1021,ldsc,35,1000,0.1,1.0
0.0312,0.0969,ldsc,36,1000,0.1,1.0
0.0961,0.1005,ldsc,37,1000,0.1,1.0
0.0171,0.0969,ldsc,38,1000,0.1,1.0
0.0434,0.0928,ldsc,39,1000,0.1,1.0
0.1257,0.0942,ldsc,40,1000,0.1,1.0
0.0978,0.0979,ldsc,41,1000,0.1,1.0
0.0959,0.0955,ldsc,42,1000,0.1,1.0
0.1287,0.1059,ldsc,43,1000,0.1,1.0
0.1426,0.1022,ldsc,44,1000,0.1,1.0
0.0639,0.0912,ldsc,45,1000,0.1,1.0
0.165,0.0969,ldsc,46,1000,0.1,1.0
0.0048,0.0948,ldsc,47,1000,0.1,1.0
0.1296,0.0921,ldsc,48,1000,0.1,1.0
0.314,0.1008,ldsc,49,1000,0.1,1.0
0.1215,0.0918,ldsc,50,1000,0.1,1.0
-0.0687,0.0954,ldsc,51,1000,0.1,1.0
0.0408,0.0909,ldsc,52,1000,0.1,1.0
0.1791,0.0938,ldsc,53,1000,0.1,1.0
0.2367,0.0962,ldsc,54,1000,0.1,1.0
0.0822,0.0952,ldsc,55,1000,0.1,1.0
0.181,0.0941,ldsc,56,1000,0.1,1.0
0.0801,0.1008,ldsc,57,1000,0.1,1.0
0.1152,0.1058,ldsc,58,1000,0.1,1.0
0.035,0.093,ldsc,59,1000,0.1,1.0
0.0192,0.0967,ldsc,60,1000,0.1,1.0
0.0609,0.0926,ldsc,61,1000,0.1,1.0
0.1342,0.0891,ldsc,62,1000,0.1,1.0
0.0286,0.1,ldsc,63,1000,0.1,1.0
-0.0291,0.0943,ldsc,64,1000,0.1,1.0
0.0113,0.089,ldsc,65,1000,0.1,1.0
0.2035,0.0884,ldsc,66,1000,0.1,1.0
0.2561,0.0971,ldsc,67,1000,0.1,1.0
-0.013,0.0864,ldsc,68,1000,0.1,1.0
-0.0231,0.0866,ldsc,69,1000,0.1,1.0
0.1497,0.0912,ldsc,70,1000,0.1,1.0
0.0915,0.0974,ldsc,71,1000,0.1,1.0
0.1238,0.0983,ldsc,72,1000,0.1,1.0
0.047,0.0968,ldsc,73,1000,0.1,1.0
0.0828,0.0963,ldsc,74,1000,0.1,1.0
0.1525,0.0947,ldsc,75,1000,0.1,1.0
0.1258,0.1033,ldsc,76,1000,0.1,1.0
0.023,0.0919,ldsc,77,1000,0.1,1.0
-0.0417,0.1242,ldsc,78,1000,0.1,1.0
-0.0308,0.0954,ldsc,79,1000,0.1,1.0
-0.1123,0.0884,ldsc,80,1000,0.1,1.0
0.0041,0.0961,ldsc,81,1000,0.1,1.0
0.1155,0.0961,ldsc,82,1000,0.1,1.0
0.1569,0.0973,ldsc,83,1000,0.1,1.0
0.0192,0.1009,ldsc,84,1000,0.1,1.0
0.0081,0.0925,ldsc,85,1000,0.1,1.0
0.1444,0.1046,ldsc,86,1000,0.1,1.0
0.1708,0.0993,ldsc,87,1000,0.1,1.0
0.0435,0.096,ldsc,88,1000,0.1,1.0
0.1109,0.1078,ldsc,89,1000,0.1,1.0
0.0594,0.1006,ldsc,90,1000,0.1,1.0
-0.1116,0.0906,ldsc,91,1000,0.1,1.0
0.146,0.1053,ldsc,92,1000,0.1,1.0
0.1324,0.0935,ldsc,93,1000,0.1,1.0
0.0998,0.1022,ldsc,94,1000,0.1,1.0
-0.0029,0.0934,ldsc,95,1000,0.1,1.0
0.3241,0.0987,ldsc,96,1000,0.1,1.0
0.2834,0.1068,ldsc,97,1000,0.1,1.0
-0.039,0.0919,ldsc,98,1000,0.1,1.0
0.2523,0.0935,ldsc,99,1000,0.1,1.0
0.0896,0.0902,ldsc,0,2000,0.1,1.0
-0.0015,0.0875,ldsc,1,2000,0.1,1.0
0.0706,0.094,ldsc,2,2000,0.1,1.0
0.0663,0.0881,ldsc,3,2000,0.1,1.0
-0.0178,0.0931,ldsc,4,2000,0.1,1.0
0.2901,0.1015,ldsc,5,2000,0.1,1.0
0.0719,0.0971,ldsc,6,2000,0.1,1.0
-0.0905,0.0887,ldsc,7,2000,0.1,1.0
0.0132,0.0935,ldsc,8,2000,0.1,1.0
0.1875,0.0931,ldsc,9,2000,0.1,1.0
0.2765,0.0973,ldsc,10,2000,0.1,1.0
0.0633,0.0889,ldsc,11,2000,0.1,1.0
0.2199,0.0904,ldsc,12,2000,0.1,1.0
0.1192,0.0939,ldsc,13,2000,0.1,1.0
0.0921,0.0957,ldsc,14,2000,0.1,1.0
0.2525,0.101,ldsc,15,2000,0.1,1.0
0.1938,0.1032,ldsc,16,2000,0.1,1.0
0.0792,0.0913,ldsc,17,2000,0.1,1.0
0.0858,0.0891,ldsc,18,2000,0.1,1.0
0.3085,0.0943,ldsc,19,2000,0.1,1.0
0.2135,0.1126,ldsc,20,2000,0.1,1.0
0.1345,0.096,ldsc,21,2000,0.1,1.0
-0.0979,0.0891,ldsc,22,2000,0.1,1.0
0.1284,0.0974,ldsc,23,2000,0.1,1.0
0.0733,0.0952,ldsc,24,2000,0.1,1.0
0.1919,0.0991,ldsc,25,2000,0.1,1.0
0.0061,0.0927,ldsc,26,2000,0.1,1.0
0.0875,0.0922,ldsc,27,2000,0.1,1.0
0.1583,0.0907,ldsc,28,2000,0.1,1.0
0.1766,0.1016,ldsc,29,2000,0.1,1.0
0.0746,0.0926,ldsc,30,2000,0.1,1.0
0.1324,0.101,ldsc,31,2000,0.1,1.0
0.0834,0.0906,ldsc,32,2000,0.1,1.0
0.2516,0.0913,ldsc,33,2000,0.1,1.0
0.1081,0.1,ldsc,34,2000,0.1,1.0
0.1919,0.1004,ldsc,35,2000,0.1,1.0
0.0254,0.0949,ldsc,36,2000,0.1,1.0
0.1006,0.0985,ldsc,37,2000,0.1,1.0
0.0196,0.0947,ldsc,38,2000,0.1,1.0
0.0351,0.0907,ldsc,39,2000,0.1,1.0
0.1228,0.092,ldsc,40,2000,0.1,1.0
0.0947,0.096,ldsc,41,2000,0.1,1.0
0.0914,0.0932,ldsc,42,2000,0.1,1.0
0.1261,0.1037,ldsc,43,2000,0.1,1.0
0.1389,0.0999,ldsc,44,2000,0.1,1.0
0.0637,0.0892,ldsc,45,2000,0.1,1.0
0.167,0.0948,ldsc,46,2000,0.1,1.0
0.0068,0.0929,ldsc,47,2000,0.1,1.0
0.1281,0.0901,ldsc,48,2000,0.1,1.0
0.3026,0.0987,ldsc,49,2000,0.1,1.0
0.1208,0.0898,ldsc,50,2000,0.1,1.0
-0.0648,0.0933,ldsc,51,2000,0.1,1.0
0.0413,0.0889,ldsc,52,2000,0.1,1.0
0.1716,0.0914,ldsc,53,2000,0.1,1.0
0.2402,0.0937,ldsc,54,2000,0.1,1.0
0.0792,0.0931,ldsc,55,2000,0.1,1.0
0.181,0.092,ldsc,56,2000,0.1,1.0
0.076,0.0985,ldsc,57,2000,0.1,1.0
0.1166,0.1032,ldsc,58,2000,0.1,1.0
0.0334,0.0912,ldsc,59,2000,0.1,1.0
0.0199,0.0946,ldsc,60,2000,0.1,1.0
0.0555,0.0905,ldsc,61,2000,0.1,1.0
0.1352,0.0874,ldsc,62,2000,0.1,1.0
0.0193,0.0979,ldsc,63,2000,0.1,1.0
-0.03,0.0922,ldsc,64,2000,0.1,1.0
0.0119,0.0869,ldsc,65,2000,0.1,1.0
0.1969,0.0863,ldsc,66,2000,0.1,1.0
0.2516,0.0949,ldsc,67,2000,0.1,1.0
-0.0158,0.0843,ldsc,68,2000,0.1,1.0
-0.0147,0.085,ldsc,69,2000,0.1,1.0
0.1464,0.0891,ldsc,70,2000,0.1,1.0
0.0957,0.0947,ldsc,71,2000,0.1,1.0
0.1195,0.0961,ldsc,72,2000,0.1,1.0
0.0507,0.0945,ldsc,73,2000,0.1,1.0
0.0797,0.0942,ldsc,74,2000,0.1,1.0
0.1496,0.0927,ldsc,75,2000,0.1,1.0
0.1221,0.1005,ldsc,76,2000,0.1,1.0
0.0214,0.0898,ldsc,77,2000,0.1,1.0
-0.0432,0.1216,ldsc,78,2000,0.1,1.0
-0.0351,0.0928,ldsc,79,2000,0.1,1.0
-0.1127,0.0865,ldsc,80,2000,0.1,1.0
0.0082,0.0942,ldsc,81,2000,0.1,1.0
0.1187,0.0937,ldsc,82,2000,0.1,1.0
0.1552,0.0952,ldsc,83,2000,0.1,1.0
0.0215,0.0981,ldsc,84,2000,0.1,1.0
0.011,0.0902,ldsc,85,2000,0.1,1.0
0.144,0.1023,ldsc,86,2000,0.1,1.0
0.1698,0.0971,ldsc,87,2000,0.1,1.0
0.0459,0.0937,ldsc,88,2000,0.1,1.0
0.1115,0.1057,ldsc,89,2000,0.1,1.0
0.0599,0.0983,ldsc,90,2000,0.1,1.0
-0.1118,0.0883,ldsc,91,2000,0.1,1.0
0.1458,0.1028,ldsc,92,2000,0.1,1.0
0.1273,0.0918,ldsc,93,2000,0.1,1.0
0.1014,0.0998,ldsc,94,2000,0.1,1.0
-0.0093,0.0912,ldsc,95,2000,0.1,1.0
0.3215,0.0963,ldsc,96,2000,0.1,1.0
0.277,0.1046,ldsc,97,2000,0.1,1.0
-0.0412,0.0904,ldsc,98,2000,0.1,1.0
0.2427,0.0913,ldsc,99,2000,0.1,1.0
0.0896,0.0896,ldsc,0,3000,0.1,1.0
-0.0011,0.0869,ldsc,1,3000,0.1,1.0
0.0703,0.0933,ldsc,2,3000,0.1,1.0
0.066,0.0874,ldsc,3,3000,0.1,1.0
-0.0161,0.0924,ldsc,4,3000,0.1,1.0
0.2874,0.1009,ldsc,5,3000,0.1,1.0
0.0712,0.0964,ldsc,6,3000,0.1,1.0
-0.0901,0.088,ldsc,7,3000,0.1,1.0
0.0136,0.0928,ldsc,8,3000,0.1,1.0
0.1844,0.0926,ldsc,9,3000,0.1,1.0
0.2757,0.0966,ldsc,10,3000,0.1,1.0
0.063,0.0882,ldsc,11,3000,0.1,1.0
0.2188,0.0898,ldsc,12,3000,0.1,1.0
0.1172,0.0933,ldsc,13,3000,0.1,1.0
0.092,0.0952,ldsc,14,3000,0.1,1.0
0.2493,0.1003,ldsc,15,3000,0.1,1.0
0.1928,0.1025,ldsc,16,3000,0.1,1.0
0.0807,0.0906,ldsc,17,3000,0.1,1.0
0.0847,0.0885,ldsc,18,3000,0.1,1.0
0.3049,0.0937,ldsc,19,3000,0.1,1.0
0.2116,0.1119,ldsc,20,3000,0.1,1.0
0.1341,0.0953,ldsc,21,3000,0.1,1.0
-0.096,0.0885,ldsc,22,3000,0.1,1.0
0.1267,0.0967,ldsc,23,3000,0.1,1.0
0.072,0.0946,ldsc,24,3000,0.1,1.0
0.1926,0.0985,ldsc,25,3000,0.1,1.0
0.0053,0.0919,ldsc,26,3000,0.1,1.0
0.0864,0.0917,ldsc,27,3000,0.1,1.0
0.1573,0.0901,ldsc,28,3000,0.1,1.0
0.1756,0.1009,ldsc,29,3000,0.1,1.0
0.0721,0.0919,ldsc,30,3000,0.1,1.0
0.1314,0.1004,ldsc,31,3000,0.1,1.0
0.0821,0.09,ldsc,32,3000,0.1,1.0
0.2506,0.0906,ldsc,33,3000,0.1,1.0
0.1085,0.0993,ldsc,34,3000,0.1,1.0
0.1912,0.0997,ldsc,35,3000,0.1,1.0
0.0238,0.0942,ldsc,36,3000,0.1,1.0
0.1026,0.0979,ldsc,37,3000,0.1,1.0
0.0203,0.094,ldsc,38,3000,0.1,1.0
0.033,0.09,ldsc,39,3000,0.1,1.0
0.1215,0.0913,ldsc,40,3000,0.1,1.0
0.0944,0.0955,ldsc,41,3000,0.1,1.0
0.0901,0.0925,ldsc,42,3000,0.1,1.0
0.1251,0.103,ldsc,43,3000,0.1,1.0
0.1365,0.0992,ldsc,44,3000,0.1,1.0
0.065,0.0885,ldsc,45,3000,0.1,1.0
0.1656,0.0942,ldsc,46,3000,0.1,1.0
0.0072,0.0922,ldsc,47,3000,0.1,1.0
0.1267,0.0895,ldsc,48,3000,0.1,1.0
0.3001,0.0981,ldsc,49,3000,0.1,1.0
0.1219,0.0891,ldsc,50,3000,0.1,1.0
-0.0648,0.0927,ldsc,51,3000,0.1,1.0
0.0409,0.0883,ldsc,52,3000,0.1,1.0
0.1699,0.0907,ldsc,53,3000,0.1,1.0
0.2416,0.093,ldsc,54,3000,0.1,1.0
0.0779,0.0925,ldsc,55,3000,0.1,1.0
0.1805,0.0914,ldsc,56,3000,0.1,1.0
0.0741,0.0978,ldsc,57,3000,0.1,1.0
0.1172,0.1024,ldsc,58,3000,0.1,1.0
0.0329,0.0906,ldsc,59,3000,0.1,1.0
0.0201,0.0939,ldsc,60,3000,0.1,1.0
0.0536,0.0898,ldsc,61,3000,0.1,1.0
0.1351,0.0868,ldsc,62,3000,0.1,1.0
0.017,0.0972,ldsc,63,3000,0.1,1.0
-0.0296,0.0915,ldsc,64,3000,0.1,1.0
0.0133,0.0863,ldsc,65,3000,0.1,1.0
0.1948,0.0857,ldsc,66,3000,0.1,1.0
0.2517,0.0942,ldsc,67,3000,0.1,1.0
-0.0162,0.0837,ldsc,68,3000,0.1,1.0
-0.0144,0.0845,ldsc,69,3000,0.1,1.0
0.1443,0.0885,ldsc,70,3000,0.1,1.0
0.0962,0.094,ldsc,71,3000,0.1,1.0
0.1183,0.0955,ldsc,72,3000,0.1,1.0
0.0517,0.0938,ldsc,73,3000,0.1,1.0
0.0791,0.0936,ldsc,74,3000,0.1,1.0
0.1484,0.0921,ldsc,75,3000,0.1,1.0
0.1193,0.0997,ldsc,76,3000,0.1,1.0
0.0204,0.0892,ldsc,77,3000,0.1,1.0
-0.0441,0.1207,ldsc,78,3000,0.1,1.0
-0.0354,0.0921,ldsc,79,3000,0.1,1.0
-0.1135,0.0859,ldsc,80,3000,0.1,1.0
0.0088,0.0937,ldsc,81,3000,0.1,1.0
0.1197,0.093,ldsc,82,3000,0.1,1.0
0.1538,0.0946,ldsc,83,3000,0.1,1.0
0.0219,0.0972,ldsc,84,3000,0.1,1.0
0.0125,0.0895,ldsc,85,3000,0.1,1.0
0.1433,0.1016,ldsc,86,3000,0.1,1.0
0.1674,0.0965,ldsc,87,3000,0.1,1.0
0.0457,0.093,ldsc,88,3000,0.1,1.0
0.1125,0.105,ldsc,89,3000,0.1,1.0
0.0603,0.0976,ldsc,90,3000,0.1,1.0
-0.1111,0.0877,ldsc,91,3000,0.1,1.0
0.1451,0.102,ldsc,92,3000,0.1,1.0
0.1271,0.0912,ldsc,93,3000,0.1,1.0
0.1018,0.099,ldsc,94,3000,0.1,1.0
-0.0105,0.0905,ldsc,95,3000,0.1,1.0
0.3211,0.0957,ldsc,96,3000,0.1,1.0
0.2747,0.1039,ldsc,97,3000,0.1,1.0
-0.0424,0.0898,ldsc,98,3000,0.1,1.0
0.2397,0.0906,ldsc,99,3000,0.1,1.0
0.0898,0.0887,ldsc,0,5000,0.1,1.0
-0.0032,0.0861,ldsc,1,5000,0.1,1.0
0.0705,0.0923,ldsc,2,5000,0.1,1.0
0.0632,0.0865,ldsc,3,5000,0.1,1.0
-0.0147,0.0912,ldsc,4,5000,0.1,1.0
0.2837,0.1,ldsc,5,5000,0.1,1.0
0.0704,0.0952,ldsc,6,5000,0.1,1.0
-0.0906,0.0869,ldsc,7,5000,0.1,1.0
0.0134,0.0917,ldsc,8,5000,0.1,1.0
0.1778,0.0919,ldsc,9,5000,0.1,1.0
0.2745,0.0958,ldsc,10,5000,0.1,1.0
0.0613,0.0872,ldsc,11,5000,0.1,1.0
0.218,0.0891,ldsc,12,5000,0.1,1.0
0.1144,0.0926,ldsc,13,5000,0.1,1.0
0.0913,0.0944,ldsc,14,5000,0.1,1.0
0.2467,0.0994,ldsc,15,5000,0.1,1.0
0.1915,0.1015,ldsc,16,5000,0.1,1.0
0.0809,0.0897,ldsc,17,5000,0.1,1.0
0.0844,0.0876,ldsc,18,5000,0.1,1.0
0.3037,0.0935,ldsc,19,5000,0.1,1.0
0.2098,0.1107,ldsc,20,5000,0.1,1.0
0.1313,0.0942,ldsc,21,5000,0.1,1.0
-0.0963,0.0875,ldsc,22,5000,0.1,1.0
0.1248,0.0957,ldsc,23,5000,0.1,1.0
0.0693,0.0935,ldsc,24,5000,0.1,1.0
0.194,0.0978,ldsc,25,5000,0.1,1.0
0.0057,0.091,ldsc,26,5000,0.1,1.0
0.0831,0.091,ldsc,27,5000,0.1,1.0
0.1554,0.0891,ldsc,28,5000,0.1,1.0
0.1758,0.0999,ldsc,29,5000,0.1,1.0
0.0714,0.0909,ldsc,30,5000,0.1,1.0
0.1311,0.0992,ldsc,31,5000,0.1,1.0
0.079,0.089,ldsc,32,5000,0.1,1.0
0.2489,0.0898,ldsc,33,5000,0.1,1.0
0.1064,0.0983,ldsc,34,5000,0.1,1.0
0.1917,0.0988,ldsc,35,5000,0.1,1.0
0.0212,0.0933,ldsc,36,5000,0.1,1.0
0.1028,0.0969,ldsc,37,5000,0.1,1.0
0.0199,0.0929,ldsc,38,5000,0.1,1.0
0.0295,0.0892,ldsc,39,5000,0.1,1.0
0.1205,0.0904,ldsc,40,5000,0.1,1.0
0.0951,0.0947,ldsc,41,5000,0.1,1.0
0.0891,0.0914,ldsc,42,5000,0.1,1.0
0.1244,0.1021,ldsc,43,5000,0.1,1.0
0.1405,0.0985,ldsc,44,5000,0.1,1.0
0.063,0.0879,ldsc,45,5000,0.1,1.0
0.1676,0.0934,ldsc,46,5000,0.1,1.0
0.0058,0.091,ldsc,47,5000,0.1,1.0
0.1296,0.0886,ldsc,48,5000,0.1,1.0
0.3008,0.0973,ldsc,49,5000,0.1,1.0
0.1225,0.088,ldsc,50,5000,0.1,1.0
-0.0639,0.0917,ldsc,51,5000,0.1,1.0
0.0416,0.0871,ldsc,52,5000,0.1,1.0
0.1649,0.0893,ldsc,53,5000,0.1,1.0
0.2397,0.0919,ldsc,54,5000,0.1,1.0
0.0783,0.0914,ldsc,55,5000,0.1,1.0
0.1772,0.0905,ldsc,56,5000,0.1,1.0
0.0709,0.0967,ldsc,57,5000,0.1,1.0
0.1192,0.101,ldsc,58,5000,0.1,1.0
0.0299,0.0897,ldsc,59,5000,0.1,1.0
0.0185,0.093,ldsc,60,5000,0.1,1.0
0.0493,0.0889,ldsc,61,5000,0.1,1.0
0.1333,0.086,ldsc,62,5000,0.1,1.0
0.0156,0.096,ldsc,63,5000,0.1,1.0
-0.0268,0.0904,ldsc,64,5000,0.1,1.0
0.0134,0.0853,ldsc,65,5000,0.1,1.0
0.1894,0.085,ldsc,66,5000,0.1,1.0
0.2508,0.0934,ldsc,67,5000,0.1,1.0
-0.0155,0.0827,ldsc,68,5000,0.1,1.0
-0.0116,0.0835,ldsc,69,5000,0.1,1.0
0.1432,0.0874,ldsc,70,5000,0.1,1.0
0.0963,0.0931,ldsc,71,5000,0.1,1.0
0.1154,0.0944,ldsc,72,5000,0.1,1.0
0.0517,0.0927,ldsc,73,5000,0.1,1.0
0.0788,0.0927,ldsc,74,5000,0.1,1.0
0.1487,0.0913,ldsc,75,5000,0.1,1.0
0.1174,0.0982,ldsc,76,5000,0.1,1.0
0.0237,0.088,ldsc,77,5000,0.1,1.0
-0.0427,0.1196,ldsc,78,5000,0.1,1.0
-0.0367,0.0909,ldsc,79,5000,0.1,1.0
-0.1125,0.0849,ldsc,80,5000,0.1,1.0
0.011,0.0927,ldsc,81,5000,0.1,1.0
0.1205,0.0921,ldsc,82,5000,0.1,1.0
0.1516,0.0937,ldsc,83,5000,0.1,1.0
0.0218,0.096,ldsc,84,5000,0.1,1.0
0.0108,0.0885,ldsc,85,5000,0.1,1.0
0.1406,0.1005,ldsc,86,5000,0.1,1.0
0.1651,0.0955,ldsc,87,5000,0.1,1.0
0.0448,0.092,ldsc,88,5000,0.1,1.0
0.1111,0.1043,ldsc,89,5000,0.1,1.0
0.0601,0.0965,ldsc,90,5000,0.1,1.0
-0.1079,0.0869,ldsc,91,5000,0.1,1.0
0.1446,0.1006,ldsc,92,5000,0.1,1.0
0.1239,0.0904,ldsc,93,5000,0.1,1.0
0.1029,0.0978,ldsc,94,5000,0.1,1.0
-0.0079,0.0896,ldsc,95,5000,0.1,1.0
0.3195,0.0946,ldsc,96,5000,0.1,1.0
0.2707,0.1025,ldsc,97,5000,0.1,1.0
-0.0436,0.089,ldsc,98,5000,0.1,1.0
0.2367,0.0897,ldsc,99,5000,0.1,1.0
0.0908,0.0874,ldsc,0,10000,0.1,1.0
-0.0042,0.0846,ldsc,1,10000,0.1,1.0
0.069,0.0907,ldsc,2,10000,0.1,1.0
0.0633,0.0852,ldsc,3,10000,0.1,1.0
-0.0141,0.0895,ldsc,4,10000,0.1,1.0
0.2789,0.0983,ldsc,5,10000,0.1,1.0
0.0696,0.0937,ldsc,6,10000,0.1,1.0
-0.09,0.0854,ldsc,7,10000,0.1,1.0
0.0132,0.0902,ldsc,8,10000,0.1,1.0
0.1715,0.0908,ldsc,9,10000,0.1,1.0
0.2728,0.0949,ldsc,10,10000,0.1,1.0
0.0617,0.0858,ldsc,11,10000,0.1,1.0
0.213,0.0882,ldsc,12,10000,0.1,1.0
0.1117,0.0916,ldsc,13,10000,0.1,1.0
0.0915,0.0933,ldsc,14,10000,0.1,1.0
0.2413,0.0981,ldsc,15,10000,0.1,1.0
0.1874,0.1004,ldsc,16,10000,0.1,1.0
0.0811,0.0883,ldsc,17,10000,0.1,1.0
0.0827,0.0861,ldsc,18,10000,0.1,1.0
0.2993,0.0929,ldsc,19,10000,0.1,1.0
0.2037,0.1092,ldsc,20,10000,0.1,1.0
0.1296,0.0926,ldsc,21,10000,0.1,1.0
-0.0963,0.0858,ldsc,22,10000,0.1,1.0
0.1206,0.0943,ldsc,23,10000,0.1,1.0
0.0654,0.0919,ldsc,24,10000,0.1,1.0
0.1937,0.0967,ldsc,25,10000,0.1,1.0
0.0057,0.0894,ldsc,26,10000,0.1,1.0
0.0806,0.0899,ldsc,27,10000,0.1,1.0
0.1517,0.0877,ldsc,28,10000,0.1,1.0
0.1754,0.0987,ldsc,29,10000,0.1,1.0
0.069,0.0896,ldsc,30,10000,0.1,1.0
0.1298,0.0977,ldsc,31,10000,0.1,1.0
0.079,0.0874,ldsc,32,10000,0.1,1.0
0.2469,0.0888,ldsc,33,10000,0.1,1.0
0.1053,0.0968,ldsc,34,10000,0.1,1.0
0.1875,0.0977,ldsc,35,10000,0.1,1.0
0.0202,0.0918,ldsc,36,10000,0.1,1.0
0.1019,0.0956,ldsc,37,10000,0.1,1.0
0.016,0.0913,ldsc,38,10000,0.1,1.0
0.0259,0.0877,ldsc,39,10000,0.1,1.0
0.1198,0.0891,ldsc,40,10000,0.1,1.0
0.0968,0.0935,ldsc,41,10000,0.1,1.0
0.0882,0.09,ldsc,42,10000,0.1,1.0
0.1231,0.1005,ldsc,43,10000,0.1,1.0
0.1395,0.0971,ldsc,44,10000,0.1,1.0
0.0631,0.0865,ldsc,45,10000,0.1,1.0
0.1707,0.0922,ldsc,46,10000,0.1,1.0
0.0045,0.0895,ldsc,47,10000,0.1,1.0
0.13,0.0874,ldsc,48,10000,0.1,1.0
0.298,0.0963,ldsc,49,10000,0.1,1.0
0.1199,0.0866,ldsc,50,10000,0.1,1.0
-0.0642,0.0901,ldsc,51,10000,0.1,1.0
0.0408,0.0857,ldsc,52,10000,0.1,1.0
0.1571,0.0871,ldsc,53,10000,0.1,1.0
0.2386,0.0905,ldsc,54,10000,0.1,1.0
0.0775,0.0901,ldsc,55,10000,0.1,1.0
0.1759,0.0893,ldsc,56,10000,0.1,1.0
0.0698,0.0949,ldsc,57,10000,0.1,1.0
0.117,0.0987,ldsc,58,10000,0.1,1.0
0.0247,0.0883,ldsc,59,10000,0.1,1.0
0.0201,0.0916,ldsc,60,10000,0.1,1.0
0.0475,0.0874,ldsc,61,10000,0.1,1.0
0.1297,0.0849,ldsc,62,10000,0.1,1.0
0.0149,0.0943,ldsc,63,10000,0.1,1.0
-0.0267,0.0887,ldsc,64,10000,0.1,1.0
0.0134,0.0838,ldsc,65,10000,0.1,1.0
0.1853,0.0839,ldsc,66,10000,0.1,1.0
0.249,0.0922,ldsc,67,10000,0.1,1.0
-0.0138,0.0812,ldsc,68,10000,0.1,1.0
-0.0076,0.0821,ldsc,69,10000,0.1,1.0
0.1427,0.0859,ldsc,70,10000,0.1,1.0
0.0975,0.0916,ldsc,71,10000,0.1,1.0
0.1135,0.0929,ldsc,72,10000,0.1,1.0
0.0526,0.0911,ldsc,73,10000,0.1,1.0
0.0784,0.0914,ldsc,74,10000,0.1,1.0
0.1488,0.0901,ldsc,75,10000,0.1,1.0
0.1145,0.0956,ldsc,76,10000,0.1,1.0
0.0216,0.0864,ldsc,77,10000,0.1,1.0
-0.0392,0.1182,ldsc,78,10000,0.1,1.0
-0.0368,0.0892,ldsc,79,10000,0.1,1.0
-0.1103,0.0832,ldsc,80,10000,0.1,1.0
0.0129,0.0915,ldsc,81,10000,0.1,1.0
0.1213,0.0908,ldsc,82,10000,0.1,1.0
0.1513,0.0924,ldsc,83,10000,0.1,1.0
0.0237,0.0943,ldsc,84,10000,0.1,1.0
0.0126,0.0871,ldsc,85,10000,0.1,1.0
0.1389,0.099,ldsc,86,10000,0.1,1.0
0.1638,0.0941,ldsc,87,10000,0.1,1.0
0.047,0.0906,ldsc,88,10000,0.1,1.0
0.1095,0.103,ldsc,89,10000,0.1,1.0
0.0603,0.095,ldsc,90,10000,0.1,1.0
-0.1052,0.0853,ldsc,91,10000,0.1,1.0
0.1398,0.0986,ldsc,92,10000,0.1,1.0
0.1218,0.0893,ldsc,93,10000,0.1,1.0
0.102,0.0962,ldsc,94,10000,0.1,1.0
-0.0085,0.0881,ldsc,95,10000,0.1,1.0
0.3152,0.0931,ldsc,96,10000,0.1,1.0
0.2663,0.1004,ldsc,97,10000,0.1,1.0
-0.0423,0.0884,ldsc,98,10000,0.1,1.0
0.2318,0.0885,ldsc,99,10000,0.1,1.0
0.0915,0.0874,ldsc,0,20000,0.1,1.0
-0.0031,0.0846,ldsc,1,20000,0.1,1.0
0.0696,0.0907,ldsc,2,20000,0.1,1.0
0.063,0.0851,ldsc,3,20000,0.1,1.0
-0.0144,0.0894,ldsc,4,20000,0.1,1.0
0.2788,0.0981,ldsc,5,20000,0.1,1.0
0.0682,0.0936,ldsc,6,20000,0.1,1.0
-0.0907,0.0852,ldsc,7,20000,0.1,1.0
0.0119,0.0901,ldsc,8,20000,0.1,1.0
0.1693,0.0907,ldsc,9,20000,0.1,1.0
0.272,0.0949,ldsc,10,20000,0.1,1.0
0.0615,0.0858,ldsc,11,20000,0.1,1.0
0.2149,0.0881,ldsc,12,20000,0.1,1.0
0.1114,0.0915,ldsc,13,20000,0.1,1.0
0.0907,0.0932,ldsc,14,20000,0.1,1.0
0.2419,0.098,ldsc,15,20000,0.1,1.0
0.1868,0.1003,ldsc,16,20000,0.1,1.0
0.0827,0.0882,ldsc,17,20000,0.1,1.0
0.0838,0.0861,ldsc,18,20000,0.1,1.0
0.2975,0.0928,ldsc,19,20000,0.1,1.0
0.2049,0.1091,ldsc,20,20000,0.1,1.0
0.1296,0.0925,ldsc,21,20000,0.1,1.0
-0.098,0.0858,ldsc,22,20000,0.1,1.0
0.1202,0.0942,ldsc,23,20000,0.1,1.0
0.066,0.0918,ldsc,24,20000,0.1,1.0
0.1926,0.0966,ldsc,25,20000,0.1,1.0
0.0061,0.0893,ldsc,26,20000,0.1,1.0
0.0789,0.0898,ldsc,27,20000,0.1,1.0
0.1536,0.0877,ldsc,28,20000,0.1,1.0
0.1762,0.0986,ldsc,29,20000,0.1,1.0
0.068,0.0894,ldsc,30,20000,0.1,1.0
0.1313,0.0976,ldsc,31,20000,0.1,1.0
0.0783,0.0874,ldsc,32,20000,0.1,1.0
0.2485,0.0887,ldsc,33,20000,0.1,1.0
0.1035,0.0967,ldsc,34,20000,0.1,1.0
0.187,0.0976,ldsc,35,20000,0.1,1.0
0.0192,0.0918,ldsc,36,20000,0.1,1.0
0.1025,0.0955,ldsc,37,20000,0.1,1.0
0.0162,0.0913,ldsc,38,20000,0.1,1.0
0.0251,0.0876,ldsc,39,20000,0.1,1.0
0.1192,0.0891,ldsc,40,20000,0.1,1.0
0.0968,0.0934,ldsc,41,20000,0.1,1.0
0.0862,0.0899,ldsc,42,20000,0.1,1.0
0.1217,0.1005,ldsc,43,20000,0.1,1.0
0.1409,0.097,ldsc,44,20000,0.1,1.0
0.0642,0.0864,ldsc,45,20000,0.1,1.0
0.1714,0.0921,ldsc,46,20000,0.1,1.0
0.0038,0.0895,ldsc,47,20000,0.1,1.0
0.1304,0.0874,ldsc,48,20000,0.1,1.0
0.299,0.0963,ldsc,49,20000,0.1,1.0
0.1188,0.0865,ldsc,50,20000,0.1,1.0
-0.0644,0.09,ldsc,51,20000,0.1,1.0
0.0394,0.0856,ldsc,52,20000,0.1,1.0
0.1591,0.0869,ldsc,53,20000,0.1,1.0
0.2416,0.0903,ldsc,54,20000,0.1,1.0
0.0777,0.09,ldsc,55,20000,0.1,1.0
0.1761,0.0892,ldsc,56,20000,0.1,1.0
0.069,0.0948,ldsc,57,20000,0.1,1.0
0.1179,0.0985,ldsc,58,20000,0.1,1.0
0.0254,0.0882,ldsc,59,20000,0.1,1.0
0.0212,0.0916,ldsc,60,20000,0.1,1.0
0.0473,0.0873,ldsc,61,20000,0.1,1.0
0.1279,0.0848,ldsc,62,20000,0.1,1.0
0.0144,0.0942,ldsc,63,20000,0.1,1.0
-0.0262,0.0886,ldsc,64,20000,0.1,1.0
0.0134,0.0838,ldsc,65,20000,0.1,1.0
0.1865,0.0839,ldsc,66,20000,0.1,1.0
0.2476,0.0922,ldsc,67,20000,0.1,1.0
-0.0141,0.0811,ldsc,68,20000,0.1,1.0
-0.0081,0.0821,ldsc,69,20000,0.1,1.0
0.1425,0.0859,ldsc,70,20000,0.1,1.0
0.0964,0.0915,ldsc,71,20000,0.1,1.0
0.1116,0.0928,ldsc,72,20000,0.1,1.0
0.0531,0.0911,ldsc,73,20000,0.1,1.0
0.0809,0.0913,ldsc,74,20000,0.1,1.0
0.1475,0.0901,ldsc,75,20000,0.1,1.0
0.1145,0.0955,ldsc,76,20000,0.1,1.0
0.0206,0.0864,ldsc,77,20000,0.1,1.0
-0.0405,0.1181,ldsc,78,20000,0.1,1.0
-0.0389,0.0892,ldsc,79,20000,0.1,1.0
-0.1114,0.0831,ldsc,80,20000,0.1,1.0
0.0139,0.0915,ldsc,81,20000,0.1,1.0
0.1224,0.0907,ldsc,82,20000,0.1,1.0
0.1505,0.0923,ldsc,83,20000,0.1,1.0
0.0213,0.0943,ldsc,84,20000,0.1,1.0
0.0126,0.087,ldsc,85,20000,0.1,1.0
0.1389,0.0989,ldsc,86,20000,0.1,1.0
0.1637,0.0941,ldsc,87,20000,0.1,1.0
0.0454,0.0906,ldsc,88,20000,0.1,1.0
0.1095,0.1029,ldsc,89,20000,0.1,1.0
0.0608,0.0949,ldsc,90,20000,0.1,1.0
-0.1073,0.0852,ldsc,91,20000,0.1,1.0
0.1416,0.0985,ldsc,92,20000,0.1,1.0
0.1217,0.0893,ldsc,93,20000,0.1,1.0
0.102,0.0961,ldsc,94,20000,0.1,1.0
-0.0095,0.0879,ldsc,95,20000,0.1,1.0
0.3135,0.093,ldsc,96,20000,0.1,1.0
0.2659,0.1003,ldsc,97,20000,0.1,1.0
-0.0424,0.0883,ldsc,98,20000,0.1,1.0
0.2305,0.0884,ldsc,99,20000,0.1,1.0
0.0927,0.0873,ldsc,0,30000,0.1,1.0
-0.0027,0.0846,ldsc,1,30000,0.1,1.0
0.0699,0.0907,ldsc,2,30000,0.1,1.0
0.0625,0.0852,ldsc,3,30000,0.1,1.0
-0.016,0.0894,ldsc,4,30000,0.1,1.0
0.2779,0.0981,ldsc,5,30000,0.1,1.0
0.0695,0.0935,ldsc,6,30000,0.1,1.0
-0.0898,0.0852,ldsc,7,30000,0.1,1.0
0.0123,0.09,ldsc,8,30000,0.1,1.0
0.1707,0.0907,ldsc,9,30000,0.1,1.0
0.2726,0.0948,ldsc,10,30000,0.1,1.0
0.0614,0.0858,ldsc,11,30000,0.1,1.0
0.217,0.0881,ldsc,12,30000,0.1,1.0
0.1119,0.0915,ldsc,13,30000,0.1,1.0
0.0911,0.0932,ldsc,14,30000,0.1,1.0
0.2421,0.098,ldsc,15,30000,0.1,1.0
0.1866,0.1004,ldsc,16,30000,0.1,1.0
0.082,0.0882,ldsc,17,30000,0.1,1.0
0.085,0.0861,ldsc,18,30000,0.1,1.0
0.2955,0.0929,ldsc,19,30000,0.1,1.0
0.2056,0.109,ldsc,20,30000,0.1,1.0
0.1315,0.0925,ldsc,21,30000,0.1,1.0
-0.0993,0.0858,ldsc,22,30000,0.1,1.0
0.121,0.0942,ldsc,23,30000,0.1,1.0
0.0664,0.0918,ldsc,24,30000,0.1,1.0
0.1909,0.0966,ldsc,25,30000,0.1,1.0
0.0067,0.0893,ldsc,26,30000,0.1,1.0
0.0794,0.0898,ldsc,27,30000,0.1,1.0
0.1534,0.0876,ldsc,28,30000,0.1,1.0
0.1746,0.0986,ldsc,29,30000,0.1,1.0
0.0681,0.0894,ldsc,30,30000,0.1,1.0
0.1319,0.0975,ldsc,31,30000,0.1,1.0
0.0771,0.0873,ldsc,32,30000,0.1,1.0
0.2487,0.0888,ldsc,33,30000,0.1,1.0
0.1034,0.0967,ldsc,34,30000,0.1,1.0
0.187,0.0976,ldsc,35,30000,0.1,1.0
0.0198,0.0918,ldsc,36,30000,0.1,1.0
0.1042,0.0955,ldsc,37,30000,0.1,1.0
0.0173,0.0913,ldsc,38,30000,0.1,1.0
0.0238,0.0876,ldsc,39,30000,0.1,1.0
0.1185,0.0891,ldsc,40,30000,0.1,1.0
0.0945,0.0935,ldsc,41,30000,0.1,1.0
0.0868,0.09,ldsc,42,30000,0.1,1.0
0.1218,0.1005,ldsc,43,30000,0.1,1.0
0.1416,0.097,ldsc,44,30000,0.1,1.0
0.0632,0.0864,ldsc,45,30000,0.1,1.0
0.1722,0.0921,ldsc,46,30000,0.1,1.0
0.0028,0.0895,ldsc,47,30000,0.1,1.0
0.1293,0.0874,ldsc,48,30000,0.1,1.0
0.2985,0.0962,ldsc,49,30000,0.1,1.0
0.1179,0.0865,ldsc,50,30000,0.1,1.0
-0.0665,0.09,ldsc,51,30000,0.1,1.0
0.039,0.0855,ldsc,52,30000,0.1,1.0
0.1607,0.0868,ldsc,53,30000,0.1,1.0
0.2404,0.0904,ldsc,54,30000,0.1,1.0
0.0772,0.09,ldsc,55,30000,0.1,1.0
0.1752,0.0892,ldsc,56,30000,0.1,1.0
0.0679,0.0948,ldsc,57,30000,0.1,1.0
0.1167,0.0985,ldsc,58,30000,0.1,1.0
0.0268,0.0882,ldsc,59,30000,0.1,1.0
0.0185,0.0915,ldsc,60,30000,0.1,1.0
0.0469,0.0872,ldsc,61,30000,0.1,1.0
0.1279,0.0848,ldsc,62,30000,0.1,1.0
0.0148,0.0942,ldsc,63,30000,0.1,1.0
-0.027,0.0885,ldsc,64,30000,0.1,1.0
0.0139,0.0838,ldsc,65,30000,0.1,1.0
0.1868,0.084,ldsc,66,30000,0.1,1.0
0.2481,0.0922,ldsc,67,30000,0.1,1.0
-0.0145,0.0811,ldsc,68,30000,0.1,1.0
-0.0089,0.082,ldsc,69,30000,0.1,1.0
0.144,0.0859,ldsc,70,30000,0.1,1.0
0.0966,0.0916,ldsc,71,30000,0.1,1.0
0.1117,0.0927,ldsc,72,30000,0.1,1.0
0.0515,0.0911,ldsc,73,30000,0.1,1.0
0.08,0.0913,ldsc,74,30000,0.1,1.0
0.1471,0.09,ldsc,75,30000,0.1,1.0
0.1144,0.0954,ldsc,76,30000,0.1,1.0
0.0216,0.0863,ldsc,77,30000,0.1,1.0
-0.0383,0.118,ldsc,78,30000,0.1,1.0
-0.0397,0.0891,ldsc,79,30000,0.1,1.0
-0.112,0.0832,ldsc,80,30000,0.1,1.0
0.013,0.0916,ldsc,81,30000,0.1,1.0
0.1215,0.0907,ldsc,82,30000,0.1,1.0
0.1496,0.0923,ldsc,83,30000,0.1,1.0
0.0225,0.0942,ldsc,84,30000,0.1,1.0
0.0134,0.087,ldsc,85,30000,0.1,1.0
0.1406,0.0989,ldsc,86,30000,0.1,1.0
0.1645,0.0941,ldsc,87,30000,0.1,1.0
0.0462,0.0906,ldsc,88,30000,0.1,1.0
0.111,0.1029,ldsc,89,30000,0.1,1.0
0.0607,0.0949,ldsc,90,30000,0.1,1.0
-0.1079,0.0852,ldsc,91,30000,0.1,1.0
0.1419,0.0985,ldsc,92,30000,0.1,1.0
0.1224,0.0893,ldsc,93,30000,0.1,1.0
0.1014,0.0961,ldsc,94,30000,0.1,1.0
-0.0092,0.0879,ldsc,95,30000,0.1,1.0
0.3148,0.0929,ldsc,96,30000,0.1,1.0
0.2645,0.1003,ldsc,97,30000,0.1,1.0
-0.0428,0.0884,ldsc,98,30000,0.1,1.0
0.2282,0.0884,ldsc,99,30000,0.1,1.0
0.0956,0.0871,ldsc,0,50000,0.1,1.0
-0.0033,0.0845,ldsc,1,50000,0.1,1.0
0.0698,0.0908,ldsc,2,50000,0.1,1.0
0.066,0.085,ldsc,3,50000,0.1,1.0
-0.0178,0.0893,ldsc,4,50000,0.1,1.0
0.2721,0.0983,ldsc,5,50000,0.1,1.0
0.066,0.0936,ldsc,6,50000,0.1,1.0
-0.0921,0.0852,ldsc,7,50000,0.1,1.0
0.0101,0.0901,ldsc,8,50000,0.1,1.0
0.1746,0.0906,ldsc,9,50000,0.1,1.0
0.2664,0.0948,ldsc,10,50000,0.1,1.0
0.0622,0.0857,ldsc,11,50000,0.1,1.0
0.2159,0.0881,ldsc,12,50000,0.1,1.0
0.118,0.0913,ldsc,13,50000,0.1,1.0
0.0903,0.0932,ldsc,14,50000,0.1,1.0
0.2385,0.0979,ldsc,15,50000,0.1,1.0
0.1866,0.1004,ldsc,16,50000,0.1,1.0
0.0814,0.088,ldsc,17,50000,0.1,1.0
0.0838,0.0858,ldsc,18,50000,0.1,1.0
0.2956,0.0927,ldsc,19,50000,0.1,1.0
0.2113,0.1088,ldsc,20,50000,0.1,1.0
0.1365,0.0925,ldsc,21,50000,0.1,1.0
-0.0999,0.086,ldsc,22,50000,0.1,1.0
0.1167,0.0942,ldsc,23,50000,0.1,1.0
0.0664,0.0918,ldsc,24,50000,0.1,1.0
0.1965,0.0964,ldsc,25,50000,0.1,1.0
0.0037,0.0893,ldsc,26,50000,0.1,1.0
0.0765,0.0897,ldsc,27,50000,0.1,1.0
0.1522,0.0875,ldsc,28,50000,0.1,1.0
0.1745,0.0985,ldsc,29,50000,0.1,1.0
0.0706,0.0894,ldsc,30,50000,0.1,1.0
0.1343,0.0973,ldsc,31,50000,0.1,1.0
0.0831,0.0872,ldsc,32,50000,0.1,1.0
0.252,0.0888,ldsc,33,50000,0.1,1.0
0.1057,0.0965,ldsc,34,50000,0.1,1.0
0.191,0.0976,ldsc,35,50000,0.1,1.0
0.0232,0.0916,ldsc,36,50000,0.1,1.0
0.096,0.0956,ldsc,37,50000,0.1,1.0
0.0182,0.0913,ldsc,38,50000,0.1,1.0
0.0233,0.0873,ldsc,39,50000,0.1,1.0
0.1179,0.089,ldsc,40,50000,0.1,1.0
0.0939,0.0934,ldsc,41,50000,0.1,1.0
0.0876,0.09,ldsc,42,50000,0.1,1.0
0.1213,0.1004,ldsc,43,50000,0.1,1.0
0.1399,0.0971,ldsc,44,50000,0.1,1.0
0.0632,0.0862,ldsc,45,50000,0.1,1.0
0.1769,0.0921,ldsc,46,50000,0.1,1.0
0.002,0.0895,ldsc,47,50000,0.1,1.0
0.1313,0.0872,ldsc,48,50000,0.1,1.0
0.2999,0.0962,ldsc,49,50000,0.1,1.0
0.1184,0.0864,ldsc,50,50000,0.1,1.0
-0.0654,0.09,ldsc,51,50000,0.1,1.0
0.0352,0.0855,ldsc,52,50000,0.1,1.0
0.1665,0.0866,ldsc,53,50000,0.1,1.0
0.2401,0.0902,ldsc,54,50000,0.1,1.0
0.0758,0.0901,ldsc,55,50000,0.1,1.0
0.1764,0.0891,ldsc,56,50000,0.1,1.0
0.0661,0.0949,ldsc,57,50000,0.1,1.0
0.114,0.0987,ldsc,58,50000,0.1,1.0
0.0296,0.0879,ldsc,59,50000,0.1,1.0
0.0243,0.0915,ldsc,60,50000,0.1,1.0
0.0447,0.0873,ldsc,61,50000,0.1,1.0
0.1346,0.0847,ldsc,62,50000,0.1,1.0
0.0147,0.0943,ldsc,63,50000,0.1,1.0
-0.034,0.0884,ldsc,64,50000,0.1,1.0
0.0131,0.0837,ldsc,65,50000,0.1,1.0
0.1932,0.0839,ldsc,66,50000,0.1,1.0
0.246,0.092,ldsc,67,50000,0.1,1.0
-0.0146,0.0813,ldsc,68,50000,0.1,1.0
-0.0123,0.082,ldsc,69,50000,0.1,1.0
0.1431,0.0858,ldsc,70,50000,0.1,1.0
0.089,0.0915,ldsc,71,50000,0.1,1.0
0.1117,0.0927,ldsc,72,50000,0.1,1.0
0.0497,0.0911,ldsc,73,50000,0.1,1.0
0.0808,0.0913,ldsc,74,50000,0.1,1.0
0.1497,0.0899,ldsc,75,50000,0.1,1.0
0.1093,0.0956,ldsc,76,50000,0.1,1.0
0.019,0.0863,ldsc,77,50000,0.1,1.0
-0.0413,0.118,ldsc,78,50000,0.1,1.0
-0.037,0.0893,ldsc,79,50000,0.1,1.0
-0.1179,0.0832,ldsc,80,50000,0.1,1.0
0.0159,0.0915,ldsc,81,50000,0.1,1.0
0.1206,0.0906,ldsc,82,50000,0.1,1.0
0.1438,0.0923,ldsc,83,50000,0.1,1.0
0.0219,0.0943,ldsc,84,50000,0.1,1.0
0.0129,0.0869,ldsc,85,50000,0.1,1.0
0.1499,0.0988,ldsc,86,50000,0.1,1.0
0.1616,0.0942,ldsc,87,50000,0.1,1.0
0.0391,0.0906,ldsc,88,50000,0.1,1.0
0.1115,0.1029,ldsc,89,50000,0.1,1.0
0.0652,0.0948,ldsc,90,50000,0.1,1.0
-0.1065,0.0851,ldsc,91,50000,0.1,1.0
0.1401,0.0987,ldsc,92,50000,0.1,1.0
0.1178,0.0893,ldsc,93,50000,0.1,1.0
0.1068,0.0959,ldsc,94,50000,0.1,1.0
-0.0071,0.0879,ldsc,95,50000,0.1,1.0
0.3162,0.0927,ldsc,96,50000,0.1,1.0
0.2631,0.1004,ldsc,97,50000,0.1,1.0
-0.0399,0.0883,ldsc,98,50000,0.1,1.0
0.2326,0.0882,ldsc,99,50000,0.1,1.0
0.119,0.0997,ldsc,0,1000,0.1,0.1
-0.0157,0.0895,ldsc,1,1000,0.1,0.1
0.2016,0.1019,ldsc,2,1000,0.1,0.1
0.193,0.0907,ldsc,3,1000,0.1,0.1
0.1151,0.1043,ldsc,4,1000,0.1,0.1
0.3157,0.1029,ldsc,5,1000,0.1,0.1
0.013,0.0998,ldsc,6,1000,0.1,0.1
0.1418,0.0951,ldsc,7,1000,0.1,0.1
0.0155,0.0933,ldsc,8,1000,0.1,0.1
0.0931,0.0898,ldsc,9,1000,0.1,0.1
0.0428,0.0883,ldsc,10,1000,0.1,0.1
0.4182,0.1022,ldsc,11,1000,0.1,0.1
0.077,0.0983,ldsc,12,1000,0.1,0.1
0.1754,0.0961,ldsc,13,1000,0.1,0.1
0.2974,0.1,ldsc,14,1000,0.1,0.1
0.1306,0.0959,ldsc,15,1000,0.1,0.1
0.108,0.1038,ldsc,16,1000,0.1,0.1
-0.0389,0.0908,ldsc,17,1000,0.1,0.1
-0.0667,0.0907,ldsc,18,1000,0.1,0.1
-0.1112,0.0944,ldsc,19,1000,0.1,0.1
-0.0155,0.0942,ldsc,20,1000,0.1,0.1
0.2572,0.0964,ldsc,21,1000,0.1,0.1
0.1326,0.1012,ldsc,22,1000,0.1,0.1
0.2661,0.1028,ldsc,23,1000,0.1,0.1
0.0672,0.0945,ldsc,24,1000,0.1,0.1
0.07,0.0935,ldsc,25,1000,0.1,0.1
0.1228,0.0951,ldsc,26,1000,0.1,0.1
0.1281,0.0978,ldsc,27,1000,0.1,0.1
0.1431,0.0976,ldsc,28,1000,0.1,0.1
-0.0117,0.0925,ldsc,29,1000,0.1,0.1
-0.0067,0.0973,ldsc,30,1000,0.1,0.1
0.1871,0.1023,ldsc,31,1000,0.1,0.1
0.0743,0.0952,ldsc,32,1000,0.1,0.1
0.1064,0.0926,ldsc,33,1000,0.1,0.1
0.0104,0.0975,ldsc,34,1000,0.1,0.1
-0.0245,0.0985,ldsc,35,1000,0.1,0.1
0.0816,0.0933,ldsc,36,1000,0.1,0.1
0.0837,0.0961,ldsc,37,1000,0.1,0.1
0.1318,0.0933,ldsc,38,1000,0.1,0.1
0.278,0.0951,ldsc,39,1000,0.1,0.1
0.1808,0.0982,ldsc,40,1000,0.1,0.1
0.059,0.0902,ldsc,41,1000,0.1,0.1
-0.1165,0.092,ldsc,42,1000,0.1,0.1
0.0747,0.0996,ldsc,43,1000,0.1,0.1
0.0732,0.1036,ldsc,44,1000,0.1,0.1
-0.0265,0.0914,ldsc,45,1000,0.1,0.1
0.0765,0.0873,ldsc,46,1000,0.1,0.1
0.0365,0.0934,ldsc,47,1000,0.1,0.1
0.1771,0.0995,ldsc,48,1000,0.1,0.1
0.0229,0.0909,ldsc,49,1000,0.1,0.1
0.1431,0.1019,ldsc,50,1000,0.1,0.1
0.2167,0.0981,ldsc,51,1000,0.1,0.1
0.1666,0.0926,ldsc,52,1000,0.1,0.1
0.0469,0.1051,ldsc,53,1000,0.1,0.1
0.1276,0.093,ldsc,54,1000,0.1,0.1
0.0555,0.0964,ldsc,55,1000,0.1,0.1
0.1404,0.1083,ldsc,56,1000,0.1,0.1
0.2888,0.0999,ldsc,57,1000,0.1,0.1
-0.1265,0.0905,ldsc,58,1000,0.1,0.1
0.2348,0.1043,ldsc,59,1000,0.1,0.1
0.1237,0.095,ldsc,60,1000,0.1,0.1
0.1788,0.1021,ldsc,61,1000,0.1,0.1
0.1379,0.1024,ldsc,62,1000,0.1,0.1
0.1469,0.1015,ldsc,63,1000,0.1,0.1
0.0811,0.0933,ldsc,64,1000,0.1,0.1
0.1168,0.101,ldsc,65,1000,0.1,0.1
0.0872,0.0922,ldsc,66,1000,0.1,0.1
0.0627,0.0921,ldsc,67,1000,0.1,0.1
0.1683,0.0968,ldsc,68,1000,0.1,0.1
0.1206,0.0924,ldsc,69,1000,0.1,0.1
0.1002,0.0947,ldsc,70,1000,0.1,0.1
0.0096,0.1017,ldsc,71,1000,0.1,0.1
0.0567,0.1019,ldsc,72,1000,0.1,0.1
0.0391,0.0946,ldsc,73,1000,0.1,0.1
0.1338,0.1007,ldsc,74,1000,0.1,0.1
-0.0071,0.0991,ldsc,75,1000,0.1,0.1
0.0211,0.0931,ldsc,76,1000,0.1,0.1
0.1402,0.1068,ldsc,77,1000,0.1,0.1
0.2936,0.106,ldsc,78,1000,0.1,0.1
0.1153,0.097,ldsc,79,1000,0.1,0.1
0.0566,0.0912,ldsc,80,1000,0.1,0.1
0.0023,0.0969,ldsc,81,1000,0.1,0.1
0.1955,0.0945,ldsc,82,1000,0.1,0.1
-0.0294,0.097,ldsc,83,1000,0.1,0.1
0.0255,0.107,ldsc,84,1000,0.1,0.1
0.1706,0.0939,ldsc,85,1000,0.1,0.1
0.2038,0.1004,ldsc,86,1000,0.1,0.1
0.3029,0.0955,ldsc,87,1000,0.1,0.1
0.0881,0.0967,ldsc,88,1000,0.1,0.1
0.135,0.0957,ldsc,89,1000,0.1,0.1
0.1707,0.0999,ldsc,90,1000,0.1,0.1
-0.0139,0.0886,ldsc,91,1000,0.1,0.1
-0.0553,0.094,ldsc,92,1000,0.1,0.1
0.1765,0.0997,ldsc,93,1000,0.1,0.1
0.1046,0.097,ldsc,94,1000,0.1,0.1
0.1045,0.0979,ldsc,95,1000,0.1,0.1
-0.0088,0.0969,ldsc,96,1000,0.1,0.1
0.2867,0.1276,ldsc,97,1000,0.1,0.1
0.1491,0.0974,ldsc,98,1000,0.1,0.1
0.24,0.0972,ldsc,99,1000,0.1,0.1
0.1158,0.0973,ldsc,0,2000,0.1,0.1
-0.0148,0.0874,ldsc,1,2000,0.1,0.1
0.1965,0.1001,ldsc,2,2000,0.1,0.1
0.1892,0.0886,ldsc,3,2000,0.1,0.1
0.1144,0.1023,ldsc,4,2000,0.1,0.1
0.3091,0.1006,ldsc,5,2000,0.1,0.1
0.0165,0.0978,ldsc,6,2000,0.1,0.1
0.1397,0.0934,ldsc,7,2000,0.1,0.1
0.013,0.0911,ldsc,8,2000,0.1,0.1
0.0883,0.0876,ldsc,9,2000,0.1,0.1
0.0455,0.0862,ldsc,10,2000,0.1,0.1
0.4157,0.1003,ldsc,11,2000,0.1,0.1
0.073,0.096,ldsc,12,2000,0.1,0.1
0.1644,0.0941,ldsc,13,2000,0.1,0.1
0.289,0.0977,ldsc,14,2000,0.1,0.1
0.1277,0.094,ldsc,15,2000,0.1,0.1
0.1013,0.1013,ldsc,16,2000,0.1,0.1
-0.0371,0.0888,ldsc,17,2000,0.1,0.1
-0.067,0.0886,ldsc,18,2000,0.1,0.1
-0.1079,0.0922,ldsc,19,2000,0.1,0.1
-0.0181,0.0921,ldsc,20,2000,0.1,0.1
0.2506,0.0943,ldsc,21,2000,0.1,0.1
0.1333,0.099,ldsc,22,2000,0.1,0.1
0.2591,0.1007,ldsc,23,2000,0.1,0.1
0.0646,0.0925,ldsc,24,2000,0.1,0.1
0.0588,0.0915,ldsc,25,2000,0.1,0.1
0.1212,0.0932,ldsc,26,2000,0.1,0.1
0.1273,0.0961,ldsc,27,2000,0.1,0.1
0.1427,0.0953,ldsc,28,2000,0.1,0.1
-0.018,0.0904,ldsc,29,2000,0.1,0.1
-0.0056,0.0951,ldsc,30,2000,0.1,0.1
0.1803,0.1003,ldsc,31,2000,0.1,0.1
0.068,0.0929,ldsc,32,2000,0.1,0.1
0.1029,0.0903,ldsc,33,2000,0.1,0.1
0.0161,0.096,ldsc,34,2000,0.1,0.1
-0.0229,0.0964,ldsc,35,2000,0.1,0.1
0.0823,0.0913,ldsc,36,2000,0.1,0.1
0.0865,0.0938,ldsc,37,2000,0.1,0.1
0.1302,0.0912,ldsc,38,2000,0.1,0.1
0.2698,0.0929,ldsc,39,2000,0.1,0.1
0.1696,0.0961,ldsc,40,2000,0.1,0.1
0.0591,0.0882,ldsc,41,2000,0.1,0.1
-0.1154,0.0897,ldsc,42,2000,0.1,0.1
0.074,0.0972,ldsc,43,2000,0.1,0.1
0.0706,0.1014,ldsc,44,2000,0.1,0.1
-0.0223,0.0896,ldsc,45,2000,0.1,0.1
0.0759,0.085,ldsc,46,2000,0.1,0.1
0.0403,0.0915,ldsc,47,2000,0.1,0.1
0.172,0.097,ldsc,48,2000,0.1,0.1
0.0182,0.0888,ldsc,49,2000,0.1,0.1
0.1466,0.0996,ldsc,50,2000,0.1,0.1
0.2112,0.0959,ldsc,51,2000,0.1,0.1
0.1654,0.0905,ldsc,52,2000,0.1,0.1
0.0513,0.1027,ldsc,53,2000,0.1,0.1
0.1308,0.0908,ldsc,54,2000,0.1,0.1
0.0573,0.0942,ldsc,55,2000,0.1,0.1
0.14,0.1064,ldsc,56,2000,0.1,0.1
0.2842,0.0979,ldsc,57,2000,0.1,0.1
-0.1258,0.0886,ldsc,58,2000,0.1,0.1
0.2307,0.102,ldsc,59,2000,0.1,0.1
0.1175,0.093,ldsc,60,2000,0.1,0.1
0.1727,0.0992,ldsc,61,2000,0.1,0.1
0.1354,0.1,ldsc,62,2000,0.1,0.1
0.1427,0.0994,ldsc,63,2000,0.1,0.1
0.0801,0.0913,ldsc,64,2000,0.1,0.1
0.109,0.0987,ldsc,65,2000,0.1,0.1
0.0855,0.09,ldsc,66,2000,0.1,0.1
0.0581,0.0902,ldsc,67,2000,0.1,0.1
0.1586,0.0945,ldsc,68,2000,0.1,0.1
0.118,0.0902,ldsc,69,2000,0.1,0.1
0.0979,0.0925,ldsc,70,2000,0.1,0.1
0.0099,0.0993,ldsc,71,2000,0.1,0.1
0.0544,0.0997,ldsc,72,2000,0.1,0.1
0.0397,0.0926,ldsc,73,2000,0.1,0.1
0.1276,0.0984,ldsc,74,2000,0.1,0.1
-0.007,0.0965,ldsc,75,2000,0.1,0.1
0.0246,0.0909,ldsc,76,2000,0.1,0.1
0.1338,0.1047,ldsc,77,2000,0.1,0.1
0.2869,0.1037,ldsc,78,2000,0.1,0.1
0.1091,0.0951,ldsc,79,2000,0.1,0.1
0.0568,0.0892,ldsc,80,2000,0.1,0.1
0.0009,0.0946,ldsc,81,2000,0.1,0.1
0.1937,0.0925,ldsc,82,2000,0.1,0.1
-0.0333,0.0948,ldsc,83,2000,0.1,0.1
0.0242,0.1047,ldsc,84,2000,0.1,0.1
0.1656,0.0919,ldsc,85,2000,0.1,0.1
0.1983,0.0986,ldsc,86,2000,0.1,0.1
0.302,0.0934,ldsc,87,2000,0.1,0.1
0.0875,0.0945,ldsc,88,2000,0.1,0.1
0.1289,0.0936,ldsc,89,2000,0.1,0.1
0.1611,0.0978,ldsc,90,2000,0.1,0.1
-0.0144,0.0866,ldsc,91,2000,0.1,0.1
-0.0529,0.0922,ldsc,92,2000,0.1,0.1
0.1756,0.0975,ldsc,93,2000,0.1,0.1
0.1017,0.0948,ldsc,94,2000,0.1,0.1
0.0991,0.0957,ldsc,95,2000,0.1,0.1
-0.0104,0.0944,ldsc,96,2000,0.1,0.1
0.282,0.1238,ldsc,97,2000,0.1,0.1
0.1404,0.0953,ldsc,98,2000,0.1,0.1
0.2318,0.0949,ldsc,99,2000,0.1,0.1
0.1149,0.0967,ldsc,0,3000,0.1,0.1
-0.013,0.0867,ldsc,1,3000,0.1,0.1
0.1938,0.0995,ldsc,2,3000,0.1,0.1
0.188,0.088,ldsc,3,3000,0.1,0.1
0.1141,0.1016,ldsc,4,3000,0.1,0.1
0.308,0.1,ldsc,5,3000,0.1,0.1
0.016,0.0971,ldsc,6,3000,0.1,0.1
0.1402,0.0928,ldsc,7,3000,0.1,0.1
0.0122,0.0905,ldsc,8,3000,0.1,0.1
0.0874,0.0869,ldsc,9,3000,0.1,0.1
0.0459,0.0856,ldsc,10,3000,0.1,0.1
0.4147,0.0996,ldsc,11,3000,0.1,0.1
0.072,0.0953,ldsc,12,3000,0.1,0.1
0.1613,0.0935,ldsc,13,3000,0.1,0.1
0.2852,0.0971,ldsc,14,3000,0.1,0.1
0.1258,0.0933,ldsc,15,3000,0.1,0.1
0.0992,0.1006,ldsc,16,3000,0.1,0.1
-0.0362,0.0882,ldsc,17,3000,0.1,0.1
-0.0665,0.088,ldsc,18,3000,0.1,0.1
-0.1064,0.0915,ldsc,19,3000,0.1,0.1
-0.0188,0.0915,ldsc,20,3000,0.1,0.1
0.2468,0.0937,ldsc,21,3000,0.1,0.1
0.1339,0.0982,ldsc,22,3000,0.1,0.1
0.2569,0.1,ldsc,23,3000,0.1,0.1
0.0654,0.0919,ldsc,24,3000,0.1,0.1
0.0568,0.0909,ldsc,25,3000,0.1,0.1
0.1208,0.0926,ldsc,26,3000,0.1,0.1
0.1273,0.0956,ldsc,27,3000,0.1,0.1
0.1404,0.0947,ldsc,28,3000,0.1,0.1
-0.0175,0.0897,ldsc,29,3000,0.1,0.1
-0.0039,0.0945,ldsc,30,3000,0.1,0.1
0.1789,0.0997,ldsc,31,3000,0.1,0.1
0.0644,0.0922,ldsc,32,3000,0.1,0.1
0.102,0.0896,ldsc,33,3000,0.1,0.1
0.0187,0.0957,ldsc,34,3000,0.1,0.1
-0.0216,0.0956,ldsc,35,3000,0.1,0.1
0.0813,0.0907,ldsc,36,3000,0.1,0.1
0.0859,0.0931,ldsc,37,3000,0.1,0.1
0.1301,0.0905,ldsc,38,3000,0.1,0.1
0.268,0.0923,ldsc,39,3000,0.1,0.1
0.1672,0.0955,ldsc,40,3000,0.1,0.1
0.0596,0.0876,ldsc,41,3000,0.1,0.1
-0.1151,0.089,ldsc,42,3000,0.1,0.1
0.0737,0.0964,ldsc,43,3000,0.1,0.1
0.0685,0.1006,ldsc,44,3000,0.1,0.1
-0.0203,0.0889,ldsc,45,3000,0.1,0.1
0.0766,0.0843,ldsc,46,3000,0.1,0.1
0.0389,0.0909,ldsc,47,3000,0.1,0.1
0.1713,0.0962,ldsc,48,3000,0.1,0.1
0.0157,0.0881,ldsc,49,3000,0.1,0.1
0.1466,0.099,ldsc,50,3000,0.1,0.1
0.2098,0.0953,ldsc,51,3000,0.1,0.1
0.1648,0.0898,ldsc,52,3000,0.1,0.1
0.0528,0.1019,ldsc,53,3000,0.1,0.1
0.1319,0.0902,ldsc,54,3000,0.1,0.1
0.058,0.0936,ldsc,55,3000,0.1,0.1
0.1408,0.1057,ldsc,56,3000,0.1,0.1
0.2826,0.0974,ldsc,57,3000,0.1,0.1
-0.1249,0.0879,ldsc,58,3000,0.1,0.1
0.2303,0.1012,ldsc,59,3000,0.1,0.1
0.1171,0.0924,ldsc,60,3000,0.1,0.1
0.1701,0.0983,ldsc,61,3000,0.1,0.1
0.1339,0.0993,ldsc,62,3000,0.1,0.1
0.1415,0.0987,ldsc,63,3000,0.1,0.1
0.0804,0.0907,ldsc,64,3000,0.1,0.1
0.107,0.098,ldsc,65,3000,0.1,0.1
0.0858,0.0893,ldsc,66,3000,0.1,0.1
0.0565,0.0896,ldsc,67,3000,0.1,0.1
0.1547,0.0938,ldsc,68,3000,0.1,0.1
0.1174,0.0894,ldsc,69,3000,0.1,0.1
0.0971,0.0918,ldsc,70,3000,0.1,0.1
0.0093,0.0985,ldsc,71,3000,0.1,0.1
0.0543,0.099,ldsc,72,3000,0.1,0.1
0.0409,0.0919,ldsc,73,3000,0.1,0.1
0.1254,0.0977,ldsc,74,3000,0.1,0.1
-0.0062,0.0957,ldsc,75,3000,0.1,0.1
0.0244,0.0902,ldsc,76,3000,0.1,0.1
0.1334,0.104,ldsc,77,3000,0.1,0.1
0.286,0.1029,ldsc,78,3000,0.1,0.1
0.1064,0.0945,ldsc,79,3000,0.1,0.1
0.0569,0.0885,ldsc,80,3000,0.1,0.1
0.0013,0.0939,ldsc,81,3000,0.1,0.1
0.1929,0.092,ldsc,82,3000,0.1,0.1
-0.0342,0.0942,ldsc,83,3000,0.1,0.1
0.0231,0.1041,ldsc,84,3000,0.1,0.1
0.1633,0.0913,ldsc,85,3000,0.1,0.1
0.1963,0.098,ldsc,86,3000,0.1,0.1
0.3016,0.0927,ldsc,87,3000,0.1,0.1
0.0863,0.094,ldsc,88,3000,0.1,0.1
0.1273,0.0929,ldsc,89,3000,0.1,0.1
0.1579,0.0972,ldsc,90,3000,0.1,0.1
-0.0141,0.0859,ldsc,91,3000,0.1,0.1
-0.0526,0.0916,ldsc,92,3000,0.1,0.1
0.1754,0.0968,ldsc,93,3000,0.1,0.1
0.1017,0.0941,ldsc,94,3000,0.1,0.1
0.097,0.0951,ldsc,95,3000,0.1,0.1
-0.0113,0.0936,ldsc,96,3000,0.1,0.1
0.2817,0.1225,ldsc,97,3000,0.1,0.1
0.1374,0.0946,ldsc,98,3000,0.1,0.1
0.2296,0.0942,ldsc,99,3000,0.1,0.1
0.1133,0.0957,ldsc,0,5000,0.1,0.1
-0.0112,0.0858,ldsc,1,5000,0.1,0.1
0.195,0.099,ldsc,2,5000,0.1,0.1
0.1863,0.0871,ldsc,3,5000,0.1,0.1
0.1106,0.1007,ldsc,4,5000,0.1,0.1
0.3069,0.0994,ldsc,5,5000,0.1,0.1
0.0196,0.096,ldsc,6,5000,0.1,0.1
0.1379,0.0919,ldsc,7,5000,0.1,0.1
0.0127,0.0897,ldsc,8,5000,0.1,0.1
0.0869,0.0861,ldsc,9,5000,0.1,0.1
0.046,0.0847,ldsc,10,5000,0.1,0.1
0.4155,0.0994,ldsc,11,5000,0.1,0.1
0.0742,0.0944,ldsc,12,5000,0.1,0.1
0.1579,0.0928,ldsc,13,5000,0.1,0.1
0.2814,0.0963,ldsc,14,5000,0.1,0.1
0.1231,0.0922,ldsc,15,5000,0.1,0.1
0.0991,0.0996,ldsc,16,5000,0.1,0.1
-0.0362,0.0872,ldsc,17,5000,0.1,0.1
-0.0633,0.0869,ldsc,18,5000,0.1,0.1
-0.1083,0.0907,ldsc,19,5000,0.1,0.1
-0.016,0.0905,ldsc,20,5000,0.1,0.1
0.2433,0.0929,ldsc,21,5000,0.1,0.1
0.1299,0.097,ldsc,22,5000,0.1,0.1
0.2517,0.0986,ldsc,23,5000,0.1,0.1
0.066,0.0909,ldsc,24,5000,0.1,0.1
0.0533,0.0898,ldsc,25,5000,0.1,0.1
0.1206,0.0916,ldsc,26,5000,0.1,0.1
0.1251,0.0948,ldsc,27,5000,0.1,0.1
0.1375,0.0937,ldsc,28,5000,0.1,0.1
-0.0162,0.0886,ldsc,29,5000,0.1,0.1
-0.0025,0.0935,ldsc,30,5000,0.1,0.1
0.1765,0.0987,ldsc,31,5000,0.1,0.1
0.0627,0.0914,ldsc,32,5000,0.1,0.1
0.1015,0.0887,ldsc,33,5000,0.1,0.1
0.0201,0.0949,ldsc,34,5000,0.1,0.1
-0.0209,0.0945,ldsc,35,5000,0.1,0.1
0.0807,0.0898,ldsc,36,5000,0.1,0.1
0.0821,0.0921,ldsc,37,5000,0.1,0.1
0.1256,0.0896,ldsc,38,5000,0.1,0.1
0.2615,0.0914,ldsc,39,5000,0.1,0.1
0.1648,0.0946,ldsc,40,5000,0.1,0.1
0.0592,0.0865,ldsc,41,5000,0.1,0.1
-0.1146,0.0878,ldsc,42,5000,0.1,0.1
0.0718,0.0954,ldsc,43,5000,0.1,0.1
0.065,0.0997,ldsc,44,5000,0.1,0.1
-0.0203,0.0878,ldsc,45,5000,0.1,0.1
0.0762,0.0836,ldsc,46,5000,0.1,0.1
0.0371,0.0898,ldsc,47,5000,0.1,0.1
0.1677,0.0952,ldsc,48,5000,0.1,0.1
0.0144,0.0871,ldsc,49,5000,0.1,0.1
0.1461,0.0976,ldsc,50,5000,0.1,0.1
0.2064,0.0946,ldsc,51,5000,0.1,0.1
0.1642,0.089,ldsc,52,5000,0.1,0.1
0.0503,0.1009,ldsc,53,5000,0.1,0.1
0.1328,0.0892,ldsc,54,5000,0.1,0.1
0.0573,0.0927,ldsc,55,5000,0.1,0.1
0.1392,0.1049,ldsc,56,5000,0.1,0.1
0.28,0.0967,ldsc,57,5000,0.1,0.1
-0.1237,0.0869,ldsc,58,5000,0.1,0.1
0.23,0.1001,ldsc,59,5000,0.1,0.1
0.1145,0.0915,ldsc,60,5000,0.1,0.1
0.1667,0.0971,ldsc,61,5000,0.1,0.1
0.1305,0.0984,ldsc,62,5000,0.1,0.1
0.1408,0.0975,ldsc,63,5000,0.1,0.1
0.0764,0.0898,ldsc,64,5000,0.1,0.1
0.1055,0.0969,ldsc,65,5000,0.1,0.1
0.0849,0.0883,ldsc,66,5000,0.1,0.1
0.0553,0.0886,ldsc,67,5000,0.1,0.1
0.1511,0.0928,ldsc,68,5000,0.1,0.1
0.1157,0.0884,ldsc,69,5000,0.1,0.1
0.1013,0.0909,ldsc,70,5000,0.1,0.1
0.0081,0.0972,ldsc,71,5000,0.1,0.1
0.0528,0.0981,ldsc,72,5000,0.1,0.1
0.0387,0.0909,ldsc,73,5000,0.1,0.1
0.121,0.0964,ldsc,74,5000,0.1,0.1
-0.0092,0.0945,ldsc,75,5000,0.1,0.1
0.0246,0.0892,ldsc,76,5000,0.1,0.1
0.132,0.1032,ldsc,77,5000,0.1,0.1
0.2829,0.102,ldsc,78,5000,0.1,0.1
0.1054,0.0936,ldsc,79,5000,0.1,0.1
0.0577,0.0876,ldsc,80,5000,0.1,0.1
-0.0012,0.093,ldsc,81,5000,0.1,0.1
0.1939,0.0911,ldsc,82,5000,0.1,0.1
-0.0362,0.0931,ldsc,83,5000,0.1,0.1
0.0251,0.1028,ldsc,84,5000,0.1,0.1
0.1625,0.0906,ldsc,85,5000,0.1,0.1
0.1942,0.0971,ldsc,86,5000,0.1,0.1
0.3009,0.0921,ldsc,87,5000,0.1,0.1
0.0864,0.0929,ldsc,88,5000,0.1,0.1
0.1238,0.0918,ldsc,89,5000,0.1,0.1
0.1594,0.0964,ldsc,90,5000,0.1,0.1
-0.0146,0.085,ldsc,91,5000,0.1,0.1
-0.0502,0.0906,ldsc,92,5000,0.1,0.1
0.1733,0.0959,ldsc,93,5000,0.1,0.1
0.1016,0.0932,ldsc,94,5000,0.1,0.1
0.0923,0.0941,ldsc,95,5000,0.1,0.1
-0.0104,0.0925,ldsc,96,5000,0.1,0.1
0.2777,0.1201,ldsc,97,5000,0.1,0.1
0.1334,0.0937,ldsc,98,5000,0.1,0.1
0.225,0.0934,ldsc,99,5000,0.1,0.1
0.1137,0.0944,ldsc,0,10000,0.1,0.1
-0.0115,0.0843,ldsc,1,10000,0.1,0.1
0.1969,0.0981,ldsc,2,10000,0.1,0.1
0.1859,0.086,ldsc,3,10000,0.1,0.1
0.107,0.0994,ldsc,4,10000,0.1,0.1
0.3052,0.0984,ldsc,5,10000,0.1,0.1
0.0221,0.0949,ldsc,6,10000,0.1,0.1
0.1337,0.0907,ldsc,7,10000,0.1,0.1
0.0134,0.0883,ldsc,8,10000,0.1,0.1
0.0841,0.0848,ldsc,9,10000,0.1,0.1
0.0454,0.0834,ldsc,10,10000,0.1,0.1
0.4105,0.0987,ldsc,11,10000,0.1,0.1
0.0736,0.0929,ldsc,12,10000,0.1,0.1
0.1573,0.0919,ldsc,13,10000,0.1,0.1
0.2758,0.0952,ldsc,14,10000,0.1,0.1
0.1208,0.0909,ldsc,15,10000,0.1,0.1
0.0963,0.0981,ldsc,16,10000,0.1,0.1
-0.038,0.0855,ldsc,17,10000,0.1,0.1
-0.0591,0.0853,ldsc,18,10000,0.1,0.1
-0.1097,0.09,ldsc,19,10000,0.1,0.1
-0.0168,0.0889,ldsc,20,10000,0.1,0.1
0.2384,0.0918,ldsc,21,10000,0.1,0.1
0.1268,0.0951,ldsc,22,10000,0.1,0.1
0.2421,0.0965,ldsc,23,10000,0.1,0.1
0.0658,0.0894,ldsc,24,10000,0.1,0.1
0.0501,0.0884,ldsc,25,10000,0.1,0.1
0.119,0.0904,ldsc,26,10000,0.1,0.1
0.1243,0.0938,ldsc,27,10000,0.1,0.1
0.1342,0.0922,ldsc,28,10000,0.1,0.1
-0.0181,0.0871,ldsc,29,10000,0.1,0.1
-0.0046,0.092,ldsc,30,10000,0.1,0.1
0.1731,0.0971,ldsc,31,10000,0.1,0.1
0.0616,0.0899,ldsc,32,10000,0.1,0.1
0.1011,0.0873,ldsc,33,10000,0.1,0.1
0.0199,0.0934,ldsc,34,10000,0.1,0.1
-0.0221,0.093,ldsc,35,10000,0.1,0.1
0.0787,0.0885,ldsc,36,10000,0.1,0.1
0.0814,0.0906,ldsc,37,10000,0.1,0.1
0.1243,0.0883,ldsc,38,10000,0.1,0.1
0.256,0.0903,ldsc,39,10000,0.1,0.1
0.1616,0.0937,ldsc,40,10000,0.1,0.1
0.0589,0.0853,ldsc,41,10000,0.1,0.1
-0.1129,0.0862,ldsc,42,10000,0.1,0.1
0.07,0.0938,ldsc,43,10000,0.1,0.1
0.0619,0.0982,ldsc,44,10000,0.1,0.1
-0.0195,0.0862,ldsc,45,10000,0.1,0.1
0.0766,0.0822,ldsc,46,10000,0.1,0.1
0.0363,0.0883,ldsc,47,10000,0.1,0.1
0.1652,0.0938,ldsc,48,10000,0.1,0.1
0.0117,0.0858,ldsc,49,10000,0.1,0.1
0.1436,0.096,ldsc,50,10000,0.1,0.1
0.2005,0.0933,ldsc,51,10000,0.1,0.1
0.1616,0.0879,ldsc,52,10000,0.1,0.1
0.0514,0.0994,ldsc,53,10000,0.1,0.1
0.1333,0.0879,ldsc,54,10000,0.1,0.1
0.0603,0.0912,ldsc,55,10000,0.1,0.1
0.136,0.1039,ldsc,56,10000,0.1,0.1
0.2753,0.0958,ldsc,57,10000,0.1,0.1
-0.121,0.0851,ldsc,58,10000,0.1,0.1
0.2269,0.0989,ldsc,59,10000,0.1,0.1
0.1125,0.0901,ldsc,60,10000,0.1,0.1
0.1587,0.0949,ldsc,61,10000,0.1,0.1
0.1281,0.0971,ldsc,62,10000,0.1,0.1
0.1395,0.0958,ldsc,63,10000,0.1,0.1
0.0735,0.0885,ldsc,64,10000,0.1,0.1
0.104,0.0955,ldsc,65,10000,0.1,0.1
0.0823,0.087,ldsc,66,10000,0.1,0.1
0.057,0.0872,ldsc,67,10000,0.1,0.1
0.1472,0.0916,ldsc,68,10000,0.1,0.1
0.1131,0.0869,ldsc,69,10000,0.1,0.1
0.1034,0.0897,ldsc,70,10000,0.1,0.1
0.0062,0.0957,ldsc,71,10000,0.1,0.1
0.0543,0.0967,ldsc,72,10000,0.1,0.1
0.0374,0.0895,ldsc,73,10000,0.1,0.1
0.1177,0.0946,ldsc,74,10000,0.1,0.1
-0.0099,0.0929,ldsc,75,10000,0.1,0.1
0.0242,0.0876,ldsc,76,10000,0.1,0.1
0.1326,0.1019,ldsc,77,10000,0.1,0.1
0.2805,0.1009,ldsc,78,10000,0.1,0.1
0.1033,0.0923,ldsc,79,10000,0.1,0.1
0.0597,0.0863,ldsc,80,10000,0.1,0.1
-0.0025,0.0917,ldsc,81,10000,0.1,0.1
0.192,0.0899,ldsc,82,10000,0.1,0.1
-0.0382,0.0915,ldsc,83,10000,0.1,0.1
0.0269,0.1007,ldsc,84,10000,0.1,0.1
0.1626,0.0894,ldsc,85,10000,0.1,0.1
0.19,0.0959,ldsc,86,10000,0.1,0.1
0.2983,0.0911,ldsc,87,10000,0.1,0.1
0.0876,0.0916,ldsc,88,10000,0.1,0.1
0.1189,0.0902,ldsc,89,10000,0.1,0.1
0.1561,0.0952,ldsc,90,10000,0.1,0.1
-0.0157,0.0834,ldsc,91,10000,0.1,0.1
-0.049,0.0891,ldsc,92,10000,0.1,0.1
0.1727,0.0947,ldsc,93,10000,0.1,0.1
0.0992,0.0916,ldsc,94,10000,0.1,0.1
0.0897,0.0925,ldsc,95,10000,0.1,0.1
-0.01,0.0908,ldsc,96,10000,0.1,0.1
0.2703,0.1153,ldsc,97,10000,0.1,0.1
0.1287,0.0925,ldsc,98,10000,0.1,0.1
0.2198,0.0921,ldsc,99,10000,0.1,0.1
0.113,0.0943,ldsc,0,20000,0.1,0.1
-0.012,0.0843,ldsc,1,20000,0.1,0.1
0.1991,0.0981,ldsc,2,20000,0.1,0.1
0.185,0.086,ldsc,3,20000,0.1,0.1
0.1072,0.0994,ldsc,4,20000,0.1,0.1
0.3067,0.0983,ldsc,5,20000,0.1,0.1
0.0215,0.0948,ldsc,6,20000,0.1,0.1
0.1337,0.0906,ldsc,7,20000,0.1,0.1
0.0138,0.0882,ldsc,8,20000,0.1,0.1
0.0834,0.0847,ldsc,9,20000,0.1,0.1
0.0462,0.0833,ldsc,10,20000,0.1,0.1
0.4112,0.0986,ldsc,11,20000,0.1,0.1
0.0746,0.0929,ldsc,12,20000,0.1,0.1
0.1561,0.0918,ldsc,13,20000,0.1,0.1
0.2751,0.095,ldsc,14,20000,0.1,0.1
0.1197,0.0909,ldsc,15,20000,0.1,0.1
0.0959,0.098,ldsc,16,20000,0.1,0.1
-0.0396,0.0855,ldsc,17,20000,0.1,0.1
-0.0575,0.0852,ldsc,18,20000,0.1,0.1
-0.1087,0.0899,ldsc,19,20000,0.1,0.1
-0.0162,0.0889,ldsc,20,20000,0.1,0.1
0.238,0.0917,ldsc,21,20000,0.1,0.1
0.1268,0.095,ldsc,22,20000,0.1,0.1
0.2425,0.0964,ldsc,23,20000,0.1,0.1
0.0656,0.0894,ldsc,24,20000,0.1,0.1
0.0495,0.0883,ldsc,25,20000,0.1,0.1
0.1174,0.0903,ldsc,26,20000,0.1,0.1
0.1246,0.0937,ldsc,27,20000,0.1,0.1
0.1357,0.0921,ldsc,28,20000,0.1,0.1
-0.0184,0.0869,ldsc,29,20000,0.1,0.1
-0.0045,0.0919,ldsc,30,20000,0.1,0.1
0.1742,0.097,ldsc,31,20000,0.1,0.1
0.0622,0.0898,ldsc,32,20000,0.1,0.1
0.1003,0.0872,ldsc,33,20000,0.1,0.1
0.0201,0.0933,ldsc,34,20000,0.1,0.1
-0.0223,0.0929,ldsc,35,20000,0.1,0.1
0.0793,0.0884,ldsc,36,20000,0.1,0.1
0.0815,0.0905,ldsc,37,20000,0.1,0.1
0.1245,0.0882,ldsc,38,20000,0.1,0.1
0.2552,0.0902,ldsc,39,20000,0.1,0.1
0.1618,0.0936,ldsc,40,20000,0.1,0.1
0.0588,0.0852,ldsc,41,20000,0.1,0.1
-0.1111,0.0862,ldsc,42,20000,0.1,0.1
0.0722,0.0937,ldsc,43,20000,0.1,0.1
0.062,0.0982,ldsc,44,20000,0.1,0.1
-0.0203,0.0861,ldsc,45,20000,0.1,0.1
0.0758,0.0822,ldsc,46,20000,0.1,0.1
0.036,0.0883,ldsc,47,20000,0.1,0.1
0.1646,0.0938,ldsc,48,20000,0.1,0.1
0.0142,0.0857,ldsc,49,20000,0.1,0.1
0.1473,0.0959,ldsc,50,20000,0.1,0.1
0.2,0.0933,ldsc,51,20000,0.1,0.1
0.1612,0.0877,ldsc,52,20000,0.1,0.1
0.0542,0.0992,ldsc,53,20000,0.1,0.1
0.1343,0.0879,ldsc,54,20000,0.1,0.1
0.0591,0.0911,ldsc,55,20000,0.1,0.1
0.1379,0.1038,ldsc,56,20000,0.1,0.1
0.2763,0.0957,ldsc,57,20000,0.1,0.1
-0.1215,0.085,ldsc,58,20000,0.1,0.1
0.2272,0.0988,ldsc,59,20000,0.1,0.1
0.1119,0.09,ldsc,60,20000,0.1,0.1
0.1569,0.0948,ldsc,61,20000,0.1,0.1
0.1293,0.097,ldsc,62,20000,0.1,0.1
0.1394,0.0957,ldsc,63,20000,0.1,0.1
0.0749,0.0884,ldsc,64,20000,0.1,0.1
0.1048,0.0954,ldsc,65,20000,0.1,0.1
0.0811,0.087,ldsc,66,20000,0.1,0.1
0.0552,0.0872,ldsc,67,20000,0.1,0.1
0.1472,0.0915,ldsc,68,20000,0.1,0.1
0.1143,0.0868,ldsc,69,20000,0.1,0.1
0.1038,0.0896,ldsc,70,20000,0.1,0.1
0.0061,0.0956,ldsc,71,20000,0.1,0.1
0.056,0.0967,ldsc,72,20000,0.1,0.1
0.0381,0.0894,ldsc,73,20000,0.1,0.1
0.121,0.0944,ldsc,74,20000,0.1,0.1
-0.0124,0.0928,ldsc,75,20000,0.1,0.1
0.0245,0.0876,ldsc,76,20000,0.1,0.1
0.132,0.1018,ldsc,77,20000,0.1,0.1
0.2823,0.1008,ldsc,78,20000,0.1,0.1
0.1035,0.0922,ldsc,79,20000,0.1,0.1
0.0598,0.0862,ldsc,80,20000,0.1,0.1
-0.0012,0.0917,ldsc,81,20000,0.1,0.1
0.1917,0.0899,ldsc,82,20000,0.1,0.1
-0.0364,0.0916,ldsc,83,20000,0.1,0.1
0.0265,0.1006,ldsc,84,20000,0.1,0.1
0.1607,0.0894,ldsc,85,20000,0.1,0.1
0.1895,0.0958,ldsc,86,20000,0.1,0.1
0.2993,0.0911,ldsc,87,20000,0.1,0.1
0.0868,0.0914,ldsc,88,20000,0.1,0.1
0.1192,0.0901,ldsc,89,20000,0.1,0.1
0.1555,0.0951,ldsc,90,20000,0.1,0.1
-0.0166,0.0833,ldsc,91,20000,0.1,0.1
-0.0498,0.089,ldsc,92,20000,0.1,0.1
0.1716,0.0947,ldsc,93,20000,0.1,0.1
0.0996,0.0915,ldsc,94,20000,0.1,0.1
0.0891,0.0924,ldsc,95,20000,0.1,0.1
-0.0107,0.0907,ldsc,96,20000,0.1,0.1
0.2704,0.1152,ldsc,97,20000,0.1,0.1
0.1294,0.0925,ldsc,98,20000,0.1,0.1
0.2195,0.092,ldsc,99,20000,0.1,0.1
0.113,0.0942,ldsc,0,30000,0.1,0.1
-0.0108,0.0842,ldsc,1,30000,0.1,0.1
0.1982,0.0981,ldsc,2,30000,0.1,0.1
0.1854,0.086,ldsc,3,30000,0.1,0.1
0.1061,0.0994,ldsc,4,30000,0.1,0.1
0.3052,0.0983,ldsc,5,30000,0.1,0.1
0.0192,0.0948,ldsc,6,30000,0.1,0.1
0.1329,0.0907,ldsc,7,30000,0.1,0.1
0.0153,0.0882,ldsc,8,30000,0.1,0.1
0.0845,0.0847,ldsc,9,30000,0.1,0.1
0.0469,0.0833,ldsc,10,30000,0.1,0.1
0.4126,0.0986,ldsc,11,30000,0.1,0.1
0.0734,0.0928,ldsc,12,30000,0.1,0.1
0.156,0.0919,ldsc,13,30000,0.1,0.1
0.2774,0.095,ldsc,14,30000,0.1,0.1
0.1189,0.0909,ldsc,15,30000,0.1,0.1
0.0969,0.0979,ldsc,16,30000,0.1,0.1
-0.04,0.0855,ldsc,17,30000,0.1,0.1
-0.0582,0.0852,ldsc,18,30000,0.1,0.1
-0.109,0.0899,ldsc,19,30000,0.1,0.1
-0.0161,0.089,ldsc,20,30000,0.1,0.1
0.2383,0.0917,ldsc,21,30000,0.1,0.1
0.1268,0.095,ldsc,22,30000,0.1,0.1
0.2431,0.0964,ldsc,23,30000,0.1,0.1
0.066,0.0894,ldsc,24,30000,0.1,0.1
0.049,0.0883,ldsc,25,30000,0.1,0.1
0.1171,0.0903,ldsc,26,30000,0.1,0.1
0.124,0.0936,ldsc,27,30000,0.1,0.1
0.1349,0.0921,ldsc,28,30000,0.1,0.1
-0.0185,0.0868,ldsc,29,30000,0.1,0.1
-0.0041,0.0919,ldsc,30,30000,0.1,0.1
0.1722,0.097,ldsc,31,30000,0.1,0.1
0.0589,0.0898,ldsc,32,30000,0.1,0.1
0.1007,0.0872,ldsc,33,30000,0.1,0.1
0.0189,0.0933,ldsc,34,30000,0.1,0.1
-0.022,0.0929,ldsc,35,30000,0.1,0.1
0.0787,0.0883,ldsc,36,30000,0.1,0.1
0.0805,0.0905,ldsc,37,30000,0.1,0.1
0.125,0.0882,ldsc,38,30000,0.1,0.1
0.2571,0.0902,ldsc,39,30000,0.1,0.1
0.1604,0.0936,ldsc,40,30000,0.1,0.1
0.0594,0.0852,ldsc,41,30000,0.1,0.1
-0.1122,0.0862,ldsc,42,30000,0.1,0.1
0.0698,0.0937,ldsc,43,30000,0.1,0.1
0.0627,0.0982,ldsc,44,30000,0.1,0.1
-0.0205,0.0862,ldsc,45,30000,0.1,0.1
0.0761,0.0822,ldsc,46,30000,0.1,0.1
0.0382,0.0883,ldsc,47,30000,0.1,0.1
0.1641,0.0937,ldsc,48,30000,0.1,0.1
0.015,0.0857,ldsc,49,30000,0.1,0.1
0.1471,0.0959,ldsc,50,30000,0.1,0.1
0.1991,0.0933,ldsc,51,30000,0.1,0.1
0.1596,0.0877,ldsc,52,30000,0.1,0.1
0.0544,0.0992,ldsc,53,30000,0.1,0.1
0.1347,0.0879,ldsc,54,30000,0.1,0.1
0.0578,0.0911,ldsc,55,30000,0.1,0.1
0.137,0.1038,ldsc,56,30000,0.1,0.1
0.2748,0.0957,ldsc,57,30000,0.1,0.1
-0.1225,0.085,ldsc,58,30000,0.1,0.1
0.2266,0.0987,ldsc,59,30000,0.1,0.1
0.111,0.09,ldsc,60,30000,0.1,0.1
0.1584,0.0948,ldsc,61,30000,0.1,0.1
0.1291,0.097,ldsc,62,30000,0.1,0.1
0.1384,0.0958,ldsc,63,30000,0.1,0.1
0.0762,0.0884,ldsc,64,30000,0.1,0.1
0.105,0.0954,ldsc,65,30000,0.1,0.1
0.0817,0.0869,ldsc,66,30000,0.1,0.1
0.0548,0.0872,ldsc,67,30000,0.1,0.1
0.145,0.0915,ldsc,68,30000,0.1,0.1
0.1129,0.0868,ldsc,69,30000,0.1,0.1
0.1036,0.0896,ldsc,70,30000,0.1,0.1
0.0071,0.0956,ldsc,71,30000,0.1,0.1
0.0556,0.0967,ldsc,72,30000,0.1,0.1
0.0378,0.0894,ldsc,73,30000,0.1,0.1
0.119,0.0944,ldsc,74,30000,0.1,0.1
-0.0125,0.0928,ldsc,75,30000,0.1,0.1
0.0242,0.0876,ldsc,76,30000,0.1,0.1
0.1335,0.1018,ldsc,77,30000,0.1,0.1
0.2833,0.1007,ldsc,78,30000,0.1,0.1
0.1019,0.0923,ldsc,79,30000,0.1,0.1
0.0616,0.0862,ldsc,80,30000,0.1,0.1
-0.0028,0.0917,ldsc,81,30000,0.1,0.1
0.1898,0.0898,ldsc,82,30000,0.1,0.1
-0.0382,0.0916,ldsc,83,30000,0.1,0.1
0.0259,0.1007,ldsc,84,30000,0.1,0.1
0.1601,0.0894,ldsc,85,30000,0.1,0.1
0.1894,0.0957,ldsc,86,30000,0.1,0.1
0.2967,0.091,ldsc,87,30000,0.1,0.1
0.0871,0.0914,ldsc,88,30000,0.1,0.1
0.1209,0.09,ldsc,89,30000,0.1,0.1
0.1574,0.0951,ldsc,90,30000,0.1,0.1
-0.0179,0.0833,ldsc,91,30000,0.1,0.1
-0.0491,0.0889,ldsc,92,30000,0.1,0.1
0.1718,0.0947,ldsc,93,30000,0.1,0.1
0.0989,0.0914,ldsc,94,30000,0.1,0.1
0.0893,0.0923,ldsc,95,30000,0.1,0.1
-0.0118,0.0907,ldsc,96,30000,0.1,0.1
0.2688,0.1153,ldsc,97,30000,0.1,0.1
0.1278,0.0925,ldsc,98,30000,0.1,0.1
0.2216,0.0921,ldsc,99,30000,0.1,0.1
0.1184,0.0939,ldsc,0,50000,0.1,0.1
-0.0185,0.0841,ldsc,1,50000,0.1,0.1
0.1938,0.0982,ldsc,2,50000,0.1,0.1
0.1877,0.0858,ldsc,3,50000,0.1,0.1
0.1034,0.0993,ldsc,4,50000,0.1,0.1
0.3064,0.0982,ldsc,5,50000,0.1,0.1
0.016,0.0949,ldsc,6,50000,0.1,0.1
0.1361,0.0906,ldsc,7,50000,0.1,0.1
0.0134,0.0882,ldsc,8,50000,0.1,0.1
0.0894,0.0847,ldsc,9,50000,0.1,0.1
0.0469,0.0834,ldsc,10,50000,0.1,0.1
0.4124,0.0988,ldsc,11,50000,0.1,0.1
0.0753,0.0927,ldsc,12,50000,0.1,0.1
0.1547,0.0918,ldsc,13,50000,0.1,0.1
0.2822,0.095,ldsc,14,50000,0.1,0.1
0.123,0.0907,ldsc,15,50000,0.1,0.1
0.0977,0.0978,ldsc,16,50000,0.1,0.1
-0.0405,0.0855,ldsc,17,50000,0.1,0.1
-0.0531,0.0852,ldsc,18,50000,0.1,0.1
-0.1083,0.0899,ldsc,19,50000,0.1,0.1
-0.0169,0.0888,ldsc,20,50000,0.1,0.1
0.2399,0.0916,ldsc,21,50000,0.1,0.1
0.1296,0.095,ldsc,22,50000,0.1,0.1
0.2431,0.0966,ldsc,23,50000,0.1,0.1
0.0641,0.0894,ldsc,24,50000,0.1,0.1
0.0545,0.0884,ldsc,25,50000,0.1,0.1
0.1099,0.0905,ldsc,26,50000,0.1,0.1
0.1224,0.0936,ldsc,27,50000,0.1,0.1
0.1389,0.0919,ldsc,28,50000,0.1,0.1
-0.0112,0.0868,ldsc,29,50000,0.1,0.1
-0.005,0.0918,ldsc,30,50000,0.1,0.1
0.1735,0.0968,ldsc,31,50000,0.1,0.1
0.0617,0.0898,ldsc,32,50000,0.1,0.1
0.1053,0.0871,ldsc,33,50000,0.1,0.1
0.0139,0.0933,ldsc,34,50000,0.1,0.1
-0.0215,0.0929,ldsc,35,50000,0.1,0.1
0.0821,0.0882,ldsc,36,50000,0.1,0.1
0.0859,0.0906,ldsc,37,50000,0.1,0.1
0.1201,0.0883,ldsc,38,50000,0.1,0.1
0.2573,0.0901,ldsc,39,50000,0.1,0.1
0.1599,0.0938,ldsc,40,50000,0.1,0.1
0.0594,0.0851,ldsc,41,50000,0.1,0.1
-0.1111,0.0861,ldsc,42,50000,0.1,0.1
0.0703,0.0937,ldsc,43,50000,0.1,0.1
0.0642,0.0981,ldsc,44,50000,0.1,0.1
-0.0207,0.0862,ldsc,45,50000,0.1,0.1
0.0722,0.0822,ldsc,46,50000,0.1,0.1
0.0411,0.0884,ldsc,47,50000,0.1,0.1
0.165,0.0937,ldsc,48,50000,0.1,0.1
0.0162,0.0857,ldsc,49,50000,0.1,0.1
0.1467,0.0958,ldsc,50,50000,0.1,0.1
0.2017,0.0932,ldsc,51,50000,0.1,0.1
0.1534,0.0876,ldsc,52,50000,0.1,0.1
0.0552,0.0989,ldsc,53,50000,0.1,0.1
0.1389,0.0879,ldsc,54,50000,0.1,0.1
0.0636,0.0908,ldsc,55,50000,0.1,0.1
0.1393,0.1037,ldsc,56,50000,0.1,0.1
0.2809,0.0957,ldsc,57,50000,0.1,0.1
-0.119,0.085,ldsc,58,50000,0.1,0.1
0.2235,0.0986,ldsc,59,50000,0.1,0.1
0.1104,0.0899,ldsc,60,50000,0.1,0.1
0.1616,0.0945,ldsc,61,50000,0.1,0.1
0.1301,0.0969,ldsc,62,50000,0.1,0.1
0.1375,0.0957,ldsc,63,50000,0.1,0.1
0.0754,0.0884,ldsc,64,50000,0.1,0.1
0.1062,0.0954,ldsc,65,50000,0.1,0.1
0.0804,0.0867,ldsc,66,50000,0.1,0.1
0.0524,0.0874,ldsc,67,50000,0.1,0.1
0.1502,0.0914,ldsc,68,50000,0.1,0.1
0.113,0.0868,ldsc,69,50000,0.1,0.1
0.107,0.0896,ldsc,70,50000,0.1,0.1
0.0086,0.0956,ldsc,71,50000,0.1,0.1
0.0574,0.0965,ldsc,72,50000,0.1,0.1
0.0402,0.0895,ldsc,73,50000,0.1,0.1
0.1169,0.0945,ldsc,74,50000,0.1,0.1
-0.0118,0.0928,ldsc,75,50000,0.1,0.1
0.0221,0.0874,ldsc,76,50000,0.1,0.1
0.1359,0.1016,ldsc,77,50000,0.1,0.1
0.29,0.1006,ldsc,78,50000,0.1,0.1
0.1066,0.092,ldsc,79,50000,0.1,0.1
0.0617,0.0862,ldsc,80,50000,0.1,0.1
-0.004,0.0918,ldsc,81,50000,0.1,0.1
0.195,0.0897,ldsc,82,50000,0.1,0.1
-0.0351,0.0917,ldsc,83,50000,0.1,0.1
0.0262,0.1006,ldsc,84,50000,0.1,0.1
0.1614,0.0893,ldsc,85,50000,0.1,0.1
0.1898,0.0957,ldsc,86,50000,0.1,0.1
0.2969,0.0909,ldsc,87,50000,0.1,0.1
0.0879,0.0914,ldsc,88,50000,0.1,0.1
0.121,0.09,ldsc,89,50000,0.1,0.1
0.1585,0.0949,ldsc,90,50000,0.1,0.1
-0.0154,0.0834,ldsc,91,50000,0.1,0.1
-0.053,0.0889,ldsc,92,50000,0.1,0.1
0.174,0.0946,ldsc,93,50000,0.1,0.1
0.1053,0.0914,ldsc,94,50000,0.1,0.1
0.0928,0.0922,ldsc,95,50000,0.1,0.1
-0.0107,0.0907,ldsc,96,50000,0.1,0.1
0.266,0.1153,ldsc,97,50000,0.1,0.1
0.13,0.0924,ldsc,98,50000,0.1,0.1
0.2234,0.0921,ldsc,99,50000,0.1,0.1
0.1211,0.0992,ldsc,0,1000,0.1,0.01
-0.0116,0.1009,ldsc,1,1000,0.1,0.01
0.281,0.0984,ldsc,2,1000,0.1,0.01
0.1122,0.0921,ldsc,3,1000,0.1,0.01
0.0289,0.1048,ldsc,4,1000,0.1,0.01
0.0235,0.0956,ldsc,5,1000,0.1,0.01
0.0603,0.0914,ldsc,6,1000,0.1,0.01
0.1267,0.0957,ldsc,7,1000,0.1,0.01
0.242,0.0989,ldsc,8,1000,0.1,0.01
0.2409,0.0932,ldsc,9,1000,0.1,0.01
-0.0355,0.092,ldsc,10,1000,0.1,0.01
0.0636,0.0985,ldsc,11,1000,0.1,0.01
0.0251,0.0989,ldsc,12,1000,0.1,0.01
0.1384,0.0963,ldsc,13,1000,0.1,0.01
0.1349,0.1012,ldsc,14,1000,0.1,0.01
0.2234,0.1201,ldsc,15,1000,0.1,0.01
-0.0119,0.0903,ldsc,16,1000,0.1,0.01
0.2628,0.1087,ldsc,17,1000,0.1,0.01
0.1515,0.0969,ldsc,18,1000,0.1,0.01
0.0796,0.1033,ldsc,19,1000,0.1,0.01
-0.0354,0.0948,ldsc,20,1000,0.1,0.01
-0.0408,0.0941,ldsc,21,1000,0.1,0.01
0.18,0.1004,ldsc,22,1000,0.1,0.01
0.0527,0.0937,ldsc,23,1000,0.1,0.01
0.1218,0.1169,ldsc,24,1000,0.1,0.01
0.073,0.0925,ldsc,25,1000,0.1,0.01
0.1635,0.1015,ldsc,26,1000,0.1,0.01
0.1791,0.0945,ldsc,27,1000,0.1,0.01
0.3647,0.0986,ldsc,28,1000,0.1,0.01
0.1643,0.0898,ldsc,29,1000,0.1,0.01
0.1658,0.0954,ldsc,30,1000,0.1,0.01
0.14,0.0917,ldsc,31,1000,0.1,0.01
0.0158,0.0926,ldsc,32,1000,0.1,0.01
0.3903,0.0941,ldsc,33,1000,0.1,0.01
0.2028,0.0978,ldsc,34,1000,0.1,0.01
0.0701,0.0967,ldsc,35,1000,0.1,0.01
0.1304,0.1047,ldsc,36,1000,0.1,0.01
0.0425,0.0913,ldsc,37,1000,0.1,0.01
0.0425,0.093,ldsc,38,1000,0.1,0.01
-0.1087,0.0902,ldsc,39,1000,0.1,0.01
0.0539,0.0909,ldsc,40,1000,0.1,0.01
0.0029,0.0892,ldsc,41,1000,0.1,0.01
0.0215,0.1027,ldsc,42,1000,0.1,0.01
0.1889,0.092,ldsc,43,1000,0.1,0.01
-0.0265,0.0963,ldsc,44,1000,0.1,0.01
0.0982,0.0916,ldsc,45,1000,0.1,0.01
0.0705,0.0962,ldsc,46,1000,0.1,0.01
0.0751,0.0941,ldsc,47,1000,0.1,0.01
0.0892,0.0953,ldsc,48,1000,0.1,0.01
-0.183,0.0889,ldsc,49,1000,0.1,0.01
-0.0878,0.0902,ldsc,50,1000,0.1,0.01
0.022,0.094,ldsc,51,1000,0.1,0.01
0.0972,0.0942,ldsc,52,1000,0.1,0.01
0.1069,0.094,ldsc,53,1000,0.1,0.01
0.2095,0.0989,ldsc,54,1000,0.1,0.01
0.1191,0.1067,ldsc,55,1000,0.1,0.01
0.1899,0.0954,ldsc,56,1000,0.1,0.01
0.0194,0.0943,ldsc,57,1000,0.1,0.01
0.1607,0.1023,ldsc,58,1000,0.1,0.01
0.0405,0.0906,ldsc,59,1000,0.1,0.01
-0.0111,0.0913,ldsc,60,1000,0.1,0.01
0.0224,0.0896,ldsc,61,1000,0.1,0.01
0.0012,0.0939,ldsc,62,1000,0.1,0.01
0.111,0.091,ldsc,63,1000,0.1,0.01
0.216,0.0994,ldsc,64,1000,0.1,0.01
0.1099,0.1,ldsc,65,1000,0.1,0.01
0.1534,0.1099,ldsc,66,1000,0.1,0.01
0.0702,0.0978,ldsc,67,1000,0.1,0.01
0.1181,0.0975,ldsc,68,1000,0.1,0.01
0.1129,0.0962,ldsc,69,1000,0.1,0.01
-0.0035,0.0958,ldsc,70,1000,0.1,0.01
0.0828,0.0995,ldsc,71,1000,0.1,0.01
-0.0808,0.0982,ldsc,72,1000,0.1,0.01
-0.1242,0.0964,ldsc,73,1000,0.1,0.01
0.1786,0.0975,ldsc,74,1000,0.1,0.01
0.1489,0.0932,ldsc,75,1000,0.1,0.01
-0.0488,0.0902,ldsc,76,1000,0.1,0.01
0.0808,0.0947,ldsc,77,1000,0.1,0.01
0.1546,0.0949,ldsc,78,1000,0.1,0.01
0.0296,0.0912,ldsc,79,1000,0.1,0.01
-0.0526,0.1004,ldsc,80,1000,0.1,0.01
0.215,0.0966,ldsc,81,1000,0.1,0.01
0.3519,0.0968,ldsc,82,1000,0.1,0.01
-0.025,0.0952,ldsc,83,1000,0.1,0.01
0.1949,0.0976,ldsc,84,1000,0.1,0.01
0.3913,0.1054,ldsc,85,1000,0.1,0.01
0.1243,0.1057,ldsc,86,1000,0.1,0.01
0.1192,0.0942,ldsc,87,1000,0.1,0.01
-0.0215,0.0927,ldsc,88,1000,0.1,0.01
-0.0565,0.0926,ldsc,89,1000,0.1,0.01
0.2104,0.0999,ldsc,90,1000,0.1,0.01
-0.0458,0.0884,ldsc,91,1000,0.1,0.01
0.133,0.1048,ldsc,92,1000,0.1,0.01
0.0993,0.1043,ldsc,93,1000,0.1,0.01
0.2847,0.0951,ldsc,94,1000,0.1,0.01
0.0582,0.0989,ldsc,95,1000,0.1,0.01
0.1434,0.092,ldsc,96,1000,0.1,0.01
0.0868,0.0963,ldsc,97,1000,0.1,0.01
-0.0212,0.0929,ldsc,98,1000,0.1,0.01
0.1655,0.0995,ldsc,99,1000,0.1,0.01
0.1176,0.097,ldsc,0,2000,0.1,0.01
-0.0107,0.0987,ldsc,1,2000,0.1,0.01
0.2759,0.0956,ldsc,2,2000,0.1,0.01
0.1047,0.09,ldsc,3,2000,0.1,0.01
0.0314,0.1026,ldsc,4,2000,0.1,0.01
0.0215,0.0931,ldsc,5,2000,0.1,0.01
0.0652,0.0894,ldsc,6,2000,0.1,0.01
0.1188,0.0937,ldsc,7,2000,0.1,0.01
0.2293,0.0966,ldsc,8,2000,0.1,0.01
0.2322,0.0912,ldsc,9,2000,0.1,0.01
-0.0296,0.0901,ldsc,10,2000,0.1,0.01
0.057,0.0964,ldsc,11,2000,0.1,0.01
0.0287,0.0965,ldsc,12,2000,0.1,0.01
0.1327,0.0942,ldsc,13,2000,0.1,0.01
0.1327,0.0984,ldsc,14,2000,0.1,0.01
0.2149,0.1176,ldsc,15,2000,0.1,0.01
-0.0062,0.0882,ldsc,16,2000,0.1,0.01
0.2579,0.1063,ldsc,17,2000,0.1,0.01
0.1524,0.095,ldsc,18,2000,0.1,0.01
0.0805,0.1009,ldsc,19,2000,0.1,0.01
-0.0354,0.0929,ldsc,20,2000,0.1,0.01
-0.0401,0.0919,ldsc,21,2000,0.1,0.01
0.174,0.0983,ldsc,22,2000,0.1,0.01
0.0564,0.0915,ldsc,23,2000,0.1,0.01
0.1184,0.1136,ldsc,24,2000,0.1,0.01
0.0706,0.0905,ldsc,25,2000,0.1,0.01
0.1597,0.0991,ldsc,26,2000,0.1,0.01
0.1804,0.0927,ldsc,27,2000,0.1,0.01
0.3558,0.0965,ldsc,28,2000,0.1,0.01
0.1555,0.0879,ldsc,29,2000,0.1,0.01
0.1604,0.0933,ldsc,30,2000,0.1,0.01
0.1331,0.0897,ldsc,31,2000,0.1,0.01
0.0175,0.0907,ldsc,32,2000,0.1,0.01
0.3836,0.0919,ldsc,33,2000,0.1,0.01
0.2005,0.0957,ldsc,34,2000,0.1,0.01
0.0732,0.0949,ldsc,35,2000,0.1,0.01
0.1242,0.1024,ldsc,36,2000,0.1,0.01
0.043,0.0892,ldsc,37,2000,0.1,0.01
0.045,0.091,ldsc,38,2000,0.1,0.01
-0.1062,0.0881,ldsc,39,2000,0.1,0.01
0.0546,0.0889,ldsc,40,2000,0.1,0.01
0.0082,0.0873,ldsc,41,2000,0.1,0.01
0.0157,0.1004,ldsc,42,2000,0.1,0.01
0.1871,0.0899,ldsc,43,2000,0.1,0.01
-0.0295,0.0941,ldsc,44,2000,0.1,0.01
0.0993,0.0895,ldsc,45,2000,0.1,0.01
0.064,0.0941,ldsc,46,2000,0.1,0.01
0.0779,0.092,ldsc,47,2000,0.1,0.01
0.0847,0.0933,ldsc,48,2000,0.1,0.01
-0.1822,0.0867,ldsc,49,2000,0.1,0.01
-0.0815,0.0884,ldsc,50,2000,0.1,0.01
0.0241,0.0922,ldsc,51,2000,0.1,0.01
0.0964,0.0921,ldsc,52,2000,0.1,0.01
0.1028,0.0919,ldsc,53,2000,0.1,0.01
0.1986,0.0969,ldsc,54,2000,0.1,0.01
0.1175,0.1038,ldsc,55,2000,0.1,0.01
0.1796,0.0934,ldsc,56,2000,0.1,0.01
0.0141,0.092,ldsc,57,2000,0.1,0.01
0.158,0.1001,ldsc,58,2000,0.1,0.01
0.0398,0.0888,ldsc,59,2000,0.1,0.01
-0.0127,0.0894,ldsc,60,2000,0.1,0.01
0.0195,0.0873,ldsc,61,2000,0.1,0.01
0.0047,0.0917,ldsc,62,2000,0.1,0.01
0.109,0.0891,ldsc,63,2000,0.1,0.01
0.2195,0.0971,ldsc,64,2000,0.1,0.01
0.1116,0.098,ldsc,65,2000,0.1,0.01
0.1553,0.1072,ldsc,66,2000,0.1,0.01
0.0676,0.0956,ldsc,67,2000,0.1,0.01
0.1199,0.0952,ldsc,68,2000,0.1,0.01
0.1147,0.0942,ldsc,69,2000,0.1,0.01
0.0033,0.0935,ldsc,70,2000,0.1,0.01
0.0806,0.0976,ldsc,71,2000,0.1,0.01
-0.0803,0.096,ldsc,72,2000,0.1,0.01
-0.1263,0.0942,ldsc,73,2000,0.1,0.01
0.1661,0.0956,ldsc,74,2000,0.1,0.01
0.1457,0.0913,ldsc,75,2000,0.1,0.01
-0.0493,0.0882,ldsc,76,2000,0.1,0.01
0.079,0.093,ldsc,77,2000,0.1,0.01
0.1488,0.093,ldsc,78,2000,0.1,0.01
0.0285,0.0896,ldsc,79,2000,0.1,0.01
-0.0585,0.098,ldsc,80,2000,0.1,0.01
0.2127,0.0943,ldsc,81,2000,0.1,0.01
0.3447,0.0946,ldsc,82,2000,0.1,0.01
-0.0245,0.0932,ldsc,83,2000,0.1,0.01
0.1917,0.0957,ldsc,84,2000,0.1,0.01
0.3823,0.1032,ldsc,85,2000,0.1,0.01
0.1177,0.1033,ldsc,86,2000,0.1,0.01
0.1147,0.0919,ldsc,87,2000,0.1,0.01
-0.0257,0.0906,ldsc,88,2000,0.1,0.01
-0.0546,0.0904,ldsc,89,2000,0.1,0.01
0.2049,0.0978,ldsc,90,2000,0.1,0.01
-0.0474,0.0862,ldsc,91,2000,0.1,0.01
0.1265,0.1024,ldsc,92,2000,0.1,0.01
0.0973,0.1018,ldsc,93,2000,0.1,0.01
0.2787,0.093,ldsc,94,2000,0.1,0.01
0.053,0.0968,ldsc,95,2000,0.1,0.01
0.1396,0.0898,ldsc,96,2000,0.1,0.01
0.0834,0.0944,ldsc,97,2000,0.1,0.01
-0.0232,0.0907,ldsc,98,2000,0.1,0.01
0.1558,0.0974,ldsc,99,2000,0.1,0.01
0.1153,0.0964,ldsc,0,3000,0.1,0.01
-0.011,0.098,ldsc,1,3000,0.1,0.01
0.2743,0.0947,ldsc,2,3000,0.1,0.01
0.1017,0.0894,ldsc,3,3000,0.1,0.01
0.0314,0.102,ldsc,4,3000,0.1,0.01
0.021,0.0925,ldsc,5,3000,0.1,0.01
0.0653,0.0888,ldsc,6,3000,0.1,0.01
0.116,0.0931,ldsc,7,3000,0.1,0.01
0.226,0.096,ldsc,8,3000,0.1,0.01
0.2295,0.0905,ldsc,9,3000,0.1,0.01
-0.0264,0.0896,ldsc,10,3000,0.1,0.01
0.0556,0.0958,ldsc,11,3000,0.1,0.01
0.0281,0.0958,ldsc,12,3000,0.1,0.01
0.1316,0.0935,ldsc,13,3000,0.1,0.01
0.1318,0.0976,ldsc,14,3000,0.1,0.01
0.2131,0.1167,ldsc,15,3000,0.1,0.01
-0.0036,0.0875,ldsc,16,3000,0.1,0.01
0.2565,0.1055,ldsc,17,3000,0.1,0.01
0.1518,0.0945,ldsc,18,3000,0.1,0.01
0.0809,0.1003,ldsc,19,3000,0.1,0.01
-0.0352,0.0924,ldsc,20,3000,0.1,0.01
-0.0397,0.0912,ldsc,21,3000,0.1,0.01
0.1738,0.0976,ldsc,22,3000,0.1,0.01
0.0566,0.0908,ldsc,23,3000,0.1,0.01
0.117,0.1127,ldsc,24,3000,0.1,0.01
0.0693,0.0898,ldsc,25,3000,0.1,0.01
0.1586,0.0984,ldsc,26,3000,0.1,0.01
0.1801,0.0921,ldsc,27,3000,0.1,0.01
0.3529,0.0959,ldsc,28,3000,0.1,0.01
0.1537,0.0873,ldsc,29,3000,0.1,0.01
0.1593,0.0926,ldsc,30,3000,0.1,0.01
0.1319,0.0891,ldsc,31,3000,0.1,0.01
0.0175,0.0901,ldsc,32,3000,0.1,0.01
0.3808,0.0913,ldsc,33,3000,0.1,0.01
0.199,0.0951,ldsc,34,3000,0.1,0.01
0.0734,0.0944,ldsc,35,3000,0.1,0.01
0.1244,0.1017,ldsc,36,3000,0.1,0.01
0.0423,0.0886,ldsc,37,3000,0.1,0.01
0.0445,0.0904,ldsc,38,3000,0.1,0.01
-0.1063,0.0875,ldsc,39,3000,0.1,0.01
0.0547,0.0882,ldsc,40,3000,0.1,0.01
0.0091,0.0866,ldsc,41,3000,0.1,0.01
0.0137,0.0996,ldsc,42,3000,0.1,0.01
0.1871,0.0892,ldsc,43,3000,0.1,0.01
-0.03,0.0934,ldsc,44,3000,0.1,0.01
0.0979,0.0889,ldsc,45,3000,0.1,0.01
0.0619,0.0934,ldsc,46,3000,0.1,0.01
0.079,0.0914,ldsc,47,3000,0.1,0.01
0.0832,0.0927,ldsc,48,3000,0.1,0.01
-0.1808,0.0861,ldsc,49,3000,0.1,0.01
-0.08,0.0879,ldsc,50,3000,0.1,0.01
0.0244,0.0916,ldsc,51,3000,0.1,0.01
0.0973,0.0914,ldsc,52,3000,0.1,0.01
0.1016,0.0913,ldsc,53,3000,0.1,0.01
0.1948,0.0964,ldsc,54,3000,0.1,0.01
0.1159,0.1031,ldsc,55,3000,0.1,0.01
0.1773,0.0927,ldsc,56,3000,0.1,0.01
0.0128,0.0913,ldsc,57,3000,0.1,0.01
0.1592,0.0995,ldsc,58,3000,0.1,0.01
0.0383,0.0882,ldsc,59,3000,0.1,0.01
-0.0143,0.0887,ldsc,60,3000,0.1,0.01
0.018,0.0867,ldsc,61,3000,0.1,0.01
0.0061,0.091,ldsc,62,3000,0.1,0.01
0.1074,0.0885,ldsc,63,3000,0.1,0.01
0.2191,0.0964,ldsc,64,3000,0.1,0.01
0.1105,0.0974,ldsc,65,3000,0.1,0.01
0.1556,0.1064,ldsc,66,3000,0.1,0.01
0.0673,0.0948,ldsc,67,3000,0.1,0.01
0.1176,0.0945,ldsc,68,3000,0.1,0.01
0.1149,0.0935,ldsc,69,3000,0.1,0.01
0.0042,0.0928,ldsc,70,3000,0.1,0.01
0.08,0.0969,ldsc,71,3000,0.1,0.01
-0.0808,0.0953,ldsc,72,3000,0.1,0.01
-0.1271,0.0935,ldsc,73,3000,0.1,0.01
0.1631,0.095,ldsc,74,3000,0.1,0.01
0.1444,0.0907,ldsc,75,3000,0.1,0.01
-0.0497,0.0875,ldsc,76,3000,0.1,0.01
0.0786,0.0924,ldsc,77,3000,0.1,0.01
0.1488,0.0924,ldsc,78,3000,0.1,0.01
0.0274,0.089,ldsc,79,3000,0.1,0.01
-0.0591,0.0972,ldsc,80,3000,0.1,0.01
0.2109,0.0936,ldsc,81,3000,0.1,0.01
0.342,0.0939,ldsc,82,3000,0.1,0.01
-0.0245,0.0927,ldsc,83,3000,0.1,0.01
0.19,0.0951,ldsc,84,3000,0.1,0.01
0.3801,0.1026,ldsc,85,3000,0.1,0.01
0.1175,0.1026,ldsc,86,3000,0.1,0.01
0.1145,0.0913,ldsc,87,3000,0.1,0.01
-0.0274,0.0899,ldsc,88,3000,0.1,0.01
-0.0542,0.0897,ldsc,89,3000,0.1,0.01
0.204,0.0972,ldsc,90,3000,0.1,0.01
-0.0482,0.0855,ldsc,91,3000,0.1,0.01
0.1251,0.1017,ldsc,92,3000,0.1,0.01
0.0957,0.1012,ldsc,93,3000,0.1,0.01
0.2761,0.0924,ldsc,94,3000,0.1,0.01
0.0511,0.0961,ldsc,95,3000,0.1,0.01
0.1388,0.0892,ldsc,96,3000,0.1,0.01
0.0824,0.0938,ldsc,97,3000,0.1,0.01
-0.0238,0.09,ldsc,98,3000,0.1,0.01
0.1528,0.0968,ldsc,99,3000,0.1,0.01
0.1134,0.0957,ldsc,0,5000,0.1,0.01
-0.01,0.0967,ldsc,1,5000,0.1,0.01
0.2685,0.0931,ldsc,2,5000,0.1,0.01
0.099,0.0883,ldsc,3,5000,0.1,0.01
0.0283,0.1011,ldsc,4,5000,0.1,0.01
0.0211,0.0913,ldsc,5,5000,0.1,0.01
0.0655,0.0877,ldsc,6,5000,0.1,0.01
0.1155,0.0922,ldsc,7,5000,0.1,0.01
0.2234,0.0952,ldsc,8,5000,0.1,0.01
0.2259,0.0897,ldsc,9,5000,0.1,0.01
-0.026,0.0886,ldsc,10,5000,0.1,0.01
0.0553,0.0948,ldsc,11,5000,0.1,0.01
0.0247,0.0948,ldsc,12,5000,0.1,0.01
0.1323,0.0927,ldsc,13,5000,0.1,0.01
0.1299,0.0963,ldsc,14,5000,0.1,0.01
0.2086,0.1146,ldsc,15,5000,0.1,0.01
-0.0048,0.0865,ldsc,16,5000,0.1,0.01
0.2558,0.1046,ldsc,17,5000,0.1,0.01
0.1517,0.0937,ldsc,18,5000,0.1,0.01
0.0819,0.0993,ldsc,19,5000,0.1,0.01
-0.0342,0.0913,ldsc,20,5000,0.1,0.01
-0.0377,0.0901,ldsc,21,5000,0.1,0.01
0.175,0.0967,ldsc,22,5000,0.1,0.01
0.0545,0.0898,ldsc,23,5000,0.1,0.01
0.1123,0.1109,ldsc,24,5000,0.1,0.01
0.0702,0.0891,ldsc,25,5000,0.1,0.01
0.1553,0.0975,ldsc,26,5000,0.1,0.01
0.1768,0.0913,ldsc,27,5000,0.1,0.01
0.3509,0.0952,ldsc,28,5000,0.1,0.01
0.1509,0.0863,ldsc,29,5000,0.1,0.01
0.1585,0.0914,ldsc,30,5000,0.1,0.01
0.1305,0.0882,ldsc,31,5000,0.1,0.01
0.0182,0.0892,ldsc,32,5000,0.1,0.01
0.378,0.0905,ldsc,33,5000,0.1,0.01
0.1969,0.0941,ldsc,34,5000,0.1,0.01
0.0712,0.0932,ldsc,35,5000,0.1,0.01
0.1226,0.1008,ldsc,36,5000,0.1,0.01
0.0402,0.0875,ldsc,37,5000,0.1,0.01
0.0488,0.0897,ldsc,38,5000,0.1,0.01
-0.1054,0.0865,ldsc,39,5000,0.1,0.01
0.0543,0.0872,ldsc,40,5000,0.1,0.01
0.0094,0.0857,ldsc,41,5000,0.1,0.01
0.0125,0.0985,ldsc,42,5000,0.1,0.01
0.1865,0.0884,ldsc,43,5000,0.1,0.01
-0.0307,0.0924,ldsc,44,5000,0.1,0.01
0.0956,0.0879,ldsc,45,5000,0.1,0.01
0.0604,0.0923,ldsc,46,5000,0.1,0.01
0.0799,0.0903,ldsc,47,5000,0.1,0.01
0.0793,0.0917,ldsc,48,5000,0.1,0.01
-0.1808,0.0851,ldsc,49,5000,0.1,0.01
-0.077,0.0869,ldsc,50,5000,0.1,0.01
0.0245,0.0906,ldsc,51,5000,0.1,0.01
0.0947,0.0905,ldsc,52,5000,0.1,0.01
0.0989,0.0905,ldsc,53,5000,0.1,0.01
0.1918,0.0957,ldsc,54,5000,0.1,0.01
0.1143,0.1015,ldsc,55,5000,0.1,0.01
0.174,0.0918,ldsc,56,5000,0.1,0.01
0.0098,0.0903,ldsc,57,5000,0.1,0.01
0.1591,0.0984,ldsc,58,5000,0.1,0.01
0.0387,0.0873,ldsc,59,5000,0.1,0.01
-0.0154,0.0876,ldsc,60,5000,0.1,0.01
0.0165,0.0857,ldsc,61,5000,0.1,0.01
0.008,0.0901,ldsc,62,5000,0.1,0.01
0.1074,0.0876,ldsc,63,5000,0.1,0.01
0.2166,0.0957,ldsc,64,5000,0.1,0.01
0.1092,0.0965,ldsc,65,5000,0.1,0.01
0.1525,0.1052,ldsc,66,5000,0.1,0.01
0.0627,0.094,ldsc,67,5000,0.1,0.01
0.117,0.0935,ldsc,68,5000,0.1,0.01
0.1169,0.0927,ldsc,69,5000,0.1,0.01
0.0051,0.0916,ldsc,70,5000,0.1,0.01
0.0779,0.0964,ldsc,71,5000,0.1,0.01
-0.081,0.0941,ldsc,72,5000,0.1,0.01
-0.1252,0.0925,ldsc,73,5000,0.1,0.01
0.1581,0.0942,ldsc,74,5000,0.1,0.01
0.1415,0.0899,ldsc,75,5000,0.1,0.01
-0.0505,0.0866,ldsc,76,5000,0.1,0.01
0.0774,0.0915,ldsc,77,5000,0.1,0.01
0.1474,0.0917,ldsc,78,5000,0.1,0.01
0.027,0.088,ldsc,79,5000,0.1,0.01
-0.0578,0.096,ldsc,80,5000,0.1,0.01
0.2068,0.0927,ldsc,81,5000,0.1,0.01
0.3369,0.0932,ldsc,82,5000,0.1,0.01
-0.0235,0.0917,ldsc,83,5000,0.1,0.01
0.1878,0.0944,ldsc,84,5000,0.1,0.01
0.3804,0.1017,ldsc,85,5000,0.1,0.01
0.1168,0.1015,ldsc,86,5000,0.1,0.01
0.114,0.0904,ldsc,87,5000,0.1,0.01
-0.0301,0.0889,ldsc,88,5000,0.1,0.01
-0.0502,0.0886,ldsc,89,5000,0.1,0.01
0.2071,0.0966,ldsc,90,5000,0.1,0.01
-0.049,0.0844,ldsc,91,5000,0.1,0.01
0.1241,0.1008,ldsc,92,5000,0.1,0.01
0.0946,0.1002,ldsc,93,5000,0.1,0.01
0.2708,0.0916,ldsc,94,5000,0.1,0.01
0.0502,0.0955,ldsc,95,5000,0.1,0.01
0.1373,0.0881,ldsc,96,5000,0.1,0.01
0.0801,0.093,ldsc,97,5000,0.1,0.01
-0.0248,0.089,ldsc,98,5000,0.1,0.01
0.1527,0.0961,ldsc,99,5000,0.1,0.01
0.111,0.0945,ldsc,0,10000,0.1,0.01
-0.0114,0.095,ldsc,1,10000,0.1,0.01
0.2572,0.0907,ldsc,2,10000,0.1,0.01
0.0974,0.0869,ldsc,3,10000,0.1,0.01
0.0251,0.0997,ldsc,4,10000,0.1,0.01
0.02,0.0897,ldsc,5,10000,0.1,0.01
0.0632,0.0864,ldsc,6,10000,0.1,0.01
0.1121,0.0909,ldsc,7,10000,0.1,0.01
0.2227,0.094,ldsc,8,10000,0.1,0.01
0.2196,0.0886,ldsc,9,10000,0.1,0.01
-0.0246,0.0873,ldsc,10,10000,0.1,0.01
0.055,0.0932,ldsc,11,10000,0.1,0.01
0.0238,0.0933,ldsc,12,10000,0.1,0.01
0.13,0.0913,ldsc,13,10000,0.1,0.01
0.1283,0.0942,ldsc,14,10000,0.1,0.01
0.2032,0.111,ldsc,15,10000,0.1,0.01
-0.0059,0.085,ldsc,16,10000,0.1,0.01
0.2541,0.1035,ldsc,17,10000,0.1,0.01
0.1509,0.0924,ldsc,18,10000,0.1,0.01
0.0826,0.0976,ldsc,19,10000,0.1,0.01
-0.0341,0.0896,ldsc,20,10000,0.1,0.01
-0.0356,0.0885,ldsc,21,10000,0.1,0.01
0.1733,0.0956,ldsc,22,10000,0.1,0.01
0.0547,0.0884,ldsc,23,10000,0.1,0.01
0.1064,0.108,ldsc,24,10000,0.1,0.01
0.0689,0.0879,ldsc,25,10000,0.1,0.01
0.1521,0.0963,ldsc,26,10000,0.1,0.01
0.1725,0.0902,ldsc,27,10000,0.1,0.01
0.3493,0.0944,ldsc,28,10000,0.1,0.01
0.1467,0.0852,ldsc,29,10000,0.1,0.01
0.1548,0.0898,ldsc,30,10000,0.1,0.01
0.1295,0.087,ldsc,31,10000,0.1,0.01
0.0192,0.0879,ldsc,32,10000,0.1,0.01
0.373,0.0896,ldsc,33,10000,0.1,0.01
0.1937,0.0926,ldsc,34,10000,0.1,0.01
0.0694,0.0917,ldsc,35,10000,0.1,0.01
0.121,0.0996,ldsc,36,10000,0.1,0.01
0.039,0.086,ldsc,37,10000,0.1,0.01
0.049,0.0884,ldsc,38,10000,0.1,0.01
-0.1014,0.0848,ldsc,39,10000,0.1,0.01
0.0542,0.0858,ldsc,40,10000,0.1,0.01
0.0095,0.0844,ldsc,41,10000,0.1,0.01
0.0128,0.0969,ldsc,42,10000,0.1,0.01
0.1842,0.0873,ldsc,43,10000,0.1,0.01
-0.0338,0.0909,ldsc,44,10000,0.1,0.01
0.0939,0.0866,ldsc,45,10000,0.1,0.01
0.0581,0.0908,ldsc,46,10000,0.1,0.01
0.0798,0.0889,ldsc,47,10000,0.1,0.01
0.0764,0.0904,ldsc,48,10000,0.1,0.01
-0.1783,0.0837,ldsc,49,10000,0.1,0.01
-0.0729,0.0854,ldsc,50,10000,0.1,0.01
0.0249,0.0891,ldsc,51,10000,0.1,0.01
0.0922,0.0891,ldsc,52,10000,0.1,0.01
0.0981,0.0892,ldsc,53,10000,0.1,0.01
0.19,0.0945,ldsc,54,10000,0.1,0.01
0.1093,0.0991,ldsc,55,10000,0.1,0.01
0.1685,0.0903,ldsc,56,10000,0.1,0.01
0.0088,0.0887,ldsc,57,10000,0.1,0.01
0.1586,0.097,ldsc,58,10000,0.1,0.01
0.0368,0.0861,ldsc,59,10000,0.1,0.01
-0.0176,0.0864,ldsc,60,10000,0.1,0.01
0.0154,0.0843,ldsc,61,10000,0.1,0.01
0.0077,0.0886,ldsc,62,10000,0.1,0.01
0.1074,0.0863,ldsc,63,10000,0.1,0.01
0.2132,0.0946,ldsc,64,10000,0.1,0.01
0.1101,0.0952,ldsc,65,10000,0.1,0.01
0.1486,0.1036,ldsc,66,10000,0.1,0.01
0.0603,0.0925,ldsc,67,10000,0.1,0.01
0.1155,0.0921,ldsc,68,10000,0.1,0.01
0.1163,0.0914,ldsc,69,10000,0.1,0.01
0.009,0.0899,ldsc,70,10000,0.1,0.01
0.0767,0.0952,ldsc,71,10000,0.1,0.01
-0.0817,0.0926,ldsc,72,10000,0.1,0.01
-0.1246,0.0906,ldsc,73,10000,0.1,0.01
0.1535,0.093,ldsc,74,10000,0.1,0.01
0.1418,0.0888,ldsc,75,10000,0.1,0.01
-0.0501,0.085,ldsc,76,10000,0.1,0.01
0.0751,0.0902,ldsc,77,10000,0.1,0.01
0.1437,0.0906,ldsc,78,10000,0.1,0.01
0.0296,0.0867,ldsc,79,10000,0.1,0.01
-0.0598,0.0942,ldsc,80,10000,0.1,0.01
0.2057,0.0915,ldsc,81,10000,0.1,0.01
0.3332,0.0921,ldsc,82,10000,0.1,0.01
-0.0206,0.0902,ldsc,83,10000,0.1,0.01
0.1864,0.0935,ldsc,84,10000,0.1,0.01
0.376,0.1007,ldsc,85,10000,0.1,0.01
0.1166,0.1001,ldsc,86,10000,0.1,0.01
0.1103,0.089,ldsc,87,10000,0.1,0.01
-0.0317,0.0872,ldsc,88,10000,0.1,0.01
-0.048,0.087,ldsc,89,10000,0.1,0.01
0.2057,0.0955,ldsc,90,10000,0.1,0.01
-0.0484,0.0827,ldsc,91,10000,0.1,0.01
0.1214,0.0993,ldsc,92,10000,0.1,0.01
0.0918,0.0988,ldsc,93,10000,0.1,0.01
0.2653,0.0904,ldsc,94,10000,0.1,0.01
0.0503,0.0941,ldsc,95,10000,0.1,0.01
0.1333,0.0865,ldsc,96,10000,0.1,0.01
0.077,0.0917,ldsc,97,10000,0.1,0.01
-0.0283,0.0874,ldsc,98,10000,0.1,0.01
0.1533,0.0948,ldsc,99,10000,0.1,0.01
0.111,0.0944,ldsc,0,20000,0.1,0.01
-0.0114,0.095,ldsc,1,20000,0.1,0.01
0.2592,0.0906,ldsc,2,20000,0.1,0.01
0.0979,0.0868,ldsc,3,20000,0.1,0.01
0.0235,0.0997,ldsc,4,20000,0.1,0.01
0.018,0.0896,ldsc,5,20000,0.1,0.01
0.0628,0.0863,ldsc,6,20000,0.1,0.01
0.1127,0.0909,ldsc,7,20000,0.1,0.01
0.2241,0.094,ldsc,8,20000,0.1,0.01
0.2185,0.0885,ldsc,9,20000,0.1,0.01
-0.0256,0.0872,ldsc,10,20000,0.1,0.01
0.055,0.0931,ldsc,11,20000,0.1,0.01
0.0227,0.0932,ldsc,12,20000,0.1,0.01
0.1285,0.0912,ldsc,13,20000,0.1,0.01
0.1274,0.0941,ldsc,14,20000,0.1,0.01
0.2047,0.1107,ldsc,15,20000,0.1,0.01
-0.0049,0.085,ldsc,16,20000,0.1,0.01
0.2533,0.1034,ldsc,17,20000,0.1,0.01
0.1506,0.0923,ldsc,18,20000,0.1,0.01
0.0827,0.0975,ldsc,19,20000,0.1,0.01
-0.0339,0.0895,ldsc,20,20000,0.1,0.01
-0.037,0.0885,ldsc,21,20000,0.1,0.01
0.1712,0.0956,ldsc,22,20000,0.1,0.01
0.054,0.0882,ldsc,23,20000,0.1,0.01
0.1068,0.1078,ldsc,24,20000,0.1,0.01
0.0679,0.0878,ldsc,25,20000,0.1,0.01
0.1515,0.0961,ldsc,26,20000,0.1,0.01
0.1746,0.0901,ldsc,27,20000,0.1,0.01
0.3517,0.0944,ldsc,28,20000,0.1,0.01
0.1484,0.0851,ldsc,29,20000,0.1,0.01
0.1537,0.0897,ldsc,30,20000,0.1,0.01
0.1272,0.0869,ldsc,31,20000,0.1,0.01
0.0175,0.0879,ldsc,32,20000,0.1,0.01
0.3735,0.0895,ldsc,33,20000,0.1,0.01
0.1936,0.0925,ldsc,34,20000,0.1,0.01
0.0699,0.0916,ldsc,35,20000,0.1,0.01
0.1211,0.0994,ldsc,36,20000,0.1,0.01
0.0397,0.086,ldsc,37,20000,0.1,0.01
0.0488,0.0882,ldsc,38,20000,0.1,0.01
-0.101,0.0848,ldsc,39,20000,0.1,0.01
0.0564,0.0856,ldsc,40,20000,0.1,0.01
0.008,0.0844,ldsc,41,20000,0.1,0.01
0.0126,0.0969,ldsc,42,20000,0.1,0.01
0.1839,0.0873,ldsc,43,20000,0.1,0.01
-0.0341,0.0909,ldsc,44,20000,0.1,0.01
0.0949,0.0865,ldsc,45,20000,0.1,0.01
0.0574,0.0907,ldsc,46,20000,0.1,0.01
0.0819,0.0889,ldsc,47,20000,0.1,0.01
0.0754,0.0904,ldsc,48,20000,0.1,0.01
-0.1786,0.0836,ldsc,49,20000,0.1,0.01
-0.0742,0.0853,ldsc,50,20000,0.1,0.01
0.0241,0.0891,ldsc,51,20000,0.1,0.01
0.09,0.089,ldsc,52,20000,0.1,0.01
0.097,0.089,ldsc,53,20000,0.1,0.01
0.1915,0.0944,ldsc,54,20000,0.1,0.01
0.1092,0.0989,ldsc,55,20000,0.1,0.01
0.1673,0.0902,ldsc,56,20000,0.1,0.01
0.0068,0.0886,ldsc,57,20000,0.1,0.01
0.1559,0.0969,ldsc,58,20000,0.1,0.01
0.0376,0.0862,ldsc,59,20000,0.1,0.01
-0.0178,0.0863,ldsc,60,20000,0.1,0.01
0.0142,0.0842,ldsc,61,20000,0.1,0.01
0.0081,0.0885,ldsc,62,20000,0.1,0.01
0.1082,0.0862,ldsc,63,20000,0.1,0.01
0.2111,0.0944,ldsc,64,20000,0.1,0.01
0.1078,0.0951,ldsc,65,20000,0.1,0.01
0.1487,0.1035,ldsc,66,20000,0.1,0.01
0.0593,0.0924,ldsc,67,20000,0.1,0.01
0.1162,0.0919,ldsc,68,20000,0.1,0.01
0.1158,0.0913,ldsc,69,20000,0.1,0.01
0.0083,0.0898,ldsc,70,20000,0.1,0.01
0.0758,0.0952,ldsc,71,20000,0.1,0.01
-0.0808,0.0925,ldsc,72,20000,0.1,0.01
-0.1262,0.0906,ldsc,73,20000,0.1,0.01
0.1527,0.0929,ldsc,74,20000,0.1,0.01
0.1424,0.0887,ldsc,75,20000,0.1,0.01
-0.0487,0.0849,ldsc,76,20000,0.1,0.01
0.0733,0.09,ldsc,77,20000,0.1,0.01
0.1411,0.0906,ldsc,78,20000,0.1,0.01
0.0298,0.0866,ldsc,79,20000,0.1,0.01
-0.0588,0.0941,ldsc,80,20000,0.1,0.01
0.2058,0.0914,ldsc,81,20000,0.1,0.01
0.3356,0.0921,ldsc,82,20000,0.1,0.01
-0.0189,0.0901,ldsc,83,20000,0.1,0.01
0.1875,0.0934,ldsc,84,20000,0.1,0.01
0.3765,0.1005,ldsc,85,20000,0.1,0.01
0.1151,0.1001,ldsc,86,20000,0.1,0.01
0.1092,0.0889,ldsc,87,20000,0.1,0.01
-0.0318,0.0871,ldsc,88,20000,0.1,0.01
-0.0489,0.0869,ldsc,89,20000,0.1,0.01
0.2074,0.0955,ldsc,90,20000,0.1,0.01
-0.0476,0.0826,ldsc,91,20000,0.1,0.01
0.1217,0.0992,ldsc,92,20000,0.1,0.01
0.0904,0.0988,ldsc,93,20000,0.1,0.01
0.2651,0.0903,ldsc,94,20000,0.1,0.01
0.0504,0.0942,ldsc,95,20000,0.1,0.01
0.1368,0.0865,ldsc,96,20000,0.1,0.01
0.0772,0.0916,ldsc,97,20000,0.1,0.01
-0.028,0.0873,ldsc,98,20000,0.1,0.01
0.1532,0.0947,ldsc,99,20000,0.1,0.01
0.1101,0.0944,ldsc,0,30000,0.1,0.01
-0.011,0.095,ldsc,1,30000,0.1,0.01
0.26,0.0906,ldsc,2,30000,0.1,0.01
0.0982,0.0868,ldsc,3,30000,0.1,0.01
0.0241,0.0997,ldsc,4,30000,0.1,0.01
0.0195,0.0896,ldsc,5,30000,0.1,0.01
0.0638,0.0863,ldsc,6,30000,0.1,0.01
0.115,0.0909,ldsc,7,30000,0.1,0.01
0.223,0.094,ldsc,8,30000,0.1,0.01
0.2184,0.0885,ldsc,9,30000,0.1,0.01
-0.025,0.0871,ldsc,10,30000,0.1,0.01
0.0549,0.093,ldsc,11,30000,0.1,0.01
0.0231,0.0932,ldsc,12,30000,0.1,0.01
0.1274,0.0912,ldsc,13,30000,0.1,0.01
0.1277,0.0941,ldsc,14,30000,0.1,0.01
0.2045,0.1107,ldsc,15,30000,0.1,0.01
-0.0047,0.085,ldsc,16,30000,0.1,0.01
0.2528,0.1034,ldsc,17,30000,0.1,0.01
0.1518,0.0923,ldsc,18,30000,0.1,0.01
0.0831,0.0975,ldsc,19,30000,0.1,0.01
-0.0336,0.0895,ldsc,20,30000,0.1,0.01
-0.0379,0.0884,ldsc,21,30000,0.1,0.01
0.1691,0.0956,ldsc,22,30000,0.1,0.01
0.0546,0.0882,ldsc,23,30000,0.1,0.01
0.107,0.1077,ldsc,24,30000,0.1,0.01
0.0673,0.0878,ldsc,25,30000,0.1,0.01
0.1513,0.0962,ldsc,26,30000,0.1,0.01
0.174,0.0901,ldsc,27,30000,0.1,0.01
0.3529,0.0944,ldsc,28,30000,0.1,0.01
0.1475,0.085,ldsc,29,30000,0.1,0.01
0.1528,0.0897,ldsc,30,30000,0.1,0.01
0.125,0.0869,ldsc,31,30000,0.1,0.01
0.0173,0.0879,ldsc,32,30000,0.1,0.01
0.373,0.0895,ldsc,33,30000,0.1,0.01
0.1919,0.0925,ldsc,34,30000,0.1,0.01
0.0722,0.0916,ldsc,35,30000,0.1,0.01
0.1217,0.0994,ldsc,36,30000,0.1,0.01
0.0379,0.0859,ldsc,37,30000,0.1,0.01
0.0487,0.0882,ldsc,38,30000,0.1,0.01
-0.1008,0.0848,ldsc,39,30000,0.1,0.01
0.0542,0.0857,ldsc,40,30000,0.1,0.01
0.007,0.0844,ldsc,41,30000,0.1,0.01
0.0135,0.0968,ldsc,42,30000,0.1,0.01
0.1857,0.0872,ldsc,43,30000,0.1,0.01
-0.034,0.0909,ldsc,44,30000,0.1,0.01
0.0938,0.0866,ldsc,45,30000,0.1,0.01
0.059,0.0907,ldsc,46,30000,0.1,0.01
0.0822,0.0888,ldsc,47,30000,0.1,0.01
0.0747,0.0904,ldsc,48,30000,0.1,0.01
-0.1791,0.0835,ldsc,49,30000,0.1,0.01
-0.0751,0.0853,ldsc,50,30000,0.1,0.01
0.0245,0.089,ldsc,51,30000,0.1,0.01
0.0902,0.089,ldsc,52,30000,0.1,0.01
0.0979,0.089,ldsc,53,30000,0.1,0.01
0.1928,0.0943,ldsc,54,30000,0.1,0.01
0.11,0.0988,ldsc,55,30000,0.1,0.01
0.1666,0.0902,ldsc,56,30000,0.1,0.01
0.0079,0.0886,ldsc,57,30000,0.1,0.01
0.1566,0.0969,ldsc,58,30000,0.1,0.01
0.0389,0.0862,ldsc,59,30000,0.1,0.01
-0.0187,0.0862,ldsc,60,30000,0.1,0.01
0.0171,0.0843,ldsc,61,30000,0.1,0.01
0.009,0.0885,ldsc,62,30000,0.1,0.01
0.109,0.0863,ldsc,63,30000,0.1,0.01
0.2112,0.0944,ldsc,64,30000,0.1,0.01
0.1075,0.0951,ldsc,65,30000,0.1,0.01
0.1474,0.1035,ldsc,66,30000,0.1,0.01
0.0594,0.0924,ldsc,67,30000,0.1,0.01
0.1179,0.0919,ldsc,68,30000,0.1,0.01
0.1145,0.0912,ldsc,69,30000,0.1,0.01
0.0074,0.0898,ldsc,70,30000,0.1,0.01
0.0765,0.0951,ldsc,71,30000,0.1,0.01
-0.0797,0.0924,ldsc,72,30000,0.1,0.01
-0.1292,0.0905,ldsc,73,30000,0.1,0.01
0.1546,0.093,ldsc,74,30000,0.1,0.01
0.1414,0.0886,ldsc,75,30000,0.1,0.01
-0.0487,0.085,ldsc,76,30000,0.1,0.01
0.0732,0.09,ldsc,77,30000,0.1,0.01
0.1419,0.0906,ldsc,78,30000,0.1,0.01
0.0307,0.0866,ldsc,79,30000,0.1,0.01
-0.0588,0.0941,ldsc,80,30000,0.1,0.01
0.2066,0.0914,ldsc,81,30000,0.1,0.01
0.3356,0.0921,ldsc,82,30000,0.1,0.01
-0.0171,0.0901,ldsc,83,30000,0.1,0.01
0.1848,0.0934,ldsc,84,30000,0.1,0.01
0.3753,0.1005,ldsc,85,30000,0.1,0.01
0.1153,0.1001,ldsc,86,30000,0.1,0.01
0.1095,0.0889,ldsc,87,30000,0.1,0.01
-0.0316,0.087,ldsc,88,30000,0.1,0.01
-0.0474,0.0869,ldsc,89,30000,0.1,0.01
0.2065,0.0955,ldsc,90,30000,0.1,0.01
-0.0468,0.0826,ldsc,91,30000,0.1,0.01
0.1233,0.0991,ldsc,92,30000,0.1,0.01
0.0916,0.0987,ldsc,93,30000,0.1,0.01
0.2652,0.0904,ldsc,94,30000,0.1,0.01
0.0495,0.0942,ldsc,95,30000,0.1,0.01
0.1364,0.0866,ldsc,96,30000,0.1,0.01
0.0789,0.0915,ldsc,97,30000,0.1,0.01
-0.0266,0.0873,ldsc,98,30000,0.1,0.01
0.153,0.0947,ldsc,99,30000,0.1,0.01
0.1061,0.0944,ldsc,0,50000,0.1,0.01
-0.007,0.095,ldsc,1,50000,0.1,0.01
0.2571,0.0906,ldsc,2,50000,0.1,0.01
0.0994,0.0867,ldsc,3,50000,0.1,0.01
0.0215,0.0998,ldsc,4,50000,0.1,0.01
0.0191,0.0895,ldsc,5,50000,0.1,0.01
0.0608,0.0864,ldsc,6,50000,0.1,0.01
0.1155,0.0909,ldsc,7,50000,0.1,0.01
0.2241,0.0938,ldsc,8,50000,0.1,0.01
0.2193,0.0883,ldsc,9,50000,0.1,0.01
-0.0219,0.0872,ldsc,10,50000,0.1,0.01
0.0552,0.0929,ldsc,11,50000,0.1,0.01
0.0288,0.0929,ldsc,12,50000,0.1,0.01
0.1331,0.0912,ldsc,13,50000,0.1,0.01
0.1249,0.0939,ldsc,14,50000,0.1,0.01
0.2075,0.1104,ldsc,15,50000,0.1,0.01
-0.0059,0.0851,ldsc,16,50000,0.1,0.01
0.2555,0.1034,ldsc,17,50000,0.1,0.01
0.1509,0.0921,ldsc,18,50000,0.1,0.01
0.0809,0.0975,ldsc,19,50000,0.1,0.01
-0.0351,0.0895,ldsc,20,50000,0.1,0.01
-0.0356,0.0883,ldsc,21,50000,0.1,0.01
0.1653,0.0956,ldsc,22,50000,0.1,0.01
0.0562,0.0882,ldsc,23,50000,0.1,0.01
0.1104,0.1072,ldsc,24,50000,0.1,0.01
0.0664,0.0877,ldsc,25,50000,0.1,0.01
0.1545,0.0961,ldsc,26,50000,0.1,0.01
0.1731,0.0901,ldsc,27,50000,0.1,0.01
0.3486,0.0944,ldsc,28,50000,0.1,0.01
0.1414,0.0851,ldsc,29,50000,0.1,0.01
0.1552,0.0895,ldsc,30,50000,0.1,0.01
0.125,0.0869,ldsc,31,50000,0.1,0.01
0.0159,0.088,ldsc,32,50000,0.1,0.01
0.374,0.0892,ldsc,33,50000,0.1,0.01
0.1948,0.0924,ldsc,34,50000,0.1,0.01
0.0684,0.0914,ldsc,35,50000,0.1,0.01
0.1184,0.0995,ldsc,36,50000,0.1,0.01
0.0471,0.086,ldsc,37,50000,0.1,0.01
0.0547,0.0883,ldsc,38,50000,0.1,0.01
-0.1058,0.0847,ldsc,39,50000,0.1,0.01
0.0538,0.0858,ldsc,40,50000,0.1,0.01
0.0042,0.0843,ldsc,41,50000,0.1,0.01
0.014,0.0967,ldsc,42,50000,0.1,0.01
0.1896,0.0871,ldsc,43,50000,0.1,0.01
-0.026,0.0909,ldsc,44,50000,0.1,0.01
0.0962,0.0866,ldsc,45,50000,0.1,0.01
0.0598,0.0905,ldsc,46,50000,0.1,0.01
0.085,0.0886,ldsc,47,50000,0.1,0.01
0.072,0.0904,ldsc,48,50000,0.1,0.01
-0.178,0.0835,ldsc,49,50000,0.1,0.01
-0.0697,0.0853,ldsc,50,50000,0.1,0.01
0.025,0.0891,ldsc,51,50000,0.1,0.01
0.0919,0.089,ldsc,52,50000,0.1,0.01
0.1019,0.0889,ldsc,53,50000,0.1,0.01
0.1982,0.0942,ldsc,54,50000,0.1,0.01
0.111,0.0989,ldsc,55,50000,0.1,0.01
0.1692,0.09,ldsc,56,50000,0.1,0.01
0.0091,0.0886,ldsc,57,50000,0.1,0.01
0.1548,0.0966,ldsc,58,50000,0.1,0.01
0.036,0.0861,ldsc,59,50000,0.1,0.01
-0.0188,0.0862,ldsc,60,50000,0.1,0.01
0.0206,0.0843,ldsc,61,50000,0.1,0.01
0.0136,0.0886,ldsc,62,50000,0.1,0.01
0.1098,0.0863,ldsc,63,50000,0.1,0.01
0.2098,0.0944,ldsc,64,50000,0.1,0.01
0.1057,0.0952,ldsc,65,50000,0.1,0.01
0.1458,0.1035,ldsc,66,50000,0.1,0.01
0.0627,0.0923,ldsc,67,50000,0.1,0.01
0.1214,0.0919,ldsc,68,50000,0.1,0.01
0.1232,0.0911,ldsc,69,50000,0.1,0.01
0.0053,0.0898,ldsc,70,50000,0.1,0.01
0.0753,0.0951,ldsc,71,50000,0.1,0.01
-0.0836,0.0924,ldsc,72,50000,0.1,0.01
-0.1242,0.0905,ldsc,73,50000,0.1,0.01
0.1554,0.0928,ldsc,74,50000,0.1,0.01
0.1434,0.0888,ldsc,75,50000,0.1,0.01
-0.0426,0.085,ldsc,76,50000,0.1,0.01
0.0706,0.09,ldsc,77,50000,0.1,0.01
0.1393,0.0906,ldsc,78,50000,0.1,0.01
0.029,0.0865,ldsc,79,50000,0.1,0.01
-0.0565,0.0941,ldsc,80,50000,0.1,0.01
0.2033,0.0914,ldsc,81,50000,0.1,0.01
0.3416,0.092,ldsc,82,50000,0.1,0.01
-0.0193,0.0902,ldsc,83,50000,0.1,0.01
0.1866,0.0935,ldsc,84,50000,0.1,0.01
0.3758,0.1005,ldsc,85,50000,0.1,0.01
0.1169,0.1,ldsc,86,50000,0.1,0.01
0.1096,0.0888,ldsc,87,50000,0.1,0.01
-0.0338,0.0871,ldsc,88,50000,0.1,0.01
-0.0465,0.0869,ldsc,89,50000,0.1,0.01
0.2106,0.0955,ldsc,90,50000,0.1,0.01
-0.0444,0.0826,ldsc,91,50000,0.1,0.01
0.1282,0.0991,ldsc,92,50000,0.1,0.01
0.0942,0.0986,ldsc,93,50000,0.1,0.01
0.2606,0.0903,ldsc,94,50000,0.1,0.01
0.0541,0.094,ldsc,95,50000,0.1,0.01
0.1391,0.0865,ldsc,96,50000,0.1,0.01
0.0773,0.0915,ldsc,97,50000,0.1,0.01
-0.0274,0.0874,ldsc,98,50000,0.1,0.01
0.1506,0.0946,ldsc,99,50000,0.1,0.01
0.2764,0.0959,ldsc,0,1000,0.25,1.0
0.2725,0.1096,ldsc,1,1000,0.25,1.0
0.3296,0.1014,ldsc,2,1000,0.25,1.0
0.2318,0.0998,ldsc,3,1000,0.25,1.0
0.4546,0.1048,ldsc,4,1000,0.25,1.0
0.2513,0.1053,ldsc,5,1000,0.25,1.0
0.3482,0.1057,ldsc,6,1000,0.25,1.0
0.4802,0.108,ldsc,7,1000,0.25,1.0
0.1659,0.1031,ldsc,8,1000,0.25,1.0
0.3177,0.1017,ldsc,9,1000,0.25,1.0
0.1914,0.1021,ldsc,10,1000,0.25,1.0
0.3903,0.1108,ldsc,11,1000,0.25,1.0
0.1676,0.0949,ldsc,12,1000,0.25,1.0
0.1167,0.0959,ldsc,13,1000,0.25,1.0
0.1933,0.0997,ldsc,14,1000,0.25,1.0
0.2875,0.1186,ldsc,15,1000,0.25,1.0
0.3557,0.1027,ldsc,16,1000,0.25,1.0
0.2695,0.0971,ldsc,17,1000,0.25,1.0
0.3213,0.1048,ldsc,18,1000,0.25,1.0
0.2767,0.1046,ldsc,19,1000,0.25,1.0
0.4376,0.1079,ldsc,20,1000,0.25,1.0
0.3772,0.1049,ldsc,21,1000,0.25,1.0
0.3192,0.1017,ldsc,22,1000,0.25,1.0
0.4194,0.1063,ldsc,23,1000,0.25,1.0
0.2851,0.1054,ldsc,24,1000,0.25,1.0
0.2788,0.1065,ldsc,25,1000,0.25,1.0
0.2065,0.0987,ldsc,26,1000,0.25,1.0
0.2011,0.0975,ldsc,27,1000,0.25,1.0
0.3393,0.1009,ldsc,28,1000,0.25,1.0
0.0767,0.1021,ldsc,29,1000,0.25,1.0
0.1125,0.0945,ldsc,30,1000,0.25,1.0
0.368,0.0989,ldsc,31,1000,0.25,1.0
0.1077,0.0958,ldsc,32,1000,0.25,1.0
0.257,0.0905,ldsc,33,1000,0.25,1.0
0.3121,0.1003,ldsc,34,1000,0.25,1.0
0.2383,0.1015,ldsc,35,1000,0.25,1.0
0.1095,0.0949,ldsc,36,1000,0.25,1.0
0.2646,0.1004,ldsc,37,1000,0.25,1.0
0.3307,0.1031,ldsc,38,1000,0.25,1.0
0.1576,0.0992,ldsc,39,1000,0.25,1.0
0.1533,0.0924,ldsc,40,1000,0.25,1.0
0.4403,0.1048,ldsc,41,1000,0.25,1.0
0.1744,0.0964,ldsc,42,1000,0.25,1.0
0.1215,0.0954,ldsc,43,1000,0.25,1.0
0.3221,0.1017,ldsc,44,1000,0.25,1.0
0.3477,0.1072,ldsc,45,1000,0.25,1.0
0.2088,0.1024,ldsc,46,1000,0.25,1.0
0.4343,0.0986,ldsc,47,1000,0.25,1.0
0.3373,0.0975,ldsc,48,1000,0.25,1.0
0.2826,0.0957,ldsc,49,1000,0.25,1.0
0.2697,0.1037,ldsc,50,1000,0.25,1.0
0.1311,0.0982,ldsc,51,1000,0.25,1.0
0.2964,0.0961,ldsc,52,1000,0.25,1.0
0.2995,0.1105,ldsc,53,1000,0.25,1.0
0.1667,0.102,ldsc,54,1000,0.25,1.0
0.3599,0.105,ldsc,55,1000,0.25,1.0
0.2788,0.0979,ldsc,56,1000,0.25,1.0
0.3157,0.0996,ldsc,57,1000,0.25,1.0
0.1222,0.1006,ldsc,58,1000,0.25,1.0
0.1362,0.0979,ldsc,59,1000,0.25,1.0
0.185,0.0952,ldsc,60,1000,0.25,1.0
0.277,0.0928,ldsc,61,1000,0.25,1.0
0.3493,0.1038,ldsc,62,1000,0.25,1.0
0.1856,0.0981,ldsc,63,1000,0.25,1.0
0.1823,0.0902,ldsc,64,1000,0.25,1.0
0.3265,0.0995,ldsc,65,1000,0.25,1.0
-0.0607,0.0885,ldsc,66,1000,0.25,1.0
0.2076,0.0954,ldsc,67,1000,0.25,1.0
0.1313,0.0945,ldsc,68,1000,0.25,1.0
0.3757,0.0982,ldsc,69,1000,0.25,1.0
0.2514,0.092,ldsc,70,1000,0.25,1.0
0.4708,0.0988,ldsc,71,1000,0.25,1.0
0.2586,0.0954,ldsc,72,1000,0.25,1.0
0.2692,0.0954,ldsc,73,1000,0.25,1.0
0.1265,0.0973,ldsc,74,1000,0.25,1.0
0.205,0.0948,ldsc,75,1000,0.25,1.0
0.3524,0.0961,ldsc,76,1000,0.25,1.0
0.2729,0.0913,ldsc,77,1000,0.25,1.0
0.0953,0.0925,ldsc,78,1000,0.25,1.0
0.1526,0.0977,ldsc,79,1000,0.25,1.0
0.1609,0.1032,ldsc,80,1000,0.25,1.0
0.1568,0.1003,ldsc,81,1000,0.25,1.0
0.0521,0.0988,ldsc,82,1000,0.25,1.0
0.1489,0.0986,ldsc,83,1000,0.25,1.0
0.1585,0.0973,ldsc,84,1000,0.25,1.0
0.3109,0.1041,ldsc,85,1000,0.25,1.0
0.1794,0.0921,ldsc,86,1000,0.25,1.0
0.221,0.0986,ldsc,87,1000,0.25,1.0
0.3142,0.0989,ldsc,88,1000,0.25,1.0
0.3408,0.0927,ldsc,89,1000,0.25,1.0
0.0917,0.1019,ldsc,90,1000,0.25,1.0
0.4632,0.1119,ldsc,91,1000,0.25,1.0
0.4861,0.1098,ldsc,92,1000,0.25,1.0
0.139,0.1023,ldsc,93,1000,0.25,1.0
0.2354,0.1009,ldsc,94,1000,0.25,1.0
0.2093,0.0915,ldsc,95,1000,0.25,1.0
0.3853,0.108,ldsc,96,1000,0.25,1.0
0.2428,0.1002,ldsc,97,1000,0.25,1.0
0.4115,0.0974,ldsc,98,1000,0.25,1.0
0.2526,0.1034,ldsc,99,1000,0.25,1.0
0.2721,0.0937,ldsc,0,2000,0.25,1.0
0.2608,0.1072,ldsc,1,2000,0.25,1.0
0.3304,0.0993,ldsc,2,2000,0.25,1.0
0.2239,0.0978,ldsc,3,2000,0.25,1.0
0.4449,0.1022,ldsc,4,2000,0.25,1.0
0.2459,0.1029,ldsc,5,2000,0.25,1.0
0.3396,0.1036,ldsc,6,2000,0.25,1.0
0.4651,0.1058,ldsc,7,2000,0.25,1.0
0.1591,0.1009,ldsc,8,2000,0.25,1.0
0.3104,0.0996,ldsc,9,2000,0.25,1.0
0.1786,0.0999,ldsc,10,2000,0.25,1.0
0.3813,0.1083,ldsc,11,2000,0.25,1.0
0.1575,0.0929,ldsc,12,2000,0.25,1.0
0.1146,0.0937,ldsc,13,2000,0.25,1.0
0.1875,0.0975,ldsc,14,2000,0.25,1.0
0.2866,0.1157,ldsc,15,2000,0.25,1.0
0.3479,0.1005,ldsc,16,2000,0.25,1.0
0.2633,0.0949,ldsc,17,2000,0.25,1.0
0.3178,0.1027,ldsc,18,2000,0.25,1.0
0.2672,0.1023,ldsc,19,2000,0.25,1.0
0.4278,0.106,ldsc,20,2000,0.25,1.0
0.3768,0.1022,ldsc,21,2000,0.25,1.0
0.3095,0.0996,ldsc,22,2000,0.25,1.0
0.4094,0.1034,ldsc,23,2000,0.25,1.0
0.2795,0.1031,ldsc,24,2000,0.25,1.0
0.2712,0.1043,ldsc,25,2000,0.25,1.0
0.2076,0.0969,ldsc,26,2000,0.25,1.0
0.1917,0.0954,ldsc,27,2000,0.25,1.0
0.3302,0.0988,ldsc,28,2000,0.25,1.0
0.0745,0.0999,ldsc,29,2000,0.25,1.0
0.1077,0.0925,ldsc,30,2000,0.25,1.0
0.37,0.0966,ldsc,31,2000,0.25,1.0
0.1038,0.0936,ldsc,32,2000,0.25,1.0
0.2519,0.0886,ldsc,33,2000,0.25,1.0
0.3106,0.0981,ldsc,34,2000,0.25,1.0
0.2367,0.0994,ldsc,35,2000,0.25,1.0
0.1092,0.0929,ldsc,36,2000,0.25,1.0
0.2587,0.0987,ldsc,37,2000,0.25,1.0
0.3206,0.1013,ldsc,38,2000,0.25,1.0
0.1516,0.0971,ldsc,39,2000,0.25,1.0
0.1508,0.0905,ldsc,40,2000,0.25,1.0
0.4331,0.1024,ldsc,41,2000,0.25,1.0
0.1658,0.0942,ldsc,42,2000,0.25,1.0
0.1163,0.0934,ldsc,43,2000,0.25,1.0
0.3072,0.1001,ldsc,44,2000,0.25,1.0
0.3406,0.1048,ldsc,45,2000,0.25,1.0
0.2037,0.1004,ldsc,46,2000,0.25,1.0
0.4271,0.0963,ldsc,47,2000,0.25,1.0
0.3288,0.0956,ldsc,48,2000,0.25,1.0
0.2762,0.0936,ldsc,49,2000,0.25,1.0
0.2618,0.1016,ldsc,50,2000,0.25,1.0
0.1234,0.0959,ldsc,51,2000,0.25,1.0
0.2875,0.0938,ldsc,52,2000,0.25,1.0
0.3002,0.1082,ldsc,53,2000,0.25,1.0
0.1681,0.0998,ldsc,54,2000,0.25,1.0
0.3492,0.1024,ldsc,55,2000,0.25,1.0
0.2726,0.0961,ldsc,56,2000,0.25,1.0
0.3017,0.0972,ldsc,57,2000,0.25,1.0
0.1187,0.0983,ldsc,58,2000,0.25,1.0
0.1353,0.0959,ldsc,59,2000,0.25,1.0
0.184,0.0928,ldsc,60,2000,0.25,1.0
0.2661,0.0908,ldsc,61,2000,0.25,1.0
0.3445,0.1008,ldsc,62,2000,0.25,1.0
0.1853,0.0961,ldsc,63,2000,0.25,1.0
0.1834,0.0881,ldsc,64,2000,0.25,1.0
0.3257,0.0972,ldsc,65,2000,0.25,1.0
-0.0609,0.0865,ldsc,66,2000,0.25,1.0
0.1994,0.0933,ldsc,67,2000,0.25,1.0
0.1284,0.0925,ldsc,68,2000,0.25,1.0
0.3654,0.0957,ldsc,69,2000,0.25,1.0
0.2505,0.0903,ldsc,70,2000,0.25,1.0
0.4633,0.0963,ldsc,71,2000,0.25,1.0
0.2546,0.0934,ldsc,72,2000,0.25,1.0
0.264,0.0933,ldsc,73,2000,0.25,1.0
0.1225,0.0953,ldsc,74,2000,0.25,1.0
0.2037,0.0926,ldsc,75,2000,0.25,1.0
0.3459,0.0939,ldsc,76,2000,0.25,1.0
0.2636,0.0895,ldsc,77,2000,0.25,1.0
0.0965,0.0905,ldsc,78,2000,0.25,1.0
0.1464,0.0956,ldsc,79,2000,0.25,1.0
0.1611,0.101,ldsc,80,2000,0.25,1.0
0.1545,0.0983,ldsc,81,2000,0.25,1.0
0.0671,0.0967,ldsc,82,2000,0.25,1.0
0.1502,0.0968,ldsc,83,2000,0.25,1.0
0.1627,0.095,ldsc,84,2000,0.25,1.0
0.3058,0.1016,ldsc,85,2000,0.25,1.0
0.1753,0.0902,ldsc,86,2000,0.25,1.0
0.2163,0.0966,ldsc,87,2000,0.25,1.0
0.3115,0.0965,ldsc,88,2000,0.25,1.0
0.3316,0.0909,ldsc,89,2000,0.25,1.0
0.0849,0.0998,ldsc,90,2000,0.25,1.0
0.448,0.1092,ldsc,91,2000,0.25,1.0
0.4694,0.1068,ldsc,92,2000,0.25,1.0
0.1321,0.1002,ldsc,93,2000,0.25,1.0
0.2333,0.0987,ldsc,94,2000,0.25,1.0
0.2069,0.0896,ldsc,95,2000,0.25,1.0
0.376,0.1057,ldsc,96,2000,0.25,1.0
0.2348,0.0979,ldsc,97,2000,0.25,1.0
0.4051,0.0953,ldsc,98,2000,0.25,1.0
0.2493,0.1012,ldsc,99,2000,0.25,1.0
0.2699,0.093,ldsc,0,3000,0.25,1.0
0.2579,0.1064,ldsc,1,3000,0.25,1.0
0.3302,0.0986,ldsc,2,3000,0.25,1.0
0.221,0.0972,ldsc,3,3000,0.25,1.0
0.4411,0.1014,ldsc,4,3000,0.25,1.0
0.2442,0.1022,ldsc,5,3000,0.25,1.0
0.3367,0.103,ldsc,6,3000,0.25,1.0
0.4601,0.1052,ldsc,7,3000,0.25,1.0
0.1574,0.1002,ldsc,8,3000,0.25,1.0
0.3097,0.0989,ldsc,9,3000,0.25,1.0
0.1751,0.0992,ldsc,10,3000,0.25,1.0
0.3768,0.1075,ldsc,11,3000,0.25,1.0
0.156,0.0922,ldsc,12,3000,0.25,1.0
0.114,0.093,ldsc,13,3000,0.25,1.0
0.1838,0.0969,ldsc,14,3000,0.25,1.0
0.2862,0.1149,ldsc,15,3000,0.25,1.0
0.3453,0.0999,ldsc,16,3000,0.25,1.0
0.2624,0.0942,ldsc,17,3000,0.25,1.0
0.3164,0.1021,ldsc,18,3000,0.25,1.0
0.2628,0.1017,ldsc,19,3000,0.25,1.0
0.4263,0.1054,ldsc,20,3000,0.25,1.0
0.3756,0.1014,ldsc,21,3000,0.25,1.0
0.3055,0.0989,ldsc,22,3000,0.25,1.0
0.4066,0.1026,ldsc,23,3000,0.25,1.0
0.2787,0.1024,ldsc,24,3000,0.25,1.0
0.2702,0.1037,ldsc,25,3000,0.25,1.0
0.2075,0.0964,ldsc,26,3000,0.25,1.0
0.1884,0.0948,ldsc,27,3000,0.25,1.0
0.3289,0.0981,ldsc,28,3000,0.25,1.0
0.0753,0.0993,ldsc,29,3000,0.25,1.0
0.1067,0.0919,ldsc,30,3000,0.25,1.0
0.37,0.0959,ldsc,31,3000,0.25,1.0
0.1014,0.0929,ldsc,32,3000,0.25,1.0
0.2521,0.088,ldsc,33,3000,0.25,1.0
0.311,0.0975,ldsc,34,3000,0.25,1.0
0.2374,0.0988,ldsc,35,3000,0.25,1.0
0.1084,0.0922,ldsc,36,3000,0.25,1.0
0.2572,0.0983,ldsc,37,3000,0.25,1.0
0.3185,0.1007,ldsc,38,3000,0.25,1.0
0.1483,0.0964,ldsc,39,3000,0.25,1.0
0.1504,0.0899,ldsc,40,3000,0.25,1.0
0.431,0.1017,ldsc,41,3000,0.25,1.0
0.1648,0.0936,ldsc,42,3000,0.25,1.0
0.1151,0.0928,ldsc,43,3000,0.25,1.0
0.3023,0.0996,ldsc,44,3000,0.25,1.0
0.3399,0.1042,ldsc,45,3000,0.25,1.0
0.2016,0.0998,ldsc,46,3000,0.25,1.0
0.4235,0.0956,ldsc,47,3000,0.25,1.0
0.3252,0.0949,ldsc,48,3000,0.25,1.0
0.2746,0.0931,ldsc,49,3000,0.25,1.0
0.2595,0.101,ldsc,50,3000,0.25,1.0
0.1215,0.0953,ldsc,51,3000,0.25,1.0
0.285,0.0931,ldsc,52,3000,0.25,1.0
0.2982,0.1075,ldsc,53,3000,0.25,1.0
0.1676,0.0991,ldsc,54,3000,0.25,1.0
0.346,0.1017,ldsc,55,3000,0.25,1.0
0.2713,0.0956,ldsc,56,3000,0.25,1.0
0.2978,0.0965,ldsc,57,3000,0.25,1.0
0.1179,0.0977,ldsc,58,3000,0.25,1.0
0.1361,0.0953,ldsc,59,3000,0.25,1.0
0.1842,0.0922,ldsc,60,3000,0.25,1.0
0.2623,0.0902,ldsc,61,3000,0.25,1.0
0.3429,0.0999,ldsc,62,3000,0.25,1.0
0.1863,0.0956,ldsc,63,3000,0.25,1.0
0.1824,0.0876,ldsc,64,3000,0.25,1.0
0.3246,0.0966,ldsc,65,3000,0.25,1.0
-0.059,0.0859,ldsc,66,3000,0.25,1.0
0.1963,0.0926,ldsc,67,3000,0.25,1.0
0.1262,0.0918,ldsc,68,3000,0.25,1.0
0.3622,0.095,ldsc,69,3000,0.25,1.0
0.2508,0.0898,ldsc,70,3000,0.25,1.0
0.4629,0.0956,ldsc,71,3000,0.25,1.0
0.2529,0.0928,ldsc,72,3000,0.25,1.0
0.2621,0.0927,ldsc,73,3000,0.25,1.0
0.1209,0.0946,ldsc,74,3000,0.25,1.0
0.2037,0.092,ldsc,75,3000,0.25,1.0
0.3442,0.0933,ldsc,76,3000,0.25,1.0
0.2605,0.0888,ldsc,77,3000,0.25,1.0
0.0982,0.0898,ldsc,78,3000,0.25,1.0
0.1452,0.095,ldsc,79,3000,0.25,1.0
0.1606,0.1003,ldsc,80,3000,0.25,1.0
0.1524,0.0977,ldsc,81,3000,0.25,1.0
0.0701,0.0961,ldsc,82,3000,0.25,1.0
0.1509,0.0961,ldsc,83,3000,0.25,1.0
0.1647,0.0943,ldsc,84,3000,0.25,1.0
0.3046,0.1008,ldsc,85,3000,0.25,1.0
0.1736,0.0897,ldsc,86,3000,0.25,1.0
0.2142,0.0959,ldsc,87,3000,0.25,1.0
0.3098,0.0959,ldsc,88,3000,0.25,1.0
0.3281,0.0903,ldsc,89,3000,0.25,1.0
0.082,0.0991,ldsc,90,3000,0.25,1.0
0.4437,0.1085,ldsc,91,3000,0.25,1.0
0.4658,0.1061,ldsc,92,3000,0.25,1.0
0.1303,0.0995,ldsc,93,3000,0.25,1.0
0.2337,0.098,ldsc,94,3000,0.25,1.0
0.2069,0.089,ldsc,95,3000,0.25,1.0
0.3721,0.1051,ldsc,96,3000,0.25,1.0
0.2339,0.0973,ldsc,97,3000,0.25,1.0
0.4038,0.0948,ldsc,98,3000,0.25,1.0
0.2494,0.1004,ldsc,99,3000,0.25,1.0
0.2685,0.0922,ldsc,0,5000,0.25,1.0
0.2541,0.1053,ldsc,1,5000,0.25,1.0
0.3319,0.0979,ldsc,2,5000,0.25,1.0
0.2201,0.0964,ldsc,3,5000,0.25,1.0
0.4342,0.1005,ldsc,4,5000,0.25,1.0
0.2411,0.1013,ldsc,5,5000,0.25,1.0
0.3327,0.1022,ldsc,6,5000,0.25,1.0
0.4568,0.1045,ldsc,7,5000,0.25,1.0
0.1518,0.0994,ldsc,8,5000,0.25,1.0
0.3072,0.098,ldsc,9,5000,0.25,1.0
0.1703,0.0982,ldsc,10,5000,0.25,1.0
0.373,0.1064,ldsc,11,5000,0.25,1.0
0.1561,0.0914,ldsc,12,5000,0.25,1.0
0.1115,0.092,ldsc,13,5000,0.25,1.0
0.1813,0.096,ldsc,14,5000,0.25,1.0
0.2848,0.1141,ldsc,15,5000,0.25,1.0
0.3426,0.0987,ldsc,16,5000,0.25,1.0
0.2584,0.0933,ldsc,17,5000,0.25,1.0
0.3164,0.1014,ldsc,18,5000,0.25,1.0
0.2644,0.1008,ldsc,19,5000,0.25,1.0
0.4223,0.1048,ldsc,20,5000,0.25,1.0
0.3698,0.1003,ldsc,21,5000,0.25,1.0
0.3079,0.098,ldsc,22,5000,0.25,1.0
0.398,0.101,ldsc,23,5000,0.25,1.0
0.2762,0.1017,ldsc,24,5000,0.25,1.0
0.2664,0.1025,ldsc,25,5000,0.25,1.0
0.2076,0.0959,ldsc,26,5000,0.25,1.0
0.1844,0.094,ldsc,27,5000,0.25,1.0
0.3273,0.0973,ldsc,28,5000,0.25,1.0
0.0738,0.0984,ldsc,29,5000,0.25,1.0
0.1068,0.091,ldsc,30,5000,0.25,1.0
0.3677,0.095,ldsc,31,5000,0.25,1.0
0.0964,0.0919,ldsc,32,5000,0.25,1.0
0.2498,0.0873,ldsc,33,5000,0.25,1.0
0.31,0.0967,ldsc,34,5000,0.25,1.0
0.2335,0.098,ldsc,35,5000,0.25,1.0
0.1088,0.0913,ldsc,36,5000,0.25,1.0
0.2543,0.0974,ldsc,37,5000,0.25,1.0
0.3166,0.0998,ldsc,38,5000,0.25,1.0
0.148,0.0956,ldsc,39,5000,0.25,1.0
0.1475,0.089,ldsc,40,5000,0.25,1.0
0.4257,0.1005,ldsc,41,5000,0.25,1.0
0.1667,0.0929,ldsc,42,5000,0.25,1.0
0.114,0.092,ldsc,43,5000,0.25,1.0
0.298,0.0986,ldsc,44,5000,0.25,1.0
0.3398,0.1033,ldsc,45,5000,0.25,1.0
0.2,0.0987,ldsc,46,5000,0.25,1.0
0.4218,0.0949,ldsc,47,5000,0.25,1.0
0.3211,0.0941,ldsc,48,5000,0.25,1.0
0.2707,0.0922,ldsc,49,5000,0.25,1.0
0.2542,0.1001,ldsc,50,5000,0.25,1.0
0.1194,0.0943,ldsc,51,5000,0.25,1.0
0.2816,0.092,ldsc,52,5000,0.25,1.0
0.2958,0.1059,ldsc,53,5000,0.25,1.0
0.1654,0.0981,ldsc,54,5000,0.25,1.0
0.3435,0.1007,ldsc,55,5000,0.25,1.0
0.267,0.0949,ldsc,56,5000,0.25,1.0
0.2938,0.0956,ldsc,57,5000,0.25,1.0
0.1166,0.0967,ldsc,58,5000,0.25,1.0
0.1362,0.0945,ldsc,59,5000,0.25,1.0
0.1804,0.0911,ldsc,60,5000,0.25,1.0
0.2567,0.0894,ldsc,61,5000,0.25,1.0
0.3399,0.0984,ldsc,62,5000,0.25,1.0
0.188,0.0949,ldsc,63,5000,0.25,1.0
0.1796,0.0867,ldsc,64,5000,0.25,1.0
0.3212,0.0958,ldsc,65,5000,0.25,1.0
-0.0589,0.0851,ldsc,66,5000,0.25,1.0
0.189,0.0918,ldsc,67,5000,0.25,1.0
0.1291,0.0911,ldsc,68,5000,0.25,1.0
0.3577,0.0941,ldsc,69,5000,0.25,1.0
0.2492,0.0891,ldsc,70,5000,0.25,1.0
0.4601,0.0948,ldsc,71,5000,0.25,1.0
0.2519,0.0919,ldsc,72,5000,0.25,1.0
0.2588,0.0919,ldsc,73,5000,0.25,1.0
0.1168,0.0936,ldsc,74,5000,0.25,1.0
0.2009,0.0911,ldsc,75,5000,0.25,1.0
0.3433,0.0925,ldsc,76,5000,0.25,1.0
0.2556,0.088,ldsc,77,5000,0.25,1.0
0.1004,0.0889,ldsc,78,5000,0.25,1.0
0.1442,0.094,ldsc,79,5000,0.25,1.0
0.1585,0.0989,ldsc,80,5000,0.25,1.0
0.1493,0.0969,ldsc,81,5000,0.25,1.0
0.0685,0.0951,ldsc,82,5000,0.25,1.0
0.1518,0.0958,ldsc,83,5000,0.25,1.0
0.1671,0.0934,ldsc,84,5000,0.25,1.0
0.302,0.0996,ldsc,85,5000,0.25,1.0
0.1702,0.0887,ldsc,86,5000,0.25,1.0
0.2092,0.0951,ldsc,87,5000,0.25,1.0
0.3066,0.0951,ldsc,88,5000,0.25,1.0
0.3233,0.0895,ldsc,89,5000,0.25,1.0
0.0823,0.0981,ldsc,90,5000,0.25,1.0
0.4364,0.1064,ldsc,91,5000,0.25,1.0
0.4595,0.1043,ldsc,92,5000,0.25,1.0
0.1289,0.0985,ldsc,93,5000,0.25,1.0
0.234,0.0971,ldsc,94,5000,0.25,1.0
0.2037,0.0885,ldsc,95,5000,0.25,1.0
0.3675,0.1046,ldsc,96,5000,0.25,1.0
0.2363,0.0966,ldsc,97,5000,0.25,1.0
0.4012,0.094,ldsc,98,5000,0.25,1.0
0.2442,0.0995,ldsc,99,5000,0.25,1.0
0.2661,0.0913,ldsc,0,10000,0.25,1.0
0.2496,0.1037,ldsc,1,10000,0.25,1.0
0.3328,0.0972,ldsc,2,10000,0.25,1.0
0.2188,0.0953,ldsc,3,10000,0.25,1.0
0.4253,0.099,ldsc,4,10000,0.25,1.0
0.2394,0.1001,ldsc,5,10000,0.25,1.0
0.3306,0.1012,ldsc,6,10000,0.25,1.0
0.452,0.1037,ldsc,7,10000,0.25,1.0
0.1488,0.0983,ldsc,8,10000,0.25,1.0
0.3066,0.0968,ldsc,9,10000,0.25,1.0
0.1663,0.097,ldsc,10,10000,0.25,1.0
0.3639,0.1048,ldsc,11,10000,0.25,1.0
0.1529,0.0903,ldsc,12,10000,0.25,1.0
0.1097,0.0907,ldsc,13,10000,0.25,1.0
0.1806,0.095,ldsc,14,10000,0.25,1.0
0.2808,0.1129,ldsc,15,10000,0.25,1.0
0.3376,0.0967,ldsc,16,10000,0.25,1.0
0.2576,0.0923,ldsc,17,10000,0.25,1.0
0.3143,0.1007,ldsc,18,10000,0.25,1.0
0.2634,0.0996,ldsc,19,10000,0.25,1.0
0.4196,0.1041,ldsc,20,10000,0.25,1.0
0.3634,0.0986,ldsc,21,10000,0.25,1.0
0.3071,0.0968,ldsc,22,10000,0.25,1.0
0.3874,0.0989,ldsc,23,10000,0.25,1.0
0.2733,0.1008,ldsc,24,10000,0.25,1.0
0.2622,0.101,ldsc,25,10000,0.25,1.0
0.2098,0.0953,ldsc,26,10000,0.25,1.0
0.1822,0.0931,ldsc,27,10000,0.25,1.0
0.3232,0.0963,ldsc,28,10000,0.25,1.0
0.0727,0.0971,ldsc,29,10000,0.25,1.0
0.1061,0.0898,ldsc,30,10000,0.25,1.0
0.3654,0.0942,ldsc,31,10000,0.25,1.0
0.094,0.0906,ldsc,32,10000,0.25,1.0
0.2473,0.0864,ldsc,33,10000,0.25,1.0
0.3095,0.0957,ldsc,34,10000,0.25,1.0
0.228,0.0967,ldsc,35,10000,0.25,1.0
0.1061,0.0899,ldsc,36,10000,0.25,1.0
0.2517,0.0966,ldsc,37,10000,0.25,1.0
0.3135,0.0991,ldsc,38,10000,0.25,1.0
0.1468,0.0943,ldsc,39,10000,0.25,1.0
0.144,0.0881,ldsc,40,10000,0.25,1.0
0.4173,0.0988,ldsc,41,10000,0.25,1.0
0.1666,0.0916,ldsc,42,10000,0.25,1.0
0.1107,0.0908,ldsc,43,10000,0.25,1.0
0.294,0.0973,ldsc,44,10000,0.25,1.0
0.3374,0.1023,ldsc,45,10000,0.25,1.0
0.1981,0.0972,ldsc,46,10000,0.25,1.0
0.4156,0.0935,ldsc,47,10000,0.25,1.0
0.3202,0.0931,ldsc,48,10000,0.25,1.0
0.2683,0.0914,ldsc,49,10000,0.25,1.0
0.2494,0.0983,ldsc,50,10000,0.25,1.0
0.1197,0.0929,ldsc,51,10000,0.25,1.0
0.2783,0.0904,ldsc,52,10000,0.25,1.0
0.2906,0.1039,ldsc,53,10000,0.25,1.0
0.1642,0.0969,ldsc,54,10000,0.25,1.0
0.3374,0.0992,ldsc,55,10000,0.25,1.0
0.265,0.0941,ldsc,56,10000,0.25,1.0
0.2875,0.0946,ldsc,57,10000,0.25,1.0
0.1156,0.0953,ldsc,58,10000,0.25,1.0
0.1362,0.0932,ldsc,59,10000,0.25,1.0
0.1768,0.0893,ldsc,60,10000,0.25,1.0
0.2563,0.0884,ldsc,61,10000,0.25,1.0
0.3309,0.0965,ldsc,62,10000,0.25,1.0
0.1858,0.0938,ldsc,63,10000,0.25,1.0
0.1783,0.0855,ldsc,64,10000,0.25,1.0
0.3187,0.095,ldsc,65,10000,0.25,1.0
-0.0573,0.0839,ldsc,66,10000,0.25,1.0
0.1849,0.0908,ldsc,67,10000,0.25,1.0
0.1285,0.0899,ldsc,68,10000,0.25,1.0
0.3505,0.093,ldsc,69,10000,0.25,1.0
0.2453,0.0883,ldsc,70,10000,0.25,1.0
0.4537,0.0936,ldsc,71,10000,0.25,1.0
0.25,0.0909,ldsc,72,10000,0.25,1.0
0.2543,0.0908,ldsc,73,10000,0.25,1.0
0.1143,0.0923,ldsc,74,10000,0.25,1.0
0.1958,0.0903,ldsc,75,10000,0.25,1.0
0.3408,0.0914,ldsc,76,10000,0.25,1.0
0.2527,0.0869,ldsc,77,10000,0.25,1.0
0.099,0.0876,ldsc,78,10000,0.25,1.0
0.1429,0.0928,ldsc,79,10000,0.25,1.0
0.1547,0.097,ldsc,80,10000,0.25,1.0
0.1451,0.0959,ldsc,81,10000,0.25,1.0
0.0687,0.0935,ldsc,82,10000,0.25,1.0
0.1512,0.095,ldsc,83,10000,0.25,1.0
0.1657,0.0921,ldsc,84,10000,0.25,1.0
0.2976,0.0978,ldsc,85,10000,0.25,1.0
0.1684,0.0874,ldsc,86,10000,0.25,1.0
0.2037,0.0937,ldsc,87,10000,0.25,1.0
0.305,0.0941,ldsc,88,10000,0.25,1.0
0.3157,0.0886,ldsc,89,10000,0.25,1.0
0.0813,0.0967,ldsc,90,10000,0.25,1.0
0.4222,0.1031,ldsc,91,10000,0.25,1.0
0.4471,0.1014,ldsc,92,10000,0.25,1.0
0.1262,0.0971,ldsc,93,10000,0.25,1.0
0.2346,0.0959,ldsc,94,10000,0.25,1.0
0.2013,0.0876,ldsc,95,10000,0.25,1.0
0.3645,0.1039,ldsc,96,10000,0.25,1.0
0.2336,0.0955,ldsc,97,10000,0.25,1.0
0.3974,0.093,ldsc,98,10000,0.25,1.0
0.2387,0.0982,ldsc,99,10000,0.25,1.0
0.2633,0.0913,ldsc,0,20000,0.25,1.0
0.2489,0.1036,ldsc,1,20000,0.25,1.0
0.3326,0.0971,ldsc,2,20000,0.25,1.0
0.2154,0.0952,ldsc,3,20000,0.25,1.0
0.4259,0.0989,ldsc,4,20000,0.25,1.0
0.24,0.1001,ldsc,5,20000,0.25,1.0
0.331,0.101,ldsc,6,20000,0.25,1.0
0.4505,0.1036,ldsc,7,20000,0.25,1.0
0.15,0.0981,ldsc,8,20000,0.25,1.0
0.3037,0.0968,ldsc,9,20000,0.25,1.0
0.1659,0.0969,ldsc,10,20000,0.25,1.0
0.3652,0.1046,ldsc,11,20000,0.25,1.0
0.1545,0.0902,ldsc,12,20000,0.25,1.0
0.1112,0.0909,ldsc,13,20000,0.25,1.0
0.1814,0.0949,ldsc,14,20000,0.25,1.0
0.2814,0.1128,ldsc,15,20000,0.25,1.0
0.3374,0.0965,ldsc,16,20000,0.25,1.0
0.2584,0.0922,ldsc,17,20000,0.25,1.0
0.3123,0.1006,ldsc,18,20000,0.25,1.0
0.2629,0.0995,ldsc,19,20000,0.25,1.0
0.4192,0.1039,ldsc,20,20000,0.25,1.0
0.362,0.0985,ldsc,21,20000,0.25,1.0
0.3059,0.0967,ldsc,22,20000,0.25,1.0
0.3873,0.0988,ldsc,23,20000,0.25,1.0
0.2739,0.1007,ldsc,24,20000,0.25,1.0
0.2604,0.101,ldsc,25,20000,0.25,1.0
0.2109,0.0952,ldsc,26,20000,0.25,1.0
0.1827,0.093,ldsc,27,20000,0.25,1.0
0.3226,0.0962,ldsc,28,20000,0.25,1.0
0.072,0.0971,ldsc,29,20000,0.25,1.0
0.1045,0.0897,ldsc,30,20000,0.25,1.0
0.3641,0.0941,ldsc,31,20000,0.25,1.0
0.0935,0.0905,ldsc,32,20000,0.25,1.0
0.2471,0.0863,ldsc,33,20000,0.25,1.0
0.3103,0.0956,ldsc,34,20000,0.25,1.0
0.2287,0.0966,ldsc,35,20000,0.25,1.0
0.1045,0.0898,ldsc,36,20000,0.25,1.0
0.2517,0.0964,ldsc,37,20000,0.25,1.0
0.3145,0.099,ldsc,38,20000,0.25,1.0
0.146,0.0942,ldsc,39,20000,0.25,1.0
0.1429,0.088,ldsc,40,20000,0.25,1.0
0.416,0.0988,ldsc,41,20000,0.25,1.0
0.1644,0.0916,ldsc,42,20000,0.25,1.0
0.1111,0.0907,ldsc,43,20000,0.25,1.0
0.294,0.0972,ldsc,44,20000,0.25,1.0
0.3397,0.1023,ldsc,45,20000,0.25,1.0
0.1993,0.0971,ldsc,46,20000,0.25,1.0
0.4139,0.0934,ldsc,47,20000,0.25,1.0
0.3208,0.0931,ldsc,48,20000,0.25,1.0
0.2675,0.0913,ldsc,49,20000,0.25,1.0
0.2504,0.0982,ldsc,50,20000,0.25,1.0
0.1178,0.0929,ldsc,51,20000,0.25,1.0
0.2774,0.0903,ldsc,52,20000,0.25,1.0
0.2917,0.1038,ldsc,53,20000,0.25,1.0
0.1636,0.0968,ldsc,54,20000,0.25,1.0
0.3373,0.099,ldsc,55,20000,0.25,1.0
0.2669,0.094,ldsc,56,20000,0.25,1.0
0.2859,0.0945,ldsc,57,20000,0.25,1.0
0.1149,0.0952,ldsc,58,20000,0.25,1.0
0.133,0.0931,ldsc,59,20000,0.25,1.0
0.1781,0.0892,ldsc,60,20000,0.25,1.0
0.2558,0.0883,ldsc,61,20000,0.25,1.0
0.3313,0.0964,ldsc,62,20000,0.25,1.0
0.1879,0.0939,ldsc,63,20000,0.25,1.0
0.1795,0.0854,ldsc,64,20000,0.25,1.0
0.3189,0.095,ldsc,65,20000,0.25,1.0
-0.0554,0.0839,ldsc,66,20000,0.25,1.0
0.1847,0.0907,ldsc,67,20000,0.25,1.0
0.131,0.0898,ldsc,68,20000,0.25,1.0
0.3523,0.093,ldsc,69,20000,0.25,1.0
0.2467,0.0883,ldsc,70,20000,0.25,1.0
0.4517,0.0936,ldsc,71,20000,0.25,1.0
0.2496,0.0908,ldsc,72,20000,0.25,1.0
0.2527,0.0908,ldsc,73,20000,0.25,1.0
0.1135,0.0922,ldsc,74,20000,0.25,1.0
0.1948,0.0903,ldsc,75,20000,0.25,1.0
0.3439,0.0914,ldsc,76,20000,0.25,1.0
0.2524,0.0869,ldsc,77,20000,0.25,1.0
0.1002,0.0874,ldsc,78,20000,0.25,1.0
0.1418,0.0927,ldsc,79,20000,0.25,1.0
0.1545,0.0969,ldsc,80,20000,0.25,1.0
0.1443,0.0958,ldsc,81,20000,0.25,1.0
0.0676,0.0934,ldsc,82,20000,0.25,1.0
0.1506,0.0949,ldsc,83,20000,0.25,1.0
0.1643,0.092,ldsc,84,20000,0.25,1.0
0.2977,0.0977,ldsc,85,20000,0.25,1.0
0.1704,0.0873,ldsc,86,20000,0.25,1.0
0.204,0.0936,ldsc,87,20000,0.25,1.0
0.3053,0.094,ldsc,88,20000,0.25,1.0
0.3153,0.0886,ldsc,89,20000,0.25,1.0
0.0821,0.0967,ldsc,90,20000,0.25,1.0
0.4234,0.1029,ldsc,91,20000,0.25,1.0
0.445,0.1014,ldsc,92,20000,0.25,1.0
0.1279,0.097,ldsc,93,20000,0.25,1.0
0.2348,0.0958,ldsc,94,20000,0.25,1.0
0.2017,0.0875,ldsc,95,20000,0.25,1.0
0.3677,0.1037,ldsc,96,20000,0.25,1.0
0.2331,0.0954,ldsc,97,20000,0.25,1.0
0.3999,0.0931,ldsc,98,20000,0.25,1.0
0.2386,0.0981,ldsc,99,20000,0.25,1.0
0.2644,0.0912,ldsc,0,30000,0.25,1.0
0.2486,0.1036,ldsc,1,30000,0.25,1.0
0.3329,0.0971,ldsc,2,30000,0.25,1.0
0.2143,0.0953,ldsc,3,30000,0.25,1.0
0.4235,0.0989,ldsc,4,30000,0.25,1.0
0.2411,0.1,ldsc,5,30000,0.25,1.0
0.3315,0.1009,ldsc,6,30000,0.25,1.0
0.4487,0.1036,ldsc,7,30000,0.25,1.0
0.1492,0.0981,ldsc,8,30000,0.25,1.0
0.3017,0.0968,ldsc,9,30000,0.25,1.0
0.1667,0.0968,ldsc,10,30000,0.25,1.0
0.365,0.1047,ldsc,11,30000,0.25,1.0
0.1558,0.0902,ldsc,12,30000,0.25,1.0
0.1109,0.0909,ldsc,13,30000,0.25,1.0
0.1803,0.0949,ldsc,14,30000,0.25,1.0
0.2807,0.1128,ldsc,15,30000,0.25,1.0
0.3346,0.0966,ldsc,16,30000,0.25,1.0
0.259,0.0922,ldsc,17,30000,0.25,1.0
0.3119,0.1006,ldsc,18,30000,0.25,1.0
0.2619,0.0995,ldsc,19,30000,0.25,1.0
0.4194,0.1039,ldsc,20,30000,0.25,1.0
0.362,0.0985,ldsc,21,30000,0.25,1.0
0.304,0.0967,ldsc,22,30000,0.25,1.0
0.3875,0.0988,ldsc,23,30000,0.25,1.0
0.2743,0.1007,ldsc,24,30000,0.25,1.0
0.2591,0.1009,ldsc,25,30000,0.25,1.0
0.2111,0.0952,ldsc,26,30000,0.25,1.0
0.1831,0.093,ldsc,27,30000,0.25,1.0
0.3221,0.0962,ldsc,28,30000,0.25,1.0
0.0723,0.0971,ldsc,29,30000,0.25,1.0
0.105,0.0896,ldsc,30,30000,0.25,1.0
0.3647,0.0941,ldsc,31,30000,0.25,1.0
0.0937,0.0904,ldsc,32,30000,0.25,1.0
0.2483,0.0863,ldsc,33,30000,0.25,1.0
0.3098,0.0957,ldsc,34,30000,0.25,1.0
0.2284,0.0966,ldsc,35,30000,0.25,1.0
0.1043,0.0898,ldsc,36,30000,0.25,1.0
0.2529,0.0964,ldsc,37,30000,0.25,1.0
0.3144,0.099,ldsc,38,30000,0.25,1.0
0.1436,0.0942,ldsc,39,30000,0.25,1.0
0.1445,0.088,ldsc,40,30000,0.25,1.0
0.4154,0.0988,ldsc,41,30000,0.25,1.0
0.1652,0.0916,ldsc,42,30000,0.25,1.0
0.1121,0.0907,ldsc,43,30000,0.25,1.0
0.2929,0.0973,ldsc,44,30000,0.25,1.0
0.3419,0.1022,ldsc,45,30000,0.25,1.0
0.1982,0.0971,ldsc,46,30000,0.25,1.0
0.4138,0.0934,ldsc,47,30000,0.25,1.0
0.3201,0.0931,ldsc,48,30000,0.25,1.0
0.2702,0.0913,ldsc,49,30000,0.25,1.0
0.2506,0.0982,ldsc,50,30000,0.25,1.0
0.1166,0.093,ldsc,51,30000,0.25,1.0
0.2748,0.0903,ldsc,52,30000,0.25,1.0
0.2917,0.1037,ldsc,53,30000,0.25,1.0
0.1638,0.0968,ldsc,54,30000,0.25,1.0
0.3398,0.0989,ldsc,55,30000,0.25,1.0
0.2667,0.094,ldsc,56,30000,0.25,1.0
0.2859,0.0944,ldsc,57,30000,0.25,1.0
0.1152,0.0952,ldsc,58,30000,0.25,1.0
0.1308,0.0931,ldsc,59,30000,0.25,1.0
0.1792,0.0891,ldsc,60,30000,0.25,1.0
0.2558,0.0883,ldsc,61,30000,0.25,1.0
0.3309,0.0963,ldsc,62,30000,0.25,1.0
0.1873,0.094,ldsc,63,30000,0.25,1.0
0.1817,0.0854,ldsc,64,30000,0.25,1.0
0.3218,0.095,ldsc,65,30000,0.25,1.0
-0.0563,0.084,ldsc,66,30000,0.25,1.0
0.1818,0.0907,ldsc,67,30000,0.25,1.0
0.1317,0.0898,ldsc,68,30000,0.25,1.0
0.3529,0.0929,ldsc,69,30000,0.25,1.0
0.2454,0.0883,ldsc,70,30000,0.25,1.0
0.4519,0.0936,ldsc,71,30000,0.25,1.0
0.2512,0.0908,ldsc,72,30000,0.25,1.0
0.2541,0.0907,ldsc,73,30000,0.25,1.0
0.1133,0.0922,ldsc,74,30000,0.25,1.0
0.1939,0.0903,ldsc,75,30000,0.25,1.0
0.3439,0.0914,ldsc,76,30000,0.25,1.0
0.2489,0.0868,ldsc,77,30000,0.25,1.0
0.1007,0.0874,ldsc,78,30000,0.25,1.0
0.1397,0.0927,ldsc,79,30000,0.25,1.0
0.1538,0.097,ldsc,80,30000,0.25,1.0
0.1433,0.0958,ldsc,81,30000,0.25,1.0
0.0705,0.0933,ldsc,82,30000,0.25,1.0
0.1513,0.0948,ldsc,83,30000,0.25,1.0
0.1675,0.092,ldsc,84,30000,0.25,1.0
0.2969,0.0977,ldsc,85,30000,0.25,1.0
0.1729,0.0873,ldsc,86,30000,0.25,1.0
0.2021,0.0936,ldsc,87,30000,0.25,1.0
0.3047,0.0939,ldsc,88,30000,0.25,1.0
0.3174,0.0885,ldsc,89,30000,0.25,1.0
0.0832,0.0967,ldsc,90,30000,0.25,1.0
0.4247,0.1028,ldsc,91,30000,0.25,1.0
0.4436,0.1015,ldsc,92,30000,0.25,1.0
0.1295,0.097,ldsc,93,30000,0.25,1.0
0.2345,0.0958,ldsc,94,30000,0.25,1.0
0.2027,0.0875,ldsc,95,30000,0.25,1.0
0.3682,0.1037,ldsc,96,30000,0.25,1.0
0.2323,0.0954,ldsc,97,30000,0.25,1.0
0.4002,0.0931,ldsc,98,30000,0.25,1.0
0.2391,0.0981,ldsc,99,30000,0.25,1.0
0.267,0.0912,ldsc,0,50000,0.25,1.0
0.2448,0.1036,ldsc,1,50000,0.25,1.0
0.3355,0.0969,ldsc,2,50000,0.25,1.0
0.2144,0.0953,ldsc,3,50000,0.25,1.0
0.4234,0.0989,ldsc,4,50000,0.25,1.0
0.2394,0.1,ldsc,5,50000,0.25,1.0
0.3265,0.101,ldsc,6,50000,0.25,1.0
0.4515,0.1035,ldsc,7,50000,0.25,1.0
0.1532,0.0982,ldsc,8,50000,0.25,1.0
0.2998,0.0969,ldsc,9,50000,0.25,1.0
0.1631,0.0968,ldsc,10,50000,0.25,1.0
0.3691,0.1044,ldsc,11,50000,0.25,1.0
0.1618,0.0901,ldsc,12,50000,0.25,1.0
0.1093,0.0907,ldsc,13,50000,0.25,1.0
0.1759,0.0947,ldsc,14,50000,0.25,1.0
0.2828,0.1126,ldsc,15,50000,0.25,1.0
0.3326,0.0965,ldsc,16,50000,0.25,1.0
0.2621,0.0921,ldsc,17,50000,0.25,1.0
0.3085,0.1004,ldsc,18,50000,0.25,1.0
0.2686,0.0992,ldsc,19,50000,0.25,1.0
0.4142,0.104,ldsc,20,50000,0.25,1.0
0.3585,0.0984,ldsc,21,50000,0.25,1.0
0.3042,0.0967,ldsc,22,50000,0.25,1.0
0.3879,0.0988,ldsc,23,50000,0.25,1.0
0.268,0.1006,ldsc,24,50000,0.25,1.0
0.2523,0.1009,ldsc,25,50000,0.25,1.0
0.2123,0.0951,ldsc,26,50000,0.25,1.0
0.1924,0.0929,ldsc,27,50000,0.25,1.0
0.3261,0.0962,ldsc,28,50000,0.25,1.0
0.0689,0.097,ldsc,29,50000,0.25,1.0
0.1055,0.0895,ldsc,30,50000,0.25,1.0
0.3735,0.0941,ldsc,31,50000,0.25,1.0
0.0941,0.0903,ldsc,32,50000,0.25,1.0
0.2448,0.0863,ldsc,33,50000,0.25,1.0
0.3103,0.0957,ldsc,34,50000,0.25,1.0
0.2294,0.0966,ldsc,35,50000,0.25,1.0
0.103,0.0899,ldsc,36,50000,0.25,1.0
0.2527,0.0963,ldsc,37,50000,0.25,1.0
0.3106,0.099,ldsc,38,50000,0.25,1.0
0.1416,0.094,ldsc,39,50000,0.25,1.0
0.1403,0.088,ldsc,40,50000,0.25,1.0
0.4117,0.0987,ldsc,41,50000,0.25,1.0
0.1649,0.0916,ldsc,42,50000,0.25,1.0
0.109,0.0906,ldsc,43,50000,0.25,1.0
0.2947,0.0972,ldsc,44,50000,0.25,1.0
0.3433,0.1021,ldsc,45,50000,0.25,1.0
0.1972,0.0973,ldsc,46,50000,0.25,1.0
0.4196,0.0933,ldsc,47,50000,0.25,1.0
0.3243,0.0929,ldsc,48,50000,0.25,1.0
0.2733,0.091,ldsc,49,50000,0.25,1.0
0.2499,0.0981,ldsc,50,50000,0.25,1.0
0.1181,0.0931,ldsc,51,50000,0.25,1.0
0.2773,0.09,ldsc,52,50000,0.25,1.0
0.2955,0.1035,ldsc,53,50000,0.25,1.0
0.1577,0.0967,ldsc,54,50000,0.25,1.0
0.3377,0.099,ldsc,55,50000,0.25,1.0
0.2689,0.0941,ldsc,56,50000,0.25,1.0
0.2848,0.0944,ldsc,57,50000,0.25,1.0
0.1113,0.0953,ldsc,58,50000,0.25,1.0
0.1338,0.093,ldsc,59,50000,0.25,1.0
0.176,0.0891,ldsc,60,50000,0.25,1.0
0.256,0.0883,ldsc,61,50000,0.25,1.0
0.3296,0.0964,ldsc,62,50000,0.25,1.0
0.1901,0.094,ldsc,63,50000,0.25,1.0
0.1843,0.0854,ldsc,64,50000,0.25,1.0
0.325,0.0948,ldsc,65,50000,0.25,1.0
-0.0555,0.0838,ldsc,66,50000,0.25,1.0
0.1838,0.0906,ldsc,67,50000,0.25,1.0
0.1304,0.09,ldsc,68,50000,0.25,1.0
0.3459,0.0928,ldsc,69,50000,0.25,1.0
0.2534,0.0884,ldsc,70,50000,0.25,1.0
0.4481,0.0936,ldsc,71,50000,0.25,1.0
0.2481,0.0908,ldsc,72,50000,0.25,1.0
0.2539,0.0908,ldsc,73,50000,0.25,1.0
0.115,0.0923,ldsc,74,50000,0.25,1.0
0.1902,0.0905,ldsc,75,50000,0.25,1.0
0.3375,0.0914,ldsc,76,50000,0.25,1.0
0.2471,0.0869,ldsc,77,50000,0.25,1.0
0.1072,0.0873,ldsc,78,50000,0.25,1.0
0.1386,0.0927,ldsc,79,50000,0.25,1.0
0.1498,0.097,ldsc,80,50000,0.25,1.0
0.1463,0.0958,ldsc,81,50000,0.25,1.0
0.0702,0.0934,ldsc,82,50000,0.25,1.0
0.1527,0.0947,ldsc,83,50000,0.25,1.0
0.1631,0.0919,ldsc,84,50000,0.25,1.0
0.2977,0.0978,ldsc,85,50000,0.25,1.0
0.1731,0.0873,ldsc,86,50000,0.25,1.0
0.2054,0.0936,ldsc,87,50000,0.25,1.0
0.3126,0.0937,ldsc,88,50000,0.25,1.0
0.3125,0.0886,ldsc,89,50000,0.25,1.0
0.087,0.0966,ldsc,90,50000,0.25,1.0
0.4266,0.1024,ldsc,91,50000,0.25,1.0
0.4431,0.1014,ldsc,92,50000,0.25,1.0
0.1256,0.0969,ldsc,93,50000,0.25,1.0
0.236,0.0957,ldsc,94,50000,0.25,1.0
0.203,0.0875,ldsc,95,50000,0.25,1.0
0.3651,0.1036,ldsc,96,50000,0.25,1.0
0.2287,0.0953,ldsc,97,50000,0.25,1.0
0.4029,0.0929,ldsc,98,50000,0.25,1.0
0.237,0.098,ldsc,99,50000,0.25,1.0
0.2261,0.0986,ldsc,0,1000,0.25,0.1
0.0669,0.1,ldsc,1,1000,0.25,0.1
0.3121,0.1144,ldsc,2,1000,0.25,0.1
0.2082,0.1063,ldsc,3,1000,0.25,0.1
0.1796,0.0972,ldsc,4,1000,0.25,0.1
0.1145,0.0976,ldsc,5,1000,0.25,0.1
0.3831,0.0975,ldsc,6,1000,0.25,0.1
0.4651,0.0971,ldsc,7,1000,0.25,0.1
0.2849,0.1002,ldsc,8,1000,0.25,0.1
0.2499,0.1074,ldsc,9,1000,0.25,0.1
0.2624,0.1024,ldsc,10,1000,0.25,0.1
0.3216,0.102,ldsc,11,1000,0.25,0.1
0.1828,0.1031,ldsc,12,1000,0.25,0.1
0.0341,0.0885,ldsc,13,1000,0.25,0.1
0.3099,0.0953,ldsc,14,1000,0.25,0.1
0.2034,0.0946,ldsc,15,1000,0.25,0.1
0.3183,0.1026,ldsc,16,1000,0.25,0.1
0.119,0.0903,ldsc,17,1000,0.25,0.1
0.3047,0.1057,ldsc,18,1000,0.25,0.1
0.3078,0.0979,ldsc,19,1000,0.25,0.1
0.2842,0.0986,ldsc,20,1000,0.25,0.1
0.3233,0.0968,ldsc,21,1000,0.25,0.1
0.3556,0.1019,ldsc,22,1000,0.25,0.1
0.1356,0.1007,ldsc,23,1000,0.25,0.1
0.4292,0.1012,ldsc,24,1000,0.25,0.1
0.294,0.1006,ldsc,25,1000,0.25,0.1
0.3263,0.0991,ldsc,26,1000,0.25,0.1
0.0773,0.0964,ldsc,27,1000,0.25,0.1
0.3364,0.1059,ldsc,28,1000,0.25,0.1
0.2787,0.1149,ldsc,29,1000,0.25,0.1
0.2758,0.0954,ldsc,30,1000,0.25,0.1
0.2358,0.1019,ldsc,31,1000,0.25,0.1
0.1371,0.0983,ldsc,32,1000,0.25,0.1
0.3096,0.1029,ldsc,33,1000,0.25,0.1
0.2926,0.1007,ldsc,34,1000,0.25,0.1
0.1178,0.1032,ldsc,35,1000,0.25,0.1
0.0782,0.0929,ldsc,36,1000,0.25,0.1
0.2867,0.1017,ldsc,37,1000,0.25,0.1
0.2395,0.0989,ldsc,38,1000,0.25,0.1
0.229,0.1013,ldsc,39,1000,0.25,0.1
0.2538,0.1046,ldsc,40,1000,0.25,0.1
0.3008,0.1003,ldsc,41,1000,0.25,0.1
0.3016,0.1156,ldsc,42,1000,0.25,0.1
0.1653,0.1035,ldsc,43,1000,0.25,0.1
0.253,0.0988,ldsc,44,1000,0.25,0.1
0.2937,0.0987,ldsc,45,1000,0.25,0.1
0.3621,0.0959,ldsc,46,1000,0.25,0.1
0.2738,0.1079,ldsc,47,1000,0.25,0.1
0.2092,0.0999,ldsc,48,1000,0.25,0.1
0.3063,0.0982,ldsc,49,1000,0.25,0.1
0.3701,0.1025,ldsc,50,1000,0.25,0.1
0.1984,0.1071,ldsc,51,1000,0.25,0.1
0.3123,0.1006,ldsc,52,1000,0.25,0.1
0.4533,0.0966,ldsc,53,1000,0.25,0.1
0.1289,0.1004,ldsc,54,1000,0.25,0.1
0.2124,0.0966,ldsc,55,1000,0.25,0.1
0.0857,0.1023,ldsc,56,1000,0.25,0.1
0.2462,0.0993,ldsc,57,1000,0.25,0.1
0.4427,0.0997,ldsc,58,1000,0.25,0.1
0.3062,0.1109,ldsc,59,1000,0.25,0.1
0.2574,0.0961,ldsc,60,1000,0.25,0.1
0.2428,0.1049,ldsc,61,1000,0.25,0.1
0.476,0.101,ldsc,62,1000,0.25,0.1
0.1734,0.0922,ldsc,63,1000,0.25,0.1
0.3702,0.102,ldsc,64,1000,0.25,0.1
0.2647,0.0967,ldsc,65,1000,0.25,0.1
0.2368,0.0962,ldsc,66,1000,0.25,0.1
0.2641,0.1114,ldsc,67,1000,0.25,0.1
0.2451,0.1009,ldsc,68,1000,0.25,0.1
0.3023,0.1029,ldsc,69,1000,0.25,0.1
0.1433,0.095,ldsc,70,1000,0.25,0.1
0.4663,0.1047,ldsc,71,1000,0.25,0.1
0.1972,0.1059,ldsc,72,1000,0.25,0.1
0.1958,0.0938,ldsc,73,1000,0.25,0.1
0.2631,0.1054,ldsc,74,1000,0.25,0.1
0.1458,0.1017,ldsc,75,1000,0.25,0.1
0.1959,0.0974,ldsc,76,1000,0.25,0.1
0.3785,0.1038,ldsc,77,1000,0.25,0.1
0.3267,0.1158,ldsc,78,1000,0.25,0.1
0.3042,0.1064,ldsc,79,1000,0.25,0.1
0.4088,0.0967,ldsc,80,1000,0.25,0.1
0.1996,0.0944,ldsc,81,1000,0.25,0.1
0.1655,0.1002,ldsc,82,1000,0.25,0.1
0.2797,0.1041,ldsc,83,1000,0.25,0.1
0.462,0.1014,ldsc,84,1000,0.25,0.1
0.342,0.1024,ldsc,85,1000,0.25,0.1
0.1831,0.0981,ldsc,86,1000,0.25,0.1
0.288,0.1026,ldsc,87,1000,0.25,0.1
0.2001,0.1006,ldsc,88,1000,0.25,0.1
0.2545,0.0973,ldsc,89,1000,0.25,0.1
0.3693,0.1014,ldsc,90,1000,0.25,0.1
0.3054,0.1007,ldsc,91,1000,0.25,0.1
0.1616,0.0989,ldsc,92,1000,0.25,0.1
0.1215,0.0983,ldsc,93,1000,0.25,0.1
0.1423,0.0948,ldsc,94,1000,0.25,0.1
0.2745,0.095,ldsc,95,1000,0.25,0.1
0.2085,0.1012,ldsc,96,1000,0.25,0.1
0.2982,0.0912,ldsc,97,1000,0.25,0.1
0.2833,0.1052,ldsc,98,1000,0.25,0.1
0.2888,0.0978,ldsc,99,1000,0.25,0.1
0.2102,0.0966,ldsc,0,2000,0.25,0.1
0.0637,0.0977,ldsc,1,2000,0.25,0.1
0.3059,0.112,ldsc,2,2000,0.25,0.1
0.2055,0.1041,ldsc,3,2000,0.25,0.1
0.1734,0.095,ldsc,4,2000,0.25,0.1
0.1119,0.0955,ldsc,5,2000,0.25,0.1
0.3754,0.0956,ldsc,6,2000,0.25,0.1
0.458,0.0946,ldsc,7,2000,0.25,0.1
0.2794,0.098,ldsc,8,2000,0.25,0.1
0.249,0.1049,ldsc,9,2000,0.25,0.1
0.2594,0.1,ldsc,10,2000,0.25,0.1
0.3213,0.0996,ldsc,11,2000,0.25,0.1
0.1774,0.1007,ldsc,12,2000,0.25,0.1
0.0347,0.0868,ldsc,13,2000,0.25,0.1
0.2984,0.0932,ldsc,14,2000,0.25,0.1
0.194,0.0923,ldsc,15,2000,0.25,0.1
0.3129,0.0999,ldsc,16,2000,0.25,0.1
0.11,0.0883,ldsc,17,2000,0.25,0.1
0.3011,0.1031,ldsc,18,2000,0.25,0.1
0.3015,0.096,ldsc,19,2000,0.25,0.1
0.2839,0.0965,ldsc,20,2000,0.25,0.1
0.3205,0.095,ldsc,21,2000,0.25,0.1
0.3408,0.0994,ldsc,22,2000,0.25,0.1
0.13,0.0985,ldsc,23,2000,0.25,0.1
0.42,0.099,ldsc,24,2000,0.25,0.1
0.2867,0.0984,ldsc,25,2000,0.25,0.1
0.3136,0.0971,ldsc,26,2000,0.25,0.1
0.0709,0.094,ldsc,27,2000,0.25,0.1
0.3316,0.1036,ldsc,28,2000,0.25,0.1
0.2739,0.1124,ldsc,29,2000,0.25,0.1
0.2668,0.0933,ldsc,30,2000,0.25,0.1
0.2279,0.0997,ldsc,31,2000,0.25,0.1
0.1381,0.0961,ldsc,32,2000,0.25,0.1
0.304,0.1006,ldsc,33,2000,0.25,0.1
0.2901,0.0984,ldsc,34,2000,0.25,0.1
0.1183,0.1006,ldsc,35,2000,0.25,0.1
0.0776,0.091,ldsc,36,2000,0.25,0.1
0.282,0.0995,ldsc,37,2000,0.25,0.1
0.228,0.0968,ldsc,38,2000,0.25,0.1
0.2233,0.0993,ldsc,39,2000,0.25,0.1
0.2473,0.1024,ldsc,40,2000,0.25,0.1
0.2917,0.098,ldsc,41,2000,0.25,0.1
0.2919,0.1126,ldsc,42,2000,0.25,0.1
0.1585,0.1017,ldsc,43,2000,0.25,0.1
0.2503,0.0969,ldsc,44,2000,0.25,0.1
0.2855,0.0967,ldsc,45,2000,0.25,0.1
0.3541,0.0938,ldsc,46,2000,0.25,0.1
0.265,0.1055,ldsc,47,2000,0.25,0.1
0.2047,0.0975,ldsc,48,2000,0.25,0.1
0.3018,0.0958,ldsc,49,2000,0.25,0.1
0.3636,0.1003,ldsc,50,2000,0.25,0.1
0.1925,0.1042,ldsc,51,2000,0.25,0.1
0.3014,0.0983,ldsc,52,2000,0.25,0.1
0.4437,0.0948,ldsc,53,2000,0.25,0.1
0.1241,0.0981,ldsc,54,2000,0.25,0.1
0.2025,0.0945,ldsc,55,2000,0.25,0.1
0.0866,0.1003,ldsc,56,2000,0.25,0.1
0.2421,0.097,ldsc,57,2000,0.25,0.1
0.4347,0.0976,ldsc,58,2000,0.25,0.1
0.2993,0.1086,ldsc,59,2000,0.25,0.1
0.2475,0.094,ldsc,60,2000,0.25,0.1
0.2378,0.1026,ldsc,61,2000,0.25,0.1
0.4646,0.0989,ldsc,62,2000,0.25,0.1
0.168,0.0902,ldsc,63,2000,0.25,0.1
0.3662,0.0999,ldsc,64,2000,0.25,0.1
0.2633,0.0949,ldsc,65,2000,0.25,0.1
0.2294,0.0943,ldsc,66,2000,0.25,0.1
0.2647,0.1088,ldsc,67,2000,0.25,0.1
0.2424,0.0988,ldsc,68,2000,0.25,0.1
0.2918,0.1005,ldsc,69,2000,0.25,0.1
0.1406,0.0929,ldsc,70,2000,0.25,0.1
0.4527,0.1026,ldsc,71,2000,0.25,0.1
0.1894,0.1034,ldsc,72,2000,0.25,0.1
0.1944,0.0916,ldsc,73,2000,0.25,0.1
0.2578,0.1032,ldsc,74,2000,0.25,0.1
0.1441,0.0994,ldsc,75,2000,0.25,0.1
0.1908,0.0953,ldsc,76,2000,0.25,0.1
0.369,0.1019,ldsc,77,2000,0.25,0.1
0.3207,0.1133,ldsc,78,2000,0.25,0.1
0.298,0.1041,ldsc,79,2000,0.25,0.1
0.4047,0.0949,ldsc,80,2000,0.25,0.1
0.1944,0.0925,ldsc,81,2000,0.25,0.1
0.1633,0.0979,ldsc,82,2000,0.25,0.1
0.2729,0.1017,ldsc,83,2000,0.25,0.1
0.4531,0.099,ldsc,84,2000,0.25,0.1
0.3336,0.1004,ldsc,85,2000,0.25,0.1
0.1755,0.0959,ldsc,86,2000,0.25,0.1
0.276,0.1008,ldsc,87,2000,0.25,0.1
0.1995,0.0983,ldsc,88,2000,0.25,0.1
0.2491,0.0949,ldsc,89,2000,0.25,0.1
0.363,0.0994,ldsc,90,2000,0.25,0.1
0.2936,0.0986,ldsc,91,2000,0.25,0.1
0.1551,0.0967,ldsc,92,2000,0.25,0.1
0.1169,0.0964,ldsc,93,2000,0.25,0.1
0.133,0.0925,ldsc,94,2000,0.25,0.1
0.2652,0.093,ldsc,95,2000,0.25,0.1
0.2006,0.099,ldsc,96,2000,0.25,0.1
0.2911,0.0894,ldsc,97,2000,0.25,0.1
0.2776,0.1032,ldsc,98,2000,0.25,0.1
0.2821,0.0958,ldsc,99,2000,0.25,0.1
0.2076,0.096,ldsc,0,3000,0.25,0.1
0.0617,0.097,ldsc,1,3000,0.25,0.1
0.3035,0.1112,ldsc,2,3000,0.25,0.1
0.2058,0.1035,ldsc,3,3000,0.25,0.1
0.1709,0.0943,ldsc,4,3000,0.25,0.1
0.1133,0.0948,ldsc,5,3000,0.25,0.1
0.3724,0.0949,ldsc,6,3000,0.25,0.1
0.4568,0.0938,ldsc,7,3000,0.25,0.1
0.2792,0.0973,ldsc,8,3000,0.25,0.1
0.2483,0.1043,ldsc,9,3000,0.25,0.1
0.2589,0.0994,ldsc,10,3000,0.25,0.1
0.3206,0.0989,ldsc,11,3000,0.25,0.1
0.1755,0.1,ldsc,12,3000,0.25,0.1
0.0352,0.0861,ldsc,13,3000,0.25,0.1
0.2948,0.0925,ldsc,14,3000,0.25,0.1
0.1906,0.0917,ldsc,15,3000,0.25,0.1
0.3112,0.0992,ldsc,16,3000,0.25,0.1
0.1065,0.0877,ldsc,17,3000,0.25,0.1
0.2994,0.1025,ldsc,18,3000,0.25,0.1
0.2996,0.0954,ldsc,19,3000,0.25,0.1
0.2849,0.0959,ldsc,20,3000,0.25,0.1
0.3189,0.0945,ldsc,21,3000,0.25,0.1
0.3363,0.0988,ldsc,22,3000,0.25,0.1
0.1278,0.0978,ldsc,23,3000,0.25,0.1
0.4163,0.0984,ldsc,24,3000,0.25,0.1
0.2848,0.0978,ldsc,25,3000,0.25,0.1
0.31,0.0966,ldsc,26,3000,0.25,0.1
0.069,0.0933,ldsc,27,3000,0.25,0.1
0.3292,0.103,ldsc,28,3000,0.25,0.1
0.2716,0.1117,ldsc,29,3000,0.25,0.1
0.2659,0.0926,ldsc,30,3000,0.25,0.1
0.2262,0.099,ldsc,31,3000,0.25,0.1
0.1369,0.0955,ldsc,32,3000,0.25,0.1
0.3035,0.1,ldsc,33,3000,0.25,0.1
0.2887,0.0978,ldsc,34,3000,0.25,0.1
0.1191,0.0998,ldsc,35,3000,0.25,0.1
0.0772,0.0904,ldsc,36,3000,0.25,0.1
0.2806,0.0989,ldsc,37,3000,0.25,0.1
0.2244,0.0961,ldsc,38,3000,0.25,0.1
0.2228,0.0987,ldsc,39,3000,0.25,0.1
0.2445,0.1017,ldsc,40,3000,0.25,0.1
0.2878,0.0973,ldsc,41,3000,0.25,0.1
0.2899,0.1117,ldsc,42,3000,0.25,0.1
0.1563,0.1011,ldsc,43,3000,0.25,0.1
0.2488,0.0964,ldsc,44,3000,0.25,0.1
0.2828,0.0961,ldsc,45,3000,0.25,0.1
0.3532,0.0932,ldsc,46,3000,0.25,0.1
0.2634,0.1048,ldsc,47,3000,0.25,0.1
0.2049,0.0968,ldsc,48,3000,0.25,0.1
0.3009,0.095,ldsc,49,3000,0.25,0.1
0.363,0.0996,ldsc,50,3000,0.25,0.1
0.1919,0.1033,ldsc,51,3000,0.25,0.1
0.297,0.0975,ldsc,52,3000,0.25,0.1
0.4403,0.0942,ldsc,53,3000,0.25,0.1
0.1234,0.0974,ldsc,54,3000,0.25,0.1
0.2002,0.0938,ldsc,55,3000,0.25,0.1
0.0855,0.0997,ldsc,56,3000,0.25,0.1
0.2409,0.0964,ldsc,57,3000,0.25,0.1
0.4312,0.0971,ldsc,58,3000,0.25,0.1
0.2963,0.1078,ldsc,59,3000,0.25,0.1
0.244,0.0934,ldsc,60,3000,0.25,0.1
0.2366,0.1019,ldsc,61,3000,0.25,0.1
0.4625,0.0983,ldsc,62,3000,0.25,0.1
0.1672,0.0895,ldsc,63,3000,0.25,0.1
0.3647,0.0992,ldsc,64,3000,0.25,0.1
0.263,0.0943,ldsc,65,3000,0.25,0.1
0.2271,0.0937,ldsc,66,3000,0.25,0.1
0.2633,0.1081,ldsc,67,3000,0.25,0.1
0.2416,0.0981,ldsc,68,3000,0.25,0.1
0.2893,0.0999,ldsc,69,3000,0.25,0.1
0.1398,0.0922,ldsc,70,3000,0.25,0.1
0.4485,0.1017,ldsc,71,3000,0.25,0.1
0.1864,0.1027,ldsc,72,3000,0.25,0.1
0.1926,0.0909,ldsc,73,3000,0.25,0.1
0.2561,0.1024,ldsc,74,3000,0.25,0.1
0.1426,0.0988,ldsc,75,3000,0.25,0.1
0.1902,0.0946,ldsc,76,3000,0.25,0.1
0.3667,0.1014,ldsc,77,3000,0.25,0.1
0.3198,0.1126,ldsc,78,3000,0.25,0.1
0.2958,0.1034,ldsc,79,3000,0.25,0.1
0.4033,0.0944,ldsc,80,3000,0.25,0.1
0.1938,0.0918,ldsc,81,3000,0.25,0.1
0.1622,0.0972,ldsc,82,3000,0.25,0.1
0.2709,0.101,ldsc,83,3000,0.25,0.1
0.4497,0.0984,ldsc,84,3000,0.25,0.1
0.3324,0.0997,ldsc,85,3000,0.25,0.1
0.1736,0.0952,ldsc,86,3000,0.25,0.1
0.2709,0.1003,ldsc,87,3000,0.25,0.1
0.1979,0.0976,ldsc,88,3000,0.25,0.1
0.2456,0.0941,ldsc,89,3000,0.25,0.1
0.3606,0.0988,ldsc,90,3000,0.25,0.1
0.2907,0.098,ldsc,91,3000,0.25,0.1
0.1538,0.096,ldsc,92,3000,0.25,0.1
0.1174,0.0958,ldsc,93,3000,0.25,0.1
0.1315,0.0918,ldsc,94,3000,0.25,0.1
0.2644,0.0925,ldsc,95,3000,0.25,0.1
0.1994,0.0984,ldsc,96,3000,0.25,0.1
0.2902,0.0888,ldsc,97,3000,0.25,0.1
0.2772,0.1026,ldsc,98,3000,0.25,0.1
0.2809,0.095,ldsc,99,3000,0.25,0.1
0.2065,0.0952,ldsc,0,5000,0.25,0.1
0.0633,0.096,ldsc,1,5000,0.25,0.1
0.3005,0.1104,ldsc,2,5000,0.25,0.1
0.2054,0.1028,ldsc,3,5000,0.25,0.1
0.1661,0.0936,ldsc,4,5000,0.25,0.1
0.1133,0.0938,ldsc,5,5000,0.25,0.1
0.3696,0.0945,ldsc,6,5000,0.25,0.1
0.4553,0.093,ldsc,7,5000,0.25,0.1
0.2771,0.0963,ldsc,8,5000,0.25,0.1
0.2449,0.1034,ldsc,9,5000,0.25,0.1
0.2567,0.0987,ldsc,10,5000,0.25,0.1
0.3195,0.0979,ldsc,11,5000,0.25,0.1
0.1722,0.0991,ldsc,12,5000,0.25,0.1
0.0366,0.0852,ldsc,13,5000,0.25,0.1
0.2909,0.0916,ldsc,14,5000,0.25,0.1
0.1864,0.0909,ldsc,15,5000,0.25,0.1
0.308,0.0983,ldsc,16,5000,0.25,0.1
0.1019,0.087,ldsc,17,5000,0.25,0.1
0.2967,0.1015,ldsc,18,5000,0.25,0.1
0.2973,0.0946,ldsc,19,5000,0.25,0.1
0.2857,0.0952,ldsc,20,5000,0.25,0.1
0.3151,0.0939,ldsc,21,5000,0.25,0.1
0.333,0.098,ldsc,22,5000,0.25,0.1
0.1252,0.0967,ldsc,23,5000,0.25,0.1
0.414,0.0972,ldsc,24,5000,0.25,0.1
0.2785,0.0964,ldsc,25,5000,0.25,0.1
0.3056,0.0959,ldsc,26,5000,0.25,0.1
0.0672,0.0923,ldsc,27,5000,0.25,0.1
0.3276,0.1021,ldsc,28,5000,0.25,0.1
0.2677,0.1098,ldsc,29,5000,0.25,0.1
0.263,0.0919,ldsc,30,5000,0.25,0.1
0.2256,0.0981,ldsc,31,5000,0.25,0.1
0.1361,0.0945,ldsc,32,5000,0.25,0.1
0.2988,0.0984,ldsc,33,5000,0.25,0.1
0.2869,0.097,ldsc,34,5000,0.25,0.1
0.1223,0.0988,ldsc,35,5000,0.25,0.1
0.0751,0.0893,ldsc,36,5000,0.25,0.1
0.2806,0.0981,ldsc,37,5000,0.25,0.1
0.2249,0.0954,ldsc,38,5000,0.25,0.1
0.2241,0.098,ldsc,39,5000,0.25,0.1
0.2466,0.101,ldsc,40,5000,0.25,0.1
0.2833,0.0966,ldsc,41,5000,0.25,0.1
0.2798,0.1093,ldsc,42,5000,0.25,0.1
0.1579,0.1001,ldsc,43,5000,0.25,0.1
0.2479,0.0956,ldsc,44,5000,0.25,0.1
0.2786,0.0951,ldsc,45,5000,0.25,0.1
0.3503,0.0925,ldsc,46,5000,0.25,0.1
0.2565,0.1031,ldsc,47,5000,0.25,0.1
0.2027,0.0961,ldsc,48,5000,0.25,0.1
0.2989,0.0937,ldsc,49,5000,0.25,0.1
0.3636,0.0988,ldsc,50,5000,0.25,0.1
0.1868,0.1019,ldsc,51,5000,0.25,0.1
0.2892,0.0965,ldsc,52,5000,0.25,0.1
0.4371,0.0935,ldsc,53,5000,0.25,0.1
0.1219,0.0964,ldsc,54,5000,0.25,0.1
0.1976,0.0929,ldsc,55,5000,0.25,0.1
0.0849,0.0988,ldsc,56,5000,0.25,0.1
0.2407,0.0956,ldsc,57,5000,0.25,0.1
0.4259,0.0963,ldsc,58,5000,0.25,0.1
0.2926,0.1069,ldsc,59,5000,0.25,0.1
0.24,0.0924,ldsc,60,5000,0.25,0.1
0.2348,0.1009,ldsc,61,5000,0.25,0.1
0.4584,0.0975,ldsc,62,5000,0.25,0.1
0.1662,0.0887,ldsc,63,5000,0.25,0.1
0.3633,0.0986,ldsc,64,5000,0.25,0.1
0.2624,0.0936,ldsc,65,5000,0.25,0.1
0.2236,0.0932,ldsc,66,5000,0.25,0.1
0.2618,0.1069,ldsc,67,5000,0.25,0.1
0.2406,0.0972,ldsc,68,5000,0.25,0.1
0.2886,0.0989,ldsc,69,5000,0.25,0.1
0.1382,0.0914,ldsc,70,5000,0.25,0.1
0.4438,0.1003,ldsc,71,5000,0.25,0.1
0.1859,0.1017,ldsc,72,5000,0.25,0.1
0.1922,0.0901,ldsc,73,5000,0.25,0.1
0.2566,0.1015,ldsc,74,5000,0.25,0.1
0.14,0.0978,ldsc,75,5000,0.25,0.1
0.1866,0.0937,ldsc,76,5000,0.25,0.1
0.3632,0.1005,ldsc,77,5000,0.25,0.1
0.3187,0.1115,ldsc,78,5000,0.25,0.1
0.2916,0.1025,ldsc,79,5000,0.25,0.1
0.3994,0.0936,ldsc,80,5000,0.25,0.1
0.1918,0.0909,ldsc,81,5000,0.25,0.1
0.1609,0.0963,ldsc,82,5000,0.25,0.1
0.2685,0.1,ldsc,83,5000,0.25,0.1
0.4466,0.0975,ldsc,84,5000,0.25,0.1
0.3268,0.099,ldsc,85,5000,0.25,0.1
0.1741,0.0943,ldsc,86,5000,0.25,0.1
0.2655,0.0996,ldsc,87,5000,0.25,0.1
0.1981,0.097,ldsc,88,5000,0.25,0.1
0.2438,0.0932,ldsc,89,5000,0.25,0.1
0.3538,0.0981,ldsc,90,5000,0.25,0.1
0.2899,0.097,ldsc,91,5000,0.25,0.1
0.1536,0.0959,ldsc,92,5000,0.25,0.1
0.1148,0.095,ldsc,93,5000,0.25,0.1
0.128,0.0909,ldsc,94,5000,0.25,0.1
0.2613,0.0917,ldsc,95,5000,0.25,0.1
0.1977,0.0977,ldsc,96,5000,0.25,0.1
0.2865,0.0879,ldsc,97,5000,0.25,0.1
0.2751,0.1018,ldsc,98,5000,0.25,0.1
0.2767,0.0941,ldsc,99,5000,0.25,0.1
0.2022,0.0943,ldsc,0,10000,0.25,0.1
0.0617,0.0945,ldsc,1,10000,0.25,0.1
0.2952,0.1094,ldsc,2,10000,0.25,0.1
0.2062,0.1018,ldsc,3,10000,0.25,0.1
0.1645,0.0926,ldsc,4,10000,0.25,0.1
0.1138,0.0925,ldsc,5,10000,0.25,0.1
0.365,0.0938,ldsc,6,10000,0.25,0.1
0.4509,0.0919,ldsc,7,10000,0.25,0.1
0.2743,0.0952,ldsc,8,10000,0.25,0.1
0.2393,0.1025,ldsc,9,10000,0.25,0.1
0.2543,0.0978,ldsc,10,10000,0.25,0.1
0.3178,0.0969,ldsc,11,10000,0.25,0.1
0.17,0.0979,ldsc,12,10000,0.25,0.1
0.0356,0.0839,ldsc,13,10000,0.25,0.1
0.2873,0.0907,ldsc,14,10000,0.25,0.1
0.1827,0.0898,ldsc,15,10000,0.25,0.1
0.3027,0.0972,ldsc,16,10000,0.25,0.1
0.097,0.0859,ldsc,17,10000,0.25,0.1
0.2924,0.1001,ldsc,18,10000,0.25,0.1
0.2959,0.0935,ldsc,19,10000,0.25,0.1
0.2838,0.0944,ldsc,20,10000,0.25,0.1
0.3137,0.0931,ldsc,21,10000,0.25,0.1
0.329,0.097,ldsc,22,10000,0.25,0.1
0.1224,0.0952,ldsc,23,10000,0.25,0.1
0.4085,0.0954,ldsc,24,10000,0.25,0.1
0.2693,0.0944,ldsc,25,10000,0.25,0.1
0.3005,0.0948,ldsc,26,10000,0.25,0.1
0.0656,0.0909,ldsc,27,10000,0.25,0.1
0.323,0.101,ldsc,28,10000,0.25,0.1
0.2624,0.1073,ldsc,29,10000,0.25,0.1
0.2598,0.0911,ldsc,30,10000,0.25,0.1
0.2231,0.0971,ldsc,31,10000,0.25,0.1
0.1353,0.0931,ldsc,32,10000,0.25,0.1
0.2917,0.0959,ldsc,33,10000,0.25,0.1
0.2868,0.0959,ldsc,34,10000,0.25,0.1
0.1221,0.0974,ldsc,35,10000,0.25,0.1
0.0746,0.0879,ldsc,36,10000,0.25,0.1
0.2781,0.097,ldsc,37,10000,0.25,0.1
0.225,0.0944,ldsc,38,10000,0.25,0.1
0.2216,0.0972,ldsc,39,10000,0.25,0.1
0.2488,0.0999,ldsc,40,10000,0.25,0.1
0.2805,0.0955,ldsc,41,10000,0.25,0.1
0.2669,0.1049,ldsc,42,10000,0.25,0.1
0.1557,0.0989,ldsc,43,10000,0.25,0.1
0.2489,0.0946,ldsc,44,10000,0.25,0.1
0.2751,0.0939,ldsc,45,10000,0.25,0.1
0.3463,0.0917,ldsc,46,10000,0.25,0.1
0.2481,0.1003,ldsc,47,10000,0.25,0.1
0.2018,0.0949,ldsc,48,10000,0.25,0.1
0.2929,0.0914,ldsc,49,10000,0.25,0.1
0.3625,0.0979,ldsc,50,10000,0.25,0.1
0.1798,0.0996,ldsc,51,10000,0.25,0.1
0.2799,0.0949,ldsc,52,10000,0.25,0.1
0.4322,0.093,ldsc,53,10000,0.25,0.1
0.1194,0.0949,ldsc,54,10000,0.25,0.1
0.1959,0.0918,ldsc,55,10000,0.25,0.1
0.0819,0.0975,ldsc,56,10000,0.25,0.1
0.237,0.0946,ldsc,57,10000,0.25,0.1
0.4182,0.0952,ldsc,58,10000,0.25,0.1
0.2916,0.1057,ldsc,59,10000,0.25,0.1
0.2377,0.0913,ldsc,60,10000,0.25,0.1
0.2344,0.0999,ldsc,61,10000,0.25,0.1
0.4531,0.0965,ldsc,62,10000,0.25,0.1
0.1637,0.0876,ldsc,63,10000,0.25,0.1
0.3613,0.0977,ldsc,64,10000,0.25,0.1
0.2587,0.0927,ldsc,65,10000,0.25,0.1
0.221,0.0922,ldsc,66,10000,0.25,0.1
0.2596,0.1052,ldsc,67,10000,0.25,0.1
0.2399,0.0961,ldsc,68,10000,0.25,0.1
0.2857,0.0979,ldsc,69,10000,0.25,0.1
0.1352,0.0902,ldsc,70,10000,0.25,0.1
0.4349,0.0979,ldsc,71,10000,0.25,0.1
0.1834,0.1002,ldsc,72,10000,0.25,0.1
0.1893,0.0887,ldsc,73,10000,0.25,0.1
0.2575,0.1004,ldsc,74,10000,0.25,0.1
0.1378,0.0964,ldsc,75,10000,0.25,0.1
0.1815,0.0926,ldsc,76,10000,0.25,0.1
0.3573,0.0992,ldsc,77,10000,0.25,0.1
0.3175,0.1104,ldsc,78,10000,0.25,0.1
0.2877,0.1015,ldsc,79,10000,0.25,0.1
0.3954,0.0928,ldsc,80,10000,0.25,0.1
0.1899,0.0899,ldsc,81,10000,0.25,0.1
0.1594,0.0951,ldsc,82,10000,0.25,0.1
0.2631,0.0985,ldsc,83,10000,0.25,0.1
0.4422,0.0962,ldsc,84,10000,0.25,0.1
0.3215,0.098,ldsc,85,10000,0.25,0.1
0.172,0.0931,ldsc,86,10000,0.25,0.1
0.2635,0.0988,ldsc,87,10000,0.25,0.1
0.1988,0.096,ldsc,88,10000,0.25,0.1
0.2393,0.0917,ldsc,89,10000,0.25,0.1
0.3469,0.0973,ldsc,90,10000,0.25,0.1
0.2852,0.0953,ldsc,91,10000,0.25,0.1
0.1522,0.0951,ldsc,92,10000,0.25,0.1
0.1111,0.0938,ldsc,93,10000,0.25,0.1
0.1232,0.0895,ldsc,94,10000,0.25,0.1
0.2613,0.0906,ldsc,95,10000,0.25,0.1
0.196,0.0963,ldsc,96,10000,0.25,0.1
0.2831,0.0872,ldsc,97,10000,0.25,0.1
0.2725,0.1004,ldsc,98,10000,0.25,0.1
0.2722,0.0927,ldsc,99,10000,0.25,0.1
0.1992,0.0942,ldsc,0,20000,0.25,0.1
0.0601,0.0945,ldsc,1,20000,0.25,0.1
0.2941,0.1092,ldsc,2,20000,0.25,0.1
0.2074,0.1017,ldsc,3,20000,0.25,0.1
0.1645,0.0926,ldsc,4,20000,0.25,0.1
0.1096,0.0925,ldsc,5,20000,0.25,0.1
0.3639,0.0938,ldsc,6,20000,0.25,0.1
0.4487,0.0919,ldsc,7,20000,0.25,0.1
0.275,0.0951,ldsc,8,20000,0.25,0.1
0.2397,0.1024,ldsc,9,20000,0.25,0.1
0.2565,0.0977,ldsc,10,20000,0.25,0.1
0.3178,0.0968,ldsc,11,20000,0.25,0.1
0.1712,0.0979,ldsc,12,20000,0.25,0.1
0.0349,0.0839,ldsc,13,20000,0.25,0.1
0.2884,0.0907,ldsc,14,20000,0.25,0.1
0.1815,0.0897,ldsc,15,20000,0.25,0.1
0.3025,0.0971,ldsc,16,20000,0.25,0.1
0.0959,0.0858,ldsc,17,20000,0.25,0.1
0.289,0.1,ldsc,18,20000,0.25,0.1
0.2977,0.0935,ldsc,19,20000,0.25,0.1
0.285,0.0942,ldsc,20,20000,0.25,0.1
0.3136,0.093,ldsc,21,20000,0.25,0.1
0.3295,0.0969,ldsc,22,20000,0.25,0.1
0.1227,0.0952,ldsc,23,20000,0.25,0.1
0.4068,0.0953,ldsc,24,20000,0.25,0.1
0.268,0.0945,ldsc,25,20000,0.25,0.1
0.3042,0.095,ldsc,26,20000,0.25,0.1
0.0654,0.0908,ldsc,27,20000,0.25,0.1
0.3217,0.1008,ldsc,28,20000,0.25,0.1
0.2606,0.1073,ldsc,29,20000,0.25,0.1
0.2584,0.091,ldsc,30,20000,0.25,0.1
0.223,0.097,ldsc,31,20000,0.25,0.1
0.1336,0.0931,ldsc,32,20000,0.25,0.1
0.2932,0.0957,ldsc,33,20000,0.25,0.1
0.2892,0.0958,ldsc,34,20000,0.25,0.1
0.1217,0.0973,ldsc,35,20000,0.25,0.1
0.0747,0.0878,ldsc,36,20000,0.25,0.1
0.2761,0.0969,ldsc,37,20000,0.25,0.1
0.2246,0.0942,ldsc,38,20000,0.25,0.1
0.2213,0.0971,ldsc,39,20000,0.25,0.1
0.249,0.0998,ldsc,40,20000,0.25,0.1
0.2804,0.0954,ldsc,41,20000,0.25,0.1
0.2679,0.1047,ldsc,42,20000,0.25,0.1
0.1574,0.0988,ldsc,43,20000,0.25,0.1
0.2477,0.0946,ldsc,44,20000,0.25,0.1
0.2749,0.0939,ldsc,45,20000,0.25,0.1
0.3463,0.0915,ldsc,46,20000,0.25,0.1
0.2473,0.1003,ldsc,47,20000,0.25,0.1
0.2001,0.0948,ldsc,48,20000,0.25,0.1
0.2947,0.0913,ldsc,49,20000,0.25,0.1
0.3667,0.0978,ldsc,50,20000,0.25,0.1
0.1789,0.0995,ldsc,51,20000,0.25,0.1
0.2793,0.0948,ldsc,52,20000,0.25,0.1
0.4341,0.093,ldsc,53,20000,0.25,0.1
0.1198,0.0948,ldsc,54,20000,0.25,0.1
0.1947,0.0918,ldsc,55,20000,0.25,0.1
0.0836,0.0974,ldsc,56,20000,0.25,0.1
0.2376,0.0944,ldsc,57,20000,0.25,0.1
0.4187,0.0951,ldsc,58,20000,0.25,0.1
0.2916,0.1057,ldsc,59,20000,0.25,0.1
0.2361,0.0912,ldsc,60,20000,0.25,0.1
0.2342,0.0998,ldsc,61,20000,0.25,0.1
0.4569,0.0964,ldsc,62,20000,0.25,0.1
0.1642,0.0875,ldsc,63,20000,0.25,0.1
0.3601,0.0976,ldsc,64,20000,0.25,0.1
0.2585,0.0926,ldsc,65,20000,0.25,0.1
0.2189,0.0922,ldsc,66,20000,0.25,0.1
0.2582,0.1052,ldsc,67,20000,0.25,0.1
0.2366,0.096,ldsc,68,20000,0.25,0.1
0.2843,0.0978,ldsc,69,20000,0.25,0.1
0.1353,0.0901,ldsc,70,20000,0.25,0.1
0.4348,0.0978,ldsc,71,20000,0.25,0.1
0.1849,0.1001,ldsc,72,20000,0.25,0.1
0.1897,0.0887,ldsc,73,20000,0.25,0.1
0.2565,0.1004,ldsc,74,20000,0.25,0.1
0.1362,0.0964,ldsc,75,20000,0.25,0.1
0.1822,0.0925,ldsc,76,20000,0.25,0.1
0.3575,0.0992,ldsc,77,20000,0.25,0.1
0.3157,0.1103,ldsc,78,20000,0.25,0.1
0.288,0.1014,ldsc,79,20000,0.25,0.1
0.3967,0.0926,ldsc,80,20000,0.25,0.1
0.1895,0.0898,ldsc,81,20000,0.25,0.1
0.1606,0.095,ldsc,82,20000,0.25,0.1
0.2614,0.0984,ldsc,83,20000,0.25,0.1
0.4415,0.0962,ldsc,84,20000,0.25,0.1
0.3209,0.0979,ldsc,85,20000,0.25,0.1
0.1735,0.0931,ldsc,86,20000,0.25,0.1
0.262,0.0987,ldsc,87,20000,0.25,0.1
0.197,0.0959,ldsc,88,20000,0.25,0.1
0.2402,0.0916,ldsc,89,20000,0.25,0.1
0.3448,0.0972,ldsc,90,20000,0.25,0.1
0.2833,0.0953,ldsc,91,20000,0.25,0.1
0.1497,0.0951,ldsc,92,20000,0.25,0.1
0.1116,0.0937,ldsc,93,20000,0.25,0.1
0.1227,0.0894,ldsc,94,20000,0.25,0.1
0.261,0.0906,ldsc,95,20000,0.25,0.1
0.1947,0.0962,ldsc,96,20000,0.25,0.1
0.2808,0.0871,ldsc,97,20000,0.25,0.1
0.2707,0.1003,ldsc,98,20000,0.25,0.1
0.2726,0.0927,ldsc,99,20000,0.25,0.1
0.1999,0.0941,ldsc,0,30000,0.25,0.1
0.0596,0.0944,ldsc,1,30000,0.25,0.1
0.2937,0.1092,ldsc,2,30000,0.25,0.1
0.2069,0.1016,ldsc,3,30000,0.25,0.1
0.1653,0.0927,ldsc,4,30000,0.25,0.1
0.1099,0.0924,ldsc,5,30000,0.25,0.1
0.3623,0.0938,ldsc,6,30000,0.25,0.1
0.4486,0.0918,ldsc,7,30000,0.25,0.1
0.2737,0.0951,ldsc,8,30000,0.25,0.1
0.2396,0.1024,ldsc,9,30000,0.25,0.1
0.2579,0.0976,ldsc,10,30000,0.25,0.1
0.3169,0.0968,ldsc,11,30000,0.25,0.1
0.1721,0.0979,ldsc,12,30000,0.25,0.1
0.0366,0.0839,ldsc,13,30000,0.25,0.1
0.2867,0.0907,ldsc,14,30000,0.25,0.1
0.1816,0.0897,ldsc,15,30000,0.25,0.1
0.3036,0.097,ldsc,16,30000,0.25,0.1
0.0986,0.0857,ldsc,17,30000,0.25,0.1
0.288,0.0999,ldsc,18,30000,0.25,0.1
0.2989,0.0935,ldsc,19,30000,0.25,0.1
0.2833,0.0942,ldsc,20,30000,0.25,0.1
0.3148,0.093,ldsc,21,30000,0.25,0.1
0.3296,0.0968,ldsc,22,30000,0.25,0.1
0.1242,0.0951,ldsc,23,30000,0.25,0.1
0.4079,0.0953,ldsc,24,30000,0.25,0.1
0.2677,0.0945,ldsc,25,30000,0.25,0.1
0.3049,0.0949,ldsc,26,30000,0.25,0.1
0.0623,0.0908,ldsc,27,30000,0.25,0.1
0.3233,0.1008,ldsc,28,30000,0.25,0.1
0.2617,0.1072,ldsc,29,30000,0.25,0.1
0.2573,0.091,ldsc,30,30000,0.25,0.1
0.2234,0.097,ldsc,31,30000,0.25,0.1
0.1328,0.0931,ldsc,32,30000,0.25,0.1
0.2928,0.0957,ldsc,33,30000,0.25,0.1
0.2897,0.0957,ldsc,34,30000,0.25,0.1
0.1208,0.0972,ldsc,35,30000,0.25,0.1
0.074,0.0877,ldsc,36,30000,0.25,0.1
0.2721,0.0969,ldsc,37,30000,0.25,0.1
0.2252,0.0942,ldsc,38,30000,0.25,0.1
0.2211,0.0971,ldsc,39,30000,0.25,0.1
0.251,0.0997,ldsc,40,30000,0.25,0.1
0.2795,0.0954,ldsc,41,30000,0.25,0.1
0.268,0.1046,ldsc,42,30000,0.25,0.1
0.1577,0.0989,ldsc,43,30000,0.25,0.1
0.2487,0.0946,ldsc,44,30000,0.25,0.1
0.2736,0.0939,ldsc,45,30000,0.25,0.1
0.3457,0.0914,ldsc,46,30000,0.25,0.1
0.2478,0.1003,ldsc,47,30000,0.25,0.1
0.2002,0.0948,ldsc,48,30000,0.25,0.1
0.2954,0.0913,ldsc,49,30000,0.25,0.1
0.3675,0.0978,ldsc,50,30000,0.25,0.1
0.178,0.0995,ldsc,51,30000,0.25,0.1
0.2801,0.0948,ldsc,52,30000,0.25,0.1
0.4343,0.093,ldsc,53,30000,0.25,0.1
0.1216,0.0948,ldsc,54,30000,0.25,0.1
0.197,0.0917,ldsc,55,30000,0.25,0.1
0.0831,0.0974,ldsc,56,30000,0.25,0.1
0.2356,0.0944,ldsc,57,30000,0.25,0.1
0.4178,0.0952,ldsc,58,30000,0.25,0.1
0.2917,0.1056,ldsc,59,30000,0.25,0.1
0.2356,0.0912,ldsc,60,30000,0.25,0.1
0.2343,0.0997,ldsc,61,30000,0.25,0.1
0.4585,0.0964,ldsc,62,30000,0.25,0.1
0.1644,0.0875,ldsc,63,30000,0.25,0.1
0.3593,0.0976,ldsc,64,30000,0.25,0.1
0.2562,0.0927,ldsc,65,30000,0.25,0.1
0.2182,0.0922,ldsc,66,30000,0.25,0.1
0.2576,0.1053,ldsc,67,30000,0.25,0.1
0.2383,0.0959,ldsc,68,30000,0.25,0.1
0.2837,0.0977,ldsc,69,30000,0.25,0.1
0.1325,0.0901,ldsc,70,30000,0.25,0.1
0.4354,0.0978,ldsc,71,30000,0.25,0.1
0.1854,0.1001,ldsc,72,30000,0.25,0.1
0.192,0.0887,ldsc,73,30000,0.25,0.1
0.2574,0.1004,ldsc,74,30000,0.25,0.1
0.1364,0.0964,ldsc,75,30000,0.25,0.1
0.1826,0.0924,ldsc,76,30000,0.25,0.1
0.3584,0.0992,ldsc,77,30000,0.25,0.1
0.317,0.1102,ldsc,78,30000,0.25,0.1
0.2878,0.1015,ldsc,79,30000,0.25,0.1
0.3968,0.0926,ldsc,80,30000,0.25,0.1
0.1895,0.0898,ldsc,81,30000,0.25,0.1
0.1606,0.095,ldsc,82,30000,0.25,0.1
0.2617,0.0984,ldsc,83,30000,0.25,0.1
0.4417,0.0961,ldsc,84,30000,0.25,0.1
0.3207,0.0979,ldsc,85,30000,0.25,0.1
0.177,0.0931,ldsc,86,30000,0.25,0.1
0.2641,0.0988,ldsc,87,30000,0.25,0.1
0.1971,0.0958,ldsc,88,30000,0.25,0.1
0.2396,0.0916,ldsc,89,30000,0.25,0.1
0.3463,0.0972,ldsc,90,30000,0.25,0.1
0.2848,0.0952,ldsc,91,30000,0.25,0.1
0.1501,0.0949,ldsc,92,30000,0.25,0.1
0.1105,0.0938,ldsc,93,30000,0.25,0.1
0.1232,0.0894,ldsc,94,30000,0.25,0.1
0.2627,0.0906,ldsc,95,30000,0.25,0.1
0.1958,0.0962,ldsc,96,30000,0.25,0.1
0.2812,0.0871,ldsc,97,30000,0.25,0.1
0.2691,0.1004,ldsc,98,30000,0.25,0.1
0.2723,0.0927,ldsc,99,30000,0.25,0.1
0.198,0.094,ldsc,0,50000,0.25,0.1
0.0602,0.0944,ldsc,1,50000,0.25,0.1
0.292,0.1093,ldsc,2,50000,0.25,0.1
0.214,0.1013,ldsc,3,50000,0.25,0.1
0.1702,0.0927,ldsc,4,50000,0.25,0.1
0.1079,0.0924,ldsc,5,50000,0.25,0.1
0.3638,0.0938,ldsc,6,50000,0.25,0.1
0.4501,0.0918,ldsc,7,50000,0.25,0.1
0.2751,0.0951,ldsc,8,50000,0.25,0.1
0.242,0.1024,ldsc,9,50000,0.25,0.1
0.2576,0.0976,ldsc,10,50000,0.25,0.1
0.3191,0.0969,ldsc,11,50000,0.25,0.1
0.1771,0.0978,ldsc,12,50000,0.25,0.1
0.0412,0.0837,ldsc,13,50000,0.25,0.1
0.2865,0.0906,ldsc,14,50000,0.25,0.1
0.1811,0.0897,ldsc,15,50000,0.25,0.1
0.3004,0.097,ldsc,16,50000,0.25,0.1
0.1011,0.0856,ldsc,17,50000,0.25,0.1
0.2899,0.1,ldsc,18,50000,0.25,0.1
0.2971,0.0933,ldsc,19,50000,0.25,0.1
0.2823,0.094,ldsc,20,50000,0.25,0.1
0.3153,0.093,ldsc,21,50000,0.25,0.1
0.3314,0.0968,ldsc,22,50000,0.25,0.1
0.1247,0.0949,ldsc,23,50000,0.25,0.1
0.4017,0.0953,ldsc,24,50000,0.25,0.1
0.2685,0.0944,ldsc,25,50000,0.25,0.1
0.3089,0.0949,ldsc,26,50000,0.25,0.1
0.0597,0.0907,ldsc,27,50000,0.25,0.1
0.3251,0.1007,ldsc,28,50000,0.25,0.1
0.2632,0.1071,ldsc,29,50000,0.25,0.1
0.2556,0.0909,ldsc,30,50000,0.25,0.1
0.2252,0.097,ldsc,31,50000,0.25,0.1
0.1324,0.0932,ldsc,32,50000,0.25,0.1
0.2933,0.0958,ldsc,33,50000,0.25,0.1
0.2888,0.0955,ldsc,34,50000,0.25,0.1
0.1234,0.0973,ldsc,35,50000,0.25,0.1
0.0721,0.0876,ldsc,36,50000,0.25,0.1
0.2703,0.0971,ldsc,37,50000,0.25,0.1
0.2186,0.0942,ldsc,38,50000,0.25,0.1
0.22,0.0971,ldsc,39,50000,0.25,0.1
0.2501,0.0997,ldsc,40,50000,0.25,0.1
0.2838,0.0952,ldsc,41,50000,0.25,0.1
0.2713,0.1043,ldsc,42,50000,0.25,0.1
0.1572,0.0987,ldsc,43,50000,0.25,0.1
0.2437,0.0946,ldsc,44,50000,0.25,0.1
0.2686,0.0938,ldsc,45,50000,0.25,0.1
0.348,0.0914,ldsc,46,50000,0.25,0.1
0.248,0.1003,ldsc,47,50000,0.25,0.1
0.1982,0.0946,ldsc,48,50000,0.25,0.1
0.2977,0.0912,ldsc,49,50000,0.25,0.1
0.3685,0.0976,ldsc,50,50000,0.25,0.1
0.1767,0.0995,ldsc,51,50000,0.25,0.1
0.2793,0.0948,ldsc,52,50000,0.25,0.1
0.4287,0.0929,ldsc,53,50000,0.25,0.1
0.1243,0.0948,ldsc,54,50000,0.25,0.1
0.1999,0.0918,ldsc,55,50000,0.25,0.1
0.0856,0.0973,ldsc,56,50000,0.25,0.1
0.2398,0.0942,ldsc,57,50000,0.25,0.1
0.4145,0.095,ldsc,58,50000,0.25,0.1
0.2929,0.1057,ldsc,59,50000,0.25,0.1
0.2365,0.0914,ldsc,60,50000,0.25,0.1
0.2389,0.0995,ldsc,61,50000,0.25,0.1
0.4575,0.0964,ldsc,62,50000,0.25,0.1
0.1627,0.0875,ldsc,63,50000,0.25,0.1
0.3577,0.0975,ldsc,64,50000,0.25,0.1
0.2532,0.0925,ldsc,65,50000,0.25,0.1
0.2211,0.0921,ldsc,66,50000,0.25,0.1
0.2628,0.1051,ldsc,67,50000,0.25,0.1
0.241,0.0959,ldsc,68,50000,0.25,0.1
0.2851,0.0977,ldsc,69,50000,0.25,0.1
0.1328,0.0902,ldsc,70,50000,0.25,0.1
0.4355,0.0976,ldsc,71,50000,0.25,0.1
0.1866,0.1001,ldsc,72,50000,0.25,0.1
0.1934,0.0887,ldsc,73,50000,0.25,0.1
0.255,0.1002,ldsc,74,50000,0.25,0.1
0.1385,0.0963,ldsc,75,50000,0.25,0.1
0.1785,0.0925,ldsc,76,50000,0.25,0.1
0.3522,0.099,ldsc,77,50000,0.25,0.1
0.3214,0.1101,ldsc,78,50000,0.25,0.1
0.2918,0.1013,ldsc,79,50000,0.25,0.1
0.3933,0.0924,ldsc,80,50000,0.25,0.1
0.1917,0.0897,ldsc,81,50000,0.25,0.1
0.1656,0.0948,ldsc,82,50000,0.25,0.1
0.2572,0.0984,ldsc,83,50000,0.25,0.1
0.4424,0.0961,ldsc,84,50000,0.25,0.1
0.3221,0.0981,ldsc,85,50000,0.25,0.1
0.1821,0.093,ldsc,86,50000,0.25,0.1
0.2637,0.0988,ldsc,87,50000,0.25,0.1
0.1933,0.0959,ldsc,88,50000,0.25,0.1
0.2429,0.0916,ldsc,89,50000,0.25,0.1
0.3425,0.0973,ldsc,90,50000,0.25,0.1
0.2912,0.0951,ldsc,91,50000,0.25,0.1
0.1521,0.095,ldsc,92,50000,0.25,0.1
0.109,0.0937,ldsc,93,50000,0.25,0.1
0.1233,0.0893,ldsc,94,50000,0.25,0.1
0.2617,0.0906,ldsc,95,50000,0.25,0.1
0.1941,0.0963,ldsc,96,50000,0.25,0.1
0.2819,0.087,ldsc,97,50000,0.25,0.1
0.2693,0.1003,ldsc,98,50000,0.25,0.1
0.2764,0.0925,ldsc,99,50000,0.25,0.1
0.3528,0.1036,ldsc,0,1000,0.25,0.01
0.2304,0.1078,ldsc,1,1000,0.25,0.01
0.3185,0.1029,ldsc,2,1000,0.25,0.01
0.3491,0.097,ldsc,3,1000,0.25,0.01
0.3514,0.1018,ldsc,4,1000,0.25,0.01
0.4603,0.1065,ldsc,5,1000,0.25,0.01
0.1062,0.0978,ldsc,6,1000,0.25,0.01
0.5282,0.1012,ldsc,7,1000,0.25,0.01
0.3309,0.1076,ldsc,8,1000,0.25,0.01
0.2558,0.103,ldsc,9,1000,0.25,0.01
0.3785,0.1041,ldsc,10,1000,0.25,0.01
0.2126,0.1049,ldsc,11,1000,0.25,0.01
0.1418,0.0977,ldsc,12,1000,0.25,0.01
0.5374,0.107,ldsc,13,1000,0.25,0.01
0.1641,0.0958,ldsc,14,1000,0.25,0.01
0.1607,0.1029,ldsc,15,1000,0.25,0.01
0.3347,0.0967,ldsc,16,1000,0.25,0.01
0.4477,0.1063,ldsc,17,1000,0.25,0.01
0.3278,0.099,ldsc,18,1000,0.25,0.01
0.2706,0.0986,ldsc,19,1000,0.25,0.01
0.2051,0.0992,ldsc,20,1000,0.25,0.01
0.3478,0.1012,ldsc,21,1000,0.25,0.01
0.2447,0.0979,ldsc,22,1000,0.25,0.01
0.3232,0.0965,ldsc,23,1000,0.25,0.01
0.2933,0.096,ldsc,24,1000,0.25,0.01
0.2207,0.0976,ldsc,25,1000,0.25,0.01
0.1362,0.0951,ldsc,26,1000,0.25,0.01
0.3101,0.1024,ldsc,27,1000,0.25,0.01
0.2621,0.0996,ldsc,28,1000,0.25,0.01
0.3414,0.0998,ldsc,29,1000,0.25,0.01
0.2126,0.0989,ldsc,30,1000,0.25,0.01
0.293,0.1125,ldsc,31,1000,0.25,0.01
0.0073,0.1035,ldsc,32,1000,0.25,0.01
0.0698,0.0955,ldsc,33,1000,0.25,0.01
0.2255,0.0979,ldsc,34,1000,0.25,0.01
0.2876,0.1018,ldsc,35,1000,0.25,0.01
0.2171,0.1097,ldsc,36,1000,0.25,0.01
0.3923,0.1083,ldsc,37,1000,0.25,0.01
0.3433,0.0994,ldsc,38,1000,0.25,0.01
0.3758,0.1075,ldsc,39,1000,0.25,0.01
0.4466,0.0998,ldsc,40,1000,0.25,0.01
0.1702,0.1076,ldsc,41,1000,0.25,0.01
0.4253,0.1012,ldsc,42,1000,0.25,0.01
0.3946,0.1065,ldsc,43,1000,0.25,0.01
0.1888,0.1036,ldsc,44,1000,0.25,0.01
0.3473,0.1095,ldsc,45,1000,0.25,0.01
0.0332,0.1048,ldsc,46,1000,0.25,0.01
0.163,0.1005,ldsc,47,1000,0.25,0.01
0.4255,0.0988,ldsc,48,1000,0.25,0.01
0.3086,0.1006,ldsc,49,1000,0.25,0.01
0.3536,0.1028,ldsc,50,1000,0.25,0.01
0.4287,0.0994,ldsc,51,1000,0.25,0.01
0.0321,0.0957,ldsc,52,1000,0.25,0.01
0.4654,0.1058,ldsc,53,1000,0.25,0.01
0.1824,0.0953,ldsc,54,1000,0.25,0.01
0.3989,0.1048,ldsc,55,1000,0.25,0.01
0.2706,0.1012,ldsc,56,1000,0.25,0.01
0.1212,0.1015,ldsc,57,1000,0.25,0.01
0.2675,0.1087,ldsc,58,1000,0.25,0.01
0.229,0.0975,ldsc,59,1000,0.25,0.01
0.3412,0.1124,ldsc,60,1000,0.25,0.01
0.1414,0.0949,ldsc,61,1000,0.25,0.01
0.2299,0.0993,ldsc,62,1000,0.25,0.01
0.3363,0.1027,ldsc,63,1000,0.25,0.01
0.2742,0.0995,ldsc,64,1000,0.25,0.01
0.3467,0.1015,ldsc,65,1000,0.25,0.01
0.4163,0.1004,ldsc,66,1000,0.25,0.01
-0.0171,0.1015,ldsc,67,1000,0.25,0.01
0.4056,0.1197,ldsc,68,1000,0.25,0.01
0.2413,0.1073,ldsc,69,1000,0.25,0.01
0.3084,0.1096,ldsc,70,1000,0.25,0.01
0.2143,0.1011,ldsc,71,1000,0.25,0.01
0.2664,0.1015,ldsc,72,1000,0.25,0.01
0.1974,0.0922,ldsc,73,1000,0.25,0.01
0.2959,0.1042,ldsc,74,1000,0.25,0.01
0.4934,0.106,ldsc,75,1000,0.25,0.01
0.2115,0.0969,ldsc,76,1000,0.25,0.01
0.2011,0.0977,ldsc,77,1000,0.25,0.01
0.1423,0.1058,ldsc,78,1000,0.25,0.01
0.2497,0.1176,ldsc,79,1000,0.25,0.01
0.1555,0.1017,ldsc,80,1000,0.25,0.01
0.46,0.1044,ldsc,81,1000,0.25,0.01
0.0653,0.0918,ldsc,82,1000,0.25,0.01
0.1748,0.1118,ldsc,83,1000,0.25,0.01
0.057,0.1045,ldsc,84,1000,0.25,0.01
0.3107,0.1072,ldsc,85,1000,0.25,0.01
0.3191,0.1137,ldsc,86,1000,0.25,0.01
0.2234,0.0942,ldsc,87,1000,0.25,0.01
0.0367,0.0936,ldsc,88,1000,0.25,0.01
0.1262,0.0973,ldsc,89,1000,0.25,0.01
0.322,0.0993,ldsc,90,1000,0.25,0.01
0.4503,0.1081,ldsc,91,1000,0.25,0.01
0.2228,0.1139,ldsc,92,1000,0.25,0.01
0.2608,0.1074,ldsc,93,1000,0.25,0.01
0.3247,0.097,ldsc,94,1000,0.25,0.01
0.2983,0.101,ldsc,95,1000,0.25,0.01
0.2315,0.0949,ldsc,96,1000,0.25,0.01
0.2551,0.1046,ldsc,97,1000,0.25,0.01
0.0891,0.0989,ldsc,98,1000,0.25,0.01
0.2412,0.1003,ldsc,99,1000,0.25,0.01
0.3443,0.1013,ldsc,0,2000,0.25,0.01
0.2282,0.1053,ldsc,1,2000,0.25,0.01
0.3057,0.1008,ldsc,2,2000,0.25,0.01
0.3443,0.0948,ldsc,3,2000,0.25,0.01
0.3428,0.0997,ldsc,4,2000,0.25,0.01
0.4537,0.1044,ldsc,5,2000,0.25,0.01
0.102,0.0957,ldsc,6,2000,0.25,0.01
0.5191,0.099,ldsc,7,2000,0.25,0.01
0.3255,0.1047,ldsc,8,2000,0.25,0.01
0.2455,0.1008,ldsc,9,2000,0.25,0.01
0.3665,0.1019,ldsc,10,2000,0.25,0.01
0.2057,0.1024,ldsc,11,2000,0.25,0.01
0.1429,0.0954,ldsc,12,2000,0.25,0.01
0.5227,0.1048,ldsc,13,2000,0.25,0.01
0.1581,0.0939,ldsc,14,2000,0.25,0.01
0.1575,0.1008,ldsc,15,2000,0.25,0.01
0.329,0.0947,ldsc,16,2000,0.25,0.01
0.4439,0.1042,ldsc,17,2000,0.25,0.01
0.3227,0.0967,ldsc,18,2000,0.25,0.01
0.263,0.0967,ldsc,19,2000,0.25,0.01
0.1986,0.0969,ldsc,20,2000,0.25,0.01
0.3391,0.0989,ldsc,21,2000,0.25,0.01
0.234,0.0957,ldsc,22,2000,0.25,0.01
0.313,0.0945,ldsc,23,2000,0.25,0.01
0.2899,0.0939,ldsc,24,2000,0.25,0.01
0.2132,0.0954,ldsc,25,2000,0.25,0.01
0.1357,0.0929,ldsc,26,2000,0.25,0.01
0.2975,0.1003,ldsc,27,2000,0.25,0.01
0.2517,0.0977,ldsc,28,2000,0.25,0.01
0.3366,0.0974,ldsc,29,2000,0.25,0.01
0.2014,0.0964,ldsc,30,2000,0.25,0.01
0.2899,0.1101,ldsc,31,2000,0.25,0.01
0.0083,0.1012,ldsc,32,2000,0.25,0.01
0.0667,0.0935,ldsc,33,2000,0.25,0.01
0.2175,0.0959,ldsc,34,2000,0.25,0.01
0.2804,0.0997,ldsc,35,2000,0.25,0.01
0.2129,0.1073,ldsc,36,2000,0.25,0.01
0.3915,0.1063,ldsc,37,2000,0.25,0.01
0.3325,0.0974,ldsc,38,2000,0.25,0.01
0.3699,0.1056,ldsc,39,2000,0.25,0.01
0.439,0.0978,ldsc,40,2000,0.25,0.01
0.1645,0.1053,ldsc,41,2000,0.25,0.01
0.4079,0.099,ldsc,42,2000,0.25,0.01
0.3863,0.1041,ldsc,43,2000,0.25,0.01
0.1867,0.1019,ldsc,44,2000,0.25,0.01
0.3374,0.1056,ldsc,45,2000,0.25,0.01
0.0311,0.1026,ldsc,46,2000,0.25,0.01
0.1559,0.0985,ldsc,47,2000,0.25,0.01
0.417,0.0969,ldsc,48,2000,0.25,0.01
0.3067,0.0986,ldsc,49,2000,0.25,0.01
0.3454,0.1008,ldsc,50,2000,0.25,0.01
0.4206,0.0973,ldsc,51,2000,0.25,0.01
0.0328,0.0935,ldsc,52,2000,0.25,0.01
0.4631,0.1036,ldsc,53,2000,0.25,0.01
0.1758,0.0936,ldsc,54,2000,0.25,0.01
0.3967,0.102,ldsc,55,2000,0.25,0.01
0.2645,0.0992,ldsc,56,2000,0.25,0.01
0.1155,0.0992,ldsc,57,2000,0.25,0.01
0.2591,0.1063,ldsc,58,2000,0.25,0.01
0.2246,0.0951,ldsc,59,2000,0.25,0.01
0.3374,0.1096,ldsc,60,2000,0.25,0.01
0.1332,0.0926,ldsc,61,2000,0.25,0.01
0.2262,0.0972,ldsc,62,2000,0.25,0.01
0.3301,0.1007,ldsc,63,2000,0.25,0.01
0.2632,0.097,ldsc,64,2000,0.25,0.01
0.3403,0.0992,ldsc,65,2000,0.25,0.01
0.4116,0.0987,ldsc,66,2000,0.25,0.01
-0.0222,0.099,ldsc,67,2000,0.25,0.01
0.3911,0.1158,ldsc,68,2000,0.25,0.01
0.2339,0.1051,ldsc,69,2000,0.25,0.01
0.2981,0.107,ldsc,70,2000,0.25,0.01
0.2043,0.0991,ldsc,71,2000,0.25,0.01
0.258,0.0998,ldsc,72,2000,0.25,0.01
0.195,0.0901,ldsc,73,2000,0.25,0.01
0.2864,0.102,ldsc,74,2000,0.25,0.01
0.4837,0.1033,ldsc,75,2000,0.25,0.01
0.2082,0.0947,ldsc,76,2000,0.25,0.01
0.1946,0.0958,ldsc,77,2000,0.25,0.01
0.1357,0.1037,ldsc,78,2000,0.25,0.01
0.2473,0.1154,ldsc,79,2000,0.25,0.01
0.1531,0.0992,ldsc,80,2000,0.25,0.01
0.4471,0.1019,ldsc,81,2000,0.25,0.01
0.0707,0.0898,ldsc,82,2000,0.25,0.01
0.1654,0.1094,ldsc,83,2000,0.25,0.01
0.0558,0.102,ldsc,84,2000,0.25,0.01
0.3019,0.1048,ldsc,85,2000,0.25,0.01
0.3075,0.1103,ldsc,86,2000,0.25,0.01
0.2186,0.0922,ldsc,87,2000,0.25,0.01
0.0354,0.0914,ldsc,88,2000,0.25,0.01
0.125,0.0951,ldsc,89,2000,0.25,0.01
0.3129,0.0969,ldsc,90,2000,0.25,0.01
0.4358,0.1053,ldsc,91,2000,0.25,0.01
0.2223,0.1123,ldsc,92,2000,0.25,0.01
0.2558,0.1056,ldsc,93,2000,0.25,0.01
0.3129,0.0948,ldsc,94,2000,0.25,0.01
0.288,0.0987,ldsc,95,2000,0.25,0.01
0.2301,0.0926,ldsc,96,2000,0.25,0.01
0.25,0.1019,ldsc,97,2000,0.25,0.01
0.0906,0.0969,ldsc,98,2000,0.25,0.01
0.2359,0.0984,ldsc,99,2000,0.25,0.01
0.3415,0.1007,ldsc,0,3000,0.25,0.01
0.2281,0.1046,ldsc,1,3000,0.25,0.01
0.3036,0.1001,ldsc,2,3000,0.25,0.01
0.342,0.0942,ldsc,3,3000,0.25,0.01
0.3414,0.0989,ldsc,4,3000,0.25,0.01
0.4525,0.1038,ldsc,5,3000,0.25,0.01
0.1011,0.0951,ldsc,6,3000,0.25,0.01
0.515,0.0983,ldsc,7,3000,0.25,0.01
0.3235,0.1039,ldsc,8,3000,0.25,0.01
0.2419,0.1001,ldsc,9,3000,0.25,0.01
0.3642,0.1012,ldsc,10,3000,0.25,0.01
0.2031,0.1017,ldsc,11,3000,0.25,0.01
0.142,0.0948,ldsc,12,3000,0.25,0.01
0.5208,0.1042,ldsc,13,3000,0.25,0.01
0.1574,0.0932,ldsc,14,3000,0.25,0.01
0.1563,0.1002,ldsc,15,3000,0.25,0.01
0.3276,0.094,ldsc,16,3000,0.25,0.01
0.4423,0.1036,ldsc,17,3000,0.25,0.01
0.3205,0.0961,ldsc,18,3000,0.25,0.01
0.2598,0.096,ldsc,19,3000,0.25,0.01
0.1974,0.0963,ldsc,20,3000,0.25,0.01
0.3357,0.0982,ldsc,21,3000,0.25,0.01
0.2305,0.095,ldsc,22,3000,0.25,0.01
0.3093,0.0939,ldsc,23,3000,0.25,0.01
0.2884,0.0933,ldsc,24,3000,0.25,0.01
0.2111,0.0948,ldsc,25,3000,0.25,0.01
0.1331,0.0922,ldsc,26,3000,0.25,0.01
0.2934,0.0997,ldsc,27,3000,0.25,0.01
0.2493,0.0971,ldsc,28,3000,0.25,0.01
0.3352,0.0967,ldsc,29,3000,0.25,0.01
0.1987,0.0958,ldsc,30,3000,0.25,0.01
0.2876,0.1093,ldsc,31,3000,0.25,0.01
0.0087,0.1005,ldsc,32,3000,0.25,0.01
0.0653,0.0929,ldsc,33,3000,0.25,0.01
0.2166,0.0953,ldsc,34,3000,0.25,0.01
0.279,0.0991,ldsc,35,3000,0.25,0.01
0.2122,0.1066,ldsc,36,3000,0.25,0.01
0.3914,0.1055,ldsc,37,3000,0.25,0.01
0.3282,0.0968,ldsc,38,3000,0.25,0.01
0.3671,0.105,ldsc,39,3000,0.25,0.01
0.4354,0.0972,ldsc,40,3000,0.25,0.01
0.1625,0.1046,ldsc,41,3000,0.25,0.01
0.4026,0.0982,ldsc,42,3000,0.25,0.01
0.3858,0.1034,ldsc,43,3000,0.25,0.01
0.1866,0.1014,ldsc,44,3000,0.25,0.01
0.3338,0.1044,ldsc,45,3000,0.25,0.01
0.0296,0.1018,ldsc,46,3000,0.25,0.01
0.1533,0.0978,ldsc,47,3000,0.25,0.01
0.4146,0.0963,ldsc,48,3000,0.25,0.01
0.3067,0.098,ldsc,49,3000,0.25,0.01
0.3441,0.1002,ldsc,50,3000,0.25,0.01
0.4172,0.0967,ldsc,51,3000,0.25,0.01
0.0341,0.0929,ldsc,52,3000,0.25,0.01
0.4611,0.1029,ldsc,53,3000,0.25,0.01
0.1738,0.0929,ldsc,54,3000,0.25,0.01
0.3954,0.1013,ldsc,55,3000,0.25,0.01
0.2629,0.0987,ldsc,56,3000,0.25,0.01
0.115,0.0985,ldsc,57,3000,0.25,0.01
0.256,0.1056,ldsc,58,3000,0.25,0.01
0.2228,0.0945,ldsc,59,3000,0.25,0.01
0.3358,0.1087,ldsc,60,3000,0.25,0.01
0.131,0.0918,ldsc,61,3000,0.25,0.01
0.2242,0.0965,ldsc,62,3000,0.25,0.01
0.328,0.1001,ldsc,63,3000,0.25,0.01
0.2611,0.0963,ldsc,64,3000,0.25,0.01
0.3377,0.0985,ldsc,65,3000,0.25,0.01
0.4107,0.0982,ldsc,66,3000,0.25,0.01
-0.0238,0.0982,ldsc,67,3000,0.25,0.01
0.3868,0.1146,ldsc,68,3000,0.25,0.01
0.2337,0.1045,ldsc,69,3000,0.25,0.01
0.2964,0.1063,ldsc,70,3000,0.25,0.01
0.2006,0.0984,ldsc,71,3000,0.25,0.01
0.2551,0.0992,ldsc,72,3000,0.25,0.01
0.1948,0.0895,ldsc,73,3000,0.25,0.01
0.2833,0.1014,ldsc,74,3000,0.25,0.01
0.4805,0.1025,ldsc,75,3000,0.25,0.01
0.207,0.0941,ldsc,76,3000,0.25,0.01
0.193,0.0952,ldsc,77,3000,0.25,0.01
0.1338,0.1031,ldsc,78,3000,0.25,0.01
0.247,0.1146,ldsc,79,3000,0.25,0.01
0.1525,0.0985,ldsc,80,3000,0.25,0.01
0.4446,0.1012,ldsc,81,3000,0.25,0.01
0.0711,0.0892,ldsc,82,3000,0.25,0.01
0.1624,0.1087,ldsc,83,3000,0.25,0.01
0.0552,0.1013,ldsc,84,3000,0.25,0.01
0.3003,0.104,ldsc,85,3000,0.25,0.01
0.3055,0.1093,ldsc,86,3000,0.25,0.01
0.2172,0.0917,ldsc,87,3000,0.25,0.01
0.035,0.0907,ldsc,88,3000,0.25,0.01
0.1238,0.0944,ldsc,89,3000,0.25,0.01
0.3116,0.0962,ldsc,90,3000,0.25,0.01
0.4307,0.1044,ldsc,91,3000,0.25,0.01
0.2224,0.1117,ldsc,92,3000,0.25,0.01
0.2542,0.105,ldsc,93,3000,0.25,0.01
0.3093,0.0941,ldsc,94,3000,0.25,0.01
0.2858,0.098,ldsc,95,3000,0.25,0.01
0.2291,0.0919,ldsc,96,3000,0.25,0.01
0.2481,0.1011,ldsc,97,3000,0.25,0.01
0.0914,0.0963,ldsc,98,3000,0.25,0.01
0.2339,0.0977,ldsc,99,3000,0.25,0.01
0.3373,0.0997,ldsc,0,5000,0.25,0.01
0.2268,0.1037,ldsc,1,5000,0.25,0.01
0.3016,0.0992,ldsc,2,5000,0.25,0.01
0.3397,0.0934,ldsc,3,5000,0.25,0.01
0.3402,0.098,ldsc,4,5000,0.25,0.01
0.4476,0.103,ldsc,5,5000,0.25,0.01
0.0996,0.0941,ldsc,6,5000,0.25,0.01
0.5098,0.0975,ldsc,7,5000,0.25,0.01
0.3191,0.1026,ldsc,8,5000,0.25,0.01
0.2404,0.0991,ldsc,9,5000,0.25,0.01
0.361,0.1005,ldsc,10,5000,0.25,0.01
0.2007,0.1008,ldsc,11,5000,0.25,0.01
0.1402,0.0938,ldsc,12,5000,0.25,0.01
0.5147,0.1033,ldsc,13,5000,0.25,0.01
0.1558,0.0923,ldsc,14,5000,0.25,0.01
0.1575,0.0995,ldsc,15,5000,0.25,0.01
0.3217,0.0932,ldsc,16,5000,0.25,0.01
0.4391,0.103,ldsc,17,5000,0.25,0.01
0.3158,0.0951,ldsc,18,5000,0.25,0.01
0.2574,0.0955,ldsc,19,5000,0.25,0.01
0.1988,0.0954,ldsc,20,5000,0.25,0.01
0.3341,0.0974,ldsc,21,5000,0.25,0.01
0.2291,0.0941,ldsc,22,5000,0.25,0.01
0.3075,0.0932,ldsc,23,5000,0.25,0.01
0.2878,0.0924,ldsc,24,5000,0.25,0.01
0.2074,0.094,ldsc,25,5000,0.25,0.01
0.134,0.0914,ldsc,26,5000,0.25,0.01
0.2933,0.0987,ldsc,27,5000,0.25,0.01
0.2462,0.0963,ldsc,28,5000,0.25,0.01
0.3328,0.0958,ldsc,29,5000,0.25,0.01
0.1989,0.0949,ldsc,30,5000,0.25,0.01
0.2885,0.1082,ldsc,31,5000,0.25,0.01
0.0085,0.0995,ldsc,32,5000,0.25,0.01
0.0614,0.0919,ldsc,33,5000,0.25,0.01
0.2174,0.0944,ldsc,34,5000,0.25,0.01
0.2795,0.0985,ldsc,35,5000,0.25,0.01
0.2148,0.1059,ldsc,36,5000,0.25,0.01
0.3883,0.1047,ldsc,37,5000,0.25,0.01
0.3255,0.096,ldsc,38,5000,0.25,0.01
0.3657,0.1042,ldsc,39,5000,0.25,0.01
0.435,0.0966,ldsc,40,5000,0.25,0.01
0.1638,0.1034,ldsc,41,5000,0.25,0.01
0.3937,0.0975,ldsc,42,5000,0.25,0.01
0.3825,0.1027,ldsc,43,5000,0.25,0.01
0.186,0.1006,ldsc,44,5000,0.25,0.01
0.3323,0.1024,ldsc,45,5000,0.25,0.01
0.0307,0.1017,ldsc,46,5000,0.25,0.01
0.1529,0.0971,ldsc,47,5000,0.25,0.01
0.4101,0.0955,ldsc,48,5000,0.25,0.01
0.3052,0.0972,ldsc,49,5000,0.25,0.01
0.342,0.0995,ldsc,50,5000,0.25,0.01
0.4126,0.0959,ldsc,51,5000,0.25,0.01
0.0325,0.0919,ldsc,52,5000,0.25,0.01
0.4575,0.1022,ldsc,53,5000,0.25,0.01
0.1723,0.0922,ldsc,54,5000,0.25,0.01
0.3911,0.1002,ldsc,55,5000,0.25,0.01
0.2592,0.0977,ldsc,56,5000,0.25,0.01
0.116,0.0975,ldsc,57,5000,0.25,0.01
0.2531,0.1047,ldsc,58,5000,0.25,0.01
0.2207,0.0936,ldsc,59,5000,0.25,0.01
0.3306,0.1072,ldsc,60,5000,0.25,0.01
0.1284,0.0909,ldsc,61,5000,0.25,0.01
0.2184,0.0954,ldsc,62,5000,0.25,0.01
0.3241,0.0996,ldsc,63,5000,0.25,0.01
0.2592,0.0951,ldsc,64,5000,0.25,0.01
0.3347,0.0976,ldsc,65,5000,0.25,0.01
0.4111,0.0973,ldsc,66,5000,0.25,0.01
-0.0264,0.0969,ldsc,67,5000,0.25,0.01
0.382,0.1129,ldsc,68,5000,0.25,0.01
0.2302,0.1035,ldsc,69,5000,0.25,0.01
0.2905,0.105,ldsc,70,5000,0.25,0.01
0.1996,0.0976,ldsc,71,5000,0.25,0.01
0.2522,0.0984,ldsc,72,5000,0.25,0.01
0.1949,0.0888,ldsc,73,5000,0.25,0.01
0.2784,0.1,ldsc,74,5000,0.25,0.01
0.474,0.1013,ldsc,75,5000,0.25,0.01
0.206,0.0931,ldsc,76,5000,0.25,0.01
0.1918,0.0943,ldsc,77,5000,0.25,0.01
0.1285,0.1022,ldsc,78,5000,0.25,0.01
0.2475,0.1135,ldsc,79,5000,0.25,0.01
0.1507,0.0975,ldsc,80,5000,0.25,0.01
0.4376,0.1001,ldsc,81,5000,0.25,0.01
0.0731,0.0883,ldsc,82,5000,0.25,0.01
0.1635,0.1079,ldsc,83,5000,0.25,0.01
0.0534,0.1003,ldsc,84,5000,0.25,0.01
0.2977,0.1031,ldsc,85,5000,0.25,0.01
0.3037,0.1077,ldsc,86,5000,0.25,0.01
0.2165,0.0909,ldsc,87,5000,0.25,0.01
0.0383,0.0898,ldsc,88,5000,0.25,0.01
0.1208,0.0936,ldsc,89,5000,0.25,0.01
0.3093,0.0952,ldsc,90,5000,0.25,0.01
0.4231,0.1023,ldsc,91,5000,0.25,0.01
0.2212,0.1107,ldsc,92,5000,0.25,0.01
0.2522,0.1039,ldsc,93,5000,0.25,0.01
0.3044,0.0934,ldsc,94,5000,0.25,0.01
0.2842,0.0972,ldsc,95,5000,0.25,0.01
0.2305,0.0911,ldsc,96,5000,0.25,0.01
0.2472,0.1,ldsc,97,5000,0.25,0.01
0.0914,0.0953,ldsc,98,5000,0.25,0.01
0.2295,0.0969,ldsc,99,5000,0.25,0.01
0.3334,0.0981,ldsc,0,10000,0.25,0.01
0.2238,0.1026,ldsc,1,10000,0.25,0.01
0.301,0.0982,ldsc,2,10000,0.25,0.01
0.3369,0.0927,ldsc,3,10000,0.25,0.01
0.3345,0.0967,ldsc,4,10000,0.25,0.01
0.4425,0.1024,ldsc,5,10000,0.25,0.01
0.0961,0.0927,ldsc,6,10000,0.25,0.01
0.5075,0.0968,ldsc,7,10000,0.25,0.01
0.311,0.1004,ldsc,8,10000,0.25,0.01
0.2374,0.0981,ldsc,9,10000,0.25,0.01
0.3567,0.0996,ldsc,10,10000,0.25,0.01
0.201,0.0997,ldsc,11,10000,0.25,0.01
0.1382,0.0926,ldsc,12,10000,0.25,0.01
0.5071,0.1025,ldsc,13,10000,0.25,0.01
0.1555,0.0909,ldsc,14,10000,0.25,0.01
0.1572,0.0985,ldsc,15,10000,0.25,0.01
0.3155,0.0922,ldsc,16,10000,0.25,0.01
0.4347,0.1023,ldsc,17,10000,0.25,0.01
0.3082,0.0938,ldsc,18,10000,0.25,0.01
0.2566,0.0946,ldsc,19,10000,0.25,0.01
0.1985,0.0942,ldsc,20,10000,0.25,0.01
0.3295,0.0965,ldsc,21,10000,0.25,0.01
0.2266,0.093,ldsc,22,10000,0.25,0.01
0.309,0.0924,ldsc,23,10000,0.25,0.01
0.2861,0.0912,ldsc,24,10000,0.25,0.01
0.2042,0.0928,ldsc,25,10000,0.25,0.01
0.1324,0.0901,ldsc,26,10000,0.25,0.01
0.2883,0.0979,ldsc,27,10000,0.25,0.01
0.2432,0.0954,ldsc,28,10000,0.25,0.01
0.3266,0.0947,ldsc,29,10000,0.25,0.01
0.1976,0.0939,ldsc,30,10000,0.25,0.01
0.286,0.1071,ldsc,31,10000,0.25,0.01
0.0075,0.0981,ldsc,32,10000,0.25,0.01
0.0561,0.0905,ldsc,33,10000,0.25,0.01
0.2164,0.0934,ldsc,34,10000,0.25,0.01
0.278,0.0974,ldsc,35,10000,0.25,0.01
0.2132,0.1048,ldsc,36,10000,0.25,0.01
0.3836,0.1041,ldsc,37,10000,0.25,0.01
0.3231,0.0948,ldsc,38,10000,0.25,0.01
0.3612,0.1034,ldsc,39,10000,0.25,0.01
0.4322,0.0957,ldsc,40,10000,0.25,0.01
0.1642,0.1019,ldsc,41,10000,0.25,0.01
0.3834,0.0962,ldsc,42,10000,0.25,0.01
0.3841,0.1018,ldsc,43,10000,0.25,0.01
0.1843,0.0998,ldsc,44,10000,0.25,0.01
0.3244,0.0992,ldsc,45,10000,0.25,0.01
0.0309,0.1004,ldsc,46,10000,0.25,0.01
0.1504,0.0961,ldsc,47,10000,0.25,0.01
0.4048,0.0948,ldsc,48,10000,0.25,0.01
0.3024,0.0961,ldsc,49,10000,0.25,0.01
0.3417,0.0985,ldsc,50,10000,0.25,0.01
0.4106,0.0949,ldsc,51,10000,0.25,0.01
0.0306,0.0905,ldsc,52,10000,0.25,0.01
0.4543,0.1014,ldsc,53,10000,0.25,0.01
0.1694,0.0912,ldsc,54,10000,0.25,0.01
0.3858,0.0983,ldsc,55,10000,0.25,0.01
0.2548,0.0965,ldsc,56,10000,0.25,0.01
0.1138,0.0962,ldsc,57,10000,0.25,0.01
0.2511,0.1035,ldsc,58,10000,0.25,0.01
0.2173,0.0927,ldsc,59,10000,0.25,0.01
0.3261,0.1053,ldsc,60,10000,0.25,0.01
0.124,0.0897,ldsc,61,10000,0.25,0.01
0.2121,0.0938,ldsc,62,10000,0.25,0.01
0.3194,0.0989,ldsc,63,10000,0.25,0.01
0.2518,0.093,ldsc,64,10000,0.25,0.01
0.3252,0.0964,ldsc,65,10000,0.25,0.01
0.4105,0.0964,ldsc,66,10000,0.25,0.01
-0.0266,0.0951,ldsc,67,10000,0.25,0.01
0.3696,0.1093,ldsc,68,10000,0.25,0.01
0.2254,0.1021,ldsc,69,10000,0.25,0.01
0.2815,0.1033,ldsc,70,10000,0.25,0.01
0.1982,0.0964,ldsc,71,10000,0.25,0.01
0.247,0.0973,ldsc,72,10000,0.25,0.01
0.192,0.0878,ldsc,73,10000,0.25,0.01
0.2704,0.0979,ldsc,74,10000,0.25,0.01
0.4647,0.0992,ldsc,75,10000,0.25,0.01
0.2017,0.0917,ldsc,76,10000,0.25,0.01
0.1874,0.0931,ldsc,77,10000,0.25,0.01
0.1254,0.1009,ldsc,78,10000,0.25,0.01
0.2484,0.1123,ldsc,79,10000,0.25,0.01
0.1484,0.0961,ldsc,80,10000,0.25,0.01
0.4271,0.0984,ldsc,81,10000,0.25,0.01
0.0723,0.0867,ldsc,82,10000,0.25,0.01
0.1648,0.1069,ldsc,83,10000,0.25,0.01
0.0522,0.0986,ldsc,84,10000,0.25,0.01
0.2935,0.1021,ldsc,85,10000,0.25,0.01
0.2948,0.1043,ldsc,86,10000,0.25,0.01
0.2157,0.09,ldsc,87,10000,0.25,0.01
0.0407,0.0884,ldsc,88,10000,0.25,0.01
0.1186,0.0923,ldsc,89,10000,0.25,0.01
0.3055,0.0942,ldsc,90,10000,0.25,0.01
0.4154,0.0997,ldsc,91,10000,0.25,0.01
0.2196,0.1095,ldsc,92,10000,0.25,0.01
0.2503,0.1027,ldsc,93,10000,0.25,0.01
0.3009,0.0924,ldsc,94,10000,0.25,0.01
0.2799,0.0963,ldsc,95,10000,0.25,0.01
0.227,0.0895,ldsc,96,10000,0.25,0.01
0.2435,0.0985,ldsc,97,10000,0.25,0.01
0.091,0.094,ldsc,98,10000,0.25,0.01
0.2229,0.0961,ldsc,99,10000,0.25,0.01
0.3323,0.098,ldsc,0,20000,0.25,0.01
0.2235,0.1026,ldsc,1,20000,0.25,0.01
0.301,0.0981,ldsc,2,20000,0.25,0.01
0.3371,0.0925,ldsc,3,20000,0.25,0.01
0.334,0.0966,ldsc,4,20000,0.25,0.01
0.4436,0.1023,ldsc,5,20000,0.25,0.01
0.0964,0.0926,ldsc,6,20000,0.25,0.01
0.5064,0.0967,ldsc,7,20000,0.25,0.01
0.312,0.1002,ldsc,8,20000,0.25,0.01
0.2359,0.0981,ldsc,9,20000,0.25,0.01
0.3569,0.0994,ldsc,10,20000,0.25,0.01
0.2018,0.0996,ldsc,11,20000,0.25,0.01
0.1397,0.0926,ldsc,12,20000,0.25,0.01
0.5076,0.1024,ldsc,13,20000,0.25,0.01
0.1566,0.0908,ldsc,14,20000,0.25,0.01
0.1578,0.0985,ldsc,15,20000,0.25,0.01
0.315,0.0921,ldsc,16,20000,0.25,0.01
0.4345,0.1022,ldsc,17,20000,0.25,0.01
0.3094,0.0938,ldsc,18,20000,0.25,0.01
0.2559,0.0946,ldsc,19,20000,0.25,0.01
0.1994,0.0942,ldsc,20,20000,0.25,0.01
0.3305,0.0964,ldsc,21,20000,0.25,0.01
0.229,0.0929,ldsc,22,20000,0.25,0.01
0.3087,0.0923,ldsc,23,20000,0.25,0.01
0.2835,0.0912,ldsc,24,20000,0.25,0.01
0.2046,0.0927,ldsc,25,20000,0.25,0.01
0.1312,0.09,ldsc,26,20000,0.25,0.01
0.2863,0.0978,ldsc,27,20000,0.25,0.01
0.2431,0.0953,ldsc,28,20000,0.25,0.01
0.3259,0.0945,ldsc,29,20000,0.25,0.01
0.1953,0.0938,ldsc,30,20000,0.25,0.01
0.2864,0.107,ldsc,31,20000,0.25,0.01
0.0078,0.098,ldsc,32,20000,0.25,0.01
0.0541,0.0905,ldsc,33,20000,0.25,0.01
0.2153,0.0934,ldsc,34,20000,0.25,0.01
0.2798,0.0973,ldsc,35,20000,0.25,0.01
0.2127,0.1048,ldsc,36,20000,0.25,0.01
0.3826,0.104,ldsc,37,20000,0.25,0.01
0.3238,0.0947,ldsc,38,20000,0.25,0.01
0.3605,0.1033,ldsc,39,20000,0.25,0.01
0.4336,0.0956,ldsc,40,20000,0.25,0.01
0.1634,0.1018,ldsc,41,20000,0.25,0.01
0.3825,0.0961,ldsc,42,20000,0.25,0.01
0.383,0.1017,ldsc,43,20000,0.25,0.01
0.1826,0.0997,ldsc,44,20000,0.25,0.01
0.3233,0.0992,ldsc,45,20000,0.25,0.01
0.032,0.1003,ldsc,46,20000,0.25,0.01
0.1499,0.0961,ldsc,47,20000,0.25,0.01
0.4033,0.0948,ldsc,48,20000,0.25,0.01
0.3018,0.0961,ldsc,49,20000,0.25,0.01
0.3429,0.0984,ldsc,50,20000,0.25,0.01
0.4112,0.0948,ldsc,51,20000,0.25,0.01
0.0309,0.0904,ldsc,52,20000,0.25,0.01
0.4533,0.1013,ldsc,53,20000,0.25,0.01
0.1715,0.0913,ldsc,54,20000,0.25,0.01
0.3912,0.0983,ldsc,55,20000,0.25,0.01
0.2535,0.0964,ldsc,56,20000,0.25,0.01
0.1144,0.0961,ldsc,57,20000,0.25,0.01
0.251,0.1034,ldsc,58,20000,0.25,0.01
0.2167,0.0926,ldsc,59,20000,0.25,0.01
0.3283,0.1052,ldsc,60,20000,0.25,0.01
0.1224,0.0897,ldsc,61,20000,0.25,0.01
0.2114,0.0936,ldsc,62,20000,0.25,0.01
0.3168,0.0988,ldsc,63,20000,0.25,0.01
0.2519,0.093,ldsc,64,20000,0.25,0.01
0.3258,0.0963,ldsc,65,20000,0.25,0.01
0.4107,0.0963,ldsc,66,20000,0.25,0.01
-0.0267,0.0951,ldsc,67,20000,0.25,0.01
0.3677,0.1092,ldsc,68,20000,0.25,0.01
0.2244,0.1021,ldsc,69,20000,0.25,0.01
0.2814,0.1033,ldsc,70,20000,0.25,0.01
0.1997,0.0963,ldsc,71,20000,0.25,0.01
0.2471,0.0972,ldsc,72,20000,0.25,0.01
0.1938,0.0878,ldsc,73,20000,0.25,0.01
0.2693,0.0978,ldsc,74,20000,0.25,0.01
0.4625,0.0992,ldsc,75,20000,0.25,0.01
0.2007,0.0917,ldsc,76,20000,0.25,0.01
0.189,0.0931,ldsc,77,20000,0.25,0.01
0.1261,0.1008,ldsc,78,20000,0.25,0.01
0.2505,0.1121,ldsc,79,20000,0.25,0.01
0.1489,0.096,ldsc,80,20000,0.25,0.01
0.4237,0.0983,ldsc,81,20000,0.25,0.01
0.0741,0.0866,ldsc,82,20000,0.25,0.01
0.1641,0.1068,ldsc,83,20000,0.25,0.01
0.0533,0.0986,ldsc,84,20000,0.25,0.01
0.2948,0.1019,ldsc,85,20000,0.25,0.01
0.2958,0.1042,ldsc,86,20000,0.25,0.01
0.217,0.0899,ldsc,87,20000,0.25,0.01
0.0395,0.0883,ldsc,88,20000,0.25,0.01
0.119,0.0923,ldsc,89,20000,0.25,0.01
0.3069,0.0941,ldsc,90,20000,0.25,0.01
0.413,0.0997,ldsc,91,20000,0.25,0.01
0.2196,0.1094,ldsc,92,20000,0.25,0.01
0.2503,0.1026,ldsc,93,20000,0.25,0.01
0.2997,0.0922,ldsc,94,20000,0.25,0.01
0.2788,0.0962,ldsc,95,20000,0.25,0.01
0.2274,0.0894,ldsc,96,20000,0.25,0.01
0.2458,0.0984,ldsc,97,20000,0.25,0.01
0.0923,0.0938,ldsc,98,20000,0.25,0.01
0.2214,0.096,ldsc,99,20000,0.25,0.01
0.332,0.098,ldsc,0,30000,0.25,0.01
0.2234,0.1026,ldsc,1,30000,0.25,0.01
0.3007,0.098,ldsc,2,30000,0.25,0.01
0.3382,0.0926,ldsc,3,30000,0.25,0.01
0.3347,0.0966,ldsc,4,30000,0.25,0.01
0.4441,0.1023,ldsc,5,30000,0.25,0.01
0.0962,0.0926,ldsc,6,30000,0.25,0.01
0.5076,0.0967,ldsc,7,30000,0.25,0.01
0.3133,0.1002,ldsc,8,30000,0.25,0.01
0.2343,0.098,ldsc,9,30000,0.25,0.01
0.3564,0.0994,ldsc,10,30000,0.25,0.01
0.203,0.0996,ldsc,11,30000,0.25,0.01
0.1392,0.0925,ldsc,12,30000,0.25,0.01
0.5072,0.1024,ldsc,13,30000,0.25,0.01
0.1548,0.0908,ldsc,14,30000,0.25,0.01
0.1592,0.0985,ldsc,15,30000,0.25,0.01
0.3138,0.0921,ldsc,16,30000,0.25,0.01
0.4348,0.1021,ldsc,17,30000,0.25,0.01
0.3102,0.0938,ldsc,18,30000,0.25,0.01
0.2545,0.0946,ldsc,19,30000,0.25,0.01
0.2002,0.0942,ldsc,20,30000,0.25,0.01
0.3306,0.0964,ldsc,21,30000,0.25,0.01
0.227,0.0929,ldsc,22,30000,0.25,0.01
0.3074,0.0923,ldsc,23,30000,0.25,0.01
0.2838,0.0912,ldsc,24,30000,0.25,0.01
0.2034,0.0927,ldsc,25,30000,0.25,0.01
0.1335,0.0899,ldsc,26,30000,0.25,0.01
0.2841,0.0977,ldsc,27,30000,0.25,0.01
0.2423,0.0953,ldsc,28,30000,0.25,0.01
0.3262,0.0945,ldsc,29,30000,0.25,0.01
0.196,0.0938,ldsc,30,30000,0.25,0.01
0.2868,0.107,ldsc,31,30000,0.25,0.01
0.0074,0.098,ldsc,32,30000,0.25,0.01
0.0532,0.0906,ldsc,33,30000,0.25,0.01
0.2173,0.0934,ldsc,34,30000,0.25,0.01
0.2801,0.0973,ldsc,35,30000,0.25,0.01
0.2115,0.1048,ldsc,36,30000,0.25,0.01
0.3812,0.104,ldsc,37,30000,0.25,0.01
0.3224,0.0946,ldsc,38,30000,0.25,0.01
0.3596,0.1033,ldsc,39,30000,0.25,0.01
0.4336,0.0955,ldsc,40,30000,0.25,0.01
0.1657,0.1017,ldsc,41,30000,0.25,0.01
0.3828,0.0961,ldsc,42,30000,0.25,0.01
0.383,0.1017,ldsc,43,30000,0.25,0.01
0.1818,0.0997,ldsc,44,30000,0.25,0.01
0.324,0.0992,ldsc,45,30000,0.25,0.01
0.0326,0.1002,ldsc,46,30000,0.25,0.01
0.1497,0.0961,ldsc,47,30000,0.25,0.01
0.4042,0.0948,ldsc,48,30000,0.25,0.01
0.3021,0.096,ldsc,49,30000,0.25,0.01
0.3464,0.0984,ldsc,50,30000,0.25,0.01
0.4124,0.0947,ldsc,51,30000,0.25,0.01
0.0294,0.0904,ldsc,52,30000,0.25,0.01
0.4525,0.1014,ldsc,53,30000,0.25,0.01
0.1684,0.0913,ldsc,54,30000,0.25,0.01
0.3895,0.0982,ldsc,55,30000,0.25,0.01
0.2523,0.0963,ldsc,56,30000,0.25,0.01
0.115,0.0961,ldsc,57,30000,0.25,0.01
0.2506,0.1034,ldsc,58,30000,0.25,0.01
0.2178,0.0925,ldsc,59,30000,0.25,0.01
0.3273,0.1051,ldsc,60,30000,0.25,0.01
0.1225,0.0897,ldsc,61,30000,0.25,0.01
0.2105,0.0936,ldsc,62,30000,0.25,0.01
0.3168,0.0988,ldsc,63,30000,0.25,0.01
0.2514,0.0929,ldsc,64,30000,0.25,0.01
0.3256,0.0962,ldsc,65,30000,0.25,0.01
0.4098,0.0963,ldsc,66,30000,0.25,0.01
-0.0261,0.095,ldsc,67,30000,0.25,0.01
0.3689,0.1091,ldsc,68,30000,0.25,0.01
0.2234,0.1021,ldsc,69,30000,0.25,0.01
0.283,0.1032,ldsc,70,30000,0.25,0.01
0.1995,0.0963,ldsc,71,30000,0.25,0.01
0.248,0.0973,ldsc,72,30000,0.25,0.01
0.1935,0.0878,ldsc,73,30000,0.25,0.01
0.2668,0.0978,ldsc,74,30000,0.25,0.01
0.4628,0.0992,ldsc,75,30000,0.25,0.01
0.2006,0.0917,ldsc,76,30000,0.25,0.01
0.1898,0.0931,ldsc,77,30000,0.25,0.01
0.126,0.1008,ldsc,78,30000,0.25,0.01
0.2525,0.1121,ldsc,79,30000,0.25,0.01
0.1504,0.096,ldsc,80,30000,0.25,0.01
0.4252,0.0983,ldsc,81,30000,0.25,0.01
0.0746,0.0866,ldsc,82,30000,0.25,0.01
0.1637,0.1068,ldsc,83,30000,0.25,0.01
0.0533,0.0985,ldsc,84,30000,0.25,0.01
0.2963,0.1019,ldsc,85,30000,0.25,0.01
0.2941,0.1043,ldsc,86,30000,0.25,0.01
0.2148,0.0899,ldsc,87,30000,0.25,0.01
0.041,0.0884,ldsc,88,30000,0.25,0.01
0.1197,0.0923,ldsc,89,30000,0.25,0.01
0.3076,0.0941,ldsc,90,30000,0.25,0.01
0.4118,0.0996,ldsc,91,30000,0.25,0.01
0.2208,0.1093,ldsc,92,30000,0.25,0.01
0.2501,0.1026,ldsc,93,30000,0.25,0.01
0.3007,0.0922,ldsc,94,30000,0.25,0.01
0.2798,0.0962,ldsc,95,30000,0.25,0.01
0.2275,0.0894,ldsc,96,30000,0.25,0.01
0.2429,0.0984,ldsc,97,30000,0.25,0.01
0.0929,0.0939,ldsc,98,30000,0.25,0.01
0.2217,0.096,ldsc,99,30000,0.25,0.01
0.3299,0.0982,ldsc,0,50000,0.25,0.01
0.2153,0.1028,ldsc,1,50000,0.25,0.01
0.3032,0.098,ldsc,2,50000,0.25,0.01
0.3428,0.0925,ldsc,3,50000,0.25,0.01
0.3319,0.0966,ldsc,4,50000,0.25,0.01
0.4373,0.1021,ldsc,5,50000,0.25,0.01
0.0925,0.0925,ldsc,6,50000,0.25,0.01
0.5101,0.0965,ldsc,7,50000,0.25,0.01
0.3176,0.1002,ldsc,8,50000,0.25,0.01
0.2302,0.098,ldsc,9,50000,0.25,0.01
0.357,0.0992,ldsc,10,50000,0.25,0.01
0.1996,0.0997,ldsc,11,50000,0.25,0.01
0.1353,0.0926,ldsc,12,50000,0.25,0.01
0.5012,0.1023,ldsc,13,50000,0.25,0.01
0.1545,0.0907,ldsc,14,50000,0.25,0.01
0.1584,0.0983,ldsc,15,50000,0.25,0.01
0.3116,0.092,ldsc,16,50000,0.25,0.01
0.4292,0.1022,ldsc,17,50000,0.25,0.01
0.3047,0.0938,ldsc,18,50000,0.25,0.01
0.2588,0.0947,ldsc,19,50000,0.25,0.01
0.2005,0.0942,ldsc,20,50000,0.25,0.01
0.3284,0.0962,ldsc,21,50000,0.25,0.01
0.2294,0.0928,ldsc,22,50000,0.25,0.01
0.3085,0.0922,ldsc,23,50000,0.25,0.01
0.2853,0.0912,ldsc,24,50000,0.25,0.01
0.2042,0.0926,ldsc,25,50000,0.25,0.01
0.1349,0.0897,ldsc,26,50000,0.25,0.01
0.2867,0.0975,ldsc,27,50000,0.25,0.01
0.239,0.0953,ldsc,28,50000,0.25,0.01
0.3235,0.0946,ldsc,29,50000,0.25,0.01
0.1918,0.0941,ldsc,30,50000,0.25,0.01
0.2907,0.1068,ldsc,31,50000,0.25,0.01
0.008,0.0979,ldsc,32,50000,0.25,0.01
0.0539,0.0903,ldsc,33,50000,0.25,0.01
0.2189,0.0933,ldsc,34,50000,0.25,0.01
0.2849,0.0972,ldsc,35,50000,0.25,0.01
0.2134,0.1047,ldsc,36,50000,0.25,0.01
0.3803,0.104,ldsc,37,50000,0.25,0.01
0.3248,0.0947,ldsc,38,50000,0.25,0.01
0.3611,0.1033,ldsc,39,50000,0.25,0.01
0.4378,0.0956,ldsc,40,50000,0.25,0.01
0.1745,0.1015,ldsc,41,50000,0.25,0.01
0.3885,0.0961,ldsc,42,50000,0.25,0.01
0.3842,0.1016,ldsc,43,50000,0.25,0.01
0.1862,0.0995,ldsc,44,50000,0.25,0.01
0.321,0.0992,ldsc,45,50000,0.25,0.01
0.033,0.1003,ldsc,46,50000,0.25,0.01
0.1513,0.0961,ldsc,47,50000,0.25,0.01
0.4048,0.0948,ldsc,48,50000,0.25,0.01
0.3004,0.0957,ldsc,49,50000,0.25,0.01
0.3447,0.0983,ldsc,50,50000,0.25,0.01
0.4185,0.0945,ldsc,51,50000,0.25,0.01
0.0333,0.0905,ldsc,52,50000,0.25,0.01
0.451,0.101,ldsc,53,50000,0.25,0.01
0.1753,0.0912,ldsc,54,50000,0.25,0.01
0.392,0.0982,ldsc,55,50000,0.25,0.01
0.2533,0.0961,ldsc,56,50000,0.25,0.01
0.1106,0.0961,ldsc,57,50000,0.25,0.01
0.2446,0.1034,ldsc,58,50000,0.25,0.01
0.2167,0.0927,ldsc,59,50000,0.25,0.01
0.3246,0.1051,ldsc,60,50000,0.25,0.01
0.1268,0.0897,ldsc,61,50000,0.25,0.01
0.2104,0.0936,ldsc,62,50000,0.25,0.01
0.3186,0.0986,ldsc,63,50000,0.25,0.01
0.2545,0.0926,ldsc,64,50000,0.25,0.01
0.3253,0.0962,ldsc,65,50000,0.25,0.01
0.4128,0.0962,ldsc,66,50000,0.25,0.01
-0.0305,0.0951,ldsc,67,50000,0.25,0.01
0.3715,0.109,ldsc,68,50000,0.25,0.01
0.2308,0.102,ldsc,69,50000,0.25,0.01
0.2838,0.1032,ldsc,70,50000,0.25,0.01
0.2021,0.0962,ldsc,71,50000,0.25,0.01
0.2486,0.0972,ldsc,72,50000,0.25,0.01
0.1987,0.0876,ldsc,73,50000,0.25,0.01
0.2708,0.0976,ldsc,74,50000,0.25,0.01
0.4598,0.0994,ldsc,75,50000,0.25,0.01
0.2026,0.0917,ldsc,76,50000,0.25,0.01
0.1909,0.093,ldsc,77,50000,0.25,0.01
0.1179,0.1008,ldsc,78,50000,0.25,0.01
0.2506,0.1121,ldsc,79,50000,0.25,0.01
0.1542,0.0959,ldsc,80,50000,0.25,0.01
0.4301,0.0982,ldsc,81,50000,0.25,0.01
0.0774,0.0864,ldsc,82,50000,0.25,0.01
0.1622,0.1068,ldsc,83,50000,0.25,0.01
0.0567,0.0985,ldsc,84,50000,0.25,0.01
0.2956,0.102,ldsc,85,50000,0.25,0.01
0.2975,0.1041,ldsc,86,50000,0.25,0.01
0.2114,0.0899,ldsc,87,50000,0.25,0.01
0.0412,0.0883,ldsc,88,50000,0.25,0.01
0.1187,0.0922,ldsc,89,50000,0.25,0.01
0.3075,0.0942,ldsc,90,50000,0.25,0.01
0.4122,0.0995,ldsc,91,50000,0.25,0.01
0.2171,0.1093,ldsc,92,50000,0.25,0.01
0.2533,0.1025,ldsc,93,50000,0.25,0.01
0.2962,0.092,ldsc,94,50000,0.25,0.01
0.28,0.0964,ldsc,95,50000,0.25,0.01
0.2291,0.0893,ldsc,96,50000,0.25,0.01
0.2359,0.0983,ldsc,97,50000,0.25,0.01
0.0949,0.0938,ldsc,98,50000,0.25,0.01
0.2191,0.0959,ldsc,99,50000,0.25,0.01
0.5167,0.0985,ldsc,0,1000,0.4,1.0
0.3511,0.1038,ldsc,1,1000,0.4,1.0
0.3125,0.1017,ldsc,2,1000,0.4,1.0
0.4215,0.1038,ldsc,3,1000,0.4,1.0
0.3025,0.1013,ldsc,4,1000,0.4,1.0
0.7477,0.1047,ldsc,5,1000,0.4,1.0
0.3209,0.1008,ldsc,6,1000,0.4,1.0
0.4516,0.1084,ldsc,7,1000,0.4,1.0
0.3013,0.1069,ldsc,8,1000,0.4,1.0
0.5307,0.1031,ldsc,9,1000,0.4,1.0
0.428,0.1216,ldsc,10,1000,0.4,1.0
0.1541,0.0951,ldsc,11,1000,0.4,1.0
0.4852,0.1133,ldsc,12,1000,0.4,1.0
0.377,0.1012,ldsc,13,1000,0.4,1.0
0.5016,0.1042,ldsc,14,1000,0.4,1.0
0.3464,0.1053,ldsc,15,1000,0.4,1.0
0.4834,0.0994,ldsc,16,1000,0.4,1.0
0.4906,0.1038,ldsc,17,1000,0.4,1.0
0.4188,0.1154,ldsc,18,1000,0.4,1.0
0.4527,0.104,ldsc,19,1000,0.4,1.0
0.5026,0.1061,ldsc,20,1000,0.4,1.0
0.3533,0.1063,ldsc,21,1000,0.4,1.0
0.5047,0.1055,ldsc,22,1000,0.4,1.0
0.4418,0.0965,ldsc,23,1000,0.4,1.0
0.4269,0.1026,ldsc,24,1000,0.4,1.0
0.232,0.1024,ldsc,25,1000,0.4,1.0
0.4078,0.1114,ldsc,26,1000,0.4,1.0
0.1811,0.0976,ldsc,27,1000,0.4,1.0
0.5327,0.0991,ldsc,28,1000,0.4,1.0
0.443,0.1006,ldsc,29,1000,0.4,1.0
0.3329,0.105,ldsc,30,1000,0.4,1.0
0.3199,0.104,ldsc,31,1000,0.4,1.0
0.3812,0.1021,ldsc,32,1000,0.4,1.0
0.5042,0.1098,ldsc,33,1000,0.4,1.0
0.202,0.1017,ldsc,34,1000,0.4,1.0
0.3881,0.1012,ldsc,35,1000,0.4,1.0
0.1794,0.1036,ldsc,36,1000,0.4,1.0
0.5636,0.0972,ldsc,37,1000,0.4,1.0
0.4301,0.1035,ldsc,38,1000,0.4,1.0
0.4116,0.1067,ldsc,39,1000,0.4,1.0
0.3313,0.1036,ldsc,40,1000,0.4,1.0
0.4327,0.1065,ldsc,41,1000,0.4,1.0
0.1862,0.1072,ldsc,42,1000,0.4,1.0
0.4796,0.1008,ldsc,43,1000,0.4,1.0
0.4576,0.1106,ldsc,44,1000,0.4,1.0
0.4518,0.1047,ldsc,45,1000,0.4,1.0
0.3513,0.1019,ldsc,46,1000,0.4,1.0
0.511,0.1047,ldsc,47,1000,0.4,1.0
0.509,0.1059,ldsc,48,1000,0.4,1.0
0.3317,0.1083,ldsc,49,1000,0.4,1.0
0.4047,0.1022,ldsc,50,1000,0.4,1.0
0.585,0.1014,ldsc,51,1000,0.4,1.0
0.5721,0.1049,ldsc,52,1000,0.4,1.0
0.4074,0.1099,ldsc,53,1000,0.4,1.0
0.5541,0.1043,ldsc,54,1000,0.4,1.0
0.4574,0.1043,ldsc,55,1000,0.4,1.0
0.3329,0.096,ldsc,56,1000,0.4,1.0
0.54,0.1264,ldsc,57,1000,0.4,1.0
0.527,0.1047,ldsc,58,1000,0.4,1.0
0.3694,0.1068,ldsc,59,1000,0.4,1.0
0.464,0.1073,ldsc,60,1000,0.4,1.0
0.2966,0.108,ldsc,61,1000,0.4,1.0
0.6352,0.1015,ldsc,62,1000,0.4,1.0
0.4191,0.1066,ldsc,63,1000,0.4,1.0
0.5148,0.1088,ldsc,64,1000,0.4,1.0
0.6818,0.1097,ldsc,65,1000,0.4,1.0
0.1545,0.0983,ldsc,66,1000,0.4,1.0
0.6089,0.1017,ldsc,67,1000,0.4,1.0
0.5412,0.0991,ldsc,68,1000,0.4,1.0
0.3866,0.1061,ldsc,69,1000,0.4,1.0
0.5079,0.1133,ldsc,70,1000,0.4,1.0
0.3809,0.1023,ldsc,71,1000,0.4,1.0
0.4175,0.1041,ldsc,72,1000,0.4,1.0
0.4035,0.1029,ldsc,73,1000,0.4,1.0
0.4945,0.1059,ldsc,74,1000,0.4,1.0
0.4999,0.1025,ldsc,75,1000,0.4,1.0
0.6027,0.1159,ldsc,76,1000,0.4,1.0
0.6278,0.1068,ldsc,77,1000,0.4,1.0
0.4103,0.1046,ldsc,78,1000,0.4,1.0
0.5332,0.106,ldsc,79,1000,0.4,1.0
0.5197,0.105,ldsc,80,1000,0.4,1.0
0.537,0.1086,ldsc,81,1000,0.4,1.0
0.4874,0.1002,ldsc,82,1000,0.4,1.0
0.345,0.0964,ldsc,83,1000,0.4,1.0
0.3043,0.1054,ldsc,84,1000,0.4,1.0
0.432,0.1029,ldsc,85,1000,0.4,1.0
0.5339,0.1016,ldsc,86,1000,0.4,1.0
0.4514,0.1013,ldsc,87,1000,0.4,1.0
0.4118,0.1056,ldsc,88,1000,0.4,1.0
0.4428,0.1039,ldsc,89,1000,0.4,1.0
0.3197,0.0928,ldsc,90,1000,0.4,1.0
0.3885,0.1012,ldsc,91,1000,0.4,1.0
0.3065,0.0983,ldsc,92,1000,0.4,1.0
0.4608,0.1247,ldsc,93,1000,0.4,1.0
0.2579,0.1037,ldsc,94,1000,0.4,1.0
0.4691,0.1053,ldsc,95,1000,0.4,1.0
0.572,0.1018,ldsc,96,1000,0.4,1.0
0.4794,0.1196,ldsc,97,1000,0.4,1.0
0.411,0.1023,ldsc,98,1000,0.4,1.0
0.6746,0.1067,ldsc,99,1000,0.4,1.0
0.4991,0.0963,ldsc,0,2000,0.4,1.0
0.3476,0.1017,ldsc,1,2000,0.4,1.0
0.3037,0.0992,ldsc,2,2000,0.4,1.0
0.4096,0.1018,ldsc,3,2000,0.4,1.0
0.2983,0.0989,ldsc,4,2000,0.4,1.0
0.7249,0.1019,ldsc,5,2000,0.4,1.0
0.3174,0.0985,ldsc,6,2000,0.4,1.0
0.444,0.1061,ldsc,7,2000,0.4,1.0
0.2918,0.1049,ldsc,8,2000,0.4,1.0
0.519,0.1007,ldsc,9,2000,0.4,1.0
0.4164,0.1181,ldsc,10,2000,0.4,1.0
0.1516,0.0932,ldsc,11,2000,0.4,1.0
0.4758,0.1106,ldsc,12,2000,0.4,1.0
0.3697,0.099,ldsc,13,2000,0.4,1.0
0.4931,0.1016,ldsc,14,2000,0.4,1.0
0.3395,0.1031,ldsc,15,2000,0.4,1.0
0.4746,0.097,ldsc,16,2000,0.4,1.0
0.4835,0.1016,ldsc,17,2000,0.4,1.0
0.4057,0.1127,ldsc,18,2000,0.4,1.0
0.4384,0.1022,ldsc,19,2000,0.4,1.0
0.4981,0.104,ldsc,20,2000,0.4,1.0
0.3422,0.1042,ldsc,21,2000,0.4,1.0
0.4895,0.1029,ldsc,22,2000,0.4,1.0
0.4335,0.0944,ldsc,23,2000,0.4,1.0
0.4197,0.1001,ldsc,24,2000,0.4,1.0
0.2222,0.0999,ldsc,25,2000,0.4,1.0
0.3973,0.1092,ldsc,26,2000,0.4,1.0
0.1806,0.0953,ldsc,27,2000,0.4,1.0
0.5209,0.0971,ldsc,28,2000,0.4,1.0
0.4363,0.0984,ldsc,29,2000,0.4,1.0
0.3264,0.1023,ldsc,30,2000,0.4,1.0
0.317,0.1019,ldsc,31,2000,0.4,1.0
0.377,0.0997,ldsc,32,2000,0.4,1.0
0.4909,0.1066,ldsc,33,2000,0.4,1.0
0.2008,0.099,ldsc,34,2000,0.4,1.0
0.3788,0.0986,ldsc,35,2000,0.4,1.0
0.174,0.1014,ldsc,36,2000,0.4,1.0
0.5542,0.0952,ldsc,37,2000,0.4,1.0
0.4267,0.1013,ldsc,38,2000,0.4,1.0
0.403,0.1043,ldsc,39,2000,0.4,1.0
0.3291,0.1015,ldsc,40,2000,0.4,1.0
0.4234,0.1043,ldsc,41,2000,0.4,1.0
0.1781,0.1053,ldsc,42,2000,0.4,1.0
0.4724,0.0986,ldsc,43,2000,0.4,1.0
0.4527,0.1085,ldsc,44,2000,0.4,1.0
0.4373,0.1028,ldsc,45,2000,0.4,1.0
0.3459,0.1,ldsc,46,2000,0.4,1.0
0.4956,0.1029,ldsc,47,2000,0.4,1.0
0.4972,0.1036,ldsc,48,2000,0.4,1.0
0.3242,0.1061,ldsc,49,2000,0.4,1.0
0.3952,0.0999,ldsc,50,2000,0.4,1.0
0.5723,0.099,ldsc,51,2000,0.4,1.0
0.5584,0.1023,ldsc,52,2000,0.4,1.0
0.3978,0.1076,ldsc,53,2000,0.4,1.0
0.5408,0.1015,ldsc,54,2000,0.4,1.0
0.4403,0.1016,ldsc,55,2000,0.4,1.0
0.331,0.0941,ldsc,56,2000,0.4,1.0
0.5266,0.1217,ldsc,57,2000,0.4,1.0
0.5163,0.1023,ldsc,58,2000,0.4,1.0
0.3666,0.1045,ldsc,59,2000,0.4,1.0
0.4527,0.1047,ldsc,60,2000,0.4,1.0
0.29,0.1057,ldsc,61,2000,0.4,1.0
0.6203,0.0994,ldsc,62,2000,0.4,1.0
0.4121,0.1046,ldsc,63,2000,0.4,1.0
0.5043,0.1063,ldsc,64,2000,0.4,1.0
0.6693,0.1075,ldsc,65,2000,0.4,1.0
0.1482,0.0963,ldsc,66,2000,0.4,1.0
0.5903,0.0994,ldsc,67,2000,0.4,1.0
0.5287,0.0972,ldsc,68,2000,0.4,1.0
0.372,0.1039,ldsc,69,2000,0.4,1.0
0.5006,0.1108,ldsc,70,2000,0.4,1.0
0.3705,0.1003,ldsc,71,2000,0.4,1.0
0.4125,0.102,ldsc,72,2000,0.4,1.0
0.3977,0.1007,ldsc,73,2000,0.4,1.0
0.4857,0.1038,ldsc,74,2000,0.4,1.0
0.4891,0.1003,ldsc,75,2000,0.4,1.0
0.5892,0.1125,ldsc,76,2000,0.4,1.0
0.6227,0.1048,ldsc,77,2000,0.4,1.0
0.4035,0.1024,ldsc,78,2000,0.4,1.0
0.5195,0.1034,ldsc,79,2000,0.4,1.0
0.5061,0.1029,ldsc,80,2000,0.4,1.0
0.5298,0.1065,ldsc,81,2000,0.4,1.0
0.477,0.0985,ldsc,82,2000,0.4,1.0
0.3369,0.0946,ldsc,83,2000,0.4,1.0
0.2971,0.103,ldsc,84,2000,0.4,1.0
0.4211,0.1005,ldsc,85,2000,0.4,1.0
0.5247,0.0996,ldsc,86,2000,0.4,1.0
0.4434,0.0994,ldsc,87,2000,0.4,1.0
0.4085,0.1038,ldsc,88,2000,0.4,1.0
0.4285,0.1014,ldsc,89,2000,0.4,1.0
0.3164,0.0906,ldsc,90,2000,0.4,1.0
0.3778,0.0987,ldsc,91,2000,0.4,1.0
0.2963,0.0962,ldsc,92,2000,0.4,1.0
0.4492,0.1219,ldsc,93,2000,0.4,1.0
0.2518,0.1015,ldsc,94,2000,0.4,1.0
0.456,0.103,ldsc,95,2000,0.4,1.0
0.5668,0.1003,ldsc,96,2000,0.4,1.0
0.4702,0.1153,ldsc,97,2000,0.4,1.0
0.4033,0.1,ldsc,98,2000,0.4,1.0
0.6561,0.1036,ldsc,99,2000,0.4,1.0
0.494,0.0956,ldsc,0,3000,0.4,1.0
0.3467,0.101,ldsc,1,3000,0.4,1.0
0.3015,0.0984,ldsc,2,3000,0.4,1.0
0.4058,0.1013,ldsc,3,3000,0.4,1.0
0.2952,0.0983,ldsc,4,3000,0.4,1.0
0.7194,0.101,ldsc,5,3000,0.4,1.0
0.3156,0.0979,ldsc,6,3000,0.4,1.0
0.4428,0.1053,ldsc,7,3000,0.4,1.0
0.2872,0.1044,ldsc,8,3000,0.4,1.0
0.517,0.1001,ldsc,9,3000,0.4,1.0
0.4128,0.117,ldsc,10,3000,0.4,1.0
0.1505,0.0926,ldsc,11,3000,0.4,1.0
0.4714,0.1098,ldsc,12,3000,0.4,1.0
0.3673,0.0983,ldsc,13,3000,0.4,1.0
0.489,0.1009,ldsc,14,3000,0.4,1.0
0.3366,0.1024,ldsc,15,3000,0.4,1.0
0.4717,0.0964,ldsc,16,3000,0.4,1.0
0.4803,0.1009,ldsc,17,3000,0.4,1.0
0.4028,0.1118,ldsc,18,3000,0.4,1.0
0.4344,0.1016,ldsc,19,3000,0.4,1.0
0.4958,0.1034,ldsc,20,3000,0.4,1.0
0.3391,0.1035,ldsc,21,3000,0.4,1.0
0.4859,0.1022,ldsc,22,3000,0.4,1.0
0.4309,0.0938,ldsc,23,3000,0.4,1.0
0.4172,0.0995,ldsc,24,3000,0.4,1.0
0.2186,0.0992,ldsc,25,3000,0.4,1.0
0.3934,0.1086,ldsc,26,3000,0.4,1.0
0.179,0.0946,ldsc,27,3000,0.4,1.0
0.5167,0.0966,ldsc,28,3000,0.4,1.0
0.435,0.0978,ldsc,29,3000,0.4,1.0
0.326,0.1014,ldsc,30,3000,0.4,1.0
0.3154,0.1013,ldsc,31,3000,0.4,1.0
0.3764,0.0989,ldsc,32,3000,0.4,1.0
0.4868,0.1057,ldsc,33,3000,0.4,1.0
0.2001,0.0982,ldsc,34,3000,0.4,1.0
0.3764,0.0978,ldsc,35,3000,0.4,1.0
0.1723,0.1007,ldsc,36,3000,0.4,1.0
0.5515,0.0946,ldsc,37,3000,0.4,1.0
0.4252,0.1007,ldsc,38,3000,0.4,1.0
0.4013,0.1037,ldsc,39,3000,0.4,1.0
0.329,0.1009,ldsc,40,3000,0.4,1.0
0.4217,0.1037,ldsc,41,3000,0.4,1.0
0.176,0.1047,ldsc,42,3000,0.4,1.0
0.4688,0.0979,ldsc,43,3000,0.4,1.0
0.4525,0.1079,ldsc,44,3000,0.4,1.0
0.4335,0.1023,ldsc,45,3000,0.4,1.0
0.3448,0.0994,ldsc,46,3000,0.4,1.0
0.4905,0.1024,ldsc,47,3000,0.4,1.0
0.4923,0.1029,ldsc,48,3000,0.4,1.0
0.3232,0.1055,ldsc,49,3000,0.4,1.0
0.3934,0.0991,ldsc,50,3000,0.4,1.0
0.5684,0.0984,ldsc,51,3000,0.4,1.0
0.5555,0.1016,ldsc,52,3000,0.4,1.0
0.3953,0.1069,ldsc,53,3000,0.4,1.0
0.5367,0.1006,ldsc,54,3000,0.4,1.0
0.436,0.1008,ldsc,55,3000,0.4,1.0
0.33,0.0935,ldsc,56,3000,0.4,1.0
0.5228,0.1206,ldsc,57,3000,0.4,1.0
0.5127,0.1016,ldsc,58,3000,0.4,1.0
0.3664,0.1037,ldsc,59,3000,0.4,1.0
0.4493,0.1039,ldsc,60,3000,0.4,1.0
0.2896,0.105,ldsc,61,3000,0.4,1.0
0.6151,0.0988,ldsc,62,3000,0.4,1.0
0.4094,0.1039,ldsc,63,3000,0.4,1.0
0.4997,0.1055,ldsc,64,3000,0.4,1.0
0.6652,0.107,ldsc,65,3000,0.4,1.0
0.1465,0.0956,ldsc,66,3000,0.4,1.0
0.5863,0.0988,ldsc,67,3000,0.4,1.0
0.5266,0.0966,ldsc,68,3000,0.4,1.0
0.3692,0.1033,ldsc,69,3000,0.4,1.0
0.4982,0.11,ldsc,70,3000,0.4,1.0
0.3676,0.0997,ldsc,71,3000,0.4,1.0
0.409,0.1015,ldsc,72,3000,0.4,1.0
0.3956,0.1,ldsc,73,3000,0.4,1.0
0.4834,0.1033,ldsc,74,3000,0.4,1.0
0.485,0.0997,ldsc,75,3000,0.4,1.0
0.585,0.1117,ldsc,76,3000,0.4,1.0
0.6208,0.1042,ldsc,77,3000,0.4,1.0
0.4021,0.1017,ldsc,78,3000,0.4,1.0
0.5155,0.1026,ldsc,79,3000,0.4,1.0
0.5007,0.1024,ldsc,80,3000,0.4,1.0
0.528,0.1059,ldsc,81,3000,0.4,1.0
0.4741,0.098,ldsc,82,3000,0.4,1.0
0.334,0.094,ldsc,83,3000,0.4,1.0
0.2939,0.1023,ldsc,84,3000,0.4,1.0
0.4186,0.0998,ldsc,85,3000,0.4,1.0
0.5207,0.099,ldsc,86,3000,0.4,1.0
0.4402,0.0988,ldsc,87,3000,0.4,1.0
0.4072,0.1032,ldsc,88,3000,0.4,1.0
0.4249,0.1007,ldsc,89,3000,0.4,1.0
0.3145,0.09,ldsc,90,3000,0.4,1.0
0.3756,0.0981,ldsc,91,3000,0.4,1.0
0.2943,0.0956,ldsc,92,3000,0.4,1.0
0.4441,0.1208,ldsc,93,3000,0.4,1.0
0.2503,0.1008,ldsc,94,3000,0.4,1.0
0.4533,0.1024,ldsc,95,3000,0.4,1.0
0.5658,0.0998,ldsc,96,3000,0.4,1.0
0.4682,0.114,ldsc,97,3000,0.4,1.0
0.4006,0.0994,ldsc,98,3000,0.4,1.0
0.6515,0.1028,ldsc,99,3000,0.4,1.0
0.4845,0.0949,ldsc,0,5000,0.4,1.0
0.3447,0.0999,ldsc,1,5000,0.4,1.0
0.2955,0.0971,ldsc,2,5000,0.4,1.0
0.4014,0.1003,ldsc,3,5000,0.4,1.0
0.2934,0.0974,ldsc,4,5000,0.4,1.0
0.7139,0.1,ldsc,5,5000,0.4,1.0
0.3134,0.0972,ldsc,6,5000,0.4,1.0
0.441,0.1044,ldsc,7,5000,0.4,1.0
0.2817,0.1037,ldsc,8,5000,0.4,1.0
0.5159,0.0992,ldsc,9,5000,0.4,1.0
0.4023,0.1137,ldsc,10,5000,0.4,1.0
0.1493,0.0916,ldsc,11,5000,0.4,1.0
0.4632,0.1087,ldsc,12,5000,0.4,1.0
0.363,0.0974,ldsc,13,5000,0.4,1.0
0.4845,0.1,ldsc,14,5000,0.4,1.0
0.3347,0.1016,ldsc,15,5000,0.4,1.0
0.4669,0.0955,ldsc,16,5000,0.4,1.0
0.4802,0.1001,ldsc,17,5000,0.4,1.0
0.3957,0.1101,ldsc,18,5000,0.4,1.0
0.4282,0.1008,ldsc,19,5000,0.4,1.0
0.4938,0.1029,ldsc,20,5000,0.4,1.0
0.3363,0.1028,ldsc,21,5000,0.4,1.0
0.4843,0.1013,ldsc,22,5000,0.4,1.0
0.4264,0.0928,ldsc,23,5000,0.4,1.0
0.4093,0.0982,ldsc,24,5000,0.4,1.0
0.2164,0.0982,ldsc,25,5000,0.4,1.0
0.3886,0.1079,ldsc,26,5000,0.4,1.0
0.1768,0.0938,ldsc,27,5000,0.4,1.0
0.5157,0.0961,ldsc,28,5000,0.4,1.0
0.4362,0.0971,ldsc,29,5000,0.4,1.0
0.3221,0.1001,ldsc,30,5000,0.4,1.0
0.3136,0.1003,ldsc,31,5000,0.4,1.0
0.3687,0.0977,ldsc,32,5000,0.4,1.0
0.4801,0.1039,ldsc,33,5000,0.4,1.0
0.1968,0.0969,ldsc,34,5000,0.4,1.0
0.3738,0.0969,ldsc,35,5000,0.4,1.0
0.1685,0.0996,ldsc,36,5000,0.4,1.0
0.5465,0.094,ldsc,37,5000,0.4,1.0
0.4274,0.1003,ldsc,38,5000,0.4,1.0
0.3972,0.1029,ldsc,39,5000,0.4,1.0
0.331,0.1,ldsc,40,5000,0.4,1.0
0.4223,0.1029,ldsc,41,5000,0.4,1.0
0.1734,0.104,ldsc,42,5000,0.4,1.0
0.4661,0.0971,ldsc,43,5000,0.4,1.0
0.4503,0.1071,ldsc,44,5000,0.4,1.0
0.4294,0.1016,ldsc,45,5000,0.4,1.0
0.3413,0.0986,ldsc,46,5000,0.4,1.0
0.4812,0.1019,ldsc,47,5000,0.4,1.0
0.4844,0.102,ldsc,48,5000,0.4,1.0
0.3197,0.1047,ldsc,49,5000,0.4,1.0
0.3892,0.0981,ldsc,50,5000,0.4,1.0
0.5624,0.097,ldsc,51,5000,0.4,1.0
0.5501,0.1007,ldsc,52,5000,0.4,1.0
0.3911,0.1062,ldsc,53,5000,0.4,1.0
0.5309,0.0993,ldsc,54,5000,0.4,1.0
0.4277,0.0991,ldsc,55,5000,0.4,1.0
0.3267,0.0928,ldsc,56,5000,0.4,1.0
0.51,0.1166,ldsc,57,5000,0.4,1.0
0.5094,0.1008,ldsc,58,5000,0.4,1.0
0.3627,0.1029,ldsc,59,5000,0.4,1.0
0.4423,0.1029,ldsc,60,5000,0.4,1.0
0.2859,0.1041,ldsc,61,5000,0.4,1.0
0.6093,0.0981,ldsc,62,5000,0.4,1.0
0.4043,0.1031,ldsc,63,5000,0.4,1.0
0.496,0.1045,ldsc,64,5000,0.4,1.0
0.6626,0.1065,ldsc,65,5000,0.4,1.0
0.1454,0.0946,ldsc,66,5000,0.4,1.0
0.5817,0.0983,ldsc,67,5000,0.4,1.0
0.5217,0.0959,ldsc,68,5000,0.4,1.0
0.3707,0.1024,ldsc,69,5000,0.4,1.0
0.4922,0.1092,ldsc,70,5000,0.4,1.0
0.3672,0.0989,ldsc,71,5000,0.4,1.0
0.4062,0.1007,ldsc,72,5000,0.4,1.0
0.3901,0.0992,ldsc,73,5000,0.4,1.0
0.4809,0.1025,ldsc,74,5000,0.4,1.0
0.4808,0.099,ldsc,75,5000,0.4,1.0
0.5768,0.1095,ldsc,76,5000,0.4,1.0
0.6209,0.1034,ldsc,77,5000,0.4,1.0
0.3991,0.1008,ldsc,78,5000,0.4,1.0
0.5102,0.1017,ldsc,79,5000,0.4,1.0
0.4941,0.1018,ldsc,80,5000,0.4,1.0
0.5266,0.1051,ldsc,81,5000,0.4,1.0
0.4684,0.0974,ldsc,82,5000,0.4,1.0
0.3299,0.0933,ldsc,83,5000,0.4,1.0
0.29,0.1014,ldsc,84,5000,0.4,1.0
0.4133,0.0986,ldsc,85,5000,0.4,1.0
0.5143,0.0981,ldsc,86,5000,0.4,1.0
0.436,0.0983,ldsc,87,5000,0.4,1.0
0.4085,0.1026,ldsc,88,5000,0.4,1.0
0.4204,0.0999,ldsc,89,5000,0.4,1.0
0.3168,0.089,ldsc,90,5000,0.4,1.0
0.3732,0.0969,ldsc,91,5000,0.4,1.0
0.2874,0.0947,ldsc,92,5000,0.4,1.0
0.4421,0.1197,ldsc,93,5000,0.4,1.0
0.2512,0.1001,ldsc,94,5000,0.4,1.0
0.4502,0.1018,ldsc,95,5000,0.4,1.0
0.5643,0.0993,ldsc,96,5000,0.4,1.0
0.463,0.1118,ldsc,97,5000,0.4,1.0
0.3951,0.0984,ldsc,98,5000,0.4,1.0
0.644,0.1014,ldsc,99,5000,0.4,1.0
0.4756,0.0943,ldsc,0,10000,0.4,1.0
0.3411,0.0984,ldsc,1,10000,0.4,1.0
0.2899,0.0952,ldsc,2,10000,0.4,1.0
0.3981,0.099,ldsc,3,10000,0.4,1.0
0.2884,0.0964,ldsc,4,10000,0.4,1.0
0.7082,0.0989,ldsc,5,10000,0.4,1.0
0.3102,0.0962,ldsc,6,10000,0.4,1.0
0.4364,0.1035,ldsc,7,10000,0.4,1.0
0.2768,0.1028,ldsc,8,10000,0.4,1.0
0.5098,0.0985,ldsc,9,10000,0.4,1.0
0.3922,0.1094,ldsc,10,10000,0.4,1.0
0.1469,0.0905,ldsc,11,10000,0.4,1.0
0.4528,0.1069,ldsc,12,10000,0.4,1.0
0.3546,0.0959,ldsc,13,10000,0.4,1.0
0.4786,0.0989,ldsc,14,10000,0.4,1.0
0.3307,0.1005,ldsc,15,10000,0.4,1.0
0.4585,0.0944,ldsc,16,10000,0.4,1.0
0.4749,0.0994,ldsc,17,10000,0.4,1.0
0.386,0.1074,ldsc,18,10000,0.4,1.0
0.422,0.0998,ldsc,19,10000,0.4,1.0
0.491,0.1021,ldsc,20,10000,0.4,1.0
0.3336,0.1019,ldsc,21,10000,0.4,1.0
0.4759,0.0997,ldsc,22,10000,0.4,1.0
0.4199,0.0919,ldsc,23,10000,0.4,1.0
0.4024,0.096,ldsc,24,10000,0.4,1.0
0.2102,0.0968,ldsc,25,10000,0.4,1.0
0.3818,0.107,ldsc,26,10000,0.4,1.0
0.1719,0.0928,ldsc,27,10000,0.4,1.0
0.5104,0.0954,ldsc,28,10000,0.4,1.0
0.4356,0.0961,ldsc,29,10000,0.4,1.0
0.3144,0.0981,ldsc,30,10000,0.4,1.0
0.3105,0.0993,ldsc,31,10000,0.4,1.0
0.362,0.0961,ldsc,32,10000,0.4,1.0
0.4685,0.1011,ldsc,33,10000,0.4,1.0
0.1918,0.0952,ldsc,34,10000,0.4,1.0
0.3664,0.0952,ldsc,35,10000,0.4,1.0
0.1648,0.0984,ldsc,36,10000,0.4,1.0
0.5412,0.0932,ldsc,37,10000,0.4,1.0
0.4278,0.0996,ldsc,38,10000,0.4,1.0
0.3926,0.1021,ldsc,39,10000,0.4,1.0
0.3285,0.0992,ldsc,40,10000,0.4,1.0
0.4219,0.102,ldsc,41,10000,0.4,1.0
0.1699,0.1029,ldsc,42,10000,0.4,1.0
0.4591,0.096,ldsc,43,10000,0.4,1.0
0.4481,0.1062,ldsc,44,10000,0.4,1.0
0.4256,0.1008,ldsc,45,10000,0.4,1.0
0.3347,0.0978,ldsc,46,10000,0.4,1.0
0.4735,0.101,ldsc,47,10000,0.4,1.0
0.479,0.1011,ldsc,48,10000,0.4,1.0
0.3184,0.1039,ldsc,49,10000,0.4,1.0
0.3852,0.097,ldsc,50,10000,0.4,1.0
0.552,0.0952,ldsc,51,10000,0.4,1.0
0.5423,0.0995,ldsc,52,10000,0.4,1.0
0.3855,0.1054,ldsc,53,10000,0.4,1.0
0.521,0.0974,ldsc,54,10000,0.4,1.0
0.4148,0.097,ldsc,55,10000,0.4,1.0
0.3203,0.0919,ldsc,56,10000,0.4,1.0
0.491,0.1108,ldsc,57,10000,0.4,1.0
0.5078,0.0999,ldsc,58,10000,0.4,1.0
0.3621,0.1018,ldsc,59,10000,0.4,1.0
0.4361,0.1015,ldsc,60,10000,0.4,1.0
0.2837,0.1029,ldsc,61,10000,0.4,1.0
0.603,0.0974,ldsc,62,10000,0.4,1.0
0.3981,0.1022,ldsc,63,10000,0.4,1.0
0.4892,0.1032,ldsc,64,10000,0.4,1.0
0.6579,0.1059,ldsc,65,10000,0.4,1.0
0.1422,0.0932,ldsc,66,10000,0.4,1.0
0.5724,0.0974,ldsc,67,10000,0.4,1.0
0.5173,0.0952,ldsc,68,10000,0.4,1.0
0.3669,0.1013,ldsc,69,10000,0.4,1.0
0.4834,0.108,ldsc,70,10000,0.4,1.0
0.3622,0.0981,ldsc,71,10000,0.4,1.0
0.4026,0.0998,ldsc,72,10000,0.4,1.0
0.3865,0.0983,ldsc,73,10000,0.4,1.0
0.4762,0.1016,ldsc,74,10000,0.4,1.0
0.4732,0.0978,ldsc,75,10000,0.4,1.0
0.5628,0.1059,ldsc,76,10000,0.4,1.0
0.6178,0.1028,ldsc,77,10000,0.4,1.0
0.3944,0.0993,ldsc,78,10000,0.4,1.0
0.5069,0.1007,ldsc,79,10000,0.4,1.0
0.4909,0.1011,ldsc,80,10000,0.4,1.0
0.5214,0.1042,ldsc,81,10000,0.4,1.0
0.4626,0.097,ldsc,82,10000,0.4,1.0
0.3274,0.0923,ldsc,83,10000,0.4,1.0
0.2882,0.1002,ldsc,84,10000,0.4,1.0
0.4064,0.0969,ldsc,85,10000,0.4,1.0
0.5075,0.0971,ldsc,86,10000,0.4,1.0
0.4339,0.0976,ldsc,87,10000,0.4,1.0
0.4048,0.1017,ldsc,88,10000,0.4,1.0
0.4111,0.0989,ldsc,89,10000,0.4,1.0
0.3151,0.0878,ldsc,90,10000,0.4,1.0
0.3636,0.0954,ldsc,91,10000,0.4,1.0
0.2806,0.0933,ldsc,92,10000,0.4,1.0
0.4396,0.1186,ldsc,93,10000,0.4,1.0
0.2498,0.0989,ldsc,94,10000,0.4,1.0
0.4468,0.1012,ldsc,95,10000,0.4,1.0
0.562,0.0989,ldsc,96,10000,0.4,1.0
0.4511,0.1076,ldsc,97,10000,0.4,1.0
0.39,0.0972,ldsc,98,10000,0.4,1.0
0.6299,0.0995,ldsc,99,10000,0.4,1.0
0.4746,0.0942,ldsc,0,20000,0.4,1.0
0.3386,0.0983,ldsc,1,20000,0.4,1.0
0.2893,0.0951,ldsc,2,20000,0.4,1.0
0.3979,0.0989,ldsc,3,20000,0.4,1.0
0.2915,0.0962,ldsc,4,20000,0.4,1.0
0.7083,0.0988,ldsc,5,20000,0.4,1.0
0.3099,0.0962,ldsc,6,20000,0.4,1.0
0.4357,0.1034,ldsc,7,20000,0.4,1.0
0.2761,0.1027,ldsc,8,20000,0.4,1.0
0.5109,0.0984,ldsc,9,20000,0.4,1.0
0.3925,0.1092,ldsc,10,20000,0.4,1.0
0.1468,0.0903,ldsc,11,20000,0.4,1.0
0.4522,0.1068,ldsc,12,20000,0.4,1.0
0.3551,0.0958,ldsc,13,20000,0.4,1.0
0.4788,0.0988,ldsc,14,20000,0.4,1.0
0.3311,0.1004,ldsc,15,20000,0.4,1.0
0.4547,0.0944,ldsc,16,20000,0.4,1.0
0.477,0.0994,ldsc,17,20000,0.4,1.0
0.3841,0.1073,ldsc,18,20000,0.4,1.0
0.4219,0.0997,ldsc,19,20000,0.4,1.0
0.4912,0.102,ldsc,20,20000,0.4,1.0
0.3313,0.1018,ldsc,21,20000,0.4,1.0
0.4747,0.0996,ldsc,22,20000,0.4,1.0
0.4201,0.0919,ldsc,23,20000,0.4,1.0
0.4021,0.0959,ldsc,24,20000,0.4,1.0
0.208,0.0966,ldsc,25,20000,0.4,1.0
0.3784,0.1071,ldsc,26,20000,0.4,1.0
0.1713,0.0926,ldsc,27,20000,0.4,1.0
0.5114,0.0954,ldsc,28,20000,0.4,1.0
0.436,0.096,ldsc,29,20000,0.4,1.0
0.3156,0.0979,ldsc,30,20000,0.4,1.0
0.3093,0.0992,ldsc,31,20000,0.4,1.0
0.3628,0.096,ldsc,32,20000,0.4,1.0
0.4698,0.101,ldsc,33,20000,0.4,1.0
0.1911,0.0951,ldsc,34,20000,0.4,1.0
0.3661,0.0951,ldsc,35,20000,0.4,1.0
0.1666,0.0983,ldsc,36,20000,0.4,1.0
0.5424,0.0932,ldsc,37,20000,0.4,1.0
0.4285,0.0994,ldsc,38,20000,0.4,1.0
0.3893,0.102,ldsc,39,20000,0.4,1.0
0.329,0.0992,ldsc,40,20000,0.4,1.0
0.4254,0.1019,ldsc,41,20000,0.4,1.0
0.1714,0.1027,ldsc,42,20000,0.4,1.0
0.4593,0.0959,ldsc,43,20000,0.4,1.0
0.449,0.1061,ldsc,44,20000,0.4,1.0
0.4257,0.1008,ldsc,45,20000,0.4,1.0
0.3335,0.0977,ldsc,46,20000,0.4,1.0
0.4707,0.101,ldsc,47,20000,0.4,1.0
0.4803,0.101,ldsc,48,20000,0.4,1.0
0.3185,0.1038,ldsc,49,20000,0.4,1.0
0.3853,0.0969,ldsc,50,20000,0.4,1.0
0.5489,0.0951,ldsc,51,20000,0.4,1.0
0.5434,0.0994,ldsc,52,20000,0.4,1.0
0.3837,0.1053,ldsc,53,20000,0.4,1.0
0.5197,0.0973,ldsc,54,20000,0.4,1.0
0.4108,0.097,ldsc,55,20000,0.4,1.0
0.3212,0.0919,ldsc,56,20000,0.4,1.0
0.4916,0.1107,ldsc,57,20000,0.4,1.0
0.5079,0.0999,ldsc,58,20000,0.4,1.0
0.3608,0.1017,ldsc,59,20000,0.4,1.0
0.4356,0.1014,ldsc,60,20000,0.4,1.0
0.2833,0.1029,ldsc,61,20000,0.4,1.0
0.6031,0.0973,ldsc,62,20000,0.4,1.0
0.3965,0.102,ldsc,63,20000,0.4,1.0
0.4866,0.1031,ldsc,64,20000,0.4,1.0
0.6575,0.1058,ldsc,65,20000,0.4,1.0
0.1443,0.0932,ldsc,66,20000,0.4,1.0
0.5709,0.0973,ldsc,67,20000,0.4,1.0
0.5171,0.0952,ldsc,68,20000,0.4,1.0
0.3658,0.1012,ldsc,69,20000,0.4,1.0
0.4827,0.1079,ldsc,70,20000,0.4,1.0
0.3582,0.0981,ldsc,71,20000,0.4,1.0
0.4007,0.0996,ldsc,72,20000,0.4,1.0
0.3862,0.0982,ldsc,73,20000,0.4,1.0
0.4741,0.1016,ldsc,74,20000,0.4,1.0
0.475,0.0977,ldsc,75,20000,0.4,1.0
0.5613,0.1058,ldsc,76,20000,0.4,1.0
0.6167,0.1027,ldsc,77,20000,0.4,1.0
0.3968,0.0992,ldsc,78,20000,0.4,1.0
0.5055,0.1006,ldsc,79,20000,0.4,1.0
0.4883,0.101,ldsc,80,20000,0.4,1.0
0.5217,0.1041,ldsc,81,20000,0.4,1.0
0.4624,0.0969,ldsc,82,20000,0.4,1.0
0.3255,0.0923,ldsc,83,20000,0.4,1.0
0.2888,0.1001,ldsc,84,20000,0.4,1.0
0.4073,0.0968,ldsc,85,20000,0.4,1.0
0.5069,0.097,ldsc,86,20000,0.4,1.0
0.4313,0.0975,ldsc,87,20000,0.4,1.0
0.4031,0.1016,ldsc,88,20000,0.4,1.0
0.4096,0.0988,ldsc,89,20000,0.4,1.0
0.3165,0.0878,ldsc,90,20000,0.4,1.0
0.3621,0.0953,ldsc,91,20000,0.4,1.0
0.282,0.0934,ldsc,92,20000,0.4,1.0
0.4402,0.1185,ldsc,93,20000,0.4,1.0
0.2481,0.0988,ldsc,94,20000,0.4,1.0
0.4462,0.1011,ldsc,95,20000,0.4,1.0
0.5633,0.0988,ldsc,96,20000,0.4,1.0
0.4502,0.1075,ldsc,97,20000,0.4,1.0
0.3906,0.0971,ldsc,98,20000,0.4,1.0
0.6309,0.0995,ldsc,99,20000,0.4,1.0
0.4767,0.0942,ldsc,0,30000,0.4,1.0
0.3377,0.0984,ldsc,1,30000,0.4,1.0
0.2897,0.0951,ldsc,2,30000,0.4,1.0
0.3951,0.0988,ldsc,3,30000,0.4,1.0
0.2929,0.0962,ldsc,4,30000,0.4,1.0
0.7087,0.0988,ldsc,5,30000,0.4,1.0
0.3122,0.0961,ldsc,6,30000,0.4,1.0
0.4359,0.1034,ldsc,7,30000,0.4,1.0
0.278,0.1027,ldsc,8,30000,0.4,1.0
0.5107,0.0985,ldsc,9,30000,0.4,1.0
0.3916,0.1092,ldsc,10,30000,0.4,1.0
0.147,0.0904,ldsc,11,30000,0.4,1.0
0.4523,0.1068,ldsc,12,30000,0.4,1.0
0.3558,0.0958,ldsc,13,30000,0.4,1.0
0.4799,0.0987,ldsc,14,30000,0.4,1.0
0.3304,0.1004,ldsc,15,30000,0.4,1.0
0.4549,0.0944,ldsc,16,30000,0.4,1.0
0.4768,0.0993,ldsc,17,30000,0.4,1.0
0.3872,0.1073,ldsc,18,30000,0.4,1.0
0.4221,0.0997,ldsc,19,30000,0.4,1.0
0.4923,0.102,ldsc,20,30000,0.4,1.0
0.3308,0.1018,ldsc,21,30000,0.4,1.0
0.4752,0.0995,ldsc,22,30000,0.4,1.0
0.4194,0.0919,ldsc,23,30000,0.4,1.0
0.4025,0.0959,ldsc,24,30000,0.4,1.0
0.2094,0.0966,ldsc,25,30000,0.4,1.0
0.3795,0.107,ldsc,26,30000,0.4,1.0
0.1703,0.0927,ldsc,27,30000,0.4,1.0
0.5101,0.0953,ldsc,28,30000,0.4,1.0
0.4354,0.096,ldsc,29,30000,0.4,1.0
0.3154,0.098,ldsc,30,30000,0.4,1.0
0.3057,0.0992,ldsc,31,30000,0.4,1.0
0.3636,0.0959,ldsc,32,30000,0.4,1.0
0.4699,0.1009,ldsc,33,30000,0.4,1.0
0.1906,0.0951,ldsc,34,30000,0.4,1.0
0.3661,0.0951,ldsc,35,30000,0.4,1.0
0.1676,0.0982,ldsc,36,30000,0.4,1.0
0.544,0.0932,ldsc,37,30000,0.4,1.0
0.4274,0.0994,ldsc,38,30000,0.4,1.0
0.3903,0.1019,ldsc,39,30000,0.4,1.0
0.3283,0.0991,ldsc,40,30000,0.4,1.0
0.425,0.1018,ldsc,41,30000,0.4,1.0
0.1708,0.1028,ldsc,42,30000,0.4,1.0
0.4599,0.0959,ldsc,43,30000,0.4,1.0
0.4469,0.1061,ldsc,44,30000,0.4,1.0
0.4247,0.1008,ldsc,45,30000,0.4,1.0
0.3343,0.0977,ldsc,46,30000,0.4,1.0
0.4728,0.101,ldsc,47,30000,0.4,1.0
0.4822,0.101,ldsc,48,30000,0.4,1.0
0.3178,0.1038,ldsc,49,30000,0.4,1.0
0.3831,0.0968,ldsc,50,30000,0.4,1.0
0.5492,0.0951,ldsc,51,30000,0.4,1.0
0.5438,0.0994,ldsc,52,30000,0.4,1.0
0.3836,0.1054,ldsc,53,30000,0.4,1.0
0.5195,0.0973,ldsc,54,30000,0.4,1.0
0.4117,0.097,ldsc,55,30000,0.4,1.0
0.3208,0.0919,ldsc,56,30000,0.4,1.0
0.494,0.1105,ldsc,57,30000,0.4,1.0
0.5076,0.0999,ldsc,58,30000,0.4,1.0
0.361,0.1017,ldsc,59,30000,0.4,1.0
0.4331,0.1013,ldsc,60,30000,0.4,1.0
0.2838,0.1028,ldsc,61,30000,0.4,1.0
0.6024,0.0973,ldsc,62,30000,0.4,1.0
0.3933,0.1021,ldsc,63,30000,0.4,1.0
0.4889,0.1031,ldsc,64,30000,0.4,1.0
0.653,0.1058,ldsc,65,30000,0.4,1.0
0.145,0.0931,ldsc,66,30000,0.4,1.0
0.5697,0.0973,ldsc,67,30000,0.4,1.0
0.5193,0.0952,ldsc,68,30000,0.4,1.0
0.3654,0.1013,ldsc,69,30000,0.4,1.0
0.4841,0.1078,ldsc,70,30000,0.4,1.0
0.3584,0.0981,ldsc,71,30000,0.4,1.0
0.4012,0.0996,ldsc,72,30000,0.4,1.0
0.386,0.0982,ldsc,73,30000,0.4,1.0
0.4727,0.1016,ldsc,74,30000,0.4,1.0
0.4738,0.0977,ldsc,75,30000,0.4,1.0
0.5573,0.1058,ldsc,76,30000,0.4,1.0
0.6177,0.1026,ldsc,77,30000,0.4,1.0
0.3963,0.0992,ldsc,78,30000,0.4,1.0
0.5051,0.1007,ldsc,79,30000,0.4,1.0
0.487,0.1011,ldsc,80,30000,0.4,1.0
0.5217,0.1041,ldsc,81,30000,0.4,1.0
0.4632,0.097,ldsc,82,30000,0.4,1.0
0.3239,0.0922,ldsc,83,30000,0.4,1.0
0.291,0.1,ldsc,84,30000,0.4,1.0
0.4084,0.0967,ldsc,85,30000,0.4,1.0
0.5095,0.097,ldsc,86,30000,0.4,1.0
0.4307,0.0975,ldsc,87,30000,0.4,1.0
0.4051,0.1016,ldsc,88,30000,0.4,1.0
0.4093,0.0988,ldsc,89,30000,0.4,1.0
0.3151,0.0877,ldsc,90,30000,0.4,1.0
0.3642,0.0952,ldsc,91,30000,0.4,1.0
0.2828,0.0934,ldsc,92,30000,0.4,1.0
0.4431,0.1185,ldsc,93,30000,0.4,1.0
0.2461,0.0988,ldsc,94,30000,0.4,1.0
0.447,0.1011,ldsc,95,30000,0.4,1.0
0.5625,0.0988,ldsc,96,30000,0.4,1.0
0.4502,0.1074,ldsc,97,30000,0.4,1.0
0.3915,0.0971,ldsc,98,30000,0.4,1.0
0.6322,0.0995,ldsc,99,30000,0.4,1.0
0.4801,0.0942,ldsc,0,50000,0.4,1.0
0.3364,0.0984,ldsc,1,50000,0.4,1.0
0.289,0.095,ldsc,2,50000,0.4,1.0
0.3924,0.0987,ldsc,3,50000,0.4,1.0
0.2891,0.0961,ldsc,4,50000,0.4,1.0
0.7092,0.0988,ldsc,5,50000,0.4,1.0
0.3106,0.0959,ldsc,6,50000,0.4,1.0
0.4381,0.1032,ldsc,7,50000,0.4,1.0
0.2815,0.1025,ldsc,8,50000,0.4,1.0
0.5067,0.0983,ldsc,9,50000,0.4,1.0
0.397,0.1088,ldsc,10,50000,0.4,1.0
0.1456,0.0903,ldsc,11,50000,0.4,1.0
0.4488,0.1069,ldsc,12,50000,0.4,1.0
0.3559,0.096,ldsc,13,50000,0.4,1.0
0.4776,0.0985,ldsc,14,50000,0.4,1.0
0.3281,0.1004,ldsc,15,50000,0.4,1.0
0.4501,0.0945,ldsc,16,50000,0.4,1.0
0.4784,0.0994,ldsc,17,50000,0.4,1.0
0.3786,0.1074,ldsc,18,50000,0.4,1.0
0.4214,0.0998,ldsc,19,50000,0.4,1.0
0.4934,0.1017,ldsc,20,50000,0.4,1.0
0.3343,0.1015,ldsc,21,50000,0.4,1.0
0.4745,0.0994,ldsc,22,50000,0.4,1.0
0.421,0.0919,ldsc,23,50000,0.4,1.0
0.4024,0.0958,ldsc,24,50000,0.4,1.0
0.2035,0.0965,ldsc,25,50000,0.4,1.0
0.3835,0.1068,ldsc,26,50000,0.4,1.0
0.1679,0.0925,ldsc,27,50000,0.4,1.0
0.5068,0.0953,ldsc,28,50000,0.4,1.0
0.4398,0.096,ldsc,29,50000,0.4,1.0
0.3173,0.0978,ldsc,30,50000,0.4,1.0
0.3086,0.0992,ldsc,31,50000,0.4,1.0
0.363,0.0958,ldsc,32,50000,0.4,1.0
0.4671,0.101,ldsc,33,50000,0.4,1.0
0.1892,0.0949,ldsc,34,50000,0.4,1.0
0.3726,0.0949,ldsc,35,50000,0.4,1.0
0.1717,0.0981,ldsc,36,50000,0.4,1.0
0.5479,0.093,ldsc,37,50000,0.4,1.0
0.4224,0.0995,ldsc,38,50000,0.4,1.0
0.3886,0.1017,ldsc,39,50000,0.4,1.0
0.324,0.0993,ldsc,40,50000,0.4,1.0
0.4299,0.1018,ldsc,41,50000,0.4,1.0
0.1674,0.1028,ldsc,42,50000,0.4,1.0
0.463,0.0958,ldsc,43,50000,0.4,1.0
0.452,0.106,ldsc,44,50000,0.4,1.0
0.4171,0.1008,ldsc,45,50000,0.4,1.0
0.3318,0.0976,ldsc,46,50000,0.4,1.0
0.4661,0.1009,ldsc,47,50000,0.4,1.0
0.4921,0.1008,ldsc,48,50000,0.4,1.0
0.314,0.1037,ldsc,49,50000,0.4,1.0
0.3816,0.0968,ldsc,50,50000,0.4,1.0
0.54,0.0952,ldsc,51,50000,0.4,1.0
0.5438,0.0994,ldsc,52,50000,0.4,1.0
0.3925,0.1052,ldsc,53,50000,0.4,1.0
0.5228,0.0973,ldsc,54,50000,0.4,1.0
0.4094,0.0968,ldsc,55,50000,0.4,1.0
0.3211,0.0919,ldsc,56,50000,0.4,1.0
0.4931,0.1105,ldsc,57,50000,0.4,1.0
0.5042,0.1,ldsc,58,50000,0.4,1.0
0.355,0.1015,ldsc,59,50000,0.4,1.0
0.4376,0.1014,ldsc,60,50000,0.4,1.0
0.283,0.1027,ldsc,61,50000,0.4,1.0
0.6047,0.0973,ldsc,62,50000,0.4,1.0
0.3894,0.1019,ldsc,63,50000,0.4,1.0
0.4871,0.103,ldsc,64,50000,0.4,1.0
0.6519,0.1057,ldsc,65,50000,0.4,1.0
0.1445,0.0932,ldsc,66,50000,0.4,1.0
0.5707,0.0972,ldsc,67,50000,0.4,1.0
0.5235,0.0952,ldsc,68,50000,0.4,1.0
0.3656,0.1011,ldsc,69,50000,0.4,1.0
0.484,0.1078,ldsc,70,50000,0.4,1.0
0.3577,0.098,ldsc,71,50000,0.4,1.0
0.3977,0.0996,ldsc,72,50000,0.4,1.0
0.3809,0.0984,ldsc,73,50000,0.4,1.0
0.4743,0.1014,ldsc,74,50000,0.4,1.0
0.4769,0.0978,ldsc,75,50000,0.4,1.0
0.5541,0.1057,ldsc,76,50000,0.4,1.0
0.6157,0.1025,ldsc,77,50000,0.4,1.0
0.3949,0.0991,ldsc,78,50000,0.4,1.0
0.5054,0.1007,ldsc,79,50000,0.4,1.0
0.485,0.1012,ldsc,80,50000,0.4,1.0
0.5194,0.1041,ldsc,81,50000,0.4,1.0
0.4595,0.0968,ldsc,82,50000,0.4,1.0
0.3268,0.0923,ldsc,83,50000,0.4,1.0
0.2946,0.1,ldsc,84,50000,0.4,1.0
0.4077,0.0968,ldsc,85,50000,0.4,1.0
0.5121,0.0968,ldsc,86,50000,0.4,1.0
0.4309,0.0975,ldsc,87,50000,0.4,1.0
0.405,0.1013,ldsc,88,50000,0.4,1.0
0.4035,0.0986,ldsc,89,50000,0.4,1.0
0.315,0.0875,ldsc,90,50000,0.4,1.0
0.3649,0.0952,ldsc,91,50000,0.4,1.0
0.2779,0.0933,ldsc,92,50000,0.4,1.0
0.4463,0.1184,ldsc,93,50000,0.4,1.0
0.2467,0.0985,ldsc,94,50000,0.4,1.0
0.445,0.101,ldsc,95,50000,0.4,1.0
0.5608,0.099,ldsc,96,50000,0.4,1.0
0.4533,0.107,ldsc,97,50000,0.4,1.0
0.3945,0.097,ldsc,98,50000,0.4,1.0
0.6318,0.0995,ldsc,99,50000,0.4,1.0
0.5488,0.1031,ldsc,0,1000,0.4,0.1
0.5058,0.1102,ldsc,1,1000,0.4,0.1
0.4531,0.1031,ldsc,2,1000,0.4,0.1
0.3992,0.1026,ldsc,3,1000,0.4,0.1
0.5326,0.1454,ldsc,4,1000,0.4,0.1
0.3741,0.1115,ldsc,5,1000,0.4,0.1
0.2943,0.0982,ldsc,6,1000,0.4,0.1
0.3228,0.0985,ldsc,7,1000,0.4,0.1
0.455,0.1067,ldsc,8,1000,0.4,0.1
0.518,0.1023,ldsc,9,1000,0.4,0.1
0.3811,0.105,ldsc,10,1000,0.4,0.1
0.5694,0.1127,ldsc,11,1000,0.4,0.1
0.4038,0.1092,ldsc,12,1000,0.4,0.1
0.3423,0.0982,ldsc,13,1000,0.4,0.1
0.5978,0.1095,ldsc,14,1000,0.4,0.1
0.2688,0.1039,ldsc,15,1000,0.4,0.1
0.4278,0.105,ldsc,16,1000,0.4,0.1
0.3861,0.103,ldsc,17,1000,0.4,0.1
0.5677,0.111,ldsc,18,1000,0.4,0.1
0.4864,0.1027,ldsc,19,1000,0.4,0.1
0.4406,0.1051,ldsc,20,1000,0.4,0.1
0.2737,0.1032,ldsc,21,1000,0.4,0.1
0.4566,0.1011,ldsc,22,1000,0.4,0.1
0.4258,0.1091,ldsc,23,1000,0.4,0.1
0.4295,0.0997,ldsc,24,1000,0.4,0.1
0.4348,0.1029,ldsc,25,1000,0.4,0.1
0.4328,0.1006,ldsc,26,1000,0.4,0.1
0.1699,0.0942,ldsc,27,1000,0.4,0.1
0.3882,0.1,ldsc,28,1000,0.4,0.1
0.2445,0.0985,ldsc,29,1000,0.4,0.1
0.298,0.1022,ldsc,30,1000,0.4,0.1
0.5056,0.0994,ldsc,31,1000,0.4,0.1
0.2809,0.1047,ldsc,32,1000,0.4,0.1
0.7244,0.1059,ldsc,33,1000,0.4,0.1
0.372,0.1094,ldsc,34,1000,0.4,0.1
0.5668,0.1098,ldsc,35,1000,0.4,0.1
0.5821,0.1077,ldsc,36,1000,0.4,0.1
0.4062,0.1069,ldsc,37,1000,0.4,0.1
0.5005,0.1096,ldsc,38,1000,0.4,0.1
0.2201,0.1015,ldsc,39,1000,0.4,0.1
0.4842,0.0994,ldsc,40,1000,0.4,0.1
0.4661,0.1111,ldsc,41,1000,0.4,0.1
0.4183,0.1013,ldsc,42,1000,0.4,0.1
0.2082,0.1026,ldsc,43,1000,0.4,0.1
0.4005,0.0989,ldsc,44,1000,0.4,0.1
0.5196,0.1041,ldsc,45,1000,0.4,0.1
0.1225,0.0955,ldsc,46,1000,0.4,0.1
0.5118,0.1037,ldsc,47,1000,0.4,0.1
0.4619,0.1218,ldsc,48,1000,0.4,0.1
0.5316,0.1051,ldsc,49,1000,0.4,0.1
0.539,0.1046,ldsc,50,1000,0.4,0.1
0.2418,0.1073,ldsc,51,1000,0.4,0.1
0.273,0.1064,ldsc,52,1000,0.4,0.1
0.3163,0.0979,ldsc,53,1000,0.4,0.1
0.2801,0.1033,ldsc,54,1000,0.4,0.1
0.4376,0.0968,ldsc,55,1000,0.4,0.1
0.4093,0.1043,ldsc,56,1000,0.4,0.1
0.5175,0.1037,ldsc,57,1000,0.4,0.1
0.3683,0.1099,ldsc,58,1000,0.4,0.1
0.3786,0.1,ldsc,59,1000,0.4,0.1
0.2485,0.1035,ldsc,60,1000,0.4,0.1
0.0933,0.0999,ldsc,61,1000,0.4,0.1
0.3052,0.0991,ldsc,62,1000,0.4,0.1
0.5861,0.1045,ldsc,63,1000,0.4,0.1
0.2274,0.101,ldsc,64,1000,0.4,0.1
0.372,0.1007,ldsc,65,1000,0.4,0.1
0.5483,0.1012,ldsc,66,1000,0.4,0.1
0.4753,0.1069,ldsc,67,1000,0.4,0.1
0.2798,0.1089,ldsc,68,1000,0.4,0.1
0.3212,0.0956,ldsc,69,1000,0.4,0.1
0.5246,0.1138,ldsc,70,1000,0.4,0.1
0.4755,0.1061,ldsc,71,1000,0.4,0.1
0.1795,0.0983,ldsc,72,1000,0.4,0.1
0.3173,0.1045,ldsc,73,1000,0.4,0.1
0.3475,0.0962,ldsc,74,1000,0.4,0.1
0.5201,0.1001,ldsc,75,1000,0.4,0.1
0.2469,0.1004,ldsc,76,1000,0.4,0.1
0.5135,0.1091,ldsc,77,1000,0.4,0.1
0.7276,0.1152,ldsc,78,1000,0.4,0.1
0.4752,0.1071,ldsc,79,1000,0.4,0.1
0.5087,0.1064,ldsc,80,1000,0.4,0.1
0.3603,0.1001,ldsc,81,1000,0.4,0.1
0.5457,0.1022,ldsc,82,1000,0.4,0.1
0.6537,0.1106,ldsc,83,1000,0.4,0.1
0.3118,0.1031,ldsc,84,1000,0.4,0.1
0.4053,0.1047,ldsc,85,1000,0.4,0.1
0.51,0.1139,ldsc,86,1000,0.4,0.1
0.5536,0.1274,ldsc,87,1000,0.4,0.1
0.4131,0.1032,ldsc,88,1000,0.4,0.1
0.3121,0.1036,ldsc,89,1000,0.4,0.1
0.34,0.1062,ldsc,90,1000,0.4,0.1
0.2203,0.0963,ldsc,91,1000,0.4,0.1
0.4929,0.1007,ldsc,92,1000,0.4,0.1
0.3323,0.0955,ldsc,93,1000,0.4,0.1
0.489,0.0991,ldsc,94,1000,0.4,0.1
0.4124,0.1041,ldsc,95,1000,0.4,0.1
0.4355,0.0984,ldsc,96,1000,0.4,0.1
0.5487,0.1034,ldsc,97,1000,0.4,0.1
0.3583,0.105,ldsc,98,1000,0.4,0.1
0.4738,0.1017,ldsc,99,1000,0.4,0.1
0.5417,0.1013,ldsc,0,2000,0.4,0.1
0.4927,0.1081,ldsc,1,2000,0.4,0.1
0.4447,0.101,ldsc,2,2000,0.4,0.1
0.3864,0.0998,ldsc,3,2000,0.4,0.1
0.5151,0.1407,ldsc,4,2000,0.4,0.1
0.3632,0.1093,ldsc,5,2000,0.4,0.1
0.2874,0.0963,ldsc,6,2000,0.4,0.1
0.312,0.0965,ldsc,7,2000,0.4,0.1
0.4411,0.1037,ldsc,8,2000,0.4,0.1
0.517,0.1004,ldsc,9,2000,0.4,0.1
0.3709,0.103,ldsc,10,2000,0.4,0.1
0.5506,0.1099,ldsc,11,2000,0.4,0.1
0.3928,0.1063,ldsc,12,2000,0.4,0.1
0.3371,0.096,ldsc,13,2000,0.4,0.1
0.5848,0.1067,ldsc,14,2000,0.4,0.1
0.266,0.1017,ldsc,15,2000,0.4,0.1
0.413,0.1028,ldsc,16,2000,0.4,0.1
0.3763,0.1006,ldsc,17,2000,0.4,0.1
0.552,0.1089,ldsc,18,2000,0.4,0.1
0.4731,0.1005,ldsc,19,2000,0.4,0.1
0.4312,0.1033,ldsc,20,2000,0.4,0.1
0.2755,0.1011,ldsc,21,2000,0.4,0.1
0.4479,0.0995,ldsc,22,2000,0.4,0.1
0.4166,0.1056,ldsc,23,2000,0.4,0.1
0.4246,0.0978,ldsc,24,2000,0.4,0.1
0.4202,0.101,ldsc,25,2000,0.4,0.1
0.423,0.0987,ldsc,26,2000,0.4,0.1
0.1666,0.0921,ldsc,27,2000,0.4,0.1
0.3829,0.0981,ldsc,28,2000,0.4,0.1
0.2392,0.0968,ldsc,29,2000,0.4,0.1
0.2964,0.0999,ldsc,30,2000,0.4,0.1
0.4959,0.0973,ldsc,31,2000,0.4,0.1
0.2763,0.1029,ldsc,32,2000,0.4,0.1
0.7024,0.1037,ldsc,33,2000,0.4,0.1
0.3562,0.1058,ldsc,34,2000,0.4,0.1
0.5527,0.1062,ldsc,35,2000,0.4,0.1
0.5724,0.104,ldsc,36,2000,0.4,0.1
0.4049,0.1049,ldsc,37,2000,0.4,0.1
0.4878,0.1075,ldsc,38,2000,0.4,0.1
0.2182,0.0996,ldsc,39,2000,0.4,0.1
0.4729,0.0972,ldsc,40,2000,0.4,0.1
0.4559,0.109,ldsc,41,2000,0.4,0.1
0.4075,0.099,ldsc,42,2000,0.4,0.1
0.2008,0.1006,ldsc,43,2000,0.4,0.1
0.3943,0.0969,ldsc,44,2000,0.4,0.1
0.5035,0.102,ldsc,45,2000,0.4,0.1
0.1198,0.0933,ldsc,46,2000,0.4,0.1
0.5031,0.1017,ldsc,47,2000,0.4,0.1
0.4498,0.1183,ldsc,48,2000,0.4,0.1
0.5215,0.1027,ldsc,49,2000,0.4,0.1
0.5206,0.1029,ldsc,50,2000,0.4,0.1
0.2362,0.1053,ldsc,51,2000,0.4,0.1
0.2668,0.104,ldsc,52,2000,0.4,0.1
0.3102,0.0956,ldsc,53,2000,0.4,0.1
0.2689,0.1006,ldsc,54,2000,0.4,0.1
0.4344,0.0946,ldsc,55,2000,0.4,0.1
0.4005,0.1011,ldsc,56,2000,0.4,0.1
0.5072,0.1013,ldsc,57,2000,0.4,0.1
0.3598,0.1075,ldsc,58,2000,0.4,0.1
0.3738,0.0979,ldsc,59,2000,0.4,0.1
0.2442,0.101,ldsc,60,2000,0.4,0.1
0.0934,0.0976,ldsc,61,2000,0.4,0.1
0.2966,0.0965,ldsc,62,2000,0.4,0.1
0.5744,0.1024,ldsc,63,2000,0.4,0.1
0.2232,0.0986,ldsc,64,2000,0.4,0.1
0.3669,0.0985,ldsc,65,2000,0.4,0.1
0.5343,0.0986,ldsc,66,2000,0.4,0.1
0.4649,0.1048,ldsc,67,2000,0.4,0.1
0.2766,0.1067,ldsc,68,2000,0.4,0.1
0.3076,0.0935,ldsc,69,2000,0.4,0.1
0.5132,0.1115,ldsc,70,2000,0.4,0.1
0.4614,0.1039,ldsc,71,2000,0.4,0.1
0.1724,0.0962,ldsc,72,2000,0.4,0.1
0.3054,0.1024,ldsc,73,2000,0.4,0.1
0.3431,0.0942,ldsc,74,2000,0.4,0.1
0.5083,0.098,ldsc,75,2000,0.4,0.1
0.2382,0.0982,ldsc,76,2000,0.4,0.1
0.5069,0.1064,ldsc,77,2000,0.4,0.1
0.7067,0.1129,ldsc,78,2000,0.4,0.1
0.4677,0.105,ldsc,79,2000,0.4,0.1
0.499,0.1041,ldsc,80,2000,0.4,0.1
0.3492,0.0978,ldsc,81,2000,0.4,0.1
0.5251,0.1,ldsc,82,2000,0.4,0.1
0.639,0.1073,ldsc,83,2000,0.4,0.1
0.3107,0.1007,ldsc,84,2000,0.4,0.1
0.3993,0.1027,ldsc,85,2000,0.4,0.1
0.498,0.1109,ldsc,86,2000,0.4,0.1
0.5403,0.1236,ldsc,87,2000,0.4,0.1
0.3905,0.1011,ldsc,88,2000,0.4,0.1
0.3019,0.101,ldsc,89,2000,0.4,0.1
0.3308,0.1042,ldsc,90,2000,0.4,0.1
0.2199,0.0945,ldsc,91,2000,0.4,0.1
0.4781,0.0986,ldsc,92,2000,0.4,0.1
0.3216,0.0933,ldsc,93,2000,0.4,0.1
0.4753,0.0969,ldsc,94,2000,0.4,0.1
0.4066,0.1018,ldsc,95,2000,0.4,0.1
0.4212,0.0964,ldsc,96,2000,0.4,0.1
0.535,0.1012,ldsc,97,2000,0.4,0.1
0.3477,0.1028,ldsc,98,2000,0.4,0.1
0.4587,0.0992,ldsc,99,2000,0.4,0.1
0.5411,0.1007,ldsc,0,3000,0.4,0.1
0.4888,0.1075,ldsc,1,3000,0.4,0.1
0.4425,0.1003,ldsc,2,3000,0.4,0.1
0.3819,0.0989,ldsc,3,3000,0.4,0.1
0.5107,0.1395,ldsc,4,3000,0.4,0.1
0.361,0.1086,ldsc,5,3000,0.4,0.1
0.2853,0.0957,ldsc,6,3000,0.4,0.1
0.3092,0.096,ldsc,7,3000,0.4,0.1
0.4363,0.1029,ldsc,8,3000,0.4,0.1
0.5165,0.1,ldsc,9,3000,0.4,0.1
0.3674,0.1023,ldsc,10,3000,0.4,0.1
0.5459,0.1091,ldsc,11,3000,0.4,0.1
0.3886,0.1054,ldsc,12,3000,0.4,0.1
0.3355,0.0955,ldsc,13,3000,0.4,0.1
0.5831,0.1058,ldsc,14,3000,0.4,0.1
0.2649,0.101,ldsc,15,3000,0.4,0.1
0.4107,0.102,ldsc,16,3000,0.4,0.1
0.3736,0.1,ldsc,17,3000,0.4,0.1
0.5466,0.1082,ldsc,18,3000,0.4,0.1
0.4699,0.0999,ldsc,19,3000,0.4,0.1
0.4293,0.1028,ldsc,20,3000,0.4,0.1
0.2753,0.1004,ldsc,21,3000,0.4,0.1
0.4451,0.0991,ldsc,22,3000,0.4,0.1
0.4131,0.1047,ldsc,23,3000,0.4,0.1
0.4234,0.0972,ldsc,24,3000,0.4,0.1
0.4171,0.1004,ldsc,25,3000,0.4,0.1
0.4205,0.0981,ldsc,26,3000,0.4,0.1
0.1657,0.0915,ldsc,27,3000,0.4,0.1
0.3808,0.0975,ldsc,28,3000,0.4,0.1
0.2376,0.0963,ldsc,29,3000,0.4,0.1
0.2961,0.0993,ldsc,30,3000,0.4,0.1
0.4937,0.0968,ldsc,31,3000,0.4,0.1
0.275,0.1023,ldsc,32,3000,0.4,0.1
0.6978,0.103,ldsc,33,3000,0.4,0.1
0.3534,0.1048,ldsc,34,3000,0.4,0.1
0.5491,0.1052,ldsc,35,3000,0.4,0.1
0.569,0.1031,ldsc,36,3000,0.4,0.1
0.4044,0.1043,ldsc,37,3000,0.4,0.1
0.4839,0.1069,ldsc,38,3000,0.4,0.1
0.2171,0.099,ldsc,39,3000,0.4,0.1
0.4699,0.0966,ldsc,40,3000,0.4,0.1
0.4523,0.1085,ldsc,41,3000,0.4,0.1
0.4037,0.0984,ldsc,42,3000,0.4,0.1
0.1988,0.1001,ldsc,43,3000,0.4,0.1
0.3929,0.0964,ldsc,44,3000,0.4,0.1
0.4987,0.1014,ldsc,45,3000,0.4,0.1
0.1181,0.0927,ldsc,46,3000,0.4,0.1
0.4996,0.1011,ldsc,47,3000,0.4,0.1
0.4459,0.1175,ldsc,48,3000,0.4,0.1
0.5186,0.1021,ldsc,49,3000,0.4,0.1
0.516,0.1023,ldsc,50,3000,0.4,0.1
0.2348,0.1046,ldsc,51,3000,0.4,0.1
0.2648,0.1032,ldsc,52,3000,0.4,0.1
0.3082,0.0948,ldsc,53,3000,0.4,0.1
0.2669,0.1,ldsc,54,3000,0.4,0.1
0.4335,0.0941,ldsc,55,3000,0.4,0.1
0.3974,0.1003,ldsc,56,3000,0.4,0.1
0.5043,0.1006,ldsc,57,3000,0.4,0.1
0.3559,0.1067,ldsc,58,3000,0.4,0.1
0.3727,0.0973,ldsc,59,3000,0.4,0.1
0.2437,0.1002,ldsc,60,3000,0.4,0.1
0.0925,0.097,ldsc,61,3000,0.4,0.1
0.2957,0.0959,ldsc,62,3000,0.4,0.1
0.5716,0.1018,ldsc,63,3000,0.4,0.1
0.2223,0.0978,ldsc,64,3000,0.4,0.1
0.3658,0.0979,ldsc,65,3000,0.4,0.1
0.5307,0.0979,ldsc,66,3000,0.4,0.1
0.46,0.1043,ldsc,67,3000,0.4,0.1
0.2768,0.1061,ldsc,68,3000,0.4,0.1
0.3051,0.0929,ldsc,69,3000,0.4,0.1
0.5111,0.1108,ldsc,70,3000,0.4,0.1
0.456,0.1032,ldsc,71,3000,0.4,0.1
0.1708,0.0955,ldsc,72,3000,0.4,0.1
0.3021,0.1019,ldsc,73,3000,0.4,0.1
0.3411,0.0935,ldsc,74,3000,0.4,0.1
0.5024,0.0973,ldsc,75,3000,0.4,0.1
0.2362,0.0976,ldsc,76,3000,0.4,0.1
0.5051,0.1056,ldsc,77,3000,0.4,0.1
0.7002,0.1123,ldsc,78,3000,0.4,0.1
0.4667,0.1044,ldsc,79,3000,0.4,0.1
0.4947,0.1034,ldsc,80,3000,0.4,0.1
0.346,0.0972,ldsc,81,3000,0.4,0.1
0.5173,0.0993,ldsc,82,3000,0.4,0.1
0.6372,0.1064,ldsc,83,3000,0.4,0.1
0.309,0.1,ldsc,84,3000,0.4,0.1
0.3968,0.1022,ldsc,85,3000,0.4,0.1
0.4946,0.1101,ldsc,86,3000,0.4,0.1
0.5362,0.1227,ldsc,87,3000,0.4,0.1
0.3842,0.1005,ldsc,88,3000,0.4,0.1
0.3019,0.1004,ldsc,89,3000,0.4,0.1
0.3275,0.1034,ldsc,90,3000,0.4,0.1
0.22,0.0939,ldsc,91,3000,0.4,0.1
0.4735,0.098,ldsc,92,3000,0.4,0.1
0.317,0.0926,ldsc,93,3000,0.4,0.1
0.471,0.0963,ldsc,94,3000,0.4,0.1
0.4046,0.1011,ldsc,95,3000,0.4,0.1
0.4176,0.0959,ldsc,96,3000,0.4,0.1
0.5302,0.1007,ldsc,97,3000,0.4,0.1
0.3443,0.1022,ldsc,98,3000,0.4,0.1
0.4545,0.0985,ldsc,99,3000,0.4,0.1
0.5392,0.0999,ldsc,0,5000,0.4,0.1
0.4837,0.1067,ldsc,1,5000,0.4,0.1
0.4395,0.0996,ldsc,2,5000,0.4,0.1
0.3774,0.0977,ldsc,3,5000,0.4,0.1
0.4955,0.1342,ldsc,4,5000,0.4,0.1
0.3569,0.1077,ldsc,5,5000,0.4,0.1
0.2862,0.0951,ldsc,6,5000,0.4,0.1
0.3065,0.0957,ldsc,7,5000,0.4,0.1
0.4277,0.1014,ldsc,8,5000,0.4,0.1
0.5182,0.0994,ldsc,9,5000,0.4,0.1
0.3667,0.1017,ldsc,10,5000,0.4,0.1
0.5346,0.1072,ldsc,11,5000,0.4,0.1
0.3802,0.1045,ldsc,12,5000,0.4,0.1
0.3308,0.0946,ldsc,13,5000,0.4,0.1
0.5725,0.1039,ldsc,14,5000,0.4,0.1
0.2609,0.1,ldsc,15,5000,0.4,0.1
0.4038,0.101,ldsc,16,5000,0.4,0.1
0.3714,0.0993,ldsc,17,5000,0.4,0.1
0.5391,0.1073,ldsc,18,5000,0.4,0.1
0.4616,0.0991,ldsc,19,5000,0.4,0.1
0.4255,0.1022,ldsc,20,5000,0.4,0.1
0.2738,0.0995,ldsc,21,5000,0.4,0.1
0.4414,0.0986,ldsc,22,5000,0.4,0.1
0.4058,0.1024,ldsc,23,5000,0.4,0.1
0.4216,0.0964,ldsc,24,5000,0.4,0.1
0.4108,0.0997,ldsc,25,5000,0.4,0.1
0.4179,0.0973,ldsc,26,5000,0.4,0.1
0.1661,0.091,ldsc,27,5000,0.4,0.1
0.3743,0.0969,ldsc,28,5000,0.4,0.1
0.234,0.0956,ldsc,29,5000,0.4,0.1
0.2938,0.0986,ldsc,30,5000,0.4,0.1
0.4956,0.0961,ldsc,31,5000,0.4,0.1
0.2741,0.1015,ldsc,32,5000,0.4,0.1
0.6921,0.1023,ldsc,33,5000,0.4,0.1
0.3423,0.1022,ldsc,34,5000,0.4,0.1
0.543,0.1034,ldsc,35,5000,0.4,0.1
0.56,0.1013,ldsc,36,5000,0.4,0.1
0.4037,0.1037,ldsc,37,5000,0.4,0.1
0.4814,0.1061,ldsc,38,5000,0.4,0.1
0.2158,0.0982,ldsc,39,5000,0.4,0.1
0.4646,0.0958,ldsc,40,5000,0.4,0.1
0.4458,0.1073,ldsc,41,5000,0.4,0.1
0.3989,0.0976,ldsc,42,5000,0.4,0.1
0.1977,0.0995,ldsc,43,5000,0.4,0.1
0.3928,0.0958,ldsc,44,5000,0.4,0.1
0.4956,0.1007,ldsc,45,5000,0.4,0.1
0.1191,0.0919,ldsc,46,5000,0.4,0.1
0.4953,0.1004,ldsc,47,5000,0.4,0.1
0.4355,0.1141,ldsc,48,5000,0.4,0.1
0.514,0.101,ldsc,49,5000,0.4,0.1
0.5123,0.1019,ldsc,50,5000,0.4,0.1
0.2306,0.1037,ldsc,51,5000,0.4,0.1
0.2576,0.1022,ldsc,52,5000,0.4,0.1
0.3058,0.094,ldsc,53,5000,0.4,0.1
0.2568,0.0986,ldsc,54,5000,0.4,0.1
0.4288,0.0934,ldsc,55,5000,0.4,0.1
0.3904,0.0988,ldsc,56,5000,0.4,0.1
0.4993,0.0998,ldsc,57,5000,0.4,0.1
0.3509,0.1057,ldsc,58,5000,0.4,0.1
0.371,0.0965,ldsc,59,5000,0.4,0.1
0.2365,0.0991,ldsc,60,5000,0.4,0.1
0.0911,0.096,ldsc,61,5000,0.4,0.1
0.2946,0.0951,ldsc,62,5000,0.4,0.1
0.5679,0.101,ldsc,63,5000,0.4,0.1
0.2194,0.0968,ldsc,64,5000,0.4,0.1
0.3644,0.0971,ldsc,65,5000,0.4,0.1
0.526,0.0969,ldsc,66,5000,0.4,0.1
0.4554,0.1033,ldsc,67,5000,0.4,0.1
0.2764,0.1053,ldsc,68,5000,0.4,0.1
0.3028,0.092,ldsc,69,5000,0.4,0.1
0.5068,0.1095,ldsc,70,5000,0.4,0.1
0.4523,0.1025,ldsc,71,5000,0.4,0.1
0.1691,0.0946,ldsc,72,5000,0.4,0.1
0.2969,0.1011,ldsc,73,5000,0.4,0.1
0.3356,0.0926,ldsc,74,5000,0.4,0.1
0.4967,0.0964,ldsc,75,5000,0.4,0.1
0.235,0.0967,ldsc,76,5000,0.4,0.1
0.5007,0.1044,ldsc,77,5000,0.4,0.1
0.6948,0.1115,ldsc,78,5000,0.4,0.1
0.4635,0.1037,ldsc,79,5000,0.4,0.1
0.4905,0.1025,ldsc,80,5000,0.4,0.1
0.3422,0.0964,ldsc,81,5000,0.4,0.1
0.5077,0.0982,ldsc,82,5000,0.4,0.1
0.6265,0.104,ldsc,83,5000,0.4,0.1
0.31,0.0992,ldsc,84,5000,0.4,0.1
0.3941,0.1013,ldsc,85,5000,0.4,0.1
0.4869,0.1087,ldsc,86,5000,0.4,0.1
0.5283,0.1208,ldsc,87,5000,0.4,0.1
0.3772,0.0996,ldsc,88,5000,0.4,0.1
0.2957,0.0991,ldsc,89,5000,0.4,0.1
0.3246,0.1027,ldsc,90,5000,0.4,0.1
0.2195,0.0931,ldsc,91,5000,0.4,0.1
0.4703,0.0972,ldsc,92,5000,0.4,0.1
0.3093,0.0918,ldsc,93,5000,0.4,0.1
0.4698,0.0956,ldsc,94,5000,0.4,0.1
0.4045,0.1004,ldsc,95,5000,0.4,0.1
0.4137,0.0952,ldsc,96,5000,0.4,0.1
0.5242,0.0996,ldsc,97,5000,0.4,0.1
0.3414,0.1015,ldsc,98,5000,0.4,0.1
0.4473,0.0973,ldsc,99,5000,0.4,0.1
0.5365,0.099,ldsc,0,10000,0.4,0.1
0.4792,0.1058,ldsc,1,10000,0.4,0.1
0.438,0.0989,ldsc,2,10000,0.4,0.1
0.3706,0.0958,ldsc,3,10000,0.4,0.1
0.4735,0.1258,ldsc,4,10000,0.4,0.1
0.3537,0.1063,ldsc,5,10000,0.4,0.1
0.2829,0.0944,ldsc,6,10000,0.4,0.1
0.3031,0.0949,ldsc,7,10000,0.4,0.1
0.416,0.0994,ldsc,8,10000,0.4,0.1
0.5157,0.0989,ldsc,9,10000,0.4,0.1
0.3639,0.101,ldsc,10,10000,0.4,0.1
0.5203,0.1045,ldsc,11,10000,0.4,0.1
0.3735,0.1033,ldsc,12,10000,0.4,0.1
0.3242,0.0936,ldsc,13,10000,0.4,0.1
0.5573,0.1017,ldsc,14,10000,0.4,0.1
0.2589,0.0986,ldsc,15,10000,0.4,0.1
0.3969,0.1,ldsc,16,10000,0.4,0.1
0.3634,0.0981,ldsc,17,10000,0.4,0.1
0.532,0.1065,ldsc,18,10000,0.4,0.1
0.4557,0.0985,ldsc,19,10000,0.4,0.1
0.4207,0.1016,ldsc,20,10000,0.4,0.1
0.2739,0.0985,ldsc,21,10000,0.4,0.1
0.4369,0.098,ldsc,22,10000,0.4,0.1
0.3933,0.0986,ldsc,23,10000,0.4,0.1
0.4211,0.0956,ldsc,24,10000,0.4,0.1
0.4084,0.0991,ldsc,25,10000,0.4,0.1
0.4124,0.0963,ldsc,26,10000,0.4,0.1
0.1634,0.0899,ldsc,27,10000,0.4,0.1
0.3681,0.0961,ldsc,28,10000,0.4,0.1
0.229,0.0946,ldsc,29,10000,0.4,0.1
0.2912,0.0978,ldsc,30,10000,0.4,0.1
0.4956,0.0952,ldsc,31,10000,0.4,0.1
0.2713,0.1003,ldsc,32,10000,0.4,0.1
0.6846,0.1015,ldsc,33,10000,0.4,0.1
0.3276,0.0984,ldsc,34,10000,0.4,0.1
0.5312,0.1006,ldsc,35,10000,0.4,0.1
0.5462,0.0985,ldsc,36,10000,0.4,0.1
0.4004,0.1028,ldsc,37,10000,0.4,0.1
0.4736,0.1052,ldsc,38,10000,0.4,0.1
0.2126,0.0975,ldsc,39,10000,0.4,0.1
0.4589,0.0948,ldsc,40,10000,0.4,0.1
0.4383,0.1053,ldsc,41,10000,0.4,0.1
0.395,0.0969,ldsc,42,10000,0.4,0.1
0.1941,0.0986,ldsc,43,10000,0.4,0.1
0.3891,0.0951,ldsc,44,10000,0.4,0.1
0.4904,0.0996,ldsc,45,10000,0.4,0.1
0.1186,0.0907,ldsc,46,10000,0.4,0.1
0.4871,0.0997,ldsc,47,10000,0.4,0.1
0.4191,0.1089,ldsc,48,10000,0.4,0.1
0.506,0.0993,ldsc,49,10000,0.4,0.1
0.5071,0.1013,ldsc,50,10000,0.4,0.1
0.2246,0.1024,ldsc,51,10000,0.4,0.1
0.2515,0.1006,ldsc,52,10000,0.4,0.1
0.3037,0.093,ldsc,53,10000,0.4,0.1
0.2465,0.0964,ldsc,54,10000,0.4,0.1
0.4252,0.0924,ldsc,55,10000,0.4,0.1
0.381,0.0959,ldsc,56,10000,0.4,0.1
0.4905,0.0989,ldsc,57,10000,0.4,0.1
0.3439,0.104,ldsc,58,10000,0.4,0.1
0.3694,0.0956,ldsc,59,10000,0.4,0.1
0.2288,0.0977,ldsc,60,10000,0.4,0.1
0.0885,0.0947,ldsc,61,10000,0.4,0.1
0.2901,0.0939,ldsc,62,10000,0.4,0.1
0.5622,0.1,ldsc,63,10000,0.4,0.1
0.2147,0.0955,ldsc,64,10000,0.4,0.1
0.3611,0.096,ldsc,65,10000,0.4,0.1
0.5178,0.0955,ldsc,66,10000,0.4,0.1
0.4463,0.1017,ldsc,67,10000,0.4,0.1
0.2718,0.1042,ldsc,68,10000,0.4,0.1
0.2977,0.0909,ldsc,69,10000,0.4,0.1
0.4998,0.1076,ldsc,70,10000,0.4,0.1
0.4458,0.1015,ldsc,71,10000,0.4,0.1
0.1681,0.0934,ldsc,72,10000,0.4,0.1
0.291,0.1001,ldsc,73,10000,0.4,0.1
0.3292,0.0916,ldsc,74,10000,0.4,0.1
0.4878,0.0957,ldsc,75,10000,0.4,0.1
0.2345,0.0955,ldsc,76,10000,0.4,0.1
0.4953,0.1025,ldsc,77,10000,0.4,0.1
0.6858,0.1102,ldsc,78,10000,0.4,0.1
0.4576,0.1028,ldsc,79,10000,0.4,0.1
0.491,0.1016,ldsc,80,10000,0.4,0.1
0.3367,0.0955,ldsc,81,10000,0.4,0.1
0.4978,0.0969,ldsc,82,10000,0.4,0.1
0.6142,0.1008,ldsc,83,10000,0.4,0.1
0.311,0.0982,ldsc,84,10000,0.4,0.1
0.3919,0.1003,ldsc,85,10000,0.4,0.1
0.4777,0.1068,ldsc,86,10000,0.4,0.1
0.5156,0.1173,ldsc,87,10000,0.4,0.1
0.3714,0.0987,ldsc,88,10000,0.4,0.1
0.286,0.0975,ldsc,89,10000,0.4,0.1
0.3216,0.102,ldsc,90,10000,0.4,0.1
0.2188,0.0922,ldsc,91,10000,0.4,0.1
0.4634,0.0962,ldsc,92,10000,0.4,0.1
0.3028,0.0908,ldsc,93,10000,0.4,0.1
0.4665,0.0949,ldsc,94,10000,0.4,0.1
0.3981,0.0994,ldsc,95,10000,0.4,0.1
0.4103,0.0945,ldsc,96,10000,0.4,0.1
0.5208,0.0979,ldsc,97,10000,0.4,0.1
0.3414,0.1006,ldsc,98,10000,0.4,0.1
0.4393,0.096,ldsc,99,10000,0.4,0.1
0.5367,0.0989,ldsc,0,20000,0.4,0.1
0.4795,0.1057,ldsc,1,20000,0.4,0.1
0.436,0.0988,ldsc,2,20000,0.4,0.1
0.3698,0.0956,ldsc,3,20000,0.4,0.1
0.4716,0.1259,ldsc,4,20000,0.4,0.1
0.3529,0.1062,ldsc,5,20000,0.4,0.1
0.2859,0.0944,ldsc,6,20000,0.4,0.1
0.3016,0.0947,ldsc,7,20000,0.4,0.1
0.416,0.0993,ldsc,8,20000,0.4,0.1
0.5154,0.0989,ldsc,9,20000,0.4,0.1
0.362,0.1009,ldsc,10,20000,0.4,0.1
0.5208,0.1045,ldsc,11,20000,0.4,0.1
0.3754,0.1031,ldsc,12,20000,0.4,0.1
0.3254,0.0935,ldsc,13,20000,0.4,0.1
0.5581,0.1016,ldsc,14,20000,0.4,0.1
0.2613,0.0985,ldsc,15,20000,0.4,0.1
0.3979,0.0999,ldsc,16,20000,0.4,0.1
0.3642,0.098,ldsc,17,20000,0.4,0.1
0.5325,0.1064,ldsc,18,20000,0.4,0.1
0.4507,0.0984,ldsc,19,20000,0.4,0.1
0.4237,0.1015,ldsc,20,20000,0.4,0.1
0.2753,0.0984,ldsc,21,20000,0.4,0.1
0.4381,0.0979,ldsc,22,20000,0.4,0.1
0.3913,0.0986,ldsc,23,20000,0.4,0.1
0.422,0.0955,ldsc,24,20000,0.4,0.1
0.4062,0.0991,ldsc,25,20000,0.4,0.1
0.4116,0.0962,ldsc,26,20000,0.4,0.1
0.164,0.0898,ldsc,27,20000,0.4,0.1
0.3658,0.096,ldsc,28,20000,0.4,0.1
0.2278,0.0946,ldsc,29,20000,0.4,0.1
0.2922,0.0977,ldsc,30,20000,0.4,0.1
0.4943,0.0952,ldsc,31,20000,0.4,0.1
0.2711,0.1002,ldsc,32,20000,0.4,0.1
0.686,0.1015,ldsc,33,20000,0.4,0.1
0.3275,0.0983,ldsc,34,20000,0.4,0.1
0.531,0.1005,ldsc,35,20000,0.4,0.1
0.5442,0.0984,ldsc,36,20000,0.4,0.1
0.401,0.1027,ldsc,37,20000,0.4,0.1
0.4708,0.1051,ldsc,38,20000,0.4,0.1
0.2132,0.0974,ldsc,39,20000,0.4,0.1
0.4567,0.0947,ldsc,40,20000,0.4,0.1
0.4372,0.1052,ldsc,41,20000,0.4,0.1
0.393,0.0968,ldsc,42,20000,0.4,0.1
0.1922,0.0985,ldsc,43,20000,0.4,0.1
0.3891,0.095,ldsc,44,20000,0.4,0.1
0.4892,0.0995,ldsc,45,20000,0.4,0.1
0.1181,0.0906,ldsc,46,20000,0.4,0.1
0.4864,0.0996,ldsc,47,20000,0.4,0.1
0.4181,0.1089,ldsc,48,20000,0.4,0.1
0.5019,0.0993,ldsc,49,20000,0.4,0.1
0.5056,0.1012,ldsc,50,20000,0.4,0.1
0.222,0.1023,ldsc,51,20000,0.4,0.1
0.2515,0.1005,ldsc,52,20000,0.4,0.1
0.3039,0.0929,ldsc,53,20000,0.4,0.1
0.2462,0.0963,ldsc,54,20000,0.4,0.1
0.4244,0.0924,ldsc,55,20000,0.4,0.1
0.38,0.0958,ldsc,56,20000,0.4,0.1
0.4892,0.0988,ldsc,57,20000,0.4,0.1
0.3434,0.1039,ldsc,58,20000,0.4,0.1
0.3701,0.0956,ldsc,59,20000,0.4,0.1
0.2286,0.0976,ldsc,60,20000,0.4,0.1
0.0888,0.0946,ldsc,61,20000,0.4,0.1
0.2908,0.0939,ldsc,62,20000,0.4,0.1
0.5623,0.0999,ldsc,63,20000,0.4,0.1
0.2134,0.0955,ldsc,64,20000,0.4,0.1
0.3598,0.0959,ldsc,65,20000,0.4,0.1
0.5204,0.0955,ldsc,66,20000,0.4,0.1
0.4449,0.1016,ldsc,67,20000,0.4,0.1
0.2749,0.1041,ldsc,68,20000,0.4,0.1
0.2972,0.0908,ldsc,69,20000,0.4,0.1
0.5004,0.1075,ldsc,70,20000,0.4,0.1
0.4445,0.1014,ldsc,71,20000,0.4,0.1
0.1707,0.0934,ldsc,72,20000,0.4,0.1
0.2885,0.1,ldsc,73,20000,0.4,0.1
0.3296,0.0916,ldsc,74,20000,0.4,0.1
0.4882,0.0956,ldsc,75,20000,0.4,0.1
0.2357,0.0954,ldsc,76,20000,0.4,0.1
0.4937,0.1024,ldsc,77,20000,0.4,0.1
0.6829,0.1101,ldsc,78,20000,0.4,0.1
0.4576,0.1027,ldsc,79,20000,0.4,0.1
0.4925,0.1015,ldsc,80,20000,0.4,0.1
0.3355,0.0954,ldsc,81,20000,0.4,0.1
0.4949,0.0968,ldsc,82,20000,0.4,0.1
0.617,0.1008,ldsc,83,20000,0.4,0.1
0.3119,0.0981,ldsc,84,20000,0.4,0.1
0.3922,0.1003,ldsc,85,20000,0.4,0.1
0.4785,0.1067,ldsc,86,20000,0.4,0.1
0.5154,0.1171,ldsc,87,20000,0.4,0.1
0.3702,0.0987,ldsc,88,20000,0.4,0.1
0.2868,0.0974,ldsc,89,20000,0.4,0.1
0.3214,0.102,ldsc,90,20000,0.4,0.1
0.2174,0.0921,ldsc,91,20000,0.4,0.1
0.4628,0.0961,ldsc,92,20000,0.4,0.1
0.3025,0.0907,ldsc,93,20000,0.4,0.1
0.4659,0.0948,ldsc,94,20000,0.4,0.1
0.3984,0.0993,ldsc,95,20000,0.4,0.1
0.4105,0.0945,ldsc,96,20000,0.4,0.1
0.5212,0.0978,ldsc,97,20000,0.4,0.1
0.3403,0.1005,ldsc,98,20000,0.4,0.1
0.4391,0.0959,ldsc,99,20000,0.4,0.1
0.5362,0.099,ldsc,0,30000,0.4,0.1
0.4775,0.1056,ldsc,1,30000,0.4,0.1
0.4364,0.0988,ldsc,2,30000,0.4,0.1
0.3712,0.0956,ldsc,3,30000,0.4,0.1
0.4706,0.1259,ldsc,4,30000,0.4,0.1
0.3518,0.1062,ldsc,5,30000,0.4,0.1
0.2883,0.0943,ldsc,6,30000,0.4,0.1
0.3001,0.0947,ldsc,7,30000,0.4,0.1
0.4149,0.0994,ldsc,8,30000,0.4,0.1
0.5135,0.0988,ldsc,9,30000,0.4,0.1
0.3612,0.1009,ldsc,10,30000,0.4,0.1
0.5191,0.1044,ldsc,11,30000,0.4,0.1
0.3763,0.103,ldsc,12,30000,0.4,0.1
0.3255,0.0935,ldsc,13,30000,0.4,0.1
0.558,0.1016,ldsc,14,30000,0.4,0.1
0.2612,0.0985,ldsc,15,30000,0.4,0.1
0.3974,0.0999,ldsc,16,30000,0.4,0.1
0.3617,0.0981,ldsc,17,30000,0.4,0.1
0.5337,0.1064,ldsc,18,30000,0.4,0.1
0.4503,0.0984,ldsc,19,30000,0.4,0.1
0.4231,0.1016,ldsc,20,30000,0.4,0.1
0.2752,0.0984,ldsc,21,30000,0.4,0.1
0.4422,0.0979,ldsc,22,30000,0.4,0.1
0.3913,0.0985,ldsc,23,30000,0.4,0.1
0.4214,0.0955,ldsc,24,30000,0.4,0.1
0.4074,0.0991,ldsc,25,30000,0.4,0.1
0.4103,0.0962,ldsc,26,30000,0.4,0.1
0.1634,0.0898,ldsc,27,30000,0.4,0.1
0.3658,0.096,ldsc,28,30000,0.4,0.1
0.2281,0.0946,ldsc,29,30000,0.4,0.1
0.291,0.0977,ldsc,30,30000,0.4,0.1
0.4946,0.0952,ldsc,31,30000,0.4,0.1
0.2694,0.1002,ldsc,32,30000,0.4,0.1
0.686,0.1015,ldsc,33,30000,0.4,0.1
0.3275,0.0983,ldsc,34,30000,0.4,0.1
0.5317,0.1004,ldsc,35,30000,0.4,0.1
0.5468,0.0984,ldsc,36,30000,0.4,0.1
0.4021,0.1027,ldsc,37,30000,0.4,0.1
0.471,0.1051,ldsc,38,30000,0.4,0.1
0.2149,0.0974,ldsc,39,30000,0.4,0.1
0.4581,0.0947,ldsc,40,30000,0.4,0.1
0.4374,0.1051,ldsc,41,30000,0.4,0.1
0.3922,0.0968,ldsc,42,30000,0.4,0.1
0.1909,0.0985,ldsc,43,30000,0.4,0.1
0.3881,0.095,ldsc,44,30000,0.4,0.1
0.4889,0.0995,ldsc,45,30000,0.4,0.1
0.117,0.0906,ldsc,46,30000,0.4,0.1
0.4858,0.0996,ldsc,47,30000,0.4,0.1
0.418,0.1089,ldsc,48,30000,0.4,0.1
0.5019,0.0993,ldsc,49,30000,0.4,0.1
0.5055,0.1012,ldsc,50,30000,0.4,0.1
0.2219,0.1022,ldsc,51,30000,0.4,0.1
0.2537,0.1004,ldsc,52,30000,0.4,0.1
0.3046,0.0929,ldsc,53,30000,0.4,0.1
0.2481,0.0963,ldsc,54,30000,0.4,0.1
0.4269,0.0924,ldsc,55,30000,0.4,0.1
0.379,0.0958,ldsc,56,30000,0.4,0.1
0.489,0.0988,ldsc,57,30000,0.4,0.1
0.3409,0.104,ldsc,58,30000,0.4,0.1
0.3723,0.0956,ldsc,59,30000,0.4,0.1
0.2296,0.0976,ldsc,60,30000,0.4,0.1
0.0852,0.0946,ldsc,61,30000,0.4,0.1
0.2898,0.0939,ldsc,62,30000,0.4,0.1
0.5642,0.0999,ldsc,63,30000,0.4,0.1
0.2136,0.0955,ldsc,64,30000,0.4,0.1
0.359,0.0958,ldsc,65,30000,0.4,0.1
0.519,0.0955,ldsc,66,30000,0.4,0.1
0.4432,0.1016,ldsc,67,30000,0.4,0.1
0.275,0.1041,ldsc,68,30000,0.4,0.1
0.2949,0.0909,ldsc,69,30000,0.4,0.1
0.5009,0.1074,ldsc,70,30000,0.4,0.1
0.4431,0.1014,ldsc,71,30000,0.4,0.1
0.1711,0.0933,ldsc,72,30000,0.4,0.1
0.2883,0.1,ldsc,73,30000,0.4,0.1
0.3315,0.0916,ldsc,74,30000,0.4,0.1
0.4883,0.0956,ldsc,75,30000,0.4,0.1
0.2358,0.0953,ldsc,76,30000,0.4,0.1
0.4943,0.1024,ldsc,77,30000,0.4,0.1
0.682,0.11,ldsc,78,30000,0.4,0.1
0.4565,0.1027,ldsc,79,30000,0.4,0.1
0.4933,0.1015,ldsc,80,30000,0.4,0.1
0.3355,0.0954,ldsc,81,30000,0.4,0.1
0.4965,0.0968,ldsc,82,30000,0.4,0.1
0.617,0.1008,ldsc,83,30000,0.4,0.1
0.3127,0.0981,ldsc,84,30000,0.4,0.1
0.3925,0.1002,ldsc,85,30000,0.4,0.1
0.4787,0.1066,ldsc,86,30000,0.4,0.1
0.5144,0.1171,ldsc,87,30000,0.4,0.1
0.3704,0.0987,ldsc,88,30000,0.4,0.1
0.2852,0.0974,ldsc,89,30000,0.4,0.1
0.3218,0.102,ldsc,90,30000,0.4,0.1
0.2179,0.0922,ldsc,91,30000,0.4,0.1
0.4634,0.0962,ldsc,92,30000,0.4,0.1
0.2986,0.0907,ldsc,93,30000,0.4,0.1
0.4648,0.0948,ldsc,94,30000,0.4,0.1
0.3976,0.0993,ldsc,95,30000,0.4,0.1
0.4118,0.0945,ldsc,96,30000,0.4,0.1
0.5219,0.0979,ldsc,97,30000,0.4,0.1
0.3403,0.1005,ldsc,98,30000,0.4,0.1
0.4406,0.0959,ldsc,99,30000,0.4,0.1
0.5384,0.099,ldsc,0,50000,0.4,0.1
0.4814,0.1055,ldsc,1,50000,0.4,0.1
0.4364,0.0987,ldsc,2,50000,0.4,0.1
0.3685,0.0955,ldsc,3,50000,0.4,0.1
0.4694,0.126,ldsc,4,50000,0.4,0.1
0.3486,0.1061,ldsc,5,50000,0.4,0.1
0.2909,0.0943,ldsc,6,50000,0.4,0.1
0.2988,0.0946,ldsc,7,50000,0.4,0.1
0.4157,0.0994,ldsc,8,50000,0.4,0.1
0.5113,0.0984,ldsc,9,50000,0.4,0.1
0.3561,0.101,ldsc,10,50000,0.4,0.1
0.5256,0.1043,ldsc,11,50000,0.4,0.1
0.3779,0.1029,ldsc,12,50000,0.4,0.1
0.3217,0.0935,ldsc,13,50000,0.4,0.1
0.5636,0.1014,ldsc,14,50000,0.4,0.1
0.2639,0.0982,ldsc,15,50000,0.4,0.1
0.4006,0.0999,ldsc,16,50000,0.4,0.1
0.3597,0.0981,ldsc,17,50000,0.4,0.1
0.5346,0.1064,ldsc,18,50000,0.4,0.1
0.4594,0.0983,ldsc,19,50000,0.4,0.1
0.4242,0.1014,ldsc,20,50000,0.4,0.1
0.2799,0.0983,ldsc,21,50000,0.4,0.1
0.4424,0.0979,ldsc,22,50000,0.4,0.1
0.3874,0.0986,ldsc,23,50000,0.4,0.1
0.425,0.0953,ldsc,24,50000,0.4,0.1
0.402,0.0991,ldsc,25,50000,0.4,0.1
0.4103,0.0961,ldsc,26,50000,0.4,0.1
0.1629,0.0896,ldsc,27,50000,0.4,0.1
0.3578,0.096,ldsc,28,50000,0.4,0.1
0.2247,0.0945,ldsc,29,50000,0.4,0.1
0.2885,0.0976,ldsc,30,50000,0.4,0.1
0.4912,0.0952,ldsc,31,50000,0.4,0.1
0.2652,0.1002,ldsc,32,50000,0.4,0.1
0.6869,0.1011,ldsc,33,50000,0.4,0.1
0.3277,0.0982,ldsc,34,50000,0.4,0.1
0.5342,0.1003,ldsc,35,50000,0.4,0.1
0.5486,0.0983,ldsc,36,50000,0.4,0.1
0.405,0.1025,ldsc,37,50000,0.4,0.1
0.4699,0.1049,ldsc,38,50000,0.4,0.1
0.219,0.0973,ldsc,39,50000,0.4,0.1
0.4472,0.0948,ldsc,40,50000,0.4,0.1
0.4286,0.1051,ldsc,41,50000,0.4,0.1
0.3909,0.0967,ldsc,42,50000,0.4,0.1
0.1941,0.0983,ldsc,43,50000,0.4,0.1
0.3802,0.0948,ldsc,44,50000,0.4,0.1
0.4914,0.0994,ldsc,45,50000,0.4,0.1
0.1188,0.0906,ldsc,46,50000,0.4,0.1
0.4836,0.0995,ldsc,47,50000,0.4,0.1
0.4156,0.1089,ldsc,48,50000,0.4,0.1
0.512,0.0991,ldsc,49,50000,0.4,0.1
0.5027,0.1011,ldsc,50,50000,0.4,0.1
0.2228,0.1021,ldsc,51,50000,0.4,0.1
0.2607,0.1001,ldsc,52,50000,0.4,0.1
0.3075,0.0929,ldsc,53,50000,0.4,0.1
0.2489,0.096,ldsc,54,50000,0.4,0.1
0.424,0.0925,ldsc,55,50000,0.4,0.1
0.3813,0.0957,ldsc,56,50000,0.4,0.1
0.4852,0.0986,ldsc,57,50000,0.4,0.1
0.3397,0.1038,ldsc,58,50000,0.4,0.1
0.3748,0.0956,ldsc,59,50000,0.4,0.1
0.2335,0.0977,ldsc,60,50000,0.4,0.1
0.0835,0.0946,ldsc,61,50000,0.4,0.1
0.2948,0.094,ldsc,62,50000,0.4,0.1
0.5689,0.0996,ldsc,63,50000,0.4,0.1
0.2187,0.0954,ldsc,64,50000,0.4,0.1
0.3608,0.0959,ldsc,65,50000,0.4,0.1
0.5193,0.0955,ldsc,66,50000,0.4,0.1
0.4456,0.1016,ldsc,67,50000,0.4,0.1
0.2726,0.1041,ldsc,68,50000,0.4,0.1
0.294,0.0908,ldsc,69,50000,0.4,0.1
0.4968,0.1076,ldsc,70,50000,0.4,0.1
0.442,0.1015,ldsc,71,50000,0.4,0.1
0.1644,0.0933,ldsc,72,50000,0.4,0.1
0.2856,0.0998,ldsc,73,50000,0.4,0.1
0.3316,0.0915,ldsc,74,50000,0.4,0.1
0.4871,0.0955,ldsc,75,50000,0.4,0.1
0.2333,0.0954,ldsc,76,50000,0.4,0.1
0.4945,0.1024,ldsc,77,50000,0.4,0.1
0.6769,0.11,ldsc,78,50000,0.4,0.1
0.4611,0.1027,ldsc,79,50000,0.4,0.1
0.4917,0.1013,ldsc,80,50000,0.4,0.1
0.3415,0.0953,ldsc,81,50000,0.4,0.1
0.4909,0.0969,ldsc,82,50000,0.4,0.1
0.615,0.1007,ldsc,83,50000,0.4,0.1
0.3172,0.0981,ldsc,84,50000,0.4,0.1
0.391,0.1001,ldsc,85,50000,0.4,0.1
0.4748,0.1069,ldsc,86,50000,0.4,0.1
0.5051,0.1174,ldsc,87,50000,0.4,0.1
0.3718,0.0983,ldsc,88,50000,0.4,0.1
0.2918,0.0973,ldsc,89,50000,0.4,0.1
0.3248,0.1019,ldsc,90,50000,0.4,0.1
0.2159,0.0922,ldsc,91,50000,0.4,0.1
0.4599,0.0962,ldsc,92,50000,0.4,0.1
0.3011,0.0908,ldsc,93,50000,0.4,0.1
0.4709,0.0948,ldsc,94,50000,0.4,0.1
0.401,0.0992,ldsc,95,50000,0.4,0.1
0.4078,0.0944,ldsc,96,50000,0.4,0.1
0.5235,0.0978,ldsc,97,50000,0.4,0.1
0.3364,0.1006,ldsc,98,50000,0.4,0.1
0.4423,0.096,ldsc,99,50000,0.4,0.1
0.5357,0.1093,ldsc,0,1000,0.4,0.01
0.3919,0.1028,ldsc,1,1000,0.4,0.01
0.3746,0.0977,ldsc,2,1000,0.4,0.01
0.3919,0.1075,ldsc,3,1000,0.4,0.01
0.2812,0.1005,ldsc,4,1000,0.4,0.01
0.2108,0.0973,ldsc,5,1000,0.4,0.01
0.5574,0.1062,ldsc,6,1000,0.4,0.01
0.1633,0.1103,ldsc,7,1000,0.4,0.01
0.2002,0.1114,ldsc,8,1000,0.4,0.01
0.5836,0.1308,ldsc,9,1000,0.4,0.01
0.2633,0.1038,ldsc,10,1000,0.4,0.01
0.5265,0.1172,ldsc,11,1000,0.4,0.01
0.4325,0.1047,ldsc,12,1000,0.4,0.01
0.4899,0.1221,ldsc,13,1000,0.4,0.01
0.4915,0.1075,ldsc,14,1000,0.4,0.01
0.3948,0.1169,ldsc,15,1000,0.4,0.01
0.5041,0.113,ldsc,16,1000,0.4,0.01
0.377,0.0984,ldsc,17,1000,0.4,0.01
0.482,0.1038,ldsc,18,1000,0.4,0.01
0.3822,0.1002,ldsc,19,1000,0.4,0.01
0.3965,0.1068,ldsc,20,1000,0.4,0.01
0.2358,0.1051,ldsc,21,1000,0.4,0.01
0.3951,0.1069,ldsc,22,1000,0.4,0.01
0.4331,0.1056,ldsc,23,1000,0.4,0.01
0.3902,0.1014,ldsc,24,1000,0.4,0.01
0.496,0.1111,ldsc,25,1000,0.4,0.01
0.5942,0.1416,ldsc,26,1000,0.4,0.01
0.5856,0.1107,ldsc,27,1000,0.4,0.01
0.5595,0.1047,ldsc,28,1000,0.4,0.01
0.4448,0.1065,ldsc,29,1000,0.4,0.01
0.375,0.1,ldsc,30,1000,0.4,0.01
0.6484,0.1204,ldsc,31,1000,0.4,0.01
0.3546,0.1127,ldsc,32,1000,0.4,0.01
0.4886,0.0997,ldsc,33,1000,0.4,0.01
0.3477,0.1071,ldsc,34,1000,0.4,0.01
0.5046,0.1026,ldsc,35,1000,0.4,0.01
0.4357,0.1039,ldsc,36,1000,0.4,0.01
0.4666,0.1125,ldsc,37,1000,0.4,0.01
0.4341,0.1052,ldsc,38,1000,0.4,0.01
0.4965,0.1098,ldsc,39,1000,0.4,0.01
0.2825,0.1381,ldsc,40,1000,0.4,0.01
0.3296,0.1075,ldsc,41,1000,0.4,0.01
0.3878,0.1071,ldsc,42,1000,0.4,0.01
0.3559,0.1091,ldsc,43,1000,0.4,0.01
0.3568,0.1094,ldsc,44,1000,0.4,0.01
0.2016,0.1167,ldsc,45,1000,0.4,0.01
0.5308,0.109,ldsc,46,1000,0.4,0.01
0.511,0.1049,ldsc,47,1000,0.4,0.01
0.4992,0.1082,ldsc,48,1000,0.4,0.01
0.385,0.1314,ldsc,49,1000,0.4,0.01
0.4546,0.105,ldsc,50,1000,0.4,0.01
0.6177,0.104,ldsc,51,1000,0.4,0.01
0.605,0.1115,ldsc,52,1000,0.4,0.01
0.552,0.1109,ldsc,53,1000,0.4,0.01
0.5547,0.1044,ldsc,54,1000,0.4,0.01
0.64,0.1069,ldsc,55,1000,0.4,0.01
0.3843,0.1013,ldsc,56,1000,0.4,0.01
0.5399,0.1072,ldsc,57,1000,0.4,0.01
0.3649,0.105,ldsc,58,1000,0.4,0.01
0.6148,0.1089,ldsc,59,1000,0.4,0.01
0.4094,0.0982,ldsc,60,1000,0.4,0.01
0.3527,0.1059,ldsc,61,1000,0.4,0.01
0.5653,0.1173,ldsc,62,1000,0.4,0.01
0.3501,0.1039,ldsc,63,1000,0.4,0.01
0.2995,0.1024,ldsc,64,1000,0.4,0.01
0.5133,0.1085,ldsc,65,1000,0.4,0.01
0.3077,0.1046,ldsc,66,1000,0.4,0.01
0.7097,0.1203,ldsc,67,1000,0.4,0.01
0.3535,0.1078,ldsc,68,1000,0.4,0.01
0.3679,0.1,ldsc,69,1000,0.4,0.01
0.4888,0.1043,ldsc,70,1000,0.4,0.01
0.3893,0.1054,ldsc,71,1000,0.4,0.01
0.5095,0.1106,ldsc,72,1000,0.4,0.01
0.2795,0.1186,ldsc,73,1000,0.4,0.01
0.3786,0.1096,ldsc,74,1000,0.4,0.01
0.3433,0.1048,ldsc,75,1000,0.4,0.01
0.36,0.1026,ldsc,76,1000,0.4,0.01
0.6153,0.1052,ldsc,77,1000,0.4,0.01
0.415,0.1112,ldsc,78,1000,0.4,0.01
0.611,0.1031,ldsc,79,1000,0.4,0.01
0.5539,0.1115,ldsc,80,1000,0.4,0.01
0.5453,0.1097,ldsc,81,1000,0.4,0.01
0.3272,0.1032,ldsc,82,1000,0.4,0.01
0.2681,0.1036,ldsc,83,1000,0.4,0.01
0.3348,0.1039,ldsc,84,1000,0.4,0.01
0.1558,0.099,ldsc,85,1000,0.4,0.01
0.3901,0.1062,ldsc,86,1000,0.4,0.01
0.1265,0.1003,ldsc,87,1000,0.4,0.01
0.3798,0.1051,ldsc,88,1000,0.4,0.01
0.2424,0.0964,ldsc,89,1000,0.4,0.01
0.4541,0.1022,ldsc,90,1000,0.4,0.01
0.4619,0.1234,ldsc,91,1000,0.4,0.01
0.5246,0.109,ldsc,92,1000,0.4,0.01
0.2411,0.1079,ldsc,93,1000,0.4,0.01
0.4396,0.1212,ldsc,94,1000,0.4,0.01
0.5596,0.1072,ldsc,95,1000,0.4,0.01
0.373,0.1102,ldsc,96,1000,0.4,0.01
0.446,0.1056,ldsc,97,1000,0.4,0.01
0.562,0.1244,ldsc,98,1000,0.4,0.01
0.3927,0.1137,ldsc,99,1000,0.4,0.01
0.5155,0.1073,ldsc,0,2000,0.4,0.01
0.3866,0.1006,ldsc,1,2000,0.4,0.01
0.3637,0.0956,ldsc,2,2000,0.4,0.01
0.3818,0.1052,ldsc,3,2000,0.4,0.01
0.2776,0.0983,ldsc,4,2000,0.4,0.01
0.2073,0.0954,ldsc,5,2000,0.4,0.01
0.5415,0.1041,ldsc,6,2000,0.4,0.01
0.1559,0.1079,ldsc,7,2000,0.4,0.01
0.1871,0.109,ldsc,8,2000,0.4,0.01
0.5672,0.1273,ldsc,9,2000,0.4,0.01
0.2515,0.1018,ldsc,10,2000,0.4,0.01
0.5141,0.1144,ldsc,11,2000,0.4,0.01
0.425,0.1025,ldsc,12,2000,0.4,0.01
0.4758,0.119,ldsc,13,2000,0.4,0.01
0.4795,0.1047,ldsc,14,2000,0.4,0.01
0.3885,0.1141,ldsc,15,2000,0.4,0.01
0.4929,0.1098,ldsc,16,2000,0.4,0.01
0.3684,0.0963,ldsc,17,2000,0.4,0.01
0.4712,0.1019,ldsc,18,2000,0.4,0.01
0.3702,0.0978,ldsc,19,2000,0.4,0.01
0.3848,0.1045,ldsc,20,2000,0.4,0.01
0.23,0.103,ldsc,21,2000,0.4,0.01
0.3875,0.1043,ldsc,22,2000,0.4,0.01
0.42,0.1035,ldsc,23,2000,0.4,0.01
0.3882,0.0993,ldsc,24,2000,0.4,0.01
0.4787,0.1087,ldsc,25,2000,0.4,0.01
0.5849,0.136,ldsc,26,2000,0.4,0.01
0.5685,0.1082,ldsc,27,2000,0.4,0.01
0.5426,0.1025,ldsc,28,2000,0.4,0.01
0.435,0.1041,ldsc,29,2000,0.4,0.01
0.3641,0.0974,ldsc,30,2000,0.4,0.01
0.6335,0.1166,ldsc,31,2000,0.4,0.01
0.3407,0.1095,ldsc,32,2000,0.4,0.01
0.4781,0.0975,ldsc,33,2000,0.4,0.01
0.3404,0.1051,ldsc,34,2000,0.4,0.01
0.4863,0.0995,ldsc,35,2000,0.4,0.01
0.4182,0.1016,ldsc,36,2000,0.4,0.01
0.4591,0.1102,ldsc,37,2000,0.4,0.01
0.4254,0.1025,ldsc,38,2000,0.4,0.01
0.4812,0.1074,ldsc,39,2000,0.4,0.01
0.2763,0.1352,ldsc,40,2000,0.4,0.01
0.3231,0.1055,ldsc,41,2000,0.4,0.01
0.3825,0.104,ldsc,42,2000,0.4,0.01
0.3485,0.1068,ldsc,43,2000,0.4,0.01
0.3478,0.1068,ldsc,44,2000,0.4,0.01
0.1929,0.1142,ldsc,45,2000,0.4,0.01
0.5202,0.1065,ldsc,46,2000,0.4,0.01
0.503,0.1029,ldsc,47,2000,0.4,0.01
0.4839,0.1059,ldsc,48,2000,0.4,0.01
0.3749,0.128,ldsc,49,2000,0.4,0.01
0.4471,0.1031,ldsc,50,2000,0.4,0.01
0.6022,0.102,ldsc,51,2000,0.4,0.01
0.6,0.1096,ldsc,52,2000,0.4,0.01
0.5351,0.1078,ldsc,53,2000,0.4,0.01
0.5414,0.1021,ldsc,54,2000,0.4,0.01
0.6176,0.1045,ldsc,55,2000,0.4,0.01
0.3758,0.0993,ldsc,56,2000,0.4,0.01
0.5303,0.1048,ldsc,57,2000,0.4,0.01
0.3573,0.1029,ldsc,58,2000,0.4,0.01
0.5985,0.1069,ldsc,59,2000,0.4,0.01
0.3935,0.0959,ldsc,60,2000,0.4,0.01
0.3416,0.1037,ldsc,61,2000,0.4,0.01
0.555,0.1135,ldsc,62,2000,0.4,0.01
0.3467,0.1014,ldsc,63,2000,0.4,0.01
0.2899,0.1003,ldsc,64,2000,0.4,0.01
0.5045,0.1063,ldsc,65,2000,0.4,0.01
0.3068,0.1023,ldsc,66,2000,0.4,0.01
0.6952,0.117,ldsc,67,2000,0.4,0.01
0.3443,0.1055,ldsc,68,2000,0.4,0.01
0.3609,0.0979,ldsc,69,2000,0.4,0.01
0.4801,0.1021,ldsc,70,2000,0.4,0.01
0.377,0.1032,ldsc,71,2000,0.4,0.01
0.4963,0.1083,ldsc,72,2000,0.4,0.01
0.2794,0.1159,ldsc,73,2000,0.4,0.01
0.3718,0.1074,ldsc,74,2000,0.4,0.01
0.3346,0.1028,ldsc,75,2000,0.4,0.01
0.3506,0.1006,ldsc,76,2000,0.4,0.01
0.5992,0.1027,ldsc,77,2000,0.4,0.01
0.4012,0.1093,ldsc,78,2000,0.4,0.01
0.5928,0.1005,ldsc,79,2000,0.4,0.01
0.5416,0.1086,ldsc,80,2000,0.4,0.01
0.5317,0.1072,ldsc,81,2000,0.4,0.01
0.3085,0.1012,ldsc,82,2000,0.4,0.01
0.2596,0.1011,ldsc,83,2000,0.4,0.01
0.3256,0.1021,ldsc,84,2000,0.4,0.01
0.1514,0.0968,ldsc,85,2000,0.4,0.01
0.3897,0.1042,ldsc,86,2000,0.4,0.01
0.1229,0.098,ldsc,87,2000,0.4,0.01
0.3672,0.1032,ldsc,88,2000,0.4,0.01
0.2406,0.0944,ldsc,89,2000,0.4,0.01
0.4384,0.1002,ldsc,90,2000,0.4,0.01
0.4508,0.1201,ldsc,91,2000,0.4,0.01
0.5124,0.1066,ldsc,92,2000,0.4,0.01
0.2323,0.1054,ldsc,93,2000,0.4,0.01
0.4322,0.1179,ldsc,94,2000,0.4,0.01
0.5467,0.1049,ldsc,95,2000,0.4,0.01
0.3632,0.1076,ldsc,96,2000,0.4,0.01
0.4297,0.1034,ldsc,97,2000,0.4,0.01
0.5438,0.1195,ldsc,98,2000,0.4,0.01
0.3772,0.1112,ldsc,99,2000,0.4,0.01
0.5101,0.1067,ldsc,0,3000,0.4,0.01
0.3864,0.1,ldsc,1,3000,0.4,0.01
0.3596,0.095,ldsc,2,3000,0.4,0.01
0.3805,0.1046,ldsc,3,3000,0.4,0.01
0.2753,0.0976,ldsc,4,3000,0.4,0.01
0.206,0.0948,ldsc,5,3000,0.4,0.01
0.5368,0.1036,ldsc,6,3000,0.4,0.01
0.1536,0.1071,ldsc,7,3000,0.4,0.01
0.1844,0.1083,ldsc,8,3000,0.4,0.01
0.5632,0.1264,ldsc,9,3000,0.4,0.01
0.2471,0.1012,ldsc,10,3000,0.4,0.01
0.5101,0.1137,ldsc,11,3000,0.4,0.01
0.4233,0.102,ldsc,12,3000,0.4,0.01
0.4742,0.1181,ldsc,13,3000,0.4,0.01
0.4755,0.104,ldsc,14,3000,0.4,0.01
0.3845,0.1135,ldsc,15,3000,0.4,0.01
0.4885,0.109,ldsc,16,3000,0.4,0.01
0.3658,0.0957,ldsc,17,3000,0.4,0.01
0.4677,0.1013,ldsc,18,3000,0.4,0.01
0.3668,0.0971,ldsc,19,3000,0.4,0.01
0.381,0.1039,ldsc,20,3000,0.4,0.01
0.2278,0.1024,ldsc,21,3000,0.4,0.01
0.3861,0.1035,ldsc,22,3000,0.4,0.01
0.4151,0.1029,ldsc,23,3000,0.4,0.01
0.3866,0.0986,ldsc,24,3000,0.4,0.01
0.4728,0.1081,ldsc,25,3000,0.4,0.01
0.5813,0.1346,ldsc,26,3000,0.4,0.01
0.5637,0.1075,ldsc,27,3000,0.4,0.01
0.5391,0.1019,ldsc,28,3000,0.4,0.01
0.433,0.1034,ldsc,29,3000,0.4,0.01
0.362,0.0967,ldsc,30,3000,0.4,0.01
0.6283,0.1156,ldsc,31,3000,0.4,0.01
0.3376,0.1086,ldsc,32,3000,0.4,0.01
0.4743,0.0969,ldsc,33,3000,0.4,0.01
0.3386,0.1046,ldsc,34,3000,0.4,0.01
0.48,0.0986,ldsc,35,3000,0.4,0.01
0.4127,0.1009,ldsc,36,3000,0.4,0.01
0.4566,0.1095,ldsc,37,3000,0.4,0.01
0.4234,0.1017,ldsc,38,3000,0.4,0.01
0.4772,0.1068,ldsc,39,3000,0.4,0.01
0.2752,0.1344,ldsc,40,3000,0.4,0.01
0.3198,0.1049,ldsc,41,3000,0.4,0.01
0.3786,0.1032,ldsc,42,3000,0.4,0.01
0.3454,0.1062,ldsc,43,3000,0.4,0.01
0.3447,0.1061,ldsc,44,3000,0.4,0.01
0.1901,0.1135,ldsc,45,3000,0.4,0.01
0.5167,0.106,ldsc,46,3000,0.4,0.01
0.4998,0.1023,ldsc,47,3000,0.4,0.01
0.4793,0.1053,ldsc,48,3000,0.4,0.01
0.3728,0.1271,ldsc,49,3000,0.4,0.01
0.4434,0.1025,ldsc,50,3000,0.4,0.01
0.5975,0.1014,ldsc,51,3000,0.4,0.01
0.5985,0.109,ldsc,52,3000,0.4,0.01
0.5308,0.107,ldsc,53,3000,0.4,0.01
0.5373,0.1014,ldsc,54,3000,0.4,0.01
0.6114,0.1037,ldsc,55,3000,0.4,0.01
0.3725,0.0987,ldsc,56,3000,0.4,0.01
0.5259,0.1042,ldsc,57,3000,0.4,0.01
0.3544,0.1022,ldsc,58,3000,0.4,0.01
0.5953,0.1064,ldsc,59,3000,0.4,0.01
0.3903,0.0952,ldsc,60,3000,0.4,0.01
0.3387,0.103,ldsc,61,3000,0.4,0.01
0.5517,0.1125,ldsc,62,3000,0.4,0.01
0.3468,0.1007,ldsc,63,3000,0.4,0.01
0.2867,0.0997,ldsc,64,3000,0.4,0.01
0.5023,0.1057,ldsc,65,3000,0.4,0.01
0.3049,0.1015,ldsc,66,3000,0.4,0.01
0.6882,0.1157,ldsc,67,3000,0.4,0.01
0.3404,0.1048,ldsc,68,3000,0.4,0.01
0.3573,0.0972,ldsc,69,3000,0.4,0.01
0.4754,0.1014,ldsc,70,3000,0.4,0.01
0.3743,0.1025,ldsc,71,3000,0.4,0.01
0.4921,0.1077,ldsc,72,3000,0.4,0.01
0.2784,0.1151,ldsc,73,3000,0.4,0.01
0.3712,0.1067,ldsc,74,3000,0.4,0.01
0.3318,0.1022,ldsc,75,3000,0.4,0.01
0.349,0.1,ldsc,76,3000,0.4,0.01
0.5977,0.102,ldsc,77,3000,0.4,0.01
0.3961,0.1088,ldsc,78,3000,0.4,0.01
0.5864,0.0998,ldsc,79,3000,0.4,0.01
0.5385,0.1079,ldsc,80,3000,0.4,0.01
0.5265,0.1066,ldsc,81,3000,0.4,0.01
0.3035,0.1007,ldsc,82,3000,0.4,0.01
0.2576,0.1004,ldsc,83,3000,0.4,0.01
0.3223,0.1016,ldsc,84,3000,0.4,0.01
0.1507,0.0962,ldsc,85,3000,0.4,0.01
0.3904,0.1038,ldsc,86,3000,0.4,0.01
0.122,0.0972,ldsc,87,3000,0.4,0.01
0.362,0.1027,ldsc,88,3000,0.4,0.01
0.2413,0.0939,ldsc,89,3000,0.4,0.01
0.4335,0.0997,ldsc,90,3000,0.4,0.01
0.4481,0.1193,ldsc,91,3000,0.4,0.01
0.5091,0.1058,ldsc,92,3000,0.4,0.01
0.2304,0.1046,ldsc,93,3000,0.4,0.01
0.4287,0.1169,ldsc,94,3000,0.4,0.01
0.543,0.1042,ldsc,95,3000,0.4,0.01
0.3609,0.1069,ldsc,96,3000,0.4,0.01
0.4248,0.1028,ldsc,97,3000,0.4,0.01
0.5396,0.1182,ldsc,98,3000,0.4,0.01
0.3724,0.1105,ldsc,99,3000,0.4,0.01
0.5102,0.106,ldsc,0,5000,0.4,0.01
0.3865,0.0995,ldsc,1,5000,0.4,0.01
0.3559,0.0942,ldsc,2,5000,0.4,0.01
0.38,0.1038,ldsc,3,5000,0.4,0.01
0.2696,0.0968,ldsc,4,5000,0.4,0.01
0.2064,0.0941,ldsc,5,5000,0.4,0.01
0.5326,0.1027,ldsc,6,5000,0.4,0.01
0.1486,0.1056,ldsc,7,5000,0.4,0.01
0.1809,0.1073,ldsc,8,5000,0.4,0.01
0.5557,0.1238,ldsc,9,5000,0.4,0.01
0.2461,0.1004,ldsc,10,5000,0.4,0.01
0.5061,0.1128,ldsc,11,5000,0.4,0.01
0.4196,0.1012,ldsc,12,5000,0.4,0.01
0.4702,0.1166,ldsc,13,5000,0.4,0.01
0.4676,0.1031,ldsc,14,5000,0.4,0.01
0.3797,0.1123,ldsc,15,5000,0.4,0.01
0.4768,0.1079,ldsc,16,5000,0.4,0.01
0.3585,0.095,ldsc,17,5000,0.4,0.01
0.4644,0.1005,ldsc,18,5000,0.4,0.01
0.3597,0.0961,ldsc,19,5000,0.4,0.01
0.3763,0.1031,ldsc,20,5000,0.4,0.01
0.2295,0.1017,ldsc,21,5000,0.4,0.01
0.3858,0.1024,ldsc,22,5000,0.4,0.01
0.4093,0.1022,ldsc,23,5000,0.4,0.01
0.3866,0.0979,ldsc,24,5000,0.4,0.01
0.4674,0.107,ldsc,25,5000,0.4,0.01
0.5671,0.1304,ldsc,26,5000,0.4,0.01
0.5592,0.1065,ldsc,27,5000,0.4,0.01
0.5353,0.1011,ldsc,28,5000,0.4,0.01
0.4298,0.1025,ldsc,29,5000,0.4,0.01
0.3545,0.0959,ldsc,30,5000,0.4,0.01
0.6184,0.1136,ldsc,31,5000,0.4,0.01
0.3302,0.1068,ldsc,32,5000,0.4,0.01
0.4725,0.0962,ldsc,33,5000,0.4,0.01
0.3344,0.1038,ldsc,34,5000,0.4,0.01
0.4754,0.0975,ldsc,35,5000,0.4,0.01
0.4072,0.1002,ldsc,36,5000,0.4,0.01
0.4528,0.1087,ldsc,37,5000,0.4,0.01
0.419,0.1007,ldsc,38,5000,0.4,0.01
0.4735,0.1062,ldsc,39,5000,0.4,0.01
0.2745,0.1334,ldsc,40,5000,0.4,0.01
0.3173,0.1041,ldsc,41,5000,0.4,0.01
0.3721,0.1017,ldsc,42,5000,0.4,0.01
0.3441,0.1054,ldsc,43,5000,0.4,0.01
0.3401,0.1047,ldsc,44,5000,0.4,0.01
0.1865,0.1126,ldsc,45,5000,0.4,0.01
0.51,0.1052,ldsc,46,5000,0.4,0.01
0.495,0.1016,ldsc,47,5000,0.4,0.01
0.474,0.1046,ldsc,48,5000,0.4,0.01
0.3674,0.1247,ldsc,49,5000,0.4,0.01
0.4385,0.102,ldsc,50,5000,0.4,0.01
0.5885,0.1008,ldsc,51,5000,0.4,0.01
0.5963,0.1084,ldsc,52,5000,0.4,0.01
0.5214,0.1053,ldsc,53,5000,0.4,0.01
0.5334,0.1007,ldsc,54,5000,0.4,0.01
0.6043,0.1026,ldsc,55,5000,0.4,0.01
0.3695,0.0979,ldsc,56,5000,0.4,0.01
0.5226,0.1037,ldsc,57,5000,0.4,0.01
0.3474,0.1015,ldsc,58,5000,0.4,0.01
0.5928,0.1058,ldsc,59,5000,0.4,0.01
0.3907,0.0949,ldsc,60,5000,0.4,0.01
0.334,0.1024,ldsc,61,5000,0.4,0.01
0.5431,0.1099,ldsc,62,5000,0.4,0.01
0.3414,0.0997,ldsc,63,5000,0.4,0.01
0.2854,0.0989,ldsc,64,5000,0.4,0.01
0.5006,0.1048,ldsc,65,5000,0.4,0.01
0.3011,0.1008,ldsc,66,5000,0.4,0.01
0.6853,0.115,ldsc,67,5000,0.4,0.01
0.3396,0.1038,ldsc,68,5000,0.4,0.01
0.3534,0.0963,ldsc,69,5000,0.4,0.01
0.4723,0.1005,ldsc,70,5000,0.4,0.01
0.3756,0.1015,ldsc,71,5000,0.4,0.01
0.49,0.1071,ldsc,72,5000,0.4,0.01
0.2794,0.1142,ldsc,73,5000,0.4,0.01
0.3699,0.1057,ldsc,74,5000,0.4,0.01
0.3325,0.1016,ldsc,75,5000,0.4,0.01
0.3443,0.0991,ldsc,76,5000,0.4,0.01
0.5933,0.1013,ldsc,77,5000,0.4,0.01
0.3892,0.108,ldsc,78,5000,0.4,0.01
0.5778,0.0988,ldsc,79,5000,0.4,0.01
0.5263,0.1061,ldsc,80,5000,0.4,0.01
0.5219,0.1059,ldsc,81,5000,0.4,0.01
0.3028,0.1,ldsc,82,5000,0.4,0.01
0.2555,0.0996,ldsc,83,5000,0.4,0.01
0.3199,0.1009,ldsc,84,5000,0.4,0.01
0.1508,0.0952,ldsc,85,5000,0.4,0.01
0.387,0.1027,ldsc,86,5000,0.4,0.01
0.1214,0.0961,ldsc,87,5000,0.4,0.01
0.3567,0.1021,ldsc,88,5000,0.4,0.01
0.2429,0.0932,ldsc,89,5000,0.4,0.01
0.4285,0.099,ldsc,90,5000,0.4,0.01
0.4409,0.1167,ldsc,91,5000,0.4,0.01
0.5066,0.1052,ldsc,92,5000,0.4,0.01
0.2286,0.1036,ldsc,93,5000,0.4,0.01
0.4225,0.1149,ldsc,94,5000,0.4,0.01
0.5399,0.1035,ldsc,95,5000,0.4,0.01
0.3543,0.1056,ldsc,96,5000,0.4,0.01
0.4202,0.1021,ldsc,97,5000,0.4,0.01
0.5275,0.1146,ldsc,98,5000,0.4,0.01
0.3711,0.11,ldsc,99,5000,0.4,0.01
0.5072,0.1054,ldsc,0,10000,0.4,0.01
0.3839,0.0988,ldsc,1,10000,0.4,0.01
0.3499,0.0934,ldsc,2,10000,0.4,0.01
0.3749,0.1027,ldsc,3,10000,0.4,0.01
0.2623,0.0958,ldsc,4,10000,0.4,0.01
0.204,0.093,ldsc,5,10000,0.4,0.01
0.5272,0.1015,ldsc,6,10000,0.4,0.01
0.1431,0.1034,ldsc,7,10000,0.4,0.01
0.1776,0.1056,ldsc,8,10000,0.4,0.01
0.544,0.1204,ldsc,9,10000,0.4,0.01
0.2442,0.0994,ldsc,10,10000,0.4,0.01
0.5035,0.1119,ldsc,11,10000,0.4,0.01
0.415,0.1004,ldsc,12,10000,0.4,0.01
0.4608,0.1138,ldsc,13,10000,0.4,0.01
0.4603,0.1019,ldsc,14,10000,0.4,0.01
0.3742,0.1103,ldsc,15,10000,0.4,0.01
0.4645,0.1061,ldsc,16,10000,0.4,0.01
0.3523,0.0941,ldsc,17,10000,0.4,0.01
0.4602,0.0995,ldsc,18,10000,0.4,0.01
0.3545,0.0947,ldsc,19,10000,0.4,0.01
0.3731,0.1022,ldsc,20,10000,0.4,0.01
0.227,0.1007,ldsc,21,10000,0.4,0.01
0.3789,0.1014,ldsc,22,10000,0.4,0.01
0.4049,0.1015,ldsc,23,10000,0.4,0.01
0.3847,0.0972,ldsc,24,10000,0.4,0.01
0.4576,0.1055,ldsc,25,10000,0.4,0.01
0.5481,0.125,ldsc,26,10000,0.4,0.01
0.5493,0.105,ldsc,27,10000,0.4,0.01
0.5265,0.1,ldsc,28,10000,0.4,0.01
0.4286,0.1015,ldsc,29,10000,0.4,0.01
0.3459,0.0946,ldsc,30,10000,0.4,0.01
0.6034,0.1103,ldsc,31,10000,0.4,0.01
0.3176,0.1043,ldsc,32,10000,0.4,0.01
0.47,0.0955,ldsc,33,10000,0.4,0.01
0.3295,0.1027,ldsc,34,10000,0.4,0.01
0.4644,0.0956,ldsc,35,10000,0.4,0.01
0.4014,0.0994,ldsc,36,10000,0.4,0.01
0.4491,0.1078,ldsc,37,10000,0.4,0.01
0.4098,0.0993,ldsc,38,10000,0.4,0.01
0.467,0.1052,ldsc,39,10000,0.4,0.01
0.2712,0.1323,ldsc,40,10000,0.4,0.01
0.3131,0.1033,ldsc,41,10000,0.4,0.01
0.3646,0.0993,ldsc,42,10000,0.4,0.01
0.3414,0.1044,ldsc,43,10000,0.4,0.01
0.333,0.1026,ldsc,44,10000,0.4,0.01
0.185,0.1113,ldsc,45,10000,0.4,0.01
0.5046,0.1039,ldsc,46,10000,0.4,0.01
0.4895,0.1009,ldsc,47,10000,0.4,0.01
0.4708,0.1038,ldsc,48,10000,0.4,0.01
0.3549,0.1188,ldsc,49,10000,0.4,0.01
0.4362,0.1015,ldsc,50,10000,0.4,0.01
0.5811,0.1002,ldsc,51,10000,0.4,0.01
0.596,0.108,ldsc,52,10000,0.4,0.01
0.5066,0.1024,ldsc,53,10000,0.4,0.01
0.5289,0.0998,ldsc,54,10000,0.4,0.01
0.5949,0.1015,ldsc,55,10000,0.4,0.01
0.3652,0.097,ldsc,56,10000,0.4,0.01
0.5201,0.1028,ldsc,57,10000,0.4,0.01
0.3419,0.1006,ldsc,58,10000,0.4,0.01
0.5872,0.1049,ldsc,59,10000,0.4,0.01
0.3858,0.094,ldsc,60,10000,0.4,0.01
0.3304,0.1015,ldsc,61,10000,0.4,0.01
0.5247,0.1065,ldsc,62,10000,0.4,0.01
0.3366,0.0986,ldsc,63,10000,0.4,0.01
0.2831,0.0981,ldsc,64,10000,0.4,0.01
0.4981,0.1036,ldsc,65,10000,0.4,0.01
0.2955,0.0999,ldsc,66,10000,0.4,0.01
0.6795,0.1144,ldsc,67,10000,0.4,0.01
0.3367,0.1027,ldsc,68,10000,0.4,0.01
0.352,0.0951,ldsc,69,10000,0.4,0.01
0.4674,0.0996,ldsc,70,10000,0.4,0.01
0.3752,0.1006,ldsc,71,10000,0.4,0.01
0.4861,0.1064,ldsc,72,10000,0.4,0.01
0.278,0.1131,ldsc,73,10000,0.4,0.01
0.3634,0.1047,ldsc,74,10000,0.4,0.01
0.3292,0.1007,ldsc,75,10000,0.4,0.01
0.3395,0.0982,ldsc,76,10000,0.4,0.01
0.5868,0.1003,ldsc,77,10000,0.4,0.01
0.3808,0.1071,ldsc,78,10000,0.4,0.01
0.5676,0.0975,ldsc,79,10000,0.4,0.01
0.5139,0.1031,ldsc,80,10000,0.4,0.01
0.5149,0.1047,ldsc,81,10000,0.4,0.01
0.3013,0.0991,ldsc,82,10000,0.4,0.01
0.2548,0.0985,ldsc,83,10000,0.4,0.01
0.3173,0.1001,ldsc,84,10000,0.4,0.01
0.1503,0.0941,ldsc,85,10000,0.4,0.01
0.3836,0.1011,ldsc,86,10000,0.4,0.01
0.1188,0.0946,ldsc,87,10000,0.4,0.01
0.3511,0.1013,ldsc,88,10000,0.4,0.01
0.2393,0.0924,ldsc,89,10000,0.4,0.01
0.4235,0.0981,ldsc,90,10000,0.4,0.01
0.4295,0.1126,ldsc,91,10000,0.4,0.01
0.5038,0.1044,ldsc,92,10000,0.4,0.01
0.226,0.1021,ldsc,93,10000,0.4,0.01
0.4124,0.1115,ldsc,94,10000,0.4,0.01
0.5384,0.1024,ldsc,95,10000,0.4,0.01
0.3478,0.1036,ldsc,96,10000,0.4,0.01
0.4154,0.1014,ldsc,97,10000,0.4,0.01
0.5091,0.109,ldsc,98,10000,0.4,0.01
0.3657,0.109,ldsc,99,10000,0.4,0.01
0.5085,0.1053,ldsc,0,20000,0.4,0.01
0.3846,0.0987,ldsc,1,20000,0.4,0.01
0.3492,0.0932,ldsc,2,20000,0.4,0.01
0.3737,0.1026,ldsc,3,20000,0.4,0.01
0.2629,0.0957,ldsc,4,20000,0.4,0.01
0.2032,0.093,ldsc,5,20000,0.4,0.01
0.5257,0.1014,ldsc,6,20000,0.4,0.01
0.1455,0.1033,ldsc,7,20000,0.4,0.01
0.1769,0.1055,ldsc,8,20000,0.4,0.01
0.5431,0.1203,ldsc,9,20000,0.4,0.01
0.243,0.0993,ldsc,10,20000,0.4,0.01
0.5029,0.1118,ldsc,11,20000,0.4,0.01
0.4153,0.1003,ldsc,12,20000,0.4,0.01
0.4608,0.1137,ldsc,13,20000,0.4,0.01
0.4597,0.1018,ldsc,14,20000,0.4,0.01
0.3723,0.1102,ldsc,15,20000,0.4,0.01
0.4632,0.106,ldsc,16,20000,0.4,0.01
0.3515,0.0941,ldsc,17,20000,0.4,0.01
0.4591,0.0994,ldsc,18,20000,0.4,0.01
0.354,0.0946,ldsc,19,20000,0.4,0.01
0.373,0.1021,ldsc,20,20000,0.4,0.01
0.2259,0.1007,ldsc,21,20000,0.4,0.01
0.3795,0.1014,ldsc,22,20000,0.4,0.01
0.4062,0.1013,ldsc,23,20000,0.4,0.01
0.3852,0.0971,ldsc,24,20000,0.4,0.01
0.4569,0.1054,ldsc,25,20000,0.4,0.01
0.5463,0.125,ldsc,26,20000,0.4,0.01
0.5476,0.1049,ldsc,27,20000,0.4,0.01
0.5276,0.0999,ldsc,28,20000,0.4,0.01
0.4262,0.1014,ldsc,29,20000,0.4,0.01
0.3436,0.0946,ldsc,30,20000,0.4,0.01
0.6007,0.1103,ldsc,31,20000,0.4,0.01
0.315,0.1043,ldsc,32,20000,0.4,0.01
0.4678,0.0955,ldsc,33,20000,0.4,0.01
0.3294,0.1027,ldsc,34,20000,0.4,0.01
0.4665,0.0954,ldsc,35,20000,0.4,0.01
0.3981,0.0994,ldsc,36,20000,0.4,0.01
0.451,0.1078,ldsc,37,20000,0.4,0.01
0.4091,0.0992,ldsc,38,20000,0.4,0.01
0.4667,0.1052,ldsc,39,20000,0.4,0.01
0.2705,0.1322,ldsc,40,20000,0.4,0.01
0.3132,0.1032,ldsc,41,20000,0.4,0.01
0.3656,0.0992,ldsc,42,20000,0.4,0.01
0.3389,0.1043,ldsc,43,20000,0.4,0.01
0.3326,0.1026,ldsc,44,20000,0.4,0.01
0.1871,0.1112,ldsc,45,20000,0.4,0.01
0.504,0.1038,ldsc,46,20000,0.4,0.01
0.4881,0.1008,ldsc,47,20000,0.4,0.01
0.4704,0.1036,ldsc,48,20000,0.4,0.01
0.3558,0.1186,ldsc,49,20000,0.4,0.01
0.436,0.1014,ldsc,50,20000,0.4,0.01
0.5795,0.1,ldsc,51,20000,0.4,0.01
0.5972,0.1078,ldsc,52,20000,0.4,0.01
0.5064,0.1023,ldsc,53,20000,0.4,0.01
0.5288,0.0997,ldsc,54,20000,0.4,0.01
0.5941,0.1013,ldsc,55,20000,0.4,0.01
0.3645,0.097,ldsc,56,20000,0.4,0.01
0.5196,0.1028,ldsc,57,20000,0.4,0.01
0.3425,0.1005,ldsc,58,20000,0.4,0.01
0.5866,0.1048,ldsc,59,20000,0.4,0.01
0.3856,0.0938,ldsc,60,20000,0.4,0.01
0.3325,0.1014,ldsc,61,20000,0.4,0.01
0.5224,0.1064,ldsc,62,20000,0.4,0.01
0.3395,0.0985,ldsc,63,20000,0.4,0.01
0.282,0.0979,ldsc,64,20000,0.4,0.01
0.4985,0.1034,ldsc,65,20000,0.4,0.01
0.2951,0.0998,ldsc,66,20000,0.4,0.01
0.6788,0.1143,ldsc,67,20000,0.4,0.01
0.3379,0.1026,ldsc,68,20000,0.4,0.01
0.3523,0.095,ldsc,69,20000,0.4,0.01
0.4649,0.0994,ldsc,70,20000,0.4,0.01
0.3757,0.1005,ldsc,71,20000,0.4,0.01
0.4861,0.1063,ldsc,72,20000,0.4,0.01
0.2795,0.113,ldsc,73,20000,0.4,0.01
0.3632,0.1046,ldsc,74,20000,0.4,0.01
0.3273,0.1006,ldsc,75,20000,0.4,0.01
0.3385,0.0982,ldsc,76,20000,0.4,0.01
0.5875,0.1002,ldsc,77,20000,0.4,0.01
0.3795,0.1069,ldsc,78,20000,0.4,0.01
0.5659,0.0974,ldsc,79,20000,0.4,0.01
0.5128,0.1031,ldsc,80,20000,0.4,0.01
0.5127,0.1046,ldsc,81,20000,0.4,0.01
0.3011,0.099,ldsc,82,20000,0.4,0.01
0.255,0.0984,ldsc,83,20000,0.4,0.01
0.3176,0.1,ldsc,84,20000,0.4,0.01
0.1491,0.0939,ldsc,85,20000,0.4,0.01
0.3818,0.101,ldsc,86,20000,0.4,0.01
0.1187,0.0946,ldsc,87,20000,0.4,0.01
0.3496,0.1012,ldsc,88,20000,0.4,0.01
0.2369,0.0923,ldsc,89,20000,0.4,0.01
0.4255,0.098,ldsc,90,20000,0.4,0.01
0.4289,0.1124,ldsc,91,20000,0.4,0.01
0.5032,0.1044,ldsc,92,20000,0.4,0.01
0.2271,0.102,ldsc,93,20000,0.4,0.01
0.4136,0.1113,ldsc,94,20000,0.4,0.01
0.5394,0.1024,ldsc,95,20000,0.4,0.01
0.3512,0.1035,ldsc,96,20000,0.4,0.01
0.4141,0.1013,ldsc,97,20000,0.4,0.01
0.5085,0.1089,ldsc,98,20000,0.4,0.01
0.3652,0.1089,ldsc,99,20000,0.4,0.01
0.5072,0.1053,ldsc,0,30000,0.4,0.01
0.384,0.0986,ldsc,1,30000,0.4,0.01
0.3484,0.0932,ldsc,2,30000,0.4,0.01
0.373,0.1026,ldsc,3,30000,0.4,0.01
0.2613,0.0957,ldsc,4,30000,0.4,0.01
0.2037,0.093,ldsc,5,30000,0.4,0.01
0.5281,0.1013,ldsc,6,30000,0.4,0.01
0.1448,0.1033,ldsc,7,30000,0.4,0.01
0.1745,0.1056,ldsc,8,30000,0.4,0.01
0.5444,0.1202,ldsc,9,30000,0.4,0.01
0.2427,0.0994,ldsc,10,30000,0.4,0.01
0.5026,0.1117,ldsc,11,30000,0.4,0.01
0.4149,0.1003,ldsc,12,30000,0.4,0.01
0.4594,0.1137,ldsc,13,30000,0.4,0.01
0.4599,0.1018,ldsc,14,30000,0.4,0.01
0.3719,0.1102,ldsc,15,30000,0.4,0.01
0.4623,0.1061,ldsc,16,30000,0.4,0.01
0.3544,0.094,ldsc,17,30000,0.4,0.01
0.4595,0.0995,ldsc,18,30000,0.4,0.01
0.3545,0.0946,ldsc,19,30000,0.4,0.01
0.369,0.1021,ldsc,20,30000,0.4,0.01
0.2253,0.1006,ldsc,21,30000,0.4,0.01
0.3804,0.1014,ldsc,22,30000,0.4,0.01
0.4074,0.1013,ldsc,23,30000,0.4,0.01
0.3843,0.0971,ldsc,24,30000,0.4,0.01
0.4569,0.1054,ldsc,25,30000,0.4,0.01
0.5465,0.125,ldsc,26,30000,0.4,0.01
0.546,0.1049,ldsc,27,30000,0.4,0.01
0.5279,0.0998,ldsc,28,30000,0.4,0.01
0.4256,0.1014,ldsc,29,30000,0.4,0.01
0.343,0.0946,ldsc,30,30000,0.4,0.01
0.6008,0.1102,ldsc,31,30000,0.4,0.01
0.3176,0.1042,ldsc,32,30000,0.4,0.01
0.4666,0.0955,ldsc,33,30000,0.4,0.01
0.3277,0.1027,ldsc,34,30000,0.4,0.01
0.4683,0.0954,ldsc,35,30000,0.4,0.01
0.401,0.0994,ldsc,36,30000,0.4,0.01
0.4515,0.1079,ldsc,37,30000,0.4,0.01
0.4097,0.0993,ldsc,38,30000,0.4,0.01
0.4667,0.1051,ldsc,39,30000,0.4,0.01
0.2709,0.1322,ldsc,40,30000,0.4,0.01
0.3122,0.1032,ldsc,41,30000,0.4,0.01
0.3655,0.0991,ldsc,42,30000,0.4,0.01
0.3374,0.1043,ldsc,43,30000,0.4,0.01
0.3314,0.1026,ldsc,44,30000,0.4,0.01
0.1887,0.1111,ldsc,45,30000,0.4,0.01
0.5042,0.1038,ldsc,46,30000,0.4,0.01
0.4888,0.1008,ldsc,47,30000,0.4,0.01
0.4688,0.1036,ldsc,48,30000,0.4,0.01
0.3555,0.1186,ldsc,49,30000,0.4,0.01
0.435,0.1013,ldsc,50,30000,0.4,0.01
0.5801,0.1,ldsc,51,30000,0.4,0.01
0.5978,0.1079,ldsc,52,30000,0.4,0.01
0.5057,0.1023,ldsc,53,30000,0.4,0.01
0.5297,0.0997,ldsc,54,30000,0.4,0.01
0.5948,0.1013,ldsc,55,30000,0.4,0.01
0.3639,0.0971,ldsc,56,30000,0.4,0.01
0.5191,0.1028,ldsc,57,30000,0.4,0.01
0.3402,0.1005,ldsc,58,30000,0.4,0.01
0.5854,0.1048,ldsc,59,30000,0.4,0.01
0.3852,0.0938,ldsc,60,30000,0.4,0.01
0.334,0.1014,ldsc,61,30000,0.4,0.01
0.5209,0.1065,ldsc,62,30000,0.4,0.01
0.3412,0.0985,ldsc,63,30000,0.4,0.01
0.2813,0.098,ldsc,64,30000,0.4,0.01
0.4977,0.1035,ldsc,65,30000,0.4,0.01
0.2973,0.0998,ldsc,66,30000,0.4,0.01
0.6783,0.1142,ldsc,67,30000,0.4,0.01
0.3368,0.1027,ldsc,68,30000,0.4,0.01
0.3511,0.0949,ldsc,69,30000,0.4,0.01
0.4663,0.0995,ldsc,70,30000,0.4,0.01
0.3764,0.1005,ldsc,71,30000,0.4,0.01
0.4847,0.1063,ldsc,72,30000,0.4,0.01
0.278,0.1129,ldsc,73,30000,0.4,0.01
0.3647,0.1045,ldsc,74,30000,0.4,0.01
0.3281,0.1006,ldsc,75,30000,0.4,0.01
0.338,0.0981,ldsc,76,30000,0.4,0.01
0.5874,0.1001,ldsc,77,30000,0.4,0.01
0.377,0.1069,ldsc,78,30000,0.4,0.01
0.5665,0.0974,ldsc,79,30000,0.4,0.01
0.5088,0.1032,ldsc,80,30000,0.4,0.01
0.5129,0.1047,ldsc,81,30000,0.4,0.01
0.2979,0.0991,ldsc,82,30000,0.4,0.01
0.2565,0.0984,ldsc,83,30000,0.4,0.01
0.3185,0.0999,ldsc,84,30000,0.4,0.01
0.1487,0.0939,ldsc,85,30000,0.4,0.01
0.3833,0.101,ldsc,86,30000,0.4,0.01
0.1191,0.0946,ldsc,87,30000,0.4,0.01
0.3487,0.1012,ldsc,88,30000,0.4,0.01
0.237,0.0924,ldsc,89,30000,0.4,0.01
0.4241,0.098,ldsc,90,30000,0.4,0.01
0.4279,0.1124,ldsc,91,30000,0.4,0.01
0.5067,0.1043,ldsc,92,30000,0.4,0.01
0.2281,0.102,ldsc,93,30000,0.4,0.01
0.4127,0.1113,ldsc,94,30000,0.4,0.01
0.5368,0.1024,ldsc,95,30000,0.4,0.01
0.3504,0.1035,ldsc,96,30000,0.4,0.01
0.414,0.1013,ldsc,97,30000,0.4,0.01
0.5081,0.109,ldsc,98,30000,0.4,0.01
0.3664,0.1089,ldsc,99,30000,0.4,0.01
0.51,0.1051,ldsc,0,50000,0.4,0.01
0.3874,0.0984,ldsc,1,50000,0.4,0.01
0.3457,0.093,ldsc,2,50000,0.4,0.01
0.3771,0.1025,ldsc,3,50000,0.4,0.01
0.2725,0.0958,ldsc,4,50000,0.4,0.01
0.2016,0.093,ldsc,5,50000,0.4,0.01
0.5317,0.1012,ldsc,6,50000,0.4,0.01
0.143,0.1035,ldsc,7,50000,0.4,0.01
0.174,0.1056,ldsc,8,50000,0.4,0.01
0.5446,0.1202,ldsc,9,50000,0.4,0.01
0.2395,0.0992,ldsc,10,50000,0.4,0.01
0.5003,0.1117,ldsc,11,50000,0.4,0.01
0.4091,0.1002,ldsc,12,50000,0.4,0.01
0.4606,0.1135,ldsc,13,50000,0.4,0.01
0.4575,0.1017,ldsc,14,50000,0.4,0.01
0.3763,0.11,ldsc,15,50000,0.4,0.01
0.4546,0.1062,ldsc,16,50000,0.4,0.01
0.3544,0.094,ldsc,17,50000,0.4,0.01
0.4602,0.0993,ldsc,18,50000,0.4,0.01
0.3575,0.0944,ldsc,19,50000,0.4,0.01
0.3676,0.102,ldsc,20,50000,0.4,0.01
0.2235,0.1006,ldsc,21,50000,0.4,0.01
0.3757,0.1013,ldsc,22,50000,0.4,0.01
0.4057,0.1012,ldsc,23,50000,0.4,0.01
0.389,0.0969,ldsc,24,50000,0.4,0.01
0.459,0.1053,ldsc,25,50000,0.4,0.01
0.55,0.1246,ldsc,26,50000,0.4,0.01
0.5436,0.1048,ldsc,27,50000,0.4,0.01
0.527,0.0998,ldsc,28,50000,0.4,0.01
0.4214,0.1013,ldsc,29,50000,0.4,0.01
0.3398,0.0945,ldsc,30,50000,0.4,0.01
0.6043,0.11,ldsc,31,50000,0.4,0.01
0.3173,0.104,ldsc,32,50000,0.4,0.01
0.467,0.0954,ldsc,33,50000,0.4,0.01
0.328,0.1027,ldsc,34,50000,0.4,0.01
0.4706,0.0953,ldsc,35,50000,0.4,0.01
0.3974,0.0993,ldsc,36,50000,0.4,0.01
0.4513,0.1079,ldsc,37,50000,0.4,0.01
0.411,0.0991,ldsc,38,50000,0.4,0.01
0.465,0.1052,ldsc,39,50000,0.4,0.01
0.2705,0.132,ldsc,40,50000,0.4,0.01
0.3107,0.1031,ldsc,41,50000,0.4,0.01
0.3652,0.0989,ldsc,42,50000,0.4,0.01
0.3372,0.1042,ldsc,43,50000,0.4,0.01
0.3316,0.1025,ldsc,44,50000,0.4,0.01
0.1908,0.1112,ldsc,45,50000,0.4,0.01
0.5062,0.1035,ldsc,46,50000,0.4,0.01
0.4881,0.1008,ldsc,47,50000,0.4,0.01
0.4667,0.1035,ldsc,48,50000,0.4,0.01
0.3602,0.1183,ldsc,49,50000,0.4,0.01
0.4367,0.1013,ldsc,50,50000,0.4,0.01
0.5865,0.1,ldsc,51,50000,0.4,0.01
0.5998,0.1076,ldsc,52,50000,0.4,0.01
0.5053,0.1023,ldsc,53,50000,0.4,0.01
0.5307,0.0996,ldsc,54,50000,0.4,0.01
0.593,0.1015,ldsc,55,50000,0.4,0.01
0.36,0.0971,ldsc,56,50000,0.4,0.01
0.5189,0.1025,ldsc,57,50000,0.4,0.01
0.3387,0.1004,ldsc,58,50000,0.4,0.01
0.5876,0.1047,ldsc,59,50000,0.4,0.01
0.3824,0.0938,ldsc,60,50000,0.4,0.01
0.3338,0.1013,ldsc,61,50000,0.4,0.01
0.5231,0.1063,ldsc,62,50000,0.4,0.01
0.3502,0.0984,ldsc,63,50000,0.4,0.01
0.2795,0.0979,ldsc,64,50000,0.4,0.01
0.4969,0.1033,ldsc,65,50000,0.4,0.01
0.2986,0.0997,ldsc,66,50000,0.4,0.01
0.6754,0.1142,ldsc,67,50000,0.4,0.01
0.3353,0.1025,ldsc,68,50000,0.4,0.01
0.3527,0.0948,ldsc,69,50000,0.4,0.01
0.4644,0.0993,ldsc,70,50000,0.4,0.01
0.3774,0.1004,ldsc,71,50000,0.4,0.01
0.4831,0.1062,ldsc,72,50000,0.4,0.01
0.2737,0.1127,ldsc,73,50000,0.4,0.01
0.3607,0.1045,ldsc,74,50000,0.4,0.01
0.3276,0.1006,ldsc,75,50000,0.4,0.01
0.3387,0.0983,ldsc,76,50000,0.4,0.01
0.5859,0.1,ldsc,77,50000,0.4,0.01
0.3764,0.1069,ldsc,78,50000,0.4,0.01
0.5571,0.0975,ldsc,79,50000,0.4,0.01
0.5068,0.1033,ldsc,80,50000,0.4,0.01
0.5099,0.1047,ldsc,81,50000,0.4,0.01
0.299,0.0991,ldsc,82,50000,0.4,0.01
0.259,0.0982,ldsc,83,50000,0.4,0.01
0.3183,0.0998,ldsc,84,50000,0.4,0.01
0.1465,0.0939,ldsc,85,50000,0.4,0.01
0.3929,0.1009,ldsc,86,50000,0.4,0.01
0.1223,0.0945,ldsc,87,50000,0.4,0.01
0.3421,0.1013,ldsc,88,50000,0.4,0.01
0.2415,0.0926,ldsc,89,50000,0.4,0.01
0.4244,0.098,ldsc,90,50000,0.4,0.01
0.4337,0.1121,ldsc,91,50000,0.4,0.01
0.5049,0.1044,ldsc,92,50000,0.4,0.01
0.2287,0.1017,ldsc,93,50000,0.4,0.01
0.415,0.111,ldsc,94,50000,0.4,0.01
0.5364,0.1024,ldsc,95,50000,0.4,0.01
0.3463,0.1036,ldsc,96,50000,0.4,0.01
0.4119,0.1011,ldsc,97,50000,0.4,0.01
0.5066,0.109,ldsc,98,50000,0.4,0.01
0.3674,0.1087,ldsc,99,50000,0.4,0.01
0.1018,0.0854,covldsc,0,20000,0.1,1.0
0.0227,0.0943,covldsc,1,20000,0.1,1.0
0.0725,0.0987,covldsc,2,20000,0.1,1.0
0.0656,0.0854,covldsc,3,20000,0.1,1.0
-0.0145,0.0851,covldsc,4,20000,0.1,1.0
0.2862,0.1057,covldsc,5,20000,0.1,1.0
0.0819,0.0914,covldsc,6,20000,0.1,1.0
-0.1029,0.0941,covldsc,7,20000,0.1,1.0
0.0275,0.0923,covldsc,8,20000,0.1,1.0
0.1646,0.101,covldsc,9,20000,0.1,1.0
0.2807,0.0986,covldsc,10,20000,0.1,1.0
0.0695,0.0752,covldsc,11,20000,0.1,1.0
0.2252,0.0936,covldsc,12,20000,0.1,1.0
0.1029,0.1009,covldsc,13,20000,0.1,1.0
0.0855,0.0894,covldsc,14,20000,0.1,1.0
0.2571,0.092,covldsc,15,20000,0.1,1.0
0.1949,0.1107,covldsc,16,20000,0.1,1.0
0.0873,0.0926,covldsc,17,20000,0.1,1.0
0.0725,0.0895,covldsc,18,20000,0.1,1.0
0.292,0.0908,covldsc,19,20000,0.1,1.0
0.2029,0.1192,covldsc,20,20000,0.1,1.0
0.1222,0.0977,covldsc,21,20000,0.1,1.0
-0.0925,0.0989,covldsc,22,20000,0.1,1.0
0.1314,0.1043,covldsc,23,20000,0.1,1.0
0.0841,0.0881,covldsc,24,20000,0.1,1.0
0.2083,0.0941,covldsc,25,20000,0.1,1.0
0.0263,0.0871,covldsc,26,20000,0.1,1.0
0.0474,0.0956,covldsc,27,20000,0.1,1.0
0.1576,0.0917,covldsc,28,20000,0.1,1.0
0.1743,0.103,covldsc,29,20000,0.1,1.0
0.0838,0.0901,covldsc,30,20000,0.1,1.0
0.146,0.0997,covldsc,31,20000,0.1,1.0
0.068,0.0959,covldsc,32,20000,0.1,1.0
0.2521,0.0913,covldsc,33,20000,0.1,1.0
0.1012,0.1,covldsc,34,20000,0.1,1.0
0.1541,0.0913,covldsc,35,20000,0.1,1.0
0.0298,0.0995,covldsc,36,20000,0.1,1.0
0.0646,0.0962,covldsc,37,20000,0.1,1.0
0.013,0.095,covldsc,38,20000,0.1,1.0
0.0306,0.1016,covldsc,39,20000,0.1,1.0
0.1105,0.0918,covldsc,40,20000,0.1,1.0
0.0982,0.0921,covldsc,41,20000,0.1,1.0
0.0798,0.0844,covldsc,42,20000,0.1,1.0
0.1173,0.1095,covldsc,43,20000,0.1,1.0
0.1476,0.1016,covldsc,44,20000,0.1,1.0
0.0576,0.0856,covldsc,45,20000,0.1,1.0
0.1761,0.0959,covldsc,46,20000,0.1,1.0
-0.0021,0.0952,covldsc,47,20000,0.1,1.0
0.1306,0.0965,covldsc,48,20000,0.1,1.0
0.3026,0.1071,covldsc,49,20000,0.1,1.0
0.1189,0.075,covldsc,50,20000,0.1,1.0
-0.0751,0.092,covldsc,51,20000,0.1,1.0
0.0427,0.0816,covldsc,52,20000,0.1,1.0
0.1519,0.104,covldsc,53,20000,0.1,1.0
0.2427,0.0964,covldsc,54,20000,0.1,1.0
0.0863,0.0824,covldsc,55,20000,0.1,1.0
0.1746,0.0848,covldsc,56,20000,0.1,1.0
0.0735,0.1056,covldsc,57,20000,0.1,1.0
0.1267,0.1062,covldsc,58,20000,0.1,1.0
0.0257,0.0887,covldsc,59,20000,0.1,1.0
0.0237,0.0987,covldsc,60,20000,0.1,1.0
0.0637,0.0912,covldsc,61,20000,0.1,1.0
0.1434,0.0911,covldsc,62,20000,0.1,1.0
0.0204,0.1074,covldsc,63,20000,0.1,1.0
-0.0464,0.0925,covldsc,64,20000,0.1,1.0
0.0186,0.0903,covldsc,65,20000,0.1,1.0
0.2066,0.0928,covldsc,66,20000,0.1,1.0
0.2558,0.0867,covldsc,67,20000,0.1,1.0
-0.0141,0.0865,covldsc,68,20000,0.1,1.0
-0.0111,0.09,covldsc,69,20000,0.1,1.0
0.1491,0.087,covldsc,70,20000,0.1,1.0
0.1,0.0858,covldsc,71,20000,0.1,1.0
0.1025,0.1038,covldsc,72,20000,0.1,1.0
0.0514,0.0926,covldsc,73,20000,0.1,1.0
0.074,0.0973,covldsc,74,20000,0.1,1.0
0.149,0.0921,covldsc,75,20000,0.1,1.0
0.1166,0.1071,covldsc,76,20000,0.1,1.0
0.0256,0.0882,covldsc,77,20000,0.1,1.0
-0.0528,0.1297,covldsc,78,20000,0.1,1.0
-0.0293,0.0891,covldsc,79,20000,0.1,1.0
-0.0887,0.0847,covldsc,80,20000,0.1,1.0
0.017,0.0956,covldsc,81,20000,0.1,1.0
0.1179,0.0951,covldsc,82,20000,0.1,1.0
0.162,0.0913,covldsc,83,20000,0.1,1.0
0.005,0.1038,covldsc,84,20000,0.1,1.0
0.0066,0.0971,covldsc,85,20000,0.1,1.0
0.1436,0.0995,covldsc,86,20000,0.1,1.0
0.1638,0.0941,covldsc,87,20000,0.1,1.0
0.0478,0.0926,covldsc,88,20000,0.1,1.0
0.1218,0.1107,covldsc,89,20000,0.1,1.0
0.0652,0.0981,covldsc,90,20000,0.1,1.0
-0.0946,0.0871,covldsc,91,20000,0.1,1.0
0.1464,0.1148,covldsc,92,20000,0.1,1.0
0.1137,0.0917,covldsc,93,20000,0.1,1.0
0.1141,0.1026,covldsc,94,20000,0.1,1.0
0.0034,0.087,covldsc,95,20000,0.1,1.0
0.3114,0.0875,covldsc,96,20000,0.1,1.0
0.2725,0.0903,covldsc,97,20000,0.1,1.0
-0.0373,0.0898,covldsc,98,20000,0.1,1.0
0.2375,0.0769,covldsc,99,20000,0.1,1.0
0.1137,0.0956,covldsc,0,20000,0.1,0.1
-0.0087,0.0767,covldsc,1,20000,0.1,0.1
0.182,0.1124,covldsc,2,20000,0.1,0.1
0.1814,0.0883,covldsc,3,20000,0.1,0.1
0.1149,0.1199,covldsc,4,20000,0.1,0.1
0.2905,0.0849,covldsc,5,20000,0.1,0.1
0.0052,0.0872,covldsc,6,20000,0.1,0.1
0.1448,0.0868,covldsc,7,20000,0.1,0.1
0.0123,0.0946,covldsc,8,20000,0.1,0.1
0.0898,0.0883,covldsc,9,20000,0.1,0.1
0.0476,0.0881,covldsc,10,20000,0.1,0.1
0.4219,0.0907,covldsc,11,20000,0.1,0.1
0.0606,0.0956,covldsc,12,20000,0.1,0.1
0.1292,0.093,covldsc,13,20000,0.1,0.1
0.2696,0.1118,covldsc,14,20000,0.1,0.1
0.1231,0.0921,covldsc,15,20000,0.1,0.1
0.0957,0.0943,covldsc,16,20000,0.1,0.1
-0.0417,0.0745,covldsc,17,20000,0.1,0.1
-0.0679,0.0876,covldsc,18,20000,0.1,0.1
-0.1285,0.1063,covldsc,19,20000,0.1,0.1
-0.0298,0.0914,covldsc,20,20000,0.1,0.1
0.2524,0.0876,covldsc,21,20000,0.1,0.1
0.1292,0.1029,covldsc,22,20000,0.1,0.1
0.2559,0.0926,covldsc,23,20000,0.1,0.1
0.0733,0.0861,covldsc,24,20000,0.1,0.1
0.0558,0.0981,covldsc,25,20000,0.1,0.1
0.1201,0.085,covldsc,26,20000,0.1,0.1
0.1311,0.0974,covldsc,27,20000,0.1,0.1
0.1077,0.0885,covldsc,28,20000,0.1,0.1
-0.0157,0.0924,covldsc,29,20000,0.1,0.1
0.0065,0.0821,covldsc,30,20000,0.1,0.1
0.1789,0.1061,covldsc,31,20000,0.1,0.1
0.0565,0.0987,covldsc,32,20000,0.1,0.1
0.1177,0.09,covldsc,33,20000,0.1,0.1
-0.0111,0.0971,covldsc,34,20000,0.1,0.1
-0.0203,0.0875,covldsc,35,20000,0.1,0.1
0.0746,0.0988,covldsc,36,20000,0.1,0.1
0.0783,0.0969,covldsc,37,20000,0.1,0.1
0.1331,0.0875,covldsc,38,20000,0.1,0.1
0.2707,0.1014,covldsc,39,20000,0.1,0.1
0.1638,0.1001,covldsc,40,20000,0.1,0.1
0.0615,0.0843,covldsc,41,20000,0.1,0.1
-0.1071,0.092,covldsc,42,20000,0.1,0.1
0.0735,0.0854,covldsc,43,20000,0.1,0.1
0.0591,0.0961,covldsc,44,20000,0.1,0.1
-0.0102,0.0924,covldsc,45,20000,0.1,0.1
0.0697,0.0887,covldsc,46,20000,0.1,0.1
0.0493,0.0971,covldsc,47,20000,0.1,0.1
0.1501,0.0973,covldsc,48,20000,0.1,0.1
0.0053,0.0789,covldsc,49,20000,0.1,0.1
0.15,0.105,covldsc,50,20000,0.1,0.1
0.2092,0.1118,covldsc,51,20000,0.1,0.1
0.1655,0.0803,covldsc,52,20000,0.1,0.1
0.0441,0.1192,covldsc,53,20000,0.1,0.1
0.1436,0.0868,covldsc,54,20000,0.1,0.1
0.0687,0.0956,covldsc,55,20000,0.1,0.1
0.1369,0.11,covldsc,56,20000,0.1,0.1
0.2877,0.1024,covldsc,57,20000,0.1,0.1
-0.1211,0.0888,covldsc,58,20000,0.1,0.1
0.2197,0.1061,covldsc,59,20000,0.1,0.1
0.1139,0.092,covldsc,60,20000,0.1,0.1
0.1699,0.1088,covldsc,61,20000,0.1,0.1
0.1386,0.1017,covldsc,62,20000,0.1,0.1
0.1456,0.0853,covldsc,63,20000,0.1,0.1
0.0744,0.0826,covldsc,64,20000,0.1,0.1
0.1208,0.1004,covldsc,65,20000,0.1,0.1
0.0612,0.0945,covldsc,66,20000,0.1,0.1
0.0766,0.0901,covldsc,67,20000,0.1,0.1
0.1467,0.0903,covldsc,68,20000,0.1,0.1
0.129,0.0855,covldsc,69,20000,0.1,0.1
0.106,0.0948,covldsc,70,20000,0.1,0.1
0.0048,0.104,covldsc,71,20000,0.1,0.1
0.0577,0.0962,covldsc,72,20000,0.1,0.1
0.0423,0.0845,covldsc,73,20000,0.1,0.1
0.1341,0.0913,covldsc,74,20000,0.1,0.1
-0.0068,0.1013,covldsc,75,20000,0.1,0.1
0.0252,0.0934,covldsc,76,20000,0.1,0.1
0.1196,0.1072,covldsc,77,20000,0.1,0.1
0.2684,0.0881,covldsc,78,20000,0.1,0.1
0.1114,0.1071,covldsc,79,20000,0.1,0.1
0.056,0.0937,covldsc,80,20000,0.1,0.1
0.0016,0.1048,covldsc,81,20000,0.1,0.1
0.1973,0.0791,covldsc,82,20000,0.1,0.1
-0.0256,0.092,covldsc,83,20000,0.1,0.1
0.0343,0.1178,covldsc,84,20000,0.1,0.1
0.1596,0.089,covldsc,85,20000,0.1,0.1
0.1764,0.1055,covldsc,86,20000,0.1,0.1
0.3004,0.0975,covldsc,87,20000,0.1,0.1
0.0755,0.0925,covldsc,88,20000,0.1,0.1
0.1399,0.0948,covldsc,89,20000,0.1,0.1
0.1545,0.1028,covldsc,90,20000,0.1,0.1
-0.0031,0.0801,covldsc,91,20000,0.1,0.1
-0.0608,0.0921,covldsc,92,20000,0.1,0.1
0.1801,0.109,covldsc,93,20000,0.1,0.1
0.1183,0.0968,covldsc,94,20000,0.1,0.1
0.0975,0.0877,covldsc,95,20000,0.1,0.1
-0.0244,0.0903,covldsc,96,20000,0.1,0.1
0.2738,0.1351,covldsc,97,20000,0.1,0.1
0.1448,0.0959,covldsc,98,20000,0.1,0.1
0.2271,0.0944,covldsc,99,20000,0.1,0.1
0.0978,0.1027,covldsc,0,20000,0.1,0.01
-0.0277,0.0966,covldsc,1,20000,0.1,0.01
0.2677,0.1037,covldsc,2,20000,0.1,0.01
0.1012,0.0822,covldsc,3,20000,0.1,0.01
0.0301,0.0845,covldsc,4,20000,0.1,0.01
0.0205,0.0983,covldsc,5,20000,0.1,0.01
0.0732,0.0818,covldsc,6,20000,0.1,0.01
0.1179,0.1011,covldsc,7,20000,0.1,0.01
0.2393,0.089,covldsc,8,20000,0.1,0.01
0.2032,0.0837,covldsc,9,20000,0.1,0.01
-0.0246,0.0859,covldsc,10,20000,0.1,0.01
0.0612,0.0945,covldsc,11,20000,0.1,0.01
0.0253,0.1033,covldsc,12,20000,0.1,0.01
0.1311,0.0982,covldsc,13,20000,0.1,0.01
0.1182,0.1009,covldsc,14,20000,0.1,0.01
0.2035,0.1064,covldsc,15,20000,0.1,0.01
-0.0062,0.0882,covldsc,16,20000,0.1,0.01
0.2017,0.0956,covldsc,17,20000,0.1,0.01
0.1265,0.0866,covldsc,18,20000,0.1,0.01
0.0934,0.1118,covldsc,19,20000,0.1,0.01
-0.041,0.0988,covldsc,20,20000,0.1,0.01
-0.0302,0.084,covldsc,21,20000,0.1,0.01
0.1773,0.1092,covldsc,22,20000,0.1,0.01
0.0672,0.0962,covldsc,23,20000,0.1,0.01
0.1126,0.1041,covldsc,24,20000,0.1,0.01
0.0724,0.0911,covldsc,25,20000,0.1,0.01
0.1524,0.088,covldsc,26,20000,0.1,0.01
0.1803,0.0903,covldsc,27,20000,0.1,0.01
0.3249,0.1002,covldsc,28,20000,0.1,0.01
0.1578,0.0899,covldsc,29,20000,0.1,0.01
0.1385,0.1048,covldsc,30,20000,0.1,0.01
0.113,0.0785,covldsc,31,20000,0.1,0.01
0.0078,0.0837,covldsc,32,20000,0.1,0.01
0.3566,0.103,covldsc,33,20000,0.1,0.01
0.206,0.0864,covldsc,34,20000,0.1,0.01
0.0769,0.0871,covldsc,35,20000,0.1,0.01
0.0722,0.0962,covldsc,36,20000,0.1,0.01
0.0614,0.0803,covldsc,37,20000,0.1,0.01
0.0573,0.0929,covldsc,38,20000,0.1,0.01
-0.0896,0.0864,covldsc,39,20000,0.1,0.01
0.0544,0.0856,covldsc,40,20000,0.1,0.01
0.001,0.0849,covldsc,41,20000,0.1,0.01
0.0189,0.0939,covldsc,42,20000,0.1,0.01
0.1836,0.0901,covldsc,43,20000,0.1,0.01
-0.0421,0.098,covldsc,44,20000,0.1,0.01
0.0837,0.089,covldsc,45,20000,0.1,0.01
0.0532,0.0945,covldsc,46,20000,0.1,0.01
0.0785,0.0883,covldsc,47,20000,0.1,0.01
0.0748,0.0951,covldsc,48,20000,0.1,0.01
-0.1685,0.0903,covldsc,49,20000,0.1,0.01
-0.0849,0.0905,covldsc,50,20000,0.1,0.01
0.0346,0.0941,covldsc,51,20000,0.1,0.01
0.081,0.0886,covldsc,52,20000,0.1,0.01
0.1147,0.0854,covldsc,53,20000,0.1,0.01
0.196,0.0964,covldsc,54,20000,0.1,0.01
0.1089,0.1115,covldsc,55,20000,0.1,0.01
0.171,0.0872,covldsc,56,20000,0.1,0.01
0.0168,0.0983,covldsc,57,20000,0.1,0.01
0.1658,0.0876,covldsc,58,20000,0.1,0.01
0.0438,0.084,covldsc,59,20000,0.1,0.01
-0.006,0.0897,covldsc,60,20000,0.1,0.01
0.021,0.0842,covldsc,61,20000,0.1,0.01
0.0159,0.1014,covldsc,62,20000,0.1,0.01
0.1069,0.0933,covldsc,63,20000,0.1,0.01
0.2015,0.1058,covldsc,64,20000,0.1,0.01
0.1181,0.1034,covldsc,65,20000,0.1,0.01
0.1503,0.1019,covldsc,66,20000,0.1,0.01
0.0614,0.0962,covldsc,67,20000,0.1,0.01
0.1274,0.1075,covldsc,68,20000,0.1,0.01
0.1162,0.0941,covldsc,69,20000,0.1,0.01
0.0054,0.0893,covldsc,70,20000,0.1,0.01
0.0867,0.0935,covldsc,71,20000,0.1,0.01
-0.0825,0.0964,covldsc,72,20000,0.1,0.01
-0.1161,0.0916,covldsc,73,20000,0.1,0.01
0.1642,0.1017,covldsc,74,20000,0.1,0.01
0.1524,0.0947,covldsc,75,20000,0.1,0.01
-0.0503,0.087,covldsc,76,20000,0.1,0.01
0.0872,0.1004,covldsc,77,20000,0.1,0.01
0.1456,0.093,covldsc,78,20000,0.1,0.01
0.0464,0.0835,covldsc,79,20000,0.1,0.01
-0.0461,0.0993,covldsc,80,20000,0.1,0.01
0.2125,0.0971,covldsc,81,20000,0.1,0.01
0.3351,0.0906,covldsc,82,20000,0.1,0.01
-0.0296,0.0872,covldsc,83,20000,0.1,0.01
0.1853,0.1168,covldsc,84,20000,0.1,0.01
0.3841,0.0929,covldsc,85,20000,0.1,0.01
0.1188,0.1066,covldsc,86,20000,0.1,0.01
0.1255,0.086,covldsc,87,20000,0.1,0.01
-0.041,0.0929,covldsc,88,20000,0.1,0.01
-0.0514,0.0841,covldsc,89,20000,0.1,0.01
0.2037,0.0923,covldsc,90,20000,0.1,0.01
-0.0399,0.0883,covldsc,91,20000,0.1,0.01
0.1322,0.0943,covldsc,92,20000,0.1,0.01
0.0917,0.1065,covldsc,93,20000,0.1,0.01
0.2736,0.0881,covldsc,94,20000,0.1,0.01
0.0488,0.1048,covldsc,95,20000,0.1,0.01
0.1497,0.0853,covldsc,96,20000,0.1,0.01
0.0374,0.0785,covldsc,97,20000,0.1,0.01
-0.0231,0.0946,covldsc,98,20000,0.1,0.01
0.1621,0.1008,covldsc,99,20000,0.1,0.01
0.2521,0.0926,covldsc,0,20000,0.25,1.0
0.2586,0.0899,covldsc,1,20000,0.25,1.0
0.3201,0.1007,covldsc,2,20000,0.25,1.0
0.2289,0.1006,covldsc,3,20000,0.25,1.0
0.4107,0.0904,covldsc,4,20000,0.25,1.0
0.2611,0.1079,covldsc,5,20000,0.25,1.0
0.3304,0.1061,covldsc,6,20000,0.25,1.0
0.4311,0.1215,covldsc,7,20000,0.25,1.0
0.1591,0.1035,covldsc,8,20000,0.25,1.0
0.3037,0.1005,covldsc,9,20000,0.25,1.0
0.1552,0.098,covldsc,10,20000,0.25,1.0
0.357,0.116,covldsc,11,20000,0.25,1.0
0.1586,0.0973,covldsc,12,20000,0.25,1.0
0.1173,0.0912,covldsc,13,20000,0.25,1.0
0.1802,0.0994,covldsc,14,20000,0.25,1.0
0.2758,0.1273,covldsc,15,20000,0.25,1.0
0.3539,0.1114,covldsc,16,20000,0.25,1.0
0.2548,0.1042,covldsc,17,20000,0.25,1.0
0.3242,0.1174,covldsc,18,20000,0.25,1.0
0.2534,0.1062,covldsc,19,20000,0.25,1.0
0.4287,0.0962,covldsc,20,20000,0.25,1.0
0.3578,0.0963,covldsc,21,20000,0.25,1.0
0.3031,0.1065,covldsc,22,20000,0.25,1.0
0.3688,0.106,covldsc,23,20000,0.25,1.0
0.2718,0.1022,covldsc,24,20000,0.25,1.0
0.2575,0.1027,covldsc,25,20000,0.25,1.0
0.2116,0.0994,covldsc,26,20000,0.25,1.0
0.1775,0.0892,covldsc,27,20000,0.25,1.0
0.317,0.0997,covldsc,28,20000,0.25,1.0
0.0728,0.094,covldsc,29,20000,0.25,1.0
0.109,0.0882,covldsc,30,20000,0.25,1.0
0.336,0.1021,covldsc,31,20000,0.25,1.0
0.089,0.0936,covldsc,32,20000,0.25,1.0
0.2611,0.0922,covldsc,33,20000,0.25,1.0
0.3108,0.1042,covldsc,34,20000,0.25,1.0
0.2185,0.0995,covldsc,35,20000,0.25,1.0
0.0998,0.0949,covldsc,36,20000,0.25,1.0
0.2561,0.1021,covldsc,37,20000,0.25,1.0
0.326,0.1059,covldsc,38,20000,0.25,1.0
0.1615,0.101,covldsc,39,20000,0.25,1.0
0.1435,0.103,covldsc,40,20000,0.25,1.0
0.4225,0.1012,covldsc,41,20000,0.25,1.0
0.1712,0.09,covldsc,42,20000,0.25,1.0
0.1052,0.1031,covldsc,43,20000,0.25,1.0
0.2805,0.1027,covldsc,44,20000,0.25,1.0
0.3567,0.1012,covldsc,45,20000,0.25,1.0
0.1938,0.1012,covldsc,46,20000,0.25,1.0
0.4254,0.0937,covldsc,47,20000,0.25,1.0
0.3246,0.0868,covldsc,48,20000,0.25,1.0
0.2767,0.0965,covldsc,49,20000,0.25,1.0
0.2402,0.1142,covldsc,50,20000,0.25,1.0
0.1121,0.0886,covldsc,51,20000,0.25,1.0
0.2701,0.0851,covldsc,52,20000,0.25,1.0
0.2966,0.1123,covldsc,53,20000,0.25,1.0
0.1743,0.0973,covldsc,54,20000,0.25,1.0
0.3258,0.0959,covldsc,55,20000,0.25,1.0
0.2723,0.1117,covldsc,56,20000,0.25,1.0
0.2848,0.1048,covldsc,57,20000,0.25,1.0
0.1152,0.1068,covldsc,58,20000,0.25,1.0
0.1312,0.0824,covldsc,59,20000,0.25,1.0
0.1799,0.1065,covldsc,60,20000,0.25,1.0
0.2532,0.08,covldsc,61,20000,0.25,1.0
0.3391,0.0909,covldsc,62,20000,0.25,1.0
0.1795,0.0869,covldsc,63,20000,0.25,1.0
0.1952,0.091,covldsc,64,20000,0.25,1.0
0.3191,0.0892,covldsc,65,20000,0.25,1.0
-0.0525,0.0916,covldsc,66,20000,0.25,1.0
0.1748,0.0947,covldsc,67,20000,0.25,1.0
0.1351,0.0939,covldsc,68,20000,0.25,1.0
0.3293,0.1011,covldsc,69,20000,0.25,1.0
0.252,0.0791,covldsc,70,20000,0.25,1.0
0.4518,0.1016,covldsc,71,20000,0.25,1.0
0.2538,0.0917,covldsc,72,20000,0.25,1.0
0.2424,0.0925,covldsc,73,20000,0.25,1.0
0.1142,0.0909,covldsc,74,20000,0.25,1.0
0.2056,0.0916,covldsc,75,20000,0.25,1.0
0.3318,0.0966,covldsc,76,20000,0.25,1.0
0.2444,0.0986,covldsc,77,20000,0.25,1.0
0.0915,0.0903,covldsc,78,20000,0.25,1.0
0.146,0.0921,covldsc,79,20000,0.25,1.0
0.1562,0.1094,covldsc,80,20000,0.25,1.0
0.1361,0.1055,covldsc,81,20000,0.25,1.0
0.0639,0.0981,covldsc,82,20000,0.25,1.0
0.153,0.1148,covldsc,83,20000,0.25,1.0
0.1632,0.1012,covldsc,84,20000,0.25,1.0
0.301,0.0964,covldsc,85,20000,0.25,1.0
0.1829,0.0891,covldsc,86,20000,0.25,1.0
0.2189,0.0887,covldsc,87,20000,0.25,1.0
0.3072,0.089,covldsc,88,20000,0.25,1.0
0.3025,0.0779,covldsc,89,20000,0.25,1.0
0.0955,0.1015,covldsc,90,20000,0.25,1.0
0.427,0.1012,covldsc,91,20000,0.25,1.0
0.4459,0.1113,covldsc,92,20000,0.25,1.0
0.1326,0.1076,covldsc,93,20000,0.25,1.0
0.2303,0.0984,covldsc,94,20000,0.25,1.0
0.2108,0.0926,covldsc,95,20000,0.25,1.0
0.3432,0.1058,covldsc,96,20000,0.25,1.0
0.1968,0.091,covldsc,97,20000,0.25,1.0
0.4025,0.0935,covldsc,98,20000,0.25,1.0
0.2277,0.0933,covldsc,99,20000,0.25,1.0
0.1736,0.0938,covldsc,0,20000,0.25,0.1
0.0562,0.0852,covldsc,1,20000,0.25,0.1
0.2663,0.1034,covldsc,2,20000,0.25,0.1
0.2154,0.1077,covldsc,3,20000,0.25,0.1
0.1654,0.0966,covldsc,4,20000,0.25,0.1
0.1163,0.0972,covldsc,5,20000,0.25,0.1
0.3461,0.093,covldsc,6,20000,0.25,0.1
0.4365,0.088,covldsc,7,20000,0.25,0.1
0.2668,0.092,covldsc,8,20000,0.25,0.1
0.2407,0.0974,covldsc,9,20000,0.25,0.1
0.2497,0.0931,covldsc,10,20000,0.25,0.1
0.3017,0.0935,covldsc,11,20000,0.25,0.1
0.1803,0.1056,covldsc,12,20000,0.25,0.1
0.0329,0.0942,covldsc,13,20000,0.25,0.1
0.2958,0.0866,covldsc,14,20000,0.25,0.1
0.1844,0.0894,covldsc,15,20000,0.25,0.1
0.3075,0.0972,covldsc,16,20000,0.25,0.1
0.1098,0.0893,covldsc,17,20000,0.25,0.1
0.2953,0.103,covldsc,18,20000,0.25,0.1
0.2986,0.0939,covldsc,19,20000,0.25,0.1
0.2849,0.0953,covldsc,20,20000,0.25,0.1
0.3111,0.0995,covldsc,21,20000,0.25,0.1
0.335,0.0937,covldsc,22,20000,0.25,0.1
0.1084,0.1084,covldsc,23,20000,0.25,0.1
0.3987,0.1038,covldsc,24,20000,0.25,0.1
0.2447,0.0932,covldsc,25,20000,0.25,0.1
0.3069,0.1074,covldsc,26,20000,0.25,0.1
0.0673,0.0925,covldsc,27,20000,0.25,0.1
0.3063,0.1098,covldsc,28,20000,0.25,0.1
0.2677,0.1212,covldsc,29,20000,0.25,0.1
0.2486,0.1039,covldsc,30,20000,0.25,0.1
0.2271,0.0965,covldsc,31,20000,0.25,0.1
0.1133,0.0869,covldsc,32,20000,0.25,0.1
0.3052,0.0954,covldsc,33,20000,0.25,0.1
0.2803,0.1016,covldsc,34,20000,0.25,0.1
0.1193,0.0939,covldsc,35,20000,0.25,0.1
0.0726,0.091,covldsc,36,20000,0.25,0.1
0.2794,0.0995,covldsc,37,20000,0.25,0.1
0.2266,0.101,covldsc,38,20000,0.25,0.1
0.2287,0.0995,covldsc,39,20000,0.25,0.1
0.2299,0.1134,covldsc,40,20000,0.25,0.1
0.2738,0.0937,covldsc,41,20000,0.25,0.1
0.2864,0.1114,covldsc,42,20000,0.25,0.1
0.1597,0.0913,covldsc,43,20000,0.25,0.1
0.2515,0.1032,covldsc,44,20000,0.25,0.1
0.2487,0.1026,covldsc,45,20000,0.25,0.1
0.3489,0.0914,covldsc,46,20000,0.25,0.1
0.2505,0.098,covldsc,47,20000,0.25,0.1
0.1847,0.0918,covldsc,48,20000,0.25,0.1
0.2965,0.0827,covldsc,49,20000,0.25,0.1
0.3433,0.109,covldsc,50,20000,0.25,0.1
0.1807,0.0967,covldsc,51,20000,0.25,0.1
0.2429,0.0829,covldsc,52,20000,0.25,0.1
0.4407,0.1153,covldsc,53,20000,0.25,0.1
0.1318,0.0951,covldsc,54,20000,0.25,0.1
0.2037,0.0994,covldsc,55,20000,0.25,0.1
0.0746,0.0988,covldsc,56,20000,0.25,0.1
0.2449,0.0962,covldsc,57,20000,0.25,0.1
0.4316,0.111,covldsc,58,20000,0.25,0.1
0.238,0.1049,covldsc,59,20000,0.25,0.1
0.2434,0.1018,covldsc,60,20000,0.25,0.1
0.2246,0.1044,covldsc,61,20000,0.25,0.1
0.468,0.0918,covldsc,62,20000,0.25,0.1
0.1667,0.0924,covldsc,63,20000,0.25,0.1
0.3639,0.0895,covldsc,64,20000,0.25,0.1
0.2398,0.0769,covldsc,65,20000,0.25,0.1
0.2196,0.094,covldsc,66,20000,0.25,0.1
0.2122,0.1023,covldsc,67,20000,0.25,0.1
0.2463,0.0975,covldsc,68,20000,0.25,0.1
0.2785,0.0927,covldsc,69,20000,0.25,0.1
0.1353,0.0876,covldsc,70,20000,0.25,0.1
0.4505,0.097,covldsc,71,20000,0.25,0.1
0.1896,0.0997,covldsc,72,20000,0.25,0.1
0.1874,0.094,covldsc,73,20000,0.25,0.1
0.2686,0.1028,covldsc,74,20000,0.25,0.1
0.147,0.0934,covldsc,75,20000,0.25,0.1
0.1868,0.1016,covldsc,76,20000,0.25,0.1
0.355,0.0904,covldsc,77,20000,0.25,0.1
0.3331,0.1141,covldsc,78,20000,0.25,0.1
0.2753,0.0941,covldsc,79,20000,0.25,0.1
0.3864,0.0961,covldsc,80,20000,0.25,0.1
0.1723,0.0944,covldsc,81,20000,0.25,0.1
0.1643,0.1059,covldsc,82,20000,0.25,0.1
0.2537,0.111,covldsc,83,20000,0.25,0.1
0.4465,0.0964,covldsc,84,20000,0.25,0.1
0.3316,0.1044,covldsc,85,20000,0.25,0.1
0.1853,0.1061,covldsc,86,20000,0.25,0.1
0.2611,0.1104,covldsc,87,20000,0.25,0.1
0.1988,0.1012,covldsc,88,20000,0.25,0.1
0.2494,0.1024,covldsc,89,20000,0.25,0.1
0.3444,0.1062,covldsc,90,20000,0.25,0.1
0.2787,0.0961,covldsc,91,20000,0.25,0.1
0.157,0.1063,covldsc,92,20000,0.25,0.1
0.1116,0.0985,covldsc,93,20000,0.25,0.1
0.1218,0.0915,covldsc,94,20000,0.25,0.1
0.2716,0.1008,covldsc,95,20000,0.25,0.1
0.209,0.0929,covldsc,96,20000,0.25,0.1
0.2766,0.0986,covldsc,97,20000,0.25,0.1
0.2671,0.1086,covldsc,98,20000,0.25,0.1
0.2787,0.0961,covldsc,99,20000,0.25,0.1
0.3271,0.0907,covldsc,0,20000,0.25,0.01
0.2186,0.1091,covldsc,1,20000,0.25,0.01
0.3127,0.1022,covldsc,2,20000,0.25,0.01
0.3446,0.098,covldsc,3,20000,0.25,0.01
0.3283,0.1076,covldsc,4,20000,0.25,0.01
0.4482,0.1012,covldsc,5,20000,0.25,0.01
0.0994,0.0953,covldsc,6,20000,0.25,0.01
0.4884,0.0875,covldsc,7,20000,0.25,0.01
0.3227,0.1032,covldsc,8,20000,0.25,0.01
0.2487,0.1089,covldsc,9,20000,0.25,0.01
0.3306,0.1101,covldsc,10,20000,0.25,0.01
0.2035,0.1256,covldsc,11,20000,0.25,0.01
0.1368,0.1023,covldsc,12,20000,0.25,0.01
0.5215,0.1009,covldsc,13,20000,0.25,0.01
0.1606,0.099,covldsc,14,20000,0.25,0.01
0.1682,0.0976,covldsc,15,20000,0.25,0.01
0.3199,0.0948,covldsc,16,20000,0.25,0.01
0.4327,0.1009,covldsc,17,20000,0.25,0.01
0.3136,0.0878,covldsc,18,20000,0.25,0.01
0.2795,0.0945,covldsc,19,20000,0.25,0.01
0.2085,0.0924,covldsc,20,20000,0.25,0.01
0.3284,0.1035,covldsc,21,20000,0.25,0.01
0.2435,0.1104,covldsc,22,20000,0.25,0.01
0.3205,0.0996,covldsc,23,20000,0.25,0.01
0.2955,0.0864,covldsc,24,20000,0.25,0.01
0.1977,0.0912,covldsc,25,20000,0.25,0.01
0.1282,0.0962,covldsc,26,20000,0.25,0.01
0.2862,0.1055,covldsc,27,20000,0.25,0.01
0.2415,0.0966,covldsc,28,20000,0.25,0.01
0.3356,0.1091,covldsc,29,20000,0.25,0.01
0.1907,0.0946,covldsc,30,20000,0.25,0.01
0.2695,0.1042,covldsc,31,20000,0.25,0.01
0.0013,0.101,covldsc,32,20000,0.25,0.01
0.0459,0.091,covldsc,33,20000,0.25,0.01
0.2162,0.0873,covldsc,34,20000,0.25,0.01
0.2911,0.0961,covldsc,35,20000,0.25,0.01
0.2201,0.1048,covldsc,36,20000,0.25,0.01
0.3728,0.1078,covldsc,37,20000,0.25,0.01
0.3361,0.0969,covldsc,38,20000,0.25,0.01
0.3606,0.115,covldsc,39,20000,0.25,0.01
0.4424,0.1034,covldsc,40,20000,0.25,0.01
0.1652,0.1091,covldsc,41,20000,0.25,0.01
0.3831,0.0917,covldsc,42,20000,0.25,0.01
0.3722,0.0935,covldsc,43,20000,0.25,0.01
0.1438,0.0856,covldsc,44,20000,0.25,0.01
0.3264,0.1063,covldsc,45,20000,0.25,0.01
0.0352,0.1011,covldsc,46,20000,0.25,0.01
0.1579,0.1055,covldsc,47,20000,0.25,0.01
0.4062,0.0942,covldsc,48,20000,0.25,0.01
0.3024,0.1089,covldsc,49,20000,0.25,0.01
0.3541,0.1095,covldsc,50,20000,0.25,0.01
0.4036,0.1035,covldsc,51,20000,0.25,0.01
0.0188,0.0973,covldsc,52,20000,0.25,0.01
0.4405,0.1015,covldsc,53,20000,0.25,0.01
0.1539,0.0935,covldsc,54,20000,0.25,0.01
0.3836,0.1121,covldsc,55,20000,0.25,0.01
0.244,0.0964,covldsc,56,20000,0.25,0.01
0.1296,0.1005,covldsc,57,20000,0.25,0.01
0.2118,0.1029,covldsc,58,20000,0.25,0.01
0.2295,0.092,covldsc,59,20000,0.25,0.01
0.3268,0.1001,covldsc,60,20000,0.25,0.01
0.1306,0.0899,covldsc,61,20000,0.25,0.01
0.182,0.0905,covldsc,62,20000,0.25,0.01
0.3222,0.1019,covldsc,63,20000,0.25,0.01
0.2495,0.0795,covldsc,64,20000,0.25,0.01
0.3409,0.0897,covldsc,65,20000,0.25,0.01
0.4103,0.0986,covldsc,66,20000,0.25,0.01
-0.02,0.1069,covldsc,67,20000,0.25,0.01
0.3625,0.1076,covldsc,68,20000,0.25,0.01
0.2128,0.0926,covldsc,69,20000,0.25,0.01
0.2886,0.1222,covldsc,70,20000,0.25,0.01
0.2099,0.1088,covldsc,71,20000,0.25,0.01
0.239,0.0945,covldsc,72,20000,0.25,0.01
0.2058,0.0873,covldsc,73,20000,0.25,0.01
0.2723,0.0967,covldsc,74,20000,0.25,0.01
0.4625,0.1105,covldsc,75,20000,0.25,0.01
0.2094,0.086,covldsc,76,20000,0.25,0.01
0.1974,0.0988,covldsc,77,20000,0.25,0.01
0.1342,0.101,covldsc,78,20000,0.25,0.01
0.2555,0.1189,covldsc,79,20000,0.25,0.01
0.1615,0.1016,covldsc,80,20000,0.25,0.01
0.4415,0.1099,covldsc,81,20000,0.25,0.01
0.0767,0.0733,covldsc,82,20000,0.25,0.01
0.1604,0.1184,covldsc,83,20000,0.25,0.01
0.0659,0.0891,covldsc,84,20000,0.25,0.01
0.2977,0.1091,covldsc,85,20000,0.25,0.01
0.294,0.1116,covldsc,86,20000,0.25,0.01
0.2144,0.0861,covldsc,87,20000,0.25,0.01
0.0364,0.0867,covldsc,88,20000,0.25,0.01
0.1184,0.0965,covldsc,89,20000,0.25,0.01
0.3044,0.0986,covldsc,90,20000,0.25,0.01
0.3535,0.0902,covldsc,91,20000,0.25,0.01
0.1447,0.0917,covldsc,92,20000,0.25,0.01
0.2496,0.0958,covldsc,93,20000,0.25,0.01
0.3086,0.0978,covldsc,94,20000,0.25,0.01
0.2891,0.0934,covldsc,95,20000,0.25,0.01
0.2285,0.089,covldsc,96,20000,0.25,0.01
0.2289,0.0987,covldsc,97,20000,0.25,0.01
0.0501,0.0998,covldsc,98,20000,0.25,0.01
0.2217,0.0963,covldsc,99,20000,0.25,0.01
0.4636,0.0973,covldsc,0,20000,0.4,1.0
0.3219,0.1018,covldsc,1,20000,0.4,1.0
0.2854,0.0945,covldsc,2,20000,0.4,1.0
0.3965,0.1081,covldsc,3,20000,0.4,1.0
0.2921,0.0969,covldsc,4,20000,0.4,1.0
0.6933,0.0938,covldsc,5,20000,0.4,1.0
0.3145,0.0944,covldsc,6,20000,0.4,1.0
0.4114,0.1004,covldsc,7,20000,0.4,1.0
0.2803,0.1002,covldsc,8,20000,0.4,1.0
0.5105,0.106,covldsc,9,20000,0.4,1.0
0.3952,0.1177,covldsc,10,20000,0.4,1.0
0.155,0.0836,covldsc,11,20000,0.4,1.0
0.4591,0.1072,covldsc,12,20000,0.4,1.0
0.3551,0.0984,covldsc,13,20000,0.4,1.0
0.4918,0.1059,covldsc,14,20000,0.4,1.0
0.3418,0.1073,covldsc,15,20000,0.4,1.0
0.4631,0.0963,covldsc,16,20000,0.4,1.0
0.4382,0.1095,covldsc,17,20000,0.4,1.0
0.3902,0.1212,covldsc,18,20000,0.4,1.0
0.4182,0.1031,covldsc,19,20000,0.4,1.0
0.4993,0.1094,covldsc,20,20000,0.4,1.0
0.3401,0.1138,covldsc,21,20000,0.4,1.0
0.4905,0.0988,covldsc,22,20000,0.4,1.0
0.4173,0.0992,covldsc,23,20000,0.4,1.0
0.4178,0.093,covldsc,24,20000,0.4,1.0
0.1805,0.091,covldsc,25,20000,0.4,1.0
0.3856,0.123,covldsc,26,20000,0.4,1.0
0.1931,0.0988,covldsc,27,20000,0.4,1.0
0.5127,0.1004,covldsc,28,20000,0.4,1.0
0.4496,0.1052,covldsc,29,20000,0.4,1.0
0.3072,0.1027,covldsc,30,20000,0.4,1.0
0.3175,0.1046,covldsc,31,20000,0.4,1.0
0.3687,0.0996,covldsc,32,20000,0.4,1.0
0.4327,0.1068,covldsc,33,20000,0.4,1.0
0.1797,0.1152,covldsc,34,20000,0.4,1.0
0.3612,0.0945,covldsc,35,20000,0.4,1.0
0.1761,0.1004,covldsc,36,20000,0.4,1.0
0.533,0.084,covldsc,37,20000,0.4,1.0
0.4169,0.1134,covldsc,38,20000,0.4,1.0
0.3829,0.1053,covldsc,39,20000,0.4,1.0
0.3384,0.0876,covldsc,40,20000,0.4,1.0
0.4181,0.1059,covldsc,41,20000,0.4,1.0
0.1768,0.1089,covldsc,42,20000,0.4,1.0
0.4588,0.1071,covldsc,43,20000,0.4,1.0
0.4535,0.1046,covldsc,44,20000,0.4,1.0
0.4394,0.1088,covldsc,45,20000,0.4,1.0
0.351,0.1053,covldsc,46,20000,0.4,1.0
0.4877,0.1015,covldsc,47,20000,0.4,1.0
0.4846,0.1101,covldsc,48,20000,0.4,1.0
0.3261,0.1172,covldsc,49,20000,0.4,1.0
0.3558,0.0937,covldsc,50,20000,0.4,1.0
0.5372,0.1191,covldsc,51,20000,0.4,1.0
0.5204,0.0932,covldsc,52,20000,0.4,1.0
0.3842,0.1127,covldsc,53,20000,0.4,1.0
0.4763,0.1044,covldsc,54,20000,0.4,1.0
0.4074,0.1017,covldsc,55,20000,0.4,1.0
0.3009,0.0904,covldsc,56,20000,0.4,1.0
0.4746,0.1128,covldsc,57,20000,0.4,1.0
0.4928,0.111,covldsc,58,20000,0.4,1.0
0.3684,0.1016,covldsc,59,20000,0.4,1.0
0.4205,0.1112,covldsc,60,20000,0.4,1.0
0.2915,0.0997,covldsc,61,20000,0.4,1.0
0.6126,0.101,covldsc,62,20000,0.4,1.0
0.3931,0.091,covldsc,63,20000,0.4,1.0
0.5016,0.1196,covldsc,64,20000,0.4,1.0
0.6595,0.1173,covldsc,65,20000,0.4,1.0
0.1464,0.0931,covldsc,66,20000,0.4,1.0
0.5834,0.1024,covldsc,67,20000,0.4,1.0
0.5094,0.0922,covldsc,68,20000,0.4,1.0
0.3686,0.1062,covldsc,69,20000,0.4,1.0
0.4527,0.12,covldsc,70,20000,0.4,1.0
0.3473,0.1069,covldsc,71,20000,0.4,1.0
0.3919,0.1038,covldsc,72,20000,0.4,1.0
0.3894,0.1011,covldsc,73,20000,0.4,1.0
0.4724,0.1102,covldsc,74,20000,0.4,1.0
0.478,0.0897,covldsc,75,20000,0.4,1.0
0.5577,0.117,covldsc,76,20000,0.4,1.0
0.6334,0.1041,covldsc,77,20000,0.4,1.0
0.4039,0.1038,covldsc,78,20000,0.4,1.0
0.4872,0.1076,covldsc,79,20000,0.4,1.0
0.4927,0.099,covldsc,80,20000,0.4,1.0
0.5269,0.113,covldsc,81,20000,0.4,1.0
0.4845,0.1033,covldsc,82,20000,0.4,1.0
0.3182,0.0911,covldsc,83,20000,0.4,1.0
0.3021,0.1046,covldsc,84,20000,0.4,1.0
0.4101,0.1029,covldsc,85,20000,0.4,1.0
0.5163,0.1017,covldsc,86,20000,0.4,1.0
0.4402,0.0949,covldsc,87,20000,0.4,1.0
0.4133,0.1105,covldsc,88,20000,0.4,1.0
0.4208,0.0984,covldsc,89,20000,0.4,1.0
0.3056,0.0912,covldsc,90,20000,0.4,1.0
0.3778,0.1068,covldsc,91,20000,0.4,1.0
0.2775,0.1028,covldsc,92,20000,0.4,1.0
0.371,0.1083,covldsc,93,20000,0.4,1.0
0.2561,0.1013,covldsc,94,20000,0.4,1.0
0.4408,0.1051,covldsc,95,20000,0.4,1.0
0.5604,0.1121,covldsc,96,20000,0.4,1.0
0.4636,0.1267,covldsc,97,20000,0.4,1.0
0.3943,0.099,covldsc,98,20000,0.4,1.0
0.6227,0.0956,covldsc,99,20000,0.4,1.0
0.5309,0.1004,covldsc,0,20000,0.4,0.1
0.4556,0.0971,covldsc,1,20000,0.4,0.1
0.4433,0.104,covldsc,2,20000,0.4,0.1
0.3397,0.0912,covldsc,3,20000,0.4,0.1
0.4799,0.1417,covldsc,4,20000,0.4,0.1
0.3584,0.1127,covldsc,5,20000,0.4,0.1
0.2743,0.0793,covldsc,6,20000,0.4,0.1
0.3012,0.1034,covldsc,7,20000,0.4,0.1
0.4198,0.1084,covldsc,8,20000,0.4,0.1
0.5263,0.1087,covldsc,9,20000,0.4,0.1
0.3507,0.1121,covldsc,10,20000,0.4,0.1
0.553,0.1149,covldsc,11,20000,0.4,0.1
0.3553,0.0939,covldsc,12,20000,0.4,0.1
0.3167,0.0962,covldsc,13,20000,0.4,0.1
0.5595,0.1005,covldsc,14,20000,0.4,0.1
0.2627,0.0948,covldsc,15,20000,0.4,0.1
0.4007,0.1093,covldsc,16,20000,0.4,0.1
0.3709,0.1038,covldsc,17,20000,0.4,0.1
0.5492,0.1064,covldsc,18,20000,0.4,0.1
0.4603,0.096,covldsc,19,20000,0.4,0.1
0.399,0.11,covldsc,20,20000,0.4,0.1
0.2614,0.0872,covldsc,21,20000,0.4,0.1
0.414,0.0902,covldsc,22,20000,0.4,0.1
0.3881,0.1014,covldsc,23,20000,0.4,0.1
0.4327,0.1089,covldsc,24,20000,0.4,0.1
0.3755,0.1009,covldsc,25,20000,0.4,0.1
0.4174,0.1001,covldsc,26,20000,0.4,0.1
0.1584,0.1005,covldsc,27,20000,0.4,0.1
0.3728,0.0992,covldsc,28,20000,0.4,0.1
0.2349,0.095,covldsc,29,20000,0.4,0.1
0.2861,0.0955,covldsc,30,20000,0.4,0.1
0.5061,0.0833,covldsc,31,20000,0.4,0.1
0.2862,0.1037,covldsc,32,20000,0.4,0.1
0.6885,0.0998,covldsc,33,20000,0.4,0.1
0.3335,0.0977,covldsc,34,20000,0.4,0.1
0.5227,0.112,covldsc,35,20000,0.4,0.1
0.5605,0.1002,covldsc,36,20000,0.4,0.1
0.3931,0.0985,covldsc,37,20000,0.4,0.1
0.4781,0.1192,covldsc,38,20000,0.4,0.1
0.2144,0.124,covldsc,39,20000,0.4,0.1
0.4683,0.0958,covldsc,40,20000,0.4,0.1
0.4386,0.1023,covldsc,41,20000,0.4,0.1
0.3759,0.0987,covldsc,42,20000,0.4,0.1
0.1541,0.1046,covldsc,43,20000,0.4,0.1
0.3811,0.1033,covldsc,44,20000,0.4,0.1
0.5042,0.1018,covldsc,45,20000,0.4,0.1
0.1192,0.098,covldsc,46,20000,0.4,0.1
0.4792,0.1046,covldsc,47,20000,0.4,0.1
0.4222,0.1115,covldsc,48,20000,0.4,0.1
0.5176,0.116,covldsc,49,20000,0.4,0.1
0.4993,0.1052,covldsc,50,20000,0.4,0.1
0.244,0.0983,covldsc,51,20000,0.4,0.1
0.2652,0.0986,covldsc,52,20000,0.4,0.1
0.2823,0.0962,covldsc,53,20000,0.4,0.1
0.2615,0.1071,covldsc,54,20000,0.4,0.1
0.4213,0.0871,covldsc,55,20000,0.4,0.1
0.3993,0.0909,covldsc,56,20000,0.4,0.1
0.4795,0.1003,covldsc,57,20000,0.4,0.1
0.3427,0.0941,covldsc,58,20000,0.4,0.1
0.3694,0.1055,covldsc,59,20000,0.4,0.1
0.2272,0.1012,covldsc,60,20000,0.4,0.1
0.0951,0.0995,covldsc,61,20000,0.4,0.1
0.2868,0.0977,covldsc,62,20000,0.4,0.1
0.5722,0.1128,covldsc,63,20000,0.4,0.1
0.2178,0.1057,covldsc,64,20000,0.4,0.1
0.349,0.1142,covldsc,65,20000,0.4,0.1
0.527,0.0966,covldsc,66,20000,0.4,0.1
0.4444,0.1179,covldsc,67,20000,0.4,0.1
0.2816,0.112,covldsc,68,20000,0.4,0.1
0.3057,0.1002,covldsc,69,20000,0.4,0.1
0.5073,0.1143,covldsc,70,20000,0.4,0.1
0.4622,0.1059,covldsc,71,20000,0.4,0.1
0.1877,0.1016,covldsc,72,20000,0.4,0.1
0.2999,0.1002,covldsc,73,20000,0.4,0.1
0.316,0.1047,covldsc,74,20000,0.4,0.1
0.474,0.0987,covldsc,75,20000,0.4,0.1
0.2436,0.0929,covldsc,76,20000,0.4,0.1
0.4976,0.1035,covldsc,77,20000,0.4,0.1
0.6909,0.1055,covldsc,78,20000,0.4,0.1
0.46,0.0999,covldsc,79,20000,0.4,0.1
0.4807,0.094,covldsc,80,20000,0.4,0.1
0.3105,0.1026,covldsc,81,20000,0.4,0.1
0.4993,0.1003,covldsc,82,20000,0.4,0.1
0.6147,0.101,covldsc,83,20000,0.4,0.1
0.2872,0.0999,covldsc,84,20000,0.4,0.1
0.3985,0.1095,covldsc,85,20000,0.4,0.1
0.4819,0.1089,covldsc,86,20000,0.4,0.1
0.4781,0.1293,covldsc,87,20000,0.4,0.1
0.3189,0.1046,covldsc,88,20000,0.4,0.1
0.288,0.1183,covldsc,89,20000,0.4,0.1
0.2996,0.1061,covldsc,90,20000,0.4,0.1
0.2311,0.1006,covldsc,91,20000,0.4,0.1
0.4615,0.0966,covldsc,92,20000,0.4,0.1
0.301,0.0868,covldsc,93,20000,0.4,0.1
0.4616,0.0879,covldsc,94,20000,0.4,0.1
0.4064,0.0967,covldsc,95,20000,0.4,0.1
0.4158,0.087,covldsc,96,20000,0.4,0.1
0.5278,0.106,covldsc,97,20000,0.4,0.1
0.3538,0.09,covldsc,98,20000,0.4,0.1
0.4363,0.1128,covldsc,99,20000,0.4,0.1
0.5063,0.1085,covldsc,0,20000,0.4,0.01
0.3968,0.1087,covldsc,1,20000,0.4,0.01
0.3658,0.0927,covldsc,2,20000,0.4,0.01
0.3719,0.1138,covldsc,3,20000,0.4,0.01
0.2643,0.1118,covldsc,4,20000,0.4,0.01
0.2118,0.102,covldsc,5,20000,0.4,0.01
0.5249,0.1076,covldsc,6,20000,0.4,0.01
0.1634,0.1206,covldsc,7,20000,0.4,0.01
0.1784,0.1132,covldsc,8,20000,0.4,0.01
0.5388,0.12,covldsc,9,20000,0.4,0.01
0.2464,0.0913,covldsc,10,20000,0.4,0.01
0.5005,0.1263,covldsc,11,20000,0.4,0.01
0.4164,0.1174,covldsc,12,20000,0.4,0.01
0.464,0.1213,covldsc,13,20000,0.4,0.01
0.4704,0.097,covldsc,14,20000,0.4,0.01
0.391,0.1058,covldsc,15,20000,0.4,0.01
0.4633,0.1209,covldsc,16,20000,0.4,0.01
0.35,0.1039,covldsc,17,20000,0.4,0.01
0.461,0.1044,covldsc,18,20000,0.4,0.01
0.3306,0.1057,covldsc,19,20000,0.4,0.01
0.378,0.1133,covldsc,20,20000,0.4,0.01
0.2392,0.1012,covldsc,21,20000,0.4,0.01
0.3817,0.1071,covldsc,22,20000,0.4,0.01
0.4213,0.1022,covldsc,23,20000,0.4,0.01
0.3654,0.0945,covldsc,24,20000,0.4,0.01
0.4622,0.114,covldsc,25,20000,0.4,0.01
0.5313,0.139,covldsc,26,20000,0.4,0.01
0.5177,0.1,covldsc,27,20000,0.4,0.01
0.5263,0.0929,covldsc,28,20000,0.4,0.01
0.42,0.1077,covldsc,29,20000,0.4,0.01
0.3332,0.0898,covldsc,30,20000,0.4,0.01
0.5979,0.1245,covldsc,31,20000,0.4,0.01
0.3115,0.1208,covldsc,32,20000,0.4,0.01
0.4732,0.0898,covldsc,33,20000,0.4,0.01
0.3401,0.112,covldsc,34,20000,0.4,0.01
0.4701,0.0962,covldsc,35,20000,0.4,0.01
0.4118,0.1033,covldsc,36,20000,0.4,0.01
0.4627,0.1251,covldsc,37,20000,0.4,0.01
0.4204,0.0975,covldsc,38,20000,0.4,0.01
0.4703,0.0989,covldsc,39,20000,0.4,0.01
0.2798,0.1382,covldsc,40,20000,0.4,0.01
0.3039,0.1084,covldsc,41,20000,0.4,0.01
0.368,0.1046,covldsc,42,20000,0.4,0.01
0.3206,0.1321,covldsc,43,20000,0.4,0.01
0.321,0.107,covldsc,44,20000,0.4,0.01
0.1959,0.1133,covldsc,45,20000,0.4,0.01
0.5191,0.1059,covldsc,46,20000,0.4,0.01
0.4839,0.115,covldsc,47,20000,0.4,0.01
0.4669,0.0861,covldsc,48,20000,0.4,0.01
0.3627,0.1376,covldsc,49,20000,0.4,0.01
0.4339,0.0967,covldsc,50,20000,0.4,0.01
0.5956,0.1026,covldsc,51,20000,0.4,0.01
0.5979,0.0994,covldsc,52,20000,0.4,0.01
0.5144,0.1024,covldsc,53,20000,0.4,0.01
0.5214,0.0967,covldsc,54,20000,0.4,0.01
0.5801,0.0946,covldsc,55,20000,0.4,0.01
0.3843,0.1085,covldsc,56,20000,0.4,0.01
0.5139,0.1074,covldsc,57,20000,0.4,0.01
0.276,0.0846,covldsc,58,20000,0.4,0.01
0.5765,0.1159,covldsc,59,20000,0.4,0.01
0.4107,0.0964,covldsc,60,20000,0.4,0.01
0.3295,0.0996,covldsc,61,20000,0.4,0.01
0.5389,0.1195,covldsc,62,20000,0.4,0.01
0.3439,0.1035,covldsc,63,20000,0.4,0.01
0.2685,0.1082,covldsc,64,20000,0.4,0.01
0.5003,0.1073,covldsc,65,20000,0.4,0.01
0.2714,0.103,covldsc,66,20000,0.4,0.01
0.6142,0.0993,covldsc,67,20000,0.4,0.01
0.3753,0.115,covldsc,68,20000,0.4,0.01
0.3388,0.1045,covldsc,69,20000,0.4,0.01
0.4765,0.112,covldsc,70,20000,0.4,0.01
0.3911,0.1142,covldsc,71,20000,0.4,0.01
0.4891,0.1194,covldsc,72,20000,0.4,0.01
0.2736,0.1112,covldsc,73,20000,0.4,0.01
0.3799,0.1132,covldsc,74,20000,0.4,0.01
0.2993,0.1069,covldsc,75,20000,0.4,0.01
0.3714,0.1048,covldsc,76,20000,0.4,0.01
0.5893,0.0927,covldsc,77,20000,0.4,0.01
0.3854,0.1037,covldsc,78,20000,0.4,0.01
0.5541,0.1014,covldsc,79,20000,0.4,0.01
0.5213,0.1007,covldsc,80,20000,0.4,0.01
0.5158,0.1073,covldsc,81,20000,0.4,0.01
0.3104,0.0942,covldsc,82,20000,0.4,0.01
0.2659,0.1063,covldsc,83,20000,0.4,0.01
0.3329,0.1125,covldsc,84,20000,0.4,0.01
0.157,0.1038,covldsc,85,20000,0.4,0.01
0.3853,0.1095,covldsc,86,20000,0.4,0.01
0.1178,0.1033,covldsc,87,20000,0.4,0.01
0.3579,0.0971,covldsc,88,20000,0.4,0.01
0.2325,0.0972,covldsc,89,20000,0.4,0.01
0.4295,0.1038,covldsc,90,20000,0.4,0.01
0.4299,0.1178,covldsc,91,20000,0.4,0.01
0.4921,0.1083,covldsc,92,20000,0.4,0.01
0.2328,0.1105,covldsc,93,20000,0.4,0.01
0.4034,0.1296,covldsc,94,20000,0.4,0.01
0.5534,0.091,covldsc,95,20000,0.4,0.01
0.3613,0.1022,covldsc,96,20000,0.4,0.01
0.4131,0.1125,covldsc,97,20000,0.4,0.01
0.494,0.1319,covldsc,98,20000,0.4,0.01
0.3662,0.1151,covldsc,99,20000,0.4,0.01
0.051374,0.050598,sumher,0,2000,0.1,1.0
-0.027257,0.050707,sumher,1,2000,0.1,1.0
0.11094,0.051007,sumher,2,2000,0.1,1.0
0.043351,0.050207,sumher,3,2000,0.1,1.0
0.069886,0.050819,sumher,4,2000,0.1,1.0
0.17097,0.051029,sumher,5,2000,0.1,1.0
0.065344,0.050764,sumher,6,2000,0.1,1.0
-0.004747,0.050567,sumher,7,2000,0.1,1.0
0.092853,0.051228,sumher,8,2000,0.1,1.0
-0.015413,0.050343,sumher,9,2000,0.1,1.0
0.174163,0.051349,sumher,10,2000,0.1,1.0
0.106975,0.051222,sumher,11,2000,0.1,1.0
0.109053,0.051003,sumher,12,2000,0.1,1.0
0.131742,0.051427,sumher,13,2000,0.1,1.0
0.056559,0.050719,sumher,14,2000,0.1,1.0
0.245156,0.05167,sumher,15,2000,0.1,1.0
0.128922,0.050925,sumher,16,2000,0.1,1.0
0.075678,0.051336,sumher,17,2000,0.1,1.0
0.060896,0.050661,sumher,18,2000,0.1,1.0
0.168177,0.051351,sumher,19,2000,0.1,1.0
0.065391,0.049866,sumher,20,2000,0.1,1.0
0.127915,0.050686,sumher,21,2000,0.1,1.0
0.059828,0.051216,sumher,22,2000,0.1,1.0
0.20096,0.051686,sumher,23,2000,0.1,1.0
0.081203,0.051102,sumher,24,2000,0.1,1.0
0.076611,0.05109,sumher,25,2000,0.1,1.0
0.087399,0.051345,sumher,26,2000,0.1,1.0
0.10816,0.05107,sumher,27,2000,0.1,1.0
0.143634,0.051478,sumher,28,2000,0.1,1.0
0.191695,0.051475,sumher,29,2000,0.1,1.0
0.055907,0.050744,sumher,30,2000,0.1,1.0
0.18677,0.051498,sumher,31,2000,0.1,1.0
0.038564,0.050391,sumher,32,2000,0.1,1.0
0.226708,0.051779,sumher,33,2000,0.1,1.0
0.099961,0.051064,sumher,34,2000,0.1,1.0
0.132141,0.051228,sumher,35,2000,0.1,1.0
0.136515,0.05106,sumher,36,2000,0.1,1.0
0.087816,0.050853,sumher,37,2000,0.1,1.0
0.11055,0.051341,sumher,38,2000,0.1,1.0
0.045695,0.050846,sumher,39,2000,0.1,1.0
0.055228,0.050822,sumher,40,2000,0.1,1.0
0.105333,0.051129,sumher,41,2000,0.1,1.0
0.029069,0.049916,sumher,42,2000,0.1,1.0
0.169457,0.0512,sumher,43,2000,0.1,1.0
0.100518,0.050431,sumher,44,2000,0.1,1.0
0.068511,0.050907,sumher,45,2000,0.1,1.0
0.176967,0.05178,sumher,46,2000,0.1,1.0
0.038883,0.050808,sumher,47,2000,0.1,1.0
0.015671,0.050043,sumher,48,2000,0.1,1.0
0.186322,0.051058,sumher,49,2000,0.1,1.0
0.055545,0.05031,sumher,50,2000,0.1,1.0
0.016373,0.050747,sumher,51,2000,0.1,1.0
0.107412,0.051179,sumher,52,2000,0.1,1.0
0.122724,0.050437,sumher,53,2000,0.1,1.0
0.183982,0.051175,sumher,54,2000,0.1,1.0
0.087438,0.051139,sumher,55,2000,0.1,1.0
0.085707,0.050684,sumher,56,2000,0.1,1.0
0.049338,0.050362,sumher,57,2000,0.1,1.0
0.114337,0.050474,sumher,58,2000,0.1,1.0
0.023788,0.050442,sumher,59,2000,0.1,1.0
0.180344,0.052006,sumher,60,2000,0.1,1.0
0.094577,0.050792,sumher,61,2000,0.1,1.0
0.071832,0.051116,sumher,62,2000,0.1,1.0
0.01418,0.05051,sumher,63,2000,0.1,1.0
0.049864,0.051113,sumher,64,2000,0.1,1.0
0.080014,0.051107,sumher,65,2000,0.1,1.0
0.17459,0.051847,sumher,66,2000,0.1,1.0
0.155051,0.051017,sumher,67,2000,0.1,1.0
-0.023999,0.050281,sumher,68,2000,0.1,1.0
0.072791,0.051424,sumher,69,2000,0.1,1.0
0.03753,0.050374,sumher,70,2000,0.1,1.0
0.039006,0.050645,sumher,71,2000,0.1,1.0
0.057442,0.050656,sumher,72,2000,0.1,1.0
0.07446,0.050849,sumher,73,2000,0.1,1.0
0.180919,0.051766,sumher,74,2000,0.1,1.0
0.100704,0.050695,sumher,75,2000,0.1,1.0
0.000575,0.049803,sumher,76,2000,0.1,1.0
0.047919,0.050467,sumher,77,2000,0.1,1.0
-0.068617,0.047997,sumher,78,2000,0.1,1.0
0.1122,0.051733,sumher,79,2000,0.1,1.0
0.021677,0.050822,sumher,80,2000,0.1,1.0
0.118778,0.051436,sumher,81,2000,0.1,1.0
0.141634,0.051619,sumher,82,2000,0.1,1.0
0.128506,0.050945,sumher,83,2000,0.1,1.0
0.096307,0.050568,sumher,84,2000,0.1,1.0
0.070808,0.051299,sumher,85,2000,0.1,1.0
0.119337,0.050909,sumher,86,2000,0.1,1.0
0.088048,0.050903,sumher,87,2000,0.1,1.0
0.087087,0.050979,sumher,88,2000,0.1,1.0
0.147897,0.051416,sumher,89,2000,0.1,1.0
0.104821,0.050977,sumher,90,2000,0.1,1.0
0.027013,0.051373,sumher,91,2000,0.1,1.0
0.138771,0.050468,sumher,92,2000,0.1,1.0
0.16858,0.051773,sumher,93,2000,0.1,1.0
0.1313,0.051046,sumher,94,2000,0.1,1.0
0.12215,0.051479,sumher,95,2000,0.1,1.0
0.131775,0.050759,sumher,96,2000,0.1,1.0
0.186737,0.050934,sumher,97,2000,0.1,1.0
0.000918,0.050568,sumher,98,2000,0.1,1.0
0.176377,0.05137,sumher,99,2000,0.1,1.0
0.050279,0.050078,sumher,0,20000,0.1,1.0
-0.026817,0.050291,sumher,1,20000,0.1,1.0
0.108145,0.050429,sumher,2,20000,0.1,1.0
0.042138,0.049547,sumher,3,20000,0.1,1.0
0.068444,0.050311,sumher,4,20000,0.1,1.0
0.166152,0.050418,sumher,5,20000,0.1,1.0
0.063872,0.050203,sumher,6,20000,0.1,1.0
-0.004664,0.05012,sumher,7,20000,0.1,1.0
0.091418,0.050834,sumher,8,20000,0.1,1.0
-0.015175,0.049949,sumher,9,20000,0.1,1.0
0.17137,0.050944,sumher,10,20000,0.1,1.0
0.104432,0.050667,sumher,11,20000,0.1,1.0
0.106958,0.050549,sumher,12,20000,0.1,1.0
0.12952,0.051008,sumher,13,20000,0.1,1.0
0.05512,0.050099,sumher,14,20000,0.1,1.0
0.239714,0.05116,sumher,15,20000,0.1,1.0
0.125821,0.050379,sumher,16,20000,0.1,1.0
0.073542,0.050664,sumher,17,20000,0.1,1.0
0.059606,0.050146,sumher,18,20000,0.1,1.0
0.165419,0.050963,sumher,19,20000,0.1,1.0
0.063082,0.049063,sumher,20,20000,0.1,1.0
0.124311,0.050096,sumher,21,20000,0.1,1.0
0.058814,0.050792,sumher,22,20000,0.1,1.0
0.196753,0.051207,sumher,23,20000,0.1,1.0
0.078944,0.050429,sumher,24,20000,0.1,1.0
0.07539,0.050683,sumher,25,20000,0.1,1.0
0.085758,0.050871,sumher,26,20000,0.1,1.0
0.105896,0.050588,sumher,27,20000,0.1,1.0
0.139792,0.050883,sumher,28,20000,0.1,1.0
0.188338,0.051049,sumher,29,20000,0.1,1.0
0.054993,0.050334,sumher,30,20000,0.1,1.0
0.182786,0.051004,sumher,31,20000,0.1,1.0
0.037532,0.049751,sumher,32,20000,0.1,1.0
0.223111,0.051381,sumher,33,20000,0.1,1.0
0.098265,0.050641,sumher,34,20000,0.1,1.0
0.129073,0.050694,sumher,35,20000,0.1,1.0
0.133532,0.050581,sumher,36,20000,0.1,1.0
0.086122,0.050377,sumher,37,20000,0.1,1.0
0.108681,0.050924,sumher,38,20000,0.1,1.0
0.044794,0.050375,sumher,39,20000,0.1,1.0
0.054099,0.050313,sumher,40,20000,0.1,1.0
0.102965,0.050583,sumher,41,20000,0.1,1.0
0.028348,0.049315,sumher,42,20000,0.1,1.0
0.164828,0.050598,sumher,43,20000,0.1,1.0
0.097875,0.049824,sumher,44,20000,0.1,1.0
0.066975,0.050361,sumher,45,20000,0.1,1.0
0.173031,0.051239,sumher,46,20000,0.1,1.0
0.038014,0.050255,sumher,47,20000,0.1,1.0
0.015325,0.049486,sumher,48,20000,0.1,1.0
0.183157,0.050641,sumher,49,20000,0.1,1.0
0.0538,0.049588,sumher,50,20000,0.1,1.0
0.016074,0.050282,sumher,51,20000,0.1,1.0
0.104389,0.050541,sumher,52,20000,0.1,1.0
0.118044,0.049685,sumher,53,20000,0.1,1.0
0.178731,0.050595,sumher,54,20000,0.1,1.0
0.085434,0.050577,sumher,55,20000,0.1,1.0
0.084196,0.050256,sumher,56,20000,0.1,1.0
0.047675,0.049584,sumher,57,20000,0.1,1.0
0.110485,0.049758,sumher,58,20000,0.1,1.0
0.02304,0.049684,sumher,59,20000,0.1,1.0
0.176918,0.05154,sumher,60,20000,0.1,1.0
0.092503,0.050275,sumher,61,20000,0.1,1.0
0.070297,0.0506,sumher,62,20000,0.1,1.0
0.013967,0.050143,sumher,63,20000,0.1,1.0
0.048848,0.050596,sumher,64,20000,0.1,1.0
0.077985,0.050506,sumher,65,20000,0.1,1.0
0.171138,0.05138,sumher,66,20000,0.1,1.0
0.151719,0.050507,sumher,67,20000,0.1,1.0
-0.023507,0.049752,sumher,68,20000,0.1,1.0
0.071136,0.050855,sumher,69,20000,0.1,1.0
0.036668,0.049808,sumher,70,20000,0.1,1.0
0.038225,0.050147,sumher,71,20000,0.1,1.0
0.055857,0.049985,sumher,72,20000,0.1,1.0
0.072681,0.050268,sumher,73,20000,0.1,1.0
0.176858,0.051237,sumher,74,20000,0.1,1.0
0.09833,0.050133,sumher,75,20000,0.1,1.0
0.000548,0.048714,sumher,76,20000,0.1,1.0
0.046431,0.049745,sumher,77,20000,0.1,1.0
-0.064868,0.046396,sumher,78,20000,0.1,1.0
0.110437,0.051333,sumher,79,20000,0.1,1.0
0.021115,0.050174,sumher,80,20000,0.1,1.0
0.115937,0.050861,sumher,81,20000,0.1,1.0
0.138578,0.051102,sumher,82,20000,0.1,1.0
0.126426,0.050546,sumher,83,20000,0.1,1.0
0.093765,0.049974,sumher,84,20000,0.1,1.0
0.069535,0.050845,sumher,85,20000,0.1,1.0
0.11618,0.050318,sumher,86,20000,0.1,1.0
0.08627,0.05041,sumher,87,20000,0.1,1.0
0.085472,0.050513,sumher,88,20000,0.1,1.0
0.157537,0.0511,sumher,89,20000,0.1,1.0
0.102425,0.050428,sumher,90,20000,0.1,1.0
0.02653,0.05092,sumher,91,20000,0.1,1.0
0.134599,0.049852,sumher,92,20000,0.1,1.0
0.165645,0.051348,sumher,93,20000,0.1,1.0
0.127981,0.050445,sumher,94,20000,0.1,1.0
0.119595,0.050971,sumher,95,20000,0.1,1.0
0.128318,0.050158,sumher,96,20000,0.1,1.0
0.1819,0.050415,sumher,97,20000,0.1,1.0
0.000896,0.049911,sumher,98,20000,0.1,1.0
0.172417,0.050887,sumher,99,20000,0.1,1.0
0.050266,0.050069,sumher,0,50000,0.1,1.0
-0.026807,0.05028,sumher,1,50000,0.1,1.0
0.108108,0.05042,sumher,2,50000,0.1,1.0
0.04212,0.049538,sumher,3,50000,0.1,1.0
0.068418,0.050302,sumher,4,50000,0.1,1.0
0.166085,0.050409,sumher,5,50000,0.1,1.0
0.063848,0.050194,sumher,6,50000,0.1,1.0
-0.004664,0.05011,sumher,7,50000,0.1,1.0
0.091374,0.050824,sumher,8,50000,0.1,1.0
-0.015175,0.049937,sumher,9,50000,0.1,1.0
0.171286,0.050932,sumher,10,50000,0.1,1.0
0.10439,0.050658,sumher,11,50000,0.1,1.0
0.106906,0.050536,sumher,12,50000,0.1,1.0
0.129471,0.050998,sumher,13,50000,0.1,1.0
0.055093,0.050088,sumher,14,50000,0.1,1.0
0.239601,0.051149,sumher,15,50000,0.1,1.0
0.125775,0.05037,sumher,16,50000,0.1,1.0
0.073511,0.050654,sumher,17,50000,0.1,1.0
0.059585,0.050136,sumher,18,50000,0.1,1.0
0.165361,0.050954,sumher,19,50000,0.1,1.0
0.063069,0.049054,sumher,20,50000,0.1,1.0
0.124258,0.050085,sumher,21,50000,0.1,1.0
0.058791,0.050782,sumher,22,50000,0.1,1.0
0.196678,0.051197,sumher,23,50000,0.1,1.0
0.07891,0.050417,sumher,24,50000,0.1,1.0
0.075352,0.050673,sumher,25,50000,0.1,1.0
0.085717,0.05086,sumher,26,50000,0.1,1.0
0.105846,0.050578,sumher,27,50000,0.1,1.0
0.139731,0.050872,sumher,28,50000,0.1,1.0
0.188261,0.051038,sumher,29,50000,0.1,1.0
0.054971,0.050324,sumher,30,50000,0.1,1.0
0.182713,0.050994,sumher,31,50000,0.1,1.0
0.037524,0.049741,sumher,32,50000,0.1,1.0
0.223012,0.051371,sumher,33,50000,0.1,1.0
0.098227,0.050631,sumher,34,50000,0.1,1.0
0.129022,0.050684,sumher,35,50000,0.1,1.0
0.133469,0.050569,sumher,36,50000,0.1,1.0
0.086074,0.050365,sumher,37,50000,0.1,1.0
0.108632,0.050913,sumher,38,50000,0.1,1.0
0.044783,0.050365,sumher,39,50000,0.1,1.0
0.054083,0.050305,sumher,40,50000,0.1,1.0
0.102924,0.050572,sumher,41,50000,0.1,1.0
0.02833,0.049305,sumher,42,50000,0.1,1.0
0.16475,0.050587,sumher,43,50000,0.1,1.0
0.097851,0.049815,sumher,44,50000,0.1,1.0
0.066949,0.050351,sumher,45,50000,0.1,1.0
0.172964,0.051229,sumher,46,50000,0.1,1.0
0.038007,0.050247,sumher,47,50000,0.1,1.0
0.015318,0.049477,sumher,48,50000,0.1,1.0
0.183077,0.050633,sumher,49,50000,0.1,1.0
0.053781,0.04958,sumher,50,50000,0.1,1.0
0.016067,0.050273,sumher,51,50000,0.1,1.0
0.104324,0.050529,sumher,52,50000,0.1,1.0
0.117996,0.049677,sumher,53,50000,0.1,1.0
0.178658,0.050585,sumher,54,50000,0.1,1.0
0.085411,0.050568,sumher,55,50000,0.1,1.0
0.084163,0.050245,sumher,56,50000,0.1,1.0
0.047655,0.049576,sumher,57,50000,0.1,1.0
0.110446,0.049748,sumher,58,50000,0.1,1.0
0.023032,0.049675,sumher,59,50000,0.1,1.0
0.176847,0.05153,sumher,60,50000,0.1,1.0
0.092463,0.050264,sumher,61,50000,0.1,1.0
0.070269,0.050588,sumher,62,50000,0.1,1.0
0.013964,0.050133,sumher,63,50000,0.1,1.0
0.048828,0.050586,sumher,64,50000,0.1,1.0
0.077958,0.050496,sumher,65,50000,0.1,1.0
0.171064,0.051369,sumher,66,50000,0.1,1.0
0.151659,0.050497,sumher,67,50000,0.1,1.0
-0.023492,0.049742,sumher,68,50000,0.1,1.0
0.07111,0.050846,sumher,69,50000,0.1,1.0
0.036657,0.049798,sumher,70,50000,0.1,1.0
0.038206,0.050138,sumher,71,50000,0.1,1.0
0.055829,0.049977,sumher,72,50000,0.1,1.0
0.072648,0.050258,sumher,73,50000,0.1,1.0
0.176797,0.051227,sumher,74,50000,0.1,1.0
0.09829,0.050123,sumher,75,50000,0.1,1.0
0.00055,0.048705,sumher,76,50000,0.1,1.0
0.046412,0.049736,sumher,77,50000,0.1,1.0
-0.064844,0.046389,sumher,78,50000,0.1,1.0
0.110396,0.051323,sumher,79,50000,0.1,1.0
0.021104,0.050165,sumher,80,50000,0.1,1.0
0.115886,0.05085,sumher,81,50000,0.1,1.0
0.138532,0.051092,sumher,82,50000,0.1,1.0
0.126374,0.050536,sumher,83,50000,0.1,1.0
0.093721,0.049964,sumher,84,50000,0.1,1.0
0.069509,0.050836,sumher,85,50000,0.1,1.0
0.116126,0.050306,sumher,86,50000,0.1,1.0
0.086242,0.0504,sumher,87,50000,0.1,1.0
0.085439,0.050502,sumher,88,50000,0.1,1.0
0.157488,0.05109,sumher,89,50000,0.1,1.0
0.102389,0.050419,sumher,90,50000,0.1,1.0
0.02652,0.050911,sumher,91,50000,0.1,1.0
0.134547,0.049841,sumher,92,50000,0.1,1.0
0.165579,0.051338,sumher,93,50000,0.1,1.0
0.12794,0.050435,sumher,94,50000,0.1,1.0
0.119553,0.050961,sumher,95,50000,0.1,1.0
0.128275,0.050149,sumher,96,50000,0.1,1.0
0.181828,0.050405,sumher,97,50000,0.1,1.0
0.000891,0.0499,sumher,98,50000,0.1,1.0
0.172357,0.050877,sumher,99,50000,0.1,1.0
0.17389,0.051365,sumher,0,2000,0.1,0.1
0.095632,0.051475,sumher,1,2000,0.1,0.1
0.193618,0.051356,sumher,2,2000,0.1,0.1
0.080183,0.050713,sumher,3,2000,0.1,0.1
0.174771,0.051576,sumher,4,2000,0.1,0.1
0.176016,0.051153,sumher,5,2000,0.1,0.1
0.080772,0.051266,sumher,6,2000,0.1,0.1
0.016599,0.050657,sumher,7,2000,0.1,0.1
0.112436,0.051639,sumher,8,2000,0.1,0.1
0.099639,0.051199,sumher,9,2000,0.1,0.1
0.135196,0.051507,sumher,10,2000,0.1,0.1
0.163734,0.051076,sumher,11,2000,0.1,0.1
0.119703,0.051381,sumher,12,2000,0.1,0.1
0.151146,0.051252,sumher,13,2000,0.1,0.1
0.187353,0.051365,sumher,14,2000,0.1,0.1
0.087696,0.050788,sumher,15,2000,0.1,0.1
0.194278,0.051256,sumher,16,2000,0.1,0.1
0.015999,0.050748,sumher,17,2000,0.1,0.1
0.103313,0.05134,sumher,18,2000,0.1,0.1
0.113307,0.051314,sumher,19,2000,0.1,0.1
0.056776,0.050664,sumher,20,2000,0.1,0.1
0.167063,0.051391,sumher,21,2000,0.1,0.1
0.263482,0.052075,sumher,22,2000,0.1,0.1
0.15182,0.050668,sumher,23,2000,0.1,0.1
0.062955,0.050726,sumher,24,2000,0.1,0.1
0.061543,0.051002,sumher,25,2000,0.1,0.1
0.114642,0.050985,sumher,26,2000,0.1,0.1
0.126576,0.051215,sumher,27,2000,0.1,0.1
0.120839,0.050692,sumher,28,2000,0.1,0.1
0.048183,0.050863,sumher,29,2000,0.1,0.1
0.145392,0.051789,sumher,30,2000,0.1,0.1
0.080903,0.050385,sumher,31,2000,0.1,0.1
0.103539,0.051218,sumher,32,2000,0.1,0.1
0.106401,0.0512,sumher,33,2000,0.1,0.1
0.1305,0.051579,sumher,34,2000,0.1,0.1
0.043889,0.050311,sumher,35,2000,0.1,0.1
0.148459,0.051643,sumher,36,2000,0.1,0.1
0.040927,0.05069,sumher,37,2000,0.1,0.1
0.081126,0.050904,sumher,38,2000,0.1,0.1
0.160168,0.050861,sumher,39,2000,0.1,0.1
0.15133,0.051134,sumher,40,2000,0.1,0.1
0.097234,0.051265,sumher,41,2000,0.1,0.1
0.005886,0.051159,sumher,42,2000,0.1,0.1
0.058114,0.050945,sumher,43,2000,0.1,0.1
0.055259,0.050762,sumher,44,2000,0.1,0.1
0.13411,0.051451,sumher,45,2000,0.1,0.1
0.03331,0.050585,sumher,46,2000,0.1,0.1
0.072098,0.051214,sumher,47,2000,0.1,0.1
0.057703,0.050667,sumher,48,2000,0.1,0.1
0.158292,0.051342,sumher,49,2000,0.1,0.1
0.121277,0.05108,sumher,50,2000,0.1,0.1
0.151285,0.051056,sumher,51,2000,0.1,0.1
0.106721,0.050971,sumher,52,2000,0.1,0.1
0.126262,0.051073,sumher,53,2000,0.1,0.1
0.109308,0.051042,sumher,54,2000,0.1,0.1
0.054845,0.050682,sumher,55,2000,0.1,0.1
0.129275,0.050719,sumher,56,2000,0.1,0.1
0.104362,0.050913,sumher,57,2000,0.1,0.1
-0.010291,0.051015,sumher,58,2000,0.1,0.1
0.126951,0.050995,sumher,59,2000,0.1,0.1
0.146669,0.051205,sumher,60,2000,0.1,0.1
0.119262,0.051111,sumher,61,2000,0.1,0.1
0.170239,0.051383,sumher,62,2000,0.1,0.1
0.183337,0.051357,sumher,63,2000,0.1,0.1
0.068798,0.051109,sumher,64,2000,0.1,0.1
0.14677,0.05144,sumher,65,2000,0.1,0.1
-0.010764,0.050492,sumher,66,2000,0.1,0.1
0.100164,0.051282,sumher,67,2000,0.1,0.1
0.196052,0.051919,sumher,68,2000,0.1,0.1
0.077814,0.05098,sumher,69,2000,0.1,0.1
0.064095,0.050923,sumher,70,2000,0.1,0.1
0.01393,0.050539,sumher,71,2000,0.1,0.1
0.102459,0.051122,sumher,72,2000,0.1,0.1
0.119927,0.051223,sumher,73,2000,0.1,0.1
0.105946,0.05087,sumher,74,2000,0.1,0.1
0.104192,0.051568,sumher,75,2000,0.1,0.1
0.033165,0.050685,sumher,76,2000,0.1,0.1
0.161019,0.051245,sumher,77,2000,0.1,0.1
0.148594,0.050738,sumher,78,2000,0.1,0.1
0.007069,0.050221,sumher,79,2000,0.1,0.1
0.125602,0.051186,sumher,80,2000,0.1,0.1
0.143722,0.051526,sumher,81,2000,0.1,0.1
0.185996,0.051799,sumher,82,2000,0.1,0.1
0.047918,0.050837,sumher,83,2000,0.1,0.1
0.101557,0.050628,sumher,84,2000,0.1,0.1
0.152431,0.051342,sumher,85,2000,0.1,0.1
0.133879,0.050511,sumher,86,2000,0.1,0.1
0.126297,0.050903,sumher,87,2000,0.1,0.1
0.098083,0.05108,sumher,88,2000,0.1,0.1
0.104102,0.050647,sumher,89,2000,0.1,0.1
0.098001,0.0512,sumher,90,2000,0.1,0.1
0.055485,0.051331,sumher,91,2000,0.1,0.1
0.049786,0.05098,sumher,92,2000,0.1,0.1
0.211069,0.051477,sumher,93,2000,0.1,0.1
0.086266,0.050954,sumher,94,2000,0.1,0.1
0.179285,0.05174,sumher,95,2000,0.1,0.1
0.028058,0.050234,sumher,96,2000,0.1,0.1
0.259702,0.051534,sumher,97,2000,0.1,0.1
0.159191,0.051123,sumher,98,2000,0.1,0.1
0.108473,0.050524,sumher,99,2000,0.1,0.1
0.171065,0.050962,sumher,0,20000,0.1,0.1
0.093476,0.050934,sumher,1,20000,0.1,0.1
0.188792,0.050781,sumher,2,20000,0.1,0.1
0.078302,0.05016,sumher,3,20000,0.1,0.1
0.171165,0.051096,sumher,4,20000,0.1,0.1
0.172782,0.050704,sumher,5,20000,0.1,0.1
0.078999,0.05072,sumher,6,20000,0.1,0.1
0.01632,0.050238,sumher,7,20000,0.1,0.1
0.110619,0.051229,sumher,8,20000,0.1,0.1
0.097324,0.050641,sumher,9,20000,0.1,0.1
0.132304,0.050997,sumher,10,20000,0.1,0.1
0.160341,0.050577,sumher,11,20000,0.1,0.1
0.117377,0.050901,sumher,12,20000,0.1,0.1
0.148011,0.050783,sumher,13,20000,0.1,0.1
0.183697,0.050902,sumher,14,20000,0.1,0.1
0.085568,0.050199,sumher,15,20000,0.1,0.1
0.189304,0.050722,sumher,16,20000,0.1,0.1
0.015677,0.050244,sumher,17,20000,0.1,0.1
0.101172,0.050833,sumher,18,20000,0.1,0.1
0.110223,0.05072,sumher,19,20000,0.1,0.1
0.055517,0.050119,sumher,20,20000,0.1,0.1
0.163434,0.050901,sumher,21,20000,0.1,0.1
0.256578,0.051546,sumher,22,20000,0.1,0.1
0.147161,0.050069,sumher,23,20000,0.1,0.1
0.061776,0.050257,sumher,24,20000,0.1,0.1
0.060374,0.050533,sumher,25,20000,0.1,0.1
0.111911,0.050425,sumher,26,20000,0.1,0.1
0.124319,0.050774,sumher,27,20000,0.1,0.1
0.117801,0.050137,sumher,28,20000,0.1,0.1
0.046856,0.050208,sumher,29,20000,0.1,0.1
0.143087,0.05139,sumher,30,20000,0.1,0.1
0.078811,0.049787,sumher,31,20000,0.1,0.1
0.101054,0.050658,sumher,32,20000,0.1,0.1
0.104317,0.050712,sumher,33,20000,0.1,0.1
0.12777,0.051073,sumher,34,20000,0.1,0.1
0.042734,0.049698,sumher,35,20000,0.1,0.1
0.145329,0.051155,sumher,36,20000,0.1,0.1
0.04028,0.050294,sumher,37,20000,0.1,0.1
0.079279,0.050354,sumher,38,20000,0.1,0.1
0.155935,0.050321,sumher,39,20000,0.1,0.1
0.147813,0.050622,sumher,40,20000,0.1,0.1
0.095137,0.050753,sumher,41,20000,0.1,0.1
0.005789,0.050731,sumher,42,20000,0.1,0.1
0.05667,0.050345,sumher,43,20000,0.1,0.1
0.054328,0.050341,sumher,44,20000,0.1,0.1
0.131589,0.050999,sumher,45,20000,0.1,0.1
0.032553,0.050019,sumher,46,20000,0.1,0.1
0.070599,0.050709,sumher,47,20000,0.1,0.1
0.056496,0.050152,sumher,48,20000,0.1,0.1
0.154798,0.050872,sumher,49,20000,0.1,0.1
0.117473,0.050376,sumher,50,20000,0.1,0.1
0.147809,0.050538,sumher,51,20000,0.1,0.1
0.104104,0.050403,sumher,52,20000,0.1,0.1
0.123091,0.050488,sumher,53,20000,0.1,0.1
0.107036,0.050534,sumher,54,20000,0.1,0.1
0.053855,0.050231,sumher,55,20000,0.1,0.1
0.127569,0.05038,sumher,56,20000,0.1,0.1
0.102684,0.050516,sumher,57,20000,0.1,0.1
-0.010112,0.050577,sumher,58,20000,0.1,0.1
0.12413,0.050475,sumher,59,20000,0.1,0.1
0.143063,0.050659,sumher,60,20000,0.1,0.1
0.115494,0.050403,sumher,61,20000,0.1,0.1
0.167634,0.051005,sumher,62,20000,0.1,0.1
0.178865,0.050831,sumher,63,20000,0.1,0.1
0.067645,0.05068,sumher,64,20000,0.1,0.1
0.143969,0.050987,sumher,65,20000,0.1,0.1
-0.010565,0.050019,sumher,66,20000,0.1,0.1
0.098042,0.050765,sumher,67,20000,0.1,0.1
0.191873,0.05144,sumher,68,20000,0.1,0.1
0.075617,0.050325,sumher,69,20000,0.1,0.1
0.062612,0.050354,sumher,70,20000,0.1,0.1
0.01369,0.050086,sumher,71,20000,0.1,0.1
0.100649,0.050685,sumher,72,20000,0.1,0.1
0.117432,0.050746,sumher,73,20000,0.1,0.1
0.102717,0.050174,sumher,74,20000,0.1,0.1
0.102674,0.05118,sumher,75,20000,0.1,0.1
0.032354,0.050091,sumher,76,20000,0.1,0.1
0.158526,0.050862,sumher,77,20000,0.1,0.1
0.145057,0.050176,sumher,78,20000,0.1,0.1
0.006959,0.049837,sumher,79,20000,0.1,0.1
0.123114,0.050721,sumher,80,20000,0.1,0.1
0.141172,0.051086,sumher,81,20000,0.1,0.1
0.182008,0.051297,sumher,82,20000,0.1,0.1
0.047042,0.050378,sumher,83,20000,0.1,0.1
0.097502,0.049778,sumher,84,20000,0.1,0.1
0.149575,0.050881,sumher,85,20000,0.1,0.1
0.130583,0.049975,sumher,86,20000,0.1,0.1
0.123142,0.050332,sumher,87,20000,0.1,0.1
0.096095,0.050583,sumher,88,20000,0.1,0.1
0.100993,0.04999,sumher,89,20000,0.1,0.1
0.095774,0.05065,sumher,90,20000,0.1,0.1
0.054456,0.050862,sumher,91,20000,0.1,0.1
0.0485,0.050362,sumher,92,20000,0.1,0.1
0.207174,0.051035,sumher,93,20000,0.1,0.1
0.084117,0.050365,sumher,94,20000,0.1,0.1
0.175026,0.051221,sumher,95,20000,0.1,0.1
0.027548,0.049784,sumher,96,20000,0.1,0.1
0.249918,0.050794,sumher,97,20000,0.1,0.1
0.156361,0.050697,sumher,98,20000,0.1,0.1
0.105896,0.04999,sumher,99,20000,0.1,0.1
0.171002,0.050952,sumher,0,50000,0.1,0.1
0.093457,0.050924,sumher,1,50000,0.1,0.1
0.188716,0.050771,sumher,2,50000,0.1,0.1
0.078273,0.050149,sumher,3,50000,0.1,0.1
0.171106,0.051087,sumher,4,50000,0.1,0.1
0.172727,0.050695,sumher,5,50000,0.1,0.1
0.078971,0.050712,sumher,6,50000,0.1,0.1
0.016319,0.050228,sumher,7,50000,0.1,0.1
0.110577,0.05122,sumher,8,50000,0.1,0.1
0.097276,0.050629,sumher,9,50000,0.1,0.1
0.132247,0.050986,sumher,10,50000,0.1,0.1
0.160268,0.050565,sumher,11,50000,0.1,0.1
0.117327,0.050891,sumher,12,50000,0.1,0.1
0.147945,0.050772,sumher,13,50000,0.1,0.1
0.183613,0.050891,sumher,14,50000,0.1,0.1
0.085541,0.05019,sumher,15,50000,0.1,0.1
0.189228,0.050711,sumher,16,50000,0.1,0.1
0.015673,0.050235,sumher,17,50000,0.1,0.1
0.101143,0.050824,sumher,18,50000,0.1,0.1
0.110181,0.05071,sumher,19,50000,0.1,0.1
0.055495,0.050111,sumher,20,50000,0.1,0.1
0.163369,0.050891,sumher,21,50000,0.1,0.1
0.256484,0.051536,sumher,22,50000,0.1,0.1
0.147113,0.05006,sumher,23,50000,0.1,0.1
0.061752,0.050247,sumher,24,50000,0.1,0.1
0.060346,0.050523,sumher,25,50000,0.1,0.1
0.111864,0.050416,sumher,26,50000,0.1,0.1
0.124258,0.050763,sumher,27,50000,0.1,0.1
0.117752,0.050127,sumher,28,50000,0.1,0.1
0.046834,0.050198,sumher,29,50000,0.1,0.1
0.143035,0.051379,sumher,30,50000,0.1,0.1
0.07879,0.049779,sumher,31,50000,0.1,0.1
0.101011,0.050647,sumher,32,50000,0.1,0.1
0.104274,0.050701,sumher,33,50000,0.1,0.1
0.127715,0.051063,sumher,34,50000,0.1,0.1
0.042717,0.049688,sumher,35,50000,0.1,0.1
0.14527,0.051145,sumher,36,50000,0.1,0.1
0.040258,0.050284,sumher,37,50000,0.1,0.1
0.07925,0.050344,sumher,38,50000,0.1,0.1
0.155874,0.050312,sumher,39,50000,0.1,0.1
0.147756,0.050611,sumher,40,50000,0.1,0.1
0.095108,0.050744,sumher,41,50000,0.1,0.1
0.00579,0.050721,sumher,42,50000,0.1,0.1
0.056641,0.050335,sumher,43,50000,0.1,0.1
0.054306,0.050331,sumher,44,50000,0.1,0.1
0.131528,0.050987,sumher,45,50000,0.1,0.1
0.032541,0.05001,sumher,46,50000,0.1,0.1
0.070564,0.0507,sumher,47,50000,0.1,0.1
0.056473,0.050143,sumher,48,50000,0.1,0.1
0.154737,0.050863,sumher,49,50000,0.1,0.1
0.117431,0.050366,sumher,50,50000,0.1,0.1
0.147751,0.050528,sumher,51,50000,0.1,0.1
0.104062,0.050393,sumher,52,50000,0.1,0.1
0.123041,0.050479,sumher,53,50000,0.1,0.1
0.106992,0.050523,sumher,54,50000,0.1,0.1
0.053833,0.05022,sumher,55,50000,0.1,0.1
0.127528,0.05037,sumher,56,50000,0.1,0.1
0.102634,0.050505,sumher,57,50000,0.1,0.1
-0.010112,0.050567,sumher,58,50000,0.1,0.1
0.12409,0.050466,sumher,59,50000,0.1,0.1
0.143014,0.050649,sumher,60,50000,0.1,0.1
0.115452,0.050392,sumher,61,50000,0.1,0.1
0.167562,0.050995,sumher,62,50000,0.1,0.1
0.178788,0.05082,sumher,63,50000,0.1,0.1
0.067608,0.050669,sumher,64,50000,0.1,0.1
0.143917,0.050977,sumher,65,50000,0.1,0.1
-0.010564,0.050009,sumher,66,50000,0.1,0.1
0.098,0.050755,sumher,67,50000,0.1,0.1
0.191806,0.05143,sumher,68,50000,0.1,0.1
0.075586,0.050316,sumher,69,50000,0.1,0.1
0.062592,0.050344,sumher,70,50000,0.1,0.1
0.013678,0.050075,sumher,71,50000,0.1,0.1
0.100619,0.050675,sumher,72,50000,0.1,0.1
0.117387,0.050735,sumher,73,50000,0.1,0.1
0.102683,0.050164,sumher,74,50000,0.1,0.1
0.102591,0.051171,sumher,75,50000,0.1,0.1
0.032334,0.050081,sumher,76,50000,0.1,0.1
0.15847,0.050853,sumher,77,50000,0.1,0.1
0.144994,0.050165,sumher,78,50000,0.1,0.1
0.006959,0.049826,sumher,79,50000,0.1,0.1
0.123068,0.050711,sumher,80,50000,0.1,0.1
0.141119,0.051075,sumher,81,50000,0.1,0.1
0.181944,0.051288,sumher,82,50000,0.1,0.1
0.047018,0.050369,sumher,83,50000,0.1,0.1
0.097473,0.04977,sumher,84,50000,0.1,0.1
0.149529,0.050872,sumher,85,50000,0.1,0.1
0.130539,0.049966,sumher,86,50000,0.1,0.1
0.123101,0.050324,sumher,87,50000,0.1,0.1
0.096059,0.050574,sumher,88,50000,0.1,0.1
0.100964,0.04998,sumher,89,50000,0.1,0.1
0.095739,0.050639,sumher,90,50000,0.1,0.1
0.054435,0.050851,sumher,91,50000,0.1,0.1
0.048486,0.050351,sumher,92,50000,0.1,0.1
0.207076,0.051024,sumher,93,50000,0.1,0.1
0.084078,0.050353,sumher,94,50000,0.1,0.1
0.174963,0.05121,sumher,95,50000,0.1,0.1
0.027534,0.049775,sumher,96,50000,0.1,0.1
0.249831,0.050784,sumher,97,50000,0.1,0.1
0.156313,0.050688,sumher,98,50000,0.1,0.1
0.105856,0.04998,sumher,99,50000,0.1,0.1
0.135569,0.051457,sumher,0,2000,0.1,0.01
0.113008,0.051339,sumher,1,2000,0.1,0.01
0.160641,0.050848,sumher,2,2000,0.1,0.01
0.02457,0.050567,sumher,3,2000,0.1,0.01
0.175126,0.051439,sumher,4,2000,0.1,0.01
0.094377,0.051372,sumher,5,2000,0.1,0.01
0.052136,0.051213,sumher,6,2000,0.1,0.01
0.117822,0.051487,sumher,7,2000,0.1,0.01
0.227253,0.05181,sumher,8,2000,0.1,0.01
0.1006,0.050935,sumher,9,2000,0.1,0.01
0.093936,0.051355,sumher,10,2000,0.1,0.01
0.136044,0.051312,sumher,11,2000,0.1,0.01
0.046218,0.050396,sumher,12,2000,0.1,0.01
0.073457,0.050841,sumher,13,2000,0.1,0.01
0.073093,0.050075,sumher,14,2000,0.1,0.01
0.176047,0.050491,sumher,15,2000,0.1,0.01
0.048487,0.050889,sumher,16,2000,0.1,0.01
0.249886,0.051571,sumher,17,2000,0.1,0.01
0.23854,0.05187,sumher,18,2000,0.1,0.01
0.144547,0.051062,sumher,19,2000,0.1,0.01
0.051284,0.050817,sumher,20,2000,0.1,0.01
0.103487,0.051376,sumher,21,2000,0.1,0.01
0.107674,0.050986,sumher,22,2000,0.1,0.01
0.030903,0.050276,sumher,23,2000,0.1,0.01
0.099614,0.049807,sumher,24,2000,0.1,0.01
0.1395,0.051558,sumher,25,2000,0.1,0.01
0.136857,0.051014,sumher,26,2000,0.1,0.01
0.120507,0.051066,sumher,27,2000,0.1,0.01
0.191723,0.051646,sumher,28,2000,0.1,0.01
0.152735,0.051542,sumher,29,2000,0.1,0.01
0.210878,0.05141,sumher,30,2000,0.1,0.01
0.177555,0.051862,sumher,31,2000,0.1,0.01
0.084297,0.050961,sumher,32,2000,0.1,0.01
0.185977,0.051301,sumher,33,2000,0.1,0.01
0.146245,0.051323,sumher,34,2000,0.1,0.01
0.074627,0.050734,sumher,35,2000,0.1,0.01
0.060282,0.050161,sumher,36,2000,0.1,0.01
0.072545,0.051222,sumher,37,2000,0.1,0.01
0.133947,0.051586,sumher,38,2000,0.1,0.01
0.005421,0.050928,sumher,39,2000,0.1,0.01
0.122569,0.051294,sumher,40,2000,0.1,0.01
0.093514,0.051253,sumher,41,2000,0.1,0.01
0.149989,0.051237,sumher,42,2000,0.1,0.01
0.026055,0.050485,sumher,43,2000,0.1,0.01
0.132676,0.051458,sumher,44,2000,0.1,0.01
0.012906,0.050354,sumher,45,2000,0.1,0.01
0.04148,0.050489,sumher,46,2000,0.1,0.01
0.123068,0.051274,sumher,47,2000,0.1,0.01
0.086938,0.05104,sumher,48,2000,0.1,0.01
-0.048863,0.050572,sumher,49,2000,0.1,0.01
0.047535,0.050666,sumher,50,2000,0.1,0.01
0.126075,0.051698,sumher,51,2000,0.1,0.01
0.149659,0.051375,sumher,52,2000,0.1,0.01
0.103136,0.05146,sumher,53,2000,0.1,0.01
0.167127,0.051145,sumher,54,2000,0.1,0.01
0.017549,0.049148,sumher,55,2000,0.1,0.01
0.139963,0.051141,sumher,56,2000,0.1,0.01
0.085502,0.050717,sumher,57,2000,0.1,0.01
0.167547,0.051617,sumher,58,2000,0.1,0.01
0.056565,0.050985,sumher,59,2000,0.1,0.01
0.106176,0.051599,sumher,60,2000,0.1,0.01
0.090312,0.051287,sumher,61,2000,0.1,0.01
0.142614,0.051483,sumher,62,2000,0.1,0.01
0.154202,0.051557,sumher,63,2000,0.1,0.01
0.175373,0.051597,sumher,64,2000,0.1,0.01
0.083829,0.050827,sumher,65,2000,0.1,0.01
0.127319,0.050658,sumher,66,2000,0.1,0.01
0.128929,0.05123,sumher,67,2000,0.1,0.01
0.126144,0.05121,sumher,68,2000,0.1,0.01
0.12888,0.051363,sumher,69,2000,0.1,0.01
0.091297,0.051107,sumher,70,2000,0.1,0.01
0.12809,0.051296,sumher,71,2000,0.1,0.01
0.046242,0.050325,sumher,72,2000,0.1,0.01
0.011354,0.051104,sumher,73,2000,0.1,0.01
0.103732,0.051096,sumher,74,2000,0.1,0.01
0.163935,0.051874,sumher,75,2000,0.1,0.01
0.064647,0.051137,sumher,76,2000,0.1,0.01
0.08075,0.051193,sumher,77,2000,0.1,0.01
0.036461,0.050021,sumher,78,2000,0.1,0.01
0.073173,0.051084,sumher,79,2000,0.1,0.01
0.015762,0.050566,sumher,80,2000,0.1,0.01
0.113058,0.050866,sumher,81,2000,0.1,0.01
0.204777,0.051587,sumher,82,2000,0.1,0.01
0.041058,0.051087,sumher,83,2000,0.1,0.01
0.174096,0.051225,sumher,84,2000,0.1,0.01
0.245901,0.051658,sumher,85,2000,0.1,0.01
0.10343,0.05076,sumher,86,2000,0.1,0.01
0.127905,0.05148,sumher,87,2000,0.1,0.01
0.054597,0.051129,sumher,88,2000,0.1,0.01
0.00751,0.050771,sumher,89,2000,0.1,0.01
0.073413,0.051009,sumher,90,2000,0.1,0.01
0.037055,0.05131,sumher,91,2000,0.1,0.01
0.146262,0.05104,sumher,92,2000,0.1,0.01
0.077609,0.050491,sumher,93,2000,0.1,0.01
0.145714,0.051046,sumher,94,2000,0.1,0.01
0.125894,0.051117,sumher,95,2000,0.1,0.01
0.125957,0.051073,sumher,96,2000,0.1,0.01
0.065576,0.050664,sumher,97,2000,0.1,0.01
0.126604,0.051642,sumher,98,2000,0.1,0.01
0.128171,0.051174,sumher,99,2000,0.1,0.01
0.13236,0.05091,sumher,0,20000,0.1,0.01
0.111306,0.050954,sumher,1,20000,0.1,0.01
0.154829,0.050153,sumher,2,20000,0.1,0.01
0.023975,0.049965,sumher,3,20000,0.1,0.01
0.171111,0.050958,sumher,4,20000,0.1,0.01
0.092378,0.050864,sumher,5,20000,0.1,0.01
0.051275,0.050789,sumher,6,20000,0.1,0.01
0.116074,0.05111,sumher,7,20000,0.1,0.01
0.223426,0.051399,sumher,8,20000,0.1,0.01
0.098201,0.050387,sumher,9,20000,0.1,0.01
0.092123,0.050878,sumher,10,20000,0.1,0.01
0.132496,0.05071,sumher,11,20000,0.1,0.01
0.045439,0.049982,sumher,12,20000,0.1,0.01
0.071435,0.050189,sumher,13,20000,0.1,0.01
0.07111,0.049439,sumher,14,20000,0.1,0.01
0.169521,0.049813,sumher,15,20000,0.1,0.01
0.047268,0.050281,sumher,16,20000,0.1,0.01
0.243896,0.051034,sumher,17,20000,0.1,0.01
0.232532,0.051303,sumher,18,20000,0.1,0.01
0.140871,0.05048,sumher,19,20000,0.1,0.01
0.050311,0.050346,sumher,20,20000,0.1,0.01
0.101372,0.050874,sumher,21,20000,0.1,0.01
0.106087,0.050619,sumher,22,20000,0.1,0.01
0.030026,0.049578,sumher,23,20000,0.1,0.01
0.095552,0.04898,sumher,24,20000,0.1,0.01
0.136874,0.051105,sumher,25,20000,0.1,0.01
0.134615,0.050621,sumher,26,20000,0.1,0.01
0.118098,0.05058,sumher,27,20000,0.1,0.01
0.188168,0.0512,sumher,28,20000,0.1,0.01
0.14983,0.051108,sumher,29,20000,0.1,0.01
0.20549,0.05088,sumher,30,20000,0.1,0.01
0.173904,0.051369,sumher,31,20000,0.1,0.01
0.082079,0.050336,sumher,32,20000,0.1,0.01
0.181322,0.050752,sumher,33,20000,0.1,0.01
0.14261,0.050771,sumher,34,20000,0.1,0.01
0.072731,0.05014,sumher,35,20000,0.1,0.01
0.058899,0.049604,sumher,36,20000,0.1,0.01
0.071275,0.050778,sumher,37,20000,0.1,0.01
0.131232,0.051089,sumher,38,20000,0.1,0.01
0.005298,0.050362,sumher,39,20000,0.1,0.01
0.119443,0.050706,sumher,40,20000,0.1,0.01
0.091447,0.050737,sumher,41,20000,0.1,0.01
0.146862,0.050763,sumher,42,20000,0.1,0.01
0.025393,0.049861,sumher,43,20000,0.1,0.01
0.130665,0.051072,sumher,44,20000,0.1,0.01
0.012679,0.049834,sumher,45,20000,0.1,0.01
0.040386,0.04985,sumher,46,20000,0.1,0.01
0.120635,0.050787,sumher,47,20000,0.1,0.01
0.085277,0.050575,sumher,48,20000,0.1,0.01
-0.047892,0.050055,sumher,49,20000,0.1,0.01
0.046067,0.049935,sumher,50,20000,0.1,0.01
0.12353,0.051201,sumher,51,20000,0.1,0.01
0.146152,0.050834,sumher,52,20000,0.1,0.01
0.101625,0.051084,sumher,53,20000,0.1,0.01
0.163811,0.050688,sumher,54,20000,0.1,0.01
0.016813,0.048121,sumher,55,20000,0.1,0.01
0.137189,0.050676,sumher,56,20000,0.1,0.01
0.084073,0.050302,sumher,57,20000,0.1,0.01
0.163576,0.051078,sumher,58,20000,0.1,0.01
0.055389,0.050474,sumher,59,20000,0.1,0.01
0.104506,0.051214,sumher,60,20000,0.1,0.01
0.088375,0.050777,sumher,61,20000,0.1,0.01
0.140284,0.051064,sumher,62,20000,0.1,0.01
0.151603,0.051137,sumher,63,20000,0.1,0.01
0.171465,0.051073,sumher,64,20000,0.1,0.01
0.082094,0.050328,sumher,65,20000,0.1,0.01
0.123701,0.050056,sumher,66,20000,0.1,0.01
0.126945,0.050852,sumher,67,20000,0.1,0.01
0.123993,0.050801,sumher,68,20000,0.1,0.01
0.125913,0.050814,sumher,69,20000,0.1,0.01
0.089506,0.05062,sumher,70,20000,0.1,0.01
0.126082,0.050901,sumher,71,20000,0.1,0.01
0.045006,0.049697,sumher,72,20000,0.1,0.01
0.011182,0.050724,sumher,73,20000,0.1,0.01
0.101705,0.050622,sumher,74,20000,0.1,0.01
0.161053,0.051447,sumher,75,20000,0.1,0.01
0.063399,0.050657,sumher,76,20000,0.1,0.01
0.079078,0.050686,sumher,77,20000,0.1,0.01
0.035608,0.049457,sumher,78,20000,0.1,0.01
0.071312,0.050468,sumher,79,20000,0.1,0.01
0.015526,0.050183,sumher,80,20000,0.1,0.01
0.110855,0.050407,sumher,81,20000,0.1,0.01
0.200715,0.051114,sumher,82,20000,0.1,0.01
0.040031,0.050466,sumher,83,20000,0.1,0.01
0.170659,0.05076,sumher,84,20000,0.1,0.01
0.240488,0.051148,sumher,85,20000,0.1,0.01
0.101437,0.05029,sumher,86,20000,0.1,0.01
0.125468,0.051028,sumher,87,20000,0.1,0.01
0.053726,0.050728,sumher,88,20000,0.1,0.01
0.007303,0.05024,sumher,89,20000,0.1,0.01
0.071812,0.050479,sumher,90,20000,0.1,0.01
0.036314,0.050808,sumher,91,20000,0.1,0.01
0.142604,0.050482,sumher,92,20000,0.1,0.01
0.076173,0.050039,sumher,93,20000,0.1,0.01
0.141902,0.050484,sumher,94,20000,0.1,0.01
0.122933,0.050586,sumher,95,20000,0.1,0.01
0.122177,0.050406,sumher,96,20000,0.1,0.01
0.064028,0.050108,sumher,97,20000,0.1,0.01
0.124423,0.051219,sumher,98,20000,0.1,0.01
0.126348,0.050812,sumher,99,20000,0.1,0.01
0.132312,0.050901,sumher,0,50000,0.1,0.01
0.11126,0.050943,sumher,1,50000,0.1,0.01
0.154767,0.050141,sumher,2,50000,0.1,0.01
0.023965,0.049955,sumher,3,50000,0.1,0.01
0.171038,0.050946,sumher,4,50000,0.1,0.01
0.092348,0.050854,sumher,5,50000,0.1,0.01
0.051258,0.05078,sumher,6,50000,0.1,0.01
0.116023,0.051099,sumher,7,50000,0.1,0.01
0.223332,0.051389,sumher,8,50000,0.1,0.01
0.098167,0.050375,sumher,9,50000,0.1,0.01
0.09209,0.050868,sumher,10,50000,0.1,0.01
0.132442,0.0507,sumher,11,50000,0.1,0.01
0.045421,0.049973,sumher,12,50000,0.1,0.01
0.071388,0.050178,sumher,13,50000,0.1,0.01
0.071092,0.049431,sumher,14,50000,0.1,0.01
0.16945,0.049802,sumher,15,50000,0.1,0.01
0.047244,0.05027,sumher,16,50000,0.1,0.01
0.243793,0.051023,sumher,17,50000,0.1,0.01
0.232429,0.051292,sumher,18,50000,0.1,0.01
0.140817,0.050471,sumher,19,50000,0.1,0.01
0.050292,0.050336,sumher,20,50000,0.1,0.01
0.101332,0.050864,sumher,21,50000,0.1,0.01
0.106049,0.050608,sumher,22,50000,0.1,0.01
0.030019,0.049568,sumher,23,50000,0.1,0.01
0.095515,0.04897,sumher,24,50000,0.1,0.01
0.136813,0.051094,sumher,25,50000,0.1,0.01
0.134568,0.050612,sumher,26,50000,0.1,0.01
0.11805,0.05057,sumher,27,50000,0.1,0.01
0.188105,0.051191,sumher,28,50000,0.1,0.01
0.149775,0.051098,sumher,29,50000,0.1,0.01
0.205421,0.050871,sumher,30,50000,0.1,0.01
0.173818,0.051357,sumher,31,50000,0.1,0.01
0.082039,0.050325,sumher,32,50000,0.1,0.01
0.18126,0.050743,sumher,33,50000,0.1,0.01
0.14256,0.050761,sumher,34,50000,0.1,0.01
0.0727,0.050129,sumher,35,50000,0.1,0.01
0.058882,0.049595,sumher,36,50000,0.1,0.01
0.071235,0.050769,sumher,37,50000,0.1,0.01
0.131185,0.05108,sumher,38,50000,0.1,0.01
0.005301,0.050353,sumher,39,50000,0.1,0.01
0.1194,0.050697,sumher,40,50000,0.1,0.01
0.091411,0.050729,sumher,41,50000,0.1,0.01
0.146806,0.050752,sumher,42,50000,0.1,0.01
0.025382,0.049852,sumher,43,50000,0.1,0.01
0.130624,0.051063,sumher,44,50000,0.1,0.01
0.012637,0.049824,sumher,45,50000,0.1,0.01
0.040367,0.049841,sumher,46,50000,0.1,0.01
0.120586,0.050777,sumher,47,50000,0.1,0.01
0.085247,0.050565,sumher,48,50000,0.1,0.01
-0.047882,0.050046,sumher,49,50000,0.1,0.01
0.04605,0.049923,sumher,50,50000,0.1,0.01
0.123487,0.051192,sumher,51,50000,0.1,0.01
0.146103,0.050825,sumher,52,50000,0.1,0.01
0.101584,0.051073,sumher,53,50000,0.1,0.01
0.163742,0.050677,sumher,54,50000,0.1,0.01
0.016779,0.04811,sumher,55,50000,0.1,0.01
0.137131,0.050665,sumher,56,50000,0.1,0.01
0.084038,0.050291,sumher,57,50000,0.1,0.01
0.163514,0.051068,sumher,58,50000,0.1,0.01
0.055354,0.050463,sumher,59,50000,0.1,0.01
0.104468,0.051203,sumher,60,50000,0.1,0.01
0.088343,0.050767,sumher,61,50000,0.1,0.01
0.140218,0.051053,sumher,62,50000,0.1,0.01
0.151529,0.051126,sumher,63,50000,0.1,0.01
0.171394,0.051063,sumher,64,50000,0.1,0.01
0.08207,0.050319,sumher,65,50000,0.1,0.01
0.123648,0.050046,sumher,66,50000,0.1,0.01
0.126884,0.050841,sumher,67,50000,0.1,0.01
0.123928,0.050789,sumher,68,50000,0.1,0.01
0.125854,0.050801,sumher,69,50000,0.1,0.01
0.089472,0.05061,sumher,70,50000,0.1,0.01
0.126023,0.05089,sumher,71,50000,0.1,0.01
0.044991,0.049687,sumher,72,50000,0.1,0.01
0.011185,0.050713,sumher,73,50000,0.1,0.01
0.101655,0.050611,sumher,74,50000,0.1,0.01
0.160991,0.051436,sumher,75,50000,0.1,0.01
0.063376,0.050646,sumher,76,50000,0.1,0.01
0.079045,0.050675,sumher,77,50000,0.1,0.01
0.035592,0.049448,sumher,78,50000,0.1,0.01
0.071278,0.050457,sumher,79,50000,0.1,0.01
0.015509,0.050173,sumher,80,50000,0.1,0.01
0.110809,0.050397,sumher,81,50000,0.1,0.01
0.20063,0.051104,sumher,82,50000,0.1,0.01
0.040019,0.050455,sumher,83,50000,0.1,0.01
0.170592,0.050749,sumher,84,50000,0.1,0.01
0.2404,0.051139,sumher,85,50000,0.1,0.01
0.101401,0.050282,sumher,86,50000,0.1,0.01
0.125415,0.051016,sumher,87,50000,0.1,0.01
0.053702,0.050719,sumher,88,50000,0.1,0.01
0.00735,0.05023,sumher,89,50000,0.1,0.01
0.071783,0.050469,sumher,90,50000,0.1,0.01
0.036297,0.050798,sumher,91,50000,0.1,0.01
0.142534,0.050469,sumher,92,50000,0.1,0.01
0.076144,0.050029,sumher,93,50000,0.1,0.01
0.141849,0.050474,sumher,94,50000,0.1,0.01
0.122882,0.050576,sumher,95,50000,0.1,0.01
0.122127,0.050395,sumher,96,50000,0.1,0.01
0.064004,0.050099,sumher,97,50000,0.1,0.01
0.124365,0.051206,sumher,98,50000,0.1,0.01
0.126308,0.050803,sumher,99,50000,0.1,0.01
0.336738,0.052601,sumher,0,2000,0.25,1.0
0.258552,0.051678,sumher,1,2000,0.25,1.0
0.287906,0.052041,sumher,2,2000,0.25,1.0
0.232785,0.051793,sumher,3,2000,0.25,1.0
0.333262,0.052099,sumher,4,2000,0.25,1.0
0.296725,0.052261,sumher,5,2000,0.25,1.0
0.216534,0.051403,sumher,6,2000,0.25,1.0
0.347759,0.052002,sumher,7,2000,0.25,1.0
0.256581,0.052216,sumher,8,2000,0.25,1.0
0.313606,0.052658,sumher,9,2000,0.25,1.0
0.21689,0.051421,sumher,10,2000,0.25,1.0
0.314338,0.051787,sumher,11,2000,0.25,1.0
0.199061,0.05174,sumher,12,2000,0.25,1.0
0.202839,0.052027,sumher,13,2000,0.25,1.0
0.272159,0.052251,sumher,14,2000,0.25,1.0
0.259793,0.051509,sumher,15,2000,0.25,1.0
0.272668,0.05151,sumher,16,2000,0.25,1.0
0.275024,0.052003,sumher,17,2000,0.25,1.0
0.325106,0.052571,sumher,18,2000,0.25,1.0
0.312488,0.052547,sumher,19,2000,0.25,1.0
0.314934,0.051823,sumher,20,2000,0.25,1.0
0.220538,0.051428,sumher,21,2000,0.25,1.0
0.283978,0.052108,sumher,22,2000,0.25,1.0
0.36477,0.052048,sumher,23,2000,0.25,1.0
0.26758,0.051675,sumher,24,2000,0.25,1.0
0.356447,0.052591,sumher,25,2000,0.25,1.0
0.311469,0.052473,sumher,26,2000,0.25,1.0
0.33816,0.052842,sumher,27,2000,0.25,1.0
0.322159,0.052347,sumher,28,2000,0.25,1.0
0.220304,0.051925,sumher,29,2000,0.25,1.0
0.184779,0.051703,sumher,30,2000,0.25,1.0
0.330192,0.052308,sumher,31,2000,0.25,1.0
0.237451,0.052128,sumher,32,2000,0.25,1.0
0.276451,0.052326,sumher,33,2000,0.25,1.0
0.311414,0.052189,sumher,34,2000,0.25,1.0
0.263949,0.051998,sumher,35,2000,0.25,1.0
0.189375,0.051715,sumher,36,2000,0.25,1.0
0.276983,0.052082,sumher,37,2000,0.25,1.0
0.217974,0.051477,sumher,38,2000,0.25,1.0
0.226919,0.052026,sumher,39,2000,0.25,1.0
0.211794,0.052152,sumher,40,2000,0.25,1.0
0.334317,0.052068,sumher,41,2000,0.25,1.0
0.231266,0.051761,sumher,42,2000,0.25,1.0
0.249241,0.052098,sumher,43,2000,0.25,1.0
0.32393,0.052261,sumher,44,2000,0.25,1.0
0.319236,0.052335,sumher,45,2000,0.25,1.0
0.302797,0.052356,sumher,46,2000,0.25,1.0
0.354058,0.052187,sumher,47,2000,0.25,1.0
0.329256,0.052696,sumher,48,2000,0.25,1.0
0.255765,0.052013,sumher,49,2000,0.25,1.0
0.301022,0.0522,sumher,50,2000,0.25,1.0
0.21824,0.051969,sumher,51,2000,0.25,1.0
0.282482,0.051738,sumher,52,2000,0.25,1.0
0.2413,0.051498,sumher,53,2000,0.25,1.0
0.299141,0.0525,sumher,54,2000,0.25,1.0
0.288819,0.051956,sumher,55,2000,0.25,1.0
0.282992,0.051921,sumher,56,2000,0.25,1.0
0.261635,0.052131,sumher,57,2000,0.25,1.0
0.170631,0.051287,sumher,58,2000,0.25,1.0
0.23901,0.052192,sumher,59,2000,0.25,1.0
0.28047,0.052028,sumher,60,2000,0.25,1.0
0.28698,0.052414,sumher,61,2000,0.25,1.0
0.23337,0.051358,sumher,62,2000,0.25,1.0
0.288449,0.052123,sumher,63,2000,0.25,1.0
0.245712,0.052182,sumher,64,2000,0.25,1.0
0.253479,0.051715,sumher,65,2000,0.25,1.0
0.217572,0.052412,sumher,66,2000,0.25,1.0
0.257579,0.051995,sumher,67,2000,0.25,1.0
0.225272,0.052317,sumher,68,2000,0.25,1.0
0.347783,0.052342,sumher,69,2000,0.25,1.0
0.293892,0.052654,sumher,70,2000,0.25,1.0
0.257003,0.051517,sumher,71,2000,0.25,1.0
0.248767,0.05206,sumher,72,2000,0.25,1.0
0.253615,0.051951,sumher,73,2000,0.25,1.0
0.205445,0.051778,sumher,74,2000,0.25,1.0
0.186505,0.051977,sumher,75,2000,0.25,1.0
0.17149,0.051077,sumher,76,2000,0.25,1.0
0.244872,0.051897,sumher,77,2000,0.25,1.0
0.173068,0.051572,sumher,78,2000,0.25,1.0
0.188428,0.051535,sumher,79,2000,0.25,1.0
0.212868,0.051692,sumher,80,2000,0.25,1.0
0.311668,0.052476,sumher,81,2000,0.25,1.0
0.124281,0.051373,sumher,82,2000,0.25,1.0
0.238987,0.052193,sumher,83,2000,0.25,1.0
0.21845,0.052116,sumher,84,2000,0.25,1.0
0.345009,0.052364,sumher,85,2000,0.25,1.0
0.300477,0.052515,sumher,86,2000,0.25,1.0
0.19029,0.051402,sumher,87,2000,0.25,1.0
0.266042,0.052024,sumher,88,2000,0.25,1.0
0.337838,0.052639,sumher,89,2000,0.25,1.0
0.26343,0.0522,sumher,90,2000,0.25,1.0
0.367054,0.052044,sumher,91,2000,0.25,1.0
0.306747,0.051479,sumher,92,2000,0.25,1.0
0.19063,0.051645,sumher,93,2000,0.25,1.0
0.260614,0.052222,sumher,94,2000,0.25,1.0
0.197955,0.051855,sumher,95,2000,0.25,1.0
0.299926,0.051599,sumher,96,2000,0.25,1.0
0.2314,0.051869,sumher,97,2000,0.25,1.0
0.310701,0.052144,sumher,98,2000,0.25,1.0
0.32945,0.052702,sumher,99,2000,0.25,1.0
0.330742,0.052177,sumher,0,20000,0.25,1.0
0.252777,0.051171,sumher,1,20000,0.25,1.0
0.282624,0.051591,sumher,2,20000,0.25,1.0
0.228387,0.051346,sumher,3,20000,0.25,1.0
0.32585,0.051637,sumher,4,20000,0.25,1.0
0.290352,0.051778,sumher,5,20000,0.25,1.0
0.212328,0.050946,sumher,6,20000,0.25,1.0
0.341137,0.051568,sumher,7,20000,0.25,1.0
0.251834,0.051803,sumher,8,20000,0.25,1.0
0.306329,0.052125,sumher,9,20000,0.25,1.0
0.212027,0.05093,sumher,10,20000,0.25,1.0
0.305718,0.051206,sumher,11,20000,0.25,1.0
0.19555,0.051313,sumher,12,20000,0.25,1.0
0.198881,0.051554,sumher,13,20000,0.25,1.0
0.267438,0.051843,sumher,14,20000,0.25,1.0
0.253351,0.050995,sumher,15,20000,0.25,1.0
0.265117,0.050998,sumher,16,20000,0.25,1.0
0.270786,0.051614,sumher,17,20000,0.25,1.0
0.320202,0.052187,sumher,18,20000,0.25,1.0
0.307916,0.052168,sumher,19,20000,0.25,1.0
0.309198,0.051404,sumher,20,20000,0.25,1.0
0.21446,0.050824,sumher,21,20000,0.25,1.0
0.279029,0.051682,sumher,22,20000,0.25,1.0
0.353611,0.051542,sumher,23,20000,0.25,1.0
0.26303,0.051265,sumher,24,20000,0.25,1.0
0.348238,0.052099,sumher,25,20000,0.25,1.0
0.305494,0.052031,sumher,26,20000,0.25,1.0
0.331781,0.052396,sumher,27,20000,0.25,1.0
0.314965,0.051842,sumher,28,20000,0.25,1.0
0.216804,0.05152,sumher,29,20000,0.25,1.0
0.181722,0.05128,sumher,30,20000,0.25,1.0
0.323578,0.051848,sumher,31,20000,0.25,1.0
0.233391,0.051708,sumher,32,20000,0.25,1.0
0.271382,0.05188,sumher,33,20000,0.25,1.0
0.304552,0.051694,sumher,34,20000,0.25,1.0
0.258178,0.051509,sumher,35,20000,0.25,1.0
0.185399,0.051228,sumher,36,20000,0.25,1.0
0.271863,0.051659,sumher,37,20000,0.25,1.0
0.214049,0.051058,sumher,38,20000,0.25,1.0
0.222085,0.051524,sumher,39,20000,0.25,1.0
0.208247,0.051751,sumher,40,20000,0.25,1.0
0.32508,0.051521,sumher,41,20000,0.25,1.0
0.225359,0.051175,sumher,42,20000,0.25,1.0
0.244313,0.051645,sumher,43,20000,0.25,1.0
0.316393,0.051778,sumher,44,20000,0.25,1.0
0.314099,0.051931,sumher,45,20000,0.25,1.0
0.29534,0.051815,sumher,46,20000,0.25,1.0
0.344273,0.051606,sumher,47,20000,0.25,1.0
0.323097,0.052249,sumher,48,20000,0.25,1.0
0.251663,0.051632,sumher,49,20000,0.25,1.0
0.293861,0.051693,sumher,50,20000,0.25,1.0
0.213752,0.051506,sumher,51,20000,0.25,1.0
0.275658,0.051231,sumher,52,20000,0.25,1.0
0.233869,0.050839,sumher,53,20000,0.25,1.0
0.2938,0.052055,sumher,54,20000,0.25,1.0
0.281967,0.051428,sumher,55,20000,0.25,1.0
0.27744,0.051445,sumher,56,20000,0.25,1.0
0.257249,0.051728,sumher,57,20000,0.25,1.0
0.167632,0.050853,sumher,58,20000,0.25,1.0
0.234361,0.051731,sumher,59,20000,0.25,1.0
0.273535,0.051529,sumher,60,20000,0.25,1.0
0.281681,0.051969,sumher,61,20000,0.25,1.0
0.224822,0.050672,sumher,62,20000,0.25,1.0
0.282215,0.051623,sumher,63,20000,0.25,1.0
0.240689,0.051697,sumher,64,20000,0.25,1.0
0.248887,0.05128,sumher,65,20000,0.25,1.0
0.21262,0.051908,sumher,66,20000,0.25,1.0
0.252598,0.051565,sumher,67,20000,0.25,1.0
0.220889,0.051835,sumher,68,20000,0.25,1.0
0.338869,0.051814,sumher,69,20000,0.25,1.0
0.288777,0.05224,sumher,70,20000,0.25,1.0
0.250457,0.050959,sumher,71,20000,0.25,1.0
0.243255,0.051566,sumher,72,20000,0.25,1.0
0.247603,0.051442,sumher,73,20000,0.25,1.0
0.201322,0.051323,sumher,74,20000,0.25,1.0
0.18328,0.051564,sumher,75,20000,0.25,1.0
0.167176,0.050517,sumher,76,20000,0.25,1.0
0.240236,0.051449,sumher,77,20000,0.25,1.0
0.168991,0.051008,sumher,78,20000,0.25,1.0
0.185015,0.051115,sumher,79,20000,0.25,1.0
0.206384,0.051066,sumher,80,20000,0.25,1.0
0.306553,0.052093,sumher,81,20000,0.25,1.0
0.122307,0.05097,sumher,82,20000,0.25,1.0
0.234392,0.051738,sumher,83,20000,0.25,1.0
0.214236,0.05165,sumher,84,20000,0.25,1.0
0.337319,0.051884,sumher,85,20000,0.25,1.0
0.293745,0.052022,sumher,86,20000,0.25,1.0
0.186047,0.050934,sumher,87,20000,0.25,1.0
0.260585,0.051538,sumher,88,20000,0.25,1.0
0.331867,0.052231,sumher,89,20000,0.25,1.0
0.258468,0.051767,sumher,90,20000,0.25,1.0
0.356245,0.051554,sumher,91,20000,0.25,1.0
0.296074,0.050888,sumher,92,20000,0.25,1.0
0.186762,0.051157,sumher,93,20000,0.25,1.0
0.256468,0.051809,sumher,94,20000,0.25,1.0
0.19469,0.051457,sumher,95,20000,0.25,1.0
0.294129,0.051161,sumher,96,20000,0.25,1.0
0.226951,0.051413,sumher,97,20000,0.25,1.0
0.3051,0.051717,sumher,98,20000,0.25,1.0
0.322627,0.05225,sumher,99,20000,0.25,1.0
0.330602,0.052165,sumher,0,50000,0.25,1.0
0.252675,0.05116,sumher,1,50000,0.25,1.0
0.282519,0.051581,sumher,2,50000,0.25,1.0
0.228285,0.051334,sumher,3,50000,0.25,1.0
0.325728,0.051627,sumher,4,50000,0.25,1.0
0.290244,0.051768,sumher,5,50000,0.25,1.0
0.212233,0.050935,sumher,6,50000,0.25,1.0
0.341003,0.051557,sumher,7,50000,0.25,1.0
0.251757,0.051793,sumher,8,50000,0.25,1.0
0.306228,0.052115,sumher,9,50000,0.25,1.0
0.211951,0.05092,sumher,10,50000,0.25,1.0
0.305586,0.051195,sumher,11,50000,0.25,1.0
0.195452,0.051301,sumher,12,50000,0.25,1.0
0.198792,0.051543,sumher,13,50000,0.25,1.0
0.267312,0.051831,sumher,14,50000,0.25,1.0
0.253267,0.050986,sumher,15,50000,0.25,1.0
0.265003,0.050986,sumher,16,50000,0.25,1.0
0.270649,0.051601,sumher,17,50000,0.25,1.0
0.320083,0.052178,sumher,18,50000,0.25,1.0
0.307793,0.052158,sumher,19,50000,0.25,1.0
0.309085,0.051394,sumher,20,50000,0.25,1.0
0.214391,0.050814,sumher,21,50000,0.25,1.0
0.278912,0.051671,sumher,22,50000,0.25,1.0
0.353495,0.051532,sumher,23,50000,0.25,1.0
0.26293,0.051256,sumher,24,50000,0.25,1.0
0.348102,0.052088,sumher,25,50000,0.25,1.0
0.305367,0.05202,sumher,26,50000,0.25,1.0
0.331645,0.052385,sumher,27,50000,0.25,1.0
0.314835,0.051831,sumher,28,50000,0.25,1.0
0.216721,0.05151,sumher,29,50000,0.25,1.0
0.181649,0.05127,sumher,30,50000,0.25,1.0
0.323431,0.051835,sumher,31,50000,0.25,1.0
0.233353,0.0517,sumher,32,50000,0.25,1.0
0.27127,0.051869,sumher,33,50000,0.25,1.0
0.304436,0.051683,sumher,34,50000,0.25,1.0
0.258074,0.051498,sumher,35,50000,0.25,1.0
0.185328,0.051218,sumher,36,50000,0.25,1.0
0.271774,0.051649,sumher,37,50000,0.25,1.0
0.213963,0.051048,sumher,38,50000,0.25,1.0
0.222,0.051514,sumher,39,50000,0.25,1.0
0.208168,0.051739,sumher,40,50000,0.25,1.0
0.324966,0.051511,sumher,41,50000,0.25,1.0
0.225261,0.051163,sumher,42,50000,0.25,1.0
0.244228,0.051634,sumher,43,50000,0.25,1.0
0.316262,0.051767,sumher,44,50000,0.25,1.0
0.313969,0.05192,sumher,45,50000,0.25,1.0
0.29523,0.051804,sumher,46,50000,0.25,1.0
0.344123,0.051595,sumher,47,50000,0.25,1.0
0.323084,0.05224,sumher,48,50000,0.25,1.0
0.251534,0.05162,sumher,49,50000,0.25,1.0
0.293734,0.051682,sumher,50,50000,0.25,1.0
0.213665,0.051495,sumher,51,50000,0.25,1.0
0.275552,0.051222,sumher,52,50000,0.25,1.0
0.233789,0.05083,sumher,53,50000,0.25,1.0
0.293668,0.052043,sumher,54,50000,0.25,1.0
0.281859,0.051418,sumher,55,50000,0.25,1.0
0.277274,0.051434,sumher,56,50000,0.25,1.0
0.257147,0.051717,sumher,57,50000,0.25,1.0
0.167566,0.050843,sumher,58,50000,0.25,1.0
0.234478,0.051722,sumher,59,50000,0.25,1.0
0.273418,0.051517,sumher,60,50000,0.25,1.0
0.281574,0.051958,sumher,61,50000,0.25,1.0
0.224734,0.050661,sumher,62,50000,0.25,1.0
0.28211,0.051614,sumher,63,50000,0.25,1.0
0.240556,0.051683,sumher,64,50000,0.25,1.0
0.248777,0.051267,sumher,65,50000,0.25,1.0
0.212528,0.051897,sumher,66,50000,0.25,1.0
0.252496,0.051554,sumher,67,50000,0.25,1.0
0.220779,0.051822,sumher,68,50000,0.25,1.0
0.338725,0.051803,sumher,69,50000,0.25,1.0
0.288662,0.05223,sumher,70,50000,0.25,1.0
0.250352,0.050949,sumher,71,50000,0.25,1.0
0.243163,0.051556,sumher,72,50000,0.25,1.0
0.247507,0.051432,sumher,73,50000,0.25,1.0
0.201246,0.051314,sumher,74,50000,0.25,1.0
0.183207,0.051553,sumher,75,50000,0.25,1.0
0.167111,0.050507,sumher,76,50000,0.25,1.0
0.240148,0.05144,sumher,77,50000,0.25,1.0
0.168924,0.050998,sumher,78,50000,0.25,1.0
0.18495,0.051106,sumher,79,50000,0.25,1.0
0.206395,0.051056,sumher,80,50000,0.25,1.0
0.306426,0.052082,sumher,81,50000,0.25,1.0
0.122251,0.050959,sumher,82,50000,0.25,1.0
0.23424,0.051727,sumher,83,50000,0.25,1.0
0.214194,0.051639,sumher,84,50000,0.25,1.0
0.337189,0.051874,sumher,85,50000,0.25,1.0
0.293616,0.05201,sumher,86,50000,0.25,1.0
0.185983,0.050924,sumher,87,50000,0.25,1.0
0.260372,0.051527,sumher,88,50000,0.25,1.0
0.331767,0.05222,sumher,89,50000,0.25,1.0
0.258387,0.051757,sumher,90,50000,0.25,1.0
0.356084,0.051541,sumher,91,50000,0.25,1.0
0.289649,0.05081,sumher,92,50000,0.25,1.0
0.186707,0.051148,sumher,93,50000,0.25,1.0
0.256366,0.051799,sumher,94,50000,0.25,1.0
0.194608,0.051446,sumher,95,50000,0.25,1.0
0.293996,0.05115,sumher,96,50000,0.25,1.0
0.226853,0.051402,sumher,97,50000,0.25,1.0
0.304965,0.051705,sumher,98,50000,0.25,1.0
0.322504,0.052239,sumher,99,50000,0.25,1.0
0.2567,0.052122,sumher,0,2000,0.25,0.1
0.185948,0.051648,sumher,1,2000,0.25,0.1
0.257143,0.051615,sumher,2,2000,0.25,0.1
0.317265,0.05261,sumher,3,2000,0.25,0.1
0.175566,0.051437,sumher,4,2000,0.25,0.1
0.242987,0.052002,sumher,5,2000,0.25,0.1
0.268895,0.052162,sumher,6,2000,0.25,0.1
0.275117,0.05169,sumher,7,2000,0.25,0.1
0.151796,0.050972,sumher,8,2000,0.25,0.1
0.245531,0.051622,sumher,9,2000,0.25,0.1
0.229491,0.051526,sumher,10,2000,0.25,0.1
0.287131,0.052035,sumher,11,2000,0.25,0.1
0.230416,0.052144,sumher,12,2000,0.25,0.1
0.214317,0.052147,sumher,13,2000,0.25,0.1
0.250922,0.052089,sumher,14,2000,0.25,0.1
0.177347,0.051595,sumher,15,2000,0.25,0.1
0.249775,0.051831,sumher,16,2000,0.25,0.1
0.163943,0.051521,sumher,17,2000,0.25,0.1
0.297678,0.051959,sumher,18,2000,0.25,0.1
0.210095,0.051661,sumher,19,2000,0.25,0.1
0.236177,0.05166,sumher,20,2000,0.25,0.1
0.318554,0.052464,sumher,21,2000,0.25,0.1
0.26688,0.052314,sumher,22,2000,0.25,0.1
0.272128,0.052244,sumher,23,2000,0.25,0.1
0.278821,0.051655,sumher,24,2000,0.25,0.1
0.283875,0.051729,sumher,25,2000,0.25,0.1
0.263526,0.05146,sumher,26,2000,0.25,0.1
0.223994,0.052271,sumher,27,2000,0.25,0.1
0.286231,0.052128,sumher,28,2000,0.25,0.1
0.287876,0.051447,sumher,29,2000,0.25,0.1
0.290551,0.052194,sumher,30,2000,0.25,0.1
0.321897,0.05264,sumher,31,2000,0.25,0.1
0.282887,0.052509,sumher,32,2000,0.25,0.1
0.175398,0.050205,sumher,33,2000,0.25,0.1
0.227793,0.05153,sumher,34,2000,0.25,0.1
0.287544,0.052255,sumher,35,2000,0.25,0.1
0.270202,0.052278,sumher,36,2000,0.25,0.1
0.290564,0.052408,sumher,37,2000,0.25,0.1
0.228169,0.051846,sumher,38,2000,0.25,0.1
0.173343,0.051773,sumher,39,2000,0.25,0.1
0.240328,0.052069,sumher,40,2000,0.25,0.1
0.288572,0.052293,sumher,41,2000,0.25,0.1
0.214621,0.050775,sumher,42,2000,0.25,0.1
0.258852,0.0521,sumher,43,2000,0.25,0.1
0.260883,0.052246,sumher,44,2000,0.25,0.1
0.313766,0.052334,sumher,45,2000,0.25,0.1
0.283924,0.052049,sumher,46,2000,0.25,0.1
0.224476,0.050722,sumher,47,2000,0.25,0.1
0.282904,0.052254,sumher,48,2000,0.25,0.1
0.193474,0.051105,sumher,49,2000,0.25,0.1
0.340841,0.052481,sumher,50,2000,0.25,0.1
0.271901,0.051866,sumher,51,2000,0.25,0.1
0.240756,0.05171,sumher,52,2000,0.25,0.1
0.331184,0.052226,sumher,53,2000,0.25,0.1
0.272902,0.052219,sumher,54,2000,0.25,0.1
0.252709,0.052177,sumher,55,2000,0.25,0.1
0.202304,0.051782,sumher,56,2000,0.25,0.1
0.224238,0.051825,sumher,57,2000,0.25,0.1
0.303527,0.051682,sumher,58,2000,0.25,0.1
0.285945,0.051924,sumher,59,2000,0.25,0.1
0.246031,0.051969,sumher,60,2000,0.25,0.1
0.328419,0.052606,sumher,61,2000,0.25,0.1
0.263719,0.051619,sumher,62,2000,0.25,0.1
0.183845,0.051848,sumher,63,2000,0.25,0.1
0.257696,0.051679,sumher,64,2000,0.25,0.1
0.326646,0.052682,sumher,65,2000,0.25,0.1
0.290436,0.052198,sumher,66,2000,0.25,0.1
0.317885,0.051961,sumher,67,2000,0.25,0.1
0.269719,0.052081,sumher,68,2000,0.25,0.1
0.225233,0.051574,sumher,69,2000,0.25,0.1
0.251352,0.052241,sumher,70,2000,0.25,0.1
0.295946,0.051938,sumher,71,2000,0.25,0.1
0.295701,0.05238,sumher,72,2000,0.25,0.1
0.18041,0.051593,sumher,73,2000,0.25,0.1
0.294582,0.052006,sumher,74,2000,0.25,0.1
0.187659,0.051517,sumher,75,2000,0.25,0.1
0.279224,0.052069,sumher,76,2000,0.25,0.1
0.404084,0.052674,sumher,77,2000,0.25,0.1
0.318354,0.051985,sumher,78,2000,0.25,0.1
0.271877,0.051777,sumher,79,2000,0.25,0.1
0.304271,0.052074,sumher,80,2000,0.25,0.1
0.212903,0.051938,sumher,81,2000,0.25,0.1
0.200315,0.051585,sumher,82,2000,0.25,0.1
0.31127,0.052074,sumher,83,2000,0.25,0.1
0.24347,0.051203,sumher,84,2000,0.25,0.1
0.298239,0.052306,sumher,85,2000,0.25,0.1
0.191529,0.051658,sumher,86,2000,0.25,0.1
0.225739,0.051673,sumher,87,2000,0.25,0.1
0.338414,0.052515,sumher,88,2000,0.25,0.1
0.206842,0.051394,sumher,89,2000,0.25,0.1
0.232079,0.051701,sumher,90,2000,0.25,0.1
0.212988,0.051484,sumher,91,2000,0.25,0.1
0.277916,0.052446,sumher,92,2000,0.25,0.1
0.195126,0.051399,sumher,93,2000,0.25,0.1
0.266545,0.05234,sumher,94,2000,0.25,0.1
0.355018,0.052611,sumher,95,2000,0.25,0.1
0.280594,0.052226,sumher,96,2000,0.25,0.1
0.308649,0.052496,sumher,97,2000,0.25,0.1
0.28195,0.052108,sumher,98,2000,0.25,0.1
0.212671,0.051636,sumher,99,2000,0.25,0.1
0.251961,0.051685,sumher,0,20000,0.25,0.1
0.182517,0.051231,sumher,1,20000,0.25,0.1
0.251622,0.051129,sumher,2,20000,0.25,0.1
0.312393,0.05222,sumher,3,20000,0.25,0.1
0.172517,0.051019,sumher,4,20000,0.25,0.1
0.238782,0.051594,sumher,5,20000,0.25,0.1
0.263313,0.05168,sumher,6,20000,0.25,0.1
0.268131,0.05114,sumher,7,20000,0.25,0.1
0.149194,0.05055,sumher,8,20000,0.25,0.1
0.241304,0.051226,sumher,9,20000,0.25,0.1
0.224596,0.051039,sumher,10,20000,0.25,0.1
0.281847,0.051591,sumher,11,20000,0.25,0.1
0.226231,0.051702,sumher,12,20000,0.25,0.1
0.209161,0.051631,sumher,13,20000,0.25,0.1
0.246324,0.051644,sumher,14,20000,0.25,0.1
0.173946,0.051141,sumher,15,20000,0.25,0.1
0.24448,0.051353,sumher,16,20000,0.25,0.1
0.160915,0.051117,sumher,17,20000,0.25,0.1
0.291328,0.051503,sumher,18,20000,0.25,0.1
0.206861,0.051274,sumher,19,20000,0.25,0.1
0.232104,0.051239,sumher,20,20000,0.25,0.1
0.313085,0.052058,sumher,21,20000,0.25,0.1
0.261951,0.051861,sumher,22,20000,0.25,0.1
0.266111,0.051761,sumher,23,20000,0.25,0.1
0.27045,0.051052,sumher,24,20000,0.25,0.1
0.275528,0.051218,sumher,25,20000,0.25,0.1
0.257428,0.050957,sumher,26,20000,0.25,0.1
0.220286,0.051878,sumher,27,20000,0.25,0.1
0.279974,0.051662,sumher,28,20000,0.25,0.1
0.279723,0.050942,sumher,29,20000,0.25,0.1
0.284315,0.051714,sumher,30,20000,0.25,0.1
0.316383,0.052229,sumher,31,20000,0.25,0.1
0.276639,0.052011,sumher,32,20000,0.25,0.1
0.169938,0.049605,sumher,33,20000,0.25,0.1
0.223855,0.051109,sumher,34,20000,0.25,0.1
0.280899,0.051743,sumher,35,20000,0.25,0.1
0.263824,0.051788,sumher,36,20000,0.25,0.1
0.285079,0.051933,sumher,37,20000,0.25,0.1
0.224065,0.051399,sumher,38,20000,0.25,0.1
0.170251,0.051337,sumher,39,20000,0.25,0.1
0.236047,0.051621,sumher,40,20000,0.25,0.1
0.282724,0.051813,sumher,41,20000,0.25,0.1
0.206086,0.050092,sumher,42,20000,0.25,0.1
0.253793,0.05164,sumher,43,20000,0.25,0.1
0.256426,0.05182,sumher,44,20000,0.25,0.1
0.306118,0.051795,sumher,45,20000,0.25,0.1
0.278798,0.051622,sumher,46,20000,0.25,0.1
0.217109,0.050131,sumher,47,20000,0.25,0.1
0.277783,0.051815,sumher,48,20000,0.25,0.1
0.18731,0.050447,sumher,49,20000,0.25,0.1
0.334547,0.052022,sumher,50,20000,0.25,0.1
0.264203,0.051327,sumher,51,20000,0.25,0.1
0.233378,0.051132,sumher,52,20000,0.25,0.1
0.325843,0.051847,sumher,53,20000,0.25,0.1
0.266426,0.051708,sumher,54,20000,0.25,0.1
0.248095,0.051737,sumher,55,20000,0.25,0.1
0.198709,0.051351,sumher,56,20000,0.25,0.1
0.219051,0.051307,sumher,57,20000,0.25,0.1
0.296755,0.051229,sumher,58,20000,0.25,0.1
0.279094,0.051388,sumher,59,20000,0.25,0.1
0.241266,0.051512,sumher,60,20000,0.25,0.1
0.323064,0.052204,sumher,61,20000,0.25,0.1
0.258225,0.051143,sumher,62,20000,0.25,0.1
0.179794,0.051343,sumher,63,20000,0.25,0.1
0.253211,0.051259,sumher,64,20000,0.25,0.1
0.320695,0.052259,sumher,65,20000,0.25,0.1
0.283932,0.051715,sumher,66,20000,0.25,0.1
0.310858,0.051477,sumher,67,20000,0.25,0.1
0.264707,0.051635,sumher,68,20000,0.25,0.1
0.220347,0.051073,sumher,69,20000,0.25,0.1
0.246451,0.051779,sumher,70,20000,0.25,0.1
0.287315,0.051323,sumher,71,20000,0.25,0.1
0.289116,0.051894,sumher,72,20000,0.25,0.1
0.175811,0.051032,sumher,73,20000,0.25,0.1
0.289806,0.051597,sumher,74,20000,0.25,0.1
0.184225,0.051058,sumher,75,20000,0.25,0.1
0.272471,0.051584,sumher,76,20000,0.25,0.1
0.395412,0.052225,sumher,77,20000,0.25,0.1
0.311513,0.05153,sumher,78,20000,0.25,0.1
0.266504,0.051327,sumher,79,20000,0.25,0.1
0.298138,0.051594,sumher,80,20000,0.25,0.1
0.208478,0.05146,sumher,81,20000,0.25,0.1
0.196547,0.051126,sumher,82,20000,0.25,0.1
0.303325,0.051571,sumher,83,20000,0.25,0.1
0.237948,0.050735,sumher,84,20000,0.25,0.1
0.293756,0.051937,sumher,85,20000,0.25,0.1
0.187412,0.051165,sumher,86,20000,0.25,0.1
0.222344,0.051309,sumher,87,20000,0.25,0.1
0.331338,0.052008,sumher,88,20000,0.25,0.1
0.201195,0.050791,sumher,89,20000,0.25,0.1
0.227641,0.051271,sumher,90,20000,0.25,0.1
0.208525,0.051002,sumher,91,20000,0.25,0.1
0.272676,0.051991,sumher,92,20000,0.25,0.1
0.191416,0.050963,sumher,93,20000,0.25,0.1
0.260925,0.051866,sumher,94,20000,0.25,0.1
0.348909,0.0522,sumher,95,20000,0.25,0.1
0.273532,0.051689,sumher,96,20000,0.25,0.1
0.303858,0.052101,sumher,97,20000,0.25,0.1
0.27509,0.051582,sumher,98,20000,0.25,0.1
0.207098,0.051068,sumher,99,20000,0.25,0.1
0.25187,0.051676,sumher,0,50000,0.25,0.1
0.182446,0.051221,sumher,1,50000,0.25,0.1
0.251519,0.051118,sumher,2,50000,0.25,0.1
0.312258,0.052208,sumher,3,50000,0.25,0.1
0.172429,0.051007,sumher,4,50000,0.25,0.1
0.238672,0.051582,sumher,5,50000,0.25,0.1
0.263219,0.051671,sumher,6,50000,0.25,0.1
0.268014,0.051129,sumher,7,50000,0.25,0.1
0.149134,0.050541,sumher,8,50000,0.25,0.1
0.241207,0.051215,sumher,9,50000,0.25,0.1
0.22451,0.051029,sumher,10,50000,0.25,0.1
0.281725,0.05158,sumher,11,50000,0.25,0.1
0.226126,0.05169,sumher,12,50000,0.25,0.1
0.209067,0.05162,sumher,13,50000,0.25,0.1
0.246224,0.051635,sumher,14,50000,0.25,0.1
0.173877,0.05113,sumher,15,50000,0.25,0.1
0.24437,0.051341,sumher,16,50000,0.25,0.1
0.160827,0.051104,sumher,17,50000,0.25,0.1
0.291204,0.051492,sumher,18,50000,0.25,0.1
0.206778,0.051263,sumher,19,50000,0.25,0.1
0.23203,0.051231,sumher,20,50000,0.25,0.1
0.312958,0.052047,sumher,21,50000,0.25,0.1
0.261844,0.051851,sumher,22,50000,0.25,0.1
0.265999,0.051749,sumher,23,50000,0.25,0.1
0.270386,0.05104,sumher,24,50000,0.25,0.1
0.275441,0.051209,sumher,25,50000,0.25,0.1
0.257313,0.050945,sumher,26,50000,0.25,0.1
0.22021,0.051869,sumher,27,50000,0.25,0.1
0.279857,0.051651,sumher,28,50000,0.25,0.1
0.279608,0.05093,sumher,29,50000,0.25,0.1
0.284203,0.051704,sumher,30,50000,0.25,0.1
0.316276,0.05222,sumher,31,50000,0.25,0.1
0.276523,0.052,sumher,32,50000,0.25,0.1
0.169868,0.049595,sumher,33,50000,0.25,0.1
0.223758,0.051097,sumher,34,50000,0.25,0.1
0.280775,0.051731,sumher,35,50000,0.25,0.1
0.263701,0.051775,sumher,36,50000,0.25,0.1
0.285,0.051925,sumher,37,50000,0.25,0.1
0.223976,0.051388,sumher,38,50000,0.25,0.1
0.170179,0.051326,sumher,39,50000,0.25,0.1
0.235948,0.05161,sumher,40,50000,0.25,0.1
0.28263,0.051804,sumher,41,50000,0.25,0.1
0.206013,0.050083,sumher,42,50000,0.25,0.1
0.253679,0.051628,sumher,43,50000,0.25,0.1
0.256335,0.05181,sumher,44,50000,0.25,0.1
0.305986,0.051783,sumher,45,50000,0.25,0.1
0.2787,0.051612,sumher,46,50000,0.25,0.1
0.217016,0.05012,sumher,47,50000,0.25,0.1
0.277666,0.051804,sumher,48,50000,0.25,0.1
0.187227,0.050436,sumher,49,50000,0.25,0.1
0.334432,0.052012,sumher,50,50000,0.25,0.1
0.2641,0.051317,sumher,51,50000,0.25,0.1
0.233282,0.051122,sumher,52,50000,0.25,0.1
0.325722,0.051836,sumher,53,50000,0.25,0.1
0.266328,0.051698,sumher,54,50000,0.25,0.1
0.247971,0.051724,sumher,55,50000,0.25,0.1
0.198617,0.05134,sumher,56,50000,0.25,0.1
0.218968,0.051296,sumher,57,50000,0.25,0.1
0.296646,0.051219,sumher,58,50000,0.25,0.1
0.27897,0.051376,sumher,59,50000,0.25,0.1
0.24117,0.051501,sumher,60,50000,0.25,0.1
0.322939,0.052194,sumher,61,50000,0.25,0.1
0.258108,0.051131,sumher,62,50000,0.25,0.1
0.179714,0.051331,sumher,63,50000,0.25,0.1
0.253099,0.051247,sumher,64,50000,0.25,0.1
0.320584,0.05225,sumher,65,50000,0.25,0.1
0.283816,0.051704,sumher,66,50000,0.25,0.1
0.310742,0.051467,sumher,67,50000,0.25,0.1
0.264613,0.051626,sumher,68,50000,0.25,0.1
0.220264,0.051063,sumher,69,50000,0.25,0.1
0.246378,0.05177,sumher,70,50000,0.25,0.1
0.287189,0.051311,sumher,71,50000,0.25,0.1
0.289039,0.051884,sumher,72,50000,0.25,0.1
0.175749,0.051023,sumher,73,50000,0.25,0.1
0.289713,0.051588,sumher,74,50000,0.25,0.1
0.184136,0.051046,sumher,75,50000,0.25,0.1
0.272368,0.051573,sumher,76,50000,0.25,0.1
0.39525,0.052214,sumher,77,50000,0.25,0.1
0.311396,0.051518,sumher,78,50000,0.25,0.1
0.266392,0.051315,sumher,79,50000,0.25,0.1
0.298017,0.051583,sumher,80,50000,0.25,0.1
0.208398,0.05145,sumher,81,50000,0.25,0.1
0.196457,0.051114,sumher,82,50000,0.25,0.1
0.303204,0.05156,sumher,83,50000,0.25,0.1
0.237866,0.050725,sumher,84,50000,0.25,0.1
0.293635,0.051926,sumher,85,50000,0.25,0.1
0.18733,0.051154,sumher,86,50000,0.25,0.1
0.222245,0.051298,sumher,87,50000,0.25,0.1
0.331233,0.051998,sumher,88,50000,0.25,0.1
0.201109,0.05078,sumher,89,50000,0.25,0.1
0.227553,0.051261,sumher,90,50000,0.25,0.1
0.208472,0.050991,sumher,91,50000,0.25,0.1
0.272572,0.051981,sumher,92,50000,0.25,0.1
0.191354,0.050954,sumher,93,50000,0.25,0.1
0.260819,0.051856,sumher,94,50000,0.25,0.1
0.348784,0.05219,sumher,95,50000,0.25,0.1
0.273563,0.051679,sumher,96,50000,0.25,0.1
0.303737,0.05209,sumher,97,50000,0.25,0.1
0.274991,0.051572,sumher,98,50000,0.25,0.1
0.207017,0.051058,sumher,99,50000,0.25,0.1
0.307966,0.052141,sumher,0,2000,0.25,0.01
0.288944,0.05175,sumher,1,2000,0.25,0.01
0.287195,0.052302,sumher,2,2000,0.25,0.01
0.342739,0.052262,sumher,3,2000,0.25,0.01
0.359809,0.052649,sumher,4,2000,0.25,0.01
0.277327,0.051816,sumher,5,2000,0.25,0.01
0.225349,0.051837,sumher,6,2000,0.25,0.01
0.356722,0.052395,sumher,7,2000,0.25,0.01
0.298097,0.051971,sumher,8,2000,0.25,0.01
0.295747,0.05232,sumher,9,2000,0.25,0.01
0.306275,0.052032,sumher,10,2000,0.25,0.01
0.22201,0.051644,sumher,11,2000,0.25,0.01
0.271606,0.052211,sumher,12,2000,0.25,0.01
0.360683,0.052151,sumher,13,2000,0.25,0.01
0.195393,0.051792,sumher,14,2000,0.25,0.01
0.280436,0.052019,sumher,15,2000,0.25,0.01
0.276428,0.052317,sumher,16,2000,0.25,0.01
0.274718,0.051765,sumher,17,2000,0.25,0.01
0.235198,0.051527,sumher,18,2000,0.25,0.01
0.254325,0.051581,sumher,19,2000,0.25,0.01
0.258711,0.052213,sumher,20,2000,0.25,0.01
0.324156,0.052399,sumher,21,2000,0.25,0.01
0.19174,0.051426,sumher,22,2000,0.25,0.01
0.303732,0.052205,sumher,23,2000,0.25,0.01
0.240952,0.051897,sumher,24,2000,0.25,0.01
0.307635,0.052332,sumher,25,2000,0.25,0.01
0.216834,0.05216,sumher,26,2000,0.25,0.01
0.224564,0.051647,sumher,27,2000,0.25,0.01
0.29264,0.052441,sumher,28,2000,0.25,0.01
0.18697,0.050984,sumher,29,2000,0.25,0.01
0.192413,0.051657,sumher,30,2000,0.25,0.01
0.305431,0.052311,sumher,31,2000,0.25,0.01
0.197569,0.051948,sumher,32,2000,0.25,0.01
0.236413,0.052116,sumher,33,2000,0.25,0.01
0.250767,0.05199,sumher,34,2000,0.25,0.01
0.359258,0.052682,sumher,35,2000,0.25,0.01
0.202914,0.051524,sumher,36,2000,0.25,0.01
0.271483,0.051628,sumher,37,2000,0.25,0.01
0.286249,0.052261,sumher,38,2000,0.25,0.01
0.348839,0.052376,sumher,39,2000,0.25,0.01
0.320384,0.05227,sumher,40,2000,0.25,0.01
0.256669,0.051976,sumher,41,2000,0.25,0.01
0.265778,0.051728,sumher,42,2000,0.25,0.01
0.28584,0.051903,sumher,43,2000,0.25,0.01
0.292054,0.052378,sumher,44,2000,0.25,0.01
0.33506,0.052344,sumher,45,2000,0.25,0.01
0.170836,0.051903,sumher,46,2000,0.25,0.01
0.295523,0.052772,sumher,47,2000,0.25,0.01
0.254753,0.051687,sumher,48,2000,0.25,0.01
0.295818,0.052106,sumher,49,2000,0.25,0.01
0.286299,0.052149,sumher,50,2000,0.25,0.01
0.231927,0.05162,sumher,51,2000,0.25,0.01
0.234375,0.052294,sumher,52,2000,0.25,0.01
0.309282,0.051931,sumher,53,2000,0.25,0.01
0.277165,0.052337,sumher,54,2000,0.25,0.01
0.232659,0.05139,sumher,55,2000,0.25,0.01
0.311703,0.052306,sumher,56,2000,0.25,0.01
0.182107,0.05161,sumher,57,2000,0.25,0.01
0.242829,0.051932,sumher,58,2000,0.25,0.01
0.208099,0.051902,sumher,59,2000,0.25,0.01
0.324658,0.052066,sumher,60,2000,0.25,0.01
0.240353,0.052282,sumher,61,2000,0.25,0.01
0.242736,0.051535,sumher,62,2000,0.25,0.01
0.275274,0.051779,sumher,63,2000,0.25,0.01
0.230473,0.05172,sumher,64,2000,0.25,0.01
0.360674,0.052346,sumher,65,2000,0.25,0.01
0.309018,0.052448,sumher,66,2000,0.25,0.01
0.102183,0.050977,sumher,67,2000,0.25,0.01
0.312405,0.051969,sumher,68,2000,0.25,0.01
0.349387,0.05245,sumher,69,2000,0.25,0.01
0.279179,0.051555,sumher,70,2000,0.25,0.01
0.223691,0.051887,sumher,71,2000,0.25,0.01
0.361453,0.052741,sumher,72,2000,0.25,0.01
0.254451,0.052056,sumher,73,2000,0.25,0.01
0.318457,0.052314,sumher,74,2000,0.25,0.01
0.226019,0.051084,sumher,75,2000,0.25,0.01
0.24033,0.05179,sumher,76,2000,0.25,0.01
0.220026,0.051813,sumher,77,2000,0.25,0.01
0.283315,0.052235,sumher,78,2000,0.25,0.01
0.308668,0.052396,sumher,79,2000,0.25,0.01
0.14166,0.050759,sumher,80,2000,0.25,0.01
0.299281,0.051905,sumher,81,2000,0.25,0.01
0.229733,0.052143,sumher,82,2000,0.25,0.01
0.287163,0.052224,sumher,83,2000,0.25,0.01
0.158812,0.051142,sumher,84,2000,0.25,0.01
0.314215,0.052422,sumher,85,2000,0.25,0.01
0.251507,0.051588,sumher,86,2000,0.25,0.01
0.223032,0.051908,sumher,87,2000,0.25,0.01
0.161364,0.051854,sumher,88,2000,0.25,0.01
0.269591,0.052504,sumher,89,2000,0.25,0.01
0.330535,0.052422,sumher,90,2000,0.25,0.01
0.207522,0.050561,sumher,91,2000,0.25,0.01
0.283969,0.052148,sumher,92,2000,0.25,0.01
0.249801,0.051873,sumher,93,2000,0.25,0.01
0.268824,0.052031,sumher,94,2000,0.25,0.01
0.207945,0.051712,sumher,95,2000,0.25,0.01
0.17543,0.051361,sumher,96,2000,0.25,0.01
0.251212,0.051634,sumher,97,2000,0.25,0.01
0.264138,0.052266,sumher,98,2000,0.25,0.01
0.274833,0.052168,sumher,99,2000,0.25,0.01
0.300218,0.051594,sumher,0,20000,0.25,0.01
0.283055,0.051294,sumher,1,20000,0.25,0.01
0.2832,0.051943,sumher,2,20000,0.25,0.01
0.33574,0.0518,sumher,3,20000,0.25,0.01
0.351722,0.052177,sumher,4,20000,0.25,0.01
0.271784,0.051345,sumher,5,20000,0.25,0.01
0.221494,0.051421,sumher,6,20000,0.25,0.01
0.350483,0.051974,sumher,7,20000,0.25,0.01
0.290138,0.051418,sumher,8,20000,0.25,0.01
0.290602,0.051901,sumher,9,20000,0.25,0.01
0.299346,0.05154,sumher,10,20000,0.25,0.01
0.217138,0.051146,sumher,11,20000,0.25,0.01
0.266635,0.051766,sumher,12,20000,0.25,0.01
0.351776,0.051664,sumher,13,20000,0.25,0.01
0.191092,0.051274,sumher,14,20000,0.25,0.01
0.274992,0.051555,sumher,15,20000,0.25,0.01
0.270635,0.051854,sumher,16,20000,0.25,0.01
0.269562,0.051328,sumher,17,20000,0.25,0.01
0.228946,0.05099,sumher,18,20000,0.25,0.01
0.249395,0.051153,sumher,19,20000,0.25,0.01
0.253837,0.051749,sumher,20,20000,0.25,0.01
0.318553,0.051989,sumher,21,20000,0.25,0.01
0.187528,0.050932,sumher,22,20000,0.25,0.01
0.29911,0.051823,sumher,23,20000,0.25,0.01
0.23617,0.051438,sumher,24,20000,0.25,0.01
0.300753,0.051842,sumher,25,20000,0.25,0.01
0.213276,0.051738,sumher,26,20000,0.25,0.01
0.221,0.051255,sumher,27,20000,0.25,0.01
0.288291,0.052058,sumher,28,20000,0.25,0.01
0.181672,0.05037,sumher,29,20000,0.25,0.01
0.188591,0.051201,sumher,30,20000,0.25,0.01
0.29931,0.051823,sumher,31,20000,0.25,0.01
0.194428,0.051551,sumher,32,20000,0.25,0.01
0.232073,0.051705,sumher,33,20000,0.25,0.01
0.246838,0.051598,sumher,34,20000,0.25,0.01
0.35117,0.052166,sumher,35,20000,0.25,0.01
0.199502,0.051098,sumher,36,20000,0.25,0.01
0.266661,0.0512,sumher,37,20000,0.25,0.01
0.279486,0.051712,sumher,38,20000,0.25,0.01
0.342523,0.051955,sumher,39,20000,0.25,0.01
0.31348,0.05176,sumher,40,20000,0.25,0.01
0.250155,0.051389,sumher,41,20000,0.25,0.01
0.259954,0.051231,sumher,42,20000,0.25,0.01
0.280049,0.05144,sumher,43,20000,0.25,0.01
0.28701,0.051948,sumher,44,20000,0.25,0.01
0.324342,0.051729,sumher,45,20000,0.25,0.01
0.167386,0.051416,sumher,46,20000,0.25,0.01
0.290226,0.052353,sumher,47,20000,0.25,0.01
0.250427,0.051277,sumher,48,20000,0.25,0.01
0.289495,0.051626,sumher,49,20000,0.25,0.01
0.281303,0.051723,sumher,50,20000,0.25,0.01
0.227035,0.051124,sumher,51,20000,0.25,0.01
0.229799,0.051836,sumher,52,20000,0.25,0.01
0.303631,0.051517,sumher,53,20000,0.25,0.01
0.272688,0.051929,sumher,54,20000,0.25,0.01
0.227283,0.050882,sumher,55,20000,0.25,0.01
0.304162,0.051758,sumher,56,20000,0.25,0.01
0.17905,0.051186,sumher,57,20000,0.25,0.01
0.238779,0.051521,sumher,58,20000,0.25,0.01
0.204482,0.051489,sumher,59,20000,0.25,0.01
0.315219,0.051438,sumher,60,20000,0.25,0.01
0.23547,0.051807,sumher,61,20000,0.25,0.01
0.23576,0.050975,sumher,62,20000,0.25,0.01
0.270581,0.051373,sumher,63,20000,0.25,0.01
0.223541,0.051102,sumher,64,20000,0.25,0.01
0.352091,0.051871,sumher,65,20000,0.25,0.01
0.304537,0.05207,sumher,66,20000,0.25,0.01
0.099941,0.050481,sumher,67,20000,0.25,0.01
0.301853,0.051333,sumher,68,20000,0.25,0.01
0.341519,0.051954,sumher,69,20000,0.25,0.01
0.270915,0.050998,sumher,70,20000,0.25,0.01
0.219745,0.051464,sumher,71,20000,0.25,0.01
0.353349,0.052269,sumher,72,20000,0.25,0.01
0.248834,0.051585,sumher,73,20000,0.25,0.01
0.30983,0.051799,sumher,74,20000,0.25,0.01
0.219025,0.050461,sumher,75,20000,0.25,0.01
0.233933,0.051225,sumher,76,20000,0.25,0.01
0.216009,0.051392,sumher,77,20000,0.25,0.01
0.277999,0.051813,sumher,78,20000,0.25,0.01
0.302545,0.05192,sumher,79,20000,0.25,0.01
0.138099,0.050192,sumher,80,20000,0.25,0.01
0.290682,0.051344,sumher,81,20000,0.25,0.01
0.224682,0.051625,sumher,82,20000,0.25,0.01
0.281786,0.051762,sumher,83,20000,0.25,0.01
0.155013,0.050619,sumher,84,20000,0.25,0.01
0.308525,0.051995,sumher,85,20000,0.25,0.01
0.242519,0.050886,sumher,86,20000,0.25,0.01
0.218771,0.051467,sumher,87,20000,0.25,0.01
0.157556,0.051297,sumher,88,20000,0.25,0.01
0.264297,0.052031,sumher,89,20000,0.25,0.01
0.323103,0.051931,sumher,90,20000,0.25,0.01
0.199247,0.049822,sumher,91,20000,0.25,0.01
0.278137,0.051674,sumher,92,20000,0.25,0.01
0.244598,0.051374,sumher,93,20000,0.25,0.01
0.26335,0.051591,sumher,94,20000,0.25,0.01
0.204435,0.051293,sumher,95,20000,0.25,0.01
0.170683,0.050755,sumher,96,20000,0.25,0.01
0.24481,0.051084,sumher,97,20000,0.25,0.01
0.258523,0.051771,sumher,98,20000,0.25,0.01
0.269103,0.051709,sumher,99,20000,0.25,0.01
0.300103,0.051584,sumher,0,50000,0.25,0.01
0.282945,0.051283,sumher,1,50000,0.25,0.01
0.283076,0.051932,sumher,2,50000,0.25,0.01
0.335626,0.051789,sumher,3,50000,0.25,0.01
0.351597,0.052167,sumher,4,50000,0.25,0.01
0.271683,0.051335,sumher,5,50000,0.25,0.01
0.221415,0.051412,sumher,6,50000,0.25,0.01
0.350329,0.051963,sumher,7,50000,0.25,0.01
0.290014,0.051407,sumher,8,50000,0.25,0.01
0.290485,0.05189,sumher,9,50000,0.25,0.01
0.299218,0.051529,sumher,10,50000,0.25,0.01
0.21706,0.051136,sumher,11,50000,0.25,0.01
0.266519,0.051755,sumher,12,50000,0.25,0.01
0.351635,0.051653,sumher,13,50000,0.25,0.01
0.191021,0.051264,sumher,14,50000,0.25,0.01
0.274888,0.051544,sumher,15,50000,0.25,0.01
0.270529,0.051843,sumher,16,50000,0.25,0.01
0.269462,0.051318,sumher,17,50000,0.25,0.01
0.228851,0.050979,sumher,18,50000,0.25,0.01
0.249313,0.051145,sumher,19,50000,0.25,0.01
0.253731,0.051738,sumher,20,50000,0.25,0.01
0.318428,0.051978,sumher,21,50000,0.25,0.01
0.187446,0.050922,sumher,22,50000,0.25,0.01
0.299007,0.051813,sumher,23,50000,0.25,0.01
0.236066,0.051426,sumher,24,50000,0.25,0.01
0.300624,0.051831,sumher,25,50000,0.25,0.01
0.21318,0.051727,sumher,26,50000,0.25,0.01
0.220906,0.051244,sumher,27,50000,0.25,0.01
0.288179,0.052048,sumher,28,50000,0.25,0.01
0.181603,0.050361,sumher,29,50000,0.25,0.01
0.188528,0.051191,sumher,30,50000,0.25,0.01
0.299189,0.051812,sumher,31,50000,0.25,0.01
0.194338,0.051539,sumher,32,50000,0.25,0.01
0.231976,0.051693,sumher,33,50000,0.25,0.01
0.246737,0.051588,sumher,34,50000,0.25,0.01
0.351004,0.052153,sumher,35,50000,0.25,0.01
0.199428,0.051088,sumher,36,50000,0.25,0.01
0.266548,0.051188,sumher,37,50000,0.25,0.01
0.27939,0.051703,sumher,38,50000,0.25,0.01
0.342401,0.051945,sumher,39,50000,0.25,0.01
0.313344,0.051749,sumher,40,50000,0.25,0.01
0.250043,0.051377,sumher,41,50000,0.25,0.01
0.259842,0.051221,sumher,42,50000,0.25,0.01
0.279937,0.051429,sumher,43,50000,0.25,0.01
0.286909,0.051938,sumher,44,50000,0.25,0.01
0.324212,0.051717,sumher,45,50000,0.25,0.01
0.167313,0.051405,sumher,46,50000,0.25,0.01
0.290105,0.052342,sumher,47,50000,0.25,0.01
0.250336,0.051267,sumher,48,50000,0.25,0.01
0.289386,0.051615,sumher,49,50000,0.25,0.01
0.281167,0.05171,sumher,50,50000,0.25,0.01
0.226933,0.051112,sumher,51,50000,0.25,0.01
0.229712,0.051826,sumher,52,50000,0.25,0.01
0.303502,0.051506,sumher,53,50000,0.25,0.01
0.272573,0.051919,sumher,54,50000,0.25,0.01
0.227201,0.050872,sumher,55,50000,0.25,0.01
0.304046,0.051748,sumher,56,50000,0.25,0.01
0.178978,0.051175,sumher,57,50000,0.25,0.01
0.238698,0.051512,sumher,58,50000,0.25,0.01
0.204384,0.051478,sumher,59,50000,0.25,0.01
0.315101,0.051428,sumher,60,50000,0.25,0.01
0.23536,0.051795,sumher,61,50000,0.25,0.01
0.235683,0.050966,sumher,62,50000,0.25,0.01
0.27047,0.051363,sumher,63,50000,0.25,0.01
0.223442,0.05109,sumher,64,50000,0.25,0.01
0.351957,0.051861,sumher,65,50000,0.25,0.01
0.304415,0.052059,sumher,66,50000,0.25,0.01
0.099896,0.050469,sumher,67,50000,0.25,0.01
0.301722,0.051322,sumher,68,50000,0.25,0.01
0.341396,0.051944,sumher,69,50000,0.25,0.01
0.270821,0.050988,sumher,70,50000,0.25,0.01
0.219646,0.051453,sumher,71,50000,0.25,0.01
0.353218,0.052259,sumher,72,50000,0.25,0.01
0.24872,0.051573,sumher,73,50000,0.25,0.01
0.309708,0.051788,sumher,74,50000,0.25,0.01
0.21895,0.050451,sumher,75,50000,0.25,0.01
0.23383,0.051214,sumher,76,50000,0.25,0.01
0.215904,0.051379,sumher,77,50000,0.25,0.01
0.277884,0.051802,sumher,78,50000,0.25,0.01
0.302395,0.051907,sumher,79,50000,0.25,0.01
0.13804,0.050181,sumher,80,50000,0.25,0.01
0.290547,0.051332,sumher,81,50000,0.25,0.01
0.224584,0.051614,sumher,82,50000,0.25,0.01
0.268413,0.051653,sumher,83,50000,0.25,0.01
0.154965,0.050609,sumher,84,50000,0.25,0.01
0.308386,0.051983,sumher,85,50000,0.25,0.01
0.242415,0.050874,sumher,86,50000,0.25,0.01
0.218679,0.051456,sumher,87,50000,0.25,0.01
0.157497,0.051287,sumher,88,50000,0.25,0.01
0.264198,0.052021,sumher,89,50000,0.25,0.01
0.322965,0.05192,sumher,90,50000,0.25,0.01
0.19276,0.049746,sumher,91,50000,0.25,0.01
0.278025,0.051663,sumher,92,50000,0.25,0.01
0.244496,0.051364,sumher,93,50000,0.25,0.01
0.26325,0.051582,sumher,94,50000,0.25,0.01
0.204343,0.051281,sumher,95,50000,0.25,0.01
0.170612,0.050744,sumher,96,50000,0.25,0.01
0.244714,0.051074,sumher,97,50000,0.25,0.01
0.25842,0.05176,sumher,98,50000,0.25,0.01
0.268984,0.051697,sumher,99,50000,0.25,0.01
0.406753,0.052465,sumher,0,2000,0.4,1.0
0.434599,0.052897,sumher,1,2000,0.4,1.0
0.414813,0.052849,sumher,2,2000,0.4,1.0
0.365419,0.052608,sumher,3,2000,0.4,1.0
0.253227,0.051735,sumher,4,2000,0.4,1.0
0.451627,0.052255,sumher,5,2000,0.4,1.0
0.356501,0.052445,sumher,6,2000,0.4,1.0
0.392778,0.052538,sumher,7,2000,0.4,1.0
0.449366,0.053135,sumher,8,2000,0.4,1.0
0.461026,0.05292,sumher,9,2000,0.4,1.0
0.414983,0.052385,sumher,10,2000,0.4,1.0
0.258673,0.052371,sumher,11,2000,0.4,1.0
0.440154,0.052618,sumher,12,2000,0.4,1.0
0.381464,0.05261,sumher,13,2000,0.4,1.0
0.410838,0.052841,sumher,14,2000,0.4,1.0
0.391269,0.052603,sumher,15,2000,0.4,1.0
0.494361,0.053263,sumher,16,2000,0.4,1.0
0.363958,0.052217,sumher,17,2000,0.4,1.0
0.527724,0.053396,sumher,18,2000,0.4,1.0
0.503702,0.053148,sumher,19,2000,0.4,1.0
0.576824,0.053809,sumher,20,2000,0.4,1.0
0.397788,0.052687,sumher,21,2000,0.4,1.0
0.502279,0.053475,sumher,22,2000,0.4,1.0
0.392614,0.052458,sumher,23,2000,0.4,1.0
0.36155,0.052239,sumher,24,2000,0.4,1.0
0.443726,0.05355,sumher,25,2000,0.4,1.0
0.388882,0.052742,sumher,26,2000,0.4,1.0
0.346462,0.052798,sumher,27,2000,0.4,1.0
0.387267,0.052511,sumher,28,2000,0.4,1.0
0.521433,0.053476,sumher,29,2000,0.4,1.0
0.344313,0.052417,sumher,30,2000,0.4,1.0
0.388072,0.052911,sumher,31,2000,0.4,1.0
0.44316,0.053233,sumher,32,2000,0.4,1.0
0.406177,0.05207,sumher,33,2000,0.4,1.0
0.374725,0.052775,sumher,34,2000,0.4,1.0
0.420372,0.052737,sumher,35,2000,0.4,1.0
0.412429,0.05318,sumher,36,2000,0.4,1.0
0.445435,0.053011,sumher,37,2000,0.4,1.0
0.419907,0.052907,sumher,38,2000,0.4,1.0
0.390308,0.05254,sumher,39,2000,0.4,1.0
0.431307,0.052937,sumher,40,2000,0.4,1.0
0.36002,0.052424,sumher,41,2000,0.4,1.0
0.42485,0.053292,sumher,42,2000,0.4,1.0
0.321176,0.052113,sumher,43,2000,0.4,1.0
0.487809,0.053288,sumher,44,2000,0.4,1.0
0.438434,0.053044,sumher,45,2000,0.4,1.0
0.448488,0.053151,sumher,46,2000,0.4,1.0
0.520699,0.053391,sumher,47,2000,0.4,1.0
0.390511,0.052353,sumher,48,2000,0.4,1.0
0.369864,0.052778,sumher,49,2000,0.4,1.0
0.384475,0.052687,sumher,50,2000,0.4,1.0
0.550257,0.053552,sumher,51,2000,0.4,1.0
0.498002,0.053137,sumher,52,2000,0.4,1.0
0.409173,0.052716,sumher,53,2000,0.4,1.0
0.554653,0.053385,sumher,54,2000,0.4,1.0
0.386784,0.052179,sumher,55,2000,0.4,1.0
0.422477,0.053086,sumher,56,2000,0.4,1.0
0.508177,0.052669,sumher,57,2000,0.4,1.0
0.500433,0.053239,sumher,58,2000,0.4,1.0
0.310834,0.051943,sumher,59,2000,0.4,1.0
0.490076,0.053261,sumher,60,2000,0.4,1.0
0.385289,0.052953,sumher,61,2000,0.4,1.0
0.421595,0.052599,sumher,62,2000,0.4,1.0
0.436877,0.053094,sumher,63,2000,0.4,1.0
0.434609,0.052482,sumher,64,2000,0.4,1.0
0.521094,0.053029,sumher,65,2000,0.4,1.0
0.38566,0.053202,sumher,66,2000,0.4,1.0
0.489288,0.053189,sumher,67,2000,0.4,1.0
0.463693,0.053175,sumher,68,2000,0.4,1.0
0.428738,0.053043,sumher,69,2000,0.4,1.0
0.525336,0.053354,sumher,70,2000,0.4,1.0
0.47215,0.053206,sumher,71,2000,0.4,1.0
0.419442,0.052819,sumher,72,2000,0.4,1.0
0.268988,0.051588,sumher,73,2000,0.4,1.0
0.440786,0.052653,sumher,74,2000,0.4,1.0
0.443995,0.052769,sumher,75,2000,0.4,1.0
0.509195,0.052853,sumher,76,2000,0.4,1.0
0.458735,0.052947,sumher,77,2000,0.4,1.0
0.419538,0.052681,sumher,78,2000,0.4,1.0
0.430058,0.052429,sumher,79,2000,0.4,1.0
0.455018,0.052924,sumher,80,2000,0.4,1.0
0.451588,0.052875,sumher,81,2000,0.4,1.0
0.40012,0.05262,sumher,82,2000,0.4,1.0
0.430555,0.053268,sumher,83,2000,0.4,1.0
0.452854,0.053198,sumher,84,2000,0.4,1.0
0.42564,0.052651,sumher,85,2000,0.4,1.0
0.396988,0.052412,sumher,86,2000,0.4,1.0
0.40302,0.052662,sumher,87,2000,0.4,1.0
0.420397,0.053061,sumher,88,2000,0.4,1.0
0.432113,0.05285,sumher,89,2000,0.4,1.0
0.337967,0.052485,sumher,90,2000,0.4,1.0
0.340879,0.052616,sumher,91,2000,0.4,1.0
0.334827,0.052515,sumher,92,2000,0.4,1.0
0.429617,0.052864,sumher,93,2000,0.4,1.0
0.339965,0.052529,sumher,94,2000,0.4,1.0
0.344015,0.052536,sumher,95,2000,0.4,1.0
0.359655,0.052065,sumher,96,2000,0.4,1.0
0.38398,0.052335,sumher,97,2000,0.4,1.0
0.417125,0.052771,sumher,98,2000,0.4,1.0
0.456774,0.052307,sumher,99,2000,0.4,1.0
0.397163,0.052028,sumher,0,20000,0.4,1.0
0.424943,0.052456,sumher,1,20000,0.4,1.0
0.405329,0.052379,sumher,2,20000,0.4,1.0
0.358434,0.05216,sumher,3,20000,0.4,1.0
0.246557,0.051157,sumher,4,20000,0.4,1.0
0.440136,0.051775,sumher,5,20000,0.4,1.0
0.34963,0.052012,sumher,6,20000,0.4,1.0
0.384462,0.05206,sumher,7,20000,0.4,1.0
0.441048,0.052712,sumher,8,20000,0.4,1.0
0.450487,0.052457,sumher,9,20000,0.4,1.0
0.400006,0.051819,sumher,10,20000,0.4,1.0
0.254346,0.051946,sumher,11,20000,0.4,1.0
0.428434,0.05214,sumher,12,20000,0.4,1.0
0.373007,0.052153,sumher,13,20000,0.4,1.0
0.401636,0.05237,sumher,14,20000,0.4,1.0
0.38359,0.052148,sumher,15,20000,0.4,1.0
0.484237,0.05286,sumher,16,20000,0.4,1.0
0.356077,0.051744,sumher,17,20000,0.4,1.0
0.514036,0.05293,sumher,18,20000,0.4,1.0
0.492765,0.05269,sumher,19,20000,0.4,1.0
0.565719,0.053369,sumher,20,20000,0.4,1.0
0.390346,0.052275,sumher,21,20000,0.4,1.0
0.490998,0.05299,sumher,22,20000,0.4,1.0
0.383238,0.052003,sumher,23,20000,0.4,1.0
0.352379,0.051755,sumher,24,20000,0.4,1.0
0.434331,0.053106,sumher,25,20000,0.4,1.0
0.382292,0.052353,sumher,26,20000,0.4,1.0
0.339951,0.052359,sumher,27,20000,0.4,1.0
0.379938,0.052067,sumher,28,20000,0.4,1.0
0.511191,0.053007,sumher,29,20000,0.4,1.0
0.335149,0.051915,sumher,30,20000,0.4,1.0
0.382306,0.052525,sumher,31,20000,0.4,1.0
0.43245,0.052737,sumher,32,20000,0.4,1.0
0.393028,0.051517,sumher,33,20000,0.4,1.0
0.364999,0.052281,sumher,34,20000,0.4,1.0
0.410271,0.052234,sumher,35,20000,0.4,1.0
0.404572,0.052754,sumher,36,20000,0.4,1.0
0.437157,0.052577,sumher,37,20000,0.4,1.0
0.412117,0.052446,sumher,38,20000,0.4,1.0
0.383389,0.052138,sumher,39,20000,0.4,1.0
0.422997,0.052491,sumher,40,20000,0.4,1.0
0.354039,0.052008,sumher,41,20000,0.4,1.0
0.418662,0.052927,sumher,42,20000,0.4,1.0
0.314164,0.051616,sumher,43,20000,0.4,1.0
0.479133,0.052862,sumher,44,20000,0.4,1.0
0.431507,0.052651,sumher,45,20000,0.4,1.0
0.439279,0.052744,sumher,46,20000,0.4,1.0
0.511344,0.053007,sumher,47,20000,0.4,1.0
0.382027,0.051885,sumher,48,20000,0.4,1.0
0.36362,0.052359,sumher,49,20000,0.4,1.0
0.376159,0.052217,sumher,50,20000,0.4,1.0
0.538265,0.05309,sumher,51,20000,0.4,1.0
0.48683,0.052681,sumher,52,20000,0.4,1.0
0.400364,0.052265,sumher,53,20000,0.4,1.0
0.540212,0.052902,sumher,54,20000,0.4,1.0
0.375635,0.051701,sumher,55,20000,0.4,1.0
0.413947,0.052667,sumher,56,20000,0.4,1.0
0.490491,0.052196,sumher,57,20000,0.4,1.0
0.491233,0.052815,sumher,58,20000,0.4,1.0
0.304299,0.051468,sumher,59,20000,0.4,1.0
0.47769,0.05276,sumher,60,20000,0.4,1.0
0.379942,0.052586,sumher,61,20000,0.4,1.0
0.413682,0.052168,sumher,62,20000,0.4,1.0
0.427439,0.052649,sumher,63,20000,0.4,1.0
0.425273,0.05205,sumher,64,20000,0.4,1.0
0.509162,0.052544,sumher,65,20000,0.4,1.0
0.376547,0.052709,sumher,66,20000,0.4,1.0
0.479006,0.052746,sumher,67,20000,0.4,1.0
0.456184,0.05277,sumher,68,20000,0.4,1.0
0.419644,0.052559,sumher,69,20000,0.4,1.0
0.51265,0.052882,sumher,70,20000,0.4,1.0
0.464304,0.052801,sumher,71,20000,0.4,1.0
0.411679,0.052382,sumher,72,20000,0.4,1.0
0.262988,0.051138,sumher,73,20000,0.4,1.0
0.432924,0.052239,sumher,74,20000,0.4,1.0
0.433414,0.052303,sumher,75,20000,0.4,1.0
0.493925,0.052359,sumher,76,20000,0.4,1.0
0.448856,0.052454,sumher,77,20000,0.4,1.0
0.410275,0.052209,sumher,78,20000,0.4,1.0
0.420396,0.051937,sumher,79,20000,0.4,1.0
0.448409,0.052568,sumher,80,20000,0.4,1.0
0.44421,0.052476,sumher,81,20000,0.4,1.0
0.393294,0.052237,sumher,82,20000,0.4,1.0
0.422182,0.052807,sumher,83,20000,0.4,1.0
0.445343,0.052806,sumher,84,20000,0.4,1.0
0.414996,0.052182,sumher,85,20000,0.4,1.0
0.388518,0.051951,sumher,86,20000,0.4,1.0
0.396096,0.052263,sumher,87,20000,0.4,1.0
0.413187,0.052628,sumher,88,20000,0.4,1.0
0.42247,0.052388,sumher,89,20000,0.4,1.0
0.331051,0.051995,sumher,90,20000,0.4,1.0
0.332659,0.052119,sumher,91,20000,0.4,1.0
0.328082,0.052068,sumher,92,20000,0.4,1.0
0.420988,0.052401,sumher,93,20000,0.4,1.0
0.332579,0.05205,sumher,94,20000,0.4,1.0
0.338494,0.052125,sumher,95,20000,0.4,1.0
0.353177,0.051654,sumher,96,20000,0.4,1.0
0.371508,0.051726,sumher,97,20000,0.4,1.0
0.4074,0.052298,sumher,98,20000,0.4,1.0
0.443006,0.0518,sumher,99,20000,0.4,1.0
0.397023,0.052018,sumher,0,50000,0.4,1.0
0.424765,0.052445,sumher,1,50000,0.4,1.0
0.405157,0.052368,sumher,2,50000,0.4,1.0
0.358305,0.052151,sumher,3,50000,0.4,1.0
0.24646,0.051146,sumher,4,50000,0.4,1.0
0.439973,0.051765,sumher,5,50000,0.4,1.0
0.349471,0.052,sumher,6,50000,0.4,1.0
0.38432,0.05205,sumher,7,50000,0.4,1.0
0.440697,0.052699,sumher,8,50000,0.4,1.0
0.450288,0.052445,sumher,9,50000,0.4,1.0
0.399854,0.051808,sumher,10,50000,0.4,1.0
0.254246,0.051935,sumher,11,50000,0.4,1.0
0.428257,0.052129,sumher,12,50000,0.4,1.0
0.372846,0.052141,sumher,13,50000,0.4,1.0
0.401438,0.052357,sumher,14,50000,0.4,1.0
0.383435,0.052136,sumher,15,50000,0.4,1.0
0.484064,0.052851,sumher,16,50000,0.4,1.0
0.355959,0.051735,sumher,17,50000,0.4,1.0
0.513815,0.052918,sumher,18,50000,0.4,1.0
0.492595,0.052681,sumher,19,50000,0.4,1.0
0.565488,0.053358,sumher,20,50000,0.4,1.0
0.390154,0.052263,sumher,21,50000,0.4,1.0
0.490806,0.052979,sumher,22,50000,0.4,1.0
0.383102,0.051993,sumher,23,50000,0.4,1.0
0.352242,0.051744,sumher,24,50000,0.4,1.0
0.43417,0.053096,sumher,25,50000,0.4,1.0
0.382124,0.052341,sumher,26,50000,0.4,1.0
0.339831,0.052348,sumher,27,50000,0.4,1.0
0.3798,0.052057,sumher,28,50000,0.4,1.0
0.511014,0.052997,sumher,29,50000,0.4,1.0
0.335038,0.051905,sumher,30,50000,0.4,1.0
0.382175,0.052516,sumher,31,50000,0.4,1.0
0.432269,0.052725,sumher,32,50000,0.4,1.0
0.392868,0.051506,sumher,33,50000,0.4,1.0
0.364866,0.052271,sumher,34,50000,0.4,1.0
0.410101,0.052223,sumher,35,50000,0.4,1.0
0.404392,0.052742,sumher,36,50000,0.4,1.0
0.436974,0.052566,sumher,37,50000,0.4,1.0
0.411945,0.052435,sumher,38,50000,0.4,1.0
0.383214,0.052126,sumher,39,50000,0.4,1.0
0.422847,0.052482,sumher,40,50000,0.4,1.0
0.353893,0.051996,sumher,41,50000,0.4,1.0
0.418457,0.052914,sumher,42,50000,0.4,1.0
0.313977,0.051605,sumher,43,50000,0.4,1.0
0.478942,0.05285,sumher,44,50000,0.4,1.0
0.431405,0.052641,sumher,45,50000,0.4,1.0
0.439106,0.052733,sumher,46,50000,0.4,1.0
0.511118,0.052995,sumher,47,50000,0.4,1.0
0.381853,0.051872,sumher,48,50000,0.4,1.0
0.363484,0.052348,sumher,49,50000,0.4,1.0
0.376048,0.052208,sumher,50,50000,0.4,1.0
0.538086,0.053081,sumher,51,50000,0.4,1.0
0.486624,0.052669,sumher,52,50000,0.4,1.0
0.4002,0.052253,sumher,53,50000,0.4,1.0
0.539991,0.05289,sumher,54,50000,0.4,1.0
0.375495,0.051691,sumher,55,50000,0.4,1.0
0.413751,0.052655,sumher,56,50000,0.4,1.0
0.490271,0.052183,sumher,57,50000,0.4,1.0
0.491043,0.052805,sumher,58,50000,0.4,1.0
0.304189,0.051458,sumher,59,50000,0.4,1.0
0.477529,0.05275,sumher,60,50000,0.4,1.0
0.379779,0.052574,sumher,61,50000,0.4,1.0
0.41354,0.052159,sumher,62,50000,0.4,1.0
0.427285,0.052639,sumher,63,50000,0.4,1.0
0.425086,0.052038,sumher,64,50000,0.4,1.0
0.508951,0.052533,sumher,65,50000,0.4,1.0
0.376407,0.052699,sumher,66,50000,0.4,1.0
0.478814,0.052735,sumher,67,50000,0.4,1.0
0.455971,0.052757,sumher,68,50000,0.4,1.0
0.419497,0.05255,sumher,69,50000,0.4,1.0
0.512407,0.052869,sumher,70,50000,0.4,1.0
0.464132,0.052791,sumher,71,50000,0.4,1.0
0.4115,0.05237,sumher,72,50000,0.4,1.0
0.262891,0.051128,sumher,73,50000,0.4,1.0
0.432745,0.052227,sumher,74,50000,0.4,1.0
0.433224,0.052292,sumher,75,50000,0.4,1.0
0.493733,0.052349,sumher,76,50000,0.4,1.0
0.448668,0.052442,sumher,77,50000,0.4,1.0
0.410107,0.052198,sumher,78,50000,0.4,1.0
0.420244,0.051926,sumher,79,50000,0.4,1.0
0.448199,0.052556,sumher,80,50000,0.4,1.0
0.444012,0.052464,sumher,81,50000,0.4,1.0
0.393148,0.052226,sumher,82,50000,0.4,1.0
0.422009,0.052796,sumher,83,50000,0.4,1.0
0.445152,0.052794,sumher,84,50000,0.4,1.0
0.41481,0.05217,sumher,85,50000,0.4,1.0
0.388352,0.05194,sumher,86,50000,0.4,1.0
0.395928,0.052252,sumher,87,50000,0.4,1.0
0.413011,0.052617,sumher,88,50000,0.4,1.0
0.42229,0.052377,sumher,89,50000,0.4,1.0
0.330912,0.051984,sumher,90,50000,0.4,1.0
0.332529,0.052108,sumher,91,50000,0.4,1.0
0.327945,0.052057,sumher,92,50000,0.4,1.0
0.42081,0.052389,sumher,93,50000,0.4,1.0
0.332432,0.052038,sumher,94,50000,0.4,1.0
0.338337,0.052113,sumher,95,50000,0.4,1.0
0.353022,0.051642,sumher,96,50000,0.4,1.0
0.371366,0.051715,sumher,97,50000,0.4,1.0
0.400245,0.052232,sumher,98,50000,0.4,1.0
0.442841,0.05179,sumher,99,50000,0.4,1.0
0.475151,0.053132,sumher,0,2000,0.4,0.1
0.393586,0.052545,sumher,1,2000,0.4,0.1
0.456006,0.053124,sumher,2,2000,0.4,0.1
0.414799,0.052639,sumher,3,2000,0.4,0.1
0.460116,0.051906,sumher,4,2000,0.4,0.1
0.405932,0.052858,sumher,5,2000,0.4,0.1
0.414094,0.053114,sumher,6,2000,0.4,0.1
0.410992,0.053042,sumher,7,2000,0.4,0.1
0.411035,0.052539,sumher,8,2000,0.4,0.1
0.470682,0.053066,sumher,9,2000,0.4,0.1
0.405689,0.053087,sumher,10,2000,0.4,0.1
0.492044,0.053067,sumher,11,2000,0.4,0.1
0.437235,0.052663,sumher,12,2000,0.4,0.1
0.386584,0.052976,sumher,13,2000,0.4,0.1
0.423551,0.052078,sumher,14,2000,0.4,0.1
0.35205,0.05236,sumher,15,2000,0.4,0.1
0.422314,0.052755,sumher,16,2000,0.4,0.1
0.361268,0.052101,sumher,17,2000,0.4,0.1
0.446451,0.052963,sumher,18,2000,0.4,0.1
0.356928,0.05259,sumher,19,2000,0.4,0.1
0.389347,0.052631,sumher,20,2000,0.4,0.1
0.4502,0.053246,sumher,21,2000,0.4,0.1
0.465785,0.053102,sumher,22,2000,0.4,0.1
0.354502,0.051917,sumher,23,2000,0.4,0.1
0.41083,0.052619,sumher,24,2000,0.4,0.1
0.43223,0.052907,sumher,25,2000,0.4,0.1
0.366826,0.052364,sumher,26,2000,0.4,0.1
0.359896,0.053049,sumher,27,2000,0.4,0.1
0.378949,0.052918,sumher,28,2000,0.4,0.1
0.329235,0.05265,sumher,29,2000,0.4,0.1
0.402276,0.05278,sumher,30,2000,0.4,0.1
0.490411,0.053394,sumher,31,2000,0.4,0.1
0.406704,0.053016,sumher,32,2000,0.4,0.1
0.557533,0.053387,sumher,33,2000,0.4,0.1
0.408096,0.052319,sumher,34,2000,0.4,0.1
0.508339,0.053113,sumher,35,2000,0.4,0.1
0.484904,0.052965,sumher,36,2000,0.4,0.1
0.530401,0.053647,sumher,37,2000,0.4,0.1
0.430971,0.052753,sumher,38,2000,0.4,0.1
0.293961,0.052298,sumher,39,2000,0.4,0.1
0.436737,0.052879,sumher,40,2000,0.4,0.1
0.471362,0.053002,sumher,41,2000,0.4,0.1
0.288058,0.051861,sumher,42,2000,0.4,0.1
0.315389,0.052429,sumher,43,2000,0.4,0.1
0.335337,0.052296,sumher,44,2000,0.4,0.1
0.536925,0.053337,sumher,45,2000,0.4,0.1
0.319454,0.052635,sumher,46,2000,0.4,0.1
0.407028,0.052656,sumher,47,2000,0.4,0.1
0.412808,0.052001,sumher,48,2000,0.4,0.1
0.424228,0.052679,sumher,49,2000,0.4,0.1
0.453305,0.052753,sumher,50,2000,0.4,0.1
0.399667,0.052992,sumher,51,2000,0.4,0.1
0.378476,0.052754,sumher,52,2000,0.4,0.1
0.385067,0.052719,sumher,53,2000,0.4,0.1
0.406827,0.052974,sumher,54,2000,0.4,0.1
0.424092,0.052825,sumher,55,2000,0.4,0.1
0.40952,0.052793,sumher,56,2000,0.4,0.1
0.450805,0.053005,sumher,57,2000,0.4,0.1
0.462821,0.053121,sumher,58,2000,0.4,0.1
0.343561,0.052342,sumher,59,2000,0.4,0.1
0.42684,0.053038,sumher,60,2000,0.4,0.1
0.385522,0.05327,sumher,61,2000,0.4,0.1
0.372904,0.052438,sumher,62,2000,0.4,0.1
0.467106,0.052913,sumher,63,2000,0.4,0.1
0.405947,0.053177,sumher,64,2000,0.4,0.1
0.447797,0.053114,sumher,65,2000,0.4,0.1
0.523426,0.053134,sumher,66,2000,0.4,0.1
0.418108,0.052694,sumher,67,2000,0.4,0.1
0.350931,0.052976,sumher,68,2000,0.4,0.1
0.322667,0.052228,sumher,69,2000,0.4,0.1
0.429109,0.052597,sumher,70,2000,0.4,0.1
0.474217,0.053015,sumher,71,2000,0.4,0.1
0.337942,0.052808,sumher,72,2000,0.4,0.1
0.376592,0.052709,sumher,73,2000,0.4,0.1
0.362757,0.052617,sumher,74,2000,0.4,0.1
0.433812,0.052898,sumher,75,2000,0.4,0.1
0.335579,0.052614,sumher,76,2000,0.4,0.1
0.480205,0.052647,sumher,77,2000,0.4,0.1
0.497995,0.052742,sumher,78,2000,0.4,0.1
0.458149,0.052929,sumher,79,2000,0.4,0.1
0.45533,0.05315,sumher,80,2000,0.4,0.1
0.433974,0.053236,sumher,81,2000,0.4,0.1
0.423406,0.052709,sumher,82,2000,0.4,0.1
0.486533,0.052742,sumher,83,2000,0.4,0.1
0.409723,0.053091,sumher,84,2000,0.4,0.1
0.495656,0.053456,sumher,85,2000,0.4,0.1
0.452935,0.052415,sumher,86,2000,0.4,0.1
0.513735,0.052942,sumher,87,2000,0.4,0.1
0.498626,0.053318,sumher,88,2000,0.4,0.1
0.405621,0.052838,sumher,89,2000,0.4,0.1
0.394483,0.052764,sumher,90,2000,0.4,0.1
0.341404,0.052629,sumher,91,2000,0.4,0.1
0.432577,0.052698,sumher,92,2000,0.4,0.1
0.278456,0.0521,sumher,93,2000,0.4,0.1
0.49215,0.053302,sumher,94,2000,0.4,0.1
0.403066,0.052948,sumher,95,2000,0.4,0.1
0.53821,0.053514,sumher,96,2000,0.4,0.1
0.389841,0.052159,sumher,97,2000,0.4,0.1
0.413267,0.052825,sumher,98,2000,0.4,0.1
0.433135,0.05267,sumher,99,2000,0.4,0.1
0.467003,0.052696,sumher,0,20000,0.4,0.1
0.386595,0.052122,sumher,1,20000,0.4,0.1
0.448059,0.052718,sumher,2,20000,0.4,0.1
0.404389,0.052134,sumher,3,20000,0.4,0.1
0.441757,0.051408,sumher,4,20000,0.4,0.1
0.397453,0.052399,sumher,5,20000,0.4,0.1
0.407202,0.0527,sumher,6,20000,0.4,0.1
0.402812,0.052604,sumher,7,20000,0.4,0.1
0.399787,0.052059,sumher,8,20000,0.4,0.1
0.462388,0.05265,sumher,9,20000,0.4,0.1
0.398609,0.052664,sumher,10,20000,0.4,0.1
0.477924,0.052612,sumher,11,20000,0.4,0.1
0.427578,0.052229,sumher,12,20000,0.4,0.1
0.378839,0.052555,sumher,13,20000,0.4,0.1
0.410501,0.051604,sumher,14,20000,0.4,0.1
0.343153,0.051847,sumher,15,20000,0.4,0.1
0.412367,0.0523,sumher,16,20000,0.4,0.1
0.352836,0.051634,sumher,17,20000,0.4,0.1
0.438394,0.05253,sumher,18,20000,0.4,0.1
0.351774,0.052232,sumher,19,20000,0.4,0.1
0.382776,0.052228,sumher,20,20000,0.4,0.1
0.441753,0.052798,sumher,21,20000,0.4,0.1
0.459505,0.052769,sumher,22,20000,0.4,0.1
0.341514,0.051294,sumher,23,20000,0.4,0.1
0.403078,0.052171,sumher,24,20000,0.4,0.1
0.424131,0.052478,sumher,25,20000,0.4,0.1
0.359219,0.051893,sumher,26,20000,0.4,0.1
0.352636,0.052601,sumher,27,20000,0.4,0.1
0.372197,0.05253,sumher,28,20000,0.4,0.1
0.322656,0.052197,sumher,29,20000,0.4,0.1
0.395256,0.052379,sumher,30,20000,0.4,0.1
0.480394,0.052912,sumher,31,20000,0.4,0.1
0.398544,0.052549,sumher,32,20000,0.4,0.1
0.546281,0.052961,sumher,33,20000,0.4,0.1
0.393993,0.05181,sumher,34,20000,0.4,0.1
0.493392,0.052584,sumher,35,20000,0.4,0.1
0.47025,0.052449,sumher,36,20000,0.4,0.1
0.520339,0.053201,sumher,37,20000,0.4,0.1
0.421463,0.052264,sumher,38,20000,0.4,0.1
0.2892,0.051906,sumher,39,20000,0.4,0.1
0.427928,0.05243,sumher,40,20000,0.4,0.1
0.460574,0.052578,sumher,41,20000,0.4,0.1
0.282515,0.05141,sumher,42,20000,0.4,0.1
0.30976,0.052002,sumher,43,20000,0.4,0.1
0.329014,0.051874,sumher,44,20000,0.4,0.1
0.526039,0.052875,sumher,45,20000,0.4,0.1
0.312065,0.052148,sumher,46,20000,0.4,0.1
0.399571,0.052238,sumher,47,20000,0.4,0.1
0.39779,0.05148,sumher,48,20000,0.4,0.1
0.413768,0.052187,sumher,49,20000,0.4,0.1
0.445019,0.052371,sumher,50,20000,0.4,0.1
0.391535,0.052571,sumher,51,20000,0.4,0.1
0.3695,0.052288,sumher,52,20000,0.4,0.1
0.377207,0.052266,sumher,53,20000,0.4,0.1
0.396561,0.052541,sumher,54,20000,0.4,0.1
0.416537,0.052409,sumher,55,20000,0.4,0.1
0.398737,0.0523,sumher,56,20000,0.4,0.1
0.441495,0.052534,sumher,57,20000,0.4,0.1
0.451032,0.052611,sumher,58,20000,0.4,0.1
0.337407,0.051927,sumher,59,20000,0.4,0.1
0.41648,0.052617,sumher,60,20000,0.4,0.1
0.379298,0.052875,sumher,61,20000,0.4,0.1
0.364264,0.051958,sumher,62,20000,0.4,0.1
0.457659,0.052462,sumher,63,20000,0.4,0.1
0.397479,0.052722,sumher,64,20000,0.4,0.1
0.438872,0.052652,sumher,65,20000,0.4,0.1
0.51092,0.052635,sumher,66,20000,0.4,0.1
0.408946,0.052264,sumher,67,20000,0.4,0.1
0.344727,0.052538,sumher,68,20000,0.4,0.1
0.316081,0.051789,sumher,69,20000,0.4,0.1
0.418344,0.052058,sumher,70,20000,0.4,0.1
0.464995,0.052588,sumher,71,20000,0.4,0.1
0.331861,0.052377,sumher,72,20000,0.4,0.1
0.369162,0.052273,sumher,73,20000,0.4,0.1
0.354931,0.052149,sumher,74,20000,0.4,0.1
0.424382,0.052447,sumher,75,20000,0.4,0.1
0.329094,0.052147,sumher,76,20000,0.4,0.1
0.469689,0.052179,sumher,77,20000,0.4,0.1
0.486835,0.052275,sumher,78,20000,0.4,0.1
0.448333,0.052478,sumher,79,20000,0.4,0.1
0.445674,0.052659,sumher,80,20000,0.4,0.1
0.426538,0.052835,sumher,81,20000,0.4,0.1
0.413696,0.052272,sumher,82,20000,0.4,0.1
0.471319,0.052227,sumher,83,20000,0.4,0.1
0.401718,0.052618,sumher,84,20000,0.4,0.1
0.48753,0.053046,sumher,85,20000,0.4,0.1
0.441364,0.051941,sumher,86,20000,0.4,0.1
0.498832,0.052402,sumher,87,20000,0.4,0.1
0.489218,0.052908,sumher,88,20000,0.4,0.1
0.39429,0.05236,sumher,89,20000,0.4,0.1
0.388046,0.052386,sumher,90,20000,0.4,0.1
0.335859,0.052238,sumher,91,20000,0.4,0.1
0.422995,0.05226,sumher,92,20000,0.4,0.1
0.271955,0.051617,sumher,93,20000,0.4,0.1
0.482607,0.052867,sumher,94,20000,0.4,0.1
0.395264,0.052499,sumher,95,20000,0.4,0.1
0.529386,0.05313,sumher,96,20000,0.4,0.1
0.382131,0.051744,sumher,97,20000,0.4,0.1
0.405139,0.052384,sumher,98,20000,0.4,0.1
0.422553,0.052207,sumher,99,20000,0.4,0.1
0.466808,0.052685,sumher,0,50000,0.4,0.1
0.386449,0.052111,sumher,1,50000,0.4,0.1
0.447866,0.052707,sumher,2,50000,0.4,0.1
0.404244,0.052123,sumher,3,50000,0.4,0.1
0.441584,0.051397,sumher,4,50000,0.4,0.1
0.397264,0.052387,sumher,5,50000,0.4,0.1
0.407013,0.052687,sumher,6,50000,0.4,0.1
0.402619,0.05259,sumher,7,50000,0.4,0.1
0.399631,0.052048,sumher,8,50000,0.4,0.1
0.462191,0.052638,sumher,9,50000,0.4,0.1
0.398466,0.052654,sumher,10,50000,0.4,0.1
0.477748,0.052601,sumher,11,50000,0.4,0.1
0.427442,0.05222,sumher,12,50000,0.4,0.1
0.378669,0.052543,sumher,13,50000,0.4,0.1
0.410331,0.051593,sumher,14,50000,0.4,0.1
0.343018,0.051836,sumher,15,50000,0.4,0.1
0.412194,0.052288,sumher,16,50000,0.4,0.1
0.352687,0.051622,sumher,17,50000,0.4,0.1
0.438204,0.052518,sumher,18,50000,0.4,0.1
0.351477,0.052219,sumher,19,50000,0.4,0.1
0.382637,0.052219,sumher,20,50000,0.4,0.1
0.441588,0.052787,sumher,21,50000,0.4,0.1
0.459303,0.052757,sumher,22,50000,0.4,0.1
0.341377,0.051284,sumher,23,50000,0.4,0.1
0.40292,0.05216,sumher,24,50000,0.4,0.1
0.423944,0.052467,sumher,25,50000,0.4,0.1
0.359051,0.051881,sumher,26,50000,0.4,0.1
0.35251,0.052589,sumher,27,50000,0.4,0.1
0.372048,0.052518,sumher,28,50000,0.4,0.1
0.322531,0.052187,sumher,29,50000,0.4,0.1
0.395119,0.052369,sumher,30,50000,0.4,0.1
0.480162,0.052901,sumher,31,50000,0.4,0.1
0.398377,0.052538,sumher,32,50000,0.4,0.1
0.546049,0.052949,sumher,33,50000,0.4,0.1
0.393831,0.051798,sumher,34,50000,0.4,0.1
0.493174,0.052571,sumher,35,50000,0.4,0.1
0.470061,0.052437,sumher,36,50000,0.4,0.1
0.520097,0.053188,sumher,37,50000,0.4,0.1
0.421309,0.052254,sumher,38,50000,0.4,0.1
0.289063,0.051894,sumher,39,50000,0.4,0.1
0.427707,0.052417,sumher,40,50000,0.4,0.1
0.460403,0.052567,sumher,41,50000,0.4,0.1
0.28241,0.0514,sumher,42,50000,0.4,0.1
0.309634,0.051991,sumher,43,50000,0.4,0.1
0.328863,0.051862,sumher,44,50000,0.4,0.1
0.525843,0.052864,sumher,45,50000,0.4,0.1
0.31193,0.052136,sumher,46,50000,0.4,0.1
0.399365,0.052224,sumher,47,50000,0.4,0.1
0.397648,0.051469,sumher,48,50000,0.4,0.1
0.413586,0.052175,sumher,49,50000,0.4,0.1
0.444848,0.05236,sumher,50,50000,0.4,0.1
0.391371,0.05256,sumher,51,50000,0.4,0.1
0.369343,0.052277,sumher,52,50000,0.4,0.1
0.377046,0.052254,sumher,53,50000,0.4,0.1
0.396403,0.05253,sumher,54,50000,0.4,0.1
0.416352,0.052397,sumher,55,50000,0.4,0.1
0.398582,0.052289,sumher,56,50000,0.4,0.1
0.441305,0.052523,sumher,57,50000,0.4,0.1
0.450839,0.0526,sumher,58,50000,0.4,0.1
0.3373,0.051918,sumher,59,50000,0.4,0.1
0.416315,0.052606,sumher,60,50000,0.4,0.1
0.379152,0.052865,sumher,61,50000,0.4,0.1
0.364123,0.051947,sumher,62,50000,0.4,0.1
0.45746,0.05245,sumher,63,50000,0.4,0.1
0.397304,0.05271,sumher,64,50000,0.4,0.1
0.438697,0.052642,sumher,65,50000,0.4,0.1
0.510695,0.052622,sumher,66,50000,0.4,0.1
0.408811,0.052255,sumher,67,50000,0.4,0.1
0.344614,0.052529,sumher,68,50000,0.4,0.1
0.315982,0.05178,sumher,69,50000,0.4,0.1
0.418155,0.052045,sumher,70,50000,0.4,0.1
0.464828,0.052578,sumher,71,50000,0.4,0.1
0.331729,0.052366,sumher,72,50000,0.4,0.1
0.369,0.052262,sumher,73,50000,0.4,0.1
0.354798,0.052138,sumher,74,50000,0.4,0.1
0.424214,0.052436,sumher,75,50000,0.4,0.1
0.328962,0.052136,sumher,76,50000,0.4,0.1
0.469478,0.052167,sumher,77,50000,0.4,0.1
0.486664,0.052266,sumher,78,50000,0.4,0.1
0.448177,0.052468,sumher,79,50000,0.4,0.1
0.4455,0.052648,sumher,80,50000,0.4,0.1
0.426354,0.052824,sumher,81,50000,0.4,0.1
0.413514,0.05226,sumher,82,50000,0.4,0.1
0.471128,0.052216,sumher,83,50000,0.4,0.1
0.401544,0.052606,sumher,84,50000,0.4,0.1
0.487348,0.053036,sumher,85,50000,0.4,0.1
0.441182,0.05193,sumher,86,50000,0.4,0.1
0.498657,0.052393,sumher,87,50000,0.4,0.1
0.488992,0.052895,sumher,88,50000,0.4,0.1
0.394129,0.052349,sumher,89,50000,0.4,0.1
0.387877,0.052375,sumher,90,50000,0.4,0.1
0.335725,0.052226,sumher,91,50000,0.4,0.1
0.422845,0.05225,sumher,92,50000,0.4,0.1
0.271863,0.051607,sumher,93,50000,0.4,0.1
0.482419,0.052856,sumher,94,50000,0.4,0.1
0.39509,0.052487,sumher,95,50000,0.4,0.1
0.529163,0.053118,sumher,96,50000,0.4,0.1
0.381971,0.051733,sumher,97,50000,0.4,0.1
0.404962,0.052372,sumher,98,50000,0.4,0.1
0.422365,0.052194,sumher,99,50000,0.4,0.1
0.463252,0.052967,sumher,0,2000,0.4,0.01
0.368873,0.052538,sumher,1,2000,0.4,0.01
0.437091,0.053252,sumher,2,2000,0.4,0.01
0.518897,0.053697,sumher,3,2000,0.4,0.01
0.53611,0.053922,sumher,4,2000,0.4,0.01
0.340014,0.052875,sumher,5,2000,0.4,0.01
0.417989,0.052669,sumher,6,2000,0.4,0.01
0.278905,0.052057,sumher,7,2000,0.4,0.01
0.404204,0.052919,sumher,8,2000,0.4,0.01
0.431286,0.05216,sumher,9,2000,0.4,0.01
0.510736,0.053719,sumher,10,2000,0.4,0.01
0.428831,0.052403,sumher,11,2000,0.4,0.01
0.350732,0.052511,sumher,12,2000,0.4,0.01
0.382866,0.052176,sumher,13,2000,0.4,0.01
0.447094,0.05298,sumher,14,2000,0.4,0.01
0.409224,0.052392,sumher,15,2000,0.4,0.01
0.385172,0.052187,sumher,16,2000,0.4,0.01
0.457036,0.053349,sumher,17,2000,0.4,0.01
0.393774,0.05242,sumher,18,2000,0.4,0.01
0.356046,0.052391,sumher,19,2000,0.4,0.01
0.492728,0.053503,sumher,20,2000,0.4,0.01
0.283908,0.052427,sumher,21,2000,0.4,0.01
0.417678,0.052724,sumher,22,2000,0.4,0.01
0.429602,0.052958,sumher,23,2000,0.4,0.01
0.445487,0.053122,sumher,24,2000,0.4,0.01
0.559507,0.053732,sumher,25,2000,0.4,0.01
0.515686,0.052159,sumher,26,2000,0.4,0.01
0.410139,0.052296,sumher,27,2000,0.4,0.01
0.443891,0.05284,sumher,28,2000,0.4,0.01
0.489237,0.053325,sumher,29,2000,0.4,0.01
0.41002,0.053037,sumher,30,2000,0.4,0.01
0.485153,0.052354,sumher,31,2000,0.4,0.01
0.433322,0.052901,sumher,32,2000,0.4,0.01
0.440257,0.05276,sumher,33,2000,0.4,0.01
0.40482,0.052615,sumher,34,2000,0.4,0.01
0.415574,0.05273,sumher,35,2000,0.4,0.01
0.452619,0.053158,sumher,36,2000,0.4,0.01
0.417445,0.052654,sumher,37,2000,0.4,0.01
0.394284,0.052436,sumher,38,2000,0.4,0.01
0.410751,0.052542,sumher,39,2000,0.4,0.01
0.435502,0.052941,sumher,40,2000,0.4,0.01
0.379588,0.052648,sumher,41,2000,0.4,0.01
0.387303,0.052193,sumher,42,2000,0.4,0.01
0.39304,0.052294,sumher,43,2000,0.4,0.01
0.33897,0.052155,sumher,44,2000,0.4,0.01
0.426986,0.053056,sumher,45,2000,0.4,0.01
0.416991,0.052481,sumher,46,2000,0.4,0.01
0.45091,0.053099,sumher,47,2000,0.4,0.01
0.43537,0.052952,sumher,48,2000,0.4,0.01
0.342289,0.052139,sumher,49,2000,0.4,0.01
0.391426,0.052683,sumher,50,2000,0.4,0.01
0.463523,0.052898,sumher,51,2000,0.4,0.01
0.472611,0.052968,sumher,52,2000,0.4,0.01
0.457746,0.052476,sumher,53,2000,0.4,0.01
0.486975,0.052985,sumher,54,2000,0.4,0.01
0.452049,0.052447,sumher,55,2000,0.4,0.01
0.403457,0.052879,sumher,56,2000,0.4,0.01
0.444948,0.052873,sumher,57,2000,0.4,0.01
0.399812,0.05259,sumher,58,2000,0.4,0.01
0.438481,0.05272,sumher,59,2000,0.4,0.01
0.429223,0.053113,sumher,60,2000,0.4,0.01
0.334176,0.052404,sumher,61,2000,0.4,0.01
0.489175,0.052718,sumher,62,2000,0.4,0.01
0.428095,0.053194,sumher,63,2000,0.4,0.01
0.388571,0.052783,sumher,64,2000,0.4,0.01
0.406487,0.052603,sumher,65,2000,0.4,0.01
0.348536,0.052609,sumher,66,2000,0.4,0.01
0.547203,0.053238,sumher,67,2000,0.4,0.01
0.497094,0.053484,sumher,68,2000,0.4,0.01
0.425091,0.052906,sumher,69,2000,0.4,0.01
0.451241,0.053116,sumher,70,2000,0.4,0.01
0.497836,0.05364,sumher,71,2000,0.4,0.01
0.49108,0.053239,sumher,72,2000,0.4,0.01
0.389738,0.052818,sumher,73,2000,0.4,0.01
0.376365,0.052447,sumher,74,2000,0.4,0.01
0.39758,0.05283,sumher,75,2000,0.4,0.01
0.362368,0.052435,sumher,76,2000,0.4,0.01
0.401309,0.052566,sumher,77,2000,0.4,0.01
0.509686,0.053259,sumher,78,2000,0.4,0.01
0.485556,0.053094,sumher,79,2000,0.4,0.01
0.357795,0.051057,sumher,80,2000,0.4,0.01
0.437763,0.052861,sumher,81,2000,0.4,0.01
0.383175,0.052992,sumher,82,2000,0.4,0.01
0.424305,0.053241,sumher,83,2000,0.4,0.01
0.391795,0.053213,sumher,84,2000,0.4,0.01
0.460835,0.05363,sumher,85,2000,0.4,0.01
0.398232,0.052558,sumher,86,2000,0.4,0.01
0.32309,0.052433,sumher,87,2000,0.4,0.01
0.391282,0.052516,sumher,88,2000,0.4,0.01
0.432474,0.053424,sumher,89,2000,0.4,0.01
0.489139,0.053449,sumher,90,2000,0.4,0.01
0.482767,0.052795,sumher,91,2000,0.4,0.01
0.408383,0.052617,sumher,92,2000,0.4,0.01
0.423333,0.053,sumher,93,2000,0.4,0.01
0.433059,0.052674,sumher,94,2000,0.4,0.01
0.52024,0.053388,sumher,95,2000,0.4,0.01
0.354794,0.052222,sumher,96,2000,0.4,0.01
0.496668,0.053306,sumher,97,2000,0.4,0.01
0.48195,0.052546,sumher,98,2000,0.4,0.01
0.497399,0.053274,sumher,99,2000,0.4,0.01
0.454637,0.052526,sumher,0,20000,0.4,0.01
0.361507,0.052086,sumher,1,20000,0.4,0.01
0.429258,0.052826,sumher,2,20000,0.4,0.01
0.509704,0.053279,sumher,3,20000,0.4,0.01
0.525976,0.053525,sumher,4,20000,0.4,0.01
0.333643,0.052423,sumher,5,20000,0.4,0.01
0.4094,0.052185,sumher,6,20000,0.4,0.01
0.269963,0.051443,sumher,7,20000,0.4,0.01
0.394665,0.052436,sumher,8,20000,0.4,0.01
0.418483,0.05159,sumher,9,20000,0.4,0.01
0.502787,0.053344,sumher,10,20000,0.4,0.01
0.421104,0.051989,sumher,11,20000,0.4,0.01
0.345139,0.052132,sumher,12,20000,0.4,0.01
0.372772,0.051643,sumher,13,20000,0.4,0.01
0.437665,0.05255,sumher,14,20000,0.4,0.01
0.399938,0.051895,sumher,15,20000,0.4,0.01
0.374699,0.051665,sumher,16,20000,0.4,0.01
0.447854,0.052913,sumher,17,20000,0.4,0.01
0.385275,0.051904,sumher,18,20000,0.4,0.01
0.347607,0.0519,sumher,19,20000,0.4,0.01
0.484156,0.053086,sumher,20,20000,0.4,0.01
0.278941,0.05199,sumher,21,20000,0.4,0.01
0.407562,0.052278,sumher,22,20000,0.4,0.01
0.421139,0.052532,sumher,23,20000,0.4,0.01
0.437983,0.052712,sumher,24,20000,0.4,0.01
0.547722,0.0533,sumher,25,20000,0.4,0.01
0.493924,0.051615,sumher,26,20000,0.4,0.01
0.399552,0.051783,sumher,27,20000,0.4,0.01
0.434382,0.052403,sumher,28,20000,0.4,0.01
0.480073,0.052885,sumher,29,20000,0.4,0.01
0.400866,0.052556,sumher,30,20000,0.4,0.01
0.471655,0.051857,sumher,31,20000,0.4,0.01
0.420474,0.052416,sumher,32,20000,0.4,0.01
0.432598,0.052343,sumher,33,20000,0.4,0.01
0.397586,0.052224,sumher,34,20000,0.4,0.01
0.404537,0.052223,sumher,35,20000,0.4,0.01
0.444904,0.052753,sumher,36,20000,0.4,0.01
0.408969,0.052207,sumher,37,20000,0.4,0.01
0.38471,0.051986,sumher,38,20000,0.4,0.01
0.400469,0.052085,sumher,39,20000,0.4,0.01
0.428917,0.052566,sumher,40,20000,0.4,0.01
0.373756,0.052272,sumher,41,20000,0.4,0.01
0.375802,0.051689,sumher,42,20000,0.4,0.01
0.386045,0.05186,sumher,43,20000,0.4,0.01
0.329558,0.051601,sumher,44,20000,0.4,0.01
0.420254,0.052691,sumher,45,20000,0.4,0.01
0.407239,0.052074,sumher,46,20000,0.4,0.01
0.442117,0.052672,sumher,47,20000,0.4,0.01
0.42846,0.052562,sumher,48,20000,0.4,0.01
0.328987,0.051416,sumher,49,20000,0.4,0.01
0.383385,0.052223,sumher,50,20000,0.4,0.01
0.452955,0.052475,sumher,51,20000,0.4,0.01
0.463017,0.052484,sumher,52,20000,0.4,0.01
0.444938,0.052,sumher,53,20000,0.4,0.01
0.476858,0.05252,sumher,54,20000,0.4,0.01
0.439965,0.051965,sumher,55,20000,0.4,0.01
0.41364,0.052606,sumher,56,20000,0.4,0.01
0.435896,0.052399,sumher,57,20000,0.4,0.01
0.391634,0.052184,sumher,58,20000,0.4,0.01
0.429861,0.052268,sumher,59,20000,0.4,0.01
0.420415,0.052654,sumher,60,20000,0.4,0.01
0.328122,0.051978,sumher,61,20000,0.4,0.01
0.473812,0.052248,sumher,62,20000,0.4,0.01
0.419197,0.052721,sumher,63,20000,0.4,0.01
0.382091,0.052385,sumher,64,20000,0.4,0.01
0.397222,0.052086,sumher,65,20000,0.4,0.01
0.341673,0.052196,sumher,66,20000,0.4,0.01
0.534415,0.052747,sumher,67,20000,0.4,0.01
0.48727,0.05302,sumher,68,20000,0.4,0.01
0.415416,0.052391,sumher,69,20000,0.4,0.01
0.442603,0.052694,sumher,70,20000,0.4,0.01
0.488912,0.053234,sumher,71,20000,0.4,0.01
0.482983,0.052847,sumher,72,20000,0.4,0.01
0.383101,0.052392,sumher,73,20000,0.4,0.01
0.368055,0.051974,sumher,74,20000,0.4,0.01
0.389613,0.052395,sumher,75,20000,0.4,0.01
0.354877,0.051986,sumher,76,20000,0.4,0.01
0.393636,0.052122,sumher,77,20000,0.4,0.01
0.500024,0.052907,sumher,78,20000,0.4,0.01
0.473802,0.052621,sumher,79,20000,0.4,0.01
0.346139,0.050582,sumher,80,20000,0.4,0.01
0.427133,0.052388,sumher,81,20000,0.4,0.01
0.377507,0.052621,sumher,82,20000,0.4,0.01
0.416891,0.052828,sumher,83,20000,0.4,0.01
0.384702,0.052767,sumher,84,20000,0.4,0.01
0.450989,0.053131,sumher,85,20000,0.4,0.01
0.38808,0.052049,sumher,86,20000,0.4,0.01
0.316137,0.05197,sumher,87,20000,0.4,0.01
0.383638,0.052089,sumher,88,20000,0.4,0.01
0.425381,0.053018,sumher,89,20000,0.4,0.01
0.480973,0.053058,sumher,90,20000,0.4,0.01
0.468068,0.052294,sumher,91,20000,0.4,0.01
0.40135,0.052196,sumher,92,20000,0.4,0.01
0.414669,0.05254,sumher,93,20000,0.4,0.01
0.419675,0.05209,sumher,94,20000,0.4,0.01
0.510351,0.052924,sumher,95,20000,0.4,0.01
0.34455,0.051716,sumher,96,20000,0.4,0.01
0.489466,0.052972,sumher,97,20000,0.4,0.01
0.463436,0.05198,sumher,98,20000,0.4,0.01
0.487122,0.052824,sumher,99,20000,0.4,0.01
0.454473,0.052515,sumher,0,50000,0.4,0.01
0.361355,0.052074,sumher,1,50000,0.4,0.01
0.42908,0.052814,sumher,2,50000,0.4,0.01
0.509509,0.053268,sumher,3,50000,0.4,0.01
0.525747,0.053512,sumher,4,50000,0.4,0.01
0.333518,0.052412,sumher,5,50000,0.4,0.01
0.409211,0.052172,sumher,6,50000,0.4,0.01
0.269869,0.051433,sumher,7,50000,0.4,0.01
0.394521,0.052426,sumher,8,50000,0.4,0.01
0.418312,0.051578,sumher,9,50000,0.4,0.01
0.502621,0.053334,sumher,10,50000,0.4,0.01
0.420952,0.051977,sumher,11,50000,0.4,0.01
0.344999,0.052121,sumher,12,50000,0.4,0.01
0.372611,0.051631,sumher,13,50000,0.4,0.01
0.437472,0.052537,sumher,14,50000,0.4,0.01
0.399768,0.051883,sumher,15,50000,0.4,0.01
0.374557,0.051655,sumher,16,50000,0.4,0.01
0.447662,0.052901,sumher,17,50000,0.4,0.01
0.385135,0.051895,sumher,18,50000,0.4,0.01
0.347484,0.05189,sumher,19,50000,0.4,0.01
0.483985,0.053076,sumher,20,50000,0.4,0.01
0.27883,0.05198,sumher,21,50000,0.4,0.01
0.407378,0.052266,sumher,22,50000,0.4,0.01
0.420976,0.052521,sumher,23,50000,0.4,0.01
0.437916,0.052701,sumher,24,50000,0.4,0.01
0.547491,0.053288,sumher,25,50000,0.4,0.01
0.493766,0.051605,sumher,26,50000,0.4,0.01
0.399413,0.051773,sumher,27,50000,0.4,0.01
0.434215,0.052392,sumher,28,50000,0.4,0.01
0.479896,0.052875,sumher,29,50000,0.4,0.01
0.400696,0.052544,sumher,30,50000,0.4,0.01
0.47148,0.051847,sumher,31,50000,0.4,0.01
0.420299,0.052405,sumher,32,50000,0.4,0.01
0.432451,0.052334,sumher,33,50000,0.4,0.01
0.397418,0.052213,sumher,34,50000,0.4,0.01
0.404357,0.052211,sumher,35,50000,0.4,0.01
0.444708,0.052741,sumher,36,50000,0.4,0.01
0.408807,0.052197,sumher,37,50000,0.4,0.01
0.38457,0.051976,sumher,38,50000,0.4,0.01
0.400298,0.052073,sumher,39,50000,0.4,0.01
0.428726,0.052553,sumher,40,50000,0.4,0.01
0.373604,0.052262,sumher,41,50000,0.4,0.01
0.375644,0.051677,sumher,42,50000,0.4,0.01
0.38588,0.05185,sumher,43,50000,0.4,0.01
0.329435,0.051591,sumher,44,50000,0.4,0.01
0.420028,0.052677,sumher,45,50000,0.4,0.01
0.407098,0.052063,sumher,46,50000,0.4,0.01
0.441929,0.05266,sumher,47,50000,0.4,0.01
0.428268,0.05255,sumher,48,50000,0.4,0.01
0.328872,0.051406,sumher,49,50000,0.4,0.01
0.383226,0.052212,sumher,50,50000,0.4,0.01
0.452769,0.052464,sumher,51,50000,0.4,0.01
0.462818,0.052471,sumher,52,50000,0.4,0.01
0.444776,0.05199,sumher,53,50000,0.4,0.01
0.476647,0.052508,sumher,54,50000,0.4,0.01
0.439799,0.051954,sumher,55,50000,0.4,0.01
0.413525,0.052596,sumher,56,50000,0.4,0.01
0.435725,0.052389,sumher,57,50000,0.4,0.01
0.391499,0.052175,sumher,58,50000,0.4,0.01
0.42967,0.052256,sumher,59,50000,0.4,0.01
0.420243,0.052643,sumher,60,50000,0.4,0.01
0.32798,0.051967,sumher,61,50000,0.4,0.01
0.473695,0.052238,sumher,62,50000,0.4,0.01
0.419011,0.052708,sumher,63,50000,0.4,0.01
0.381957,0.052375,sumher,64,50000,0.4,0.01
0.39707,0.052076,sumher,65,50000,0.4,0.01
0.341517,0.052184,sumher,66,50000,0.4,0.01
0.534198,0.052736,sumher,67,50000,0.4,0.01
0.487086,0.05301,sumher,68,50000,0.4,0.01
0.415273,0.052382,sumher,69,50000,0.4,0.01
0.442429,0.052683,sumher,70,50000,0.4,0.01
0.48874,0.053225,sumher,71,50000,0.4,0.01
0.482774,0.052835,sumher,72,50000,0.4,0.01
0.382953,0.052381,sumher,73,50000,0.4,0.01
0.367893,0.051962,sumher,74,50000,0.4,0.01
0.389472,0.052384,sumher,75,50000,0.4,0.01
0.35473,0.051975,sumher,76,50000,0.4,0.01
0.393476,0.052111,sumher,77,50000,0.4,0.01
0.499835,0.052897,sumher,78,50000,0.4,0.01
0.473631,0.052611,sumher,79,50000,0.4,0.01
0.346027,0.050574,sumher,80,50000,0.4,0.01
0.426962,0.052376,sumher,81,50000,0.4,0.01
0.377359,0.05261,sumher,82,50000,0.4,0.01
0.416721,0.052817,sumher,83,50000,0.4,0.01
0.384557,0.052756,sumher,84,50000,0.4,0.01
0.450814,0.05312,sumher,85,50000,0.4,0.01
0.387937,0.052039,sumher,86,50000,0.4,0.01
0.316009,0.051959,sumher,87,50000,0.4,0.01
0.383503,0.052079,sumher,88,50000,0.4,0.01
0.42516,0.053004,sumher,89,50000,0.4,0.01
0.480785,0.053048,sumher,90,50000,0.4,0.01
0.467877,0.052283,sumher,91,50000,0.4,0.01
0.401148,0.052182,sumher,92,50000,0.4,0.01
0.414505,0.052529,sumher,93,50000,0.4,0.01
0.419518,0.05208,sumher,94,50000,0.4,0.01
0.510164,0.052914,sumher,95,50000,0.4,0.01
0.344418,0.051706,sumher,96,50000,0.4,0.01
0.489285,0.052962,sumher,97,50000,0.4,0.01
0.463256,0.051969,sumher,98,50000,0.4,0.01
0.486922,0.052813,sumher,99,50000,0.4,0.01
0.031931,0.040561,sumher_ldak,0,2000,0.1,1.0
-0.023793,0.040258,sumher_ldak,1,2000,0.1,1.0
0.108179,0.041221,sumher_ldak,2,2000,0.1,1.0
0.039479,0.040326,sumher_ldak,3,2000,0.1,1.0
0.025623,0.04019,sumher_ldak,4,2000,0.1,1.0
0.1205,0.04086,sumher_ldak,5,2000,0.1,1.0
0.047466,0.040562,sumher_ldak,6,2000,0.1,1.0
0.003002,0.040374,sumher_ldak,7,2000,0.1,1.0
0.0603,0.041076,sumher_ldak,8,2000,0.1,1.0
0.034959,0.040325,sumher_ldak,9,2000,0.1,1.0
0.139622,0.041069,sumher_ldak,10,2000,0.1,1.0
0.067277,0.041131,sumher_ldak,11,2000,0.1,1.0
0.084843,0.041098,sumher_ldak,12,2000,0.1,1.0
0.09816,0.041528,sumher_ldak,13,2000,0.1,1.0
0.033756,0.040415,sumher_ldak,14,2000,0.1,1.0
0.186516,0.041693,sumher_ldak,15,2000,0.1,1.0
0.118558,0.041345,sumher_ldak,16,2000,0.1,1.0
0.058515,0.041174,sumher_ldak,17,2000,0.1,1.0
0.032835,0.040278,sumher_ldak,18,2000,0.1,1.0
0.152753,0.041574,sumher_ldak,19,2000,0.1,1.0
0.059829,0.040111,sumher_ldak,20,2000,0.1,1.0
0.09016,0.040569,sumher_ldak,21,2000,0.1,1.0
0.021557,0.040769,sumher_ldak,22,2000,0.1,1.0
0.130779,0.041606,sumher_ldak,23,2000,0.1,1.0
0.056345,0.041041,sumher_ldak,24,2000,0.1,1.0
0.044724,0.040682,sumher_ldak,25,2000,0.1,1.0
0.048878,0.040739,sumher_ldak,26,2000,0.1,1.0
0.08553,0.040765,sumher_ldak,27,2000,0.1,1.0
0.101246,0.041153,sumher_ldak,28,2000,0.1,1.0
0.131103,0.041086,sumher_ldak,29,2000,0.1,1.0
0.057479,0.040268,sumher_ldak,30,2000,0.1,1.0
0.135631,0.041714,sumher_ldak,31,2000,0.1,1.0
0.037907,0.040206,sumher_ldak,32,2000,0.1,1.0
0.190224,0.04179,sumher_ldak,33,2000,0.1,1.0
0.072168,0.040984,sumher_ldak,34,2000,0.1,1.0
0.099941,0.04103,sumher_ldak,35,2000,0.1,1.0
0.099407,0.040864,sumher_ldak,36,2000,0.1,1.0
0.057351,0.040657,sumher_ldak,37,2000,0.1,1.0
0.071321,0.040977,sumher_ldak,38,2000,0.1,1.0
0.036888,0.040939,sumher_ldak,39,2000,0.1,1.0
0.045276,0.040465,sumher_ldak,40,2000,0.1,1.0
0.061195,0.04078,sumher_ldak,41,2000,0.1,1.0
0.038625,0.039778,sumher_ldak,42,2000,0.1,1.0
0.105955,0.041229,sumher_ldak,43,2000,0.1,1.0
0.079116,0.040014,sumher_ldak,44,2000,0.1,1.0
0.044836,0.040999,sumher_ldak,45,2000,0.1,1.0
0.122984,0.041484,sumher_ldak,46,2000,0.1,1.0
0.002919,0.040654,sumher_ldak,47,2000,0.1,1.0
0.010104,0.039688,sumher_ldak,48,2000,0.1,1.0
0.136301,0.041104,sumher_ldak,49,2000,0.1,1.0
0.035273,0.040241,sumher_ldak,50,2000,0.1,1.0
-0.011059,0.040343,sumher_ldak,51,2000,0.1,1.0
0.087307,0.041005,sumher_ldak,52,2000,0.1,1.0
0.095033,0.040774,sumher_ldak,53,2000,0.1,1.0
0.135907,0.041231,sumher_ldak,54,2000,0.1,1.0
0.058015,0.040798,sumher_ldak,55,2000,0.1,1.0
0.069628,0.04045,sumher_ldak,56,2000,0.1,1.0
0.025279,0.040468,sumher_ldak,57,2000,0.1,1.0
0.086507,0.040431,sumher_ldak,58,2000,0.1,1.0
0.028343,0.040225,sumher_ldak,59,2000,0.1,1.0
0.139869,0.041743,sumher_ldak,60,2000,0.1,1.0
0.042289,0.040707,sumher_ldak,61,2000,0.1,1.0
0.055672,0.041029,sumher_ldak,62,2000,0.1,1.0
0.003138,0.040091,sumher_ldak,63,2000,0.1,1.0
0.031873,0.040572,sumher_ldak,64,2000,0.1,1.0
0.0546,0.040892,sumher_ldak,65,2000,0.1,1.0
0.140486,0.041909,sumher_ldak,66,2000,0.1,1.0
0.119107,0.04084,sumher_ldak,67,2000,0.1,1.0
-0.007426,0.039844,sumher_ldak,68,2000,0.1,1.0
0.057088,0.041061,sumher_ldak,69,2000,0.1,1.0
0.009704,0.040266,sumher_ldak,70,2000,0.1,1.0
0.037016,0.039998,sumher_ldak,71,2000,0.1,1.0
0.039368,0.040247,sumher_ldak,72,2000,0.1,1.0
0.057167,0.040614,sumher_ldak,73,2000,0.1,1.0
0.136901,0.041537,sumher_ldak,74,2000,0.1,1.0
0.085505,0.040769,sumher_ldak,75,2000,0.1,1.0
0.005967,0.039583,sumher_ldak,76,2000,0.1,1.0
0.013622,0.040462,sumher_ldak,77,2000,0.1,1.0
-0.040467,0.038949,sumher_ldak,78,2000,0.1,1.0
0.076215,0.041477,sumher_ldak,79,2000,0.1,1.0
0.009645,0.040786,sumher_ldak,80,2000,0.1,1.0
0.098433,0.041271,sumher_ldak,81,2000,0.1,1.0
0.117725,0.041609,sumher_ldak,82,2000,0.1,1.0
0.092598,0.041158,sumher_ldak,83,2000,0.1,1.0
0.059217,0.040202,sumher_ldak,84,2000,0.1,1.0
0.040639,0.040897,sumher_ldak,85,2000,0.1,1.0
0.091706,0.040663,sumher_ldak,86,2000,0.1,1.0
0.087407,0.040762,sumher_ldak,87,2000,0.1,1.0
0.059715,0.040764,sumher_ldak,88,2000,0.1,1.0
0.113181,0.041369,sumher_ldak,89,2000,0.1,1.0
0.07931,0.040745,sumher_ldak,90,2000,0.1,1.0
0.022945,0.040989,sumher_ldak,91,2000,0.1,1.0
0.100432,0.040327,sumher_ldak,92,2000,0.1,1.0
0.122203,0.041597,sumher_ldak,93,2000,0.1,1.0
0.082606,0.041077,sumher_ldak,94,2000,0.1,1.0
0.095328,0.0411,sumher_ldak,95,2000,0.1,1.0
0.103534,0.040559,sumher_ldak,96,2000,0.1,1.0
0.147256,0.041202,sumher_ldak,97,2000,0.1,1.0
0.014967,0.040453,sumher_ldak,98,2000,0.1,1.0
0.141846,0.041299,sumher_ldak,99,2000,0.1,1.0
0.031613,0.040316,sumher_ldak,0,20000,0.1,1.0
-0.023197,0.040072,sumher_ldak,1,20000,0.1,1.0
0.091347,0.040726,sumher_ldak,2,20000,0.1,1.0
0.038704,0.039991,sumher_ldak,3,20000,0.1,1.0
0.025784,0.039945,sumher_ldak,4,20000,0.1,1.0
0.118054,0.040526,sumher_ldak,5,20000,0.1,1.0
0.047135,0.04031,sumher_ldak,6,20000,0.1,1.0
0.002663,0.040149,sumher_ldak,7,20000,0.1,1.0
0.060131,0.040913,sumher_ldak,8,20000,0.1,1.0
0.034708,0.040169,sumher_ldak,9,20000,0.1,1.0
0.137434,0.040873,sumher_ldak,10,20000,0.1,1.0
0.065862,0.040817,sumher_ldak,11,20000,0.1,1.0
0.084063,0.040899,sumher_ldak,12,20000,0.1,1.0
0.097398,0.041304,sumher_ldak,13,20000,0.1,1.0
0.033057,0.040077,sumher_ldak,14,20000,0.1,1.0
0.182875,0.041432,sumher_ldak,15,20000,0.1,1.0
0.116108,0.041027,sumher_ldak,16,20000,0.1,1.0
0.056705,0.040765,sumher_ldak,17,20000,0.1,1.0
0.032556,0.040015,sumher_ldak,18,20000,0.1,1.0
0.151478,0.041393,sumher_ldak,19,20000,0.1,1.0
0.057841,0.039723,sumher_ldak,20,20000,0.1,1.0
0.088444,0.040265,sumher_ldak,21,20000,0.1,1.0
0.021514,0.040569,sumher_ldak,22,20000,0.1,1.0
0.128075,0.041342,sumher_ldak,23,20000,0.1,1.0
0.055365,0.040665,sumher_ldak,24,20000,0.1,1.0
0.044149,0.040487,sumher_ldak,25,20000,0.1,1.0
0.048835,0.040533,sumher_ldak,26,20000,0.1,1.0
0.084224,0.040522,sumher_ldak,27,20000,0.1,1.0
0.098957,0.040796,sumher_ldak,28,20000,0.1,1.0
0.130256,0.040907,sumher_ldak,29,20000,0.1,1.0
0.056494,0.040086,sumher_ldak,30,20000,0.1,1.0
0.134604,0.041477,sumher_ldak,31,20000,0.1,1.0
0.037331,0.039857,sumher_ldak,32,20000,0.1,1.0
0.188267,0.041621,sumher_ldak,33,20000,0.1,1.0
0.071053,0.040779,sumher_ldak,34,20000,0.1,1.0
0.098519,0.040736,sumher_ldak,35,20000,0.1,1.0
0.098192,0.040646,sumher_ldak,36,20000,0.1,1.0
0.056808,0.040366,sumher_ldak,37,20000,0.1,1.0
0.070996,0.040784,sumher_ldak,38,20000,0.1,1.0
0.036447,0.040731,sumher_ldak,39,20000,0.1,1.0
0.044489,0.0402,sumher_ldak,40,20000,0.1,1.0
0.060833,0.040526,sumher_ldak,41,20000,0.1,1.0
0.037838,0.039477,sumher_ldak,42,20000,0.1,1.0
0.103796,0.040883,sumher_ldak,43,20000,0.1,1.0
0.077294,0.039683,sumher_ldak,44,20000,0.1,1.0
0.044362,0.040734,sumher_ldak,45,20000,0.1,1.0
0.121292,0.041237,sumher_ldak,46,20000,0.1,1.0
0.003447,0.040362,sumher_ldak,47,20000,0.1,1.0
0.01002,0.039417,sumher_ldak,48,20000,0.1,1.0
0.134754,0.040887,sumher_ldak,49,20000,0.1,1.0
0.034939,0.039921,sumher_ldak,50,20000,0.1,1.0
-0.011015,0.040072,sumher_ldak,51,20000,0.1,1.0
0.085397,0.040694,sumher_ldak,52,20000,0.1,1.0
0.09286,0.040383,sumher_ldak,53,20000,0.1,1.0
0.133086,0.040911,sumher_ldak,54,20000,0.1,1.0
0.057798,0.04051,sumher_ldak,55,20000,0.1,1.0
0.068446,0.040244,sumher_ldak,56,20000,0.1,1.0
0.024769,0.040082,sumher_ldak,57,20000,0.1,1.0
0.084883,0.040073,sumher_ldak,58,20000,0.1,1.0
0.028035,0.039911,sumher_ldak,59,20000,0.1,1.0
0.137796,0.041525,sumher_ldak,60,20000,0.1,1.0
0.041764,0.040441,sumher_ldak,61,20000,0.1,1.0
0.054707,0.040786,sumher_ldak,62,20000,0.1,1.0
0.003666,0.03993,sumher_ldak,63,20000,0.1,1.0
0.031665,0.040279,sumher_ldak,64,20000,0.1,1.0
0.053621,0.040553,sumher_ldak,65,20000,0.1,1.0
0.138044,0.041664,sumher_ldak,66,20000,0.1,1.0
0.117261,0.04058,sumher_ldak,67,20000,0.1,1.0
-0.007438,0.039603,sumher_ldak,68,20000,0.1,1.0
0.057098,0.040818,sumher_ldak,69,20000,0.1,1.0
0.009279,0.039961,sumher_ldak,70,20000,0.1,1.0
0.037094,0.039752,sumher_ldak,71,20000,0.1,1.0
0.03863,0.03987,sumher_ldak,72,20000,0.1,1.0
0.056544,0.0403,sumher_ldak,73,20000,0.1,1.0
0.134603,0.041253,sumher_ldak,74,20000,0.1,1.0
0.084285,0.040486,sumher_ldak,75,20000,0.1,1.0
0.005532,0.038812,sumher_ldak,76,20000,0.1,1.0
0.013033,0.040099,sumher_ldak,77,20000,0.1,1.0
-0.039014,0.038306,sumher_ldak,78,20000,0.1,1.0
0.075364,0.041289,sumher_ldak,79,20000,0.1,1.0
0.009376,0.040471,sumher_ldak,80,20000,0.1,1.0
0.09695,0.040959,sumher_ldak,81,20000,0.1,1.0
0.115921,0.041331,sumher_ldak,82,20000,0.1,1.0
0.09155,0.040988,sumher_ldak,83,20000,0.1,1.0
0.058532,0.039891,sumher_ldak,84,20000,0.1,1.0
0.040794,0.040723,sumher_ldak,85,20000,0.1,1.0
0.090039,0.040333,sumher_ldak,86,20000,0.1,1.0
0.085961,0.040504,sumher_ldak,87,20000,0.1,1.0
0.059162,0.040561,sumher_ldak,88,20000,0.1,1.0
0.111996,0.04117,sumher_ldak,89,20000,0.1,1.0
0.078055,0.040443,sumher_ldak,90,20000,0.1,1.0
0.022776,0.040795,sumher_ldak,91,20000,0.1,1.0
0.098452,0.040014,sumher_ldak,92,20000,0.1,1.0
0.120618,0.041393,sumher_ldak,93,20000,0.1,1.0
0.081202,0.040729,sumher_ldak,94,20000,0.1,1.0
0.093725,0.040861,sumher_ldak,95,20000,0.1,1.0
0.101075,0.040225,sumher_ldak,96,20000,0.1,1.0
0.144689,0.040959,sumher_ldak,97,20000,0.1,1.0
0.015064,0.040117,sumher_ldak,98,20000,0.1,1.0
0.139267,0.041068,sumher_ldak,99,20000,0.1,1.0
0.03163,0.040312,sumher_ldak,0,50000,0.1,1.0
-0.023132,0.040068,sumher_ldak,1,50000,0.1,1.0
0.091417,0.040724,sumher_ldak,2,50000,0.1,1.0
0.038742,0.039986,sumher_ldak,3,50000,0.1,1.0
0.025952,0.039943,sumher_ldak,4,50000,0.1,1.0
0.117858,0.040518,sumher_ldak,5,50000,0.1,1.0
0.047281,0.040308,sumher_ldak,6,50000,0.1,1.0
0.002578,0.040143,sumher_ldak,7,50000,0.1,1.0
0.060069,0.040907,sumher_ldak,8,50000,0.1,1.0
0.034682,0.040163,sumher_ldak,9,50000,0.1,1.0
0.137292,0.040865,sumher_ldak,10,50000,0.1,1.0
0.065914,0.040814,sumher_ldak,11,50000,0.1,1.0
0.084026,0.040893,sumher_ldak,12,50000,0.1,1.0
0.097655,0.041302,sumher_ldak,13,50000,0.1,1.0
0.032843,0.040068,sumher_ldak,14,50000,0.1,1.0
0.182858,0.041427,sumher_ldak,15,50000,0.1,1.0
0.116173,0.041024,sumher_ldak,16,50000,0.1,1.0
0.056713,0.040761,sumher_ldak,17,50000,0.1,1.0
0.032643,0.040012,sumher_ldak,18,50000,0.1,1.0
0.15134,0.041387,sumher_ldak,19,50000,0.1,1.0
0.057889,0.03972,sumher_ldak,20,50000,0.1,1.0
0.088389,0.040259,sumher_ldak,21,50000,0.1,1.0
0.021496,0.040564,sumher_ldak,22,50000,0.1,1.0
0.127809,0.041334,sumher_ldak,23,50000,0.1,1.0
0.055375,0.04066,sumher_ldak,24,50000,0.1,1.0
0.044194,0.040483,sumher_ldak,25,50000,0.1,1.0
0.048774,0.040527,sumher_ldak,26,50000,0.1,1.0
0.084365,0.040521,sumher_ldak,27,50000,0.1,1.0
0.098879,0.04079,sumher_ldak,28,50000,0.1,1.0
0.130333,0.040903,sumher_ldak,29,50000,0.1,1.0
0.056454,0.040081,sumher_ldak,30,50000,0.1,1.0
0.134777,0.041475,sumher_ldak,31,50000,0.1,1.0
0.037321,0.039853,sumher_ldak,32,50000,0.1,1.0
0.188429,0.041619,sumher_ldak,33,50000,0.1,1.0
0.071045,0.040775,sumher_ldak,34,50000,0.1,1.0
0.098465,0.040731,sumher_ldak,35,50000,0.1,1.0
0.098131,0.040639,sumher_ldak,36,50000,0.1,1.0
0.056853,0.040362,sumher_ldak,37,50000,0.1,1.0
0.070815,0.040776,sumher_ldak,38,50000,0.1,1.0
0.036458,0.040726,sumher_ldak,39,50000,0.1,1.0
0.04461,0.040199,sumher_ldak,40,50000,0.1,1.0
0.060689,0.040519,sumher_ldak,41,50000,0.1,1.0
0.037877,0.039474,sumher_ldak,42,50000,0.1,1.0
0.103947,0.040881,sumher_ldak,43,50000,0.1,1.0
0.077331,0.03968,sumher_ldak,44,50000,0.1,1.0
0.044438,0.04073,sumher_ldak,45,50000,0.1,1.0
0.121134,0.04123,sumher_ldak,46,50000,0.1,1.0
0.003328,0.040358,sumher_ldak,47,50000,0.1,1.0
0.009859,0.039409,sumher_ldak,48,50000,0.1,1.0
0.13487,0.040885,sumher_ldak,49,50000,0.1,1.0
0.034916,0.039918,sumher_ldak,50,50000,0.1,1.0
-0.011116,0.040067,sumher_ldak,51,50000,0.1,1.0
0.085536,0.040691,sumher_ldak,52,50000,0.1,1.0
0.092955,0.040381,sumher_ldak,53,50000,0.1,1.0
0.132994,0.040906,sumher_ldak,54,50000,0.1,1.0
0.057767,0.040505,sumher_ldak,55,50000,0.1,1.0
0.068589,0.040241,sumher_ldak,56,50000,0.1,1.0
0.024417,0.040072,sumher_ldak,57,50000,0.1,1.0
0.084947,0.04007,sumher_ldak,58,50000,0.1,1.0
0.028076,0.039908,sumher_ldak,59,50000,0.1,1.0
0.137801,0.041521,sumher_ldak,60,50000,0.1,1.0
0.041618,0.040434,sumher_ldak,61,50000,0.1,1.0
0.054735,0.040781,sumher_ldak,62,50000,0.1,1.0
0.003608,0.039925,sumher_ldak,63,50000,0.1,1.0
0.031753,0.040277,sumher_ldak,64,50000,0.1,1.0
0.053832,0.040552,sumher_ldak,65,50000,0.1,1.0
0.137851,0.041657,sumher_ldak,66,50000,0.1,1.0
0.117265,0.040576,sumher_ldak,67,50000,0.1,1.0
-0.007408,0.039599,sumher_ldak,68,50000,0.1,1.0
0.057007,0.040813,sumher_ldak,69,50000,0.1,1.0
0.009138,0.039954,sumher_ldak,70,50000,0.1,1.0
0.036898,0.039745,sumher_ldak,71,50000,0.1,1.0
0.038511,0.039865,sumher_ldak,72,50000,0.1,1.0
0.056678,0.040298,sumher_ldak,73,50000,0.1,1.0
0.134518,0.041248,sumher_ldak,74,50000,0.1,1.0
0.084316,0.040482,sumher_ldak,75,50000,0.1,1.0
0.005254,0.038802,sumher_ldak,76,50000,0.1,1.0
0.013063,0.040095,sumher_ldak,77,50000,0.1,1.0
-0.038958,0.038304,sumher_ldak,78,50000,0.1,1.0
0.075302,0.041283,sumher_ldak,79,50000,0.1,1.0
0.009436,0.040467,sumher_ldak,80,50000,0.1,1.0
0.097059,0.040955,sumher_ldak,81,50000,0.1,1.0
0.115976,0.041327,sumher_ldak,82,50000,0.1,1.0
0.091365,0.04098,sumher_ldak,83,50000,0.1,1.0
0.058625,0.039888,sumher_ldak,84,50000,0.1,1.0
0.04089,0.040721,sumher_ldak,85,50000,0.1,1.0
0.090086,0.040328,sumher_ldak,86,50000,0.1,1.0
0.085944,0.040501,sumher_ldak,87,50000,0.1,1.0
0.059305,0.040559,sumher_ldak,88,50000,0.1,1.0
0.112182,0.041168,sumher_ldak,89,50000,0.1,1.0
0.078084,0.04044,sumher_ldak,90,50000,0.1,1.0
0.022723,0.04079,sumher_ldak,91,50000,0.1,1.0
0.098349,0.040008,sumher_ldak,92,50000,0.1,1.0
0.120484,0.041387,sumher_ldak,93,50000,0.1,1.0
0.08117,0.040725,sumher_ldak,94,50000,0.1,1.0
0.093813,0.040858,sumher_ldak,95,50000,0.1,1.0
0.101054,0.04022,sumher_ldak,96,50000,0.1,1.0
0.14449,0.040952,sumher_ldak,97,50000,0.1,1.0
0.015235,0.040116,sumher_ldak,98,50000,0.1,1.0
0.139507,0.041067,sumher_ldak,99,50000,0.1,1.0
0.122286,0.041277,sumher_ldak,0,2000,0.1,0.1
0.051448,0.041123,sumher_ldak,1,2000,0.1,0.1
0.138986,0.041359,sumher_ldak,2,2000,0.1,0.1
0.062962,0.040491,sumher_ldak,3,2000,0.1,0.1
0.140164,0.041164,sumher_ldak,4,2000,0.1,0.1
0.13406,0.041306,sumher_ldak,5,2000,0.1,0.1
0.055706,0.041102,sumher_ldak,6,2000,0.1,0.1
0.035728,0.040401,sumher_ldak,7,2000,0.1,0.1
0.094294,0.041368,sumher_ldak,8,2000,0.1,0.1
0.056901,0.040808,sumher_ldak,9,2000,0.1,0.1
0.105148,0.041348,sumher_ldak,10,2000,0.1,0.1
0.16255,0.040957,sumher_ldak,11,2000,0.1,0.1
0.09309,0.04111,sumher_ldak,12,2000,0.1,0.1
0.115648,0.041267,sumher_ldak,13,2000,0.1,0.1
0.137479,0.041275,sumher_ldak,14,2000,0.1,0.1
0.061913,0.040574,sumher_ldak,15,2000,0.1,0.1
0.153341,0.04119,sumher_ldak,16,2000,0.1,0.1
-0.004416,0.040252,sumher_ldak,17,2000,0.1,0.1
0.063182,0.040848,sumher_ldak,18,2000,0.1,0.1
0.094421,0.041286,sumher_ldak,19,2000,0.1,0.1
0.018893,0.040041,sumher_ldak,20,2000,0.1,0.1
0.137223,0.041426,sumher_ldak,21,2000,0.1,0.1
0.185452,0.04211,sumher_ldak,22,2000,0.1,0.1
0.135408,0.041049,sumher_ldak,23,2000,0.1,0.1
0.032639,0.040613,sumher_ldak,24,2000,0.1,0.1
0.043868,0.040452,sumher_ldak,25,2000,0.1,0.1
0.078088,0.040481,sumher_ldak,26,2000,0.1,0.1
0.100952,0.040876,sumher_ldak,27,2000,0.1,0.1
0.089648,0.04056,sumher_ldak,28,2000,0.1,0.1
0.042277,0.04079,sumher_ldak,29,2000,0.1,0.1
0.10847,0.041449,sumher_ldak,30,2000,0.1,0.1
0.066041,0.040447,sumher_ldak,31,2000,0.1,0.1
0.076335,0.041221,sumher_ldak,32,2000,0.1,0.1
0.079262,0.04078,sumher_ldak,33,2000,0.1,0.1
0.093985,0.041062,sumher_ldak,34,2000,0.1,0.1
0.025299,0.04003,sumher_ldak,35,2000,0.1,0.1
0.097908,0.041063,sumher_ldak,36,2000,0.1,0.1
0.033529,0.040358,sumher_ldak,37,2000,0.1,0.1
0.049976,0.040388,sumher_ldak,38,2000,0.1,0.1
0.132828,0.041372,sumher_ldak,39,2000,0.1,0.1
0.107928,0.041153,sumher_ldak,40,2000,0.1,0.1
0.074863,0.041201,sumher_ldak,41,2000,0.1,0.1
0.008425,0.04085,sumher_ldak,42,2000,0.1,0.1
0.036436,0.0407,sumher_ldak,43,2000,0.1,0.1
0.039442,0.040055,sumher_ldak,44,2000,0.1,0.1
0.086825,0.041247,sumher_ldak,45,2000,0.1,0.1
0.026091,0.040213,sumher_ldak,46,2000,0.1,0.1
0.052998,0.040982,sumher_ldak,47,2000,0.1,0.1
0.04023,0.040052,sumher_ldak,48,2000,0.1,0.1
0.108935,0.041278,sumher_ldak,49,2000,0.1,0.1
0.093097,0.041142,sumher_ldak,50,2000,0.1,0.1
0.117013,0.040869,sumher_ldak,51,2000,0.1,0.1
0.059238,0.040792,sumher_ldak,52,2000,0.1,0.1
0.109714,0.040764,sumher_ldak,53,2000,0.1,0.1
0.095929,0.040936,sumher_ldak,54,2000,0.1,0.1
0.050448,0.040367,sumher_ldak,55,2000,0.1,0.1
0.094875,0.040875,sumher_ldak,56,2000,0.1,0.1
0.09923,0.040552,sumher_ldak,57,2000,0.1,0.1
-0.017603,0.040608,sumher_ldak,58,2000,0.1,0.1
0.113695,0.040703,sumher_ldak,59,2000,0.1,0.1
0.115184,0.041174,sumher_ldak,60,2000,0.1,0.1
0.085717,0.040905,sumher_ldak,61,2000,0.1,0.1
0.113971,0.041303,sumher_ldak,62,2000,0.1,0.1
0.143423,0.041535,sumher_ldak,63,2000,0.1,0.1
0.060443,0.040818,sumher_ldak,64,2000,0.1,0.1
0.126638,0.041585,sumher_ldak,65,2000,0.1,0.1
0.018784,0.039807,sumher_ldak,66,2000,0.1,0.1
0.085719,0.040967,sumher_ldak,67,2000,0.1,0.1
0.157723,0.041849,sumher_ldak,68,2000,0.1,0.1
0.065116,0.040829,sumher_ldak,69,2000,0.1,0.1
0.049265,0.040548,sumher_ldak,70,2000,0.1,0.1
0.045797,0.039916,sumher_ldak,71,2000,0.1,0.1
0.07943,0.041157,sumher_ldak,72,2000,0.1,0.1
0.065093,0.040809,sumher_ldak,73,2000,0.1,0.1
0.09289,0.04065,sumher_ldak,74,2000,0.1,0.1
0.089572,0.041312,sumher_ldak,75,2000,0.1,0.1
0.034915,0.040405,sumher_ldak,76,2000,0.1,0.1
0.119981,0.041168,sumher_ldak,77,2000,0.1,0.1
0.128711,0.040727,sumher_ldak,78,2000,0.1,0.1
0.002407,0.039944,sumher_ldak,79,2000,0.1,0.1
0.084375,0.040672,sumher_ldak,80,2000,0.1,0.1
0.110222,0.041284,sumher_ldak,81,2000,0.1,0.1
0.114249,0.04177,sumher_ldak,82,2000,0.1,0.1
0.042365,0.040432,sumher_ldak,83,2000,0.1,0.1
0.054319,0.040519,sumher_ldak,84,2000,0.1,0.1
0.137379,0.041354,sumher_ldak,85,2000,0.1,0.1
0.102752,0.04063,sumher_ldak,86,2000,0.1,0.1
0.08093,0.040994,sumher_ldak,87,2000,0.1,0.1
0.088105,0.040524,sumher_ldak,88,2000,0.1,0.1
0.088887,0.040846,sumher_ldak,89,2000,0.1,0.1
0.064628,0.040781,sumher_ldak,90,2000,0.1,0.1
0.027729,0.041051,sumher_ldak,91,2000,0.1,0.1
0.039395,0.040354,sumher_ldak,92,2000,0.1,0.1
0.166558,0.041491,sumher_ldak,93,2000,0.1,0.1
0.067069,0.040833,sumher_ldak,94,2000,0.1,0.1
0.122808,0.041503,sumher_ldak,95,2000,0.1,0.1
0.009627,0.039549,sumher_ldak,96,2000,0.1,0.1
0.195563,0.041561,sumher_ldak,97,2000,0.1,0.1
0.115206,0.041064,sumher_ldak,98,2000,0.1,0.1
0.093564,0.040592,sumher_ldak,99,2000,0.1,0.1
0.12134,0.041097,sumher_ldak,0,20000,0.1,0.1
0.050822,0.040857,sumher_ldak,1,20000,0.1,0.1
0.136615,0.041057,sumher_ldak,2,20000,0.1,0.1
0.061871,0.040226,sumher_ldak,3,20000,0.1,0.1
0.138143,0.040924,sumher_ldak,4,20000,0.1,0.1
0.132513,0.041072,sumher_ldak,5,20000,0.1,0.1
0.055782,0.040844,sumher_ldak,6,20000,0.1,0.1
0.035191,0.040213,sumher_ldak,7,20000,0.1,0.1
0.093353,0.04119,sumher_ldak,8,20000,0.1,0.1
0.055316,0.040467,sumher_ldak,9,20000,0.1,0.1
0.104002,0.04111,sumher_ldak,10,20000,0.1,0.1
0.15957,0.040711,sumher_ldak,11,20000,0.1,0.1
0.092192,0.040867,sumher_ldak,12,20000,0.1,0.1
0.113792,0.041003,sumher_ldak,13,20000,0.1,0.1
0.135214,0.04105,sumher_ldak,14,20000,0.1,0.1
0.060901,0.040268,sumher_ldak,15,20000,0.1,0.1
0.150328,0.040898,sumher_ldak,16,20000,0.1,0.1
-0.004285,0.039983,sumher_ldak,17,20000,0.1,0.1
0.06292,0.040595,sumher_ldak,18,20000,0.1,0.1
0.093085,0.040992,sumher_ldak,19,20000,0.1,0.1
0.018355,0.03973,sumher_ldak,20,20000,0.1,0.1
0.134838,0.041174,sumher_ldak,21,20000,0.1,0.1
0.182222,0.041807,sumher_ldak,22,20000,0.1,0.1
0.131943,0.04076,sumher_ldak,23,20000,0.1,0.1
0.032251,0.040374,sumher_ldak,24,20000,0.1,0.1
0.043306,0.040208,sumher_ldak,25,20000,0.1,0.1
0.077417,0.040193,sumher_ldak,26,20000,0.1,0.1
0.100476,0.040679,sumher_ldak,27,20000,0.1,0.1
0.088174,0.040241,sumher_ldak,28,20000,0.1,0.1
0.041804,0.040482,sumher_ldak,29,20000,0.1,0.1
0.107688,0.041267,sumher_ldak,30,20000,0.1,0.1
0.064686,0.040138,sumher_ldak,31,20000,0.1,0.1
0.075529,0.040939,sumher_ldak,32,20000,0.1,0.1
0.077814,0.040536,sumher_ldak,33,20000,0.1,0.1
0.092715,0.040769,sumher_ldak,34,20000,0.1,0.1
0.02464,0.039753,sumher_ldak,35,20000,0.1,0.1
0.095831,0.040783,sumher_ldak,36,20000,0.1,0.1
0.033565,0.040178,sumher_ldak,37,20000,0.1,0.1
0.04836,0.040079,sumher_ldak,38,20000,0.1,0.1
0.130584,0.041107,sumher_ldak,39,20000,0.1,0.1
0.105374,0.040833,sumher_ldak,40,20000,0.1,0.1
0.073498,0.040919,sumher_ldak,41,20000,0.1,0.1
0.008895,0.040681,sumher_ldak,42,20000,0.1,0.1
0.036111,0.040412,sumher_ldak,43,20000,0.1,0.1
0.038519,0.039856,sumher_ldak,44,20000,0.1,0.1
0.086127,0.041026,sumher_ldak,45,20000,0.1,0.1
0.025602,0.039924,sumher_ldak,46,20000,0.1,0.1
0.053097,0.040772,sumher_ldak,47,20000,0.1,0.1
0.040258,0.03978,sumher_ldak,48,20000,0.1,0.1
0.107709,0.04104,sumher_ldak,49,20000,0.1,0.1
0.090296,0.04073,sumher_ldak,50,20000,0.1,0.1
0.11508,0.040591,sumher_ldak,51,20000,0.1,0.1
0.05796,0.04047,sumher_ldak,52,20000,0.1,0.1
0.107802,0.040462,sumher_ldak,53,20000,0.1,0.1
0.095192,0.040701,sumher_ldak,54,20000,0.1,0.1
0.05052,0.040173,sumher_ldak,55,20000,0.1,0.1
0.094246,0.040753,sumher_ldak,56,20000,0.1,0.1
0.097994,0.040371,sumher_ldak,57,20000,0.1,0.1
-0.017275,0.040382,sumher_ldak,58,20000,0.1,0.1
0.111918,0.040443,sumher_ldak,59,20000,0.1,0.1
0.113394,0.0409,sumher_ldak,60,20000,0.1,0.1
0.082937,0.040441,sumher_ldak,61,20000,0.1,0.1
0.113322,0.041136,sumher_ldak,62,20000,0.1,0.1
0.141587,0.041285,sumher_ldak,63,20000,0.1,0.1
0.059733,0.04059,sumher_ldak,64,20000,0.1,0.1
0.124631,0.041361,sumher_ldak,65,20000,0.1,0.1
0.018643,0.039576,sumher_ldak,66,20000,0.1,0.1
0.083859,0.040704,sumher_ldak,67,20000,0.1,0.1
0.155153,0.041605,sumher_ldak,68,20000,0.1,0.1
0.064047,0.040467,sumher_ldak,69,20000,0.1,0.1
0.048403,0.040234,sumher_ldak,70,20000,0.1,0.1
0.04532,0.039703,sumher_ldak,71,20000,0.1,0.1
0.078428,0.040922,sumher_ldak,72,20000,0.1,0.1
0.065138,0.040584,sumher_ldak,73,20000,0.1,0.1
0.090068,0.040252,sumher_ldak,74,20000,0.1,0.1
0.08853,0.041127,sumher_ldak,75,20000,0.1,0.1
0.034637,0.040146,sumher_ldak,76,20000,0.1,0.1
0.118743,0.040987,sumher_ldak,77,20000,0.1,0.1
0.126218,0.040408,sumher_ldak,78,20000,0.1,0.1
0.00258,0.039792,sumher_ldak,79,20000,0.1,0.1
0.083356,0.04047,sumher_ldak,80,20000,0.1,0.1
0.108647,0.041058,sumher_ldak,81,20000,0.1,0.1
0.112206,0.041489,sumher_ldak,82,20000,0.1,0.1
0.042015,0.040235,sumher_ldak,83,20000,0.1,0.1
0.05313,0.040047,sumher_ldak,84,20000,0.1,0.1
0.135983,0.041161,sumher_ldak,85,20000,0.1,0.1
0.101027,0.040324,sumher_ldak,86,20000,0.1,0.1
0.078962,0.040673,sumher_ldak,87,20000,0.1,0.1
0.087252,0.040285,sumher_ldak,88,20000,0.1,0.1
0.087062,0.040502,sumher_ldak,89,20000,0.1,0.1
0.063295,0.040484,sumher_ldak,90,20000,0.1,0.1
0.027133,0.040821,sumher_ldak,91,20000,0.1,0.1
0.038607,0.040043,sumher_ldak,92,20000,0.1,0.1
0.164657,0.041265,sumher_ldak,93,20000,0.1,0.1
0.06591,0.040524,sumher_ldak,94,20000,0.1,0.1
0.121063,0.041247,sumher_ldak,95,20000,0.1,0.1
0.010005,0.039336,sumher_ldak,96,20000,0.1,0.1
0.189612,0.041097,sumher_ldak,97,20000,0.1,0.1
0.114037,0.040853,sumher_ldak,98,20000,0.1,0.1
0.091955,0.040332,sumher_ldak,99,20000,0.1,0.1
0.121469,0.041094,sumher_ldak,0,50000,0.1,0.1
0.050985,0.040856,sumher_ldak,1,50000,0.1,0.1
0.136358,0.041049,sumher_ldak,2,50000,0.1,0.1
0.061858,0.040221,sumher_ldak,3,50000,0.1,0.1
0.138059,0.040919,sumher_ldak,4,50000,0.1,0.1
0.132542,0.041068,sumher_ldak,5,50000,0.1,0.1
0.055727,0.04084,sumher_ldak,6,50000,0.1,0.1
0.035191,0.040209,sumher_ldak,7,50000,0.1,0.1
0.093257,0.041184,sumher_ldak,8,50000,0.1,0.1
0.055373,0.040463,sumher_ldak,9,50000,0.1,0.1
0.103878,0.041105,sumher_ldak,10,50000,0.1,0.1
0.159597,0.040707,sumher_ldak,11,50000,0.1,0.1
0.09208,0.040861,sumher_ldak,12,50000,0.1,0.1
0.113895,0.041,sumher_ldak,13,50000,0.1,0.1
0.135056,0.041044,sumher_ldak,14,50000,0.1,0.1
0.060913,0.040264,sumher_ldak,15,50000,0.1,0.1
0.150552,0.040896,sumher_ldak,16,50000,0.1,0.1
-0.004305,0.039977,sumher_ldak,17,50000,0.1,0.1
0.062932,0.040591,sumher_ldak,18,50000,0.1,0.1
0.093058,0.040988,sumher_ldak,19,50000,0.1,0.1
0.018285,0.039726,sumher_ldak,20,50000,0.1,0.1
0.134823,0.041171,sumher_ldak,21,50000,0.1,0.1
0.18219,0.041803,sumher_ldak,22,50000,0.1,0.1
0.132055,0.040758,sumher_ldak,23,50000,0.1,0.1
0.032216,0.04037,sumher_ldak,24,50000,0.1,0.1
0.043313,0.040203,sumher_ldak,25,50000,0.1,0.1
0.077354,0.040187,sumher_ldak,26,50000,0.1,0.1
0.100456,0.040674,sumher_ldak,27,50000,0.1,0.1
0.088136,0.040236,sumher_ldak,28,50000,0.1,0.1
0.04143,0.040473,sumher_ldak,29,50000,0.1,0.1
0.107721,0.041263,sumher_ldak,30,50000,0.1,0.1
0.064599,0.040134,sumher_ldak,31,50000,0.1,0.1
0.075822,0.040938,sumher_ldak,32,50000,0.1,0.1
0.077929,0.040533,sumher_ldak,33,50000,0.1,0.1
0.09253,0.040762,sumher_ldak,34,50000,0.1,0.1
0.024695,0.039749,sumher_ldak,35,50000,0.1,0.1
0.095585,0.040775,sumher_ldak,36,50000,0.1,0.1
0.033514,0.040173,sumher_ldak,37,50000,0.1,0.1
0.048211,0.040073,sumher_ldak,38,50000,0.1,0.1
0.130549,0.041102,sumher_ldak,39,50000,0.1,0.1
0.105408,0.040829,sumher_ldak,40,50000,0.1,0.1
0.073513,0.040915,sumher_ldak,41,50000,0.1,0.1
0.008994,0.040678,sumher_ldak,42,50000,0.1,0.1
0.036201,0.040409,sumher_ldak,43,50000,0.1,0.1
0.038388,0.039849,sumher_ldak,44,50000,0.1,0.1
0.086113,0.04102,sumher_ldak,45,50000,0.1,0.1
0.025591,0.039921,sumher_ldak,46,50000,0.1,0.1
0.052992,0.040766,sumher_ldak,47,50000,0.1,0.1
0.04031,0.039777,sumher_ldak,48,50000,0.1,0.1
0.107518,0.041033,sumher_ldak,49,50000,0.1,0.1
0.09026,0.040726,sumher_ldak,50,50000,0.1,0.1
0.115073,0.040586,sumher_ldak,51,50000,0.1,0.1
0.057888,0.040464,sumher_ldak,52,50000,0.1,0.1
0.107719,0.040457,sumher_ldak,53,50000,0.1,0.1
0.095261,0.040697,sumher_ldak,54,50000,0.1,0.1
0.050475,0.040168,sumher_ldak,55,50000,0.1,0.1
0.094195,0.040748,sumher_ldak,56,50000,0.1,0.1
0.098115,0.040368,sumher_ldak,57,50000,0.1,0.1
-0.017263,0.040377,sumher_ldak,58,50000,0.1,0.1
0.111895,0.040439,sumher_ldak,59,50000,0.1,0.1
0.113391,0.040896,sumher_ldak,60,50000,0.1,0.1
0.083085,0.040438,sumher_ldak,61,50000,0.1,0.1
0.113076,0.041127,sumher_ldak,62,50000,0.1,0.1
0.141436,0.041278,sumher_ldak,63,50000,0.1,0.1
0.059821,0.040587,sumher_ldak,64,50000,0.1,0.1
0.124372,0.041354,sumher_ldak,65,50000,0.1,0.1
0.018618,0.03957,sumher_ldak,66,50000,0.1,0.1
0.083824,0.040698,sumher_ldak,67,50000,0.1,0.1
0.155186,0.041602,sumher_ldak,68,50000,0.1,0.1
0.064118,0.040464,sumher_ldak,69,50000,0.1,0.1
0.048453,0.040231,sumher_ldak,70,50000,0.1,0.1
0.045465,0.039701,sumher_ldak,71,50000,0.1,0.1
0.07828,0.040916,sumher_ldak,72,50000,0.1,0.1
0.065149,0.040579,sumher_ldak,73,50000,0.1,0.1
0.090014,0.040247,sumher_ldak,74,50000,0.1,0.1
0.088487,0.041123,sumher_ldak,75,50000,0.1,0.1
0.034726,0.040143,sumher_ldak,76,50000,0.1,0.1
0.11875,0.040983,sumher_ldak,77,50000,0.1,0.1
0.126209,0.040403,sumher_ldak,78,50000,0.1,0.1
0.002482,0.039786,sumher_ldak,79,50000,0.1,0.1
0.083332,0.040466,sumher_ldak,80,50000,0.1,0.1
0.108784,0.041054,sumher_ldak,81,50000,0.1,0.1
0.112442,0.041487,sumher_ldak,82,50000,0.1,0.1
0.041891,0.040228,sumher_ldak,83,50000,0.1,0.1
0.052974,0.04004,sumher_ldak,84,50000,0.1,0.1
0.135813,0.041154,sumher_ldak,85,50000,0.1,0.1
0.100966,0.040319,sumher_ldak,86,50000,0.1,0.1
0.078963,0.040669,sumher_ldak,87,50000,0.1,0.1
0.087205,0.040281,sumher_ldak,88,50000,0.1,0.1
0.087181,0.0405,sumher_ldak,89,50000,0.1,0.1
0.063343,0.040481,sumher_ldak,90,50000,0.1,0.1
0.027206,0.040817,sumher_ldak,91,50000,0.1,0.1
0.038572,0.040038,sumher_ldak,92,50000,0.1,0.1
0.164404,0.041257,sumher_ldak,93,50000,0.1,0.1
0.065853,0.040517,sumher_ldak,94,50000,0.1,0.1
0.120913,0.04124,sumher_ldak,95,50000,0.1,0.1
0.010018,0.039333,sumher_ldak,96,50000,0.1,0.1
0.189627,0.041092,sumher_ldak,97,50000,0.1,0.1
0.11408,0.040851,sumher_ldak,98,50000,0.1,0.1
0.092069,0.040329,sumher_ldak,99,50000,0.1,0.1
0.086675,0.041265,sumher_ldak,0,2000,0.1,0.01
0.075113,0.040839,sumher_ldak,1,2000,0.1,0.01
0.110565,0.04075,sumher_ldak,2,2000,0.1,0.01
0.031361,0.040403,sumher_ldak,3,2000,0.1,0.01
0.109677,0.04123,sumher_ldak,4,2000,0.1,0.01
0.073161,0.041303,sumher_ldak,5,2000,0.1,0.01
0.037814,0.040651,sumher_ldak,6,2000,0.1,0.01
0.098522,0.0416,sumher_ldak,7,2000,0.1,0.01
0.169792,0.041728,sumher_ldak,8,2000,0.1,0.01
0.066135,0.041055,sumher_ldak,9,2000,0.1,0.01
0.05757,0.040978,sumher_ldak,10,2000,0.1,0.01
0.101504,0.041191,sumher_ldak,11,2000,0.1,0.01
0.032849,0.04033,sumher_ldak,12,2000,0.1,0.01
0.067787,0.040592,sumher_ldak,13,2000,0.1,0.01
0.070227,0.040199,sumher_ldak,14,2000,0.1,0.01
0.123143,0.040754,sumher_ldak,15,2000,0.1,0.01
0.027595,0.040242,sumher_ldak,16,2000,0.1,0.01
0.18698,0.041451,sumher_ldak,17,2000,0.1,0.01
0.169381,0.041629,sumher_ldak,18,2000,0.1,0.01
0.096523,0.040648,sumher_ldak,19,2000,0.1,0.01
0.027599,0.040479,sumher_ldak,20,2000,0.1,0.01
0.06111,0.041383,sumher_ldak,21,2000,0.1,0.01
0.088362,0.040852,sumher_ldak,22,2000,0.1,0.01
0.022521,0.03982,sumher_ldak,23,2000,0.1,0.01
0.079234,0.040155,sumher_ldak,24,2000,0.1,0.01
0.09954,0.041221,sumher_ldak,25,2000,0.1,0.01
0.125196,0.040756,sumher_ldak,26,2000,0.1,0.01
0.092543,0.040976,sumher_ldak,27,2000,0.1,0.01
0.164663,0.041585,sumher_ldak,28,2000,0.1,0.01
0.106463,0.04155,sumher_ldak,29,2000,0.1,0.01
0.171516,0.041447,sumher_ldak,30,2000,0.1,0.01
0.13454,0.041686,sumher_ldak,31,2000,0.1,0.01
0.082201,0.040938,sumher_ldak,32,2000,0.1,0.01
0.136961,0.041216,sumher_ldak,33,2000,0.1,0.01
0.111891,0.04127,sumher_ldak,34,2000,0.1,0.01
0.030758,0.040411,sumher_ldak,35,2000,0.1,0.01
0.076591,0.040159,sumher_ldak,36,2000,0.1,0.01
0.061094,0.041284,sumher_ldak,37,2000,0.1,0.01
0.092686,0.04137,sumher_ldak,38,2000,0.1,0.01
-0.001688,0.040438,sumher_ldak,39,2000,0.1,0.01
0.086445,0.041246,sumher_ldak,40,2000,0.1,0.01
0.060342,0.040941,sumher_ldak,41,2000,0.1,0.01
0.099804,0.041111,sumher_ldak,42,2000,0.1,0.01
0.018747,0.040319,sumher_ldak,43,2000,0.1,0.01
0.081709,0.04138,sumher_ldak,44,2000,0.1,0.01
0.012653,0.040053,sumher_ldak,45,2000,0.1,0.01
0.016673,0.040481,sumher_ldak,46,2000,0.1,0.01
0.076967,0.04066,sumher_ldak,47,2000,0.1,0.01
0.062616,0.040911,sumher_ldak,48,2000,0.1,0.01
-0.045435,0.040171,sumher_ldak,49,2000,0.1,0.01
0.024459,0.040955,sumher_ldak,50,2000,0.1,0.01
0.061022,0.041506,sumher_ldak,51,2000,0.1,0.01
0.115509,0.041281,sumher_ldak,52,2000,0.1,0.01
0.104853,0.041357,sumher_ldak,53,2000,0.1,0.01
0.135554,0.041243,sumher_ldak,54,2000,0.1,0.01
-0.007087,0.039089,sumher_ldak,55,2000,0.1,0.01
0.126257,0.041228,sumher_ldak,56,2000,0.1,0.01
0.072015,0.040417,sumher_ldak,57,2000,0.1,0.01
0.143004,0.041566,sumher_ldak,58,2000,0.1,0.01
0.033009,0.040765,sumher_ldak,59,2000,0.1,0.01
0.075109,0.041223,sumher_ldak,60,2000,0.1,0.01
0.0517,0.041148,sumher_ldak,61,2000,0.1,0.01
0.085665,0.041362,sumher_ldak,62,2000,0.1,0.01
0.116783,0.041397,sumher_ldak,63,2000,0.1,0.01
0.118559,0.04138,sumher_ldak,64,2000,0.1,0.01
0.062211,0.040388,sumher_ldak,65,2000,0.1,0.01
0.076288,0.040414,sumher_ldak,66,2000,0.1,0.01
0.094419,0.040924,sumher_ldak,67,2000,0.1,0.01
0.097135,0.040819,sumher_ldak,68,2000,0.1,0.01
0.09742,0.041562,sumher_ldak,69,2000,0.1,0.01
0.059535,0.040707,sumher_ldak,70,2000,0.1,0.01
0.08051,0.041164,sumher_ldak,71,2000,0.1,0.01
0.018078,0.040199,sumher_ldak,72,2000,0.1,0.01
0.022024,0.040699,sumher_ldak,73,2000,0.1,0.01
0.09467,0.041497,sumher_ldak,74,2000,0.1,0.01
0.105636,0.041777,sumher_ldak,75,2000,0.1,0.01
0.045756,0.040937,sumher_ldak,76,2000,0.1,0.01
0.067131,0.040764,sumher_ldak,77,2000,0.1,0.01
0.038512,0.03992,sumher_ldak,78,2000,0.1,0.01
0.046096,0.040647,sumher_ldak,79,2000,0.1,0.01
-0.002226,0.040158,sumher_ldak,80,2000,0.1,0.01
0.090222,0.04091,sumher_ldak,81,2000,0.1,0.01
0.158748,0.041357,sumher_ldak,82,2000,0.1,0.01
0.038961,0.040559,sumher_ldak,83,2000,0.1,0.01
0.121566,0.041196,sumher_ldak,84,2000,0.1,0.01
0.206612,0.041369,sumher_ldak,85,2000,0.1,0.01
0.088776,0.040526,sumher_ldak,86,2000,0.1,0.01
0.11171,0.041308,sumher_ldak,87,2000,0.1,0.01
0.053641,0.041047,sumher_ldak,88,2000,0.1,0.01
0.00977,0.040399,sumher_ldak,89,2000,0.1,0.01
0.066478,0.040645,sumher_ldak,90,2000,0.1,0.01
0.04354,0.04096,sumher_ldak,91,2000,0.1,0.01
0.087422,0.041269,sumher_ldak,92,2000,0.1,0.01
0.060354,0.040984,sumher_ldak,93,2000,0.1,0.01
0.114497,0.041187,sumher_ldak,94,2000,0.1,0.01
0.096575,0.041347,sumher_ldak,95,2000,0.1,0.01
0.094312,0.041159,sumher_ldak,96,2000,0.1,0.01
0.054897,0.040378,sumher_ldak,97,2000,0.1,0.01
0.091303,0.041454,sumher_ldak,98,2000,0.1,0.01
0.112954,0.041016,sumher_ldak,99,2000,0.1,0.01
0.084644,0.040956,sumher_ldak,0,20000,0.1,0.01
0.074359,0.04066,sumher_ldak,1,20000,0.1,0.01
0.107786,0.040332,sumher_ldak,2,20000,0.1,0.01
0.031411,0.04012,sumher_ldak,3,20000,0.1,0.01
0.107635,0.04099,sumher_ldak,4,20000,0.1,0.01
0.071897,0.041034,sumher_ldak,5,20000,0.1,0.01
0.0371,0.040472,sumher_ldak,6,20000,0.1,0.01
0.098116,0.041444,sumher_ldak,7,20000,0.1,0.01
0.167573,0.04154,sumher_ldak,8,20000,0.1,0.01
0.064955,0.040725,sumher_ldak,9,20000,0.1,0.01
0.057248,0.040755,sumher_ldak,10,20000,0.1,0.01
0.098789,0.040844,sumher_ldak,11,20000,0.1,0.01
0.032202,0.040135,sumher_ldak,12,20000,0.1,0.01
0.067122,0.040302,sumher_ldak,13,20000,0.1,0.01
0.068537,0.039862,sumher_ldak,14,20000,0.1,0.01
0.119986,0.040395,sumher_ldak,15,20000,0.1,0.01
0.027985,0.039946,sumher_ldak,16,20000,0.1,0.01
0.182868,0.041111,sumher_ldak,17,20000,0.1,0.01
0.166775,0.0413,sumher_ldak,18,20000,0.1,0.01
0.094839,0.040336,sumher_ldak,19,20000,0.1,0.01
0.027173,0.040244,sumher_ldak,20,20000,0.1,0.01
0.060188,0.041128,sumher_ldak,21,20000,0.1,0.01
0.087443,0.040684,sumher_ldak,22,20000,0.1,0.01
0.021646,0.039406,sumher_ldak,23,20000,0.1,0.01
0.077281,0.039736,sumher_ldak,24,20000,0.1,0.01
0.098419,0.040995,sumher_ldak,25,20000,0.1,0.01
0.124036,0.04058,sumher_ldak,26,20000,0.1,0.01
0.091863,0.040756,sumher_ldak,27,20000,0.1,0.01
0.162745,0.041361,sumher_ldak,28,20000,0.1,0.01
0.105591,0.041359,sumher_ldak,29,20000,0.1,0.01
0.168924,0.041175,sumher_ldak,30,20000,0.1,0.01
0.132533,0.041429,sumher_ldak,31,20000,0.1,0.01
0.08007,0.040579,sumher_ldak,32,20000,0.1,0.01
0.13519,0.040934,sumher_ldak,33,20000,0.1,0.01
0.110293,0.041017,sumher_ldak,34,20000,0.1,0.01
0.030371,0.040123,sumher_ldak,35,20000,0.1,0.01
0.075169,0.039804,sumher_ldak,36,20000,0.1,0.01
0.060098,0.041073,sumher_ldak,37,20000,0.1,0.01
0.090982,0.041114,sumher_ldak,38,20000,0.1,0.01
-0.001178,0.040125,sumher_ldak,39,20000,0.1,0.01
0.084599,0.040886,sumher_ldak,40,20000,0.1,0.01
0.059399,0.040697,sumher_ldak,41,20000,0.1,0.01
0.097702,0.040861,sumher_ldak,42,20000,0.1,0.01
0.018732,0.039941,sumher_ldak,43,20000,0.1,0.01
0.081229,0.041194,sumher_ldak,44,20000,0.1,0.01
0.012825,0.039761,sumher_ldak,45,20000,0.1,0.01
0.015833,0.04006,sumher_ldak,46,20000,0.1,0.01
0.076081,0.040425,sumher_ldak,47,20000,0.1,0.01
0.061834,0.040685,sumher_ldak,48,20000,0.1,0.01
-0.044854,0.039897,sumher_ldak,49,20000,0.1,0.01
0.024175,0.040577,sumher_ldak,50,20000,0.1,0.01
0.060469,0.041241,sumher_ldak,51,20000,0.1,0.01
0.112627,0.040971,sumher_ldak,52,20000,0.1,0.01
0.10437,0.04121,sumher_ldak,53,20000,0.1,0.01
0.133631,0.040989,sumher_ldak,54,20000,0.1,0.01
-0.007164,0.038517,sumher_ldak,55,20000,0.1,0.01
0.124304,0.040974,sumher_ldak,56,20000,0.1,0.01
0.071446,0.040222,sumher_ldak,57,20000,0.1,0.01
0.140225,0.041269,sumher_ldak,58,20000,0.1,0.01
0.032781,0.040509,sumher_ldak,59,20000,0.1,0.01
0.074018,0.041045,sumher_ldak,60,20000,0.1,0.01
0.051204,0.0409,sumher_ldak,61,20000,0.1,0.01
0.084601,0.041171,sumher_ldak,62,20000,0.1,0.01
0.115574,0.0412,sumher_ldak,63,20000,0.1,0.01
0.117165,0.041086,sumher_ldak,64,20000,0.1,0.01
0.062143,0.040151,sumher_ldak,65,20000,0.1,0.01
0.074803,0.040094,sumher_ldak,66,20000,0.1,0.01
0.093313,0.040737,sumher_ldak,67,20000,0.1,0.01
0.096469,0.040645,sumher_ldak,68,20000,0.1,0.01
0.095913,0.041275,sumher_ldak,69,20000,0.1,0.01
0.059295,0.040486,sumher_ldak,70,20000,0.1,0.01
0.079051,0.040956,sumher_ldak,71,20000,0.1,0.01
0.017998,0.039857,sumher_ldak,72,20000,0.1,0.01
0.021814,0.040517,sumher_ldak,73,20000,0.1,0.01
0.093435,0.04125,sumher_ldak,74,20000,0.1,0.01
0.104038,0.041573,sumher_ldak,75,20000,0.1,0.01
0.045133,0.040702,sumher_ldak,76,20000,0.1,0.01
0.065653,0.040485,sumher_ldak,77,20000,0.1,0.01
0.037459,0.03967,sumher_ldak,78,20000,0.1,0.01
0.045437,0.040329,sumher_ldak,79,20000,0.1,0.01
-0.002402,0.039987,sumher_ldak,80,20000,0.1,0.01
0.089037,0.040702,sumher_ldak,81,20000,0.1,0.01
0.156318,0.041135,sumher_ldak,82,20000,0.1,0.01
0.038415,0.040215,sumher_ldak,83,20000,0.1,0.01
0.119807,0.04095,sumher_ldak,84,20000,0.1,0.01
0.203146,0.041107,sumher_ldak,85,20000,0.1,0.01
0.087897,0.040311,sumher_ldak,86,20000,0.1,0.01
0.110498,0.041104,sumher_ldak,87,20000,0.1,0.01
0.053191,0.04088,sumher_ldak,88,20000,0.1,0.01
0.009086,0.040157,sumher_ldak,89,20000,0.1,0.01
0.065513,0.040396,sumher_ldak,90,20000,0.1,0.01
0.043033,0.040701,sumher_ldak,91,20000,0.1,0.01
0.085544,0.040916,sumher_ldak,92,20000,0.1,0.01
0.059576,0.040731,sumher_ldak,93,20000,0.1,0.01
0.112215,0.040874,sumher_ldak,94,20000,0.1,0.01
0.09543,0.041087,sumher_ldak,95,20000,0.1,0.01
0.091493,0.040745,sumher_ldak,96,20000,0.1,0.01
0.05389,0.040078,sumher_ldak,97,20000,0.1,0.01
0.09015,0.041253,sumher_ldak,98,20000,0.1,0.01
0.111537,0.040859,sumher_ldak,99,20000,0.1,0.01
0.084571,0.04095,sumher_ldak,0,50000,0.1,0.01
0.074191,0.040653,sumher_ldak,1,50000,0.1,0.01
0.107803,0.040326,sumher_ldak,2,50000,0.1,0.01
0.031356,0.040119,sumher_ldak,3,50000,0.1,0.01
0.107519,0.040983,sumher_ldak,4,50000,0.1,0.01
0.071745,0.041028,sumher_ldak,5,50000,0.1,0.01
0.03708,0.040468,sumher_ldak,6,50000,0.1,0.01
0.098124,0.041439,sumher_ldak,7,50000,0.1,0.01
0.167796,0.041539,sumher_ldak,8,50000,0.1,0.01
0.065014,0.04072,sumher_ldak,9,50000,0.1,0.01
0.057132,0.040749,sumher_ldak,10,50000,0.1,0.01
0.098715,0.040839,sumher_ldak,11,50000,0.1,0.01
0.032351,0.040132,sumher_ldak,12,50000,0.1,0.01
0.067048,0.040296,sumher_ldak,13,50000,0.1,0.01
0.06841,0.039856,sumher_ldak,14,50000,0.1,0.01
0.120028,0.040392,sumher_ldak,15,50000,0.1,0.01
0.02796,0.03994,sumher_ldak,16,50000,0.1,0.01
0.182847,0.041107,sumher_ldak,17,50000,0.1,0.01
0.166849,0.041295,sumher_ldak,18,50000,0.1,0.01
0.094844,0.040332,sumher_ldak,19,50000,0.1,0.01
0.027284,0.040242,sumher_ldak,20,50000,0.1,0.01
0.060264,0.041125,sumher_ldak,21,50000,0.1,0.01
0.087484,0.04068,sumher_ldak,22,50000,0.1,0.01
0.021875,0.039405,sumher_ldak,23,50000,0.1,0.01
0.077243,0.03973,sumher_ldak,24,50000,0.1,0.01
0.098508,0.040992,sumher_ldak,25,50000,0.1,0.01
0.124048,0.040576,sumher_ldak,26,50000,0.1,0.01
0.091707,0.04075,sumher_ldak,27,50000,0.1,0.01
0.162556,0.041354,sumher_ldak,28,50000,0.1,0.01
0.10545,0.041353,sumher_ldak,29,50000,0.1,0.01
0.168906,0.041172,sumher_ldak,30,50000,0.1,0.01
0.132421,0.041422,sumher_ldak,31,50000,0.1,0.01
0.080213,0.040576,sumher_ldak,32,50000,0.1,0.01
0.135322,0.040932,sumher_ldak,33,50000,0.1,0.01
0.110259,0.041012,sumher_ldak,34,50000,0.1,0.01
0.030335,0.040117,sumher_ldak,35,50000,0.1,0.01
0.075075,0.039798,sumher_ldak,36,50000,0.1,0.01
0.060126,0.04107,sumher_ldak,37,50000,0.1,0.01
0.090845,0.041108,sumher_ldak,38,50000,0.1,0.01
-0.001255,0.04012,sumher_ldak,39,50000,0.1,0.01
0.084471,0.04088,sumher_ldak,40,50000,0.1,0.01
0.059278,0.040692,sumher_ldak,41,50000,0.1,0.01
0.097602,0.040855,sumher_ldak,42,50000,0.1,0.01
0.018729,0.039937,sumher_ldak,43,50000,0.1,0.01
0.081235,0.041191,sumher_ldak,44,50000,0.1,0.01
0.012867,0.039757,sumher_ldak,45,50000,0.1,0.01
0.015862,0.040057,sumher_ldak,46,50000,0.1,0.01
0.076194,0.040423,sumher_ldak,47,50000,0.1,0.01
0.061724,0.04068,sumher_ldak,48,50000,0.1,0.01
-0.044813,0.039893,sumher_ldak,49,50000,0.1,0.01
0.024014,0.040569,sumher_ldak,50,50000,0.1,0.01
0.060307,0.041235,sumher_ldak,51,50000,0.1,0.01
0.112577,0.040967,sumher_ldak,52,50000,0.1,0.01
0.10427,0.041204,sumher_ldak,53,50000,0.1,0.01
0.13349,0.040982,sumher_ldak,54,50000,0.1,0.01
-0.007138,0.038512,sumher_ldak,55,50000,0.1,0.01
0.124157,0.040968,sumher_ldak,56,50000,0.1,0.01
0.071558,0.04022,sumher_ldak,57,50000,0.1,0.01
0.140146,0.041263,sumher_ldak,58,50000,0.1,0.01
0.032755,0.040504,sumher_ldak,59,50000,0.1,0.01
0.073786,0.041037,sumher_ldak,60,50000,0.1,0.01
0.051353,0.040898,sumher_ldak,61,50000,0.1,0.01
0.08477,0.041168,sumher_ldak,62,50000,0.1,0.01
0.115538,0.041194,sumher_ldak,63,50000,0.1,0.01
0.117131,0.041081,sumher_ldak,64,50000,0.1,0.01
0.061939,0.040144,sumher_ldak,65,50000,0.1,0.01
0.074708,0.040089,sumher_ldak,66,50000,0.1,0.01
0.09323,0.040731,sumher_ldak,67,50000,0.1,0.01
0.096629,0.040642,sumher_ldak,68,50000,0.1,0.01
0.095821,0.041268,sumher_ldak,69,50000,0.1,0.01
0.059131,0.040479,sumher_ldak,70,50000,0.1,0.01
0.078949,0.04095,sumher_ldak,71,50000,0.1,0.01
0.018038,0.039854,sumher_ldak,72,50000,0.1,0.01
0.021899,0.040514,sumher_ldak,73,50000,0.1,0.01
0.093452,0.041246,sumher_ldak,74,50000,0.1,0.01
0.104088,0.041568,sumher_ldak,75,50000,0.1,0.01
0.045112,0.040698,sumher_ldak,76,50000,0.1,0.01
0.065508,0.040479,sumher_ldak,77,50000,0.1,0.01
0.037336,0.039663,sumher_ldak,78,50000,0.1,0.01
0.045614,0.040326,sumher_ldak,79,50000,0.1,0.01
-0.0024,0.039983,sumher_ldak,80,50000,0.1,0.01
0.088905,0.040695,sumher_ldak,81,50000,0.1,0.01
0.156271,0.041129,sumher_ldak,82,50000,0.1,0.01
0.038556,0.040212,sumher_ldak,83,50000,0.1,0.01
0.119659,0.040943,sumher_ldak,84,50000,0.1,0.01
0.202921,0.0411,sumher_ldak,85,50000,0.1,0.01
0.087784,0.040306,sumher_ldak,86,50000,0.1,0.01
0.110287,0.041096,sumher_ldak,87,50000,0.1,0.01
0.053226,0.040876,sumher_ldak,88,50000,0.1,0.01
0.009277,0.040155,sumher_ldak,89,50000,0.1,0.01
0.065383,0.040389,sumher_ldak,90,50000,0.1,0.01
0.042986,0.040696,sumher_ldak,91,50000,0.1,0.01
0.085663,0.040911,sumher_ldak,92,50000,0.1,0.01
0.059502,0.040726,sumher_ldak,93,50000,0.1,0.01
0.112136,0.040868,sumher_ldak,94,50000,0.1,0.01
0.095429,0.041083,sumher_ldak,95,50000,0.1,0.01
0.091594,0.040742,sumher_ldak,96,50000,0.1,0.01
0.053629,0.04007,sumher_ldak,97,50000,0.1,0.01
0.090295,0.041249,sumher_ldak,98,50000,0.1,0.01
0.111428,0.040855,sumher_ldak,99,50000,0.1,0.01
0.269341,0.04259,sumher_ldak,0,2000,0.25,1.0
0.197989,0.041467,sumher_ldak,1,2000,0.25,1.0
0.230254,0.042126,sumher_ldak,2,2000,0.25,1.0
0.183107,0.041598,sumher_ldak,3,2000,0.25,1.0
0.278383,0.042251,sumher_ldak,4,2000,0.25,1.0
0.211845,0.042255,sumher_ldak,5,2000,0.25,1.0
0.168736,0.041448,sumher_ldak,6,2000,0.25,1.0
0.280533,0.042072,sumher_ldak,7,2000,0.25,1.0
0.195554,0.04233,sumher_ldak,8,2000,0.25,1.0
0.232529,0.04287,sumher_ldak,9,2000,0.25,1.0
0.171085,0.04128,sumher_ldak,10,2000,0.25,1.0
0.226228,0.041962,sumher_ldak,11,2000,0.25,1.0
0.144986,0.041493,sumher_ldak,12,2000,0.25,1.0
0.142386,0.04174,sumher_ldak,13,2000,0.25,1.0
0.211462,0.042296,sumher_ldak,14,2000,0.25,1.0
0.19905,0.041404,sumher_ldak,15,2000,0.25,1.0
0.211864,0.041867,sumher_ldak,16,2000,0.25,1.0
0.206475,0.041824,sumher_ldak,17,2000,0.25,1.0
0.244092,0.042618,sumher_ldak,18,2000,0.25,1.0
0.238623,0.042544,sumher_ldak,19,2000,0.25,1.0
0.236908,0.042075,sumher_ldak,20,2000,0.25,1.0
0.165804,0.041619,sumher_ldak,21,2000,0.25,1.0
0.225329,0.042405,sumher_ldak,22,2000,0.25,1.0
0.273209,0.042052,sumher_ldak,23,2000,0.25,1.0
0.219667,0.04182,sumher_ldak,24,2000,0.25,1.0
0.268485,0.042763,sumher_ldak,25,2000,0.25,1.0
0.218792,0.042706,sumher_ldak,26,2000,0.25,1.0
0.248357,0.042824,sumher_ldak,27,2000,0.25,1.0
0.255625,0.042531,sumher_ldak,28,2000,0.25,1.0
0.152687,0.04172,sumher_ldak,29,2000,0.25,1.0
0.122776,0.041459,sumher_ldak,30,2000,0.25,1.0
0.250566,0.04238,sumher_ldak,31,2000,0.25,1.0
0.163355,0.041978,sumher_ldak,32,2000,0.25,1.0
0.183073,0.042392,sumher_ldak,33,2000,0.25,1.0
0.243097,0.042039,sumher_ldak,34,2000,0.25,1.0
0.190847,0.04189,sumher_ldak,35,2000,0.25,1.0
0.139419,0.041793,sumher_ldak,36,2000,0.25,1.0
0.192725,0.042038,sumher_ldak,37,2000,0.25,1.0
0.17811,0.041378,sumher_ldak,38,2000,0.25,1.0
0.198396,0.041924,sumher_ldak,39,2000,0.25,1.0
0.148739,0.042133,sumher_ldak,40,2000,0.25,1.0
0.261436,0.041995,sumher_ldak,41,2000,0.25,1.0
0.159772,0.041671,sumher_ldak,42,2000,0.25,1.0
0.184994,0.042104,sumher_ldak,43,2000,0.25,1.0
0.263796,0.042725,sumher_ldak,44,2000,0.25,1.0
0.260704,0.042369,sumher_ldak,45,2000,0.25,1.0
0.220465,0.042407,sumher_ldak,46,2000,0.25,1.0
0.274261,0.042429,sumher_ldak,47,2000,0.25,1.0
0.241233,0.042772,sumher_ldak,48,2000,0.25,1.0
0.200224,0.041805,sumher_ldak,49,2000,0.25,1.0
0.215341,0.042559,sumher_ldak,50,2000,0.25,1.0
0.175982,0.041834,sumher_ldak,51,2000,0.25,1.0
0.21143,0.042001,sumher_ldak,52,2000,0.25,1.0
0.165969,0.041429,sumher_ldak,53,2000,0.25,1.0
0.224162,0.042868,sumher_ldak,54,2000,0.25,1.0
0.216394,0.041924,sumher_ldak,55,2000,0.25,1.0
0.210271,0.042441,sumher_ldak,56,2000,0.25,1.0
0.215334,0.042167,sumher_ldak,57,2000,0.25,1.0
0.114567,0.041398,sumher_ldak,58,2000,0.25,1.0
0.17158,0.042181,sumher_ldak,59,2000,0.25,1.0
0.211293,0.042062,sumher_ldak,60,2000,0.25,1.0
0.205483,0.042382,sumher_ldak,61,2000,0.25,1.0
0.166338,0.041702,sumher_ldak,62,2000,0.25,1.0
0.192959,0.04178,sumher_ldak,63,2000,0.25,1.0
0.179802,0.041979,sumher_ldak,64,2000,0.25,1.0
0.17535,0.041852,sumher_ldak,65,2000,0.25,1.0
0.159221,0.042308,sumher_ldak,66,2000,0.25,1.0
0.193332,0.041936,sumher_ldak,67,2000,0.25,1.0
0.163627,0.042381,sumher_ldak,68,2000,0.25,1.0
0.270352,0.04247,sumher_ldak,69,2000,0.25,1.0
0.21274,0.042584,sumher_ldak,70,2000,0.25,1.0
0.196734,0.041472,sumher_ldak,71,2000,0.25,1.0
0.195649,0.04204,sumher_ldak,72,2000,0.25,1.0
0.170531,0.041947,sumher_ldak,73,2000,0.25,1.0
0.138911,0.041817,sumher_ldak,74,2000,0.25,1.0
0.131968,0.041888,sumher_ldak,75,2000,0.25,1.0
0.134934,0.040853,sumher_ldak,76,2000,0.25,1.0
0.200256,0.04212,sumher_ldak,77,2000,0.25,1.0
0.131632,0.04118,sumher_ldak,78,2000,0.25,1.0
0.157112,0.041535,sumher_ldak,79,2000,0.25,1.0
0.145821,0.04191,sumher_ldak,80,2000,0.25,1.0
0.2255,0.042198,sumher_ldak,81,2000,0.25,1.0
0.061404,0.04084,sumher_ldak,82,2000,0.25,1.0
0.190616,0.042241,sumher_ldak,83,2000,0.25,1.0
0.15142,0.041875,sumher_ldak,84,2000,0.25,1.0
0.268932,0.042477,sumher_ldak,85,2000,0.25,1.0
0.20595,0.042535,sumher_ldak,86,2000,0.25,1.0
0.121655,0.041332,sumher_ldak,87,2000,0.25,1.0
0.194633,0.041979,sumher_ldak,88,2000,0.25,1.0
0.239376,0.04258,sumher_ldak,89,2000,0.25,1.0
0.190719,0.042168,sumher_ldak,90,2000,0.25,1.0
0.27836,0.042343,sumher_ldak,91,2000,0.25,1.0
0.239883,0.042014,sumher_ldak,92,2000,0.25,1.0
0.14364,0.041468,sumher_ldak,93,2000,0.25,1.0
0.187141,0.04215,sumher_ldak,94,2000,0.25,1.0
0.144704,0.041802,sumher_ldak,95,2000,0.25,1.0
0.233375,0.041564,sumher_ldak,96,2000,0.25,1.0
0.179178,0.041721,sumher_ldak,97,2000,0.25,1.0
0.226667,0.04224,sumher_ldak,98,2000,0.25,1.0
0.234057,0.042662,sumher_ldak,99,2000,0.25,1.0
0.265712,0.042384,sumher_ldak,0,20000,0.25,1.0
0.194348,0.041207,sumher_ldak,1,20000,0.25,1.0
0.227434,0.041911,sumher_ldak,2,20000,0.25,1.0
0.180962,0.041398,sumher_ldak,3,20000,0.25,1.0
0.274298,0.042024,sumher_ldak,4,20000,0.25,1.0
0.208538,0.042001,sumher_ldak,5,20000,0.25,1.0
0.166945,0.041225,sumher_ldak,6,20000,0.25,1.0
0.277024,0.041852,sumher_ldak,7,20000,0.25,1.0
0.193025,0.04213,sumher_ldak,8,20000,0.25,1.0
0.22886,0.042596,sumher_ldak,9,20000,0.25,1.0
0.168455,0.041035,sumher_ldak,10,20000,0.25,1.0
0.220662,0.041601,sumher_ldak,11,20000,0.25,1.0
0.14347,0.041272,sumher_ldak,12,20000,0.25,1.0
0.140306,0.041508,sumher_ldak,13,20000,0.25,1.0
0.209026,0.042109,sumher_ldak,14,20000,0.25,1.0
0.195455,0.041108,sumher_ldak,15,20000,0.25,1.0
0.208132,0.041591,sumher_ldak,16,20000,0.25,1.0
0.204168,0.041641,sumher_ldak,17,20000,0.25,1.0
0.241678,0.042447,sumher_ldak,18,20000,0.25,1.0
0.23623,0.042361,sumher_ldak,19,20000,0.25,1.0
0.234373,0.041874,sumher_ldak,20,20000,0.25,1.0
0.162088,0.041259,sumher_ldak,21,20000,0.25,1.0
0.223002,0.042206,sumher_ldak,22,20000,0.25,1.0
0.268309,0.041762,sumher_ldak,23,20000,0.25,1.0
0.217565,0.041628,sumher_ldak,24,20000,0.25,1.0
0.263436,0.042489,sumher_ldak,25,20000,0.25,1.0
0.216814,0.042498,sumher_ldak,26,20000,0.25,1.0
0.245362,0.042606,sumher_ldak,27,20000,0.25,1.0
0.251255,0.042268,sumher_ldak,28,20000,0.25,1.0
0.151571,0.041514,sumher_ldak,29,20000,0.25,1.0
0.122064,0.041273,sumher_ldak,30,20000,0.25,1.0
0.246928,0.042138,sumher_ldak,31,20000,0.25,1.0
0.161626,0.041791,sumher_ldak,32,20000,0.25,1.0
0.181034,0.042166,sumher_ldak,33,20000,0.25,1.0
0.238983,0.041762,sumher_ldak,34,20000,0.25,1.0
0.187604,0.041621,sumher_ldak,35,20000,0.25,1.0
0.137569,0.041553,sumher_ldak,36,20000,0.25,1.0
0.190631,0.041827,sumher_ldak,37,20000,0.25,1.0
0.175994,0.041186,sumher_ldak,38,20000,0.25,1.0
0.194874,0.041659,sumher_ldak,39,20000,0.25,1.0
0.147432,0.04195,sumher_ldak,40,20000,0.25,1.0
0.25564,0.041683,sumher_ldak,41,20000,0.25,1.0
0.156821,0.041342,sumher_ldak,42,20000,0.25,1.0
0.182726,0.041882,sumher_ldak,43,20000,0.25,1.0
0.25963,0.042475,sumher_ldak,44,20000,0.25,1.0
0.258479,0.042188,sumher_ldak,45,20000,0.25,1.0
0.216893,0.042124,sumher_ldak,46,20000,0.25,1.0
0.268303,0.042101,sumher_ldak,47,20000,0.25,1.0
0.238498,0.042543,sumher_ldak,48,20000,0.25,1.0
0.198534,0.041634,sumher_ldak,49,20000,0.25,1.0
0.210874,0.042258,sumher_ldak,50,20000,0.25,1.0
0.172811,0.041587,sumher_ldak,51,20000,0.25,1.0
0.208269,0.041722,sumher_ldak,52,20000,0.25,1.0
0.161141,0.041039,sumher_ldak,53,20000,0.25,1.0
0.221961,0.042655,sumher_ldak,54,20000,0.25,1.0
0.21257,0.04163,sumher_ldak,55,20000,0.25,1.0
0.207052,0.042189,sumher_ldak,56,20000,0.25,1.0
0.212439,0.041969,sumher_ldak,57,20000,0.25,1.0
0.113085,0.041184,sumher_ldak,58,20000,0.25,1.0
0.16955,0.041945,sumher_ldak,59,20000,0.25,1.0
0.208071,0.041794,sumher_ldak,60,20000,0.25,1.0
0.203113,0.042171,sumher_ldak,61,20000,0.25,1.0
0.162659,0.04132,sumher_ldak,62,20000,0.25,1.0
0.189637,0.041521,sumher_ldak,63,20000,0.25,1.0
0.17695,0.041734,sumher_ldak,64,20000,0.25,1.0
0.173348,0.041634,sumher_ldak,65,20000,0.25,1.0
0.157492,0.042068,sumher_ldak,66,20000,0.25,1.0
0.190508,0.041714,sumher_ldak,67,20000,0.25,1.0
0.161923,0.042149,sumher_ldak,68,20000,0.25,1.0
0.264533,0.042146,sumher_ldak,69,20000,0.25,1.0
0.210505,0.042389,sumher_ldak,70,20000,0.25,1.0
0.19301,0.041169,sumher_ldak,71,20000,0.25,1.0
0.193343,0.041802,sumher_ldak,72,20000,0.25,1.0
0.167838,0.041664,sumher_ldak,73,20000,0.25,1.0
0.137143,0.041576,sumher_ldak,74,20000,0.25,1.0
0.130801,0.041695,sumher_ldak,75,20000,0.25,1.0
0.132806,0.040589,sumher_ldak,76,20000,0.25,1.0
0.197455,0.041888,sumher_ldak,77,20000,0.25,1.0
0.129472,0.040874,sumher_ldak,78,20000,0.25,1.0
0.15513,0.041355,sumher_ldak,79,20000,0.25,1.0
0.142446,0.041543,sumher_ldak,80,20000,0.25,1.0
0.223549,0.042028,sumher_ldak,81,20000,0.25,1.0
0.0613,0.040685,sumher_ldak,82,20000,0.25,1.0
0.188132,0.042005,sumher_ldak,83,20000,0.25,1.0
0.149775,0.041643,sumher_ldak,84,20000,0.25,1.0
0.264871,0.042239,sumher_ldak,85,20000,0.25,1.0
0.2026,0.042277,sumher_ldak,86,20000,0.25,1.0
0.119732,0.041091,sumher_ldak,87,20000,0.25,1.0
0.191756,0.041695,sumher_ldak,88,20000,0.25,1.0
0.236233,0.042375,sumher_ldak,89,20000,0.25,1.0
0.188437,0.041967,sumher_ldak,90,20000,0.25,1.0
0.272913,0.042066,sumher_ldak,91,20000,0.25,1.0
0.233973,0.041678,sumher_ldak,92,20000,0.25,1.0
0.141489,0.041232,sumher_ldak,93,20000,0.25,1.0
0.185466,0.041976,sumher_ldak,94,20000,0.25,1.0
0.143405,0.041627,sumher_ldak,95,20000,0.25,1.0
0.229513,0.041327,sumher_ldak,96,20000,0.25,1.0
0.177184,0.041478,sumher_ldak,97,20000,0.25,1.0
0.224669,0.04205,sumher_ldak,98,20000,0.25,1.0
0.231203,0.042433,sumher_ldak,99,20000,0.25,1.0
0.265566,0.042378,sumher_ldak,0,50000,0.25,1.0
0.194455,0.041203,sumher_ldak,1,50000,0.25,1.0
0.22742,0.041907,sumher_ldak,2,50000,0.25,1.0
0.181066,0.041394,sumher_ldak,3,50000,0.25,1.0
0.273874,0.042015,sumher_ldak,4,50000,0.25,1.0
0.208342,0.041994,sumher_ldak,5,50000,0.25,1.0
0.166866,0.04122,sumher_ldak,6,50000,0.25,1.0
0.276849,0.041845,sumher_ldak,7,50000,0.25,1.0
0.193008,0.042126,sumher_ldak,8,50000,0.25,1.0
0.228651,0.04259,sumher_ldak,9,50000,0.25,1.0
0.168505,0.041031,sumher_ldak,10,50000,0.25,1.0
0.220582,0.041594,sumher_ldak,11,50000,0.25,1.0
0.143232,0.041264,sumher_ldak,12,50000,0.25,1.0
0.139932,0.041498,sumher_ldak,13,50000,0.25,1.0
0.208863,0.042102,sumher_ldak,14,50000,0.25,1.0
0.195262,0.041101,sumher_ldak,15,50000,0.25,1.0
0.208064,0.041585,sumher_ldak,16,50000,0.25,1.0
0.203998,0.041633,sumher_ldak,17,50000,0.25,1.0
0.241532,0.04244,sumher_ldak,18,50000,0.25,1.0
0.236189,0.042356,sumher_ldak,19,50000,0.25,1.0
0.234297,0.041869,sumher_ldak,20,50000,0.25,1.0
0.162183,0.041256,sumher_ldak,21,50000,0.25,1.0
0.222904,0.042201,sumher_ldak,22,50000,0.25,1.0
0.268442,0.041761,sumher_ldak,23,50000,0.25,1.0
0.21757,0.041623,sumher_ldak,24,50000,0.25,1.0
0.263123,0.042481,sumher_ldak,25,50000,0.25,1.0
0.216886,0.042493,sumher_ldak,26,50000,0.25,1.0
0.245273,0.042601,sumher_ldak,27,50000,0.25,1.0
0.251336,0.042264,sumher_ldak,28,50000,0.25,1.0
0.151532,0.041509,sumher_ldak,29,50000,0.25,1.0
0.122205,0.04127,sumher_ldak,30,50000,0.25,1.0
0.246857,0.042133,sumher_ldak,31,50000,0.25,1.0
0.161545,0.041786,sumher_ldak,32,50000,0.25,1.0
0.180935,0.04216,sumher_ldak,33,50000,0.25,1.0
0.239207,0.041762,sumher_ldak,34,50000,0.25,1.0
0.187404,0.041614,sumher_ldak,35,50000,0.25,1.0
0.137448,0.041548,sumher_ldak,36,50000,0.25,1.0
0.190507,0.041822,sumher_ldak,37,50000,0.25,1.0
0.175913,0.04118,sumher_ldak,38,50000,0.25,1.0
0.194817,0.041653,sumher_ldak,39,50000,0.25,1.0
0.147557,0.041947,sumher_ldak,40,50000,0.25,1.0
0.255432,0.041676,sumher_ldak,41,50000,0.25,1.0
0.156882,0.041337,sumher_ldak,42,50000,0.25,1.0
0.182872,0.04188,sumher_ldak,43,50000,0.25,1.0
0.259406,0.042468,sumher_ldak,44,50000,0.25,1.0
0.258602,0.042186,sumher_ldak,45,50000,0.25,1.0
0.216878,0.042119,sumher_ldak,46,50000,0.25,1.0
0.268357,0.042097,sumher_ldak,47,50000,0.25,1.0
0.238469,0.042538,sumher_ldak,48,50000,0.25,1.0
0.198512,0.041628,sumher_ldak,49,50000,0.25,1.0
0.210671,0.04225,sumher_ldak,50,50000,0.25,1.0
0.172638,0.041579,sumher_ldak,51,50000,0.25,1.0
0.208179,0.041716,sumher_ldak,52,50000,0.25,1.0
0.161212,0.041036,sumher_ldak,53,50000,0.25,1.0
0.221705,0.042648,sumher_ldak,54,50000,0.25,1.0
0.212447,0.041624,sumher_ldak,55,50000,0.25,1.0
0.207002,0.042183,sumher_ldak,56,50000,0.25,1.0
0.212442,0.041966,sumher_ldak,57,50000,0.25,1.0
0.113004,0.041178,sumher_ldak,58,50000,0.25,1.0
0.169574,0.041941,sumher_ldak,59,50000,0.25,1.0
0.208211,0.04179,sumher_ldak,60,50000,0.25,1.0
0.202892,0.042164,sumher_ldak,61,50000,0.25,1.0
0.162714,0.041316,sumher_ldak,62,50000,0.25,1.0
0.189222,0.041511,sumher_ldak,63,50000,0.25,1.0
0.177063,0.04173,sumher_ldak,64,50000,0.25,1.0
0.173487,0.04163,sumher_ldak,65,50000,0.25,1.0
0.157482,0.042064,sumher_ldak,66,50000,0.25,1.0
0.190406,0.041707,sumher_ldak,67,50000,0.25,1.0
0.162129,0.042145,sumher_ldak,68,50000,0.25,1.0
0.264435,0.042141,sumher_ldak,69,50000,0.25,1.0
0.210368,0.042383,sumher_ldak,70,50000,0.25,1.0
0.193038,0.041164,sumher_ldak,71,50000,0.25,1.0
0.193267,0.041797,sumher_ldak,72,50000,0.25,1.0
0.167824,0.04166,sumher_ldak,73,50000,0.25,1.0
0.136929,0.041568,sumher_ldak,74,50000,0.25,1.0
0.130891,0.041691,sumher_ldak,75,50000,0.25,1.0
0.13277,0.040583,sumher_ldak,76,50000,0.25,1.0
0.197498,0.041886,sumher_ldak,77,50000,0.25,1.0
0.129384,0.040869,sumher_ldak,78,50000,0.25,1.0
0.15503,0.04135,sumher_ldak,79,50000,0.25,1.0
0.142367,0.041537,sumher_ldak,80,50000,0.25,1.0
0.22349,0.042022,sumher_ldak,81,50000,0.25,1.0
0.061323,0.04068,sumher_ldak,82,50000,0.25,1.0
0.187998,0.041998,sumher_ldak,83,50000,0.25,1.0
0.149983,0.041641,sumher_ldak,84,50000,0.25,1.0
0.265202,0.042238,sumher_ldak,85,50000,0.25,1.0
0.202643,0.042272,sumher_ldak,86,50000,0.25,1.0
0.119816,0.041087,sumher_ldak,87,50000,0.25,1.0
0.191782,0.041691,sumher_ldak,88,50000,0.25,1.0
0.236111,0.042368,sumher_ldak,89,50000,0.25,1.0
0.188619,0.041965,sumher_ldak,90,50000,0.25,1.0
0.272862,0.04206,sumher_ldak,91,50000,0.25,1.0
0.23393,0.041674,sumher_ldak,92,50000,0.25,1.0
0.141642,0.04123,sumher_ldak,93,50000,0.25,1.0
0.185388,0.04197,sumher_ldak,94,50000,0.25,1.0
0.143111,0.041618,sumher_ldak,95,50000,0.25,1.0
0.22947,0.041323,sumher_ldak,96,50000,0.25,1.0
0.177082,0.041473,sumher_ldak,97,50000,0.25,1.0
0.22443,0.042042,sumher_ldak,98,50000,0.25,1.0
0.230983,0.042426,sumher_ldak,99,50000,0.25,1.0
0.187614,0.042043,sumher_ldak,0,2000,0.25,0.1
0.137671,0.041683,sumher_ldak,1,2000,0.25,0.1
0.198219,0.041297,sumher_ldak,2,2000,0.25,0.1
0.223497,0.042734,sumher_ldak,3,2000,0.25,0.1
0.142222,0.041164,sumher_ldak,4,2000,0.25,0.1
0.163559,0.042155,sumher_ldak,5,2000,0.25,0.1
0.209959,0.042355,sumher_ldak,6,2000,0.25,0.1
0.212452,0.041742,sumher_ldak,7,2000,0.25,0.1
0.104271,0.040813,sumher_ldak,8,2000,0.25,0.1
0.179594,0.042045,sumher_ldak,9,2000,0.25,0.1
0.198261,0.041487,sumher_ldak,10,2000,0.25,0.1
0.201992,0.041824,sumher_ldak,11,2000,0.25,0.1
0.177512,0.042023,sumher_ldak,12,2000,0.25,0.1
0.143168,0.041973,sumher_ldak,13,2000,0.25,0.1
0.212852,0.042197,sumher_ldak,14,2000,0.25,0.1
0.140832,0.041302,sumher_ldak,15,2000,0.25,0.1
0.1875,0.041588,sumher_ldak,16,2000,0.25,0.1
0.147846,0.04166,sumher_ldak,17,2000,0.25,0.1
0.231083,0.042069,sumher_ldak,18,2000,0.25,0.1
0.162391,0.041772,sumher_ldak,19,2000,0.25,0.1
0.187617,0.041601,sumher_ldak,20,2000,0.25,0.1
0.244494,0.042568,sumher_ldak,21,2000,0.25,0.1
0.210285,0.042381,sumher_ldak,22,2000,0.25,0.1
0.217563,0.04223,sumher_ldak,23,2000,0.25,0.1
0.215411,0.04192,sumher_ldak,24,2000,0.25,0.1
0.197953,0.042171,sumher_ldak,25,2000,0.25,0.1
0.208051,0.041595,sumher_ldak,26,2000,0.25,0.1
0.172191,0.042225,sumher_ldak,27,2000,0.25,0.1
0.212743,0.042269,sumher_ldak,28,2000,0.25,0.1
0.212991,0.04136,sumher_ldak,29,2000,0.25,0.1
0.212972,0.042262,sumher_ldak,30,2000,0.25,0.1
0.25418,0.04262,sumher_ldak,31,2000,0.25,0.1
0.209566,0.042581,sumher_ldak,32,2000,0.25,0.1
0.142771,0.040615,sumher_ldak,33,2000,0.25,0.1
0.186098,0.04158,sumher_ldak,34,2000,0.25,0.1
0.205864,0.042,sumher_ldak,35,2000,0.25,0.1
0.194202,0.042295,sumher_ldak,36,2000,0.25,0.1
0.231208,0.042334,sumher_ldak,37,2000,0.25,0.1
0.17655,0.041931,sumher_ldak,38,2000,0.25,0.1
0.121403,0.041578,sumher_ldak,39,2000,0.25,0.1
0.184413,0.041857,sumher_ldak,40,2000,0.25,0.1
0.229455,0.042264,sumher_ldak,41,2000,0.25,0.1
0.167459,0.041126,sumher_ldak,42,2000,0.25,0.1
0.17072,0.042052,sumher_ldak,43,2000,0.25,0.1
0.195135,0.042398,sumher_ldak,44,2000,0.25,0.1
0.241222,0.042484,sumher_ldak,45,2000,0.25,0.1
0.22268,0.041942,sumher_ldak,46,2000,0.25,0.1
0.170783,0.04153,sumher_ldak,47,2000,0.25,0.1
0.221324,0.042267,sumher_ldak,48,2000,0.25,0.1
0.127879,0.041226,sumher_ldak,49,2000,0.25,0.1
0.265959,0.04257,sumher_ldak,50,2000,0.25,0.1
0.204284,0.041982,sumher_ldak,51,2000,0.25,0.1
0.203822,0.04196,sumher_ldak,52,2000,0.25,0.1
0.269791,0.04233,sumher_ldak,53,2000,0.25,0.1
0.202534,0.042186,sumher_ldak,54,2000,0.25,0.1
0.207021,0.042162,sumher_ldak,55,2000,0.25,0.1
0.138905,0.041621,sumher_ldak,56,2000,0.25,0.1
0.174549,0.041788,sumher_ldak,57,2000,0.25,0.1
0.233056,0.042023,sumher_ldak,58,2000,0.25,0.1
0.221065,0.042036,sumher_ldak,59,2000,0.25,0.1
0.187137,0.041845,sumher_ldak,60,2000,0.25,0.1
0.246588,0.042566,sumher_ldak,61,2000,0.25,0.1
0.195673,0.04182,sumher_ldak,62,2000,0.25,0.1
0.129925,0.041856,sumher_ldak,63,2000,0.25,0.1
0.210423,0.041691,sumher_ldak,64,2000,0.25,0.1
0.232313,0.042869,sumher_ldak,65,2000,0.25,0.1
0.209166,0.042218,sumher_ldak,66,2000,0.25,0.1
0.239255,0.041936,sumher_ldak,67,2000,0.25,0.1
0.207301,0.041791,sumher_ldak,68,2000,0.25,0.1
0.16273,0.041668,sumher_ldak,69,2000,0.25,0.1
0.179947,0.042158,sumher_ldak,70,2000,0.25,0.1
0.227153,0.041997,sumher_ldak,71,2000,0.25,0.1
0.218792,0.042289,sumher_ldak,72,2000,0.25,0.1
0.13755,0.041585,sumher_ldak,73,2000,0.25,0.1
0.215148,0.042247,sumher_ldak,74,2000,0.25,0.1
0.126502,0.0413,sumher_ldak,75,2000,0.25,0.1
0.204876,0.042009,sumher_ldak,76,2000,0.25,0.1
0.309734,0.042992,sumher_ldak,77,2000,0.25,0.1
0.239388,0.042027,sumher_ldak,78,2000,0.25,0.1
0.191541,0.041356,sumher_ldak,79,2000,0.25,0.1
0.223309,0.042109,sumher_ldak,80,2000,0.25,0.1
0.177173,0.041915,sumher_ldak,81,2000,0.25,0.1
0.138008,0.041529,sumher_ldak,82,2000,0.25,0.1
0.220618,0.042399,sumher_ldak,83,2000,0.25,0.1
0.205965,0.041389,sumher_ldak,84,2000,0.25,0.1
0.235524,0.042427,sumher_ldak,85,2000,0.25,0.1
0.154254,0.041686,sumher_ldak,86,2000,0.25,0.1
0.165825,0.041729,sumher_ldak,87,2000,0.25,0.1
0.244749,0.042603,sumher_ldak,88,2000,0.25,0.1
0.163087,0.041411,sumher_ldak,89,2000,0.25,0.1
0.176381,0.041577,sumher_ldak,90,2000,0.25,0.1
0.163027,0.041565,sumher_ldak,91,2000,0.25,0.1
0.19575,0.042298,sumher_ldak,92,2000,0.25,0.1
0.143534,0.041425,sumher_ldak,93,2000,0.25,0.1
0.209417,0.04252,sumher_ldak,94,2000,0.25,0.1
0.27615,0.042744,sumher_ldak,95,2000,0.25,0.1
0.213738,0.042167,sumher_ldak,96,2000,0.25,0.1
0.233248,0.042555,sumher_ldak,97,2000,0.25,0.1
0.218987,0.042125,sumher_ldak,98,2000,0.25,0.1
0.167018,0.041468,sumher_ldak,99,2000,0.25,0.1
0.185047,0.041812,sumher_ldak,0,20000,0.25,0.1
0.136642,0.041503,sumher_ldak,1,20000,0.25,0.1
0.195106,0.041044,sumher_ldak,2,20000,0.25,0.1
0.221937,0.042574,sumher_ldak,3,20000,0.25,0.1
0.140744,0.04098,sumher_ldak,4,20000,0.25,0.1
0.161756,0.041957,sumher_ldak,5,20000,0.25,0.1
0.206871,0.042096,sumher_ldak,6,20000,0.25,0.1
0.208186,0.041417,sumher_ldak,7,20000,0.25,0.1
0.103031,0.040613,sumher_ldak,8,20000,0.25,0.1
0.177471,0.041861,sumher_ldak,9,20000,0.25,0.1
0.195398,0.041237,sumher_ldak,10,20000,0.25,0.1
0.199988,0.04161,sumher_ldak,11,20000,0.25,0.1
0.17532,0.0418,sumher_ldak,12,20000,0.25,0.1
0.140701,0.041681,sumher_ldak,13,20000,0.25,0.1
0.210526,0.042001,sumher_ldak,14,20000,0.25,0.1
0.139002,0.041091,sumher_ldak,15,20000,0.25,0.1
0.184703,0.041334,sumher_ldak,16,20000,0.25,0.1
0.146192,0.041478,sumher_ldak,17,20000,0.25,0.1
0.227358,0.04182,sumher_ldak,18,20000,0.25,0.1
0.160986,0.041604,sumher_ldak,19,20000,0.25,0.1
0.185056,0.041398,sumher_ldak,20,20000,0.25,0.1
0.241607,0.042362,sumher_ldak,21,20000,0.25,0.1
0.207923,0.042173,sumher_ldak,22,20000,0.25,0.1
0.213802,0.041972,sumher_ldak,23,20000,0.25,0.1
0.209464,0.041568,sumher_ldak,24,20000,0.25,0.1
0.19381,0.041852,sumher_ldak,25,20000,0.25,0.1
0.204449,0.041321,sumher_ldak,26,20000,0.25,0.1
0.170488,0.042051,sumher_ldak,27,20000,0.25,0.1
0.209789,0.042035,sumher_ldak,28,20000,0.25,0.1
0.209201,0.041088,sumher_ldak,29,20000,0.25,0.1
0.209919,0.041996,sumher_ldak,30,20000,0.25,0.1
0.251291,0.042421,sumher_ldak,31,20000,0.25,0.1
0.206723,0.042321,sumher_ldak,32,20000,0.25,0.1
0.139126,0.040283,sumher_ldak,33,20000,0.25,0.1
0.18414,0.041379,sumher_ldak,34,20000,0.25,0.1
0.202884,0.041723,sumher_ldak,35,20000,0.25,0.1
0.191755,0.042043,sumher_ldak,36,20000,0.25,0.1
0.228173,0.042112,sumher_ldak,37,20000,0.25,0.1
0.174831,0.041707,sumher_ldak,38,20000,0.25,0.1
0.119743,0.041354,sumher_ldak,39,20000,0.25,0.1
0.181685,0.041609,sumher_ldak,40,20000,0.25,0.1
0.226092,0.042008,sumher_ldak,41,20000,0.25,0.1
0.163004,0.040742,sumher_ldak,42,20000,0.25,0.1
0.168588,0.041806,sumher_ldak,43,20000,0.25,0.1
0.193542,0.042206,sumher_ldak,44,20000,0.25,0.1
0.236257,0.04215,sumher_ldak,45,20000,0.25,0.1
0.219515,0.041712,sumher_ldak,46,20000,0.25,0.1
0.166923,0.041198,sumher_ldak,47,20000,0.25,0.1
0.217975,0.042054,sumher_ldak,48,20000,0.25,0.1
0.125654,0.040862,sumher_ldak,49,20000,0.25,0.1
0.262095,0.042345,sumher_ldak,50,20000,0.25,0.1
0.199759,0.041659,sumher_ldak,51,20000,0.25,0.1
0.199353,0.041633,sumher_ldak,52,20000,0.25,0.1
0.267132,0.042161,sumher_ldak,53,20000,0.25,0.1
0.199539,0.041908,sumher_ldak,54,20000,0.25,0.1
0.203788,0.041942,sumher_ldak,55,20000,0.25,0.1
0.137389,0.041415,sumher_ldak,56,20000,0.25,0.1
0.171834,0.041527,sumher_ldak,57,20000,0.25,0.1
0.229813,0.041794,sumher_ldak,58,20000,0.25,0.1
0.217103,0.041719,sumher_ldak,59,20000,0.25,0.1
0.184771,0.04161,sumher_ldak,60,20000,0.25,0.1
0.244168,0.042381,sumher_ldak,61,20000,0.25,0.1
0.193156,0.041583,sumher_ldak,62,20000,0.25,0.1
0.127797,0.041579,sumher_ldak,63,20000,0.25,0.1
0.208103,0.041488,sumher_ldak,64,20000,0.25,0.1
0.229626,0.042652,sumher_ldak,65,20000,0.25,0.1
0.205602,0.041948,sumher_ldak,66,20000,0.25,0.1
0.235449,0.041683,sumher_ldak,67,20000,0.25,0.1
0.204604,0.041579,sumher_ldak,68,20000,0.25,0.1
0.159941,0.041384,sumher_ldak,69,20000,0.25,0.1
0.177371,0.041915,sumher_ldak,70,20000,0.25,0.1
0.221978,0.04166,sumher_ldak,71,20000,0.25,0.1
0.214894,0.042028,sumher_ldak,72,20000,0.25,0.1
0.135123,0.04129,sumher_ldak,73,20000,0.25,0.1
0.21271,0.042047,sumher_ldak,74,20000,0.25,0.1
0.125355,0.041117,sumher_ldak,75,20000,0.25,0.1
0.200603,0.041738,sumher_ldak,76,20000,0.25,0.1
0.304455,0.042759,sumher_ldak,77,20000,0.25,0.1
0.235799,0.0418,sumher_ldak,78,20000,0.25,0.1
0.188585,0.041127,sumher_ldak,79,20000,0.25,0.1
0.219786,0.041845,sumher_ldak,80,20000,0.25,0.1
0.174445,0.041662,sumher_ldak,81,20000,0.25,0.1
0.136625,0.041306,sumher_ldak,82,20000,0.25,0.1
0.217187,0.042136,sumher_ldak,83,20000,0.25,0.1
0.202921,0.041167,sumher_ldak,84,20000,0.25,0.1
0.233325,0.042254,sumher_ldak,85,20000,0.25,0.1
0.152148,0.041456,sumher_ldak,86,20000,0.25,0.1
0.164118,0.041554,sumher_ldak,87,20000,0.25,0.1
0.241252,0.042347,sumher_ldak,88,20000,0.25,0.1
0.159469,0.041083,sumher_ldak,89,20000,0.25,0.1
0.173993,0.041356,sumher_ldak,90,20000,0.25,0.1
0.160684,0.04134,sumher_ldak,91,20000,0.25,0.1
0.19313,0.042058,sumher_ldak,92,20000,0.25,0.1
0.142173,0.041221,sumher_ldak,93,20000,0.25,0.1
0.205976,0.042275,sumher_ldak,94,20000,0.25,0.1
0.273984,0.042565,sumher_ldak,95,20000,0.25,0.1
0.209984,0.041884,sumher_ldak,96,20000,0.25,0.1
0.231227,0.042377,sumher_ldak,97,20000,0.25,0.1
0.214514,0.041841,sumher_ldak,98,20000,0.25,0.1
0.164499,0.041174,sumher_ldak,99,20000,0.25,0.1
0.18455,0.041801,sumher_ldak,0,50000,0.25,0.1
0.136542,0.041497,sumher_ldak,1,50000,0.25,0.1
0.19498,0.041037,sumher_ldak,2,50000,0.25,0.1
0.221729,0.042567,sumher_ldak,3,50000,0.25,0.1
0.140754,0.040976,sumher_ldak,4,50000,0.25,0.1
0.161813,0.041953,sumher_ldak,5,50000,0.25,0.1
0.206815,0.042091,sumher_ldak,6,50000,0.25,0.1
0.208042,0.04141,sumher_ldak,7,50000,0.25,0.1
0.103013,0.04061,sumher_ldak,8,50000,0.25,0.1
0.177534,0.041858,sumher_ldak,9,50000,0.25,0.1
0.19533,0.041232,sumher_ldak,10,50000,0.25,0.1
0.19987,0.041603,sumher_ldak,11,50000,0.25,0.1
0.175543,0.041798,sumher_ldak,12,50000,0.25,0.1
0.140928,0.04168,sumher_ldak,13,50000,0.25,0.1
0.210432,0.041995,sumher_ldak,14,50000,0.25,0.1
0.139041,0.041086,sumher_ldak,15,50000,0.25,0.1
0.184702,0.04133,sumher_ldak,16,50000,0.25,0.1
0.146329,0.041474,sumher_ldak,17,50000,0.25,0.1
0.227438,0.041816,sumher_ldak,18,50000,0.25,0.1
0.161009,0.041599,sumher_ldak,19,50000,0.25,0.1
0.18489,0.041392,sumher_ldak,20,50000,0.25,0.1
0.241445,0.042355,sumher_ldak,21,50000,0.25,0.1
0.207773,0.042167,sumher_ldak,22,50000,0.25,0.1
0.213772,0.041966,sumher_ldak,23,50000,0.25,0.1
0.209275,0.04156,sumher_ldak,24,50000,0.25,0.1
0.193827,0.041848,sumher_ldak,25,50000,0.25,0.1
0.204477,0.041317,sumher_ldak,26,50000,0.25,0.1
0.170389,0.042046,sumher_ldak,27,50000,0.25,0.1
0.209792,0.042029,sumher_ldak,28,50000,0.25,0.1
0.209277,0.041083,sumher_ldak,29,50000,0.25,0.1
0.209735,0.041989,sumher_ldak,30,50000,0.25,0.1
0.251217,0.042416,sumher_ldak,31,50000,0.25,0.1
0.206717,0.042316,sumher_ldak,32,50000,0.25,0.1
0.139012,0.040277,sumher_ldak,33,50000,0.25,0.1
0.18426,0.041375,sumher_ldak,34,50000,0.25,0.1
0.20285,0.041717,sumher_ldak,35,50000,0.25,0.1
0.191924,0.04204,sumher_ldak,36,50000,0.25,0.1
0.227969,0.042106,sumher_ldak,37,50000,0.25,0.1
0.17499,0.041705,sumher_ldak,38,50000,0.25,0.1
0.119586,0.041348,sumher_ldak,39,50000,0.25,0.1
0.181721,0.041605,sumher_ldak,40,50000,0.25,0.1
0.225896,0.042002,sumher_ldak,41,50000,0.25,0.1
0.162863,0.040736,sumher_ldak,42,50000,0.25,0.1
0.168727,0.041803,sumher_ldak,43,50000,0.25,0.1
0.193489,0.042201,sumher_ldak,44,50000,0.25,0.1
0.236006,0.042141,sumher_ldak,45,50000,0.25,0.1
0.219435,0.041707,sumher_ldak,46,50000,0.25,0.1
0.166898,0.041193,sumher_ldak,47,50000,0.25,0.1
0.21791,0.042049,sumher_ldak,48,50000,0.25,0.1
0.125748,0.040858,sumher_ldak,49,50000,0.25,0.1
0.262055,0.042341,sumher_ldak,50,50000,0.25,0.1
0.199671,0.041654,sumher_ldak,51,50000,0.25,0.1
0.199384,0.041629,sumher_ldak,52,50000,0.25,0.1
0.26693,0.042154,sumher_ldak,53,50000,0.25,0.1
0.199498,0.041903,sumher_ldak,54,50000,0.25,0.1
0.20386,0.041938,sumher_ldak,55,50000,0.25,0.1
0.137117,0.041407,sumher_ldak,56,50000,0.25,0.1
0.171855,0.041523,sumher_ldak,57,50000,0.25,0.1
0.229616,0.041787,sumher_ldak,58,50000,0.25,0.1
0.217075,0.041714,sumher_ldak,59,50000,0.25,0.1
0.184936,0.041608,sumher_ldak,60,50000,0.25,0.1
0.244014,0.042375,sumher_ldak,61,50000,0.25,0.1
0.193185,0.041577,sumher_ldak,62,50000,0.25,0.1
0.127682,0.041572,sumher_ldak,63,50000,0.25,0.1
0.208059,0.041482,sumher_ldak,64,50000,0.25,0.1
0.229611,0.042648,sumher_ldak,65,50000,0.25,0.1
0.205767,0.041945,sumher_ldak,66,50000,0.25,0.1
0.235444,0.04168,sumher_ldak,67,50000,0.25,0.1
0.204661,0.041577,sumher_ldak,68,50000,0.25,0.1
0.159579,0.041375,sumher_ldak,69,50000,0.25,0.1
0.177397,0.041911,sumher_ldak,70,50000,0.25,0.1
0.221863,0.041653,sumher_ldak,71,50000,0.25,0.1
0.2147,0.04202,sumher_ldak,72,50000,0.25,0.1
0.134953,0.041283,sumher_ldak,73,50000,0.25,0.1
0.212852,0.042044,sumher_ldak,74,50000,0.25,0.1
0.125303,0.041111,sumher_ldak,75,50000,0.25,0.1
0.200655,0.041734,sumher_ldak,76,50000,0.25,0.1
0.304509,0.042755,sumher_ldak,77,50000,0.25,0.1
0.235518,0.041792,sumher_ldak,78,50000,0.25,0.1
0.188539,0.041121,sumher_ldak,79,50000,0.25,0.1
0.219771,0.04184,sumher_ldak,80,50000,0.25,0.1
0.17456,0.041659,sumher_ldak,81,50000,0.25,0.1
0.136588,0.0413,sumher_ldak,82,50000,0.25,0.1
0.217379,0.042133,sumher_ldak,83,50000,0.25,0.1
0.202993,0.041163,sumher_ldak,84,50000,0.25,0.1
0.23315,0.042246,sumher_ldak,85,50000,0.25,0.1
0.152101,0.041451,sumher_ldak,86,50000,0.25,0.1
0.164034,0.041548,sumher_ldak,87,50000,0.25,0.1
0.2412,0.042343,sumher_ldak,88,50000,0.25,0.1
0.159685,0.041081,sumher_ldak,89,50000,0.25,0.1
0.174095,0.041352,sumher_ldak,90,50000,0.25,0.1
0.160735,0.041336,sumher_ldak,91,50000,0.25,0.1
0.193142,0.042055,sumher_ldak,92,50000,0.25,0.1
0.141993,0.041215,sumher_ldak,93,50000,0.25,0.1
0.206036,0.042272,sumher_ldak,94,50000,0.25,0.1
0.274087,0.042563,sumher_ldak,95,50000,0.25,0.1
0.21009,0.04188,sumher_ldak,96,50000,0.25,0.1
0.231292,0.042373,sumher_ldak,97,50000,0.25,0.1
0.214506,0.041837,sumher_ldak,98,50000,0.25,0.1
0.164209,0.041166,sumher_ldak,99,50000,0.25,0.1
0.219589,0.042326,sumher_ldak,0,2000,0.25,0.01
0.202026,0.041766,sumher_ldak,1,2000,0.25,0.01
0.222307,0.042534,sumher_ldak,2,2000,0.25,0.01
0.259404,0.042411,sumher_ldak,3,2000,0.25,0.01
0.260981,0.042892,sumher_ldak,4,2000,0.25,0.01
0.220815,0.041912,sumher_ldak,5,2000,0.25,0.01
0.147804,0.041685,sumher_ldak,6,2000,0.25,0.01
0.269908,0.042629,sumher_ldak,7,2000,0.25,0.01
0.209693,0.042264,sumher_ldak,8,2000,0.25,0.01
0.220921,0.04232,sumher_ldak,9,2000,0.25,0.01
0.253721,0.042385,sumher_ldak,10,2000,0.25,0.01
0.174899,0.041982,sumher_ldak,11,2000,0.25,0.01
0.202029,0.042439,sumher_ldak,12,2000,0.25,0.01
0.264876,0.042175,sumher_ldak,13,2000,0.25,0.01
0.148962,0.041542,sumher_ldak,14,2000,0.25,0.01
0.200765,0.041946,sumher_ldak,15,2000,0.25,0.01
0.235867,0.042585,sumher_ldak,16,2000,0.25,0.01
0.186094,0.041991,sumher_ldak,17,2000,0.25,0.01
0.19219,0.041902,sumher_ldak,18,2000,0.25,0.01
0.189662,0.041692,sumher_ldak,19,2000,0.25,0.01
0.184201,0.042023,sumher_ldak,20,2000,0.25,0.01
0.262553,0.042527,sumher_ldak,21,2000,0.25,0.01
0.163925,0.041578,sumher_ldak,22,2000,0.25,0.01
0.226899,0.042172,sumher_ldak,23,2000,0.25,0.01
0.179,0.04193,sumher_ldak,24,2000,0.25,0.01
0.227038,0.042364,sumher_ldak,25,2000,0.25,0.01
0.149809,0.04215,sumher_ldak,26,2000,0.25,0.01
0.191994,0.041737,sumher_ldak,27,2000,0.25,0.01
0.233046,0.042748,sumher_ldak,28,2000,0.25,0.01
0.145452,0.041334,sumher_ldak,29,2000,0.25,0.01
0.140397,0.041566,sumher_ldak,30,2000,0.25,0.01
0.227309,0.04207,sumher_ldak,31,2000,0.25,0.01
0.126747,0.041616,sumher_ldak,32,2000,0.25,0.01
0.173966,0.042141,sumher_ldak,33,2000,0.25,0.01
0.201926,0.042104,sumher_ldak,34,2000,0.25,0.01
0.239078,0.042627,sumher_ldak,35,2000,0.25,0.01
0.153836,0.041168,sumher_ldak,36,2000,0.25,0.01
0.204564,0.041524,sumher_ldak,37,2000,0.25,0.01
0.218579,0.042331,sumher_ldak,38,2000,0.25,0.01
0.248659,0.0426,sumher_ldak,39,2000,0.25,0.01
0.230007,0.042357,sumher_ldak,40,2000,0.25,0.01
0.187054,0.041985,sumher_ldak,41,2000,0.25,0.01
0.204655,0.042006,sumher_ldak,42,2000,0.25,0.01
0.213672,0.041712,sumher_ldak,43,2000,0.25,0.01
0.221659,0.042186,sumher_ldak,44,2000,0.25,0.01
0.272495,0.042491,sumher_ldak,45,2000,0.25,0.01
0.13403,0.041783,sumher_ldak,46,2000,0.25,0.01
0.231374,0.042857,sumher_ldak,47,2000,0.25,0.01
0.185773,0.041596,sumher_ldak,48,2000,0.25,0.01
0.207918,0.042179,sumher_ldak,49,2000,0.25,0.01
0.238036,0.042174,sumher_ldak,50,2000,0.25,0.01
0.196534,0.041729,sumher_ldak,51,2000,0.25,0.01
0.159091,0.04221,sumher_ldak,52,2000,0.25,0.01
0.258017,0.042061,sumher_ldak,53,2000,0.25,0.01
0.198403,0.04244,sumher_ldak,54,2000,0.25,0.01
0.192602,0.041796,sumher_ldak,55,2000,0.25,0.01
0.232454,0.042559,sumher_ldak,56,2000,0.25,0.01
0.117946,0.041381,sumher_ldak,57,2000,0.25,0.01
0.205116,0.041824,sumher_ldak,58,2000,0.25,0.01
0.153777,0.041659,sumher_ldak,59,2000,0.25,0.01
0.23677,0.042195,sumher_ldak,60,2000,0.25,0.01
0.164473,0.042225,sumher_ldak,61,2000,0.25,0.01
0.183811,0.041434,sumher_ldak,62,2000,0.25,0.01
0.210866,0.042104,sumher_ldak,63,2000,0.25,0.01
0.164424,0.041476,sumher_ldak,64,2000,0.25,0.01
0.274448,0.042462,sumher_ldak,65,2000,0.25,0.01
0.212554,0.042449,sumher_ldak,66,2000,0.25,0.01
0.072994,0.040829,sumher_ldak,67,2000,0.25,0.01
0.21853,0.04191,sumher_ldak,68,2000,0.25,0.01
0.253832,0.042304,sumher_ldak,69,2000,0.25,0.01
0.217916,0.041925,sumher_ldak,70,2000,0.25,0.01
0.179566,0.042104,sumher_ldak,71,2000,0.25,0.01
0.265792,0.042748,sumher_ldak,72,2000,0.25,0.01
0.180258,0.041961,sumher_ldak,73,2000,0.25,0.01
0.222165,0.042611,sumher_ldak,74,2000,0.25,0.01
0.180212,0.041291,sumher_ldak,75,2000,0.25,0.01
0.167682,0.04187,sumher_ldak,76,2000,0.25,0.01
0.173796,0.041683,sumher_ldak,77,2000,0.25,0.01
0.20918,0.042016,sumher_ldak,78,2000,0.25,0.01
0.240645,0.042368,sumher_ldak,79,2000,0.25,0.01
0.103298,0.040447,sumher_ldak,80,2000,0.25,0.01
0.230459,0.042085,sumher_ldak,81,2000,0.25,0.01
0.136564,0.041822,sumher_ldak,82,2000,0.25,0.01
0.230166,0.042193,sumher_ldak,83,2000,0.25,0.01
0.099196,0.041411,sumher_ldak,84,2000,0.25,0.01
0.244086,0.042449,sumher_ldak,85,2000,0.25,0.01
0.194355,0.042048,sumher_ldak,86,2000,0.25,0.01
0.185175,0.04202,sumher_ldak,87,2000,0.25,0.01
0.125304,0.041624,sumher_ldak,88,2000,0.25,0.01
0.188693,0.042147,sumher_ldak,89,2000,0.25,0.01
0.238257,0.042467,sumher_ldak,90,2000,0.25,0.01
0.184172,0.04106,sumher_ldak,91,2000,0.25,0.01
0.211239,0.041873,sumher_ldak,92,2000,0.25,0.01
0.1954,0.041645,sumher_ldak,93,2000,0.25,0.01
0.217287,0.0421,sumher_ldak,94,2000,0.25,0.01
0.17021,0.041895,sumher_ldak,95,2000,0.25,0.01
0.132295,0.041195,sumher_ldak,96,2000,0.25,0.01
0.176164,0.041427,sumher_ldak,97,2000,0.25,0.01
0.182237,0.042157,sumher_ldak,98,2000,0.25,0.01
0.205607,0.04231,sumher_ldak,99,2000,0.25,0.01
0.215336,0.042016,sumher_ldak,0,20000,0.25,0.01
0.199636,0.041539,sumher_ldak,1,20000,0.25,0.01
0.220515,0.042379,sumher_ldak,2,20000,0.25,0.01
0.25612,0.042177,sumher_ldak,3,20000,0.25,0.01
0.257211,0.042635,sumher_ldak,4,20000,0.25,0.01
0.218155,0.04169,sumher_ldak,5,20000,0.25,0.01
0.146321,0.041494,sumher_ldak,6,20000,0.25,0.01
0.266857,0.042413,sumher_ldak,7,20000,0.25,0.01
0.205375,0.041945,sumher_ldak,8,20000,0.25,0.01
0.218395,0.042109,sumher_ldak,9,20000,0.25,0.01
0.249039,0.042097,sumher_ldak,10,20000,0.25,0.01
0.171606,0.041686,sumher_ldak,11,20000,0.25,0.01
0.199843,0.042225,sumher_ldak,12,20000,0.25,0.01
0.259953,0.041909,sumher_ldak,13,20000,0.25,0.01
0.146902,0.041298,sumher_ldak,14,20000,0.25,0.01
0.198125,0.041718,sumher_ldak,15,20000,0.25,0.01
0.232504,0.042357,sumher_ldak,16,20000,0.25,0.01
0.183833,0.041772,sumher_ldak,17,20000,0.25,0.01
0.188683,0.04162,sumher_ldak,18,20000,0.25,0.01
0.187268,0.041493,sumher_ldak,19,20000,0.25,0.01
0.18245,0.041833,sumher_ldak,20,20000,0.25,0.01
0.25981,0.042329,sumher_ldak,21,20000,0.25,0.01
0.160864,0.041327,sumher_ldak,22,20000,0.25,0.01
0.224844,0.041999,sumher_ldak,23,20000,0.25,0.01
0.176413,0.041708,sumher_ldak,24,20000,0.25,0.01
0.223562,0.042122,sumher_ldak,25,20000,0.25,0.01
0.14805,0.041944,sumher_ldak,26,20000,0.25,0.01
0.189709,0.041539,sumher_ldak,27,20000,0.25,0.01
0.230436,0.042562,sumher_ldak,28,20000,0.25,0.01
0.142404,0.040985,sumher_ldak,29,20000,0.25,0.01
0.138753,0.041341,sumher_ldak,30,20000,0.25,0.01
0.224022,0.041796,sumher_ldak,31,20000,0.25,0.01
0.125474,0.041401,sumher_ldak,32,20000,0.25,0.01
0.171782,0.041933,sumher_ldak,33,20000,0.25,0.01
0.200208,0.041929,sumher_ldak,34,20000,0.25,0.01
0.23548,0.042362,sumher_ldak,35,20000,0.25,0.01
0.151748,0.040951,sumher_ldak,36,20000,0.25,0.01
0.202203,0.041315,sumher_ldak,37,20000,0.25,0.01
0.214429,0.042044,sumher_ldak,38,20000,0.25,0.01
0.245561,0.042392,sumher_ldak,39,20000,0.25,0.01
0.227061,0.042099,sumher_ldak,40,20000,0.25,0.01
0.183195,0.041702,sumher_ldak,41,20000,0.25,0.01
0.201284,0.04173,sumher_ldak,42,20000,0.25,0.01
0.210155,0.041472,sumher_ldak,43,20000,0.25,0.01
0.219034,0.041969,sumher_ldak,44,20000,0.25,0.01
0.264995,0.042134,sumher_ldak,45,20000,0.25,0.01
0.132407,0.041535,sumher_ldak,46,20000,0.25,0.01
0.228107,0.042645,sumher_ldak,47,20000,0.25,0.01
0.187868,0.041439,sumher_ldak,48,20000,0.25,0.01
0.205559,0.041947,sumher_ldak,49,20000,0.25,0.01
0.23511,0.041964,sumher_ldak,50,20000,0.25,0.01
0.193191,0.041484,sumher_ldak,51,20000,0.25,0.01
0.157352,0.041984,sumher_ldak,52,20000,0.25,0.01
0.254319,0.041846,sumher_ldak,53,20000,0.25,0.01
0.196132,0.042232,sumher_ldak,54,20000,0.25,0.01
0.189517,0.041551,sumher_ldak,55,20000,0.25,0.01
0.22847,0.042237,sumher_ldak,56,20000,0.25,0.01
0.116372,0.041167,sumher_ldak,57,20000,0.25,0.01
0.202761,0.041611,sumher_ldak,58,20000,0.25,0.01
0.151994,0.041463,sumher_ldak,59,20000,0.25,0.01
0.230829,0.041811,sumher_ldak,60,20000,0.25,0.01
0.161722,0.041966,sumher_ldak,61,20000,0.25,0.01
0.17974,0.041101,sumher_ldak,62,20000,0.25,0.01
0.207987,0.041889,sumher_ldak,63,20000,0.25,0.01
0.170078,0.041218,sumher_ldak,64,20000,0.25,0.01
0.269562,0.04219,sumher_ldak,65,20000,0.25,0.01
0.211436,0.042296,sumher_ldak,66,20000,0.25,0.01
0.071815,0.040579,sumher_ldak,67,20000,0.25,0.01
0.212033,0.041486,sumher_ldak,68,20000,0.25,0.01
0.250439,0.042054,sumher_ldak,69,20000,0.25,0.01
0.212707,0.041601,sumher_ldak,70,20000,0.25,0.01
0.177694,0.041915,sumher_ldak,71,20000,0.25,0.01
0.261782,0.042504,sumher_ldak,72,20000,0.25,0.01
0.177661,0.041723,sumher_ldak,73,20000,0.25,0.01
0.218205,0.042317,sumher_ldak,74,20000,0.25,0.01
0.176563,0.040949,sumher_ldak,75,20000,0.25,0.01
0.164406,0.04154,sumher_ldak,76,20000,0.25,0.01
0.171274,0.041482,sumher_ldak,77,20000,0.25,0.01
0.206477,0.041811,sumher_ldak,78,20000,0.25,0.01
0.237028,0.042092,sumher_ldak,79,20000,0.25,0.01
0.101359,0.040128,sumher_ldak,80,20000,0.25,0.01
0.225807,0.041761,sumher_ldak,81,20000,0.25,0.01
0.1341,0.041552,sumher_ldak,82,20000,0.25,0.01
0.227219,0.041978,sumher_ldak,83,20000,0.25,0.01
0.097537,0.041122,sumher_ldak,84,20000,0.25,0.01
0.241223,0.042239,sumher_ldak,85,20000,0.25,0.01
0.189064,0.041633,sumher_ldak,86,20000,0.25,0.01
0.182757,0.041805,sumher_ldak,87,20000,0.25,0.01
0.122548,0.041357,sumher_ldak,88,20000,0.25,0.01
0.185965,0.041898,sumher_ldak,89,20000,0.25,0.01
0.234859,0.042195,sumher_ldak,90,20000,0.25,0.01
0.178909,0.040622,sumher_ldak,91,20000,0.25,0.01
0.208123,0.041589,sumher_ldak,92,20000,0.25,0.01
0.19319,0.041408,sumher_ldak,93,20000,0.25,0.01
0.213737,0.041873,sumher_ldak,94,20000,0.25,0.01
0.167813,0.041686,sumher_ldak,95,20000,0.25,0.01
0.129692,0.040848,sumher_ldak,96,20000,0.25,0.01
0.172596,0.041099,sumher_ldak,97,20000,0.25,0.01
0.179668,0.041872,sumher_ldak,98,20000,0.25,0.01
0.202689,0.042055,sumher_ldak,99,20000,0.25,0.01
0.215269,0.04201,sumher_ldak,0,50000,0.25,0.01
0.199412,0.041531,sumher_ldak,1,50000,0.25,0.01
0.22045,0.042373,sumher_ldak,2,50000,0.25,0.01
0.256165,0.042173,sumher_ldak,3,50000,0.25,0.01
0.257005,0.042629,sumher_ldak,4,50000,0.25,0.01
0.218142,0.041687,sumher_ldak,5,50000,0.25,0.01
0.146275,0.04149,sumher_ldak,6,50000,0.25,0.01
0.266836,0.042409,sumher_ldak,7,50000,0.25,0.01
0.205244,0.041938,sumher_ldak,8,50000,0.25,0.01
0.218302,0.042103,sumher_ldak,9,50000,0.25,0.01
0.248927,0.042091,sumher_ldak,10,50000,0.25,0.01
0.171454,0.04168,sumher_ldak,11,50000,0.25,0.01
0.200057,0.042223,sumher_ldak,12,50000,0.25,0.01
0.259856,0.041902,sumher_ldak,13,50000,0.25,0.01
0.146688,0.041292,sumher_ldak,14,50000,0.25,0.01
0.198248,0.041716,sumher_ldak,15,50000,0.25,0.01
0.232141,0.042347,sumher_ldak,16,50000,0.25,0.01
0.183659,0.041766,sumher_ldak,17,50000,0.25,0.01
0.188864,0.041617,sumher_ldak,18,50000,0.25,0.01
0.187217,0.041488,sumher_ldak,19,50000,0.25,0.01
0.18234,0.041828,sumher_ldak,20,50000,0.25,0.01
0.259773,0.042324,sumher_ldak,21,50000,0.25,0.01
0.160748,0.041321,sumher_ldak,22,50000,0.25,0.01
0.224717,0.041993,sumher_ldak,23,50000,0.25,0.01
0.176329,0.041703,sumher_ldak,24,50000,0.25,0.01
0.223508,0.042116,sumher_ldak,25,50000,0.25,0.01
0.147795,0.041936,sumher_ldak,26,50000,0.25,0.01
0.189806,0.041535,sumher_ldak,27,50000,0.25,0.01
0.230465,0.042558,sumher_ldak,28,50000,0.25,0.01
0.142362,0.040981,sumher_ldak,29,50000,0.25,0.01
0.138513,0.041334,sumher_ldak,30,50000,0.25,0.01
0.223998,0.041792,sumher_ldak,31,50000,0.25,0.01
0.125456,0.041396,sumher_ldak,32,50000,0.25,0.01
0.171744,0.041928,sumher_ldak,33,50000,0.25,0.01
0.20025,0.041925,sumher_ldak,34,50000,0.25,0.01
0.235636,0.042358,sumher_ldak,35,50000,0.25,0.01
0.151644,0.040945,sumher_ldak,36,50000,0.25,0.01
0.202153,0.041309,sumher_ldak,37,50000,0.25,0.01
0.214319,0.042038,sumher_ldak,38,50000,0.25,0.01
0.245426,0.042387,sumher_ldak,39,50000,0.25,0.01
0.226999,0.042093,sumher_ldak,40,50000,0.25,0.01
0.183273,0.041697,sumher_ldak,41,50000,0.25,0.01
0.201257,0.041725,sumher_ldak,42,50000,0.25,0.01
0.210323,0.04147,sumher_ldak,43,50000,0.25,0.01
0.218834,0.041962,sumher_ldak,44,50000,0.25,0.01
0.264845,0.042127,sumher_ldak,45,50000,0.25,0.01
0.132425,0.041531,sumher_ldak,46,50000,0.25,0.01
0.228239,0.042642,sumher_ldak,47,50000,0.25,0.01
0.187886,0.041435,sumher_ldak,48,50000,0.25,0.01
0.205575,0.041944,sumher_ldak,49,50000,0.25,0.01
0.235061,0.041958,sumher_ldak,50,50000,0.25,0.01
0.19302,0.041476,sumher_ldak,51,50000,0.25,0.01
0.157104,0.041978,sumher_ldak,52,50000,0.25,0.01
0.254449,0.041844,sumher_ldak,53,50000,0.25,0.01
0.196161,0.042228,sumher_ldak,54,50000,0.25,0.01
0.189485,0.041546,sumher_ldak,55,50000,0.25,0.01
0.228267,0.042231,sumher_ldak,56,50000,0.25,0.01
0.116194,0.04116,sumher_ldak,57,50000,0.25,0.01
0.202698,0.041607,sumher_ldak,58,50000,0.25,0.01
0.15197,0.041458,sumher_ldak,59,50000,0.25,0.01
0.231,0.041809,sumher_ldak,60,50000,0.25,0.01
0.162047,0.041965,sumher_ldak,61,50000,0.25,0.01
0.179874,0.0411,sumher_ldak,62,50000,0.25,0.01
0.207919,0.041884,sumher_ldak,63,50000,0.25,0.01
0.169929,0.04121,sumher_ldak,64,50000,0.25,0.01
0.269514,0.042185,sumher_ldak,65,50000,0.25,0.01
0.211541,0.042293,sumher_ldak,66,50000,0.25,0.01
0.071799,0.040574,sumher_ldak,67,50000,0.25,0.01
0.212083,0.041482,sumher_ldak,68,50000,0.25,0.01
0.250396,0.04205,sumher_ldak,69,50000,0.25,0.01
0.212806,0.041598,sumher_ldak,70,50000,0.25,0.01
0.177751,0.041912,sumher_ldak,71,50000,0.25,0.01
0.261593,0.042497,sumher_ldak,72,50000,0.25,0.01
0.17772,0.041719,sumher_ldak,73,50000,0.25,0.01
0.218204,0.042312,sumher_ldak,74,50000,0.25,0.01
0.176391,0.040942,sumher_ldak,75,50000,0.25,0.01
0.164552,0.041538,sumher_ldak,76,50000,0.25,0.01
0.171172,0.041475,sumher_ldak,77,50000,0.25,0.01
0.206551,0.041807,sumher_ldak,78,50000,0.25,0.01
0.23706,0.042086,sumher_ldak,79,50000,0.25,0.01
0.101327,0.040122,sumher_ldak,80,50000,0.25,0.01
0.225862,0.041756,sumher_ldak,81,50000,0.25,0.01
0.134098,0.041546,sumher_ldak,82,50000,0.25,0.01
0.2274,0.041977,sumher_ldak,83,50000,0.25,0.01
0.09754,0.041118,sumher_ldak,84,50000,0.25,0.01
0.240954,0.04223,sumher_ldak,85,50000,0.25,0.01
0.189045,0.041627,sumher_ldak,86,50000,0.25,0.01
0.182631,0.041798,sumher_ldak,87,50000,0.25,0.01
0.122565,0.041353,sumher_ldak,88,50000,0.25,0.01
0.185813,0.041892,sumher_ldak,89,50000,0.25,0.01
0.234831,0.042189,sumher_ldak,90,50000,0.25,0.01
0.179004,0.04062,sumher_ldak,91,50000,0.25,0.01
0.207857,0.041581,sumher_ldak,92,50000,0.25,0.01
0.193278,0.041405,sumher_ldak,93,50000,0.25,0.01
0.213533,0.041866,sumher_ldak,94,50000,0.25,0.01
0.167769,0.041681,sumher_ldak,95,50000,0.25,0.01
0.129668,0.040843,sumher_ldak,96,50000,0.25,0.01
0.172496,0.041093,sumher_ldak,97,50000,0.25,0.01
0.179692,0.041867,sumher_ldak,98,50000,0.25,0.01
0.202741,0.042051,sumher_ldak,99,50000,0.25,0.01
0.318875,0.042661,sumher_ldak,0,2000,0.4,1.0
0.304515,0.043067,sumher_ldak,1,2000,0.4,1.0
0.301835,0.042969,sumher_ldak,2,2000,0.4,1.0
0.280422,0.042853,sumher_ldak,3,2000,0.4,1.0
0.1855,0.041635,sumher_ldak,4,2000,0.4,1.0
0.349624,0.042707,sumher_ldak,5,2000,0.4,1.0
0.252361,0.042587,sumher_ldak,6,2000,0.4,1.0
0.290042,0.042739,sumher_ldak,7,2000,0.4,1.0
0.33269,0.043441,sumher_ldak,8,2000,0.4,1.0
0.34335,0.04308,sumher_ldak,9,2000,0.4,1.0
0.330031,0.042698,sumher_ldak,10,2000,0.4,1.0
0.166002,0.042524,sumher_ldak,11,2000,0.4,1.0
0.337741,0.042874,sumher_ldak,12,2000,0.4,1.0
0.291366,0.042843,sumher_ldak,13,2000,0.4,1.0
0.303707,0.043026,sumher_ldak,14,2000,0.4,1.0
0.285331,0.042805,sumher_ldak,15,2000,0.4,1.0
0.366295,0.043513,sumher_ldak,16,2000,0.4,1.0
0.306353,0.042643,sumher_ldak,17,2000,0.4,1.0
0.395662,0.043735,sumher_ldak,18,2000,0.4,1.0
0.384317,0.043625,sumher_ldak,19,2000,0.4,1.0
0.427706,0.044091,sumher_ldak,20,2000,0.4,1.0
0.29667,0.043013,sumher_ldak,21,2000,0.4,1.0
0.387285,0.043608,sumher_ldak,22,2000,0.4,1.0
0.309822,0.042838,sumher_ldak,23,2000,0.4,1.0
0.275196,0.042378,sumher_ldak,24,2000,0.4,1.0
0.334043,0.04361,sumher_ldak,25,2000,0.4,1.0
0.301273,0.042876,sumher_ldak,26,2000,0.4,1.0
0.227897,0.042776,sumher_ldak,27,2000,0.4,1.0
0.289694,0.042653,sumher_ldak,28,2000,0.4,1.0
0.397322,0.043574,sumher_ldak,29,2000,0.4,1.0
0.271254,0.042841,sumher_ldak,30,2000,0.4,1.0
0.28364,0.04294,sumher_ldak,31,2000,0.4,1.0
0.309334,0.043272,sumher_ldak,32,2000,0.4,1.0
0.314189,0.042237,sumher_ldak,33,2000,0.4,1.0
0.274135,0.042849,sumher_ldak,34,2000,0.4,1.0
0.30315,0.042757,sumher_ldak,35,2000,0.4,1.0
0.280042,0.043175,sumher_ldak,36,2000,0.4,1.0
0.335099,0.043189,sumher_ldak,37,2000,0.4,1.0
0.328041,0.043169,sumher_ldak,38,2000,0.4,1.0
0.284536,0.04255,sumher_ldak,39,2000,0.4,1.0
0.318547,0.042935,sumher_ldak,40,2000,0.4,1.0
0.28,0.042613,sumher_ldak,41,2000,0.4,1.0
0.324735,0.043225,sumher_ldak,42,2000,0.4,1.0
0.258934,0.042385,sumher_ldak,43,2000,0.4,1.0
0.365475,0.043509,sumher_ldak,44,2000,0.4,1.0
0.333912,0.043224,sumher_ldak,45,2000,0.4,1.0
0.324418,0.043212,sumher_ldak,46,2000,0.4,1.0
0.402741,0.043746,sumher_ldak,47,2000,0.4,1.0
0.290497,0.042521,sumher_ldak,48,2000,0.4,1.0
0.294067,0.043128,sumher_ldak,49,2000,0.4,1.0
0.297451,0.042803,sumher_ldak,50,2000,0.4,1.0
0.421358,0.043959,sumher_ldak,51,2000,0.4,1.0
0.374072,0.043609,sumher_ldak,52,2000,0.4,1.0
0.305477,0.042865,sumher_ldak,53,2000,0.4,1.0
0.413716,0.043741,sumher_ldak,54,2000,0.4,1.0
0.293867,0.042436,sumher_ldak,55,2000,0.4,1.0
0.303841,0.043239,sumher_ldak,56,2000,0.4,1.0
0.378157,0.043115,sumher_ldak,57,2000,0.4,1.0
0.390074,0.043581,sumher_ldak,58,2000,0.4,1.0
0.236836,0.0423,sumher_ldak,59,2000,0.4,1.0
0.358019,0.043468,sumher_ldak,60,2000,0.4,1.0
0.293981,0.042945,sumher_ldak,61,2000,0.4,1.0
0.346428,0.043047,sumher_ldak,62,2000,0.4,1.0
0.334079,0.04338,sumher_ldak,63,2000,0.4,1.0
0.333562,0.042835,sumher_ldak,64,2000,0.4,1.0
0.387258,0.043253,sumher_ldak,65,2000,0.4,1.0
0.266511,0.043243,sumher_ldak,66,2000,0.4,1.0
0.378178,0.043567,sumher_ldak,67,2000,0.4,1.0
0.348084,0.043495,sumher_ldak,68,2000,0.4,1.0
0.322053,0.043116,sumher_ldak,69,2000,0.4,1.0
0.402525,0.043631,sumher_ldak,70,2000,0.4,1.0
0.342913,0.043235,sumher_ldak,71,2000,0.4,1.0
0.322317,0.042974,sumher_ldak,72,2000,0.4,1.0
0.219714,0.041789,sumher_ldak,73,2000,0.4,1.0
0.339777,0.042868,sumher_ldak,74,2000,0.4,1.0
0.362512,0.04311,sumher_ldak,75,2000,0.4,1.0
0.395263,0.043278,sumher_ldak,76,2000,0.4,1.0
0.353397,0.043118,sumher_ldak,77,2000,0.4,1.0
0.296265,0.042862,sumher_ldak,78,2000,0.4,1.0
0.330361,0.042865,sumher_ldak,79,2000,0.4,1.0
0.366641,0.043076,sumher_ldak,80,2000,0.4,1.0
0.341732,0.043263,sumher_ldak,81,2000,0.4,1.0
0.309736,0.043159,sumher_ldak,82,2000,0.4,1.0
0.339687,0.043572,sumher_ldak,83,2000,0.4,1.0
0.34376,0.043198,sumher_ldak,84,2000,0.4,1.0
0.304655,0.043004,sumher_ldak,85,2000,0.4,1.0
0.307276,0.042943,sumher_ldak,86,2000,0.4,1.0
0.307287,0.042966,sumher_ldak,87,2000,0.4,1.0
0.308959,0.043223,sumher_ldak,88,2000,0.4,1.0
0.337482,0.043203,sumher_ldak,89,2000,0.4,1.0
0.245069,0.042542,sumher_ldak,90,2000,0.4,1.0
0.270221,0.042643,sumher_ldak,91,2000,0.4,1.0
0.248263,0.042639,sumher_ldak,92,2000,0.4,1.0
0.3274,0.042882,sumher_ldak,93,2000,0.4,1.0
0.252518,0.04255,sumher_ldak,94,2000,0.4,1.0
0.279829,0.042739,sumher_ldak,95,2000,0.4,1.0
0.284518,0.042368,sumher_ldak,96,2000,0.4,1.0
0.30128,0.042478,sumher_ldak,97,2000,0.4,1.0
0.311581,0.043155,sumher_ldak,98,2000,0.4,1.0
0.357105,0.042542,sumher_ldak,99,2000,0.4,1.0
0.312945,0.042404,sumher_ldak,0,20000,0.4,1.0
0.299625,0.042827,sumher_ldak,1,20000,0.4,1.0
0.296639,0.042714,sumher_ldak,2,20000,0.4,1.0
0.277312,0.042631,sumher_ldak,3,20000,0.4,1.0
0.181511,0.041293,sumher_ldak,4,20000,0.4,1.0
0.343596,0.042429,sumher_ldak,5,20000,0.4,1.0
0.248904,0.042362,sumher_ldak,6,20000,0.4,1.0
0.285933,0.042472,sumher_ldak,7,20000,0.4,1.0
0.32886,0.043233,sumher_ldak,8,20000,0.4,1.0
0.337056,0.042816,sumher_ldak,9,20000,0.4,1.0
0.3203,0.042364,sumher_ldak,10,20000,0.4,1.0
0.164552,0.042332,sumher_ldak,11,20000,0.4,1.0
0.331166,0.042596,sumher_ldak,12,20000,0.4,1.0
0.286901,0.042617,sumher_ldak,13,20000,0.4,1.0
0.297921,0.04278,sumher_ldak,14,20000,0.4,1.0
0.281019,0.042558,sumher_ldak,15,20000,0.4,1.0
0.361654,0.043298,sumher_ldak,16,20000,0.4,1.0
0.301265,0.042385,sumher_ldak,17,20000,0.4,1.0
0.389024,0.043465,sumher_ldak,18,20000,0.4,1.0
0.377636,0.043357,sumher_ldak,19,20000,0.4,1.0
0.422486,0.04387,sumher_ldak,20,20000,0.4,1.0
0.293118,0.042794,sumher_ldak,21,20000,0.4,1.0
0.380683,0.043344,sumher_ldak,22,20000,0.4,1.0
0.304419,0.042586,sumher_ldak,23,20000,0.4,1.0
0.269899,0.042103,sumher_ldak,24,20000,0.4,1.0
0.329323,0.043372,sumher_ldak,25,20000,0.4,1.0
0.298446,0.042688,sumher_ldak,26,20000,0.4,1.0
0.224732,0.04254,sumher_ldak,27,20000,0.4,1.0
0.285886,0.042428,sumher_ldak,28,20000,0.4,1.0
0.392595,0.043358,sumher_ldak,29,20000,0.4,1.0
0.266405,0.042557,sumher_ldak,30,20000,0.4,1.0
0.281567,0.042773,sumher_ldak,31,20000,0.4,1.0
0.303537,0.042992,sumher_ldak,32,20000,0.4,1.0
0.306163,0.041887,sumher_ldak,33,20000,0.4,1.0
0.268805,0.042562,sumher_ldak,34,20000,0.4,1.0
0.298204,0.042487,sumher_ldak,35,20000,0.4,1.0
0.275951,0.042945,sumher_ldak,36,20000,0.4,1.0
0.33141,0.042969,sumher_ldak,37,20000,0.4,1.0
0.324142,0.042941,sumher_ldak,38,20000,0.4,1.0
0.28069,0.042332,sumher_ldak,39,20000,0.4,1.0
0.314366,0.042719,sumher_ldak,40,20000,0.4,1.0
0.276936,0.042419,sumher_ldak,41,20000,0.4,1.0
0.321985,0.043062,sumher_ldak,42,20000,0.4,1.0
0.255363,0.04215,sumher_ldak,43,20000,0.4,1.0
0.36106,0.04329,sumher_ldak,44,20000,0.4,1.0
0.330948,0.043044,sumher_ldak,45,20000,0.4,1.0
0.319714,0.04299,sumher_ldak,46,20000,0.4,1.0
0.398058,0.04355,sumher_ldak,47,20000,0.4,1.0
0.285391,0.04226,sumher_ldak,48,20000,0.4,1.0
0.290636,0.042922,sumher_ldak,49,20000,0.4,1.0
0.293209,0.042557,sumher_ldak,50,20000,0.4,1.0
0.414376,0.043707,sumher_ldak,51,20000,0.4,1.0
0.368144,0.043351,sumher_ldak,52,20000,0.4,1.0
0.300536,0.04262,sumher_ldak,53,20000,0.4,1.0
0.404965,0.043451,sumher_ldak,54,20000,0.4,1.0
0.287409,0.042142,sumher_ldak,55,20000,0.4,1.0
0.299755,0.043006,sumher_ldak,56,20000,0.4,1.0
0.368513,0.042786,sumher_ldak,57,20000,0.4,1.0
0.385108,0.043368,sumher_ldak,58,20000,0.4,1.0
0.233616,0.04206,sumher_ldak,59,20000,0.4,1.0
0.351612,0.043186,sumher_ldak,60,20000,0.4,1.0
0.291198,0.042784,sumher_ldak,61,20000,0.4,1.0
0.342295,0.042836,sumher_ldak,62,20000,0.4,1.0
0.328731,0.043133,sumher_ldak,63,20000,0.4,1.0
0.328205,0.042612,sumher_ldak,64,20000,0.4,1.0
0.380408,0.042968,sumher_ldak,65,20000,0.4,1.0
0.261645,0.042966,sumher_ldak,66,20000,0.4,1.0
0.372447,0.043344,sumher_ldak,67,20000,0.4,1.0
0.345087,0.043318,sumher_ldak,68,20000,0.4,1.0
0.317939,0.042871,sumher_ldak,69,20000,0.4,1.0
0.395234,0.043362,sumher_ldak,70,20000,0.4,1.0
0.339369,0.043037,sumher_ldak,71,20000,0.4,1.0
0.318481,0.042765,sumher_ldak,72,20000,0.4,1.0
0.216526,0.041566,sumher_ldak,73,20000,0.4,1.0
0.335928,0.042662,sumher_ldak,74,20000,0.4,1.0
0.356051,0.042861,sumher_ldak,75,20000,0.4,1.0
0.386459,0.042989,sumher_ldak,76,20000,0.4,1.0
0.3485,0.042874,sumher_ldak,77,20000,0.4,1.0
0.291781,0.042612,sumher_ldak,78,20000,0.4,1.0
0.324363,0.042575,sumher_ldak,79,20000,0.4,1.0
0.363084,0.042908,sumher_ldak,80,20000,0.4,1.0
0.338431,0.04307,sumher_ldak,81,20000,0.4,1.0
0.306501,0.042971,sumher_ldak,82,20000,0.4,1.0
0.334888,0.043327,sumher_ldak,83,20000,0.4,1.0
0.340259,0.043018,sumher_ldak,84,20000,0.4,1.0
0.299523,0.04274,sumher_ldak,85,20000,0.4,1.0
0.30368,0.042733,sumher_ldak,86,20000,0.4,1.0
0.3034,0.042773,sumher_ldak,87,20000,0.4,1.0
0.305752,0.04301,sumher_ldak,88,20000,0.4,1.0
0.331483,0.042944,sumher_ldak,89,20000,0.4,1.0
0.242251,0.042303,sumher_ldak,90,20000,0.4,1.0
0.265219,0.042375,sumher_ldak,91,20000,0.4,1.0
0.244895,0.042415,sumher_ldak,92,20000,0.4,1.0
0.322104,0.04261,sumher_ldak,93,20000,0.4,1.0
0.248438,0.042309,sumher_ldak,94,20000,0.4,1.0
0.276797,0.042558,sumher_ldak,95,20000,0.4,1.0
0.281287,0.042178,sumher_ldak,96,20000,0.4,1.0
0.294012,0.042133,sumher_ldak,97,20000,0.4,1.0
0.306153,0.042893,sumher_ldak,98,20000,0.4,1.0
0.348246,0.042226,sumher_ldak,99,20000,0.4,1.0
0.312711,0.042397,sumher_ldak,0,50000,0.4,1.0
0.299531,0.042821,sumher_ldak,1,50000,0.4,1.0
0.296463,0.042707,sumher_ldak,2,50000,0.4,1.0
0.277236,0.042626,sumher_ldak,3,50000,0.4,1.0
0.181421,0.041288,sumher_ldak,4,50000,0.4,1.0
0.343401,0.042422,sumher_ldak,5,50000,0.4,1.0
0.248828,0.042356,sumher_ldak,6,50000,0.4,1.0
0.285851,0.042467,sumher_ldak,7,50000,0.4,1.0
0.328926,0.043229,sumher_ldak,8,50000,0.4,1.0
0.337113,0.042811,sumher_ldak,9,50000,0.4,1.0
0.320104,0.042357,sumher_ldak,10,50000,0.4,1.0
0.164321,0.042324,sumher_ldak,11,50000,0.4,1.0
0.330981,0.042588,sumher_ldak,12,50000,0.4,1.0
0.286832,0.042611,sumher_ldak,13,50000,0.4,1.0
0.298031,0.042776,sumher_ldak,14,50000,0.4,1.0
0.280852,0.04255,sumher_ldak,15,50000,0.4,1.0
0.361477,0.043292,sumher_ldak,16,50000,0.4,1.0
0.301175,0.04238,sumher_ldak,17,50000,0.4,1.0
0.388821,0.043458,sumher_ldak,18,50000,0.4,1.0
0.377202,0.043348,sumher_ldak,19,50000,0.4,1.0
0.422398,0.043864,sumher_ldak,20,50000,0.4,1.0
0.293162,0.04279,sumher_ldak,21,50000,0.4,1.0
0.380504,0.043338,sumher_ldak,22,50000,0.4,1.0
0.304486,0.042583,sumher_ldak,23,50000,0.4,1.0
0.26999,0.0421,sumher_ldak,24,50000,0.4,1.0
0.329056,0.043365,sumher_ldak,25,50000,0.4,1.0
0.298324,0.042683,sumher_ldak,26,50000,0.4,1.0
0.224811,0.042535,sumher_ldak,27,50000,0.4,1.0
0.285736,0.042421,sumher_ldak,28,50000,0.4,1.0
0.392523,0.043353,sumher_ldak,29,50000,0.4,1.0
0.266664,0.042556,sumher_ldak,30,50000,0.4,1.0
0.281592,0.04277,sumher_ldak,31,50000,0.4,1.0
0.303389,0.042986,sumher_ldak,32,50000,0.4,1.0
0.306106,0.041882,sumher_ldak,33,50000,0.4,1.0
0.268453,0.042552,sumher_ldak,34,50000,0.4,1.0
0.29815,0.042482,sumher_ldak,35,50000,0.4,1.0
0.275975,0.042941,sumher_ldak,36,50000,0.4,1.0
0.331146,0.042961,sumher_ldak,37,50000,0.4,1.0
0.324011,0.042936,sumher_ldak,38,50000,0.4,1.0
0.280559,0.042326,sumher_ldak,39,50000,0.4,1.0
0.314439,0.042716,sumher_ldak,40,50000,0.4,1.0
0.276794,0.042413,sumher_ldak,41,50000,0.4,1.0
0.321918,0.043056,sumher_ldak,42,50000,0.4,1.0
0.255235,0.042144,sumher_ldak,43,50000,0.4,1.0
0.360956,0.043283,sumher_ldak,44,50000,0.4,1.0
0.330904,0.043039,sumher_ldak,45,50000,0.4,1.0
0.319735,0.042986,sumher_ldak,46,50000,0.4,1.0
0.397848,0.043543,sumher_ldak,47,50000,0.4,1.0
0.285368,0.042255,sumher_ldak,48,50000,0.4,1.0
0.290723,0.042919,sumher_ldak,49,50000,0.4,1.0
0.293138,0.042553,sumher_ldak,50,50000,0.4,1.0
0.414506,0.043705,sumher_ldak,51,50000,0.4,1.0
0.367947,0.043344,sumher_ldak,52,50000,0.4,1.0
0.300762,0.042618,sumher_ldak,53,50000,0.4,1.0
0.404709,0.043443,sumher_ldak,54,50000,0.4,1.0
0.287306,0.042137,sumher_ldak,55,50000,0.4,1.0
0.299718,0.043,sumher_ldak,56,50000,0.4,1.0
0.368426,0.04278,sumher_ldak,57,50000,0.4,1.0
0.384923,0.043362,sumher_ldak,58,50000,0.4,1.0
0.233708,0.042057,sumher_ldak,59,50000,0.4,1.0
0.35128,0.043177,sumher_ldak,60,50000,0.4,1.0
0.291133,0.042778,sumher_ldak,61,50000,0.4,1.0
0.342332,0.042833,sumher_ldak,62,50000,0.4,1.0
0.32854,0.043125,sumher_ldak,63,50000,0.4,1.0
0.328272,0.042609,sumher_ldak,64,50000,0.4,1.0
0.380183,0.04296,sumher_ldak,65,50000,0.4,1.0
0.261466,0.042959,sumher_ldak,66,50000,0.4,1.0
0.372286,0.043336,sumher_ldak,67,50000,0.4,1.0
0.345102,0.043313,sumher_ldak,68,50000,0.4,1.0
0.31794,0.042868,sumher_ldak,69,50000,0.4,1.0
0.394923,0.043353,sumher_ldak,70,50000,0.4,1.0
0.339264,0.043031,sumher_ldak,71,50000,0.4,1.0
0.31837,0.042759,sumher_ldak,72,50000,0.4,1.0
0.216381,0.04156,sumher_ldak,73,50000,0.4,1.0
0.335926,0.042657,sumher_ldak,74,50000,0.4,1.0
0.355787,0.042853,sumher_ldak,75,50000,0.4,1.0
0.386221,0.042981,sumher_ldak,76,50000,0.4,1.0
0.348276,0.042866,sumher_ldak,77,50000,0.4,1.0
0.291628,0.042606,sumher_ldak,78,50000,0.4,1.0
0.32431,0.042571,sumher_ldak,79,50000,0.4,1.0
0.362708,0.042898,sumher_ldak,80,50000,0.4,1.0
0.338493,0.043065,sumher_ldak,81,50000,0.4,1.0
0.306379,0.042964,sumher_ldak,82,50000,0.4,1.0
0.334483,0.043317,sumher_ldak,83,50000,0.4,1.0
0.340382,0.043014,sumher_ldak,84,50000,0.4,1.0
0.299517,0.042735,sumher_ldak,85,50000,0.4,1.0
0.303668,0.042728,sumher_ldak,86,50000,0.4,1.0
0.303344,0.042767,sumher_ldak,87,50000,0.4,1.0
0.305523,0.043003,sumher_ldak,88,50000,0.4,1.0
0.331402,0.042938,sumher_ldak,89,50000,0.4,1.0
0.24209,0.042297,sumher_ldak,90,50000,0.4,1.0
0.265234,0.042372,sumher_ldak,91,50000,0.4,1.0
0.245046,0.042412,sumher_ldak,92,50000,0.4,1.0
0.322101,0.042605,sumher_ldak,93,50000,0.4,1.0
0.248523,0.042305,sumher_ldak,94,50000,0.4,1.0
0.276616,0.042551,sumher_ldak,95,50000,0.4,1.0
0.281252,0.042172,sumher_ldak,96,50000,0.4,1.0
0.293914,0.042126,sumher_ldak,97,50000,0.4,1.0
0.306118,0.042888,sumher_ldak,98,50000,0.4,1.0
0.347996,0.042219,sumher_ldak,99,50000,0.4,1.0
0.349981,0.043355,sumher_ldak,0,2000,0.4,0.1
0.321098,0.042949,sumher_ldak,1,2000,0.4,0.1
0.340986,0.04337,sumher_ldak,2,2000,0.4,0.1
0.305234,0.042857,sumher_ldak,3,2000,0.4,0.1
0.353029,0.042649,sumher_ldak,4,2000,0.4,0.1
0.298887,0.042971,sumher_ldak,5,2000,0.4,0.1
0.308194,0.043229,sumher_ldak,6,2000,0.4,0.1
0.302991,0.04321,sumher_ldak,7,2000,0.4,0.1
0.31178,0.04278,sumher_ldak,8,2000,0.4,0.1
0.349282,0.043237,sumher_ldak,9,2000,0.4,0.1
0.319595,0.043367,sumher_ldak,10,2000,0.4,0.1
0.385663,0.043526,sumher_ldak,11,2000,0.4,0.1
0.341712,0.04302,sumher_ldak,12,2000,0.4,0.1
0.285662,0.04339,sumher_ldak,13,2000,0.4,0.1
0.328784,0.042327,sumher_ldak,14,2000,0.4,0.1
0.258085,0.042633,sumher_ldak,15,2000,0.4,0.1
0.3255,0.043086,sumher_ldak,16,2000,0.4,0.1
0.293985,0.042342,sumher_ldak,17,2000,0.4,0.1
0.333683,0.043189,sumher_ldak,18,2000,0.4,0.1
0.289321,0.042785,sumher_ldak,19,2000,0.4,0.1
0.307824,0.042774,sumher_ldak,20,2000,0.4,0.1
0.322348,0.04321,sumher_ldak,21,2000,0.4,0.1
0.329256,0.043191,sumher_ldak,22,2000,0.4,0.1
0.23654,0.041869,sumher_ldak,23,2000,0.4,0.1
0.312434,0.042705,sumher_ldak,24,2000,0.4,0.1
0.325188,0.042941,sumher_ldak,25,2000,0.4,0.1
0.289233,0.04265,sumher_ldak,26,2000,0.4,0.1
0.267832,0.043011,sumher_ldak,27,2000,0.4,0.1
0.307639,0.043188,sumher_ldak,28,2000,0.4,0.1
0.253467,0.042642,sumher_ldak,29,2000,0.4,0.1
0.308141,0.042768,sumher_ldak,30,2000,0.4,0.1
0.381894,0.043699,sumher_ldak,31,2000,0.4,0.1
0.300044,0.043083,sumher_ldak,32,2000,0.4,0.1
0.43516,0.04389,sumher_ldak,33,2000,0.4,0.1
0.283351,0.042614,sumher_ldak,34,2000,0.4,0.1
0.377305,0.043266,sumher_ldak,35,2000,0.4,0.1
0.35907,0.043295,sumher_ldak,36,2000,0.4,0.1
0.396874,0.043728,sumher_ldak,37,2000,0.4,0.1
0.358034,0.043138,sumher_ldak,38,2000,0.4,0.1
0.223977,0.04244,sumher_ldak,39,2000,0.4,0.1
0.337266,0.043019,sumher_ldak,40,2000,0.4,0.1
0.323307,0.04317,sumher_ldak,41,2000,0.4,0.1
0.225823,0.041891,sumher_ldak,42,2000,0.4,0.1
0.233001,0.042716,sumher_ldak,43,2000,0.4,0.1
0.251619,0.042254,sumher_ldak,44,2000,0.4,0.1
0.40731,0.043566,sumher_ldak,45,2000,0.4,0.1
0.221375,0.0428,sumher_ldak,46,2000,0.4,0.1
0.31265,0.042858,sumher_ldak,47,2000,0.4,0.1
0.312634,0.042484,sumher_ldak,48,2000,0.4,0.1
0.311361,0.043084,sumher_ldak,49,2000,0.4,0.1
0.346894,0.043117,sumher_ldak,50,2000,0.4,0.1
0.291036,0.043182,sumher_ldak,51,2000,0.4,0.1
0.270255,0.043063,sumher_ldak,52,2000,0.4,0.1
0.287146,0.042878,sumher_ldak,53,2000,0.4,0.1
0.304841,0.043168,sumher_ldak,54,2000,0.4,0.1
0.307492,0.042812,sumher_ldak,55,2000,0.4,0.1
0.310307,0.043004,sumher_ldak,56,2000,0.4,0.1
0.345354,0.042917,sumher_ldak,57,2000,0.4,0.1
0.352991,0.04322,sumher_ldak,58,2000,0.4,0.1
0.249493,0.042266,sumher_ldak,59,2000,0.4,0.1
0.328731,0.043151,sumher_ldak,60,2000,0.4,0.1
0.273293,0.043288,sumher_ldak,61,2000,0.4,0.1
0.275138,0.042689,sumher_ldak,62,2000,0.4,0.1
0.365092,0.043316,sumher_ldak,63,2000,0.4,0.1
0.279795,0.043208,sumher_ldak,64,2000,0.4,0.1
0.335837,0.04339,sumher_ldak,65,2000,0.4,0.1
0.39895,0.043499,sumher_ldak,66,2000,0.4,0.1
0.305198,0.042742,sumher_ldak,67,2000,0.4,0.1
0.259027,0.043069,sumher_ldak,68,2000,0.4,0.1
0.244791,0.042149,sumher_ldak,69,2000,0.4,0.1
0.333614,0.043253,sumher_ldak,70,2000,0.4,0.1
0.344611,0.043243,sumher_ldak,71,2000,0.4,0.1
0.25576,0.042712,sumher_ldak,72,2000,0.4,0.1
0.303427,0.043161,sumher_ldak,73,2000,0.4,0.1
0.259962,0.04258,sumher_ldak,74,2000,0.4,0.1
0.346267,0.043329,sumher_ldak,75,2000,0.4,0.1
0.265367,0.042467,sumher_ldak,76,2000,0.4,0.1
0.358434,0.042816,sumher_ldak,77,2000,0.4,0.1
0.38935,0.043193,sumher_ldak,78,2000,0.4,0.1
0.331556,0.042952,sumher_ldak,79,2000,0.4,0.1
0.343923,0.043339,sumher_ldak,80,2000,0.4,0.1
0.321012,0.043269,sumher_ldak,81,2000,0.4,0.1
0.328971,0.043215,sumher_ldak,82,2000,0.4,0.1
0.359616,0.043013,sumher_ldak,83,2000,0.4,0.1
0.292606,0.043016,sumher_ldak,84,2000,0.4,0.1
0.359654,0.043885,sumher_ldak,85,2000,0.4,0.1
0.360112,0.042613,sumher_ldak,86,2000,0.4,0.1
0.399921,0.043348,sumher_ldak,87,2000,0.4,0.1
0.388076,0.043622,sumher_ldak,88,2000,0.4,0.1
0.31403,0.042816,sumher_ldak,89,2000,0.4,0.1
0.304009,0.042877,sumher_ldak,90,2000,0.4,0.1
0.258092,0.042719,sumher_ldak,91,2000,0.4,0.1
0.33554,0.043106,sumher_ldak,92,2000,0.4,0.1
0.213731,0.042056,sumher_ldak,93,2000,0.4,0.1
0.374943,0.04355,sumher_ldak,94,2000,0.4,0.1
0.311846,0.043229,sumher_ldak,95,2000,0.4,0.1
0.402595,0.043641,sumher_ldak,96,2000,0.4,0.1
0.28753,0.042485,sumher_ldak,97,2000,0.4,0.1
0.305717,0.043153,sumher_ldak,98,2000,0.4,0.1
0.326814,0.042765,sumher_ldak,99,2000,0.4,0.1
0.347252,0.043165,sumher_ldak,0,20000,0.4,0.1
0.317304,0.042738,sumher_ldak,1,20000,0.4,0.1
0.337374,0.043165,sumher_ldak,2,20000,0.4,0.1
0.29965,0.04257,sumher_ldak,3,20000,0.4,0.1
0.342076,0.042301,sumher_ldak,4,20000,0.4,0.1
0.294606,0.042737,sumher_ldak,5,20000,0.4,0.1
0.305277,0.043028,sumher_ldak,6,20000,0.4,0.1
0.298353,0.042974,sumher_ldak,7,20000,0.4,0.1
0.305725,0.042491,sumher_ldak,8,20000,0.4,0.1
0.345448,0.04304,sumher_ldak,9,20000,0.4,0.1
0.315605,0.043143,sumher_ldak,10,20000,0.4,0.1
0.378289,0.043262,sumher_ldak,11,20000,0.4,0.1
0.33606,0.042773,sumher_ldak,12,20000,0.4,0.1
0.281885,0.043176,sumher_ldak,13,20000,0.4,0.1
0.321043,0.042028,sumher_ldak,14,20000,0.4,0.1
0.252976,0.042337,sumher_ldak,15,20000,0.4,0.1
0.320762,0.042831,sumher_ldak,16,20000,0.4,0.1
0.288737,0.042091,sumher_ldak,17,20000,0.4,0.1
0.329372,0.042967,sumher_ldak,18,20000,0.4,0.1
0.286839,0.042618,sumher_ldak,19,20000,0.4,0.1
0.304858,0.042586,sumher_ldak,20,20000,0.4,0.1
0.319021,0.042996,sumher_ldak,21,20000,0.4,0.1
0.326862,0.043045,sumher_ldak,22,20000,0.4,0.1
0.229573,0.041431,sumher_ldak,23,20000,0.4,0.1
0.308972,0.042485,sumher_ldak,24,20000,0.4,0.1
0.321251,0.042715,sumher_ldak,25,20000,0.4,0.1
0.284623,0.042414,sumher_ldak,26,20000,0.4,0.1
0.26416,0.04278,sumher_ldak,27,20000,0.4,0.1
0.30398,0.042993,sumher_ldak,28,20000,0.4,0.1
0.250458,0.042429,sumher_ldak,29,20000,0.4,0.1
0.304741,0.042564,sumher_ldak,30,20000,0.4,0.1
0.376958,0.043455,sumher_ldak,31,20000,0.4,0.1
0.296492,0.042848,sumher_ldak,32,20000,0.4,0.1
0.429434,0.043676,sumher_ldak,33,20000,0.4,0.1
0.276009,0.04227,sumher_ldak,34,20000,0.4,0.1
0.367914,0.042942,sumher_ldak,35,20000,0.4,0.1
0.349972,0.042961,sumher_ldak,36,20000,0.4,0.1
0.392012,0.043494,sumher_ldak,37,20000,0.4,0.1
0.352521,0.042885,sumher_ldak,38,20000,0.4,0.1
0.221886,0.042244,sumher_ldak,39,20000,0.4,0.1
0.332385,0.042793,sumher_ldak,40,20000,0.4,0.1
0.318422,0.042927,sumher_ldak,41,20000,0.4,0.1
0.222424,0.041653,sumher_ldak,42,20000,0.4,0.1
0.229783,0.042479,sumher_ldak,43,20000,0.4,0.1
0.248352,0.042046,sumher_ldak,44,20000,0.4,0.1
0.400989,0.043317,sumher_ldak,45,20000,0.4,0.1
0.217513,0.042531,sumher_ldak,46,20000,0.4,0.1
0.309373,0.042656,sumher_ldak,47,20000,0.4,0.1
0.304224,0.04214,sumher_ldak,48,20000,0.4,0.1
0.305516,0.0428,sumher_ldak,49,20000,0.4,0.1
0.342862,0.042926,sumher_ldak,50,20000,0.4,0.1
0.287141,0.042949,sumher_ldak,51,20000,0.4,0.1
0.264581,0.042785,sumher_ldak,52,20000,0.4,0.1
0.282577,0.042629,sumher_ldak,53,20000,0.4,0.1
0.299018,0.04292,sumher_ldak,54,20000,0.4,0.1
0.303975,0.042611,sumher_ldak,55,20000,0.4,0.1
0.303669,0.042711,sumher_ldak,56,20000,0.4,0.1
0.34024,0.042667,sumher_ldak,57,20000,0.4,0.1
0.345634,0.04293,sumher_ldak,58,20000,0.4,0.1
0.246382,0.042057,sumher_ldak,59,20000,0.4,0.1
0.323346,0.04291,sumher_ldak,60,20000,0.4,0.1
0.270509,0.043102,sumher_ldak,61,20000,0.4,0.1
0.269651,0.042424,sumher_ldak,62,20000,0.4,0.1
0.359554,0.043076,sumher_ldak,63,20000,0.4,0.1
0.275961,0.042967,sumher_ldak,64,20000,0.4,0.1
0.330959,0.043132,sumher_ldak,65,20000,0.4,0.1
0.391679,0.04323,sumher_ldak,66,20000,0.4,0.1
0.301005,0.042514,sumher_ldak,67,20000,0.4,0.1
0.256661,0.042855,sumher_ldak,68,20000,0.4,0.1
0.240846,0.041914,sumher_ldak,69,20000,0.4,0.1
0.327606,0.042963,sumher_ldak,70,20000,0.4,0.1
0.339625,0.043021,sumher_ldak,71,20000,0.4,0.1
0.252997,0.042508,sumher_ldak,72,20000,0.4,0.1
0.299411,0.042951,sumher_ldak,73,20000,0.4,0.1
0.256019,0.042323,sumher_ldak,74,20000,0.4,0.1
0.34028,0.043067,sumher_ldak,75,20000,0.4,0.1
0.261594,0.042225,sumher_ldak,76,20000,0.4,0.1
0.353017,0.042577,sumher_ldak,77,20000,0.4,0.1
0.38243,0.042939,sumher_ldak,78,20000,0.4,0.1
0.326616,0.042719,sumher_ldak,79,20000,0.4,0.1
0.33857,0.043076,sumher_ldak,80,20000,0.4,0.1
0.31752,0.043071,sumher_ldak,81,20000,0.4,0.1
0.324378,0.042982,sumher_ldak,82,20000,0.4,0.1
0.352466,0.0427,sumher_ldak,83,20000,0.4,0.1
0.288508,0.042762,sumher_ldak,84,20000,0.4,0.1
0.355635,0.043685,sumher_ldak,85,20000,0.4,0.1
0.353107,0.042355,sumher_ldak,86,20000,0.4,0.1
0.390814,0.043049,sumher_ldak,87,20000,0.4,0.1
0.382879,0.043395,sumher_ldak,88,20000,0.4,0.1
0.307571,0.042532,sumher_ldak,89,20000,0.4,0.1
0.30012,0.042682,sumher_ldak,90,20000,0.4,0.1
0.255153,0.042533,sumher_ldak,91,20000,0.4,0.1
0.330346,0.042868,sumher_ldak,92,20000,0.4,0.1
0.210665,0.041808,sumher_ldak,93,20000,0.4,0.1
0.370151,0.043323,sumher_ldak,94,20000,0.4,0.1
0.307816,0.043007,sumher_ldak,95,20000,0.4,0.1
0.398383,0.04345,sumher_ldak,96,20000,0.4,0.1
0.283816,0.04228,sumher_ldak,97,20000,0.4,0.1
0.302324,0.042948,sumher_ldak,98,20000,0.4,0.1
0.321205,0.042508,sumher_ldak,99,20000,0.4,0.1
0.347119,0.043158,sumher_ldak,0,50000,0.4,0.1
0.317091,0.042731,sumher_ldak,1,50000,0.4,0.1
0.337144,0.043158,sumher_ldak,2,50000,0.4,0.1
0.299615,0.042565,sumher_ldak,3,50000,0.4,0.1
0.341784,0.042292,sumher_ldak,4,50000,0.4,0.1
0.294586,0.042732,sumher_ldak,5,50000,0.4,0.1
0.305508,0.043026,sumher_ldak,6,50000,0.4,0.1
0.298285,0.042968,sumher_ldak,7,50000,0.4,0.1
0.305401,0.042481,sumher_ldak,8,50000,0.4,0.1
0.345426,0.043035,sumher_ldak,9,50000,0.4,0.1
0.315514,0.043138,sumher_ldak,10,50000,0.4,0.1
0.378302,0.043257,sumher_ldak,11,50000,0.4,0.1
0.335879,0.042767,sumher_ldak,12,50000,0.4,0.1
0.281866,0.04317,sumher_ldak,13,50000,0.4,0.1
0.321079,0.042024,sumher_ldak,14,50000,0.4,0.1
0.25293,0.042331,sumher_ldak,15,50000,0.4,0.1
0.320635,0.042824,sumher_ldak,16,50000,0.4,0.1
0.288863,0.042088,sumher_ldak,17,50000,0.4,0.1
0.329395,0.042962,sumher_ldak,18,50000,0.4,0.1
0.286878,0.042613,sumher_ldak,19,50000,0.4,0.1
0.304726,0.04258,sumher_ldak,20,50000,0.4,0.1
0.318852,0.04299,sumher_ldak,21,50000,0.4,0.1
0.326779,0.043039,sumher_ldak,22,50000,0.4,0.1
0.229586,0.041427,sumher_ldak,23,50000,0.4,0.1
0.308888,0.042479,sumher_ldak,24,50000,0.4,0.1
0.321283,0.042711,sumher_ldak,25,50000,0.4,0.1
0.284604,0.042409,sumher_ldak,26,50000,0.4,0.1
0.264021,0.042773,sumher_ldak,27,50000,0.4,0.1
0.30389,0.042988,sumher_ldak,28,50000,0.4,0.1
0.250356,0.042423,sumher_ldak,29,50000,0.4,0.1
0.304699,0.04256,sumher_ldak,30,50000,0.4,0.1
0.376793,0.043449,sumher_ldak,31,50000,0.4,0.1
0.296317,0.04284,sumher_ldak,32,50000,0.4,0.1
0.429365,0.043671,sumher_ldak,33,50000,0.4,0.1
0.275858,0.042263,sumher_ldak,34,50000,0.4,0.1
0.368,0.042938,sumher_ldak,35,50000,0.4,0.1
0.349848,0.042955,sumher_ldak,36,50000,0.4,0.1
0.392102,0.043489,sumher_ldak,37,50000,0.4,0.1
0.352305,0.042879,sumher_ldak,38,50000,0.4,0.1
0.221847,0.042238,sumher_ldak,39,50000,0.4,0.1
0.332271,0.042786,sumher_ldak,40,50000,0.4,0.1
0.318415,0.042923,sumher_ldak,41,50000,0.4,0.1
0.222304,0.041647,sumher_ldak,42,50000,0.4,0.1
0.229551,0.042472,sumher_ldak,43,50000,0.4,0.1
0.248438,0.042042,sumher_ldak,44,50000,0.4,0.1
0.400978,0.043312,sumher_ldak,45,50000,0.4,0.1
0.21737,0.042524,sumher_ldak,46,50000,0.4,0.1
0.309174,0.042648,sumher_ldak,47,50000,0.4,0.1
0.303829,0.04213,sumher_ldak,48,50000,0.4,0.1
0.305575,0.042796,sumher_ldak,49,50000,0.4,0.1
0.342598,0.04292,sumher_ldak,50,50000,0.4,0.1
0.287165,0.042945,sumher_ldak,51,50000,0.4,0.1
0.26475,0.042781,sumher_ldak,52,50000,0.4,0.1
0.282784,0.042628,sumher_ldak,53,50000,0.4,0.1
0.298935,0.042915,sumher_ldak,54,50000,0.4,0.1
0.303818,0.042604,sumher_ldak,55,50000,0.4,0.1
0.303627,0.042706,sumher_ldak,56,50000,0.4,0.1
0.340095,0.042662,sumher_ldak,57,50000,0.4,0.1
0.345578,0.042925,sumher_ldak,58,50000,0.4,0.1
0.246327,0.042053,sumher_ldak,59,50000,0.4,0.1
0.323153,0.042904,sumher_ldak,60,50000,0.4,0.1
0.270195,0.043094,sumher_ldak,61,50000,0.4,0.1
0.269662,0.042419,sumher_ldak,62,50000,0.4,0.1
0.35955,0.043072,sumher_ldak,63,50000,0.4,0.1
0.275989,0.042963,sumher_ldak,64,50000,0.4,0.1
0.330963,0.043127,sumher_ldak,65,50000,0.4,0.1
0.391806,0.043227,sumher_ldak,66,50000,0.4,0.1
0.300891,0.042508,sumher_ldak,67,50000,0.4,0.1
0.256577,0.04285,sumher_ldak,68,50000,0.4,0.1
0.240759,0.04191,sumher_ldak,69,50000,0.4,0.1
0.327608,0.042957,sumher_ldak,70,50000,0.4,0.1
0.339251,0.043012,sumher_ldak,71,50000,0.4,0.1
0.252846,0.042502,sumher_ldak,72,50000,0.4,0.1
0.299484,0.042947,sumher_ldak,73,50000,0.4,0.1
0.256083,0.042319,sumher_ldak,74,50000,0.4,0.1
0.340207,0.043061,sumher_ldak,75,50000,0.4,0.1
0.261442,0.042218,sumher_ldak,76,50000,0.4,0.1
0.35282,0.04257,sumher_ldak,77,50000,0.4,0.1
0.38225,0.042933,sumher_ldak,78,50000,0.4,0.1
0.326426,0.042714,sumher_ldak,79,50000,0.4,0.1
0.338311,0.043069,sumher_ldak,80,50000,0.4,0.1
0.317478,0.043065,sumher_ldak,81,50000,0.4,0.1
0.324253,0.042975,sumher_ldak,82,50000,0.4,0.1
0.352441,0.042695,sumher_ldak,83,50000,0.4,0.1
0.288578,0.042758,sumher_ldak,84,50000,0.4,0.1
0.355379,0.043679,sumher_ldak,85,50000,0.4,0.1
0.352982,0.042348,sumher_ldak,86,50000,0.4,0.1
0.39071,0.043043,sumher_ldak,87,50000,0.4,0.1
0.382818,0.043389,sumher_ldak,88,50000,0.4,0.1
0.307325,0.042523,sumher_ldak,89,50000,0.4,0.1
0.300032,0.042676,sumher_ldak,90,50000,0.4,0.1
0.254945,0.042525,sumher_ldak,91,50000,0.4,0.1
0.330385,0.042864,sumher_ldak,92,50000,0.4,0.1
0.210439,0.041801,sumher_ldak,93,50000,0.4,0.1
0.370151,0.043319,sumher_ldak,94,50000,0.4,0.1
0.307922,0.043004,sumher_ldak,95,50000,0.4,0.1
0.398259,0.043444,sumher_ldak,96,50000,0.4,0.1
0.28382,0.042276,sumher_ldak,97,50000,0.4,0.1
0.302249,0.042942,sumher_ldak,98,50000,0.4,0.1
0.321152,0.042501,sumher_ldak,99,50000,0.4,0.1
0.351261,0.04351,sumher_ldak,0,2000,0.4,0.01
0.280366,0.042624,sumher_ldak,1,2000,0.4,0.01
0.339473,0.043581,sumher_ldak,2,2000,0.4,0.01
0.376188,0.043934,sumher_ldak,3,2000,0.4,0.01
0.391619,0.043993,sumher_ldak,4,2000,0.4,0.01
0.246076,0.042881,sumher_ldak,5,2000,0.4,0.01
0.331147,0.042892,sumher_ldak,6,2000,0.4,0.01
0.200869,0.042019,sumher_ldak,7,2000,0.4,0.01
0.289456,0.043023,sumher_ldak,8,2000,0.4,0.01
0.352556,0.042564,sumher_ldak,9,2000,0.4,0.01
0.396697,0.043976,sumher_ldak,10,2000,0.4,0.01
0.342958,0.042542,sumher_ldak,11,2000,0.4,0.01
0.253404,0.042527,sumher_ldak,12,2000,0.4,0.01
0.286741,0.042471,sumher_ldak,13,2000,0.4,0.01
0.348384,0.0434,sumher_ldak,14,2000,0.4,0.01
0.303729,0.042557,sumher_ldak,15,2000,0.4,0.01
0.297879,0.04238,sumher_ldak,16,2000,0.4,0.01
0.349523,0.043599,sumher_ldak,17,2000,0.4,0.01
0.301419,0.042724,sumher_ldak,18,2000,0.4,0.01
0.25818,0.042419,sumher_ldak,19,2000,0.4,0.01
0.386375,0.043755,sumher_ldak,20,2000,0.4,0.01
0.230832,0.042392,sumher_ldak,21,2000,0.4,0.01
0.32146,0.042995,sumher_ldak,22,2000,0.4,0.01
0.31461,0.043095,sumher_ldak,23,2000,0.4,0.01
0.320678,0.0433,sumher_ldak,24,2000,0.4,0.01
0.431261,0.04408,sumher_ldak,25,2000,0.4,0.01
0.378663,0.042766,sumher_ldak,26,2000,0.4,0.01
0.313812,0.042533,sumher_ldak,27,2000,0.4,0.01
0.341849,0.043125,sumher_ldak,28,2000,0.4,0.01
0.372235,0.043784,sumher_ldak,29,2000,0.4,0.01
0.318222,0.043199,sumher_ldak,30,2000,0.4,0.01
0.35865,0.0428,sumher_ldak,31,2000,0.4,0.01
0.327396,0.043303,sumher_ldak,32,2000,0.4,0.01
0.321336,0.042841,sumher_ldak,33,2000,0.4,0.01
0.305113,0.042938,sumher_ldak,34,2000,0.4,0.01
0.332705,0.042972,sumher_ldak,35,2000,0.4,0.01
0.350367,0.043271,sumher_ldak,36,2000,0.4,0.01
0.318025,0.042796,sumher_ldak,37,2000,0.4,0.01
0.311367,0.042884,sumher_ldak,38,2000,0.4,0.01
0.297178,0.042697,sumher_ldak,39,2000,0.4,0.01
0.341826,0.04351,sumher_ldak,40,2000,0.4,0.01
0.277557,0.042679,sumher_ldak,41,2000,0.4,0.01
0.278856,0.042636,sumher_ldak,42,2000,0.4,0.01
0.284728,0.042677,sumher_ldak,43,2000,0.4,0.01
0.280684,0.042363,sumher_ldak,44,2000,0.4,0.01
0.311311,0.043298,sumher_ldak,45,2000,0.4,0.01
0.333156,0.042907,sumher_ldak,46,2000,0.4,0.01
0.313118,0.043251,sumher_ldak,47,2000,0.4,0.01
0.336079,0.043255,sumher_ldak,48,2000,0.4,0.01
0.257309,0.042446,sumher_ldak,49,2000,0.4,0.01
0.295129,0.042894,sumher_ldak,50,2000,0.4,0.01
0.373263,0.043234,sumher_ldak,51,2000,0.4,0.01
0.361922,0.04326,sumher_ldak,52,2000,0.4,0.01
0.352033,0.042966,sumher_ldak,53,2000,0.4,0.01
0.362895,0.043348,sumher_ldak,54,2000,0.4,0.01
0.357084,0.042831,sumher_ldak,55,2000,0.4,0.01
0.31429,0.043176,sumher_ldak,56,2000,0.4,0.01
0.353972,0.043046,sumher_ldak,57,2000,0.4,0.01
0.316908,0.042754,sumher_ldak,58,2000,0.4,0.01
0.351663,0.043199,sumher_ldak,59,2000,0.4,0.01
0.33151,0.043352,sumher_ldak,60,2000,0.4,0.01
0.237174,0.042481,sumher_ldak,61,2000,0.4,0.01
0.365465,0.043198,sumher_ldak,62,2000,0.4,0.01
0.31944,0.043204,sumher_ldak,63,2000,0.4,0.01
0.279684,0.043068,sumher_ldak,64,2000,0.4,0.01
0.302205,0.042679,sumher_ldak,65,2000,0.4,0.01
0.247708,0.042599,sumher_ldak,66,2000,0.4,0.01
0.418824,0.043648,sumher_ldak,67,2000,0.4,0.01
0.383534,0.043841,sumher_ldak,68,2000,0.4,0.01
0.317621,0.043127,sumher_ldak,69,2000,0.4,0.01
0.352445,0.043397,sumher_ldak,70,2000,0.4,0.01
0.393505,0.043957,sumher_ldak,71,2000,0.4,0.01
0.363533,0.043273,sumher_ldak,72,2000,0.4,0.01
0.28776,0.042736,sumher_ldak,73,2000,0.4,0.01
0.278633,0.04276,sumher_ldak,74,2000,0.4,0.01
0.284917,0.042764,sumher_ldak,75,2000,0.4,0.01
0.243408,0.042684,sumher_ldak,76,2000,0.4,0.01
0.304074,0.042828,sumher_ldak,77,2000,0.4,0.01
0.394281,0.043669,sumher_ldak,78,2000,0.4,0.01
0.376431,0.043504,sumher_ldak,79,2000,0.4,0.01
0.276757,0.041588,sumher_ldak,80,2000,0.4,0.01
0.341353,0.043226,sumher_ldak,81,2000,0.4,0.01
0.295954,0.043098,sumher_ldak,82,2000,0.4,0.01
0.303323,0.043406,sumher_ldak,83,2000,0.4,0.01
0.298337,0.043372,sumher_ldak,84,2000,0.4,0.01
0.332316,0.043739,sumher_ldak,85,2000,0.4,0.01
0.292375,0.04279,sumher_ldak,86,2000,0.4,0.01
0.224983,0.042751,sumher_ldak,87,2000,0.4,0.01
0.271345,0.04263,sumher_ldak,88,2000,0.4,0.01
0.324816,0.043608,sumher_ldak,89,2000,0.4,0.01
0.371244,0.043659,sumher_ldak,90,2000,0.4,0.01
0.365914,0.04328,sumher_ldak,91,2000,0.4,0.01
0.297432,0.042893,sumher_ldak,92,2000,0.4,0.01
0.323711,0.043128,sumher_ldak,93,2000,0.4,0.01
0.315638,0.042914,sumher_ldak,94,2000,0.4,0.01
0.376085,0.043645,sumher_ldak,95,2000,0.4,0.01
0.259906,0.04223,sumher_ldak,96,2000,0.4,0.01
0.37204,0.043457,sumher_ldak,97,2000,0.4,0.01
0.339728,0.04295,sumher_ldak,98,2000,0.4,0.01
0.388146,0.043535,sumher_ldak,99,2000,0.4,0.01
0.346969,0.043287,sumher_ldak,0,20000,0.4,0.01
0.277054,0.042412,sumher_ldak,1,20000,0.4,0.01
0.335299,0.043374,sumher_ldak,2,20000,0.4,0.01
0.372431,0.043734,sumher_ldak,3,20000,0.4,0.01
0.38703,0.043792,sumher_ldak,4,20000,0.4,0.01
0.242851,0.04266,sumher_ldak,5,20000,0.4,0.01
0.326716,0.042659,sumher_ldak,6,20000,0.4,0.01
0.195194,0.041643,sumher_ldak,7,20000,0.4,0.01
0.284309,0.042755,sumher_ldak,8,20000,0.4,0.01
0.344125,0.04225,sumher_ldak,9,20000,0.4,0.01
0.392397,0.043801,sumher_ldak,10,20000,0.4,0.01
0.339356,0.042339,sumher_ldak,11,20000,0.4,0.01
0.250834,0.042351,sumher_ldak,12,20000,0.4,0.01
0.281031,0.042178,sumher_ldak,13,20000,0.4,0.01
0.342269,0.043174,sumher_ldak,14,20000,0.4,0.01
0.298925,0.042299,sumher_ldak,15,20000,0.4,0.01
0.290525,0.042073,sumher_ldak,16,20000,0.4,0.01
0.344176,0.043358,sumher_ldak,17,20000,0.4,0.01
0.296732,0.04245,sumher_ldak,18,20000,0.4,0.01
0.254184,0.042151,sumher_ldak,19,20000,0.4,0.01
0.381929,0.043545,sumher_ldak,20,20000,0.4,0.01
0.227765,0.042182,sumher_ldak,21,20000,0.4,0.01
0.315698,0.04274,sumher_ldak,22,20000,0.4,0.01
0.3105,0.042873,sumher_ldak,23,20000,0.4,0.01
0.317266,0.043098,sumher_ldak,24,20000,0.4,0.01
0.424051,0.043839,sumher_ldak,25,20000,0.4,0.01
0.366967,0.042368,sumher_ldak,26,20000,0.4,0.01
0.306969,0.042222,sumher_ldak,27,20000,0.4,0.01
0.336641,0.042888,sumher_ldak,28,20000,0.4,0.01
0.367286,0.043555,sumher_ldak,29,20000,0.4,0.01
0.312712,0.042938,sumher_ldak,30,20000,0.4,0.01
0.351226,0.04251,sumher_ldak,31,20000,0.4,0.01
0.320243,0.042998,sumher_ldak,32,20000,0.4,0.01
0.317223,0.042622,sumher_ldak,33,20000,0.4,0.01
0.301662,0.042744,sumher_ldak,34,20000,0.4,0.01
0.325028,0.042674,sumher_ldak,35,20000,0.4,0.01
0.345679,0.043072,sumher_ldak,36,20000,0.4,0.01
0.314277,0.042576,sumher_ldak,37,20000,0.4,0.01
0.3056,0.042629,sumher_ldak,38,20000,0.4,0.01
0.292052,0.042438,sumher_ldak,39,20000,0.4,0.01
0.33829,0.043327,sumher_ldak,40,20000,0.4,0.01
0.275252,0.0425,sumher_ldak,41,20000,0.4,0.01
0.273843,0.042334,sumher_ldak,42,20000,0.4,0.01
0.280656,0.042439,sumher_ldak,43,20000,0.4,0.01
0.275039,0.042068,sumher_ldak,44,20000,0.4,0.01
0.307961,0.043121,sumher_ldak,45,20000,0.4,0.01
0.32815,0.042698,sumher_ldak,46,20000,0.4,0.01
0.309809,0.043033,sumher_ldak,47,20000,0.4,0.01
0.333348,0.043085,sumher_ldak,48,20000,0.4,0.01
0.249109,0.042002,sumher_ldak,49,20000,0.4,0.01
0.290868,0.042646,sumher_ldak,50,20000,0.4,0.01
0.366981,0.042988,sumher_ldak,51,20000,0.4,0.01
0.356518,0.042999,sumher_ldak,52,20000,0.4,0.01
0.344192,0.04268,sumher_ldak,53,20000,0.4,0.01
0.358156,0.043109,sumher_ldak,54,20000,0.4,0.01
0.349858,0.042548,sumher_ldak,55,20000,0.4,0.01
0.310065,0.042976,sumher_ldak,56,20000,0.4,0.01
0.349307,0.042804,sumher_ldak,57,20000,0.4,0.01
0.312082,0.042527,sumher_ldak,58,20000,0.4,0.01
0.347658,0.042975,sumher_ldak,59,20000,0.4,0.01
0.326536,0.043116,sumher_ldak,60,20000,0.4,0.01
0.234781,0.042281,sumher_ldak,61,20000,0.4,0.01
0.357204,0.042898,sumher_ldak,62,20000,0.4,0.01
0.314631,0.042955,sumher_ldak,63,20000,0.4,0.01
0.276436,0.042869,sumher_ldak,64,20000,0.4,0.01
0.297839,0.042401,sumher_ldak,65,20000,0.4,0.01
0.244291,0.042375,sumher_ldak,66,20000,0.4,0.01
0.411364,0.043361,sumher_ldak,67,20000,0.4,0.01
0.377899,0.043591,sumher_ldak,68,20000,0.4,0.01
0.313004,0.042872,sumher_ldak,69,20000,0.4,0.01
0.346971,0.043179,sumher_ldak,70,20000,0.4,0.01
0.389455,0.04376,sumher_ldak,71,20000,0.4,0.01
0.359092,0.043075,sumher_ldak,72,20000,0.4,0.01
0.284575,0.042522,sumher_ldak,73,20000,0.4,0.01
0.273474,0.042494,sumher_ldak,74,20000,0.4,0.01
0.281514,0.042529,sumher_ldak,75,20000,0.4,0.01
0.239235,0.042429,sumher_ldak,76,20000,0.4,0.01
0.300951,0.042619,sumher_ldak,77,20000,0.4,0.01
0.389296,0.043483,sumher_ldak,78,20000,0.4,0.01
0.369666,0.043229,sumher_ldak,79,20000,0.4,0.01
0.27079,0.041309,sumher_ldak,80,20000,0.4,0.01
0.335164,0.042962,sumher_ldak,81,20000,0.4,0.01
0.293132,0.042916,sumher_ldak,82,20000,0.4,0.01
0.300563,0.043204,sumher_ldak,83,20000,0.4,0.01
0.294651,0.043154,sumher_ldak,84,20000,0.4,0.01
0.328189,0.043491,sumher_ldak,85,20000,0.4,0.01
0.287545,0.042517,sumher_ldak,86,20000,0.4,0.01
0.221812,0.042512,sumher_ldak,87,20000,0.4,0.01
0.267516,0.0424,sumher_ldak,88,20000,0.4,0.01
0.321328,0.043408,sumher_ldak,89,20000,0.4,0.01
0.367523,0.043465,sumher_ldak,90,20000,0.4,0.01
0.357954,0.042995,sumher_ldak,91,20000,0.4,0.01
0.293738,0.042681,sumher_ldak,92,20000,0.4,0.01
0.319072,0.042901,sumher_ldak,93,20000,0.4,0.01
0.308777,0.04258,sumher_ldak,94,20000,0.4,0.01
0.372227,0.043417,sumher_ldak,95,20000,0.4,0.01
0.254116,0.041932,sumher_ldak,96,20000,0.4,0.01
0.3687,0.043304,sumher_ldak,97,20000,0.4,0.01
0.330404,0.042565,sumher_ldak,98,20000,0.4,0.01
0.381564,0.043282,sumher_ldak,99,20000,0.4,0.01
0.346761,0.04328,sumher_ldak,0,50000,0.4,0.01
0.277057,0.042407,sumher_ldak,1,50000,0.4,0.01
0.335432,0.043371,sumher_ldak,2,50000,0.4,0.01
0.372302,0.043727,sumher_ldak,3,50000,0.4,0.01
0.386921,0.043786,sumher_ldak,4,50000,0.4,0.01
0.24274,0.042655,sumher_ldak,5,50000,0.4,0.01
0.326623,0.042653,sumher_ldak,6,50000,0.4,0.01
0.195215,0.04164,sumher_ldak,7,50000,0.4,0.01
0.284122,0.042748,sumher_ldak,8,50000,0.4,0.01
0.344151,0.042245,sumher_ldak,9,50000,0.4,0.01
0.392362,0.043796,sumher_ldak,10,50000,0.4,0.01
0.339615,0.042338,sumher_ldak,11,50000,0.4,0.01
0.250698,0.042344,sumher_ldak,12,50000,0.4,0.01
0.28096,0.042172,sumher_ldak,13,50000,0.4,0.01
0.342082,0.043167,sumher_ldak,14,50000,0.4,0.01
0.299011,0.042296,sumher_ldak,15,50000,0.4,0.01
0.290385,0.042067,sumher_ldak,16,50000,0.4,0.01
0.344123,0.043352,sumher_ldak,17,50000,0.4,0.01
0.29683,0.042447,sumher_ldak,18,50000,0.4,0.01
0.254096,0.042146,sumher_ldak,19,50000,0.4,0.01
0.381817,0.043539,sumher_ldak,20,50000,0.4,0.01
0.227801,0.042178,sumher_ldak,21,50000,0.4,0.01
0.315674,0.042735,sumher_ldak,22,50000,0.4,0.01
0.310644,0.042871,sumher_ldak,23,50000,0.4,0.01
0.317222,0.043093,sumher_ldak,24,50000,0.4,0.01
0.423858,0.043832,sumher_ldak,25,50000,0.4,0.01
0.367008,0.042363,sumher_ldak,26,50000,0.4,0.01
0.30687,0.042216,sumher_ldak,27,50000,0.4,0.01
0.336691,0.042885,sumher_ldak,28,50000,0.4,0.01
0.3672,0.04355,sumher_ldak,29,50000,0.4,0.01
0.312699,0.042932,sumher_ldak,30,50000,0.4,0.01
0.3511,0.042504,sumher_ldak,31,50000,0.4,0.01
0.320251,0.042993,sumher_ldak,32,50000,0.4,0.01
0.317259,0.04262,sumher_ldak,33,50000,0.4,0.01
0.301333,0.042735,sumher_ldak,34,50000,0.4,0.01
0.325003,0.042669,sumher_ldak,35,50000,0.4,0.01
0.345826,0.043068,sumher_ldak,36,50000,0.4,0.01
0.314113,0.042571,sumher_ldak,37,50000,0.4,0.01
0.305417,0.042623,sumher_ldak,38,50000,0.4,0.01
0.29202,0.042432,sumher_ldak,39,50000,0.4,0.01
0.338131,0.04332,sumher_ldak,40,50000,0.4,0.01
0.275077,0.042494,sumher_ldak,41,50000,0.4,0.01
0.27392,0.042331,sumher_ldak,42,50000,0.4,0.01
0.280368,0.042431,sumher_ldak,43,50000,0.4,0.01
0.274794,0.04206,sumher_ldak,44,50000,0.4,0.01
0.30805,0.043117,sumher_ldak,45,50000,0.4,0.01
0.327944,0.042692,sumher_ldak,46,50000,0.4,0.01
0.309867,0.043028,sumher_ldak,47,50000,0.4,0.01
0.333199,0.043078,sumher_ldak,48,50000,0.4,0.01
0.249132,0.041998,sumher_ldak,49,50000,0.4,0.01
0.290875,0.042641,sumher_ldak,50,50000,0.4,0.01
0.366853,0.042982,sumher_ldak,51,50000,0.4,0.01
0.356476,0.042993,sumher_ldak,52,50000,0.4,0.01
0.343971,0.042673,sumher_ldak,53,50000,0.4,0.01
0.35804,0.043103,sumher_ldak,54,50000,0.4,0.01
0.349743,0.042542,sumher_ldak,55,50000,0.4,0.01
0.30997,0.04297,sumher_ldak,56,50000,0.4,0.01
0.349425,0.042802,sumher_ldak,57,50000,0.4,0.01
0.312127,0.042524,sumher_ldak,58,50000,0.4,0.01
0.347673,0.042971,sumher_ldak,59,50000,0.4,0.01
0.326318,0.043109,sumher_ldak,60,50000,0.4,0.01
0.234903,0.042278,sumher_ldak,61,50000,0.4,0.01
0.357031,0.042892,sumher_ldak,62,50000,0.4,0.01
0.314596,0.042949,sumher_ldak,63,50000,0.4,0.01
0.276169,0.042861,sumher_ldak,64,50000,0.4,0.01
0.297777,0.042395,sumher_ldak,65,50000,0.4,0.01
0.244035,0.042368,sumher_ldak,66,50000,0.4,0.01
0.411291,0.043356,sumher_ldak,67,50000,0.4,0.01
0.377649,0.043584,sumher_ldak,68,50000,0.4,0.01
0.312933,0.042867,sumher_ldak,69,50000,0.4,0.01
0.346906,0.043174,sumher_ldak,70,50000,0.4,0.01
0.389111,0.043752,sumher_ldak,71,50000,0.4,0.01
0.358896,0.043067,sumher_ldak,72,50000,0.4,0.01
0.284331,0.042514,sumher_ldak,73,50000,0.4,0.01
0.273372,0.042487,sumher_ldak,74,50000,0.4,0.01
0.281262,0.042522,sumher_ldak,75,50000,0.4,0.01
0.239122,0.042422,sumher_ldak,76,50000,0.4,0.01
0.300972,0.042615,sumher_ldak,77,50000,0.4,0.01
0.389076,0.043476,sumher_ldak,78,50000,0.4,0.01
0.369412,0.043221,sumher_ldak,79,50000,0.4,0.01
0.270552,0.041302,sumher_ldak,80,50000,0.4,0.01
0.335118,0.042957,sumher_ldak,81,50000,0.4,0.01
0.293016,0.042909,sumher_ldak,82,50000,0.4,0.01
0.300373,0.043197,sumher_ldak,83,50000,0.4,0.01
0.294606,0.043149,sumher_ldak,84,50000,0.4,0.01
0.328165,0.043486,sumher_ldak,85,50000,0.4,0.01
0.28737,0.042511,sumher_ldak,86,50000,0.4,0.01
0.221885,0.042508,sumher_ldak,87,50000,0.4,0.01
0.267258,0.042393,sumher_ldak,88,50000,0.4,0.01
0.321168,0.043401,sumher_ldak,89,50000,0.4,0.01
0.367536,0.043461,sumher_ldak,90,50000,0.4,0.01
0.358039,0.042992,sumher_ldak,91,50000,0.4,0.01
0.2936,0.042675,sumher_ldak,92,50000,0.4,0.01
0.319144,0.042898,sumher_ldak,93,50000,0.4,0.01
0.308659,0.042574,sumher_ldak,94,50000,0.4,0.01
0.371981,0.043409,sumher_ldak,95,50000,0.4,0.01
0.254114,0.041927,sumher_ldak,96,50000,0.4,0.01
0.368614,0.043299,sumher_ldak,97,50000,0.4,0.01
0.330314,0.042559,sumher_ldak,98,50000,0.4,0.01
0.381648,0.043278,sumher_ldak,99,50000,0.4,0.01
0.0711,0.0025,hdl,0,-1,0.1,1.0
0.0902,0.0266,hdl,1,-1,0.1,1.0
0.1529,0.0175,hdl,2,-1,0.1,1.0
0.1313,0.022,hdl,3,-1,0.1,1.0
0.0477,0.0257,hdl,4,-1,0.1,1.0
0.1775,0.0399,hdl,5,-1,0.1,1.0
0.0909,0.0215,hdl,6,-1,0.1,1.0
0.0,0.0,hdl,7,-1,0.1,1.0
0.0962,0.0282,hdl,8,-1,0.1,1.0
0.1694,0.0016,hdl,9,-1,0.1,1.0
0.2206,0.0362,hdl,10,-1,0.1,1.0
0.1406,0.0029,hdl,11,-1,0.1,1.0
0.1864,0.0241,hdl,12,-1,0.1,1.0
0.1579,0.0239,hdl,13,-1,0.1,1.0
0.0866,0.0338,hdl,14,-1,0.1,1.0
0.2554,0.0232,hdl,15,-1,0.1,1.0
0.2007,0.0019,hdl,16,-1,0.1,1.0
0.046,0.0115,hdl,17,-1,0.1,1.0
0.0443,0.0029,hdl,18,-1,0.1,1.0
0.279,0.0135,hdl,19,-1,0.1,1.0
0.1519,0.0176,hdl,20,-1,0.1,1.0
0.1616,0.0174,hdl,21,-1,0.1,1.0
0.0667,0.0205,hdl,22,-1,0.1,1.0
0.2223,0.0267,hdl,23,-1,0.1,1.0
0.1415,0.0295,hdl,24,-1,0.1,1.0
0.1668,0.0291,hdl,25,-1,0.1,1.0
0.1656,0.013,hdl,26,-1,0.1,1.0
0.1905,0.0237,hdl,27,-1,0.1,1.0
0.1528,0.0306,hdl,28,-1,0.1,1.0
0.2682,0.0201,hdl,29,-1,0.1,1.0
0.126,0.0179,hdl,30,-1,0.1,1.0
0.1822,0.002,hdl,31,-1,0.1,1.0
0.1267,0.0118,hdl,32,-1,0.1,1.0
0.2795,0.0201,hdl,33,-1,0.1,1.0
0.1765,0.0018,hdl,34,-1,0.1,1.0
0.1757,0.0277,hdl,35,-1,0.1,1.0
0.1082,0.0228,hdl,36,-1,0.1,1.0
0.0919,0.0322,hdl,37,-1,0.1,1.0
0.0738,0.0153,hdl,38,-1,0.1,1.0
0.119,0.0322,hdl,39,-1,0.1,1.0
0.1695,0.0314,hdl,40,-1,0.1,1.0
0.1461,0.0026,hdl,41,-1,0.1,1.0
0.0964,0.0145,hdl,42,-1,0.1,1.0
0.2036,0.0442,hdl,43,-1,0.1,1.0
0.1214,0.0327,hdl,44,-1,0.1,1.0
0.085,0.023,hdl,45,-1,0.1,1.0
0.268,0.0129,hdl,46,-1,0.1,1.0
0.0621,0.0303,hdl,47,-1,0.1,1.0
0.0845,0.0324,hdl,48,-1,0.1,1.0
0.265,0.0022,hdl,49,-1,0.1,1.0
0.0959,0.0255,hdl,50,-1,0.1,1.0
0.0511,0.006,hdl,51,-1,0.1,1.0
0.1795,0.0269,hdl,52,-1,0.1,1.0
0.1591,0.03,hdl,53,-1,0.1,1.0
0.2271,0.002,hdl,54,-1,0.1,1.0
0.1206,0.0195,hdl,55,-1,0.1,1.0
0.1577,0.0126,hdl,56,-1,0.1,1.0
0.0471,0.0277,hdl,57,-1,0.1,1.0
0.1978,0.0215,hdl,58,-1,0.1,1.0
0.0782,0.0229,hdl,59,-1,0.1,1.0
0.1525,0.0421,hdl,60,-1,0.1,1.0
0.1222,0.0118,hdl,61,-1,0.1,1.0
0.1515,0.0141,hdl,62,-1,0.1,1.0
0.1623,0.0193,hdl,63,-1,0.1,1.0
0.1159,0.0285,hdl,64,-1,0.1,1.0
0.1004,0.012,hdl,65,-1,0.1,1.0
0.2709,0.0253,hdl,66,-1,0.1,1.0
0.2316,0.0279,hdl,67,-1,0.1,1.0
0.0,0.0,hdl,68,-1,0.1,1.0
0.0699,0.0163,hdl,69,-1,0.1,1.0
0.1274,0.0232,hdl,70,-1,0.1,1.0
0.0646,0.0219,hdl,71,-1,0.1,1.0
0.1838,0.0294,hdl,72,-1,0.1,1.0
0.1354,0.0022,hdl,73,-1,0.1,1.0
0.1684,0.0022,hdl,74,-1,0.1,1.0
0.1333,0.002,hdl,75,-1,0.1,1.0
0.0388,0.0403,hdl,76,-1,0.1,1.0
0.0398,0.0233,hdl,77,-1,0.1,1.0
0.0,0.0,hdl,78,-1,0.1,1.0
0.1037,0.0138,hdl,79,-1,0.1,1.0
0.0579,0.0147,hdl,80,-1,0.1,1.0
0.0907,0.0241,hdl,81,-1,0.1,1.0
0.2175,0.0216,hdl,82,-1,0.1,1.0
0.155,0.0265,hdl,83,-1,0.1,1.0
0.1085,0.0279,hdl,84,-1,0.1,1.0
0.1004,0.0177,hdl,85,-1,0.1,1.0
0.1355,0.012,hdl,86,-1,0.1,1.0
0.1513,0.0275,hdl,87,-1,0.1,1.0
0.0738,0.0272,hdl,88,-1,0.1,1.0
0.1739,0.0301,hdl,89,-1,0.1,1.0
0.1043,0.0283,hdl,90,-1,0.1,1.0
0.0365,0.0221,hdl,91,-1,0.1,1.0
0.1818,0.0221,hdl,92,-1,0.1,1.0
0.2646,0.002,hdl,93,-1,0.1,1.0
0.1564,0.0122,hdl,94,-1,0.1,1.0
0.0778,0.0119,hdl,95,-1,0.1,1.0
0.2666,0.0133,hdl,96,-1,0.1,1.0
0.2471,0.0351,hdl,97,-1,0.1,1.0
0.0315,0.0256,hdl,98,-1,0.1,1.0
0.2362,0.0221,hdl,99,-1,0.1,1.0
,,hdl,0,-1,0.1,0.1
0.0894,0.0212,hdl,1,-1,0.1,0.1
0.171,0.0248,hdl,2,-1,0.1,0.1
0.1331,0.0144,hdl,3,-1,0.1,0.1
0.1183,0.0175,hdl,4,-1,0.1,0.1
0.2311,0.0234,hdl,5,-1,0.1,0.1
0.1002,0.026,hdl,6,-1,0.1,0.1
0.1011,0.022,hdl,7,-1,0.1,0.1
0.1584,0.0225,hdl,8,-1,0.1,0.1
0.1666,0.0125,hdl,9,-1,0.1,0.1
0.1109,0.0284,hdl,10,-1,0.1,0.1
0.2902,0.0022,hdl,11,-1,0.1,0.1
0.1007,0.034,hdl,12,-1,0.1,0.1
0.2106,0.0022,hdl,13,-1,0.1,0.1
0.2443,0.02,hdl,14,-1,0.1,0.1
0.1016,0.0315,hdl,15,-1,0.1,0.1
0.2158,0.0023,hdl,16,-1,0.1,0.1
0.01,0.0019,hdl,17,-1,0.1,0.1
0.1374,0.0192,hdl,18,-1,0.1,0.1
0.0605,0.0327,hdl,19,-1,0.1,0.1
0.0051,0.0126,hdl,20,-1,0.1,0.1
0.2635,0.0172,hdl,21,-1,0.1,0.1
0.1948,0.0285,hdl,22,-1,0.1,0.1
0.184,0.0285,hdl,23,-1,0.1,0.1
0.1742,0.0306,hdl,24,-1,0.1,0.1
0.1795,0.0124,hdl,25,-1,0.1,0.1
0.2125,0.0194,hdl,26,-1,0.1,0.1
0.2391,0.028,hdl,27,-1,0.1,0.1
0.1044,0.0228,hdl,28,-1,0.1,0.1
0.1115,0.0174,hdl,29,-1,0.1,0.1
0.0759,0.0189,hdl,30,-1,0.1,0.1
0.1799,0.0129,hdl,31,-1,0.1,0.1
0.0993,0.013,hdl,32,-1,0.1,0.1
0.1182,0.0196,hdl,33,-1,0.1,0.1
0.1215,0.0242,hdl,34,-1,0.1,0.1
0.0297,0.002,hdl,35,-1,0.1,0.1
0.1058,0.036,hdl,36,-1,0.1,0.1
0.0922,0.025,hdl,37,-1,0.1,0.1
0.1485,0.027,hdl,38,-1,0.1,0.1
0.2222,0.0192,hdl,39,-1,0.1,0.1
0.1209,0.0024,hdl,40,-1,0.1,0.1
0.1399,0.0023,hdl,41,-1,0.1,0.1
0.0223,0.0176,hdl,42,-1,0.1,0.1
0.0642,0.0025,hdl,43,-1,0.1,0.1
0.0612,0.0219,hdl,44,-1,0.1,0.1
0.1637,0.0197,hdl,45,-1,0.1,0.1
0.1742,0.0201,hdl,46,-1,0.1,0.1
0.0798,0.0244,hdl,47,-1,0.1,0.1
0.1441,0.0291,hdl,48,-1,0.1,0.1
0.1661,0.0266,hdl,49,-1,0.1,0.1
0.1717,0.0301,hdl,50,-1,0.1,0.1
0.1816,0.0233,hdl,51,-1,0.1,0.1
0.1766,0.0203,hdl,52,-1,0.1,0.1
0.1037,0.0353,hdl,53,-1,0.1,0.1
0.137,0.0174,hdl,54,-1,0.1,0.1
0.0967,0.0251,hdl,55,-1,0.1,0.1
0.1764,0.0289,hdl,56,-1,0.1,0.1
0.2181,0.015,hdl,57,-1,0.1,0.1
0.0,3.82e-20,hdl,58,-1,0.1,0.1
0.1829,0.0204,hdl,59,-1,0.1,0.1
0.1508,0.0257,hdl,60,-1,0.1,0.1
0.2131,0.0168,hdl,61,-1,0.1,0.1
0.2348,0.0196,hdl,62,-1,0.1,0.1
0.2427,0.0121,hdl,63,-1,0.1,0.1
0.1676,0.0225,hdl,64,-1,0.1,0.1
0.2069,0.0135,hdl,65,-1,0.1,0.1
0.0575,0.0117,hdl,66,-1,0.1,0.1
0.1971,0.0238,hdl,67,-1,0.1,0.1
0.3098,0.034,hdl,68,-1,0.1,0.1
0.1097,0.0173,hdl,69,-1,0.1,0.1
0.1597,0.0023,hdl,70,-1,0.1,0.1
0.0534,0.0347,hdl,71,-1,0.1,0.1
0.1407,0.0295,hdl,72,-1,0.1,0.1
0.1327,0.0208,hdl,73,-1,0.1,0.1
0.1863,0.0317,hdl,74,-1,0.1,0.1
0.1053,0.0271,hdl,75,-1,0.1,0.1
0.1127,0.0189,hdl,76,-1,0.1,0.1
0.1902,0.0188,hdl,77,-1,0.1,0.1
0.2145,0.0305,hdl,78,-1,0.1,0.1
0.1385,0.0362,hdl,79,-1,0.1,0.1
0.1435,0.0248,hdl,80,-1,0.1,0.1
0.1396,0.0213,hdl,81,-1,0.1,0.1
0.1843,0.0122,hdl,82,-1,0.1,0.1
0.0796,0.0355,hdl,83,-1,0.1,0.1
0.1381,0.0226,hdl,84,-1,0.1,0.1
0.162,0.0298,hdl,85,-1,0.1,0.1
0.2408,0.0331,hdl,86,-1,0.1,0.1
0.2774,0.0202,hdl,87,-1,0.1,0.1
0.1653,0.0229,hdl,88,-1,0.1,0.1
0.0915,0.0197,hdl,89,-1,0.1,0.1
0.1747,0.0172,hdl,90,-1,0.1,0.1
0.1103,0.0213,hdl,91,-1,0.1,0.1
0.0395,0.0238,hdl,92,-1,0.1,0.1
0.2089,0.0167,hdl,93,-1,0.1,0.1
0.1788,0.0321,hdl,94,-1,0.1,0.1
0.2269,0.0356,hdl,95,-1,0.1,0.1
0.0433,0.0203,hdl,96,-1,0.1,0.1
0.2936,0.0523,hdl,97,-1,0.1,0.1
0.2029,0.0151,hdl,98,-1,0.1,0.1
0.1682,0.0026,hdl,99,-1,0.1,0.1
0.191,0.0196,hdl,0,-1,0.1,0.01
0.074,0.0018,hdl,1,-1,0.1,0.01
0.2058,0.0353,hdl,2,-1,0.1,0.01
0.1066,0.0236,hdl,3,-1,0.1,0.01
0.1141,0.0267,hdl,4,-1,0.1,0.01
0.0892,0.0184,hdl,5,-1,0.1,0.01
0.0666,0.0194,hdl,6,-1,0.1,0.01
0.1422,0.0362,hdl,7,-1,0.1,0.01
0.328,0.0153,hdl,8,-1,0.1,0.01
0.1134,0.0202,hdl,9,-1,0.1,0.01
0.0731,0.0217,hdl,10,-1,0.1,0.01
0.1419,0.0176,hdl,11,-1,0.1,0.01
0.0485,0.0335,hdl,12,-1,0.1,0.01
0.0989,0.0162,hdl,13,-1,0.1,0.01
0.0941,0.0265,hdl,14,-1,0.1,0.01
0.1973,0.0333,hdl,15,-1,0.1,0.01
0.0085,0.0142,hdl,16,-1,0.1,0.01
0.3069,0.015,hdl,17,-1,0.1,0.01
0.2521,0.0138,hdl,18,-1,0.1,0.01
0.1591,0.0227,hdl,19,-1,0.1,0.01
0.0719,0.0274,hdl,20,-1,0.1,0.01
0.1346,0.0223,hdl,21,-1,0.1,0.01
0.1785,0.0179,hdl,22,-1,0.1,0.01
0.0732,0.0261,hdl,23,-1,0.1,0.01
0.0995,0.0377,hdl,24,-1,0.1,0.01
0.1834,0.0135,hdl,25,-1,0.1,0.01
0.1891,0.0296,hdl,26,-1,0.1,0.01
0.2133,0.0239,hdl,27,-1,0.1,0.01
0.3512,0.0296,hdl,28,-1,0.1,0.01
0.2094,0.0127,hdl,29,-1,0.1,0.01
0.2323,0.0284,hdl,30,-1,0.1,0.01
0.186,0.002,hdl,31,-1,0.1,0.01
0.0655,0.0219,hdl,32,-1,0.1,0.01
0.2896,0.0231,hdl,33,-1,0.1,0.01
0.2177,0.0023,hdl,34,-1,0.1,0.01
0.1583,0.0174,hdl,35,-1,0.1,0.01
0.0856,0.0282,hdl,36,-1,0.1,0.01
0.0713,0.0127,hdl,37,-1,0.1,0.01
0.1844,0.019,hdl,38,-1,0.1,0.01
0.0455,0.012,hdl,39,-1,0.1,0.01
0.092,0.0138,hdl,40,-1,0.1,0.01
0.082,0.0236,hdl,41,-1,0.1,0.01
0.1534,0.0019,hdl,42,-1,0.1,0.01
0.1585,0.0115,hdl,43,-1,0.1,0.01
0.1127,0.0236,hdl,44,-1,0.1,0.01
0.0346,0.0282,hdl,45,-1,0.1,0.01
0.144,0.0324,hdl,46,-1,0.1,0.01
0.1742,0.0346,hdl,47,-1,0.1,0.01
0.1236,0.0251,hdl,48,-1,0.1,0.01
0.0,0.0,hdl,49,-1,0.1,0.01
0.0971,0.022,hdl,50,-1,0.1,0.01
0.1473,0.013,hdl,51,-1,0.1,0.01
0.1779,0.0023,hdl,52,-1,0.1,0.01
0.1246,0.0178,hdl,53,-1,0.1,0.01
0.2656,0.0187,hdl,54,-1,0.1,0.01
0.0634,0.0368,hdl,55,-1,0.1,0.01
0.1703,0.0258,hdl,56,-1,0.1,0.01
0.1541,0.0021,hdl,57,-1,0.1,0.01
0.2619,0.0189,hdl,58,-1,0.1,0.01
0.0921,0.0218,hdl,59,-1,0.1,0.01
0.1325,0.0147,hdl,60,-1,0.1,0.01
0.1081,0.0384,hdl,61,-1,0.1,0.01
0.1149,0.0273,hdl,62,-1,0.1,0.01
0.1695,0.0019,hdl,63,-1,0.1,0.01
0.2002,0.002,hdl,64,-1,0.1,0.01
0.0912,0.0282,hdl,65,-1,0.1,0.01
0.1359,0.0239,hdl,66,-1,0.1,0.01
0.1119,0.0236,hdl,67,-1,0.1,0.01
0.1553,0.0179,hdl,68,-1,0.1,0.01
0.1794,0.0305,hdl,69,-1,0.1,0.01
0.0441,0.0231,hdl,70,-1,0.1,0.01
0.1248,0.011,hdl,71,-1,0.1,0.01
0.0292,0.0263,hdl,72,-1,0.1,0.01
0.0877,0.0251,hdl,73,-1,0.1,0.01
0.1949,0.0122,hdl,74,-1,0.1,0.01
0.1691,0.0236,hdl,75,-1,0.1,0.01
0.0599,0.019,hdl,76,-1,0.1,0.01
0.1396,0.0217,hdl,77,-1,0.1,0.01
0.1084,0.0021,hdl,78,-1,0.1,0.01
0.0244,0.0122,hdl,79,-1,0.1,0.01
0.0336,0.0183,hdl,80,-1,0.1,0.01
0.124,0.0211,hdl,81,-1,0.1,0.01
0.2579,0.0021,hdl,82,-1,0.1,0.01
0.1032,0.0212,hdl,83,-1,0.1,0.01
0.2006,0.0178,hdl,84,-1,0.1,0.01
0.2964,0.0101,hdl,85,-1,0.1,0.01
0.1529,0.0269,hdl,86,-1,0.1,0.01
0.0949,0.0133,hdl,87,-1,0.1,0.01
0.0,0.0,hdl,88,-1,0.1,0.01
0.0,0.0002,hdl,89,-1,0.1,0.01
0.1569,0.0137,hdl,90,-1,0.1,0.01
0.0,0.0001,hdl,91,-1,0.1,0.01
0.1677,0.0291,hdl,92,-1,0.1,0.01
0.116,0.0297,hdl,93,-1,0.1,0.01
0.2132,0.0088,hdl,94,-1,0.1,0.01
0.1821,0.0123,hdl,95,-1,0.1,0.01
0.1723,0.0186,hdl,96,-1,0.1,0.01
0.1284,0.012,hdl,97,-1,0.1,0.01
0.1235,0.024,hdl,98,-1,0.1,0.01
0.1524,0.0178,hdl,99,-1,0.1,0.01
0.3483,0.0307,hdl,0,-1,0.25,1.0
0.307,0.0222,hdl,1,-1,0.25,1.0
0.3427,0.0227,hdl,2,-1,0.25,1.0
0.2882,0.0023,hdl,3,-1,0.25,1.0
0.3583,0.0315,hdl,4,-1,0.25,1.0
0.3147,0.0128,hdl,5,-1,0.25,1.0
0.4298,0.4358,hdl,6,-1,0.25,1.0
0.4322,0.0132,hdl,7,-1,0.25,1.0
0.3329,0.0018,hdl,8,-1,0.25,1.0
0.359,0.0249,hdl,9,-1,0.25,1.0
0.1854,0.0024,hdl,10,-1,0.25,1.0
0.3541,0.0301,hdl,11,-1,0.25,1.0
0.2707,0.0292,hdl,12,-1,0.25,1.0
0.1672,0.0307,hdl,13,-1,0.25,1.0
0.2889,0.0318,hdl,14,-1,0.25,1.0
0.2485,0.0136,hdl,15,-1,0.25,1.0
0.2815,0.0272,hdl,16,-1,0.25,1.0
0.3197,0.0263,hdl,17,-1,0.25,1.0
0.3449,0.0295,hdl,18,-1,0.25,1.0
0.3146,0.0194,hdl,19,-1,0.25,1.0
0.4729,0.0331,hdl,20,-1,0.25,1.0
0.331,0.0219,hdl,21,-1,0.25,1.0
0.4137,0.0171,hdl,22,-1,0.25,1.0
0.5155,0.4568,hdl,23,-1,0.25,1.0
0.2625,0.0161,hdl,24,-1,0.25,1.0
0.3462,0.0315,hdl,25,-1,0.25,1.0
0.2682,0.0263,hdl,26,-1,0.25,1.0
0.3647,0.0271,hdl,27,-1,0.25,1.0
0.2978,0.0287,hdl,28,-1,0.25,1.0
0.2112,0.0172,hdl,29,-1,0.25,1.0
0.1762,0.029,hdl,30,-1,0.25,1.0
0.3486,0.0153,hdl,31,-1,0.25,1.0
0.1724,0.0239,hdl,32,-1,0.25,1.0
0.3062,0.0254,hdl,33,-1,0.25,1.0
0.3621,0.0016,hdl,34,-1,0.25,1.0
0.2935,0.0251,hdl,35,-1,0.25,1.0
0.1634,0.024,hdl,36,-1,0.25,1.0
0.4103,0.0185,hdl,37,-1,0.25,1.0
0.2902,0.0028,hdl,38,-1,0.25,1.0
0.2566,0.0203,hdl,39,-1,0.25,1.0
0.27,0.0361,hdl,40,-1,0.25,1.0
0.3607,0.0013,hdl,41,-1,0.25,1.0
0.2635,0.0194,hdl,42,-1,0.25,1.0
0.2362,0.0322,hdl,43,-1,0.25,1.0
0.3574,0.0206,hdl,44,-1,0.25,1.0
0.3775,0.0131,hdl,45,-1,0.25,1.0
0.3067,0.0244,hdl,46,-1,0.25,1.0
0.5131,0.4857,hdl,47,-1,0.25,1.0
0.3943,0.0139,hdl,48,-1,0.25,1.0
0.3646,0.0019,hdl,49,-1,0.25,1.0
0.2548,0.0409,hdl,50,-1,0.25,1.0
0.2147,0.0273,hdl,51,-1,0.25,1.0
0.3012,0.0167,hdl,52,-1,0.25,1.0
0.3086,0.0271,hdl,53,-1,0.25,1.0
0.3113,0.0255,hdl,54,-1,0.25,1.0
0.3111,0.0155,hdl,55,-1,0.25,1.0
0.3712,0.0021,hdl,56,-1,0.25,1.0
0.3525,0.0412,hdl,57,-1,0.25,1.0
0.1559,0.031,hdl,58,-1,0.25,1.0
0.2894,0.0023,hdl,59,-1,0.25,1.0
0.2282,0.0365,hdl,60,-1,0.25,1.0
0.3887,0.0141,hdl,61,-1,0.25,1.0
0.3462,0.0176,hdl,62,-1,0.25,1.0
0.237,0.0122,hdl,63,-1,0.25,1.0
0.2423,0.0129,hdl,64,-1,0.25,1.0
0.3563,0.0018,hdl,65,-1,0.25,1.0
0.2563,0.0381,hdl,66,-1,0.25,1.0
0.2433,0.0228,hdl,67,-1,0.25,1.0
0.2442,0.0194,hdl,68,-1,0.25,1.0
0.378,0.0307,hdl,69,-1,0.25,1.0
0.2962,0.0152,hdl,70,-1,0.25,1.0
0.3903,0.0239,hdl,71,-1,0.25,1.0
0.2697,0.0023,hdl,72,-1,0.25,1.0
0.2803,0.0202,hdl,73,-1,0.25,1.0
0.2605,0.0128,hdl,74,-1,0.25,1.0
0.2574,0.0241,hdl,75,-1,0.25,1.0
0.2821,0.013,hdl,76,-1,0.25,1.0
0.2949,0.0137,hdl,77,-1,0.25,1.0
0.199,0.0024,hdl,78,-1,0.25,1.0
0.2855,0.0226,hdl,79,-1,0.25,1.0
0.2682,0.0315,hdl,80,-1,0.25,1.0
0.1877,0.0242,hdl,81,-1,0.25,1.0
0.1852,0.013,hdl,82,-1,0.25,1.0
0.3586,0.0282,hdl,83,-1,0.25,1.0
0.232,0.0299,hdl,84,-1,0.25,1.0
0.39,0.0288,hdl,85,-1,0.25,1.0
0.3453,0.0023,hdl,86,-1,0.25,1.0
0.3164,0.0193,hdl,87,-1,0.25,1.0
0.3473,0.0022,hdl,88,-1,0.25,1.0
0.3832,0.0261,hdl,89,-1,0.25,1.0
0.2435,0.0287,hdl,90,-1,0.25,1.0
0.435,0.0158,hdl,91,-1,0.25,1.0
0.3267,0.0267,hdl,92,-1,0.25,1.0
0.1985,0.0321,hdl,93,-1,0.25,1.0
0.3199,0.0302,hdl,94,-1,0.25,1.0
0.2474,0.0252,hdl,95,-1,0.25,1.0
0.5001,0.4773,hdl,96,-1,0.25,1.0
0.2698,0.0018,hdl,97,-1,0.25,1.0
0.3374,0.0021,hdl,98,-1,0.25,1.0
0.2957,0.0171,hdl,99,-1,0.25,1.0
0.2995,0.0166,hdl,0,-1,0.25,0.1
0.257,0.0257,hdl,1,-1,0.25,0.1
0.2878,0.0196,hdl,2,-1,0.25,0.1
0.3058,0.0131,hdl,3,-1,0.25,0.1
,,hdl,4,-1,0.25,0.1
,,hdl,5,-1,0.25,0.1
0.3234,0.0214,hdl,6,-1,0.25,0.1
0.4113,0.0023,hdl,7,-1,0.25,0.1
,,hdl,8,-1,0.25,0.1
,,hdl,9,-1,0.25,0.1
0.1991,0.0109,hdl,10,-1,0.25,0.1
0.3329,0.0247,hdl,11,-1,0.25,0.1
0.224,0.0209,hdl,12,-1,0.25,0.1
0.2487,0.0184,hdl,13,-1,0.25,0.1
0.3687,0.0279,hdl,14,-1,0.25,0.1
0.2276,0.014,hdl,15,-1,0.25,0.1
0.3194,0.0126,hdl,16,-1,0.25,0.1
0.173,0.0139,hdl,17,-1,0.25,0.1
0.3698,0.0262,hdl,18,-1,0.25,0.1
0.2343,0.0372,hdl,19,-1,0.25,0.1
0.2513,0.0027,hdl,20,-1,0.25,0.1
0.4045,0.0154,hdl,21,-1,0.25,0.1
0.3875,0.022,hdl,22,-1,0.25,0.1
0.2784,0.031,hdl,23,-1,0.25,0.1
0.347,0.0208,hdl,24,-1,0.25,0.1
0.3668,0.0293,hdl,25,-1,0.25,0.1
0.3299,0.0337,hdl,26,-1,0.25,0.1
0.2357,0.0019,hdl,27,-1,0.25,0.1
0.3596,0.0266,hdl,28,-1,0.25,0.1
0.2256,0.0372,hdl,29,-1,0.25,0.1
0.266,0.024,hdl,30,-1,0.25,0.1
0.3173,0.02,hdl,31,-1,0.25,0.1
0.244,0.02,hdl,32,-1,0.25,0.1
0.2653,0.023,hdl,33,-1,0.25,0.1
0.2792,0.0266,hdl,34,-1,0.25,0.1
0.2011,0.0202,hdl,35,-1,0.25,0.1
0.2416,0.0203,hdl,36,-1,0.25,0.1
0.2779,0.0237,hdl,37,-1,0.25,0.1
0.2226,0.019,hdl,38,-1,0.25,0.1
0.223,0.0267,hdl,39,-1,0.25,0.1
0.3512,0.0189,hdl,40,-1,0.25,0.1
0.3506,0.0157,hdl,41,-1,0.25,0.1
0.255,0.0255,hdl,42,-1,0.25,0.1
0.2103,0.0182,hdl,43,-1,0.25,0.1
0.2352,0.02,hdl,44,-1,0.25,0.1
0.3485,0.0196,hdl,45,-1,0.25,0.1
0.3324,0.0245,hdl,46,-1,0.25,0.1
0.3219,0.0405,hdl,47,-1,0.25,0.1
0.2612,0.002,hdl,48,-1,0.25,0.1
0.3012,0.0017,hdl,49,-1,0.25,0.1
0.3003,0.0021,hdl,50,-1,0.25,0.1
0.3137,0.0153,hdl,51,-1,0.25,0.1
0.305,0.0123,hdl,52,-1,0.25,0.1
0.4793,0.0144,hdl,53,-1,0.25,0.1
0.2393,0.0024,hdl,54,-1,0.25,0.1
0.2883,0.0152,hdl,55,-1,0.25,0.1
0.2079,0.002,hdl,56,-1,0.25,0.1
0.2212,0.0227,hdl,57,-1,0.25,0.1
0.3357,0.0133,hdl,58,-1,0.25,0.1
0.275,0.0239,hdl,59,-1,0.25,0.1
0.2812,0.0019,hdl,60,-1,0.25,0.1
0.3459,0.0259,hdl,61,-1,0.25,0.1
0.365,0.0277,hdl,62,-1,0.25,0.1
0.165,0.0132,hdl,63,-1,0.25,0.1
0.3229,0.0154,hdl,64,-1,0.25,0.1
0.3526,0.0168,hdl,65,-1,0.25,0.1
0.3105,0.0225,hdl,66,-1,0.25,0.1
0.3684,0.0152,hdl,67,-1,0.25,0.1
0.2977,0.0266,hdl,68,-1,0.25,0.1
0.2689,0.0272,hdl,69,-1,0.25,0.1
0.2131,0.0125,hdl,70,-1,0.25,0.1
0.4145,0.0219,hdl,71,-1,0.25,0.1
0.2912,0.0171,hdl,72,-1,0.25,0.1
0.214,0.0212,hdl,73,-1,0.25,0.1
0.2705,0.0307,hdl,74,-1,0.25,0.1
0.209,0.0221,hdl,75,-1,0.25,0.1
0.2956,0.002,hdl,76,-1,0.25,0.1
0.4588,0.0219,hdl,77,-1,0.25,0.1
0.376,0.0224,hdl,78,-1,0.25,0.1
0.3001,0.0185,hdl,79,-1,0.25,0.1
0.4452,0.4626,hdl,80,-1,0.25,0.1
0.265,0.0016,hdl,81,-1,0.25,0.1
0.227,0.0299,hdl,82,-1,0.25,0.1
0.2935,0.0249,hdl,83,-1,0.25,0.1
0.3208,0.033,hdl,84,-1,0.25,0.1
0.3739,0.0185,hdl,85,-1,0.25,0.1
0.2246,0.0375,hdl,86,-1,0.25,0.1
0.2822,0.0277,hdl,87,-1,0.25,0.1
0.4167,0.0302,hdl,88,-1,0.25,0.1
0.2346,0.0188,hdl,89,-1,0.25,0.1
0.3197,0.0021,hdl,90,-1,0.25,0.1
0.25,0.0318,hdl,91,-1,0.25,0.1
0.2971,0.0145,hdl,92,-1,0.25,0.1
0.2374,0.0113,hdl,93,-1,0.25,0.1
0.197,0.0242,hdl,94,-1,0.25,0.1
0.3848,0.0191,hdl,95,-1,0.25,0.1
0.2397,0.0023,hdl,96,-1,0.25,0.1
0.3025,0.0132,hdl,97,-1,0.25,0.1
0.2676,0.0162,hdl,98,-1,0.25,0.1
0.409,0.0148,hdl,99,-1,0.25,0.1
0.3579,0.0234,hdl,0,-1,0.25,0.01
0.2582,0.0224,hdl,1,-1,0.25,0.01
0.386,0.0148,hdl,2,-1,0.25,0.01
0.3763,0.0022,hdl,3,-1,0.25,0.01
0.4396,0.0276,hdl,4,-1,0.25,0.01
0.3646,0.0202,hdl,5,-1,0.25,0.01
0.2234,0.024,hdl,6,-1,0.25,0.01
0.4658,0.0273,hdl,7,-1,0.25,0.01
0.3296,0.0246,hdl,8,-1,0.25,0.01
0.3776,0.0228,hdl,9,-1,0.25,0.01
0.3089,0.0363,hdl,10,-1,0.25,0.01
0.2651,0.0291,hdl,11,-1,0.25,0.01
0.3014,0.0274,hdl,12,-1,0.25,0.01
0.533,0.0218,hdl,13,-1,0.25,0.01
0.2284,0.0252,hdl,14,-1,0.25,0.01
0.2472,0.0252,hdl,15,-1,0.25,0.01
0.3066,0.0214,hdl,16,-1,0.25,0.01
0.3315,0.027,hdl,17,-1,0.25,0.01
0.2465,0.0333,hdl,18,-1,0.25,0.01
0.2552,0.0217,hdl,19,-1,0.25,0.01
0.2952,0.0091,hdl,20,-1,0.25,0.01
0.3582,0.0138,hdl,21,-1,0.25,0.01
0.2575,0.0208,hdl,22,-1,0.25,0.01
0.3251,0.0191,hdl,23,-1,0.25,0.01
0.2922,0.0148,hdl,24,-1,0.25,0.01
0.3197,0.0296,hdl,25,-1,0.25,0.01
0.2967,0.0288,hdl,26,-1,0.25,0.01
0.2475,0.0207,hdl,27,-1,0.25,0.01
0.3848,0.0023,hdl,28,-1,0.25,0.01
0.2414,0.0286,hdl,29,-1,0.25,0.01
0.2141,0.0127,hdl,30,-1,0.25,0.01
0.2979,0.0199,hdl,31,-1,0.25,0.01
0.139,0.0198,hdl,32,-1,0.25,0.01
0.2291,0.0022,hdl,33,-1,0.25,0.01
0.2958,0.0162,hdl,34,-1,0.25,0.01
0.3631,0.0167,hdl,35,-1,0.25,0.01
0.2463,0.0299,hdl,36,-1,0.25,0.01
0.3223,0.0284,hdl,37,-1,0.25,0.01
0.3415,0.0198,hdl,38,-1,0.25,0.01
0.591,0.607,hdl,39,-1,0.25,0.01
0.3275,0.0024,hdl,40,-1,0.25,0.01
0.3181,0.0195,hdl,41,-1,0.25,0.01
0.3711,0.021,hdl,42,-1,0.25,0.01
0.3972,0.0017,hdl,43,-1,0.25,0.01
0.353,0.0023,hdl,44,-1,0.25,0.01
0.5192,0.4323,hdl,45,-1,0.25,0.01
0.1058,0.0197,hdl,46,-1,0.25,0.01
0.2538,0.0164,hdl,47,-1,0.25,0.01
0.3753,0.0251,hdl,48,-1,0.25,0.01
0.3412,0.0023,hdl,49,-1,0.25,0.01
0.3828,0.018,hdl,50,-1,0.25,0.01
0.4052,0.0168,hdl,51,-1,0.25,0.01
0.178,0.0328,hdl,52,-1,0.25,0.01
0.3825,0.0244,hdl,53,-1,0.25,0.01
0.356,0.0329,hdl,54,-1,0.25,0.01
0.3054,0.0389,hdl,55,-1,0.25,0.01
0.3622,0.0246,hdl,56,-1,0.25,0.01
0.2375,0.016,hdl,57,-1,0.25,0.01
0.249,0.0262,hdl,58,-1,0.25,0.01
0.2516,0.0168,hdl,59,-1,0.25,0.01
0.3201,0.0198,hdl,60,-1,0.25,0.01
0.2459,0.0235,hdl,61,-1,0.25,0.01
0.2805,0.0147,hdl,62,-1,0.25,0.01
0.3784,0.0161,hdl,63,-1,0.25,0.01
0.1955,0.0228,hdl,64,-1,0.25,0.01
0.391,0.002,hdl,65,-1,0.25,0.01
0.3784,0.0204,hdl,66,-1,0.25,0.01
0.1322,0.0215,hdl,67,-1,0.25,0.01
0.3653,0.0229,hdl,68,-1,0.25,0.01
0.3302,0.0126,hdl,69,-1,0.25,0.01
0.2877,0.0319,hdl,70,-1,0.25,0.01
0.3179,0.0249,hdl,71,-1,0.25,0.01
0.4036,0.0133,hdl,72,-1,0.25,0.01
0.2318,0.0023,hdl,73,-1,0.25,0.01
0.3578,0.0023,hdl,74,-1,0.25,0.01
0.5256,0.3826,hdl,75,-1,0.25,0.01
0.2473,0.0158,hdl,76,-1,0.25,0.01
0.2304,0.0343,hdl,77,-1,0.25,0.01
0.2623,0.0185,hdl,78,-1,0.25,0.01
0.3695,0.0185,hdl,79,-1,0.25,0.01
0.1989,0.0239,hdl,80,-1,0.25,0.01
0.3966,0.02,hdl,81,-1,0.25,0.01
0.2915,0.0213,hdl,82,-1,0.25,0.01
0.3032,0.0252,hdl,83,-1,0.25,0.01
0.0966,0.0166,hdl,84,-1,0.25,0.01
0.2951,0.0203,hdl,85,-1,0.25,0.01
0.3164,0.0406,hdl,86,-1,0.25,0.01
0.2681,0.0233,hdl,87,-1,0.25,0.01
0.1821,0.0156,hdl,88,-1,0.25,0.01
0.2583,0.0311,hdl,89,-1,0.25,0.01
0.3608,0.0345,hdl,90,-1,0.25,0.01
0.3602,0.0315,hdl,91,-1,0.25,0.01
0.3131,0.0138,hdl,92,-1,0.25,0.01
0.3027,0.0271,hdl,93,-1,0.25,0.01
0.2592,0.0367,hdl,94,-1,0.25,0.01
0.3073,0.0132,hdl,95,-1,0.25,0.01
0.253,0.0241,hdl,96,-1,0.25,0.01
0.2651,0.0217,hdl,97,-1,0.25,0.01
0.259,0.0215,hdl,98,-1,0.25,0.01
0.3,0.0015,hdl,99,-1,0.25,0.01
0.4185,0.0149,hdl,0,-1,0.4,1.0
0.4106,0.0184,hdl,1,-1,0.4,1.0
0.4782,0.0318,hdl,2,-1,0.4,1.0
0.3577,0.0259,hdl,3,-1,0.4,1.0
0.1977,0.0017,hdl,4,-1,0.4,1.0
0.6145,0.2589,hdl,5,-1,0.4,1.0
0.3537,0.0195,hdl,6,-1,0.4,1.0
0.4263,0.0189,hdl,7,-1,0.4,1.0
0.4286,0.0255,hdl,8,-1,0.4,1.0
0.5566,0.2711,hdl,9,-1,0.4,1.0
0.5667,0.5142,hdl,10,-1,0.4,1.0
0.3266,0.002,hdl,11,-1,0.4,1.0
0.4849,0.0218,hdl,12,-1,0.4,1.0
0.4154,0.0147,hdl,13,-1,0.4,1.0
0.6151,0.3679,hdl,14,-1,0.4,1.0
0.355,0.0234,hdl,15,-1,0.4,1.0
0.6093,0.1876,hdl,16,-1,0.4,1.0
0.5548,0.5085,hdl,17,-1,0.4,1.0
0.5604,0.3664,hdl,18,-1,0.4,1.0
0.5845,0.0251,hdl,19,-1,0.4,1.0
0.5803,0.0286,hdl,20,-1,0.4,1.0
0.4151,0.0228,hdl,21,-1,0.4,1.0
0.6189,0.4146,hdl,22,-1,0.4,1.0
0.3935,0.0132,hdl,23,-1,0.4,1.0
0.3727,0.0137,hdl,24,-1,0.4,1.0
0.5016,0.002,hdl,25,-1,0.4,1.0
0.4694,0.0232,hdl,26,-1,0.4,1.0
0.3674,0.0021,hdl,27,-1,0.4,1.0
0.4874,0.0012,hdl,28,-1,0.4,1.0
0.5868,0.2289,hdl,29,-1,0.4,1.0
0.3062,0.0142,hdl,30,-1,0.4,1.0
0.4954,0.0019,hdl,31,-1,0.4,1.0
0.5055,0.0323,hdl,32,-1,0.4,1.0
0.4589,0.0287,hdl,33,-1,0.4,1.0
0.3895,0.0363,hdl,34,-1,0.4,1.0
0.5137,0.389,hdl,35,-1,0.4,1.0
0.5213,0.4193,hdl,36,-1,0.4,1.0
0.535,0.0145,hdl,37,-1,0.4,1.0
0.4622,0.0273,hdl,38,-1,0.4,1.0
0.3945,0.0185,hdl,39,-1,0.4,1.0
0.3871,0.0017,hdl,40,-1,0.4,1.0
0.3881,0.0152,hdl,41,-1,0.4,1.0
0.3307,0.0215,hdl,42,-1,0.4,1.0
0.4481,0.017,hdl,43,-1,0.4,1.0
0.5122,0.0205,hdl,44,-1,0.4,1.0
0.4937,0.0021,hdl,45,-1,0.4,1.0
0.4363,0.0145,hdl,46,-1,0.4,1.0
0.6557,0.0301,hdl,47,-1,0.4,1.0
0.4353,0.0188,hdl,48,-1,0.4,1.0
0.4007,0.0217,hdl,49,-1,0.4,1.0
0.4584,0.0017,hdl,50,-1,0.4,1.0
0.5819,0.0233,hdl,51,-1,0.4,1.0
0.6387,0.2547,hdl,52,-1,0.4,1.0
0.4054,0.0204,hdl,53,-1,0.4,1.0
0.6108,0.0016,hdl,54,-1,0.4,1.0
0.4395,0.0246,hdl,55,-1,0.4,1.0
0.4474,0.0372,hdl,56,-1,0.4,1.0
0.5633,0.4101,hdl,57,-1,0.4,1.0
0.6379,0.2355,hdl,58,-1,0.4,1.0
0.2983,0.0256,hdl,59,-1,0.4,1.0
0.6186,0.5128,hdl,60,-1,0.4,1.0
0.3851,0.0131,hdl,61,-1,0.4,1.0
0.6143,0.2105,hdl,62,-1,0.4,1.0
0.494,0.0235,hdl,63,-1,0.4,1.0
0.5399,0.0245,hdl,64,-1,0.4,1.0
0.626,0.0256,hdl,65,-1,0.4,1.0
0.3539,0.0348,hdl,66,-1,0.4,1.0
0.5863,0.2141,hdl,67,-1,0.4,1.0
0.5808,0.4248,hdl,68,-1,0.4,1.0
0.429,0.0328,hdl,69,-1,0.4,1.0
0.5195,0.0267,hdl,70,-1,0.4,1.0
0.3989,0.0265,hdl,71,-1,0.4,1.0
0.5095,0.5857,hdl,72,-1,0.4,1.0
0.3487,0.0024,hdl,73,-1,0.4,1.0
0.5112,0.0303,hdl,74,-1,0.4,1.0
0.4823,0.0125,hdl,75,-1,0.4,1.0
0.6612,0.2441,hdl,76,-1,0.4,1.0
0.5515,0.0017,hdl,77,-1,0.4,1.0
0.3879,0.0145,hdl,78,-1,0.4,1.0
0.4718,0.0016,hdl,79,-1,0.4,1.0
0.4414,0.0176,hdl,80,-1,0.4,1.0
0.6106,0.5096,hdl,81,-1,0.4,1.0
0.4418,0.0202,hdl,82,-1,0.4,1.0
0.3317,0.0185,hdl,83,-1,0.4,1.0
0.3564,0.0293,hdl,84,-1,0.4,1.0
0.496,0.4664,hdl,85,-1,0.4,1.0
0.5543,0.4583,hdl,86,-1,0.4,1.0
0.4732,0.0021,hdl,87,-1,0.4,1.0
0.5612,0.5608,hdl,88,-1,0.4,1.0
0.3831,0.0214,hdl,89,-1,0.4,1.0
0.322,0.0203,hdl,90,-1,0.4,1.0
0.3844,0.0261,hdl,91,-1,0.4,1.0
0.3873,0.0296,hdl,92,-1,0.4,1.0
0.4367,0.002,hdl,93,-1,0.4,1.0
0.3677,0.0202,hdl,94,-1,0.4,1.0
0.3834,0.0247,hdl,95,-1,0.4,1.0
0.4952,0.0136,hdl,96,-1,0.4,1.0
0.467,0.0442,hdl,97,-1,0.4,1.0
0.4287,0.0194,hdl,98,-1,0.4,1.0
0.6121,0.1851,hdl,99,-1,0.4,1.0
0.5433,0.0221,hdl,0,-1,0.4,0.1
0.5509,0.2697,hdl,1,-1,0.4,0.1
0.4903,0.0339,hdl,2,-1,0.4,0.1
0.4224,0.0233,hdl,3,-1,0.4,0.1
0.566,0.506,hdl,4,-1,0.4,0.1
0.4625,0.0262,hdl,5,-1,0.4,0.1
0.3665,0.0016,hdl,6,-1,0.4,0.1
0.4148,0.0168,hdl,7,-1,0.4,0.1
0.5383,0.009,hdl,8,-1,0.4,0.1
0.6105,0.4134,hdl,9,-1,0.4,0.1
0.4332,0.0255,hdl,10,-1,0.4,0.1
0.5476,0.0178,hdl,11,-1,0.4,0.1
0.4569,0.014,hdl,12,-1,0.4,0.1
0.5235,0.5359,hdl,13,-1,0.4,0.1
0.5673,0.3347,hdl,14,-1,0.4,0.1
0.3473,0.0017,hdl,15,-1,0.4,0.1
0.4355,0.0249,hdl,16,-1,0.4,0.1
0.3984,0.0022,hdl,17,-1,0.4,0.1
0.5254,0.031,hdl,18,-1,0.4,0.1
0.5361,0.021,hdl,19,-1,0.4,0.1
0.5588,0.5623,hdl,20,-1,0.4,0.1
0.4282,0.0154,hdl,21,-1,0.4,0.1
0.62,0.2358,hdl,22,-1,0.4,0.1
0.3736,0.0284,hdl,23,-1,0.4,0.1
0.5185,0.0232,hdl,24,-1,0.4,0.1
0.493,0.021,hdl,25,-1,0.4,0.1
0.4734,0.0261,hdl,26,-1,0.4,0.1
0.3479,0.0194,hdl,27,-1,0.4,0.1
0.3691,0.0023,hdl,28,-1,0.4,0.1
0.3446,0.0328,hdl,29,-1,0.4,0.1
0.3939,0.0166,hdl,30,-1,0.4,0.1
0.5818,0.2248,hdl,31,-1,0.4,0.1
0.4352,0.0392,hdl,32,-1,0.4,0.1
0.7084,0.0161,hdl,33,-1,0.4,0.1
0.4289,0.0171,hdl,34,-1,0.4,0.1
0.6255,0.2099,hdl,35,-1,0.4,0.1
0.5719,0.0168,hdl,36,-1,0.4,0.1
0.5863,0.0019,hdl,37,-1,0.4,0.1
0.5155,0.0021,hdl,38,-1,0.4,0.1
0.3504,0.0252,hdl,39,-1,0.4,0.1
0.5312,0.018,hdl,40,-1,0.4,0.1
0.6207,0.5057,hdl,41,-1,0.4,0.1
0.3541,0.0163,hdl,42,-1,0.4,0.1
0.347,0.0258,hdl,43,-1,0.4,0.1
0.3548,0.0159,hdl,44,-1,0.4,0.1
0.619,0.5547,hdl,45,-1,0.4,0.1
0.2186,0.0318,hdl,46,-1,0.4,0.1
0.4623,0.0222,hdl,47,-1,0.4,0.1
0.4479,0.0294,hdl,48,-1,0.4,0.1
0.5254,0.0018,hdl,49,-1,0.4,0.1
0.5355,0.0252,hdl,50,-1,0.4,0.1
0.3961,0.0321,hdl,51,-1,0.4,0.1
0.4152,0.0133,hdl,52,-1,0.4,0.1
0.3746,0.0128,hdl,53,-1,0.4,0.1
0.2919,0.0301,hdl,54,-1,0.4,0.1
0.3478,0.0246,hdl,55,-1,0.4,0.1
0.427,0.002,hdl,56,-1,0.4,0.1
0.4585,0.0178,hdl,57,-1,0.4,0.1
0.4102,0.0278,hdl,58,-1,0.4,0.1
0.4024,0.0292,hdl,59,-1,0.4,0.1
0.3946,0.0154,hdl,60,-1,0.4,0.1
0.3147,0.0018,hdl,61,-1,0.4,0.1
0.394,0.0153,hdl,62,-1,0.4,0.1
0.5925,0.0175,hdl,63,-1,0.4,0.1
0.5905,0.6012,hdl,64,-1,0.4,0.1
0.533,0.0019,hdl,65,-1,0.4,0.1
0.4736,0.0025,hdl,66,-1,0.4,0.1
0.4462,0.0141,hdl,67,-1,0.4,0.1
0.4072,0.0363,hdl,68,-1,0.4,0.1
0.3809,0.0169,hdl,69,-1,0.4,0.1
0.5132,0.0412,hdl,70,-1,0.4,0.1
0.4941,0.0217,hdl,71,-1,0.4,0.1
0.2372,0.0158,hdl,72,-1,0.4,0.1
0.4353,0.0304,hdl,73,-1,0.4,0.1
0.3343,0.0285,hdl,74,-1,0.4,0.1
0.5875,0.4519,hdl,75,-1,0.4,0.1
0.3618,0.0225,hdl,76,-1,0.4,0.1
0.6207,0.4368,hdl,77,-1,0.4,0.1
0.6219,0.0243,hdl,78,-1,0.4,0.1
0.4926,0.0017,hdl,79,-1,0.4,0.1
0.5029,0.017,hdl,80,-1,0.4,0.1
0.4623,0.0196,hdl,81,-1,0.4,0.1
0.5897,0.5689,hdl,82,-1,0.4,0.1
0.5865,0.243,hdl,83,-1,0.4,0.1
0.3893,0.0223,hdl,84,-1,0.4,0.1
0.4543,0.0299,hdl,85,-1,0.4,0.1
0.4236,0.0274,hdl,86,-1,0.4,0.1
0.5796,0.0326,hdl,87,-1,0.4,0.1
0.4791,0.0194,hdl,88,-1,0.4,0.1
0.4338,0.3869,hdl,89,-1,0.4,0.1
0.435,0.0208,hdl,90,-1,0.4,0.1
0.3344,0.002,hdl,91,-1,0.4,0.1
0.4708,0.011,hdl,92,-1,0.4,0.1
0.2963,0.0197,hdl,93,-1,0.4,0.1
0.5031,0.0141,hdl,94,-1,0.4,0.1
0.5626,0.4826,hdl,95,-1,0.4,0.1
0.5126,0.0164,hdl,96,-1,0.4,0.1
0.5121,0.3466,hdl,97,-1,0.4,0.1
0.3651,0.0216,hdl,98,-1,0.4,0.1
0.382,0.0147,hdl,99,-1,0.4,0.1
0.5316,0.0241,hdl,0,-1,0.4,0.01
0.365,0.0226,hdl,1,-1,0.4,0.01
0.5569,0.2467,hdl,2,-1,0.4,0.01
0.5462,0.0285,hdl,3,-1,0.4,0.01
0.6652,0.5579,hdl,4,-1,0.4,0.01
0.307,0.0016,hdl,5,-1,0.4,0.01
0.4353,0.0224,hdl,6,-1,0.4,0.01
0.2661,0.028,hdl,7,-1,0.4,0.01
0.3246,0.0248,hdl,8,-1,0.4,0.01
0.5607,0.2367,hdl,9,-1,0.4,0.01
0.4746,0.0298,hdl,10,-1,0.4,0.01
0.447,0.0178,hdl,11,-1,0.4,0.01
0.4121,0.0234,hdl,12,-1,0.4,0.01
0.5222,0.4646,hdl,13,-1,0.4,0.01
0.5602,0.0254,hdl,14,-1,0.4,0.01
0.4152,0.0113,hdl,15,-1,0.4,0.01
0.5583,0.3488,hdl,16,-1,0.4,0.01
0.4669,0.013,hdl,17,-1,0.4,0.01
0.4289,0.0216,hdl,18,-1,0.4,0.01
0.3866,0.0135,hdl,19,-1,0.4,0.01
0.5099,0.0302,hdl,20,-1,0.4,0.01
0.314,0.0212,hdl,21,-1,0.4,0.01
0.3974,0.0159,hdl,22,-1,0.4,0.01
0.5738,0.2701,hdl,23,-1,0.4,0.01
0.5914,0.4864,hdl,24,-1,0.4,0.01
0.6196,0.2082,hdl,25,-1,0.4,0.01
0.5054,0.0342,hdl,26,-1,0.4,0.01
0.5683,0.3336,hdl,27,-1,0.4,0.01
0.5535,0.4154,hdl,28,-1,0.4,0.01
0.621,0.4258,hdl,29,-1,0.4,0.01
0.4416,0.0219,hdl,30,-1,0.4,0.01
0.542,0.0324,hdl,31,-1,0.4,0.01
0.4169,0.0236,hdl,32,-1,0.4,0.01
0.5642,0.3116,hdl,33,-1,0.4,0.01
0.3464,0.0311,hdl,34,-1,0.4,0.01
0.5618,0.5053,hdl,35,-1,0.4,0.01
0.4469,0.0228,hdl,36,-1,0.4,0.01
0.5547,0.2881,hdl,37,-1,0.4,0.01
0.4684,0.0282,hdl,38,-1,0.4,0.01
0.5613,0.5812,hdl,39,-1,0.4,0.01
0.4181,0.0249,hdl,40,-1,0.4,0.01
0.3541,0.0229,hdl,41,-1,0.4,0.01
0.374,0.0166,hdl,42,-1,0.4,0.01
0.3985,0.0164,hdl,43,-1,0.4,0.01
0.3973,0.0313,hdl,44,-1,0.4,0.01
0.3714,0.0139,hdl,45,-1,0.4,0.01
0.5534,0.0239,hdl,46,-1,0.4,0.01
0.6205,0.3726,hdl,47,-1,0.4,0.01
0.6224,0.4349,hdl,48,-1,0.4,0.01
0.3837,0.0429,hdl,49,-1,0.4,0.01
0.4185,0.0306,hdl,50,-1,0.4,0.01
0.6697,0.5834,hdl,51,-1,0.4,0.01
0.4938,0.0199,hdl,52,-1,0.4,0.01
0.5904,0.0132,hdl,53,-1,0.4,0.01
0.6076,0.0143,hdl,54,-1,0.4,0.01
0.567,0.0327,hdl,55,-1,0.4,0.01
0.5671,0.3562,hdl,56,-1,0.4,0.01
0.5209,0.0136,hdl,57,-1,0.4,0.01
0.3934,0.0145,hdl,58,-1,0.4,0.01
0.5578,0.3198,hdl,59,-1,0.4,0.01
0.4016,0.0126,hdl,60,-1,0.4,0.01
0.3886,0.0137,hdl,61,-1,0.4,0.01
0.4619,0.0328,hdl,62,-1,0.4,0.01
0.4512,0.023,hdl,63,-1,0.4,0.01
0.386,0.0355,hdl,64,-1,0.4,0.01
0.5666,0.3484,hdl,65,-1,0.4,0.01
0.3035,0.015,hdl,66,-1,0.4,0.01
0.6807,0.0388,hdl,67,-1,0.4,0.01
0.4678,0.0136,hdl,68,-1,0.4,0.01
0.4679,0.0236,hdl,69,-1,0.4,0.01
0.5038,0.0135,hdl,70,-1,0.4,0.01
0.4824,0.0018,hdl,71,-1,0.4,0.01
0.5179,0.032,hdl,72,-1,0.4,0.01
0.3714,0.0275,hdl,73,-1,0.4,0.01
0.4007,0.0145,hdl,74,-1,0.4,0.01
0.3596,0.0315,hdl,75,-1,0.4,0.01
0.4362,0.0161,hdl,76,-1,0.4,0.01
0.5297,0.0194,hdl,77,-1,0.4,0.01
0.6363,0.4201,hdl,78,-1,0.4,0.01
0.6383,0.4885,hdl,79,-1,0.4,0.01
0.4072,0.0193,hdl,80,-1,0.4,0.01
0.4922,0.027,hdl,81,-1,0.4,0.01
0.3981,0.0291,hdl,82,-1,0.4,0.01
0.491,0.0363,hdl,83,-1,0.4,0.01
0.4184,0.0322,hdl,84,-1,0.4,0.01
0.3553,0.018,hdl,85,-1,0.4,0.01
0.5116,0.2729,hdl,86,-1,0.4,0.01
0.3063,0.0275,hdl,87,-1,0.4,0.01
0.3532,0.0269,hdl,88,-1,0.4,0.01
0.4474,0.0313,hdl,89,-1,0.4,0.01
0.532,0.0194,hdl,90,-1,0.4,0.01
0.444,0.0336,hdl,91,-1,0.4,0.01
0.5547,0.4315,hdl,92,-1,0.4,0.01
0.4311,0.0284,hdl,93,-1,0.4,0.01
0.4322,0.0219,hdl,94,-1,0.4,0.01
0.6212,0.0227,hdl,95,-1,0.4,0.01
0.3636,0.0134,hdl,96,-1,0.4,0.01
0.481,0.0241,hdl,97,-1,0.4,0.01
0.4692,0.0156,hdl,98,-1,0.4,0.01
0.5174,0.0309,hdl,99,-1,0.4,0.01
