pop,phen,phen_name,phen_short,trait_group,method,selected_window,bin_index,annotation,annotation_label,h2bin,h2bin_se,enrichment,enrichment_se,tau,tau_se,tau_star,tau_star_se,is_base,is_maf,dataset_id,dataset_kind,cohort,source,source_group,external_trait,local_match_phen,h2,h2_se,manifest_n_median,matched_snps,log2_enrichment,log2_enrichment_se,enrichment_normalizer_raw,enrichment_normalizer,normalizer_source,signed_enrichment,signed_enrichment_plot,is_negative_enrichment,is_undefined_enrichment,is_nonpositive_total_h2,group_label
EUR_300k,albumin,ALB,ALB,biochem_liver,sumrhe,-1,1,Coding_UCSC_w_flanking,Coding,0.03897,0.00507,2.1484,0.29165,-2.45778e-07,1.13365e-07,-0.23063,0.0984538,False,False,EUR_300k.UKB_local.local,local,EUR_300k,UKB_local,local,albumin,albumin,0.15541,0.01081,NA,NA,1.1032626266060843,0.195849007947899,0.1167175873223363,0.1167175873223363,row,2.1484000000000005,1.6546188449611265,False,False,False,UKB EUR
EUR_300k,albumin,ALB,ALB,biochem_liver,sumrhe,-1,2,Conserved_LindbladToh_w_flanking,Conserved (LindbladToh),0.09953,0.00947,1.42961,0.1125,7.86206e-08,1.23057e-07,0.114259,0.171037,False,False,EUR_300k.UKB_local.local,local,EUR_300k,UKB_local,local,albumin,albumin,0.15541,0.01081,NA,NA,0.5156216310560809,0.1135296983792841,0.4479788043201401,0.4479788043201401,row,1.4296100000000003,1.2807247515998672,False,False,False,UKB EUR
EUR_300k,albumin,ALB,ALB,biochem_liver,sumrhe,-1,6,DHS_Trynka_w_flanking,DHS + flank,0.11673,0.00947,1.23994,0.06892,-6.61373e-08,1.02864e-07,-0.0944552,0.144355,False,False,EUR_300k.UKB_local.local,local,EUR_300k,UKB_local,local,albumin,albumin,0.15541,0.01081,NA,NA,0.3102703110986379,0.0801898012952782,0.6057631556233196,0.6057631556233196,row,1.23994,1.163460088148155,False,False,False,UKB EUR
EUR_300k,albumin,ALB,ALB,biochem_liver,sumrhe,-1,20,Promoter_UCSC_w_flanking,Promoter,0.02404,0.00469,2.02435,0.36389,-3.53165e-07,1.69199e-07,-0.274195,0.12551,False,False,EUR_300k.UKB_local.local,local,EUR_300k,UKB_local,local,albumin,albumin,0.15541,0.01081,NA,NA,1.017458746361626,0.2593337606782843,0.0764134663178332,0.0764134663178332,row,2.0243500000000014,1.5966251084893144,False,False,False,UKB EUR
EUR_300k,albumin,ALB,ALB,biochem_liver,sumrhe,-1,29,GERP.NS,GERP.NS,0.4799,0.0381,1.1925,0.05242,1.16705e-08,2.59492e-08,0.0508249,0.106623,False,False,EUR_300k.UKB_local.local,local,EUR_300k,UKB_local,local,albumin,albumin,0.15541,0.01081,NA,NA,0.2539892662307867,0.0634180914410058,2.589485012728218,2.589485012728218,row,1.1924999999999997,1.1325768426700082,False,False,False,UKB EUR
EUR_300k,albumin,ALB,ALB,biochem_liver,sumrhe,-1,31,Backgrd_Selection_Stat,Background selection,0.04421,0.00394,1.60081,0.07798,7.24599e-07,1.47958e-07,0.395159,0.0801545,False,False,EUR_300k.UKB_local.local,local,EUR_300k,UKB_local,local,albumin,albumin,0.15541,0.01081,NA,NA,0.6788020846659791,0.0702777714335376,0.1777058667890832,0.1777058667890832,row,1.6008099999999998,1.3789610082505164,False,False,False,UKB EUR
EUR_300k,albumin,ALB,ALB,biochem_liver,sumrhe,-1,32,CpG_Content_50kb,CpG content (50 kb),0.00219,0.00018,1.3291,0.05889,1.00055e-05,1.01857e-05,0.170484,0.162051,False,False,EUR_300k.UKB_local.local,local,EUR_300k,UKB_local,local,albumin,albumin,0.15541,0.01081,NA,NA,0.4104496554618034,0.0639231893446325,0.0106024808420554,0.0106024808420554,row,1.3291000000000026,1.2197725830468211,False,False,False,UKB EUR
EUR_300k,albumin,ALB,ALB,biochem_liver,sumrhe,-1,33,GTEx_eQTL_MaxCPP,GTEx eQTL MaxCPP,0.00592,0.00155,5.13809,0.85398,1.23518e-06,5.64201e-07,0.251422,0.11084,False,False,EUR_300k.UKB_local.local,local,EUR_300k,UKB_local,local,albumin,albumin,0.15541,0.01081,NA,NA,2.3612321610477016,0.2397841826473177,0.0074138029543964,0.0074138029543964,row,5.138090000000031,2.6177897995355495,False,False,False,UKB EUR
EUR_300k,albumin,ALB,ALB,biochem_liver,sumrhe,-1,34,BLUEPRINT_H3K27acQTL_MaxCPP,BLUEPRINT H3K27ac QTL,0.00867,0.00146,3.16204,0.48045,4.62816e-07,2.42344e-07,0.136165,0.0696348,False,False,EUR_300k.UKB_local.local,local,EUR_300k,UKB_local,local,albumin,albumin,0.15541,0.01081,NA,NA,1.6608556179924985,0.219207483901248,0.0176430139516046,0.0176430139516046,row,3.162040000000001,2.057290830408262,False,False,False,UKB EUR
EUR_300k,albumin,ALB,ALB,biochem_liver,sumrhe,-1,35,BLUEPRINT_H3K4me1QTL_MaxCPP,BLUEPRINT H3K4me1 QTL,0.00658,0.00116,3.59193,0.65207,7.44495e-07,3.57087e-07,0.177081,0.0829452,False,False,EUR_300k.UKB_local.local,local,EUR_300k,UKB_local,local,albumin,albumin,0.15541,0.01081,NA,NA,1.844759234924022,0.2619032540479537,0.0117874284257246,0.0117874284257246,row,3.591930000000029,2.1991006495435315,False,False,False,UKB EUR
EUR_300k,albumin,ALB,ALB,biochem_liver,sumrhe,-1,36,BLUEPRINT_DNA_methylation_MaxCPP,BLUEPRINT methylation QTL,0.01414,0.00369,2.62882,0.49934,2.88437e-07,3.47106e-07,0.119408,0.13778,False,False,EUR_300k.UKB_local.local,local,EUR_300k,UKB_local,local,albumin,albumin,0.15541,0.01081,NA,NA,1.394415361431916,0.2740375307999387,0.0346106375071813,0.0346106375071813,row,2.6288200000000077,1.8595004967324278,False,False,False,UKB EUR
EUR_300k,albumin,ALB,ALB,biochem_liver,sumrhe,-1,38,non_synonymous,Nonsynonymous,0.01228,0.00259,2.55483,0.66937,1.9274e-07,2.06247e-07,0.097532,0.0989167,False,False,EUR_300k.UKB_local.local,local,EUR_300k,UKB_local,local,albumin,albumin,0.15541,0.01081,NA,NA,1.35322729651844,0.3779886644198814,0.0309283961304986,0.0309283961304986,row,2.554830000000008,1.8297805685588269,False,False,False,UKB EUR
EUR_300k,albumin,ALB,ALB,biochem_liver,sumrhe,-1,45,Ancient_Sequence_Age_Human_Promoter_w_flanking,Ancient promoter age,0.01639,0.00359,6.86607,1.39718,1.35394e-06,6.14177e-07,0.486668,0.21192,False,False,EUR_300k.UKB_local.local,local,EUR_300k,UKB_local,local,albumin,albumin,0.15541,0.01081,NA,NA,2.779484565733572,0.2935747315755945,0.0153600194756125,0.0153600194756125,row,6.866070000000009,2.9756430248523373,False,False,False,UKB EUR
EUR_300k,alka_phos,ALP,ALP,biochem_liver,sumrhe,-1,1,Coding_UCSC_w_flanking,Coding,0.06938,0.01156,2.48845,0.44688,-1.3955e-07,2.22875e-07,-0.0851215,0.128965,False,False,EUR_300k.UKB_local.local,local,EUR_300k,UKB_local,local,alka_phos,alka_phos,0.23898,0.02498,NA,NA,1.3152473994815848,0.2590815808525227,0.1166658688557488,0.1166658688557488,row,2.4884500000000007,1.802586155623243,False,False,False,UKB EUR
EUR_300k,alka_phos,ALP,ALP,biochem_liver,sumrhe,-1,2,Conserved_LindbladToh_w_flanking,Conserved (LindbladToh),0.14728,0.01904,1.37572,0.12105,-8.20436e-08,2.224e-07,-0.0775197,0.201991,False,False,EUR_300k.UKB_local.local,local,EUR_300k,UKB_local,local,alka_phos,alka_phos,0.23898,0.02498,NA,NA,0.460186868501451,0.126943153184957,0.4479733388071246,0.4479733388071246,row,1.3757200000000003,1.2483648115530903,False,False,False,UKB EUR
EUR_300k,alka_phos,ALP,ALP,biochem_liver,sumrhe,-1,6,DHS_Trynka_w_flanking,DHS + flank,0.16945,0.01697,1.17053,0.04921,-1.13644e-07,7.90771e-08,-0.105521,0.0748793,False,False,EUR_300k.UKB_local.local,local,EUR_300k,UKB_local,local,alka_phos,alka_phos,0.23898,0.02498,NA,NA,0.2271619103547446,0.0606520319531715,0.6057556415116793,0.6057556415116793,row,1.17053,1.1180473629511358,False,False,False,UKB EUR
EUR_300k,alka_phos,ALP,ALP,biochem_liver,sumrhe,-1,20,Promoter_UCSC_w_flanking,Promoter,0.04381,0.0111,2.3993,0.48316,-2.94893e-07,3.45523e-07,-0.148838,0.173609,False,False,EUR_300k.UKB_local.local,local,EUR_300k,UKB_local,local,alka_phos,alka_phos,0.23898,0.02498,NA,NA,1.262613558403634,0.2905232926086406,0.0764059433924846,0.0764059433924846,row,2.399300000000001,1.7652376903330362,False,False,False,UKB EUR
EUR_300k,alka_phos,ALP,ALP,biochem_liver,sumrhe,-1,29,GERP.NS,GERP.NS,0.72065,0.06981,1.16454,0.05165,9.67568e-10,3.6941e-08,0.00273951,0.0990549,False,False,EUR_300k.UKB_local.local,local,EUR_300k,UKB_local,local,alka_phos,alka_phos,0.23898,0.02498,NA,NA,0.2197601945599777,0.063986809265388,2.5894553314251803,2.5894553314251803,row,1.1645400000000001,1.114060461334939,False,False,False,UKB EUR
EUR_300k,alka_phos,ALP,ALP,biochem_liver,sumrhe,-1,31,Backgrd_Selection_Stat,Background selection,0.06341,0.00597,1.49318,0.13297,6.446e-07,3.80913e-07,0.228556,0.136157,False,False,EUR_300k.UKB_local.local,local,EUR_300k,UKB_local,local,alka_phos,alka_phos,0.23898,0.02498,NA,NA,0.5783880900903101,0.1284742359173077,0.1776986106040166,0.1776986106040166,row,1.4931800000000004,1.3179870447760236,False,False,False,UKB EUR
EUR_300k,alka_phos,ALP,ALP,biochem_liver,sumrhe,-1,32,CpG_Content_50kb,CpG content (50 kb),0.00352,0.00043,1.38495,0.07046,3.02368e-05,1.78476e-05,0.334919,0.185676,False,False,EUR_300k.UKB_local.local,local,EUR_300k,UKB_local,local,alka_phos,alka_phos,0.23898,0.02498,NA,NA,0.4698338924808555,0.0733978068385402,0.0106352330751059,0.0106352330751059,row,1.3849500000000061,1.2539590207346965,False,False,False,UKB EUR
EUR_300k,alka_phos,ALP,ALP,biochem_liver,sumrhe,-1,33,GTEx_eQTL_MaxCPP,GTEx eQTL MaxCPP,0.00888,0.00235,5.01067,1.47257,1.93575e-06,1.05281e-06,0.256167,0.140473,False,False,EUR_300k.UKB_local.local,local,EUR_300k,UKB_local,local,alka_phos,alka_phos,0.23898,0.02498,NA,NA,2.3250035257857222,0.423989094544614,0.0074157590032772,0.0074157590032772,row,5.010670000000011,2.5875258148636484,False,False,False,UKB EUR
EUR_300k,alka_phos,ALP,ALP,biochem_liver,sumrhe,-1,34,BLUEPRINT_H3K27acQTL_MaxCPP,BLUEPRINT H3K27ac QTL,0.01198,0.00225,2.84446,0.56337,6.65719e-07,4.6367e-07,0.127314,0.0853297,False,False,EUR_300k.UKB_local.local,local,EUR_300k,UKB_local,local,alka_phos,alka_phos,0.23898,0.02498,NA,NA,1.5081547933872568,0.2857382790356044,0.017623632593895,0.017623632593895,row,2.8444600000000126,1.9427809687896298,False,False,False,UKB EUR
EUR_300k,alka_phos,ALP,ALP,biochem_liver,sumrhe,-1,35,BLUEPRINT_H3K4me1QTL_MaxCPP,BLUEPRINT H3K4me1 QTL,0.00772,0.00113,2.74263,0.45361,5.47595e-07,3.76792e-07,0.084661,0.0568454,False,False,EUR_300k.UKB_local.local,local,EUR_300k,UKB_local,local,alka_phos,alka_phos,0.23898,0.02498,NA,NA,1.4555600056459066,0.2386107121622831,0.0117784602699781,0.0117784602699781,row,2.7426300000000166,1.904052429068736,False,False,False,UKB EUR
EUR_300k,alka_phos,ALP,ALP,biochem_liver,sumrhe,-1,36,BLUEPRINT_DNA_methylation_MaxCPP,BLUEPRINT methylation QTL,0.01951,0.00418,2.35984,0.34994,2.48777e-07,3.36787e-07,0.0669384,0.0865017,False,False,EUR_300k.UKB_local.local,local,EUR_300k,UKB_local,local,alka_phos,alka_phos,0.23898,0.02498,NA,NA,1.2386890464380986,0.2139368358061071,0.0345949856124863,0.0345949856124863,row,2.3598400000000006,1.7483925316044233,False,False,False,UKB EUR
EUR_300k,alka_phos,ALP,ALP,biochem_liver,sumrhe,-1,38,non_synonymous,Nonsynonymous,0.02076,0.00426,2.80889,0.76216,3.61335e-07,3.16141e-07,0.118864,0.100441,False,False,EUR_300k.UKB_local.local,local,EUR_300k,UKB_local,local,alka_phos,alka_phos,0.23898,0.02498,NA,NA,1.4900001276462824,0.3914587087297588,0.0309265204670948,0.0309265204670948,row,2.808890000000002,1.9293706237515984,False,False,False,UKB EUR
EUR_300k,alka_phos,ALP,ALP,biochem_liver,sumrhe,-1,45,Ancient_Sequence_Age_Human_Promoter_w_flanking,Ancient promoter age,0.0215,0.00641,5.85561,1.55844,3.98647e-07,1.12376e-06,0.0931537,0.258432,False,False,EUR_300k.UKB_local.local,local,EUR_300k,UKB_local,local,alka_phos,alka_phos,0.23898,0.02498,NA,NA,2.5498194692977414,0.3839657455880764,0.0153640163032084,0.0153640163032084,row,5.855610000000027,2.777285040157885,False,False,False,UKB EUR
EUR_300k,asp_at,AST,AST,biochem_liver,sumrhe,-1,1,Coding_UCSC_w_flanking,Coding,0.04664,0.00439,2.53544,0.33205,1.73396e-07,1.60909e-07,0.160461,0.141445,False,False,EUR_300k.UKB_local.local,local,EUR_300k,UKB_local,local,asp_at,asp_at,0.15759,0.01169,NA,NA,1.3422361341061193,0.1889403371119728,0.1167284042796461,0.1167284042796461,row,2.5354400000000004,1.8218897755199652,False,False,False,UKB EUR
EUR_300k,asp_at,AST,AST,biochem_liver,sumrhe,-1,2,Conserved_LindbladToh_w_flanking,Conserved (LindbladToh),0.09413,0.00747,1.33337,0.07311,-1.4881e-08,1.06742e-07,-0.0213274,0.146961,False,False,EUR_300k.UKB_local.local,local,EUR_300k,UKB_local,local,asp_at,asp_at,0.15759,0.01169,NA,NA,0.4150771728469591,0.0791044004585314,0.4479697862944215,0.4479697862944215,row,1.3333700000000002,1.2224150920803925,False,False,False,UKB EUR
EUR_300k,asp_at,AST,AST,biochem_liver,sumrhe,-1,6,DHS_Trynka_w_flanking,DHS + flank,0.11427,0.00891,1.19702,0.05872,-3.56375e-09,6.16506e-08,-0.00501922,0.0818327,False,False,EUR_300k.UKB_local.local,local,EUR_300k,UKB_local,local,asp_at,asp_at,0.15759,0.01169,NA,NA,0.2594472572603361,0.0707716268742376,0.6057621938315418,0.6057621938315418,row,1.19702,1.135548003019945,False,False,False,UKB EUR
EUR_300k,asp_at,AST,AST,biochem_liver,sumrhe,-1,20,Promoter_UCSC_w_flanking,Promoter,0.02144,0.00321,1.78011,0.28325,-3.02527e-07,1.76594e-07,-0.23163,0.129955,False,False,EUR_300k.UKB_local.local,local,EUR_300k,UKB_local,local,asp_at,asp_at,0.15759,0.01169,NA,NA,0.8319663937485032,0.2295607408147804,0.0764274352164494,0.0764274352164494,row,1.78011,1.4751419668750068,False,False,False,UKB EUR
EUR_300k,asp_at,AST,AST,biochem_liver,sumrhe,-1,29,GERP.NS,GERP.NS,0.46797,0.03332,1.14678,0.04262,-1.70729e-08,2.03904e-08,-0.0733238,0.0854291,False,False,EUR_300k.UKB_local.local,local,EUR_300k,UKB_local,local,asp_at,asp_at,0.15759,0.01169,NA,NA,0.1975886491117017,0.0536176621868951,2.5894602404507143,2.5894602404507143,row,1.14678,1.1021743527376715,False,False,False,UKB EUR
EUR_300k,asp_at,AST,AST,biochem_liver,sumrhe,-1,31,Backgrd_Selection_Stat,Background selection,0.04276,0.00287,1.52683,0.08917,4.63448e-07,1.9003e-07,0.249257,0.0998034,False,False,EUR_300k.UKB_local.local,local,EUR_300k,UKB_local,local,asp_at,asp_at,0.15759,0.01169,NA,NA,0.6105394388144063,0.0842563460215406,0.1777126554822143,0.1777126554822143,row,1.52683,1.3373286059498815,False,False,False,UKB EUR
EUR_300k,asp_at,AST,AST,biochem_liver,sumrhe,-1,32,CpG_Content_50kb,CpG content (50 kb),0.00217,0.00017,1.29597,0.04975,6.97404e-06,7.06417e-06,0.11719,0.113479,False,False,EUR_300k.UKB_local.local,local,EUR_300k,UKB_local,local,asp_at,asp_at,0.15759,0.01169,NA,NA,0.3740323221174682,0.0553825152466692,0.0106251759363269,0.0106251759363269,row,1.2959700000000085,1.1991037913454932,False,False,False,UKB EUR
EUR_300k,asp_at,AST,AST,biochem_liver,sumrhe,-1,33,GTEx_eQTL_MaxCPP,GTEx eQTL MaxCPP,0.00683,0.00115,5.84375,1.1923,1.80213e-06,5.77932e-07,0.361818,0.108021,False,False,EUR_300k.UKB_local.local,local,EUR_300k,UKB_local,local,asp_at,asp_at,0.15759,0.01169,NA,NA,2.546894459887637,0.2943529920431077,0.0074165242304456,0.0074165242304456,row,5.843750000000068,2.774787059601188,False,False,False,UKB EUR
EUR_300k,asp_at,AST,AST,biochem_liver,sumrhe,-1,34,BLUEPRINT_H3K27acQTL_MaxCPP,BLUEPRINT H3K27ac QTL,0.00604,0.00084,2.17328,0.36389,-2.51427e-08,1.95016e-07,-0.00729498,0.0535037,False,False,EUR_300k.UKB_local.local,local,EUR_300k,UKB_local,local,asp_at,asp_at,0.15759,0.01169,NA,NA,1.1198740597415044,0.2415622001900744,0.0176356958293662,0.0176356958293662,row,2.1732800000000116,1.6659748256328324,False,False,False,UKB EUR
EUR_300k,asp_at,AST,AST,biochem_liver,sumrhe,-1,35,BLUEPRINT_H3K4me1QTL_MaxCPP,BLUEPRINT H3K4me1 QTL,0.00623,0.00112,3.35193,0.67212,8.7438e-07,4.09296e-07,0.2051,0.0901833,False,False,EUR_300k.UKB_local.local,local,EUR_300k,UKB_local,local,asp_at,asp_at,0.15759,0.01169,NA,NA,1.7449920208429468,0.2892853343841578,0.0117940903568021,0.0117940903568021,row,3.3519300000000065,2.121655351288381,False,False,False,UKB EUR
EUR_300k,asp_at,AST,AST,biochem_liver,sumrhe,-1,36,BLUEPRINT_DNA_methylation_MaxCPP,BLUEPRINT methylation QTL,0.00977,0.00173,1.79141,0.28076,-1.47283e-07,1.64424e-07,-0.0601298,0.0638994,False,False,EUR_300k.UKB_local.local,local,EUR_300k,UKB_local,local,asp_at,asp_at,0.15759,0.01169,NA,NA,0.8410955647235001,0.2261074012537528,0.0346075546990493,0.0346075546990493,row,1.7914100000000046,1.4809940418259662,False,False,False,UKB EUR
EUR_300k,asp_at,AST,AST,biochem_liver,sumrhe,-1,38,non_synonymous,Nonsynonymous,0.01462,0.00246,2.99795,0.68172,1.74962e-07,2.14675e-07,0.087309,0.104752,False,False,EUR_300k.UKB_local.local,local,EUR_300k,UKB_local,local,asp_at,asp_at,0.15759,0.01169,NA,NA,1.5839763221271417,0.3280621969261743,0.0309452739487049,0.0309452739487049,row,2.9979500000000026,1.9992604292603513,False,False,False,UKB EUR
EUR_300k,asp_at,AST,AST,biochem_liver,sumrhe,-1,45,Ancient_Sequence_Age_Human_Promoter_w_flanking,Ancient promoter age,0.01233,0.0019,5.09175,0.90631,9.23102e-07,2.88396e-07,0.327287,0.0941495,False,False,EUR_300k.UKB_local.local,local,EUR_300k,UKB_local,local,asp_at,asp_at,0.15759,0.01169,NA,NA,2.3481615860471177,0.2567936254741643,0.0153662306947356,0.0153662306947356,row,5.091750000000003,2.6068567361192003,False,False,False,UKB EUR
EUR_300k,blood_mscv,MSCV,MSCV,hematology,sumrhe,-1,1,Coding_UCSC_w_flanking,Coding,0.0616,0.00729,2.31047,0.30793,1.44226e-07,2.58973e-07,0.0920285,0.158297,False,False,EUR_300k.UKB_local.local,local,EUR_300k,UKB_local,local,blood_mscv,blood_mscv,0.22849,0.01957,NA,NA,1.2081863571382008,0.1922764995611016,0.116684502975814,0.116684502975814,row,2.310470000000002,1.7270360564684726,False,False,False,UKB EUR
EUR_300k,blood_mscv,MSCV,MSCV,hematology,sumrhe,-1,2,Conserved_LindbladToh_w_flanking,Conserved (LindbladToh),0.13661,0.01872,1.33468,0.14286,-1.67417e-08,2.24876e-07,-0.0165469,0.21309,False,False,EUR_300k.UKB_local.local,local,EUR_300k,UKB_local,local,blood_mscv,blood_mscv,0.22849,0.01957,NA,NA,0.4164938859186312,0.1544215943457587,0.4479588705695663,0.4479588705695663,row,1.33468,1.223224822290299,False,False,False,UKB EUR
EUR_300k,blood_mscv,MSCV,MSCV,hematology,sumrhe,-1,6,DHS_Trynka_w_flanking,DHS + flank,0.16195,0.01646,1.17001,0.08691,-1.45453e-07,7.91908e-08,-0.141275,0.0826025,False,False,EUR_300k.UKB_local.local,local,EUR_300k,UKB_local,local,blood_mscv,blood_mscv,0.22849,0.01957,NA,NA,0.2265208604828299,0.1071654310678197,0.6057929028063336,0.6057929028063336,row,1.1700099999999998,1.1177016910186792,False,False,False,UKB EUR
EUR_300k,blood_mscv,MSCV,MSCV,hematology,sumrhe,-1,20,Promoter_UCSC_w_flanking,Promoter,0.03884,0.00765,2.2249,0.31988,5.9318e-09,3.24758e-07,0.00313172,0.162263,False,False,EUR_300k.UKB_local.local,local,EUR_300k,UKB_local,local,blood_mscv,blood_mscv,0.22849,0.01957,NA,NA,1.153740494395351,0.2074202389678465,0.0764014370779844,0.0764014370779844,row,2.224900000000002,1.6892544251123667,False,False,False,UKB EUR
EUR_300k,blood_mscv,MSCV,MSCV,hematology,sumrhe,-1,29,GERP.NS,GERP.NS,0.68763,0.07087,1.16223,0.07901,4.45019e-08,5.63042e-08,0.131801,0.160277,False,False,EUR_300k.UKB_local.local,local,EUR_300k,UKB_local,local,blood_mscv,blood_mscv,0.22849,0.01957,NA,NA,0.2168955997445265,0.0980764006957633,2.5893784945856373,2.5893784945856373,row,1.1622299999999999,1.1125199931052476,False,False,False,UKB EUR
EUR_300k,blood_mscv,MSCV,MSCV,hematology,sumrhe,-1,31,Backgrd_Selection_Stat,Background selection,0.06469,0.0049,1.59328,0.13707,9.21295e-07,4.60992e-07,0.341692,0.166767,False,False,EUR_300k.UKB_local.local,local,EUR_300k,UKB_local,local,blood_mscv,blood_mscv,0.22849,0.01957,NA,NA,0.6719998256292375,0.1241151644749511,0.1776960806396537,0.1776960806396537,row,1.5932800000000005,1.3747779843643266,False,False,False,UKB EUR
EUR_300k,blood_mscv,MSCV,MSCV,hematology,sumrhe,-1,32,CpG_Content_50kb,CpG content (50 kb),0.00343,0.00028,1.41258,0.07815,3.77615e-05,1.85155e-05,0.437529,0.211593,False,False,EUR_300k.UKB_local.local,local,EUR_300k,UKB_local,local,blood_mscv,blood_mscv,0.22849,0.01957,NA,NA,0.4983325753756044,0.0798160935631769,0.0106270780286747,0.0106270780286747,row,1.4125800000000062,1.2705767822520946,False,False,False,UKB EUR
EUR_300k,blood_mscv,MSCV,MSCV,hematology,sumrhe,-1,33,GTEx_eQTL_MaxCPP,GTEx eQTL MaxCPP,0.0103,0.0022,6.0822,1.34868,2.74456e-06,9.73385e-07,0.379735,0.131598,False,False,EUR_300k.UKB_local.local,local,EUR_300k,UKB_local,local,blood_mscv,blood_mscv,0.22849,0.01957,NA,NA,2.604593257056665,0.3199062753191488,0.0074115549039374,0.0074115549039374,row,6.082200000000005,2.824197585741538,False,False,False,UKB EUR
EUR_300k,blood_mscv,MSCV,MSCV,hematology,sumrhe,-1,34,BLUEPRINT_H3K27acQTL_MaxCPP,BLUEPRINT H3K27ac QTL,0.01054,0.0016,2.61582,0.42684,3.50505e-07,3.4818e-07,0.0701267,0.0666446,False,False,EUR_300k.UKB_local.local,local,EUR_300k,UKB_local,local,blood_mscv,blood_mscv,0.22849,0.01957,NA,NA,1.3872632694132545,0.2354137330753053,0.0176345977294062,0.0176345977294062,row,2.6158200000000007,1.8543228603938708,False,False,False,UKB EUR
EUR_300k,blood_mscv,MSCV,MSCV,hematology,sumrhe,-1,35,BLUEPRINT_H3K4me1QTL_MaxCPP,BLUEPRINT H3K4me1 QTL,0.00784,0.00143,2.91118,0.65054,6.96554e-07,5.61699e-07,0.112664,0.0895038,False,False,EUR_300k.UKB_local.local,local,EUR_300k,UKB_local,local,blood_mscv,blood_mscv,0.22849,0.01957,NA,NA,1.5416040449154886,0.3223884582540091,0.0117863628252817,0.0117863628252817,row,2.9111800000000105,1.967603933189672,False,False,False,UKB EUR
EUR_300k,blood_mscv,MSCV,MSCV,hematology,sumrhe,-1,36,BLUEPRINT_DNA_methylation_MaxCPP,BLUEPRINT methylation QTL,0.01797,0.00321,2.27209,0.25435,1.10827e-07,3.09755e-07,0.0311985,0.0833343,False,False,EUR_300k.UKB_local.local,local,EUR_300k,UKB_local,local,blood_mscv,blood_mscv,0.22849,0.01957,NA,NA,1.184019982722015,0.1615030582635845,0.0346142837260268,0.0346142837260268,row,2.2720900000000026,1.7102124306659652,False,False,False,UKB EUR
EUR_300k,blood_mscv,MSCV,MSCV,hematology,sumrhe,-1,38,non_synonymous,Nonsynonymous,0.01409,0.00382,1.99445,0.51692,-3.15115e-07,3.60932e-07,-0.108413,0.119575,False,False,EUR_300k.UKB_local.local,local,EUR_300k,UKB_local,local,blood_mscv,blood_mscv,0.22849,0.01957,NA,NA,0.9959909561369188,0.3739165787742601,0.0309186584833835,0.0309186584833835,row,1.9944500000000038,1.5822910430345258,False,False,False,UKB EUR
EUR_300k,blood_mscv,MSCV,MSCV,hematology,sumrhe,-1,45,Ancient_Sequence_Age_Human_Promoter_w_flanking,Ancient promoter age,0.01326,0.00265,3.77648,0.60137,4.30836e-08,7.09363e-07,0.0105326,0.16643,False,False,EUR_300k.UKB_local.local,local,EUR_300k,UKB_local,local,blood_mscv,blood_mscv,0.22849,0.01957,NA,NA,1.9170421464817804,0.2297360284549093,0.0153670016307119,0.0153670016307119,row,3.7764800000000025,2.2559478237935235,False,False,False,UKB EUR
EUR_300k,blood_platelet,PLT,PLT,hematology,sumrhe,-1,1,Coding_UCSC_w_flanking,Coding,0.07314,0.00775,2.11957,0.21175,-4.09201e-07,1.9065e-07,-0.201823,0.090962,False,False,EUR_300k.UKB_local.local,local,EUR_300k,UKB_local,local,blood_platelet,blood_platelet,0.29564,0.02112,NA,NA,1.0837716130008124,0.1441286085895903,0.1167196558690648,0.1167196558690648,row,2.11957,1.6413471824142547,False,False,False,UKB EUR
EUR_300k,blood_platelet,PLT,PLT,hematology,sumrhe,-1,2,Conserved_LindbladToh_w_flanking,Conserved (LindbladToh),0.17061,0.01297,1.28824,0.11112,-3.91195e-07,2.64124e-07,-0.29882,0.185833,False,False,EUR_300k.UKB_local.local,local,EUR_300k,UKB_local,local,blood_platelet,blood_platelet,0.29564,0.02112,NA,NA,0.3654013935727168,0.1244428623110457,0.4479654394366774,0.4479654394366774,row,1.28824,1.1942383758275286,False,False,False,UKB EUR
EUR_300k,blood_platelet,PLT,PLT,hematology,sumrhe,-1,6,DHS_Trynka_w_flanking,DHS + flank,0.22548,0.01718,1.25905,0.05913,-2.0199e-07,1.24645e-07,-0.151626,0.0928674,False,False,EUR_300k.UKB_local.local,local,EUR_300k,UKB_local,local,blood_platelet,blood_platelet,0.29564,0.02112,NA,NA,0.3323355771948965,0.0677547021704971,0.6057617615074895,0.6057617615074895,row,1.25905,1.1757162025387673,False,False,False,UKB EUR
EUR_300k,blood_platelet,PLT,PLT,hematology,sumrhe,-1,20,Promoter_UCSC_w_flanking,Promoter,0.0471,0.00794,2.08478,0.35568,-3.44938e-07,4.34636e-07,-0.140759,0.169952,False,False,EUR_300k.UKB_local.local,local,EUR_300k,UKB_local,local,blood_platelet,blood_platelet,0.29564,0.02112,NA,NA,1.059895148823357,0.2461352143359906,0.0764183192349398,0.0764183192349398,row,2.08478,1.6251676030775706,False,False,False,UKB EUR
EUR_300k,blood_platelet,PLT,PLT,hematology,sumrhe,-1,29,GERP.NS,GERP.NS,0.90379,0.06968,1.18057,0.06221,3.54251e-08,6.42527e-08,0.081091,0.140052,False,False,EUR_300k.UKB_local.local,local,EUR_300k,UKB_local,local,blood_platelet,blood_platelet,0.29564,0.02112,NA,NA,0.23948358638555,0.0760226487999038,2.589480203423701,2.589480203423701,row,1.1805700000000001,1.1247053041236657,False,False,False,UKB EUR
EUR_300k,blood_platelet,PLT,PLT,hematology,sumrhe,-1,31,Backgrd_Selection_Stat,Background selection,0.08796,0.0078,1.67422,0.11056,1.47467e-06,5.31701e-07,0.422654,0.139385,False,False,EUR_300k.UKB_local.local,local,EUR_300k,UKB_local,local,blood_platelet,blood_platelet,0.29564,0.02112,NA,NA,0.743489116929271,0.0952708507368707,0.1777090320834561,0.1777090320834561,row,1.67422,1.4191181564758282,False,False,False,UKB EUR
EUR_300k,blood_platelet,PLT,PLT,hematology,sumrhe,-1,32,CpG_Content_50kb,CpG content (50 kb),0.00432,0.00029,1.37442,0.07543,3.06711e-05,2.34024e-05,0.274688,0.194568,False,False,EUR_300k.UKB_local.local,local,EUR_300k,UKB_local,local,blood_platelet,blood_platelet,0.29564,0.02112,NA,NA,0.4588229352523448,0.079177025170075,0.0106316601850651,0.0106316601850651,row,1.3744200000000115,1.2475751491010514,False,False,False,UKB EUR
EUR_300k,blood_platelet,PLT,PLT,hematology,sumrhe,-1,33,GTEx_eQTL_MaxCPP,GTEx eQTL MaxCPP,0.01098,0.00235,5.01214,0.8967,2.35067e-06,9.19833e-07,0.2514,0.0897121,False,False,EUR_300k.UKB_local.local,local,EUR_300k,UKB_local,local,blood_platelet,blood_platelet,0.29564,0.02112,NA,NA,2.3254267128411112,0.2581062466661214,0.0074099615291156,0.0074099615291156,row,5.012140000000001,2.587878604556018,False,False,False,UKB EUR
EUR_300k,blood_platelet,PLT,PLT,hematology,sumrhe,-1,34,BLUEPRINT_H3K27acQTL_MaxCPP,BLUEPRINT H3K27ac QTL,0.01209,0.00177,2.32011,0.3193,7.95983e-08,4.2556e-07,0.0123077,0.0618905,False,False,EUR_300k.UKB_local.local,local,EUR_300k,UKB_local,local,blood_platelet,blood_platelet,0.29564,0.02112,NA,NA,1.214193207375441,0.1985477096154259,0.0176260310688022,0.0176260310688022,row,2.320110000000009,1.7312310409172487,False,False,False,UKB EUR
EUR_300k,blood_platelet,PLT,PLT,hematology,sumrhe,-1,35,BLUEPRINT_H3K4me1QTL_MaxCPP,BLUEPRINT H3K4me1 QTL,0.00942,0.00153,2.70219,0.46778,6.3385e-07,5.48823e-07,0.0792382,0.0654317,False,False,EUR_300k.UKB_local.local,local,EUR_300k,UKB_local,local,blood_platelet,blood_platelet,0.29564,0.02112,NA,NA,1.434129118934758,0.2497470149127335,0.0117915752463459,0.0117915752463459,row,2.7021900000000105,1.8883789376244284,False,False,False,UKB EUR
EUR_300k,blood_platelet,PLT,PLT,hematology,sumrhe,-1,36,BLUEPRINT_DNA_methylation_MaxCPP,BLUEPRINT methylation QTL,0.02179,0.00283,2.12889,0.21253,5.45825e-08,2.27822e-07,0.0118772,0.0476322,False,False,EUR_300k.UKB_local.local,local,EUR_300k,UKB_local,local,blood_platelet,blood_platelet,0.29564,0.02112,NA,NA,1.0901014074913062,0.1440262188465028,0.0346210961954997,0.0346210961954997,row,2.1288900000000015,1.645650939740852,False,False,False,UKB EUR
EUR_300k,blood_platelet,PLT,PLT,hematology,sumrhe,-1,38,non_synonymous,Nonsynonymous,0.02114,0.00412,2.31102,0.51041,1.28442e-07,3.85027e-07,0.0341631,0.0968297,False,False,EUR_300k.UKB_local.local,local,EUR_300k,UKB_local,local,blood_platelet,blood_platelet,0.29564,0.02112,NA,NA,1.2085297452127113,0.3186324548554906,0.0309412664262807,0.0309412664262807,row,2.311020000000001,1.7272757252663753,False,False,False,UKB EUR
EUR_300k,blood_platelet,PLT,PLT,hematology,sumrhe,-1,45,Ancient_Sequence_Age_Human_Promoter_w_flanking,Ancient promoter age,0.02199,0.00321,4.84155,0.97574,1.09693e-06,5.57686e-07,0.207241,0.102045,False,False,EUR_300k.UKB_local.local,local,EUR_300k,UKB_local,local,blood_platelet,blood_platelet,0.29564,0.02112,NA,NA,2.2754689936412382,0.2907530148809776,0.0153630560303396,0.0153630560303396,row,4.8415500000000184,2.546351225374628,False,False,False,UKB EUR
EUR_300k,blood_rbc_count,RBC,RBC,hematology,sumrhe,-1,1,Coding_UCSC_w_flanking,Coding,0.06027,0.00602,2.09447,0.28007,-2.37732e-07,2.34319e-07,-0.140636,0.126532,False,False,EUR_300k.UKB_local.local,local,EUR_300k,UKB_local,local,blood_rbc_count,blood_rbc_count,0.24651,0.01912,NA,NA,1.0665852200071622,0.1929154392766532,0.1167326932403884,0.1167326932403884,row,2.09447,1.629692335498301,False,False,False,UKB EUR
EUR_300k,blood_rbc_count,RBC,RBC,hematology,sumrhe,-1,2,Conserved_LindbladToh_w_flanking,Conserved (LindbladToh),0.15564,0.01904,1.40946,0.12953,3.99129e-08,2.4592e-07,0.0365672,0.214124,False,False,EUR_300k.UKB_local.local,local,EUR_300k,UKB_local,local,blood_rbc_count,blood_rbc_count,0.24651,0.01912,NA,NA,0.4951425352900361,0.1325843150187642,0.4479545221372519,0.4479545221372519,row,1.4094600000000002,1.2687098507642922,False,False,False,UKB EUR
EUR_300k,blood_rbc_count,RBC,RBC,hematology,sumrhe,-1,6,DHS_Trynka_w_flanking,DHS + flank,0.178,0.01673,1.19205,0.06301,-1.12324e-07,1.02608e-07,-0.101129,0.0938922,False,False,EUR_300k.UKB_local.local,local,EUR_300k,UKB_local,local,blood_rbc_count,blood_rbc_count,0.24651,0.01912,NA,NA,0.2534447502624852,0.0762587261661957,0.6057466047166892,0.6057466047166892,row,1.1920499999999998,1.1322807061129252,False,False,False,UKB EUR
EUR_300k,blood_rbc_count,RBC,RBC,hematology,sumrhe,-1,20,Promoter_UCSC_w_flanking,Promoter,0.03753,0.00668,1.99269,0.34103,-3.31638e-07,2.4298e-07,-0.162312,0.115933,False,False,EUR_300k.UKB_local.local,local,EUR_300k,UKB_local,local,blood_rbc_count,blood_rbc_count,0.24651,0.01912,NA,NA,0.9947172895804984,0.2469035774728448,0.0764019215314119,0.0764019215314119,row,1.9926900000000023,1.5814428439461108,False,False,False,UKB EUR
EUR_300k,blood_rbc_count,RBC,RBC,hematology,sumrhe,-1,29,GERP.NS,GERP.NS,0.76557,0.06587,1.19936,0.0596,7.0712e-08,5.01177e-08,0.194139,0.133802,False,False,EUR_300k.UKB_local.local,local,EUR_300k,UKB_local,local,blood_rbc_count,blood_rbc_count,0.24651,0.01912,NA,NA,0.2622647632223751,0.0716920894785404,2.5894099018239123,2.5894099018239123,row,1.1993599999999998,1.1370837695890192,False,False,False,UKB EUR
EUR_300k,blood_rbc_count,RBC,RBC,hematology,sumrhe,-1,31,Backgrd_Selection_Stat,Background selection,0.0704,0.00588,1.60703,0.12593,1.17633e-06,4.85203e-07,0.404411,0.156223,False,False,EUR_300k.UKB_local.local,local,EUR_300k,UKB_local,local,blood_rbc_count,blood_rbc_count,0.24651,0.01912,NA,NA,0.6843968614630634,0.1130523926119283,0.1777109273696745,0.1777109273696745,row,1.60703,1.3824071845620776,False,False,False,UKB EUR
EUR_300k,blood_rbc_count,RBC,RBC,hematology,sumrhe,-1,32,CpG_Content_50kb,CpG content (50 kb),0.00362,0.00025,1.38095,0.08106,3.76701e-05,2.05691e-05,0.40464,0.208633,False,False,EUR_300k.UKB_local.local,local,EUR_300k,UKB_local,local,blood_rbc_count,blood_rbc_count,0.24651,0.01912,NA,NA,0.4656610849414245,0.0846843549834964,0.0106339857611136,0.0106339857611136,row,1.380950000000004,1.2515373243002046,False,False,False,UKB EUR
EUR_300k,blood_rbc_count,RBC,RBC,hematology,sumrhe,-1,33,GTEx_eQTL_MaxCPP,GTEx eQTL MaxCPP,0.01324,0.00228,7.24544,1.40082,3.81256e-06,1.00698e-06,0.489181,0.127428,False,False,EUR_300k.UKB_local.local,local,EUR_300k,UKB_local,local,blood_rbc_count,blood_rbc_count,0.24651,0.01912,NA,NA,2.857073304211882,0.2789279970820374,0.0074129091745356,0.0074129091745356,row,7.245440000000063,3.0435964820048644,False,False,False,UKB EUR
EUR_300k,blood_rbc_count,RBC,RBC,hematology,sumrhe,-1,34,BLUEPRINT_H3K27acQTL_MaxCPP,BLUEPRINT H3K27ac QTL,0.01145,0.00173,2.6353,0.58982,1.6026e-07,4.94428e-07,0.0297198,0.0880423,False,False,EUR_300k.UKB_local.local,local,EUR_300k,UKB_local,local,blood_rbc_count,blood_rbc_count,0.24651,0.01912,NA,NA,1.3979672062177388,0.3228969715087953,0.0176254771534154,0.0176254771534154,row,2.6353000000000137,1.8620744262227844,False,False,False,UKB EUR
EUR_300k,blood_rbc_count,RBC,RBC,hematology,sumrhe,-1,35,BLUEPRINT_H3K4me1QTL_MaxCPP,BLUEPRINT H3K4me1 QTL,0.01128,0.00298,3.88434,1.16649,1.61184e-06,1.11869e-06,0.241618,0.164063,False,False,EUR_300k.UKB_local.local,local,EUR_300k,UKB_local,local,blood_rbc_count,blood_rbc_count,0.24651,0.01912,NA,NA,1.957669486762665,0.433249751115136,0.0117803263222953,0.0117803263222953,row,3.884340000000002,2.2881636301453474,False,False,False,UKB EUR
EUR_300k,blood_rbc_count,RBC,RBC,hematology,sumrhe,-1,36,BLUEPRINT_DNA_methylation_MaxCPP,BLUEPRINT methylation QTL,0.02004,0.00314,2.34802,0.3253,7.94062e-08,2.94134e-07,0.0207224,0.0740295,False,False,EUR_300k.UKB_local.local,local,EUR_300k,UKB_local,local,blood_rbc_count,blood_rbc_count,0.24651,0.01912,NA,NA,1.2314446971097757,0.199874233099028,0.0346227359543783,0.0346227359543783,row,2.3480200000000004,1.743308146112461,False,False,False,UKB EUR
EUR_300k,blood_rbc_count,RBC,RBC,hematology,sumrhe,-1,38,non_synonymous,Nonsynonymous,0.01306,0.00325,1.71201,0.44906,-4.25412e-07,3.50042e-07,-0.135733,0.105907,False,False,EUR_300k.UKB_local.local,local,EUR_300k,UKB_local,local,blood_rbc_count,blood_rbc_count,0.24651,0.01912,NA,NA,0.7756911286714632,0.3784187213051314,0.0309458444449914,0.0309458444449914,row,1.7120100000000038,1.439362498136431,False,False,False,UKB EUR
EUR_300k,blood_rbc_count,RBC,RBC,hematology,sumrhe,-1,45,Ancient_Sequence_Age_Human_Promoter_w_flanking,Ancient promoter age,0.01706,0.00296,4.50366,0.80993,1.0796e-06,6.44107e-07,0.24468,0.137157,False,False,EUR_300k.UKB_local.local,local,EUR_300k,UKB_local,local,blood_rbc_count,blood_rbc_count,0.24651,0.01912,NA,NA,2.171097916488082,0.2594516447660787,0.0153666390000329,0.0153666390000329,row,4.5036600000000195,2.460391347317465,False,False,False,UKB EUR
EUR_300k,bmi,BMI,BMI,anthro_physical,sumrhe,-1,1,Coding_UCSC_w_flanking,Coding,0.03101,0.00387,0.97186,0.0858,-5.9297e-07,1.12428e-07,-0.316404,0.05734,False,False,EUR_300k.UKB_local.local,local,EUR_300k,UKB_local,local,bmi,bmi,0.27333,0.00986,NA,NA,-0.0411795916044667,0.1273673517875754,0.1167375991197552,0.1167375991197552,row,0.9718600000000007,0.9795571255111376,False,False,False,UKB EUR
EUR_300k,bmi,BMI,BMI,anthro_physical,sumrhe,-1,2,Conserved_LindbladToh_w_flanking,Conserved (LindbladToh),0.15113,0.00824,1.23424,0.07658,-1.18926e-08,1.02061e-07,-0.00982756,0.0801614,False,False,EUR_300k.UKB_local.local,local,EUR_300k,UKB_local,local,bmi,bmi,0.27333,0.00986,NA,NA,0.30362295619195,0.0895138597284781,0.4479853003386411,0.4479853003386411,row,1.2342400000000002,1.159784167115942,False,False,False,UKB EUR
EUR_300k,bmi,BMI,BMI,anthro_physical,sumrhe,-1,6,DHS_Trynka_w_flanking,DHS + flank,0.18445,0.01025,1.11402,0.04625,1.14525e-07,7.71265e-08,0.093002,0.0575019,False,False,EUR_300k.UKB_local.local,local,EUR_300k,UKB_local,local,bmi,bmi,0.27333,0.00986,NA,NA,0.1557751336131415,0.0598953749852916,0.6057569009062624,0.6057569009062624,row,1.1140199999999998,1.0799890256157374,False,False,False,UKB EUR
EUR_300k,bmi,BMI,BMI,anthro_physical,sumrhe,-1,20,Promoter_UCSC_w_flanking,Promoter,0.01586,0.00488,0.75904,0.22994,-4.87685e-07,2.6368e-07,-0.215303,0.108902,False,False,EUR_300k.UKB_local.local,local,EUR_300k,UKB_local,local,bmi,bmi,0.27333,0.00986,NA,NA,-0.397752179890808,0.4370432358004957,0.0764453755626148,0.0764453755626148,row,0.7590400000000002,0.8147882896009498,False,False,False,UKB EUR
EUR_300k,bmi,BMI,BMI,anthro_physical,sumrhe,-1,29,GERP.NS,GERP.NS,0.84876,0.02558,1.19924,0.0421,1.33942e-07,2.36206e-08,0.331678,0.0633177,False,False,EUR_300k.UKB_local.local,local,EUR_300k,UKB_local,local,bmi,bmi,0.27333,0.00986,NA,NA,0.2621204095118348,0.0506466272150906,2.5893544087818743,2.5893544087818743,row,1.19924,1.137005052085746,False,False,False,UKB EUR
EUR_300k,bmi,BMI,BMI,anthro_physical,sumrhe,-1,31,Backgrd_Selection_Stat,Background selection,0.05832,0.00336,1.2006,0.06719,7.49066e-07,2.82632e-07,0.232287,0.0807579,False,False,EUR_300k.UKB_local.local,local,EUR_300k,UKB_local,local,bmi,bmi,0.27333,0.00986,NA,NA,0.2637555730774478,0.0807385305658249,0.1777181873337285,0.1777181873337285,row,1.2006000000000006,1.1378969323896195,False,False,False,UKB EUR
EUR_300k,bmi,BMI,BMI,anthro_physical,sumrhe,-1,32,CpG_Content_50kb,CpG content (50 kb),0.00311,0.00014,1.07071,0.03162,2.16936e-05,1.07776e-05,0.210188,0.0883468,False,False,EUR_300k.UKB_local.local,local,EUR_300k,UKB_local,local,bmi,bmi,0.27333,0.00986,NA,NA,0.098567781474057,0.0426053900616497,0.0106267687225041,0.0106267687225041,row,1.0707100000000056,1.0501255203100641,False,False,False,UKB EUR
EUR_300k,bmi,BMI,BMI,anthro_physical,sumrhe,-1,33,GTEx_eQTL_MaxCPP,GTEx eQTL MaxCPP,0.00516,0.00199,2.54293,0.93883,7.6403e-07,9.13894e-07,0.0884454,0.101135,False,False,EUR_300k.UKB_local.local,local,EUR_300k,UKB_local,local,bmi,bmi,0.27333,0.00986,NA,NA,1.3464917490737047,0.5326318008115778,0.0074238295994787,0.0074238295994787,row,2.5429300000000143,1.824942961462299,False,False,False,UKB EUR
EUR_300k,bmi,BMI,BMI,anthro_physical,sumrhe,-1,34,BLUEPRINT_H3K27acQTL_MaxCPP,BLUEPRINT H3K27ac QTL,0.0065,0.00136,1.34946,0.24233,-1.52696e-07,2.76819e-07,-0.0255444,0.0431432,False,False,EUR_300k.UKB_local.local,local,EUR_300k,UKB_local,local,bmi,bmi,0.27333,0.00986,NA,NA,0.4323822138133607,0.2590727322474341,0.0176224399495824,0.0176224399495824,row,1.349460000000007,1.232329205792714,False,False,False,UKB EUR
EUR_300k,bmi,BMI,BMI,anthro_physical,sumrhe,-1,35,BLUEPRINT_H3K4me1QTL_MaxCPP,BLUEPRINT H3K4me1 QTL,0.00455,0.00104,1.4117,0.32326,-1.63964e-07,3.63304e-07,-0.0221751,0.0465317,False,False,EUR_300k.UKB_local.local,local,EUR_300k,UKB_local,local,bmi,bmi,0.27333,0.00986,NA,NA,0.4974335344327323,0.3303574406161127,0.0117918427924165,0.0117918427924165,row,1.4117000000000117,1.2700504563961925,False,False,False,UKB EUR
EUR_300k,bmi,BMI,BMI,anthro_physical,sumrhe,-1,36,BLUEPRINT_DNA_methylation_MaxCPP,BLUEPRINT methylation QTL,0.0128,0.00179,1.35248,0.12024,-1.78314e-07,1.59615e-07,-0.0419738,0.0345427,False,False,EUR_300k.UKB_local.local,local,EUR_300k,UKB_local,local,bmi,bmi,0.27333,0.00986,NA,NA,0.435607260141438,0.1282604191681126,0.0346251622118517,0.0346251622118517,row,1.3524800000000012,1.2341824576941016,False,False,False,UKB EUR
EUR_300k,bmi,BMI,BMI,anthro_physical,sumrhe,-1,38,non_synonymous,Nonsynonymous,0.00775,0.00236,0.91577,0.26099,-4.03668e-07,2.02532e-07,-0.116163,0.0517331,False,False,EUR_300k.UKB_local.local,local,EUR_300k,UKB_local,local,bmi,bmi,0.27333,0.00986,NA,NA,-0.1269427908063942,0.4111610761671714,0.0309619274677329,0.0309619274677329,row,0.9157700000000017,0.9379243670359331,False,False,False,UKB EUR
EUR_300k,bmi,BMI,BMI,anthro_physical,sumrhe,-1,45,Ancient_Sequence_Age_Human_Promoter_w_flanking,Ancient promoter age,0.0082,0.00152,1.95134,0.31379,5.17785e-07,2.80758e-07,0.105849,0.0557821,False,False,EUR_300k.UKB_local.local,local,EUR_300k,UKB_local,local,bmi,bmi,0.27333,0.00986,NA,NA,0.9644651739376237,0.2319961036418809,0.0153742381430812,0.0153742381430812,row,1.95134000000001,1.561370131565794,False,False,False,UKB EUR
EUR_300k,cystatin_c,CysC,CysC,biochem_kidney,sumrhe,-1,1,Coding_UCSC_w_flanking,Coding,0.05205,0.00683,1.81214,0.30488,-1.14982e-07,3.50774e-07,-0.0681492,0.19546,False,False,EUR_300k.UKB_local.local,local,EUR_300k,UKB_local,local,cystatin_c,cystatin_c,0.24605,0.02019,NA,NA,0.8576944175825317,0.2427234452449739,0.1167362176416315,0.1167362176416315,row,1.8121400000000016,1.4916684195448753,False,False,False,UKB EUR
EUR_300k,cystatin_c,CysC,CysC,biochem_kidney,sumrhe,-1,2,Conserved_LindbladToh_w_flanking,Conserved (LindbladToh),0.13091,0.01065,1.18761,0.12585,-2.28648e-07,2.21195e-07,-0.209876,0.193604,False,False,EUR_300k.UKB_local.local,local,EUR_300k,UKB_local,local,cystatin_c,cystatin_c,0.24605,0.02019,NA,NA,0.2480611463739435,0.1528811401856468,0.447997517742636,0.447997517742636,row,1.1876100000000003,1.1293555620716178,False,False,False,UKB EUR
EUR_300k,cystatin_c,CysC,CysC,biochem_kidney,sumrhe,-1,6,DHS_Trynka_w_flanking,DHS + flank,0.17638,0.01537,1.18335,0.04718,-1.30159e-07,9.3425e-08,-0.117407,0.0854176,False,False,EUR_300k.UKB_local.local,local,EUR_300k,UKB_local,local,cystatin_c,cystatin_c,0.24605,0.02019,NA,NA,0.2428768434015318,0.0575200507281373,0.6057769632634035,0.6057769632634035,row,1.18335,1.1265434188261412,False,False,False,UKB EUR
EUR_300k,cystatin_c,CysC,CysC,biochem_kidney,sumrhe,-1,20,Promoter_UCSC_w_flanking,Promoter,0.02901,0.00622,1.54303,0.26746,-4.88717e-07,2.26671e-07,-0.239636,0.113262,False,False,EUR_300k.UKB_local.local,local,EUR_300k,UKB_local,local,cystatin_c,cystatin_c,0.24605,0.02019,NA,NA,0.6257661114423386,0.2500685117179589,0.0764099630410856,0.0764099630410856,row,1.5430300000000003,1.346548481530943,False,False,False,UKB EUR
EUR_300k,cystatin_c,CysC,CysC,biochem_kidney,sumrhe,-1,29,GERP.NS,GERP.NS,0.72753,0.04103,1.14185,0.05496,3.67643e-08,4.47087e-08,0.101123,0.119963,False,False,EUR_300k.UKB_local.local,local,EUR_300k,UKB_local,local,cystatin_c,cystatin_c,0.24605,0.02019,NA,NA,0.1913731424086661,0.0694403988678525,2.589515296272337,2.589515296272337,row,1.1418499999999998,1.0988574474860833,False,False,False,UKB EUR
EUR_300k,cystatin_c,CysC,CysC,biochem_kidney,sumrhe,-1,31,Backgrd_Selection_Stat,Background selection,0.06451,0.00462,1.47509,0.11597,1.10181e-06,3.39752e-07,0.379528,0.117846,False,False,EUR_300k.UKB_local.local,local,EUR_300k,UKB_local,local,cystatin_c,cystatin_c,0.24605,0.02019,NA,NA,0.5608029806389148,0.1134231429213763,0.1777399909396137,0.1777399909396137,row,1.47509,1.3074809858762728,False,False,False,UKB EUR
EUR_300k,cystatin_c,CysC,CysC,biochem_kidney,sumrhe,-1,32,CpG_Content_50kb,CpG content (50 kb),0.00313,0.00026,1.1989,0.05387,8.8317e-06,1.3129e-05,0.0950501,0.138117,False,False,EUR_300k.UKB_local.local,local,EUR_300k,UKB_local,local,cystatin_c,cystatin_c,0.24605,0.02019,NA,NA,0.2617113288766852,0.0648244072505534,0.0106105527303028,0.0106105527303028,row,1.1989000000000058,1.1367819958324794,False,False,False,UKB EUR
EUR_300k,cystatin_c,CysC,CysC,biochem_kidney,sumrhe,-1,33,GTEx_eQTL_MaxCPP,GTEx eQTL MaxCPP,0.00879,0.00092,4.81911,0.76083,2.01276e-06,4.86585e-07,0.258763,0.0613742,False,False,EUR_300k.UKB_local.local,local,EUR_300k,UKB_local,local,cystatin_c,cystatin_c,0.24605,0.02019,NA,NA,2.268766732109921,0.2277693740046502,0.0074130796455698,0.0074130796455698,row,4.8191100000000215,2.540798517949449,False,False,False,UKB EUR
EUR_300k,cystatin_c,CysC,CysC,biochem_kidney,sumrhe,-1,34,BLUEPRINT_H3K27acQTL_MaxCPP,BLUEPRINT H3K27ac QTL,0.01215,0.00213,2.80124,0.66783,6.97649e-07,4.03433e-07,0.129641,0.0731048,False,False,EUR_300k.UKB_local.local,local,EUR_300k,UKB_local,local,cystatin_c,cystatin_c,0.24605,0.02019,NA,NA,1.486065593543376,0.3439459057977455,0.0176279816348988,0.0176279816348988,row,2.801240000000011,1.9264701159336477,False,False,False,UKB EUR
EUR_300k,cystatin_c,CysC,CysC,biochem_kidney,sumrhe,-1,35,BLUEPRINT_H3K4me1QTL_MaxCPP,BLUEPRINT H3K4me1 QTL,0.0099,0.00328,3.41492,1.29471,1.28669e-06,1.13684e-06,0.193296,0.1637,False,False,EUR_300k.UKB_local.local,local,EUR_300k,UKB_local,local,cystatin_c,cystatin_c,0.24605,0.02019,NA,NA,1.771851781456754,0.5469737787091206,0.0117823329525291,0.0117823329525291,row,3.414920000000008,2.1423872959374015,False,False,False,UKB EUR
EUR_300k,cystatin_c,CysC,CysC,biochem_kidney,sumrhe,-1,36,BLUEPRINT_DNA_methylation_MaxCPP,BLUEPRINT methylation QTL,0.01542,0.0021,1.81033,0.24546,-1.83383e-07,2.60267e-07,-0.0479456,0.0642103,False,False,EUR_300k.UKB_local.local,local,EUR_300k,UKB_local,local,cystatin_c,cystatin_c,0.24605,0.02019,NA,NA,0.856252706130777,0.1956129129697928,0.034618102216711,0.034618102216711,row,1.8103300000000009,1.4907395473181793,False,False,False,UKB EUR
EUR_300k,cystatin_c,CysC,CysC,biochem_kidney,sumrhe,-1,38,non_synonymous,Nonsynonymous,0.01518,0.00403,1.99382,0.51634,4.56349e-08,4.06616e-07,0.0145876,0.124477,False,False,EUR_300k.UKB_local.local,local,EUR_300k,UKB_local,local,cystatin_c,cystatin_c,0.24605,0.02019,NA,NA,0.995535170604184,0.3736150492083575,0.030943002620222,0.030943002620222,row,1.9938200000000048,1.581987483616159,False,False,False,UKB EUR
EUR_300k,cystatin_c,CysC,CysC,biochem_kidney,sumrhe,-1,45,Ancient_Sequence_Age_Human_Promoter_w_flanking,Ancient promoter age,0.01844,0.00287,4.87853,0.78348,1.20955e-06,6.29969e-07,0.274586,0.135976,False,False,EUR_300k.UKB_local.local,local,EUR_300k,UKB_local,local,cystatin_c,cystatin_c,0.24605,0.02019,NA,NA,2.28644650000286,0.2316932991363556,0.0153620285310083,0.0153620285310083,row,4.878530000000019,2.555455436209687,False,False,False,UKB EUR
EUR_300k,ggt,GGT,GGT,biochem_liver,sumrhe,-1,1,Coding_UCSC_w_flanking,Coding,0.04876,0.00486,1.87741,0.21995,-2.73149e-07,1.32176e-07,-0.178948,0.0818933,False,False,EUR_300k.UKB_local.local,local,EUR_300k,UKB_local,local,ggt,ggt,0.22256,0.01679,NA,NA,0.9087437489295064,0.1690204985823701,0.1166963997094809,0.1166963997094809,row,1.8774100000000002,1.5247708042621888,False,False,False,UKB EUR
EUR_300k,ggt,GGT,GGT,biochem_liver,sumrhe,-1,2,Conserved_LindbladToh_w_flanking,Conserved (LindbladToh),0.1263,0.01131,1.26678,0.0965,-1.07094e-07,1.9651e-07,-0.108671,0.19202,False,False,EUR_300k.UKB_local.local,local,EUR_300k,UKB_local,local,ggt,ggt,0.22256,0.01679,NA,NA,0.3411659953011354,0.1099007494954017,0.4479763014279773,0.4479763014279773,row,1.26678,1.1806443785905565,False,False,False,UKB EUR
EUR_300k,ggt,GGT,GGT,biochem_liver,sumrhe,-1,6,DHS_Trynka_w_flanking,DHS + flank,0.15949,0.01331,1.18302,0.05583,-1.42816e-07,9.73694e-08,-0.142414,0.0983327,False,False,EUR_300k.UKB_local.local,local,EUR_300k,UKB_local,local,ggt,ggt,0.22256,0.01679,NA,NA,0.2424744639202339,0.0680847865064249,0.6057511657191045,0.6057511657191045,row,1.1830200000000002,1.1263253478131947,False,False,False,UKB EUR
EUR_300k,ggt,GGT,GGT,biochem_liver,sumrhe,-1,20,Promoter_UCSC_w_flanking,Promoter,0.03373,0.00714,1.98378,0.36373,-1.79904e-07,2.32348e-07,-0.0975091,0.122698,False,False,EUR_300k.UKB_local.local,local,EUR_300k,UKB_local,local,ggt,ggt,0.22256,0.01679,NA,NA,0.988252040589866,0.2645209989124513,0.076396897313126,0.076396897313126,row,1.9837800000000017,1.5771411667561168,False,False,False,UKB EUR
EUR_300k,ggt,GGT,GGT,biochem_liver,sumrhe,-1,29,GERP.NS,GERP.NS,0.65609,0.04057,1.13846,0.05831,6.2487e-09,4.81622e-08,0.0190008,0.145644,False,False,EUR_300k.UKB_local.local,local,EUR_300k,UKB_local,local,ggt,ggt,0.22256,0.01679,NA,NA,0.1870836030112849,0.0738924053846735,2.589396338285024,2.589396338285024,row,1.13846,1.0965722217845784,False,False,False,UKB EUR
EUR_300k,ggt,GGT,GGT,biochem_liver,sumrhe,-1,31,Backgrd_Selection_Stat,Background selection,0.05732,0.00584,1.44933,0.09905,6.85671e-07,3.56876e-07,0.26108,0.129697,False,False,EUR_300k.UKB_local.local,local,EUR_300k,UKB_local,local,ggt,ggt,0.22256,0.01679,NA,NA,0.5353861215743789,0.0985965541319449,0.177701783748432,0.177701783748432,row,1.4493300000000002,1.2923871623421204,False,False,False,UKB EUR
EUR_300k,ggt,GGT,GGT,biochem_liver,sumrhe,-1,32,CpG_Content_50kb,CpG content (50 kb),0.00307,0.00026,1.29931,0.06069,1.57064e-05,1.5303e-05,0.186851,0.171165,False,False,EUR_300k.UKB_local.local,local,EUR_300k,UKB_local,local,ggt,ggt,0.22256,0.01679,NA,NA,0.377745681829586,0.0673874302757241,0.0106164295431683,0.0106164295431683,row,1.2993099999999997,1.2012009877231196,False,False,False,UKB EUR
EUR_300k,ggt,GGT,GGT,biochem_liver,sumrhe,-1,33,GTEx_eQTL_MaxCPP,GTEx eQTL MaxCPP,0.007,0.00164,4.24343,0.86868,1.36838e-06,6.53568e-07,0.194409,0.0842372,False,False,EUR_300k.UKB_local.local,local,EUR_300k,UKB_local,local,ggt,ggt,0.22256,0.01679,NA,NA,2.0852308788254605,0.2953366328935377,0.0074119739614288,0.0074119739614288,row,4.243430000000017,2.3905108623581603,False,False,False,UKB EUR
EUR_300k,ggt,GGT,GGT,biochem_liver,sumrhe,-1,34,BLUEPRINT_H3K27acQTL_MaxCPP,BLUEPRINT H3K27ac QTL,0.00838,0.00155,2.13625,0.38161,6.54977e-08,3.15603e-07,0.0134525,0.0615065,False,False,EUR_300k.UKB_local.local,local,EUR_300k,UKB_local,local,ggt,ggt,0.22256,0.01679,NA,NA,1.0950804919014143,0.2577164913065593,0.0176256373518804,0.0176256373518804,row,2.1362500000000115,1.6490405656344531,False,False,False,UKB EUR
EUR_300k,ggt,GGT,GGT,biochem_liver,sumrhe,-1,35,BLUEPRINT_H3K4me1QTL_MaxCPP,BLUEPRINT H3K4me1 QTL,0.00639,0.00131,2.43768,0.5822,3.85659e-07,4.90215e-07,0.0640401,0.0795508,False,False,EUR_300k.UKB_local.local,local,EUR_300k,UKB_local,local,ggt,ggt,0.22256,0.01679,NA,NA,1.285508752408693,0.3445641153906807,0.0117781491970739,0.0117781491970739,row,2.4376800000000096,1.7814352563053384,False,False,False,UKB EUR
EUR_300k,ggt,GGT,GGT,biochem_liver,sumrhe,-1,36,BLUEPRINT_DNA_methylation_MaxCPP,BLUEPRINT methylation QTL,0.01593,0.00306,2.06759,0.26537,1.07443e-07,2.85249e-07,0.0310551,0.0781184,False,False,EUR_300k.UKB_local.local,local,EUR_300k,UKB_local,local,ggt,ggt,0.22256,0.01679,NA,NA,1.0479501297485136,0.1851662965098033,0.0346181806691182,0.0346181806691182,row,2.0675900000000005,1.6171056717280947,False,False,False,UKB EUR
EUR_300k,ggt,GGT,GGT,biochem_liver,sumrhe,-1,38,non_synonymous,Nonsynonymous,0.01424,0.00275,2.06802,0.47928,1.18623e-07,1.90631e-07,0.0419095,0.0630114,False,False,EUR_300k.UKB_local.local,local,EUR_300k,UKB_local,local,ggt,ggt,0.22256,0.01679,NA,NA,1.048250138148637,0.3343559923004914,0.0309391331929753,0.0309391331929753,row,2.068020000000003,1.617307887601855,False,False,False,UKB EUR
EUR_300k,ggt,GGT,GGT,biochem_liver,sumrhe,-1,45,Ancient_Sequence_Age_Human_Promoter_w_flanking,Ancient promoter age,0.01672,0.00329,4.89602,0.72927,1.01263e-06,5.23545e-07,0.253976,0.121405,False,False,EUR_300k.UKB_local.local,local,EUR_300k,UKB_local,local,ggt,ggt,0.22256,0.01679,NA,NA,2.291609451380623,0.2148917309302442,0.0153442610060148,0.0153442610060148,row,4.89602,2.5597414182341836,False,False,False,UKB EUR
EUR_300k,glucose,GLU,GLU,biochem_glycemic,sumrhe,-1,1,Coding_UCSC_w_flanking,Coding,0.01765,0.00355,1.68924,0.30593,-2.11718e-07,8.31918e-08,-0.344987,0.137257,False,False,EUR_300k.UKB_local.local,local,EUR_300k,UKB_local,local,glucose,glucose,0.0895,0.00733,NA,NA,0.7563743146473005,0.2612794474788428,0.1167428570899425,0.1167428570899425,row,1.6892400000000005,1.4271985136187575,False,False,False,UKB EUR
EUR_300k,glucose,GLU,GLU,biochem_glycemic,sumrhe,-1,2,Conserved_LindbladToh_w_flanking,Conserved (LindbladToh),0.05606,0.00693,1.3981,0.11736,-1.63314e-08,6.90354e-08,-0.0412133,0.163855,False,False,EUR_300k.UKB_local.local,local,EUR_300k,UKB_local,local,glucose,glucose,0.0895,0.00733,NA,NA,0.4834675540928067,0.1211034189247756,0.4480142443915306,0.4480142443915306,row,1.3981,1.2618918199264697,False,False,False,UKB EUR
EUR_300k,glucose,GLU,GLU,biochem_glycemic,sumrhe,-1,6,DHS_Trynka_w_flanking,DHS + flank,0.06206,0.00542,1.14473,0.05621,-6.04644e-08,5.09437e-08,-0.149947,0.115005,False,False,EUR_300k.UKB_local.local,local,EUR_300k,UKB_local,local,glucose,glucose,0.0895,0.00733,NA,NA,0.1950073593745307,0.0708410614279075,0.605739188480297,0.605739188480297,row,1.1447299999999998,1.1007960383174435,False,False,False,UKB EUR
EUR_300k,glucose,GLU,GLU,biochem_glycemic,sumrhe,-1,20,Promoter_UCSC_w_flanking,Promoter,0.00953,0.00257,1.39319,0.32026,-1.14051e-07,8.47935e-08,-0.153758,0.108557,False,False,EUR_300k.UKB_local.local,local,EUR_300k,UKB_local,local,glucose,glucose,0.0895,0.00733,NA,NA,0.4783920227385469,0.3316399872200485,0.0764292357304993,0.0764292357304993,row,1.39319,1.258934939783364,False,False,False,UKB EUR
EUR_300k,glucose,GLU,GLU,biochem_glycemic,sumrhe,-1,29,GERP.NS,GERP.NS,0.28783,0.02767,1.24194,0.06061,2.6007e-08,1.5197e-08,0.19667,0.111633,False,False,EUR_300k.UKB_local.local,local,EUR_300k,UKB_local,local,glucose,glucose,0.0895,0.00733,NA,NA,0.3125954764622728,0.0704073839543617,2.5894790840389104,2.5894790840389104,row,1.2419400000000003,1.1647476684819893,False,False,False,UKB EUR
EUR_300k,glucose,GLU,GLU,biochem_glycemic,sumrhe,-1,31,Backgrd_Selection_Stat,Background selection,0.0216,0.00255,1.35773,0.08104,2.42264e-07,6.51767e-08,0.229425,0.0592501,False,False,EUR_300k.UKB_local.local,local,EUR_300k,UKB_local,local,glucose,glucose,0.0895,0.00733,NA,NA,0.4411966118437139,0.0861113815807572,0.1777531483600605,0.1777531483600605,row,1.3577300000000005,1.2373985147706257,False,False,False,UKB EUR
EUR_300k,glucose,GLU,GLU,biochem_glycemic,sumrhe,-1,32,CpG_Content_50kb,CpG content (50 kb),0.00114,9e-05,1.19534,0.05125,5.34678e-06,4.00705e-06,0.158202,0.11397,False,False,EUR_300k.UKB_local.local,local,EUR_300k,UKB_local,local,glucose,glucose,0.0895,0.00733,NA,NA,0.2574210337261677,0.0618553054742243,0.0106559055729731,0.0106559055729731,row,1.1953400000000094,1.1344443923018475,False,False,False,UKB EUR
EUR_300k,glucose,GLU,GLU,biochem_glycemic,sumrhe,-1,33,GTEx_eQTL_MaxCPP,GTEx eQTL MaxCPP,0.00195,0.00058,2.94193,0.8991,2.51553e-07,2.85095e-07,0.0889282,0.095201,False,False,EUR_300k.UKB_local.local,local,EUR_300k,UKB_local,local,glucose,glucose,0.0895,0.00733,NA,NA,1.5567629196538206,0.4409102566217642,0.0074059238313646,0.0074059238313646,row,2.9419300000000335,1.9789021575205472,False,False,False,UKB EUR
EUR_300k,glucose,GLU,GLU,biochem_glycemic,sumrhe,-1,34,BLUEPRINT_H3K27acQTL_MaxCPP,BLUEPRINT H3K27ac QTL,0.00349,0.00083,2.21135,0.49323,1.74278e-07,1.56254e-07,0.089034,0.0779561,False,False,EUR_300k.UKB_local.local,local,EUR_300k,UKB_local,local,glucose,glucose,0.0895,0.00733,NA,NA,1.1449273848567247,0.3217855495591668,0.0176337592004075,0.0176337592004075,row,2.211350000000006,1.6831799107026841,False,False,False,UKB EUR
EUR_300k,glucose,GLU,GLU,biochem_glycemic,sumrhe,-1,35,BLUEPRINT_H3K4me1QTL_MaxCPP,BLUEPRINT H3K4me1 QTL,0.00214,0.00063,2.03127,0.62481,7.84912e-08,2.0263e-07,0.0324181,0.0789961,False,False,EUR_300k.UKB_local.local,local,EUR_300k,UKB_local,local,glucose,glucose,0.0895,0.00733,NA,NA,1.0223820179558485,0.4437668495561068,0.0117712635568583,0.0117712635568583,row,2.031270000000009,1.5999223609683708,False,False,False,UKB EUR
EUR_300k,glucose,GLU,GLU,biochem_glycemic,sumrhe,-1,36,BLUEPRINT_DNA_methylation_MaxCPP,BLUEPRINT methylation QTL,0.00381,0.00111,1.23071,0.34069,-2.07458e-07,1.2413e-07,-0.149124,0.079252,False,False,EUR_300k.UKB_local.local,local,EUR_300k,UKB_local,local,glucose,glucose,0.0895,0.00733,NA,NA,0.2994908504893593,0.3993725357561578,0.0345896534538881,0.0345896534538881,row,1.2307100000000006,1.1575029704371849,False,False,False,UKB EUR
EUR_300k,glucose,GLU,GLU,biochem_glycemic,sumrhe,-1,38,non_synonymous,Nonsynonymous,0.00537,0.00189,1.93997,0.73717,2.9016e-08,1.70983e-07,0.0254993,0.141356,False,False,EUR_300k.UKB_local.local,local,EUR_300k,UKB_local,local,glucose,glucose,0.0895,0.00733,NA,NA,0.9560343425227762,0.5482102832992867,0.0309283133244328,0.0309283133244328,row,1.9399700000000033,1.5558014336085635,False,False,False,UKB EUR
EUR_300k,glucose,GLU,GLU,biochem_glycemic,sumrhe,-1,45,Ancient_Sequence_Age_Human_Promoter_w_flanking,Ancient promoter age,0.00396,0.00111,2.88129,0.69901,2.05766e-07,2.08964e-07,0.128457,0.122007,False,False,EUR_300k.UKB_local.local,local,EUR_300k,UKB_local,local,glucose,glucose,0.0895,0.00733,NA,NA,1.5267148741410437,0.3500023463559011,0.0153562501712309,0.0153562501712309,row,2.881290000000003,1.9565362316111932,False,False,False,UKB EUR
EUR_300k,hba1c,HbA1c,HbA1c,biochem_glycemic,sumrhe,-1,1,Coding_UCSC_w_flanking,Coding,0.06163,0.00707,2.18245,0.29674,-3.83798e-08,2.02863e-07,-0.0231255,0.117018,False,False,EUR_300k.UKB_local.local,local,EUR_300k,UKB_local,local,hba1c,hba1c,0.24199,0.01699,NA,NA,1.1259486020433325,0.1961581371547532,0.1166945155455068,0.1166945155455068,row,2.1824500000000007,1.670137847883522,False,False,False,UKB EUR
EUR_300k,hba1c,HbA1c,HbA1c,biochem_glycemic,sumrhe,-1,2,Conserved_LindbladToh_w_flanking,Conserved (LindbladToh),0.14424,0.01298,1.33058,0.12051,7.66492e-08,1.71269e-07,0.0715335,0.150573,False,False,EUR_300k.UKB_local.local,local,EUR_300k,UKB_local,local,hba1c,hba1c,0.24199,0.01699,NA,NA,0.4120552537900983,0.130664206118782,0.447968320833192,0.447968320833192,row,1.33058,1.2206890359930804,False,False,False,UKB EUR
EUR_300k,hba1c,HbA1c,HbA1c,biochem_glycemic,sumrhe,-1,6,DHS_Trynka_w_flanking,DHS + flank,0.17665,0.01627,1.20507,0.06411,-8.80484e-08,1.19965e-07,-0.0807509,0.106282,False,False,EUR_300k.UKB_local.local,local,EUR_300k,UKB_local,local,hba1c,hba1c,0.24199,0.01699,NA,NA,0.2691169520317478,0.0767517065991116,0.6057646796569107,0.6057646796569107,row,1.2050699999999999,1.1408244548983977,False,False,False,UKB EUR
EUR_300k,hba1c,HbA1c,HbA1c,biochem_glycemic,sumrhe,-1,20,Promoter_UCSC_w_flanking,Promoter,0.03864,0.00717,2.09002,0.35178,-5.36468e-08,2.92975e-07,-0.0267451,0.138996,False,False,EUR_300k.UKB_local.local,local,EUR_300k,UKB_local,local,hba1c,hba1c,0.24199,0.01699,NA,NA,1.0635167479342738,0.2428260310829176,0.0763992783180229,0.0763992783180229,row,2.090020000000001,1.6276161759314107,False,False,False,UKB EUR
EUR_300k,hba1c,HbA1c,HbA1c,biochem_glycemic,sumrhe,-1,29,GERP.NS,GERP.NS,0.70805,0.04567,1.12996,0.06419,-1.08117e-08,3.97692e-08,-0.0302357,0.107204,False,False,EUR_300k.UKB_local.local,local,EUR_300k,UKB_local,local,hba1c,hba1c,0.24199,0.01699,NA,NA,0.1762717028855634,0.0819556397347362,2.589425601965037,2.589425601965037,row,1.1299599999999999,1.0908263373320994,False,False,False,UKB EUR
EUR_300k,hba1c,HbA1c,HbA1c,biochem_glycemic,sumrhe,-1,31,Backgrd_Selection_Stat,Background selection,0.06693,0.00549,1.55633,0.11519,1.02941e-06,3.91202e-07,0.360521,0.13256,False,False,EUR_300k.UKB_local.local,local,EUR_300k,UKB_local,local,hba1c,hba1c,0.24199,0.01699,NA,NA,0.6381479979112358,0.1067794373686812,0.1777140303976654,0.1777140303976654,row,1.5563300000000007,1.3540740877061404,False,False,False,UKB EUR
EUR_300k,hba1c,HbA1c,HbA1c,biochem_glycemic,sumrhe,-1,32,CpG_Content_50kb,CpG content (50 kb),0.00355,0.00034,1.38099,0.07369,3.25391e-05,1.9083e-05,0.356017,0.184085,False,False,EUR_300k.UKB_local.local,local,EUR_300k,UKB_local,local,hba1c,hba1c,0.24199,0.01699,NA,NA,0.4657028728163527,0.0769825976749344,0.0106228341168976,0.0106228341168976,row,1.3809900000000086,1.2515615613975404,False,False,False,UKB EUR
EUR_300k,hba1c,HbA1c,HbA1c,biochem_glycemic,sumrhe,-1,33,GTEx_eQTL_MaxCPP,GTEx eQTL MaxCPP,0.00794,0.0013,4.42493,0.8527,1.49638e-06,6.47095e-07,0.195558,0.0777095,False,False,EUR_300k.UKB_local.local,local,EUR_300k,UKB_local,local,hba1c,hba1c,0.24199,0.01699,NA,NA,2.1456546327206856,0.2780125473998502,0.0074150942937192,0.0074150942937192,row,4.424930000000034,2.439604522017143,False,False,False,UKB EUR
EUR_300k,hba1c,HbA1c,HbA1c,biochem_glycemic,sumrhe,-1,34,BLUEPRINT_H3K27acQTL_MaxCPP,BLUEPRINT H3K27ac QTL,0.01384,0.00348,3.24397,0.65637,1.0453e-06,6.42544e-07,0.197492,0.113576,False,False,EUR_300k.UKB_local.local,local,EUR_300k,UKB_local,local,hba1c,hba1c,0.24199,0.01699,NA,NA,1.6977604776774562,0.2919082926131527,0.0176303868312104,0.0176303868312104,row,3.243970000000005,2.0854144580895784,False,False,False,UKB EUR
EUR_300k,hba1c,HbA1c,HbA1c,biochem_glycemic,sumrhe,-1,35,BLUEPRINT_H3K4me1QTL_MaxCPP,BLUEPRINT H3K4me1 QTL,0.0078,0.00131,2.73598,0.44592,3.84526e-07,5.19838e-07,0.0587358,0.0782788,False,False,EUR_300k.UKB_local.local,local,EUR_300k,UKB_local,local,hba1c,hba1c,0.24199,0.01699,NA,NA,1.4520576841688846,0.2351357000538039,0.0117810572043487,0.0117810572043487,row,2.7359800000000143,1.901486731820051,False,False,False,UKB EUR
EUR_300k,hba1c,HbA1c,HbA1c,biochem_glycemic,sumrhe,-1,36,BLUEPRINT_DNA_methylation_MaxCPP,BLUEPRINT methylation QTL,0.0195,0.00519,2.32763,0.44915,1.41247e-07,4.27129e-07,0.0375444,0.110791,False,False,EUR_300k.UKB_local.local,local,EUR_300k,UKB_local,local,hba1c,hba1c,0.24199,0.01699,NA,NA,1.2188617457079356,0.2783889525462715,0.0346196956667878,0.0346196956667878,row,2.327630000000001,1.7344950287793215,False,False,False,UKB EUR
EUR_300k,hba1c,HbA1c,HbA1c,biochem_glycemic,sumrhe,-1,38,non_synonymous,Nonsynonymous,0.01542,0.00314,2.05995,0.479,-2.44356e-07,2.8272e-07,-0.0793951,0.0846915,False,False,EUR_300k.UKB_local.local,local,EUR_300k,UKB_local,local,hba1c,hba1c,0.24199,0.01699,NA,NA,1.0426093201136004,0.3354697563464227,0.0309335864414864,0.0309335864414864,row,2.0599500000000055,1.6135080792769534,False,False,False,UKB EUR
EUR_300k,hba1c,HbA1c,HbA1c,biochem_glycemic,sumrhe,-1,45,Ancient_Sequence_Age_Human_Promoter_w_flanking,Ancient promoter age,0.01173,0.00215,3.15304,0.48446,1.16983e-07,7.39093e-07,0.0270077,0.162232,False,False,EUR_300k.UKB_local.local,local,EUR_300k,UKB_local,local,hba1c,hba1c,0.24199,0.01699,NA,NA,1.6567434724112216,0.2216679901013203,0.0153734419480541,0.0153734419480541,row,3.153040000000004,2.054167767145259,False,False,False,UKB EUR
EUR_300k,hdl,HDL,HDL,biochem_lipids,sumrhe,-1,1,Coding_UCSC_w_flanking,Coding,0.05645,0.00824,1.89544,0.30005,4.20708e-08,2.0791e-07,0.0240202,0.11338,False,False,EUR_300k.UKB_local.local,local,EUR_300k,UKB_local,local,hdl,hdl,0.2553,0.02101,NA,NA,0.922532788836444,0.2283800315592862,0.1166549280191357,0.1166549280191357,row,1.8954400000000007,1.533782601265822,False,False,False,UKB EUR
EUR_300k,hdl,HDL,HDL,biochem_lipids,sumrhe,-1,2,Conserved_LindbladToh_w_flanking,Conserved (LindbladToh),0.13255,0.01169,1.15902,0.12819,-3.93706e-07,4.64192e-07,-0.348224,0.399178,False,False,EUR_300k.UKB_local.local,local,EUR_300k,UKB_local,local,hdl,hdl,0.2553,0.02101,NA,NA,0.2129054616436646,0.1595650439954066,0.4479587117993027,0.4479587117993027,row,1.15902,1.1103766077731898,False,False,False,UKB EUR
EUR_300k,hdl,HDL,HDL,biochem_lipids,sumrhe,-1,6,DHS_Trynka_w_flanking,DHS + flank,0.18369,0.01957,1.18782,0.05814,-5.51946e-08,1.03605e-07,-0.0479746,0.0893502,False,False,EUR_300k.UKB_local.local,local,EUR_300k,UKB_local,local,hdl,hdl,0.2553,0.02101,NA,NA,0.2483162294194351,0.0706153202314191,0.6057369491881965,0.6057369491881965,row,1.1878200000000003,1.1294940471845412,False,False,False,UKB EUR
EUR_300k,hdl,HDL,HDL,biochem_lipids,sumrhe,-1,20,Promoter_UCSC_w_flanking,Promoter,0.04018,0.0093,2.06043,0.4067,-3.61174e-08,2.41599e-07,-0.0170634,0.111716,False,False,EUR_300k.UKB_local.local,local,EUR_300k,UKB_local,local,hdl,hdl,0.2553,0.02101,NA,NA,1.042945451064027,0.284767778148028,0.0763837987347052,0.0763837987347052,row,2.0604300000000006,1.6137343703311167,False,False,False,UKB EUR
EUR_300k,hdl,HDL,HDL,biochem_lipids,sumrhe,-1,29,GERP.NS,GERP.NS,0.75287,0.05534,1.13887,0.0506,4.99531e-08,3.67191e-08,0.132392,0.0930065,False,False,EUR_300k.UKB_local.local,local,EUR_300k,UKB_local,local,hdl,hdl,0.2553,0.02101,NA,NA,0.1876030753522765,0.0640989481406846,2.589375438358851,2.589375438358851,row,1.13887,1.096848798512853,False,False,False,UKB EUR
EUR_300k,hdl,HDL,HDL,biochem_lipids,sumrhe,-1,31,Backgrd_Selection_Stat,Background selection,0.06963,0.00837,1.53467,0.12637,1.1844e-06,4.75101e-07,0.393135,0.148234,False,False,EUR_300k.UKB_local.local,local,EUR_300k,UKB_local,local,hdl,hdl,0.2553,0.02101,NA,NA,0.6179284663143089,0.1187964658963414,0.1777176561388774,0.1777176561388774,row,1.5346699999999998,1.341797928548439,False,False,False,UKB EUR
EUR_300k,hdl,HDL,HDL,biochem_lipids,sumrhe,-1,32,CpG_Content_50kb,CpG content (50 kb),0.00346,0.00033,1.27722,0.06605,2.2496e-05,2.21824e-05,0.233286,0.218902,False,False,EUR_300k.UKB_local.local,local,EUR_300k,UKB_local,local,hdl,hdl,0.2553,0.02101,NA,NA,0.3530070493727463,0.0746073561725591,0.010611079624419,0.010611079624419,row,1.2772200000000067,1.187273675566324,False,False,False,UKB EUR
EUR_300k,hdl,HDL,HDL,biochem_lipids,sumrhe,-1,33,GTEx_eQTL_MaxCPP,GTEx eQTL MaxCPP,0.00678,0.00196,3.58132,1.17459,1.04351e-06,1.02901e-06,0.129247,0.125683,False,False,EUR_300k.UKB_local.local,local,EUR_300k,UKB_local,local,hdl,hdl,0.2553,0.02101,NA,NA,1.8404914328687467,0.4731705538957054,0.0074154199497344,0.0074154199497344,row,3.581320000000037,2.195763336985906,False,False,False,UKB EUR
EUR_300k,hdl,HDL,HDL,biochem_lipids,sumrhe,-1,34,BLUEPRINT_H3K27acQTL_MaxCPP,BLUEPRINT H3K27ac QTL,0.01205,0.00187,2.67843,0.39661,6.73428e-07,3.78444e-07,0.120574,0.0620634,False,False,EUR_300k.UKB_local.local,local,EUR_300k,UKB_local,local,hdl,hdl,0.2553,0.02101,NA,NA,1.4213875921290455,0.2136278641468964,0.0176220298034034,0.0176220298034034,row,2.678430000000002,1.8790901373373738,False,False,False,UKB EUR
EUR_300k,hdl,HDL,HDL,biochem_lipids,sumrhe,-1,35,BLUEPRINT_H3K4me1QTL_MaxCPP,BLUEPRINT H3K4me1 QTL,0.00847,0.00132,2.81578,0.51133,8.21946e-07,4.46312e-07,0.118977,0.0651801,False,False,EUR_300k.UKB_local.local,local,EUR_300k,UKB_local,local,hdl,hdl,0.2553,0.02101,NA,NA,1.4935346190221557,0.2619854020050407,0.0117824030697658,0.0117824030697658,row,2.8157800000000175,1.9319779947033593,False,False,False,UKB EUR
EUR_300k,hdl,HDL,HDL,biochem_lipids,sumrhe,-1,36,BLUEPRINT_DNA_methylation_MaxCPP,BLUEPRINT methylation QTL,0.0161,0.00247,1.82184,0.24579,-1.40877e-07,2.98742e-07,-0.0354924,0.0724743,False,False,EUR_300k.UKB_local.local,local,EUR_300k,UKB_local,local,hdl,hdl,0.2553,0.02101,NA,NA,0.8653962624646483,0.194638395303703,0.0346150392257624,0.0346150392257624,row,1.8218400000000023,1.4966361885905464,False,False,False,UKB EUR
EUR_300k,hdl,HDL,HDL,biochem_lipids,sumrhe,-1,38,non_synonymous,Nonsynonymous,0.01366,0.0024,1.73035,0.33327,-3.40538e-07,2.63513e-07,-0.104841,0.0755407,False,False,EUR_300k.UKB_local.local,local,EUR_300k,UKB_local,local,hdl,hdl,0.2553,0.02101,NA,NA,0.7910638830603371,0.2778668918294361,0.0309218826206467,0.0309218826206467,row,1.7303500000000032,1.4490859001923526,False,False,False,UKB EUR
EUR_300k,hdl,HDL,HDL,biochem_lipids,sumrhe,-1,45,Ancient_Sequence_Age_Human_Promoter_w_flanking,Ancient promoter age,0.01854,0.00613,4.73268,1.30339,1.30856e-06,8.45752e-07,0.286112,0.180238,False,False,EUR_300k.UKB_local.local,local,EUR_300k,UKB_local,local,hdl,hdl,0.2553,0.02101,NA,NA,2.242657377597008,0.3973212406806009,0.0153444658277107,0.0153444658277107,row,4.732680000000008,2.519209749593319,False,False,False,UKB EUR
EUR_300k,height,HT,HT,anthro_physical,sumrhe,-1,1,Coding_UCSC_w_flanking,Coding,0.10824,0.00984,1.69704,0.17171,-5.47507e-07,2.61706e-07,-0.14608,0.0691207,False,False,EUR_300k.UKB_local.local,local,EUR_300k,UKB_local,local,height,height,0.5465,0.0256,NA,NA,0.7630205702556682,0.1459748535515037,0.1167093199120203,0.1167093199120203,row,1.6970400000000005,1.431376918449193,False,False,False,UKB EUR
EUR_300k,height,HT,HT,anthro_physical,sumrhe,-1,2,Conserved_LindbladToh_w_flanking,Conserved (LindbladToh),0.32759,0.0183,1.33816,0.07105,-9.06231e-08,3.47857e-07,-0.0374487,0.137196,False,False,EUR_300k.UKB_local.local,local,EUR_300k,UKB_local,local,height,height,0.5465,0.0256,NA,NA,0.4202506252514781,0.07660031883718,0.4479529756444526,0.4479529756444526,row,1.33816,1.2253736566909923,False,False,False,UKB EUR
EUR_300k,height,HT,HT,anthro_physical,sumrhe,-1,6,DHS_Trynka_w_flanking,DHS + flank,0.405,0.01711,1.22345,0.0481,-4.70997e-08,1.28054e-07,-0.019127,0.0507207,False,False,EUR_300k.UKB_local.local,local,EUR_300k,UKB_local,local,height,height,0.5465,0.0256,NA,NA,0.2909551425075949,0.0567196301170944,0.6057293697643904,0.6057293697643904,row,1.22345,1.1527999623403737,False,False,False,UKB EUR
EUR_300k,height,HT,HT,anthro_physical,sumrhe,-1,20,Promoter_UCSC_w_flanking,Promoter,0.06043,0.01025,1.44735,0.24545,-7.61432e-07,4.61464e-07,-0.168084,0.0988456,False,False,EUR_300k.UKB_local.local,local,EUR_300k,UKB_local,local,height,height,0.5465,0.0256,NA,NA,0.533413838390979,0.2446605850597271,0.0763992090665367,0.0763992090665367,row,1.447350000000001,1.2912204386286477,False,False,False,UKB EUR
EUR_300k,height,HT,HT,anthro_physical,sumrhe,-1,29,GERP.NS,GERP.NS,1.65267,0.07216,1.1679,0.04542,6.25114e-08,9.03841e-08,0.0774083,0.107843,False,False,EUR_300k.UKB_local.local,local,EUR_300k,UKB_local,local,height,height,0.5465,0.0256,NA,NA,0.22391675051899,0.0561068659621343,2.589347384718719,2.589347384718719,row,1.1679,1.1162982101828178,False,False,False,UKB EUR
EUR_300k,height,HT,HT,anthro_physical,sumrhe,-1,31,Backgrd_Selection_Stat,Background selection,0.14935,0.01102,1.53801,0.11645,2.691e-06,8.95715e-07,0.417216,0.124122,False,False,EUR_300k.UKB_local.local,local,EUR_300k,UKB_local,local,height,height,0.5465,0.0256,NA,NA,0.6210648836011098,0.1092332543426374,0.1776871008438781,0.1776871008438781,row,1.5380100000000003,1.3436977535454442,False,False,False,UKB EUR
EUR_300k,height,HT,HT,anthro_physical,sumrhe,-1,32,CpG_Content_50kb,CpG content (50 kb),0.00717,0.00035,1.23454,0.04736,3.37562e-05,2.37809e-05,0.163549,0.107298,False,False,EUR_300k.UKB_local.local,local,EUR_300k,UKB_local,local,height,height,0.5465,0.0256,NA,NA,0.3039735816137348,0.05534534088527,0.0106273216047326,0.0106273216047326,row,1.234540000000009,1.1599778703248398,False,False,False,UKB EUR
EUR_300k,height,HT,HT,anthro_physical,sumrhe,-1,33,GTEx_eQTL_MaxCPP,GTEx eQTL MaxCPP,0.01248,0.00283,3.07982,0.65446,1.55587e-06,1.3094e-06,0.0900522,0.0731872,False,False,EUR_300k.UKB_local.local,local,EUR_300k,UKB_local,local,height,height,0.5465,0.0256,NA,NA,1.6228460351098335,0.3065718764279052,0.0074147939029219,0.0074147939029219,row,3.0798200000000073,2.0285055024820977,False,False,False,UKB EUR
EUR_300k,height,HT,HT,anthro_physical,sumrhe,-1,34,BLUEPRINT_H3K27acQTL_MaxCPP,BLUEPRINT H3K27ac QTL,0.01842,0.00398,1.91183,0.3051,9.72157e-08,6.68776e-07,0.00813213,0.0538024,False,False,EUR_300k.UKB_local.local,local,EUR_300k,UKB_local,local,height,height,0.5465,0.0256,NA,NA,0.9349542445211664,0.2302329480002002,0.0176299137408614,0.0176299137408614,row,1.9118300000000095,1.5419261298098943,False,False,False,UKB EUR
EUR_300k,height,HT,HT,anthro_physical,sumrhe,-1,35,BLUEPRINT_H3K4me1QTL_MaxCPP,BLUEPRINT H3K4me1 QTL,0.0124,0.00226,1.92473,0.37316,5.30885e-08,7.73441e-07,0.0035906,0.0497027,False,False,EUR_300k.UKB_local.local,local,EUR_300k,UKB_local,local,height,height,0.5465,0.0256,NA,NA,0.9446560795835812,0.279704728173887,0.0117885856534557,0.0117885856534557,row,1.9247300000000047,1.548303446699345,False,False,False,UKB EUR
EUR_300k,height,HT,HT,anthro_physical,sumrhe,-1,36,BLUEPRINT_DNA_methylation_MaxCPP,BLUEPRINT methylation QTL,0.03445,0.00505,1.8212,0.19958,8.01647e-08,4.3802e-07,0.00943593,0.0493283,False,False,EUR_300k.UKB_local.local,local,EUR_300k,UKB_local,local,height,height,0.5465,0.0256,NA,NA,0.8648893644697497,0.1581007447071268,0.0346131734221466,0.0346131734221466,row,1.8212000000000046,1.4963089448247304,False,False,False,UKB EUR
EUR_300k,height,HT,HT,anthro_physical,sumrhe,-1,38,non_synonymous,Nonsynonymous,0.02247,0.00619,1.3287,0.38505,-8.76603e-07,5.03488e-07,-0.12613,0.0685006,False,False,EUR_300k.UKB_local.local,local,EUR_300k,UKB_local,local,height,height,0.5465,0.0256,NA,NA,0.4100154030570231,0.4180851399821595,0.0309446782280226,0.0309446782280226,row,1.3287000000000007,1.2195247930954374,False,False,False,UKB EUR
EUR_300k,height,HT,HT,anthro_physical,sumrhe,-1,45,Ancient_Sequence_Age_Human_Promoter_w_flanking,Ancient promoter age,0.02594,0.00416,3.08834,0.56347,1.02363e-06,9.55551e-07,0.104643,0.0917177,False,False,EUR_300k.UKB_local.local,local,EUR_300k,UKB_local,local,height,height,0.5465,0.0256,NA,NA,1.6268315898184518,0.263220815936621,0.0153693216288937,0.0153693216288937,row,3.088340000000019,2.031515180599624,False,False,False,UKB EUR
EUR_300k,ldl,LDL,LDL,biochem_lipids,sumrhe,-1,1,Coding_UCSC_w_flanking,Coding,0.03843,0.0062,2.72455,0.39111,3.28504e-07,1.77016e-07,0.396145,0.189855,False,False,EUR_300k.UKB_local.local,local,EUR_300k,UKB_local,local,ldl,ldl,0.12089,0.02405,NA,NA,1.446017966998178,0.2070993218851122,0.1166769920845712,0.1166769920845712,row,2.7245500000000002,1.897066129739698,False,False,False,UKB EUR
EUR_300k,ldl,LDL,LDL,biochem_lipids,sumrhe,-1,2,Conserved_LindbladToh_w_flanking,Conserved (LindbladToh),0.07628,0.01567,1.40871,0.11564,5.44647e-08,1.19516e-07,0.101741,0.208996,False,False,EUR_300k.UKB_local.local,local,EUR_300k,UKB_local,local,ldl,ldl,0.12089,0.02405,NA,NA,0.494374645981576,0.1184298077875501,0.4479182000180002,0.4479182000180002,row,1.4087100000000001,1.2682607087500397,False,False,False,UKB EUR
EUR_300k,ldl,LDL,LDL,biochem_lipids,sumrhe,-1,6,DHS_Trynka_w_flanking,DHS + flank,0.09269,0.01946,1.26575,0.08732,5.77213e-08,8.02056e-08,0.105961,0.140015,False,False,EUR_300k.UKB_local.local,local,EUR_300k,UKB_local,local,ldl,ldl,0.12089,0.02405,NA,NA,0.3399924842477239,0.0995268662614452,0.6057515980260105,0.6057515980260105,row,1.26575,1.1799886847870098,False,False,False,UKB EUR
EUR_300k,ldl,LDL,LDL,biochem_lipids,sumrhe,-1,20,Promoter_UCSC_w_flanking,Promoter,0.02059,0.00602,2.22956,0.36544,-1.33214e-07,1.73389e-07,-0.132911,0.182874,False,False,EUR_300k.UKB_local.local,local,EUR_300k,UKB_local,local,ldl,ldl,0.12089,0.02405,NA,NA,1.1567590247416162,0.2364674984043769,0.0763918108210312,0.0763918108210312,row,2.229560000000002,1.6913376234151443,False,False,False,UKB EUR
EUR_300k,ldl,LDL,LDL,biochem_lipids,sumrhe,-1,29,GERP.NS,GERP.NS,0.3352,0.04288,1.07082,0.12993,-6.05199e-08,5.4968e-08,-0.338771,0.279395,False,False,EUR_300k.UKB_local.local,local,EUR_300k,UKB_local,local,ldl,ldl,0.12089,0.02405,NA,NA,0.0987159899555048,0.1750521718521348,2.589388162941712,2.589388162941712,row,1.0708199999999999,1.0502021569417086,False,False,False,UKB EUR
EUR_300k,ldl,LDL,LDL,biochem_lipids,sumrhe,-1,31,Backgrd_Selection_Stat,Background selection,0.03308,0.00521,1.53984,0.1488,2.96669e-07,2.69289e-07,0.207974,0.207326,False,False,EUR_300k.UKB_local.local,local,EUR_300k,UKB_local,local,ldl,ldl,0.12089,0.02405,NA,NA,0.6227804527392649,0.1394125507093449,0.1777049504069533,0.1777049504069533,row,1.5398400000000005,1.3447376157072362,False,False,False,UKB EUR
EUR_300k,ldl,LDL,LDL,biochem_lipids,sumrhe,-1,32,CpG_Content_50kb,CpG content (50 kb),0.00178,0.0005,1.38577,0.15706,1.35638e-05,1.47968e-05,0.296982,0.305803,False,False,EUR_300k.UKB_local.local,local,EUR_300k,UKB_local,local,ldl,ldl,0.12089,0.02405,NA,NA,0.4706878293406378,0.1635117538422831,0.0106252331727565,0.0106252331727565,row,1.3857700000000122,1.2544549668162892,False,False,False,UKB EUR
EUR_300k,ldl,LDL,LDL,biochem_lipids,sumrhe,-1,33,GTEx_eQTL_MaxCPP,GTEx eQTL MaxCPP,0.00537,0.00136,5.9978,2.59153,1.39969e-06,8.09084e-07,0.365761,0.260785,False,False,EUR_300k.UKB_local.local,local,EUR_300k,UKB_local,local,ldl,ldl,0.12089,0.02405,NA,NA,2.584433415534617,0.6233598118168288,0.0074061401856115,0.0074061401856115,row,5.997800000000043,2.806901432349789,False,False,False,UKB EUR
EUR_300k,ldl,LDL,LDL,biochem_lipids,sumrhe,-1,34,BLUEPRINT_H3K27acQTL_MaxCPP,BLUEPRINT H3K27ac QTL,0.00668,0.0031,3.13733,1.04543,4.91343e-07,5.46266e-07,0.185752,0.201284,False,False,EUR_300k.UKB_local.local,local,EUR_300k,UKB_local,local,ldl,ldl,0.12089,0.02405,NA,NA,1.6495372870150795,0.480738932976942,0.017612697760759,0.017612697760759,row,3.1373300000000133,2.0487000338061137,False,False,False,UKB EUR
EUR_300k,ldl,LDL,LDL,biochem_lipids,sumrhe,-1,35,BLUEPRINT_H3K4me1QTL_MaxCPP,BLUEPRINT H3K4me1 QTL,0.00422,0.00112,2.96199,0.90374,3.87848e-07,4.60825e-07,0.118528,0.156698,False,False,EUR_300k.UKB_local.local,local,EUR_300k,UKB_local,local,ldl,ldl,0.12089,0.02405,NA,NA,1.5665667699398051,0.4401842059740214,0.0117852414734161,0.0117852414734161,row,2.961990000000006,1.9862252388925667,False,False,False,UKB EUR
EUR_300k,ldl,LDL,LDL,biochem_lipids,sumrhe,-1,36,BLUEPRINT_DNA_methylation_MaxCPP,BLUEPRINT methylation QTL,0.00854,0.00317,2.04099,0.5178,-5.37753e-08,2.23125e-07,-0.0286119,0.116341,False,False,EUR_300k.UKB_local.local,local,EUR_300k,UKB_local,local,ldl,ldl,0.12089,0.02405,NA,NA,1.0292691137837864,0.3660123235156984,0.0346119937202608,0.0346119937202608,row,2.040990000000004,1.6045410722141156,False,False,False,UKB EUR
EUR_300k,ldl,LDL,LDL,biochem_lipids,sumrhe,-1,38,non_synonymous,Nonsynonymous,0.00903,0.00196,2.4163,0.91705,-2.24725e-07,2.38699e-07,-0.146152,0.143943,False,False,EUR_300k.UKB_local.local,local,EUR_300k,UKB_local,local,ldl,ldl,0.12089,0.02405,NA,NA,1.2727995861377857,0.5475410699198047,0.0309133818782064,0.0309133818782064,row,2.4163000000000077,1.7724346697793438,False,False,False,UKB EUR
EUR_300k,ldl,LDL,LDL,biochem_lipids,sumrhe,-1,45,Ancient_Sequence_Age_Human_Promoter_w_flanking,Ancient promoter age,0.01359,0.00352,7.33449,1.00757,1.30071e-06,4.2389e-07,0.600292,0.132906,False,False,EUR_300k.UKB_local.local,local,EUR_300k,UKB_local,local,ldl,ldl,0.12089,0.02405,NA,NA,2.874696652326598,0.1981891368518456,0.0153270706176173,0.0153270706176173,row,7.334490000000004,3.059093921229453,False,False,False,UKB EUR
EUR_300k,triglycerides,TG,TG,biochem_lipids,sumrhe,-1,1,Coding_UCSC_w_flanking,Coding,0.04435,0.00632,1.83986,0.20863,7.31719e-08,1.72351e-07,0.0516273,0.115961,False,False,EUR_300k.UKB_local.local,local,EUR_300k,UKB_local,local,triglycerides,triglycerides,0.20661,0.01685,NA,NA,0.8795959918311831,0.1635936790737689,0.1166695462604755,0.1166695462604755,row,1.8398600000000007,1.5058198092073514,False,False,False,UKB EUR
EUR_300k,triglycerides,TG,TG,biochem_lipids,sumrhe,-1,2,Conserved_LindbladToh_w_flanking,Conserved (LindbladToh),0.12084,0.01329,1.30575,0.08934,-1.74323e-08,1.84951e-07,-0.0190532,0.193017,False,False,EUR_300k.UKB_local.local,local,EUR_300k,UKB_local,local,triglycerides,triglycerides,0.20661,0.01685,NA,NA,0.3848787037101702,0.0987098410515183,0.4479188550735915,0.4479188550735915,row,1.30575,1.205236097849846,False,False,False,UKB EUR
EUR_300k,triglycerides,TG,TG,biochem_lipids,sumrhe,-1,6,DHS_Trynka_w_flanking,DHS + flank,0.15057,0.01363,1.20308,0.05865,-6.70023e-08,1.05778e-07,-0.0719664,0.107502,False,False,EUR_300k.UKB_local.local,local,EUR_300k,UKB_local,local,triglycerides,triglycerides,0.20661,0.01685,NA,NA,0.2667325791439548,0.0703312033681365,0.6057488600998883,0.6057488600998883,row,1.20308,1.1395218842842403,False,False,False,UKB EUR
EUR_300k,triglycerides,TG,TG,biochem_lipids,sumrhe,-1,20,Promoter_UCSC_w_flanking,Promoter,0.02697,0.00504,1.70896,0.26948,-2.42787e-07,1.89707e-07,-0.141746,0.109301,False,False,EUR_300k.UKB_local.local,local,EUR_300k,UKB_local,local,triglycerides,triglycerides,0.20661,0.01685,NA,NA,0.7731186296196778,0.2274935982227541,0.0763831757747517,0.0763831757747517,row,1.7089600000000011,1.437739091130299,False,False,False,UKB EUR
EUR_300k,triglycerides,TG,TG,biochem_lipids,sumrhe,-1,29,GERP.NS,GERP.NS,0.61052,0.05259,1.14121,0.04918,8.84979e-09,4.27509e-08,0.0289848,0.133111,False,False,EUR_300k.UKB_local.local,local,EUR_300k,UKB_local,local,triglycerides,triglycerides,0.20661,0.01685,NA,NA,0.1905642938892626,0.0621723802901474,2.5893036842810324,2.5893036842810324,row,1.14121,1.098426295537224,False,False,False,UKB EUR
EUR_300k,triglycerides,TG,TG,biochem_lipids,sumrhe,-1,31,Backgrd_Selection_Stat,Background selection,0.05367,0.00448,1.46203,0.10515,8.00869e-07,2.98475e-07,0.328396,0.12848,False,False,EUR_300k.UKB_local.local,local,EUR_300k,UKB_local,local,triglycerides,triglycerides,0.20661,0.01685,NA,NA,0.5479729148520293,0.1037594191292069,0.17767403829763,0.17767403829763,row,1.4620300000000004,1.2998483412649113,False,False,False,UKB EUR
EUR_300k,triglycerides,TG,TG,biochem_lipids,sumrhe,-1,32,CpG_Content_50kb,CpG content (50 kb),0.00276,0.0003,1.25964,0.06539,2.05711e-05,1.38963e-05,0.263603,0.16215,False,False,EUR_300k.UKB_local.local,local,EUR_300k,UKB_local,local,triglycerides,triglycerides,0.20661,0.01685,NA,NA,0.3330114762453501,0.0748926905494659,0.0106050153413765,0.0106050153413765,row,1.2596400000000088,1.176092944505565,False,False,False,UKB EUR
EUR_300k,triglycerides,TG,TG,biochem_lipids,sumrhe,-1,33,GTEx_eQTL_MaxCPP,GTEx eQTL MaxCPP,0.00506,0.00101,3.3018,0.70007,7.68015e-07,4.63353e-07,0.117521,0.0712271,False,False,EUR_300k.UKB_local.local,local,EUR_300k,UKB_local,local,triglycerides,triglycerides,0.20661,0.01685,NA,NA,1.7232527345010678,0.3058899743397954,0.0074173439119433,0.0074173439119433,row,3.3018000000000254,2.1049404523027127,False,False,False,UKB EUR
EUR_300k,triglycerides,TG,TG,biochem_lipids,sumrhe,-1,34,BLUEPRINT_H3K27acQTL_MaxCPP,BLUEPRINT H3K27ac QTL,0.00659,0.00155,1.80921,0.4166,-1.23916e-08,3.38906e-07,-0.00274199,0.0715599,False,False,EUR_300k.UKB_local.local,local,EUR_300k,UKB_local,local,triglycerides,triglycerides,0.20661,0.01685,NA,NA,0.8553598752752726,0.3322039752346837,0.0176297071143771,0.0176297071143771,row,1.8092100000000066,1.49016447588273,False,False,False,UKB EUR
EUR_300k,triglycerides,TG,TG,biochem_lipids,sumrhe,-1,35,BLUEPRINT_H3K4me1QTL_MaxCPP,BLUEPRINT H3K4me1 QTL,0.00494,0.00075,2.02823,0.42519,2.29355e-07,2.84942e-07,0.041031,0.0489363,False,False,EUR_300k.UKB_local.local,local,EUR_300k,UKB_local,local,triglycerides,triglycerides,0.20661,0.01685,NA,NA,1.0202212623238038,0.3024408003212546,0.0117884962328439,0.0117884962328439,row,2.028230000000004,1.5984747849993075,False,False,False,UKB EUR
EUR_300k,triglycerides,TG,TG,biochem_lipids,sumrhe,-1,36,BLUEPRINT_DNA_methylation_MaxCPP,BLUEPRINT methylation QTL,0.01056,0.00142,1.47727,0.251,-2.79864e-07,2.02725e-07,-0.0871284,0.0580654,False,False,EUR_300k.UKB_local.local,local,EUR_300k,UKB_local,local,triglycerides,triglycerides,0.20661,0.01685,NA,NA,0.5629335309517002,0.245125437640465,0.0345981360495997,0.0345981360495997,row,1.4772700000000003,1.3087511178506366,False,False,False,UKB EUR
EUR_300k,triglycerides,TG,TG,biochem_lipids,sumrhe,-1,38,non_synonymous,Nonsynonymous,0.00934,0.0021,1.46204,0.47922,-3.17939e-07,3.08549e-07,-0.120947,0.109465,False,False,EUR_300k.UKB_local.local,local,EUR_300k,UKB_local,local,triglycerides,triglycerides,0.20661,0.01685,NA,NA,0.5479827825709341,0.4728792081576489,0.0309197720754364,0.0309197720754364,row,1.462040000000002,1.299854201031491,False,False,False,UKB EUR
EUR_300k,triglycerides,TG,TG,biochem_lipids,sumrhe,-1,45,Ancient_Sequence_Age_Human_Promoter_w_flanking,Ancient promoter age,0.01542,0.00322,4.86291,0.77035,9.17964e-07,5.08961e-07,0.248001,0.121222,False,False,EUR_300k.UKB_local.local,local,EUR_300k,UKB_local,local,triglycerides,triglycerides,0.20661,0.01685,NA,NA,2.281819891236245,0.228542194848108,0.0153474703857547,0.0153474703857547,row,4.862910000000029,2.551616910469637,False,False,False,UKB EUR
EUR_300k,testosterone,TT,TT,biochem_endocrine,sumrhe,-1,1,Coding_UCSC_w_flanking,Coding,0.01996,0.00257,2.14568,0.37264,-1.22076e-07,1.4475e-07,-0.223422,0.254507,False,False,EUR_300k.UKB_local.local,local,EUR_300k,UKB_local,local,testosterone,testosterone,0.07968,0.00634,NA,NA,1.1014349331136255,0.2505526826166359,0.1167471421796952,0.1167471421796952,row,2.145680000000001,1.6533719174497186,False,False,False,UKB EUR
EUR_300k,testosterone,TT,TT,biochem_endocrine,sumrhe,-1,2,Conserved_LindbladToh_w_flanking,Conserved (LindbladToh),0.04587,0.00512,1.28506,0.12031,3.39561e-08,7.83463e-08,0.0962484,0.208341,False,False,EUR_300k.UKB_local.local,local,EUR_300k,UKB_local,local,testosterone,testosterone,0.07968,0.00634,NA,NA,0.3618357210390916,0.1350681216202754,0.4479773013270769,0.4479773013270769,row,1.28506,1.19223204736912,False,False,False,UKB EUR
EUR_300k,testosterone,TT,TT,biochem_endocrine,sumrhe,-1,6,DHS_Trynka_w_flanking,DHS + flank,0.05606,0.00588,1.16136,0.0884,9.6669e-09,5.95243e-08,0.026927,0.156574,False,False,EUR_300k.UKB_local.local,local,EUR_300k,UKB_local,local,testosterone,testosterone,0.07968,0.00634,NA,NA,0.2158152501611432,0.10981456362763,0.6058106504685131,0.6058106504685131,row,1.16136,1.111939390086685,False,False,False,UKB EUR
EUR_300k,testosterone,TT,TT,biochem_endocrine,sumrhe,-1,20,Promoter_UCSC_w_flanking,Promoter,0.01243,0.00374,2.04167,0.60326,-1.30475e-07,1.24612e-07,-0.197564,0.178895,False,False,EUR_300k.UKB_local.local,local,EUR_300k,UKB_local,local,testosterone,testosterone,0.07968,0.00634,NA,NA,1.029749698812604,0.4262785907451626,0.0764075467553207,0.0764075467553207,row,2.0416700000000017,1.6048636391936568,False,False,False,UKB EUR
EUR_300k,testosterone,TT,TT,biochem_endocrine,sumrhe,-1,29,GERP.NS,GERP.NS,0.23279,0.02226,1.12824,0.07766,5.90474e-09,2.37018e-08,0.0501543,0.192322,False,False,EUR_300k.UKB_local.local,local,EUR_300k,UKB_local,local,testosterone,testosterone,0.07968,0.00634,NA,NA,0.1740739914780807,0.0993048437171496,2.589485610313337,2.589485610313337,row,1.1282400000000001,1.089660851631436,False,False,False,UKB EUR
EUR_300k,testosterone,TT,TT,biochem_endocrine,sumrhe,-1,31,Backgrd_Selection_Stat,Background selection,0.02382,0.00415,1.68205,0.22272,4.68745e-07,2.35972e-07,0.498518,0.220212,False,False,EUR_300k.UKB_local.local,local,EUR_300k,UKB_local,local,testosterone,testosterone,0.07968,0.00634,NA,NA,0.7502205912529314,0.1910270440871495,0.1777270492152612,0.1777270492152612,row,1.6820500000000003,1.4233361328723855,False,False,False,UKB EUR
EUR_300k,testosterone,TT,TT,biochem_endocrine,sumrhe,-1,32,CpG_Content_50kb,CpG content (50 kb),0.00112,0.00014,1.32069,0.11385,1.08652e-05,8.67349e-06,0.361086,0.264394,False,False,EUR_300k.UKB_local.local,local,EUR_300k,UKB_local,local,testosterone,testosterone,0.07968,0.00634,NA,NA,0.4012918685927517,0.1243674370255007,0.0106430917926223,0.0106430917926223,row,1.3206900000000044,1.2145538189631317,False,False,False,UKB EUR
EUR_300k,testosterone,TT,TT,biochem_endocrine,sumrhe,-1,33,GTEx_eQTL_MaxCPP,GTEx eQTL MaxCPP,0.00282,0.00093,4.77882,1.45057,5.91734e-07,3.71145e-07,0.234811,0.133903,False,False,EUR_300k.UKB_local.local,local,EUR_300k,UKB_local,local,testosterone,testosterone,0.07968,0.00634,NA,NA,2.2566544277647567,0.4379177590832682,0.0074059216009517,0.0074059216009517,row,4.7788200000000325,2.530774933220033,False,False,False,UKB EUR
EUR_300k,testosterone,TT,TT,biochem_endocrine,sumrhe,-1,34,BLUEPRINT_H3K27acQTL_MaxCPP,BLUEPRINT H3K27ac QTL,0.00282,0.00084,2.00566,0.6947,-1.85479e-08,2.39774e-07,-0.0106429,0.132166,False,False,EUR_300k.UKB_local.local,local,EUR_300k,UKB_local,local,testosterone,testosterone,0.07968,0.00634,NA,NA,1.004077060642128,0.4997059546012597,0.0176458453900762,0.0176458453900762,row,2.00566,1.5876818209454162,False,False,False,UKB EUR
EUR_300k,testosterone,TT,TT,biochem_endocrine,sumrhe,-1,35,BLUEPRINT_H3K4me1QTL_MaxCPP,BLUEPRINT H3K4me1 QTL,0.00219,0.00037,2.33057,0.49912,1.13173e-07,1.37381e-07,0.0525026,0.0612688,False,False,EUR_300k.UKB_local.local,local,EUR_300k,UKB_local,local,testosterone,testosterone,0.07968,0.00634,NA,NA,1.2206828456965184,0.3089707448428923,0.0117932264463355,0.0117932264463355,row,2.3305700000000016,1.7357691039635694,False,False,False,UKB EUR
EUR_300k,testosterone,TT,TT,biochem_endocrine,sumrhe,-1,36,BLUEPRINT_DNA_methylation_MaxCPP,BLUEPRINT methylation QTL,0.00477,0.00135,1.73041,0.40963,-9.30896e-08,1.28046e-07,-0.075163,0.0995854,False,False,EUR_300k.UKB_local.local,local,EUR_300k,UKB_local,local,testosterone,testosterone,0.07968,0.00634,NA,NA,0.7911139077384206,0.341520893660662,0.0345955339089148,0.0345955339089148,row,1.7304100000000011,1.4491176033627735,False,False,False,UKB EUR
EUR_300k,testosterone,TT,TT,biochem_endocrine,sumrhe,-1,38,non_synonymous,Nonsynonymous,0.00635,0.00178,2.576,0.81244,1.55536e-07,1.54485e-07,0.153513,0.138926,False,False,EUR_300k.UKB_local.local,local,EUR_300k,UKB_local,local,testosterone,testosterone,0.07968,0.00634,NA,NA,1.36513259345253,0.4550089903027288,0.0309370244954975,0.0309370244954975,row,2.576000000000001,1.8383467365212312,False,False,False,UKB EUR
EUR_300k,testosterone,TT,TT,biochem_endocrine,sumrhe,-1,45,Ancient_Sequence_Age_Human_Promoter_w_flanking,Ancient promoter age,0.008,0.00372,6.53558,2.87258,6.35932e-07,7.29141e-07,0.4458,0.495436,False,False,EUR_300k.UKB_local.local,local,EUR_300k,UKB_local,local,testosterone,testosterone,0.07968,0.00634,NA,NA,2.7083152736631493,0.6341069837040965,0.0153623100666968,0.0153623100666968,row,6.535580000000036,2.9137185577316416,False,False,False,UKB EUR
EUR_300k,urate,UA,UA,biochem_kidney,sumrhe,-1,1,Coding_UCSC_w_flanking,Coding,0.03626,0.00334,1.63397,0.20165,-3.61863e-07,1.46865e-07,-0.277564,0.126165,False,False,EUR_300k.UKB_local.local,local,EUR_300k,UKB_local,local,urate,urate,0.19011,0.01664,NA,NA,0.7083814955713891,0.1780445509986471,0.1167289984871126,0.1167289984871126,row,1.6339700000000008,1.3972389138944645,False,False,False,UKB EUR
EUR_300k,urate,UA,UA,biochem_kidney,sumrhe,-1,2,Conserved_LindbladToh_w_flanking,Conserved (LindbladToh),0.10262,0.0058,1.20481,0.11006,3.89485e-08,1.10463e-07,0.0462675,0.126468,False,False,EUR_300k.UKB_local.local,local,EUR_300k,UKB_local,local,urate,urate,0.19011,0.01664,NA,NA,0.2688056496332161,0.131790918236269,0.4480314336408924,0.4480314336408924,row,1.20481,1.1406543365681638,False,False,False,UKB EUR
EUR_300k,urate,UA,UA,biochem_kidney,sumrhe,-1,6,DHS_Trynka_w_flanking,DHS + flank,0.13309,0.01626,1.15564,0.07129,-7.18268e-08,9.05979e-08,-0.0838477,0.104755,False,False,EUR_300k.UKB_local.local,local,EUR_300k,UKB_local,local,urate,urate,0.19011,0.01664,NA,NA,0.2086920456739651,0.0889980698703525,0.6057841381947349,0.6057841381947349,row,1.15564,1.1081162627004848,False,False,False,UKB EUR
EUR_300k,urate,UA,UA,biochem_kidney,sumrhe,-1,20,Promoter_UCSC_w_flanking,Promoter,0.02496,0.00355,1.71792,0.25152,-2.59667e-07,1.9968e-07,-0.164785,0.126888,False,False,EUR_300k.UKB_local.local,local,EUR_300k,UKB_local,local,urate,urate,0.19011,0.01664,NA,NA,0.7806628547007286,0.2112244206274984,0.0764252175058016,0.0764252175058016,row,1.7179199999999997,1.4425029920501746,False,False,False,UKB EUR
EUR_300k,urate,UA,UA,biochem_kidney,sumrhe,-1,29,GERP.NS,GERP.NS,0.55339,0.03284,1.12405,0.06183,2.82903e-08,3.93397e-08,0.100702,0.138797,False,False,EUR_300k.UKB_local.local,local,EUR_300k,UKB_local,local,urate,urate,0.19011,0.01664,NA,NA,0.1687062109571232,0.0793575324746805,2.589647874316119,2.589647874316119,row,1.12405,1.0868177274900017,False,False,False,UKB EUR
EUR_300k,urate,UA,UA,biochem_kidney,sumrhe,-1,31,Backgrd_Selection_Stat,Background selection,0.05282,0.00412,1.56339,0.12181,1.03379e-06,2.95453e-07,0.460854,0.136973,False,False,EUR_300k.UKB_local.local,local,EUR_300k,UKB_local,local,urate,urate,0.19011,0.01664,NA,NA,0.6446777149218584,0.1124061705209094,0.1777158263502511,0.1777158263502511,row,1.5633900000000007,1.3580529902417686,False,False,False,UKB EUR
EUR_300k,urate,UA,UA,biochem_kidney,sumrhe,-1,32,CpG_Content_50kb,CpG content (50 kb),0.00247,0.00022,1.2232,0.08123,1.51015e-05,1.46003e-05,0.210343,0.183352,False,False,EUR_300k.UKB_local.local,local,EUR_300k,UKB_local,local,urate,urate,0.19011,0.01664,NA,NA,0.2906603118113554,0.0958061790152145,0.0106217119351128,0.0106217119351128,row,1.2232000000000054,1.152637739651116,False,False,False,UKB EUR
EUR_300k,urate,UA,UA,biochem_kidney,sumrhe,-1,33,GTEx_eQTL_MaxCPP,GTEx eQTL MaxCPP,0.007,0.00175,4.9672,1.24548,1.787e-06,7.84955e-07,0.297345,0.122751,False,False,EUR_300k.UKB_local.local,local,EUR_300k,UKB_local,local,urate,urate,0.19011,0.01664,NA,NA,2.312432836809218,0.3617425953306462,0.007412785465627,0.007412785465627,row,4.967200000000002,2.5770541318739943,False,False,False,UKB EUR
EUR_300k,urate,UA,UA,biochem_kidney,sumrhe,-1,34,BLUEPRINT_H3K27acQTL_MaxCPP,BLUEPRINT H3K27ac QTL,0.00578,0.00085,1.72344,0.33984,-6.76567e-08,2.27531e-07,-0.0162696,0.051047,False,False,EUR_300k.UKB_local.local,local,EUR_300k,UKB_local,local,urate,urate,0.19011,0.01664,NA,NA,0.7852910734604946,0.2844807377661568,0.0176411425021141,0.0176411425021141,row,1.7234400000000023,1.4454300835705132,False,False,False,UKB EUR
EUR_300k,urate,UA,UA,biochem_kidney,sumrhe,-1,35,BLUEPRINT_H3K4me1QTL_MaxCPP,BLUEPRINT H3K4me1 QTL,0.00449,0.00068,2.00432,0.35889,1.72536e-07,2.88838e-07,0.0335415,0.0523245,False,False,EUR_300k.UKB_local.local,local,EUR_300k,UKB_local,local,urate,urate,0.19011,0.01664,NA,NA,1.0031128606078386,0.258326426531013,0.0117835003508302,0.0117835003508302,row,2.0043200000000057,1.5870384872282264,False,False,False,UKB EUR
EUR_300k,urate,UA,UA,biochem_kidney,sumrhe,-1,36,BLUEPRINT_DNA_methylation_MaxCPP,BLUEPRINT methylation QTL,0.01128,0.00144,1.71434,0.21706,-1.93346e-08,1.46149e-07,-0.00654235,0.0468501,False,False,EUR_300k.UKB_local.local,local,EUR_300k,UKB_local,local,urate,urate,0.19011,0.01664,NA,NA,0.7776532632831775,0.1826658571668154,0.0346104446895555,0.0346104446895555,row,1.7143400000000018,1.440601444998265,False,False,False,UKB EUR
EUR_300k,urate,UA,UA,biochem_kidney,sumrhe,-1,38,non_synonymous,Nonsynonymous,0.01123,0.00285,1.90962,0.57504,8.07367e-08,3.19892e-07,0.0333987,0.126806,False,False,EUR_300k.UKB_local.local,local,EUR_300k,UKB_local,local,urate,urate,0.19011,0.01664,NA,NA,0.9332855813719376,0.4344358334709468,0.0309334129935653,0.0309334129935653,row,1.9096200000000005,1.540830747665052,False,False,False,UKB EUR
EUR_300k,urate,UA,UA,biochem_kidney,sumrhe,-1,45,Ancient_Sequence_Age_Human_Promoter_w_flanking,Ancient promoter age,0.01416,0.00228,4.84631,0.9485,1.0655e-06,4.17979e-07,0.313137,0.125017,False,False,EUR_300k.UKB_local.local,local,EUR_300k,UKB_local,local,urate,urate,0.19011,0.01664,NA,NA,2.276886691450092,0.2823583811772631,0.0153690527309128,0.0153690527309128,row,4.84631000000002,2.5475263299317157,False,False,False,UKB EUR
EUR_300k,bp_systolic,SBP,SBP,blood_pressure,sumrhe,-1,1,Coding_UCSC_w_flanking,Coding,0.02255,0.00238,1.19648,0.12358,-2.65488e-07,8.14995e-08,-0.239851,0.0682869,False,False,EUR_300k.UKB_local.local,local,EUR_300k,UKB_local,local,bp_systolic,bp_systolic,0.16144,0.0057,NA,NA,0.2587962814213571,0.149010642177937,0.1167427592692777,0.1167427592692777,row,1.1964800000000007,1.1351933630627342,False,False,False,UKB EUR
EUR_300k,bp_systolic,SBP,SBP,blood_pressure,sumrhe,-1,2,Conserved_LindbladToh_w_flanking,Conserved (LindbladToh),0.09447,0.00524,1.30627,0.06456,-3.60799e-08,6.7108e-08,-0.0504806,0.0906134,False,False,EUR_300k.UKB_local.local,local,EUR_300k,UKB_local,local,bp_systolic,bp_systolic,0.16144,0.0057,NA,NA,0.3854531261350928,0.071302557541543,0.447970910568159,0.447970910568159,row,1.30627,1.2055614222952915,False,False,False,UKB EUR
EUR_300k,bp_systolic,SBP,SBP,blood_pressure,sumrhe,-1,6,DHS_Trynka_w_flanking,DHS + flank,0.11755,0.00531,1.20204,0.04591,7.2877e-10,4.08125e-08,0.00100201,0.0532995,False,False,EUR_300k.UKB_local.local,local,EUR_300k,UKB_local,local,bp_systolic,bp_systolic,0.16144,0.0057,NA,NA,0.2654849050686163,0.0551014353326114,0.605748803182591,0.605748803182591,row,1.20204,1.1388406756586409,False,False,False,UKB EUR
EUR_300k,bp_systolic,SBP,SBP,blood_pressure,sumrhe,-1,20,Promoter_UCSC_w_flanking,Promoter,0.01838,0.00286,1.49003,0.22944,-3.25747e-08,1.32329e-07,-0.0243488,0.0942389,False,False,EUR_300k.UKB_local.local,local,EUR_300k,UKB_local,local,bp_systolic,bp_systolic,0.16144,0.0057,NA,NA,0.5753413779461746,0.2221511984198732,0.0764080903593197,0.0764080903593197,row,1.49003,1.3161631240566096,False,False,False,UKB EUR
EUR_300k,bp_systolic,SBP,SBP,blood_pressure,sumrhe,-1,29,GERP.NS,GERP.NS,0.50263,0.01975,1.2024,0.04611,5.17304e-08,2.25933e-08,0.216891,0.0919256,False,False,EUR_300k.UKB_local.local,local,EUR_300k,UKB_local,local,bp_systolic,bp_systolic,0.16144,0.0057,NA,NA,0.2659169143669151,0.0553249071318946,2.589335287139629,2.589335287139629,row,1.2024,1.1390765150461117,False,False,False,UKB EUR
EUR_300k,bp_systolic,SBP,SBP,blood_pressure,sumrhe,-1,31,Backgrd_Selection_Stat,Background selection,0.03793,0.00228,1.32212,0.06548,5.07188e-07,1.46452e-07,0.266294,0.0714481,False,False,EUR_300k.UKB_local.local,local,EUR_300k,UKB_local,local,bp_systolic,bp_systolic,0.16144,0.0057,NA,NA,0.4028531265793728,0.0714516619349297,0.1777054792949438,0.1777054792949438,row,1.3221200000000002,1.2154425281602357,False,False,False,UKB EUR
EUR_300k,bp_systolic,SBP,SBP,blood_pressure,sumrhe,-1,32,CpG_Content_50kb,CpG content (50 kb),0.00196,0.0001,1.14055,0.03,5.82873e-06,4.16827e-06,0.0956175,0.0619489,False,False,EUR_300k.UKB_local.local,local,EUR_300k,UKB_local,local,bp_systolic,bp_systolic,0.16144,0.0057,NA,NA,0.1897296936214502,0.0379473510382437,0.0106446305724478,0.0106446305724478,row,1.1405500000000013,1.0979815350954774,False,False,False,UKB EUR
EUR_300k,bp_systolic,SBP,SBP,blood_pressure,sumrhe,-1,33,GTEx_eQTL_MaxCPP,GTEx eQTL MaxCPP,0.00496,0.0012,4.1445,0.92141,1.18503e-06,4.9612e-07,0.232263,0.0907528,False,False,EUR_300k.UKB_local.local,local,EUR_300k,UKB_local,local,bp_systolic,bp_systolic,0.16144,0.0057,NA,NA,2.0511980628715607,0.320741618440222,0.007413074822675,0.007413074822675,row,4.144500000000036,2.3630308667065005,False,False,False,UKB EUR
EUR_300k,bp_systolic,SBP,SBP,blood_pressure,sumrhe,-1,34,BLUEPRINT_H3K27acQTL_MaxCPP,BLUEPRINT H3K27ac QTL,0.00405,0.00099,1.42148,0.31584,-2.2619e-07,1.88243e-07,-0.064066,0.0506304,False,False,EUR_300k.UKB_local.local,local,EUR_300k,UKB_local,local,bp_systolic,bp_systolic,0.16144,0.0057,NA,NA,0.5073938006659493,0.3205537902146848,0.0176483098772275,0.0176483098772275,row,1.4214800000000067,1.2758890871765947,False,False,False,UKB EUR
EUR_300k,bp_systolic,SBP,SBP,blood_pressure,sumrhe,-1,35,BLUEPRINT_H3K4me1QTL_MaxCPP,BLUEPRINT H3K4me1 QTL,0.00267,0.00054,1.40467,0.33453,-2.82483e-07,2.37384e-07,-0.0646843,0.0522691,False,False,EUR_300k.UKB_local.local,local,EUR_300k,UKB_local,local,bp_systolic,bp_systolic,0.16144,0.0057,NA,NA,0.4902312370062726,0.3435858757064541,0.0117740480901724,0.0117740480901724,row,1.4046700000000114,1.2658389222574542,False,False,False,UKB EUR
EUR_300k,bp_systolic,SBP,SBP,blood_pressure,sumrhe,-1,36,BLUEPRINT_DNA_methylation_MaxCPP,BLUEPRINT methylation QTL,0.01054,0.00193,1.88503,0.2447,1.60404e-07,1.65931e-07,0.0639286,0.0637419,False,False,EUR_300k.UKB_local.local,local,EUR_300k,UKB_local,local,bp_systolic,bp_systolic,0.16144,0.0057,NA,NA,0.9145874839750114,0.187279500329188,0.0346346812944492,0.0346346812944492,row,1.8850300000000042,1.528586320820915,False,False,False,UKB EUR
EUR_300k,bp_systolic,SBP,SBP,blood_pressure,sumrhe,-1,38,non_synonymous,Nonsynonymous,0.00458,0.00188,0.91714,0.4168,-3.41686e-07,1.53694e-07,-0.166479,0.069182,False,False,EUR_300k.UKB_local.local,local,EUR_300k,UKB_local,local,bp_systolic,bp_systolic,0.16144,0.0057,NA,NA,-0.1247861190941007,0.655641770114181,0.0309327615669455,0.0309327615669455,row,0.9171400000000008,0.9389556942991282,False,False,False,UKB EUR
EUR_300k,bp_systolic,SBP,SBP,blood_pressure,sumrhe,-1,45,Ancient_Sequence_Age_Human_Promoter_w_flanking,Ancient promoter age,0.00691,0.00133,2.78666,0.52237,4.77145e-07,2.41097e-07,0.165147,0.082251,False,False,EUR_300k.UKB_local.local,local,EUR_300k,UKB_local,local,bp_systolic,bp_systolic,0.16144,0.0057,NA,NA,1.4785369901573304,0.2704386643900468,0.01535970641723,0.01535970641723,row,2.786660000000007,1.92092588905051,False,False,False,UKB EUR
EUR_300k,alanine_aminotransferase,ALT,ALT,biochem_liver,sumrhe,-1,1,Coding_UCSC_w_flanking,Coding,0.03953,0.00558,2.26033,0.28148,8.9566e-08,1.44722e-07,0.0871792,0.134189,False,False,EUR_300k.UKB_local.local,local,EUR_300k,UKB_local,local,alanine_aminotransferase,alanine_aminotransferase,0.14983,0.01002,NA,NA,1.1765334162723835,0.1796595187912497,0.1167229313075666,0.1167229313075666,row,2.260330000000001,1.7050179967473262,False,False,False,UKB EUR
EUR_300k,alanine_aminotransferase,ALT,ALT,biochem_liver,sumrhe,-1,2,Conserved_LindbladToh_w_flanking,Conserved (LindbladToh),0.09085,0.00933,1.35349,0.09265,5.59791e-08,8.86313e-08,0.084387,0.125376,False,False,EUR_300k.UKB_local.local,local,EUR_300k,UKB_local,local,alanine_aminotransferase,alanine_aminotransferase,0.14983,0.01002,NA,NA,0.4366842285180011,0.0987563229417006,0.4479928685965508,0.4479928685965508,row,1.3534900000000003,1.2348017230160944,False,False,False,UKB EUR
EUR_300k,alanine_aminotransferase,ALT,ALT,biochem_liver,sumrhe,-1,6,DHS_Trynka_w_flanking,DHS + flank,0.10487,0.0092,1.15541,0.06108,-9.05424e-08,5.68545e-08,-0.13413,0.086337,False,False,EUR_300k.UKB_local.local,local,EUR_300k,UKB_local,local,alanine_aminotransferase,alanine_aminotransferase,0.14983,0.01002,NA,NA,0.2084048862784523,0.0762671372910896,0.6057820024590891,0.6057820024590891,row,1.15541,1.1079623234700329,False,False,False,UKB EUR
EUR_300k,alanine_aminotransferase,ALT,ALT,biochem_liver,sumrhe,-1,20,Promoter_UCSC_w_flanking,Promoter,0.02412,0.00511,2.10693,0.36129,-1.98248e-07,2.01261e-07,-0.159653,0.157158,False,False,EUR_300k.UKB_local.local,local,EUR_300k,UKB_local,local,alanine_aminotransferase,alanine_aminotransferase,0.14983,0.01002,NA,NA,1.0751423832912177,0.2473889931429964,0.0764061676339552,0.0764061676339552,row,2.106930000000002,1.6354897375040078,False,False,False,UKB EUR
EUR_300k,alanine_aminotransferase,ALT,ALT,biochem_liver,sumrhe,-1,29,GERP.NS,GERP.NS,0.44394,0.02349,1.14426,0.03246,-1.03876e-08,2.08296e-08,-0.0469242,0.0891282,False,False,EUR_300k.UKB_local.local,local,EUR_300k,UKB_local,local,alanine_aminotransferase,alanine_aminotransferase,0.14983,0.01002,NA,NA,0.1944149000988266,0.0409259093451276,2.5894097662142346,2.5894097662142346,row,1.14426,1.1004798488780037,False,False,False,UKB EUR
EUR_300k,alanine_aminotransferase,ALT,ALT,biochem_liver,sumrhe,-1,31,Backgrd_Selection_Stat,Background selection,0.03842,0.00254,1.44298,0.10989,2.8187e-07,2.4296e-07,0.159452,0.131746,False,False,EUR_300k.UKB_local.local,local,EUR_300k,UKB_local,local,alanine_aminotransferase,alanine_aminotransferase,0.14983,0.01002,NA,NA,0.5290513039172764,0.1098682989669213,0.1777044360560036,0.1777044360560036,row,1.4429800000000004,1.28864205270917,False,False,False,UKB EUR
EUR_300k,alanine_aminotransferase,ALT,ALT,biochem_liver,sumrhe,-1,32,CpG_Content_50kb,CpG content (50 kb),0.00208,0.00023,1.30569,0.05621,8.25376e-06,9.4109e-06,0.145878,0.156294,False,False,EUR_300k.UKB_local.local,local,EUR_300k,UKB_local,local,alanine_aminotransferase,alanine_aminotransferase,0.14983,0.01002,NA,NA,0.384812409479808,0.0621080717845496,0.0106322328067105,0.0106322328067105,row,1.3056900000000011,1.2051985556927514,False,False,False,UKB EUR
EUR_300k,alanine_aminotransferase,ALT,ALT,biochem_liver,sumrhe,-1,33,GTEx_eQTL_MaxCPP,GTEx eQTL MaxCPP,0.00556,0.0009,4.9992,0.77937,1.28075e-06,3.70079e-07,0.270465,0.0744587,False,False,EUR_300k.UKB_local.local,local,EUR_300k,UKB_local,local,alanine_aminotransferase,alanine_aminotransferase,0.14983,0.01002,NA,NA,2.321697245212353,0.2249146331448294,0.0074229323130998,0.0074229323130998,row,4.999200000000056,2.5847701285572886,False,False,False,UKB EUR
EUR_300k,alanine_aminotransferase,ALT,ALT,biochem_liver,sumrhe,-1,34,BLUEPRINT_H3K27acQTL_MaxCPP,BLUEPRINT H3K27ac QTL,0.00616,0.00086,2.3301,0.41683,1.66861e-07,2.17612e-07,0.0509218,0.0632924,False,False,EUR_300k.UKB_local.local,local,EUR_300k,UKB_local,local,alanine_aminotransferase,alanine_aminotransferase,0.14983,0.01002,NA,NA,1.220391871792974,0.2580827320259846,0.0176444194225953,0.0176444194225953,row,2.3301000000000087,1.7355655008214432,False,False,False,UKB EUR
EUR_300k,alanine_aminotransferase,ALT,ALT,biochem_liver,sumrhe,-1,35,BLUEPRINT_H3K4me1QTL_MaxCPP,BLUEPRINT H3K4me1 QTL,0.00484,0.00065,2.7429,0.58173,4.60133e-07,3.1332e-07,0.113523,0.0794078,False,False,EUR_300k.UKB_local.local,local,EUR_300k,UKB_local,local,alanine_aminotransferase,alanine_aminotransferase,0.14983,0.01002,NA,NA,1.4557020257100952,0.3059750578352607,0.0117770524070583,0.0117770524070583,row,2.742900000000007,1.9041565039067756,False,False,False,UKB EUR
EUR_300k,alanine_aminotransferase,ALT,ALT,biochem_liver,sumrhe,-1,36,BLUEPRINT_DNA_methylation_MaxCPP,BLUEPRINT methylation QTL,0.00834,0.00245,1.60842,0.35418,-2.65398e-07,2.23576e-07,-0.113965,0.0969759,False,False,EUR_300k.UKB_local.local,local,EUR_300k,UKB_local,local,alanine_aminotransferase,alanine_aminotransferase,0.14983,0.01002,NA,NA,0.6856441806449823,0.3176867544435241,0.0346073070649913,0.0346073070649913,row,1.6084200000000028,1.3831761867207868,False,False,False,UKB EUR
EUR_300k,alanine_aminotransferase,ALT,ALT,biochem_liver,sumrhe,-1,38,non_synonymous,Nonsynonymous,0.01354,0.00274,2.92095,0.72589,2.61757e-07,2.32381e-07,0.137388,0.118024,False,False,EUR_300k.UKB_local.local,local,EUR_300k,UKB_local,local,alanine_aminotransferase,alanine_aminotransferase,0.14983,0.01002,NA,NA,1.5464376627307916,0.3585264736578475,0.0309382512411914,0.0309382512411914,row,2.92095,1.9712032447078627,False,False,False,UKB EUR
EUR_300k,alanine_aminotransferase,ALT,ALT,biochem_liver,sumrhe,-1,45,Ancient_Sequence_Age_Human_Promoter_w_flanking,Ancient promoter age,0.01396,0.00334,6.06471,1.05621,4.33188e-07,4.34342e-07,0.161533,0.153881,False,False,EUR_300k.UKB_local.local,local,EUR_300k,UKB_local,local,alanine_aminotransferase,alanine_aminotransferase,0.14983,0.01002,NA,NA,2.6004386607514403,0.2512550359600594,0.0153630201438842,0.0153630201438842,row,6.06471000000003,2.8206303404390742,False,False,False,UKB EUR
EUR_300k,heel_bone_mineral_density,BMD,BMD,biochem_mineral,sumrhe,-1,1,Coding_UCSC_w_flanking,Coding,0.03967,0.00575,1.05731,0.11838,-5.75837e-07,1.93651e-07,-0.261263,0.0910221,False,False,EUR_300k.UKB_local.local,local,EUR_300k,UKB_local,local,heel_bone_mineral_density,heel_bone_mineral_density,0.3214,0.02283,NA,NA,0.0803984324370049,0.1615290113026789,0.1167384676416122,0.1167384676416122,row,1.0573100000000006,1.0407591987076559,False,False,False,UKB EUR
EUR_300k,heel_bone_mineral_density,BMD,BMD,biochem_mineral,sumrhe,-1,2,Conserved_LindbladToh_w_flanking,Conserved (LindbladToh),0.18496,0.01677,1.28469,0.08765,-2.15554e-07,1.97747e-07,-0.151462,0.133662,False,False,EUR_300k.UKB_local.local,local,EUR_300k,UKB_local,local,heel_bone_mineral_density,heel_bone_mineral_density,0.3214,0.02283,NA,NA,0.3614202742689251,0.0984301429402561,0.4479541874617458,0.4479541874617458,row,1.28469,1.1919984253257718,False,False,False,UKB EUR
EUR_300k,heel_bone_mineral_density,BMD,BMD,biochem_mineral,sumrhe,-1,6,DHS_Trynka_w_flanking,DHS + flank,0.23997,0.01734,1.23258,0.03255,-8.88243e-08,7.70837e-08,-0.0613346,0.0516087,False,False,EUR_300k.UKB_local.local,local,EUR_300k,UKB_local,local,heel_bone_mineral_density,heel_bone_mineral_density,0.3214,0.02283,NA,NA,0.3016812870556765,0.0380987226637912,0.6057535424124866,0.6057535424124866,row,1.23258,1.1587118723388403,False,False,False,UKB EUR
EUR_300k,heel_bone_mineral_density,BMD,BMD,biochem_mineral,sumrhe,-1,20,Promoter_UCSC_w_flanking,Promoter,0.02857,0.00574,1.16306,0.20595,-2.78106e-07,2.22867e-07,-0.104396,0.0819512,False,False,EUR_300k.UKB_local.local,local,EUR_300k,UKB_local,local,heel_bone_mineral_density,heel_bone_mineral_density,0.3214,0.02283,NA,NA,0.2179255245580273,0.2554666514806476,0.0764297164259022,0.0764297164259022,row,1.163060000000001,1.113073684024764,False,False,False,UKB EUR
EUR_300k,heel_bone_mineral_density,BMD,BMD,biochem_mineral,sumrhe,-1,29,GERP.NS,GERP.NS,1.01295,0.09515,1.21719,0.0627,1.36146e-07,8.0737e-08,0.286672,0.154056,False,False,EUR_300k.UKB_local.local,local,EUR_300k,UKB_local,local,heel_bone_mineral_density,heel_bone_mineral_density,0.3214,0.02283,NA,NA,0.2835543863446468,0.0743162358084917,2.5893082832972736,2.5893082832972736,row,1.21719,1.1487324058897246,False,False,False,UKB EUR
EUR_300k,heel_bone_mineral_density,BMD,BMD,biochem_mineral,sumrhe,-1,31,Backgrd_Selection_Stat,Background selection,0.0729,0.00555,1.27623,0.05731,9.24224e-07,1.96881e-07,0.243709,0.05068,False,False,EUR_300k.UKB_local.local,local,EUR_300k,UKB_local,local,heel_bone_mineral_density,heel_bone_mineral_density,0.3214,0.02283,NA,NA,0.3518883525805274,0.0647852289895602,0.1777267121068767,0.1777267121068767,row,1.2762300000000002,1.186646341077971,False,False,False,UKB EUR
EUR_300k,heel_bone_mineral_density,BMD,BMD,biochem_mineral,sumrhe,-1,32,CpG_Content_50kb,CpG content (50 kb),0.00398,0.00026,1.16416,0.05911,2.12609e-05,1.60977e-05,0.175156,0.126167,False,False,EUR_300k.UKB_local.local,local,EUR_300k,UKB_local,local,heel_bone_mineral_density,heel_bone_mineral_density,0.3214,0.02283,NA,NA,0.2192893532146747,0.0732525631072589,0.0106371314613464,0.0106371314613464,row,1.1641600000000043,1.113807163986109,False,False,False,UKB EUR
EUR_300k,heel_bone_mineral_density,BMD,BMD,biochem_mineral,sumrhe,-1,33,GTEx_eQTL_MaxCPP,GTEx eQTL MaxCPP,0.00477,0.00084,2.00396,0.25296,1.91116e-07,2.81668e-07,0.0187983,0.0265098,False,False,EUR_300k.UKB_local.local,local,EUR_300k,UKB_local,local,heel_bone_mineral_density,heel_bone_mineral_density,0.3214,0.02283,NA,NA,1.002853711937528,0.1821114880253459,0.0074059957426175,0.0074059957426175,row,2.003960000000012,1.5868656024041727,False,False,False,UKB EUR
EUR_300k,heel_bone_mineral_density,BMD,BMD,biochem_mineral,sumrhe,-1,34,BLUEPRINT_H3K27acQTL_MaxCPP,BLUEPRINT H3K27ac QTL,0.0078,0.00212,1.37632,0.35678,-4.55444e-07,4.63527e-07,-0.0647846,0.0604048,False,False,EUR_300k.UKB_local.local,local,EUR_300k,UKB_local,local,heel_bone_mineral_density,heel_bone_mineral_density,0.3214,0.02283,NA,NA,0.4608159415078378,0.3739862362592742,0.0176331259412472,0.0176331259412472,row,1.3763200000000013,1.2487291254179296,False,False,False,UKB EUR
EUR_300k,heel_bone_mineral_density,BMD,BMD,biochem_mineral,sumrhe,-1,35,BLUEPRINT_H3K4me1QTL_MaxCPP,BLUEPRINT H3K4me1 QTL,0.00629,0.00089,1.66076,0.27155,-2.65383e-08,2.98403e-07,-0.00305208,0.0326488,False,False,EUR_300k.UKB_local.local,local,EUR_300k,UKB_local,local,heel_bone_mineral_density,heel_bone_mineral_density,0.3214,0.02283,NA,NA,0.7318436013996005,0.2358943124553807,0.0117841400926751,0.0117841400926751,row,1.660760000000003,1.4118383854352796,False,False,False,UKB EUR
EUR_300k,heel_bone_mineral_density,BMD,BMD,biochem_mineral,sumrhe,-1,36,BLUEPRINT_DNA_methylation_MaxCPP,BLUEPRINT methylation QTL,0.01916,0.00288,1.72201,0.22012,1.76914e-07,2.85417e-07,0.0354112,0.0546431,False,False,EUR_300k.UKB_local.local,local,EUR_300k,UKB_local,local,heel_bone_mineral_density,heel_bone_mineral_density,0.3214,0.02283,NA,NA,0.7840935207304126,0.1844159049021078,0.0346189557132744,0.0346189557132744,row,1.7220100000000045,1.4446723669609065,False,False,False,UKB EUR
EUR_300k,heel_bone_mineral_density,BMD,BMD,biochem_mineral,sumrhe,-1,38,non_synonymous,Nonsynonymous,0.01178,0.0026,1.18458,0.2875,-1.58486e-07,2.99858e-07,-0.0387764,0.0689918,False,False,EUR_300k.UKB_local.local,local,EUR_300k,UKB_local,local,heel_bone_mineral_density,heel_bone_mineral_density,0.3214,0.02283,NA,NA,0.2443756335345956,0.3501450507821987,0.0309410481837431,0.0309410481837431,row,1.1845800000000015,1.127355938691249,False,False,False,UKB EUR
EUR_300k,heel_bone_mineral_density,BMD,BMD,biochem_mineral,sumrhe,-1,45,Ancient_Sequence_Age_Human_Promoter_w_flanking,Ancient promoter age,0.00869,0.0024,1.75983,0.36327,1.83686e-07,4.70975e-07,0.0319292,0.0783934,False,False,EUR_300k.UKB_local.local,local,EUR_300k,UKB_local,local,heel_bone_mineral_density,heel_bone_mineral_density,0.3214,0.02283,NA,NA,0.815436070906568,0.297805940064514,0.015363960683522,0.015363960683522,row,1.7598300000000073,1.4645794026155852,False,False,False,UKB EUR
EUR_300k,creatinine,CRT,CRT,biochem_kidney,sumrhe,-1,1,Coding_UCSC_w_flanking,Coding,0.0601,0.00661,2.24164,0.37435,-1.68822e-07,3.18121e-07,-0.107195,0.188834,False,False,EUR_300k.UKB_local.local,local,EUR_300k,UKB_local,local,creatinine,creatinine,0.22969,0.01095,NA,NA,1.1645546046745348,0.2409275747027995,0.1167257079540235,0.1167257079540235,row,2.241640000000001,1.6967238814005026,False,False,False,UKB EUR
EUR_300k,creatinine,CRT,CRT,biochem_kidney,sumrhe,-1,2,Conserved_LindbladToh_w_flanking,Conserved (LindbladToh),0.15244,0.00902,1.48156,0.07243,1.83475e-07,1.39367e-07,0.180423,0.126003,False,False,EUR_300k.UKB_local.local,local,EUR_300k,UKB_local,local,creatinine,creatinine,0.22969,0.01095,NA,NA,0.5671170535348673,0.0705299831337155,0.4479583209892566,0.4479583209892566,row,1.48156,1.311247337027129,False,False,False,UKB EUR
EUR_300k,creatinine,CRT,CRT,biochem_kidney,sumrhe,-1,6,DHS_Trynka_w_flanking,DHS + flank,0.17163,0.0114,1.23352,0.06209,-7.752e-08,1.07203e-07,-0.0749122,0.098783,False,False,EUR_300k.UKB_local.local,local,EUR_300k,UKB_local,local,creatinine,creatinine,0.22969,0.01095,NA,NA,0.30278110734205,0.0726189563921101,0.6057660354150921,0.6057660354150921,row,1.23352,1.1593191732763297,False,False,False,UKB EUR
EUR_300k,creatinine,CRT,CRT,biochem_kidney,sumrhe,-1,20,Promoter_UCSC_w_flanking,Promoter,0.03116,0.0061,1.77504,0.35218,-4.96949e-07,3.04271e-07,-0.26107,0.15309,False,False,EUR_300k.UKB_local.local,local,EUR_300k,UKB_local,local,creatinine,creatinine,0.22969,0.01095,NA,NA,0.8278515356885403,0.2862405013409699,0.0764270711930549,0.0764270711930549,row,1.775040000000001,1.4725085669170603,False,False,False,UKB EUR
EUR_300k,creatinine,CRT,CRT,biochem_kidney,sumrhe,-1,29,GERP.NS,GERP.NS,0.72765,0.03111,1.22345,0.04669,3.33106e-08,3.85964e-08,0.0981592,0.110814,False,False,EUR_300k.UKB_local.local,local,EUR_300k,UKB_local,local,creatinine,creatinine,0.22969,0.01095,NA,NA,0.2909551425075949,0.0550569548891296,2.589370647548044,2.589370647548044,row,1.2234499999999997,1.1527999623403737,False,False,False,UKB EUR
EUR_300k,creatinine,CRT,CRT,biochem_kidney,sumrhe,-1,31,Backgrd_Selection_Stat,Background selection,0.06692,0.0054,1.63938,0.14007,1.23427e-06,4.6023e-07,0.455471,0.153904,False,False,EUR_300k.UKB_local.local,local,EUR_300k,UKB_local,local,creatinine,creatinine,0.22969,0.01095,NA,NA,0.7131503026209216,0.1232650723915853,0.1777191437034239,0.1777191437034239,row,1.63938,1.400199075047983,False,False,False,UKB EUR
EUR_300k,creatinine,CRT,CRT,biochem_kidney,sumrhe,-1,32,CpG_Content_50kb,CpG content (50 kb),0.00316,0.00013,1.29605,0.07076,1.78301e-05,1.69627e-05,0.205577,0.18058,False,False,EUR_300k.UKB_local.local,local,EUR_300k,UKB_local,local,creatinine,creatinine,0.22969,0.01095,NA,NA,0.3741213766797844,0.0787663293031156,0.0106150791912873,0.0106150791912873,row,1.2960500000000004,1.1991540592464478,False,False,False,UKB EUR
EUR_300k,creatinine,CRT,CRT,biochem_kidney,sumrhe,-1,33,GTEx_eQTL_MaxCPP,GTEx eQTL MaxCPP,0.01037,0.00197,6.08295,1.18033,2.6824e-06,9.27399e-07,0.369518,0.116719,False,False,EUR_300k.UKB_local.local,local,EUR_300k,UKB_local,local,creatinine,creatinine,0.22969,0.01095,NA,NA,2.6047711457439453,0.2799392133113819,0.0074220251547383,0.0074220251547383,row,6.082950000000075,2.8243503580428237,False,False,False,UKB EUR
EUR_300k,creatinine,CRT,CRT,biochem_kidney,sumrhe,-1,34,BLUEPRINT_H3K27acQTL_MaxCPP,BLUEPRINT H3K27ac QTL,0.01049,0.00195,2.58888,0.63315,2.88627e-07,3.89079e-07,0.057458,0.0731191,False,False,EUR_300k.UKB_local.local,local,EUR_300k,UKB_local,local,creatinine,creatinine,0.22969,0.01095,NA,NA,1.3723280948567338,0.352833026304366,0.017640930135097,0.017640930135097,row,2.5888800000000107,1.843533685121338,False,False,False,UKB EUR
EUR_300k,creatinine,CRT,CRT,biochem_kidney,sumrhe,-1,35,BLUEPRINT_H3K4me1QTL_MaxCPP,BLUEPRINT H3K4me1 QTL,0.009,0.00265,3.32272,1.12267,1.02809e-06,9.13603e-07,0.165462,0.139327,False,False,EUR_300k.UKB_local.local,local,EUR_300k,UKB_local,local,creatinine,creatinine,0.22969,0.01095,NA,NA,1.7323647246786784,0.487453183402397,0.0117925214839248,0.0117925214839248,row,3.322720000000018,2.111939390086691,False,False,False,UKB EUR
EUR_300k,creatinine,CRT,CRT,biochem_kidney,sumrhe,-1,36,BLUEPRINT_DNA_methylation_MaxCPP,BLUEPRINT methylation QTL,0.01798,0.00221,2.26084,0.25653,1.61132e-07,2.36687e-07,0.0451359,0.0626167,False,False,EUR_300k.UKB_local.local,local,EUR_300k,UKB_local,local,creatinine,creatinine,0.22969,0.01095,NA,NA,1.1768588959486503,0.1636978109195015,0.0346240424302226,0.0346240424302226,row,2.2608400000000044,1.7052436539445341,False,False,False,UKB EUR
EUR_300k,creatinine,CRT,CRT,biochem_kidney,sumrhe,-1,38,non_synonymous,Nonsynonymous,0.01817,0.00427,2.5566,0.6702,1.84744e-07,3.77229e-07,0.0632604,0.120299,False,False,EUR_300k.UKB_local.local,local,EUR_300k,UKB_local,local,creatinine,creatinine,0.22969,0.01095,NA,NA,1.354226457349926,0.3781953439739433,0.0309421192086131,0.0309421192086131,row,2.556600000000007,1.8304987279937373,False,False,False,UKB EUR
EUR_300k,creatinine,CRT,CRT,biochem_kidney,sumrhe,-1,45,Ancient_Sequence_Age_Human_Promoter_w_flanking,Ancient promoter age,0.01683,0.00328,4.76769,1.07633,5.11694e-07,5.36171e-07,0.124478,0.125117,False,False,EUR_300k.UKB_local.local,local,EUR_300k,UKB_local,local,creatinine,creatinine,0.22969,0.01095,NA,NA,2.253290433366725,0.3256956625451777,0.0153685897912982,0.0153685897912982,row,4.76769000000003,2.527993625140221,False,False,False,UKB EUR
EUR_300k,diastolic_blood_pressure,DBP,DBP,blood_pressure,sumrhe,-1,1,Coding_UCSC_w_flanking,Coding,0.02558,0.00228,1.43645,0.15979,-1.30469e-07,9.56637e-08,-0.124744,0.0860601,False,False,EUR_300k.UKB_local.local,local,EUR_300k,UKB_local,local,diastolic_blood_pressure,diastolic_blood_pressure,0.15254,0.0063,NA,NA,0.5225077763668068,0.160484695313897,0.1167417728985233,0.1167417728985233,row,1.436450000000001,1.2847806163360151,False,False,False,UKB EUR
EUR_300k,diastolic_blood_pressure,DBP,DBP,blood_pressure,sumrhe,-1,2,Conserved_LindbladToh_w_flanking,Conserved (LindbladToh),0.08652,0.00451,1.26607,0.0552,-1.62903e-08,8.51982e-08,-0.0241214,0.120999,False,False,EUR_300k.UKB_local.local,local,EUR_300k,UKB_local,local,diastolic_blood_pressure,diastolic_blood_pressure,0.15254,0.0063,NA,NA,0.3403571724289871,0.0629007608244968,0.4479969430660371,0.4479969430660371,row,1.26607,1.180192427395433,False,False,False,UKB EUR
EUR_300k,diastolic_blood_pressure,DBP,DBP,blood_pressure,sumrhe,-1,6,DHS_Trynka_w_flanking,DHS + flank,0.10759,0.00511,1.16438,0.04638,-3.10188e-08,2.5969e-08,-0.0451358,0.0359091,False,False,EUR_300k.UKB_local.local,local,EUR_300k,UKB_local,local,diastolic_blood_pressure,diastolic_blood_pressure,0.15254,0.0063,NA,NA,0.2195619643013984,0.0574659441045278,0.6057500076575945,0.6057500076575945,row,1.16438,1.1139538152400017,False,False,False,UKB EUR
EUR_300k,diastolic_blood_pressure,DBP,DBP,blood_pressure,sumrhe,-1,20,Promoter_UCSC_w_flanking,Promoter,0.01537,0.00205,1.31835,0.15853,-1.50357e-07,9.85257e-08,-0.118942,0.0735,False,False,EUR_300k.UKB_local.local,local,EUR_300k,UKB_local,local,diastolic_blood_pressure,diastolic_blood_pressure,0.15254,0.0063,NA,NA,0.3987334327369807,0.1734823414359824,0.0764292155146692,0.0764292155146692,row,1.3183500000000015,1.2130983856484805,False,False,False,UKB EUR
EUR_300k,diastolic_blood_pressure,DBP,DBP,blood_pressure,sumrhe,-1,29,GERP.NS,GERP.NS,0.47232,0.0224,1.19576,0.03967,4.94882e-08,2.10244e-08,0.219589,0.0879683,False,False,EUR_300k.UKB_local.local,local,EUR_300k,UKB_local,local,diastolic_blood_pressure,diastolic_blood_pressure,0.15254,0.0063,NA,NA,0.2579278564633221,0.0478622066903602,2.5894562167383275,2.5894562167383275,row,1.19576,1.1347203741373817,False,False,False,UKB EUR
EUR_300k,diastolic_blood_pressure,DBP,DBP,blood_pressure,sumrhe,-1,31,Backgrd_Selection_Stat,Background selection,0.03643,0.00197,1.34379,0.07046,4.80296e-07,1.5337e-07,0.266879,0.079579,False,False,EUR_300k.UKB_local.local,local,EUR_300k,UKB_local,local,diastolic_blood_pressure,diastolic_blood_pressure,0.15254,0.0063,NA,NA,0.4263076994036762,0.0756459659478313,0.1777231590554862,0.1777231590554862,row,1.3437900000000005,1.2288433122811402,False,False,False,UKB EUR
EUR_300k,diastolic_blood_pressure,DBP,DBP,blood_pressure,sumrhe,-1,32,CpG_Content_50kb,CpG content (50 kb),0.00187,9e-05,1.15471,0.03615,5.23893e-06,5.16695e-06,0.0909537,0.0830927,False,False,EUR_300k.UKB_local.local,local,EUR_300k,UKB_local,local,diastolic_blood_pressure,diastolic_blood_pressure,0.15254,0.0063,NA,NA,0.2075305710398231,0.045165821486032,0.0106165873558577,0.0106165873558577,row,1.15471,1.1074937116738408,False,False,False,UKB EUR
EUR_300k,diastolic_blood_pressure,DBP,DBP,blood_pressure,sumrhe,-1,33,GTEx_eQTL_MaxCPP,GTEx eQTL MaxCPP,0.00359,0.00078,3.1767,0.65662,5.98188e-07,3.49311e-07,0.12408,0.0677924,False,False,EUR_300k.UKB_local.local,local,EUR_300k,UKB_local,local,diastolic_blood_pressure,diastolic_blood_pressure,0.15254,0.0063,NA,NA,1.667528851792568,0.2982032983122458,0.0074085719587928,0.0074085719587928,row,3.1767000000000305,2.0623635227069474,False,False,False,UKB EUR
EUR_300k,diastolic_blood_pressure,DBP,DBP,blood_pressure,sumrhe,-1,34,BLUEPRINT_H3K27acQTL_MaxCPP,BLUEPRINT H3K27ac QTL,0.00388,0.00063,1.44213,0.21132,-1.86073e-07,1.33021e-07,-0.0557765,0.0373583,False,False,EUR_300k.UKB_local.local,local,EUR_300k,UKB_local,local,diastolic_blood_pressure,diastolic_blood_pressure,0.15254,0.0063,NA,NA,0.528201221376066,0.2114027972794795,0.0176377658227122,0.0176377658227122,row,1.4421300000000008,1.288140000228415,False,False,False,UKB EUR
EUR_300k,diastolic_blood_pressure,DBP,DBP,blood_pressure,sumrhe,-1,35,BLUEPRINT_H3K4me1QTL_MaxCPP,BLUEPRINT H3K4me1 QTL,0.00288,0.00041,1.60184,0.2934,-1.04156e-07,2.01369e-07,-0.0252408,0.0463762,False,False,EUR_300k.UKB_local.local,local,EUR_300k,UKB_local,local,diastolic_blood_pressure,diastolic_blood_pressure,0.15254,0.0063,NA,NA,0.6797300511583202,0.2642503152604641,0.0117866289351355,0.0117866289351355,row,1.6018400000000004,1.3795322463355422,False,False,False,UKB EUR
EUR_300k,diastolic_blood_pressure,DBP,DBP,blood_pressure,sumrhe,-1,36,BLUEPRINT_DNA_methylation_MaxCPP,BLUEPRINT methylation QTL,0.00923,0.00142,1.74844,0.18506,6.37769e-08,1.39212e-07,0.0269003,0.0559908,False,False,EUR_300k.UKB_local.local,local,EUR_300k,UKB_local,local,diastolic_blood_pressure,diastolic_blood_pressure,0.15254,0.0063,NA,NA,0.8060682889222891,0.1526990598859049,0.0346072607721844,0.0346072607721844,row,1.7484400000000018,1.4586129848705665,False,False,False,UKB EUR
EUR_300k,diastolic_blood_pressure,DBP,DBP,blood_pressure,sumrhe,-1,38,non_synonymous,Nonsynonymous,0.00617,0.00173,1.30623,0.4145,-2.49842e-07,1.30513e-07,-0.128828,0.0654704,False,False,EUR_300k.UKB_local.local,local,EUR_300k,UKB_local,local,diastolic_blood_pressure,diastolic_blood_pressure,0.15254,0.0063,NA,NA,0.3854089479137415,0.4578038281531394,0.0309657617534581,0.0309657617534581,row,1.3062300000000013,1.2055363999422788,False,False,False,UKB EUR
EUR_300k,diastolic_blood_pressure,DBP,DBP,blood_pressure,sumrhe,-1,45,Ancient_Sequence_Age_Human_Promoter_w_flanking,Ancient promoter age,0.00648,0.00119,2.76521,0.54773,2.87115e-07,2.02832e-07,0.10517,0.0713919,False,False,EUR_300k.UKB_local.local,local,EUR_300k,UKB_local,local,diastolic_blood_pressure,diastolic_blood_pressure,0.15254,0.0063,NA,NA,1.4673890480744969,0.2857675745227711,0.0153625441866184,0.0153625441866184,row,2.765210000000013,1.9127303316992406,False,False,False,UKB EUR
EUR_300k,educational_qualification,EA,EA,behavior_cognitive,sumrhe,-1,1,Coding_UCSC_w_flanking,Coding,0.02216,0.00319,0.77095,0.08254,-5.57395e-07,7.81098e-08,-0.33015,0.0365986,False,False,EUR_300k.UKB_local.local,local,EUR_300k,UKB_local,local,educational_qualification,educational_qualification,0.24623,0.0077,NA,NA,-0.3752907977705875,0.1544588477527401,0.1167354006479188,0.1167354006479188,row,0.7709500000000004,0.8245234804295561,False,False,False,UKB EUR
EUR_300k,educational_qualification,EA,EA,behavior_cognitive,sumrhe,-1,2,Conserved_LindbladToh_w_flanking,Conserved (LindbladToh),0.13134,0.00448,1.1907,0.03932,2.13033e-08,5.87802e-08,0.0195414,0.0508555,False,False,EUR_300k.UKB_local.local,local,EUR_300k,UKB_local,local,educational_qualification,educational_qualification,0.24623,0.0077,NA,NA,0.2518099681715398,0.0476415293589939,0.4479749124225929,0.4479749124225929,row,1.1907000000000003,1.1313919315459082,False,False,False,UKB EUR
EUR_300k,educational_qualification,EA,EA,behavior_cognitive,sumrhe,-1,6,DHS_Trynka_w_flanking,DHS + flank,0.15574,0.00689,1.04407,0.04727,7.68396e-08,6.39551e-08,0.0692658,0.0547772,False,False,EUR_300k.UKB_local.local,local,EUR_300k,UKB_local,local,educational_qualification,educational_qualification,0.24623,0.0077,NA,NA,0.0622184410911103,0.065317645926826,0.6058004452855771,0.6058004452855771,row,1.0440699999999998,1.0314446027939508,False,False,False,UKB EUR
EUR_300k,educational_qualification,EA,EA,behavior_cognitive,sumrhe,-1,20,Promoter_UCSC_w_flanking,Promoter,0.01361,0.00408,0.72346,0.20216,-2.77506e-07,1.88814e-07,-0.135995,0.0862914,False,False,EUR_300k.UKB_local.local,local,EUR_300k,UKB_local,local,educational_qualification,educational_qualification,0.24623,0.0077,NA,NA,-0.4670148423279218,0.4031393988141885,0.0764016320920015,0.0764016320920015,row,0.7234600000000007,0.7853078154030048,False,False,False,UKB EUR
EUR_300k,educational_qualification,EA,EA,behavior_cognitive,sumrhe,-1,29,GERP.NS,GERP.NS,0.75164,0.02136,1.17884,0.03184,1.31211e-07,2.02154e-08,0.360676,0.056698,False,False,EUR_300k.UKB_local.local,local,EUR_300k,UKB_local,local,educational_qualification,educational_qualification,0.24623,0.0077,NA,NA,0.2373679194450664,0.0389666198143128,2.5894889077469774,2.5894889077469774,row,1.17884,1.1235602580959885,False,False,False,UKB EUR
EUR_300k,educational_qualification,EA,EA,behavior_cognitive,sumrhe,-1,31,Backgrd_Selection_Stat,Background selection,0.04892,0.00339,1.11779,0.07317,4.40393e-07,2.7674e-07,0.151595,0.0875628,False,False,EUR_300k.UKB_local.local,local,EUR_300k,UKB_local,local,educational_qualification,educational_qualification,0.24623,0.0077,NA,NA,0.1606491734977226,0.0944381289346348,0.1777400357865028,0.1777400357865028,row,1.1177900000000005,1.0825595388207414,False,False,False,UKB EUR
EUR_300k,educational_qualification,EA,EA,behavior_cognitive,sumrhe,-1,32,CpG_Content_50kb,CpG content (50 kb),0.00265,8e-05,1.01377,0.02613,1.27183e-05,6.68522e-06,0.136787,0.0617549,False,False,EUR_300k.UKB_local.local,local,EUR_300k,UKB_local,local,educational_qualification,educational_qualification,0.24623,0.0077,NA,NA,0.0197303767026678,0.0371855760364072,0.0106161115586928,0.0106161115586928,row,1.0137700000000027,1.009898917303061,False,False,False,UKB EUR
EUR_300k,educational_qualification,EA,EA,behavior_cognitive,sumrhe,-1,33,GTEx_eQTL_MaxCPP,GTEx eQTL MaxCPP,0.00356,0.00088,1.95101,0.45367,4.08332e-07,3.94524e-07,0.0524708,0.0475286,False,False,EUR_300k.UKB_local.local,local,EUR_300k,UKB_local,local,educational_qualification,educational_qualification,0.24623,0.0077,NA,NA,0.9642211725719704,0.3354710940487727,0.0074105345681888,0.0074105345681888,row,1.9510100000000041,1.5612088095960708,False,False,False,UKB EUR
EUR_300k,educational_qualification,EA,EA,behavior_cognitive,sumrhe,-1,34,BLUEPRINT_H3K27acQTL_MaxCPP,BLUEPRINT H3K27ac QTL,0.00485,0.00072,1.11725,0.12486,-1.56522e-07,1.52567e-07,-0.0290657,0.0267452,False,False,EUR_300k.UKB_local.local,local,EUR_300k,UKB_local,local,educational_qualification,educational_qualification,0.24623,0.0077,NA,NA,0.1599520447329231,0.1612306133858992,0.0176299227844823,0.0176299227844823,row,1.1172500000000039,1.0821916295087648,False,False,False,UKB EUR
EUR_300k,educational_qualification,EA,EA,behavior_cognitive,sumrhe,-1,35,BLUEPRINT_H3K4me1QTL_MaxCPP,BLUEPRINT H3K4me1 QTL,0.00323,0.00064,1.11305,0.2153,-2.3743e-07,2.31963e-07,-0.0356446,0.0331242,False,False,EUR_300k.UKB_local.local,local,EUR_300k,UKB_local,local,educational_qualification,educational_qualification,0.24623,0.0077,NA,NA,0.1545184023221147,0.2790640513035298,0.0117854693638794,0.0117854693638794,row,1.1130500000000052,1.0793269054170096,False,False,False,UKB EUR
EUR_300k,educational_qualification,EA,EA,behavior_cognitive,sumrhe,-1,36,BLUEPRINT_DNA_methylation_MaxCPP,BLUEPRINT methylation QTL,0.00902,0.00164,1.05863,0.15622,-2.64428e-07,1.84867e-07,-0.0690936,0.043451,False,False,EUR_300k.UKB_local.local,local,EUR_300k,UKB_local,local,educational_qualification,educational_qualification,0.24623,0.0077,NA,NA,0.0821984434968782,0.2128957419378573,0.0346036073472679,0.0346036073472679,row,1.058630000000001,1.041684555986558,False,False,False,UKB EUR
EUR_300k,educational_qualification,EA,EA,behavior_cognitive,sumrhe,-1,38,non_synonymous,Nonsynonymous,0.00533,0.00241,0.69934,0.31191,-3.35943e-07,1.89215e-07,-0.107312,0.0540836,False,False,EUR_300k.UKB_local.local,local,EUR_300k,UKB_local,local,educational_qualification,educational_qualification,0.24623,0.0077,NA,NA,-0.5159340698206143,0.6434509826460328,0.0309526526958208,0.0309526526958208,row,0.6993400000000004,0.764974532475016,False,False,False,UKB EUR
EUR_300k,educational_qualification,EA,EA,behavior_cognitive,sumrhe,-1,45,Ancient_Sequence_Age_Human_Promoter_w_flanking,Ancient promoter age,0.00719,0.00127,1.90077,0.34062,8.53108e-07,3.06555e-07,0.193588,0.0616614,False,False,EUR_300k.UKB_local.local,local,EUR_300k,UKB_local,local,educational_qualification,educational_qualification,0.24623,0.0077,NA,NA,0.9265839712635338,0.2585324814825563,0.0153623747978232,0.0153623747978232,row,1.9007700000000018,1.536435909802048,False,False,False,UKB EUR
EUR_300k,fluid_intelligence_score,FI,FI,behavior_cognitive,sumrhe,-1,1,Coding_UCSC_w_flanking,Coding,0.03547,0.00499,1.11954,0.15781,-4.27031e-07,1.56201e-07,-0.229498,0.0805383,False,False,EUR_300k.UKB_local.local,local,EUR_300k,UKB_local,local,fluid_intelligence_score,fluid_intelligence_score,0.27138,0.00878,NA,NA,0.1629060751049395,0.2033618311116059,0.1167464639115457,0.1167464639115457,row,1.11954,1.0837511932187223,False,False,False,UKB EUR
EUR_300k,fluid_intelligence_score,FI,FI,behavior_cognitive,sumrhe,-1,2,Conserved_LindbladToh_w_flanking,Conserved (LindbladToh),0.15415,0.00732,1.26802,0.06029,8.09393e-08,9.94893e-08,0.067366,0.0786734,False,False,EUR_300k.UKB_local.local,local,EUR_300k,UKB_local,local,fluid_intelligence_score,fluid_intelligence_score,0.27138,0.00878,NA,NA,0.342577500740148,0.0685951988258825,0.4479603624538512,0.4479603624538512,row,1.2680200000000001,1.1814333624025388,False,False,False,UKB EUR
EUR_300k,fluid_intelligence_score,FI,FI,behavior_cognitive,sumrhe,-1,6,DHS_Trynka_w_flanking,DHS + flank,0.16622,0.00832,1.01108,0.04618,-9.0802e-08,1.1132e-07,-0.0742676,0.0854415,False,False,EUR_300k.UKB_local.local,local,EUR_300k,UKB_local,local,fluid_intelligence_score,fluid_intelligence_score,0.27138,0.00878,NA,NA,0.0158971525694322,0.0658935563835229,0.6057869592737656,0.6057869592737656,row,1.01108,1.0079704726465697,False,False,False,UKB EUR
EUR_300k,fluid_intelligence_score,FI,FI,behavior_cognitive,sumrhe,-1,20,Promoter_UCSC_w_flanking,Promoter,0.01805,0.00393,0.87043,0.1579,-3.42437e-07,1.41783e-07,-0.152265,0.0592696,False,False,EUR_300k.UKB_local.local,local,EUR_300k,UKB_local,local,fluid_intelligence_score,fluid_intelligence_score,0.27138,0.00878,NA,NA,-0.2001998139133503,0.2617115069062042,0.0764126950241315,0.0764126950241315,row,0.8704300000000004,0.9033699746871537,False,False,False,UKB EUR
EUR_300k,fluid_intelligence_score,FI,FI,behavior_cognitive,sumrhe,-1,29,GERP.NS,GERP.NS,0.84926,0.0344,1.20853,0.03928,1.42065e-07,3.78441e-08,0.354328,0.0881451,False,False,EUR_300k.UKB_local.local,local,EUR_300k,UKB_local,local,fluid_intelligence_score,fluid_intelligence_score,0.27138,0.00878,NA,NA,0.2732532863546584,0.0468909015135068,2.589437276471498,2.589437276471498,row,1.20853,1.1430864296419414,False,False,False,UKB EUR
EUR_300k,fluid_intelligence_score,FI,FI,behavior_cognitive,sumrhe,-1,31,Backgrd_Selection_Stat,Background selection,0.05757,0.00346,1.19353,0.07331,6.89427e-07,2.90722e-07,0.215329,0.0827561,False,False,EUR_300k.UKB_local.local,local,EUR_300k,UKB_local,local,fluid_intelligence_score,fluid_intelligence_score,0.27138,0.00878,NA,NA,0.2552348297688966,0.0886144239755765,0.1777399491675601,0.1777399491675601,row,1.1935299999999998,1.13325443763376,False,False,False,UKB EUR
EUR_300k,fluid_intelligence_score,FI,FI,behavior_cognitive,sumrhe,-1,32,CpG_Content_50kb,CpG content (50 kb),0.00294,0.00014,1.01904,0.0251,9.96656e-06,8.16243e-06,0.0972592,0.0748468,False,False,EUR_300k.UKB_local.local,local,EUR_300k,UKB_local,local,fluid_intelligence_score,fluid_intelligence_score,0.27138,0.00878,NA,NA,0.027210682189722,0.035535058021582,0.0106311014060581,0.0106311014060581,row,1.0190400000000086,1.0136694927545808,False,False,False,UKB EUR
EUR_300k,fluid_intelligence_score,FI,FI,behavior_cognitive,sumrhe,-1,33,GTEx_eQTL_MaxCPP,GTEx eQTL MaxCPP,0.00457,0.00092,2.27187,0.39429,5.40916e-07,3.96163e-07,0.0630672,0.0436094,False,False,EUR_300k.UKB_local.local,local,EUR_300k,UKB_local,local,fluid_intelligence_score,fluid_intelligence_score,0.27138,0.00878,NA,NA,1.183880283908978,0.2503841450752505,0.0074123323751354,0.0074123323751354,row,2.2718700000000154,1.7101154273502062,False,False,False,UKB EUR
EUR_300k,fluid_intelligence_score,FI,FI,behavior_cognitive,sumrhe,-1,34,BLUEPRINT_H3K27acQTL_MaxCPP,BLUEPRINT H3K27ac QTL,0.00604,0.00099,1.26289,0.16361,-1.71951e-07,2.39993e-07,-0.0289721,0.0382116,False,False,EUR_300k.UKB_local.local,local,EUR_300k,UKB_local,local,fluid_intelligence_score,fluid_intelligence_score,0.27138,0.00878,NA,NA,0.3367289832539918,0.1869041132955707,0.0176235573498196,0.0176235573498196,row,1.262890000000004,1.1781664563186458,False,False,False,UKB EUR
EUR_300k,fluid_intelligence_score,FI,FI,behavior_cognitive,sumrhe,-1,35,BLUEPRINT_H3K4me1QTL_MaxCPP,BLUEPRINT H3K4me1 QTL,0.00506,0.00065,1.58269,0.21809,1.27134e-07,2.61629e-07,0.0173177,0.0339704,False,False,EUR_300k.UKB_local.local,local,EUR_300k,UKB_local,local,fluid_intelligence_score,fluid_intelligence_score,0.27138,0.00878,NA,NA,0.6623787038265718,0.1987991087752333,0.0117808552628145,0.0117808552628145,row,1.5826900000000015,1.3688744873187038,False,False,False,UKB EUR
EUR_300k,fluid_intelligence_score,FI,FI,behavior_cognitive,sumrhe,-1,36,BLUEPRINT_DNA_methylation_MaxCPP,BLUEPRINT methylation QTL,0.01004,0.00217,1.06883,0.20261,-4.16333e-07,2.47164e-07,-0.0987057,0.0527677,False,False,EUR_300k.UKB_local.local,local,EUR_300k,UKB_local,local,fluid_intelligence_score,fluid_intelligence_score,0.27138,0.00878,NA,NA,0.0960324071646999,0.2734807614255896,0.0346136373772072,0.0346136373772072,row,1.0688300000000026,1.0488151008608737,False,False,False,UKB EUR
EUR_300k,fluid_intelligence_score,FI,FI,behavior_cognitive,sumrhe,-1,38,non_synonymous,Nonsynonymous,0.00894,0.00207,1.06408,0.24085,-3.48155e-07,2.07831e-07,-0.100908,0.055054,False,False,EUR_300k.UKB_local.local,local,EUR_300k,UKB_local,local,fluid_intelligence_score,fluid_intelligence_score,0.27138,0.00878,NA,NA,0.0896066200727078,0.3265479104936723,0.0309588913628483,0.0309588913628483,row,1.06408,1.0454988880899423,False,False,False,UKB EUR
EUR_300k,fluid_intelligence_score,FI,FI,behavior_cognitive,sumrhe,-1,45,Ancient_Sequence_Age_Human_Promoter_w_flanking,Ancient promoter age,0.009,0.0013,2.15826,0.27349,1.23611e-06,3.77922e-07,0.254507,0.0660668,False,False,EUR_300k.UKB_local.local,local,EUR_300k,UKB_local,local,fluid_intelligence_score,fluid_intelligence_score,0.27138,0.00878,NA,NA,1.109868673035391,0.1828151690402095,0.0153660028526799,0.0153660028526799,row,2.1582600000000123,1.6591299442413308,False,False,False,UKB EUR
EUR_300k,hand_grip_strength,GRIP,GRIP,anthro_physical,sumrhe,-1,1,Coding_UCSC_w_flanking,Coding,0.02233,0.00245,1.18408,0.11468,-3.86076e-07,5.72682e-08,-0.348473,0.0526294,False,False,EUR_300k.UKB_local.local,local,EUR_300k,UKB_local,local,hand_grip_strength,hand_grip_strength,0.16158,0.00542,NA,NA,0.2437665570684429,0.1397272712056164,0.1167132260970748,0.1167132260970748,row,1.1840800000000005,1.1270257012621083,False,False,False,UKB EUR
EUR_300k,hand_grip_strength,GRIP,GRIP,anthro_physical,sumrhe,-1,2,Conserved_LindbladToh_w_flanking,Conserved (LindbladToh),0.08923,0.00532,1.23274,0.06191,-3.73543e-08,8.46392e-08,-0.0522156,0.112562,False,False,EUR_300k.UKB_local.local,local,EUR_300k,UKB_local,local,hand_grip_strength,hand_grip_strength,0.16158,0.00542,NA,NA,0.3018685497289735,0.0724542482449143,0.4479729605589423,0.4479729605589423,row,1.2327400000000004,1.1588152607663849,False,False,False,UKB EUR
EUR_300k,hand_grip_strength,GRIP,GRIP,anthro_physical,sumrhe,-1,6,DHS_Trynka_w_flanking,DHS + flank,0.11509,0.00489,1.17581,0.04857,3.58098e-08,5.20212e-08,0.0491908,0.0676734,False,False,EUR_300k.UKB_local.local,local,EUR_300k,UKB_local,local,hand_grip_strength,hand_grip_strength,0.16158,0.00542,NA,NA,0.2336549528583247,0.0595944056743665,0.6057770790941768,0.6057770790941768,row,1.17581,1.1215525804735127,False,False,False,UKB EUR
EUR_300k,hand_grip_strength,GRIP,GRIP,anthro_physical,sumrhe,-1,20,Promoter_UCSC_w_flanking,Promoter,0.01549,0.00304,1.25474,0.22931,-1.64611e-07,1.30385e-07,-0.12293,0.0913123,False,False,EUR_300k.UKB_local.local,local,EUR_300k,UKB_local,local,hand_grip_strength,hand_grip_strength,0.16158,0.00542,NA,NA,0.3273884481831771,0.2636597221944373,0.0764029400340619,0.0764029400340619,row,1.254740000000001,1.172961082111821,False,False,False,UKB EUR
EUR_300k,hand_grip_strength,GRIP,GRIP,anthro_physical,sumrhe,-1,29,GERP.NS,GERP.NS,0.49244,0.01339,1.17693,0.04029,4.79855e-08,1.78733e-08,0.201005,0.0753438,False,False,EUR_300k.UKB_local.local,local,EUR_300k,UKB_local,local,hand_grip_strength,hand_grip_strength,0.16158,0.00542,NA,NA,0.2350285160806542,0.0493879697156299,2.589495052955431,2.589495052955431,row,1.17693,1.1222950178722342,False,False,False,UKB EUR
EUR_300k,hand_grip_strength,GRIP,GRIP,anthro_physical,sumrhe,-1,31,Backgrd_Selection_Stat,Background selection,0.03787,0.00222,1.31853,0.07672,5.47044e-07,1.66861e-07,0.286956,0.0812904,False,False,EUR_300k.UKB_local.local,local,EUR_300k,UKB_local,local,hand_grip_strength,hand_grip_strength,0.16158,0.00542,NA,NA,0.398930396654765,0.0839446683329171,0.1777533055550587,0.1777533055550587,row,1.3185300000000002,1.2132103942005623,False,False,False,UKB EUR
EUR_300k,hand_grip_strength,GRIP,GRIP,anthro_physical,sumrhe,-1,32,CpG_Content_50kb,CpG content (50 kb),0.00194,9e-05,1.1317,0.035,8.96713e-06,5.2855e-06,0.146966,0.0775086,False,False,EUR_300k.UKB_local.local,local,EUR_300k,UKB_local,local,hand_grip_strength,hand_grip_strength,0.16158,0.00542,NA,NA,0.1784915678223105,0.0446181200239584,0.0106092042415423,0.0106092042415423,row,1.131700000000006,1.0920044179441828,False,False,False,UKB EUR
EUR_300k,hand_grip_strength,GRIP,GRIP,anthro_physical,sumrhe,-1,33,GTEx_eQTL_MaxCPP,GTEx eQTL MaxCPP,0.0026,0.00076,2.1687,0.60468,1.35606e-07,3.51873e-07,0.0265541,0.0654909,False,False,EUR_300k.UKB_local.local,local,EUR_300k,UKB_local,local,hand_grip_strength,hand_grip_strength,0.16158,0.00542,NA,NA,1.1168304963267108,0.4022542709110243,0.0074196986137828,0.0074196986137828,row,2.1687000000000127,1.66389107751759,False,False,False,UKB EUR
EUR_300k,hand_grip_strength,GRIP,GRIP,anthro_physical,sumrhe,-1,34,BLUEPRINT_H3K27acQTL_MaxCPP,BLUEPRINT H3K27ac QTL,0.00435,0.00087,1.52811,0.23275,-7.48897e-08,1.51689e-07,-0.0211922,0.0409088,False,False,EUR_300k.UKB_local.local,local,EUR_300k,UKB_local,local,hand_grip_strength,hand_grip_strength,0.16158,0.00542,NA,NA,0.6117483985716529,0.219740248258899,0.0176176117680669,0.0176176117680669,row,1.528110000000008,1.338059237645537,False,False,False,UKB EUR
EUR_300k,hand_grip_strength,GRIP,GRIP,anthro_physical,sumrhe,-1,35,BLUEPRINT_H3K4me1QTL_MaxCPP,BLUEPRINT H3K4me1 QTL,0.00322,0.00047,1.69021,0.25214,1.20406e-08,1.73254e-07,0.00275458,0.0377378,False,False,EUR_300k.UKB_local.local,local,EUR_300k,UKB_local,local,hand_grip_strength,hand_grip_strength,0.16158,0.00542,NA,NA,0.7572025051682981,0.2152165278928317,0.0117903745314189,0.0117903745314189,row,1.6902100000000053,1.4277187951363237,False,False,False,UKB EUR
EUR_300k,hand_grip_strength,GRIP,GRIP,anthro_physical,sumrhe,-1,36,BLUEPRINT_DNA_methylation_MaxCPP,BLUEPRINT methylation QTL,0.00956,0.00146,1.70931,0.15846,9.69508e-08,1.13621e-07,0.0386039,0.0433933,False,False,EUR_300k.UKB_local.local,local,EUR_300k,UKB_local,local,hand_grip_strength,hand_grip_strength,0.16158,0.00542,NA,NA,0.7734140675260315,0.1337437072147621,0.0346138139564808,0.0346138139564808,row,1.709310000000001,1.4379254765503735,False,False,False,UKB EUR
EUR_300k,hand_grip_strength,GRIP,GRIP,anthro_physical,sumrhe,-1,38,non_synonymous,Nonsynonymous,0.00671,0.00228,1.34267,0.47979,-5.62766e-08,2.19995e-07,-0.0273943,0.100802,False,False,EUR_300k.UKB_local.local,local,EUR_300k,UKB_local,local,hand_grip_strength,hand_grip_strength,0.16158,0.00542,NA,NA,0.4251047642850362,0.5155329706242902,0.030928982370575,0.030928982370575,row,1.34267,1.2281537434054608,False,False,False,UKB EUR
EUR_300k,hand_grip_strength,GRIP,GRIP,anthro_physical,sumrhe,-1,45,Ancient_Sequence_Age_Human_Promoter_w_flanking,Ancient promoter age,0.00736,0.00141,2.96536,0.48156,5.40996e-07,2.18479e-07,0.187076,0.0730059,False,False,EUR_300k.UKB_local.local,local,EUR_300k,UKB_local,local,hand_grip_strength,hand_grip_strength,0.16158,0.00542,NA,NA,1.568207261158196,0.2342866376731625,0.0153607628940255,0.0153607628940255,row,2.965360000000013,1.987451848687942,False,False,False,UKB EUR
EUR_300k,haemoglobin_concentration,Hb,Hb,hematology,sumrhe,-1,1,Coding_UCSC_w_flanking,Coding,0.04568,0.00405,2.03421,0.25044,-2.68513e-07,1.77437e-07,-0.203558,0.121221,False,False,EUR_300k.UKB_local.local,local,EUR_300k,UKB_local,local,haemoglobin_concentration,haemoglobin_concentration,0.19237,0.01443,NA,NA,1.0244686223221715,0.1776161487949779,0.1167328168003807,0.1167328168003807,row,2.0342100000000016,1.6013209390701455,False,False,False,UKB EUR
EUR_300k,haemoglobin_concentration,Hb,Hb,hematology,sumrhe,-1,2,Conserved_LindbladToh_w_flanking,Conserved (LindbladToh),0.11944,0.01294,1.38604,0.12611,-3.79917e-08,2.2504e-07,-0.044606,0.253608,False,False,EUR_300k.UKB_local.local,local,EUR_300k,UKB_local,local,haemoglobin_concentration,haemoglobin_concentration,0.19237,0.01443,NA,NA,0.4709688930948432,0.1312648059266018,0.4479573696763558,0.4479573696763558,row,1.38604,1.2546182288327725,False,False,False,UKB EUR
EUR_300k,haemoglobin_concentration,Hb,Hb,hematology,sumrhe,-1,6,DHS_Trynka_w_flanking,DHS + flank,0.13912,0.01091,1.19386,0.05643,-9.99788e-08,8.60923e-08,-0.115355,0.0976107,False,False,EUR_300k.UKB_local.local,local,EUR_300k,UKB_local,local,haemoglobin_concentration,haemoglobin_concentration,0.19237,0.01443,NA,NA,0.2556336664621268,0.0681916482312534,0.6057575314874111,0.6057575314874111,row,1.1938599999999997,1.1334714638677583,False,False,False,UKB EUR
EUR_300k,haemoglobin_concentration,Hb,Hb,hematology,sumrhe,-1,20,Promoter_UCSC_w_flanking,Promoter,0.0282,0.00556,1.91828,0.29979,-2.5417e-07,1.86357e-07,-0.159428,0.116877,False,False,EUR_300k.UKB_local.local,local,EUR_300k,UKB_local,local,haemoglobin_concentration,haemoglobin_concentration,0.19237,0.01443,NA,NA,0.9398133173990992,0.2254652846863348,0.076418720952465,0.076418720952465,row,1.9182800000000015,1.545118312053518,False,False,False,UKB EUR
EUR_300k,haemoglobin_concentration,Hb,Hb,hematology,sumrhe,-1,29,GERP.NS,GERP.NS,0.59072,0.04042,1.18588,0.05438,2.29645e-08,3.5326e-08,0.080797,0.120389,False,False,EUR_300k.UKB_local.local,local,EUR_300k,UKB_local,local,haemoglobin_concentration,haemoglobin_concentration,0.19237,0.01443,NA,NA,0.2459580299818521,0.0661565726072973,2.589426482695513,2.589426482695513,row,1.18588,1.1282142024019188,False,False,False,UKB EUR
EUR_300k,haemoglobin_concentration,Hb,Hb,hematology,sumrhe,-1,31,Backgrd_Selection_Stat,Background selection,0.05294,0.00505,1.54838,0.11851,7.74238e-07,3.30891e-07,0.341129,0.135512,False,False,EUR_300k.UKB_local.local,local,EUR_300k,UKB_local,local,haemoglobin_concentration,haemoglobin_concentration,0.19237,0.01443,NA,NA,0.630759577966857,0.1104210783501149,0.17773339592172,0.17773339592172,row,1.5483800000000008,1.3495804201528745,False,False,False,UKB EUR
EUR_300k,haemoglobin_concentration,Hb,Hb,hematology,sumrhe,-1,32,CpG_Content_50kb,CpG content (50 kb),0.00278,0.00021,1.35815,0.06758,2.30106e-05,1.2301e-05,0.316759,0.164447,False,False,EUR_300k.UKB_local.local,local,EUR_300k,UKB_local,local,haemoglobin_concentration,haemoglobin_concentration,0.19237,0.01443,NA,NA,0.4416428259047207,0.0717868651204036,0.0106404430829006,0.0106404430829006,row,1.3581500000000077,1.2376554898924632,False,False,False,UKB EUR
EUR_300k,haemoglobin_concentration,Hb,Hb,hematology,sumrhe,-1,33,GTEx_eQTL_MaxCPP,GTEx eQTL MaxCPP,0.00871,0.00108,6.10651,1.0276,2.27699e-06,5.41865e-07,0.374471,0.0899594,False,False,EUR_300k.UKB_local.local,local,EUR_300k,UKB_local,local,haemoglobin_concentration,haemoglobin_concentration,0.19237,0.01443,NA,NA,2.6103480847535043,0.2427758939259084,0.0074146001799772,0.0074146001799772,row,6.106510000000059,2.8291412276599615,False,False,False,UKB EUR
EUR_300k,haemoglobin_concentration,Hb,Hb,hematology,sumrhe,-1,34,BLUEPRINT_H3K27acQTL_MaxCPP,BLUEPRINT H3K27ac QTL,0.0083,0.00159,2.44837,0.59294,6.99869e-08,4.03051e-07,0.0166348,0.0937909,False,False,EUR_300k.UKB_local.local,local,EUR_300k,UKB_local,local,haemoglobin_concentration,haemoglobin_concentration,0.19237,0.01443,NA,NA,1.291821595950961,0.3493882042112515,0.0176223449434916,0.0176223449434916,row,2.4483700000000077,1.7859145796841687,False,False,False,UKB EUR
EUR_300k,haemoglobin_concentration,Hb,Hb,hematology,sumrhe,-1,35,BLUEPRINT_H3K4me1QTL_MaxCPP,BLUEPRINT H3K4me1 QTL,0.0077,0.00225,3.39569,1.1375,9.33754e-07,8.40126e-07,0.17942,0.157818,False,False,EUR_300k.UKB_local.local,local,EUR_300k,UKB_local,local,haemoglobin_concentration,haemoglobin_concentration,0.19237,0.01443,NA,NA,1.7637047581027865,0.4832789827726311,0.0117875987625129,0.0117875987625129,row,3.3956900000000174,2.1360896457883696,False,False,False,UKB EUR
EUR_300k,haemoglobin_concentration,Hb,Hb,hematology,sumrhe,-1,36,BLUEPRINT_DNA_methylation_MaxCPP,BLUEPRINT methylation QTL,0.01464,0.0026,2.19835,0.29865,8.55261e-09,2.2846e-07,0.00286038,0.0733521,False,False,EUR_300k.UKB_local.local,local,EUR_300k,UKB_local,local,haemoglobin_concentration,haemoglobin_concentration,0.19237,0.01443,NA,NA,1.1364210965082948,0.1959928464355034,0.0346183922109875,0.0346183922109875,row,2.198350000000003,1.677327823632184,False,False,False,UKB EUR
EUR_300k,haemoglobin_concentration,Hb,Hb,hematology,sumrhe,-1,38,non_synonymous,Nonsynonymous,0.01102,0.0024,1.85161,0.44485,-1.09462e-07,2.12886e-07,-0.0447539,0.082468,False,False,EUR_300k.UKB_local.local,local,EUR_300k,UKB_local,local,haemoglobin_concentration,haemoglobin_concentration,0.19237,0.01443,NA,NA,0.8887802593342817,0.3466080270356368,0.0309381778655312,0.0309381778655312,row,1.8516100000000024,1.5117766853092793,False,False,False,UKB EUR
EUR_300k,haemoglobin_concentration,Hb,Hb,hematology,sumrhe,-1,45,Ancient_Sequence_Age_Human_Promoter_w_flanking,Ancient promoter age,0.013,0.00185,4.39746,0.68823,7.60029e-07,4.02531e-07,0.220752,0.112867,False,False,EUR_300k.UKB_local.local,local,EUR_300k,UKB_local,local,haemoglobin_concentration,haemoglobin_concentration,0.19237,0.01443,NA,NA,2.136670454771916,0.2257907992320593,0.0153675314145163,0.0153675314145163,row,4.3974600000000175,2.4322806466284304,False,False,False,UKB EUR
EUR_300k,igf_1,IGF-1,IGF-1,biochem_endocrine,sumrhe,-1,1,Coding_UCSC_w_flanking,Coding,0.05022,0.00682,1.62139,0.27867,-4.62649e-07,2.20406e-07,-0.254245,0.112452,False,False,EUR_300k.UKB_local.local,local,EUR_300k,UKB_local,local,igf_1,igf_1,0.26537,0.01789,NA,NA,0.6972311503200225,0.2479575099417952,0.1167178808358141,0.1167178808358141,row,1.6213900000000012,1.3903320080766228,False,False,False,UKB EUR
EUR_300k,igf_1,IGF-1,IGF-1,biochem_endocrine,sumrhe,-1,2,Conserved_LindbladToh_w_flanking,Conserved (LindbladToh),0.13966,0.01187,1.17479,0.09021,-6.57405e-08,1.91555e-07,-0.0559518,0.155808,False,False,EUR_300k.UKB_local.local,local,EUR_300k,UKB_local,local,igf_1,igf_1,0.26537,0.01789,NA,NA,0.232402890377197,0.1107819436993789,0.4479813892043567,0.4479813892043567,row,1.17479,1.1208760995427585,False,False,False,UKB EUR
EUR_300k,igf_1,IGF-1,IGF-1,biochem_endocrine,sumrhe,-1,6,DHS_Trynka_w_flanking,DHS + flank,0.19014,0.01543,1.18279,0.04847,3.13351e-08,8.7511e-08,0.0262082,0.0694595,False,False,EUR_300k.UKB_local.local,local,EUR_300k,UKB_local,local,igf_1,igf_1,0.26537,0.01789,NA,NA,0.242193951232867,0.0591207472432875,0.6057787309114192,0.6057787309114192,row,1.1827900000000002,1.1261733394300029,False,False,False,UKB EUR
EUR_300k,igf_1,IGF-1,IGF-1,biochem_endocrine,sumrhe,-1,20,Promoter_UCSC_w_flanking,Promoter,0.0313,0.00697,1.5436,0.36813,-4.27841e-07,2.56822e-07,-0.194526,0.109761,False,False,EUR_300k.UKB_local.local,local,EUR_300k,UKB_local,local,igf_1,igf_1,0.26537,0.01789,NA,NA,0.626298948991805,0.3440653831319345,0.0764113272229595,0.0764113272229595,row,1.5436000000000012,1.3468718139442502,False,False,False,UKB EUR
EUR_300k,igf_1,IGF-1,IGF-1,biochem_endocrine,sumrhe,-1,29,GERP.NS,GERP.NS,0.73174,0.05425,1.06487,0.06099,-1.6996e-08,5.14386e-08,-0.043348,0.125496,False,False,EUR_300k.UKB_local.local,local,EUR_300k,UKB_local,local,igf_1,igf_1,0.26537,0.01789,NA,NA,0.0906773160821159,0.082629776915321,2.589455067801957,2.589455067801957,row,1.0648699999999998,1.0460509553691344,False,False,False,UKB EUR
EUR_300k,igf_1,IGF-1,IGF-1,biochem_endocrine,sumrhe,-1,31,Backgrd_Selection_Stat,Background selection,0.07119,0.00469,1.50947,0.08833,1.36458e-06,2.12829e-07,0.435811,0.0749473,False,False,EUR_300k.UKB_local.local,local,EUR_300k,UKB_local,local,igf_1,igf_1,0.26537,0.01789,NA,NA,0.5940420842570917,0.0844225144996072,0.1777226099457553,0.1777226099457553,row,1.5094700000000003,1.3273826991916915,False,False,False,UKB EUR
EUR_300k,igf_1,IGF-1,IGF-1,biochem_endocrine,sumrhe,-1,32,CpG_Content_50kb,CpG content (50 kb),0.00346,0.0003,1.22603,0.04819,1.86438e-05,1.43308e-05,0.186031,0.132694,False,False,EUR_300k.UKB_local.local,local,EUR_300k,UKB_local,local,igf_1,igf_1,0.26537,0.01789,NA,NA,0.2939942810855443,0.0567061768638933,0.0106346494100378,0.0106346494100378,row,1.226030000000007,1.1544730358782502,False,False,False,UKB EUR
EUR_300k,igf_1,IGF-1,IGF-1,biochem_endocrine,sumrhe,-1,33,GTEx_eQTL_MaxCPP,GTEx eQTL MaxCPP,0.00783,0.00155,3.97636,0.79184,1.43568e-06,6.9618e-07,0.171141,0.0791012,False,False,EUR_300k.UKB_local.local,local,EUR_300k,UKB_local,local,igf_1,igf_1,0.26537,0.01789,NA,NA,1.99144837729844,0.2872938167513798,0.0074203474516151,0.0074203474516151,row,3.9763600000000414,2.3150908567362363,False,False,False,UKB EUR
EUR_300k,igf_1,IGF-1,IGF-1,biochem_endocrine,sumrhe,-1,34,BLUEPRINT_H3K27acQTL_MaxCPP,BLUEPRINT H3K27ac QTL,0.01014,0.00245,2.16593,0.3358,2.50005e-07,3.75964e-07,0.0430758,0.062136,False,False,EUR_300k.UKB_local.local,local,EUR_300k,UKB_local,local,igf_1,igf_1,0.26537,0.01789,NA,NA,1.1149866176993544,0.2236715843681531,0.0176417520488073,0.0176417520488073,row,2.1659300000000057,1.6626293572535855,False,False,False,UKB EUR
EUR_300k,igf_1,IGF-1,IGF-1,biochem_endocrine,sumrhe,-1,35,BLUEPRINT_H3K4me1QTL_MaxCPP,BLUEPRINT H3K4me1 QTL,0.00632,0.00158,2.01938,0.41579,-1.06887e-08,4.94646e-07,-0.0014889,0.0654407,False,False,EUR_300k.UKB_local.local,local,EUR_300k,UKB_local,local,igf_1,igf_1,0.26537,0.01789,NA,NA,1.0139124176187846,0.2970506645857749,0.011793621977362,0.011793621977362,row,2.0193800000000013,1.5942523367177484,False,False,False,UKB EUR
EUR_300k,igf_1,IGF-1,IGF-1,biochem_endocrine,sumrhe,-1,36,BLUEPRINT_DNA_methylation_MaxCPP,BLUEPRINT methylation QTL,0.01853,0.00355,2.01654,0.22046,1.67094e-07,2.71344e-07,0.0405095,0.0631631,False,False,EUR_300k.UKB_local.local,local,EUR_300k,UKB_local,local,igf_1,igf_1,0.26537,0.01789,NA,NA,1.011882023263892,0.157723897723021,0.0346271504421407,0.0346271504421407,row,2.016540000000002,1.592894712952529,False,False,False,UKB EUR
EUR_300k,igf_1,IGF-1,IGF-1,biochem_endocrine,sumrhe,-1,38,non_synonymous,Nonsynonymous,0.01335,0.00461,1.626,0.65893,7.08302e-08,4.27877e-07,0.0209912,0.11968,False,False,EUR_300k.UKB_local.local,local,EUR_300k,UKB_local,local,igf_1,igf_1,0.26537,0.01789,NA,NA,0.7013272574129406,0.5846463980891542,0.0309391871851416,0.0309391871851416,row,1.6260000000000014,1.3928669162308005,False,False,False,UKB EUR
EUR_300k,igf_1,IGF-1,IGF-1,biochem_endocrine,sumrhe,-1,45,Ancient_Sequence_Age_Human_Promoter_w_flanking,Ancient promoter age,0.01569,0.00291,3.84806,0.80069,7.09769e-07,6.0403e-07,0.14941,0.118957,False,False,EUR_300k.UKB_local.local,local,EUR_300k,UKB_local,local,igf_1,igf_1,0.26537,0.01789,NA,NA,1.9441312941774984,0.3001906135271758,0.0153648839388147,0.0153648839388147,row,3.848060000000024,2.2774075538370266,False,False,False,UKB EUR
EUR_300k,neuroticism_score,NEURO,NEURO,behavior_cognitive,sumrhe,-1,1,Coding_UCSC_w_flanking,Coding,0.01168,0.00232,0.7767,0.12426,-2.00306e-07,6.50712e-08,-0.226858,0.0707612,False,False,EUR_300k.UKB_local.local,local,EUR_300k,UKB_local,local,neuroticism_score,neuroticism_score,0.12878,0.00443,NA,NA,-0.3645706289281821,0.2308089169317144,0.1167726448402197,0.1167726448402197,row,0.7767000000000002,0.8292000994585547,False,False,False,UKB EUR
EUR_300k,neuroticism_score,NEURO,NEURO,behavior_cognitive,sumrhe,-1,2,Conserved_LindbladToh_w_flanking,Conserved (LindbladToh),0.06632,0.00423,1.14969,0.06458,-8.0232e-08,5.51408e-08,-0.140725,0.0935974,False,False,EUR_300k.UKB_local.local,local,EUR_300k,UKB_local,local,neuroticism_score,neuroticism_score,0.12878,0.00443,NA,NA,0.2012449083408915,0.0810385806092157,0.4479353557849691,0.4479353557849691,row,1.14969,1.1041286283224883,False,False,False,UKB EUR
EUR_300k,neuroticism_score,NEURO,NEURO,behavior_cognitive,sumrhe,-1,6,DHS_Trynka_w_flanking,DHS + flank,0.07221,0.00365,0.9257,0.04289,-8.11883e-08,4.61229e-08,-0.139939,0.0755638,False,False,EUR_300k.UKB_local.local,local,EUR_300k,UKB_local,local,neuroticism_score,neuroticism_score,0.12878,0.00443,NA,NA,-0.1113833729318539,0.0668436753848197,0.6057294100276075,0.6057294100276075,row,0.9257000000000001,0.9453829668243653,False,False,False,UKB EUR
EUR_300k,neuroticism_score,NEURO,NEURO,behavior_cognitive,sumrhe,-1,20,Promoter_UCSC_w_flanking,Promoter,0.0068,0.00206,0.69116,0.17596,-7.62913e-08,6.08693e-08,-0.0714885,0.0534231,False,False,EUR_300k.UKB_local.local,local,EUR_300k,UKB_local,local,neuroticism_score,neuroticism_score,0.12878,0.00443,NA,NA,-0.5329083690982,0.367290669880812,0.0763979835570148,0.0763979835570148,row,0.69116,0.7580131590304342,False,False,False,UKB EUR
EUR_300k,neuroticism_score,NEURO,NEURO,behavior_cognitive,sumrhe,-1,29,GERP.NS,GERP.NS,0.39642,0.0164,1.18883,0.03532,8.03086e-08,1.55115e-08,0.422106,0.0756512,False,False,EUR_300k.UKB_local.local,local,EUR_300k,UKB_local,local,neuroticism_score,neuroticism_score,0.12878,0.00443,NA,NA,0.2495424277061121,0.0428623006184216,2.589329865297354,2.589329865297354,row,1.18883,1.1301599089816527,False,False,False,UKB EUR
EUR_300k,neuroticism_score,NEURO,NEURO,behavior_cognitive,sumrhe,-1,31,Backgrd_Selection_Stat,Background selection,0.0254,0.00168,1.10962,0.03728,2.50331e-07,4.66582e-08,0.164767,0.0291882,False,False,EUR_300k.UKB_local.local,local,EUR_300k,UKB_local,local,neuroticism_score,neuroticism_score,0.12878,0.00443,NA,NA,0.1500656964158099,0.0484703512232481,0.177750577305183,0.177750577305183,row,1.1096200000000003,1.0769831536776655,False,False,False,UKB EUR
EUR_300k,neuroticism_score,NEURO,NEURO,behavior_cognitive,sumrhe,-1,32,CpG_Content_50kb,CpG content (50 kb),0.00135,8e-05,0.98689,0.0228,5.68193e-06,1.82884e-06,0.116849,0.0362631,False,False,EUR_300k.UKB_local.local,local,EUR_300k,UKB_local,local,neuroticism_score,neuroticism_score,0.12878,0.00443,NA,NA,-0.0190388058474546,0.0333304085888684,0.010622251977187,0.010622251977187,row,0.9868900000000032,0.9905120030116593,False,False,False,UKB EUR
EUR_300k,neuroticism_score,NEURO,NEURO,behavior_cognitive,sumrhe,-1,33,GTEx_eQTL_MaxCPP,GTEx eQTL MaxCPP,0.00171,0.00036,1.79512,0.39999,1.4692e-07,1.87327e-07,0.0360991,0.0436168,False,False,EUR_300k.UKB_local.local,local,EUR_300k,UKB_local,local,neuroticism_score,neuroticism_score,0.12878,0.00443,NA,NA,0.844080288403931,0.3214624032962568,0.0073969759058468,0.0073969759058468,row,1.7951200000000045,1.4829102221341526,False,False,False,UKB EUR
EUR_300k,neuroticism_score,NEURO,NEURO,behavior_cognitive,sumrhe,-1,34,BLUEPRINT_H3K27acQTL_MaxCPP,BLUEPRINT H3K27ac QTL,0.00238,0.00099,1.04864,0.39242,-1.21384e-07,2.00653e-07,-0.0431003,0.0677356,False,False,EUR_300k.UKB_local.local,local,EUR_300k,UKB_local,local,neuroticism_score,neuroticism_score,0.12878,0.00443,NA,NA,0.0685194831059481,0.5398825029997397,0.0176239039235039,0.0176239039235039,row,1.0486400000000051,1.034666487108773,False,False,False,UKB EUR
EUR_300k,neuroticism_score,NEURO,NEURO,behavior_cognitive,sumrhe,-1,35,BLUEPRINT_H3K4me1QTL_MaxCPP,BLUEPRINT H3K4me1 QTL,0.0014,0.00046,0.92033,0.29241,-2.42985e-07,1.47187e-07,-0.0697511,0.0406001,False,False,EUR_300k.UKB_local.local,local,EUR_300k,UKB_local,local,neuroticism_score,neuroticism_score,0.12878,0.00443,NA,NA,-0.1197768380673707,0.4583773830108132,0.0118123426381861,0.0118123426381861,row,0.9203300000000069,0.9413542528496925,False,False,False,UKB EUR
EUR_300k,neuroticism_score,NEURO,NEURO,behavior_cognitive,sumrhe,-1,36,BLUEPRINT_DNA_methylation_MaxCPP,BLUEPRINT methylation QTL,0.00558,0.00137,1.25133,0.23355,-1.67612e-08,1.16006e-07,-0.00837433,0.0552776,False,False,EUR_300k.UKB_local.local,local,EUR_300k,UKB_local,local,neuroticism_score,neuroticism_score,0.12878,0.00443,NA,NA,0.3234623063550301,0.2692666417328901,0.034626924617993,0.034626924617993,row,1.2513300000000025,1.1707775425624807,False,False,False,UKB EUR
EUR_300k,neuroticism_score,NEURO,NEURO,behavior_cognitive,sumrhe,-1,38,non_synonymous,Nonsynonymous,0.00086,0.00122,0.21464,0.30936,-3.75407e-07,1.13625e-07,-0.229297,0.0563397,False,False,EUR_300k.UKB_local.local,local,EUR_300k,UKB_local,local,neuroticism_score,neuroticism_score,0.12878,0.00443,NA,NA,-2.2200091351762907,2.079352114467992,0.031112819598842,0.031112819598842,row,0.21464000000000008,0.2805287852930665,False,False,False,UKB EUR
EUR_300k,neuroticism_score,NEURO,NEURO,behavior_cognitive,sumrhe,-1,45,Ancient_Sequence_Age_Human_Promoter_w_flanking,Ancient promoter age,0.00181,0.00085,0.91283,0.39408,-4.5408e-08,1.78629e-07,-0.0197024,0.0737193,False,False,EUR_300k.UKB_local.local,local,EUR_300k,UKB_local,local,neuroticism_score,neuroticism_score,0.12878,0.00443,NA,NA,-0.1315818885587409,0.6228292910109469,0.0153971467644307,0.0153971467644307,row,0.912830000000002,0.9357086619458616,False,False,False,UKB EUR
EUR_300k,sleep_duration,SLP,SLP,behavior_cognitive,sumrhe,-1,1,Coding_UCSC_w_flanking,Coding,0.00783,0.00162,0.85525,0.14687,-1.67131e-07,5.41791e-08,-0.310951,0.0922694,False,False,EUR_300k.UKB_local.local,local,EUR_300k,UKB_local,local,sleep_duration,sleep_duration,0.07839,0.00339,NA,NA,-0.2255818958941873,0.2477505064663689,0.1167906336596647,0.1167906336596647,row,0.8552500000000001,0.8916136070392021,False,False,False,UKB EUR
EUR_300k,sleep_duration,SLP,SLP,behavior_cognitive,sumrhe,-1,2,Conserved_LindbladToh_w_flanking,Conserved (LindbladToh),0.04028,0.00312,1.14696,0.06569,-3.76633e-08,4.68314e-08,-0.108522,0.129737,False,False,EUR_300k.UKB_local.local,local,EUR_300k,UKB_local,local,sleep_duration,sleep_duration,0.07839,0.00339,NA,NA,0.1978150785308104,0.0826276742310072,0.4480025904604206,0.4480025904604206,row,1.14696,1.1022953126036683,False,False,False,UKB EUR
EUR_300k,sleep_duration,SLP,SLP,behavior_cognitive,sumrhe,-1,6,DHS_Trynka_w_flanking,DHS + flank,0.04906,0.00318,1.03305,0.04999,1.2204e-08,3.14692e-08,0.034556,0.0844373,False,False,EUR_300k.UKB_local.local,local,EUR_300k,UKB_local,local,sleep_duration,sleep_duration,0.07839,0.00339,NA,NA,0.0469100828635165,0.06981300526987,0.6058226932944387,0.6058226932944387,row,1.0330499999999998,1.0236456966705993,False,False,False,UKB EUR
EUR_300k,sleep_duration,SLP,SLP,behavior_cognitive,sumrhe,-1,20,Promoter_UCSC_w_flanking,Promoter,0.00449,0.00098,0.7503,0.15873,-7.92762e-08,4.62503e-08,-0.122033,0.0674634,False,False,EUR_300k.UKB_local.local,local,EUR_300k,UKB_local,local,sleep_duration,sleep_duration,0.07839,0.00339,NA,NA,-0.4144605366473233,0.3052098944959419,0.0763397494257389,0.0763397494257389,row,0.7503000000000001,0.807602220011109,False,False,False,UKB EUR
EUR_300k,sleep_duration,SLP,SLP,behavior_cognitive,sumrhe,-1,29,GERP.NS,GERP.NS,0.23939,0.01381,1.17936,0.03719,4.05243e-08,1.10351e-08,0.349905,0.0910306,False,False,EUR_300k.UKB_local.local,local,EUR_300k,UKB_local,local,sleep_duration,sleep_duration,0.07839,0.00339,NA,NA,0.2380041686465092,0.0454940209695602,2.589398824037596,2.589398824037596,row,1.17936,1.1239045293202656,False,False,False,UKB EUR
EUR_300k,sleep_duration,SLP,SLP,behavior_cognitive,sumrhe,-1,31,Backgrd_Selection_Stat,Background selection,0.01612,0.00091,1.1573,0.04597,1.59385e-07,6.33449e-08,0.172337,0.0657874,False,False,EUR_300k.UKB_local.local,local,EUR_300k,UKB_local,local,sleep_duration,sleep_duration,0.07839,0.00339,NA,NA,0.2107628941863102,0.0573063950830948,0.1776881312496247,0.1776881312496247,row,1.1573,1.109226815541996,False,False,False,UKB EUR
EUR_300k,sleep_duration,SLP,SLP,behavior_cognitive,sumrhe,-1,32,CpG_Content_50kb,CpG content (50 kb),0.00083,5e-05,0.99567,0.02484,2.31824e-06,2.07121e-06,0.0783179,0.0691857,False,False,EUR_300k.UKB_local.local,local,EUR_300k,UKB_local,local,sleep_duration,sleep_duration,0.07839,0.00339,NA,NA,-0.0062604331674444,0.0359923918724897,0.0106341310021903,0.0106341310021903,row,0.9956700000000066,0.9968731792303305,False,False,False,UKB EUR
EUR_300k,sleep_duration,SLP,SLP,behavior_cognitive,sumrhe,-1,33,GTEx_eQTL_MaxCPP,GTEx eQTL MaxCPP,0.00127,0.00033,2.19144,0.59941,1.67763e-07,1.6698e-07,0.0677154,0.0632264,False,False,EUR_300k.UKB_local.local,local,EUR_300k,UKB_local,local,sleep_duration,sleep_duration,0.07839,0.00339,NA,NA,1.131879179484315,0.3946107739473832,0.0073928768534809,0.0073928768534809,row,2.1914400000000187,1.674207524962392,False,False,False,UKB EUR
EUR_300k,sleep_duration,SLP,SLP,behavior_cognitive,sumrhe,-1,34,BLUEPRINT_H3K27acQTL_MaxCPP,BLUEPRINT H3K27ac QTL,0.0016,0.00052,1.15996,0.33154,-5.48394e-08,1.1637e-07,-0.0319879,0.0632019,False,False,EUR_300k.UKB_local.local,local,EUR_300k,UKB_local,local,sleep_duration,sleep_duration,0.07839,0.00339,NA,NA,0.2140750563902436,0.412351386130838,0.0175960952786504,0.0175960952786504,row,1.1599600000000045,1.1110045955665366,False,False,False,UKB EUR
EUR_300k,sleep_duration,SLP,SLP,behavior_cognitive,sumrhe,-1,35,BLUEPRINT_H3K4me1QTL_MaxCPP,BLUEPRINT H3K4me1 QTL,0.00114,0.00031,1.23425,0.32314,-5.69304e-08,1.05268e-07,-0.0268467,0.0465511,False,False,EUR_300k.UKB_local.local,local,EUR_300k,UKB_local,local,sleep_duration,sleep_duration,0.07839,0.00339,NA,NA,0.3036346450790097,0.37771316630574,0.0117825977387799,0.0117825977387799,row,1.2342500000000065,1.1597906243086034,False,False,False,UKB EUR
EUR_300k,sleep_duration,SLP,SLP,behavior_cognitive,sumrhe,-1,36,BLUEPRINT_DNA_methylation_MaxCPP,BLUEPRINT methylation QTL,0.00278,0.00084,1.02444,0.26278,-1.1469e-07,9.06498e-08,-0.0941334,0.0696326,False,False,EUR_300k.UKB_local.local,local,EUR_300k,UKB_local,local,sleep_duration,sleep_duration,0.07839,0.00339,NA,NA,0.0348354902180693,0.3700669661910916,0.034617651697999,0.034617651697999,row,1.0244400000000016,1.0175228853037315,False,False,False,UKB EUR
EUR_300k,sleep_duration,SLP,SLP,behavior_cognitive,sumrhe,-1,38,non_synonymous,Nonsynonymous,0.00149,0.00091,0.61423,0.36388,-1.66035e-07,8.37186e-08,-0.166598,0.0763838,False,False,EUR_300k.UKB_local.local,local,EUR_300k,UKB_local,local,sleep_duration,sleep_duration,0.07839,0.00339,NA,NA,-0.703149117262185,0.8546763777065203,0.0309452916174935,0.0309452916174935,row,0.6142300000000002,0.690846152481227,False,False,False,UKB EUR
EUR_300k,sleep_duration,SLP,SLP,behavior_cognitive,sumrhe,-1,45,Ancient_Sequence_Age_Human_Promoter_w_flanking,Ancient promoter age,0.00166,0.00051,1.37653,0.44028,6.66882e-08,9.20297e-08,0.0475346,0.0623019,False,False,EUR_300k.UKB_local.local,local,EUR_300k,UKB_local,local,sleep_duration,sleep_duration,0.07839,0.00339,NA,NA,0.461036052272445,0.461442738336682,0.0153837333221228,0.0153837333221228,row,1.376530000000005,1.2488566135392836,False,False,False,UKB EUR
EUR_300k,vitamin_d,ViTD,ViTD,biochem_mineral,sumrhe,-1,1,Coding_UCSC_w_flanking,Coding,0.01707,0.00225,1.42818,0.26168,6.14705e-08,1.50312e-07,0.0875358,0.215842,False,False,EUR_300k.UKB_local.local,local,EUR_300k,UKB_local,local,vitamin_d,vitamin_d,0.10241,0.0124,NA,NA,0.5141778202227737,0.2643395358426977,0.1167100373335513,0.1167100373335513,row,1.4281800000000002,1.279875371956835,False,False,False,UKB EUR
EUR_300k,vitamin_d,ViTD,ViTD,biochem_mineral,sumrhe,-1,2,Conserved_LindbladToh_w_flanking,Conserved (LindbladToh),0.05071,0.00715,1.10521,0.1294,-1.88678e-08,6.00939e-08,-0.0416102,0.124409,False,False,EUR_300k.UKB_local.local,local,EUR_300k,UKB_local,local,vitamin_d,vitamin_d,0.10241,0.0124,NA,NA,0.1443205209050445,0.1689133633345987,0.4480293226153316,0.4480293226153316,row,1.1052099999999998,1.0739641529340822,False,False,False,UKB EUR
EUR_300k,vitamin_d,ViTD,ViTD,biochem_mineral,sumrhe,-1,6,DHS_Trynka_w_flanking,DHS + flank,0.06402,0.00945,1.032,0.09378,-4.79679e-08,5.64671e-08,-0.103956,0.113605,False,False,EUR_300k.UKB_local.local,local,EUR_300k,UKB_local,local,vitamin_d,vitamin_d,0.10241,0.0124,NA,NA,0.0454429707611671,0.1311007179598517,0.6057502560387679,0.6057502560387679,row,1.0320000000000003,1.022900402110079,False,False,False,UKB EUR
EUR_300k,vitamin_d,ViTD,ViTD,biochem_mineral,sumrhe,-1,20,Promoter_UCSC_w_flanking,Promoter,0.01089,0.00332,1.39144,0.57789,-7.66962e-08,1.88253e-07,-0.0903592,0.219072,False,False,EUR_300k.UKB_local.local,local,EUR_300k,UKB_local,local,vitamin_d,vitamin_d,0.10241,0.0124,NA,NA,0.4765786998526096,0.5991771382016639,0.0764224628807606,0.0764224628807606,row,1.391440000000001,1.2578795953014976,False,False,False,UKB EUR
EUR_300k,vitamin_d,ViTD,ViTD,biochem_mineral,sumrhe,-1,29,GERP.NS,GERP.NS,0.27034,0.02853,1.01942,0.08035,-2.4345e-08,3.28184e-08,-0.16089,0.200079,False,False,EUR_300k.UKB_local.local,local,EUR_300k,UKB_local,local,vitamin_d,vitamin_d,0.10241,0.0124,NA,NA,0.0277485628662015,0.1137122545520278,2.589493311255634,2.589493311255634,row,1.0194200000000002,1.013940994325548,False,False,False,UKB EUR
EUR_300k,vitamin_d,ViTD,ViTD,biochem_mineral,sumrhe,-1,31,Backgrd_Selection_Stat,Background selection,0.02318,0.00273,1.27371,0.06855,2.68151e-07,1.1153e-07,0.221907,0.0921249,False,False,EUR_300k.UKB_local.local,local,EUR_300k,UKB_local,local,vitamin_d,vitamin_d,0.10241,0.0124,NA,NA,0.3490368402417164,0.0776446326502409,0.1777053516796921,0.1777053516796921,row,1.2737100000000001,1.1850482576418013,False,False,False,UKB EUR
EUR_300k,vitamin_d,ViTD,ViTD,biochem_mineral,sumrhe,-1,32,CpG_Content_50kb,CpG content (50 kb),0.00115,0.00014,1.05678,0.05382,-2.91309e-06,5.19989e-06,-0.0753251,0.125902,False,False,EUR_300k.UKB_local.local,local,EUR_300k,UKB_local,local,vitamin_d,vitamin_d,0.10241,0.0124,NA,NA,0.0796750683534607,0.073473993736297,0.0106260263551806,0.0106260263551806,row,1.0567800000000014,1.0403874866761254,False,False,False,UKB EUR
EUR_300k,vitamin_d,ViTD,ViTD,biochem_mineral,sumrhe,-1,33,GTEx_eQTL_MaxCPP,GTEx eQTL MaxCPP,0.00396,0.00109,5.20993,1.68133,1.24567e-06,5.83399e-07,0.384844,0.164887,False,False,EUR_300k.UKB_local.local,local,EUR_300k,UKB_local,local,vitamin_d,vitamin_d,0.10241,0.0124,NA,NA,2.3812639887549745,0.4655813903637555,0.0074219996849237,0.0074219996849237,row,5.209930000000031,2.6345770060911673,False,False,False,UKB EUR
EUR_300k,vitamin_d,ViTD,ViTD,biochem_mineral,sumrhe,-1,34,BLUEPRINT_H3K27acQTL_MaxCPP,BLUEPRINT H3K27ac QTL,0.00257,0.00054,1.42437,0.31258,-3.12899e-08,1.01733e-07,-0.0139698,0.0430087,False,False,EUR_300k.UKB_local.local,local,EUR_300k,UKB_local,local,vitamin_d,vitamin_d,0.10241,0.0124,NA,NA,0.5103239551726327,0.3166014559988431,0.0176184597726246,0.0176184597726246,row,1.4243700000000037,1.277609895357815,False,False,False,UKB EUR
EUR_300k,vitamin_d,ViTD,ViTD,biochem_mineral,sumrhe,-1,35,BLUEPRINT_H3K4me1QTL_MaxCPP,BLUEPRINT H3K4me1 QTL,0.00206,0.00051,1.70642,0.47885,1.03568e-07,1.77023e-07,0.0373811,0.0632461,False,False,EUR_300k.UKB_local.local,local,EUR_300k,UKB_local,local,vitamin_d,vitamin_d,0.10241,0.0124,NA,NA,0.7709727799166067,0.4048443644177167,0.0117879672781272,0.0117879672781272,row,1.706420000000009,1.4363857435637148,False,False,False,UKB EUR
EUR_300k,vitamin_d,ViTD,ViTD,biochem_mineral,sumrhe,-1,36,BLUEPRINT_DNA_methylation_MaxCPP,BLUEPRINT methylation QTL,0.0043,0.00137,1.21181,0.33486,-9.91055e-08,1.24598e-07,-0.0622598,0.0778251,False,False,EUR_300k.UKB_local.local,local,EUR_300k,UKB_local,local,vitamin_d,vitamin_d,0.10241,0.0124,NA,NA,0.2771635160173856,0.3986605667489774,0.0346490680064276,0.0346490680064276,row,1.2118100000000007,1.145227459790122,False,False,False,UKB EUR
EUR_300k,vitamin_d,ViTD,ViTD,biochem_mineral,sumrhe,-1,38,non_synonymous,Nonsynonymous,0.00256,0.00181,0.80908,0.68885,-2.71521e-07,1.70412e-07,-0.208522,0.112242,False,False,EUR_300k.UKB_local.local,local,EUR_300k,UKB_local,local,vitamin_d,vitamin_d,0.10241,0.0124,NA,NA,-0.3056457347573675,1.2283092882241091,0.030896275809741,0.030896275809741,row,0.8090800000000017,0.855256207324172,False,False,False,UKB EUR
EUR_300k,vitamin_d,ViTD,ViTD,biochem_mineral,sumrhe,-1,45,Ancient_Sequence_Age_Human_Promoter_w_flanking,Ancient promoter age,0.00434,0.00089,2.75544,0.39515,-3.21913e-08,1.55687e-07,-0.0175615,0.081076,False,False,EUR_300k.UKB_local.local,local,EUR_300k,UKB_local,local,vitamin_d,vitamin_d,0.10241,0.0124,NA,NA,1.4622827126739963,0.2068928902125518,0.0153800024524654,0.0153800024524654,row,2.755440000000004,1.9089819486529218,False,False,False,UKB EUR
EUR_300k,white_blood_cell_count,WBC,WBC,hematology,sumrhe,-1,1,Coding_UCSC_w_flanking,Coding,0.04832,0.0057,1.90179,0.17066,-3.17434e-08,1.12923e-07,-0.0212669,0.071878,False,False,EUR_300k.UKB_local.local,local,EUR_300k,UKB_local,local,white_blood_cell_count,white_blood_cell_count,0.21767,0.01174,NA,NA,0.927357949308325,0.1294624199717689,0.1167255123529093,0.1167255123529093,row,1.9017900000000014,1.5369431166062388,False,False,False,UKB EUR
EUR_300k,white_blood_cell_count,WBC,WBC,hematology,sumrhe,-1,2,Conserved_LindbladToh_w_flanking,Conserved (LindbladToh),0.12006,0.00992,1.23134,0.08045,-1.71381e-07,1.37157e-07,-0.177829,0.136868,False,False,EUR_300k.UKB_local.local,local,EUR_300k,UKB_local,local,white_blood_cell_count,white_blood_cell_count,0.21767,0.01174,NA,NA,0.3002291765961382,0.0942589504438393,0.447941988958944,0.447941988958944,row,1.2313400000000003,1.157910360709279,False,False,False,UKB EUR
EUR_300k,white_blood_cell_count,WBC,WBC,hematology,sumrhe,-1,6,DHS_Trynka_w_flanking,DHS + flank,0.16768,0.01068,1.27167,0.05716,1.15267e-08,6.88621e-08,0.0117535,0.0673368,False,False,EUR_300k.UKB_local.local,local,EUR_300k,UKB_local,local,white_blood_cell_count,white_blood_cell_count,0.21767,0.01174,NA,NA,0.3467243379720706,0.0648473649116619,0.6057706980403519,0.6057706980403519,row,1.27167,1.183753273248408,False,False,False,UKB EUR
EUR_300k,white_blood_cell_count,WBC,WBC,hematology,sumrhe,-1,20,Promoter_UCSC_w_flanking,Promoter,0.0284,0.00605,1.70768,0.27256,-3.12125e-07,2.22422e-07,-0.173016,0.118745,False,False,EUR_300k.UKB_local.local,local,EUR_300k,UKB_local,local,white_blood_cell_count,white_blood_cell_count,0.21767,0.01174,NA,NA,0.7720376554820852,0.2302661859040897,0.076403502971909,0.076403502971909,row,1.7076800000000008,1.4370572478892079,False,False,False,UKB EUR
EUR_300k,white_blood_cell_count,WBC,WBC,hematology,sumrhe,-1,29,GERP.NS,GERP.NS,0.62442,0.04106,1.10786,0.03558,-1.23354e-08,3.37335e-08,-0.0383556,0.10097,False,False,EUR_300k.UKB_local.local,local,EUR_300k,UKB_local,local,white_blood_cell_count,white_blood_cell_count,0.21767,0.01174,NA,NA,0.1477755798824998,0.0463335525741784,2.589365429818144,2.589365429818144,row,1.1078600000000003,1.0757790491321262,False,False,False,UKB EUR
EUR_300k,white_blood_cell_count,WBC,WBC,hematology,sumrhe,-1,31,Backgrd_Selection_Stat,Background selection,0.05939,0.00617,1.53544,0.1247,9.53835e-07,3.85754e-07,0.371327,0.136525,False,False,EUR_300k.UKB_local.local,local,EUR_300k,UKB_local,local,white_blood_cell_count,white_blood_cell_count,0.21767,0.01174,NA,NA,0.6186521375865285,0.1171677640278055,0.1776977372727123,0.1776977372727123,row,1.5354400000000008,1.3422361341061197,False,False,False,UKB EUR
EUR_300k,white_blood_cell_count,WBC,WBC,hematology,sumrhe,-1,32,CpG_Content_50kb,CpG content (50 kb),0.00294,0.00022,1.27086,0.04806,7.1084e-06,9.72784e-06,0.0864797,0.113318,False,False,EUR_300k.UKB_local.local,local,EUR_300k,UKB_local,local,white_blood_cell_count,white_blood_cell_count,0.21767,0.01174,NA,NA,0.3458051094692371,0.0545582705137651,0.0106279876859449,0.0106279876859449,row,1.270860000000008,1.1832387656962313,False,False,False,UKB EUR
EUR_300k,white_blood_cell_count,WBC,WBC,hematology,sumrhe,-1,33,GTEx_eQTL_MaxCPP,GTEx eQTL MaxCPP,0.00794,0.00117,4.92532,0.97718,1.72619e-06,6.74567e-07,0.25076,0.0954525,False,False,EUR_300k.UKB_local.local,local,EUR_300k,UKB_local,local,white_blood_cell_count,white_blood_cell_count,0.21767,0.01174,NA,NA,2.3002174600848644,0.2862296744284386,0.0074060642117087,0.0074060642117087,row,4.925320000000004,2.5668930696137164,False,False,False,UKB EUR
EUR_300k,white_blood_cell_count,WBC,WBC,hematology,sumrhe,-1,34,BLUEPRINT_H3K27acQTL_MaxCPP,BLUEPRINT H3K27ac QTL,0.01394,0.00191,3.63355,0.42993,1.10901e-06,3.20163e-07,0.232936,0.0617209,False,False,EUR_300k.UKB_local.local,local,EUR_300k,UKB_local,local,white_blood_cell_count,white_blood_cell_count,0.21767,0.01174,NA,NA,1.861379758876408,0.1707029981504016,0.017625159495919,0.017625159495919,row,3.6335500000000196,2.212117939694233,False,False,False,UKB EUR
EUR_300k,white_blood_cell_count,WBC,WBC,hematology,sumrhe,-1,35,BLUEPRINT_H3K4me1QTL_MaxCPP,BLUEPRINT H3K4me1 QTL,0.00986,0.00142,3.84393,0.57286,1.19038e-06,4.48395e-07,0.202087,0.0719337,False,False,EUR_300k.UKB_local.local,local,EUR_300k,UKB_local,local,white_blood_cell_count,white_blood_cell_count,0.21767,0.01174,NA,NA,1.9425820641105225,0.2150045086990792,0.0117842749624035,0.0117842749624035,row,3.8439300000000194,2.2761780166873766,False,False,False,UKB EUR
EUR_300k,white_blood_cell_count,WBC,WBC,hematology,sumrhe,-1,36,BLUEPRINT_DNA_methylation_MaxCPP,BLUEPRINT methylation QTL,0.01709,0.00289,2.26883,0.28549,8.68486e-08,2.65023e-07,0.0256665,0.0751332,False,False,EUR_300k.UKB_local.local,local,EUR_300k,UKB_local,local,white_blood_cell_count,white_blood_cell_count,0.21767,0.01174,NA,NA,1.1819485141027437,0.1815363016283239,0.034605213211465,0.034605213211465,row,2.268830000000005,1.7087743497162748,False,False,False,UKB EUR
EUR_300k,white_blood_cell_count,WBC,WBC,hematology,sumrhe,-1,38,non_synonymous,Nonsynonymous,0.01252,0.00302,1.85872,0.52346,-3.09271e-08,3.20618e-07,-0.0111743,0.110661,False,False,EUR_300k.UKB_local.local,local,EUR_300k,UKB_local,local,white_blood_cell_count,white_blood_cell_count,0.21767,0.01174,NA,NA,0.8943094571664609,0.4062974230135452,0.0309450921002858,0.0309450921002858,row,1.8587200000000044,1.5153693207757082,False,False,False,UKB EUR
EUR_300k,white_blood_cell_count,WBC,WBC,hematology,sumrhe,-1,45,Ancient_Sequence_Age_Human_Promoter_w_flanking,Ancient promoter age,0.01221,0.00251,3.6497,0.53584,2.24309e-07,4.26489e-07,0.0575708,0.103677,False,False,EUR_300k.UKB_local.local,local,EUR_300k,UKB_local,local,white_blood_cell_count,white_blood_cell_count,0.21767,0.01174,NA,NA,1.8677778814447392,0.211812946464077,0.0153695063649009,0.0153695063649009,row,3.6497000000000037,2.217137636118642,False,False,False,UKB EUR
EUR_300k,whr,WHR,WHR,anthro_physical,sumrhe,-1,1,Coding_UCSC_w_flanking,Coding,0.02439,0.00506,1.05603,0.15118,-3.42506e-07,8.76577e-08,-0.252459,0.0595227,False,False,EUR_300k.UKB_local.local,local,EUR_300k,UKB_local,local,whr,whr,0.19787,0.0069,NA,NA,0.0786508197687655,0.2065345078090523,0.1167227713881855,0.1167227713881855,row,1.0560300000000002,1.0398613153758889,False,False,False,UKB EUR
EUR_300k,whr,WHR,WHR,anthro_physical,sumrhe,-1,2,Conserved_LindbladToh_w_flanking,Conserved (LindbladToh),0.11294,0.00732,1.27411,0.08303,-6.81818e-08,1.3069e-07,-0.0778312,0.142701,False,False,EUR_300k.UKB_local.local,local,EUR_300k,UKB_local,local,whr,whr,0.19787,0.0069,NA,NA,0.3494898377227764,0.0940161911020325,0.4479823517261306,0.4479823517261306,row,1.2741100000000003,1.1853020399013645,False,False,False,UKB EUR
EUR_300k,whr,WHR,WHR,anthro_physical,sumrhe,-1,6,DHS_Trynka_w_flanking,DHS + flank,0.14016,0.00617,1.16936,0.04904,1.53594e-08,4.61481e-08,0.0172299,0.049008,False,False,EUR_300k.UKB_local.local,local,EUR_300k,UKB_local,local,whr,whr,0.19787,0.0069,NA,NA,0.2257191473714281,0.0605029800961164,0.6057534567042678,0.6057534567042678,row,1.1693600000000002,1.117269484599964,False,False,False,UKB EUR
EUR_300k,whr,WHR,WHR,anthro_physical,sumrhe,-1,20,Promoter_UCSC_w_flanking,Promoter,0.0157,0.00467,1.03819,0.25775,-2.66183e-07,1.42999e-07,-0.162332,0.0824446,False,False,EUR_300k.UKB_local.local,local,EUR_300k,UKB_local,local,whr,whr,0.19787,0.0069,NA,NA,0.054070496656779,0.358175908830879,0.0764263039627068,0.0764263039627068,row,1.0381900000000004,1.0272885457534884,False,False,False,UKB EUR
EUR_300k,whr,WHR,WHR,anthro_physical,sumrhe,-1,29,GERP.NS,GERP.NS,0.62152,0.0292,1.21305,0.05435,8.22267e-08,2.99974e-08,0.281277,0.0976126,False,False,EUR_300k.UKB_local.local,local,EUR_300k,UKB_local,local,whr,whr,0.19787,0.0069,NA,NA,0.2786390172889127,0.0646391125446726,2.5893839544897856,2.5893839544897856,row,1.21305,1.1460360466821504,False,False,False,UKB EUR
EUR_300k,whr,WHR,WHR,anthro_physical,sumrhe,-1,31,Backgrd_Selection_Stat,Background selection,0.04237,0.00234,1.20478,0.05171,4.02705e-07,1.7709e-07,0.172506,0.0705442,False,False,EUR_300k.UKB_local.local,local,EUR_300k,UKB_local,local,whr,whr,0.19787,0.0069,NA,NA,0.268769725802831,0.0619214799086707,0.1777341005955193,0.1777341005955193,row,1.2047800000000002,1.1406347062391642,False,False,False,UKB EUR
EUR_300k,whr,WHR,WHR,anthro_physical,sumrhe,-1,32,CpG_Content_50kb,CpG content (50 kb),0.00235,0.00014,1.11792,0.03881,1.20014e-05,7.32527e-06,0.160628,0.0908658,False,False,EUR_300k.UKB_local.local,local,EUR_300k,UKB_local,local,whr,whr,0.19787,0.0069,NA,NA,0.1608169504952106,0.0500849743603305,0.0106237338633981,0.0106237338633981,row,1.1179200000000065,1.0826480955705582,False,False,False,UKB EUR
EUR_300k,whr,WHR,WHR,anthro_physical,sumrhe,-1,33,GTEx_eQTL_MaxCPP,GTEx eQTL MaxCPP,0.00441,0.00084,3.00114,0.45179,8.2396e-07,2.95036e-07,0.13176,0.046048,False,False,EUR_300k.UKB_local.local,local,EUR_300k,UKB_local,local,whr,whr,0.19787,0.0069,NA,NA,1.5855106207004923,0.21718253481118,0.0074262981360861,0.0074262981360861,row,3.001140000000025,2.0004111095063397,False,False,False,UKB EUR
EUR_300k,whr,WHR,WHR,anthro_physical,sumrhe,-1,34,BLUEPRINT_H3K27acQTL_MaxCPP,BLUEPRINT H3K27ac QTL,0.00543,0.00085,1.55685,0.21388,-2.5811e-08,1.55695e-07,-0.00596466,0.0340446,False,False,EUR_300k.UKB_local.local,local,EUR_300k,UKB_local,local,whr,whr,0.19787,0.0069,NA,NA,0.6386299497599814,0.1981973956035144,0.0176267848988295,0.0176267848988295,row,1.556850000000003,1.3543675260063182,False,False,False,UKB EUR
EUR_300k,whr,WHR,WHR,anthro_physical,sumrhe,-1,35,BLUEPRINT_H3K4me1QTL_MaxCPP,BLUEPRINT H3K4me1 QTL,0.0037,0.00075,1.58788,0.34919,-4.39089e-08,2.80857e-07,-0.00820326,0.0501435,False,False,EUR_300k.UKB_local.local,local,EUR_300k,UKB_local,local,whr,whr,0.19787,0.0069,NA,NA,0.6671018885851384,0.3172624388039506,0.0117761706828452,0.0117761706828452,row,1.5878800000000042,1.3717707211099008,False,False,False,UKB EUR
EUR_300k,whr,WHR,WHR,anthro_physical,sumrhe,-1,36,BLUEPRINT_DNA_methylation_MaxCPP,BLUEPRINT methylation QTL,0.0099,0.00149,1.44559,0.15372,-1.09852e-07,1.10685e-07,-0.0357202,0.0338448,False,False,EUR_300k.UKB_local.local,local,EUR_300k,UKB_local,local,whr,whr,0.19787,0.0069,NA,NA,0.531658431375811,0.1534121581398954,0.0346106778899357,0.0346106778899357,row,1.4455900000000022,1.2901825581798898,False,False,False,UKB EUR
EUR_300k,whr,WHR,WHR,anthro_physical,sumrhe,-1,38,non_synonymous,Nonsynonymous,0.007,0.00212,1.14254,0.28753,-2.14422e-07,1.15142e-07,-0.085237,0.0419657,False,False,EUR_300k.UKB_local.local,local,EUR_300k,UKB_local,local,whr,whr,0.19787,0.0069,NA,NA,0.192244674510003,0.3630665929479963,0.0309632595102552,0.0309632595102552,row,1.1425400000000017,1.0993221388829086,False,False,False,UKB EUR
EUR_300k,whr,WHR,WHR,anthro_physical,sumrhe,-1,45,Ancient_Sequence_Age_Human_Promoter_w_flanking,Ancient promoter age,0.00863,0.00281,2.83693,0.76807,6.25312e-07,2.64173e-07,0.176582,0.0723301,False,False,EUR_300k.UKB_local.local,local,EUR_300k,UKB_local,local,whr,whr,0.19787,0.0069,NA,NA,1.5043305531858435,0.3905950376130487,0.015373835225045,0.015373835225045,row,2.836930000000013,1.9399524450100196,False,False,False,UKB EUR
EUR_300k,chronic_ischaemic_heart_disease_i25,CIHD,CIHD,disease_cardiometabolic,sumrhe,-1,1,Coding_UCSC_w_flanking,Coding,0.0461940936528375,0.0050889415405743,2.20012,0.239,3.2090696660666896e-07,1.7489089480104116e-07,0.7316801423080211,0.3689623195411972,False,False,EUR_300k.UKB_local.local,local,EUR_300k,UKB_local,local,chronic_ischaemic_heart_disease_i25,chronic_ischaemic_heart_disease_i25,0.179856127265491,0.012539601807161,NA,NA,1.1375822140606309,0.1567205946823183,0.1167386975930605,0.1167386975930605,row,2.200120000000001,1.678126005162302,False,False,False,UKB EUR
EUR_300k,chronic_ischaemic_heart_disease_i25,CIHD,CIHD,disease_cardiometabolic,sumrhe,-1,2,Conserved_LindbladToh_w_flanking,Conserved (LindbladToh),0.1079361689185899,0.0068039991868452,1.3396,0.0816,-1.2384459379421294e-07,1.250192677034129e-07,-0.4373031493902247,0.4286210215022172,False,False,EUR_300k.UKB_local.local,local,EUR_300k,UKB_local,local,chronic_ischaemic_heart_disease_i25,chronic_ischaemic_heart_disease_i25,0.179856127265491,0.012539601807161,NA,NA,0.4218022811572662,0.0878799009678556,0.4479882491947062,0.4479882491947062,row,1.3396,1.2262618941912078,False,False,False,UKB EUR
EUR_300k,chronic_ischaemic_heart_disease_i25,CIHD,CIHD,disease_cardiometabolic,sumrhe,-1,6,DHS_Trynka_w_flanking,DHS + flank,0.1204195393275125,0.0080410899480897,1.10545,0.04995,-7.341796279597176e-08,9.977586840623477e-08,-0.254759723602921,0.326949030347384,False,False,EUR_300k.UKB_local.local,local,EUR_300k,UKB_local,local,chronic_ischaemic_heart_disease_i25,chronic_ischaemic_heart_disease_i25,0.179856127265491,0.012539601807161,NA,NA,0.1446337728851534,0.0651884909244232,0.6056651982479146,0.6056651982479146,row,1.10545,1.0741286149472533,False,False,False,UKB EUR
EUR_300k,chronic_ischaemic_heart_disease_i25,CIHD,CIHD,disease_cardiometabolic,sumrhe,-1,20,Promoter_UCSC_w_flanking,Promoter,0.0192592538966486,0.0051732886379318,1.40077,0.33426,-3.255629263808077e-07,1.73898972936116e-07,-0.6141565199897857,0.3070178112417865,False,False,EUR_300k.UKB_local.local,local,EUR_300k,UKB_local,local,chronic_ischaemic_heart_disease_i25,chronic_ischaemic_heart_disease_i25,0.179856127265491,0.012539601807161,NA,NA,0.4862200913150823,0.3442644005565117,0.0764447014335508,0.0764447014335508,row,1.4007700000000005,1.263497196257418,False,False,False,UKB EUR
EUR_300k,chronic_ischaemic_heart_disease_i25,CIHD,CIHD,disease_cardiometabolic,sumrhe,-1,29,GERP.NS,GERP.NS,0.5512082812318198,0.031855087102048,1.18363,0.05903,2.8652427815380525e-08,3.3666019282315394e-08,0.3031828298819283,0.3524387231688462,False,False,EUR_300k.UKB_local.local,local,EUR_300k,UKB_local,local,chronic_ischaemic_heart_disease_i25,chronic_ischaemic_heart_disease_i25,0.179856127265491,0.012539601807161,NA,NA,0.2432181683078118,0.0719500927347866,2.5892532602974345,2.5892532602974345,row,1.18363,1.1267284229305807,False,False,False,UKB EUR
EUR_300k,chronic_ischaemic_heart_disease_i25,CIHD,CIHD,disease_cardiometabolic,sumrhe,-1,31,Backgrd_Selection_Stat,Background selection,0.0415550032981703,0.0032051896995882,1.30036,0.06658,1.765171068380954e-07,1.595245406044363e-07,0.2338984371704606,0.2037862422568115,False,False,EUR_300k.UKB_local.local,local,EUR_300k,UKB_local,local,chronic_ischaemic_heart_disease_i25,chronic_ischaemic_heart_disease_i25,0.179856127265491,0.012539601807161,NA,NA,0.3789110834961871,0.0738677257239435,0.1776783373219914,0.1776783373219914,row,1.3003600000000002,1.201859656635997,False,False,False,UKB EUR
EUR_300k,chronic_ischaemic_heart_disease_i25,CIHD,CIHD,disease_cardiometabolic,sumrhe,-1,32,CpG_Content_50kb,CpG content (50 kb),0.0022492559295356,0.0001968098938343,1.18078,0.04655,2.129033200101929e-06,8.837523357039237e-06,0.0881444036806237,0.3485840608196046,False,False,EUR_300k.UKB_local.local,local,EUR_300k,UKB_local,local,chronic_ischaemic_heart_disease_i25,chronic_ischaemic_heart_disease_i25,0.179856127265491,0.012539601807161,NA,NA,0.2397401904123867,0.0568755010699548,0.010591187285413,0.010591187285413,row,1.1807800000000086,1.1248442363161437,False,False,False,UKB EUR
EUR_300k,chronic_ischaemic_heart_disease_i25,CIHD,CIHD,disease_cardiometabolic,sumrhe,-1,33,GTEx_eQTL_MaxCPP,GTEx eQTL MaxCPP,0.0075912387621826,0.0032333053987074,5.68942,2.37508,2.1911548373057906e-06,1.5147417247563714e-06,1.0838630126148827,0.6979947231933136,False,False,EUR_300k.UKB_local.local,local,EUR_300k,UKB_local,local,chronic_ischaemic_heart_disease_i25,chronic_ischaemic_heart_disease_i25,0.179856127265491,0.012539601807161,NA,NA,2.508281586490804,0.6022610631161981,0.0074185566656506,0.0074185566656506,row,5.689420000000043,2.741881128744465,False,False,False,UKB EUR
EUR_300k,chronic_ischaemic_heart_disease_i25,CIHD,CIHD,disease_cardiometabolic,sumrhe,-1,34,BLUEPRINT_H3K27acQTL_MaxCPP,BLUEPRINT H3K27ac QTL,0.0060167596115077,0.0012370907612445,1.89737,0.34472,-1.4082197755034771e-08,2.419347474497002e-07,-0.0100663762184418,0.1652905081798008,False,False,EUR_300k.UKB_local.local,local,EUR_300k,UKB_local,local,chronic_ischaemic_heart_disease_i25,chronic_ischaemic_heart_disease_i25,0.179856127265491,0.012539601807161,NA,NA,0.9240010414877724,0.262113259140412,0.0176313429529702,0.0176313429529702,row,1.897370000000009,1.534743931443043,False,False,False,UKB EUR
EUR_300k,chronic_ischaemic_heart_disease_i25,CIHD,CIHD,disease_cardiometabolic,sumrhe,-1,35,BLUEPRINT_H3K4me1QTL_MaxCPP,BLUEPRINT H3K4me1 QTL,0.006354148000938,0.001883751840986,2.99426,0.87434,9.15731131882096e-07,6.270250754766412e-07,0.5292049351011378,0.3386226686216738,False,False,EUR_300k.UKB_local.local,local,EUR_300k,UKB_local,local,chronic_ischaemic_heart_disease_i25,chronic_ischaemic_heart_disease_i25,0.179856127265491,0.012539601807161,NA,NA,1.5821995000952729,0.4212746996088704,0.0117989287827735,0.0117989287827735,row,2.9942600000000117,1.9979282457769008,False,False,False,UKB EUR
EUR_300k,chronic_ischaemic_heart_disease_i25,CIHD,CIHD,disease_cardiometabolic,sumrhe,-1,36,BLUEPRINT_DNA_methylation_MaxCPP,BLUEPRINT methylation QTL,0.0083784783375201,0.0012933221594829,1.34768,0.2463,-3.358279681292258e-07,1.828709736820423e-07,-0.3377904439277456,0.1787399340104589,False,False,EUR_300k.UKB_local.local,local,EUR_300k,UKB_local,local,chronic_ischaemic_heart_disease_i25,chronic_ischaemic_heart_disease_i25,0.179856127265491,0.012539601807161,NA,NA,0.4304779763280179,0.2636648080931316,0.0345663187163799,0.0345663187163799,row,1.3476800000000013,1.2312357756221348,False,False,False,UKB EUR
EUR_300k,chronic_ischaemic_heart_disease_i25,CIHD,CIHD,disease_cardiometabolic,sumrhe,-1,38,non_synonymous,Nonsynonymous,0.0090813708155,0.00174317334539,1.63232,0.24996,-3.9067607397095154e-07,1.793295202209885e-07,-0.480396081430215,0.2205294222392834,False,False,EUR_300k.UKB_local.local,local,EUR_300k,UKB_local,local,chronic_ischaemic_heart_disease_i25,chronic_ischaemic_heart_disease_i25,0.179856127265491,0.012539601807161,NA,NA,0.7069239109601311,0.2209224002772773,0.0309329165366398,0.0309329165366398,row,1.6323200000000015,1.3963348820635713,False,False,False,UKB EUR
EUR_300k,chronic_ischaemic_heart_disease_i25,CIHD,CIHD,disease_cardiometabolic,sumrhe,-1,45,Ancient_Sequence_Age_Human_Promoter_w_flanking,Ancient promoter age,0.0119772878247771,0.0036831565846145,4.33759,1.23099,8.47859834208359e-07,4.541585110121822e-07,0.7406181230580132,0.3668058454187549,False,False,EUR_300k.UKB_local.local,local,EUR_300k,UKB_local,local,chronic_ischaemic_heart_disease_i25,chronic_ischaemic_heart_disease_i25,0.179856127265491,0.012539601807161,NA,NA,2.116893692263032,0.4094308517826501,0.0153526994954071,0.0153526994954071,row,4.337590000000022,2.416188491001799,False,False,False,UKB EUR
EUR_300k,dyslipidaemia_e78,DYSLIP,DYSLIP,disease_cardiometabolic,sumrhe,-1,1,Coding_UCSC_w_flanking,Coding,0.0499976530574206,0.0100929841686008,2.28501,0.1806,5.664612601781509e-07,3.258033980335764e-07,0.8233239691267566,0.4015418988632137,False,False,EUR_300k.UKB_local.local,local,EUR_300k,UKB_local,local,dyslipidaemia_e78,dyslipidaemia_e78,0.1875239077103183,0.0265781916439821,NA,NA,1.1922004790333849,0.1140260762029692,0.1166822698777997,0.1166822698777997,row,2.285010000000001,1.7158977623066465,False,False,False,UKB EUR
EUR_300k,dyslipidaemia_e78,DYSLIP,DYSLIP,disease_cardiometabolic,sumrhe,-1,2,Conserved_LindbladToh_w_flanking,Conserved (LindbladToh),0.1120695056943156,0.0177374851407447,1.33419,0.09136,4.793158181668522e-08,1.3883834259481574e-07,0.10790315921094,0.2927245769565583,False,False,EUR_300k.UKB_local.local,local,EUR_300k,UKB_local,local,dyslipidaemia_e78,dyslipidaemia_e78,0.1875239077103183,0.0265781916439821,NA,NA,0.4159641331933363,0.0987899916320881,0.4479330741251611,0.4479330741251611,row,1.3341900000000002,1.2229219993063092,False,False,False,UKB EUR
EUR_300k,dyslipidaemia_e78,DYSLIP,DYSLIP,disease_cardiometabolic,sumrhe,-1,6,DHS_Trynka_w_flanking,DHS + flank,0.1328535767970639,0.0204476382971283,1.16954,0.07126,2.8367453448537963e-08,1.0237743728574537e-07,0.0627563064892174,0.2118143562760842,False,False,EUR_300k.UKB_local.local,local,EUR_300k,UKB_local,local,dyslipidaemia_e78,dyslipidaemia_e78,0.1875239077103183,0.0265781916439821,NA,NA,0.22594120484107,0.0879033197785005,0.6057613037194095,0.6057613037194095,row,1.1695399999999998,1.117389185495356,False,False,False,UKB EUR
EUR_300k,dyslipidaemia_e78,DYSLIP,DYSLIP,disease_cardiometabolic,sumrhe,-1,20,Promoter_UCSC_w_flanking,Promoter,0.0256623467842387,0.0080556966234573,1.79099,0.36398,-2.2711457264722615e-07,2.338918246093273e-07,-0.2731217588157648,0.2890611975175847,False,False,EUR_300k.UKB_local.local,local,EUR_300k,UKB_local,local,dyslipidaemia_e78,dyslipidaemia_e78,0.1875239077103183,0.0265781916439821,NA,NA,0.8407572820526932,0.2931965789774175,0.0764093603420895,0.0764093603420895,row,1.790990000000001,1.480776955297476,False,False,False,UKB EUR
EUR_300k,dyslipidaemia_e78,DYSLIP,DYSLIP,disease_cardiometabolic,sumrhe,-1,29,GERP.NS,GERP.NS,0.5336758832704792,0.0556422479072677,1.09906,0.07041,-4.625633335181173e-08,4.9786261111222745e-08,-0.3120432962837172,0.3124358012236072,False,False,EUR_300k.UKB_local.local,local,EUR_300k,UKB_local,local,dyslipidaemia_e78,dyslipidaemia_e78,0.1875239077103183,0.0265781916439821,NA,NA,0.1362701481976239,0.0924245790302548,2.589402309194754,2.589402309194754,row,1.09906,1.0697434055368285,False,False,False,UKB EUR
EUR_300k,dyslipidaemia_e78,DYSLIP,DYSLIP,disease_cardiometabolic,sumrhe,-1,31,Backgrd_Selection_Stat,Background selection,0.0441100789590701,0.0057380484069637,1.32369,0.08296,1.9380211767741648e-07,3.3519548052380205e-07,0.163725024854986,0.3053538906653056,False,False,EUR_300k.UKB_local.local,local,EUR_300k,UKB_local,local,dyslipidaemia_e78,dyslipidaemia_e78,0.1875239077103183,0.0265781916439821,NA,NA,0.4045652914589709,0.0904184367881818,0.1777030585611156,0.1777030585611156,row,1.3236900000000007,1.2164176137967215,False,False,False,UKB EUR
EUR_300k,dyslipidaemia_e78,DYSLIP,DYSLIP,disease_cardiometabolic,sumrhe,-1,32,CpG_Content_50kb,CpG content (50 kb),0.0025419367535735,0.0005794120541233,1.27528,0.1149,1.8055432832767097e-05,1.495301771574202e-05,0.4765252949513483,0.3558898362117184,False,False,EUR_300k.UKB_local.local,local,EUR_300k,UKB_local,local,dyslipidaemia_e78,dyslipidaemia_e78,0.1875239077103183,0.0265781916439821,NA,NA,0.3508140394465969,0.1299837370602078,0.0106292481783327,0.0106292481783327,row,1.2752800000000029,1.1860440968518824,False,False,False,UKB EUR
EUR_300k,dyslipidaemia_e78,DYSLIP,DYSLIP,disease_cardiometabolic,sumrhe,-1,33,GTEx_eQTL_MaxCPP,GTEx eQTL MaxCPP,0.0038876679760536,0.0012522776653634,2.79749,0.95441,3.746702630498853e-07,6.035679295668975e-07,0.1180071708992806,0.1862004184344319,False,False,EUR_300k.UKB_local.local,local,EUR_300k,UKB_local,local,dyslipidaemia_e78,dyslipidaemia_e78,0.1875239077103183,0.0265781916439821,NA,NA,1.484132974105621,0.4921992836345566,0.0074107810097511,0.0074107810097511,row,2.7974900000000225,1.925046165657083,False,False,False,UKB EUR
EUR_300k,dyslipidaemia_e78,DYSLIP,DYSLIP,disease_cardiometabolic,sumrhe,-1,34,BLUEPRINT_H3K27acQTL_MaxCPP,BLUEPRINT H3K27ac QTL,0.0086724901004273,0.0031026580962735,2.62079,0.65386,7.836566722730132e-07,5.958355822510638e-07,0.3571383757347972,0.2468557020525523,False,False,EUR_300k.UKB_local.local,local,EUR_300k,UKB_local,local,dyslipidaemia_e78,dyslipidaemia_e78,0.1875239077103183,0.0265781916439821,NA,NA,1.390001757292287,0.3599374919149026,0.0176463522960662,0.0176463522960662,row,2.620790000000007,1.8563045052470715,False,False,False,UKB EUR
EUR_300k,dyslipidaemia_e78,DYSLIP,DYSLIP,disease_cardiometabolic,sumrhe,-1,35,BLUEPRINT_H3K4me1QTL_MaxCPP,BLUEPRINT H3K4me1 QTL,0.0039063586874769,0.0014391847795967,1.77146,0.64803,-1.3186465125565528e-08,4.994793576503459e-07,-0.0048575663732333,0.1753820477554915,False,False,EUR_300k.UKB_local.local,local,EUR_300k,UKB_local,local,dyslipidaemia_e78,dyslipidaemia_e78,0.1875239077103183,0.0265781916439821,NA,NA,0.8249388894171867,0.5277622228824105,0.0117593718471693,0.0117593718471693,row,1.771460000000015,1.4706461856086308,False,False,False,UKB EUR
EUR_300k,dyslipidaemia_e78,DYSLIP,DYSLIP,disease_cardiometabolic,sumrhe,-1,36,BLUEPRINT_DNA_methylation_MaxCPP,BLUEPRINT methylation QTL,0.0060931719240071,0.0019438339880268,0.93865,0.27461,-7.232651145930761e-07,2.8821637736125e-07,-0.463783836974061,0.1501966879267763,False,False,EUR_300k.UKB_local.local,local,EUR_300k,UKB_local,local,dyslipidaemia_e78,dyslipidaemia_e78,0.1875239077103183,0.0265781916439821,NA,NA,-0.0913407830074704,0.422072641749873,0.0346164958677962,0.0346164958677962,row,0.93865,0.9550523656714756,False,False,False,UKB EUR
EUR_300k,dyslipidaemia_e78,DYSLIP,DYSLIP,disease_cardiometabolic,sumrhe,-1,38,non_synonymous,Nonsynonymous,0.0112891896996942,0.0025419367535735,1.94462,0.6482,-4.5164235083346267e-07,3.562318762307655e-07,-0.3540357176385236,0.2555730498603957,False,False,EUR_300k.UKB_local.local,local,EUR_300k,UKB_local,local,dyslipidaemia_e78,dyslipidaemia_e78,0.1875239077103183,0.0265781916439821,NA,NA,0.9594882643751994,0.4808934010265379,0.0309578918207898,0.0309578918207898,row,1.9446200000000051,1.5580814678459325,False,False,False,UKB EUR
EUR_300k,dyslipidaemia_e78,DYSLIP,DYSLIP,disease_cardiometabolic,sumrhe,-1,45,Ancient_Sequence_Age_Human_Promoter_w_flanking,Ancient promoter age,0.0198121541087349,0.0062987697496638,6.88193,1.54854,1.675308275150055e-06,7.493480023843399e-07,0.932477723839032,0.37223112520914,False,False,EUR_300k.UKB_local.local,local,EUR_300k,UKB_local,local,dyslipidaemia_e78,dyslipidaemia_e78,0.1875239077103183,0.0265781916439821,NA,NA,2.782813217682789,0.3246285531265496,0.0153519943596065,0.0153519943596065,row,6.881930000000039,2.9785489368518885,False,False,False,UKB EUR
EUR_300k,hypertension_i10,HTN,HTN,disease_cardiometabolic,sumrhe,-1,1,Coding_UCSC_w_flanking,Coding,0.0358871087304406,0.0031115058333221,1.23563,0.10817,-3.189567549617176e-07,1.359749007491214e-07,-0.3013823896306065,0.1228309650452395,False,False,EUR_300k.UKB_local.local,local,EUR_300k,UKB_local,local,hypertension_i10,hypertension_i10,0.2488398577063571,0.0101889724697387,NA,NA,0.3052468038588714,0.1262969680025243,0.1167159158282251,0.1167159158282251,row,1.2356300000000007,1.1606814398202832,False,False,False,UKB EUR
EUR_300k,hypertension_i10,HTN,HTN,disease_cardiometabolic,sumrhe,-1,2,Conserved_LindbladToh_w_flanking,Conserved (LindbladToh),0.1442577937645924,0.0056587489507568,1.29416,0.0653,3.877822966872899e-08,1.3858002109941428e-07,0.0567461279396918,0.19458196712581,False,False,EUR_300k.UKB_local.local,local,EUR_300k,UKB_local,local,hypertension_i10,hypertension_i10,0.2488398577063571,0.0101889724697387,NA,NA,0.3720159920884233,0.0727946978503811,0.4479518856821982,0.4479518856821982,row,1.2941600000000004,1.1979660117360422,False,False,False,UKB EUR
EUR_300k,hypertension_i10,HTN,HTN,disease_cardiometabolic,sumrhe,-1,6,DHS_Trynka_w_flanking,DHS + flank,0.1780490695503082,0.007899678022424,1.18116,0.02544,-3.5857122197539175e-08,6.636084218257605e-08,-0.0515639391569817,0.0916383608930635,False,False,EUR_300k.UKB_local.local,local,EUR_300k,UKB_local,local,hypertension_i10,hypertension_i10,0.2488398577063571,0.0101889724697387,NA,NA,0.2402044055239204,0.0310729806632591,0.6057745630258571,0.6057745630258571,row,1.18116,1.1250956034220245,False,False,False,UKB EUR
EUR_300k,hypertension_i10,HTN,HTN,disease_cardiometabolic,sumrhe,-1,20,Promoter_UCSC_w_flanking,Promoter,0.0264397386872967,0.0030953840414396,1.39007,0.13842,-1.8452196899113128e-07,1.32440842750559e-07,-0.1442560203674853,0.0990318146503771,False,False,EUR_300k.UKB_local.local,local,EUR_300k,UKB_local,local,hypertension_i10,hypertension_i10,0.2488398577063571,0.0101889724697387,NA,NA,0.4751575348265293,0.1436602815396709,0.0764364561636257,0.0764364561636257,row,1.3900700000000015,1.2570528722537142,False,False,False,UKB EUR
EUR_300k,hypertension_i10,HTN,HTN,disease_cardiometabolic,sumrhe,-1,29,GERP.NS,GERP.NS,0.7541290588876105,0.028680667758964,1.17036,0.04349,5.6258121299408666e-08,4.204095790990895e-08,0.2467004959235496,0.1785343354859714,False,False,EUR_300k.UKB_local.local,local,EUR_300k,UKB_local,local,hypertension_i10,hypertension_i10,0.2488398577063571,0.0101889724697387,NA,NA,0.2269523676958565,0.0536098357157293,2.589442437359457,2.589442437359457,row,1.1703600000000003,1.1179343639315449,False,False,False,UKB EUR
EUR_300k,hypertension_i10,HTN,HTN,disease_cardiometabolic,sumrhe,-1,31,Backgrd_Selection_Stat,Background selection,0.0587639314117053,0.0033855762953245,1.32873,0.05315,8.508694832577282e-07,1.872707345070972e-07,0.4672449966969345,0.0972156947948137,False,False,EUR_300k.UKB_local.local,local,EUR_300k,UKB_local,local,hypertension_i10,hypertension_i10,0.2488398577063571,0.0101889724697387,NA,NA,0.410047976521783,0.0577086702514795,0.1777273061483839,0.1777273061483839,row,1.3287300000000004,1.219543378818133,False,False,False,UKB EUR
EUR_300k,hypertension_i10,HTN,HTN,disease_cardiometabolic,sumrhe,-1,32,CpG_Content_50kb,CpG content (50 kb),0.0030631404576746,0.0001773397107074,1.15584,0.0386,1.311591602959004e-05,9.064171171888753e-06,0.2250360319918487,0.1385016691908653,False,False,EUR_300k.UKB_local.local,local,EUR_300k,UKB_local,local,hypertension_i10,hypertension_i10,0.2488398577063571,0.0101889724697387,NA,NA,0.2089417030440464,0.0481797035734305,0.010649991157144,0.010649991157144,row,1.1558400000000102,1.1082501095504755,False,False,False,UKB EUR
EUR_300k,hypertension_i10,HTN,HTN,disease_cardiometabolic,sumrhe,-1,33,GTEx_eQTL_MaxCPP,GTEx eQTL MaxCPP,0.0064809603367642,0.0012897433505998,3.50766,0.65731,1.2693928127065653e-06,5.438283446763649e-07,0.2602186184170242,0.1042868739323962,False,False,EUR_300k.UKB_local.local,local,EUR_300k,UKB_local,local,hypertension_i10,hypertension_i10,0.2488398577063571,0.0101889724697387,NA,NA,1.8105089130944525,0.2703505691334749,0.0074250935369231,0.0074250935369231,row,3.5076600000000386,2.1723787012216453,False,False,False,UKB EUR
EUR_300k,hypertension_i10,HTN,HTN,disease_cardiometabolic,sumrhe,-1,34,BLUEPRINT_H3K27acQTL_MaxCPP,BLUEPRINT H3K27ac QTL,0.0073192935146541,0.0009350639291848,1.66852,0.23726,-1.0328135777268478e-07,2.175974372172642e-07,-0.0305960978525235,0.0611559216733115,False,False,EUR_300k.UKB_local.local,local,EUR_300k,UKB_local,local,hypertension_i10,hypertension_i10,0.2488398577063571,0.0101889724697387,NA,NA,0.7385689797344284,0.2051481704752208,0.017628599135759,0.017628599135759,row,1.668520000000007,1.416039824064734,False,False,False,UKB EUR
EUR_300k,hypertension_i10,HTN,HTN,disease_cardiometabolic,sumrhe,-1,35,BLUEPRINT_H3K4me1QTL_MaxCPP,BLUEPRINT H3K4me1 QTL,0.0052234605699293,0.0011124036398923,1.77924,0.43799,-3.5120356308509014e-08,4.506830798960443e-07,-0.0084111418698962,0.1022386002737248,False,False,EUR_300k.UKB_local.local,local,EUR_300k,UKB_local,local,hypertension_i10,hypertension_i10,0.2488398577063571,0.0101889724697387,NA,NA,0.8312611275001324,0.3551437697887621,0.0117978764215702,0.0117978764215702,row,1.779240000000005,1.4746904231888518,False,False,False,UKB EUR
EUR_300k,hypertension_i10,HTN,HTN,disease_cardiometabolic,sumrhe,-1,36,BLUEPRINT_DNA_methylation_MaxCPP,BLUEPRINT methylation QTL,0.0144934909023657,0.0027407046200246,1.68151,0.2124,-6.353324110430473e-09,2.738399203785469e-07,-0.002648310630746,0.1081087059160612,False,False,EUR_300k.UKB_local.local,local,EUR_300k,UKB_local,local,hypertension_i10,hypertension_i10,0.2488398577063571,0.0101889724697387,NA,NA,0.7497573586489206,0.182234079300638,0.0346380634554564,0.0346380634554564,row,1.6815100000000047,1.42304563353064,False,False,False,UKB EUR
EUR_300k,hypertension_i10,HTN,HTN,disease_cardiometabolic,sumrhe,-1,38,non_synonymous,Nonsynonymous,0.0074321460578315,0.0015315702288373,0.96503,0.16749,-4.163001343482407e-07,1.9578304062105614e-07,-0.2121418228442269,0.0908398485411234,False,False,EUR_300k.UKB_local.local,local,EUR_300k,UKB_local,local,hypertension_i10,hypertension_i10,0.2488398577063571,0.0101889724697387,NA,NA,-0.0513543025807568,0.2503932441462881,0.0309494885850444,0.0309494885850444,row,0.9650300000000005,0.9745513381942342,False,False,False,UKB EUR
EUR_300k,hypertension_i10,HTN,HTN,disease_cardiometabolic,sumrhe,-1,45,Ancient_Sequence_Age_Human_Promoter_w_flanking,Ancient promoter age,0.0103179468047987,0.0016444227720147,2.69945,0.43857,2.934295096949702e-07,3.149456531413521e-07,0.1062219726120524,0.1105943637885047,False,False,EUR_300k.UKB_local.local,local,EUR_300k,UKB_local,local,hypertension_i10,hypertension_i10,0.2488398577063571,0.0101889724697387,NA,NA,1.432665495016438,0.2343895104864593,0.0153602418009263,0.0153602418009263,row,2.699450000000012,1.8873108001325738,False,False,False,UKB EUR
EUR_300k,ever_smoked,SMK,SMK,behavior_cognitive,sumrhe,-1,1,Coding_UCSC_w_flanking,Coding,0.0143359234558273,0.0020825834750019,0.91793,0.10103,-1.2098728337878966e-07,8.126111566994044e-08,-0.2129933996956839,0.1359999657437029,False,False,EUR_300k.UKB_local.local,local,EUR_300k,UKB_local,local,ever_smoked,ever_smoked,0.1337535200805516,0.0049400817313999,NA,NA,-0.1235439548685272,0.1587871406109528,0.1167645175458109,0.1167645175458109,row,0.9179300000000001,0.9395500662915154,False,False,False,UKB EUR
EUR_300k,ever_smoked,SMK,SMK,behavior_cognitive,sumrhe,-1,2,Conserved_LindbladToh_w_flanking,Conserved (LindbladToh),0.0690481358339794,0.0046656327463221,1.1524,0.09123,-1.6698283455029205e-08,7.523227867067899e-08,-0.0455264048475988,0.195562660331656,False,False,EUR_300k.UKB_local.local,local,EUR_300k,UKB_local,local,ever_smoked,ever_smoked,0.1337535200805516,0.0049400817313999,NA,NA,0.2046415656104211,0.1142112708957828,0.4479643857315854,0.4479643857315854,row,1.1524,1.1059462119053245,False,False,False,UKB EUR
EUR_300k,ever_smoked,SMK,SMK,behavior_cognitive,sumrhe,-1,6,DHS_Trynka_w_flanking,DHS + flank,0.0852244818956224,0.0049400817313999,1.05198,0.04434,4.46179787069914e-08,6.279893244375844e-08,0.1195428745143832,0.1582802186740552,False,False,EUR_300k.UKB_local.local,local,EUR_300k,UKB_local,local,ever_smoked,ever_smoked,0.1337535200805516,0.0049400817313999,NA,NA,0.0731072767071183,0.0608082835348738,0.6056917608583899,0.6056917608583899,row,1.05198,1.037016669521267,False,False,False,UKB EUR
EUR_300k,ever_smoked,SMK,SMK,behavior_cognitive,sumrhe,-1,20,Promoter_UCSC_w_flanking,Promoter,0.0051660985426404,0.0017919904319784,0.50531,0.15902,-2.0790479263118306e-07,6.432922769643623e-08,-0.3028253957290239,0.081785313231439,False,False,EUR_300k.UKB_local.local,local,EUR_300k,UKB_local,local,ever_smoked,ever_smoked,0.1337535200805516,0.0049400817313999,NA,NA,-0.9847593639565224,0.4540131115595633,0.0764362852744036,0.0764362852744036,row,0.5053100000000006,0.5900606228043829,False,False,False,UKB EUR
EUR_300k,ever_smoked,SMK,SMK,behavior_cognitive,sumrhe,-1,29,GERP.NS,GERP.NS,0.413013434426162,0.0157566005550535,1.19256,0.04793,8.292556804414744e-08,2.061693064020148e-08,0.677507993374588,0.1668100931302725,False,False,EUR_300k.UKB_local.local,local,EUR_300k,UKB_local,local,ever_smoked,ever_smoked,0.1337535200805516,0.0049400817313999,NA,NA,0.2540618528344544,0.0579831398921714,2.589278228294444,2.589278228294444,row,1.19256,1.1326163229519015,False,False,False,UKB EUR
EUR_300k,ever_smoked,SMK,SMK,behavior_cognitive,sumrhe,-1,31,Backgrd_Selection_Stat,Background selection,0.0261049416982802,0.0016789820263581,1.09811,0.0643,2.902701618646129e-07,1.362342160244958e-07,0.2969780179410727,0.1306272232593568,False,False,EUR_300k.UKB_local.local,local,EUR_300k,UKB_local,local,ever_smoked,ever_smoked,0.1337535200805516,0.0049400817313999,NA,NA,0.1350225793938881,0.0844772300854744,0.1777344688473817,0.1777344688473817,row,1.0981100000000001,1.0690903177122948,False,False,False,UKB EUR
EUR_300k,ever_smoked,SMK,SMK,behavior_cognitive,sumrhe,-1,32,CpG_Content_50kb,CpG content (50 kb),0.0014045330412803,6.457623178300621e-05,0.98416,0.02683,6.343387824276483e-06,4.018191446465779e-06,0.2027758254218178,0.1146622029162236,False,False,EUR_300k.UKB_local.local,local,EUR_300k,UKB_local,local,ever_smoked,ever_smoked,0.1337535200805516,0.0049400817313999,NA,NA,-0.0230352138332012,0.0393305031164149,0.0106699167314786,0.0106699167314786,row,0.984160000000001,0.9885283674079203,False,False,False,UKB EUR
EUR_300k,ever_smoked,SMK,SMK,behavior_cognitive,sumrhe,-1,33,GTEx_eQTL_MaxCPP,GTEx eQTL MaxCPP,0.0018404226058156,0.0005327539122098,1.85015,0.5491,1.4834581117655753e-07,2.599144897092163e-07,0.056657571360615,0.0937640427866071,False,False,EUR_300k.UKB_local.local,local,EUR_300k,UKB_local,local,ever_smoked,ever_smoked,0.1337535200805516,0.0049400817313999,NA,NA,0.8876422412731885,0.4281727681280599,0.00743713043802,0.00743713043802,row,1.8501500000000217,1.5110378485972094,False,False,False,UKB EUR
EUR_300k,ever_smoked,SMK,SMK,behavior_cognitive,sumrhe,-1,34,BLUEPRINT_H3K27acQTL_MaxCPP,BLUEPRINT H3K27ac QTL,0.0030350828938012,0.0007910588393418,1.28465,0.31909,-5.6023917086244335e-08,1.782207132863297e-07,-0.0309213599458157,0.0929802487733409,False,False,EUR_300k.UKB_local.local,local,EUR_300k,UKB_local,local,ever_smoked,ever_smoked,0.1337535200805516,0.0049400817313999,NA,NA,0.3613753539379138,0.3583462893373754,0.0176636526258552,0.0176636526258552,row,1.2846500000000058,1.191973166622489,False,False,False,UKB EUR
EUR_300k,ever_smoked,SMK,SMK,behavior_cognitive,sumrhe,-1,35,BLUEPRINT_H3K4me1QTL_MaxCPP,BLUEPRINT H3K4me1 QTL,0.0025346170974829,0.0005488979701555,1.60845,0.36396,9.364780556939778e-08,2.1238315430533453e-07,0.041786472383886,0.0888822411043913,False,False,EUR_300k.UKB_local.local,local,EUR_300k,UKB_local,local,ever_smoked,ever_smoked,0.1337535200805516,0.0049400817313999,NA,NA,0.68567108931784,0.3264529746538264,0.0117814725200995,0.0117814725200995,row,1.60845,1.383192779371638,False,False,False,UKB EUR
EUR_300k,ever_smoked,SMK,SMK,behavior_cognitive,sumrhe,-1,36,BLUEPRINT_DNA_methylation_MaxCPP,BLUEPRINT methylation QTL,0.0059248692660908,0.0010009315926365,1.28116,0.1804,-4.820341253616336e-08,1.1576387343044177e-07,-0.0374359716486649,0.0840703431930806,False,False,EUR_300k.UKB_local.local,local,EUR_300k,UKB_local,local,ever_smoked,ever_smoked,0.1337535200805516,0.0049400817313999,NA,NA,0.3574506605289385,0.2031457315061108,0.0345756362581261,0.0345756362581261,row,1.2811600000000027,1.1897676404734325,False,False,False,UKB EUR
EUR_300k,ever_smoked,SMK,SMK,behavior_cognitive,sumrhe,-1,38,non_synonymous,Nonsynonymous,0.0028897863722895,0.0012269484038771,0.69788,0.27491,-3.4735555076079045e-07,1.297612559911467e-07,-0.3297892013100181,0.111421283283614,False,False,EUR_300k.UKB_local.local,local,EUR_300k,UKB_local,local,ever_smoked,ever_smoked,0.1337535200805516,0.0049400817313999,NA,NA,-0.5189491075760461,0.5683087259855347,0.0309584897155029,0.0309584897155029,row,0.697880000000001,0.763734498041347,False,False,False,UKB EUR
EUR_300k,ever_smoked,SMK,SMK,behavior_cognitive,sumrhe,-1,45,Ancient_Sequence_Age_Human_Promoter_w_flanking,Ancient promoter age,0.003180379415313,0.0006619063757758,1.54812,0.32178,3.2812313453001656e-07,1.667713473912027e-07,0.2213043607261569,0.1017953887334596,False,False,EUR_300k.UKB_local.local,local,EUR_300k,UKB_local,local,ever_smoked,ever_smoked,0.1337535200805516,0.0049400817313999,NA,NA,0.6305173039726617,0.2998672003832071,0.0153592175599795,0.0153592175599795,row,1.5481200000000042,1.3494332208157014,False,False,False,UKB EUR
EUR_300k,type2_diabetes_e11,T2D,T2D,disease_cardiometabolic,sumrhe,-1,1,Coding_UCSC_w_flanking,Coding,0.0485743605770166,0.0077783527568511,1.4425,0.20234,-1.9854745679363586e-07,2.009936034967137e-07,-0.3240216466052116,0.3093964069029729,False,False,EUR_300k.UKB_local.local,local,EUR_300k,UKB_local,local,type2_diabetes_e11,type2_diabetes_e11,0.2884445584563442,0.011683666796598,NA,NA,0.5285713188707577,0.2023673584564803,0.1167424814060447,0.1167424814060447,row,1.4425,1.2883585621936604,False,False,False,UKB EUR
EUR_300k,type2_diabetes_e11,T2D,T2D,disease_cardiometabolic,sumrhe,-1,2,Conserved_LindbladToh_w_flanking,Conserved (LindbladToh),0.1676057504826894,0.0138783887362904,1.29715,0.10996,-2.4316647658080975e-07,2.026867669225411e-07,-0.6145705560978493,0.4915208885231807,False,False,EUR_300k.UKB_local.local,local,EUR_300k,UKB_local,local,type2_diabetes_e11,type2_diabetes_e11,0.2884445584563442,0.011683666796598,NA,NA,0.3753453197926651,0.1222979198212623,0.4479570383580487,0.4479570383580487,row,1.29715,1.1998450653316681,False,False,False,UKB EUR
EUR_300k,type2_diabetes_e11,T2D,T2D,disease_cardiometabolic,sumrhe,-1,6,DHS_Trynka_w_flanking,DHS + flank,0.2004943042554336,0.0136201861551501,1.14739,0.05287,-1.1729691406686289e-07,1.2430356385933102e-07,-0.2913260992618698,0.2904895228989753,False,False,EUR_300k.UKB_local.local,local,EUR_300k,UKB_local,local,type2_diabetes_e11,type2_diabetes_e11,0.2884445584563442,0.011683666796598,NA,NA,0.1983558494461856,0.0664772107232933,0.605799106739465,0.605799106739465,row,1.14739,1.1025842312384584,False,False,False,UKB EUR
EUR_300k,type2_diabetes_e11,T2D,T2D,disease_cardiometabolic,sumrhe,-1,20,Promoter_UCSC_w_flanking,Promoter,0.02469062182154,0.0087788877587697,1.12002,0.33875,-4.23129479843647e-07,2.107200947282683e-07,-0.5713248512891153,0.268491631245502,False,False,EUR_300k.UKB_local.local,local,EUR_300k,UKB_local,local,type2_diabetes_e11,type2_diabetes_e11,0.2884445584563442,0.011683666796598,NA,NA,0.1635244944643051,0.436343052000086,0.0764264873489076,0.0764264873489076,row,1.1200200000000007,1.08407787505485,False,False,False,UKB EUR
EUR_300k,type2_diabetes_e11,T2D,T2D,disease_cardiometabolic,sumrhe,-1,29,GERP.NS,GERP.NS,0.9256562533879324,0.0491875917072248,1.23935,0.06274,1.2819725878292658e-07,5.8282132121438665e-08,0.9709256209263534,0.4228164092140143,False,False,EUR_300k.UKB_local.local,local,EUR_300k,UKB_local,local,type2_diabetes_e11,type2_diabetes_e11,0.2884445584563442,0.011683666796598,NA,NA,0.3095836708990708,0.0730339991651862,2.589365861727349,2.589365861727349,row,1.2393499999999997,1.1630800323450938,False,False,False,UKB EUR
EUR_300k,type2_diabetes_e11,T2D,T2D,disease_cardiometabolic,sumrhe,-1,31,Backgrd_Selection_Stat,Background selection,0.0624527493133071,0.0040021400076744,1.21817,0.05752,3.515073113675953e-07,1.963743593201139e-07,0.3333782626392828,0.1793394440293834,False,False,EUR_300k.UKB_local.local,local,EUR_300k,UKB_local,local,type2_diabetes_e11,type2_diabetes_e11,0.2884445584563442,0.011683666796598,NA,NA,0.2847154805700471,0.0681217061263478,0.1777384185005818,0.1777384185005818,row,1.2181700000000002,1.1493699375277784,False,False,False,UKB EUR
EUR_300k,type2_diabetes_e11,T2D,T2D,disease_cardiometabolic,sumrhe,-1,32,CpG_Content_50kb,CpG content (50 kb),0.0035180101680364,0.0002582025811402,1.14819,0.03714,1.5156265585676408e-05,1.137821314310907e-05,0.4491240246999454,0.3205288111888364,False,False,EUR_300k.UKB_local.local,local,EUR_300k,UKB_local,local,type2_diabetes_e11,type2_diabetes_e11,0.2884445584563442,0.011683666796598,NA,NA,0.1993613958261289,0.0466662258150794,0.0106223591188985,0.0106223591188985,row,1.1481900000000056,1.1031216003695483,False,False,False,UKB EUR
EUR_300k,type2_diabetes_e11,T2D,T2D,disease_cardiometabolic,sumrhe,-1,33,GTEx_eQTL_MaxCPP,GTEx eQTL MaxCPP,0.0061968619473669,0.0013232882283439,2.89131,0.50834,9.964037606203714e-07,5.02062008898233e-07,0.3527757315474469,0.1729292421993493,False,False,EUR_300k.UKB_local.local,local,EUR_300k,UKB_local,local,type2_diabetes_e11,type2_diabetes_e11,0.2884445584563442,0.011683666796598,NA,NA,1.531723299747515,0.253649590353679,0.0074304448049208,0.0074304448049208,row,2.89131000000002,1.9602559167404252,False,False,False,UKB EUR
EUR_300k,type2_diabetes_e11,T2D,T2D,disease_cardiometabolic,sumrhe,-1,34,BLUEPRINT_H3K27acQTL_MaxCPP,BLUEPRINT H3K27ac QTL,0.0060354853341542,0.001807418067982,1.18555,0.33286,-5.184740104619625e-07,3.7527485896155883e-07,-0.2652724905651355,0.1804900592815898,False,False,EUR_300k.UKB_local.local,local,EUR_300k,UKB_local,local,type2_diabetes_e11,type2_diabetes_e11,0.2884445584563442,0.011683666796598,NA,NA,0.2455565090712063,0.4050571222726163,0.0176494011305724,0.0176494011305724,row,1.1855500000000008,1.127996383809652,False,False,False,UKB EUR
EUR_300k,type2_diabetes_e11,T2D,T2D,disease_cardiometabolic,sumrhe,-1,35,BLUEPRINT_H3K4me1QTL_MaxCPP,BLUEPRINT H3K4me1 QTL,0.0056159061398012,0.0011941869377738,1.65436,0.36065,9.027827322311673e-08,3.833372345576643e-07,0.0373425482974141,0.1517104768344669,False,False,EUR_300k.UKB_local.local,local,EUR_300k,UKB_local,local,type2_diabetes_e11,type2_diabetes_e11,0.2884445584563442,0.011683666796598,NA,NA,0.7262732089356527,0.3145071003267757,0.0117686722829853,0.0117686722829853,row,1.6543600000000096,1.4083640508110118,False,False,False,UKB EUR
EUR_300k,type2_diabetes_e11,T2D,T2D,disease_cardiometabolic,sumrhe,-1,36,BLUEPRINT_DNA_methylation_MaxCPP,BLUEPRINT methylation QTL,0.0128778537343718,0.004098965975602,1.28988,0.3287,-3.755524267362848e-07,4.015501991248474e-07,-0.2703723142958826,0.274121738527266,False,False,EUR_300k.UKB_local.local,local,EUR_300k,UKB_local,local,type2_diabetes_e11,type2_diabetes_e11,0.2884445584563442,0.011683666796598,NA,NA,0.3672368552162367,0.3676418426056705,0.0346124091493222,0.0346124091493222,row,1.2898800000000028,1.1952719966012386,False,False,False,UKB EUR
EUR_300k,type2_diabetes_e11,T2D,T2D,disease_cardiometabolic,sumrhe,-1,38,non_synonymous,Nonsynonymous,0.0117159421192405,0.0024206491981902,1.31236,0.27039,-5.845641886370835e-07,2.7308570067044064e-07,-0.5144880081156094,0.2210949971917115,False,False,EUR_300k.UKB_local.local,local,EUR_300k,UKB_local,local,type2_diabetes_e11,type2_diabetes_e11,0.2884445584563442,0.011683666796598,NA,NA,0.3921635270998166,0.2972433723261657,0.0309500875764699,0.0309500875764699,row,1.3123600000000017,1.2093660214473816,False,False,False,UKB EUR
EUR_300k,type2_diabetes_e11,T2D,T2D,disease_cardiometabolic,sumrhe,-1,45,Ancient_Sequence_Age_Human_Promoter_w_flanking,Ancient promoter age,0.0132006069607972,0.0056159061398012,2.97854,1.13522,5.559617977112681e-07,6.402939882439505e-07,0.3475987697955842,0.3846024272052517,False,False,EUR_300k.UKB_local.local,local,EUR_300k,UKB_local,local,type2_diabetes_e11,type2_diabetes_e11,0.2884445584563442,0.011683666796598,NA,NA,1.574605333737899,0.5498587443237186,0.0153648425170247,0.0153648425170247,row,2.978540000000015,1.9922391038362692,False,False,False,UKB EUR
EUR_300k,apo_b,ApoB,ApoB,biochem_lipids,sumrhe,-1,1,Coding_UCSC_w_flanking,Coding,0.04642,0.00681,2.93905,0.57035,3.52008e-07,1.85581e-07,0.379032,0.209879,False,False,EUR_300k.UKB_local.local,local,EUR_300k,UKB_local,local,apo_b,apo_b,0.13538,0.02788,NA,NA,1.5553499027587083,0.2799683967850225,0.1166658237590221,0.1166658237590221,row,2.9390500000000017,1.9778477297963903,False,False,False,UKB EUR
EUR_300k,apo_b,ApoB,ApoB,biochem_lipids,sumrhe,-1,2,Conserved_LindbladToh_w_flanking,Conserved (LindbladToh),0.08866,0.01926,1.46206,0.13971,7.4408e-08,1.90644e-07,0.124113,0.313582,False,False,EUR_300k.UKB_local.local,local,EUR_300k,UKB_local,local,apo_b,apo_b,0.13538,0.02788,NA,NA,0.5480025178062667,0.1378595434952034,0.4479278046353817,0.4479278046353817,row,1.46206,1.2998659204932468,False,False,False,UKB EUR
EUR_300k,apo_b,ApoB,ApoB,biochem_lipids,sumrhe,-1,6,DHS_Trynka_w_flanking,DHS + flank,0.1069,0.02191,1.30363,0.08854,9.85011e-08,1.00074e-07,0.161461,0.151712,False,False,EUR_300k.UKB_local.local,local,EUR_300k,UKB_local,local,apo_b,apo_b,0.13538,0.02788,NA,NA,0.3825344578282825,0.0979850255979908,0.6057157260144899,0.6057157260144899,row,1.3036299999999998,1.2039090153778662,False,False,False,UKB EUR
EUR_300k,apo_b,ApoB,ApoB,biochem_lipids,sumrhe,-1,20,Promoter_UCSC_w_flanking,Promoter,0.02495,0.00609,2.41333,0.47759,-1.77336e-07,2.3079e-07,-0.157989,0.20498,False,False,EUR_300k.UKB_local.local,local,EUR_300k,UKB_local,local,apo_b,apo_b,0.13538,0.02788,NA,NA,1.27102520391324,0.2855045619862016,0.0763658743509375,0.0763658743509375,row,2.4133300000000024,1.7711799006215563,False,False,False,UKB EUR
EUR_300k,apo_b,ApoB,ApoB,biochem_lipids,sumrhe,-1,29,GERP.NS,GERP.NS,0.38564,0.05261,1.10007,0.15236,-6.13436e-08,6.3605e-08,-0.306615,0.300498,False,False,EUR_300k.UKB_local.local,local,EUR_300k,UKB_local,local,apo_b,apo_b,0.13538,0.02788,NA,NA,0.1375953286951379,0.1998136631576558,2.589448292579208,2.589448292579208,row,1.10007,1.070437416924615,False,False,False,UKB EUR
EUR_300k,apo_b,ApoB,ApoB,biochem_lipids,sumrhe,-1,31,Backgrd_Selection_Stat,Background selection,0.03748,0.00586,1.55769,0.17783,3.6741e-07,3.27612e-07,0.229989,0.222996,False,False,EUR_300k.UKB_local.local,local,EUR_300k,UKB_local,local,apo_b,apo_b,0.13538,0.02788,NA,NA,0.6394081474159629,0.164701872080635,0.1777313503783976,0.1777313503783976,row,1.5576900000000007,1.3548414156797746,False,False,False,UKB EUR
EUR_300k,apo_b,ApoB,ApoB,biochem_lipids,sumrhe,-1,32,CpG_Content_50kb,CpG content (50 kb),0.00204,0.00057,1.4194,0.14759,1.77082e-05,1.64055e-05,0.346196,0.294552,False,False,EUR_300k.UKB_local.local,local,EUR_300k,UKB_local,local,apo_b,apo_b,0.13538,0.02788,NA,NA,0.5052812114532669,0.150012231284206,0.0106162431476053,0.0106162431476053,row,1.4194000000000069,1.274649310165093,False,False,False,UKB EUR
EUR_300k,apo_b,ApoB,ApoB,biochem_lipids,sumrhe,-1,33,GTEx_eQTL_MaxCPP,GTEx eQTL MaxCPP,0.00531,0.00123,5.29946,1.62684,1.20288e-06,5.94264e-07,0.280598,0.15585,False,False,EUR_300k.UKB_local.local,local,EUR_300k,UKB_local,local,apo_b,apo_b,0.13538,0.02788,NA,NA,2.4058453606168744,0.4428817276325892,0.007401306558473,0.007401306558473,row,5.299460000000022,2.6552281637376267,False,False,False,UKB EUR
EUR_300k,apo_b,ApoB,ApoB,biochem_lipids,sumrhe,-1,34,BLUEPRINT_H3K27acQTL_MaxCPP,BLUEPRINT H3K27ac QTL,0.00607,0.00286,2.54554,0.93192,1.81518e-07,4.63978e-07,0.0612609,0.162603,False,False,EUR_300k.UKB_local.local,local,EUR_300k,UKB_local,local,apo_b,apo_b,0.13538,0.02788,NA,NA,1.3479717359408523,0.5281694110111186,0.0176138484559241,0.0176138484559241,row,2.5455400000000057,1.8260053724556087,False,False,False,UKB EUR
EUR_300k,apo_b,ApoB,ApoB,biochem_lipids,sumrhe,-1,35,BLUEPRINT_H3K4me1QTL_MaxCPP,BLUEPRINT H3K4me1 QTL,0.005,0.00132,3.13645,0.78832,6.1388e-07,4.20553e-07,0.167524,0.120062,False,False,EUR_300k.UKB_local.local,local,EUR_300k,UKB_local,local,apo_b,apo_b,0.13538,0.02788,NA,NA,1.6491325639791083,0.3626091136901872,0.0117754395140995,0.0117754395140995,row,3.1364500000000226,2.0483931434510994,False,False,False,UKB EUR
EUR_300k,apo_b,ApoB,ApoB,biochem_lipids,sumrhe,-1,36,BLUEPRINT_DNA_methylation_MaxCPP,BLUEPRINT methylation QTL,0.00989,0.00396,2.11138,0.61205,-2.07301e-08,2.87094e-07,-0.00984841,0.135094,False,False,EUR_300k.UKB_local.local,local,EUR_300k,UKB_local,local,apo_b,apo_b,0.13538,0.02788,NA,NA,1.0781862540894702,0.4182106014910106,0.0345999426101352,0.0345999426101352,row,2.111380000000002,1.6375546052986019,False,False,False,UKB EUR
EUR_300k,apo_b,ApoB,ApoB,biochem_lipids,sumrhe,-1,38,non_synonymous,Nonsynonymous,0.01259,0.00246,3.00591,0.87727,-9.99284e-08,2.22442e-07,-0.0580359,0.123554,False,False,EUR_300k.UKB_local.local,local,EUR_300k,UKB_local,local,apo_b,apo_b,0.13538,0.02788,NA,NA,1.587801814145339,0.4210482278313924,0.0309382145675506,0.0309382145675506,row,3.005910000000001,2.002130008766137,False,False,False,UKB EUR
EUR_300k,apo_b,ApoB,ApoB,biochem_lipids,sumrhe,-1,45,Ancient_Sequence_Age_Human_Promoter_w_flanking,Ancient promoter age,0.01517,0.00351,7.31136,2.43671,1.30331e-06,6.50532e-07,0.537097,0.318839,False,False,EUR_300k.UKB_local.local,local,EUR_300k,UKB_local,local,apo_b,apo_b,0.13538,0.02788,NA,NA,2.870139789592288,0.4808174447824408,0.0153261440305181,0.0153261440305181,row,7.311360000000001,3.055084566612834,False,False,False,UKB EUR
EUR_300k,urea,UREA,UREA,biochem_kidney,sumrhe,-1,1,Coding_UCSC_w_flanking,Coding,0.02637,0.003,1.73726,0.24088,-3.05692e-07,1.24145e-07,-0.342808,0.128856,False,False,EUR_300k.UKB_local.local,local,EUR_300k,UKB_local,local,urea,urea,0.13005,0.00689,NA,NA,0.7968136853322807,0.2000370591905262,0.1167172248770854,0.1167172248770854,row,1.7372600000000002,1.4527324763161333,False,False,False,UKB EUR
EUR_300k,urea,UREA,UREA,biochem_kidney,sumrhe,-1,2,Conserved_LindbladToh_w_flanking,Conserved (LindbladToh),0.08598,0.0048,1.47579,0.06799,9.44776e-08,7.97043e-08,0.164082,0.129637,False,False,EUR_300k.UKB_local.local,local,EUR_300k,UKB_local,local,urea,urea,0.13005,0.00689,NA,NA,0.5614874453054312,0.0664653072795185,0.4479840183811626,0.4479840183811626,row,1.47579,1.307888948313396,False,False,False,UKB EUR
EUR_300k,urea,UREA,UREA,biochem_kidney,sumrhe,-1,6,DHS_Trynka_w_flanking,DHS + flank,0.09063,0.00599,1.15043,0.06711,-1.85445e-07,4.46733e-08,-0.316498,0.0758557,False,False,EUR_300k.UKB_local.local,local,EUR_300k,UKB_local,local,urea,urea,0.13005,0.00689,NA,NA,0.202173202836041,0.0841591962953489,0.6057611616080847,0.6057611616080847,row,1.15043,1.1046251699728593,False,False,False,UKB EUR
EUR_300k,urea,UREA,UREA,biochem_kidney,sumrhe,-1,20,Promoter_UCSC_w_flanking,Promoter,0.01546,0.00306,1.5558,0.29127,-2.78128e-07,1.45739e-07,-0.258052,0.128771,False,False,EUR_300k.UKB_local.local,local,EUR_300k,UKB_local,local,urea,urea,0.13005,0.00689,NA,NA,0.6376566120250015,0.2700949894329145,0.0764091495459018,0.0764091495459018,row,1.5558,1.3537749449322234,False,False,False,UKB EUR
EUR_300k,urea,UREA,UREA,biochem_kidney,sumrhe,-1,29,GERP.NS,GERP.NS,0.43381,0.02093,1.28819,0.05455,6.31809e-08,2.37226e-08,0.328816,0.118779,False,False,EUR_300k.UKB_local.local,local,EUR_300k,UKB_local,local,urea,urea,0.13005,0.00689,NA,NA,0.3653453976775799,0.0610927071941972,2.589460430457311,2.589460430457311,row,1.28819,1.1942068513632422,False,False,False,UKB EUR
EUR_300k,urea,UREA,UREA,biochem_kidney,sumrhe,-1,31,Backgrd_Selection_Stat,Background selection,0.03529,0.00244,1.52685,0.10596,6.18795e-07,1.77243e-07,0.403274,0.108374,False,False,EUR_300k.UKB_local.local,local,EUR_300k,UKB_local,local,urea,urea,0.13005,0.00689,NA,NA,0.6105583366038396,0.1001198326833641,0.1777235290428713,0.1777235290428713,row,1.52685,1.3373400249161866,False,False,False,UKB EUR
EUR_300k,urea,UREA,UREA,biochem_kidney,sumrhe,-1,32,CpG_Content_50kb,CpG content (50 kb),0.0017,0.0001,1.23289,0.04561,8.37285e-06,5.79547e-06,0.170495,0.111751,False,False,EUR_300k.UKB_local.local,local,EUR_300k,UKB_local,local,urea,urea,0.13005,0.00689,NA,NA,0.3020440864124178,0.053371607211467,0.010602645349412,0.010602645349412,row,1.2328900000000038,1.1589121806886442,False,False,False,UKB EUR
EUR_300k,urea,UREA,UREA,biochem_kidney,sumrhe,-1,33,GTEx_eQTL_MaxCPP,GTEx eQTL MaxCPP,0.00409,0.00122,4.24428,1.26516,7.59373e-07,5.80641e-07,0.184709,0.134284,False,False,EUR_300k.UKB_local.local,local,EUR_300k,UKB_local,local,urea,urea,0.13005,0.00689,NA,NA,2.0855198356321503,0.4300470416492505,0.0074098416037836,0.0074098416037836,row,4.24428000000003,2.390744715275043,False,False,False,UKB EUR
EUR_300k,urea,UREA,UREA,biochem_kidney,sumrhe,-1,34,BLUEPRINT_H3K27acQTL_MaxCPP,BLUEPRINT H3K27ac QTL,0.0051,0.0009,2.22574,0.50199,3.27801e-08,2.36938e-07,0.0115242,0.0786879,False,False,EUR_300k.UKB_local.local,local,EUR_300k,UKB_local,local,urea,urea,0.13005,0.00689,NA,NA,1.1542850739833368,0.3253832359466294,0.0176191676810902,0.0176191676810902,row,2.225740000000006,1.6896301595638945,False,False,False,UKB EUR
EUR_300k,urea,UREA,UREA,biochem_kidney,sumrhe,-1,35,BLUEPRINT_H3K4me1QTL_MaxCPP,BLUEPRINT H3K4me1 QTL,0.00467,0.00097,3.04666,0.82418,4.99954e-07,4.10531e-07,0.142107,0.112066,False,False,EUR_300k.UKB_local.local,local,EUR_300k,UKB_local,local,urea,urea,0.13005,0.00689,NA,NA,1.6072285076768074,0.3902766960539955,0.0117864368413446,0.0117864368413446,row,3.046660000000016,2.0167316389950143,False,False,False,UKB EUR
EUR_300k,urea,UREA,UREA,biochem_kidney,sumrhe,-1,36,BLUEPRINT_DNA_methylation_MaxCPP,BLUEPRINT methylation QTL,0.00909,0.00103,2.01961,0.24248,1.68558e-08,1.41647e-07,0.00833868,0.0671712,False,False,EUR_300k.UKB_local.local,local,EUR_300k,UKB_local,local,urea,urea,0.13005,0.00689,NA,NA,1.0140767259531769,0.1732139836477121,0.0346087580134908,0.0346087580134908,row,2.019610000000004,1.5943622292194974,False,False,False,UKB EUR
EUR_300k,urea,UREA,UREA,biochem_kidney,sumrhe,-1,38,non_synonymous,Nonsynonymous,0.00786,0.00226,1.95266,0.61244,-1.8641e-08,1.71946e-07,-0.0112736,0.0983218,False,False,EUR_300k.UKB_local.local,local,EUR_300k,UKB_local,local,urea,urea,0.13005,0.00689,NA,NA,0.9654407669327788,0.4524925746632987,0.0309517749962843,0.0309517749962843,row,1.9526600000000007,1.5620152391151474,False,False,False,UKB EUR
EUR_300k,urea,UREA,UREA,biochem_kidney,sumrhe,-1,45,Ancient_Sequence_Age_Human_Promoter_w_flanking,Ancient promoter age,0.00768,0.00164,3.84337,0.80945,1.73293e-07,3.90444e-07,0.0744424,0.159186,False,False,EUR_300k.UKB_local.local,local,EUR_300k,UKB_local,local,urea,urea,0.13005,0.00689,NA,NA,1.9423718708764024,0.3038451933713307,0.0153652159222926,0.0153652159222926,row,3.8433700000000073,2.276011219081477,False,False,False,UKB EUR
EUR_300k,calcium,Ca,Ca,biochem_mineral,sumrhe,-1,1,Coding_UCSC_w_flanking,Coding,0.03095,0.00353,1.85005,0.23486,-3.55333e-07,1.17026e-07,-0.361629,0.113733,False,False,EUR_300k.UKB_local.local,local,EUR_300k,UKB_local,local,calcium,calcium,0.1433,0.00967,NA,NA,0.8875642619725431,0.1831471351061765,0.1167430396866171,0.1167430396866171,row,1.8500500000000006,1.5109872294946747,False,False,False,UKB EUR
EUR_300k,calcium,Ca,Ca,biochem_mineral,sumrhe,-1,2,Conserved_LindbladToh_w_flanking,Conserved (LindbladToh),0.08153,0.00737,1.27001,0.06873,-1.11955e-09,1.20485e-07,-0.00176459,0.180597,False,False,EUR_300k.UKB_local.local,local,EUR_300k,UKB_local,local,calcium,calcium,0.1433,0.00967,NA,NA,0.3448398567561894,0.0780753144938216,0.4479856588323097,0.4479856588323097,row,1.2700100000000003,1.1826986529869532,False,False,False,UKB EUR
EUR_300k,calcium,Ca,Ca,biochem_mineral,sumrhe,-1,6,DHS_Trynka_w_flanking,DHS + flank,0.10465,0.00791,1.20556,0.07878,-1.05928e-09,9.37849e-08,-0.00164071,0.139628,False,False,EUR_300k.UKB_local.local,local,EUR_300k,UKB_local,local,calcium,calcium,0.1433,0.00967,NA,NA,0.2697034547963955,0.0942761167600389,0.605765049478704,0.605765049478704,row,1.20556,1.141145008004391,False,False,False,UKB EUR
EUR_300k,calcium,Ca,Ca,biochem_mineral,sumrhe,-1,20,Promoter_UCSC_w_flanking,Promoter,0.02191,0.00415,2.00128,0.39844,-1.85662e-07,1.80395e-07,-0.156332,0.145494,False,False,EUR_300k.UKB_local.local,local,EUR_300k,UKB_local,local,calcium,calcium,0.1433,0.00967,NA,NA,1.0009230294882288,0.2872298789233883,0.0763991157313192,0.0763991157313192,row,2.001280000000001,1.5855779193253012,False,False,False,UKB EUR
EUR_300k,calcium,Ca,Ca,biochem_mineral,sumrhe,-1,29,GERP.NS,GERP.NS,0.41902,0.03322,1.12926,0.04764,4.55412e-09,2.32108e-08,0.0215099,0.103409,False,False,EUR_300k.UKB_local.local,local,EUR_300k,UKB_local,local,calcium,calcium,0.1433,0.00967,NA,NA,0.175377689411055,0.0608628586401273,2.589373010966713,2.589373010966713,row,1.1292600000000002,1.0903521253694801,False,False,False,UKB EUR
EUR_300k,calcium,Ca,Ca,biochem_mineral,sumrhe,-1,31,Backgrd_Selection_Stat,Background selection,0.04042,0.0044,1.58731,0.12341,6.78489e-07,2.61716e-07,0.401285,0.14509,False,False,EUR_300k.UKB_local.local,local,EUR_300k,UKB_local,local,calcium,calcium,0.1433,0.00967,NA,NA,0.6665839125382623,0.1121664923651378,0.1777003840777061,0.1777003840777061,row,1.5873100000000004,1.3714529216951403,False,False,False,UKB EUR
EUR_300k,calcium,Ca,Ca,biochem_mineral,sumrhe,-1,32,CpG_Content_50kb,CpG content (50 kb),0.00196,0.00014,1.28482,0.05823,8.84531e-06,7.4329e-06,0.163465,0.130918,False,False,EUR_300k.UKB_local.local,local,EUR_300k,UKB_local,local,calcium,calcium,0.1433,0.00967,NA,NA,0.3615662556859856,0.0653851373974287,0.0106455374618472,0.0106455374618472,row,1.2848200000000107,1.192080513057446,False,False,False,UKB EUR
EUR_300k,calcium,Ca,Ca,biochem_mineral,sumrhe,-1,33,GTEx_eQTL_MaxCPP,GTEx eQTL MaxCPP,0.00491,0.00115,4.61949,0.90944,9.96924e-07,4.67116e-07,0.220121,0.0948398,False,False,EUR_300k.UKB_local.local,local,EUR_300k,UKB_local,local,calcium,calcium,0.1433,0.00967,NA,NA,2.207733584306967,0.2840236861614721,0.0074172218740483,0.0074172218740483,row,4.619490000000037,2.4904392037811474,False,False,False,UKB EUR
EUR_300k,calcium,Ca,Ca,biochem_mineral,sumrhe,-1,34,BLUEPRINT_H3K27acQTL_MaxCPP,BLUEPRINT H3K27ac QTL,0.00562,0.00067,2.22659,0.37059,3.8275e-08,1.71682e-07,0.0122109,0.0525623,False,False,EUR_300k.UKB_local.local,local,EUR_300k,UKB_local,local,calcium,calcium,0.1433,0.00967,NA,NA,1.1548359274913444,0.2401198043658872,0.0176136706304456,0.0176136706304456,row,2.226590000000005,1.690010267460375,False,False,False,UKB EUR
EUR_300k,calcium,Ca,Ca,biochem_mineral,sumrhe,-1,35,BLUEPRINT_H3K4me1QTL_MaxCPP,BLUEPRINT H3K4me1 QTL,0.0048,0.00068,2.84057,0.55146,4.41634e-07,2.92159e-07,0.113925,0.0737991,False,False,EUR_300k.UKB_local.local,local,EUR_300k,UKB_local,local,calcium,calcium,0.1433,0.00967,NA,NA,1.5061804556669909,0.280080620174341,0.0117920564879991,0.0117920564879991,row,2.84057000000002,1.941320445099195,False,False,False,UKB EUR
EUR_300k,calcium,Ca,Ca,biochem_mineral,sumrhe,-1,36,BLUEPRINT_DNA_methylation_MaxCPP,BLUEPRINT methylation QTL,0.01054,0.00184,2.12538,0.3113,9.10813e-08,1.97519e-07,0.0408924,0.0837476,False,False,EUR_300k.UKB_local.local,local,EUR_300k,UKB_local,local,calcium,calcium,0.1433,0.00967,NA,NA,1.0877208060050194,0.2113085501080909,0.0346065121694062,0.0346065121694062,row,2.1253800000000043,1.6440316108263149,False,False,False,UKB EUR
EUR_300k,calcium,Ca,Ca,biochem_mineral,sumrhe,-1,38,non_synonymous,Nonsynonymous,0.01009,0.00286,2.27454,0.7443,1.88336e-07,2.42511e-07,0.103368,0.125675,False,False,EUR_300k.UKB_local.local,local,EUR_300k,UKB_local,local,calcium,calcium,0.1433,0.00967,NA,NA,1.1855748060493116,0.4720945417243291,0.03095646753043,0.03095646753043,row,2.2745400000000027,1.711292254335606,False,False,False,UKB EUR
EUR_300k,calcium,Ca,Ca,biochem_mineral,sumrhe,-1,45,Ancient_Sequence_Age_Human_Promoter_w_flanking,Ancient promoter age,0.01094,0.00246,4.96958,1.02826,5.67591e-07,3.98358e-07,0.221298,0.152281,False,False,EUR_300k.UKB_local.local,local,EUR_300k,UKB_local,local,calcium,calcium,0.1433,0.00967,NA,NA,2.313123928745032,0.2985092508309526,0.0153621303328361,0.0153621303328361,row,4.969580000000003,2.577629431786168,False,False,False,UKB EUR
SAS,albumin,ALB,ALB,biochem_liver,sumrhe,-1,1,Coding_UCSC_w_flanking,Coding,0.09641,0.0352,3.07954,1.61279,1.18303e-06,1.27995e-06,0.661668,0.686975,False,False,SAS.UKB_local.local,local,SAS,UKB_local,local,albumin,albumin,0.26064,0.06789,NA,NA,1.6227148673873018,0.7555557437134478,0.1201144249406426,0.1201144249406426,row,3.0795400000000006,2.028406486232878,False,False,False,UKB SAS
SAS,albumin,ALB,ALB,biochem_liver,sumrhe,-1,2,Conserved_LindbladToh_w_flanking,Conserved (LindbladToh),0.20116,0.07105,1.73339,0.49666,1.32625e-06,1.19299e-06,1.134,0.955271,False,False,SAS.UKB_local.local,local,SAS,UKB_local,local,albumin,albumin,0.26064,0.06789,NA,NA,0.7935962867918065,0.4133685546864309,0.4452503537823496,0.4452503537823496,row,1.7333900000000002,1.4506913182308672,False,False,False,UKB SAS
SAS,albumin,ALB,ALB,biochem_liver,sumrhe,-1,6,DHS_Trynka_w_flanking,DHS + flank,0.08125,0.0947,0.51132,0.49419,-1.14561e-06,1.01864e-06,-0.96146,0.924798,False,False,SAS.UKB_local.local,local,SAS,UKB_local,local,albumin,albumin,0.26064,0.06789,NA,NA,-0.9677016375374362,1.3943625562405475,0.6096625558797565,0.6096625558797565,row,0.51132,0.5958091625110069,False,False,False,UKB SAS
SAS,albumin,ALB,ALB,biochem_liver,sumrhe,-1,20,Promoter_UCSC_w_flanking,Promoter,0.09831,0.03299,4.7045,1.90605,1.5856e-06,1.61693e-06,0.740797,0.752063,False,False,SAS.UKB_local.local,local,SAS,UKB_local,local,albumin,albumin,0.26064,0.06789,NA,NA,2.2340413997121686,0.5845145887313017,0.0801757730882249,0.0801757730882249,row,4.704500000000003,2.512100439689661,False,False,False,UKB SAS
SAS,albumin,ALB,ALB,biochem_liver,sumrhe,-1,29,GERP.NS,GERP.NS,0.76029,0.2758,1.13559,0.21208,-1.85433e-08,2.49079e-07,-0.0476433,0.640843,False,False,SAS.UKB_local.local,local,SAS,UKB_local,local,albumin,albumin,0.26064,0.06789,NA,NA,0.1834420498653874,0.269434183351149,2.5687193181818,2.5687193181818,row,1.1355899999999999,1.0946346986439128,False,False,False,UKB SAS
SAS,albumin,ALB,ALB,biochem_liver,sumrhe,-1,31,Backgrd_Selection_Stat,Background selection,0.07461,0.01431,1.70845,0.40951,1.2458e-06,9.28431e-07,0.386507,0.312415,False,False,SAS.UKB_local.local,local,SAS,UKB_local,local,albumin,albumin,0.26064,0.06789,NA,NA,0.7726880260477823,0.345809386399625,0.1675535755084129,0.1675535755084129,row,1.7084500000000002,1.4374674578320887,False,False,False,UKB SAS
SAS,albumin,ALB,ALB,biochem_liver,sumrhe,-1,32,CpG_Content_50kb,CpG content (50 kb),0.00396,0.00087,1.39415,0.22902,2.169e-05,6.00335e-05,0.225662,0.595285,False,False,SAS.UKB_local.local,local,SAS,UKB_local,local,albumin,albumin,0.26064,0.06789,NA,NA,0.4793857926367412,0.236994597614597,0.0108979451032857,0.0108979451032857,row,1.3941500000000089,1.2595135438757536,False,False,False,UKB SAS
SAS,albumin,ALB,ALB,biochem_liver,sumrhe,-1,33,GTEx_eQTL_MaxCPP,GTEx eQTL MaxCPP,-0.00512,0.00935,-1.74858,3.30047,-4.2228e-06,3.24474e-06,-0.623156,0.494798,False,False,SAS.UKB_local.local,local,SAS,UKB_local,local,albumin,albumin,0.26064,0.06789,NA,NA,NA,-2.7231077226108025,0.0112342319742938,0.0112342319742938,row,-1.748580000000014,-1.4586864709796894,True,False,False,UKB SAS
SAS,albumin,ALB,ALB,biochem_liver,sumrhe,-1,34,BLUEPRINT_H3K27acQTL_MaxCPP,BLUEPRINT H3K27ac QTL,0.02768,0.01053,4.59306,1.95495,3.38895e-06,1.85147e-06,0.666466,0.386706,False,False,SAS.UKB_local.local,local,SAS,UKB_local,local,albumin,albumin,0.26064,0.06789,NA,NA,2.1994556298765287,0.6140561347306325,0.0231218670722151,0.0231218670722151,row,4.593060000000006,2.4836378070333387,False,False,False,UKB SAS
SAS,albumin,ALB,ALB,biochem_liver,sumrhe,-1,35,BLUEPRINT_H3K4me1QTL_MaxCPP,BLUEPRINT H3K4me1 QTL,-0.00172,0.01211,-0.40809,2.8833,-3.40667e-06,3.3924e-06,-0.560991,0.554777,False,False,SAS.UKB_local.local,local,SAS,UKB_local,local,albumin,albumin,0.26064,0.06789,NA,NA,NA,-10.193150068355385,0.0161707970718251,0.0161707970718251,row,-0.4080900000000015,-0.49373954875082193,True,False,False,UKB SAS
SAS,albumin,ALB,ALB,biochem_liver,sumrhe,-1,36,BLUEPRINT_DNA_methylation_MaxCPP,BLUEPRINT methylation QTL,0.0375,0.02463,3.15757,2.21683,1.40048e-06,2.48835e-06,0.386894,0.677257,False,False,SAS.UKB_local.local,local,SAS,UKB_local,local,albumin,albumin,0.26064,0.06789,NA,NA,1.6588147173963423,1.0128705452274631,0.0455656126128788,0.0455656126128788,row,3.1575700000000033,2.0557405540243185,False,False,False,UKB SAS
SAS,albumin,ALB,ALB,biochem_liver,sumrhe,-1,38,non_synonymous,Nonsynonymous,0.02136,0.02637,2.50982,3.58023,-6.31967e-07,2.84681e-06,-0.193247,0.838252,False,False,SAS.UKB_local.local,local,SAS,UKB_local,local,albumin,albumin,0.26064,0.06789,NA,NA,1.327583900264006,2.0579882486560366,0.0326525877806855,0.0326525877806855,row,2.50982,1.811397044271665,False,False,False,UKB SAS
SAS,albumin,ALB,ALB,biochem_liver,sumrhe,-1,45,Ancient_Sequence_Age_Human_Promoter_w_flanking,Ancient promoter age,0.00903,0.02066,2.13838,5.18722,-4.54226e-06,3.31955e-06,-0.986335,0.66591,False,False,SAS.UKB_local.local,local,SAS,UKB_local,local,albumin,albumin,0.26064,0.06789,NA,NA,1.0965182494109171,3.499647663184302,0.016201745260181,0.016201745260181,row,2.1383800000000055,1.6500200466732144,False,False,False,UKB SAS
SAS,alka_phos,ALP,ALP,biochem_liver,sumrhe,-1,1,Coding_UCSC_w_flanking,Coding,0.14132,0.05459,3.36566,1.60842,1.49677e-06,2.09767e-06,0.624121,0.9567,False,False,SAS.UKB_local.local,local,SAS,UKB_local,local,alka_phos,alka_phos,0.34959,0.09274,NA,NA,1.7508894425356214,0.6894515660127958,0.1201086778469259,0.1201086778469259,row,3.3656600000000028,2.12619977682109,False,False,False,UKB SAS
SAS,alka_phos,ALP,ALP,biochem_liver,sumrhe,-1,2,Conserved_LindbladToh_w_flanking,Conserved (LindbladToh),0.11318,0.08062,0.72707,0.41078,-9.28434e-07,1.38694e-06,-0.591849,0.913187,False,False,SAS.UKB_local.local,local,SAS,UKB_local,local,alka_phos,alka_phos,0.34959,0.09274,NA,NA,-0.4598338259401926,0.8150938271368209,0.4452813062941103,0.4452813062941103,row,0.72707,0.7883265580296891,False,False,False,UKB SAS
SAS,alka_phos,ALP,ALP,biochem_liver,sumrhe,-1,6,DHS_Trynka_w_flanking,DHS + flank,0.30981,0.1152,1.4536,0.36696,1.04543e-06,1.15207e-06,0.654131,0.719531,False,False,SAS.UKB_local.local,local,SAS,UKB_local,local,alka_phos,alka_phos,0.34959,0.09274,NA,NA,0.5396303246846664,0.3642070529751059,0.6096653548225207,0.6096653548225207,row,1.4536,1.29490007171757,False,False,False,UKB SAS
SAS,alka_phos,ALP,ALP,biochem_liver,sumrhe,-1,20,Promoter_UCSC_w_flanking,Promoter,0.07095,0.03548,2.5313,1.14288,-9.88228e-07,1.67397e-06,-0.34422,0.575552,False,False,SAS.UKB_local.local,local,SAS,UKB_local,local,alka_phos,alka_phos,0.34959,0.09274,NA,NA,1.3398785002829898,0.6513756995738074,0.0801769958204461,0.0801769958204461,row,2.5313,1.8201993898109712,False,False,False,UKB SAS
SAS,alka_phos,ALP,ALP,biochem_liver,sumrhe,-1,29,GERP.NS,GERP.NS,0.74976,0.26948,0.83491,0.21225,-2.00236e-07,2.86133e-07,-0.383556,0.501717,False,False,SAS.UKB_local.local,local,SAS,UKB_local,local,alka_phos,alka_phos,0.34959,0.09274,NA,NA,-0.260307405745805,0.3667605160181127,2.568760432165287,2.568760432165287,row,0.8349099999999999,0.8757093024483604,False,False,False,UKB SAS
SAS,alka_phos,ALP,ALP,biochem_liver,sumrhe,-1,31,Backgrd_Selection_Stat,Background selection,0.07919,0.02164,1.35186,0.27511,-5.04723e-07,1.24207e-06,-0.116745,0.279633,False,False,SAS.UKB_local.local,local,SAS,UKB_local,local,alka_phos,alka_phos,0.34959,0.09274,NA,NA,0.4349457523864795,0.2935953669011308,0.1675635774289625,0.1675635774289625,row,1.3518600000000007,1.2338021829135668,False,False,False,UKB SAS
SAS,alka_phos,ALP,ALP,biochem_liver,sumrhe,-1,32,CpG_Content_50kb,CpG content (50 kb),0.00587,0.00162,1.54025,0.25148,3.09427e-05,7.18255e-05,0.240009,0.537885,False,False,SAS.UKB_local.local,local,SAS,UKB_local,local,alka_phos,alka_phos,0.34959,0.09274,NA,NA,0.6231645356525939,0.2355519875882204,0.0109015407521763,0.0109015407521763,row,1.5402500000000026,1.3449704875532276,False,False,False,UKB SAS
SAS,alka_phos,ALP,ALP,biochem_liver,sumrhe,-1,33,GTEx_eQTL_MaxCPP,GTEx eQTL MaxCPP,0.02326,0.01922,5.92686,4.78116,3.31933e-06,5.71286e-06,0.365194,0.612042,False,False,SAS.UKB_local.local,local,SAS,UKB_local,local,alka_phos,alka_phos,0.34959,0.09274,NA,NA,2.567267979609256,1.163812848911005,0.0112260259151541,0.0112260259151541,row,5.926860000000043,2.7922015155616746,False,False,False,UKB SAS
SAS,alka_phos,ALP,ALP,biochem_liver,sumrhe,-1,34,BLUEPRINT_H3K27acQTL_MaxCPP,BLUEPRINT H3K27ac QTL,0.06324,0.02914,7.82514,3.86722,8.08246e-06,4.86948e-06,1.18503,0.733945,False,False,SAS.UKB_local.local,local,SAS,UKB_local,local,alka_phos,alka_phos,0.34959,0.09274,NA,NA,2.968116563610613,0.7129864917466802,0.0231174934799527,0.0231174934799527,row,7.825140000000026,3.141619165149109,False,False,False,UKB SAS
SAS,alka_phos,ALP,ALP,biochem_liver,sumrhe,-1,35,BLUEPRINT_H3K4me1QTL_MaxCPP,BLUEPRINT H3K4me1 QTL,0.01378,0.01994,2.43256,3.60437,-2.20073e-06,4.30246e-06,-0.270182,0.561074,False,False,SAS.UKB_local.local,local,SAS,UKB_local,local,alka_phos,alka_phos,0.34959,0.09274,NA,NA,1.282475390056708,2.1376684334729474,0.0162041649448977,0.0162041649448977,row,2.4325600000000014,1.7792849384192562,False,False,False,UKB SAS
SAS,alka_phos,ALP,ALP,biochem_liver,sumrhe,-1,36,BLUEPRINT_DNA_methylation_MaxCPP,BLUEPRINT methylation QTL,0.04207,0.03213,2.64129,1.85362,-4.04408e-07,2.38253e-06,-0.0832927,0.501919,False,False,SAS.UKB_local.local,local,SAS,UKB_local,local,alka_phos,alka_phos,0.34959,0.09274,NA,NA,1.4012427106655323,1.0124629941023515,0.0455614381047022,0.0455614381047022,row,2.6412900000000024,1.864449644627807,False,False,False,UKB SAS
SAS,alka_phos,ALP,ALP,biochem_liver,sumrhe,-1,38,non_synonymous,Nonsynonymous,0.04905,0.02507,4.29718,2.15801,1.26888e-06,2.80464e-06,0.28926,0.59566,False,False,SAS.UKB_local.local,local,SAS,UKB_local,local,alka_phos,alka_phos,0.34959,0.09274,NA,NA,2.1033902098948274,0.7245101031813403,0.0326509983351078,0.0326509983351078,row,4.297180000000003,2.405224532742382,False,False,False,UKB SAS
SAS,alka_phos,ALP,ALP,biochem_liver,sumrhe,-1,45,Ancient_Sequence_Age_Human_Promoter_w_flanking,Ancient promoter age,0.00236,0.01559,0.41756,2.80734,-5.43098e-06,4.41821e-06,-0.879241,0.751509,False,False,SAS.UKB_local.local,local,SAS,UKB_local,local,alka_phos,alka_phos,0.34959,0.09274,NA,NA,-1.2599445787784052,9.699529399581431,0.0161671740158789,0.0161671740158789,row,0.417560000000002,0.503409800331888,False,False,False,UKB SAS
SAS,asp_at,AST,AST,biochem_liver,sumrhe,-1,1,Coding_UCSC_w_flanking,Coding,0.00743,0.02382,0.44459,1.38915,-6.37801e-07,1.20623e-06,-0.667968,1.2347,False,False,SAS.UKB_local.local,local,SAS,UKB_local,local,asp_at,asp_at,0.13919,0.05577,NA,NA,-1.1694525961685631,4.507793283814085,0.1200662893255214,0.1200662893255214,row,0.4445900000000001,0.5306600886438982,False,False,False,UKB SAS
SAS,asp_at,AST,AST,biochem_liver,sumrhe,-1,2,Conserved_LindbladToh_w_flanking,Conserved (LindbladToh),0.0466,0.07207,0.75188,1.0667,2.51315e-07,8.88608e-07,0.402373,1.35229,False,False,SAS.UKB_local.local,local,SAS,UKB_local,local,asp_at,asp_at,0.13919,0.05577,NA,NA,-0.411425668648564,2.04676650544802,0.4452760629988499,0.4452760629988499,row,0.7518799999999999,0.8089039568260377,False,False,False,UKB SAS
SAS,asp_at,AST,AST,biochem_liver,sumrhe,-1,6,DHS_Trynka_w_flanking,DHS + flank,0.05142,0.07705,0.60595,0.81341,1.43868e-07,1.1322e-06,0.226092,1.6313,False,False,SAS.UKB_local.local,local,SAS,UKB_local,local,asp_at,asp_at,0.13919,0.05577,NA,NA,-0.7227293403443577,1.936632681259992,0.6096593625534734,0.6096593625534734,row,0.60595,0.6834269763701948,False,False,False,UKB SAS
SAS,asp_at,AST,AST,biochem_liver,sumrhe,-1,20,Promoter_UCSC_w_flanking,Promoter,-0.01085,0.0298,-0.97242,2.74788,-8.26344e-07,1.16932e-06,-0.722925,1.00898,False,False,SAS.UKB_local.local,local,SAS,UKB_local,local,asp_at,asp_at,0.13919,0.05577,NA,NA,NA,-4.076790737498165,0.0801618665053901,0.0801618665053901,row,-0.9724200000000005,-0.9799667867057414,True,False,False,UKB SAS
SAS,asp_at,AST,AST,biochem_liver,sumrhe,-1,29,GERP.NS,GERP.NS,0.18431,0.18797,0.5155,0.46774,-1.60382e-07,3.33373e-07,-0.771606,1.48453,False,False,SAS.UKB_local.local,local,SAS,UKB_local,local,asp_at,asp_at,0.13919,0.05577,NA,NA,-0.9559556672939789,1.3090323538805118,2.568692955341104,2.568692955341104,row,0.5155,0.5997938521222418,False,False,False,UKB SAS
SAS,asp_at,AST,AST,biochem_liver,sumrhe,-1,31,Backgrd_Selection_Stat,Background selection,0.0224,0.01276,0.96046,0.45526,-8.50794e-07,8.27652e-07,-0.494264,0.418917,False,False,SAS.UKB_local.local,local,SAS,UKB_local,local,asp_at,asp_at,0.13919,0.05577,NA,NA,-0.0582025632488128,0.6838403934730332,0.167556276546889,0.167556276546889,row,0.96046,0.9711922063072702,False,False,False,UKB SAS
SAS,asp_at,AST,AST,biochem_liver,sumrhe,-1,32,CpG_Content_50kb,CpG content (50 kb),0.00146,0.00115,0.96348,0.61329,-2.98289e-05,5.99633e-05,-0.581117,1.20323,False,False,SAS.UKB_local.local,local,SAS,UKB_local,local,asp_at,asp_at,0.13919,0.05577,NA,NA,-0.0536733756422264,0.9183277718549346,0.0108868469359698,0.0108868469359698,row,0.9634800000000049,0.9734129027928188,False,False,False,UKB SAS
SAS,asp_at,AST,AST,biochem_liver,sumrhe,-1,33,GTEx_eQTL_MaxCPP,GTEx eQTL MaxCPP,0.01908,0.0104,12.20568,9.97549,5.32937e-06,3.75901e-06,1.47264,1.32124,False,False,SAS.UKB_local.local,local,SAS,UKB_local,local,asp_at,asp_at,0.13919,0.05577,NA,NA,3.6094807673353735,1.1790895675978272,0.011230739551842,0.011230739551842,row,12.205680000000045,3.7230866869920867,False,False,False,UKB SAS
SAS,asp_at,AST,AST,biochem_liver,sumrhe,-1,34,BLUEPRINT_H3K27acQTL_MaxCPP,BLUEPRINT H3K27ac QTL,-0.01429,0.01008,-4.43923,3.96365,-3.62286e-06,2.16521e-06,-1.3341,1.02512,False,False,SAS.UKB_local.local,local,SAS,UKB_local,local,asp_at,asp_at,0.13919,0.05577,NA,NA,NA,-1.288137401941224,0.0231268533881951,0.0231268533881951,row,-4.4392300000000064,-2.443402432025648,True,False,False,UKB SAS
SAS,asp_at,AST,AST,biochem_liver,sumrhe,-1,35,BLUEPRINT_H3K4me1QTL_MaxCPP,BLUEPRINT H3K4me1 QTL,0.00348,0.01334,1.54168,6.08294,8.68376e-07,4.0123e-06,0.267769,1.18944,False,False,SAS.UKB_local.local,local,SAS,UKB_local,local,asp_at,asp_at,0.13919,0.05577,NA,NA,0.6245033422163535,5.692379334249074,0.0162172410007537,0.0162172410007537,row,1.5416800000000084,1.345782405058164,False,False,False,UKB SAS
SAS,asp_at,AST,AST,biochem_liver,sumrhe,-1,36,BLUEPRINT_DNA_methylation_MaxCPP,BLUEPRINT methylation QTL,0.00458,0.02176,0.72245,3.73239,1.13485e-08,2.14e-06,0.00587058,1.10963,False,False,SAS.UKB_local.local,local,SAS,UKB_local,local,asp_at,asp_at,0.13919,0.05577,NA,NA,-0.4690303512161521,7.453388530228469,0.0455459376998896,0.0455459376998896,row,0.722450000000001,0.7844621043815193,False,False,False,UKB SAS
SAS,asp_at,AST,AST,biochem_liver,sumrhe,-1,38,non_synonymous,Nonsynonymous,0.00885,0.02078,1.94618,4.18055,5.44886e-07,2.1052e-06,0.311997,1.0791,False,False,SAS.UKB_local.local,local,SAS,UKB_local,local,asp_at,asp_at,0.13919,0.05577,NA,NA,0.9606451495321786,3.0990241155434526,0.0326702329128681,0.0326702329128681,row,1.9461800000000014,1.558845576054119,False,False,False,UKB SAS
SAS,asp_at,AST,AST,biochem_liver,sumrhe,-1,45,Ancient_Sequence_Age_Human_Promoter_w_flanking,Ancient promoter age,0.00661,0.01671,2.93215,7.37962,7.9574e-07,3.61533e-06,0.323556,1.3891,False,False,SAS.UKB_local.local,local,SAS,UKB_local,local,asp_at,asp_at,0.13919,0.05577,NA,NA,1.5519589093109958,3.6309674394710414,0.0161959803397313,0.0161959803397313,row,2.932150000000003,1.9753183573164619,False,False,False,UKB SAS
SAS,blood_mscv,MSCV,MSCV,hematology,sumrhe,-1,1,Coding_UCSC_w_flanking,Coding,0.08528,0.04431,2.44008,1.41245,3.59997e-07,1.30028e-06,0.180365,0.639676,False,False,SAS.UKB_local.local,local,SAS,UKB_local,local,blood_mscv,blood_mscv,0.29096,0.06683,NA,NA,1.286928448489495,0.8351097548046033,0.1201184828883265,0.1201184828883265,row,2.440080000000002,1.782442115584714,False,False,False,UKB SAS
SAS,blood_mscv,MSCV,MSCV,hematology,sumrhe,-1,2,Conserved_LindbladToh_w_flanking,Conserved (LindbladToh),0.12472,0.07342,0.9627,0.45682,-1.65214e-06,7.96013e-07,-1.26544,0.560816,False,False,SAS.UKB_local.local,local,SAS,UKB_local,local,blood_mscv,blood_mscv,0.29096,0.06683,NA,NA,-0.0548418045464857,0.6845870453712437,0.4452581139009097,0.4452581139009097,row,0.9627000000000002,0.9728396727591958,False,False,False,UKB SAS
SAS,blood_mscv,MSCV,MSCV,hematology,sumrhe,-1,6,DHS_Trynka_w_flanking,DHS + flank,0.15416,0.1039,0.86906,0.4895,-1.65893e-07,1.0193e-06,-0.124719,0.761447,False,False,SAS.UKB_local.local,local,SAS,UKB_local,local,blood_mscv,blood_mscv,0.29096,0.06683,NA,NA,-0.2024723105815535,0.812601227205426,0.6096613344891187,0.6096613344891187,row,0.8690599999999999,0.9023128827872173,False,False,False,UKB SAS
SAS,blood_mscv,MSCV,MSCV,hematology,sumrhe,-1,20,Promoter_UCSC_w_flanking,Promoter,0.08127,0.02956,3.48408,1.38069,1.84792e-06,9.24956e-07,0.773392,0.396157,False,False,SAS.UKB_local.local,local,SAS,UKB_local,local,blood_mscv,blood_mscv,0.29096,0.06683,NA,NA,1.8007777508822995,0.5717189662708614,0.0801694405896823,0.0801694405896823,row,3.48408,2.164812017343542,False,False,False,UKB SAS
SAS,blood_mscv,MSCV,MSCV,hematology,sumrhe,-1,29,GERP.NS,GERP.NS,0.88951,0.24179,1.19015,0.21192,2.43491e-07,2.29694e-07,0.56041,0.549399,False,False,SAS.UKB_local.local,local,SAS,UKB_local,local,blood_mscv,blood_mscv,0.29096,0.06683,NA,NA,0.2511434143889799,0.2568885712432795,2.568714550910403,2.568714550910403,row,1.19015,1.1310296811713652,False,False,False,UKB SAS
SAS,blood_mscv,MSCV,MSCV,hematology,sumrhe,-1,31,Backgrd_Selection_Stat,Background selection,0.06612,0.01537,1.35618,0.30969,6.32653e-07,1.34285e-06,0.175826,0.359732,False,False,SAS.UKB_local.local,local,SAS,UKB_local,local,blood_mscv,blood_mscv,0.29096,0.06683,NA,NA,0.4395486739559293,0.3294461112926773,0.1675645796627009,0.1675645796627009,row,1.3561800000000004,1.2364497578389195,False,False,False,UKB SAS
SAS,blood_mscv,MSCV,MSCV,hematology,sumrhe,-1,32,CpG_Content_50kb,CpG content (50 kb),0.00368,0.00083,1.1598,0.15319,1.98237e-05,5.69103e-05,0.184753,0.520332,False,False,SAS.UKB_local.local,local,SAS,UKB_local,local,blood_mscv,blood_mscv,0.29096,0.06683,NA,NA,0.2138760433829424,0.1905556590048114,0.0109051445398676,0.0109051445398676,row,1.1598000000000022,1.110897723329815,False,False,False,UKB SAS
SAS,blood_mscv,MSCV,MSCV,hematology,sumrhe,-1,33,GTEx_eQTL_MaxCPP,GTEx eQTL MaxCPP,0.01517,0.01099,4.64228,3.41069,2.43386e-06,3.43747e-06,0.321736,0.450123,False,False,SAS.UKB_local.local,local,SAS,UKB_local,local,blood_mscv,blood_mscv,0.29096,0.06683,NA,NA,2.214833541732138,1.0599501859020952,0.0112310655310738,0.0112310655310738,row,4.64228000000003,2.49627826191571,False,False,False,UKB SAS
SAS,blood_mscv,MSCV,MSCV,hematology,sumrhe,-1,34,BLUEPRINT_H3K27acQTL_MaxCPP,BLUEPRINT H3K27ac QTL,0.00998,0.01058,1.48404,1.66553,-1.10246e-06,2.15173e-06,-0.194215,0.339278,False,False,SAS.UKB_local.local,local,SAS,UKB_local,local,blood_mscv,blood_mscv,0.29096,0.06683,NA,NA,0.5695299780934308,1.6191287778306482,0.0231127513117537,0.0231127513117537,row,1.484040000000005,1.3126884051755487,False,False,False,UKB SAS
SAS,blood_mscv,MSCV,MSCV,hematology,sumrhe,-1,35,BLUEPRINT_H3K4me1QTL_MaxCPP,BLUEPRINT H3K4me1 QTL,0.0239,0.01127,5.06666,2.67765,4.11664e-06,3.30425e-06,0.607265,0.472654,False,False,SAS.UKB_local.local,local,SAS,UKB_local,local,blood_mscv,blood_mscv,0.29096,0.06683,NA,NA,2.3410350195508696,0.762441603785597,0.0162122335368556,0.0162122335368556,row,5.066660000000008,2.600902459210143,False,False,False,UKB SAS
SAS,blood_mscv,MSCV,MSCV,hematology,sumrhe,-1,36,BLUEPRINT_DNA_methylation_MaxCPP,BLUEPRINT methylation QTL,0.0283,0.01847,2.13487,1.42488,4.46273e-07,2.01526e-06,0.11044,0.480728,False,False,SAS.UKB_local.local,local,SAS,UKB_local,local,blood_mscv,blood_mscv,0.29096,0.06683,NA,NA,1.0941482215715217,0.9629004622585292,0.0455597899450397,0.0455597899450397,row,2.134870000000002,1.648405617112155,False,False,False,UKB SAS
SAS,blood_mscv,MSCV,MSCV,hematology,sumrhe,-1,38,non_synonymous,Nonsynonymous,0.01132,0.01784,1.19109,1.98623,-1.09747e-06,1.51894e-06,-0.300621,0.378614,False,False,SAS.UKB_local.local,local,SAS,UKB_local,local,blood_mscv,blood_mscv,0.29096,0.06683,NA,NA,0.2522824288594888,2.4057998732798413,0.0326639393362271,0.0326639393362271,row,1.1910900000000022,1.1316487448881427,False,False,False,UKB SAS
SAS,blood_mscv,MSCV,MSCV,hematology,sumrhe,-1,45,Ancient_Sequence_Age_Human_Promoter_w_flanking,Ancient promoter age,0.02505,0.01461,5.31776,2.99365,4.15354e-06,4.88229e-06,0.80794,0.857765,False,False,SAS.UKB_local.local,local,SAS,UKB_local,local,blood_mscv,blood_mscv,0.29096,0.06683,NA,NA,2.410818667262699,0.8121697874964733,0.0161899575189578,0.0161899575189578,row,5.31776000000001,2.659413132813442,False,False,False,UKB SAS
SAS,blood_platelet,PLT,PLT,hematology,sumrhe,-1,1,Coding_UCSC_w_flanking,Coding,0.15757,0.03473,3.44964,1.10116,9.5058e-07,1.26061e-06,0.364387,0.464305,False,False,SAS.UKB_local.local,local,SAS,UKB_local,local,blood_platelet,blood_platelet,0.38028,0.06142,NA,NA,1.7864458119446671,0.4605228578127836,0.1201147314814801,0.1201147314814801,row,3.449640000000002,2.153688618950028,False,False,False,UKB SAS
SAS,blood_platelet,PLT,PLT,hematology,sumrhe,-1,2,Conserved_LindbladToh_w_flanking,Conserved (LindbladToh),0.19661,0.08983,1.16115,0.49008,-3.73432e-06,1.77426e-06,-2.18839,1.08468,False,False,SAS.UKB_local.local,local,SAS,UKB_local,local,blood_platelet,blood_platelet,0.38028,0.06142,NA,NA,0.2155543548716397,0.6089101198285004,0.4452601122339928,0.4452601122339928,row,1.1611499999999997,1.1117992095162175,False,False,False,UKB SAS
SAS,blood_platelet,PLT,PLT,hematology,sumrhe,-1,6,DHS_Trynka_w_flanking,DHS + flank,0.3611,0.08262,1.55748,0.3077,5.31615e-07,8.5488e-07,0.305789,0.48195,False,False,SAS.UKB_local.local,local,SAS,UKB_local,local,blood_platelet,blood_platelet,0.38028,0.06142,NA,NA,0.6392136373513143,0.285022770168178,0.609679404898548,0.609679404898548,row,1.55748,1.354722957853834,False,False,False,UKB SAS
SAS,blood_platelet,PLT,PLT,hematology,sumrhe,-1,20,Promoter_UCSC_w_flanking,Promoter,0.06466,0.02557,2.12074,0.87292,-5.58139e-07,1.16916e-06,-0.178722,0.356742,False,False,SAS.UKB_local.local,local,SAS,UKB_local,local,blood_platelet,blood_platelet,0.38028,0.06142,NA,NA,1.0845677591508234,0.5938292082446665,0.0801760741780368,0.0801760741780368,row,2.1207400000000014,1.6418881661851317,False,False,False,UKB SAS
SAS,blood_platelet,PLT,PLT,hematology,sumrhe,-1,29,GERP.NS,GERP.NS,1.60053,0.27659,1.63846,0.24354,5.97423e-07,3.55941e-07,1.05202,0.602588,False,False,SAS.UKB_local.local,local,SAS,UKB_local,local,blood_platelet,blood_platelet,0.38028,0.06142,NA,NA,0.7123404525535169,0.2144415794453927,2.5687656805640446,2.5687656805640446,row,1.6384599999999998,1.3996961119225142,False,False,False,UKB SAS
SAS,blood_platelet,PLT,PLT,hematology,sumrhe,-1,31,Backgrd_Selection_Stat,Background selection,0.12293,0.01614,1.92912,0.31314,1.78285e-06,1.25258e-06,0.3791,0.270749,False,False,SAS.UKB_local.local,local,SAS,UKB_local,local,blood_platelet,blood_platelet,0.38028,0.06142,NA,NA,0.9479428883430896,0.2341821789748538,0.1675695690726927,0.1675695690726927,row,1.9291200000000002,1.550467298665762,False,False,False,UKB SAS
SAS,blood_platelet,PLT,PLT,hematology,sumrhe,-1,32,CpG_Content_50kb,CpG content (50 kb),0.00548,0.00085,1.32223,0.14467,3.00902e-05,4.275e-05,0.214562,0.296216,False,False,SAS.UKB_local.local,local,SAS,UKB_local,local,blood_platelet,blood_platelet,0.38028,0.06142,NA,NA,0.4029731533947258,0.1578505188699442,0.0108985837688946,0.0108985837688946,row,1.3222300000000042,1.2155108677360789,False,False,False,UKB SAS
SAS,blood_platelet,PLT,PLT,hematology,sumrhe,-1,33,GTEx_eQTL_MaxCPP,GTEx eQTL MaxCPP,-0.00027,0.01391,-0.06346,3.26308,-3.05775e-06,4.68679e-06,-0.309263,0.434079,False,False,SAS.UKB_local.local,local,SAS,UKB_local,local,blood_platelet,blood_platelet,0.38028,0.06142,NA,NA,NA,-74.1826242361166,0.0111881997410901,0.0111881997410901,row,-0.06346000000000022,-0.0887657701233098,True,False,False,UKB SAS
SAS,blood_platelet,PLT,PLT,hematology,sumrhe,-1,34,BLUEPRINT_H3K27acQTL_MaxCPP,BLUEPRINT H3K27ac QTL,-0.00177,0.01648,-0.20151,1.94987,-3.4851e-06,3.11338e-06,-0.469739,0.412376,False,False,SAS.UKB_local.local,local,SAS,UKB_local,local,blood_platelet,blood_platelet,0.38028,0.06142,NA,NA,NA,-13.959941339775511,0.0230979362361974,0.0230979362361974,row,-0.20150999999999997,-0.26484865586717315,True,False,False,UKB SAS
SAS,blood_platelet,PLT,PLT,hematology,sumrhe,-1,35,BLUEPRINT_H3K4me1QTL_MaxCPP,BLUEPRINT H3K4me1 QTL,0.01621,0.01426,2.62945,2.20302,2.30781e-06,3.56031e-06,0.260468,0.378654,False,False,SAS.UKB_local.local,local,SAS,UKB_local,local,blood_platelet,blood_platelet,0.38028,0.06142,NA,NA,1.3947610636800352,1.2087265507916882,0.0162111794281481,0.0162111794281481,row,2.6294500000000025,1.8597509415017832,False,False,False,UKB SAS
SAS,blood_platelet,PLT,PLT,hematology,sumrhe,-1,36,BLUEPRINT_DNA_methylation_MaxCPP,BLUEPRINT methylation QTL,0.04292,0.0188,2.47656,1.0678,1.84135e-06,1.94344e-06,0.348643,0.353037,False,False,SAS.UKB_local.local,local,SAS,UKB_local,local,blood_platelet,blood_platelet,0.38028,0.06142,NA,NA,1.308337573790366,0.6220361164927299,0.045572974336335,0.045572974336335,row,2.476560000000005,1.7976604884097642,False,False,False,UKB SAS
SAS,blood_platelet,PLT,PLT,hematology,sumrhe,-1,38,non_synonymous,Nonsynonymous,0.05114,0.01854,4.11742,1.65683,-4.83283e-07,1.57969e-06,-0.101286,0.322555,False,False,SAS.UKB_local.local,local,SAS,UKB_local,local,blood_platelet,blood_platelet,0.38028,0.06142,NA,NA,2.0417406191745795,0.5805335439658965,0.0326611948617125,0.0326611948617125,row,4.117420000000003,2.355416643950122,False,False,False,UKB SAS
SAS,blood_platelet,PLT,PLT,hematology,sumrhe,-1,45,Ancient_Sequence_Age_Human_Promoter_w_flanking,Ancient promoter age,0.02879,0.01963,4.67544,3.38897,2.70611e-06,4.30959e-06,0.402741,0.59932,False,False,SAS.UKB_local.local,local,SAS,UKB_local,local,blood_platelet,blood_platelet,0.38028,0.06142,NA,NA,2.225102141673556,1.0457305008130722,0.0161925665850171,0.0161925665850171,row,4.67544000000002,2.504732244599298,False,False,False,UKB SAS
SAS,blood_rbc_count,RBC,RBC,hematology,sumrhe,-1,1,Coding_UCSC_w_flanking,Coding,0.11933,0.03999,2.86095,1.10243,9.09027e-07,1.5062e-06,0.381591,0.601649,False,False,SAS.UKB_local.local,local,SAS,UKB_local,local,blood_rbc_count,blood_rbc_count,0.34726,0.07871,NA,NA,1.5164942843152798,0.5559238343652353,0.1201115058732991,0.1201115058732991,row,2.860950000000001,1.9489558712393358,False,False,False,UKB SAS
SAS,blood_rbc_count,RBC,RBC,hematology,sumrhe,-1,2,Conserved_LindbladToh_w_flanking,Conserved (LindbladToh),0.17238,0.0764,1.1148,0.43333,-1.22391e-06,1.03002e-06,-0.785438,0.681777,False,False,SAS.UKB_local.local,local,SAS,UKB_local,local,blood_rbc_count,blood_rbc_count,0.34726,0.07871,NA,NA,0.1567849075543597,0.560784931887706,0.4452820161799334,0.4452820161799334,row,1.1148000000000002,1.0805212318314927,False,False,False,UKB SAS
SAS,blood_rbc_count,RBC,RBC,hematology,sumrhe,-1,6,DHS_Trynka_w_flanking,DHS + flank,0.24575,0.07689,1.16073,0.23293,-9.76281e-08,8.76565e-07,-0.0614959,0.546382,False,False,SAS.UKB_local.local,local,SAS,UKB_local,local,blood_rbc_count,blood_rbc_count,0.34726,0.07871,NA,NA,0.2150324227099587,0.2895134578017853,0.609687872364077,0.609687872364077,row,1.16073,1.1115188075064069,False,False,False,UKB SAS
SAS,blood_rbc_count,RBC,RBC,hematology,sumrhe,-1,20,Promoter_UCSC_w_flanking,Promoter,0.05933,0.02885,2.13097,1.02054,-2.46544e-07,1.01995e-06,-0.0864525,0.343466,False,False,SAS.UKB_local.local,local,SAS,UKB_local,local,blood_rbc_count,blood_rbc_count,0.34726,0.07871,NA,NA,1.0915102828644545,0.6909191574864135,0.080175606096251,0.080175606096251,row,2.130970000000001,1.6466096850787622,False,False,False,UKB SAS
SAS,blood_rbc_count,RBC,RBC,hematology,sumrhe,-1,29,GERP.NS,GERP.NS,1.06824,0.22607,1.19753,0.18963,1.11591e-07,2.43578e-07,0.215189,0.468902,False,False,SAS.UKB_local.local,local,SAS,UKB_local,local,blood_rbc_count,blood_rbc_count,0.34726,0.07871,NA,NA,0.2600617981819946,0.2284521144386981,2.568784506291894,2.568784506291894,row,1.19753,1.1358828607296791,False,False,False,UKB SAS
SAS,blood_rbc_count,RBC,RBC,hematology,sumrhe,-1,31,Backgrd_Selection_Stat,Background selection,0.06417,0.01216,1.10277,0.20855,-7.81632e-07,9.44762e-07,-0.182007,0.187721,False,False,SAS.UKB_local.local,local,SAS,UKB_local,local,blood_rbc_count,blood_rbc_count,0.34726,0.07871,NA,NA,0.141131925598271,0.2728348166683835,0.1675684820070863,0.1675684820070863,row,1.10277,1.072291057389762,False,False,False,UKB SAS
SAS,blood_rbc_count,RBC,RBC,hematology,sumrhe,-1,32,CpG_Content_50kb,CpG content (50 kb),0.00501,0.00106,1.3246,0.18529,3.91599e-05,5.01628e-05,0.305787,0.374615,False,False,SAS.UKB_local.local,local,SAS,UKB_local,local,blood_rbc_count,blood_rbc_count,0.34726,0.07871,NA,NA,0.4055567633437568,0.201809575816334,0.010891763790836,0.010891763790836,row,1.3246000000000098,1.2169824892687744,False,False,False,UKB SAS
SAS,blood_rbc_count,RBC,RBC,hematology,sumrhe,-1,33,GTEx_eQTL_MaxCPP,GTEx eQTL MaxCPP,0.0147,0.00994,3.7701,2.64662,2.35219e-06,3.49967e-06,0.260522,0.368422,False,False,SAS.UKB_local.local,local,SAS,UKB_local,local,blood_rbc_count,blood_rbc_count,0.34726,0.07871,NA,NA,1.914602790759386,1.01277566884633,0.0112281887335336,0.0112281887335336,row,3.7701000000000278,2.2540195110928187,False,False,False,UKB SAS
SAS,blood_rbc_count,RBC,RBC,hematology,sumrhe,-1,34,BLUEPRINT_H3K27acQTL_MaxCPP,BLUEPRINT H3K27ac QTL,-0.00457,0.01438,-0.56967,1.78795,-2.98658e-06,3.1399e-06,-0.440822,0.421339,False,False,SAS.UKB_local.local,local,SAS,UKB_local,local,blood_rbc_count,blood_rbc_count,0.34726,0.07871,NA,NA,NA,-4.528001471654505,0.0231013888280982,0.0231013888280982,row,-0.56967,-0.6504612856102938,True,False,False,UKB SAS
SAS,blood_rbc_count,RBC,RBC,hematology,sumrhe,-1,35,BLUEPRINT_H3K4me1QTL_MaxCPP,BLUEPRINT H3K4me1 QTL,0.00527,0.01174,0.9365,2.0401,-4.16021e-08,3.32064e-06,-0.00514184,0.390708,False,False,SAS.UKB_local.local,local,SAS,UKB_local,local,blood_rbc_count,blood_rbc_count,0.34726,0.07871,NA,NA,-0.0946491004190416,3.1428106277817127,0.0162049640755626,0.0162049640755626,row,0.9365000000000006,0.9534515013662602,False,False,False,UKB SAS
SAS,blood_rbc_count,RBC,RBC,hematology,sumrhe,-1,36,BLUEPRINT_DNA_methylation_MaxCPP,BLUEPRINT methylation QTL,0.0098,0.01923,0.61958,1.2049,-1.38071e-06,1.67181e-06,-0.286282,0.337137,False,False,SAS.UKB_local.local,local,SAS,UKB_local,local,blood_rbc_count,blood_rbc_count,0.34726,0.07871,NA,NA,-0.6906375201054485,2.805615505289248,0.0455484837516762,0.0455484837516762,row,0.6195800000000004,0.6956197325682449,False,False,False,UKB SAS
SAS,blood_rbc_count,RBC,RBC,hematology,sumrhe,-1,38,non_synonymous,Nonsynonymous,0.03289,0.02043,2.90009,1.77448,-8.51266e-07,1.62829e-06,-0.195371,0.359652,False,False,SAS.UKB_local.local,local,SAS,UKB_local,local,blood_rbc_count,blood_rbc_count,0.34726,0.07871,NA,NA,1.5360976728398386,0.8827427756230489,0.0326586055043113,0.0326586055043113,row,2.900090000000002,1.9635074165532251,False,False,False,UKB SAS
SAS,blood_rbc_count,RBC,RBC,hematology,sumrhe,-1,45,Ancient_Sequence_Age_Human_Promoter_w_flanking,Ancient promoter age,0.03988,0.01709,7.09227,3.20937,9.08522e-06,3.63816e-06,1.48069,0.679777,False,False,SAS.UKB_local.local,local,SAS,UKB_local,local,blood_rbc_count,blood_rbc_count,0.34726,0.07871,NA,NA,2.826247460129208,0.6528434737224912,0.0161925455743667,0.0161925455743667,row,7.092270000000028,3.016544456470921,False,False,False,UKB SAS
SAS,bmi,BMI,BMI,anthro_physical,sumrhe,-1,1,Coding_UCSC_w_flanking,Coding,0.02047,0.0313,0.59332,0.91621,-2.02586e-07,1.08549e-06,-0.102793,0.50759,False,False,SAS.UKB_local.local,local,SAS,UKB_local,local,bmi,bmi,0.28729,0.07144,NA,NA,-0.753117680007038,2.2278224624365897,0.1200904149059184,0.1200904149059184,row,0.5933200000000002,0.6720360446725056,False,False,False,UKB SAS
SAS,bmi,BMI,BMI,anthro_physical,sumrhe,-1,2,Conserved_LindbladToh_w_flanking,Conserved (LindbladToh),0.08137,0.04935,0.63605,0.34202,7.15954e-08,1.09031e-06,0.0555364,0.83313,False,False,SAS.UKB_local.local,local,SAS,UKB_local,local,bmi,bmi,0.28729,0.07144,NA,NA,-0.6527879144143551,0.7757732220499068,0.4452998509071852,0.4452998509071852,row,0.63605,0.7102168397526222,False,False,False,UKB SAS
SAS,bmi,BMI,BMI,anthro_physical,sumrhe,-1,6,DHS_Trynka_w_flanking,DHS + flank,0.21423,0.08091,1.22306,0.35027,3.18631e-07,9.65795e-07,0.2426,0.711332,False,False,SAS.UKB_local.local,local,SAS,UKB_local,local,bmi,bmi,0.28729,0.07144,NA,NA,0.2904951802996232,0.4131708926562697,0.6096941326102936,0.6096941326102936,row,1.22306,1.152546886976824,False,False,False,UKB SAS
SAS,bmi,BMI,BMI,anthro_physical,sumrhe,-1,20,Promoter_UCSC_w_flanking,Promoter,0.02744,0.02421,1.19141,1.00509,3.55662e-07,1.04212e-06,0.150748,0.405425,False,False,SAS.UKB_local.local,local,SAS,UKB_local,local,bmi,bmi,0.28729,0.07144,NA,NA,0.2526699733848704,1.2170775456367566,0.0801682413751946,0.0801682413751946,row,1.1914100000000003,1.1318594293896385,False,False,False,UKB SAS
SAS,bmi,BMI,BMI,anthro_physical,sumrhe,-1,29,GERP.NS,GERP.NS,1.07389,0.30103,1.45515,0.25962,8.47427e-07,3.51813e-07,1.97526,0.771882,False,False,SAS.UKB_local.local,local,SAS,UKB_local,local,bmi,bmi,0.28729,0.07144,NA,NA,0.5411678769150309,0.2573978534966105,2.5688072916083797,2.5688072916083797,row,1.4551499999999997,1.2958111702203245,False,False,False,UKB SAS
SAS,bmi,BMI,BMI,anthro_physical,sumrhe,-1,31,Backgrd_Selection_Stat,Background selection,0.04968,0.01272,1.03193,0.20379,9.71283e-07,5.50588e-07,0.273377,0.180923,False,False,SAS.UKB_local.local,local,SAS,UKB_local,local,bmi,bmi,0.28729,0.07144,NA,NA,0.0453451102204501,0.2849096570336765,0.1675756217889483,0.1675756217889483,row,1.03193,1.0228507021138327,False,False,False,UKB SAS
SAS,bmi,BMI,BMI,anthro_physical,sumrhe,-1,32,CpG_Content_50kb,CpG content (50 kb),0.00301,0.00085,0.96129,0.17206,8.32106e-05,4.13185e-05,0.78539,0.458834,False,False,SAS.UKB_local.local,local,SAS,UKB_local,local,bmi,bmi,0.28729,0.07144,NA,NA,-0.0569563689380098,0.2582260386931675,0.0108991232010602,0.0108991232010602,row,0.9612900000000002,0.97180287088396,False,False,False,UKB SAS
SAS,bmi,BMI,BMI,anthro_physical,sumrhe,-1,33,GTEx_eQTL_MaxCPP,GTEx eQTL MaxCPP,0.0019,0.00942,0.58803,2.92196,3.81244e-08,3.08534e-06,0.00510396,0.394014,False,False,SAS.UKB_local.local,local,SAS,UKB_local,local,bmi,bmi,0.28729,0.07144,NA,NA,-0.7660383348135441,7.168847170511564,0.0112469200583194,0.0112469200583194,row,0.58803,0.6672381671675255,False,False,False,UKB SAS
SAS,bmi,BMI,BMI,anthro_physical,sumrhe,-1,34,BLUEPRINT_H3K27acQTL_MaxCPP,BLUEPRINT H3K27ac QTL,-0.01034,0.01004,-1.55623,1.63824,-1.72481e-06,1.92077e-06,-0.307723,0.36668,False,False,SAS.UKB_local.local,local,SAS,UKB_local,local,bmi,bmi,0.28729,0.07144,NA,NA,NA,-1.5187219908277925,0.0231273698873422,0.0231273698873422,row,-1.5562300000000029,-1.3540176504206691,True,False,False,UKB SAS
SAS,bmi,BMI,BMI,anthro_physical,sumrhe,-1,35,BLUEPRINT_H3K4me1QTL_MaxCPP,BLUEPRINT H3K4me1 QTL,-0.01433,0.0119,-3.07732,2.66974,-3.56109e-06,3.11296e-06,-0.532006,0.438972,False,False,SAS.UKB_local.local,local,SAS,UKB_local,local,bmi,bmi,0.28729,0.07144,NA,NA,NA,-1.2516152556324665,0.0162088805466298,0.0162088805466298,row,-3.077320000000017,-2.0276211881966657,True,False,False,UKB SAS
SAS,bmi,BMI,BMI,anthro_physical,sumrhe,-1,36,BLUEPRINT_DNA_methylation_MaxCPP,BLUEPRINT methylation QTL,-0.01973,0.01644,-1.50692,1.38611,-2.38857e-06,1.63967e-06,-0.598632,0.373782,False,False,SAS.UKB_local.local,local,SAS,UKB_local,local,bmi,bmi,0.28729,0.07144,NA,NA,NA,-1.3270339653907313,0.0455739193046813,0.0455739193046813,row,-1.5069200000000027,-1.325915958100532,True,False,False,UKB SAS
SAS,bmi,BMI,BMI,anthro_physical,sumrhe,-1,38,non_synonymous,Nonsynonymous,0.00702,0.01396,0.74796,1.48599,-1.48584e-06,1.33897e-06,-0.412192,0.376431,False,False,SAS.UKB_local.local,local,SAS,UKB_local,local,bmi,bmi,0.28729,0.07144,NA,NA,-0.4189669763047712,2.866236702244225,0.0326691797065511,0.0326691797065511,row,0.7479600000000007,0.8056721708442798,False,False,False,UKB SAS
SAS,bmi,BMI,BMI,anthro_physical,sumrhe,-1,45,Ancient_Sequence_Age_Human_Promoter_w_flanking,Ancient promoter age,0.00023,0.01699,0.05018,3.75263,-1.31739e-06,4.05341e-06,-0.259522,0.754,False,False,SAS.UKB_local.local,local,SAS,UKB_local,local,bmi,bmi,0.28729,0.07144,NA,NA,-4.316743719027639,107.88961122541151,0.0159542601627353,0.0159542601627353,row,0.050180000000000315,0.07063662584490321,False,False,False,UKB SAS
SAS,cystatin_c,CysC,CysC,biochem_kidney,sumrhe,-1,1,Coding_UCSC_w_flanking,Coding,0.06566,0.03084,1.62977,0.84606,4.96823e-07,1.3977e-06,0.215921,0.576357,False,False,SAS.UKB_local.local,local,SAS,UKB_local,local,cystatin_c,cystatin_c,0.33541,0.05344,NA,NA,0.7046683796267759,0.7489440634534422,0.1201153614493574,0.1201153614493574,row,1.629770000000001,1.394936626753516,False,False,False,UKB SAS
SAS,cystatin_c,CysC,CysC,biochem_kidney,sumrhe,-1,2,Conserved_LindbladToh_w_flanking,Conserved (LindbladToh),0.13945,0.0746,0.93375,0.50779,8.26943e-07,9.9876e-07,0.549431,0.614645,False,False,SAS.UKB_local.local,local,SAS,UKB_local,local,cystatin_c,cystatin_c,0.33541,0.05344,NA,NA,-0.0988917569854876,0.7845634429054958,0.4452581701142445,0.4452581701142445,row,0.9337499999999999,0.9514012916743109,False,False,False,UKB SAS
SAS,cystatin_c,CysC,CysC,biochem_kidney,sumrhe,-1,6,DHS_Trynka_w_flanking,DHS + flank,0.15245,0.05784,0.7455,0.28214,-1.6818e-06,9.28625e-07,-1.09678,0.557036,False,False,SAS.UKB_local.local,local,SAS,UKB_local,local,cystatin_c,cystatin_c,0.33541,0.05344,NA,NA,-0.4237197423786445,0.5459986302299291,0.6096825629447256,0.6096825629447256,row,0.7455000000000002,0.8036403568906667,False,False,False,UKB SAS
SAS,cystatin_c,CysC,CysC,biochem_kidney,sumrhe,-1,20,Promoter_UCSC_w_flanking,Promoter,0.04894,0.03063,1.8201,1.18845,-3.78045e-07,1.01294e-06,-0.137244,0.354448,False,False,SAS.UKB_local.local,local,SAS,UKB_local,local,cystatin_c,cystatin_c,0.33541,0.05344,NA,NA,0.8640177172046234,0.9420201754543645,0.0801664604296836,0.0801664604296836,row,1.8201000000000003,1.495746321115622,False,False,False,UKB SAS
SAS,cystatin_c,CysC,CysC,biochem_kidney,sumrhe,-1,29,GERP.NS,GERP.NS,0.72609,0.15367,0.84274,0.18781,-1.35937e-07,2.18298e-07,-0.271397,0.403916,False,False,SAS.UKB_local.local,local,SAS,UKB_local,local,cystatin_c,cystatin_c,0.33541,0.05344,NA,NA,-0.2468404916763983,0.3215138187689634,2.568744095950831,2.568744095950831,row,0.84274,0.8818525293670735,False,False,False,UKB SAS
SAS,cystatin_c,CysC,CysC,biochem_kidney,sumrhe,-1,31,Backgrd_Selection_Stat,Background selection,0.07556,0.00827,1.34434,0.21437,1.58282e-06,8.93421e-07,0.381589,0.224652,False,False,SAS.UKB_local.local,local,SAS,UKB_local,local,cystatin_c,cystatin_c,0.33541,0.05344,NA,NA,0.4268980594558771,0.23005380775352,0.1675740714665367,0.1675740714665367,row,1.34434,1.2291818192236221,False,False,False,UKB SAS
SAS,cystatin_c,CysC,CysC,biochem_kidney,sumrhe,-1,32,CpG_Content_50kb,CpG content (50 kb),0.00431,0.00076,1.17859,0.14544,-1.16895e-05,5.1329e-05,-0.094504,0.399381,False,False,SAS.UKB_local.local,local,SAS,UKB_local,local,cystatin_c,cystatin_c,0.33541,0.05344,NA,NA,0.2370619304981416,0.1780310088723736,0.0109028117017997,0.0109028117017997,row,1.1785900000000102,1.1233947138368252,False,False,False,UKB SAS
SAS,cystatin_c,CysC,CysC,biochem_kidney,sumrhe,-1,33,GTEx_eQTL_MaxCPP,GTEx eQTL MaxCPP,-0.00777,0.01151,-2.06435,2.95562,-4.53265e-06,3.64687e-06,-0.519675,0.396502,False,False,SAS.UKB_local.local,local,SAS,UKB_local,local,cystatin_c,cystatin_c,0.33541,0.05344,NA,NA,NA,-2.0655694609694275,0.0112217781999839,0.0112217781999839,row,-2.0643500000000157,-1.6155810865666411,True,False,False,UKB SAS
SAS,cystatin_c,CysC,CysC,biochem_kidney,sumrhe,-1,34,BLUEPRINT_H3K27acQTL_MaxCPP,BLUEPRINT H3K27ac QTL,0.01441,0.01142,1.85776,1.53925,1.42531e-06,2.33542e-06,0.21781,0.33756,False,False,SAS.UKB_local.local,local,SAS,UKB_local,local,cystatin_c,cystatin_c,0.33541,0.05344,NA,NA,0.8935641351036182,1.1953472685860052,0.0231258852559988,0.0231258852559988,row,1.8577600000000056,1.5148847613082488,False,False,False,UKB SAS
SAS,cystatin_c,CysC,CysC,biochem_kidney,sumrhe,-1,35,BLUEPRINT_H3K4me1QTL_MaxCPP,BLUEPRINT H3K4me1 QTL,-0.00948,0.00888,-1.74382,1.69897,-4.5879e-06,2.64627e-06,-0.587077,0.336518,False,False,SAS.UKB_local.local,local,SAS,UKB_local,local,cystatin_c,cystatin_c,0.33541,0.05344,NA,NA,NA,-1.4055897934529495,0.0162080465899793,0.0162080465899793,row,-1.743820000000002,-1.4561858409767974,True,False,False,UKB SAS
SAS,cystatin_c,CysC,CysC,biochem_kidney,sumrhe,-1,36,BLUEPRINT_DNA_methylation_MaxCPP,BLUEPRINT methylation QTL,0.02658,0.02254,1.73909,1.5144,7.77848e-07,2.31254e-06,0.16698,0.479938,False,False,SAS.UKB_local.local,local,SAS,UKB_local,local,cystatin_c,cystatin_c,0.33541,0.05344,NA,NA,0.7983325957807094,1.256299196661614,0.0455676794062099,0.0455676794062099,row,1.739090000000002,1.4536966703589174,False,False,False,UKB SAS
SAS,cystatin_c,CysC,CysC,biochem_kidney,sumrhe,-1,38,non_synonymous,Nonsynonymous,-0.01246,0.01266,-1.13775,1.22397,-2.41102e-06,1.65813e-06,-0.572876,0.412048,False,False,SAS.UKB_local.local,local,SAS,UKB_local,local,cystatin_c,cystatin_c,0.33541,0.05344,NA,NA,NA,-1.552024125859692,0.0326509026091117,0.0326509026091117,row,-1.1377500000000016,-1.0960931463937804,True,False,False,UKB SAS
SAS,cystatin_c,CysC,CysC,biochem_kidney,sumrhe,-1,45,Ancient_Sequence_Age_Human_Promoter_w_flanking,Ancient promoter age,0.01703,0.01212,3.136,2.40899,-6.18362e-07,3.91185e-06,-0.10434,0.641286,False,False,SAS.UKB_local.local,local,SAS,UKB_local,local,cystatin_c,cystatin_c,0.33541,0.05344,NA,NA,1.6489255594531211,1.1082391347420613,0.0161905867263276,0.0161905867263276,row,3.1360000000000063,2.0482361856528497,False,False,False,UKB SAS
SAS,ggt,GGT,GGT,biochem_liver,sumrhe,-1,1,Coding_UCSC_w_flanking,Coding,0.09336,0.03458,2.42455,1.02334,-6.81991e-07,1.48574e-06,-0.31013,0.65313,False,False,SAS.UKB_local.local,local,SAS,UKB_local,local,ggt,ggt,0.32056,0.08581,NA,NA,1.277717005851481,0.6089243542691681,0.1201213954851452,0.1201213954851452,row,2.4245500000000004,1.7759144244465515,False,False,False,UKB SAS
SAS,ggt,GGT,GGT,biochem_liver,sumrhe,-1,2,Conserved_LindbladToh_w_flanking,Conserved (LindbladToh),0.18007,0.06816,1.26153,0.51988,-1.07651e-06,1.89647e-06,-0.748382,1.25544,False,False,SAS.UKB_local.local,local,SAS,UKB_local,local,ggt,ggt,0.32056,0.08581,NA,NA,0.3351745149440979,0.5945386141093388,0.4452812953343317,0.4452812953343317,row,1.26153,1.1772991339592236,False,False,False,UKB SAS
SAS,ggt,GGT,GGT,biochem_liver,sumrhe,-1,6,DHS_Trynka_w_flanking,DHS + flank,0.34473,0.09946,1.76387,0.34041,1.29579e-07,8.40311e-07,0.0884192,0.559573,False,False,SAS.UKB_local.local,local,SAS,UKB_local,local,ggt,ggt,0.32056,0.08581,NA,NA,0.8187442359144108,0.2784263119555364,0.6096817232692091,0.6096817232692091,row,1.7638699999999998,1.466689759443245,False,False,False,UKB SAS
SAS,ggt,GGT,GGT,biochem_liver,sumrhe,-1,20,Promoter_UCSC_w_flanking,Promoter,0.11368,0.03071,4.42325,1.91717,1.00687e-07,1.35437e-06,0.0382464,0.487912,False,False,SAS.UKB_local.local,local,SAS,UKB_local,local,ggt,ggt,0.32056,0.08581,NA,NA,2.145106784983,0.6253075570092339,0.0801739441705834,0.0801739441705834,row,4.42325,2.4391576769817327,False,False,False,UKB SAS
SAS,ggt,GGT,GGT,biochem_liver,sumrhe,-1,29,GERP.NS,GERP.NS,1.0333,0.29501,1.25485,0.26202,-4.04486e-08,3.71839e-07,-0.0844964,0.738161,False,False,SAS.UKB_local.local,local,SAS,UKB_local,local,ggt,ggt,0.32056,0.08581,NA,NA,0.3275149202001993,0.3012431403065913,2.5687703808051814,2.5687703808051814,row,1.25485,1.1730314638780253,False,False,False,UKB SAS
SAS,ggt,GGT,GGT,biochem_liver,sumrhe,-1,31,Backgrd_Selection_Stat,Background selection,0.07765,0.02125,1.44556,0.31353,1.67778e-07,1.3292e-06,0.0423217,0.313264,False,False,SAS.UKB_local.local,local,SAS,UKB_local,local,ggt,ggt,0.32056,0.08581,NA,NA,0.5316284911435656,0.3129086140802988,0.1675698991387778,0.1675698991387778,row,1.4455600000000002,1.2901648605622622,False,False,False,UKB SAS
SAS,ggt,GGT,GGT,biochem_liver,sumrhe,-1,32,CpG_Content_50kb,CpG content (50 kb),0.00431,0.00121,1.23271,0.20044,-4.52264e-05,5.14938e-05,-0.382569,0.444706,False,False,SAS.UKB_local.local,local,SAS,UKB_local,local,ggt,ggt,0.32056,0.08581,NA,NA,0.3018334398291752,0.2345837982946385,0.0109070429082987,0.0109070429082987,row,1.2327100000000002,1.1587958760005816,False,False,False,UKB SAS
SAS,ggt,GGT,GGT,biochem_liver,sumrhe,-1,33,GTEx_eQTL_MaxCPP,GTEx eQTL MaxCPP,0.01261,0.0112,3.50467,3.42411,9.70011e-07,4.14678e-06,0.116384,0.5013,False,False,SAS.UKB_local.local,local,SAS,UKB_local,local,ggt,ggt,0.32056,0.08581,NA,NA,1.8092786063537027,1.4095325712430298,0.0112242834655806,0.0112242834655806,row,3.5046700000000297,2.171421421954122,False,False,False,UKB SAS
SAS,ggt,GGT,GGT,biochem_liver,sumrhe,-1,34,BLUEPRINT_H3K27acQTL_MaxCPP,BLUEPRINT H3K27ac QTL,0.00522,0.01622,0.7038,2.2137,-1.17597e-06,3.13051e-06,-0.188031,0.460937,False,False,SAS.UKB_local.local,local,SAS,UKB_local,local,ggt,ggt,0.32056,0.08581,NA,NA,-0.5067625807997848,4.537786319999856,0.0231372591570889,0.0231372591570889,row,0.7038000000000001,0.7687559952218833,False,False,False,UKB SAS
SAS,ggt,GGT,GGT,biochem_liver,sumrhe,-1,35,BLUEPRINT_H3K4me1QTL_MaxCPP,BLUEPRINT H3K4me1 QTL,-0.00554,0.00987,-1.06523,1.85046,-3.98994e-06,2.9259e-06,-0.534209,0.341341,False,False,SAS.UKB_local.local,local,SAS,UKB_local,local,ggt,ggt,0.32056,0.08581,NA,NA,NA,-2.506171874021001,0.016223966703819,0.016223966703819,row,-1.0652300000000028,-1.0463024602799305,True,False,False,UKB SAS
SAS,ggt,GGT,GGT,biochem_liver,sumrhe,-1,36,BLUEPRINT_DNA_methylation_MaxCPP,BLUEPRINT methylation QTL,0.02949,0.01977,2.01895,1.38061,8.77588e-07,1.88818e-06,0.197117,0.394613,False,False,SAS.UKB_local.local,local,SAS,UKB_local,local,ggt,ggt,0.32056,0.08581,NA,NA,1.0136051822665837,0.9865520198131266,0.0455658923192642,0.0455658923192642,row,2.0189500000000016,1.5940468630624065,False,False,False,UKB SAS
SAS,ggt,GGT,GGT,biochem_liver,sumrhe,-1,38,non_synonymous,Nonsynonymous,0.02962,0.01715,2.82972,1.99886,1.02921e-06,2.03399e-06,0.255884,0.515087,False,False,SAS.UKB_local.local,local,SAS,UKB_local,local,ggt,ggt,0.32056,0.08581,NA,NA,1.5006593058499536,1.019092139657391,0.0326536896238658,0.0326536896238658,row,2.829720000000006,1.9372389171167794,False,False,False,UKB SAS
SAS,ggt,GGT,GGT,biochem_liver,sumrhe,-1,45,Ancient_Sequence_Age_Human_Promoter_w_flanking,Ancient promoter age,0.06451,0.02272,12.42951,4.71755,2.27e-06,5.0911e-06,0.400745,0.838595,False,False,SAS.UKB_local.local,local,SAS,UKB_local,local,ggt,ggt,0.32056,0.08581,NA,NA,3.6356975180272313,0.5475667174446724,0.0161906283706944,0.0161906283706944,row,12.42951000000003,3.7473347612709995,False,False,False,UKB SAS
SAS,glucose,GLU,GLU,biochem_glycemic,sumrhe,-1,1,Coding_UCSC_w_flanking,Coding,0.01788,0.03974,0.70935,1.55383,-2.18221e-06,1.90197e-06,-1.51555,1.30837,False,False,SAS.UKB_local.local,local,SAS,UKB_local,local,glucose,glucose,0.2099,0.07163,NA,NA,-0.4954304523704887,3.160221097320784,0.1200865872651196,0.1200865872651196,row,0.7093500000000003,0.773447828006242,False,False,False,UKB SAS
SAS,glucose,GLU,GLU,biochem_glycemic,sumrhe,-1,2,Conserved_LindbladToh_w_flanking,Conserved (LindbladToh),0.063,0.06284,0.67405,0.63524,-5.68434e-07,8.85414e-07,-0.603524,0.946826,False,False,SAS.UKB_local.local,local,SAS,UKB_local,local,glucose,glucose,0.2099,0.07163,NA,NA,-0.5690724825951314,1.3596285109032047,0.4452828799087269,0.4452828799087269,row,0.67405,0.7433426184944603,False,False,False,UKB SAS
SAS,glucose,GLU,GLU,biochem_glycemic,sumrhe,-1,6,DHS_Trynka_w_flanking,DHS + flank,0.13225,0.09182,1.03343,0.63213,-4.68071e-07,1.0747e-06,-0.487793,1.15059,False,False,SAS.UKB_local.local,local,SAS,UKB_local,local,glucose,glucose,0.2099,0.07163,NA,NA,0.047440670260169,0.8824698491403776,0.6096803211193857,0.6096803211193857,row,1.03343,1.0239153274653576,False,False,False,UKB SAS
SAS,glucose,GLU,GLU,biochem_glycemic,sumrhe,-1,20,Promoter_UCSC_w_flanking,Promoter,0.01179,0.04172,0.70056,2.5614,-1.14251e-06,1.47468e-06,-0.66282,0.842693,False,False,SAS.UKB_local.local,local,SAS,UKB_local,local,glucose,glucose,0.2099,0.07163,NA,NA,-0.513419478213388,5.274807407977891,0.0801781497282266,0.0801781497282266,row,0.7005600000000007,0.7660099088245729,False,False,False,UKB SAS
SAS,glucose,GLU,GLU,biochem_glycemic,sumrhe,-1,29,GERP.NS,GERP.NS,0.87771,0.31237,1.62788,0.40233,6.94789e-07,3.70377e-07,2.21665,1.25187,False,False,SAS.UKB_local.local,local,SAS,UKB_local,local,glucose,glucose,0.2099,0.07163,NA,NA,0.702994354526955,0.3565615990127385,2.5687167659043784,2.5687167659043784,row,1.62788,1.3938993976702823,False,False,False,UKB SAS
SAS,glucose,GLU,GLU,biochem_glycemic,sumrhe,-1,31,Backgrd_Selection_Stat,Background selection,0.05581,0.01895,1.58689,0.43206,1.66128e-06,1.29036e-06,0.640002,0.500842,False,False,SAS.UKB_local.local,local,SAS,UKB_local,local,glucose,glucose,0.2099,0.07163,NA,NA,0.6662021269414444,0.3928002693107182,0.1675532131036604,0.1675532131036604,row,1.5868900000000001,1.37121870890147,False,False,False,UKB SAS
SAS,glucose,GLU,GLU,biochem_glycemic,sumrhe,-1,32,CpG_Content_50kb,CpG content (50 kb),0.00311,0.00103,1.3581,0.24604,9.16559e-05,5.10335e-05,1.1841,0.702712,False,False,SAS.UKB_local.local,local,SAS,UKB_local,local,glucose,glucose,0.2099,0.07163,NA,NA,0.4415897124195463,0.2613656489657024,0.0109097852319323,0.0109097852319323,row,1.3581000000000107,1.2376249000161665,False,False,False,UKB SAS
SAS,glucose,GLU,GLU,biochem_glycemic,sumrhe,-1,33,GTEx_eQTL_MaxCPP,GTEx eQTL MaxCPP,0.01558,0.01062,6.61183,5.35586,3.63395e-06,3.49156e-06,0.665893,0.697761,False,False,SAS.UKB_local.local,local,SAS,UKB_local,local,glucose,glucose,0.2099,0.07163,NA,NA,2.725049631268173,1.1686435769969226,0.0112262145003598,0.0112262145003598,row,6.611830000000028,2.928243341315607,False,False,False,UKB SAS
SAS,glucose,GLU,GLU,biochem_glycemic,sumrhe,-1,34,BLUEPRINT_H3K27acQTL_MaxCPP,BLUEPRINT H3K27ac QTL,0.01683,0.01588,3.46885,2.87911,2.43001e-06,3.12353e-06,0.593402,0.711507,False,False,SAS.UKB_local.local,local,SAS,UKB_local,local,glucose,glucose,0.2099,0.07163,NA,NA,1.7944574569589906,1.1974221194845045,0.023114588001731,0.023114588001731,row,3.468850000000004,2.1599036205020066,False,False,False,UKB SAS
SAS,glucose,GLU,GLU,biochem_glycemic,sumrhe,-1,35,BLUEPRINT_H3K4me1QTL_MaxCPP,BLUEPRINT H3K4me1 QTL,-0.00443,0.0113,-1.30295,3.42602,-2.75876e-06,3.34174e-06,-0.564116,0.651082,False,False,SAS.UKB_local.local,local,SAS,UKB_local,local,glucose,glucose,0.2099,0.07163,NA,NA,NA,-3.793470251342266,0.0161980799205584,0.0161980799205584,row,-1.3029500000000058,-1.20348308870996,True,False,False,UKB SAS
SAS,glucose,GLU,GLU,biochem_glycemic,sumrhe,-1,36,BLUEPRINT_DNA_methylation_MaxCPP,BLUEPRINT methylation QTL,0.00398,0.02278,0.4159,2.42924,-1.18082e-06,2.31098e-06,-0.405069,0.81306,False,False,SAS.UKB_local.local,local,SAS,UKB_local,local,glucose,glucose,0.2099,0.07163,NA,NA,-1.2656914099030931,8.42667107749244,0.0455912724100291,0.0455912724100291,row,0.4159000000000001,0.5017193765800978,False,False,False,UKB SAS
SAS,glucose,GLU,GLU,biochem_glycemic,sumrhe,-1,38,non_synonymous,Nonsynonymous,0.02813,0.01318,4.10339,2.03106,1.55822e-06,1.52191e-06,0.591667,0.603214,False,False,SAS.UKB_local.local,local,SAS,UKB_local,local,glucose,glucose,0.2099,0.07163,NA,NA,2.036816279340605,0.7140925404965013,0.0326598734679409,0.0326598734679409,row,4.103390000000003,2.3514558963896235,False,False,False,UKB SAS
SAS,glucose,GLU,GLU,biochem_glycemic,sumrhe,-1,45,Ancient_Sequence_Age_Human_Promoter_w_flanking,Ancient promoter age,0.01282,0.01631,3.77205,5.31822,1.27267e-06,6.0115e-06,0.34316,1.6458,False,False,SAS.UKB_local.local,local,SAS,UKB_local,local,glucose,glucose,0.2099,0.07163,NA,NA,1.9153487996275256,2.0340583026090595,0.0161919124062502,0.0161919124062502,row,3.7720500000000072,2.2546091592054274,False,False,False,UKB SAS
SAS,hba1c,HbA1c,HbA1c,biochem_glycemic,sumrhe,-1,1,Coding_UCSC_w_flanking,Coding,0.11098,0.02668,2.36294,0.88692,-4.99352e-07,1.4039e-06,-0.186164,0.491554,False,False,SAS.UKB_local.local,local,SAS,UKB_local,local,hba1c,hba1c,0.39101,0.06108,NA,NA,1.2405829967254562,0.5415097656585607,0.1201169128629402,0.1201169128629402,row,2.3629400000000005,1.7497230392050713,False,False,False,UKB SAS
SAS,hba1c,HbA1c,HbA1c,biochem_glycemic,sumrhe,-1,2,Conserved_LindbladToh_w_flanking,Conserved (LindbladToh),0.206,0.04597,1.1832,0.22407,-4.46985e-07,1.02934e-06,-0.254754,0.552648,False,False,SAS.UKB_local.local,local,SAS,UKB_local,local,hba1c,hba1c,0.39101,0.06108,NA,NA,0.2426939575496183,0.2732122023427907,0.4452677026377433,0.4452677026377433,row,1.1832,1.1264442997246913,False,False,False,UKB SAS
SAS,hba1c,HbA1c,HbA1c,biochem_glycemic,sumrhe,-1,6,DHS_Trynka_w_flanking,DHS + flank,0.20523,0.07174,0.86087,0.2585,-6.16728e-07,8.88535e-07,-0.34501,0.472976,False,False,SAS.UKB_local.local,local,SAS,UKB_local,local,hba1c,hba1c,0.39101,0.06108,NA,NA,-0.2161327022310905,0.4332090420967127,0.6096988937502121,0.6096988937502121,row,0.86087,0.8959772725350129,False,False,False,UKB SAS
SAS,hba1c,HbA1c,HbA1c,biochem_glycemic,sumrhe,-1,20,Promoter_UCSC_w_flanking,Promoter,0.0369,0.02941,1.17717,0.87933,-2.58185e-06,1.21047e-06,-0.804048,0.37349,False,False,SAS.UKB_local.local,local,SAS,UKB_local,local,hba1c,hba1c,0.39101,0.06108,NA,NA,0.2353226809937955,1.0776735988046688,0.0801676800753266,0.0801676800753266,row,1.1771700000000007,1.1224540619043717,False,False,False,UKB SAS
SAS,hba1c,HbA1c,HbA1c,biochem_glycemic,sumrhe,-1,29,GERP.NS,GERP.NS,1.30569,0.25633,1.29995,0.1624,2.40608e-07,3.99484e-07,0.412068,0.636047,False,False,SAS.UKB_local.local,local,SAS,UKB_local,local,hba1c,hba1c,0.39101,0.06108,NA,NA,0.3784561339158168,0.1802328356016521,2.5687720376573533,2.5687720376573533,row,1.29995,1.2016024978930726,False,False,False,UKB SAS
SAS,hba1c,HbA1c,HbA1c,biochem_glycemic,sumrhe,-1,31,Backgrd_Selection_Stat,Background selection,0.07837,0.01019,1.19609,0.13804,-4.30936e-07,7.0049e-07,-0.089118,0.132706,False,False,SAS.UKB_local.local,local,SAS,UKB_local,local,hba1c,hba1c,0.39101,0.06108,NA,NA,0.2583259494595504,0.1665005337761476,0.1675707150218825,0.1675707150218825,row,1.1960900000000003,1.1349371799774672,False,False,False,UKB SAS
SAS,hba1c,HbA1c,HbA1c,biochem_glycemic,sumrhe,-1,32,CpG_Content_50kb,CpG content (50 kb),0.00538,0.00076,1.26183,0.16738,6.09308e-05,4.80223e-05,0.422552,0.330943,False,False,SAS.UKB_local.local,local,SAS,UKB_local,local,hba1c,hba1c,0.39101,0.06108,NA,NA,0.3355175563763991,0.1913714969084541,0.0109041938249573,0.0109041938249573,row,1.2618300000000056,1.1774904998964513,False,False,False,UKB SAS
SAS,hba1c,HbA1c,HbA1c,biochem_glycemic,sumrhe,-1,33,GTEx_eQTL_MaxCPP,GTEx eQTL MaxCPP,0.014,0.01278,3.18776,2.91753,1.88797e-06,4.24429e-06,0.18571,0.397931,False,False,SAS.UKB_local.local,local,SAS,UKB_local,local,hba1c,hba1c,0.39101,0.06108,NA,NA,1.672543015826629,1.320396159888065,0.0112319342977387,0.0112319342977387,row,3.187760000000013,2.066178763966122,False,False,False,UKB SAS
SAS,hba1c,HbA1c,HbA1c,biochem_glycemic,sumrhe,-1,34,BLUEPRINT_H3K27acQTL_MaxCPP,BLUEPRINT H3K27ac QTL,0.00909,0.00898,1.0057,1.02336,-4.63956e-07,2.01304e-06,-0.0608181,0.251476,False,False,SAS.UKB_local.local,local,SAS,UKB_local,local,hba1c,hba1c,0.39101,0.06108,NA,NA,0.0082000138321361,1.4680286338312911,0.0231157276290546,0.0231157276290546,row,1.0057000000000014,1.0041058328299344,False,False,False,UKB SAS
SAS,hba1c,HbA1c,HbA1c,biochem_glycemic,sumrhe,-1,35,BLUEPRINT_H3K4me1QTL_MaxCPP,BLUEPRINT H3K4me1 QTL,0.00198,0.01529,0.31187,2.47647,-1.61452e-06,4.5348e-06,-0.17722,0.463315,False,False,SAS.UKB_local.local,local,SAS,UKB_local,local,hba1c,hba1c,0.39101,0.06108,NA,NA,-1.6809833140022852,11.45602651075862,0.0162369227875122,0.0162369227875122,row,0.31187000000000054,0.3916247629074628,False,False,False,UKB SAS
SAS,hba1c,HbA1c,HbA1c,biochem_glycemic,sumrhe,-1,36,BLUEPRINT_DNA_methylation_MaxCPP,BLUEPRINT methylation QTL,0.02227,0.01861,1.25011,1.06454,-2.11415e-07,1.76523e-06,-0.0389309,0.310572,False,False,SAS.UKB_local.local,local,SAS,UKB_local,local,hba1c,hba1c,0.39101,0.06108,NA,NA,0.3220550464651731,1.228537151792992,0.0455600427865143,0.0455600427865143,row,1.2501100000000005,1.1699955314758137,False,False,False,UKB SAS
SAS,hba1c,HbA1c,HbA1c,biochem_glycemic,sumrhe,-1,38,non_synonymous,Nonsynonymous,0.05249,0.01557,4.11012,1.53041,2.15354e-06,1.66338e-06,0.438949,0.315041,False,False,SAS.UKB_local.local,local,SAS,UKB_local,local,hba1c,hba1c,0.39101,0.06108,NA,NA,2.039180515774989,0.5371898916642041,0.0326613556283308,0.0326613556283308,row,4.110120000000007,2.3533571701007028,False,False,False,UKB SAS
SAS,hba1c,HbA1c,HbA1c,biochem_glycemic,sumrhe,-1,45,Ancient_Sequence_Age_Human_Promoter_w_flanking,Ancient promoter age,0.04389,0.01977,6.93202,2.7511,4.56202e-07,4.38019e-06,0.0660317,0.594395,False,False,SAS.UKB_local.local,local,SAS,UKB_local,local,hba1c,hba1c,0.39101,0.06108,NA,NA,2.7932758169128538,0.572560137880391,0.0161926492709583,0.0161926492709583,row,6.932020000000012,2.9876883152198697,False,False,False,UKB SAS
SAS,hdl,HDL,HDL,biochem_lipids,sumrhe,-1,1,Coding_UCSC_w_flanking,Coding,0.09353,0.04544,2.0732,0.97591,2.58232e-06,1.67023e-06,1.00215,0.662991,False,False,SAS.UKB_local.local,local,SAS,UKB_local,local,hdl,hdl,0.37561,0.07462,NA,NA,1.0518592988352498,0.6791146620460874,0.1201081805251559,0.1201081805251559,row,2.073200000000001,1.6197416587691755,False,False,False,UKB SAS
SAS,hdl,HDL,HDL,biochem_lipids,sumrhe,-1,2,Conserved_LindbladToh_w_flanking,Conserved (LindbladToh),0.1862,0.07203,1.11328,0.34899,5.77116e-08,1.00011e-06,0.03424,0.593569,False,False,SAS.UKB_local.local,local,SAS,UKB_local,local,hdl,hdl,0.37561,0.07462,NA,NA,0.1548164891830786,0.4522547268610227,0.4452850593082201,0.4452850593082201,row,1.11328,1.0794839304764463,False,False,False,UKB SAS
SAS,hdl,HDL,HDL,biochem_lipids,sumrhe,-1,6,DHS_Trynka_w_flanking,DHS + flank,0.22719,0.09035,0.99207,0.29723,2.98967e-07,1.15193e-06,0.174101,0.613824,False,False,SAS.UKB_local.local,local,SAS,UKB_local,local,hdl,hdl,0.37561,0.07462,NA,NA,-0.0114861747894032,0.4322399094856478,0.6096909499761022,0.6096909499761022,row,0.9920700000000001,0.9942683436301429,False,False,False,UKB SAS
SAS,hdl,HDL,HDL,biochem_lipids,sumrhe,-1,20,Promoter_UCSC_w_flanking,Promoter,0.008,0.03858,0.26561,1.29936,-2.32626e-07,1.63759e-06,-0.0754115,0.500395,False,False,SAS.UKB_local.local,local,SAS,UKB_local,local,hdl,hdl,0.37561,0.07462,NA,NA,-1.9126186308876751,7.057641761716365,0.0801878222521168,0.0801878222521168,row,0.26561000000000023,0.33983290417540696,False,False,False,UKB SAS
SAS,hdl,HDL,HDL,biochem_lipids,sumrhe,-1,29,GERP.NS,GERP.NS,0.80239,0.23328,0.8316,0.18169,-4.35851e-07,3.48364e-07,-0.777028,0.555752,False,False,SAS.UKB_local.local,local,SAS,UKB_local,local,hdl,hdl,0.37561,0.07462,NA,NA,-0.2660383366910794,0.3152035377334244,2.56882122380911,2.56882122380911,row,0.8316,0.8731044701240976,False,False,False,UKB SAS
SAS,hdl,HDL,HDL,biochem_lipids,sumrhe,-1,31,Backgrd_Selection_Stat,Background selection,0.06548,0.02348,1.0404,0.32904,-2.20108e-07,1.8014e-06,-0.0473842,0.363141,False,False,SAS.UKB_local.local,local,SAS,UKB_local,local,hdl,hdl,0.37561,0.07462,NA,NA,0.0571383043935417,0.4562710267724957,0.1675603200007009,0.1675603200007009,row,1.0404000000000002,1.0288520058474935,False,False,False,UKB SAS
SAS,hdl,HDL,HDL,biochem_lipids,sumrhe,-1,32,CpG_Content_50kb,CpG content (50 kb),0.00485,0.00112,1.18422,0.11892,1.95137e-05,4.5123e-05,0.140872,0.309474,False,False,SAS.UKB_local.local,local,SAS,UKB_local,local,hdl,hdl,0.37561,0.07462,NA,NA,0.2439371244002504,0.1448762005898528,0.0109036574941381,0.0109036574941381,row,1.1842200000000038,1.127118175362238,False,False,False,UKB SAS
SAS,hdl,HDL,HDL,biochem_lipids,sumrhe,-1,33,GTEx_eQTL_MaxCPP,GTEx eQTL MaxCPP,0.03118,0.0168,7.39226,5.23507,7.96289e-06,5.94405e-06,0.81537,0.690476,False,False,SAS.UKB_local.local,local,SAS,UKB_local,local,hdl,hdl,0.37561,0.07462,NA,NA,2.8860155000053296,1.0216915432772369,0.0112295339189949,0.0112295339189949,row,7.392260000000033,3.069059374638266,False,False,False,UKB SAS
SAS,hdl,HDL,HDL,biochem_lipids,sumrhe,-1,34,BLUEPRINT_H3K27acQTL_MaxCPP,BLUEPRINT H3K27ac QTL,-0.00167,0.01705,-0.19262,1.96328,-2.32229e-06,3.56175e-06,-0.316863,0.46198,False,False,SAS.UKB_local.local,local,SAS,UKB_local,local,hdl,hdl,0.37561,0.07462,NA,NA,NA,-14.70467407266371,0.0230822396896756,0.0230822396896756,row,-0.1926200000000002,-0.25413443578624156,True,False,False,UKB SAS
SAS,hdl,HDL,HDL,biochem_lipids,sumrhe,-1,35,BLUEPRINT_H3K4me1QTL_MaxCPP,BLUEPRINT H3K4me1 QTL,-0.00283,0.01517,-0.46478,2.48958,-2.48833e-06,4.25894e-06,-0.284329,0.464586,False,False,SAS.UKB_local.local,local,SAS,UKB_local,local,hdl,hdl,0.37561,0.07462,NA,NA,NA,-7.727752312699225,0.0162107033261782,0.0162107033261782,row,-0.46478000000000036,-0.5506839979287992,True,False,False,UKB SAS
SAS,hdl,HDL,HDL,biochem_lipids,sumrhe,-1,36,BLUEPRINT_DNA_methylation_MaxCPP,BLUEPRINT methylation QTL,0.01941,0.02519,1.1341,1.48613,-1.88283e-07,2.6338e-06,-0.036092,0.496628,False,False,SAS.UKB_local.local,local,SAS,UKB_local,local,hdl,hdl,0.37561,0.07462,NA,NA,0.1815478564559564,1.8905144000672915,0.0455655942775491,0.0455655942775491,row,1.1341000000000019,1.0936277797818024,False,False,False,UKB SAS
SAS,hdl,HDL,HDL,biochem_lipids,sumrhe,-1,38,non_synonymous,Nonsynonymous,0.03714,0.01737,3.02722,1.56472,9.07478e-07,2.54892e-06,0.19255,0.508627,False,False,SAS.UKB_local.local,local,SAS,UKB_local,local,hdl,hdl,0.37561,0.07462,NA,NA,1.597993525306034,0.7457052293456634,0.0326633533644651,0.0326633533644651,row,3.027220000000006,2.0097842863486126,False,False,False,UKB SAS
SAS,hdl,HDL,HDL,biochem_lipids,sumrhe,-1,45,Ancient_Sequence_Age_Human_Promoter_w_flanking,Ancient promoter age,-0.01386,0.02313,-2.27874,4.35503,-1.30217e-06,4.7004e-06,-0.196205,0.684318,False,False,SAS.UKB_local.local,local,SAS,UKB_local,local,hdl,hdl,0.37561,0.07462,NA,NA,NA,-2.7572167881911334,0.016193148862519,0.016193148862519,row,-2.278740000000003,-1.7131415023461787,True,False,False,UKB SAS
SAS,height,HT,HT,anthro_physical,sumrhe,-1,1,Coding_UCSC_w_flanking,Coding,0.10457,0.03043,1.74666,0.4193,4.30307e-08,1.37487e-06,0.0125848,0.386212,False,False,SAS.UKB_local.local,local,SAS,UKB_local,local,height,height,0.49844,0.06093,NA,NA,0.8045988045614392,0.3463307287306874,0.1201118471964522,0.1201118471964522,row,1.7466600000000014,1.457678334996096,False,False,False,UKB SAS
SAS,height,HT,HT,anthro_physical,sumrhe,-1,2,Conserved_LindbladToh_w_flanking,Conserved (LindbladToh),0.32313,0.07367,1.45593,0.30385,2.40239e-07,1.14657e-06,0.107412,0.486206,False,False,SAS.UKB_local.local,local,SAS,UKB_local,local,height,height,0.49844,0.06093,NA,NA,0.5419409935307357,0.3010878875867051,0.4452704744339005,0.4452704744339005,row,1.45593,1.296269440963768,False,False,False,UKB SAS
SAS,height,HT,HT,anthro_physical,sumrhe,-1,6,DHS_Trynka_w_flanking,DHS + flank,0.37576,0.06677,1.23652,0.16017,2.83714e-07,1.04531e-06,0.124508,0.439747,False,False,SAS.UKB_local.local,local,SAS,UKB_local,local,height,height,0.49844,0.06093,NA,NA,0.3062855746793016,0.1868764473677621,0.6096723715689064,0.6096723715689064,row,1.23652,1.16125565964893,False,False,False,UKB SAS
SAS,height,HT,HT,anthro_physical,sumrhe,-1,20,Promoter_UCSC_w_flanking,Promoter,0.07223,0.02906,1.80748,0.57034,7.04619e-07,1.34243e-06,0.172141,0.310502,False,False,SAS.UKB_local.local,local,SAS,UKB_local,local,height,height,0.49844,0.06093,NA,NA,0.8539796836574701,0.4552341877202577,0.0801735708459278,0.0801735708459278,row,1.8074800000000015,1.489275745153538,False,False,False,UKB SAS
SAS,height,HT,HT,anthro_physical,sumrhe,-1,29,GERP.NS,GERP.NS,1.40628,0.26116,1.09835,0.15037,-3.40049e-07,3.00647e-07,-0.456856,0.394299,False,False,SAS.UKB_local.local,local,SAS,UKB_local,local,height,height,0.49844,0.06093,NA,NA,0.1353378565318203,0.197512681111188,2.56872823004743,2.56872823004743,row,1.09835,1.0692553362327575,False,False,False,UKB SAS
SAS,height,HT,HT,anthro_physical,sumrhe,-1,31,Backgrd_Selection_Stat,Background selection,0.12902,0.0143,1.54477,0.22731,2.09744e-06,1.32717e-06,0.340268,0.217701,False,False,SAS.UKB_local.local,local,SAS,UKB_local,local,height,height,0.49844,0.06093,NA,NA,0.6273920520063997,0.2122898617557761,0.1675638473857736,0.1675638473857736,row,1.5447700000000002,1.3475352693248872,False,False,False,UKB SAS
SAS,height,HT,HT,anthro_physical,sumrhe,-1,32,CpG_Content_50kb,CpG content (50 kb),0.00607,0.00066,1.11843,0.10763,1.4961e-05,5.64764e-05,0.0813923,0.291991,False,False,SAS.UKB_local.local,local,SAS,UKB_local,local,height,height,0.49844,0.06093,NA,NA,0.1614749642082774,0.1388350341558069,0.0108884734364045,0.0108884734364045,row,1.1184300000000005,1.0829954580285228,False,False,False,UKB SAS
SAS,height,HT,HT,anthro_physical,sumrhe,-1,33,GTEx_eQTL_MaxCPP,GTEx eQTL MaxCPP,0.01717,0.01065,3.06796,2.06457,2.56721e-06,3.78712e-06,0.198098,0.279073,False,False,SAS.UKB_local.local,local,SAS,UKB_local,local,height,height,0.49844,0.06093,NA,NA,1.6172796731349042,0.9708551938643684,0.01122813730476,0.01122813730476,row,3.0679600000000096,2.024305493333727,False,False,False,UKB SAS
SAS,height,HT,HT,anthro_physical,sumrhe,-1,34,BLUEPRINT_H3K27acQTL_MaxCPP,BLUEPRINT H3K27ac QTL,0.03028,0.01174,2.6279,0.93918,3.55426e-06,2.03843e-06,0.365497,0.199576,False,False,SAS.UKB_local.local,local,SAS,UKB_local,local,height,height,0.49844,0.06093,NA,NA,1.39391037754418,0.515601936337797,0.0231171424180174,0.0231171424180174,row,2.6279000000000106,1.8591346897439467,False,False,False,UKB SAS
SAS,height,HT,HT,anthro_physical,sumrhe,-1,35,BLUEPRINT_H3K4me1QTL_MaxCPP,BLUEPRINT H3K4me1 QTL,0.00422,0.01197,0.52256,1.49808,-2.02062e-06,3.39873e-06,-0.173993,0.284348,False,False,SAS.UKB_local.local,local,SAS,UKB_local,local,height,height,0.49844,0.06093,NA,NA,-0.9363313988751168,4.135931925242916,0.0162018049898045,0.0162018049898045,row,0.5225600000000021,0.6064990819883249,False,False,False,UKB SAS
SAS,height,HT,HT,anthro_physical,sumrhe,-1,36,BLUEPRINT_DNA_methylation_MaxCPP,BLUEPRINT methylation QTL,3e-05,0.01943,0.00131,0.86523,-3.05234e-06,1.94522e-06,-0.440932,0.27058,False,False,SAS.UKB_local.local,local,SAS,UKB_local,local,height,height,0.49844,0.06093,NA,NA,-9.576217472899362,952.8725421590518,0.0459448747267045,0.0459448747267045,row,0.001310000000000002,0.001888693679126769,False,False,False,UKB SAS
SAS,height,HT,HT,anthro_physical,sumrhe,-1,38,non_synonymous,Nonsynonymous,0.04764,0.02054,2.92659,1.32661,1.17594e-06,2.41381e-06,0.18803,0.364584,False,False,SAS.UKB_local.local,local,SAS,UKB_local,local,height,height,0.49844,0.06093,NA,NA,1.5492206458497688,0.6539671317792064,0.0326585562024297,0.0326585562024297,row,2.926590000000007,1.9732769649900346,False,False,False,UKB SAS
SAS,height,HT,HT,anthro_physical,sumrhe,-1,45,Ancient_Sequence_Age_Human_Promoter_w_flanking,Ancient promoter age,-0.00304,0.01676,-0.377,2.13982,-4.53983e-06,3.8966e-06,-0.515483,0.425292,False,False,SAS.UKB_local.local,local,SAS,UKB_local,local,height,height,0.49844,0.06093,NA,NA,NA,-8.188614595212258,0.0161777956774207,0.0161777956774207,row,-0.3770000000000004,-0.4615285594728776,True,False,False,UKB SAS
SAS,ldl,LDL,LDL,biochem_lipids,sumrhe,-1,1,Coding_UCSC_w_flanking,Coding,0.09922,0.04731,4.9061,2.26732,1.06077e-06,1.10196e-06,0.918418,1.06423,False,False,SAS.UKB_local.local,local,SAS,UKB_local,local,ldl,ldl,0.16837,0.07283,NA,NA,2.294576640343492,0.6667314812393478,0.1201152403678166,0.1201152403678166,row,4.906100000000005,2.5622057838817436,False,False,False,UKB SAS
SAS,ldl,LDL,LDL,biochem_lipids,sumrhe,-1,2,Conserved_LindbladToh_w_flanking,Conserved (LindbladToh),0.17726,0.07537,2.36453,1.00854,3.57284e-07,7.8599e-07,0.472907,1.00468,False,False,SAS.UKB_local.local,local,SAS,UKB_local,local,ldl,ldl,0.16837,0.07283,NA,NA,1.2415534461208018,0.6153508970231527,0.4452472077390528,0.4452472077390528,row,2.36453,1.7504049850651713,False,False,False,UKB SAS
SAS,ldl,LDL,LDL,biochem_lipids,sumrhe,-1,6,DHS_Trynka_w_flanking,DHS + flank,0.19795,0.06036,1.92837,0.76456,1.41333e-06,9.27757e-07,1.83618,1.46503,False,False,SAS.UKB_local.local,local,SAS,UKB_local,local,ldl,ldl,0.16837,0.07283,NA,NA,0.9473818907543462,0.5719996268672848,0.6096778649146097,0.6096778649146097,row,1.9283699999999997,1.5500978498791382,False,False,False,UKB SAS
SAS,ldl,LDL,LDL,biochem_lipids,sumrhe,-1,20,Promoter_UCSC_w_flanking,Promoter,0.05877,0.03082,4.35367,2.47493,1.91854e-07,1.17226e-06,0.138757,0.857912,False,False,SAS.UKB_local.local,local,SAS,UKB_local,local,ldl,ldl,0.16837,0.07283,NA,NA,2.12223205809884,0.8201285897983361,0.0801743544168731,0.0801743544168731,row,4.353670000000005,2.4205282140559694,False,False,False,UKB SAS
SAS,ldl,LDL,LDL,biochem_lipids,sumrhe,-1,29,GERP.NS,GERP.NS,0.81103,0.28087,1.87526,0.54461,3.58411e-07,2.97532e-07,1.42552,1.23126,False,False,SAS.UKB_local.local,local,SAS,UKB_local,local,ldl,ldl,0.16837,0.07283,NA,NA,0.9070906354517464,0.4189851787051067,2.568684216162077,2.568684216162077,row,1.8752599999999995,1.523692419970257,False,False,False,UKB SAS
SAS,ldl,LDL,LDL,biochem_lipids,sumrhe,-1,31,Backgrd_Selection_Stat,Background selection,0.06563,0.01711,2.32619,0.77983,1.10097e-06,1.06897e-06,0.528765,0.633581,False,False,SAS.UKB_local.local,local,SAS,UKB_local,local,ldl,ldl,0.16837,0.07283,NA,NA,1.2179689389705963,0.4836478850551504,0.1675685485699709,0.1675685485699709,row,2.3261900000000004,1.7338705812014445,False,False,False,UKB SAS
SAS,ldl,LDL,LDL,biochem_lipids,sumrhe,-1,32,CpG_Content_50kb,CpG content (50 kb),0.00225,0.00106,1.22742,0.30995,-4.91851e-06,5.03292e-05,-0.0792153,0.818597,False,False,SAS.UKB_local.local,local,SAS,UKB_local,local,ldl,ldl,0.16837,0.07283,NA,NA,0.2956289965445045,0.3643115868435696,0.0108874108198026,0.0108874108198026,row,1.2274200000000013,1.1553736168534252,False,False,False,UKB SAS
SAS,ldl,LDL,LDL,biochem_lipids,sumrhe,-1,33,GTEx_eQTL_MaxCPP,GTEx eQTL MaxCPP,0.03822,0.01967,20.21656,11.42631,9.74631e-06,6.09751e-06,2.22646,1.47549,False,False,SAS.UKB_local.local,local,SAS,UKB_local,local,ldl,ldl,0.16837,0.07283,NA,NA,4.33746562758073,0.8154048350787658,0.011228421620345,0.011228421620345,row,20.21656000000014,4.407118855133798,False,False,False,UKB SAS
SAS,ldl,LDL,LDL,biochem_lipids,sumrhe,-1,34,BLUEPRINT_H3K27acQTL_MaxCPP,BLUEPRINT H3K27ac QTL,0.00827,0.0096,2.12499,2.80951,-1.94626e-07,1.98945e-06,-0.0592503,0.616302,False,False,SAS.UKB_local.local,local,SAS,UKB_local,local,ldl,ldl,0.16837,0.07283,NA,NA,1.0874560520812313,1.9074283381700392,0.0231144682553625,0.0231144682553625,row,2.1249900000000026,1.6438515731432084,False,False,False,UKB SAS
SAS,ldl,LDL,LDL,biochem_lipids,sumrhe,-1,35,BLUEPRINT_H3K4me1QTL_MaxCPP,BLUEPRINT H3K4me1 QTL,0.00604,0.01699,2.21451,6.9555,-2.61046e-07,4.36823e-06,-0.066546,1.2231,False,False,SAS.UKB_local.local,local,SAS,UKB_local,local,ldl,ldl,0.16837,0.07283,NA,NA,1.1469875119750177,4.531325375321487,0.0161992378072481,0.0161992378072481,row,2.214510000000005,1.6845988388140039,False,False,False,UKB SAS
SAS,ldl,LDL,LDL,biochem_lipids,sumrhe,-1,36,BLUEPRINT_DNA_methylation_MaxCPP,BLUEPRINT methylation QTL,0.02147,0.01993,2.79904,2.87662,5.44078e-07,2.17568e-06,0.232676,0.918066,False,False,SAS.UKB_local.local,local,SAS,UKB_local,local,ldl,ldl,0.16837,0.07283,NA,NA,1.4849321040559846,1.4826817082006722,0.0455573262702533,0.0455573262702533,row,2.799040000000003,1.9256349021839927,False,False,False,UKB SAS
SAS,ldl,LDL,LDL,biochem_lipids,sumrhe,-1,38,non_synonymous,Nonsynonymous,-0.00229,0.01965,-0.41709,4.1109,-3.89145e-06,1.42427e-06,-1.84202,1.11447,False,False,SAS.UKB_local.local,local,SAS,UKB_local,local,ldl,ldl,0.16837,0.07283,NA,NA,NA,-14.219413180825338,0.0326092637139679,0.0326092637139679,row,-0.41708999999999996,-0.502931387352907,True,False,False,UKB SAS
SAS,ldl,LDL,LDL,biochem_lipids,sumrhe,-1,45,Ancient_Sequence_Age_Human_Promoter_w_flanking,Ancient promoter age,0.04929,0.02924,18.08196,13.79958,8.56966e-06,3.78258e-06,2.88048,1.80856,False,False,SAS.UKB_local.local,local,SAS,UKB_local,local,ldl,ldl,0.16837,0.07283,NA,NA,4.176479162519934,1.1010192275809991,0.0161900653619485,0.0161900653619485,row,18.08196000000003,4.254137459996656,False,False,False,UKB SAS
SAS,triglycerides,TG,TG,biochem_lipids,sumrhe,-1,1,Coding_UCSC_w_flanking,Coding,0.09267,0.05187,3.01915,1.34048,3.10133e-06,2.36801e-06,1.76904,1.06441,False,False,SAS.UKB_local.local,local,SAS,UKB_local,local,triglycerides,triglycerides,0.25555,0.08176,NA,NA,1.594142435844666,0.6405457987880157,0.1201098396512579,0.1201098396512579,row,3.0191500000000002,2.0068904216907204,False,False,False,UKB SAS
SAS,triglycerides,TG,TG,biochem_lipids,sumrhe,-1,2,Conserved_LindbladToh_w_flanking,Conserved (LindbladToh),0.18416,0.10369,1.61843,0.69791,-2.49192e-07,1.02465e-06,-0.217306,0.913707,False,False,SAS.UKB_local.local,local,SAS,UKB_local,local,triglycerides,triglycerides,0.25555,0.08176,NA,NA,0.6945949677486302,0.6221284182737693,0.4452721174728525,0.4452721174728525,row,1.61843,1.3887020369038405,False,False,False,UKB SAS
SAS,triglycerides,TG,TG,biochem_lipids,sumrhe,-1,6,DHS_Trynka_w_flanking,DHS + flank,0.27699,0.08907,1.77783,0.38075,8.7488e-07,1.03015e-06,0.748852,0.810247,False,False,SAS.UKB_local.local,local,SAS,UKB_local,local,triglycerides,triglycerides,0.25555,0.08176,NA,NA,0.830117377102082,0.308975625801383,0.60967442108193,0.60967442108193,row,1.7778300000000002,1.4739583107442313,False,False,False,UKB SAS
SAS,triglycerides,TG,TG,biochem_lipids,sumrhe,-1,20,Promoter_UCSC_w_flanking,Promoter,0.04556,0.03968,2.22353,1.9597,5.09624e-07,1.20195e-06,0.242829,0.54339,False,False,SAS.UKB_local.local,local,SAS,UKB_local,local,triglycerides,triglycerides,0.25555,0.08176,NA,NA,1.152851869748675,1.2715139762585177,0.0801797756577092,0.0801797756577092,row,2.2235300000000016,1.68864141008832,False,False,False,UKB SAS
SAS,triglycerides,TG,TG,biochem_lipids,sumrhe,-1,29,GERP.NS,GERP.NS,0.69508,0.30236,1.05886,0.30432,-2.93626e-07,2.97929e-07,-0.769416,0.72953,False,False,SAS.UKB_local.local,local,SAS,UKB_local,local,triglycerides,triglycerides,0.25555,0.08176,NA,NA,0.0825118521653577,0.4146355087956192,2.5687412783023817,2.5687412783023817,row,1.05886,1.0418457317804268,False,False,False,UKB SAS
SAS,triglycerides,TG,TG,biochem_lipids,sumrhe,-1,31,Backgrd_Selection_Stat,Background selection,0.05847,0.01605,1.36554,0.38635,5.49665e-07,1.23964e-06,0.173924,0.439227,False,False,SAS.UKB_local.local,local,SAS,UKB_local,local,triglycerides,triglycerides,0.25555,0.08176,NA,NA,0.4494715747816512,0.4081793495960946,0.167553221509855,0.167553221509855,row,1.3655400000000002,1.242169556247478,False,False,False,UKB SAS
SAS,triglycerides,TG,TG,biochem_lipids,sumrhe,-1,32,CpG_Content_50kb,CpG content (50 kb),0.00328,0.00151,1.17828,0.2947,2.44448e-05,5.02214e-05,0.259383,0.508671,False,False,SAS.UKB_local.local,local,SAS,UKB_local,local,triglycerides,triglycerides,0.25555,0.08176,NA,NA,0.236682414050264,0.3608329332161944,0.0108930488778343,0.0108930488778343,row,1.1782800000000004,1.123189412570804,False,False,False,UKB SAS
SAS,triglycerides,TG,TG,biochem_lipids,sumrhe,-1,33,GTEx_eQTL_MaxCPP,GTEx eQTL MaxCPP,0.00918,0.01034,3.20115,3.96425,1.24442e-06,3.1247e-06,0.187263,0.493281,False,False,SAS.UKB_local.local,local,SAS,UKB_local,local,triglycerides,triglycerides,0.25555,0.08176,NA,NA,1.678590280502957,1.7866091297952529,0.0112217546990249,0.0112217546990249,row,3.201150000000022,2.0707842974628057,False,False,False,UKB SAS
SAS,triglycerides,TG,TG,biochem_lipids,sumrhe,-1,34,BLUEPRINT_H3K27acQTL_MaxCPP,BLUEPRINT H3K27ac QTL,-0.01936,0.01213,-3.27631,2.7704,-5.30062e-06,2.41966e-06,-1.06315,0.591226,False,False,SAS.UKB_local.local,local,SAS,UKB_local,local,triglycerides,triglycerides,0.25555,0.08176,NA,NA,NA,-1.219921906437054,0.0231230160320117,0.0231230160320117,row,-3.276310000000004,-2.096366441283778,True,False,False,UKB SAS
SAS,triglycerides,TG,TG,biochem_lipids,sumrhe,-1,35,BLUEPRINT_H3K4me1QTL_MaxCPP,BLUEPRINT H3K4me1 QTL,0.00333,0.00967,0.80484,2.34993,4.76083e-07,2.67801e-06,0.0799584,0.44302,False,False,SAS.UKB_local.local,local,SAS,UKB_local,local,triglycerides,triglycerides,0.25555,0.08176,NA,NA,-0.3132260870008898,4.212305995522342,0.0161904453793154,0.0161904453793154,row,0.8048400000000021,0.8518709471191557,False,False,False,UKB SAS
SAS,triglycerides,TG,TG,biochem_lipids,sumrhe,-1,36,BLUEPRINT_DNA_methylation_MaxCPP,BLUEPRINT methylation QTL,0.0041,0.02227,0.35193,1.8794,-7.94898e-07,2.23314e-06,-0.223958,0.598369,False,False,SAS.UKB_local.local,local,SAS,UKB_local,local,triglycerides,triglycerides,0.25555,0.08176,NA,NA,-1.5066395941375144,7.704376040254362,0.0455881199094088,0.0455881199094088,row,0.3519300000000004,0.43502045393718064,False,False,False,UKB SAS
SAS,triglycerides,TG,TG,biochem_lipids,sumrhe,-1,38,non_synonymous,Nonsynonymous,0.01182,0.02009,1.4163,2.86799,-1.15784e-06,2.57146e-06,-0.361098,0.804168,False,False,SAS.UKB_local.local,local,SAS,UKB_local,local,triglycerides,triglycerides,0.25555,0.08176,NA,NA,0.5021268887756999,2.921439631659351,0.0326577557134391,0.0326577557134391,row,1.4163000000000017,1.2727995861377863,False,False,False,UKB SAS
SAS,triglycerides,TG,TG,biochem_lipids,sumrhe,-1,45,Ancient_Sequence_Age_Human_Promoter_w_flanking,Ancient promoter age,0.06027,0.02685,14.5693,7.42429,1.1406e-05,4.47924e-06,2.52569,1.40539,False,False,SAS.UKB_local.local,local,SAS,UKB_local,local,triglycerides,triglycerides,0.25555,0.08176,NA,NA,3.8648596578911016,0.7351750849472193,0.0161877549013239,0.0161877549013239,row,14.569300000000002,3.960632176797526,False,False,False,UKB SAS
SAS,testosterone,TT,TT,biochem_endocrine,sumrhe,-1,1,Coding_UCSC_w_flanking,Coding,-0.05833,0.04363,NA,NA,-3.86027e-06,1.29566e-06,10.495,27.8269,False,False,SAS.UKB_local.local,local,SAS,UKB_local,local,testosterone,testosterone,-0.05362,0.07802,NA,NA,NA,NA,NA,0.1201152724597621,dataset_kind+pop+source+source_group+annotation,NA,NA,False,True,True,UKB SAS
SAS,testosterone,TT,TT,biochem_endocrine,sumrhe,-1,2,Conserved_LindbladToh_w_flanking,Conserved (LindbladToh),-0.1269,0.07218,NA,NA,-1.69755e-06,1.37738e-06,7.05546,23.0487,False,False,SAS.UKB_local.local,local,SAS,UKB_local,local,testosterone,testosterone,-0.05362,0.07802,NA,NA,NA,NA,NA,0.4452675385466412,dataset_kind+pop+source+source_group+annotation,NA,NA,False,True,True,UKB SAS
SAS,testosterone,TT,TT,biochem_endocrine,sumrhe,-1,6,DHS_Trynka_w_flanking,DHS + flank,0.00653,0.08198,NA,NA,5.95657e-08,1.4021e-06,-0.243001,7.42072,False,False,SAS.UKB_local.local,local,SAS,UKB_local,local,testosterone,testosterone,-0.05362,0.07802,NA,NA,NA,NA,NA,0.6096796389032285,dataset_kind+pop+source+source_group+annotation,NA,NA,False,True,True,UKB SAS
SAS,testosterone,TT,TT,biochem_endocrine,sumrhe,-1,20,Promoter_UCSC_w_flanking,Promoter,-0.00268,0.02961,NA,NA,-1.20414e-06,1.27982e-06,2.73465,9.08491,False,False,SAS.UKB_local.local,local,SAS,UKB_local,local,testosterone,testosterone,-0.05362,0.07802,NA,NA,NA,NA,NA,0.0801748981475748,dataset_kind+pop+source+source_group+annotation,NA,NA,False,True,True,UKB SAS
SAS,testosterone,TT,TT,biochem_endocrine,sumrhe,-1,29,GERP.NS,GERP.NS,-0.56755,0.25232,NA,NA,-5.73723e-07,3.78011e-07,7.16532,24.9018,False,False,SAS.UKB_local.local,local,SAS,UKB_local,local,testosterone,testosterone,-0.05362,0.07802,NA,NA,NA,NA,NA,2.568760432165287,dataset_kind+pop+source+source_group+annotation,NA,NA,False,True,True,UKB SAS
SAS,testosterone,TT,TT,biochem_endocrine,sumrhe,-1,31,Backgrd_Selection_Stat,Background selection,-0.00112,0.0181,NA,NA,1.4997e-06,1.24716e-06,-2.26169,7.24148,False,False,SAS.UKB_local.local,local,SAS,UKB_local,local,testosterone,testosterone,-0.05362,0.07802,NA,NA,NA,NA,NA,0.1675685485699709,dataset_kind+pop+source+source_group+annotation,NA,NA,False,True,True,UKB SAS
SAS,testosterone,TT,TT,biochem_endocrine,sumrhe,-1,32,CpG_Content_50kb,CpG content (50 kb),0.0003,0.00123,NA,NA,7.35706e-05,4.56167e-05,-3.72067,11.43,False,False,SAS.UKB_local.local,local,SAS,UKB_local,local,testosterone,testosterone,-0.05362,0.07802,NA,NA,NA,NA,NA,0.0108963542710396,dataset_kind+pop+source+source_group+annotation,NA,NA,False,True,True,UKB SAS
SAS,testosterone,TT,TT,biochem_endocrine,sumrhe,-1,33,GTEx_eQTL_MaxCPP,GTEx eQTL MaxCPP,-0.00579,0.01218,NA,NA,-2.23412e-06,3.8818e-06,1.60258,6.74475,False,False,SAS.UKB_local.local,local,SAS,UKB_local,local,testosterone,testosterone,-0.05362,0.07802,NA,NA,NA,NA,NA,0.01122813730476,dataset_kind+pop+source+source_group+annotation,NA,NA,False,True,True,UKB SAS
SAS,testosterone,TT,TT,biochem_endocrine,sumrhe,-1,34,BLUEPRINT_H3K27acQTL_MaxCPP,BLUEPRINT H3K27ac QTL,0.00992,0.0144,NA,NA,2.26746e-06,2.9602e-06,-2.16756,5.96805,False,False,SAS.UKB_local.local,local,SAS,UKB_local,local,testosterone,testosterone,-0.05362,0.07802,NA,NA,NA,NA,NA,0.0231199400498602,dataset_kind+pop+source+source_group+annotation,NA,NA,False,True,True,UKB SAS
SAS,testosterone,TT,TT,biochem_endocrine,sumrhe,-1,35,BLUEPRINT_H3K4me1QTL_MaxCPP,BLUEPRINT H3K4me1 QTL,-0.00601,0.00985,NA,NA,-1.79094e-06,3.05134e-06,1.43359,4.61397,False,False,SAS.UKB_local.local,local,SAS,UKB_local,local,testosterone,testosterone,-0.05362,0.07802,NA,NA,NA,NA,NA,0.0162092260771292,dataset_kind+pop+source+source_group+annotation,NA,NA,False,True,True,UKB SAS
SAS,testosterone,TT,TT,biochem_endocrine,sumrhe,-1,36,BLUEPRINT_DNA_methylation_MaxCPP,BLUEPRINT methylation QTL,-0.01797,0.02216,NA,NA,-2.18241e-06,2.44647e-06,2.93069,9.15308,False,False,SAS.UKB_local.local,local,SAS,UKB_local,local,testosterone,testosterone,-0.05362,0.07802,NA,NA,NA,NA,NA,0.0455676022639922,dataset_kind+pop+source+source_group+annotation,NA,NA,False,True,True,UKB SAS
SAS,testosterone,TT,TT,biochem_endocrine,sumrhe,-1,38,non_synonymous,Nonsynonymous,0.00498,0.01955,NA,NA,3.8271e-06,1.6918e-06,-5.68861,17.2379,False,False,SAS.UKB_local.local,local,SAS,UKB_local,local,testosterone,testosterone,-0.05362,0.07802,NA,NA,NA,NA,NA,0.032658681298859,dataset_kind+pop+source+source_group+annotation,NA,NA,False,True,True,UKB SAS
SAS,testosterone,TT,TT,biochem_endocrine,sumrhe,-1,45,Ancient_Sequence_Age_Human_Promoter_w_flanking,Ancient promoter age,0.03252,0.01454,NA,NA,6.10362e-06,4.73725e-06,-6.44255,20.6142,False,False,SAS.UKB_local.local,local,SAS,UKB_local,local,testosterone,testosterone,-0.05362,0.07802,NA,NA,NA,NA,NA,0.0161919124062502,dataset_kind+pop+source+source_group+annotation,NA,NA,False,True,True,UKB SAS
SAS,urate,UA,UA,biochem_kidney,sumrhe,-1,1,Coding_UCSC_w_flanking,Coding,0.06147,0.02723,1.97442,0.94205,-3.5508e-07,1.41382e-06,-0.199697,0.765078,False,False,SAS.UKB_local.local,local,SAS,UKB_local,local,urate,urate,0.25919,0.07116,NA,NA,0.9814289135356852,0.6883494207258072,0.1201172635728471,0.1201172635728471,row,1.9744200000000012,1.5726083760840628,False,False,False,UKB SAS
SAS,urate,UA,UA,biochem_kidney,sumrhe,-1,2,Conserved_LindbladToh_w_flanking,Conserved (LindbladToh),0.14621,0.0622,1.26688,0.58035,1.17583e-06,1.05093e-06,1.01095,0.929534,False,False,SAS.UKB_local.local,local,SAS,UKB_local,local,urate,urate,0.25919,0.07116,NA,NA,0.341279877593285,0.6608897977550439,0.4452699177331957,0.4452699177331957,row,1.26688,1.1807080223151025,False,False,False,UKB SAS
SAS,urate,UA,UA,biochem_kidney,sumrhe,-1,6,DHS_Trynka_w_flanking,DHS + flank,0.20304,0.06511,1.28489,0.38315,-3.48659e-07,9.67878e-07,-0.294236,0.761398,False,False,SAS.UKB_local.local,local,SAS,UKB_local,local,urate,urate,0.25919,0.07116,NA,NA,0.3616448549465148,0.4302069476115513,0.6096736340797541,0.6096736340797541,row,1.2848899999999999,1.1921247122091885,False,False,False,UKB SAS
SAS,urate,UA,UA,biochem_kidney,sumrhe,-1,20,Promoter_UCSC_w_flanking,Promoter,0.06299,0.03017,3.03127,1.32201,1.90315e-06,1.23097e-06,0.894091,0.488907,False,False,SAS.UKB_local.local,local,SAS,UKB_local,local,urate,urate,0.25919,0.07116,NA,NA,1.5999223609683666,0.6291941235870174,0.0801731126970816,0.0801731126970816,row,3.0312700000000015,2.0112344129622914,False,False,False,UKB SAS
SAS,urate,UA,UA,biochem_kidney,sumrhe,-1,29,GERP.NS,GERP.NS,0.60149,0.20667,0.90341,0.33358,-3.36375e-07,4.30509e-07,-0.86904,1.00484,False,False,SAS.UKB_local.local,local,SAS,UKB_local,local,urate,urate,0.25919,0.07116,NA,NA,-0.1465472115850776,0.5327085285083633,2.568770329045591,2.568770329045591,row,0.9034099999999999,0.9285863557560508,False,False,False,UKB SAS
SAS,urate,UA,UA,biochem_kidney,sumrhe,-1,31,Backgrd_Selection_Stat,Background selection,0.0543,0.01725,1.25016,0.37282,1.32992e-07,1.17078e-06,0.04149,0.36532,False,False,SAS.UKB_local.local,local,SAS,UKB_local,local,urate,urate,0.25919,0.07116,NA,NA,0.3221127480350467,0.4302373817305172,0.1675776086717461,0.1675776086717461,row,1.2501600000000002,1.1700275894421344,False,False,False,UKB SAS
SAS,urate,UA,UA,biochem_kidney,sumrhe,-1,32,CpG_Content_50kb,CpG content (50 kb),0.00429,0.00105,1.52055,0.33243,6.39186e-05,7.69228e-05,0.668702,0.702492,False,False,SAS.UKB_local.local,local,SAS,UKB_local,local,urate,urate,0.25919,0.07116,NA,NA,0.6045932570566646,0.3154089720447983,0.010885248422854,0.010885248422854,row,1.5205500000000078,1.3337385732866085,False,False,False,UKB SAS
SAS,urate,UA,UA,biochem_kidney,sumrhe,-1,33,GTEx_eQTL_MaxCPP,GTEx eQTL MaxCPP,-0.00772,0.01122,-2.65243,3.92321,-4.61651e-06,3.64809e-06,-0.685043,0.505976,False,False,SAS.UKB_local.local,local,SAS,UKB_local,local,urate,urate,0.25919,0.07116,NA,NA,NA,-2.133890663039549,0.0112293631627549,0.0112293631627549,row,-2.6524300000000043,-1.8688566235775512,True,False,False,UKB SAS
SAS,urate,UA,UA,biochem_kidney,sumrhe,-1,34,BLUEPRINT_H3K27acQTL_MaxCPP,BLUEPRINT H3K27ac QTL,0.00721,0.01654,1.20239,2.72177,-1.48509e-06,2.89549e-06,-0.293679,0.628884,False,False,SAS.UKB_local.local,local,SAS,UKB_local,local,urate,urate,0.25919,0.07116,NA,NA,0.2659049158552706,3.2657324840029887,0.0231351152521699,0.0231351152521699,row,1.2023900000000032,1.139069964472575,False,False,False,UKB SAS
SAS,urate,UA,UA,biochem_kidney,sumrhe,-1,35,BLUEPRINT_H3K4me1QTL_MaxCPP,BLUEPRINT H3K4me1 QTL,0.00994,0.00909,2.3669,1.98318,2.98386e-07,2.58258e-06,0.0494088,0.400596,False,False,SAS.UKB_local.local,local,SAS,UKB_local,local,urate,urate,0.25919,0.07116,NA,NA,1.2429987544241572,1.208806435079714,0.0162027314183192,0.0162027314183192,row,2.366900000000007,1.7514208724436922,False,False,False,UKB SAS
SAS,urate,UA,UA,biochem_kidney,sumrhe,-1,36,BLUEPRINT_DNA_methylation_MaxCPP,BLUEPRINT methylation QTL,0.04889,0.02097,4.13926,2.28711,2.47689e-06,2.31042e-06,0.688066,0.720036,False,False,SAS.UKB_local.local,local,SAS,UKB_local,local,urate,urate,0.25919,0.07116,NA,NA,2.0493728716485986,0.7971478609624806,0.0455700063301595,0.0455700063301595,row,4.13926,2.361560641289229,False,False,False,UKB SAS
SAS,urate,UA,UA,biochem_kidney,sumrhe,-1,38,non_synonymous,Nonsynonymous,0.03267,0.02386,3.86017,3.39368,6.67492e-07,2.32885e-06,0.205239,0.70123,False,False,SAS.UKB_local.local,local,SAS,UKB_local,local,urate,urate,0.25919,0.07116,NA,NA,1.9486643844768647,1.268349659824323,0.03265310325009,0.03265310325009,row,3.860170000000008,2.2810067775898153,False,False,False,UKB SAS
SAS,urate,UA,UA,biochem_kidney,sumrhe,-1,45,Ancient_Sequence_Age_Human_Promoter_w_flanking,Ancient promoter age,0.01703,0.0142,4.05719,3.20208,7.92226e-06,4.17494e-06,1.72985,0.79983,False,False,SAS.UKB_local.local,local,SAS,UKB_local,local,urate,urate,0.25919,0.07116,NA,NA,2.020480866172304,1.1386267186229218,0.0161946311109903,0.0161946311109903,row,4.0571900000000145,2.3383359819274263,False,False,False,UKB SAS
SAS,bp_systolic,SBP,SBP,blood_pressure,sumrhe,-1,1,Coding_UCSC_w_flanking,Coding,0.04172,0.03226,3.58035,2.67505,-3.57211e-07,9.17193e-07,-0.536825,1.33874,False,False,SAS.UKB_local.local,local,SAS,UKB_local,local,bp_systolic,bp_systolic,0.097,0.04818,NA,NA,1.84010062619985,1.0779061737344175,0.1201287842762593,0.1201287842762593,row,3.5803500000000015,2.195457843730868,False,False,False,UKB SAS
SAS,bp_systolic,SBP,SBP,blood_pressure,sumrhe,-1,2,Conserved_LindbladToh_w_flanking,Conserved (LindbladToh),0.07879,0.07481,1.82417,1.84483,-9.73039e-07,1.14285e-06,-2.23552,2.66278,False,False,SAS.UKB_local.local,local,SAS,UKB_local,local,bp_systolic,bp_systolic,0.097,0.04818,NA,NA,0.8672401849458652,1.459034570398146,0.4452808900689702,0.4452808900689702,row,1.82417,1.497826933784442,False,False,False,UKB SAS
SAS,bp_systolic,SBP,SBP,blood_pressure,sumrhe,-1,6,DHS_Trynka_w_flanking,DHS + flank,0.15651,0.08033,2.64644,1.21662,8.50963e-07,1.05199e-06,1.91897,2.23527,False,False,SAS.UKB_local.local,local,SAS,UKB_local,local,bp_systolic,bp_systolic,0.097,0.04818,NA,NA,1.4040529456093995,0.6632350027381428,0.6096889234742429,0.6096889234742429,row,2.64644,1.8664886555948295,False,False,False,UKB SAS
SAS,bp_systolic,SBP,SBP,blood_pressure,sumrhe,-1,20,Promoter_UCSC_w_flanking,Promoter,0.03984,0.02039,5.12233,2.95403,1.96639e-07,7.64828e-07,0.246853,0.908885,False,False,SAS.UKB_local.local,local,SAS,UKB_local,local,bp_systolic,bp_systolic,0.097,0.04818,NA,NA,2.3568001998364783,0.8319972418093377,0.0801825828254985,0.0801825828254985,row,5.122330000000004,2.614080809734622,False,False,False,UKB SAS
SAS,bp_systolic,SBP,SBP,blood_pressure,sumrhe,-1,29,GERP.NS,GERP.NS,0.58748,0.21081,2.35774,0.94447,2.34651e-07,2.28653e-07,1.61994,1.672,False,False,SAS.UKB_local.local,local,SAS,UKB_local,local,bp_systolic,bp_systolic,0.097,0.04818,NA,NA,1.2374046337578777,0.5779187634210724,2.568771300211569,2.568771300211569,row,2.35774,1.7474905223437789,False,False,False,UKB SAS
SAS,bp_systolic,SBP,SBP,blood_pressure,sumrhe,-1,31,Backgrd_Selection_Stat,Background selection,0.0212,0.01361,1.30399,0.73081,-1.04844e-06,1.25859e-06,-0.874011,0.994783,False,False,SAS.UKB_local.local,local,SAS,UKB_local,local,bp_systolic,bp_systolic,0.097,0.04818,NA,NA,0.3829328059142917,0.8085460493041077,0.1676061174019186,0.1676061174019186,row,1.30399,1.2041344550694102,False,False,False,UKB SAS
SAS,bp_systolic,SBP,SBP,blood_pressure,sumrhe,-1,32,CpG_Content_50kb,CpG content (50 kb),0.00128,0.00061,1.21138,0.48949,2.90191e-05,4.58403e-05,0.811233,1.47899,False,False,SAS.UKB_local.local,local,SAS,UKB_local,local,bp_systolic,bp_systolic,0.097,0.04818,NA,NA,0.2766514976662914,0.5829589357301084,0.0108932591661244,0.0108932591661244,row,1.2113800000000017,1.1449469568637114,False,False,False,UKB SAS
SAS,bp_systolic,SBP,SBP,blood_pressure,sumrhe,-1,33,GTEx_eQTL_MaxCPP,GTEx eQTL MaxCPP,0.0162,0.01135,14.87141,13.36685,4.68009e-06,3.82985e-06,1.85572,1.83648,False,False,SAS.UKB_local.local,local,SAS,UKB_local,local,bp_systolic,bp_systolic,0.097,0.04818,NA,NA,3.894469534716867,1.2967356967030457,0.0112302941871921,0.0112302941871921,row,14.871410000000003,3.988358396321128,False,False,False,UKB SAS
SAS,bp_systolic,SBP,SBP,blood_pressure,sumrhe,-1,34,BLUEPRINT_H3K27acQTL_MaxCPP,BLUEPRINT H3K27ac QTL,-0.00989,0.01257,-4.41106,6.58064,-1.85359e-06,2.65013e-06,-0.979466,1.51569,False,False,SAS.UKB_local.local,local,SAS,UKB_local,local,bp_systolic,bp_systolic,0.097,0.04818,NA,NA,NA,-2.1522846422119737,0.0231143450523452,0.0231143450523452,row,-4.411060000000005,-2.4359112385893615,True,False,False,UKB SAS
SAS,bp_systolic,SBP,SBP,blood_pressure,sumrhe,-1,35,BLUEPRINT_H3K4me1QTL_MaxCPP,BLUEPRINT H3K4me1 QTL,-0.004,0.01205,-2.54472,8.23921,-7.56059e-07,3.51128e-06,-0.334537,1.5311,False,False,SAS.UKB_local.local,local,SAS,UKB_local,local,bp_systolic,bp_systolic,0.097,0.04818,NA,NA,NA,-4.671110144865744,0.0162049708423959,0.0162049708423959,row,-2.54472000000001,-1.8256716724393054,True,False,False,UKB SAS
SAS,bp_systolic,SBP,SBP,blood_pressure,sumrhe,-1,36,BLUEPRINT_DNA_methylation_MaxCPP,BLUEPRINT methylation QTL,-0.02437,0.01327,-5.51356,3.5852,-2.75591e-06,1.4108e-06,-2.0457,1.16411,False,False,SAS.UKB_local.local,local,SAS,UKB_local,local,bp_systolic,bp_systolic,0.097,0.04818,NA,NA,NA,-0.9381144415940176,0.0455671314725988,0.0455671314725988,row,-5.51356,-2.7034462669770094,True,False,False,UKB SAS
SAS,bp_systolic,SBP,SBP,blood_pressure,sumrhe,-1,38,non_synonymous,Nonsynonymous,0.04435,0.01744,13.99859,7.58958,2.91316e-06,1.26898e-06,2.39357,1.48037,False,False,SAS.UKB_local.local,local,SAS,UKB_local,local,bp_systolic,bp_systolic,0.097,0.04818,NA,NA,3.807209614739673,0.7821823075345486,0.0326616105511598,0.0326616105511598,row,13.998590000000023,3.906754975900451,False,False,False,UKB SAS
SAS,bp_systolic,SBP,SBP,blood_pressure,sumrhe,-1,45,Ancient_Sequence_Age_Human_Promoter_w_flanking,Ancient promoter age,0.01901,0.01557,12.10579,11.13314,-5.98659e-07,4.63069e-06,-0.349296,2.68086,False,False,SAS.UKB_local.local,local,SAS,UKB_local,local,bp_systolic,bp_systolic,0.097,0.04818,NA,NA,3.5976253247317094,1.3267804800448837,0.0161888965068202,0.0161888965068202,row,12.10579,3.7121324149581887,False,False,False,UKB SAS
SAS,alanine_aminotransferase,ALT,ALT,biochem_liver,sumrhe,-1,1,Coding_UCSC_w_flanking,Coding,0.01553,0.0232,0.71397,1.13917,-6.46947e-09,1.28313e-06,-0.00520802,0.970163,False,False,SAS.UKB_local.local,local,SAS,UKB_local,local,alanine_aminotransferase,alanine_aminotransferase,0.18108,0.0538,NA,NA,-0.4860646393451914,2.301882305600348,0.1201215717554802,0.1201215717554802,row,0.7139700000000002,0.7773418578576465,False,False,False,UKB SAS
SAS,alanine_aminotransferase,ALT,ALT,biochem_liver,sumrhe,-1,2,Conserved_LindbladToh_w_flanking,Conserved (LindbladToh),0.04944,0.07208,0.61322,0.82443,-2.38755e-08,7.62081e-07,-0.0293831,0.904951,False,False,SAS.UKB_local.local,local,SAS,UKB_local,local,alanine_aminotransferase,alanine_aminotransferase,0.18108,0.0538,NA,NA,-0.7055233440252419,1.9395992833894653,0.4452374281538626,0.4452374281538626,row,0.61322,0.6899431968730138,False,False,False,UKB SAS
SAS,alanine_aminotransferase,ALT,ALT,biochem_liver,sumrhe,-1,6,DHS_Trynka_w_flanking,DHS + flank,0.07224,0.09656,0.65431,0.73686,-2.0627e-07,9.51123e-07,-0.249167,1.08498,False,False,SAS.UKB_local.local,local,SAS,UKB_local,local,alanine_aminotransferase,alanine_aminotransferase,0.18108,0.0538,NA,NA,-0.6119537749132606,1.624710409178282,0.6097105273683104,0.6097105273683104,row,0.6543100000000001,0.7262296054623237,False,False,False,UKB SAS
SAS,alanine_aminotransferase,ALT,ALT,biochem_liver,sumrhe,-1,20,Promoter_UCSC_w_flanking,Promoter,0.02173,0.02159,1.49684,1.48452,3.19664e-07,6.22934e-07,0.214961,0.413036,False,False,SAS.UKB_local.local,local,SAS,UKB_local,local,alanine_aminotransferase,alanine_aminotransferase,0.18108,0.0538,NA,NA,0.5819200172927289,1.430820690321266,0.080170364880957,0.080170364880957,row,1.496840000000001,1.3201033748895414,False,False,False,UKB SAS
SAS,alanine_aminotransferase,ALT,ALT,biochem_liver,sumrhe,-1,29,GERP.NS,GERP.NS,0.59219,0.23778,1.2731,0.39481,4.33581e-07,3.2717e-07,1.60341,1.363,False,False,SAS.UKB_local.local,local,SAS,UKB_local,local,alanine_aminotransferase,alanine_aminotransferase,0.18108,0.0538,NA,NA,0.3483457451134808,0.4474043115963959,2.568786826948485,2.568786826948485,row,1.2731,1.1846611537248912,False,False,False,UKB SAS
SAS,alanine_aminotransferase,ALT,ALT,biochem_liver,sumrhe,-1,31,Backgrd_Selection_Stat,Background selection,0.02973,0.01198,0.97994,0.28293,-2.85475e-07,7.59711e-07,-0.127478,0.333324,False,False,SAS.UKB_local.local,local,SAS,UKB_local,local,alanine_aminotransferase,alanine_aminotransferase,0.18108,0.0538,NA,NA,-0.0292346766313628,0.4165374491486361,0.167542479338986,0.167542479338986,row,0.9799400000000004,0.9854567116109354,False,False,False,UKB SAS
SAS,alanine_aminotransferase,ALT,ALT,biochem_liver,sumrhe,-1,32,CpG_Content_50kb,CpG content (50 kb),0.00243,0.00083,1.23188,0.30285,6.07056e-05,4.60479e-05,0.909051,0.701948,False,False,SAS.UKB_local.local,local,SAS,UKB_local,local,alanine_aminotransferase,alanine_aminotransferase,0.18108,0.0538,NA,NA,0.3008617269445118,0.354677560422462,0.0108934986373604,0.0108934986373604,row,1.2318800000000112,1.1582594608324623,False,False,False,UKB SAS
SAS,alanine_aminotransferase,ALT,ALT,biochem_liver,sumrhe,-1,33,GTEx_eQTL_MaxCPP,GTEx eQTL MaxCPP,0.02336,0.01355,11.48902,6.25669,6.6407e-06,4.37e-06,1.41049,0.868656,False,False,SAS.UKB_local.local,local,SAS,UKB_local,local,alanine_aminotransferase,alanine_aminotransferase,0.18108,0.0538,NA,NA,3.5221838379159616,0.7856628011248625,0.0112284385653693,0.0112284385653693,row,11.489020000000068,3.6425883695426142,False,False,False,UKB SAS
SAS,alanine_aminotransferase,ALT,ALT,biochem_liver,sumrhe,-1,34,BLUEPRINT_H3K27acQTL_MaxCPP,BLUEPRINT H3K27ac QTL,-0.00554,0.00822,-1.32291,1.99571,-1.82654e-06,1.77694e-06,-0.517012,0.525421,False,False,SAS.UKB_local.local,local,SAS,UKB_local,local,alanine_aminotransferase,alanine_aminotransferase,0.18108,0.0538,NA,NA,NA,-2.176414812838752,0.0231264504030971,0.0231264504030971,row,-1.3229100000000011,-1.2159332587231353,True,False,False,UKB SAS
SAS,alanine_aminotransferase,ALT,ALT,biochem_liver,sumrhe,-1,35,BLUEPRINT_H3K4me1QTL_MaxCPP,BLUEPRINT H3K4me1 QTL,0.00462,0.00972,1.5732,3.30562,1.14138e-06,2.83459e-06,0.270531,0.638202,False,False,SAS.UKB_local.local,local,SAS,UKB_local,local,alanine_aminotransferase,alanine_aminotransferase,0.18108,0.0538,NA,NA,0.6537020913934612,3.0314019711819067,0.0162176361274677,0.0162176361274677,row,1.5732000000000055,1.3635635937971922,False,False,False,UKB SAS
SAS,alanine_aminotransferase,ALT,ALT,biochem_liver,sumrhe,-1,36,BLUEPRINT_DNA_methylation_MaxCPP,BLUEPRINT methylation QTL,-0.0148,0.02104,-1.79419,2.56675,-2.44304e-06,2.06304e-06,-0.971418,0.782614,False,False,SAS.UKB_local.local,local,SAS,UKB_local,local,alanine_aminotransferase,alanine_aminotransferase,0.18108,0.0538,NA,NA,NA,-2.0639048797517243,0.0455536098377615,0.0455536098377615,row,-1.794190000000001,-1.4824301248053542,True,False,False,UKB SAS
SAS,alanine_aminotransferase,ALT,ALT,biochem_liver,sumrhe,-1,38,non_synonymous,Nonsynonymous,0.01369,0.01795,2.31477,3.18127,-1.61461e-07,1.98732e-06,-0.0710635,0.853858,False,False,SAS.UKB_local.local,local,SAS,UKB_local,local,alanine_aminotransferase,alanine_aminotransferase,0.18108,0.0538,NA,NA,1.2108688516522557,1.982746645553913,0.0326606720720427,0.0326606720720427,row,2.314770000000002,1.728908770376768,False,False,False,UKB SAS
SAS,alanine_aminotransferase,ALT,ALT,biochem_liver,sumrhe,-1,45,Ancient_Sequence_Age_Human_Promoter_w_flanking,Ancient promoter age,0.00184,0.01633,0.62895,5.63848,-1.60898e-06,4.13413e-06,-0.502877,1.28084,False,False,SAS.UKB_local.local,local,SAS,UKB_local,local,alanine_aminotransferase,alanine_aminotransferase,0.18108,0.0538,NA,NA,-0.6689827639819034,12.93363086755959,0.0161559022085346,0.0161559022085346,row,0.6289500000000025,0.7039423215680936,False,False,False,UKB SAS
SAS,heel_bone_mineral_density,BMD,BMD,biochem_mineral,sumrhe,-1,1,Coding_UCSC_w_flanking,Coding,-0.04274,0.11794,-1.78356,7.77698,-8.52715e-06,5.46188e-06,-6.23039,15.2728,False,False,SAS.UKB_local.local,local,SAS,UKB_local,local,heel_bone_mineral_density,heel_bone_mineral_density,0.19951,0.23786,NA,NA,NA,-6.290682948200594,0.1201108181864739,0.1201108181864739,row,-1.7835600000000005,-1.4769311810192747,True,False,False,UKB SAS
SAS,heel_bone_mineral_density,BMD,BMD,biochem_mineral,sumrhe,-1,2,Conserved_LindbladToh_w_flanking,Conserved (LindbladToh),0.1804,0.12868,2.03072,3.31187,4.37158e-06,2.79815e-06,4.88304,10.8628,False,False,SAS.UKB_local.local,local,SAS,UKB_local,local,heel_bone_mineral_density,heel_bone_mineral_density,0.19951,0.23786,NA,NA,1.021991331480826,2.35286914250558,0.4452683420424793,0.4452683420424793,row,2.0307200000000005,1.5996605715973298,False,False,False,UKB SAS
SAS,heel_bone_mineral_density,BMD,BMD,biochem_mineral,sumrhe,-1,6,DHS_Trynka_w_flanking,DHS + flank,0.21041,0.17392,1.72983,3.68699,3.84793e-06,3.70604e-06,4.21879,15.0295,False,False,SAS.UKB_local.local,local,SAS,UKB_local,local,heel_bone_mineral_density,heel_bone_mineral_density,0.19951,0.23786,NA,NA,0.7906302631752965,3.074985512337744,0.6096748541415644,0.6096748541415644,row,1.72983,1.4488111101951235,False,False,False,UKB SAS
SAS,heel_bone_mineral_density,BMD,BMD,biochem_mineral,sumrhe,-1,20,Promoter_UCSC_w_flanking,Promoter,-0.06758,0.09505,-4.22494,13.10798,-3.82375e-06,3.21536e-06,-2.3338,6.35773,False,False,SAS.UKB_local.local,local,SAS,UKB_local,local,heel_bone_mineral_density,heel_bone_mineral_density,0.19951,0.23786,NA,NA,NA,-4.475996757840754,0.080173893173904,0.080173893173904,row,-4.224940000000002,-2.385414470265394,True,False,False,UKB SAS
SAS,heel_bone_mineral_density,BMD,BMD,biochem_mineral,sumrhe,-1,29,GERP.NS,GERP.NS,-0.14534,0.74302,-0.28359,2.97161,-1.43405e-06,9.81532e-07,-4.81332,12.2089,False,False,SAS.UKB_local.local,local,SAS,UKB_local,local,heel_bone_mineral_density,heel_bone_mineral_density,0.19951,0.23786,NA,NA,NA,-15.117341974174169,2.5687957534819224,2.5687957534819224,row,-0.28359,-0.36018445524450643,True,False,False,UKB SAS
SAS,heel_bone_mineral_density,BMD,BMD,biochem_mineral,sumrhe,-1,31,Backgrd_Selection_Stat,Background selection,0.02874,0.03264,0.85975,1.08021,-9.4246e-07,2.33875e-06,-0.381977,0.929743,False,False,SAS.UKB_local.local,local,SAS,UKB_local,local,heel_bone_mineral_density,heel_bone_mineral_density,0.19951,0.23786,NA,NA,-0.2180108841352961,1.8126357779804207,0.1675521136117597,0.1675521136117597,row,0.8597499999999999,0.8951086976767355,False,False,False,UKB SAS
SAS,heel_bone_mineral_density,BMD,BMD,biochem_mineral,sumrhe,-1,32,CpG_Content_50kb,CpG content (50 kb),0.00276,0.00304,1.26811,1.47173,-8.867e-05,0.000163024,-1.20515,2.85281,False,False,SAS.UKB_local.local,local,SAS,UKB_local,local,heel_bone_mineral_density,heel_bone_mineral_density,0.19951,0.23786,NA,NA,0.3426798949815589,1.6743481027099494,0.0109090639123916,0.0109090639123916,row,1.2681100000000043,1.1814906105650491,False,False,False,UKB SAS
SAS,heel_bone_mineral_density,BMD,BMD,biochem_mineral,sumrhe,-1,33,GTEx_eQTL_MaxCPP,GTEx eQTL MaxCPP,0.05915,0.03716,26.40357,56.84226,1.77953e-05,1.24027e-05,3.43058,7.61078,False,False,SAS.UKB_local.local,local,SAS,UKB_local,local,heel_bone_mineral_density,heel_bone_mineral_density,0.19951,0.23786,NA,NA,4.722661102997177,3.105869646222882,0.0112286470011211,0.0112286470011211,row,26.403570000000222,4.776291947408791,False,False,False,UKB SAS
SAS,heel_bone_mineral_density,BMD,BMD,biochem_mineral,sumrhe,-1,34,BLUEPRINT_H3K27acQTL_MaxCPP,BLUEPRINT H3K27ac QTL,0.01787,0.0405,3.87442,14.50764,1.37896e-07,8.13904e-06,0.0354265,2.56773,False,False,SAS.UKB_local.local,local,SAS,UKB_local,local,heel_bone_mineral_density,heel_bone_mineral_density,0.19951,0.23786,NA,NA,1.95398035535404,5.402124778160953,0.0231181557860517,0.0231181557860517,row,3.8744200000000015,2.285230564933153,False,False,False,UKB SAS
SAS,heel_bone_mineral_density,BMD,BMD,biochem_mineral,sumrhe,-1,35,BLUEPRINT_H3K4me1QTL_MaxCPP,BLUEPRINT H3K4me1 QTL,0.03314,0.03087,10.24749,32.43434,6.68635e-06,8.14889e-06,1.4384,5.23475,False,False,SAS.UKB_local.local,local,SAS,UKB_local,local,heel_bone_mineral_density,heel_bone_mineral_density,0.19951,0.23786,NA,NA,3.357198677008632,4.5662753974394255,0.0162095266311106,0.0162095266311106,row,10.247490000000013,3.491531179123121,False,False,False,UKB SAS
SAS,heel_bone_mineral_density,BMD,BMD,biochem_mineral,sumrhe,-1,36,BLUEPRINT_DNA_methylation_MaxCPP,BLUEPRINT methylation QTL,0.04459,0.07951,4.90469,16.58984,2.16536e-06,7.4287e-06,0.781467,4.80094,False,False,SAS.UKB_local.local,local,SAS,UKB_local,local,heel_bone_mineral_density,heel_bone_mineral_density,0.19951,0.23786,NA,NA,2.2941619540599896,4.879835401858498,0.0455681335709612,0.0455681335709612,row,4.904690000000011,2.5618613191986346,False,False,False,UKB SAS
SAS,heel_bone_mineral_density,BMD,BMD,biochem_mineral,sumrhe,-1,38,non_synonymous,Nonsynonymous,0.02642,0.04842,4.05524,12.3776,5.42416e-06,6.26386e-06,2.16679,5.91113,False,False,SAS.UKB_local.local,local,SAS,UKB_local,local,heel_bone_mineral_density,heel_bone_mineral_density,0.19951,0.23786,NA,NA,2.019787299538406,4.403463700818504,0.0326551424521607,0.0326551424521607,row,4.055240000000006,2.3377795864093134,False,False,False,UKB SAS
SAS,heel_bone_mineral_density,BMD,BMD,biochem_mineral,sumrhe,-1,45,Ancient_Sequence_Age_Human_Promoter_w_flanking,Ancient promoter age,-0.01786,0.0497,-5.52974,15.51164,5.99512e-07,1.11716e-05,0.170065,3.29433,False,False,SAS.UKB_local.local,local,SAS,UKB_local,local,heel_bone_mineral_density,heel_bone_mineral_density,0.19951,0.23786,NA,NA,NA,-4.046947253226169,0.0161887036894559,0.0161887036894559,row,-5.52974000000003,-2.70702554794654,True,False,False,UKB SAS
SAS,creatinine,CRT,CRT,biochem_kidney,sumrhe,-1,1,Coding_UCSC_w_flanking,Coding,0.07892,0.03176,1.70297,0.64569,-3.60225e-07,1.22937e-06,-0.136101,0.450702,False,False,SAS.UKB_local.local,local,SAS,UKB_local,local,creatinine,creatinine,0.38583,0.0668,NA,NA,0.7680530203174254,0.5470053852690269,0.1201113605021398,0.1201113605021398,row,1.702970000000001,1.434545499630133,False,False,False,UKB SAS
SAS,creatinine,CRT,CRT,biochem_kidney,sumrhe,-1,2,Conserved_LindbladToh_w_flanking,Conserved (LindbladToh),0.22446,0.05305,1.30657,0.297,2.54292e-08,8.53066e-07,0.0146879,0.473299,False,False,SAS.UKB_local.local,local,SAS,UKB_local,local,creatinine,creatinine,0.38583,0.0668,NA,NA,0.3857844196809422,0.327942955328855,0.4452565156797001,0.4452565156797001,row,1.3065700000000002,1.205749076110675,False,False,False,UKB SAS
SAS,creatinine,CRT,CRT,biochem_kidney,sumrhe,-1,6,DHS_Trynka_w_flanking,DHS + flank,0.25167,0.06854,1.06987,0.2121,-4.63904e-07,9.52134e-07,-0.263005,0.523657,False,False,SAS.UKB_local.local,local,SAS,UKB_local,local,creatinine,creatinine,0.38583,0.0668,NA,NA,0.0974355052717641,0.2860119623622955,0.6096835065473681,0.6096835065473681,row,1.06987,1.0495401608430428,False,False,False,UKB SAS
SAS,creatinine,CRT,CRT,biochem_kidney,sumrhe,-1,20,Promoter_UCSC_w_flanking,Promoter,0.05819,0.02422,1.88106,0.88824,-7.67601e-07,9.60119e-07,-0.242262,0.271347,False,False,SAS.UKB_local.local,local,SAS,UKB_local,local,creatinine,creatinine,0.38583,0.0668,NA,NA,0.9115458671077392,0.6812432581200031,0.0801769840662544,0.0801769840662544,row,1.881060000000002,1.5265997058990666,False,False,False,UKB SAS
SAS,creatinine,CRT,CRT,biochem_kidney,sumrhe,-1,29,GERP.NS,GERP.NS,1.27429,0.27314,1.28574,0.13383,1.30522e-07,2.87993e-07,0.226538,0.460405,False,False,SAS.UKB_local.local,local,SAS,UKB_local,local,creatinine,creatinine,0.38583,0.0668,NA,NA,0.362598932996991,0.1501671234636629,2.5687339567996093,2.5687339567996093,row,1.28574,1.192661308170311,False,False,False,UKB SAS
SAS,creatinine,CRT,CRT,biochem_kidney,sumrhe,-1,31,Backgrd_Selection_Stat,Background selection,0.09297,0.01917,1.43798,0.23606,1.28311e-06,1.08071e-06,0.268914,0.218449,False,False,SAS.UKB_local.local,local,SAS,UKB_local,local,creatinine,creatinine,0.38583,0.0668,NA,NA,0.5240436103380782,0.2368340250575451,0.1675691212811217,0.1675691212811217,row,1.4379799999999998,1.2856862908395157,False,False,False,UKB SAS
SAS,creatinine,CRT,CRT,biochem_kidney,sumrhe,-1,32,CpG_Content_50kb,CpG content (50 kb),0.0043,0.0007,1.02248,0.07918,-5.8521e-05,3.96704e-05,-0.411295,0.25612,False,False,SAS.UKB_local.local,local,SAS,UKB_local,local,creatinine,creatinine,0.38583,0.0668,NA,NA,0.0320726239171355,0.11172110294342,0.0108997777039513,0.0108997777039513,row,1.0224800000000003,1.0161254361318992,False,False,False,UKB SAS
SAS,creatinine,CRT,CRT,biochem_kidney,sumrhe,-1,33,GTEx_eQTL_MaxCPP,GTEx eQTL MaxCPP,-0.00819,0.00923,-1.89023,1.96964,-5.07745e-06,3.02135e-06,-0.506156,0.274057,False,False,SAS.UKB_local.local,local,SAS,UKB_local,local,creatinine,creatinine,0.38583,0.0668,NA,NA,NA,-1.5033037568637349,0.0112298319483661,0.0112298319483661,row,-1.8902300000000134,-1.5311843047177256,True,False,False,UKB SAS
SAS,creatinine,CRT,CRT,biochem_kidney,sumrhe,-1,34,BLUEPRINT_H3K27acQTL_MaxCPP,BLUEPRINT H3K27ac QTL,0.01213,0.01709,1.36006,1.8799,3.73728e-07,3.08907e-06,0.0496489,0.381628,False,False,SAS.UKB_local.local,local,SAS,UKB_local,local,creatinine,creatinine,0.38583,0.0668,NA,NA,0.4436702983822767,1.994119676607769,0.0231156835236593,0.0231156835236593,row,1.3600600000000054,1.2388235378083534,False,False,False,UKB SAS
SAS,creatinine,CRT,CRT,biochem_kidney,sumrhe,-1,35,BLUEPRINT_H3K4me1QTL_MaxCPP,BLUEPRINT H3K4me1 QTL,-0.00012,0.01387,-0.01988,2.21537,-2.49599e-06,3.3887e-06,-0.277658,0.358812,False,False,SAS.UKB_local.local,local,SAS,UKB_local,local,creatinine,creatinine,0.38583,0.0668,NA,NA,NA,-160.76978434276575,0.0156447588415181,0.0156447588415181,row,-0.01988000000000003,-0.028399413383599328,True,False,False,UKB SAS
SAS,creatinine,CRT,CRT,biochem_kidney,sumrhe,-1,36,BLUEPRINT_DNA_methylation_MaxCPP,BLUEPRINT methylation QTL,0.03023,0.01891,1.7194,1.11032,9.89201e-07,1.95263e-06,0.184605,0.349469,False,False,SAS.UKB_local.local,local,SAS,UKB_local,local,creatinine,creatinine,0.38583,0.0668,NA,NA,0.781905211416113,0.9316349644060916,0.04556855234582,0.04556855234582,row,1.719400000000003,1.443288374817145,False,False,False,UKB SAS
SAS,creatinine,CRT,CRT,biochem_kidney,sumrhe,-1,38,non_synonymous,Nonsynonymous,0.00773,0.0152,0.61342,1.23402,-1.66094e-06,1.73629e-06,-0.343096,0.337396,False,False,SAS.UKB_local.local,local,SAS,UKB_local,local,creatinine,creatinine,0.38583,0.0668,NA,NA,-0.7050528897587339,2.902276636493428,0.0326607060768221,0.0326607060768221,row,0.613420000000001,0.6901220448439982,False,False,False,UKB SAS
SAS,creatinine,CRT,CRT,biochem_kidney,sumrhe,-1,45,Ancient_Sequence_Age_Human_Promoter_w_flanking,Ancient promoter age,0.03622,0.01753,5.79799,2.94304,2.84144e-06,4.90789e-06,0.416804,0.655544,False,False,SAS.UKB_local.local,local,SAS,UKB_local,local,creatinine,creatinine,0.38583,0.0668,NA,NA,2.5355528451339,0.7323070948963096,0.016191049146582,0.016191049146582,row,5.79799000000002,2.7651082396434874,False,False,False,UKB SAS
SAS,diastolic_blood_pressure,DBP,DBP,blood_pressure,sumrhe,-1,1,Coding_UCSC_w_flanking,Coding,0.02439,0.02455,2.82568,3.57949,-2.96146e-07,1.36872e-06,-0.600643,2.97325,False,False,SAS.UKB_local.local,local,SAS,UKB_local,local,diastolic_blood_pressure,diastolic_blood_pressure,0.07187,0.0609,NA,NA,1.4985980939262555,1.8275645055036789,0.1200994940253126,0.1200994940253126,row,2.82568,1.9357162041282276,False,False,False,UKB SAS
SAS,diastolic_blood_pressure,DBP,DBP,blood_pressure,sumrhe,-1,2,Conserved_LindbladToh_w_flanking,Conserved (LindbladToh),0.09477,0.08033,2.96133,2.37461,-3.03371e-07,8.86361e-07,-0.940645,3.2323,False,False,SAS.UKB_local.local,local,SAS,UKB_local,local,diastolic_blood_pressure,diastolic_blood_pressure,0.07187,0.0609,NA,NA,1.5662452682377437,1.1568579223002309,0.4452833224521773,0.4452833224521773,row,2.96133,1.9859848904706432,False,False,False,UKB SAS
SAS,diastolic_blood_pressure,DBP,DBP,blood_pressure,sumrhe,-1,6,DHS_Trynka_w_flanking,DHS + flank,0.06642,0.06754,1.51581,1.22152,3.32056e-07,8.52946e-07,1.01058,2.67709,False,False,SAS.UKB_local.local,local,SAS,UKB_local,local,diastolic_blood_pressure,diastolic_blood_pressure,0.07187,0.0609,NA,NA,0.6000889294744328,1.162600092588574,0.6096863312804923,0.6096863312804923,row,1.51581,1.3310229705445837,False,False,False,UKB SAS
SAS,diastolic_blood_pressure,DBP,DBP,blood_pressure,sumrhe,-1,20,Promoter_UCSC_w_flanking,Promoter,0.00383,0.02058,0.66439,4.25548,-6.75219e-07,1.35114e-06,-1.14398,2.40855,False,False,SAS.UKB_local.local,local,SAS,UKB_local,local,diastolic_blood_pressure,diastolic_blood_pressure,0.07187,0.0609,NA,NA,-0.5898977360045645,9.24059647586834,0.0802099123983567,0.0802099123983567,row,0.6643900000000003,0.7349935255106013,False,False,False,UKB SAS
SAS,diastolic_blood_pressure,DBP,DBP,blood_pressure,sumrhe,-1,29,GERP.NS,GERP.NS,0.39826,0.23766,2.15713,1.60583,1.69946e-07,2.31456e-07,1.5834,3.15851,False,False,SAS.UKB_local.local,local,SAS,UKB_local,local,diastolic_blood_pressure,diastolic_blood_pressure,0.07187,0.0609,NA,NA,1.109113123509872,1.0739839404721665,2.568873542133868,2.568873542133868,row,2.15713,1.6586136672058287,False,False,False,UKB SAS
SAS,diastolic_blood_pressure,DBP,DBP,blood_pressure,sumrhe,-1,31,Backgrd_Selection_Stat,Background selection,0.00727,0.01627,0.60324,1.21988,-1.11542e-06,1.16925e-06,-1.25491,2.09055,False,False,SAS.UKB_local.local,local,SAS,UKB_local,local,diastolic_blood_pressure,diastolic_blood_pressure,0.07187,0.0609,NA,NA,-0.7291960000202886,2.9174372164969644,0.1676859342002977,0.1676859342002977,row,0.6032400000000002,0.6809904085819741,False,False,False,UKB SAS
SAS,diastolic_blood_pressure,DBP,DBP,blood_pressure,sumrhe,-1,32,CpG_Content_50kb,CpG content (50 kb),0.00115,0.00086,1.46606,0.49573,6.70147e-05,3.24613e-05,2.52834,2.5934,False,False,SAS.UKB_local.local,local,SAS,UKB_local,local,diastolic_blood_pressure,diastolic_blood_pressure,0.07187,0.0609,NA,NA,0.551944148445201,0.4878294289591735,0.0109143644331833,0.0109143644331833,row,1.4660600000000046,1.3022079013828505,False,False,False,UKB SAS
SAS,diastolic_blood_pressure,DBP,DBP,blood_pressure,sumrhe,-1,33,GTEx_eQTL_MaxCPP,GTEx eQTL MaxCPP,-0.00458,0.01031,-5.67209,13.89461,-1.5152e-06,3.6373e-06,-0.810836,1.9116,False,False,SAS.UKB_local.local,local,SAS,UKB_local,local,diastolic_blood_pressure,diastolic_blood_pressure,0.07187,0.0609,NA,NA,NA,-3.5340914798753547,0.0112350425073405,0.0112350425073405,row,-5.672090000000024,-2.738138749465728,True,False,False,UKB SAS
SAS,diastolic_blood_pressure,DBP,DBP,blood_pressure,sumrhe,-1,34,BLUEPRINT_H3K27acQTL_MaxCPP,BLUEPRINT H3K27ac QTL,-0.01035,0.00816,-6.22762,9.2878,-1.38012e-06,1.4672e-06,-0.984223,1.46193,False,False,SAS.UKB_local.local,local,SAS,UKB_local,local,diastolic_blood_pressure,diastolic_blood_pressure,0.07187,0.0609,NA,NA,NA,-2.151618595991489,0.0231244067698759,0.0231244067698759,row,-6.227620000000012,-2.8535206569320355,True,False,False,UKB SAS
SAS,diastolic_blood_pressure,DBP,DBP,blood_pressure,sumrhe,-1,35,BLUEPRINT_H3K4me1QTL_MaxCPP,BLUEPRINT H3K4me1 QTL,-0.00771,0.00749,-6.61548,9.44591,-1.16238e-06,2.15322e-06,-0.694131,1.34533,False,False,SAS.UKB_local.local,local,SAS,UKB_local,local,diastolic_blood_pressure,diastolic_blood_pressure,0.07187,0.0609,NA,NA,NA,-2.059951434164032,0.0162160611122946,0.0162160611122946,row,-6.615480000000015,-2.928934971945059,True,False,False,UKB SAS
SAS,diastolic_blood_pressure,DBP,DBP,blood_pressure,sumrhe,-1,36,BLUEPRINT_DNA_methylation_MaxCPP,BLUEPRINT methylation QTL,-0.04321,0.01715,-13.19316,15.57403,-4.48964e-06,1.62823e-06,-4.49772,4.84977,False,False,SAS.UKB_local.local,local,SAS,UKB_local,local,diastolic_blood_pressure,diastolic_blood_pressure,0.07187,0.0609,NA,NA,NA,-1.7030473251030036,0.0455709195525586,0.0455709195525586,row,-13.193160000000022,-3.827123925215172,True,False,False,UKB SAS
SAS,diastolic_blood_pressure,DBP,DBP,blood_pressure,sumrhe,-1,38,non_synonymous,Nonsynonymous,0.0153,0.01374,6.51967,8.80448,7.25215e-07,1.17533e-06,0.804176,1.38056,False,False,SAS.UKB_local.local,local,SAS,UKB_local,local,diastolic_blood_pressure,diastolic_blood_pressure,0.07187,0.0609,NA,NA,2.704798942767369,1.948285669919806,0.0326526303578535,0.0326526303578535,row,6.519670000000013,2.9106693507579804,False,False,False,UKB SAS
SAS,diastolic_blood_pressure,DBP,DBP,blood_pressure,sumrhe,-1,45,Ancient_Sequence_Age_Human_Promoter_w_flanking,Ancient promoter age,0.01788,0.01338,15.36272,16.6435,1.38116e-06,3.44917e-06,1.08758,2.68406,False,False,SAS.UKB_local.local,local,SAS,UKB_local,local,diastolic_blood_pressure,diastolic_blood_pressure,0.07187,0.0609,NA,NA,3.941361765575544,1.5629715905149255,0.0161939112345775,0.0161939112345775,row,15.362720000000074,4.032340684507864,False,False,False,UKB SAS
SAS,educational_qualification,EA,EA,behavior_cognitive,sumrhe,-1,1,Coding_UCSC_w_flanking,Coding,0.06424,0.02621,0.81796,0.29166,2.11466e-08,1.09257e-06,0.00471433,0.228847,False,False,SAS.UKB_local.local,local,SAS,UKB_local,local,educational_qualification,educational_qualification,0.65389,0.06594,NA,NA,-0.2898978008800328,0.5144217756683396,0.1201071246962287,0.1201071246962287,row,0.8179600000000002,0.862320456717667,False,False,False,UKB SAS
SAS,educational_qualification,EA,EA,behavior_cognitive,sumrhe,-1,2,Conserved_LindbladToh_w_flanking,Conserved (LindbladToh),0.41522,0.06893,1.42614,0.15718,2.22475e-06,8.44213e-07,0.758229,0.258213,False,False,SAS.UKB_local.local,local,SAS,UKB_local,local,educational_qualification,educational_qualification,0.65389,0.06594,NA,NA,0.5121156138937497,0.1590045903816787,0.4452576679734236,0.4452576679734236,row,1.42614,1.2786628033347955,False,False,False,UKB SAS
SAS,educational_qualification,EA,EA,behavior_cognitive,sumrhe,-1,6,DHS_Trynka_w_flanking,DHS + flank,0.41258,0.0655,1.03492,0.13749,-1.71765e-07,1.01709e-06,-0.0574596,0.317545,False,False,SAS.UKB_local.local,local,SAS,UKB_local,local,educational_qualification,educational_qualification,0.65389,0.06594,NA,NA,0.0495192507545451,0.1916632601281486,0.6096726261802853,0.6096726261802853,row,1.03492,1.0249720780925338,False,False,False,UKB SAS
SAS,educational_qualification,EA,EA,behavior_cognitive,sumrhe,-1,20,Promoter_UCSC_w_flanking,Promoter,0.0352,0.02991,0.67133,0.56297,-1.38909e-06,1.25467e-06,-0.258684,0.22303,False,False,SAS.UKB_local.local,local,SAS,UKB_local,local,educational_qualification,educational_qualification,0.65389,0.06594,NA,NA,-0.5749059807261238,1.2098282918523822,0.0801866209289531,0.0801866209289531,row,0.6713300000000004,0.7409966181142792,False,False,False,UKB SAS
SAS,educational_qualification,EA,EA,behavior_cognitive,sumrhe,-1,29,GERP.NS,GERP.NS,2.03353,0.25801,1.21067,0.09407,4.77766e-07,2.79599e-07,0.489287,0.276336,False,False,SAS.UKB_local.local,local,SAS,UKB_local,local,educational_qualification,educational_qualification,0.65389,0.06594,NA,NA,0.2758056740801793,0.1120985260198277,2.568739755593656,2.568739755593656,row,1.21067,1.1444836814652712,False,False,False,UKB SAS
SAS,educational_qualification,EA,EA,behavior_cognitive,sumrhe,-1,31,Backgrd_Selection_Stat,Background selection,0.08982,0.01394,0.81976,0.10019,-1.52973e-06,1.13965e-06,-0.189172,0.128178,False,False,SAS.UKB_local.local,local,SAS,UKB_local,local,educational_qualification,educational_qualification,0.65389,0.06594,NA,NA,-0.2867264991687961,0.1763243097329282,0.167564352169731,0.167564352169731,row,0.8197600000000003,0.8637481923793121,False,False,False,UKB SAS
SAS,educational_qualification,EA,EA,behavior_cognitive,sumrhe,-1,32,CpG_Content_50kb,CpG content (50 kb),0.00727,0.00095,1.02032,0.05812,4.67381e-05,4.35873e-05,0.193822,0.173585,False,False,SAS.UKB_local.local,local,SAS,UKB_local,local,educational_qualification,educational_qualification,0.65389,0.06594,NA,NA,0.0290216914228429,0.0821795473738303,0.0108966578761404,0.0108966578761404,row,1.0203200000000006,1.0145838206254003,False,False,False,UKB SAS
SAS,educational_qualification,EA,EA,behavior_cognitive,sumrhe,-1,33,GTEx_eQTL_MaxCPP,GTEx eQTL MaxCPP,-0.00331,0.01163,-0.45091,1.59161,-2.98634e-06,3.80723e-06,-0.175659,0.214022,False,False,SAS.UKB_local.local,local,SAS,UKB_local,local,educational_qualification,educational_qualification,0.65389,0.06594,NA,NA,NA,-5.09238618356054,0.0112262169579455,0.0112262169579455,row,-0.4509100000000032,-0.5369580317543051,True,False,False,UKB SAS
SAS,educational_qualification,EA,EA,behavior_cognitive,sumrhe,-1,34,BLUEPRINT_H3K27acQTL_MaxCPP,BLUEPRINT H3K27ac QTL,0.02345,0.01383,1.55128,0.96556,1.45973e-06,2.91009e-06,0.114424,0.223832,False,False,SAS.UKB_local.local,local,SAS,UKB_local,local,educational_qualification,educational_qualification,0.65389,0.06594,NA,NA,0.633459110715163,0.8979736886189131,0.0231178774938366,0.0231178774938366,row,1.5512800000000033,1.3512212417251244,False,False,False,UKB SAS
SAS,educational_qualification,EA,EA,behavior_cognitive,sumrhe,-1,35,BLUEPRINT_H3K4me1QTL_MaxCPP,BLUEPRINT H3K4me1 QTL,0.00609,0.01316,0.57447,1.23058,-1.88641e-06,3.77331e-06,-0.123822,0.234217,False,False,SAS.UKB_local.local,local,SAS,UKB_local,local,educational_qualification,educational_qualification,0.65389,0.06594,NA,NA,-0.7996965405387141,3.090416668263165,0.016212322828292,0.016212322828292,row,0.5744700000000005,0.6548662685793496,False,False,False,UKB SAS
SAS,educational_qualification,EA,EA,behavior_cognitive,sumrhe,-1,36,BLUEPRINT_DNA_methylation_MaxCPP,BLUEPRINT methylation QTL,0.06181,0.01477,2.07431,0.51823,3.1863e-06,1.60697e-06,0.350861,0.16282,False,False,SAS.UKB_local.local,local,SAS,UKB_local,local,educational_qualification,educational_qualification,0.65389,0.06594,NA,NA,1.0526315171221838,0.3604320718889112,0.0455701425214774,0.0455701425214774,row,2.0743100000000014,1.6202626474337865,False,False,False,UKB SAS
SAS,educational_qualification,EA,EA,behavior_cognitive,sumrhe,-1,38,non_synonymous,Nonsynonymous,0.00789,0.02216,0.36939,1.05578,-2.1053e-06,2.63053e-06,-0.256606,0.296626,False,False,SAS.UKB_local.local,local,SAS,UKB_local,local,educational_qualification,educational_qualification,0.65389,0.06594,NA,NA,-1.4367832841860904,4.123469964724952,0.0326653392756214,0.0326653392756214,row,0.3693900000000001,0.453533382269512,False,False,False,UKB SAS
SAS,educational_qualification,EA,EA,behavior_cognitive,sumrhe,-1,45,Ancient_Sequence_Age_Human_Promoter_w_flanking,Ancient promoter age,0.02738,0.01468,2.58619,1.36804,-1.18467e-06,4.26807e-06,-0.102538,0.345489,False,False,SAS.UKB_local.local,local,SAS,UKB_local,local,educational_qualification,educational_qualification,0.65389,0.06594,NA,NA,1.370828269729918,0.763155268459679,0.0161908004431168,0.0161908004431168,row,2.5861900000000086,1.8424519256843372,False,False,False,UKB SAS
SAS,fluid_intelligence_score,FI,FI,behavior_cognitive,sumrhe,-1,1,Coding_UCSC_w_flanking,Coding,0.08153,0.06642,1.34837,1.06863,-3.90022e-06,3.17267e-06,-1.12946,0.909867,False,False,SAS.UKB_local.local,local,SAS,UKB_local,local,fluid_intelligence_score,fluid_intelligence_score,0.50338,0.11271,NA,NA,0.431216434145898,1.1433858670432988,0.1201191926674996,0.1201191926674996,row,1.348370000000001,1.231659731749253,False,False,False,UKB SAS
SAS,fluid_intelligence_score,FI,FI,behavior_cognitive,sumrhe,-1,2,Conserved_LindbladToh_w_flanking,Conserved (LindbladToh),0.26055,0.11574,1.16247,0.39012,-1.63073e-06,1.8279e-06,-0.721948,0.85998,False,False,SAS.UKB_local.local,local,SAS,UKB_local,local,fluid_intelligence_score,fluid_intelligence_score,0.50338,0.11271,NA,NA,0.2171934849004978,0.48416233481432,0.4452596773458585,0.4452596773458585,row,1.16247,1.1126801183440704,False,False,False,UKB SAS
SAS,fluid_intelligence_score,FI,FI,behavior_cognitive,sumrhe,-1,6,DHS_Trynka_w_flanking,DHS + flank,0.42483,0.11914,1.38425,0.26201,1.69696e-06,1.29593e-06,0.737403,0.62872,False,False,SAS.UKB_local.local,local,SAS,UKB_local,local,fluid_intelligence_score,fluid_intelligence_score,0.50338,0.11271,NA,NA,0.4691045218683088,0.2730724418734458,0.6096838469292714,0.6096838469292714,row,1.38425,1.253535517197045,False,False,False,UKB SAS
SAS,fluid_intelligence_score,FI,FI,behavior_cognitive,sumrhe,-1,20,Promoter_UCSC_w_flanking,Promoter,0.04371,0.05432,1.08311,1.32973,-1.77393e-06,1.67018e-06,-0.429124,0.414784,False,False,SAS.UKB_local.local,local,SAS,UKB_local,local,fluid_intelligence_score,fluid_intelligence_score,0.50338,0.11271,NA,NA,0.1151797696273728,1.7711911779240164,0.0801700740092009,0.0801700740092009,row,1.0831100000000011,1.0587390238549834,False,False,False,UKB SAS
SAS,fluid_intelligence_score,FI,FI,behavior_cognitive,sumrhe,-1,29,GERP.NS,GERP.NS,1.58825,0.45224,1.22829,0.21302,4.3732e-08,4.58444e-07,0.0581772,0.578474,False,False,SAS.UKB_local.local,local,SAS,UKB_local,local,fluid_intelligence_score,fluid_intelligence_score,0.50338,0.11271,NA,NA,0.2966512220826058,0.2502038587061418,2.5687509006377063,2.5687509006377063,row,1.2282899999999999,1.1559370039237336,False,False,False,UKB SAS
SAS,fluid_intelligence_score,FI,FI,behavior_cognitive,sumrhe,-1,31,Backgrd_Selection_Stat,Background selection,0.08907,0.03835,1.05591,0.31742,-5.42096e-07,1.80391e-06,-0.0870812,0.305625,False,False,SAS.UKB_local.local,local,SAS,UKB_local,local,fluid_intelligence_score,fluid_intelligence_score,0.50338,0.11271,NA,NA,0.078486872492713,0.4336925115577793,0.1675747549599059,0.1675747549599059,row,1.0559100000000006,1.0397771101564766,False,False,False,UKB SAS
SAS,fluid_intelligence_score,FI,FI,behavior_cognitive,sumrhe,-1,32,CpG_Content_50kb,CpG content (50 kb),0.00499,0.00212,0.9096,0.22513,-6.76408e-05,8.8579e-05,-0.364374,0.459182,False,False,SAS.UKB_local.local,local,SAS,UKB_local,local,fluid_intelligence_score,fluid_intelligence_score,0.50338,0.11271,NA,NA,-0.1366958406572015,0.3570733669253874,0.0108981840366859,0.0108981840366859,row,0.9096000000000056,0.9332704715323313,False,False,False,UKB SAS
SAS,fluid_intelligence_score,FI,FI,behavior_cognitive,sumrhe,-1,33,GTEx_eQTL_MaxCPP,GTEx eQTL MaxCPP,0.03119,0.0216,5.51856,4.57546,7.63064e-06,7.14142e-06,0.583037,0.607292,False,False,SAS.UKB_local.local,local,SAS,UKB_local,local,fluid_intelligence_score,fluid_intelligence_score,0.50338,0.11271,NA,NA,2.464291862677035,1.1961441846760417,0.0112277736720292,0.0112277736720292,row,5.518560000000006,2.7045532972312425,False,False,False,UKB SAS
SAS,fluid_intelligence_score,FI,FI,behavior_cognitive,sumrhe,-1,34,BLUEPRINT_H3K27acQTL_MaxCPP,BLUEPRINT H3K27ac QTL,0.01628,0.02232,1.39864,1.874,-1.0942e-07,3.72149e-06,-0.0111417,0.367882,False,False,SAS.UKB_local.local,local,SAS,UKB_local,local,fluid_intelligence_score,fluid_intelligence_score,0.50338,0.11271,NA,NA,0.4840246708299803,1.9330281606602968,0.0231234430039866,0.0231234430039866,row,1.398640000000002,1.2622166469237113,False,False,False,UKB SAS
SAS,fluid_intelligence_score,FI,FI,behavior_cognitive,sumrhe,-1,35,BLUEPRINT_H3K4me1QTL_MaxCPP,BLUEPRINT H3K4me1 QTL,0.02387,0.02404,2.92584,2.96606,3.37799e-06,6.49904e-06,0.288021,0.540002,False,False,SAS.UKB_local.local,local,SAS,UKB_local,local,fluid_intelligence_score,fluid_intelligence_score,0.50338,0.11271,NA,NA,1.548850877638414,1.4625270189002542,0.0162071215633149,0.0162071215633149,row,2.9258400000000138,1.9730013760872496,False,False,False,UKB SAS
SAS,fluid_intelligence_score,FI,FI,behavior_cognitive,sumrhe,-1,36,BLUEPRINT_DNA_methylation_MaxCPP,BLUEPRINT methylation QTL,0.06028,0.03317,2.6278,1.50463,3.39478e-06,3.63292e-06,0.485586,0.492431,False,False,SAS.UKB_local.local,local,SAS,UKB_local,local,fluid_intelligence_score,fluid_intelligence_score,0.50338,0.11271,NA,NA,1.393855477339029,0.8260606740896418,0.0455706243663298,0.0455706243663298,row,2.6278000000000006,1.8590949225253153,False,False,False,UKB SAS
SAS,fluid_intelligence_score,FI,FI,behavior_cognitive,sumrhe,-1,38,non_synonymous,Nonsynonymous,0.04244,0.0315,2.58178,1.9269,2.64976e-06,4.07421e-06,0.419531,0.622772,False,False,SAS.UKB_local.local,local,SAS,UKB_local,local,fluid_intelligence_score,fluid_intelligence_score,0.50338,0.11271,NA,NA,1.3683660701913711,1.0767490159072204,0.0326557894040464,0.0326557894040464,row,2.5817800000000077,1.8406767268670807,False,False,False,UKB SAS
SAS,fluid_intelligence_score,FI,FI,behavior_cognitive,sumrhe,-1,45,Ancient_Sequence_Age_Human_Promoter_w_flanking,Ancient promoter age,0.06394,0.02669,7.84391,3.98787,1.34076e-05,6.8579e-06,1.50745,0.815147,False,False,SAS.UKB_local.local,local,SAS,UKB_local,local,fluid_intelligence_score,fluid_intelligence_score,0.50338,0.11271,NA,NA,2.9715729823303456,0.7334709695432342,0.0161936248338129,0.0161936248338129,row,7.843910000000008,3.1446843436509346,False,False,False,UKB SAS
SAS,hand_grip_strength,GRIP,GRIP,anthro_physical,sumrhe,-1,1,Coding_UCSC_w_flanking,Coding,0.00021,0.03765,0.00463,0.85068,-1.86411e-06,1.57354e-06,-0.734667,0.55117,False,False,SAS.UKB_local.local,local,SAS,UKB_local,local,hand_grip_strength,hand_grip_strength,0.36988,0.04706,NA,NA,-7.754772091176576,265.06950699425994,0.1226245579384686,0.1226245579384686,row,0.004630000000000001,0.006664262150052103,False,False,False,UKB SAS
SAS,hand_grip_strength,GRIP,GRIP,anthro_physical,sumrhe,-1,2,Conserved_LindbladToh_w_flanking,Conserved (LindbladToh),0.18556,0.06043,1.12669,0.30872,7.1481e-07,8.71467e-07,0.430676,0.503486,False,False,SAS.UKB_local.local,local,SAS,UKB_local,local,hand_grip_strength,hand_grip_strength,0.36988,0.04706,NA,NA,0.1720906237765803,0.3953073276795221,0.4452655293952837,0.4452655293952837,row,1.1266900000000002,1.088609752124608,False,False,False,UKB SAS
SAS,hand_grip_strength,GRIP,GRIP,anthro_physical,sumrhe,-1,6,DHS_Trynka_w_flanking,DHS + flank,0.35518,0.06063,1.575,0.27698,1.53277e-06,8.94554e-07,0.906455,0.53071,False,False,SAS.UKB_local.local,local,SAS,UKB_local,local,hand_grip_strength,hand_grip_strength,0.36988,0.04706,NA,NA,0.655351828612554,0.2537128078891588,0.6096872258870745,0.6096872258870745,row,1.575,1.3645724322958561,False,False,False,UKB SAS
SAS,hand_grip_strength,GRIP,GRIP,anthro_physical,sumrhe,-1,20,Promoter_UCSC_w_flanking,Promoter,-0.03627,0.02678,-1.22295,0.94594,-2.45166e-06,1.22002e-06,-0.807126,0.387472,False,False,SAS.UKB_local.local,local,SAS,UKB_local,local,hand_grip_strength,hand_grip_strength,0.36988,0.04706,NA,NA,NA,-1.1159106643595451,0.0801822068692713,0.0801822068692713,row,-1.2229500000000006,-1.1524754987187997,True,False,False,UKB SAS
SAS,hand_grip_strength,GRIP,GRIP,anthro_physical,sumrhe,-1,29,GERP.NS,GERP.NS,0.99897,0.17738,1.05141,0.14482,-2.28345e-08,2.0208e-07,-0.0413409,0.344768,False,False,SAS.UKB_local.local,local,SAS,UKB_local,local,hand_grip_strength,hand_grip_strength,0.36988,0.04706,NA,NA,0.0723253616144,0.1987151499619936,2.5687361280419223,2.5687361280419223,row,1.05141,1.036615861321902,False,False,False,UKB SAS
SAS,hand_grip_strength,GRIP,GRIP,anthro_physical,sumrhe,-1,31,Backgrd_Selection_Stat,Background selection,0.0541,0.01339,0.87287,0.13276,5.3702e-08,7.97054e-07,0.0117402,0.16637,False,False,SAS.UKB_local.local,local,SAS,UKB_local,local,hand_grip_strength,hand_grip_strength,0.36988,0.04706,NA,NA,-0.1961612913429933,0.2194280862309608,0.1675663650677346,0.1675663650677346,row,0.8728700000000003,0.9052507624403793,False,False,False,UKB SAS
SAS,hand_grip_strength,GRIP,GRIP,anthro_physical,sumrhe,-1,32,CpG_Content_50kb,CpG content (50 kb),0.00365,0.00083,0.90563,0.1501,-1.53239e-05,4.1731e-05,-0.112342,0.297003,False,False,SAS.UKB_local.local,local,SAS,UKB_local,local,hand_grip_strength,hand_grip_strength,0.36988,0.04706,NA,NA,-0.1430063450497715,0.2391136839961501,0.0108963542710396,0.0108963542710396,row,0.9056300000000072,0.9302680305893044,False,False,False,UKB SAS
SAS,hand_grip_strength,GRIP,GRIP,anthro_physical,sumrhe,-1,33,GTEx_eQTL_MaxCPP,GTEx eQTL MaxCPP,0.00115,0.00868,0.2769,2.06859,-9.28314e-07,2.90924e-06,-0.0965307,0.285228,False,False,SAS.UKB_local.local,local,SAS,UKB_local,local,hand_grip_strength,hand_grip_strength,0.36988,0.04706,NA,NA,-1.8525630411825191,10.777697849882632,0.0112283007230283,0.0112283007230283,row,0.2769000000000015,0.3526455452809277,False,False,False,UKB SAS
SAS,hand_grip_strength,GRIP,GRIP,anthro_physical,sumrhe,-1,34,BLUEPRINT_H3K27acQTL_MaxCPP,BLUEPRINT H3K27ac QTL,0.02736,0.01181,3.1994,1.4008,3.52432e-06,2.31003e-06,0.488384,0.329548,False,False,SAS.UKB_local.local,local,SAS,UKB_local,local,hand_grip_strength,hand_grip_strength,0.36988,0.04706,NA,NA,1.677801374429427,0.6316581900597801,0.0231199400498602,0.0231199400498602,row,3.1994000000000065,2.070183213877064,False,False,False,UKB SAS
SAS,hand_grip_strength,GRIP,GRIP,anthro_physical,sumrhe,-1,35,BLUEPRINT_H3K4me1QTL_MaxCPP,BLUEPRINT H3K4me1 QTL,0.00683,0.00943,1.13832,1.50271,-9.10671e-07,2.30154e-06,-0.105672,0.261252,False,False,SAS.UKB_local.local,local,SAS,UKB_local,local,hand_grip_strength,hand_grip_strength,0.36988,0.04706,NA,NA,0.1869061793638714,1.904519172898881,0.0162216672407474,0.0162216672407474,row,1.1383200000000022,1.0964777688055642,False,False,False,UKB SAS
SAS,hand_grip_strength,GRIP,GRIP,anthro_physical,sumrhe,-1,36,BLUEPRINT_DNA_methylation_MaxCPP,BLUEPRINT methylation QTL,0.01609,0.01817,0.95489,1.04281,-3.25165e-07,1.66215e-06,-0.0632986,0.308743,False,False,SAS.UKB_local.local,local,SAS,UKB_local,local,hand_grip_strength,hand_grip_strength,0.36988,0.04706,NA,NA,-0.0665935456078619,1.5755289254148854,0.0455556082768681,0.0455556082768681,row,0.9548900000000015,0.967087430591825,False,False,False,UKB SAS
SAS,hand_grip_strength,GRIP,GRIP,anthro_physical,sumrhe,-1,38,non_synonymous,Nonsynonymous,0.02946,0.01571,2.43873,1.37692,2.99945e-06,1.42884e-06,0.646301,0.318913,False,False,SAS.UKB_local.local,local,SAS,UKB_local,local,hand_grip_strength,hand_grip_strength,0.36988,0.04706,NA,NA,1.286130041355416,0.8145533354249267,0.0326593978128263,0.0326593978128263,row,2.4387300000000027,1.781875843706234,False,False,False,UKB SAS
SAS,hand_grip_strength,GRIP,GRIP,anthro_physical,sumrhe,-1,45,Ancient_Sequence_Age_Human_Promoter_w_flanking,Ancient promoter age,-0.00236,0.01116,-0.39328,1.88602,-4.79572e-06,3.13306e-06,-0.733804,0.466458,False,False,SAS.UKB_local.local,local,SAS,UKB_local,local,hand_grip_strength,hand_grip_strength,0.36988,0.04706,NA,NA,NA,-6.918611933018213,0.0162236770564781,0.0162236770564781,row,-0.39328000000000024,-0.47848521775139524,True,False,False,UKB SAS
SAS,haemoglobin_concentration,Hb,Hb,hematology,sumrhe,-1,1,Coding_UCSC_w_flanking,Coding,0.05711,0.0405,1.99296,1.36029,-8.53295e-07,1.59196e-06,-0.521426,1.00732,False,False,SAS.UKB_local.local,local,SAS,UKB_local,local,haemoglobin_concentration,haemoglobin_concentration,0.23855,0.08416,NA,NA,0.9949127546422252,0.9847079907127329,0.1201252092126389,0.1201252092126389,row,1.9929600000000003,1.5815729977844746,False,False,False,UKB SAS
SAS,haemoglobin_concentration,Hb,Hb,hematology,sumrhe,-1,2,Conserved_LindbladToh_w_flanking,Conserved (LindbladToh),0.11777,0.07515,1.10873,0.5089,-1.05673e-06,9.2489e-07,-0.987181,0.840888,False,False,SAS.UKB_local.local,local,SAS,UKB_local,local,haemoglobin_concentration,haemoglobin_concentration,0.23855,0.08416,NA,NA,0.1489080804802882,0.6621878241847822,0.4452761719213152,0.4452761719213152,row,1.1087300000000002,1.0763743855074361,False,False,False,UKB SAS
SAS,haemoglobin_concentration,Hb,Hb,hematology,sumrhe,-1,6,DHS_Trynka_w_flanking,DHS + flank,0.14822,0.08944,1.01914,0.4421,-6.60516e-08,5.83278e-07,-0.0605657,0.49544,False,False,SAS.UKB_local.local,local,SAS,UKB_local,local,haemoglobin_concentration,haemoglobin_concentration,0.23855,0.08416,NA,NA,0.0273522491800807,0.6258369581971179,0.6096681965779055,0.6096681965779055,row,1.01914,1.013740945490272,False,False,False,UKB SAS
SAS,haemoglobin_concentration,Hb,Hb,hematology,sumrhe,-1,20,Promoter_UCSC_w_flanking,Promoter,0.07714,0.03138,4.03315,1.81175,7.04433e-07,1.51899e-06,0.35958,0.691439,False,False,SAS.UKB_local.local,local,SAS,UKB_local,local,haemoglobin_concentration,haemoglobin_concentration,0.23855,0.08416,NA,NA,2.0119070631283305,0.6480797243669538,0.0801781145277065,0.0801781145277065,row,4.0331500000000045,2.3314615942646624,False,False,False,UKB SAS
SAS,haemoglobin_concentration,Hb,Hb,hematology,sumrhe,-1,29,GERP.NS,GERP.NS,0.85748,0.30302,1.39931,0.25178,3.37854e-07,2.08467e-07,0.948403,0.615877,False,False,SAS.UKB_local.local,local,SAS,UKB_local,local,haemoglobin_concentration,haemoglobin_concentration,0.23855,0.08416,NA,NA,0.4847156093355799,0.2595863371197399,2.5688020586713067,2.5688020586713067,row,1.3993099999999998,1.2626195713742268,False,False,False,UKB SAS
SAS,haemoglobin_concentration,Hb,Hb,hematology,sumrhe,-1,31,Backgrd_Selection_Stat,Background selection,0.05738,0.02323,1.43534,0.39057,5.62225e-08,1.2278e-06,0.0190576,0.39919,False,False,SAS.UKB_local.local,local,SAS,UKB_local,local,haemoglobin_concentration,haemoglobin_concentration,0.23855,0.08416,NA,NA,0.521392519627885,0.3925713782936463,0.1675816009736228,0.1675816009736228,row,1.43534,1.2841232023164872,False,False,False,UKB SAS
SAS,haemoglobin_concentration,Hb,Hb,hematology,sumrhe,-1,32,CpG_Content_50kb,CpG content (50 kb),0.0036,0.00122,1.38576,0.2075,5.54611e-05,4.96763e-05,0.630431,0.507256,False,False,SAS.UKB_local.local,local,SAS,UKB_local,local,haemoglobin_concentration,haemoglobin_concentration,0.23855,0.08416,NA,NA,0.4706774185203264,0.2160253009066937,0.0108901800124975,0.0108901800124975,row,1.385760000000009,1.254448919720111,False,False,False,UKB SAS
SAS,haemoglobin_concentration,Hb,Hb,hematology,sumrhe,-1,33,GTEx_eQTL_MaxCPP,GTEx eQTL MaxCPP,0.00988,0.00788,3.68898,3.46429,1.0693e-06,2.6694e-06,0.172403,0.439379,False,False,SAS.UKB_local.local,local,SAS,UKB_local,local,haemoglobin_concentration,haemoglobin_concentration,0.23855,0.08416,NA,NA,1.8832219674065365,1.3548227431976394,0.0112271938945101,0.0112271938945101,row,3.688980000000014,2.2292741255159028,False,False,False,UKB SAS
SAS,haemoglobin_concentration,Hb,Hb,hematology,sumrhe,-1,34,BLUEPRINT_H3K27acQTL_MaxCPP,BLUEPRINT H3K27ac QTL,-0.01973,0.00897,-3.57643,2.44538,-5.45636e-06,1.93569e-06,-1.17237,0.582198,False,False,SAS.UKB_local.local,local,SAS,UKB_local,local,haemoglobin_concentration,haemoglobin_concentration,0.23855,0.08416,NA,NA,NA,-0.9864411156066394,0.0231258622892537,0.0231258622892537,row,-3.576430000000005,-2.1942226136814926,True,False,False,UKB SAS
SAS,haemoglobin_concentration,Hb,Hb,hematology,sumrhe,-1,35,BLUEPRINT_H3K4me1QTL_MaxCPP,BLUEPRINT H3K4me1 QTL,0.00716,0.01078,1.85244,2.75859,1.61033e-06,2.99268e-06,0.289727,0.529226,False,False,SAS.UKB_local.local,local,SAS,UKB_local,local,haemoglobin_concentration,haemoglobin_concentration,0.23855,0.08416,NA,NA,0.8894268148094938,2.148411885322,0.0162027768653909,0.0162027768653909,row,1.8524400000000072,1.5121965402868465,False,False,False,UKB SAS
SAS,haemoglobin_concentration,Hb,Hb,hematology,sumrhe,-1,36,BLUEPRINT_DNA_methylation_MaxCPP,BLUEPRINT methylation QTL,0.01256,0.01361,1.15556,1.09049,-2.85265e-07,1.27465e-06,-0.0861018,0.372147,False,False,SAS.UKB_local.local,local,SAS,UKB_local,local,haemoglobin_concentration,haemoglobin_concentration,0.23855,0.08416,NA,NA,0.2085921706278269,1.3614563632688963,0.045563567238138,0.045563567238138,row,1.1555600000000008,1.108062720483337,False,False,False,UKB SAS
SAS,haemoglobin_concentration,Hb,Hb,hematology,sumrhe,-1,38,non_synonymous,Nonsynonymous,0.05146,0.01887,6.60509,3.46172,2.27624e-06,1.73948e-06,0.760478,0.706615,False,False,SAS.UKB_local.local,local,SAS,UKB_local,local,haemoglobin_concentration,haemoglobin_concentration,0.23855,0.08416,NA,NA,2.723578219559774,0.7561147958538253,0.0326596571504764,0.0326596571504764,row,6.605090000000002,2.9269653211628412,False,False,False,UKB SAS
SAS,haemoglobin_concentration,Hb,Hb,hematology,sumrhe,-1,45,Ancient_Sequence_Age_Human_Promoter_w_flanking,Ancient promoter age,0.06048,0.01684,15.65677,7.68095,9.06703e-06,3.42031e-06,2.15113,1.24214,False,False,SAS.UKB_local.local,local,SAS,UKB_local,local,haemoglobin_concentration,haemoglobin_concentration,0.23855,0.08416,NA,NA,3.9687147094563247,0.7077621038257625,0.0161931071574273,0.0161931071574273,row,15.656770000000002,4.058036762291547,False,False,False,UKB SAS
SAS,igf_1,IGF-1,IGF-1,biochem_endocrine,sumrhe,-1,1,Coding_UCSC_w_flanking,Coding,0.05799,0.02561,1.91574,0.93108,2.12509e-06,1.0958e-06,1.22922,0.734308,False,False,SAS.UKB_local.local,local,SAS,UKB_local,local,igf_1,igf_1,0.25201,0.0732,NA,NA,0.9379017749762856,0.7011726532154134,0.1201154208155406,0.1201154208155406,row,1.9157400000000002,1.5438620785694381,False,False,False,UKB SAS
SAS,igf_1,IGF-1,IGF-1,biochem_endocrine,sumrhe,-1,2,Conserved_LindbladToh_w_flanking,Conserved (LindbladToh),0.12084,0.048,1.07688,0.31417,3.7255e-07,1.12721e-06,0.329442,1.04149,False,False,SAS.UKB_local.local,local,SAS,UKB_local,local,igf_1,igf_1,0.25201,0.0732,NA,NA,0.1068574949606896,0.4208932295112599,0.4452722509065888,0.4452722509065888,row,1.0768800000000003,1.054417861148253,False,False,False,UKB SAS
SAS,igf_1,IGF-1,IGF-1,biochem_endocrine,sumrhe,-1,6,DHS_Trynka_w_flanking,DHS + flank,0.19374,0.08196,1.26092,0.41705,-1.18599e-07,9.12057e-07,-0.10294,0.750688,False,False,SAS.UKB_local.local,local,SAS,UKB_local,local,igf_1,igf_1,0.25201,0.0732,NA,NA,0.3344767457180696,0.4771721971280828,0.6096969012353569,0.6096969012353569,row,1.26092,1.1769099449221843,False,False,False,UKB SAS
SAS,igf_1,IGF-1,IGF-1,biochem_endocrine,sumrhe,-1,20,Promoter_UCSC_w_flanking,Promoter,0.07718,0.02828,3.81987,1.9183,1.49823e-06,1.32933e-06,0.723929,0.674881,False,False,SAS.UKB_local.local,local,SAS,UKB_local,local,igf_1,igf_1,0.25201,0.0732,NA,NA,1.9335235404739324,0.7245068279646424,0.0801748981475748,0.0801748981475748,row,3.8198700000000017,2.268994235068398,False,False,False,UKB SAS
SAS,igf_1,IGF-1,IGF-1,biochem_endocrine,sumrhe,-1,29,GERP.NS,GERP.NS,0.59339,0.28547,0.91662,0.24322,-8.10553e-08,3.15718e-07,-0.21538,0.814266,False,False,SAS.UKB_local.local,local,SAS,UKB_local,local,igf_1,igf_1,0.25201,0.0732,NA,NA,-0.1256043302464551,0.3828110753038486,2.568816722929939,2.568816722929939,row,0.91662,0.9385643284202708,False,False,False,UKB SAS
SAS,igf_1,IGF-1,IGF-1,biochem_endocrine,sumrhe,-1,31,Backgrd_Selection_Stat,Background selection,0.05305,0.01624,1.25619,0.28227,5.50396e-07,1.14315e-06,0.176601,0.352496,False,False,SAS.UKB_local.local,local,SAS,UKB_local,local,igf_1,igf_1,0.25201,0.0732,NA,NA,0.3290546898082513,0.3241782924491739,0.167576178398869,0.167576178398869,row,1.25619,1.1738885661921932,False,False,False,UKB SAS
SAS,igf_1,IGF-1,IGF-1,biochem_endocrine,sumrhe,-1,32,CpG_Content_50kb,CpG content (50 kb),0.00273,0.00097,0.99497,0.21509,-4.91816e-05,5.25372e-05,-0.52919,0.555276,False,False,SAS.UKB_local.local,local,SAS,UKB_local,local,igf_1,igf_1,0.25201,0.0732,NA,NA,-0.0072750682297842,0.3118780227994886,0.0108876684284069,0.0108876684284069,row,0.9949700000000038,0.9963670516222355,False,False,False,UKB SAS
SAS,igf_1,IGF-1,IGF-1,biochem_endocrine,sumrhe,-1,33,GTEx_eQTL_MaxCPP,GTEx eQTL MaxCPP,0.03223,0.01243,11.3886,6.69507,8.15731e-06,4.22024e-06,1.24495,0.823798,False,False,SAS.UKB_local.local,local,SAS,UKB_local,local,igf_1,igf_1,0.25201,0.0732,NA,NA,3.5095185024077105,0.8481239386232261,0.0112298043945145,0.0112298043945145,row,11.388600000000011,3.630941256766418,False,False,False,UKB SAS
SAS,igf_1,IGF-1,IGF-1,biochem_endocrine,sumrhe,-1,34,BLUEPRINT_H3K27acQTL_MaxCPP,BLUEPRINT H3K27ac QTL,-0.00725,0.01774,-1.24346,3.1789,-3.67489e-06,3.64569e-06,-0.747421,0.733551,False,False,SAS.UKB_local.local,local,SAS,UKB_local,local,igf_1,igf_1,0.25201,0.0732,NA,NA,NA,-3.6882435023900455,0.0231360073140877,0.0231360073140877,row,-1.243460000000005,-1.1657254615644792,True,False,False,UKB SAS
SAS,igf_1,IGF-1,IGF-1,biochem_endocrine,sumrhe,-1,35,BLUEPRINT_H3K4me1QTL_MaxCPP,BLUEPRINT H3K4me1 QTL,0.01922,0.01047,4.70426,3.41782,4.02353e-06,2.98181e-06,0.68524,0.614988,False,False,SAS.UKB_local.local,local,SAS,UKB_local,local,igf_1,igf_1,0.25201,0.0732,NA,NA,2.2339677987679654,1.0481716496645843,0.0162122873329569,0.0162122873329569,row,4.70426000000002,2.512039741277241,False,False,False,UKB SAS
SAS,igf_1,IGF-1,IGF-1,biochem_endocrine,sumrhe,-1,36,BLUEPRINT_DNA_methylation_MaxCPP,BLUEPRINT methylation QTL,0.00291,0.02004,0.25297,1.72244,-1.45463e-06,1.98157e-06,-0.415603,0.574979,False,False,SAS.UKB_local.local,local,SAS,UKB_local,local,igf_1,igf_1,0.25201,0.0732,NA,NA,-1.9829617906693104,9.823123873300338,0.045646364497574,0.045646364497574,row,0.25297000000000036,0.3253518724655507,False,False,False,UKB SAS
SAS,igf_1,IGF-1,IGF-1,biochem_endocrine,sumrhe,-1,38,non_synonymous,Nonsynonymous,-0.02876,0.01762,-3.49379,2.5493,-3.94443e-06,1.67531e-06,-1.24742,0.650995,False,False,SAS.UKB_local.local,local,SAS,UKB_local,local,igf_1,igf_1,0.25201,0.0732,NA,NA,NA,-1.0526856129699365,0.0326643717733798,0.0326643717733798,row,-3.4937900000000033,-2.1679327072865235,True,False,False,UKB SAS
SAS,igf_1,IGF-1,IGF-1,biochem_endocrine,sumrhe,-1,45,Ancient_Sequence_Age_Human_Promoter_w_flanking,Ancient promoter age,0.0511,0.01417,12.52292,5.6078,7.55391e-06,3.38466e-06,1.69642,0.836578,False,False,SAS.UKB_local.local,local,SAS,UKB_local,local,igf_1,igf_1,0.25201,0.0732,NA,NA,3.6464990931277,0.6460430355138522,0.016191889061007,0.016191889061007,row,12.522920000000056,3.757334800846699,False,False,False,UKB SAS
SAS,neuroticism_score,NEURO,NEURO,behavior_cognitive,sumrhe,-1,1,Coding_UCSC_w_flanking,Coding,-0.06165,0.05128,-2.41435,2.404,-9.70388e-08,1.81701e-06,-0.0665451,1.16793,False,False,SAS.UKB_local.local,local,SAS,UKB_local,local,neuroticism_score,neuroticism_score,0.21257,0.0965,NA,NA,NA,-1.436510397538496,0.1201243027579451,0.1201243027579451,row,-2.4143500000000016,-1.7716109544942196,True,False,False,UKB SAS
SAS,neuroticism_score,NEURO,NEURO,behavior_cognitive,sumrhe,-1,2,Conserved_LindbladToh_w_flanking,Conserved (LindbladToh),0.18788,0.10386,1.98495,0.82716,6.05583e-07,1.68438e-06,0.63487,1.67217,False,False,SAS.UKB_local.local,local,SAS,UKB_local,local,neuroticism_score,neuroticism_score,0.21257,0.0965,NA,NA,0.9891026669850804,0.6011937983433915,0.4452757126747927,0.4452757126747927,row,1.9849499999999998,1.5777067655416062,False,False,False,UKB SAS
SAS,neuroticism_score,NEURO,NEURO,behavior_cognitive,sumrhe,-1,6,DHS_Trynka_w_flanking,DHS + flank,0.08905,0.10538,0.68711,0.61728,-1.73095e-06,1.34585e-06,-1.78116,1.5061,False,False,SAS.UKB_local.local,local,SAS,UKB_local,local,neuroticism_score,neuroticism_score,0.21257,0.0965,NA,NA,-0.5413870151294345,1.2960760210736846,0.6096852411998376,0.6096852411998376,row,0.68711,0.7545540407747738,False,False,False,UKB SAS
SAS,neuroticism_score,NEURO,NEURO,behavior_cognitive,sumrhe,-1,20,Promoter_UCSC_w_flanking,Promoter,-0.00833,0.05147,-0.48868,3.07331,5.23663e-08,1.88251e-06,0.0299975,0.999749,False,False,SAS.UKB_local.local,local,SAS,UKB_local,local,neuroticism_score,neuroticism_score,0.21257,0.0965,NA,NA,NA,-9.073113481448924,0.080189676907378,0.080189676907378,row,-0.48868000000000056,-0.574033671967042,True,False,False,UKB SAS
SAS,neuroticism_score,NEURO,NEURO,behavior_cognitive,sumrhe,-1,29,GERP.NS,GERP.NS,0.37719,0.4126,0.69075,0.53265,-4.89959e-07,4.90351e-07,-1.54348,1.59729,False,False,SAS.UKB_local.local,local,SAS,UKB_local,local,neuroticism_score,neuroticism_score,0.21257,0.0965,NA,NA,-0.5337644378495954,1.1124886189352243,2.568841473029233,2.568841473029233,row,0.69075,0.7576633537608307,False,False,False,UKB SAS
SAS,neuroticism_score,NEURO,NEURO,behavior_cognitive,sumrhe,-1,31,Backgrd_Selection_Stat,Background selection,0.06033,0.02171,1.69364,0.63781,3.48816e-06,1.52055e-06,1.32688,0.823874,False,False,SAS.UKB_local.local,local,SAS,UKB_local,local,neuroticism_score,neuroticism_score,0.21257,0.0965,NA,NA,0.7601272481001838,0.5433063248561618,0.1675753945421143,0.1675753945421143,row,1.6936400000000005,1.429557050161906,False,False,False,UKB SAS
SAS,neuroticism_score,NEURO,NEURO,behavior_cognitive,sumrhe,-1,32,CpG_Content_50kb,CpG content (50 kb),0.00206,0.0014,0.888,0.3342,3.44871e-05,7.87206e-05,0.439928,0.87154,False,False,SAS.UKB_local.local,local,SAS,UKB_local,local,neuroticism_score,neuroticism_score,0.21257,0.0965,NA,NA,-0.171368418311981,0.5429602282264545,0.0109132042142344,0.0109132042142344,row,0.8880000000000051,0.9168587646997582,False,False,False,UKB SAS
SAS,neuroticism_score,NEURO,NEURO,behavior_cognitive,sumrhe,-1,33,GTEx_eQTL_MaxCPP,GTEx eQTL MaxCPP,-0.01999,0.01497,-8.37299,6.1143,-5.91947e-06,5.34083e-06,-1.07104,0.847116,False,False,SAS.UKB_local.local,local,SAS,UKB_local,local,neuroticism_score,neuroticism_score,0.21257,0.0965,NA,NA,NA,-1.0535149675931048,0.0112313057200896,0.0112313057200896,row,-8.37299000000002,-3.228509343515936,True,False,False,UKB SAS
SAS,neuroticism_score,NEURO,NEURO,behavior_cognitive,sumrhe,-1,34,BLUEPRINT_H3K27acQTL_MaxCPP,BLUEPRINT H3K27ac QTL,-0.00676,0.02302,-1.37467,4.90002,-9.92629e-07,4.47487e-06,-0.239345,1.06448,False,False,SAS.UKB_local.local,local,SAS,UKB_local,local,neuroticism_score,neuroticism_score,0.21257,0.0965,NA,NA,NA,-5.142495692971214,0.023133762275424,0.023133762275424,row,-1.374670000000003,-1.2477270408363283,True,False,False,UKB SAS
SAS,neuroticism_score,NEURO,NEURO,behavior_cognitive,sumrhe,-1,35,BLUEPRINT_H3K4me1QTL_MaxCPP,BLUEPRINT H3K4me1 QTL,-0.01298,0.02337,-3.76805,7.14261,-3.06265e-06,6.43007e-06,-0.618372,1.27267,False,False,SAS.UKB_local.local,local,SAS,UKB_local,local,neuroticism_score,neuroticism_score,0.21257,0.0965,NA,NA,NA,-2.734732295485442,0.0162052622235623,0.0162052622235623,row,-3.768050000000011,-2.2533993646536485,True,False,False,UKB SAS
SAS,neuroticism_score,NEURO,NEURO,behavior_cognitive,sumrhe,-1,36,BLUEPRINT_DNA_methylation_MaxCPP,BLUEPRINT methylation QTL,-0.00801,0.02789,-0.82651,3.06155,-4.75677e-07,3.01759e-06,-0.161121,0.993336,False,False,SAS.UKB_local.local,local,SAS,UKB_local,local,neuroticism_score,neuroticism_score,0.21257,0.0965,NA,NA,NA,-5.344016409279508,0.0455913477757885,0.0455913477757885,row,-0.8265100000000011,-0.8690896523645452,True,False,False,UKB SAS
SAS,neuroticism_score,NEURO,NEURO,behavior_cognitive,sumrhe,-1,38,non_synonymous,Nonsynonymous,-0.05463,0.02988,-7.8692,5.2602,-3.71698e-06,2.65522e-06,-1.39359,1.17062,False,False,SAS.UKB_local.local,local,SAS,UKB_local,local,neuroticism_score,neuroticism_score,0.21257,0.0965,NA,NA,NA,-0.9643755977842888,0.032658681298859,0.032658681298859,row,-7.869200000000013,-3.1488039796014866,True,False,False,UKB SAS
SAS,neuroticism_score,NEURO,NEURO,behavior_cognitive,sumrhe,-1,45,Ancient_Sequence_Age_Human_Promoter_w_flanking,Ancient promoter age,-0.0256,0.0299,-7.43787,9.62866,-1.18051e-05,6.23033e-06,-3.14301,1.93984,False,False,SAS.UKB_local.local,local,SAS,UKB_local,local,neuroticism_score,neuroticism_score,0.21257,0.0965,NA,NA,NA,-1.8676341523051527,0.016191586687377,0.016191586687377,row,-7.437870000000037,-3.0768788605129376,True,False,False,UKB SAS
SAS,sleep_duration,SLP,SLP,behavior_cognitive,sumrhe,-1,1,Coding_UCSC_w_flanking,Coding,0.0544,0.02852,1.94063,1.07982,-1.98858e-07,1.2324e-06,-0.124203,0.722249,False,False,SAS.UKB_local.local,local,SAS,UKB_local,local,sleep_duration,sleep_duration,0.2334,0.04508,NA,NA,0.9565250804170028,0.8027552697076312,0.1201034014338606,0.1201034014338606,row,1.9406300000000005,1.556125270880604,False,False,False,UKB SAS
SAS,sleep_duration,SLP,SLP,behavior_cognitive,sumrhe,-1,2,Conserved_LindbladToh_w_flanking,Conserved (LindbladToh),0.10108,0.04552,0.97265,0.43109,-1.271e-06,8.58626e-07,-1.2136,0.813205,False,False,SAS.UKB_local.local,local,SAS,UKB_local,local,sleep_duration,sleep_duration,0.2334,0.04508,NA,NA,-0.0400073382912833,0.6394195293032675,0.4452539597230175,0.4452539597230175,row,0.9726500000000001,0.9801350067169352,False,False,False,UKB SAS
SAS,sleep_duration,SLP,SLP,behavior_cognitive,sumrhe,-1,6,DHS_Trynka_w_flanking,DHS + flank,-0.01855,0.06668,-0.13037,0.47845,-1.38238e-06,8.28524e-07,-1.29559,0.783691,False,False,SAS.UKB_local.local,local,SAS,UKB_local,local,sleep_duration,sleep_duration,0.2334,0.04508,NA,NA,NA,-5.294603377412936,0.6096286891326833,0.6096286891326833,row,-0.13037000000000004,-0.17679508219146275,True,False,False,UKB SAS
SAS,sleep_duration,SLP,SLP,behavior_cognitive,sumrhe,-1,20,Promoter_UCSC_w_flanking,Promoter,0.03923,0.03248,2.09644,1.69406,-7.16559e-08,1.0985e-06,-0.0373854,0.540938,False,False,SAS.UKB_local.local,local,SAS,UKB_local,local,sleep_duration,sleep_duration,0.2334,0.04508,NA,NA,1.0679415409207027,1.1657915136938608,0.0801742708662011,0.0801742708662011,row,2.0964400000000003,1.6306104910930292,False,False,False,UKB SAS
SAS,sleep_duration,SLP,SLP,behavior_cognitive,sumrhe,-1,29,GERP.NS,GERP.NS,0.80965,0.18407,1.35047,0.23986,3.97453e-07,1.89694e-07,1.14037,0.556804,False,False,SAS.UKB_local.local,local,SAS,UKB_local,local,sleep_duration,sleep_duration,0.2334,0.04508,NA,NA,0.433461591470757,0.2562402959766798,2.568689009340358,2.568689009340358,row,1.35047,1.2329492669483986,False,False,False,UKB SAS
SAS,sleep_duration,SLP,SLP,behavior_cognitive,sumrhe,-1,31,Backgrd_Selection_Stat,Background selection,0.05963,0.01323,1.52458,0.34904,5.02672e-07,8.32844e-07,0.174155,0.28123,False,False,SAS.UKB_local.local,local,SAS,UKB_local,local,sleep_duration,sleep_duration,0.2334,0.04508,NA,NA,0.6084118555461459,0.3302931148722164,0.167576740732832,0.167576740732832,row,1.5245800000000003,1.3360433948675612,False,False,False,UKB SAS
SAS,sleep_duration,SLP,SLP,behavior_cognitive,sumrhe,-1,32,CpG_Content_50kb,CpG content (50 kb),0.0026,0.00062,1.02262,0.16303,-3.8409e-07,4.89342e-05,-0.00446247,0.534377,False,False,SAS.UKB_local.local,local,SAS,UKB_local,local,sleep_duration,sleep_duration,0.2334,0.04508,NA,NA,0.0322701470759443,0.2299999731240614,0.0108932686420654,0.0108932686420654,row,1.0226200000000008,1.0162252988328488,False,False,False,UKB SAS
SAS,sleep_duration,SLP,SLP,behavior_cognitive,sumrhe,-1,33,GTEx_eQTL_MaxCPP,GTEx eQTL MaxCPP,0.00705,0.01137,2.68934,4.44186,6.17681e-07,3.66452e-06,0.10179,0.575738,False,False,SAS.UKB_local.local,local,SAS,UKB_local,local,sleep_duration,sleep_duration,0.2334,0.04508,NA,NA,1.4272521595640086,2.3828334811972645,0.0112316239400716,0.0112316239400716,row,2.6893400000000116,1.8833627501904626,False,False,False,UKB SAS
SAS,sleep_duration,SLP,SLP,behavior_cognitive,sumrhe,-1,34,BLUEPRINT_H3K27acQTL_MaxCPP,BLUEPRINT H3K27ac QTL,0.0216,0.01315,4.00291,2.34813,1.55465e-06,2.51939e-06,0.34142,0.518119,False,False,SAS.UKB_local.local,local,SAS,UKB_local,local,sleep_duration,sleep_duration,0.2334,0.04508,NA,NA,2.001049179049624,0.8462931982888953,0.0231194274031965,0.0231194274031965,row,4.002910000000012,2.3227674991582075,False,False,False,UKB SAS
SAS,sleep_duration,SLP,SLP,behavior_cognitive,sumrhe,-1,35,BLUEPRINT_H3K4me1QTL_MaxCPP,BLUEPRINT H3K4me1 QTL,0.03117,0.01199,8.23855,3.57801,6.34185e-06,3.49515e-06,1.16623,0.669539,False,False,SAS.UKB_local.local,local,SAS,UKB_local,local,sleep_duration,sleep_duration,0.2334,0.04508,NA,NA,3.0423904427618544,0.6265638107738765,0.01621008039529,0.01621008039529,row,8.238550000000032,3.207666436926592,False,False,False,UKB SAS
SAS,sleep_duration,SLP,SLP,behavior_cognitive,sumrhe,-1,36,BLUEPRINT_DNA_methylation_MaxCPP,BLUEPRINT methylation QTL,0.01902,0.01533,1.78857,1.55042,1.25556e-07,1.73329e-06,0.0387343,0.511362,False,False,SAS.UKB_local.local,local,SAS,UKB_local,local,sleep_duration,sleep_duration,0.2334,0.04508,NA,NA,0.8388065827874963,1.2505986599881842,0.0455620985316169,0.0455620985316169,row,1.788570000000001,1.4795254866447944,False,False,False,UKB SAS
SAS,sleep_duration,SLP,SLP,behavior_cognitive,sumrhe,-1,38,non_synonymous,Nonsynonymous,0.0244,0.01754,3.20077,2.4339,5.49729e-08,1.57484e-06,0.018772,0.519523,False,False,SAS.UKB_local.local,local,SAS,UKB_local,local,sleep_duration,sleep_duration,0.2334,0.04508,NA,NA,1.678419011847247,1.0970408558002132,0.0326613782166207,0.0326613782166207,row,3.20077,2.070653797739899,False,False,False,UKB SAS
SAS,sleep_duration,SLP,SLP,behavior_cognitive,sumrhe,-1,45,Ancient_Sequence_Age_Human_Promoter_w_flanking,Ancient promoter age,0.00533,0.018,1.40934,4.8795,-1.95129e-06,3.56817e-06,-0.47317,0.813673,False,False,SAS.UKB_local.local,local,SAS,UKB_local,local,sleep_duration,sleep_duration,0.2334,0.04508,NA,NA,0.4950197004631516,4.994983788168716,0.0162035651272477,0.0162035651272477,row,1.4093400000000016,1.2686379974377626,False,False,False,UKB SAS
SAS,vitamin_d,ViTD,ViTD,biochem_mineral,sumrhe,-1,1,Coding_UCSC_w_flanking,Coding,0.06197,0.04236,4.50032,3.34456,-9.74106e-07,1.68593e-06,-1.23869,2.96908,False,False,SAS.UKB_local.local,local,SAS,UKB_local,local,vitamin_d,vitamin_d,0.11464,0.08391,NA,NA,2.1700275894421344,1.072186005874158,0.1201162936298973,0.1201162936298973,row,4.500320000000001,2.4595155548161025,False,False,False,UKB SAS
SAS,vitamin_d,ViTD,ViTD,biochem_mineral,sumrhe,-1,2,Conserved_LindbladToh_w_flanking,Conserved (LindbladToh),0.1254,0.06067,2.45668,1.50983,6.16586e-07,1.02063e-06,1.19865,2.08958,False,False,SAS.UKB_local.local,local,SAS,UKB_local,local,vitamin_d,vitamin_d,0.11464,0.08391,NA,NA,1.296709948673142,0.8866536356323915,0.4452590638525756,0.4452590638525756,row,2.4566800000000004,1.7893870531862301,False,False,False,UKB SAS
SAS,vitamin_d,ViTD,ViTD,biochem_mineral,sumrhe,-1,6,DHS_Trynka_w_flanking,DHS + flank,0.07515,0.08916,1.07529,1.15282,7.70493e-07,1.21084e-06,1.4702,2.46717,False,False,SAS.UKB_local.local,local,SAS,UKB_local,local,vitamin_d,vitamin_d,0.11464,0.08391,NA,NA,0.1047257994790548,1.546715487949869,0.609631221248891,0.609631221248891,row,1.07529,1.0533129520394562,False,False,False,UKB SAS
SAS,vitamin_d,ViTD,ViTD,biochem_mineral,sumrhe,-1,20,Promoter_UCSC_w_flanking,Promoter,0.03191,0.03699,3.47196,4.44247,-1.33803e-06,1.30804e-06,-1.42129,1.88395,False,False,SAS.UKB_local.local,local,SAS,UKB_local,local,vitamin_d,vitamin_d,0.11464,0.08391,NA,NA,1.7957503267760395,1.8459686857849729,0.0801707439572494,0.0801707439572494,row,3.4719599999999997,2.160907283874367,False,False,False,UKB SAS
SAS,vitamin_d,ViTD,ViTD,biochem_mineral,sumrhe,-1,29,GERP.NS,GERP.NS,0.5343,0.26581,1.81442,0.93594,1.63542e-07,2.83485e-07,0.955338,1.98193,False,False,SAS.UKB_local.local,local,SAS,UKB_local,local,vitamin_d,vitamin_d,0.11464,0.08391,NA,NA,0.8595084480282466,0.7441915303896653,2.5686869090976865,2.5686869090976865,row,1.81442,1.4928376401248624,False,False,False,UKB SAS
SAS,vitamin_d,ViTD,ViTD,biochem_mineral,sumrhe,-1,31,Backgrd_Selection_Stat,Background selection,0.01818,0.01505,0.94623,0.60764,-6.92659e-07,9.48214e-07,-0.488586,0.613228,False,False,SAS.UKB_local.local,local,SAS,UKB_local,local,vitamin_d,vitamin_d,0.11464,0.08391,NA,NA,-0.0797371930051103,0.926454682947877,0.1675949731950922,0.1675949731950922,row,0.9462300000000006,0.9606822138455727,False,False,False,UKB SAS
SAS,vitamin_d,ViTD,ViTD,biochem_mineral,sumrhe,-1,32,CpG_Content_50kb,CpG content (50 kb),0.00123,0.00091,0.98661,0.35936,2.78513e-06,5.18114e-05,0.0658807,1.20976,False,False,SAS.UKB_local.local,local,SAS,UKB_local,local,vitamin_d,vitamin_d,0.11464,0.08391,NA,NA,-0.0194481847318321,0.5254831087196136,0.0108748536483415,0.0108748536483415,row,0.9866100000000021,0.9903086786819152,False,False,False,UKB SAS
SAS,vitamin_d,ViTD,ViTD,biochem_mineral,sumrhe,-1,33,GTEx_eQTL_MaxCPP,GTEx eQTL MaxCPP,0.01769,0.00914,13.7437,14.99443,4.61424e-06,3.17558e-06,1.54813,1.82426,False,False,SAS.UKB_local.local,local,SAS,UKB_local,local,vitamin_d,vitamin_d,0.11464,0.08391,NA,NA,3.780698545408569,1.5739858845839694,0.0112276273245815,0.0112276273245815,row,13.743700000000056,3.882026715779025,False,False,False,UKB SAS
SAS,vitamin_d,ViTD,ViTD,biochem_mineral,sumrhe,-1,34,BLUEPRINT_H3K27acQTL_MaxCPP,BLUEPRINT H3K27ac QTL,0.01928,0.01199,7.27566,7.97739,2.32856e-06,2.22758e-06,1.04115,1.42913,False,False,SAS.UKB_local.local,local,SAS,UKB_local,local,vitamin_d,vitamin_d,0.11464,0.08391,NA,NA,2.863078125758102,1.5818415088441746,0.0231152426304678,0.0231152426304678,row,7.275660000000024,3.04887437424698,False,False,False,UKB SAS
SAS,vitamin_d,ViTD,ViTD,biochem_mineral,sumrhe,-1,35,BLUEPRINT_H3K4me1QTL_MaxCPP,BLUEPRINT H3K4me1 QTL,0.02291,0.01301,12.32715,11.37009,5.01528e-06,3.30233e-06,1.87773,1.82047,False,False,SAS.UKB_local.local,local,SAS,UKB_local,local,vitamin_d,vitamin_d,0.11464,0.08391,NA,NA,3.6237673864258406,1.3306865299328063,0.0162116131255888,0.0162116131255888,row,12.327150000000037,3.73629638915709,False,False,False,UKB SAS
SAS,vitamin_d,ViTD,ViTD,biochem_mineral,sumrhe,-1,36,BLUEPRINT_DNA_methylation_MaxCPP,BLUEPRINT methylation QTL,-0.00725,0.02052,-1.38697,4.11598,-1.87092e-06,2.14529e-06,-1.17512,1.51027,False,False,SAS.UKB_local.local,local,SAS,UKB_local,local,vitamin_d,vitamin_d,0.11464,0.08391,NA,NA,NA,-4.281349945851861,0.0455968416767117,0.0455968416767117,row,-1.386970000000002,-1.2551804344032653,True,False,False,UKB SAS
SAS,vitamin_d,ViTD,ViTD,biochem_mineral,sumrhe,-1,38,non_synonymous,Nonsynonymous,0.02961,0.01646,7.90964,7.93489,1.51516e-06,1.73106e-06,1.05339,1.72051,False,False,SAS.UKB_local.local,local,SAS,UKB_local,local,vitamin_d,vitamin_d,0.11464,0.08391,NA,NA,2.983612033252572,1.447300566523815,0.0326546860395988,0.0326546860395988,row,7.909640000000011,3.1553671398608545,False,False,False,UKB SAS
SAS,vitamin_d,ViTD,ViTD,biochem_mineral,sumrhe,-1,45,Ancient_Sequence_Age_Human_Promoter_w_flanking,Ancient promoter age,0.01716,0.02549,9.24496,15.34857,-3.40839e-06,4.75981e-06,-1.68273,3.09321,False,False,SAS.UKB_local.local,local,SAS,UKB_local,local,vitamin_d,vitamin_d,0.11464,0.08391,NA,NA,3.2086670775606256,2.3951759470822065,0.0161910893591973,0.0161910893591973,row,9.244960000000031,3.356842446448406,False,False,False,UKB SAS
SAS,white_blood_cell_count,WBC,WBC,hematology,sumrhe,-1,1,Coding_UCSC_w_flanking,Coding,0.07234,0.03513,3.04585,1.43413,-5.33664e-07,1.3737e-06,-0.393452,0.989016,False,False,SAS.UKB_local.local,local,SAS,UKB_local,local,white_blood_cell_count,white_blood_cell_count,0.19772,0.05158,NA,NA,1.606844894686429,0.679288946924533,0.1201211250015197,0.1201211250015197,row,3.045850000000002,2.0164428329293944,False,False,False,UKB SAS
SAS,white_blood_cell_count,WBC,WBC,hematology,sumrhe,-1,2,Conserved_LindbladToh_w_flanking,Conserved (LindbladToh),0.13547,0.06573,1.53878,0.80508,-1.17963e-06,1.48633e-06,-1.32956,1.48874,False,False,SAS.UKB_local.local,local,SAS,UKB_local,local,white_blood_cell_count,white_blood_cell_count,0.19772,0.05158,NA,NA,0.6217869837149791,0.7548089548336258,0.4452623724651489,0.4452623724651489,row,1.5387800000000003,1.3441353825157196,False,False,False,UKB SAS
SAS,white_blood_cell_count,WBC,WBC,hematology,sumrhe,-1,6,DHS_Trynka_w_flanking,DHS + flank,0.23049,0.06239,1.91203,0.52277,4.19252e-07,1.05335e-06,0.46382,1.11941,False,False,SAS.UKB_local.local,local,SAS,UKB_local,local,white_blood_cell_count,white_blood_cell_count,0.19772,0.05158,NA,NA,0.935105159569542,0.3944486679212792,0.6096867881237519,0.6096867881237519,row,1.91203,1.5420252183897287,False,False,False,UKB SAS
SAS,white_blood_cell_count,WBC,WBC,hematology,sumrhe,-1,20,Promoter_UCSC_w_flanking,Promoter,0.03516,0.02909,2.21824,1.68515,-1.51005e-06,1.61198e-06,-0.929987,0.988848,False,False,SAS.UKB_local.local,local,SAS,UKB_local,local,white_blood_cell_count,white_blood_cell_count,0.19772,0.05158,NA,NA,1.149415464723358,1.0959849016130068,0.08016591100461,0.08016591100461,row,2.218240000000002,1.6862719189447746,False,False,False,UKB SAS
SAS,white_blood_cell_count,WBC,WBC,hematology,sumrhe,-1,29,GERP.NS,GERP.NS,0.70664,0.21875,1.3913,0.41639,-2.45871e-08,3.3049e-07,-0.0832725,1.05862,False,False,SAS.UKB_local.local,local,SAS,UKB_local,local,white_blood_cell_count,white_blood_cell_count,0.19772,0.05158,NA,NA,0.4764335355139399,0.4317715719656116,2.568779522479504,2.568779522479504,row,1.3913,1.2577951343833698,False,False,False,UKB SAS
SAS,white_blood_cell_count,WBC,WBC,hematology,sumrhe,-1,31,Backgrd_Selection_Stat,Background selection,0.07242,0.02064,2.18567,0.58442,2.49027e-06,1.36996e-06,1.01844,0.586248,False,False,SAS.UKB_local.local,local,SAS,UKB_local,local,white_blood_cell_count,white_blood_cell_count,0.19772,0.05158,NA,NA,1.1280755943755576,0.3857580676846587,0.16758044040012,0.16758044040012,row,2.1856700000000004,1.671596827434025,False,False,False,UKB SAS
SAS,white_blood_cell_count,WBC,WBC,hematology,sumrhe,-1,32,CpG_Content_50kb,CpG content (50 kb),0.00334,0.00086,1.55233,0.29298,2.78038e-05,5.88498e-05,0.381314,0.729168,False,False,SAS.UKB_local.local,local,SAS,UKB_local,local,white_blood_cell_count,white_blood_cell_count,0.19772,0.05158,NA,NA,0.6344352835272934,0.2722879755462102,0.0108820774958247,0.0108820774958247,row,1.5523300000000102,1.351814872435275,False,False,False,UKB SAS
SAS,white_blood_cell_count,WBC,WBC,hematology,sumrhe,-1,33,GTEx_eQTL_MaxCPP,GTEx eQTL MaxCPP,0.00983,0.00848,4.42871,3.67989,2.27752e-07,2.76248e-06,0.0443034,0.51987,False,False,SAS.UKB_local.local,local,SAS,UKB_local,local,white_blood_cell_count,white_blood_cell_count,0.19772,0.05158,NA,NA,2.1468865300162405,1.1987596961681593,0.011226016422747,0.011226016422747,row,4.4287100000000175,2.4406094176051707,False,False,False,UKB SAS
SAS,white_blood_cell_count,WBC,WBC,hematology,sumrhe,-1,34,BLUEPRINT_H3K27acQTL_MaxCPP,BLUEPRINT H3K27ac QTL,0.03144,0.01409,6.8781,3.2621,3.00802e-06,2.50009e-06,0.77978,0.601717,False,False,SAS.UKB_local.local,local,SAS,UKB_local,local,white_blood_cell_count,white_blood_cell_count,0.19772,0.05158,NA,NA,2.782010091214417,0.6842319089405342,0.0231187021555922,0.0231187021555922,row,6.878100000000001,2.9778477297963897,False,False,False,UKB SAS
SAS,white_blood_cell_count,WBC,WBC,hematology,sumrhe,-1,35,BLUEPRINT_H3K4me1QTL_MaxCPP,BLUEPRINT H3K4me1 QTL,0.01492,0.01098,4.65621,3.17372,3.93916e-07,2.9192e-06,0.0855084,0.612172,False,False,SAS.UKB_local.local,local,SAS,UKB_local,local,white_blood_cell_count,white_blood_cell_count,0.19772,0.05158,NA,NA,2.219156126787099,0.9833555842992736,0.0162063667260875,0.0162063667260875,row,4.6562100000000015,2.4998356845628633,False,False,False,UKB SAS
SAS,white_blood_cell_count,WBC,WBC,hematology,sumrhe,-1,36,BLUEPRINT_DNA_methylation_MaxCPP,BLUEPRINT methylation QTL,0.0464,0.0233,5.14984,3.48327,1.97209e-06,2.57665e-06,0.718161,1.04891,False,False,SAS.UKB_local.local,local,SAS,UKB_local,local,white_blood_cell_count,white_blood_cell_count,0.19772,0.05158,NA,NA,2.3645276100060806,0.9758160166291184,0.0455694348565742,0.0455694348565742,row,5.149840000000004,2.62054887643411,False,False,False,UKB SAS
SAS,white_blood_cell_count,WBC,WBC,hematology,sumrhe,-1,38,non_synonymous,Nonsynonymous,0.00966,0.01201,1.49539,1.94793,-5.48252e-07,1.5178e-06,-0.220993,0.585441,False,False,SAS.UKB_local.local,local,SAS,UKB_local,local,white_blood_cell_count,white_blood_cell_count,0.19772,0.05158,NA,NA,0.5805217905701616,1.8792883134157905,0.0326717240664642,0.0326717240664642,row,1.4953900000000013,1.319265309388507,False,False,False,UKB SAS
SAS,white_blood_cell_count,WBC,WBC,hematology,sumrhe,-1,45,Ancient_Sequence_Age_Human_Promoter_w_flanking,Ancient promoter age,0.02125,0.01622,6.63625,4.87153,-3.60681e-06,3.9841e-06,-1.03242,1.15411,False,False,SAS.UKB_local.local,local,SAS,UKB_local,local,white_blood_cell_count,white_blood_cell_count,0.19772,0.05158,NA,NA,2.7303682363490065,1.059051749488312,0.0161951730991544,0.0161951730991544,row,6.636250000000014,2.9328643353055233,False,False,False,UKB SAS
SAS,whr,WHR,WHR,anthro_physical,sumrhe,-1,1,Coding_UCSC_w_flanking,Coding,0.03166,0.02522,1.13075,0.82157,5.51429e-07,1.05679e-06,0.34486,0.617169,False,False,SAS.UKB_local.local,local,SAS,UKB_local,local,whr,whr,0.23309,0.05352,NA,NA,0.177279995969324,1.0482201766466026,0.1201214793908714,0.1201214793908714,row,1.1307500000000004,1.0913613322486106,False,False,False,UKB SAS
SAS,whr,WHR,WHR,anthro_physical,sumrhe,-1,2,Conserved_LindbladToh_w_flanking,Conserved (LindbladToh),0.05701,0.04842,0.54932,0.45974,7.94362e-09,7.67575e-07,0.00759473,0.714753,False,False,SAS.UKB_local.local,local,SAS,UKB_local,local,whr,whr,0.23309,0.05352,NA,NA,-0.8642812754949182,1.2074284899481031,0.4452480106707821,0.4452480106707821,row,0.54932,0.6316351523478886,False,False,False,UKB SAS
SAS,whr,WHR,WHR,anthro_physical,sumrhe,-1,6,DHS_Trynka_w_flanking,DHS + flank,0.13894,0.06639,0.97769,0.45057,-2.45345e-07,1.05014e-06,-0.230239,0.931517,False,False,SAS.UKB_local.local,local,SAS,UKB_local,local,whr,whr,0.23309,0.05352,NA,NA,-0.0325509981746114,0.664868316719349,0.6096807452852223,0.6096807452852223,row,0.9776900000000001,0.9838163034920718,False,False,False,UKB SAS
SAS,whr,WHR,WHR,anthro_physical,sumrhe,-1,20,Promoter_UCSC_w_flanking,Promoter,0.03339,0.02081,1.78659,1.12278,-1.01536e-06,8.00694e-07,-0.530441,0.462225,False,False,SAS.UKB_local.local,local,SAS,UKB_local,local,whr,whr,0.23309,0.05352,NA,NA,0.8372085919434442,0.9066596913725646,0.0801803372056049,0.0801803372056049,row,1.7865900000000001,1.478500749668256,False,False,False,UKB SAS
SAS,whr,WHR,WHR,anthro_physical,sumrhe,-1,29,GERP.NS,GERP.NS,0.54897,0.18641,0.91685,0.20891,1.15693e-07,1.94261e-07,0.332377,0.507248,False,False,SAS.UKB_local.local,local,SAS,UKB_local,local,whr,whr,0.23309,0.05352,NA,NA,-0.1252423719257352,0.3287270774849903,2.568778636208764,2.568778636208764,row,0.91685,0.9387374456533797,False,False,False,UKB SAS
SAS,whr,WHR,WHR,anthro_physical,sumrhe,-1,31,Backgrd_Selection_Stat,Background selection,0.01017,0.01054,0.26029,0.23708,-1.55019e-06,7.21633e-07,-0.537778,0.229964,False,False,SAS.UKB_local.local,local,SAS,UKB_local,local,whr,whr,0.23309,0.05352,NA,NA,-1.9418082085296533,1.314050252771737,0.1676254001704119,0.1676254001704119,row,0.26029,0.33375574437769934,False,False,False,UKB SAS
SAS,whr,WHR,WHR,anthro_physical,sumrhe,-1,32,CpG_Content_50kb,CpG content (50 kb),0.00307,0.00074,1.21019,0.12683,4.86474e-05,2.93886e-05,0.565937,0.346918,False,False,SAS.UKB_local.local,local,SAS,UKB_local,local,whr,whr,0.23309,0.05352,NA,NA,0.2752335686063384,0.1511969294374827,0.0108833143568803,0.0108833143568803,row,1.2101900000000072,1.144170396890624,False,False,False,UKB SAS
SAS,whr,WHR,WHR,anthro_physical,sumrhe,-1,33,GTEx_eQTL_MaxCPP,GTEx eQTL MaxCPP,-0.01027,0.00894,-3.92422,3.36176,-4.13924e-06,3.03303e-06,-0.683008,0.46272,False,False,SAS.UKB_local.local,local,SAS,UKB_local,local,whr,whr,0.23309,0.05352,NA,NA,NA,-1.2359129917942628,0.0112277686379161,0.0112277686379161,row,-3.9242200000000187,-2.2998952187311468,True,False,False,UKB SAS
SAS,whr,WHR,WHR,anthro_physical,sumrhe,-1,34,BLUEPRINT_H3K27acQTL_MaxCPP,BLUEPRINT H3K27ac QTL,-0.00277,0.0119,-0.51346,2.15434,-8.83769e-07,2.12368e-06,-0.194339,0.444712,False,False,SAS.UKB_local.local,local,SAS,UKB_local,local,whr,whr,0.23309,0.05352,NA,NA,NA,-6.053160196293244,0.0231445910095676,0.0231445910095676,row,-0.5134600000000017,-0.5978505459521982,True,False,False,UKB SAS
SAS,whr,WHR,WHR,anthro_physical,sumrhe,-1,35,BLUEPRINT_H3K4me1QTL_MaxCPP,BLUEPRINT H3K4me1 QTL,-0.00863,0.01029,-2.28327,2.63881,-2.85015e-06,2.46563e-06,-0.524811,0.41504,False,False,SAS.UKB_local.local,local,SAS,UKB_local,local,whr,whr,0.23309,0.05352,NA,NA,NA,-1.6673446858445151,0.0162154827803473,0.0162154827803473,row,-2.2832700000000044,-1.7151333949441516,True,False,False,UKB SAS
SAS,whr,WHR,WHR,anthro_physical,sumrhe,-1,36,BLUEPRINT_DNA_methylation_MaxCPP,BLUEPRINT methylation QTL,0.0158,0.01476,1.4879,1.49689,4.78516e-07,1.42154e-06,0.147816,0.437706,False,False,SAS.UKB_local.local,local,SAS,UKB_local,local,whr,whr,0.23309,0.05352,NA,NA,0.5732775678760037,1.4514119092387123,0.0455574808525007,0.0455574808525007,row,1.4879000000000022,1.3149284981680855,False,False,False,UKB SAS
SAS,whr,WHR,WHR,anthro_physical,sumrhe,-1,38,non_synonymous,Nonsynonymous,0.01909,0.01584,2.50842,2.08632,-2.49976e-07,1.83138e-06,-0.0854724,0.589701,False,False,SAS.UKB_local.local,local,SAS,UKB_local,local,whr,whr,0.23309,0.05352,NA,NA,1.3267789275605704,1.1999280494125637,0.0326499132508223,0.0326499132508223,row,2.508420000000007,1.8108214660400785,False,False,False,UKB SAS
SAS,whr,WHR,WHR,anthro_physical,sumrhe,-1,45,Ancient_Sequence_Age_Human_Promoter_w_flanking,Ancient promoter age,0.02658,0.01586,7.04296,5.45389,1.24521e-06,4.31258e-06,0.302345,1.04132,False,False,SAS.UKB_local.local,local,SAS,UKB_local,local,whr,whr,0.23309,0.05352,NA,NA,2.8161818890646773,1.1171865318777772,0.0161910909699538,0.0161910909699538,row,7.042960000000008,3.0077265451137274,False,False,False,UKB SAS
SAS,chronic_ischaemic_heart_disease_i25,CIHD,CIHD,disease_cardiometabolic,sumrhe,-1,1,Coding_UCSC_w_flanking,Coding,0.107316418982086,0.0679177730368911,1.9853,1.37597,2.9131760192184395e-06,2.521323212978535e-06,1.993292631139748,1.7444072652744824,False,False,SAS.UKB_local.local,local,SAS,UKB_local,local,chronic_ischaemic_heart_disease_i25,chronic_ischaemic_heart_disease_i25,0.4500740760656189,0.1458911790335209,NA,NA,0.9893570304461318,0.9999018261280344,0.1201036016504929,0.1201036016504929,row,1.9853000000000005,1.5778759186808853,False,False,False,UKB SAS
SAS,chronic_ischaemic_heart_disease_i25,CIHD,CIHD,disease_cardiometabolic,sumrhe,-1,2,Conserved_LindbladToh_w_flanking,Conserved (LindbladToh),0.375227211409412,0.111013342864343,1.87237,0.61385,-3.713612852925377e-07,1.96671491721822e-06,-0.3884537487961608,1.930890668535184,False,False,SAS.UKB_local.local,local,SAS,UKB_local,local,chronic_ischaemic_heart_disease_i25,chronic_ischaemic_heart_disease_i25,0.4500740760656189,0.1458911790335209,NA,NA,0.9048655548036296,0.4729825573202359,0.4452650967238211,0.4452650967238211,row,1.8723700000000005,1.5222415997123278,False,False,False,UKB SAS
SAS,chronic_ischaemic_heart_disease_i25,CIHD,CIHD,disease_cardiometabolic,sumrhe,-1,6,DHS_Trynka_w_flanking,DHS + flank,0.444750505675169,0.1176678058524054,1.62086,0.54583,1.6653078818897135e-06,2.0338658426155343e-06,1.7098125078482884,2.2285690920624424,False,False,SAS.UKB_local.local,local,SAS,UKB_local,local,chronic_ischaemic_heart_disease_i25,chronic_ischaemic_heart_disease_i25,0.4500740760656189,0.1458911790335209,NA,NA,0.696759485039133,0.4858323570008656,0.6096589407224989,0.6096589407224989,row,1.6208600000000002,1.3900402904461102,False,False,False,UKB SAS
SAS,chronic_ischaemic_heart_disease_i25,CIHD,CIHD,disease_cardiometabolic,sumrhe,-1,20,Promoter_UCSC_w_flanking,Promoter,-0.0109428946914804,0.0448278427322808,-0.30325,1.23801,-2.0701506223879025e-06,1.7341023540186827e-06,-1.1832247825875482,0.9932092326233414,False,False,SAS.UKB_local.local,local,SAS,UKB_local,local,chronic_ischaemic_heart_disease_i25,chronic_ischaemic_heart_disease_i25,0.4500740760656189,0.1458911790335209,NA,NA,NA,-5.889763850192731,0.0801765586882153,0.0801765586882153,row,-0.30325,-0.38211385993392544,True,False,False,UKB SAS
SAS,chronic_ischaemic_heart_disease_i25,CIHD,CIHD,disease_cardiometabolic,sumrhe,-1,29,GERP.NS,GERP.NS,1.785487483454121,0.4579538052546579,1.54438,0.35826,3.659405386171827e-07,4.652673769577285e-07,1.1502270962784893,1.4607454645808091,False,False,SAS.UKB_local.local,local,SAS,UKB_local,local,chronic_ischaemic_heart_disease_i25,chronic_ischaemic_heart_disease_i25,0.4500740760656189,0.1458911790335209,NA,NA,0.6270277763519732,0.3346714703304109,2.5687310931275453,2.5687310931275453,row,1.5443800000000003,1.3473141514301314,False,False,False,UKB SAS
SAS,chronic_ischaemic_heart_disease_i25,CIHD,CIHD,disease_cardiometabolic,sumrhe,-1,31,Backgrd_Selection_Stat,Background selection,0.0911133297381372,0.0255193374272362,1.2081,0.29107,4.175348083179601e-07,2.2371670807486056e-06,0.1584746629175503,0.817144817126806,False,False,SAS.UKB_local.local,local,SAS,UKB_local,local,chronic_ischaemic_heart_disease_i25,chronic_ischaemic_heart_disease_i25,0.4500740760656189,0.1458911790335209,NA,NA,0.2727398781174608,0.3475914622560637,0.1675695237231608,0.1675695237231608,row,1.2081000000000002,1.1428055100858352,False,False,False,UKB SAS
SAS,chronic_ischaemic_heart_disease_i25,CIHD,CIHD,disease_cardiometabolic,sumrhe,-1,32,CpG_Content_50kb,CpG content (50 kb),0.0046264361726529,0.0014998948322299,0.94387,0.18063,-2.688255170221929e-05,6.65915280007306e-05,-0.3421598116785736,0.8065885150470129,False,False,SAS.UKB_local.local,local,SAS,UKB_local,local,chronic_ischaemic_heart_disease_i25,chronic_ischaemic_heart_disease_i25,0.4500740760656189,0.1458911790335209,NA,NA,-0.0833399252053897,0.2760909926534093,0.010890564553365,0.010890564553365,row,0.9438700000000064,0.9589317391975212,False,False,False,UKB SAS
SAS,chronic_ischaemic_heart_disease_i25,CIHD,CIHD,disease_cardiometabolic,sumrhe,-1,33,GTEx_eQTL_MaxCPP,GTEx eQTL MaxCPP,0.0353637175937031,0.0284768765330417,6.99949,6.50094,9.53500045072037e-06,9.581602816916132e-06,1.721376485751988,1.754589649910184,False,False,SAS.UKB_local.local,local,SAS,UKB_local,local,chronic_ischaemic_heart_disease_i25,chronic_ischaemic_heart_disease_i25,0.4500740760656189,0.1458911790335209,NA,NA,2.8072498075896943,1.3399367524086323,0.0112255471334271,0.0112255471334271,row,6.999490000000008,2.9999080252594186,False,False,False,UKB SAS
SAS,chronic_ischaemic_heart_disease_i25,CIHD,CIHD,disease_cardiometabolic,sumrhe,-1,34,BLUEPRINT_H3K27acQTL_MaxCPP,BLUEPRINT H3K27ac QTL,-0.0008872617317416,0.0291106349128572,-0.08476,2.90273,-1.48548316667294e-06,5.170897996752394e-06,-0.3573869130176066,1.2805130314730206,False,False,SAS.UKB_local.local,local,SAS,UKB_local,local,chronic_ischaemic_heart_disease_i25,chronic_ischaemic_heart_disease_i25,0.4500740760656189,0.1458911790335209,NA,NA,NA,-49.40719886785773,0.0232582376524493,0.0232582376524493,row,-0.08476000000000015,-0.11737588588630835,True,False,False,UKB SAS
SAS,chronic_ischaemic_heart_disease_i25,CIHD,CIHD,disease_cardiometabolic,sumrhe,-1,35,BLUEPRINT_H3K4me1QTL_MaxCPP,BLUEPRINT H3K4me1 QTL,-0.0039293019548559,0.0278431181532262,-0.53935,3.87468,-2.280178149458749e-06,6.982728703527511e-06,-0.4593607488578483,1.3519587261575512,False,False,SAS.UKB_local.local,local,SAS,UKB_local,local,chronic_ischaemic_heart_disease_i25,chronic_ischaemic_heart_disease_i25,0.4500740760656189,0.1458911790335209,NA,NA,NA,-10.364293355022989,0.0161867896346325,0.0161867896346325,row,-0.5393500000000027,-0.6223212926510604,True,False,False,UKB SAS
SAS,chronic_ischaemic_heart_disease_i25,CIHD,CIHD,disease_cardiometabolic,sumrhe,-1,36,BLUEPRINT_DNA_methylation_MaxCPP,BLUEPRINT methylation QTL,-0.0264699749969594,0.0256672143825264,-1.29115,1.2795,-4.3063670655667856e-06,3.011831073676381e-06,-1.4554071064948304,0.7966870966263626,False,False,SAS.UKB_local.local,local,SAS,UKB_local,local,chronic_ischaemic_heart_disease_i25,chronic_ischaemic_heart_disease_i25,0.4500740760656189,0.1458911790335209,NA,NA,NA,-1.4296776554369586,0.0455504668954665,0.0455504668954665,row,-1.2911500000000014,-1.1960719139774036,True,False,False,UKB SAS
SAS,chronic_ischaemic_heart_disease_i25,CIHD,CIHD,disease_cardiometabolic,sumrhe,-1,38,non_synonymous,Nonsynonymous,0.0192873800257174,0.0363988562807351,1.31278,2.46389,-1.4580456538827953e-06,2.987579253008776e-06,-0.5454420370602507,1.1192109611703205,False,False,SAS.UKB_local.local,local,SAS,UKB_local,local,chronic_ischaemic_heart_disease_i25,chronic_ischaemic_heart_disease_i25,0.4500740760656189,0.1458911790335209,NA,NA,0.3926251648961578,2.7077209313791406,0.0326435428556926,0.0326435428556926,row,1.3127800000000003,1.2096280381296167,False,False,False,UKB SAS
SAS,chronic_ischaemic_heart_disease_i25,CIHD,CIHD,disease_cardiometabolic,sumrhe,-1,45,Ancient_Sequence_Age_Human_Promoter_w_flanking,Ancient promoter age,0.0351735900797585,0.0228998027906656,4.8269,3.85116,6.948188871827568e-06,7.303452694272793e-06,1.845793818349428,1.8442453353747457,False,False,SAS.UKB_local.local,local,SAS,UKB_local,local,chronic_ischaemic_heart_disease_i25,chronic_ischaemic_heart_disease_i25,0.4500740760656189,0.1458911790335209,NA,NA,2.271096938446384,1.151059569013226,0.0161906542205298,0.0161906542205298,row,4.826900000000028,2.542728551676825,False,False,False,UKB SAS
SAS,dyslipidaemia_e78,DYSLIP,DYSLIP,disease_cardiometabolic,sumrhe,-1,1,Coding_UCSC_w_flanking,Coding,0.0681221529295894,0.0610063515271352,1.80859,1.61412,-2.785330272211649e-07,2.4560598140877024e-06,-0.2079998544484413,1.837595476844604,False,False,SAS.UKB_local.local,local,SAS,UKB_local,local,dyslipidaemia_e78,dyslipidaemia_e78,0.3135610816643517,0.1300119560981129,NA,NA,0.854865391924005,1.2875681715588905,0.1201229767315768,0.1201229767315768,row,1.808590000000001,1.4898460341692512,False,False,False,UKB SAS
SAS,dyslipidaemia_e78,DYSLIP,DYSLIP,disease_cardiometabolic,sumrhe,-1,2,Conserved_LindbladToh_w_flanking,Conserved (LindbladToh),0.1124232370559294,0.1189607792022022,0.80528,0.73942,-9.266443952735408e-07,1.3784769027451297e-06,-1.0578883648424624,1.708579411687692,False,False,SAS.UKB_local.local,local,SAS,UKB_local,local,dyslipidaemia_e78,dyslipidaemia_e78,0.3135610816643517,0.1300119560981129,NA,NA,-0.3124375919399098,1.3247039130912446,0.4452326646591388,0.4452326646591388,row,0.80528,0.8522226173246508,False,False,False,UKB SAS
SAS,dyslipidaemia_e78,DYSLIP,DYSLIP,disease_cardiometabolic,sumrhe,-1,6,DHS_Trynka_w_flanking,DHS + flank,0.224011210741819,0.1389749745689243,1.17178,0.55291,-2.9268752879191565e-07,1.0635777934130026e-06,-0.3279757999003842,1.2005079790010411,False,False,SAS.UKB_local.local,local,SAS,UKB_local,local,dyslipidaemia_e78,dyslipidaemia_e78,0.3135610816643517,0.1300119560981129,NA,NA,0.2287017312770884,0.6807425583794883,0.6096793958185431,0.6096793958185431,row,1.1717799999999998,1.118877966409168,False,False,False,UKB SAS
SAS,dyslipidaemia_e78,DYSLIP,DYSLIP,disease_cardiometabolic,sumrhe,-1,20,Promoter_UCSC_w_flanking,Promoter,-0.0438673896842039,0.0365588351963559,-1.74523,1.77039,-3.138839430823864e-06,1.619431109693063e-06,-1.958017966944376,1.0333268029361584,False,False,SAS.UKB_local.local,local,SAS,UKB_local,local,dyslipidaemia_e78,dyslipidaemia_e78,0.3135610816643517,0.1300119560981129,NA,NA,NA,-1.4634935644238365,0.0801617092562554,0.0801617092562554,row,-1.745230000000002,-1.456927025718199,True,False,False,UKB SAS
SAS,dyslipidaemia_e78,DYSLIP,DYSLIP,disease_cardiometabolic,sumrhe,-1,29,GERP.NS,GERP.NS,1.0908218357577035,0.5065551084148864,1.3543,0.36008,2.928915258072908e-07,5.405872719168721e-07,1.00476240195651,1.7154221462191714,False,False,SAS.UKB_local.local,local,SAS,UKB_local,local,dyslipidaemia_e78,dyslipidaemia_e78,0.3135610816643517,0.1300119560981129,NA,NA,0.4375473552877847,0.3835823896649915,2.568720138462905,2.568720138462905,row,1.3543,1.2352981695418108,False,False,False,UKB SAS
SAS,dyslipidaemia_e78,DYSLIP,DYSLIP,disease_cardiometabolic,sumrhe,-1,31,Backgrd_Selection_Stat,Background selection,0.0857590602431214,0.0278046325680545,1.6322,0.38287,2.575518538760506e-06,1.3087565054824833e-06,1.0668819025517944,0.6585955296220867,False,False,SAS.UKB_local.local,local,SAS,UKB_local,local,dyslipidaemia_e78,dyslipidaemia_e78,0.3135610816643517,0.1300119560981129,NA,NA,0.7068178473397615,0.3384172591013095,0.1675654533603388,0.1675654533603388,row,1.6321999999999999,1.3962691121909374,False,False,False,UKB SAS
SAS,dyslipidaemia_e78,DYSLIP,DYSLIP,disease_cardiometabolic,sumrhe,-1,32,CpG_Content_50kb,CpG content (50 kb),0.0031964886661137,0.0017187150114279,0.93763,0.24445,-0.0001233460725224,5.681204438896637e-05,-1.7134303643367692,1.1902936717508816,False,False,SAS.UKB_local.local,local,SAS,UKB_local,local,dyslipidaemia_e78,dyslipidaemia_e78,0.3135610816643517,0.1300119560981129,NA,NA,-0.0929093645482535,0.376125766821995,0.010872252263539,0.010872252263539,row,0.937630000000005,0.9542931073229227,False,False,False,UKB SAS
SAS,dyslipidaemia_e78,DYSLIP,DYSLIP,disease_cardiometabolic,sumrhe,-1,33,GTEx_eQTL_MaxCPP,GTEx eQTL MaxCPP,0.0182312293268295,0.0268569298982017,5.17893,8.13959,3.302759867194168e-06,8.604867175392564e-06,0.6507520853222709,1.6657882267302702,False,False,SAS.UKB_local.local,local,SAS,UKB_local,local,dyslipidaemia_e78,dyslipidaemia_e78,0.3135610816643517,0.1300119560981129,NA,NA,2.3726540586936395,2.2674463890937697,0.0112267424334606,0.0112267424334606,row,5.178930000000036,2.6273570294977446,False,False,False,UKB SAS
SAS,dyslipidaemia_e78,DYSLIP,DYSLIP,disease_cardiometabolic,sumrhe,-1,34,BLUEPRINT_H3K27acQTL_MaxCPP,BLUEPRINT H3K27ac QTL,-0.01355696700603,0.0246723949304054,-1.86941,3.46181,-5.612070332268731e-06,4.820626163641819e-06,-1.473592519008408,1.1774643476422133,False,False,SAS.UKB_local.local,local,SAS,UKB_local,local,dyslipidaemia_e78,dyslipidaemia_e78,0.3135610816643517,0.1300119560981129,NA,NA,NA,-2.6716108930089293,0.0231278799113859,0.0231278799113859,row,-1.869410000000004,-1.5207541245045262,True,False,False,UKB SAS
SAS,dyslipidaemia_e78,DYSLIP,DYSLIP,disease_cardiometabolic,sumrhe,-1,35,BLUEPRINT_H3K4me1QTL_MaxCPP,BLUEPRINT H3K4me1 QTL,0.0085453867857914,0.0208976470081103,1.68278,4.22584,1.5270863190323205e-07,5.030277269521801e-06,0.0335761418274581,1.1012256835418337,False,False,SAS.UKB_local.local,local,SAS,UKB_local,local,dyslipidaemia_e78,dyslipidaemia_e78,0.3135610816643517,0.1300119560981129,NA,NA,0.7508465767537573,3.622932535203781,0.0161950476105752,0.0161950476105752,row,1.6827800000000086,1.4237287519810473,False,False,False,UKB SAS
SAS,dyslipidaemia_e78,DYSLIP,DYSLIP,disease_cardiometabolic,sumrhe,-1,36,BLUEPRINT_DNA_methylation_MaxCPP,BLUEPRINT methylation QTL,0.058613000716829,0.0193877478391922,4.10183,2.34788,4.367286969552735e-06,2.237975760721743e-06,1.6109017856643877,1.226020456128621,False,False,SAS.UKB_local.local,local,SAS,UKB_local,local,dyslipidaemia_e78,dyslipidaemia_e78,0.3135610816643517,0.1300119560981129,NA,NA,2.0362677006819205,0.825796006319711,0.0455715861546478,0.0455715861546478,row,4.101830000000008,2.3510148271561704,False,False,False,UKB SAS
SAS,dyslipidaemia_e78,DYSLIP,DYSLIP,disease_cardiometabolic,sumrhe,-1,38,non_synonymous,Nonsynonymous,-0.0165607025867499,0.0243672025451985,-1.6173,2.53877,-3.697052366124287e-06,3.2701203447341526e-06,-1.5094445928916536,1.3283771632998596,False,False,SAS.UKB_local.local,local,SAS,UKB_local,local,dyslipidaemia_e78,dyslipidaemia_e78,0.3135610816643517,0.1300119560981129,NA,NA,NA,-2.2646824268581427,0.0326562278294578,0.0326562278294578,row,-1.6173000000000048,-1.3880792983663262,True,False,False,UKB SAS
SAS,dyslipidaemia_e78,DYSLIP,DYSLIP,disease_cardiometabolic,sumrhe,-1,45,Ancient_Sequence_Age_Human_Promoter_w_flanking,Ancient promoter age,-0.0080795668294231,0.0148901758466704,-1.59086,2.86897,-7.01385108303797e-07,4.693232436953638e-06,-0.2033528988147393,1.2986723065649646,False,False,SAS.UKB_local.local,local,SAS,UKB_local,local,dyslipidaemia_e78,dyslipidaemia_e78,0.3135610816643517,0.1300119560981129,NA,NA,NA,-2.601768094904146,0.0161969768464434,0.0161969768464434,row,-1.5908600000000035,-1.3734310599940185,True,False,False,UKB SAS
SAS,hypertension_i10,HTN,HTN,disease_cardiometabolic,sumrhe,-1,1,Coding_UCSC_w_flanking,Coding,0.1000806116954391,0.0331453149181438,2.62992,1.30206,-1.2376944876819871e-06,1.5239973656170076e-06,-0.8953904932325167,1.105759467308812,False,False,SAS.UKB_local.local,local,SAS,UKB_local,local,hypertension_i10,hypertension_i10,0.3168302161293164,0.1072820131340112,NA,NA,1.395018914590324,0.7142709682955694,0.1201104570862414,0.1201104570862414,row,2.62992,1.8599377529386327,False,False,False,UKB SAS
SAS,hypertension_i10,HTN,HTN,disease_cardiometabolic,sumrhe,-1,2,Conserved_LindbladToh_w_flanking,Conserved (LindbladToh),0.3416577551500703,0.0720769087214286,2.42183,0.85268,8.166829491690666e-07,1.4739413361853609e-06,0.903217693311384,1.662831894617356,False,False,SAS.UKB_local.local,local,SAS,UKB_local,local,hypertension_i10,hypertension_i10,0.3168302161293164,0.1072820131340112,NA,NA,1.2760975988205654,0.5079453171631376,0.4452675385466412,0.4452675385466412,row,2.42183,1.7747680870484872,False,False,False,UKB SAS
SAS,hypertension_i10,HTN,HTN,disease_cardiometabolic,sumrhe,-1,6,DHS_Trynka_w_flanking,DHS + flank,0.2340927175053728,0.0866683946056968,1.21188,0.45915,3.352126580983876e-07,1.4341339387573415e-06,0.3638893304644742,1.5387492320573313,False,False,SAS.UKB_local.local,local,SAS,UKB_local,local,hypertension_i10,hypertension_i10,0.3168302161293164,0.1072820131340112,NA,NA,0.2772468506458986,0.5465998514903848,0.6096796389032285,0.6096796389032285,row,1.21188,1.1452731178958524,False,False,False,UKB SAS
SAS,hypertension_i10,HTN,HTN,disease_cardiometabolic,sumrhe,-1,20,Promoter_UCSC_w_flanking,Promoter,0.013176363330837,0.0510859241788659,0.51898,2.05072,-1.8503670801148428e-06,2.0440344633438645e-06,-1.1181952498366867,1.246845613527509,False,False,SAS.UKB_local.local,local,SAS,UKB_local,local,hypertension_i10,hypertension_i10,0.3168302161293164,0.1072820131340112,NA,NA,-0.946249152560052,5.70072753141126,0.0801342813403687,0.0801342813403687,row,0.5189800000000003,0.6031028743885335,False,False,False,UKB SAS
SAS,hypertension_i10,HTN,HTN,disease_cardiometabolic,sumrhe,-1,29,GERP.NS,GERP.NS,1.443440728083741,0.3427269588571072,1.77355,0.32644,2.490254051608573e-07,4.362901450147993e-07,0.8275872546224503,1.2702800430123296,False,False,SAS.UKB_local.local,local,SAS,UKB_local,local,hypertension_i10,hypertension_i10,0.3168302161293164,0.1072820131340112,NA,NA,0.8266400033688004,0.2655427640313457,2.5687919107441286,2.5687919107441286,row,1.7735499999999997,1.471733733792754,False,False,False,UKB SAS
SAS,hypertension_i10,HTN,HTN,disease_cardiometabolic,sumrhe,-1,31,Backgrd_Selection_Stat,Background selection,0.0668881260255142,0.0260539785670609,1.26,0.5265,-5.54361681439527e-07,2.2275129641881818e-06,-0.2224619824745611,0.8401834177063806,False,False,SAS.UKB_local.local,local,SAS,UKB_local,local,hypertension_i10,hypertension_i10,0.3168302161293164,0.1072820131340112,NA,NA,0.3334237337251918,0.6028404278000311,0.1675528772302964,0.1675528772302964,row,1.2600000000000005,1.1763227726404635,False,False,False,UKB SAS
SAS,hypertension_i10,HTN,HTN,disease_cardiometabolic,sumrhe,-1,32,CpG_Content_50kb,CpG content (50 kb),0.0041510261567314,0.0014151225534311,1.20358,0.20255,7.300617253151509e-05,7.474488644216421e-05,0.9824551221531744,0.9141078475392334,False,False,SAS.UKB_local.local,local,SAS,UKB_local,local,hypertension_i10,hypertension_i10,0.3168302161293164,0.1072820131340112,NA,NA,0.2673320385863548,0.2427905752272882,0.0108856386552654,0.0108856386552654,row,1.203580000000009,1.1398492739732806,False,False,False,UKB SAS
SAS,hypertension_i10,HTN,HTN,disease_cardiometabolic,sumrhe,-1,33,GTEx_eQTL_MaxCPP,GTEx eQTL MaxCPP,0.0034120177121618,0.0150317462342246,0.95935,4.24398,-2.373962424884383e-07,5.033873947065429e-06,-0.0453131675759023,0.899785234940117,False,False,SAS.UKB_local.local,local,SAS,UKB_local,local,hypertension_i10,hypertension_i10,0.3168302161293164,0.1072820131340112,NA,NA,-0.05987084466607,6.382205555461451,0.0112255493503211,0.0112255493503211,row,0.9593500000000004,0.9703751302050148,False,False,False,UKB SAS
SAS,hypertension_i10,HTN,HTN,disease_cardiometabolic,sumrhe,-1,34,BLUEPRINT_H3K27acQTL_MaxCPP,BLUEPRINT H3K27ac QTL,-0.0229092617816582,0.0210538788782707,-3.12815,2.79901,-5.596165031879349e-06,4.425009606659696e-06,-1.4234985065891097,1.0226540368209762,False,False,SAS.UKB_local.local,local,SAS,UKB_local,local,hypertension_i10,hypertension_i10,0.3168302161293164,0.1072820131340112,NA,NA,NA,-1.2908964871884716,0.0231151614557141,0.0231151614557141,row,-3.128150000000002,-2.045495393320389,True,False,False,UKB SAS
SAS,hypertension_i10,HTN,HTN,disease_cardiometabolic,sumrhe,-1,35,BLUEPRINT_H3K4me1QTL_MaxCPP,BLUEPRINT H3K4me1 QTL,-0.0124845256380484,0.0162424621966046,-2.43099,3.31422,-3.828456832468814e-06,4.46694440499304e-06,-0.8154627990563305,0.9878388772897836,False,False,SAS.UKB_local.local,local,SAS,UKB_local,local,hypertension_i10,hypertension_i10,0.3168302161293164,0.1072820131340112,NA,NA,NA,-1.966856613320096,0.0162092260771292,0.0162092260771292,row,-2.430990000000005,-1.7786249210073641,True,False,False,UKB SAS
SAS,hypertension_i10,HTN,HTN,disease_cardiometabolic,sumrhe,-1,36,BLUEPRINT_DNA_methylation_MaxCPP,BLUEPRINT methylation QTL,0.0425951888582788,0.0233966928833956,2.94991,2.11695,3.416892023179243e-06,2.494279289093888e-06,1.2209583049500743,1.1077233429412958,False,False,SAS.UKB_local.local,local,SAS,UKB_local,local,hypertension_i10,hypertension_i10,0.3168302161293164,0.1072820131340112,NA,NA,1.5606709393780824,1.035324218979525,0.0455748437562207,0.0455748437562207,row,2.9499100000000023,1.9818197813826728,False,False,False,UKB SAS
SAS,hypertension_i10,HTN,HTN,disease_cardiometabolic,sumrhe,-1,38,non_synonymous,Nonsynonymous,0.0909766566016985,0.0311326961754861,8.79217,4.73987,5.193358258837124e-06,3.3636362444184496e-06,2.0540975570571534,1.538239787938096,False,False,SAS.UKB_local.local,local,SAS,UKB_local,local,hypertension_i10,hypertension_i10,0.3168302161293164,0.1072820131340112,NA,NA,3.136219281622205,0.7777587266236174,0.0326593323360571,0.0326593323360571,row,8.792170000000016,3.291628604602054,False,False,False,UKB SAS
SAS,hypertension_i10,HTN,HTN,disease_cardiometabolic,sumrhe,-1,45,Ancient_Sequence_Age_Human_Promoter_w_flanking,Ancient promoter age,0.0230193268691473,0.0173588366554225,4.48577,3.64863,-2.697600952854096e-06,5.18911289117683e-06,-0.7576754834077715,1.4642713320702478,False,False,SAS.UKB_local.local,local,SAS,UKB_local,local,hypertension_i10,hypertension_i10,0.3168302161293164,0.1072820131340112,NA,NA,2.1653556506591385,1.1734574904729174,0.0161967927130983,0.0161967927130983,row,4.485770000000006,2.4556941360732942,False,False,False,UKB SAS
SAS,ever_smoked,SMK,SMK,behavior_cognitive,sumrhe,-1,1,Coding_UCSC_w_flanking,Coding,0.1003438754857743,0.0624634658137745,1.69972,1.03607,3.972294553039297e-07,2.621095907587889e-06,0.2008548202851335,1.331230452900187,False,False,SAS.UKB_local.local,local,SAS,UKB_local,local,ever_smoked,ever_smoked,0.4914906439440832,0.1060378704589732,NA,NA,0.7652971064324167,0.8793995781739513,0.1201152724597621,0.1201152724597621,row,1.6997200000000008,1.4328097866988134,False,False,False,UKB SAS
SAS,ever_smoked,SMK,SMK,behavior_cognitive,sumrhe,-1,2,Conserved_LindbladToh_w_flanking,Conserved (LindbladToh),0.1387698176102961,0.0920586013630957,0.63411,0.40586,-2.5505346944319904e-06,1.789039582267776e-06,-1.971554283414684,1.1642395596053594,False,False,SAS.UKB_local.local,local,SAS,UKB_local,local,ever_smoked,ever_smoked,0.4914906439440832,0.1060378704589732,NA,NA,-0.6571949663696083,0.9233921705937372,0.4452615157359494,0.4452615157359494,row,0.6341100000000001,0.7085051016678423,False,False,False,UKB SAS
SAS,ever_smoked,SMK,SMK,behavior_cognitive,sumrhe,-1,6,DHS_Trynka_w_flanking,DHS + flank,0.3465835862429141,0.0991675711350236,1.15665,0.23877,5.530267045885703e-07,1.266840575613444e-06,0.4195996954351619,0.9279080820171516,False,False,SAS.UKB_local.local,local,SAS,UKB_local,local,ever_smoked,ever_smoked,0.4914906439440832,0.1060378704589732,NA,NA,0.2099523738196271,0.2978189555293804,0.6096643129215893,0.6096643129215893,row,1.15665,1.1087920623419476,False,False,False,UKB SAS
SAS,ever_smoked,SMK,SMK,behavior_cognitive,sumrhe,-1,20,Promoter_UCSC_w_flanking,Promoter,0.0285893100899836,0.042892489079546,0.72542,1.08802,-1.38723958788506e-06,1.846150010891178e-06,-0.5859393593647911,0.7178252393398247,False,False,SAS.UKB_local.local,local,SAS,UKB_local,local,ever_smoked,ever_smoked,0.4914906439440832,0.1060378704589732,NA,NA,-0.4631115735892887,2.163823796404856,0.0801860637998192,0.0801860637998192,row,0.7254200000000008,0.7869475840145871,False,False,False,UKB SAS
SAS,ever_smoked,SMK,SMK,behavior_cognitive,sumrhe,-1,29,GERP.NS,GERP.NS,1.3380717708125962,0.483171274043122,1.05985,0.26119,1.7724690340224188e-07,5.617773860848068e-07,0.4117065227627336,1.1888533019475886,False,False,SAS.UKB_local.local,local,SAS,UKB_local,local,ever_smoked,ever_smoked,0.4914906439440832,0.1060378704589732,NA,NA,0.0838600953835688,0.3555385363304131,2.5687376391835235,2.5687376391835235,row,1.0598500000000002,1.0425392829738764,False,False,False,UKB SAS
SAS,ever_smoked,SMK,SMK,behavior_cognitive,sumrhe,-1,31,Backgrd_Selection_Stat,Background selection,0.0620884122526656,0.01998012607362,0.75399,0.18178,-1.7032034604412598e-06,1.3581149740760393e-06,-0.4777159495179015,0.3536720985478724,False,False,SAS.UKB_local.local,local,SAS,UKB_local,local,ever_smoked,ever_smoked,0.4914906439440832,0.1060378704589732,NA,NA,-0.4073827054067903,0.3478204015077067,0.1675443215109835,0.1675443215109835,row,0.75399,0.8106405225879282,False,False,False,UKB SAS
SAS,ever_smoked,SMK,SMK,behavior_cognitive,sumrhe,-1,32,CpG_Content_50kb,CpG content (50 kb),0.0059326654211772,0.0016365973575661,1.10726,0.15677,4.784916284738312e-05,9.210070964927476e-05,0.4500574541750336,0.7996414689068189,False,False,SAS.UKB_local.local,local,SAS,UKB_local,local,ever_smoked,ever_smoked,0.4914906439440832,0.1060378704589732,NA,NA,0.1469940266973873,0.204262143995234,0.010901468151464,0.010901468151464,row,1.1072600000000026,1.0753683291382108,False,False,False,UKB SAS
SAS,ever_smoked,SMK,SMK,behavior_cognitive,sumrhe,-1,33,GTEx_eQTL_MaxCPP,GTEx eQTL MaxCPP,0.0335331979409646,0.0144566099918342,6.07773,2.65783,8.566052856836057e-06,4.697852714893622e-06,1.1428018390101573,0.6153554920781285,False,False,SAS.UKB_local.local,local,SAS,UKB_local,local,ever_smoked,ever_smoked,0.4914906439440832,0.1060378704589732,NA,NA,2.603532585305552,0.6308997208704424,0.0112258262140892,0.0112258262140892,row,6.077730000000024,2.8232867271360274,False,False,False,UKB SAS
SAS,ever_smoked,SMK,SMK,behavior_cognitive,sumrhe,-1,34,BLUEPRINT_H3K27acQTL_MaxCPP,BLUEPRINT H3K27ac QTL,0.0181389540463581,0.0237136137955678,1.59605,2.20804,5.041026723308273e-07,4.268603914204477e-06,0.089624162793716,0.7427356149531128,False,False,SAS.UKB_local.local,local,SAS,UKB_local,local,ever_smoked,ever_smoked,0.4914906439440832,0.1060378704589732,NA,NA,0.6745058480653575,1.995882558870002,0.0231233361697451,0.0231233361697451,row,1.5960500000000049,1.376318169953919,False,False,False,UKB SAS
SAS,ever_smoked,SMK,SMK,behavior_cognitive,sumrhe,-1,35,BLUEPRINT_H3K4me1QTL_MaxCPP,BLUEPRINT H3K4me1 QTL,0.0074499275547542,0.0152237650031934,0.93512,2.00624,-1.1623489486995878e-06,3.849430415997847e-06,-0.1730445987289079,0.536778361447984,False,False,SAS.UKB_local.local,local,SAS,UKB_local,local,ever_smoked,ever_smoked,0.4914906439440832,0.1060378704589732,NA,NA,-0.0967765830460893,3.095209704458331,0.016209493662303,0.016209493662303,row,0.9351200000000033,0.9524230330554561,False,False,False,UKB SAS
SAS,ever_smoked,SMK,SMK,behavior_cognitive,sumrhe,-1,36,BLUEPRINT_DNA_methylation_MaxCPP,BLUEPRINT methylation QTL,0.0390396661336091,0.0382554632331086,1.74312,1.83533,8.739634464072916e-07,3.7343060206265534e-06,0.2182743534097282,0.9098577769943282,False,False,SAS.UKB_local.local,local,SAS,UKB_local,local,ever_smoked,ever_smoked,0.4914906439440832,0.1060378704589732,NA,NA,0.8016718910044371,1.5190127411737238,0.0455683763077745,0.0455683763077745,row,1.7431200000000031,1.4558177354264907,False,False,False,UKB SAS
SAS,ever_smoked,SMK,SMK,behavior_cognitive,sumrhe,-1,38,non_synonymous,Nonsynonymous,0.0320670794748116,0.022042920659719,1.99817,1.32438,5.171357835793619e-07,3.119678473414759e-06,0.1429607001979053,0.8427351230782325,False,False,SAS.UKB_local.local,local,SAS,UKB_local,local,ever_smoked,ever_smoked,0.4914906439440832,0.1060378704589732,NA,NA,0.9986793297387584,0.9562131641714796,0.0326521451831859,0.0326521451831859,row,1.9981700000000022,1.5840821882235978,False,False,False,UKB SAS
SAS,ever_smoked,SMK,SMK,behavior_cognitive,sumrhe,-1,45,Ancient_Sequence_Age_Human_Promoter_w_flanking,Ancient promoter age,0.0223327347751213,0.0241909546915245,2.80588,3.06925,5.15269039718388e-06,5.121066562826743e-06,1.0115330926220392,0.968430914506055,False,False,SAS.UKB_local.local,local,SAS,UKB_local,local,ever_smoked,ever_smoked,0.4914906439440832,0.1060378704589732,NA,NA,1.4884533100601405,1.578111592173739,0.0161941277066734,0.0161941277066734,row,2.8058800000000135,1.9282300739256073,False,False,False,UKB SAS
SAS,type2_diabetes_e11,T2D,T2D,disease_cardiometabolic,sumrhe,-1,1,Coding_UCSC_w_flanking,Coding,0.0738029678735317,0.0485704272737758,1.55736,0.99623,1.2231567017723373e-06,2.498836043493444e-06,0.8002150537053405,1.5539030732493344,False,False,SAS.UKB_local.local,local,SAS,UKB_local,local,type2_diabetes_e11,type2_diabetes_e11,0.3945483997500082,0.1007530919386745,NA,NA,0.6391024769674793,0.9228797969543406,0.1201114817138199,0.1201114817138199,row,1.55736,1.3546552633003628,False,False,False,UKB SAS
SAS,type2_diabetes_e11,T2D,T2D,disease_cardiometabolic,sumrhe,-1,2,Conserved_LindbladToh_w_flanking,Conserved (LindbladToh),0.2486954615604014,0.1311029688425213,1.41559,0.62951,-3.714548703112702e-07,1.7233595038034851e-06,-0.3715115328585819,1.5966638187190545,False,False,SAS.UKB_local.local,local,SAS,UKB_local,local,type2_diabetes_e11,type2_diabetes_e11,0.3945483997500082,0.1007530919386745,NA,NA,0.5014034754365565,0.641563556672491,0.4452768201786334,0.4452768201786334,row,1.41559,1.2723756056720037,False,False,False,UKB SAS
SAS,type2_diabetes_e11,T2D,T2D,disease_cardiometabolic,sumrhe,-1,6,DHS_Trynka_w_flanking,DHS + flank,0.2632506534011027,0.1598769186492605,1.09434,0.44195,-9.89924803514228e-07,1.498159521626814e-06,-0.9717998711928878,1.5681944301041155,False,False,SAS.UKB_local.local,local,SAS,UKB_local,local,type2_diabetes_e11,type2_diabetes_e11,0.3945483997500082,0.1007530919386745,NA,NA,0.1300610380453358,0.5826334350575482,0.609700986642111,0.609700986642111,row,1.09434,1.0664956717319356,False,False,False,UKB SAS
SAS,type2_diabetes_e11,T2D,T2D,disease_cardiometabolic,sumrhe,-1,20,Promoter_UCSC_w_flanking,Promoter,0.0336079733742714,0.0501640614169182,1.06237,1.35359,-6.6956892665052e-07,1.866588257770717e-06,-0.3659161063115483,1.0042923006669595,False,False,SAS.UKB_local.local,local,SAS,UKB_local,local,type2_diabetes_e11,type2_diabetes_e11,0.3945483997500082,0.1007530919386745,NA,NA,0.0872863124692379,1.8381708636321543,0.0801800347122435,0.0801800347122435,row,1.0623700000000005,1.0443031829869427,False,False,False,UKB SAS
SAS,type2_diabetes_e11,T2D,T2D,disease_cardiometabolic,sumrhe,-1,29,GERP.NS,GERP.NS,1.2020605271263378,0.4692013058332159,1.18606,0.29435,1.900072281822744e-07,3.842853958681706e-07,0.571036298284624,1.0911347372406035,False,False,SAS.UKB_local.local,local,SAS,UKB_local,local,type2_diabetes_e11,type2_diabetes_e11,0.3945483997500082,0.1007530919386745,NA,NA,0.2461769942961757,0.3580403059589451,2.568735515691413,2.568735515691413,row,1.18606,1.1283329986834354,False,False,False,UKB SAS
SAS,type2_diabetes_e11,T2D,T2D,disease_cardiometabolic,sumrhe,-1,31,Backgrd_Selection_Stat,Background selection,0.0628423063779184,0.0228066752929723,0.95063,0.21133,-1.4526772031815275e-06,1.018898842941162e-06,-0.5271794866653429,0.373089230660293,False,False,SAS.UKB_local.local,local,SAS,UKB_local,local,type2_diabetes_e11,type2_diabetes_e11,0.3945483997500082,0.1007530919386745,NA,NA,-0.0730441639305865,0.3207186213259256,0.167548411149464,0.167548411149464,row,0.9506300000000003,0.9639401501725329,False,False,False,UKB SAS
SAS,type2_diabetes_e11,T2D,T2D,disease_cardiometabolic,sumrhe,-1,32,CpG_Content_50kb,CpG content (50 kb),0.0041965699102751,0.0015405130050377,0.97408,0.1896,-9.344964373111292e-07,9.189407973694552e-05,-0.0113725273863854,1.0765193414433836,False,False,SAS.UKB_local.local,local,SAS,UKB_local,local,type2_diabetes_e11,type2_diabetes_e11,0.3945483997500082,0.1007530919386745,NA,NA,-0.0378878309332663,0.2808136700810482,0.0109194194685937,0.0109194194685937,row,0.9740800000000043,0.9811804564937154,False,False,False,UKB SAS
SAS,type2_diabetes_e11,T2D,T2D,disease_cardiometabolic,sumrhe,-1,33,GTEx_eQTL_MaxCPP,GTEx eQTL MaxCPP,0.0363171514176136,0.0184684490144178,8.19926,3.80095,1.0405687258786928e-05,5.708698520518957e-06,1.7961673356898544,0.9211347003731816,False,False,SAS.UKB_local.local,local,SAS,UKB_local,local,type2_diabetes_e11,type2_diabetes_e11,0.3945483997500082,0.1007530919386745,NA,NA,3.035493709425222,0.6687934905914564,0.0112263048755786,0.0112263048755786,row,8.199260000000027,3.201517813640479,False,False,False,UKB SAS
SAS,type2_diabetes_e11,T2D,T2D,disease_cardiometabolic,sumrhe,-1,34,BLUEPRINT_H3K27acQTL_MaxCPP,BLUEPRINT H3K27ac QTL,-0.0149624538995043,0.0197964774670365,-1.64065,2.47113,-2.26547488379928e-06,4.130327851058575e-06,-0.5211360718536259,0.9714404181583792,False,False,SAS.UKB_local.local,local,SAS,UKB_local,local,type2_diabetes_e11,type2_diabetes_e11,0.3945483997500082,0.1007530919386745,NA,NA,NA,-2.172972295365827,0.0231146113823955,0.0231146113823955,row,-1.64065,-1.400893094868803,True,False,False,UKB SAS
SAS,type2_diabetes_e11,T2D,T2D,disease_cardiometabolic,sumrhe,-1,35,BLUEPRINT_H3K4me1QTL_MaxCPP,BLUEPRINT H3K4me1 QTL,-0.0269501240651428,0.023939926239207,-4.21365,3.72436,-7.152796659896568e-06,6.221370624367893e-06,-1.377787022681452,1.1410225687393774,False,False,SAS.UKB_local.local,local,SAS,UKB_local,local,type2_diabetes_e11,type2_diabetes_e11,0.3945483997500082,0.1007530919386745,NA,NA,NA,-1.2751689633655428,0.0162107095204633,0.0162107095204633,row,-4.213650000000001,-2.382293735882153,True,False,False,UKB SAS
SAS,type2_diabetes_e11,T2D,T2D,disease_cardiometabolic,sumrhe,-1,36,BLUEPRINT_DNA_methylation_MaxCPP,BLUEPRINT methylation QTL,-0.0301728064434976,0.0301905134895325,-1.67826,1.6667,-3.907219071018628e-06,3.1073918016214523e-06,-1.2625902932920965,0.9257420737514668,False,False,SAS.UKB_local.local,local,SAS,UKB_local,local,type2_diabetes_e11,type2_diabetes_e11,0.3945483997500082,0.1007530919386745,NA,NA,NA,-1.4327576326967426,0.0455676022639922,0.0455676022639922,row,-1.6782600000000025,-1.4212960213429706,True,False,False,UKB SAS
SAS,type2_diabetes_e11,T2D,T2D,disease_cardiometabolic,sumrhe,-1,38,non_synonymous,Nonsynonymous,-0.0319435110469892,0.038565946264048,-2.47897,3.06708,-4.047777602443794e-06,3.965882514532306e-06,-1.44782016045415,1.3018662921021444,False,False,SAS.UKB_local.local,local,SAS,UKB_local,local,type2_diabetes_e11,type2_diabetes_e11,0.3945483997500082,0.1007530919386745,NA,NA,NA,-1.7849595219021297,0.0326596173615088,0.0326596173615088,row,-2.4789700000000026,-1.7986602383030654,True,False,False,UKB SAS
SAS,type2_diabetes_e11,T2D,T2D,disease_cardiometabolic,sumrhe,-1,45,Ancient_Sequence_Age_Human_Promoter_w_flanking,Ancient promoter age,0.0360869598191597,0.0215494750244933,5.6472,3.54425,4.2494077356433886e-06,6.143105480893562e-06,1.0793436152859528,1.5203765522868236,False,False,SAS.UKB_local.local,local,SAS,UKB_local,local,type2_diabetes_e11,type2_diabetes_e11,0.3945483997500082,0.1007530919386745,NA,NA,2.4975357263960043,0.9054525957413778,0.01619633835217,0.01619633835217,row,5.647200000000034,2.732746762150069,False,False,False,UKB SAS
SAS,apo_b,ApoB,ApoB,biochem_lipids,sumrhe,-1,1,Coding_UCSC_w_flanking,Coding,0.1564,0.06039,6.03204,1.9879,2.91622e-06,1.31561e-06,1.96929,0.973138,False,False,SAS.UKB_local.local,local,SAS,UKB_local,local,apo_b,apo_b,0.21586,0.0747,NA,NA,2.5926459955180987,0.4754500089162489,0.1201158622492933,0.1201158622492933,row,6.032040000000002,2.81394327691441,False,False,False,UKB SAS
SAS,apo_b,ApoB,ApoB,biochem_lipids,sumrhe,-1,2,Conserved_LindbladToh_w_flanking,Conserved (LindbladToh),0.21514,0.0857,2.23837,0.75406,1.98025e-07,9.54312e-07,0.204434,0.913934,False,False,SAS.UKB_local.local,local,SAS,UKB_local,local,apo_b,apo_b,0.21586,0.0747,NA,NA,1.1624485318659905,0.4860137611443736,0.4452635197807382,0.4452635197807382,row,2.2383700000000006,1.6952678301955957,False,False,False,UKB SAS
SAS,apo_b,ApoB,ApoB,biochem_lipids,sumrhe,-1,6,DHS_Trynka_w_flanking,DHS + flank,0.21976,0.06662,1.66983,0.53521,1.06871e-06,1.06831e-06,1.08293,1.14993,False,False,SAS.UKB_local.local,local,SAS,UKB_local,local,apo_b,apo_b,0.21586,0.0747,NA,NA,0.7397012340520233,0.4624092349725314,0.6096831808150766,0.6096831808150766,row,1.6698300000000001,1.4167478820007968,False,False,False,UKB SAS
SAS,apo_b,ApoB,ApoB,biochem_lipids,sumrhe,-1,20,Promoter_UCSC_w_flanking,Promoter,0.06466,0.03618,3.73624,2.03212,4.12078e-08,1.31197e-06,0.0232451,0.739794,False,False,SAS.UKB_local.local,local,SAS,UKB_local,local,apo_b,apo_b,0.21586,0.0747,NA,NA,1.9015871305531613,0.7846737486058927,0.0801731157630018,0.0801731157630018,row,3.736240000000004,2.24374218866048,False,False,False,UKB SAS
SAS,apo_b,ApoB,ApoB,biochem_lipids,sumrhe,-1,29,GERP.NS,GERP.NS,0.99789,0.2945,1.79961,0.43414,4.20654e-07,2.89021e-07,1.30493,0.978437,False,False,SAS.UKB_local.local,local,SAS,UKB_local,local,apo_b,apo_b,0.21586,0.0747,NA,NA,0.8476842887612732,0.3480374220256247,2.56881069097137,2.56881069097137,row,1.79961,1.4852258663651654,False,False,False,UKB SAS
SAS,apo_b,ApoB,ApoB,biochem_lipids,sumrhe,-1,31,Backgrd_Selection_Stat,Background selection,0.07016,0.01678,1.93977,0.45378,3.08709e-07,1.17195e-06,0.11564,0.457198,False,False,SAS.UKB_local.local,local,SAS,UKB_local,local,apo_b,apo_b,0.21586,0.0747,NA,NA,0.955885601107922,0.3374967937717327,0.1675587721623899,0.1675587721623899,row,1.93977,1.5557032867489087,False,False,False,UKB SAS
SAS,apo_b,ApoB,ApoB,biochem_lipids,sumrhe,-1,32,CpG_Content_50kb,CpG content (50 kb),0.0031,0.00122,1.31989,0.28632,2.04116e-06,5.10984e-05,0.02564,0.653228,False,False,SAS.UKB_local.local,local,SAS,UKB_local,local,apo_b,apo_b,0.21586,0.0747,NA,NA,0.4004176999873519,0.3129597497574252,0.0108805733895387,0.0108805733895387,row,1.3198900000000078,1.214056400086983,False,False,False,UKB SAS
SAS,apo_b,ApoB,ApoB,biochem_lipids,sumrhe,-1,33,GTEx_eQTL_MaxCPP,GTEx eQTL MaxCPP,0.04768,0.03341,19.6774,13.85165,1.24059e-05,1.05688e-05,2.21009,1.82612,False,False,SAS.UKB_local.local,local,SAS,UKB_local,local,apo_b,apo_b,0.21586,0.0747,NA,NA,4.298467703018373,1.015566424585037,0.0112252587351745,0.0112252587351745,row,19.67740000000003,4.369982885814661,False,False,False,UKB SAS
SAS,apo_b,ApoB,ApoB,biochem_lipids,sumrhe,-1,34,BLUEPRINT_H3K27acQTL_MaxCPP,BLUEPRINT H3K27ac QTL,-3e-05,0.01071,-0.00518,2.20235,-2.12691e-06,2.13416e-06,-0.505023,0.486882,False,False,SAS.UKB_local.local,local,SAS,UKB_local,local,apo_b,apo_b,0.21586,0.0747,NA,NA,NA,-613.3821280505423,0.0268299165732687,0.0268299165732687,row,-0.00518000000000001,-0.0074538714089338685,True,False,False,UKB SAS
SAS,apo_b,ApoB,ApoB,biochem_lipids,sumrhe,-1,35,BLUEPRINT_H3K4me1QTL_MaxCPP,BLUEPRINT H3K4me1 QTL,0.00886,0.01515,2.53195,4.57823,7.18664e-07,3.77263e-06,0.142873,0.757124,False,False,SAS.UKB_local.local,local,SAS,UKB_local,local,apo_b,apo_b,0.21586,0.0747,NA,NA,1.3402489152463946,2.60865724720041,0.0162108737685295,0.0162108737685295,row,2.531950000000013,1.820464919639094,False,False,False,UKB SAS
SAS,apo_b,ApoB,ApoB,biochem_lipids,sumrhe,-1,36,BLUEPRINT_DNA_methylation_MaxCPP,BLUEPRINT methylation QTL,0.02192,0.02052,2.22905,2.19395,3.24052e-07,2.14682e-06,0.108088,0.689729,False,False,SAS.UKB_local.local,local,SAS,UKB_local,local,apo_b,apo_b,0.21586,0.0747,NA,NA,1.156428978169226,1.4199774724471597,0.0455563128576709,0.0455563128576709,row,2.229050000000003,1.6911097804358093,False,False,False,UKB SAS
SAS,apo_b,ApoB,ApoB,biochem_lipids,sumrhe,-1,38,non_synonymous,Nonsynonymous,0.00403,0.01867,0.57231,2.57496,-4.72133e-06,2.07435e-06,-1.74309,0.843075,False,False,SAS.UKB_local.local,local,SAS,UKB_local,local,apo_b,apo_b,0.21586,0.0747,NA,NA,-0.8051312795008007,6.4910311238445,0.0326213206382097,0.0326213206382097,row,0.5723100000000005,0.6528856904787259,False,False,False,UKB SAS
SAS,apo_b,ApoB,ApoB,biochem_lipids,sumrhe,-1,45,Ancient_Sequence_Age_Human_Promoter_w_flanking,Ancient promoter age,0.05872,0.03188,16.80287,10.1491,1.01766e-05,4.90152e-06,2.66777,1.46443,False,False,SAS.UKB_local.local,local,SAS,UKB_local,local,apo_b,apo_b,0.21586,0.0747,NA,NA,4.070635767244788,0.871402102110305,0.0161893870751931,0.0161893870751931,row,16.80287000000006,4.154037931640933,False,False,False,UKB SAS
SAS,urea,UREA,UREA,biochem_kidney,sumrhe,-1,1,Coding_UCSC_w_flanking,Coding,0.06306,0.02642,4.11391,2.46826,-8.91646e-07,1.21509e-06,-1.01859,1.45392,False,False,SAS.UKB_local.local,local,SAS,UKB_local,local,urea,urea,0.12761,0.06474,NA,NA,2.0405102323718523,0.8655868654454261,0.1201197642966554,0.1201197642966554,row,4.1139100000000015,2.354426770728912,False,False,False,UKB SAS
SAS,urea,UREA,UREA,biochem_kidney,sumrhe,-1,2,Conserved_LindbladToh_w_flanking,Conserved (LindbladToh),0.12021,0.05051,2.11571,1.19099,3.91696e-07,7.43792e-07,0.684067,1.42934,False,False,SAS.UKB_local.local,local,SAS,UKB_local,local,urea,urea,0.12761,0.06474,NA,NA,1.0811418910463189,0.8121317981898968,0.4452457161896073,0.4452457161896073,row,2.11571,1.639560958357207,False,False,False,UKB SAS
SAS,urea,UREA,UREA,biochem_kidney,sumrhe,-1,6,DHS_Trynka_w_flanking,DHS + flank,0.21171,0.07646,2.72128,1.14965,7.03711e-07,7.58158e-07,1.20629,1.42403,False,False,SAS.UKB_local.local,local,SAS,UKB_local,local,urea,urea,0.12761,0.06474,NA,NA,1.444285407094293,0.609490516873676,0.6096540084982296,0.6096540084982296,row,2.72128,1.8957989471456806,False,False,False,UKB SAS
SAS,urea,UREA,UREA,biochem_kidney,sumrhe,-1,20,Promoter_UCSC_w_flanking,Promoter,0.05104,0.02306,4.98899,2.76479,7.4607e-07,1.04806e-06,0.711951,1.01891,False,False,SAS.UKB_local.local,local,SAS,UKB_local,local,urea,urea,0.12761,0.06474,NA,NA,2.318747777591504,0.7995102860698051,0.0801702658241772,0.0801702658241772,row,4.988990000000001,2.582312723406223,False,False,False,UKB SAS
SAS,urea,UREA,UREA,biochem_kidney,sumrhe,-1,29,GERP.NS,GERP.NS,0.56948,0.24064,1.73736,0.69062,-1.16924e-07,2.29378e-07,-0.613594,1.19671,False,False,SAS.UKB_local.local,local,SAS,UKB_local,local,urea,urea,0.12761,0.06474,NA,NA,0.7968967272212519,0.5734873884161809,2.5686441878311705,2.5686441878311705,row,1.73736,1.4527851811629007,False,False,False,UKB SAS
SAS,urea,UREA,UREA,biochem_kidney,sumrhe,-1,31,Backgrd_Selection_Stat,Background selection,0.04866,0.01622,2.27591,0.83603,4.18088e-07,8.85984e-07,0.264936,0.549367,False,False,SAS.UKB_local.local,local,SAS,UKB_local,local,urea,urea,0.12761,0.06474,NA,NA,1.1864435079428546,0.529957834463753,0.1675453240771788,0.1675453240771788,row,2.275910000000001,1.711895721955337,False,False,False,UKB SAS
SAS,urea,UREA,UREA,biochem_kidney,sumrhe,-1,32,CpG_Content_50kb,CpG content (50 kb),0.00136,0.00078,0.97985,0.32759,-6.55568e-05,5.79883e-05,-1.3931,1.23757,False,False,SAS.UKB_local.local,local,SAS,UKB_local,local,urea,urea,0.12761,0.06474,NA,NA,-0.0293671832303059,0.4823314471039603,0.0108766362044743,0.0108766362044743,row,0.9798500000000013,0.9853911310858564,False,False,False,UKB SAS
SAS,urea,UREA,UREA,biochem_kidney,sumrhe,-1,33,GTEx_eQTL_MaxCPP,GTEx eQTL MaxCPP,0.00892,0.00944,6.22274,7.36901,1.92966e-06,2.98818e-06,0.581621,0.93089,False,False,SAS.UKB_local.local,local,SAS,UKB_local,local,urea,urea,0.12761,0.06474,NA,NA,2.6375499684578445,1.7084490406575208,0.0112330706439549,0.0112330706439549,row,6.222740000000011,2.8525462380155266,False,False,False,UKB SAS
SAS,urea,UREA,UREA,biochem_kidney,sumrhe,-1,34,BLUEPRINT_H3K27acQTL_MaxCPP,BLUEPRINT H3K27ac QTL,0.0066,0.01405,2.23648,5.22074,1.05924e-06,2.76291e-06,0.425473,1.10579,False,False,SAS.UKB_local.local,local,SAS,UKB_local,local,urea,urea,0.12761,0.06474,NA,NA,1.1612298569207218,3.367763497894302,0.023125663825684,0.023125663825684,row,2.2364800000000002,1.6944255886904724,False,False,False,UKB SAS
SAS,urea,UREA,UREA,biochem_kidney,sumrhe,-1,35,BLUEPRINT_H3K4me1QTL_MaxCPP,BLUEPRINT H3K4me1 QTL,-0.00236,0.0101,-1.14242,4.91196,-1.23151e-06,2.65586e-06,-0.414216,0.838184,False,False,SAS.UKB_local.local,local,SAS,UKB_local,local,urea,urea,0.12761,0.06474,NA,NA,NA,-6.203025448648442,0.0161883094172714,0.0161883094172714,row,-1.142420000000005,-1.0992413337388947,True,False,False,UKB SAS
SAS,urea,UREA,UREA,biochem_kidney,sumrhe,-1,36,BLUEPRINT_DNA_methylation_MaxCPP,BLUEPRINT methylation QTL,-0.019,0.01783,-3.2678,3.21706,-2.44606e-06,1.70766e-06,-1.38021,1.02537,False,False,SAS.UKB_local.local,local,SAS,UKB_local,local,urea,urea,0.12761,0.06474,NA,NA,NA,-1.4202939311592655,0.0455631166934871,0.0455631166934871,row,-3.2678000000000007,-2.093492569374871,True,False,False,UKB SAS
SAS,urea,UREA,UREA,biochem_kidney,sumrhe,-1,38,non_synonymous,Nonsynonymous,0.06185,0.02745,14.84202,10.64838,3.87243e-06,2.62023e-06,2.41861,2.07915,False,False,SAS.UKB_local.local,local,SAS,UKB_local,local,urea,urea,0.12761,0.06474,NA,NA,3.8916155511088273,1.0350589083899109,0.0326559244645694,0.0326559244645694,row,14.842020000000003,3.9856843986242376,False,False,False,UKB SAS
SAS,urea,UREA,UREA,biochem_kidney,sumrhe,-1,45,Ancient_Sequence_Age_Human_Promoter_w_flanking,Ancient promoter age,0.0135,0.01601,6.53245,8.70605,1.91029e-06,3.50077e-06,0.847255,1.64082,False,False,SAS.UKB_local.local,local,SAS,UKB_local,local,urea,urea,0.12761,0.06474,NA,NA,2.7076241770610854,1.9227357516293824,0.0161947021720164,0.0161947021720164,row,6.532450000000033,2.9131191913190535,False,False,False,UKB SAS
SAS,calcium,Ca,Ca,biochem_mineral,sumrhe,-1,1,Coding_UCSC_w_flanking,Coding,0.061,0.03623,5.31754,5.61522,9.27218e-07,1.44869e-06,1.41527,2.62486,False,False,SAS.UKB_local.local,local,SAS,UKB_local,local,calcium,calcium,0.0955,0.08559,NA,NA,2.410758980576091,1.5234582245738677,0.1201201035624334,0.1201201035624334,row,5.317540000000001,2.659362893735772,False,False,False,UKB SAS
SAS,calcium,Ca,Ca,biochem_mineral,sumrhe,-1,2,Conserved_LindbladToh_w_flanking,Conserved (LindbladToh),0.13302,0.07144,3.12811,2.23194,1.7918e-06,1.10646e-06,4.18108,4.14167,False,False,SAS.UKB_local.local,local,SAS,UKB_local,local,calcium,calcium,0.0955,0.08559,NA,NA,1.6452912459138664,1.029378368907012,0.4452783249795667,0.4452783249795667,row,3.1281100000000004,2.045481414157514,False,False,False,UKB SAS
SAS,calcium,Ca,Ca,biochem_mineral,sumrhe,-1,6,DHS_Trynka_w_flanking,DHS + flank,0.0243,0.08005,0.41741,1.32215,3.87377e-07,7.18405e-07,0.88724,1.81999,False,False,SAS.UKB_local.local,local,SAS,UKB_local,local,calcium,calcium,0.0955,0.08559,NA,NA,-1.2604629309550377,4.569749762371153,0.6095931141565959,0.6095931141565959,row,0.41741,0.5032571325743188,False,False,False,UKB SAS
SAS,calcium,Ca,Ca,biochem_mineral,sumrhe,-1,20,Promoter_UCSC_w_flanking,Promoter,0.00566,0.03547,0.73909,5.35641,-8.76515e-07,1.33277e-06,-1.11758,2.11012,False,False,SAS.UKB_local.local,local,SAS,UKB_local,local,calcium,calcium,0.0955,0.08559,NA,NA,-0.4361780408707311,10.455649709735017,0.0801891727757191,0.0801891727757191,row,0.7390900000000006,0.7983325957807097,False,False,False,UKB SAS
SAS,calcium,Ca,Ca,biochem_mineral,sumrhe,-1,29,GERP.NS,GERP.NS,0.45345,0.22917,1.84836,1.16949,2.91036e-07,2.56161e-07,2.04068,3.09343,False,False,SAS.UKB_local.local,local,SAS,UKB_local,local,calcium,calcium,0.0955,0.08559,NA,NA,0.8862457738715468,0.9128186194081424,2.568854302877695,2.568854302877695,row,1.8483599999999998,1.5101314979167126,False,False,False,UKB SAS
SAS,calcium,Ca,Ca,biochem_mineral,sumrhe,-1,31,Backgrd_Selection_Stat,Background selection,0.0511,0.01506,3.19302,2.55357,2.48342e-06,9.89829e-07,2.10268,2.38781,False,False,SAS.UKB_local.local,local,SAS,UKB_local,local,calcium,calcium,0.0955,0.08559,NA,NA,1.6749215894912988,1.153773786435046,0.1675775704603834,0.1675775704603834,row,3.1930200000000006,2.067989711613352,False,False,False,UKB SAS
SAS,calcium,Ca,Ca,biochem_mineral,sumrhe,-1,32,CpG_Content_50kb,CpG content (50 kb),0.00196,0.00108,1.87938,0.9192,4.22582e-05,5.90986e-05,1.19984,2.03109,False,False,SAS.UKB_local.local,local,SAS,UKB_local,local,calcium,calcium,0.0955,0.08559,NA,NA,0.910256801025076,0.7056184920479814,0.0109203887502389,0.0109203887502389,row,1.8793800000000092,1.5257581980498742,False,False,False,UKB SAS
SAS,calcium,Ca,Ca,biochem_mineral,sumrhe,-1,33,GTEx_eQTL_MaxCPP,GTEx eQTL MaxCPP,-0.01977,0.0106,-18.43843,21.26165,-7.96604e-06,3.66387e-06,-3.20813,3.3771,False,False,SAS.UKB_local.local,local,SAS,UKB_local,local,calcium,calcium,0.0955,0.08559,NA,NA,NA,-1.663594840564887,0.0112274042207651,0.0112274042207651,row,-18.438430000000075,-4.2808397951745505,True,False,False,UKB SAS
SAS,calcium,Ca,Ca,biochem_mineral,sumrhe,-1,34,BLUEPRINT_H3K27acQTL_MaxCPP,BLUEPRINT H3K27ac QTL,0.01064,0.0146,4.81924,9.41276,1.12324e-06,2.63746e-06,0.602834,1.79702,False,False,SAS.UKB_local.local,local,SAS,UKB_local,local,calcium,calcium,0.0955,0.08559,NA,NA,2.268805649633216,2.81781819811381,0.0231185026198,0.0231185026198,row,4.819240000000004,2.540830747665053,False,False,False,UKB SAS
SAS,calcium,Ca,Ca,biochem_mineral,sumrhe,-1,35,BLUEPRINT_H3K4me1QTL_MaxCPP,BLUEPRINT H3K4me1 QTL,-0.00394,0.01306,-2.54306,9.01335,-2.27848e-06,3.13789e-06,-1.02396,1.50916,False,False,SAS.UKB_local.local,local,SAS,UKB_local,local,calcium,calcium,0.0955,0.08559,NA,NA,NA,-5.113334072651271,0.0162231895836581,0.0162231895836581,row,-2.5430600000000143,-1.8249958970028055,True,False,False,UKB SAS
SAS,calcium,Ca,Ca,biochem_mineral,sumrhe,-1,36,BLUEPRINT_DNA_methylation_MaxCPP,BLUEPRINT methylation QTL,0.01587,0.0242,3.64695,5.88657,4.2008e-07,2.24244e-06,0.316709,1.71597,False,False,SAS.UKB_local.local,local,SAS,UKB_local,local,calcium,calcium,0.0955,0.08559,NA,NA,1.866690420335794,2.3286651439821617,0.0455662979945445,0.0455662979945445,row,3.6469500000000026,2.216284121900474,False,False,False,UKB SAS
SAS,calcium,Ca,Ca,biochem_mineral,sumrhe,-1,38,non_synonymous,Nonsynonymous,0.0001,0.01391,0.03167,4.45885,-1.64308e-06,1.17856e-06,-1.37117,1.60624,False,False,SAS.UKB_local.local,local,SAS,UKB_local,local,calcium,calcium,0.0955,0.08559,NA,NA,-4.980739322408622,203.1184333144224,0.0330634802288654,0.0330634802288654,row,0.03167000000000002,0.04498157008416808,False,False,False,UKB SAS
SAS,calcium,Ca,Ca,biochem_mineral,sumrhe,-1,45,Ancient_Sequence_Age_Human_Promoter_w_flanking,Ancient promoter age,0.01684,0.01468,10.88831,15.41822,-1.20443e-06,4.05885e-06,-0.713749,2.49463,False,False,SAS.UKB_local.local,local,SAS,UKB_local,local,calcium,calcium,0.0955,0.08559,NA,NA,3.444708142254841,2.04290560549204,0.0161948987982553,0.0161948987982553,row,10.888310000000015,3.5714717361348858,False,False,False,UKB SAS
AFR,albumin,ALB,ALB,biochem_liver,sumrhe,-1,1,Coding_UCSC_w_flanking,Coding,0.02993,0.09241,1.2943,4.03651,-3.28013e-07,1.54419e-06,-0.470194,2.38211,False,False,AFR.UKB_local.local,local,AFR,UKB_local,local,albumin,albumin,0.21609,0.1088,NA,NA,0.3721720519123506,4.499306929999776,0.1070131372337794,0.1070131372337794,row,1.2943000000000007,1.1980540488141849,False,False,False,UKB AFR
AFR,albumin,ALB,ALB,biochem_liver,sumrhe,-1,2,Conserved_LindbladToh_w_flanking,Conserved (LindbladToh),0.21133,0.14998,2.15415,2.16883,1.08183e-06,1.29533e-06,2.49763,3.27832,False,False,AFR.UKB_local.local,local,AFR,UKB_local,local,albumin,albumin,0.21609,0.1088,NA,NA,1.1071187126126294,1.4525266511297776,0.4539944485005442,0.4539944485005442,row,2.15415,1.6572512711336067,False,False,False,UKB AFR
AFR,albumin,ALB,ALB,biochem_liver,sumrhe,-1,6,DHS_Trynka_w_flanking,DHS + flank,-0.10941,0.21488,-0.83575,1.98248,-1.22604e-06,1.31461e-06,-2.77825,3.70974,False,False,AFR.UKB_local.local,local,AFR,UKB_local,local,albumin,albumin,0.21609,0.1088,NA,NA,NA,-3.4222124614556413,0.6058232873936721,0.6058232873936721,row,-0.83575,-0.8763695999727846,True,False,False,UKB AFR
AFR,albumin,ALB,ALB,biochem_liver,sumrhe,-1,20,Promoter_UCSC_w_flanking,Promoter,0.0402,0.09801,2.68864,7.19391,-6.64582e-07,2.01065e-06,-0.782073,2.20611,False,False,AFR.UKB_local.local,local,AFR,UKB_local,local,albumin,albumin,0.21609,0.1088,NA,NA,1.4268765960497056,3.860174021662076,0.0691924531035446,0.0691924531035446,row,2.688640000000002,1.8830889932728059,False,False,False,UKB AFR
AFR,albumin,ALB,ALB,biochem_liver,sumrhe,-1,29,GERP.NS,GERP.NS,0.54065,0.50918,0.95307,1.0163,-1.4088e-07,3.72874e-07,-0.942251,2.45791,False,False,AFR.UKB_local.local,local,AFR,UKB_local,local,albumin,albumin,0.21609,0.1088,NA,NA,-0.0693459154382714,1.5384084800229296,2.6251658042995785,2.6251658042995785,row,0.9530699999999999,0.9657436577977065,False,False,False,UKB AFR
AFR,albumin,ALB,ALB,biochem_liver,sumrhe,-1,31,Backgrd_Selection_Stat,Background selection,0.03064,0.032,0.76678,0.8486,-8.81103e-07,1.08226e-06,-0.764941,0.85171,False,False,AFR.UKB_local.local,local,AFR,UKB_local,local,albumin,albumin,0.21609,0.1088,NA,NA,-0.3831153873506703,1.5966392077236944,0.1849197573363687,0.1849197573363687,row,0.7667800000000004,0.821122406234121,False,False,False,UKB AFR
AFR,albumin,ALB,ALB,biochem_liver,sumrhe,-1,32,CpG_Content_50kb,CpG content (50 kb),0.00324,0.00128,1.4976,0.65477,5.14958e-05,6.18782e-05,1.21794,1.81524,False,False,AFR.UKB_local.local,local,AFR,UKB_local,local,albumin,albumin,0.21609,0.1088,NA,NA,0.5826523400339552,0.6307648450339653,0.0100118540351776,0.0100118540351776,row,1.4976000000000076,1.3205424424284637,False,False,False,UKB AFR
AFR,albumin,ALB,ALB,biochem_liver,sumrhe,-1,33,GTEx_eQTL_MaxCPP,GTEx eQTL MaxCPP,0.0022,0.03319,0.76867,11.64107,-4.00235e-07,4.47702e-06,-0.167893,1.85683,False,False,AFR.UKB_local.local,local,AFR,UKB_local,local,albumin,albumin,0.21609,0.1088,NA,NA,-0.3795637314785973,21.848795919759176,0.0132448815818875,0.0132448815818875,row,0.7686700000000057,0.8226648938309103,False,False,False,UKB AFR
AFR,albumin,ALB,ALB,biochem_liver,sumrhe,-1,34,BLUEPRINT_H3K27acQTL_MaxCPP,BLUEPRINT H3K27ac QTL,-0.01253,0.037,-2.50977,7.01192,-1.08579e-06,3.70591e-06,-0.555936,1.71118,False,False,AFR.UKB_local.local,local,AFR,UKB_local,local,albumin,albumin,0.21609,0.1088,NA,NA,NA,-4.030673014304155,0.0231037500653148,0.0231037500653148,row,-2.509770000000009,-1.8113764918599051,True,False,False,UKB AFR
AFR,albumin,ALB,ALB,biochem_liver,sumrhe,-1,35,BLUEPRINT_H3K4me1QTL_MaxCPP,BLUEPRINT H3K4me1 QTL,-0.02412,0.03636,-6.01739,9.6426,-2.74737e-06,4.42211e-06,-1.24734,2.0048,False,False,AFR.UKB_local.local,local,AFR,UKB_local,local,albumin,albumin,0.21609,0.1088,NA,NA,NA,-2.311854674747011,0.0185495967965161,0.0185495967965161,row,-6.01739000000003,-2.8109345441744567,True,False,False,UKB AFR
AFR,albumin,ALB,ALB,biochem_liver,sumrhe,-1,36,BLUEPRINT_DNA_methylation_MaxCPP,BLUEPRINT methylation QTL,-0.01622,0.05283,-1.73814,5.48346,-1.35722e-06,2.77398e-06,-0.949106,1.8807,False,False,AFR.UKB_local.local,local,AFR,UKB_local,local,albumin,albumin,0.21609,0.1088,NA,NA,NA,-4.551394334698583,0.0431848510728849,0.0431848510728849,row,-1.7381400000000036,-1.4531962129004627,True,False,False,UKB AFR
AFR,albumin,ALB,ALB,biochem_liver,sumrhe,-1,38,non_synonymous,Nonsynonymous,-0.04375,0.02955,-26.10837,26.77074,-6.92253e-06,4.38873e-06,-2.8159,2.6372,False,False,AFR.UKB_local.local,local,AFR,UKB_local,local,albumin,albumin,0.21609,0.1088,NA,NA,NA,-1.4792962501652849,0.0077546754989229,0.0077546754989229,row,-26.10837000000013,-4.760666462817153,True,False,False,UKB AFR
AFR,albumin,ALB,ALB,biochem_liver,sumrhe,-1,45,Ancient_Sequence_Age_Human_Promoter_w_flanking,Ancient promoter age,0.04355,0.04145,16.06824,15.01448,-1.34942e-06,4.33877e-06,-0.69635,2.32753,False,False,AFR.UKB_local.local,local,AFR,UKB_local,local,albumin,albumin,0.21609,0.1088,NA,NA,4.006140010065479,1.3480826672695034,0.0125425309101478,0.0125425309101478,row,16.068240000000042,4.093242396710546,False,False,False,UKB AFR
AFR,alka_phos,ALP,ALP,biochem_liver,sumrhe,-1,1,Coding_UCSC_w_flanking,Coding,0.17208,0.0964,8.53573,8.07514,2.95971e-06,1.30092e-06,4.86655,5.67221,False,False,AFR.UKB_local.local,local,AFR,UKB_local,local,alka_phos,alka_phos,0.18839,0.149,NA,NA,3.093514541928306,1.3648468768909168,0.1070118524625722,0.1070118524625722,row,8.535730000000001,3.253343387102965,False,False,False,UKB AFR
AFR,alka_phos,ALP,ALP,biochem_liver,sumrhe,-1,2,Conserved_LindbladToh_w_flanking,Conserved (LindbladToh),0.18754,0.19496,2.19278,2.44767,2.1192e-07,1.01095e-06,0.561212,3.54705,False,False,AFR.UKB_local.local,local,AFR,UKB_local,local,alka_phos,alka_phos,0.18839,0.149,NA,NA,1.13276107474276,1.610394736696198,0.4539844778005974,0.4539844778005974,row,2.1927800000000004,1.674813146755862,False,False,False,UKB AFR
AFR,alka_phos,ALP,ALP,biochem_liver,sumrhe,-1,6,DHS_Trynka_w_flanking,DHS + flank,0.49801,0.18411,4.36373,3.58519,1.00143e-06,1.27139e-06,2.60301,3.33744,False,False,AFR.UKB_local.local,local,AFR,UKB_local,local,alka_phos,alka_phos,0.18839,0.149,NA,NA,2.1255618395827978,1.185301527281638,0.6057903431060544,0.6057903431060544,row,4.36373,2.423236616536772,False,False,False,UKB AFR
AFR,alka_phos,ALP,ALP,biochem_liver,sumrhe,-1,20,Promoter_UCSC_w_flanking,Promoter,0.04569,0.09346,3.50499,7.12728,-2.17245e-07,1.79868e-06,-0.293249,2.50948,False,False,AFR.UKB_local.local,local,AFR,UKB_local,local,alka_phos,alka_phos,0.18839,0.149,NA,NA,1.8094103281243463,2.9336721391579124,0.0691952891863478,0.0691952891863478,row,3.50499,2.171523903604536,False,False,False,UKB AFR
AFR,alka_phos,ALP,ALP,biochem_liver,sumrhe,-1,29,GERP.NS,GERP.NS,1.0524,0.63429,2.128,1.52318,3.36656e-07,2.93758e-07,2.5828,3.67255,False,False,AFR.UKB_local.local,local,AFR,UKB_local,local,alka_phos,alka_phos,0.18839,0.149,NA,NA,1.0894981508391026,1.0326523648408137,2.625133351984984,2.625133351984984,row,2.1279999999999997,1.6452405126452652,False,False,False,UKB AFR
AFR,alka_phos,ALP,ALP,biochem_liver,sumrhe,-1,31,Backgrd_Selection_Stat,Background selection,0.08632,0.03559,2.47781,1.96574,6.78842e-07,8.10963e-07,0.676016,1.25215,False,False,AFR.UKB_local.local,local,AFR,UKB_local,local,alka_phos,alka_phos,0.18839,0.149,NA,NA,1.3090655649736551,1.144544315212656,0.1849207236128122,0.1849207236128122,row,2.4778100000000007,1.798179117364084,False,False,False,UKB AFR
AFR,alka_phos,ALP,ALP,biochem_liver,sumrhe,-1,32,CpG_Content_50kb,CpG content (50 kb),0.00438,0.00179,2.31855,1.54909,8.96982e-05,7.58908e-05,2.43346,3.39053,False,False,AFR.UKB_local.local,local,AFR,UKB_local,local,alka_phos,alka_phos,0.18839,0.149,NA,NA,1.2132228390584547,0.9639060882407904,0.0100276645751556,0.0100276645751556,row,2.3185500000000197,1.730553011222944,False,False,False,UKB AFR
AFR,alka_phos,ALP,ALP,biochem_liver,sumrhe,-1,33,GTEx_eQTL_MaxCPP,GTEx eQTL MaxCPP,0.01534,0.04389,6.13351,18.4393,7.79159e-07,5.79159e-06,0.374913,2.77278,False,False,AFR.UKB_local.local,local,AFR,UKB_local,local,alka_phos,alka_phos,0.18839,0.149,NA,NA,2.616712915739776,4.337204417611427,0.0132757307522595,0.0132757307522595,row,6.133510000000003,2.834612120647923,False,False,False,UKB AFR
AFR,alka_phos,ALP,ALP,biochem_liver,sumrhe,-1,34,BLUEPRINT_H3K27acQTL_MaxCPP,BLUEPRINT H3K27ac QTL,-0.00755,0.04256,-1.7353,10.37393,-1.57317e-06,3.87373e-06,-0.923933,2.53495,False,False,AFR.UKB_local.local,local,AFR,UKB_local,local,alka_phos,alka_phos,0.18839,0.149,NA,NA,NA,-8.624685855776663,0.0230948177134755,0.0230948177134755,row,-1.7353000000000058,-1.4516990724243393,True,False,False,UKB AFR
AFR,alka_phos,ALP,ALP,biochem_liver,sumrhe,-1,35,BLUEPRINT_H3K4me1QTL_MaxCPP,BLUEPRINT H3K4me1 QTL,0.01645,0.03152,4.70793,8.34239,1.87553e-06,3.43703e-06,0.976742,1.72843,False,False,AFR.UKB_local.local,local,AFR,UKB_local,local,alka_phos,alka_phos,0.18839,0.149,NA,NA,2.235092869780853,2.5564366254726982,0.0185471873651672,0.0185471873651672,row,4.707930000000017,2.5129676422292198,False,False,False,UKB AFR
AFR,alka_phos,ALP,ALP,biochem_liver,sumrhe,-1,36,BLUEPRINT_DNA_methylation_MaxCPP,BLUEPRINT methylation QTL,-0.03709,0.04168,-4.55975,7.06207,-3.144e-06,2.3751e-06,-2.52194,2.78426,False,False,AFR.UKB_local.local,local,AFR,UKB_local,local,alka_phos,alka_phos,0.18839,0.149,NA,NA,NA,-2.2344236783619107,0.0431775459671556,0.0431775459671556,row,-4.559750000000005,-2.475020012109011,True,False,False,UKB AFR
AFR,alka_phos,ALP,ALP,biochem_liver,sumrhe,-1,38,non_synonymous,Nonsynonymous,-0.02972,0.04777,-20.34121,40.753,-8.28082e-06,6.71616e-06,-3.86378,5.58165,False,False,AFR.UKB_local.local,local,AFR,UKB_local,local,alka_phos,alka_phos,0.18839,0.149,NA,NA,NA,-2.890395949963052,0.0077555780984991,0.0077555780984991,row,-20.34121000000001,-4.415570071026784,True,False,False,UKB AFR
AFR,alka_phos,ALP,ALP,biochem_liver,sumrhe,-1,45,Ancient_Sequence_Age_Human_Promoter_w_flanking,Ancient promoter age,0.02253,0.04458,9.53743,20.09983,1.28805e-06,4.86985e-06,0.762426,2.68676,False,False,AFR.UKB_local.local,local,AFR,UKB_local,local,alka_phos,alka_phos,0.18839,0.149,NA,NA,3.253600563320855,3.0404338552116466,0.012539262154441,0.012539262154441,row,9.53743000000007,3.3974511422835985,False,False,False,UKB AFR
AFR,asp_at,AST,AST,biochem_liver,sumrhe,-1,1,Coding_UCSC_w_flanking,Coding,0.05932,0.11489,1.7981,3.39649,5.67471e-07,1.49609e-06,0.570162,1.40293,False,False,AFR.UKB_local.local,local,AFR,UKB_local,local,asp_at,asp_at,0.3083,0.14172,NA,NA,0.8464732574999096,2.7251539288298514,0.1070073912848107,0.1070073912848107,row,1.7981000000000016,1.4844475232339278,False,False,False,UKB AFR
AFR,asp_at,AST,AST,biochem_liver,sumrhe,-1,2,Conserved_LindbladToh_w_flanking,Conserved (LindbladToh),0.30224,0.20099,2.15947,1.1581,7.96453e-07,1.02034e-06,1.28884,1.66006,False,False,AFR.UKB_local.local,local,AFR,UKB_local,local,asp_at,asp_at,0.3083,0.14172,NA,NA,1.110677274335229,0.7737014762203266,0.4539742719063551,0.4539742719063551,row,2.15947,1.6596825671045434,False,False,False,UKB AFR
AFR,asp_at,AST,AST,biochem_liver,sumrhe,-1,6,DHS_Trynka_w_flanking,DHS + flank,0.24816,0.20308,1.32873,0.90278,3.85217e-07,1.144e-06,0.611848,1.79493,False,False,AFR.UKB_local.local,local,AFR,UKB_local,local,asp_at,asp_at,0.3083,0.14172,NA,NA,0.410047976521783,0.9802113514511892,0.6057891842068035,0.6057891842068035,row,1.32873,1.219543378818133,False,False,False,UKB AFR
AFR,asp_at,AST,AST,biochem_liver,sumrhe,-1,20,Promoter_UCSC_w_flanking,Promoter,-0.01743,0.0606,-0.81693,3.03698,-2.64497e-07,1.31023e-06,-0.218167,1.0577,False,False,AFR.UKB_local.local,local,AFR,UKB_local,local,asp_at,asp_at,0.3083,0.14172,NA,NA,NA,-5.363294266680088,0.0692052461197625,0.0692052461197625,row,-0.8169299999999999,-0.8615028386153923,True,False,False,UKB AFR
AFR,asp_at,AST,AST,biochem_liver,sumrhe,-1,29,GERP.NS,GERP.NS,1.06607,0.50895,1.31723,0.37825,6.68767e-08,2.21822e-07,0.313518,0.999974,False,False,AFR.UKB_local.local,local,AFR,UKB_local,local,asp_at,asp_at,0.3083,0.14172,NA,NA,0.3975072748946384,0.4142779918588632,2.625128604079376,2.625128604079376,row,1.31723,1.212401248083283,False,False,False,UKB AFR
AFR,asp_at,AST,AST,biochem_liver,sumrhe,-1,31,Backgrd_Selection_Stat,Background selection,0.08101,0.02555,1.42098,0.53207,3.10877e-07,9.19982e-07,0.189173,0.634189,False,False,AFR.UKB_local.local,local,AFR,UKB_local,local,asp_at,asp_at,0.3083,0.14172,NA,NA,0.5068862490888754,0.5402009531490879,0.1849171290268272,0.1849171290268272,row,1.4209800000000006,1.2755911611129753,False,False,False,UKB AFR
AFR,asp_at,AST,AST,biochem_liver,sumrhe,-1,32,CpG_Content_50kb,CpG content (50 kb),0.00331,0.00193,1.07276,0.27437,7.05676e-07,6.06251e-05,0.0116985,0.951581,False,False,AFR.UKB_local.local,local,AFR,UKB_local,local,asp_at,asp_at,0.3083,0.14172,NA,NA,0.101327349590765,0.368984897245148,0.01000810602163,0.01000810602163,row,1.0727600000000066,1.0515530798556338,False,False,False,UKB AFR
AFR,asp_at,AST,AST,biochem_liver,sumrhe,-1,33,GTEx_eQTL_MaxCPP,GTEx eQTL MaxCPP,0.01118,0.03042,2.73248,7.33149,8.70461e-07,4.07155e-06,0.255939,1.13857,False,False,AFR.UKB_local.local,local,AFR,UKB_local,local,asp_at,asp_at,0.3083,0.14172,NA,NA,1.450210936333991,3.870880762284455,0.0132712333941496,0.0132712333941496,row,2.7324800000000025,1.9001345298901262,False,False,False,UKB AFR
AFR,asp_at,AST,AST,biochem_liver,sumrhe,-1,34,BLUEPRINT_H3K27acQTL_MaxCPP,BLUEPRINT H3K27ac QTL,0.01428,0.04065,2.0047,6.04981,5.66202e-07,4.4558e-06,0.203198,1.63226,False,False,AFR.UKB_local.local,local,AFR,UKB_local,local,asp_at,asp_at,0.3083,0.14172,NA,NA,1.003386355934467,4.353784050142395,0.0231049637956705,0.0231049637956705,row,2.0047000000000006,1.587220954291495,False,False,False,UKB AFR
AFR,asp_at,AST,AST,biochem_liver,sumrhe,-1,35,BLUEPRINT_H3K4me1QTL_MaxCPP,BLUEPRINT H3K4me1 QTL,-0.01181,0.05296,-2.06521,10.04284,-2.73473e-06,6.40048e-06,-0.870266,2.19569,False,False,AFR.UKB_local.local,local,AFR,UKB_local,local,asp_at,asp_at,0.3083,0.14172,NA,NA,NA,-7.015633017679228,0.0185486434711885,0.0185486434711885,row,-2.0652100000000053,-1.6159859174984832,True,False,False,UKB AFR
AFR,asp_at,AST,AST,biochem_liver,sumrhe,-1,36,BLUEPRINT_DNA_methylation_MaxCPP,BLUEPRINT methylation QTL,0.05196,0.05024,3.9032,4.41166,2.027e-06,2.74139e-06,0.993549,1.58269,False,False,AFR.UKB_local.local,local,AFR,UKB_local,local,asp_at,asp_at,0.3083,0.14172,NA,NA,1.9646573883765777,1.630631277948403,0.0431792219589512,0.0431792219589512,row,3.9032000000000013,2.2937236099049345,False,False,False,UKB AFR
AFR,asp_at,AST,AST,biochem_liver,sumrhe,-1,38,non_synonymous,Nonsynonymous,0.0047,0.03765,1.96561,16.7875,2.7793e-07,5.3469e-06,0.0792424,1.54888,False,False,AFR.UKB_local.local,local,AFR,UKB_local,local,asp_at,asp_at,0.3083,0.14172,NA,NA,0.9749771025124052,12.321489511613938,0.0077558067671635,0.0077558067671635,row,1.9656100000000043,1.5683288850276276,False,False,False,UKB AFR
AFR,asp_at,AST,AST,biochem_liver,sumrhe,-1,45,Ancient_Sequence_Age_Human_Promoter_w_flanking,Ancient promoter age,0.04143,0.03883,10.71506,12.37461,8.21394e-06,6.89572e-06,2.97099,2.86918,False,False,AFR.UKB_local.local,local,AFR,UKB_local,local,asp_at,asp_at,0.3083,0.14172,NA,NA,3.421568023432864,1.666139851753978,0.012541422573617,0.012541422573617,row,10.715060000000012,3.550292438032568,False,False,False,UKB AFR
AFR,blood_mscv,MSCV,MSCV,hematology,sumrhe,-1,1,Coding_UCSC_w_flanking,Coding,0.09796,0.10075,3.02235,3.32661,-2.68782e-07,1.91778e-06,-0.274892,1.76389,False,False,AFR.UKB_local.local,local,AFR,UKB_local,local,blood_mscv,blood_mscv,0.30287,0.10964,NA,NA,1.5956707399289418,1.5879311628274804,0.1070157656404854,0.1070157656404854,row,3.02235,2.008038621497853,False,False,False,UKB AFR
AFR,blood_mscv,MSCV,MSCV,hematology,sumrhe,-1,2,Conserved_LindbladToh_w_flanking,Conserved (LindbladToh),0.31328,0.19514,2.27839,1.4633,1.12961e-06,1.07357e-06,1.86069,1.73967,False,False,AFR.UKB_local.local,local,AFR,UKB_local,local,blood_mscv,blood_mscv,0.30287,0.10964,NA,NA,1.1880147193496775,0.926573437090586,0.453992153387026,0.453992153387026,row,2.2783900000000004,1.7129874888479577,False,False,False,UKB AFR
AFR,blood_mscv,MSCV,MSCV,hematology,sumrhe,-1,6,DHS_Trynka_w_flanking,DHS + flank,0.04243,0.16695,0.23127,0.94554,2.81227e-07,1.26275e-06,0.454677,2.02563,False,False,AFR.UKB_local.local,local,AFR,UKB_local,local,blood_mscv,blood_mscv,0.30287,0.10964,NA,NA,-2.11234996102856,5.898412543616339,0.6057556503428712,0.6057556503428712,row,0.23127,0.30014715901894207,False,False,False,UKB AFR
AFR,blood_mscv,MSCV,MSCV,hematology,sumrhe,-1,20,Promoter_UCSC_w_flanking,Promoter,0.05821,0.07231,2.77752,3.3916,7.36473e-07,1.37914e-06,0.618348,1.11992,False,False,AFR.UKB_local.local,local,AFR,UKB_local,local,blood_mscv,blood_mscv,0.30287,0.10964,NA,NA,1.473797300020104,1.7616595022462516,0.0691965029886189,0.0691965029886189,row,2.777520000000002,1.917439393728804,False,False,False,UKB AFR
AFR,blood_mscv,MSCV,MSCV,hematology,sumrhe,-1,29,GERP.NS,GERP.NS,0.61409,0.4895,0.77235,0.54302,-2.68924e-07,3.61072e-07,-1.28329,1.77541,False,False,AFR.UKB_local.local,local,AFR,UKB_local,local,blood_mscv,blood_mscv,0.30287,0.10964,NA,NA,-0.3726733240308362,1.014322860236324,2.6251952926912674,2.6251952926912674,row,0.77235,0.8256635324501856,False,False,False,UKB AFR
AFR,blood_mscv,MSCV,MSCV,hematology,sumrhe,-1,31,Backgrd_Selection_Stat,Background selection,0.05105,0.03382,0.91155,0.5332,-1.41221e-07,1.14648e-06,-0.0874735,0.707464,False,False,AFR.UKB_local.local,local,AFR,UKB_local,local,blood_mscv,blood_mscv,0.30287,0.10964,NA,NA,-0.1336063022832336,0.8438867816378645,0.1849094017370041,0.1849094017370041,row,0.9115500000000003,0.934742936928319,False,False,False,UKB AFR
AFR,blood_mscv,MSCV,MSCV,hematology,sumrhe,-1,32,CpG_Content_50kb,CpG content (50 kb),0.0042,0.00108,1.38232,0.32156,8.53161e-05,6.62282e-05,1.43967,1.19362,False,False,AFR.UKB_local.local,local,AFR,UKB_local,local,blood_mscv,blood_mscv,0.30287,0.10964,NA,NA,0.4670916309017999,0.3356046482350361,0.0100319288013261,0.0100319288013261,row,1.3823200000000029,1.252367213120497,False,False,False,UKB AFR
AFR,blood_mscv,MSCV,MSCV,hematology,sumrhe,-1,33,GTEx_eQTL_MaxCPP,GTEx eQTL MaxCPP,0.02936,0.0244,7.30339,6.78442,2.73816e-06,3.15317e-06,0.819509,0.938511,False,False,AFR.UKB_local.local,local,AFR,UKB_local,local,blood_mscv,blood_mscv,0.30287,0.10964,NA,NA,2.8685662723421497,1.3401788880653918,0.0132731896940441,0.0132731896940441,row,7.303390000000043,3.0537004614824204,False,False,False,UKB AFR
AFR,blood_mscv,MSCV,MSCV,hematology,sumrhe,-1,34,BLUEPRINT_H3K27acQTL_MaxCPP,BLUEPRINT H3K27ac QTL,0.0322,0.03051,4.60268,4.88206,2.94315e-06,3.41188e-06,1.07515,1.28192,False,False,AFR.UKB_local.local,local,AFR,UKB_local,local,blood_mscv,blood_mscv,0.30287,0.10964,NA,NA,2.202474143091631,1.5302657910874475,0.0230987688241727,0.0230987688241727,row,4.602680000000004,2.486117094638981,False,False,False,UKB AFR
AFR,blood_mscv,MSCV,MSCV,hematology,sumrhe,-1,35,BLUEPRINT_H3K4me1QTL_MaxCPP,BLUEPRINT H3K4me1 QTL,-0.02211,0.03145,-3.93421,5.52936,-3.83296e-06,3.99995e-06,-1.24159,1.18858,False,False,AFR.UKB_local.local,local,AFR,UKB_local,local,blood_mscv,blood_mscv,0.30287,0.10964,NA,NA,NA,-2.0276447498455337,0.0185555976564153,0.0185555976564153,row,-3.934210000000006,-2.30281911805218,True,False,False,UKB AFR
AFR,blood_mscv,MSCV,MSCV,hematology,sumrhe,-1,36,BLUEPRINT_DNA_methylation_MaxCPP,BLUEPRINT methylation QTL,0.00518,0.05401,0.39586,4.1634,-8.37194e-07,2.8331e-06,-0.417704,1.38218,False,False,AFR.UKB_local.local,local,AFR,UKB_local,local,blood_mscv,blood_mscv,0.30287,0.10964,NA,NA,-1.3369377984642972,15.173335354006747,0.0432047883396501,0.0432047883396501,row,0.3958600000000007,0.48115425140845175,False,False,False,UKB AFR
AFR,blood_mscv,MSCV,MSCV,hematology,sumrhe,-1,38,non_synonymous,Nonsynonymous,0.07241,0.02333,30.82665,15.59657,1.01901e-05,3.80499e-06,2.95739,1.58644,False,False,AFR.UKB_local.local,local,AFR,UKB_local,local,blood_mscv,blood_mscv,0.30287,0.10964,NA,NA,4.946106212000781,0.729923432934736,0.0077556099362479,0.0077556099362479,row,30.826650000000328,4.992163405089776,False,False,False,UKB AFR
AFR,blood_mscv,MSCV,MSCV,hematology,sumrhe,-1,45,Ancient_Sequence_Age_Human_Promoter_w_flanking,Ancient promoter age,0.02764,0.03666,7.27645,10.92014,5.40652e-06,4.98113e-06,1.99056,2.03209,False,False,AFR.UKB_local.local,local,AFR,UKB_local,local,blood_mscv,blood_mscv,0.30287,0.10964,NA,NA,2.86323476683399,2.165126101850931,0.012541868175603,0.012541868175603,row,7.276450000000052,3.049012088300742,False,False,False,UKB AFR
AFR,blood_platelet,PLT,PLT,hematology,sumrhe,-1,1,Coding_UCSC_w_flanking,Coding,-0.07081,0.08169,-2.12692,3.42704,-8.58368e-07,1.05191e-06,-0.854654,1.08431,False,False,AFR.UKB_local.local,local,AFR,UKB_local,local,blood_platelet,blood_platelet,0.3111,0.17249,NA,NA,NA,-2.324569618475595,0.1070146975052526,0.1070146975052526,row,-2.126920000000002,-1.644742309419759,True,False,False,UKB AFR
AFR,blood_platelet,PLT,PLT,hematology,sumrhe,-1,2,Conserved_LindbladToh_w_flanking,Conserved (LindbladToh),-0.00939,0.19001,-0.06647,1.51779,-6.63904e-08,1.45819e-06,-0.106465,2.28619,False,False,AFR.UKB_local.local,local,AFR,UKB_local,local,blood_platelet,blood_platelet,0.3111,0.17249,NA,NA,NA,-32.942802860100194,0.4540878716611304,0.4540878716611304,row,-0.06647,-0.09284338296871403,True,False,False,UKB AFR
AFR,blood_platelet,PLT,PLT,hematology,sumrhe,-1,6,DHS_Trynka_w_flanking,DHS + flank,0.06905,0.26015,0.36637,1.39519,-4.98425e-07,1.43517e-06,-0.784511,2.21827,False,False,AFR.UKB_local.local,local,AFR,UKB_local,local,blood_platelet,blood_platelet,0.3111,0.17249,NA,NA,-1.4486267208826156,5.493991577088389,0.6058202241250564,0.6058202241250564,row,0.36637,0.45034820462727615,False,False,False,UKB AFR
AFR,blood_platelet,PLT,PLT,hematology,sumrhe,-1,20,Promoter_UCSC_w_flanking,Promoter,0.14896,0.08993,6.9202,5.6615,2.02421e-06,2.09267e-06,1.65457,2.45302,False,False,AFR.UKB_local.local,local,AFR,UKB_local,local,blood_platelet,blood_platelet,0.3111,0.17249,NA,NA,2.790813733647928,1.1802864041491383,0.0691912228852831,0.0691912228852831,row,6.920200000000001,2.9855368615378484,False,False,False,UKB AFR
AFR,blood_platelet,PLT,PLT,hematology,sumrhe,-1,29,GERP.NS,GERP.NS,0.93962,0.70398,1.15051,0.55313,4.19251e-07,5.44347e-07,1.94771,2.82056,False,False,AFR.UKB_local.local,local,AFR,UKB_local,local,blood_platelet,blood_platelet,0.3111,0.17249,NA,NA,0.2022735232297214,0.693603626189179,2.625196661698205,2.625196661698205,row,1.15051,1.1046788399163059,False,False,False,UKB AFR
AFR,blood_platelet,PLT,PLT,hematology,sumrhe,-1,31,Backgrd_Selection_Stat,Background selection,0.06333,0.02467,1.10086,0.42646,2.19701e-07,9.92407e-07,0.132484,0.756705,False,False,AFR.UKB_local.local,local,AFR,UKB_local,local,blood_platelet,blood_platelet,0.3111,0.17249,NA,NA,0.138631008277177,0.5588828072030116,0.1849172325008425,0.1849172325008425,row,1.1008600000000004,1.07098002491653,False,False,False,UKB AFR
AFR,blood_platelet,PLT,PLT,hematology,sumrhe,-1,32,CpG_Content_50kb,CpG content (50 kb),0.0029,0.00187,0.92904,0.23492,-3.34114e-05,4.82225e-05,-0.548884,0.950561,False,False,AFR.UKB_local.local,local,AFR,UKB_local,local,blood_platelet,blood_platelet,0.3111,0.17249,NA,NA,-0.1061873814233444,0.3648044422259917,0.0100337568796627,0.0100337568796627,row,0.9290400000000004,0.9478830589926807,False,False,False,UKB AFR
AFR,blood_platelet,PLT,PLT,hematology,sumrhe,-1,33,GTEx_eQTL_MaxCPP,GTEx eQTL MaxCPP,0.01158,0.03165,2.80495,8.22643,8.71859e-07,4.30831e-06,0.254036,1.2613,False,False,AFR.UKB_local.local,local,AFR,UKB_local,local,blood_platelet,blood_platelet,0.3111,0.17249,NA,NA,1.4879750541157206,4.231173377500561,0.0132703819874298,0.0132703819874298,row,2.8049500000000043,1.9278774957193623,False,False,False,UKB AFR
AFR,blood_platelet,PLT,PLT,hematology,sumrhe,-1,34,BLUEPRINT_H3K27acQTL_MaxCPP,BLUEPRINT H3K27ac QTL,-0.00594,0.04055,-0.82686,5.95076,-1.49169e-08,3.2724e-06,-0.00530504,1.14796,False,False,AFR.UKB_local.local,local,AFR,UKB_local,local,blood_platelet,blood_platelet,0.3111,0.17249,NA,NA,NA,-10.382812013545712,0.0230916225902404,0.0230916225902404,row,-0.826860000000003,-0.8693660783853745,True,False,False,UKB AFR
AFR,blood_platelet,PLT,PLT,hematology,sumrhe,-1,35,BLUEPRINT_H3K4me1QTL_MaxCPP,BLUEPRINT H3K4me1 QTL,-0.02878,0.03788,-4.98601,8.14259,-3.26654e-06,3.98538e-06,-1.03012,1.51632,False,False,AFR.UKB_local.local,local,AFR,UKB_local,local,blood_platelet,blood_platelet,0.3111,0.17249,NA,NA,NA,-2.3560470622786687,0.018554003462021,0.018554003462021,row,-4.986010000000009,-2.58159468894934,True,False,False,UKB AFR
AFR,blood_platelet,PLT,PLT,hematology,sumrhe,-1,36,BLUEPRINT_DNA_methylation_MaxCPP,BLUEPRINT methylation QTL,-0.03944,0.05792,-2.93587,4.32541,-2.36362e-06,3.04245e-06,-1.14809,1.27589,False,False,AFR.UKB_local.local,local,AFR,UKB_local,local,blood_platelet,blood_platelet,0.3111,0.17249,NA,NA,NA,-2.1255190307512017,0.0431817336204099,0.0431817336204099,row,-2.9358700000000053,-1.9766825699015875,True,False,False,UKB AFR
AFR,blood_platelet,PLT,PLT,hematology,sumrhe,-1,38,non_synonymous,Nonsynonymous,0.02109,0.03152,8.74322,13.46184,2.48853e-06,4.58225e-06,0.703116,1.29848,False,False,AFR.UKB_local.local,local,AFR,UKB_local,local,blood_platelet,blood_platelet,0.3111,0.17249,NA,NA,3.12816470106407,2.221301741148076,0.0077536315964453,0.0077536315964453,row,8.74322000000008,3.284398641949707,False,False,False,UKB AFR
AFR,blood_platelet,PLT,PLT,hematology,sumrhe,-1,45,Ancient_Sequence_Age_Human_Promoter_w_flanking,Ancient promoter age,0.02589,0.03951,6.6361,9.71118,-3.17224e-07,5.93093e-06,-0.113704,2.0235,False,False,AFR.UKB_local.local,local,AFR,UKB_local,local,blood_platelet,blood_platelet,0.3111,0.17249,NA,NA,2.73033562656157,2.1112206306686288,0.0125406231544631,0.0125406231544631,row,6.63610000000001,2.932835995952883,False,False,False,UKB AFR
AFR,blood_rbc_count,RBC,RBC,hematology,sumrhe,-1,1,Coding_UCSC_w_flanking,Coding,0.01706,0.09651,0.65483,3.8543,-7.69238e-07,1.56499e-06,-0.978675,1.91592,False,False,AFR.UKB_local.local,local,AFR,UKB_local,local,blood_rbc_count,blood_rbc_count,0.24347,0.11114,NA,NA,-0.610807676771402,8.491638281841595,0.1070052296409973,0.1070052296409973,row,0.65483,0.7266830171810403,False,False,False,UKB AFR
AFR,blood_rbc_count,RBC,RBC,hematology,sumrhe,-1,2,Conserved_LindbladToh_w_flanking,Conserved (LindbladToh),0.0423,0.17665,0.3827,1.59053,-1.5142e-06,1.70908e-06,-3.10273,3.65783,False,False,AFR.UKB_local.local,local,AFR,UKB_local,local,blood_rbc_count,blood_rbc_count,0.24347,0.11114,NA,NA,-1.3857141938809538,5.995949159616209,0.453979716594093,0.453979716594093,row,0.3827000000000001,0.4674881735083557,False,False,False,UKB AFR
AFR,blood_rbc_count,RBC,RBC,hematology,sumrhe,-1,6,DHS_Trynka_w_flanking,DHS + flank,0.28144,0.1708,1.90813,0.92702,1.69819e-06,1.42542e-06,3.41544,2.69412,False,False,AFR.UKB_local.local,local,AFR,UKB_local,local,blood_rbc_count,blood_rbc_count,0.24347,0.11114,NA,NA,0.9321594648268164,0.7008993919727098,0.6058043768324839,0.6058043768324839,row,1.90813,1.5400917624360801,False,False,False,UKB AFR
AFR,blood_rbc_count,RBC,RBC,hematology,sumrhe,-1,20,Promoter_UCSC_w_flanking,Promoter,0.0797,0.07863,4.73117,4.16154,4.99636e-07,1.20354e-06,0.521849,1.1711,False,False,AFR.UKB_local.local,local,AFR,UKB_local,local,blood_rbc_count,blood_rbc_count,0.24347,0.11114,NA,NA,2.2421970005770366,1.268995432516916,0.0691901563979842,0.0691901563979842,row,4.731170000000004,2.5188296906210983,False,False,False,UKB AFR
AFR,blood_rbc_count,RBC,RBC,hematology,sumrhe,-1,29,GERP.NS,GERP.NS,1.04034,0.57068,1.62769,0.65999,3.84271e-07,3.53425e-07,2.28112,1.99801,False,False,AFR.UKB_local.local,local,AFR,UKB_local,local,blood_rbc_count,blood_rbc_count,0.24347,0.11114,NA,NA,0.7028259587879109,0.5849788964952214,2.625174311918753,2.625174311918753,row,1.62769,1.3937950847002758,False,False,False,UKB AFR
AFR,blood_rbc_count,RBC,RBC,hematology,sumrhe,-1,31,Backgrd_Selection_Stat,Background selection,0.04139,0.0277,0.91929,0.48946,2.02524e-07,6.52465e-07,0.156052,0.499749,False,False,AFR.UKB_local.local,local,AFR,UKB_local,local,blood_rbc_count,blood_rbc_count,0.24347,0.11114,NA,NA,-0.1214080477762983,0.7681379267842705,0.1849257695919907,0.1849257695919907,row,0.9192900000000002,0.9405727156771458,False,False,False,UKB AFR
AFR,blood_rbc_count,RBC,RBC,hematology,sumrhe,-1,32,CpG_Content_50kb,CpG content (50 kb),0.00397,0.0016,1.62515,0.4663,0.000138881,5.26512e-05,2.91535,1.64442,False,False,AFR.UKB_local.local,local,AFR,UKB_local,local,blood_rbc_count,blood_rbc_count,0.24347,0.11114,NA,NA,0.7005728838450056,0.4139486801627687,0.0100334802197348,0.0100334802197348,row,1.6251500000000136,1.3923998601400593,False,False,False,UKB AFR
AFR,blood_rbc_count,RBC,RBC,hematology,sumrhe,-1,33,GTEx_eQTL_MaxCPP,GTEx eQTL MaxCPP,-0.00189,0.03671,-0.58494,11.58447,-1.26192e-06,5.1378e-06,-0.46983,1.79128,False,False,AFR.UKB_local.local,local,AFR,UKB_local,local,blood_rbc_count,blood_rbc_count,0.24347,0.11114,NA,NA,NA,-28.57191749637052,0.0132710421230755,0.0132710421230755,row,-0.5849400000000016,-0.6644282262694874,True,False,False,UKB AFR
AFR,blood_rbc_count,RBC,RBC,hematology,sumrhe,-1,34,BLUEPRINT_H3K27acQTL_MaxCPP,BLUEPRINT H3K27ac QTL,0.03011,0.04258,5.35448,7.85908,3.12102e-06,4.25205e-06,1.41829,1.87084,False,False,AFR.UKB_local.local,local,AFR,UKB_local,local,blood_rbc_count,blood_rbc_count,0.24347,0.11114,NA,NA,2.4207464745370686,2.117526957230139,0.0230965971269053,0.0230965971269053,row,5.354480000000004,2.6677740713961393,False,False,False,UKB AFR
AFR,blood_rbc_count,RBC,RBC,hematology,sumrhe,-1,35,BLUEPRINT_H3K4me1QTL_MaxCPP,BLUEPRINT H3K4me1 QTL,-0.0288,0.03928,-6.37569,8.80364,-4.13478e-06,5.11399e-06,-1.66614,1.92064,False,False,AFR.UKB_local.local,local,AFR,UKB_local,local,blood_rbc_count,blood_rbc_count,0.24347,0.11114,NA,NA,NA,-1.992093054990396,0.0185532432861681,0.0185532432861681,row,-6.3756900000000165,-2.8827780206179607,True,False,False,UKB AFR
AFR,blood_rbc_count,RBC,RBC,hematology,sumrhe,-1,36,BLUEPRINT_DNA_methylation_MaxCPP,BLUEPRINT methylation QTL,-0.02425,0.04168,-2.30692,4.45189,-2.25571e-06,2.16085e-06,-1.40004,1.47599,False,False,AFR.UKB_local.local,local,AFR,UKB_local,local,blood_rbc_count,blood_rbc_count,0.24347,0.11114,NA,NA,NA,-2.784110253317482,0.043175139851186,0.043175139851186,row,-2.3069200000000003,-1.7254881447127868,True,False,False,UKB AFR
AFR,blood_rbc_count,RBC,RBC,hematology,sumrhe,-1,38,non_synonymous,Nonsynonymous,0.01961,0.02864,10.38476,17.38249,1.48747e-06,4.42022e-06,0.537024,1.64537,False,False,AFR.UKB_local.local,local,AFR,UKB_local,local,blood_rbc_count,blood_rbc_count,0.24347,0.11114,NA,NA,3.376395969634121,2.414849464147655,0.0077559620217303,0.0077559620217303,row,10.384760000000028,3.509031973497662,False,False,False,UKB AFR
AFR,blood_rbc_count,RBC,RBC,hematology,sumrhe,-1,45,Ancient_Sequence_Age_Human_Promoter_w_flanking,Ancient promoter age,0.1126,0.0403,36.87479,18.89286,1.29148e-05,5.39138e-06,5.91508,3.37358,False,False,AFR.UKB_local.local,local,AFR,UKB_local,local,blood_rbc_count,blood_rbc_count,0.24347,0.11114,NA,NA,5.204562928199813,0.7391672042121314,0.0125419013097896,0.0125419013097896,row,36.87479000000026,5.243165984349568,False,False,False,UKB AFR
AFR,bmi,BMI,BMI,anthro_physical,sumrhe,-1,1,Coding_UCSC_w_flanking,Coding,0.02216,0.07699,1.56496,5.1999,-3.94517e-07,1.30376e-06,-0.923414,3.04724,False,False,AFR.UKB_local.local,local,AFR,UKB_local,local,bmi,bmi,0.13234,0.08183,NA,NA,0.646125782691997,4.793649641600119,0.1069979320583063,0.1069979320583063,row,1.5649600000000001,1.3589363274886244,False,False,False,UKB AFR
AFR,bmi,BMI,BMI,anthro_physical,sumrhe,-1,2,Conserved_LindbladToh_w_flanking,Conserved (LindbladToh),0.0831,0.16593,1.38311,2.95013,-7.46675e-08,1.23474e-06,-0.281479,4.54327,False,False,AFR.UKB_local.local,local,AFR,UKB_local,local,bmi,bmi,0.13234,0.08183,NA,NA,0.4679158999039484,3.0772230126148736,0.4539971976758004,0.4539971976758004,row,1.38311,1.2528455452301868,False,False,False,UKB AFR
AFR,bmi,BMI,BMI,anthro_physical,sumrhe,-1,6,DHS_Trynka_w_flanking,DHS + flank,-0.13245,0.14957,-1.65203,2.30094,-6.03747e-07,9.89455e-07,-2.23393,3.59084,False,False,AFR.UKB_local.local,local,AFR,UKB_local,local,bmi,bmi,0.13234,0.08183,NA,NA,NA,-2.009379204604669,0.6058190180464369,0.6058190180464369,row,-1.6520300000000003,-1.4070970954378414,True,False,False,UKB AFR
AFR,bmi,BMI,BMI,anthro_physical,sumrhe,-1,20,Promoter_UCSC_w_flanking,Promoter,-0.06627,0.0672,-7.23721,8.4332,-5.6743e-07,1.3462e-06,-1.09033,2.62145,False,False,AFR.UKB_local.local,local,AFR,UKB_local,local,bmi,bmi,0.13234,0.08183,NA,NA,NA,-1.681108578972395,0.069191805880902,0.069191805880902,row,-7.237210000000001,-3.0421557693557046,True,False,False,UKB AFR
AFR,bmi,BMI,BMI,anthro_physical,sumrhe,-1,29,GERP.NS,GERP.NS,0.78603,0.40188,2.2625,1.52478,4.06296e-07,2.70461e-07,4.43717,4.37766,False,False,AFR.UKB_local.local,local,AFR,UKB_local,local,bmi,bmi,0.13234,0.08183,NA,NA,1.177917792195843,0.9722839975454912,2.6251819146564555,2.6251819146564555,row,2.2625,1.7059779016825223,False,False,False,UKB AFR
AFR,bmi,BMI,BMI,anthro_physical,sumrhe,-1,31,Backgrd_Selection_Stat,Background selection,0.01021,0.02725,0.41709,1.20031,-1.00496e-07,1.05921e-06,-0.142461,1.49478,False,False,AFR.UKB_local.local,local,AFR,UKB_local,local,bmi,bmi,0.13234,0.08183,NA,NA,-1.261569371783588,4.15181683696428,0.1849715067608281,0.1849715067608281,row,0.41709000000000007,0.502931387352907,False,False,False,UKB AFR
AFR,bmi,BMI,BMI,anthro_physical,sumrhe,-1,32,CpG_Content_50kb,CpG content (50 kb),0.00119,0.0011,0.89887,0.50764,1.41972e-05,4.72549e-05,0.54828,1.87994,False,False,AFR.UKB_local.local,local,AFR,UKB_local,local,bmi,bmi,0.13234,0.08183,NA,NA,-0.1538156153178216,0.8147671082101676,0.0100036605159179,0.0100036605159179,row,0.8988700000000054,0.9251411394130682,False,False,False,UKB AFR
AFR,bmi,BMI,BMI,anthro_physical,sumrhe,-1,33,GTEx_eQTL_MaxCPP,GTEx eQTL MaxCPP,-0.04613,0.02673,-26.26237,24.70705,-5.99318e-06,3.38788e-06,-4.10507,3.68948,False,False,AFR.UKB_local.local,local,AFR,UKB_local,local,bmi,bmi,0.13234,0.08183,NA,NA,NA,-1.357255210020865,0.0132726734243588,0.0132726734243588,row,-26.26237000000013,-4.768839080310847,True,False,False,UKB AFR
AFR,bmi,BMI,BMI,anthro_physical,sumrhe,-1,34,BLUEPRINT_H3K27acQTL_MaxCPP,BLUEPRINT H3K27ac QTL,0.03709,0.03945,12.13357,13.68927,2.16423e-06,3.75995e-06,1.80936,2.9841,False,False,AFR.UKB_local.local,local,AFR,UKB_local,local,bmi,bmi,0.13234,0.08183,NA,NA,3.600932184795928,1.6276695104894985,0.0230981449849371,0.0230981449849371,row,12.133570000000047,3.715187221417658,False,False,False,UKB AFR
AFR,bmi,BMI,BMI,anthro_physical,sumrhe,-1,35,BLUEPRINT_H3K4me1QTL_MaxCPP,BLUEPRINT H3K4me1 QTL,0.02122,0.03057,8.64369,12.809,9.02088e-07,3.2869e-06,0.668748,2.35782,False,False,AFR.UKB_local.local,local,AFR,UKB_local,local,bmi,bmi,0.13234,0.08183,NA,NA,3.111647331859327,2.1379157256619257,0.0185504763618699,0.0185504763618699,row,8.643690000000001,3.269585275717412,False,False,False,UKB AFR
AFR,bmi,BMI,BMI,anthro_physical,sumrhe,-1,36,BLUEPRINT_DNA_methylation_MaxCPP,BLUEPRINT methylation QTL,0.07823,0.05483,13.68997,12.05991,3.38577e-06,2.63898e-06,3.86606,3.74114,False,False,AFR.UKB_local.local,local,AFR,UKB_local,local,bmi,bmi,0.13234,0.08183,NA,NA,3.77504737998583,1.2709138406123035,0.0431797082376622,0.0431797082376622,row,13.68997,3.876759544498681,False,False,False,UKB AFR
AFR,bmi,BMI,BMI,anthro_physical,sumrhe,-1,38,non_synonymous,Nonsynonymous,-0.01013,0.04218,-9.87339,40.22666,-2.86483e-06,6.14169e-06,-1.90282,3.53307,False,False,AFR.UKB_local.local,local,AFR,UKB_local,local,bmi,bmi,0.13234,0.08183,NA,NA,NA,-5.877900386141582,0.0077526829390326,0.0077526829390326,row,-9.873390000000047,-3.4427298948401015,True,False,False,UKB AFR
AFR,bmi,BMI,BMI,anthro_physical,sumrhe,-1,45,Ancient_Sequence_Age_Human_Promoter_w_flanking,Ancient promoter age,-0.04207,0.03187,-25.34938,22.46713,-2.2025e-06,4.73263e-06,-1.85584,3.96224,False,False,AFR.UKB_local.local,local,AFR,UKB_local,local,bmi,bmi,0.13234,0.08183,NA,NA,NA,-1.2786591638141709,0.0125404765372236,0.0125404765372236,row,-25.34938000000019,-4.719697110584827,True,False,False,UKB AFR
AFR,cystatin_c,CysC,CysC,biochem_kidney,sumrhe,-1,1,Coding_UCSC_w_flanking,Coding,0.02071,0.10339,4.52449,31.9417,-6.96707e-07,1.33918e-06,-5.04548,54.6679,False,False,AFR.UKB_local.local,local,AFR,UKB_local,local,cystatin_c,cystatin_c,0.04277,0.08974,NA,NA,2.177755180938936,10.185044543708353,0.1070215449144156,0.1070215449144156,row,4.524490000000003,2.4658412865073704,False,False,False,UKB AFR
AFR,cystatin_c,CysC,CysC,biochem_kidney,sumrhe,-1,2,Conserved_LindbladToh_w_flanking,Conserved (LindbladToh),0.09626,0.13808,4.95747,29.22693,1.42981e-08,1.178e-06,0.16677,19.1384,False,False,AFR.UKB_local.local,local,AFR,UKB_local,local,cystatin_c,cystatin_c,0.04277,0.08974,NA,NA,2.309604042049245,8.505456809906843,0.453990235754776,0.453990235754776,row,4.95747,2.574699781462092,False,False,False,UKB AFR
AFR,cystatin_c,CysC,CysC,biochem_kidney,sumrhe,-1,6,DHS_Trynka_w_flanking,DHS + flank,-0.11343,0.16128,-4.37778,25.50107,-1.12903e-06,1.38047e-06,-12.9254,145.332,False,False,AFR.UKB_local.local,local,AFR,UKB_local,local,cystatin_c,cystatin_c,0.04277,0.08974,NA,NA,NA,-8.403863882233077,0.6058076441170641,0.6058076441170641,row,-4.3777800000000004,-2.4270107370997724,True,False,False,UKB AFR
AFR,cystatin_c,CysC,CysC,biochem_kidney,sumrhe,-1,20,Promoter_UCSC_w_flanking,Promoter,0.15183,0.08109,51.30654,179.21647,1.84624e-06,1.82494e-06,10.9759,94.3914,False,False,AFR.UKB_local.local,local,AFR,UKB_local,local,cystatin_c,cystatin_c,0.04277,0.08974,NA,NA,5.681070831522652,5.039410424375249,0.0691903637809028,0.0691903637809028,row,51.306540000000034,5.708919435923432,False,False,False,UKB AFR
AFR,cystatin_c,CysC,CysC,biochem_kidney,sumrhe,-1,29,GERP.NS,GERP.NS,0.58201,0.57314,5.18334,21.30202,3.64829e-07,4.22408e-07,12.3276,104.67,False,False,AFR.UKB_local.local,local,AFR,UKB_local,local,cystatin_c,cystatin_c,0.04277,0.08974,NA,NA,2.3738820300772137,5.929057058753143,2.625315479123945,2.625315479123945,row,5.18334,2.6283863364777975,False,False,False,UKB AFR
AFR,cystatin_c,CysC,CysC,biochem_kidney,sumrhe,-1,31,Backgrd_Selection_Stat,Background selection,0.03148,0.02827,3.98052,14.74965,1.34315e-07,8.43691e-07,0.589108,8.65808,False,False,AFR.UKB_local.local,local,AFR,UKB_local,local,cystatin_c,cystatin_c,0.04277,0.08974,NA,NA,1.992956911275808,5.345845997469653,0.184907983760737,0.184907983760737,row,3.9805200000000025,2.3162963772846914,False,False,False,UKB AFR
AFR,cystatin_c,CysC,CysC,biochem_kidney,sumrhe,-1,32,CpG_Content_50kb,CpG content (50 kb),-0.00039,0.00125,-0.9092,8.66836,-5.98702e-05,4.80051e-05,-7.15379,54.4069,False,False,AFR.UKB_local.local,local,AFR,UKB_local,local,cystatin_c,cystatin_c,0.04277,0.08974,NA,NA,NA,-13.754729415574412,0.010029191633782,0.010029191633782,row,-0.9092000000000056,-0.9329682415027587,True,False,False,UKB AFR
AFR,cystatin_c,CysC,CysC,biochem_kidney,sumrhe,-1,33,GTEx_eQTL_MaxCPP,GTEx eQTL MaxCPP,-0.02603,0.03091,-45.84868,177.56154,-3.71243e-06,4.02754e-06,-7.86767,97.4253,False,False,AFR.UKB_local.local,local,AFR,UKB_local,local,cystatin_c,cystatin_c,0.04277,0.08974,NA,NA,NA,-5.587230716579132,0.0132741915753223,0.0132741915753223,row,-45.848680000000236,-5.549936494227922,True,False,False,UKB AFR
AFR,cystatin_c,CysC,CysC,biochem_kidney,sumrhe,-1,34,BLUEPRINT_H3K27acQTL_MaxCPP,BLUEPRINT H3K27ac QTL,0.0141,0.03888,14.2747,91.25508,1.99585e-06,3.71745e-06,5.16269,65.533,False,False,AFR.UKB_local.local,local,AFR,UKB_local,local,cystatin_c,cystatin_c,0.04277,0.08974,NA,NA,3.835388520821524,9.22283840444462,0.0230947291130692,0.0230947291130692,row,14.274700000000031,3.9330721402169684,False,False,False,UKB AFR
AFR,cystatin_c,CysC,CysC,biochem_kidney,sumrhe,-1,35,BLUEPRINT_H3K4me1QTL_MaxCPP,BLUEPRINT H3K4me1 QTL,-0.00998,0.03292,-12.57809,54.24976,-9.30398e-07,3.69199e-06,-2.13406,28.0035,False,False,AFR.UKB_local.local,local,AFR,UKB_local,local,cystatin_c,cystatin_c,0.04277,0.08974,NA,NA,NA,-6.222396224022602,0.0185513958763332,0.0185513958763332,row,-12.57809000000002,-3.7632086480099645,True,False,False,UKB AFR
AFR,cystatin_c,CysC,CysC,biochem_kidney,sumrhe,-1,36,BLUEPRINT_DNA_methylation_MaxCPP,BLUEPRINT methylation QTL,-0.06602,0.03572,-35.74713,140.3548,-3.33346e-06,1.72484e-06,-11.7769,128.594,False,False,AFR.UKB_local.local,local,AFR,UKB_local,local,cystatin_c,cystatin_c,0.04277,0.08974,NA,NA,NA,-5.664487580540377,0.043181238069724,0.043181238069724,row,-35.747130000000006,-5.199559672824017,True,False,False,UKB AFR
AFR,cystatin_c,CysC,CysC,biochem_kidney,sumrhe,-1,38,non_synonymous,Nonsynonymous,0.00498,0.03556,15.02678,256.79692,9.37536e-07,5.15975e-06,1.92669,39.6402,False,False,AFR.UKB_local.local,local,AFR,UKB_local,local,cystatin_c,cystatin_c,0.04277,0.08974,NA,NA,3.909463990653806,24.65462614076734,0.0077486164524021,0.0077486164524021,row,15.02678000000003,4.002412692265631,False,False,False,UKB AFR
AFR,cystatin_c,CysC,CysC,biochem_kidney,sumrhe,-1,45,Ancient_Sequence_Age_Human_Promoter_w_flanking,Ancient promoter age,-0.00836,0.03903,-15.58163,96.47115,-9.02991e-06,6.9248e-06,-23.5396,298.517,False,False,AFR.UKB_local.local,local,AFR,UKB_local,local,cystatin_c,cystatin_c,0.04277,0.08974,NA,NA,NA,-8.932213747461294,0.0125445226435056,0.0125445226435056,row,-15.581630000000093,-4.051513927856754,True,False,False,UKB AFR
AFR,ggt,GGT,GGT,biochem_liver,sumrhe,-1,1,Coding_UCSC_w_flanking,Coding,0.05631,0.10022,1.00478,1.7429,-1.81851e-07,2.4118e-06,-0.107558,1.33326,False,False,AFR.UKB_local.local,local,AFR,UKB_local,local,ggt,ggt,0.52371,0.19285,NA,NA,0.006879652992673,2.5025111833091565,0.1070098311522489,0.1070098311522489,row,1.0047800000000002,1.0034439272919928,False,False,False,UKB AFR
AFR,ggt,GGT,GGT,biochem_liver,sumrhe,-1,2,Conserved_LindbladToh_w_flanking,Conserved (LindbladToh),0.12192,0.26221,0.51277,1.09361,-8.24271e-07,1.61873e-06,-0.785201,1.79796,False,False,AFR.UKB_local.local,local,AFR,UKB_local,local,ggt,ggt,0.52371,0.19285,NA,NA,-0.9636162364355672,3.076907236512626,0.4540058812909415,0.4540058812909415,row,0.51277,0.5971926583524678,False,False,False,UKB AFR
AFR,ggt,GGT,GGT,biochem_liver,sumrhe,-1,6,DHS_Trynka_w_flanking,DHS + flank,0.57613,0.26112,1.81592,0.66666,1.38866e-06,1.39067e-06,1.2984,1.2646,False,False,AFR.UKB_local.local,local,AFR,UKB_local,local,ggt,ggt,0.52371,0.19285,NA,NA,0.8607006463812841,0.5296417661345414,0.6058050812984931,0.6058050812984931,row,1.81592,1.493606347738446,False,False,False,UKB AFR
AFR,ggt,GGT,GGT,biochem_liver,sumrhe,-1,20,Promoter_UCSC_w_flanking,Promoter,0.13668,0.10171,3.77206,2.2879,2.40579e-06,1.79163e-06,1.16815,0.721064,False,False,AFR.UKB_local.local,local,AFR,UKB_local,local,ggt,ggt,0.52371,0.19285,NA,NA,1.91535262432001,0.8750502335725995,0.0691887542721242,0.0691887542721242,row,3.7720600000000024,2.254612182420877,False,False,False,UKB AFR
AFR,ggt,GGT,GGT,biochem_liver,sumrhe,-1,29,GERP.NS,GERP.NS,1.25282,0.69864,0.91125,0.42504,1.28503e-08,4.37666e-07,0.0354627,1.17222,False,False,AFR.UKB_local.local,local,AFR,UKB_local,local,ggt,ggt,0.52371,0.19285,NA,NA,-0.1340811854477876,0.6729252128169493,2.625187150691441,2.625187150691441,row,0.91125,0.9345165015860799,False,False,False,UKB AFR
AFR,ggt,GGT,GGT,biochem_liver,sumrhe,-1,31,Backgrd_Selection_Stat,Background selection,0.10452,0.03959,1.07926,0.18416,2.86493e-08,8.07467e-07,0.0102626,0.282569,False,False,AFR.UKB_local.local,local,AFR,UKB_local,local,ggt,ggt,0.52371,0.19285,NA,NA,0.1100424603078883,0.2461748964384036,0.1849193903947376,0.1849193903947376,row,1.0792600000000003,1.0560701705375606,False,False,False,UKB AFR
AFR,ggt,GGT,GGT,biochem_liver,sumrhe,-1,32,CpG_Content_50kb,CpG content (50 kb),0.00706,0.00316,1.34545,0.22769,9.39054e-05,8.92655e-05,0.916404,0.72602,False,False,AFR.UKB_local.local,local,AFR,UKB_local,local,ggt,ggt,0.52371,0.19285,NA,NA,0.4280887781263244,0.244146741878188,0.0100195051167877,0.0100195051167877,row,1.345450000000009,1.229864745975269,False,False,False,UKB AFR
AFR,ggt,GGT,GGT,biochem_liver,sumrhe,-1,33,GTEx_eQTL_MaxCPP,GTEx eQTL MaxCPP,0.02632,0.03226,3.7874,5.82797,1.9781e-06,4.56131e-06,0.34238,0.91417,False,False,AFR.UKB_local.local,local,AFR,UKB_local,local,ggt,ggt,0.52371,0.19285,NA,NA,1.9212077971245527,2.2199882287188184,0.013269478144205,0.013269478144205,row,3.7874000000000114,2.2592423521006078,False,False,False,UKB AFR
AFR,ggt,GGT,GGT,biochem_liver,sumrhe,-1,34,BLUEPRINT_H3K27acQTL_MaxCPP,BLUEPRINT H3K27ac QTL,0.01352,0.04601,1.11761,4.17843,-8.26918e-07,4.31511e-06,-0.174696,1.03025,False,False,AFR.UKB_local.local,local,AFR,UKB_local,local,ggt,ggt,0.52371,0.19285,NA,NA,0.1604168346698427,5.393831694152406,0.0230991258986473,0.0230991258986473,row,1.117610000000002,1.0824369128078433,False,False,False,UKB AFR
AFR,ggt,GGT,GGT,biochem_liver,sumrhe,-1,35,BLUEPRINT_H3K4me1QTL_MaxCPP,BLUEPRINT H3K4me1 QTL,0.06497,0.0322,6.6872,3.68491,6.87926e-06,3.44097e-06,1.2887,0.864639,False,False,AFR.UKB_local.local,local,AFR,UKB_local,local,ggt,ggt,0.52371,0.19285,NA,NA,2.7414022659195902,0.794981663943377,0.0185514426416154,0.0185514426416154,row,6.687200000000007,2.9424582039463916,False,False,False,UKB AFR
AFR,ggt,GGT,GGT,biochem_liver,sumrhe,-1,36,BLUEPRINT_DNA_methylation_MaxCPP,BLUEPRINT methylation QTL,-0.04424,0.05274,-1.95664,2.63937,-4.47654e-06,2.98224e-06,-1.29167,0.837571,False,False,AFR.UKB_local.local,local,AFR,UKB_local,local,ggt,ggt,0.52371,0.19285,NA,NA,NA,-1.9460943301123883,0.0431731089634511,0.0431731089634511,row,-1.956640000000002,-1.5639585918408379,True,False,False,UKB AFR
AFR,ggt,GGT,GGT,biochem_liver,sumrhe,-1,38,non_synonymous,Nonsynonymous,-0.06034,0.02874,-14.85701,10.77044,-1.00325e-05,4.94918e-06,-1.68386,1.15395,False,False,AFR.UKB_local.local,local,AFR,UKB_local,local,ggt,ggt,0.52371,0.19285,NA,NA,NA,-1.0458672624028742,0.0077550218097379,0.0077550218097379,row,-14.857010000000141,-3.9870488567969407,True,False,False,UKB AFR
AFR,ggt,GGT,GGT,biochem_liver,sumrhe,-1,45,Ancient_Sequence_Age_Human_Promoter_w_flanking,Ancient promoter age,0.02669,0.04941,4.06307,7.39807,3.68056e-06,4.99044e-06,0.783675,1.27196,False,False,AFR.UKB_local.local,local,AFR,UKB_local,local,ggt,ggt,0.52371,0.19285,NA,NA,2.0225702200410467,2.626870543985069,0.0125430571942696,0.0125430571942696,row,4.063070000000024,2.3400124305157033,False,False,False,UKB AFR
AFR,glucose,GLU,GLU,biochem_glycemic,sumrhe,-1,1,Coding_UCSC_w_flanking,Coding,-0.03971,0.11434,NA,NA,-1.63241e-07,2.2994e-06,2.03344,111.432,False,False,AFR.UKB_local.local,local,AFR,UKB_local,local,glucose,glucose,-0.02487,0.11706,NA,NA,NA,NA,NA,0.1070118794931443,dataset_kind+pop+source+source_group+annotation,NA,NA,False,True,True,UKB AFR
AFR,glucose,GLU,GLU,biochem_glycemic,sumrhe,-1,2,Conserved_LindbladToh_w_flanking,Conserved (LindbladToh),-0.08772,0.20938,NA,NA,-6.53943e-07,1.13709e-06,13.1197,208.684,False,False,AFR.UKB_local.local,local,AFR,UKB_local,local,glucose,glucose,-0.02487,0.11706,NA,NA,NA,NA,NA,0.4539855740034122,dataset_kind+pop+source+source_group+annotation,NA,NA,False,True,True,UKB AFR
AFR,glucose,GLU,GLU,biochem_glycemic,sumrhe,-1,6,DHS_Trynka_w_flanking,DHS + flank,-0.08559,0.22364,NA,NA,-7.54169e-10,1.72317e-06,0.0148509,264.516,False,False,AFR.UKB_local.local,local,AFR,UKB_local,local,glucose,glucose,-0.02487,0.11706,NA,NA,NA,NA,NA,0.6057972822456678,dataset_kind+pop+source+source_group+annotation,NA,NA,False,True,True,UKB AFR
AFR,glucose,GLU,GLU,biochem_glycemic,sumrhe,-1,20,Promoter_UCSC_w_flanking,Promoter,-0.01253,0.07866,NA,NA,3.78536e-07,1.65037e-06,-3.871,69.0724,False,False,AFR.UKB_local.local,local,AFR,UKB_local,local,glucose,glucose,-0.02487,0.11706,NA,NA,NA,NA,NA,0.0691912228852831,dataset_kind+pop+source+source_group+annotation,NA,NA,False,True,True,UKB AFR
AFR,glucose,GLU,GLU,biochem_glycemic,sumrhe,-1,29,GERP.NS,GERP.NS,0.13368,0.67564,NA,NA,5.0368e-07,2.81718e-07,-29.2745,795.332,False,False,AFR.UKB_local.local,local,AFR,UKB_local,local,glucose,glucose,-0.02487,0.11706,NA,NA,NA,NA,NA,2.625186378549905,dataset_kind+pop+source+source_group+annotation,NA,NA,False,True,True,UKB AFR
AFR,glucose,GLU,GLU,biochem_glycemic,sumrhe,-1,31,Backgrd_Selection_Stat,Background selection,0.01915,0.0355,NA,NA,6.75427e-07,1.07588e-06,-5.09561,109.849,False,False,AFR.UKB_local.local,local,AFR,UKB_local,local,glucose,glucose,-0.02487,0.11706,NA,NA,NA,NA,NA,0.1849190576852553,dataset_kind+pop+source+source_group+annotation,NA,NA,False,True,True,UKB AFR
AFR,glucose,GLU,GLU,biochem_glycemic,sumrhe,-1,32,CpG_Content_50kb,CpG content (50 kb),-0.00011,0.00147,NA,NA,-1.12704e-05,6.19334e-05,2.31639,121.583,False,False,AFR.UKB_local.local,local,AFR,UKB_local,local,glucose,glucose,-0.02487,0.11706,NA,NA,NA,NA,NA,0.0100268988645422,dataset_kind+pop+source+source_group+annotation,NA,NA,False,True,True,UKB AFR
AFR,glucose,GLU,GLU,biochem_glycemic,sumrhe,-1,33,GTEx_eQTL_MaxCPP,GTEx eQTL MaxCPP,0.00454,0.03182,NA,NA,4.44691e-07,4.20501e-06,-1.62104,30.3655,False,False,AFR.UKB_local.local,local,AFR,UKB_local,local,glucose,glucose,-0.02487,0.11706,NA,NA,NA,NA,NA,0.013271850700614,dataset_kind+pop+source+source_group+annotation,NA,NA,False,True,True,UKB AFR
AFR,glucose,GLU,GLU,biochem_glycemic,sumrhe,-1,34,BLUEPRINT_H3K27acQTL_MaxCPP,BLUEPRINT H3K27ac QTL,0.02044,0.03196,NA,NA,1.6231e-06,3.44012e-06,-7.22169,178.77,False,False,AFR.UKB_local.local,local,AFR,UKB_local,local,glucose,glucose,-0.02487,0.11706,NA,NA,NA,NA,NA,0.0231000358454644,dataset_kind+pop+source+source_group+annotation,NA,NA,False,True,True,UKB AFR
AFR,glucose,GLU,GLU,biochem_glycemic,sumrhe,-1,35,BLUEPRINT_H3K4me1QTL_MaxCPP,BLUEPRINT H3K4me1 QTL,-0.00481,0.03963,NA,NA,-1.22552e-06,4.80613e-06,4.83508,208.427,False,False,AFR.UKB_local.local,local,AFR,UKB_local,local,glucose,glucose,-0.02487,0.11706,NA,NA,NA,NA,NA,0.0185521413850718,dataset_kind+pop+source+source_group+annotation,NA,NA,False,True,True,UKB AFR
AFR,glucose,GLU,GLU,biochem_glycemic,sumrhe,-1,36,BLUEPRINT_DNA_methylation_MaxCPP,BLUEPRINT methylation QTL,0.04065,0.07241,NA,NA,1.97036e-06,3.85543e-06,-11.9737,424.649,False,False,AFR.UKB_local.local,local,AFR,UKB_local,local,glucose,glucose,-0.02487,0.11706,NA,NA,NA,NA,NA,0.0431784974029914,dataset_kind+pop+source+source_group+annotation,NA,NA,False,True,True,UKB AFR
AFR,glucose,GLU,GLU,biochem_glycemic,sumrhe,-1,38,non_synonymous,Nonsynonymous,-0.01619,0.0225,NA,NA,-1.31816e-06,3.56722e-06,4.65947,182.202,False,False,AFR.UKB_local.local,local,AFR,UKB_local,local,glucose,glucose,-0.02487,0.11706,NA,NA,NA,NA,NA,0.0077553156009756,dataset_kind+pop+source+source_group+annotation,NA,NA,False,True,True,UKB AFR
AFR,glucose,GLU,GLU,biochem_glycemic,sumrhe,-1,45,Ancient_Sequence_Age_Human_Promoter_w_flanking,Ancient promoter age,-0.00515,0.04908,NA,NA,3.01654e-06,4.85714e-06,-13.5271,308.694,False,False,AFR.UKB_local.local,local,AFR,UKB_local,local,glucose,glucose,-0.02487,0.11706,NA,NA,NA,NA,NA,0.0125418728637029,dataset_kind+pop+source+source_group+annotation,NA,NA,False,True,True,UKB AFR
AFR,hba1c,HbA1c,HbA1c,biochem_glycemic,sumrhe,-1,1,Coding_UCSC_w_flanking,Coding,0.12073,0.08583,NA,NA,1.28841e-06,1.67569e-06,-6.87104,77.9745,False,False,AFR.UKB_local.local,local,AFR,UKB_local,local,hba1c,hba1c,-0.05808,0.10049,NA,NA,NA,NA,NA,0.1070118794931443,dataset_kind+pop+source+source_group+annotation,NA,NA,False,True,True,UKB AFR
AFR,hba1c,HbA1c,HbA1c,biochem_glycemic,sumrhe,-1,2,Conserved_LindbladToh_w_flanking,Conserved (LindbladToh),0.11341,0.15737,NA,NA,5.74668e-08,1.04145e-06,-0.493591,21.7013,False,False,AFR.UKB_local.local,local,AFR,UKB_local,local,hba1c,hba1c,-0.05808,0.10049,NA,NA,NA,NA,NA,0.4539855740034122,dataset_kind+pop+source+source_group+annotation,NA,NA,False,True,True,UKB AFR
AFR,hba1c,HbA1c,HbA1c,biochem_glycemic,sumrhe,-1,6,DHS_Trynka_w_flanking,DHS + flank,-0.03619,0.26138,NA,NA,-5.3493e-07,1.71836e-06,4.50969,30.1387,False,False,AFR.UKB_local.local,local,AFR,UKB_local,local,hba1c,hba1c,-0.05808,0.10049,NA,NA,NA,NA,NA,0.6057972822456678,dataset_kind+pop+source+source_group+annotation,NA,NA,False,True,True,UKB AFR
AFR,hba1c,HbA1c,HbA1c,biochem_glycemic,sumrhe,-1,20,Promoter_UCSC_w_flanking,Promoter,-0.05106,0.07186,NA,NA,-4.94674e-07,1.26609e-06,2.16571,37.3182,False,False,AFR.UKB_local.local,local,AFR,UKB_local,local,hba1c,hba1c,-0.05808,0.10049,NA,NA,NA,NA,NA,0.0691912228852831,dataset_kind+pop+source+source_group+annotation,NA,NA,False,True,True,UKB AFR
AFR,hba1c,HbA1c,HbA1c,biochem_glycemic,sumrhe,-1,29,GERP.NS,GERP.NS,-0.18937,0.55115,NA,NA,-3.1851e-07,3.06454e-07,7.92542,76.4888,False,False,AFR.UKB_local.local,local,AFR,UKB_local,local,hba1c,hba1c,-0.05808,0.10049,NA,NA,NA,NA,NA,2.625186378549905,dataset_kind+pop+source+source_group+annotation,NA,NA,False,True,True,UKB AFR
AFR,hba1c,HbA1c,HbA1c,biochem_glycemic,sumrhe,-1,31,Backgrd_Selection_Stat,Background selection,-0.00864,0.02668,NA,NA,-1.07793e-06,8.12618e-07,3.48155,30.7543,False,False,AFR.UKB_local.local,local,AFR,UKB_local,local,hba1c,hba1c,-0.05808,0.10049,NA,NA,NA,NA,NA,0.1849190576852553,dataset_kind+pop+source+source_group+annotation,NA,NA,False,True,True,UKB AFR
AFR,hba1c,HbA1c,HbA1c,biochem_glycemic,sumrhe,-1,32,CpG_Content_50kb,CpG content (50 kb),-9e-05,0.00141,NA,NA,1.3744e-05,7.69101e-05,-1.20934,32.3515,False,False,AFR.UKB_local.local,local,AFR,UKB_local,local,hba1c,hba1c,-0.05808,0.10049,NA,NA,NA,NA,NA,0.0100268988645422,dataset_kind+pop+source+source_group+annotation,NA,NA,False,True,True,UKB AFR
AFR,hba1c,HbA1c,HbA1c,biochem_glycemic,sumrhe,-1,33,GTEx_eQTL_MaxCPP,GTEx eQTL MaxCPP,0.08772,0.04177,NA,NA,1.08584e-05,5.58249e-06,-16.946,184.177,False,False,AFR.UKB_local.local,local,AFR,UKB_local,local,hba1c,hba1c,-0.05808,0.10049,NA,NA,NA,NA,NA,0.013271850700614,dataset_kind+pop+source+source_group+annotation,NA,NA,False,True,True,UKB AFR
AFR,hba1c,HbA1c,HbA1c,biochem_glycemic,sumrhe,-1,34,BLUEPRINT_H3K27acQTL_MaxCPP,BLUEPRINT H3K27ac QTL,-0.06668,0.03301,NA,NA,-6.11617e-06,3.73926e-06,11.6503,125.296,False,False,AFR.UKB_local.local,local,AFR,UKB_local,local,hba1c,hba1c,-0.05808,0.10049,NA,NA,NA,NA,NA,0.0231000358454644,dataset_kind+pop+source+source_group+annotation,NA,NA,False,True,True,UKB AFR
AFR,hba1c,HbA1c,HbA1c,biochem_glycemic,sumrhe,-1,35,BLUEPRINT_H3K4me1QTL_MaxCPP,BLUEPRINT H3K4me1 QTL,0.00358,0.03741,NA,NA,2.01119e-06,4.66856e-06,-3.39705,31.2583,False,False,AFR.UKB_local.local,local,AFR,UKB_local,local,hba1c,hba1c,-0.05808,0.10049,NA,NA,NA,NA,NA,0.0185521413850718,dataset_kind+pop+source+source_group+annotation,NA,NA,False,True,True,UKB AFR
AFR,hba1c,HbA1c,HbA1c,biochem_glycemic,sumrhe,-1,36,BLUEPRINT_DNA_methylation_MaxCPP,BLUEPRINT methylation QTL,-0.02868,0.05054,NA,NA,-1.23472e-06,2.55069e-06,3.21231,19.7712,False,False,AFR.UKB_local.local,local,AFR,UKB_local,local,hba1c,hba1c,-0.05808,0.10049,NA,NA,NA,NA,NA,0.0431784974029914,dataset_kind+pop+source+source_group+annotation,NA,NA,False,True,True,UKB AFR
AFR,hba1c,HbA1c,HbA1c,biochem_glycemic,sumrhe,-1,38,non_synonymous,Nonsynonymous,-0.05964,0.0366,NA,NA,-1.00251e-05,5.4895e-06,15.1713,183.39,False,False,AFR.UKB_local.local,local,AFR,UKB_local,local,hba1c,hba1c,-0.05808,0.10049,NA,NA,NA,NA,NA,0.0077553156009756,dataset_kind+pop+source+source_group+annotation,NA,NA,False,True,True,UKB AFR
AFR,hba1c,HbA1c,HbA1c,biochem_glycemic,sumrhe,-1,45,Ancient_Sequence_Age_Human_Promoter_w_flanking,Ancient promoter age,0.00457,0.04699,NA,NA,7.62289e-06,6.8033e-06,-14.6346,183.573,False,False,AFR.UKB_local.local,local,AFR,UKB_local,local,hba1c,hba1c,-0.05808,0.10049,NA,NA,NA,NA,NA,0.0125418728637029,dataset_kind+pop+source+source_group+annotation,NA,NA,False,True,True,UKB AFR
AFR,hdl,HDL,HDL,biochem_lipids,sumrhe,-1,1,Coding_UCSC_w_flanking,Coding,0.24562,0.09,9.4927,7.94149,1.77193e-06,2.01676e-06,2.27,3.49444,False,False,AFR.UKB_local.local,local,AFR,UKB_local,local,hdl,hdl,0.24179,0.1604,NA,NA,3.246818490048585,1.2069430446837357,0.1070127773870515,0.1070127773870515,row,9.4927,3.3913140573971754,False,False,False,UKB AFR
AFR,hdl,HDL,HDL,biochem_lipids,sumrhe,-1,2,Conserved_LindbladToh_w_flanking,Conserved (LindbladToh),0.71734,0.19696,6.53495,4.61331,1.92946e-06,1.26855e-06,3.98106,4.86953,False,False,AFR.UKB_local.local,local,AFR,UKB_local,local,hdl,hdl,0.24179,0.1604,NA,NA,2.7081761977608765,1.0184621854923854,0.4539880737679837,0.4539880737679837,row,6.53495,2.9135979384997577,False,False,False,UKB AFR
AFR,hdl,HDL,HDL,biochem_lipids,sumrhe,-1,6,DHS_Trynka_w_flanking,DHS + flank,0.53149,0.18687,3.62849,2.18783,2.08247e-06,1.06491e-06,4.21736,3.30721,False,False,AFR.UKB_local.local,local,AFR,UKB_local,local,hdl,hdl,0.24179,0.1604,NA,NA,1.8593692940240325,0.8698856800785177,0.6058021801045878,0.6058021801045878,row,3.62849,2.2105416049703095,False,False,False,UKB AFR
AFR,hdl,HDL,HDL,biochem_lipids,sumrhe,-1,20,Promoter_UCSC_w_flanking,Promoter,0.10465,0.0981,6.25562,7.61074,1.92603e-06,1.84332e-06,2.02561,2.39494,False,False,AFR.UKB_local.local,local,AFR,UKB_local,local,hdl,hdl,0.24179,0.1604,NA,NA,2.6451528782516847,1.7552180048492827,0.0691879619569727,0.0691879619569727,row,6.255620000000003,2.859098899296506,False,False,False,UKB AFR
AFR,hdl,HDL,HDL,biochem_lipids,sumrhe,-1,29,GERP.NS,GERP.NS,1.1624,0.78314,1.83129,0.92936,-5.533e-07,3.87607e-07,-3.30729,3.91026,False,False,AFR.UKB_local.local,local,AFR,UKB_local,local,hdl,hdl,0.24179,0.1604,NA,NA,0.8728602719834256,0.7321522332348056,2.625186378549905,2.625186378549905,row,1.8312900000000003,1.501459527461386,False,False,False,UKB AFR
AFR,hdl,HDL,HDL,biochem_lipids,sumrhe,-1,31,Backgrd_Selection_Stat,Background selection,0.07221,0.0421,1.61507,0.95705,-4.02583e-07,9.35067e-07,-0.312357,0.760007,False,False,AFR.UKB_local.local,local,AFR,UKB_local,local,hdl,hdl,0.24179,0.1604,NA,NA,0.6915966952376627,0.8549049198380148,0.1849130915371046,0.1849130915371046,row,1.6150700000000002,1.3868495649430472,False,False,False,UKB AFR
AFR,hdl,HDL,HDL,biochem_lipids,sumrhe,-1,32,CpG_Content_50kb,CpG content (50 kb),0.00269,0.0017,1.10843,0.50538,-2.7392e-05,5.57964e-05,-0.578991,1.23029,False,False,AFR.UKB_local.local,local,AFR,UKB_local,local,hdl,hdl,0.24179,0.1604,NA,NA,0.1485176634468689,0.6577855342822411,0.0100370404215911,0.0100370404215911,row,1.10843000000001,1.076169124851932,False,False,False,UKB AFR
AFR,hdl,HDL,HDL,biochem_lipids,sumrhe,-1,33,GTEx_eQTL_MaxCPP,GTEx eQTL MaxCPP,0.01419,0.03728,4.42306,12.66143,1.13043e-06,4.89911e-06,0.423796,1.88461,False,False,AFR.UKB_local.local,local,AFR,UKB_local,local,hdl,hdl,0.24179,0.1604,NA,NA,2.145044812916045,4.129851793003655,0.0132684816900732,0.0132684816900732,row,4.423060000000009,2.4391071322236013,False,False,False,UKB AFR
AFR,hdl,HDL,HDL,biochem_lipids,sumrhe,-1,34,BLUEPRINT_H3K27acQTL_MaxCPP,BLUEPRINT H3K27ac QTL,-0.00666,0.04198,-1.19215,7.75747,-2.29163e-06,3.8965e-06,-1.04862,1.73023,False,False,AFR.UKB_local.local,local,AFR,UKB_local,local,hdl,hdl,0.24179,0.1604,NA,NA,NA,-9.38779809490828,0.0231049477533558,0.0231049477533558,row,-1.19215,-1.132346519490104,True,False,False,UKB AFR
AFR,hdl,HDL,HDL,biochem_lipids,sumrhe,-1,35,BLUEPRINT_H3K4me1QTL_MaxCPP,BLUEPRINT H3K4me1 QTL,0.03636,0.04855,8.10674,9.06873,3.53756e-06,5.36699e-06,1.43538,1.77629,False,False,AFR.UKB_local.local,local,AFR,UKB_local,local,hdl,hdl,0.24179,0.1604,NA,NA,3.019121873583948,1.6138931060032724,0.0185498027025791,0.0185498027025791,row,8.106740000000036,3.1869346953502573,False,False,False,UKB AFR
AFR,hdl,HDL,HDL,biochem_lipids,sumrhe,-1,36,BLUEPRINT_DNA_methylation_MaxCPP,BLUEPRINT methylation QTL,0.05902,0.05109,5.65306,5.10836,2.04802e-06,2.64814e-06,1.27995,1.69783,False,False,AFR.UKB_local.local,local,AFR,UKB_local,local,hdl,hdl,0.24179,0.1604,NA,NA,2.4990320094368257,1.3036843124034674,0.0431794667781167,0.0431794667781167,row,5.653060000000009,2.734018044589152,False,False,False,UKB AFR
AFR,hdl,HDL,HDL,biochem_lipids,sumrhe,-1,38,non_synonymous,Nonsynonymous,-0.0265,0.03896,-14.13444,26.7796,-4.87567e-06,5.68884e-06,-1.77248,2.74872,False,False,AFR.UKB_local.local,local,AFR,UKB_local,local,hdl,hdl,0.24179,0.1604,NA,NA,NA,-2.733380036067229,0.0077540559802197,0.0077540559802197,row,-14.134440000000117,-3.9197633888721115,True,False,False,UKB AFR
AFR,hdl,HDL,HDL,biochem_lipids,sumrhe,-1,45,Ancient_Sequence_Age_Human_Promoter_w_flanking,Ancient promoter age,-0.04805,0.05936,-15.84372,25.8742,-5.20436e-06,8.08501e-06,-2.40017,4.16007,False,False,AFR.UKB_local.local,local,AFR,UKB_local,local,hdl,hdl,0.24179,0.1604,NA,NA,NA,-2.356048959901413,0.0125428982167881,0.0125428982167881,row,-15.84372000000008,-4.074138893200615,True,False,False,UKB AFR
AFR,height,HT,HT,anthro_physical,sumrhe,-1,1,Coding_UCSC_w_flanking,Coding,0.10046,0.06841,1.46789,1.13729,-1.6899e-06,1.15084e-06,-0.818459,0.547762,False,False,AFR.UKB_local.local,local,AFR,UKB_local,local,height,height,0.63957,0.16579,NA,NA,0.5537438602788731,1.1177694807189975,0.1070068494810604,0.1070068494810604,row,1.4678900000000006,1.303278091411483,False,False,False,UKB AFR
AFR,height,HT,HT,anthro_physical,sumrhe,-1,2,Conserved_LindbladToh_w_flanking,Conserved (LindbladToh),0.5625,0.15004,1.93729,0.4766,-4.70122e-07,1.32352e-06,-0.366716,1.04271,False,False,AFR.UKB_local.local,local,AFR,UKB_local,local,height,height,0.63957,0.16579,NA,NA,0.9540399323850308,0.3549228336943256,0.4539832251009521,0.4539832251009521,row,1.93729,1.5544857106432461,False,False,False,UKB AFR
AFR,height,HT,HT,anthro_physical,sumrhe,-1,6,DHS_Trynka_w_flanking,DHS + flank,0.14445,0.20126,0.37283,0.49102,-1.59067e-06,1.4733e-06,-1.21786,1.15416,False,False,AFR.UKB_local.local,local,AFR,UKB_local,local,height,height,0.63957,0.16579,NA,NA,-1.4234101428622574,1.9000405519333177,0.6057851332822345,0.6057851332822345,row,0.37282999999999994,0.4571529850322073,False,False,False,UKB AFR
AFR,height,HT,HT,anthro_physical,sumrhe,-1,20,Promoter_UCSC_w_flanking,Promoter,0.0818,0.07634,1.84854,1.56786,-1.37113e-07,1.65963e-06,-0.0545164,0.648912,False,False,AFR.UKB_local.local,local,AFR,UKB_local,local,height,height,0.63957,0.16579,NA,NA,0.8863862619061517,1.2236380315320037,0.0691888905616529,0.0691888905616529,row,1.848540000000002,1.5102226650804158,False,False,False,UKB AFR
AFR,height,HT,HT,anthro_physical,sumrhe,-1,29,GERP.NS,GERP.NS,1.97888,0.51584,1.17862,0.21451,-2.03732e-07,4.14402e-07,-0.460392,0.90544,False,False,AFR.UKB_local.local,local,AFR,UKB_local,local,height,height,0.63957,0.16579,NA,NA,0.2370986525986155,0.2625719173449386,2.625170821992448,2.625170821992448,row,1.1786200000000002,1.1234145801509174,False,False,False,UKB AFR
AFR,height,HT,HT,anthro_physical,sumrhe,-1,31,Backgrd_Selection_Stat,Background selection,0.12796,0.03408,1.08194,0.24139,-1.23452e-06,5.78513e-07,-0.362119,0.156358,False,False,AFR.UKB_local.local,local,AFR,UKB_local,local,height,height,0.63957,0.16579,NA,NA,0.1136204953730559,0.3218775125424579,0.1849196104437242,0.1849196104437242,row,1.08194,1.057928491812275,False,False,False,UKB AFR
AFR,height,HT,HT,anthro_physical,sumrhe,-1,32,CpG_Content_50kb,CpG content (50 kb),0.00839,0.00226,1.30836,0.16965,-8.86482e-06,8.6854e-05,-0.0708394,0.713379,False,False,AFR.UKB_local.local,local,AFR,UKB_local,local,height,height,0.63957,0.16579,NA,NA,0.3877595582326822,0.1870687071500295,0.010026436747599,0.010026436747599,row,1.308360000000001,1.2068682368575103,False,False,False,UKB AFR
AFR,height,HT,HT,anthro_physical,sumrhe,-1,33,GTEx_eQTL_MaxCPP,GTEx eQTL MaxCPP,0.0407,0.03666,4.79528,4.12343,3.13159e-06,4.86169e-06,0.443846,0.656705,False,False,AFR.UKB_local.local,local,AFR,UKB_local,local,height,height,0.63957,0.16579,NA,NA,2.2616150577496863,1.2405640572506254,0.0132706548475415,0.0132706548475415,row,4.795280000000025,2.534878366987184,False,False,False,UKB AFR
AFR,height,HT,HT,anthro_physical,sumrhe,-1,34,BLUEPRINT_H3K27acQTL_MaxCPP,BLUEPRINT H3K27ac QTL,0.01404,0.03896,0.95029,2.72141,-1.19853e-06,3.43671e-06,-0.207337,0.584439,False,False,AFR.UKB_local.local,local,AFR,UKB_local,local,height,height,0.63957,0.16579,NA,NA,-0.0735602470052378,4.13154375109244,0.0231005789468576,0.0231005789468576,row,0.9502900000000021,0.9636886626695121,False,False,False,UKB AFR
AFR,height,HT,HT,anthro_physical,sumrhe,-1,35,BLUEPRINT_H3K4me1QTL_MaxCPP,BLUEPRINT H3K4me1 QTL,-0.00786,0.0383,-0.66253,3.25972,-3.70765e-06,4.51432e-06,-0.568744,0.638422,False,False,AFR.UKB_local.local,local,AFR,UKB_local,local,height,height,0.63957,0.16579,NA,NA,NA,-7.098217256103984,0.0185493592932003,0.0185493592932003,row,-0.6625300000000025,-0.7333803739736655,True,False,False,UKB AFR
AFR,height,HT,HT,anthro_physical,sumrhe,-1,36,BLUEPRINT_DNA_methylation_MaxCPP,BLUEPRINT methylation QTL,0.14272,0.05341,5.16808,2.68004,4.97461e-06,2.72918e-06,1.17537,0.809941,False,False,AFR.UKB_local.local,local,AFR,UKB_local,local,height,height,0.63957,0.16579,NA,NA,2.3696284025995564,0.7481463942864773,0.0431784974029914,0.0431784974029914,row,5.16808,2.6248214771295357,False,False,False,UKB AFR
AFR,height,HT,HT,anthro_physical,sumrhe,-1,38,non_synonymous,Nonsynonymous,-0.00689,0.03698,-1.38918,7.3473,-6.75911e-07,5.47875e-06,-0.092895,0.706396,False,False,AFR.UKB_local.local,local,AFR,UKB_local,local,height,height,0.63957,0.16579,NA,NA,NA,-7.630338238330151,0.0077548359588676,0.0077548359588676,row,-1.3891800000000107,-1.2565155500373748,True,False,False,UKB AFR
AFR,height,HT,HT,anthro_physical,sumrhe,-1,45,Ancient_Sequence_Age_Human_Promoter_w_flanking,Ancient promoter age,0.00904,0.04188,1.12683,5.27951,-5.57339e-06,6.47934e-06,-0.971739,1.16424,False,False,AFR.UKB_local.local,local,AFR,UKB_local,local,height,height,0.63957,0.16579,NA,NA,0.1722698787252689,6.759425020032917,0.0125435927468323,0.0125435927468323,row,1.1268300000000084,1.0887047216114376,False,False,False,UKB AFR
AFR,ldl,LDL,LDL,biochem_lipids,sumrhe,-1,1,Coding_UCSC_w_flanking,Coding,0.09692,0.0696,3.4893,3.45714,2.67812e-06,1.40563e-06,3.19615,2.8571,False,False,AFR.UKB_local.local,local,AFR,UKB_local,local,ldl,ldl,0.25955,0.12298,NA,NA,1.802937641644044,1.4293980837585964,0.1070173177638594,0.1070173177638594,row,3.489300000000002,2.166490508383244,False,False,False,UKB AFR
AFR,ldl,LDL,LDL,biochem_lipids,sumrhe,-1,2,Conserved_LindbladToh_w_flanking,Conserved (LindbladToh),0.15886,0.10205,1.34815,0.92271,8.48087e-07,1.3411e-06,1.63012,3.13488,False,False,AFR.UKB_local.local,local,AFR,UKB_local,local,ldl,ldl,0.25955,0.12298,NA,NA,0.4309810248704615,0.9874191604633428,0.4539994314147245,0.4539994314147245,row,1.3481499999999997,1.2315245708602416,False,False,False,UKB AFR
AFR,ldl,LDL,LDL,biochem_lipids,sumrhe,-1,6,DHS_Trynka_w_flanking,DHS + flank,0.09257,0.19994,0.58874,1.35496,-4.98085e-07,1.18689e-06,-0.939687,2.43118,False,False,AFR.UKB_local.local,local,AFR,UKB_local,local,ldl,ldl,0.25955,0.12298,NA,NA,-0.7642974447444164,3.320301105076791,0.6057950034601385,0.6057950034601385,row,0.5887399999999999,0.6678830445090305,False,False,False,UKB AFR
AFR,ldl,LDL,LDL,biochem_lipids,sumrhe,-1,20,Promoter_UCSC_w_flanking,Promoter,0.18191,0.06874,10.1292,6.41037,2.72406e-06,1.50664e-06,2.66887,2.00459,False,False,AFR.UKB_local.local,local,AFR,UKB_local,local,ldl,ldl,0.25955,0.12298,NA,NA,3.3404483300719328,0.9130246227997656,0.0691927185753324,0.0691927185753324,row,10.129200000000008,3.476277986083516,False,False,False,UKB AFR
AFR,ldl,LDL,LDL,biochem_lipids,sumrhe,-1,29,GERP.NS,GERP.NS,0.50062,0.52694,0.73472,0.65163,-5.58516e-08,3.74324e-07,-0.311003,2.15337,False,False,AFR.UKB_local.local,local,AFR,UKB_local,local,ldl,ldl,0.25955,0.12298,NA,NA,-0.4447335477611238,1.2795396470689178,2.625217560277537,2.625217560277537,row,0.73472,0.7947028171489441,False,False,False,UKB AFR
AFR,ldl,LDL,LDL,biochem_lipids,sumrhe,-1,31,Backgrd_Selection_Stat,Background selection,0.08641,0.02159,1.80043,0.78525,6.34449e-07,8.65207e-07,0.458574,0.688609,False,False,AFR.UKB_local.local,local,AFR,UKB_local,local,ldl,ldl,0.25955,0.12298,NA,NA,0.8483415092110392,0.6292253966319482,0.184912696207476,0.184912696207476,row,1.8004300000000002,1.4856483668980134,False,False,False,UKB AFR
AFR,ldl,LDL,LDL,biochem_lipids,sumrhe,-1,32,CpG_Content_50kb,CpG content (50 kb),0.00336,0.00152,1.29285,0.26176,-4.2673e-07,4.82295e-05,-0.0084027,0.961367,False,False,AFR.UKB_local.local,local,AFR,UKB_local,local,ldl,ldl,0.25955,0.12298,NA,NA,0.3705548994253868,0.2920987383711142,0.0100131357589662,0.0100131357589662,row,1.2928500000000127,1.1971419757932698,False,False,False,UKB AFR
AFR,ldl,LDL,LDL,biochem_lipids,sumrhe,-1,33,GTEx_eQTL_MaxCPP,GTEx eQTL MaxCPP,0.04199,0.03265,12.18984,10.84033,4.19587e-06,4.36199e-06,1.46538,1.52678,False,False,AFR.UKB_local.local,local,AFR,UKB_local,local,ldl,ldl,0.25955,0.12298,NA,NA,3.60760728460911,1.282977490483867,0.0132717085583422,0.0132717085583422,row,12.189840000000007,3.721355158900127,False,False,False,UKB AFR
AFR,ldl,LDL,LDL,biochem_lipids,sumrhe,-1,34,BLUEPRINT_H3K27acQTL_MaxCPP,BLUEPRINT H3K27ac QTL,-0.02876,0.04729,-4.79621,8.43283,-3.82892e-06,4.13463e-06,-1.63217,1.97874,False,False,AFR.UKB_local.local,local,AFR,UKB_local,local,ldl,ldl,0.25955,0.12298,NA,NA,NA,-2.536586601016152,0.023103068099453,0.023103068099453,row,-4.796210000000006,-2.5351098655073705,True,False,False,UKB AFR
AFR,ldl,LDL,LDL,biochem_lipids,sumrhe,-1,35,BLUEPRINT_H3K4me1QTL_MaxCPP,BLUEPRINT H3K4me1 QTL,0.0017,0.03556,0.35278,8.21692,-1.57888e-07,4.17954e-06,-0.05968,1.66761,False,False,AFR.UKB_local.local,local,AFR,UKB_local,local,ldl,ldl,0.25955,0.12298,NA,NA,-1.5031593217433548,33.603123009754924,0.0185662388084214,0.0185662388084214,row,0.3527800000000002,0.43592723568097297,False,False,False,UKB AFR
AFR,ldl,LDL,LDL,biochem_lipids,sumrhe,-1,36,BLUEPRINT_DNA_methylation_MaxCPP,BLUEPRINT methylation QTL,0.0525,0.06842,4.6845,6.78912,1.92022e-06,3.64099e-06,1.11797,2.16021,False,False,AFR.UKB_local.local,local,AFR,UKB_local,local,ldl,ldl,0.25955,0.12298,NA,NA,2.2278950700796423,2.0908591644786165,0.0431792432689574,0.0431792432689574,row,4.6845,2.5070334574299538,False,False,False,UKB AFR
AFR,ldl,LDL,LDL,biochem_lipids,sumrhe,-1,38,non_synonymous,Nonsynonymous,-0.03022,0.02955,-15.01253,18.41971,-7.16414e-06,4.19923e-06,-2.42621,2.22503,False,False,AFR.UKB_local.local,local,AFR,UKB_local,local,ldl,ldl,0.25955,0.12298,NA,NA,NA,-1.770122975382087,0.0077556738704249,0.0077556738704249,row,-15.012530000000154,-4.001129368393295,True,False,False,UKB AFR
AFR,ldl,LDL,LDL,biochem_lipids,sumrhe,-1,45,Ancient_Sequence_Age_Human_Promoter_w_flanking,Ancient promoter age,-0.00622,0.03749,-1.91047,11.80864,-1.1454e-06,5.39743e-06,-0.492094,2.16471,False,False,AFR.UKB_local.local,local,AFR,UKB_local,local,ldl,ldl,0.25955,0.12298,NA,NA,NA,-8.917316873671428,0.0125438002354558,0.0125438002354558,row,-1.9104700000000003,-1.5412521469195222,True,False,False,UKB AFR
AFR,triglycerides,TG,TG,biochem_lipids,sumrhe,-1,1,Coding_UCSC_w_flanking,Coding,0.09118,0.09774,4.2781,5.39443,-1.06436e-07,1.17962e-06,-0.165543,1.80815,False,False,AFR.UKB_local.local,local,AFR,UKB_local,local,triglycerides,triglycerides,0.19916,0.12893,NA,NA,2.0969702056955555,1.8191527569300976,0.107015463873023,0.107015463873023,row,4.2781,2.4000186845287894,False,False,False,UKB AFR
AFR,triglycerides,TG,TG,biochem_lipids,sumrhe,-1,2,Conserved_LindbladToh_w_flanking,Conserved (LindbladToh),0.41249,0.18925,4.56221,3.75274,2.08655e-06,1.1294e-06,5.2268,4.85854,False,False,AFR.UKB_local.local,local,AFR,UKB_local,local,triglycerides,triglycerides,0.19916,0.12893,NA,NA,2.1897328558972378,1.1867185832624207,0.4539792830810668,0.4539792830810668,row,4.562210000000001,2.475658214342872,False,False,False,UKB AFR
AFR,triglycerides,TG,TG,biochem_lipids,sumrhe,-1,6,DHS_Trynka_w_flanking,DHS + flank,0.00651,0.20985,0.05395,1.81749,1.27641e-07,1.45113e-06,0.313832,3.48381,False,False,AFR.UKB_local.local,local,AFR,UKB_local,local,triglycerides,triglycerides,0.19916,0.12893,NA,NA,-4.2122332300614325,48.60210954337872,0.6058811233315234,0.6058811233315234,row,0.05395,0.07580642630807374,False,False,False,UKB AFR
AFR,triglycerides,TG,TG,biochem_lipids,sumrhe,-1,20,Promoter_UCSC_w_flanking,Promoter,0.05795,0.06872,4.20576,5.21802,6.97933e-08,1.47033e-06,0.0891151,1.93137,False,False,AFR.UKB_local.local,local,AFR,UKB_local,local,triglycerides,triglycerides,0.19916,0.12893,NA,NA,2.072366525607295,1.7899289491695745,0.0691841861512639,0.0691841861512639,row,4.20576,2.380108801025321,False,False,False,UKB AFR
AFR,triglycerides,TG,TG,biochem_lipids,sumrhe,-1,29,GERP.NS,GERP.NS,0.91477,0.63021,1.74968,1.19175,1.10498e-07,3.41891e-07,0.801883,2.43519,False,False,AFR.UKB_local.local,local,AFR,UKB_local,local,triglycerides,triglycerides,0.19916,0.12893,NA,NA,0.8070910908419665,0.9826550083326224,2.625132134453526,2.625132134453526,row,1.7496799999999997,1.4592637316280146,False,False,False,UKB AFR
AFR,triglycerides,TG,TG,biochem_lipids,sumrhe,-1,31,Backgrd_Selection_Stat,Background selection,0.04225,0.02763,1.14721,0.67752,-7.72296e-07,1.08091e-06,-0.727485,0.958481,False,False,AFR.UKB_local.local,local,AFR,UKB_local,local,triglycerides,triglycerides,0.19916,0.12893,NA,NA,0.198129504891237,0.8520277404338268,0.1849190576852553,0.1849190576852553,row,1.1472100000000007,1.1024632955948546,False,False,False,UKB AFR
AFR,triglycerides,TG,TG,biochem_lipids,sumrhe,-1,32,CpG_Content_50kb,CpG content (50 kb),0.00188,0.00163,0.94203,0.58329,-3.22877e-05,5.81539e-05,-0.828571,1.75442,False,False,AFR.UKB_local.local,local,AFR,UKB_local,local,triglycerides,triglycerides,0.19916,0.12893,NA,NA,-0.0861550900789685,0.8932938339544637,0.0100205370480393,0.0100205370480393,row,0.9420300000000069,0.9575654873260749,False,False,False,UKB AFR
AFR,triglycerides,TG,TG,biochem_lipids,sumrhe,-1,33,GTEx_eQTL_MaxCPP,GTEx eQTL MaxCPP,0.00411,0.04115,1.55409,17.9921,-4.67785e-08,5.38997e-06,-0.0212913,2.68554,False,False,AFR.UKB_local.local,local,AFR,UKB_local,local,triglycerides,triglycerides,0.19916,0.12893,NA,NA,0.6360700550930526,16.70245188192339,0.0132789439678074,0.0132789439678074,row,1.5540900000000077,1.352809363046116,False,False,False,UKB AFR
AFR,triglycerides,TG,TG,biochem_lipids,sumrhe,-1,34,BLUEPRINT_H3K27acQTL_MaxCPP,BLUEPRINT H3K27ac QTL,0.02025,0.03753,4.4014,10.04728,2.45443e-06,3.581e-06,1.36354,2.5311,False,False,AFR.UKB_local.local,local,AFR,UKB_local,local,triglycerides,triglycerides,0.19916,0.12893,NA,NA,2.137962490067629,3.293306909261341,0.0231010686561205,0.0231010686561205,row,4.4014000000000015,2.4333333908464874,False,False,False,UKB AFR
AFR,triglycerides,TG,TG,biochem_lipids,sumrhe,-1,35,BLUEPRINT_H3K4me1QTL_MaxCPP,BLUEPRINT H3K4me1 QTL,-0.03765,0.03867,-10.19117,16.00155,-4.82341e-06,4.59185e-06,-2.37608,3.3234,False,False,AFR.UKB_local.local,local,AFR,UKB_local,local,triglycerides,triglycerides,0.19916,0.12893,NA,NA,NA,-2.265231257209604,0.0185497822856345,0.0185497822856345,row,-10.191170000000055,-3.4842889681060365,True,False,False,UKB AFR
AFR,triglycerides,TG,TG,biochem_lipids,sumrhe,-1,36,BLUEPRINT_DNA_methylation_MaxCPP,BLUEPRINT methylation QTL,-0.00605,0.05287,-0.70369,6.49788,-5.14036e-07,2.79181e-06,-0.39003,2.09601,False,False,AFR.UKB_local.local,local,AFR,UKB_local,local,triglycerides,triglycerides,0.19916,0.12893,NA,NA,NA,-13.32185941578192,0.043168988987501,0.043168988987501,row,-0.7036899999999999,-0.7686628495606761,True,False,False,UKB AFR
AFR,triglycerides,TG,TG,biochem_lipids,sumrhe,-1,38,non_synonymous,Nonsynonymous,0.02084,0.05116,13.49043,37.95134,2.56669e-06,7.50584e-06,1.13283,3.57548,False,False,AFR.UKB_local.local,local,AFR,UKB_local,local,triglycerides,triglycerides,0.19916,0.12893,NA,NA,3.7538644290134746,4.058596354088858,0.0077565715726281,0.0077565715726281,row,13.49043000000012,3.857028502043293,False,False,False,UKB AFR
AFR,triglycerides,TG,TG,biochem_lipids,sumrhe,-1,45,Ancient_Sequence_Age_Human_Promoter_w_flanking,Ancient promoter age,0.04636,0.04252,18.56263,19.87174,3.15446e-06,4.6395e-06,1.76622,2.99252,False,False,AFR.UKB_local.local,local,AFR,UKB_local,local,triglycerides,triglycerides,0.19916,0.12893,NA,NA,4.214329224488231,1.5444395945959626,0.0125401231505466,0.0125401231505466,row,18.562630000000073,4.290028434139379,False,False,False,UKB AFR
AFR,testosterone,TT,TT,biochem_endocrine,sumrhe,-1,1,Coding_UCSC_w_flanking,Coding,0.19629,0.09913,NA,NA,1.83807e-06,2.11838e-06,-13.4766,209.446,False,False,AFR.UKB_local.local,local,AFR,UKB_local,local,testosterone,testosterone,-0.04225,0.15661,NA,NA,NA,NA,NA,0.1070118794931443,dataset_kind+pop+source+source_group+annotation,NA,NA,False,True,True,UKB AFR
AFR,testosterone,TT,TT,biochem_endocrine,sumrhe,-1,2,Conserved_LindbladToh_w_flanking,Conserved (LindbladToh),0.13801,0.18898,NA,NA,-6.38948e-07,9.62712e-07,7.54516,98.3491,False,False,AFR.UKB_local.local,local,AFR,UKB_local,local,testosterone,testosterone,-0.04225,0.15661,NA,NA,NA,NA,NA,0.4539855740034122,dataset_kind+pop+source+source_group+annotation,NA,NA,False,True,True,UKB AFR
AFR,testosterone,TT,TT,biochem_endocrine,sumrhe,-1,6,DHS_Trynka_w_flanking,DHS + flank,0.08596,0.21406,NA,NA,8.00352e-07,1.42145e-06,-9.27649,186.029,False,False,AFR.UKB_local.local,local,AFR,UKB_local,local,testosterone,testosterone,-0.04225,0.15661,NA,NA,NA,NA,NA,0.6057972822456678,dataset_kind+pop+source+source_group+annotation,NA,NA,False,True,True,UKB AFR
AFR,testosterone,TT,TT,biochem_endocrine,sumrhe,-1,20,Promoter_UCSC_w_flanking,Promoter,0.00452,0.10831,NA,NA,3.98805e-07,2.04416e-06,-2.40046,84.8201,False,False,AFR.UKB_local.local,local,AFR,UKB_local,local,testosterone,testosterone,-0.04225,0.15661,NA,NA,NA,NA,NA,0.0691912228852831,dataset_kind+pop+source+source_group+annotation,NA,NA,False,True,True,UKB AFR
AFR,testosterone,TT,TT,biochem_endocrine,sumrhe,-1,29,GERP.NS,GERP.NS,0.44671,0.712,NA,NA,-1.56496e-08,3.33836e-07,0.535373,35.5662,False,False,AFR.UKB_local.local,local,AFR,UKB_local,local,testosterone,testosterone,-0.04225,0.15661,NA,NA,NA,NA,NA,2.625186378549905,dataset_kind+pop+source+source_group+annotation,NA,NA,False,True,True,UKB AFR
AFR,testosterone,TT,TT,biochem_endocrine,sumrhe,-1,31,Backgrd_Selection_Stat,Background selection,0.02159,0.02638,NA,NA,-6.185e-07,1.13593e-06,2.74647,64.8139,False,False,AFR.UKB_local.local,local,AFR,UKB_local,local,testosterone,testosterone,-0.04225,0.15661,NA,NA,NA,NA,NA,0.1849190576852553,dataset_kind+pop+source+source_group+annotation,NA,NA,False,True,True,UKB AFR
AFR,testosterone,TT,TT,biochem_endocrine,sumrhe,-1,32,CpG_Content_50kb,CpG content (50 kb),-0.00023,0.00178,NA,NA,9.79611e-06,5.73078e-05,-1.18507,19.1062,False,False,AFR.UKB_local.local,local,AFR,UKB_local,local,testosterone,testosterone,-0.04225,0.15661,NA,NA,NA,NA,NA,0.0100268988645422,dataset_kind+pop+source+source_group+annotation,NA,NA,False,True,True,UKB AFR
AFR,testosterone,TT,TT,biochem_endocrine,sumrhe,-1,33,GTEx_eQTL_MaxCPP,GTEx eQTL MaxCPP,0.08309,0.03853,NA,NA,1.04668e-05,4.94023e-06,-22.4578,377.787,False,False,AFR.UKB_local.local,local,AFR,UKB_local,local,testosterone,testosterone,-0.04225,0.15661,NA,NA,NA,NA,NA,0.013271850700614,dataset_kind+pop+source+source_group+annotation,NA,NA,False,True,True,UKB AFR
AFR,testosterone,TT,TT,biochem_endocrine,sumrhe,-1,34,BLUEPRINT_H3K27acQTL_MaxCPP,BLUEPRINT H3K27ac QTL,-0.0147,0.04011,NA,NA,-1.51067e-06,3.47541e-06,3.95623,81.7774,False,False,AFR.UKB_local.local,local,AFR,UKB_local,local,testosterone,testosterone,-0.04225,0.15661,NA,NA,NA,NA,NA,0.0231000358454644,dataset_kind+pop+source+source_group+annotation,NA,NA,False,True,True,UKB AFR
AFR,testosterone,TT,TT,biochem_endocrine,sumrhe,-1,35,BLUEPRINT_H3K4me1QTL_MaxCPP,BLUEPRINT H3K4me1 QTL,0.00357,0.04073,NA,NA,7.78871e-07,4.55703e-06,-1.80871,35.5228,False,False,AFR.UKB_local.local,local,AFR,UKB_local,local,testosterone,testosterone,-0.04225,0.15661,NA,NA,NA,NA,NA,0.0185521413850718,dataset_kind+pop+source+source_group+annotation,NA,NA,False,True,True,UKB AFR
AFR,testosterone,TT,TT,biochem_endocrine,sumrhe,-1,36,BLUEPRINT_DNA_methylation_MaxCPP,BLUEPRINT methylation QTL,-0.00361,0.04714,NA,NA,-1.19029e-07,2.33513e-06,0.425749,36.3839,False,False,AFR.UKB_local.local,local,AFR,UKB_local,local,testosterone,testosterone,-0.04225,0.15661,NA,NA,NA,NA,NA,0.0431784974029914,dataset_kind+pop+source+source_group+annotation,NA,NA,False,True,True,UKB AFR
AFR,testosterone,TT,TT,biochem_endocrine,sumrhe,-1,38,non_synonymous,Nonsynonymous,0.07396,0.04181,NA,NA,6.77716e-06,5.64275e-06,-14.1005,213.919,False,False,AFR.UKB_local.local,local,AFR,UKB_local,local,testosterone,testosterone,-0.04225,0.15661,NA,NA,NA,NA,NA,0.0077553156009756,dataset_kind+pop+source+source_group+annotation,NA,NA,False,True,True,UKB AFR
AFR,testosterone,TT,TT,biochem_endocrine,sumrhe,-1,45,Ancient_Sequence_Age_Human_Promoter_w_flanking,Ancient promoter age,-0.02946,0.04024,NA,NA,-3.16461e-06,4.61354e-06,8.35285,162.643,False,False,AFR.UKB_local.local,local,AFR,UKB_local,local,testosterone,testosterone,-0.04225,0.15661,NA,NA,NA,NA,NA,0.0125418728637029,dataset_kind+pop+source+source_group+annotation,NA,NA,False,True,True,UKB AFR
AFR,urate,UA,UA,biochem_kidney,sumrhe,-1,1,Coding_UCSC_w_flanking,Coding,-0.066,0.09315,-24.00484,261.87717,-8.48282e-07,1.22169e-06,-10.226,343.809,False,False,AFR.UKB_local.local,local,AFR,UKB_local,local,urate,urate,0.02569,0.14762,NA,NA,NA,-15.738863265951196,0.1070239598476095,0.1070239598476095,row,-24.004840000000005,-4.644135468501332,True,False,False,UKB AFR
AFR,urate,UA,UA,biochem_kidney,sumrhe,-1,2,Conserved_LindbladToh_w_flanking,Conserved (LindbladToh),-0.10627,0.26612,-9.11001,66.32798,1.80044e-06,1.41355e-06,34.9568,928.885,False,False,AFR.UKB_local.local,local,AFR,UKB_local,local,urate,urate,0.02569,0.14762,NA,NA,NA,-10.503945420277512,0.4540751369687185,0.4540751369687185,row,-9.11001,-3.3377125191256467,True,False,False,UKB AFR
AFR,urate,UA,UA,biochem_kidney,sumrhe,-1,6,DHS_Trynka_w_flanking,DHS + flank,-0.31236,0.24702,-20.06728,155.74293,-8.90794e-08,1.38738e-06,-1.69758,63.3797,False,False,AFR.UKB_local.local,local,AFR,UKB_local,local,urate,urate,0.02569,0.14762,NA,NA,NA,-11.196811564124136,0.6059025767407968,0.6059025767407968,row,-20.06728,-4.396932154471016,True,False,False,UKB AFR
AFR,urate,UA,UA,biochem_kidney,sumrhe,-1,20,Promoter_UCSC_w_flanking,Promoter,0.07701,0.09226,43.3177,209.18617,1.57399e-06,1.6496e-06,15.5771,329.318,False,False,AFR.UKB_local.local,local,AFR,UKB_local,local,urate,urate,0.02569,0.14762,NA,NA,5.436884738417994,6.966940767435844,0.069201838068035,0.069201838068035,row,43.317699999999995,5.4698111052298675,False,False,False,UKB AFR
AFR,urate,UA,UA,biochem_kidney,sumrhe,-1,29,GERP.NS,GERP.NS,-0.25262,0.66928,-3.74514,37.60822,4.45104e-07,4.37406e-07,25.0359,575.071,False,False,AFR.UKB_local.local,local,AFR,UKB_local,local,urate,urate,0.02569,0.14762,NA,NA,NA,-14.487360283103206,2.6256423550040875,2.6256423550040875,row,-3.7451399999999997,-2.2464506529631683,True,False,False,UKB AFR
AFR,urate,UA,UA,biochem_kidney,sumrhe,-1,31,Backgrd_Selection_Stat,Background selection,-0.00723,0.02307,-1.52263,7.76075,-3.39772e-07,8.15884e-07,-2.48071,41.0845,False,False,AFR.UKB_local.local,local,AFR,UKB_local,local,urate,urate,0.02569,0.14762,NA,NA,NA,-7.353326506491415,0.1848331268881947,0.1848331268881947,row,-1.5226300000000001,-1.3349286183990927,True,False,False,UKB AFR
AFR,urate,UA,UA,biochem_kidney,sumrhe,-1,32,CpG_Content_50kb,CpG content (50 kb),0.00075,0.00176,2.91071,19.2358,2.23099e-05,5.40513e-05,4.43751,134.346,False,False,AFR.UKB_local.local,local,AFR,UKB_local,local,urate,urate,0.02569,0.14762,NA,NA,1.5413711079583523,9.534235038025749,0.0100299373704365,0.0100299373704365,row,2.9107100000000083,1.967430556507045,False,False,False,UKB AFR
AFR,urate,UA,UA,biochem_kidney,sumrhe,-1,33,GTEx_eQTL_MaxCPP,GTEx eQTL MaxCPP,-0.02557,0.03058,-74.97711,606.12942,-3.64362e-06,4.0303e-06,-12.8537,266.971,False,False,AFR.UKB_local.local,local,AFR,UKB_local,local,urate,urate,0.02569,0.14762,NA,NA,NA,-11.663025000175436,0.0132751038518214,0.0132751038518214,row,-74.9771100000002,-6.247492931028702,True,False,False,UKB AFR
AFR,urate,UA,UA,biochem_kidney,sumrhe,-1,34,BLUEPRINT_H3K27acQTL_MaxCPP,BLUEPRINT H3K27ac QTL,0.07393,0.04386,124.55498,852.38777,6.34866e-06,4.41389e-06,27.3368,660.674,False,False,AFR.UKB_local.local,local,AFR,UKB_local,local,urate,urate,0.02569,0.14762,NA,NA,6.960638894835391,9.87303445188143,0.0231044431359174,0.0231044431359174,row,124.55498000000014,6.972175442428876,False,False,False,UKB AFR
AFR,urate,UA,UA,biochem_kidney,sumrhe,-1,35,BLUEPRINT_H3K4me1QTL_MaxCPP,BLUEPRINT H3K4me1 QTL,-0.00497,0.03458,-10.43031,62.54502,-2.61773e-06,4.30027e-06,-9.99495,307.085,False,False,AFR.UKB_local.local,local,AFR,UKB_local,local,urate,urate,0.02569,0.14762,NA,NA,NA,-8.651074626382249,0.0185479137689306,0.0185479137689306,row,-10.430310000000038,-3.5147926261211153,True,False,False,UKB AFR
AFR,urate,UA,UA,biochem_kidney,sumrhe,-1,36,BLUEPRINT_DNA_methylation_MaxCPP,BLUEPRINT methylation QTL,0.05141,0.06084,46.3344,288.23768,1.77495e-06,3.07733e-06,10.4385,220.131,False,False,AFR.UKB_local.local,local,AFR,UKB_local,local,urate,urate,0.02569,0.14762,NA,NA,5.534011784743291,8.974737377269156,0.0431896769907485,0.0431896769907485,row,46.33440000000006,5.564817129854748,False,False,False,UKB AFR
AFR,urate,UA,UA,biochem_kidney,sumrhe,-1,38,non_synonymous,Nonsynonymous,-0.01006,0.03799,-50.46664,890.30581,-8.13345e-08,6.14259e-06,-0.27822,94.5916,False,False,AFR.UKB_local.local,local,AFR,UKB_local,local,urate,urate,0.02569,0.14762,NA,NA,NA,-25.45126398273457,0.0077594240307456,0.0077594240307456,row,-50.4666400000005,-5.685565694148998,True,False,False,UKB AFR
AFR,urate,UA,UA,biochem_kidney,sumrhe,-1,45,Ancient_Sequence_Age_Human_Promoter_w_flanking,Ancient promoter age,0.00556,0.03908,17.24332,365.43005,2.73866e-06,7.54012e-06,11.8852,218.961,False,False,AFR.UKB_local.local,local,AFR,UKB_local,local,urate,urate,0.02569,0.14762,NA,NA,4.107965670149708,30.57439755956544,0.0125513314805948,0.0125513314805948,row,17.2433200000001,4.189296396302284,False,False,False,UKB AFR
AFR,bp_systolic,SBP,SBP,blood_pressure,sumrhe,-1,1,Coding_UCSC_w_flanking,Coding,0.02934,0.07403,1.19878,3.13701,-3.35133e-07,1.33462e-06,-0.453911,1.65237,False,False,AFR.UKB_local.local,local,AFR,UKB_local,local,bp_systolic,bp_systolic,0.2287,0.08197,NA,NA,0.2615669197770127,3.775295525633634,0.1070174149432042,0.1070174149432042,row,1.1987800000000002,1.1367032618614046,False,False,False,UKB AFR
AFR,bp_systolic,SBP,SBP,blood_pressure,sumrhe,-1,2,Conserved_LindbladToh_w_flanking,Conserved (LindbladToh),0.06737,0.14546,0.64891,1.39163,2.77488e-07,9.38061e-07,0.605315,1.95149,False,False,AFR.UKB_local.local,local,AFR,UKB_local,local,bp_systolic,bp_systolic,0.2287,0.08197,NA,NA,-0.6239096961043399,3.0939540148130065,0.4539582528346937,0.4539582528346937,row,0.64891,0.7215126564484442,False,False,False,UKB AFR
AFR,bp_systolic,SBP,SBP,blood_pressure,sumrhe,-1,6,DHS_Trynka_w_flanking,DHS + flank,0.36384,0.15996,2.62613,1.23876,9.51556e-07,1.1412e-06,2.03737,2.38268,False,False,AFR.UKB_local.local,local,AFR,UKB_local,local,bp_systolic,bp_systolic,0.2287,0.08197,NA,NA,1.3929383350096014,0.6805272049942739,0.6057983100121935,0.6057983100121935,row,2.6261300000000003,1.8584306479153174,False,False,False,UKB AFR
AFR,bp_systolic,SBP,SBP,blood_pressure,sumrhe,-1,20,Promoter_UCSC_w_flanking,Promoter,-0.05262,0.06614,-3.32512,4.68462,-1.06968e-06,1.36071e-06,-1.18938,1.5998,False,False,AFR.UKB_local.local,local,AFR,UKB_local,local,bp_systolic,bp_systolic,0.2287,0.08197,NA,NA,NA,-2.032551619926275,0.0691954209978809,0.0691954209978809,row,-3.3251200000000036,-2.112740160726991,True,False,False,UKB AFR
AFR,bp_systolic,SBP,SBP,blood_pressure,sumrhe,-1,29,GERP.NS,GERP.NS,1.01896,0.42099,1.69719,0.78573,3.35603e-07,3.56865e-07,2.12086,2.51744,False,False,AFR.UKB_local.local,local,AFR,UKB_local,local,bp_systolic,bp_systolic,0.2287,0.08197,NA,NA,0.7631480832740989,0.6679091760366755,2.6251885839860414,2.6251885839860414,row,1.6971900000000002,1.4314571539067795,False,False,False,UKB AFR
AFR,bp_systolic,SBP,SBP,blood_pressure,sumrhe,-1,31,Backgrd_Selection_Stat,Background selection,0.04851,0.01854,1.14696,0.46622,9.74991e-08,9.09314e-07,0.0799779,0.721485,False,False,AFR.UKB_local.local,local,AFR,UKB_local,local,bp_systolic,bp_systolic,0.2287,0.08197,NA,NA,0.1978150785308104,0.5864313332315447,0.1849340317320722,0.1849340317320722,row,1.1469600000000002,1.1022953126036683,False,False,False,UKB AFR
AFR,bp_systolic,SBP,SBP,blood_pressure,sumrhe,-1,32,CpG_Content_50kb,CpG content (50 kb),0.00161,0.00115,0.70113,0.34292,-3.4458e-05,5.4939e-05,-0.770038,1.20158,False,False,AFR.UKB_local.local,local,AFR,UKB_local,local,bp_systolic,bp_systolic,0.2287,0.08197,NA,NA,-0.5122461285873856,0.7056166237668383,0.0100406345728446,0.0100406345728446,row,0.7011300000000058,0.7664933956684713,False,False,False,UKB AFR
AFR,bp_systolic,SBP,SBP,blood_pressure,sumrhe,-1,33,GTEx_eQTL_MaxCPP,GTEx eQTL MaxCPP,-0.00503,0.02588,-1.65768,8.76666,-4.8887e-07,3.46756e-06,-0.193766,1.31194,False,False,AFR.UKB_local.local,local,AFR,UKB_local,local,bp_systolic,bp_systolic,0.2287,0.08197,NA,NA,NA,-7.629709538125356,0.0132678674070843,0.0132678674070843,row,-1.6576800000000076,-1.4101674062674483,True,False,False,UKB AFR
AFR,bp_systolic,SBP,SBP,blood_pressure,sumrhe,-1,34,BLUEPRINT_H3K27acQTL_MaxCPP,BLUEPRINT H3K27ac QTL,-0.0325,0.03585,-6.15282,8.24703,-2.89327e-06,3.22649e-06,-1.3997,1.80321,False,False,AFR.UKB_local.local,local,AFR,UKB_local,local,bp_systolic,bp_systolic,0.2287,0.08197,NA,NA,NA,-1.933739209510844,0.023096330543551,0.023096330543551,row,-6.1528200000000055,-2.8385121367059005,True,False,False,UKB AFR
AFR,bp_systolic,SBP,SBP,blood_pressure,sumrhe,-1,35,BLUEPRINT_H3K4me1QTL_MaxCPP,BLUEPRINT H3K4me1 QTL,0.01074,0.03256,2.53132,7.65664,2.34772e-06,3.81286e-06,1.00712,1.64207,False,False,AFR.UKB_local.local,local,AFR,UKB_local,local,bp_systolic,bp_systolic,0.2287,0.08197,NA,NA,1.339889899084724,4.363808826174515,0.0185520141230783,0.0185520141230783,row,2.5313200000000022,1.8202075606883004,False,False,False,UKB AFR
AFR,bp_systolic,SBP,SBP,blood_pressure,sumrhe,-1,36,BLUEPRINT_DNA_methylation_MaxCPP,BLUEPRINT methylation QTL,-0.05672,0.05279,-5.74369,5.77975,-2.72023e-06,2.73975e-06,-1.79737,1.72581,False,False,AFR.UKB_local.local,local,AFR,UKB_local,local,bp_systolic,bp_systolic,0.2287,0.08197,NA,NA,NA,-1.451752560214424,0.0431796448097077,0.0431796448097077,row,-5.743690000000009,-2.753538218702598,True,False,False,UKB AFR
AFR,bp_systolic,SBP,SBP,blood_pressure,sumrhe,-1,38,non_synonymous,Nonsynonymous,0.0187,0.03449,10.54388,20.47554,1.68474e-06,5.25643e-06,0.647522,1.88144,False,False,AFR.UKB_local.local,local,AFR,UKB_local,local,bp_systolic,bp_systolic,0.2287,0.08197,NA,NA,3.39833395111322,2.8016214161697217,0.0077548783123654,0.0077548783123654,row,10.543880000000048,3.5290563029212234,False,False,False,UKB AFR
AFR,bp_systolic,SBP,SBP,blood_pressure,sumrhe,-1,45,Ancient_Sequence_Age_Human_Promoter_w_flanking,Ancient promoter age,0.01468,0.0294,5.11659,10.33762,3.06487e-06,4.23128e-06,1.49437,2.19013,False,False,AFR.UKB_local.local,local,AFR,UKB_local,local,bp_systolic,bp_systolic,0.2287,0.08197,NA,NA,2.355182632670757,2.9148384194540826,0.0125452486416279,0.0125452486416279,row,5.116590000000022,2.6127275742952474,False,False,False,UKB AFR
AFR,alanine_aminotransferase,ALT,ALT,biochem_liver,sumrhe,-1,1,Coding_UCSC_w_flanking,Coding,0.0782,0.07318,3.42473,3.37403,-2.28461e-07,1.32219e-06,-0.331654,1.87722,False,False,AFR.UKB_local.local,local,AFR,UKB_local,local,alanine_aminotransferase,alanine_aminotransferase,0.21338,0.11555,NA,NA,1.7759902528861593,1.4213372583563053,0.1070105765972433,0.1070105765972433,row,3.4247300000000016,2.145589423659948,False,False,False,UKB AFR
AFR,alanine_aminotransferase,ALT,ALT,biochem_liver,sumrhe,-1,2,Conserved_LindbladToh_w_flanking,Conserved (LindbladToh),0.25353,0.13762,2.61718,1.88326,1.57581e-06,9.24056e-07,3.68434,3.41451,False,False,AFR.UKB_local.local,local,AFR,UKB_local,local,alanine_aminotransferase,alanine_aminotransferase,0.21338,0.11555,NA,NA,1.3880131510489444,1.038128773223297,0.4539855740034122,0.4539855740034122,row,2.6171799999999994,1.8548653919240048,False,False,False,UKB AFR
AFR,alanine_aminotransferase,ALT,ALT,biochem_liver,sumrhe,-1,6,DHS_Trynka_w_flanking,DHS + flank,0.37109,0.23304,2.87077,1.86427,2.79583e-06,1.37008e-06,6.41602,4.6775,False,False,AFR.UKB_local.local,local,AFR,UKB_local,local,alanine_aminotransferase,alanine_aminotransferase,0.21338,0.11555,NA,NA,1.521437749510124,0.9368821200855756,0.60579703215925,0.60579703215925,row,2.87077,1.9526205856675456,False,False,False,UKB AFR
AFR,alanine_aminotransferase,ALT,ALT,biochem_liver,sumrhe,-1,20,Promoter_UCSC_w_flanking,Promoter,-0.01046,0.07932,-0.70836,5.88756,3.64479e-07,1.46697e-06,0.434368,1.61144,False,False,AFR.UKB_local.local,local,AFR,UKB_local,local,alanine_aminotransferase,alanine_aminotransferase,0.21338,0.11555,NA,NA,NA,-11.991012500615824,0.0692028442596579,0.0692028442596579,row,-0.7083600000000004,-0.7726120238388743,True,False,False,UKB AFR
AFR,alanine_aminotransferase,ALT,ALT,biochem_liver,sumrhe,-1,29,GERP.NS,GERP.NS,0.86876,0.65945,1.55093,0.76754,-1.65771e-08,3.93615e-07,-0.112283,2.58422,False,False,AFR.UKB_local.local,local,AFR,UKB_local,local,alanine_aminotransferase,alanine_aminotransferase,0.21338,0.11555,NA,NA,0.6331335729427662,0.7139755834782453,2.6251487020462068,2.6251487020462068,row,1.5509300000000001,1.3510233105286005,False,False,False,UKB AFR
AFR,alanine_aminotransferase,ALT,ALT,biochem_liver,sumrhe,-1,31,Backgrd_Selection_Stat,Background selection,0.06001,0.02638,1.52095,0.62667,-2.52794e-07,8.50924e-07,-0.222257,0.738922,False,False,AFR.UKB_local.local,local,AFR,UKB_local,local,alanine_aminotransferase,alanine_aminotransferase,0.21338,0.11555,NA,NA,0.604972726410393,0.594426970823424,0.1849076924068148,0.1849076924068148,row,1.52095,1.3339675043656742,False,False,False,UKB AFR
AFR,alanine_aminotransferase,ALT,ALT,biochem_liver,sumrhe,-1,32,CpG_Content_50kb,CpG content (50 kb),0.00223,0.00176,1.04083,0.45065,-1.26951e-05,7.06033e-05,-0.304072,1.62818,False,False,AFR.UKB_local.local,local,AFR,UKB_local,local,alanine_aminotransferase,alanine_aminotransferase,0.21338,0.11555,NA,NA,0.0577344507842907,0.6246462152096033,0.0100408701507404,0.0100408701507404,row,1.040830000000009,1.0291560116839156,False,False,False,UKB AFR
AFR,alanine_aminotransferase,ALT,ALT,biochem_liver,sumrhe,-1,33,GTEx_eQTL_MaxCPP,GTEx eQTL MaxCPP,-0.00655,0.03196,-2.31274,12.27842,-1.24297e-06,4.20047e-06,-0.528039,1.8667,False,False,AFR.UKB_local.local,local,AFR,UKB_local,local,alanine_aminotransferase,alanine_aminotransferase,0.21338,0.11555,NA,NA,NA,-7.659319959853623,0.0132727458167703,0.0132727458167703,row,-2.3127400000000073,-1.7280249781155461,True,False,False,UKB AFR
AFR,alanine_aminotransferase,ALT,ALT,biochem_liver,sumrhe,-1,34,BLUEPRINT_H3K27acQTL_MaxCPP,BLUEPRINT H3K27ac QTL,0.01849,0.03685,3.75143,8.3238,5.27626e-07,3.87205e-06,0.273585,2.01964,False,False,AFR.UKB_local.local,local,AFR,UKB_local,local,alanine_aminotransferase,alanine_aminotransferase,0.21338,0.11555,NA,NA,1.9074406384492733,3.201100641982272,0.0230986369661226,0.0230986369661226,row,3.7514300000000023,2.248361775217666,False,False,False,UKB AFR
AFR,alanine_aminotransferase,ALT,ALT,biochem_liver,sumrhe,-1,35,BLUEPRINT_H3K4me1QTL_MaxCPP,BLUEPRINT H3K4me1 QTL,0.03257,0.03707,8.22754,10.85688,2.85949e-06,4.59846e-06,1.31476,2.19656,False,False,AFR.UKB_local.local,local,AFR,UKB_local,local,alanine_aminotransferase,alanine_aminotransferase,0.21338,0.11555,NA,NA,3.0404611353467503,1.9037485002232224,0.0185521413850718,0.0185521413850718,row,8.22754000000001,3.2059460863507616,False,False,False,UKB AFR
AFR,alanine_aminotransferase,ALT,ALT,biochem_liver,sumrhe,-1,36,BLUEPRINT_DNA_methylation_MaxCPP,BLUEPRINT methylation QTL,0.00824,0.03327,0.89404,3.73392,-3.47791e-07,1.8278e-06,-0.246304,1.2373,False,False,AFR.UKB_local.local,local,AFR,UKB_local,local,alanine_aminotransferase,alanine_aminotransferase,0.21338,0.11555,NA,NA,-0.1615887148091141,6.025354421587534,0.0431933164389875,0.0431933164389875,row,0.8940400000000001,0.9214667992288266,False,False,False,UKB AFR
AFR,alanine_aminotransferase,ALT,ALT,biochem_liver,sumrhe,-1,38,non_synonymous,Nonsynonymous,0.06853,0.0352,41.4107,30.41407,7.67984e-06,5.90361e-06,3.16368,2.95682,False,False,AFR.UKB_local.local,local,AFR,UKB_local,local,alanine_aminotransferase,alanine_aminotransferase,0.21338,0.11555,NA,NA,5.371931684892741,1.0595867242584598,0.0077555829857663,0.0077555829857663,row,41.410700000000155,5.406356390087557,False,False,False,UKB AFR
AFR,alanine_aminotransferase,ALT,ALT,biochem_liver,sumrhe,-1,45,Ancient_Sequence_Age_Human_Promoter_w_flanking,Ancient promoter age,0.0092,0.03215,3.43688,12.87496,5.45841e-06,5.41976e-06,2.85255,3.56633,False,False,AFR.UKB_local.local,local,AFR,UKB_local,local,alanine_aminotransferase,alanine_aminotransferase,0.21338,0.11555,NA,NA,1.7810994803319131,5.40450668735707,0.0125449734844967,0.0125449734844967,row,3.436880000000024,2.1495455345090493,False,False,False,UKB AFR
AFR,heel_bone_mineral_density,BMD,BMD,biochem_mineral,sumrhe,-1,1,Coding_UCSC_w_flanking,Coding,-0.02693,0.14831,NA,NA,2.80676e-06,2.6976e-06,-6.52602,109.251,False,False,AFR.UKB_local.local,local,AFR,UKB_local,local,heel_bone_mineral_density,heel_bone_mineral_density,-0.13322,0.39483,NA,NA,NA,NA,NA,0.1070118794931443,dataset_kind+pop+source+source_group+annotation,NA,NA,False,True,True,UKB AFR
AFR,heel_bone_mineral_density,BMD,BMD,biochem_mineral,sumrhe,-1,2,Conserved_LindbladToh_w_flanking,Conserved (LindbladToh),-0.78868,0.44062,NA,NA,-6.90484e-06,4.21487e-06,25.8571,322.096,False,False,AFR.UKB_local.local,local,AFR,UKB_local,local,heel_bone_mineral_density,heel_bone_mineral_density,-0.13322,0.39483,NA,NA,NA,NA,NA,0.4539855740034122,dataset_kind+pop+source+source_group+annotation,NA,NA,False,True,True,UKB AFR
AFR,heel_bone_mineral_density,BMD,BMD,biochem_mineral,sumrhe,-1,6,DHS_Trynka_w_flanking,DHS + flank,-0.97355,0.45556,NA,NA,-2.89844e-06,2.65452e-06,10.6534,133.772,False,False,AFR.UKB_local.local,local,AFR,UKB_local,local,heel_bone_mineral_density,heel_bone_mineral_density,-0.13322,0.39483,NA,NA,NA,NA,NA,0.6057972822456678,dataset_kind+pop+source+source_group+annotation,NA,NA,False,True,True,UKB AFR
AFR,heel_bone_mineral_density,BMD,BMD,biochem_mineral,sumrhe,-1,20,Promoter_UCSC_w_flanking,Promoter,-0.04365,0.20289,NA,NA,-2.22777e-06,4.43566e-06,4.25233,35.6415,False,False,AFR.UKB_local.local,local,AFR,UKB_local,local,heel_bone_mineral_density,heel_bone_mineral_density,-0.13322,0.39483,NA,NA,NA,NA,NA,0.0691912228852831,dataset_kind+pop+source+source_group+annotation,NA,NA,False,True,True,UKB AFR
AFR,heel_bone_mineral_density,BMD,BMD,biochem_mineral,sumrhe,-1,29,GERP.NS,GERP.NS,-1.23563,1.90741,NA,NA,4.09617e-07,1.11799e-06,-4.44379,95.6454,False,False,AFR.UKB_local.local,local,AFR,UKB_local,local,heel_bone_mineral_density,heel_bone_mineral_density,-0.13322,0.39483,NA,NA,NA,NA,NA,2.625186378549905,dataset_kind+pop+source+source_group+annotation,NA,NA,False,True,True,UKB AFR
AFR,heel_bone_mineral_density,BMD,BMD,biochem_mineral,sumrhe,-1,31,Backgrd_Selection_Stat,Background selection,0.06238,0.08862,NA,NA,1.45835e-06,3.06359e-06,-2.05362,16.3745,False,False,AFR.UKB_local.local,local,AFR,UKB_local,local,heel_bone_mineral_density,heel_bone_mineral_density,-0.13322,0.39483,NA,NA,NA,NA,NA,0.1849190576852553,dataset_kind+pop+source+source_group+annotation,NA,NA,False,True,True,UKB AFR
AFR,heel_bone_mineral_density,BMD,BMD,biochem_mineral,sumrhe,-1,32,CpG_Content_50kb,CpG content (50 kb),-8e-05,0.00475,NA,NA,5.14609e-05,8.11887e-05,-1.97419,13.2415,False,False,AFR.UKB_local.local,local,AFR,UKB_local,local,heel_bone_mineral_density,heel_bone_mineral_density,-0.13322,0.39483,NA,NA,NA,NA,NA,0.0100268988645422,dataset_kind+pop+source+source_group+annotation,NA,NA,False,True,True,UKB AFR
AFR,heel_bone_mineral_density,BMD,BMD,biochem_mineral,sumrhe,-1,33,GTEx_eQTL_MaxCPP,GTEx eQTL MaxCPP,0.02519,0.05404,NA,NA,3.08431e-06,7.50393e-06,-2.09862,15.517,False,False,AFR.UKB_local.local,local,AFR,UKB_local,local,heel_bone_mineral_density,heel_bone_mineral_density,-0.13322,0.39483,NA,NA,NA,NA,NA,0.013271850700614,dataset_kind+pop+source+source_group+annotation,NA,NA,False,True,True,UKB AFR
AFR,heel_bone_mineral_density,BMD,BMD,biochem_mineral,sumrhe,-1,34,BLUEPRINT_H3K27acQTL_MaxCPP,BLUEPRINT H3K27ac QTL,-0.10413,0.08006,NA,NA,-7.32228e-06,7.13148e-06,6.08109,44.6501,False,False,AFR.UKB_local.local,local,AFR,UKB_local,local,heel_bone_mineral_density,heel_bone_mineral_density,-0.13322,0.39483,NA,NA,NA,NA,NA,0.0231000358454644,dataset_kind+pop+source+source_group+annotation,NA,NA,False,True,True,UKB AFR
AFR,heel_bone_mineral_density,BMD,BMD,biochem_mineral,sumrhe,-1,35,BLUEPRINT_H3K4me1QTL_MaxCPP,BLUEPRINT H3K4me1 QTL,-0.0246,0.0795,NA,NA,1.29459e-06,9.75938e-06,-0.95336,17.2601,False,False,AFR.UKB_local.local,local,AFR,UKB_local,local,heel_bone_mineral_density,heel_bone_mineral_density,-0.13322,0.39483,NA,NA,NA,NA,NA,0.0185521413850718,dataset_kind+pop+source+source_group+annotation,NA,NA,False,True,True,UKB AFR
AFR,heel_bone_mineral_density,BMD,BMD,biochem_mineral,sumrhe,-1,36,BLUEPRINT_DNA_methylation_MaxCPP,BLUEPRINT methylation QTL,-0.1847,0.13649,NA,NA,-8.25934e-06,6.95664e-06,9.36846,115.248,False,False,AFR.UKB_local.local,local,AFR,UKB_local,local,heel_bone_mineral_density,heel_bone_mineral_density,-0.13322,0.39483,NA,NA,NA,NA,NA,0.0431784974029914,dataset_kind+pop+source+source_group+annotation,NA,NA,False,True,True,UKB AFR
AFR,heel_bone_mineral_density,BMD,BMD,biochem_mineral,sumrhe,-1,38,non_synonymous,Nonsynonymous,-0.08377,0.07825,NA,NA,-8.76995e-06,1.19525e-05,5.78638,59.4949,False,False,AFR.UKB_local.local,local,AFR,UKB_local,local,heel_bone_mineral_density,heel_bone_mineral_density,-0.13322,0.39483,NA,NA,NA,NA,NA,0.0077553156009756,dataset_kind+pop+source+source_group+annotation,NA,NA,False,True,True,UKB AFR
AFR,heel_bone_mineral_density,BMD,BMD,biochem_mineral,sumrhe,-1,45,Ancient_Sequence_Age_Human_Promoter_w_flanking,Ancient promoter age,-0.02234,0.07316,NA,NA,-7.9169e-06,1.21925e-05,6.62662,106.393,False,False,AFR.UKB_local.local,local,AFR,UKB_local,local,heel_bone_mineral_density,heel_bone_mineral_density,-0.13322,0.39483,NA,NA,NA,NA,NA,0.0125418728637029,dataset_kind+pop+source+source_group+annotation,NA,NA,False,True,True,UKB AFR
AFR,creatinine,CRT,CRT,biochem_kidney,sumrhe,-1,1,Coding_UCSC_w_flanking,Coding,0.04152,0.0895,1.77126,3.73514,6.63735e-07,1.76369e-06,0.938541,2.37311,False,False,AFR.UKB_local.local,local,AFR,UKB_local,local,creatinine,creatinine,0.21906,0.06966,NA,NA,0.8247759981875754,3.0422794818524683,0.1070069403247932,0.1070069403247932,row,1.7712600000000003,1.470542071019287,False,False,False,UKB AFR
AFR,creatinine,CRT,CRT,biochem_kidney,sumrhe,-1,2,Conserved_LindbladToh_w_flanking,Conserved (LindbladToh),0.16085,0.16192,1.61742,1.40109,4.65009e-07,1.14871e-06,1.05902,2.51649,False,False,AFR.UKB_local.local,local,AFR,UKB_local,local,creatinine,creatinine,0.21906,0.06966,NA,NA,0.6936943561389342,1.2497345122720862,0.4539783822160828,0.4539783822160828,row,1.6174200000000005,1.388145442650999,False,False,False,UKB AFR
AFR,creatinine,CRT,CRT,biochem_kidney,sumrhe,-1,6,DHS_Trynka_w_flanking,DHS + flank,-0.10721,0.13329,-0.80788,1.05393,-2.44658e-06,1.67506e-06,-5.46889,3.77567,False,False,AFR.UKB_local.local,local,AFR,UKB_local,local,creatinine,creatinine,0.21906,0.06966,NA,NA,NA,-1.882085934104205,0.6057945415869697,0.6057945415869697,row,-0.8078800000000002,-0.8542989204796458,True,False,False,UKB AFR
AFR,creatinine,CRT,CRT,biochem_kidney,sumrhe,-1,20,Promoter_UCSC_w_flanking,Promoter,0.13168,0.09103,8.68777,6.74975,1.12917e-06,1.89736e-06,1.31078,2.19738,False,False,AFR.UKB_local.local,local,AFR,UKB_local,local,creatinine,creatinine,0.21906,0.06966,NA,NA,3.118985909743142,1.120866557498677,0.0691908107703972,0.0691908107703972,row,8.687770000000008,3.276164614020859,False,False,False,UKB AFR
AFR,creatinine,CRT,CRT,biochem_kidney,sumrhe,-1,29,GERP.NS,GERP.NS,0.72592,0.35428,1.26232,0.49701,1.28165e-07,2.903e-07,0.845594,1.83631,False,False,AFR.UKB_local.local,local,AFR,UKB_local,local,creatinine,creatinine,0.21906,0.06966,NA,NA,0.3360776820257589,0.5680285999368018,2.625162642770269,2.625162642770269,row,1.2623199999999999,1.1778030096818437,False,False,False,UKB AFR
AFR,creatinine,CRT,CRT,biochem_kidney,sumrhe,-1,31,Backgrd_Selection_Stat,Background selection,0.05016,0.02869,1.23825,0.57513,-5.81461e-07,8.11636e-07,-0.49796,0.689622,False,False,AFR.UKB_local.local,local,AFR,UKB_local,local,creatinine,creatinine,0.21906,0.06966,NA,NA,0.3083026209723272,0.670088591856628,0.1849209465718371,0.1849209465718371,row,1.2382500000000005,1.1623711862771546,False,False,False,UKB AFR
AFR,creatinine,CRT,CRT,biochem_kidney,sumrhe,-1,32,CpG_Content_50kb,CpG content (50 kb),0.00185,0.00129,0.84094,0.43677,-7.08643e-05,5.19724e-05,-1.65331,1.355,False,False,AFR.UKB_local.local,local,AFR,UKB_local,local,creatinine,creatinine,0.21906,0.06966,NA,NA,-0.2499252251922146,0.7493113813221782,0.0100425414868408,0.0100425414868408,row,0.840940000000004,0.8804426070718261,False,False,False,UKB AFR
AFR,creatinine,CRT,CRT,biochem_kidney,sumrhe,-1,33,GTEx_eQTL_MaxCPP,GTEx eQTL MaxCPP,0.03714,0.035,12.77294,12.35444,4.00878e-06,4.46577e-06,1.65883,1.83934,False,False,AFR.UKB_local.local,local,AFR,UKB_local,local,creatinine,creatinine,0.21906,0.06966,NA,NA,3.67501872918707,1.3954257454399883,0.0132735760968844,0.0132735760968844,row,12.772940000000062,3.7837646478741065,False,False,False,UKB AFR
AFR,creatinine,CRT,CRT,biochem_kidney,sumrhe,-1,34,BLUEPRINT_H3K27acQTL_MaxCPP,BLUEPRINT H3K27ac QTL,-0.00128,0.03896,-0.252,7.84362,-5.98106e-08,3.73459e-06,-0.0302085,1.81446,False,False,AFR.UKB_local.local,local,AFR,UKB_local,local,creatinine,creatinine,0.21906,0.06966,NA,NA,NA,-44.9045701453075,0.0231870952221541,0.0231870952221541,row,-0.25200000000000017,-0.32423456227053155,True,False,False,UKB AFR
AFR,creatinine,CRT,CRT,biochem_kidney,sumrhe,-1,35,BLUEPRINT_H3K4me1QTL_MaxCPP,BLUEPRINT H3K4me1 QTL,-0.01922,0.03485,-4.72906,8.45293,-2.7081e-06,4.05e-06,-1.21285,1.69058,False,False,AFR.UKB_local.local,local,AFR,UKB_local,local,creatinine,creatinine,0.21906,0.06966,NA,NA,NA,-2.578736618266959,0.0185530568711709,0.0185530568711709,row,-4.7290600000000165,-2.518298447082242,True,False,False,UKB AFR
AFR,creatinine,CRT,CRT,biochem_kidney,sumrhe,-1,36,BLUEPRINT_DNA_methylation_MaxCPP,BLUEPRINT methylation QTL,-0.0001,0.04959,-0.01094,5.41204,-3.89565e-07,2.69152e-06,-0.268731,1.82355,False,False,AFR.UKB_local.local,local,AFR,UKB_local,local,creatinine,creatinine,0.21906,0.06966,NA,NA,NA,-713.7041379426605,0.0417272337464496,0.0417272337464496,row,-0.01094000000000001,-0.015697374816445356,True,False,False,UKB AFR
AFR,creatinine,CRT,CRT,biochem_kidney,sumrhe,-1,38,non_synonymous,Nonsynonymous,0.02215,0.0359,13.03913,21.18625,2.37061e-06,5.2747e-06,0.95123,2.06207,False,False,AFR.UKB_local.local,local,AFR,UKB_local,local,creatinine,creatinine,0.21906,0.06966,NA,NA,3.704775707818494,2.3441209505568086,0.0077546469807981,0.0077546469807981,row,13.039130000000037,3.811381629990295,False,False,False,UKB AFR
AFR,creatinine,CRT,CRT,biochem_kidney,sumrhe,-1,45,Ancient_Sequence_Age_Human_Promoter_w_flanking,Ancient promoter age,-0.01468,0.0319,-5.34173,11.47765,-6.26304e-06,5.18971e-06,-3.18814,2.64576,False,False,AFR.UKB_local.local,local,AFR,UKB_local,local,creatinine,creatinine,0.21906,0.06966,NA,NA,NA,-3.099885006553909,0.0125452996648891,0.0125452996648891,row,-5.341730000000008,-2.664876455815608,True,False,False,UKB AFR
AFR,diastolic_blood_pressure,DBP,DBP,blood_pressure,sumrhe,-1,1,Coding_UCSC_w_flanking,Coding,-0.00818,0.07124,-0.65727,6.13272,3.9718e-07,1.03394e-06,1.05841,3.32003,False,False,AFR.UKB_local.local,local,AFR,UKB_local,local,diastolic_blood_pressure,diastolic_blood_pressure,0.11624,0.12973,NA,NA,NA,-13.461202749494978,0.1070665706219319,0.1070665706219319,row,-0.6572700000000005,-0.7288086634698533,True,False,False,UKB AFR
AFR,diastolic_blood_pressure,DBP,DBP,blood_pressure,sumrhe,-1,2,Conserved_LindbladToh_w_flanking,Conserved (LindbladToh),0.06262,0.16269,1.18662,3.61445,7.56909e-07,1.05288e-06,3.24857,4.62425,False,False,AFR.UKB_local.local,local,AFR,UKB_local,local,diastolic_blood_pressure,diastolic_blood_pressure,0.11624,0.12973,NA,NA,0.2468580041566707,4.394455757143074,0.4539894891123895,0.4539894891123895,row,1.18662,1.128702524570221,False,False,False,UKB AFR
AFR,diastolic_blood_pressure,DBP,DBP,blood_pressure,sumrhe,-1,6,DHS_Trynka_w_flanking,DHS + flank,0.18575,0.19159,2.63773,2.54779,-2.82345e-07,9.28167e-07,-1.1894,4.22894,False,False,AFR.UKB_local.local,local,AFR,UKB_local,local,diastolic_blood_pressure,diastolic_blood_pressure,0.11624,0.12973,NA,NA,1.3992968968121529,1.393502746007549,0.6058189896639656,0.6058189896639656,row,2.6377299999999995,1.8630384670915252,False,False,False,UKB AFR
AFR,diastolic_blood_pressure,DBP,DBP,blood_pressure,sumrhe,-1,20,Promoter_UCSC_w_flanking,Promoter,-0.11319,0.08897,-14.07368,21.62401,-2.0895e-06,1.60722e-06,-4.57111,6.53531,False,False,AFR.UKB_local.local,local,AFR,UKB_local,local,diastolic_blood_pressure,diastolic_blood_pressure,0.11624,0.12973,NA,NA,NA,-2.216680498002893,0.0691902319619134,0.0691902319619134,row,-14.073680000000019,-3.9139597659458127,True,False,False,UKB AFR
AFR,diastolic_blood_pressure,DBP,DBP,blood_pressure,sumrhe,-1,29,GERP.NS,GERP.NS,0.23,0.5042,0.75372,1.50764,-3.63371e-08,3.27552e-07,-0.451803,4.11584,False,False,AFR.UKB_local.local,local,AFR,UKB_local,local,diastolic_blood_pressure,diastolic_blood_pressure,0.11624,0.12973,NA,NA,-0.4078994197155156,2.885772901668839,2.625198789183443,2.625198789183443,row,0.7537200000000001,0.8104184246027417,False,False,False,UKB AFR
AFR,diastolic_blood_pressure,DBP,DBP,blood_pressure,sumrhe,-1,31,Backgrd_Selection_Stat,Background selection,0.0362,0.02591,1.68427,1.57539,7.5908e-07,8.51754e-07,1.22509,2.47536,False,False,AFR.UKB_local.local,local,AFR,UKB_local,local,diastolic_blood_pressure,diastolic_blood_pressure,0.11624,0.12973,NA,NA,0.7521234308255664,1.3494317065945869,0.1849018498688429,0.1849018498688429,row,1.6842700000000002,1.4245297937697907,False,False,False,UKB AFR
AFR,diastolic_blood_pressure,DBP,DBP,blood_pressure,sumrhe,-1,32,CpG_Content_50kb,CpG content (50 kb),0.00029,0.00179,0.24708,1.6701,-3.3556e-05,7.33255e-05,-1.47538,4.07983,False,False,AFR.UKB_local.local,local,AFR,UKB_local,local,diastolic_blood_pressure,diastolic_blood_pressure,0.11624,0.12973,NA,NA,-2.0169498590834016,9.751679568514886,0.0100972894028543,0.0100972894028543,row,0.24708000000000205,0.3185540168125291,False,False,False,UKB AFR
AFR,diastolic_blood_pressure,DBP,DBP,blood_pressure,sumrhe,-1,33,GTEx_eQTL_MaxCPP,GTEx eQTL MaxCPP,-0.04577,0.02717,-29.66752,42.57736,-5.31639e-06,3.43884e-06,-4.14586,5.87236,False,False,AFR.UKB_local.local,local,AFR,UKB_local,local,diastolic_blood_pressure,diastolic_blood_pressure,0.11624,0.12973,NA,NA,NA,-2.070484695928211,0.013272235139482,0.013272235139482,row,-29.667520000000046,-4.938639599334996,True,False,False,UKB AFR
AFR,diastolic_blood_pressure,DBP,DBP,blood_pressure,sumrhe,-1,34,BLUEPRINT_H3K27acQTL_MaxCPP,BLUEPRINT H3K27ac QTL,-0.06414,0.03305,-23.88695,35.1069,-4.78872e-06,3.15102e-06,-4.55803,6.76982,False,False,AFR.UKB_local.local,local,AFR,UKB_local,local,diastolic_blood_pressure,diastolic_blood_pressure,0.11624,0.12973,NA,NA,NA,-2.120343975726694,0.0231000358454644,0.0231000358454644,row,-23.88695000000002,-4.637317527717506,True,False,False,UKB AFR
AFR,diastolic_blood_pressure,DBP,DBP,blood_pressure,sumrhe,-1,35,BLUEPRINT_H3K4me1QTL_MaxCPP,BLUEPRINT H3K4me1 QTL,-0.02392,0.02371,-11.09159,18.59111,-7.47929e-07,3.1841e-06,-0.631262,2.66626,False,False,AFR.UKB_local.local,local,AFR,UKB_local,local,diastolic_blood_pressure,diastolic_blood_pressure,0.11624,0.12973,NA,NA,NA,-2.418165673417537,0.0185528984089628,0.0185528984089628,row,-11.09159000000001,-3.5959320610864465,True,False,False,UKB AFR
AFR,diastolic_blood_pressure,DBP,DBP,blood_pressure,sumrhe,-1,36,BLUEPRINT_DNA_methylation_MaxCPP,BLUEPRINT methylation QTL,-0.05161,0.05189,-10.28341,16.14281,-1.39958e-06,2.67487e-06,-1.81947,3.62726,False,False,AFR.UKB_local.local,local,AFR,UKB_local,local,diastolic_blood_pressure,diastolic_blood_pressure,0.11624,0.12973,NA,NA,NA,-2.264730467132281,0.0431758708814761,0.0431758708814761,row,-10.283410000000002,-3.4961312305878107,True,False,False,UKB AFR
AFR,diastolic_blood_pressure,DBP,DBP,blood_pressure,sumrhe,-1,38,non_synonymous,Nonsynonymous,-0.00196,0.02337,-2.17241,25.38077,-8.01103e-07,3.18308e-06,-0.605789,2.39797,False,False,AFR.UKB_local.local,local,AFR,UKB_local,local,diastolic_blood_pressure,diastolic_blood_pressure,0.11624,0.12973,NA,NA,NA,-16.855340848616684,0.007761732600943,0.007761732600943,row,-2.172410000000001,-1.6655792359669481,True,False,False,UKB AFR
AFR,diastolic_blood_pressure,DBP,DBP,blood_pressure,sumrhe,-1,45,Ancient_Sequence_Age_Human_Promoter_w_flanking,Ancient promoter age,0.00142,0.0304,0.97721,22.21089,1.67834e-06,3.22867e-06,1.61006,3.52321,False,False,AFR.UKB_local.local,local,AFR,UKB_local,local,diastolic_blood_pressure,diastolic_blood_pressure,0.11624,0.12973,NA,NA,-0.0332594677981656,32.790844195956105,0.0125010024571477,0.0125010024571477,row,0.9772100000000034,0.9834661082289694,False,False,False,UKB AFR
AFR,educational_qualification,EA,EA,behavior_cognitive,sumrhe,-1,1,Coding_UCSC_w_flanking,Coding,0.00849,0.08561,0.51109,5.04704,-6.53223e-07,1.88162e-06,-1.30425,3.70843,False,False,AFR.UKB_local.local,local,AFR,UKB_local,local,educational_qualification,educational_qualification,0.15514,0.12702,NA,NA,-0.9683507310811258,14.246687626774609,0.1070746145074883,0.1070746145074883,row,0.51109,0.5955895894815074,False,False,False,UKB AFR
AFR,educational_qualification,EA,EA,behavior_cognitive,sumrhe,-1,2,Conserved_LindbladToh_w_flanking,Conserved (LindbladToh),-0.00753,0.12778,-0.10693,1.99842,4.21527e-07,1.37131e-06,1.35552,4.4728,False,False,AFR.UKB_local.local,local,AFR,UKB_local,local,educational_qualification,educational_qualification,0.15514,0.12702,NA,NA,NA,-26.962598182112806,0.4539119561024098,0.4539119561024098,row,-0.10693000000000001,-0.1465639919063185,True,False,False,UKB AFR
AFR,educational_qualification,EA,EA,behavior_cognitive,sumrhe,-1,6,DHS_Trynka_w_flanking,DHS + flank,0.22392,0.18738,2.38253,2.76867,2.27003e-07,1.47126e-06,0.716495,4.92418,False,False,AFR.UKB_local.local,local,AFR,UKB_local,local,educational_qualification,educational_qualification,0.15514,0.12702,NA,NA,1.252494380170364,1.6765146625050036,0.6058020247391659,0.6058020247391659,row,2.38253,1.7581027296664968,False,False,False,UKB AFR
AFR,educational_qualification,EA,EA,behavior_cognitive,sumrhe,-1,20,Promoter_UCSC_w_flanking,Promoter,0.08237,0.06806,7.67326,9.86234,4.54521e-08,1.21834e-06,0.0745015,1.91344,False,False,AFR.UKB_local.local,local,AFR,UKB_local,local,educational_qualification,educational_qualification,0.15514,0.12702,NA,NA,2.9398396398680764,1.854276931781389,0.0691935104913697,0.0691935104913697,row,7.673260000000003,3.1165743581338754,False,False,False,UKB AFR
AFR,educational_qualification,EA,EA,behavior_cognitive,sumrhe,-1,29,GERP.NS,GERP.NS,0.75757,0.48903,1.86012,1.25316,2.87935e-07,3.60308e-07,2.68241,4.28479,False,False,AFR.UKB_local.local,local,AFR,UKB_local,local,educational_qualification,educational_qualification,0.15514,0.12702,NA,NA,0.8953956954303609,0.9719414432619472,2.6251735431098053,2.6251735431098053,row,1.8601199999999998,1.5160756783928424,False,False,False,UKB AFR
AFR,educational_qualification,EA,EA,behavior_cognitive,sumrhe,-1,31,Backgrd_Selection_Stat,Background selection,0.01872,0.02602,0.65249,0.59751,4.43421e-07,8.518e-07,0.536204,1.1148,False,False,AFR.UKB_local.local,local,AFR,UKB_local,local,educational_qualification,educational_qualification,0.15514,0.12702,NA,NA,-0.6159723036430952,1.321130919832587,0.1849303523743347,0.1849303523743347,row,0.6524900000000001,0.7246415413280891,False,False,False,UKB AFR
AFR,educational_qualification,EA,EA,behavior_cognitive,sumrhe,-1,32,CpG_Content_50kb,CpG content (50 kb),0.00261,0.00159,1.67954,0.66349,3.45934e-05,7.45282e-05,1.13962,2.52945,False,False,AFR.UKB_local.local,local,AFR,UKB_local,local,educational_qualification,educational_qualification,0.15514,0.12702,NA,NA,0.7480661552713959,0.569926130178155,0.0100167392531275,0.0100167392531275,row,1.6795400000000122,1.4219853526683224,False,False,False,UKB AFR
AFR,educational_qualification,EA,EA,behavior_cognitive,sumrhe,-1,33,GTEx_eQTL_MaxCPP,GTEx eQTL MaxCPP,0.0532,0.03912,25.8361,29.59005,5.86989e-06,5.40669e-06,3.42973,4.18133,False,False,AFR.UKB_local.local,local,AFR,UKB_local,local,educational_qualification,educational_qualification,0.15514,0.12702,NA,NA,4.691316404265042,1.6523166574930612,0.013272749207601,0.013272749207601,row,25.83610000000006,4.746103119648987,False,False,False,UKB AFR
AFR,educational_qualification,EA,EA,behavior_cognitive,sumrhe,-1,34,BLUEPRINT_H3K27acQTL_MaxCPP,BLUEPRINT H3K27ac QTL,0.0254,0.03729,7.0873,13.57191,1.58623e-06,3.30562e-06,1.13124,2.743,False,False,AFR.UKB_local.local,local,AFR,UKB_local,local,educational_qualification,educational_qualification,0.15514,0.12702,NA,NA,2.825236118509279,2.7627061437206457,0.0231009113234939,0.0231009113234939,row,7.0873000000000115,3.015658129506884,False,False,False,UKB AFR
AFR,educational_qualification,EA,EA,behavior_cognitive,sumrhe,-1,35,BLUEPRINT_H3K4me1QTL_MaxCPP,BLUEPRINT H3K4me1 QTL,-0.04158,0.03347,-14.44508,15.98565,-6.76858e-06,3.71433e-06,-4.28035,4.03804,False,False,AFR.UKB_local.local,local,AFR,UKB_local,local,educational_qualification,educational_qualification,0.15514,0.12702,NA,NA,NA,-1.5965586885213967,0.0185541364645559,0.0185541364645559,row,-14.445080000000068,-3.9490754385174944,True,False,False,UKB AFR
AFR,educational_qualification,EA,EA,behavior_cognitive,sumrhe,-1,36,BLUEPRINT_DNA_methylation_MaxCPP,BLUEPRINT methylation QTL,0.13024,0.04354,19.4423,19.52558,5.83719e-06,2.40126e-06,5.68568,6.04213,False,False,AFR.UKB_local.local,local,AFR,UKB_local,local,educational_qualification,educational_qualification,0.15514,0.12702,NA,NA,4.281126992962585,1.4488747440622112,0.0431790378003771,0.0431790378003771,row,19.442300000000028,4.353485620513133,False,False,False,UKB AFR
AFR,educational_qualification,EA,EA,behavior_cognitive,sumrhe,-1,38,non_synonymous,Nonsynonymous,0.01088,0.02468,9.0452,23.52371,7.32928e-07,4.02791e-06,0.415266,2.26835,False,False,AFR.UKB_local.local,local,AFR,UKB_local,local,educational_qualification,educational_qualification,0.15514,0.12702,NA,NA,3.177152402881694,3.7519944014847786,0.0077533061708033,0.0077533061708033,row,9.045200000000074,3.32843438331256,False,False,False,UKB AFR
AFR,educational_qualification,EA,EA,behavior_cognitive,sumrhe,-1,45,Ancient_Sequence_Age_Human_Promoter_w_flanking,Ancient promoter age,0.05982,0.03252,30.74619,38.14234,1.44915e-06,4.23548e-06,1.04161,3.09976,False,False,AFR.UKB_local.local,local,AFR,UKB_local,local,educational_qualification,educational_qualification,0.15514,0.12702,NA,NA,4.942335740829997,1.789742558863415,0.0125409753712852,0.0125409753712852,row,30.74619000000016,4.988511552979031,False,False,False,UKB AFR
AFR,fluid_intelligence_score,FI,FI,behavior_cognitive,sumrhe,-1,1,Coding_UCSC_w_flanking,Coding,0.05439,0.14951,1.99127,6.02864,-2.6121e-06,2.7206e-06,-3.1697,3.21758,False,False,AFR.UKB_local.local,local,AFR,UKB_local,local,fluid_intelligence_score,fluid_intelligence_score,0.25527,0.17508,NA,NA,0.9936888520234868,4.367810006330051,0.1070013186003255,0.1070013186003255,row,1.9912700000000003,1.5807581378329283,False,False,False,UKB AFR
AFR,fluid_intelligence_score,FI,FI,behavior_cognitive,sumrhe,-1,2,Conserved_LindbladToh_w_flanking,Conserved (LindbladToh),-0.10566,0.21294,-0.91176,1.82192,-1.82699e-06,1.9295e-06,-3.57067,3.17012,False,False,AFR.UKB_local.local,local,AFR,UKB_local,local,fluid_intelligence_score,fluid_intelligence_score,0.25527,0.17508,NA,NA,NA,-2.882858371607024,0.4539732808805232,0.4539732808805232,row,-0.91176,-0.934901420524413,True,False,False,UKB AFR
AFR,fluid_intelligence_score,FI,FI,behavior_cognitive,sumrhe,-1,6,DHS_Trynka_w_flanking,DHS + flank,-0.10274,0.23672,-0.66439,2.18086,-1.3153e-06,2.03049e-06,-2.52312,5.03186,False,False,AFR.UKB_local.local,local,AFR,UKB_local,local,fluid_intelligence_score,fluid_intelligence_score,0.25527,0.17508,NA,NA,NA,-4.735646091712857,0.6057824619978389,0.6057824619978389,row,-0.6643900000000001,-0.734993525510601,True,False,False,UKB AFR
AFR,fluid_intelligence_score,FI,FI,behavior_cognitive,sumrhe,-1,20,Promoter_UCSC_w_flanking,Promoter,-0.03082,0.14691,-1.74511,9.67607,-2.09e-07,2.55441e-06,-0.208203,2.28758,False,False,AFR.UKB_local.local,local,AFR,UKB_local,local,fluid_intelligence_score,fluid_intelligence_score,0.25527,0.17508,NA,NA,NA,-7.999276953484005,0.0691846978909541,0.0691846978909541,row,-1.7451100000000004,-1.456863960988169,True,False,False,UKB AFR
AFR,fluid_intelligence_score,FI,FI,behavior_cognitive,sumrhe,-1,29,GERP.NS,GERP.NS,1.33637,0.81647,1.99423,1.51189,3.03068e-07,8.25884e-07,1.71594,4.2849,False,False,AFR.UKB_local.local,local,AFR,UKB_local,local,fluid_intelligence_score,fluid_intelligence_score,0.25527,0.17508,NA,NA,0.995831809296702,1.0937535817682087,2.625135312689759,2.625135312689759,row,1.9942300000000002,1.5821850454159707,False,False,False,UKB AFR
AFR,fluid_intelligence_score,FI,FI,behavior_cognitive,sumrhe,-1,31,Backgrd_Selection_Stat,Background selection,0.05823,0.04685,1.23356,1.495,4.29779e-07,2.38504e-06,0.315857,2.20417,False,False,AFR.UKB_local.local,local,AFR,UKB_local,local,fluid_intelligence_score,fluid_intelligence_score,0.25527,0.17508,NA,NA,0.3028278896122972,1.7484590016934731,0.1849212129500822,0.1849212129500822,row,1.2335600000000004,1.1593450101996166,False,False,False,UKB AFR
AFR,fluid_intelligence_score,FI,FI,behavior_cognitive,sumrhe,-1,32,CpG_Content_50kb,CpG content (50 kb),0.00238,0.00197,0.92953,0.41032,-2.62999e-06,0.000108137,-0.0526564,2.02588,False,False,AFR.UKB_local.local,local,AFR,UKB_local,local,fluid_intelligence_score,fluid_intelligence_score,0.25527,0.17508,NA,NA,-0.1054266669101279,0.6368451036303934,0.0100302964218395,0.0100302964218395,row,0.9295300000000049,0.9482494748274806,False,False,False,UKB AFR
AFR,fluid_intelligence_score,FI,FI,behavior_cognitive,sumrhe,-1,33,GTEx_eQTL_MaxCPP,GTEx eQTL MaxCPP,0.05858,0.06518,17.29092,25.15019,6.79265e-06,8.75546e-06,2.41213,3.77677,False,False,AFR.UKB_local.local,local,AFR,UKB_local,local,fluid_intelligence_score,fluid_intelligence_score,0.25527,0.17508,NA,NA,4.111942727553308,2.0984455650951594,0.013271850700614,0.013271850700614,row,17.290920000000042,4.193055736734913,False,False,False,UKB AFR
AFR,fluid_intelligence_score,FI,FI,behavior_cognitive,sumrhe,-1,34,BLUEPRINT_H3K27acQTL_MaxCPP,BLUEPRINT H3K27ac QTL,0.04226,0.07951,7.16632,14.34049,-8.92174e-07,7.17378e-06,-0.386697,3.21655,False,False,AFR.UKB_local.local,local,AFR,UKB_local,local,fluid_intelligence_score,fluid_intelligence_score,0.25527,0.17508,NA,NA,2.8412324661143136,2.88697041255732,0.0231011456015318,0.0231011456015318,row,7.166320000000012,3.029686101161862,False,False,False,UKB AFR
AFR,fluid_intelligence_score,FI,FI,behavior_cognitive,sumrhe,-1,35,BLUEPRINT_H3K4me1QTL_MaxCPP,BLUEPRINT H3K4me1 QTL,0.12011,0.05965,25.36196,24.79012,1.09068e-05,6.37517e-06,4.1919,4.31239,False,False,AFR.UKB_local.local,local,AFR,UKB_local,local,fluid_intelligence_score,fluid_intelligence_score,0.25527,0.17508,NA,NA,4.664594337723284,1.4101663746430604,0.0185522494596044,0.0185522494596044,row,25.36196000000003,4.7203857329556005,False,False,False,UKB AFR
AFR,fluid_intelligence_score,FI,FI,behavior_cognitive,sumrhe,-1,36,BLUEPRINT_DNA_methylation_MaxCPP,BLUEPRINT methylation QTL,0.23635,0.07545,21.4437,22.22501,1.01839e-05,4.45261e-06,6.02868,6.77242,False,False,AFR.UKB_local.local,local,AFR,UKB_local,local,fluid_intelligence_score,fluid_intelligence_score,0.25527,0.17508,NA,NA,4.422481951760708,1.4952602261133865,0.043177362070374,0.043177362070374,row,21.443700000000018,4.488238628749677,False,False,False,UKB AFR
AFR,fluid_intelligence_score,FI,FI,behavior_cognitive,sumrhe,-1,38,non_synonymous,Nonsynonymous,0.12235,0.08076,61.80381,89.16655,1.47239e-05,1.17156e-05,5.07012,7.35398,False,False,AFR.UKB_local.local,local,AFR,UKB_local,local,fluid_intelligence_score,fluid_intelligence_score,0.25527,0.17508,NA,NA,5.949623873125048,2.081427334304759,0.0077551275759484,0.0077551275759484,row,61.803810000000375,5.97278017791151,False,False,False,UKB AFR
AFR,fluid_intelligence_score,FI,FI,behavior_cognitive,sumrhe,-1,45,Ancient_Sequence_Age_Human_Promoter_w_flanking,Ancient promoter age,-0.0141,0.08405,-4.4051,27.32934,2.12658e-06,1.11387e-05,0.928978,5.38301,False,False,AFR.UKB_local.local,local,AFR,UKB_local,local,fluid_intelligence_score,fluid_intelligence_score,0.25527,0.17508,NA,NA,NA,-8.950512653235654,0.012539019059573,0.012539019059573,row,-4.405100000000032,-2.434321309573165,True,False,False,UKB AFR
AFR,hand_grip_strength,GRIP,GRIP,anthro_physical,sumrhe,-1,1,Coding_UCSC_w_flanking,Coding,-0.03914,0.10252,-4.38141,16.12262,3.3303e-07,1.55988e-06,1.23568,5.80875,False,False,AFR.UKB_local.local,local,AFR,UKB_local,local,hand_grip_strength,hand_grip_strength,0.08348,0.09905,NA,NA,NA,-5.308798747466506,0.1070100299959776,0.1070100299959776,row,-4.381410000000003,-2.4279842273341,True,False,False,UKB AFR
AFR,hand_grip_strength,GRIP,GRIP,anthro_physical,sumrhe,-1,2,Conserved_LindbladToh_w_flanking,Conserved (LindbladToh),0.09822,0.16218,2.59164,3.87136,-1.84315e-08,1.095e-06,-0.110145,6.76389,False,False,AFR.UKB_local.local,local,AFR,UKB_local,local,hand_grip_strength,hand_grip_strength,0.08348,0.09905,NA,NA,1.3738653299951318,2.1550801320769466,0.453986370846596,0.453986370846596,row,2.5916400000000004,1.844642752015918,False,False,False,UKB AFR
AFR,hand_grip_strength,GRIP,GRIP,anthro_physical,sumrhe,-1,6,DHS_Trynka_w_flanking,DHS + flank,0.0603,0.20572,1.1923,3.99697,7.69093e-08,1.09547e-06,0.451112,7.72963,False,False,AFR.UKB_local.local,local,AFR,UKB_local,local,hand_grip_strength,hand_grip_strength,0.08348,0.09905,NA,NA,0.2537472845058167,4.836374064901418,0.6058279807811673,0.6058279807811673,row,1.1923,1.1324452339269058,False,False,False,UKB AFR
AFR,hand_grip_strength,GRIP,GRIP,anthro_physical,sumrhe,-1,20,Promoter_UCSC_w_flanking,Promoter,-0.05817,0.06022,-10.06987,17.12028,-1.55622e-06,1.17359e-06,-4.74032,7.27581,False,False,AFR.UKB_local.local,local,AFR,UKB_local,local,hand_grip_strength,hand_grip_strength,0.08348,0.09905,NA,NA,NA,-2.452796615510479,0.0691978752506072,0.0691978752506072,row,-10.069870000000007,-3.468566374689162,True,False,False,UKB AFR
AFR,hand_grip_strength,GRIP,GRIP,anthro_physical,sumrhe,-1,29,GERP.NS,GERP.NS,-0.24102,0.47928,-1.09977,3.54714,-4.56519e-07,2.94597e-07,-7.9034,12.6186,False,False,AFR.UKB_local.local,local,AFR,UKB_local,local,hand_grip_strength,hand_grip_strength,0.08348,0.09905,NA,NA,NA,-4.653192292332832,2.62523855066285,2.62523855066285,row,-1.09977,-1.070231309781008,True,False,False,UKB AFR
AFR,hand_grip_strength,GRIP,GRIP,anthro_physical,sumrhe,-1,31,Backgrd_Selection_Stat,Background selection,-0.02164,0.02703,-1.4019,3.56418,-8.58548e-07,5.71247e-07,-1.92931,3.34729,False,False,AFR.UKB_local.local,local,AFR,UKB_local,local,hand_grip_strength,hand_grip_strength,0.08348,0.09905,NA,NA,NA,-3.6678970046619774,0.1849088852068893,0.1849088852068893,row,-1.4019,-1.264176087551755,True,False,False,UKB AFR
AFR,hand_grip_strength,GRIP,GRIP,anthro_physical,sumrhe,-1,32,CpG_Content_50kb,CpG content (50 kb),0.00103,0.00135,1.2323,1.28429,-3.24757e-05,5.0918e-05,-1.98815,4.89983,False,False,AFR.UKB_local.local,local,AFR,UKB_local,local,hand_grip_strength,hand_grip_strength,0.08348,0.09905,NA,NA,0.3013535188777639,1.5035614818333902,0.0100124033263575,0.0100124033263575,row,1.232300000000009,1.1585309247604216,False,False,False,UKB AFR
AFR,hand_grip_strength,GRIP,GRIP,anthro_physical,sumrhe,-1,33,GTEx_eQTL_MaxCPP,GTEx eQTL MaxCPP,0.00477,0.02992,4.30306,28.86794,4.96882e-07,3.86555e-06,0.53952,4.30795,False,False,AFR.UKB_local.local,local,AFR,UKB_local,local,hand_grip_strength,hand_grip_strength,0.08348,0.09905,NA,NA,2.1053629567396186,9.678608682816447,0.0132787910452358,0.0132787910452358,row,4.303060000000018,2.406825071543488,False,False,False,UKB AFR
AFR,hand_grip_strength,GRIP,GRIP,anthro_physical,sumrhe,-1,34,BLUEPRINT_H3K27acQTL_MaxCPP,BLUEPRINT H3K27ac QTL,0.01475,0.02903,7.65039,21.5573,9.00237e-07,2.85388e-06,1.19308,4.83829,False,False,AFR.UKB_local.local,local,AFR,UKB_local,local,hand_grip_strength,hand_grip_strength,0.08348,0.09905,NA,NA,2.935533295089518,4.065231943071615,0.0230954274634274,0.0230954274634274,row,7.650390000000028,3.1127651776490532,False,False,False,UKB AFR
AFR,hand_grip_strength,GRIP,GRIP,anthro_physical,sumrhe,-1,35,BLUEPRINT_H3K4me1QTL_MaxCPP,BLUEPRINT H3K4me1 QTL,-0.03601,0.0252,-23.25286,42.55018,-5.75295e-06,3.15828e-06,-6.76077,11.69,False,False,AFR.UKB_local.local,local,AFR,UKB_local,local,hand_grip_strength,hand_grip_strength,0.08348,0.09905,NA,NA,NA,-2.639973477453214,0.0185508709459064,0.0185508709459064,row,-23.252860000000027,-4.600082980930359,True,False,False,UKB AFR
AFR,hand_grip_strength,GRIP,GRIP,anthro_physical,sumrhe,-1,36,BLUEPRINT_DNA_methylation_MaxCPP,BLUEPRINT methylation QTL,0.12127,0.04163,33.64252,55.62874,5.9511e-06,2.5279e-06,10.7721,18.3616,False,False,AFR.UKB_local.local,local,AFR,UKB_local,local,hand_grip_strength,hand_grip_strength,0.08348,0.09905,NA,NA,5.07221386990186,2.385531979438565,0.043179978117921,0.043179978117921,row,33.64252000000002,5.114471974699922,False,False,False,UKB AFR
AFR,hand_grip_strength,GRIP,GRIP,anthro_physical,sumrhe,-1,38,non_synonymous,Nonsynonymous,0.02302,0.03514,35.54826,86.07677,5.31189e-06,4.61572e-06,5.59292,10.1446,False,False,AFR.UKB_local.local,local,AFR,UKB_local,local,hand_grip_strength,hand_grip_strength,0.08348,0.09905,NA,NA,5.151707040082084,3.493350426005096,0.007757191822544,0.007757191822544,row,35.548260000000425,5.19173081846248,False,False,False,UKB AFR
AFR,hand_grip_strength,GRIP,GRIP,anthro_physical,sumrhe,-1,45,Ancient_Sequence_Age_Human_Promoter_w_flanking,Ancient promoter age,-0.01402,0.03337,-13.38776,40.12178,-6.20396e-06,4.90754e-06,-8.28678,13.2492,False,False,AFR.UKB_local.local,local,AFR,UKB_local,local,hand_grip_strength,hand_grip_strength,0.08348,0.09905,NA,NA,NA,-4.323612989599305,0.0125446241809405,0.0125446241809405,row,-13.387760000000055,-3.8467700943010965,True,False,False,UKB AFR
AFR,haemoglobin_concentration,Hb,Hb,hematology,sumrhe,-1,1,Coding_UCSC_w_flanking,Coding,-0.01951,0.07795,-0.66004,3.02469,-1.02196e-06,1.5077e-06,-1.14607,1.72954,False,False,AFR.UKB_local.local,local,AFR,UKB_local,local,haemoglobin_concentration,haemoglobin_concentration,0.27621,0.13926,NA,NA,NA,-6.611273957982,0.1070157293989932,0.1070157293989932,row,-0.6600400000000002,-0.7312180048892918,True,False,False,UKB AFR
AFR,haemoglobin_concentration,Hb,Hb,hematology,sumrhe,-1,2,Conserved_LindbladToh_w_flanking,Conserved (LindbladToh),0.00652,0.15157,0.05199,1.20092,-1.55723e-06,9.99838e-07,-2.81263,2.64324,False,False,AFR.UKB_local.local,local,AFR,UKB_local,local,haemoglobin_concentration,haemoglobin_concentration,0.27621,0.13926,NA,NA,-4.265622034555486,33.324895720414965,0.4540340047375105,0.4540340047375105,row,0.05199000000000001,0.07312099073384791,False,False,False,UKB AFR
AFR,haemoglobin_concentration,Hb,Hb,hematology,sumrhe,-1,6,DHS_Trynka_w_flanking,DHS + flank,0.19,0.21329,1.13548,1.41794,-4.63101e-07,1.47707e-06,-0.820984,2.35126,False,False,AFR.UKB_local.local,local,AFR,UKB_local,local,haemoglobin_concentration,haemoglobin_concentration,0.27621,0.13926,NA,NA,0.1833022950761278,1.801577312042569,0.60580759530112,0.60580759530112,row,1.13548,1.0945603863734363,False,False,False,UKB AFR
AFR,haemoglobin_concentration,Hb,Hb,hematology,sumrhe,-1,20,Promoter_UCSC_w_flanking,Promoter,-0.0012,0.08549,-0.06278,4.29376,-8.8391e-07,1.89586e-06,-0.813762,1.48912,False,False,AFR.UKB_local.local,local,AFR,UKB_local,local,haemoglobin_concentration,haemoglobin_concentration,0.27621,0.13926,NA,NA,NA,-98.67133257036308,0.0692023012671668,0.0692023012671668,row,-0.06277999999999999,-0.08784298373865736,True,False,False,UKB AFR
AFR,haemoglobin_concentration,Hb,Hb,hematology,sumrhe,-1,29,GERP.NS,GERP.NS,0.90339,0.59244,1.24586,0.55877,3.44651e-07,3.47816e-07,1.80338,1.64052,False,False,AFR.UKB_local.local,local,AFR,UKB_local,local,haemoglobin_concentration,haemoglobin_concentration,0.27621,0.13926,NA,NA,0.3171419586880671,0.647050798643127,2.625225647747207,2.625225647747207,row,1.24586,1.1672679973730131,False,False,False,UKB AFR
AFR,haemoglobin_concentration,Hb,Hb,hematology,sumrhe,-1,31,Backgrd_Selection_Stat,Background selection,0.01464,0.0234,0.28657,0.41333,-4.76639e-07,7.3161e-07,-0.323729,0.449478,False,False,AFR.UKB_local.local,local,AFR,UKB_local,local,haemoglobin_concentration,haemoglobin_concentration,0.27621,0.13926,NA,NA,-1.8030405080249423,2.080849849079231,0.1849570777727721,0.1849570777727721,row,0.28657000000000016,0.36352995369472546,False,False,False,UKB AFR
AFR,haemoglobin_concentration,Hb,Hb,hematology,sumrhe,-1,32,CpG_Content_50kb,CpG content (50 kb),0.00329,0.00223,1.18957,0.41177,8.844e-05,6.80108e-05,1.63642,1.11046,False,False,AFR.UKB_local.local,local,AFR,UKB_local,local,haemoglobin_concentration,haemoglobin_concentration,0.27621,0.13926,NA,NA,0.2504401693515098,0.4993893062088389,0.0100130525862205,0.0100130525862205,row,1.1895700000000085,1.130647573124004,False,False,False,UKB AFR
AFR,haemoglobin_concentration,Hb,Hb,hematology,sumrhe,-1,33,GTEx_eQTL_MaxCPP,GTEx eQTL MaxCPP,0.01463,0.02786,3.99083,7.61196,1.45678e-06,3.73189e-06,0.47808,1.16178,False,False,AFR.UKB_local.local,local,AFR,UKB_local,local,haemoglobin_concentration,haemoglobin_concentration,0.27621,0.13926,NA,NA,1.9966888247322745,2.7517426057850507,0.0132721627932193,0.0132721627932193,row,3.9908300000000256,2.319279762918965,False,False,False,UKB AFR
AFR,haemoglobin_concentration,Hb,Hb,hematology,sumrhe,-1,34,BLUEPRINT_H3K27acQTL_MaxCPP,BLUEPRINT H3K27ac QTL,0.01863,0.03409,2.91987,5.14997,3.38115e-06,3.38687e-06,1.35435,1.36245,False,False,AFR.UKB_local.local,local,AFR,UKB_local,local,haemoglobin_concentration,haemoglobin_concentration,0.27621,0.13926,NA,NA,1.545904138101744,2.5445777311068416,0.0230998915540439,0.0230998915540439,row,2.91987,1.9708058090687295,False,False,False,UKB AFR
AFR,haemoglobin_concentration,Hb,Hb,hematology,sumrhe,-1,35,BLUEPRINT_H3K4me1QTL_MaxCPP,BLUEPRINT H3K4me1 QTL,-0.09001,0.03111,-17.56507,10.68262,-1.11415e-05,4.12012e-06,-3.95733,2.18858,False,False,AFR.UKB_local.local,local,AFR,UKB_local,local,haemoglobin_concentration,haemoglobin_concentration,0.27621,0.13926,NA,NA,NA,-0.8774097056089877,0.0185524589343358,0.0185524589343358,row,-17.56507000000004,-4.214518849803287,True,False,False,UKB AFR
AFR,haemoglobin_concentration,Hb,Hb,hematology,sumrhe,-1,36,BLUEPRINT_DNA_methylation_MaxCPP,BLUEPRINT methylation QTL,0.00632,0.05286,0.52965,4.52918,1.96572e-07,2.33903e-06,0.107542,1.23225,False,False,AFR.UKB_local.local,local,AFR,UKB_local,local,haemoglobin_concentration,haemoglobin_concentration,0.27621,0.13926,NA,NA,-0.916888773068693,12.336874398741578,0.0432004930816785,0.0432004930816785,row,0.5296500000000008,0.6132015868865102,False,False,False,UKB AFR
AFR,haemoglobin_concentration,Hb,Hb,hematology,sumrhe,-1,38,non_synonymous,Nonsynonymous,0.01412,0.0413,6.59218,16.86321,2.16828e-06,6.33685e-06,0.690014,1.58875,False,False,AFR.UKB_local.local,local,AFR,UKB_local,local,haemoglobin_concentration,haemoglobin_concentration,0.27621,0.13926,NA,NA,2.720755635961964,3.6905044219771272,0.0077547221463618,0.0077547221463618,row,6.592180000000061,2.9245141970519937,False,False,False,UKB AFR
AFR,haemoglobin_concentration,Hb,Hb,hematology,sumrhe,-1,45,Ancient_Sequence_Age_Human_Promoter_w_flanking,Ancient promoter age,-0.0099,0.03264,-2.85673,9.56475,-4.53738e-06,5.59691e-06,-1.83179,2.44206,False,False,AFR.UKB_local.local,local,AFR,UKB_local,local,haemoglobin_concentration,haemoglobin_concentration,0.27621,0.13926,NA,NA,NA,-4.830354073483568,0.0125466158533743,0.0125466158533743,row,-2.8567300000000055,-1.9473781500383258,True,False,False,UKB AFR
AFR,igf_1,IGF-1,IGF-1,biochem_endocrine,sumrhe,-1,1,Coding_UCSC_w_flanking,Coding,0.01855,0.07545,0.85174,3.47048,-1.82602e-06,1.6713e-06,-2.77879,2.05295,False,False,AFR.UKB_local.local,local,AFR,UKB_local,local,igf_1,igf_1,0.20355,0.08028,NA,NA,-0.2315149906756314,5.878371669176427,0.1069955619106112,0.1069955619106112,row,0.8517400000000006,0.8888815461990898,False,False,False,UKB AFR
AFR,igf_1,IGF-1,IGF-1,biochem_endocrine,sumrhe,-1,2,Conserved_LindbladToh_w_flanking,Conserved (LindbladToh),0.26033,0.17893,2.81715,1.79701,1.51255e-06,1.1695e-06,3.70717,3.16848,False,False,AFR.UKB_local.local,local,AFR,UKB_local,local,igf_1,igf_1,0.20355,0.08028,NA,NA,1.494236382489832,0.9202695686874596,0.4539867104210245,0.4539867104210245,row,2.81715,1.9324958802930914,False,False,False,UKB AFR
AFR,igf_1,IGF-1,IGF-1,biochem_endocrine,sumrhe,-1,6,DHS_Trynka_w_flanking,DHS + flank,0.2901,0.15723,2.35261,1.63828,2.43707e-06,1.54086e-06,5.86274,4.52832,False,False,AFR.UKB_local.local,local,AFR,UKB_local,local,igf_1,igf_1,0.20355,0.08028,NA,NA,1.2342621800183766,1.0046452372418595,0.6057963933294651,0.6057963933294651,row,2.35261,1.745284668103212,False,False,False,UKB AFR
AFR,igf_1,IGF-1,IGF-1,biochem_endocrine,sumrhe,-1,20,Promoter_UCSC_w_flanking,Promoter,0.09315,0.08483,6.61417,6.24812,9.05675e-08,1.57331e-06,0.113145,2.00682,False,False,AFR.UKB_local.local,local,AFR,UKB_local,local,igf_1,igf_1,0.20355,0.08028,NA,NA,2.7255601267212053,1.3628515352461683,0.0691888957562427,0.0691888957562427,row,6.6141700000000005,2.9286867810137838,False,False,False,UKB AFR
AFR,igf_1,IGF-1,IGF-1,biochem_endocrine,sumrhe,-1,29,GERP.NS,GERP.NS,0.83421,0.48688,1.56116,0.68084,2.0693e-07,2.71319e-07,1.46929,1.80645,False,False,AFR.UKB_local.local,local,AFR,UKB_local,local,igf_1,igf_1,0.20355,0.08028,NA,NA,0.6426184036690801,0.629176056034514,2.62516659711097,2.62516659711097,row,1.56116,1.3567973833516969,False,False,False,UKB AFR
AFR,igf_1,IGF-1,IGF-1,biochem_endocrine,sumrhe,-1,31,Backgrd_Selection_Stat,Background selection,0.05074,0.02094,1.34798,0.36825,5.1332e-07,6.04009e-07,0.473102,0.605412,False,False,AFR.UKB_local.local,local,AFR,UKB_local,local,igf_1,igf_1,0.20355,0.08028,NA,NA,0.4307990913900461,0.3941248748552359,0.1849251193035806,0.1849251193035806,row,1.34798,1.2314201196814805,False,False,False,UKB AFR
AFR,igf_1,IGF-1,IGF-1,biochem_endocrine,sumrhe,-1,32,CpG_Content_50kb,CpG content (50 kb),0.00434,0.00142,2.12791,0.48143,0.000168668,5.24834e-05,4.235,1.53725,False,False,AFR.UKB_local.local,local,AFR,UKB_local,local,igf_1,igf_1,0.20355,0.08028,NA,NA,1.0894371333111477,0.3264032189026668,0.010019945683098,0.010019945683098,row,2.1279100000000177,1.645199002280294,False,False,False,UKB AFR
AFR,igf_1,IGF-1,IGF-1,biochem_endocrine,sumrhe,-1,33,GTEx_eQTL_MaxCPP,GTEx eQTL MaxCPP,-0.02645,0.03396,-9.79064,13.82327,-4.11648e-06,4.53823e-06,-1.83319,2.1338,False,False,AFR.UKB_local.local,local,AFR,UKB_local,local,igf_1,igf_1,0.20355,0.08028,NA,NA,NA,-2.0369212919552946,0.0132722174265276,0.0132722174265276,row,-9.790640000000042,-3.43170852944862,True,False,False,UKB AFR
AFR,igf_1,IGF-1,IGF-1,biochem_endocrine,sumrhe,-1,34,BLUEPRINT_H3K27acQTL_MaxCPP,BLUEPRINT H3K27ac QTL,-0.02552,0.04054,-5.42663,10.37877,-1.89081e-06,3.95813e-06,-1.02776,2.35782,False,False,AFR.UKB_local.local,local,AFR,UKB_local,local,igf_1,igf_1,0.20355,0.08028,NA,NA,NA,-2.7592446895268603,0.0231035837776254,0.0231035837776254,row,-5.426630000000014,-2.6840624145666974,True,False,False,UKB AFR
AFR,igf_1,IGF-1,IGF-1,biochem_endocrine,sumrhe,-1,35,BLUEPRINT_H3K4me1QTL_MaxCPP,BLUEPRINT H3K4me1 QTL,-0.01939,0.02786,-5.13453,7.56538,-1.04375e-06,3.47002e-06,-0.50307,1.58028,False,False,AFR.UKB_local.local,local,AFR,UKB_local,local,igf_1,igf_1,0.20355,0.08028,NA,NA,NA,-2.125712812748304,0.0185526523529853,0.0185526523529853,row,-5.134530000000019,-2.616952815339895,True,False,False,UKB AFR
AFR,igf_1,IGF-1,IGF-1,biochem_endocrine,sumrhe,-1,36,BLUEPRINT_DNA_methylation_MaxCPP,BLUEPRINT methylation QTL,-0.07296,0.04945,-8.30154,6.25641,-4.32166e-06,2.54265e-06,-3.20835,1.89654,False,False,AFR.UKB_local.local,local,AFR,UKB_local,local,igf_1,igf_1,0.20355,0.08028,NA,NA,NA,-1.0872791892550202,0.0431772575073298,0.0431772575073298,row,-8.301540000000001,-3.217469594331626,True,False,False,UKB AFR
AFR,igf_1,IGF-1,IGF-1,biochem_endocrine,sumrhe,-1,38,non_synonymous,Nonsynonymous,0.07083,0.04226,44.86725,30.41931,8.6194e-06,6.57111e-06,3.72216,2.8861,False,False,AFR.UKB_local.local,local,AFR,UKB_local,local,igf_1,igf_1,0.20355,0.08028,NA,NA,5.487590856059073,0.9781251956441293,0.0077556228851037,0.0077556228851037,row,44.867250000000496,5.519392507206001,False,False,False,UKB AFR
AFR,igf_1,IGF-1,IGF-1,biochem_endocrine,sumrhe,-1,45,Ancient_Sequence_Age_Human_Promoter_w_flanking,Ancient promoter age,0.05532,0.0647,21.66842,24.50199,2.07114e-06,6.82798e-06,1.13463,3.51617,False,False,AFR.UKB_local.local,local,AFR,UKB_local,local,igf_1,igf_1,0.20355,0.08028,NA,NA,4.437522054905547,1.6313556532922553,0.0125424916269192,0.0125424916269192,row,21.668420000000147,4.5026119329178815,False,False,False,UKB AFR
AFR,neuroticism_score,NEURO,NEURO,behavior_cognitive,sumrhe,-1,1,Coding_UCSC_w_flanking,Coding,-0.16868,0.13196,-3.94825,3.24694,-3.77699e-06,2.92391e-06,-2.93049,2.14683,False,False,AFR.UKB_local.local,local,AFR,UKB_local,local,neuroticism_score,neuroticism_score,0.39923,0.16461,NA,NA,NA,-1.18643556919243,0.107012812809723,0.107012812809723,row,-3.94825,-2.306918391310427,True,False,False,UKB AFR
AFR,neuroticism_score,NEURO,NEURO,behavior_cognitive,sumrhe,-1,2,Conserved_LindbladToh_w_flanking,Conserved (LindbladToh),-0.10589,0.21954,-0.58423,1.41866,-2.28169e-06,2.10616e-06,-2.85124,2.90328,False,False,AFR.UKB_local.local,local,AFR,UKB_local,local,neuroticism_score,neuroticism_score,0.39923,0.16461,NA,NA,NA,-3.503232882097011,0.4539917130044512,0.4539917130044512,row,-0.58423,-0.6637818024448453,True,False,False,UKB AFR
AFR,neuroticism_score,NEURO,NEURO,behavior_cognitive,sumrhe,-1,6,DHS_Trynka_w_flanking,DHS + flank,0.21751,0.21994,0.89935,0.87254,9.98492e-07,2.00134e-06,1.22468,2.50967,False,False,AFR.UKB_local.local,local,AFR,UKB_local,local,neuroticism_score,neuroticism_score,0.39923,0.16461,NA,NA,-0.1530454163031583,1.399687697756442,0.6057972822456678,0.6057972822456678,row,0.89935,0.9255057805467075,False,False,False,UKB AFR
AFR,neuroticism_score,NEURO,NEURO,behavior_cognitive,sumrhe,-1,20,Promoter_UCSC_w_flanking,Promoter,0.01331,0.13826,0.48196,5.11881,6.21309e-07,2.40267e-06,0.395745,1.49474,False,False,AFR.UKB_local.local,local,AFR,UKB_local,local,neuroticism_score,neuroticism_score,0.39923,0.16461,NA,NA,-1.0530146791298072,15.32260312526524,0.069174159510107,0.069174159510107,row,0.48196000000000006,0.5675065079808369,False,False,False,UKB AFR
AFR,neuroticism_score,NEURO,NEURO,behavior_cognitive,sumrhe,-1,29,GERP.NS,GERP.NS,0.11334,0.71168,0.10814,0.69392,-2.09293e-07,4.28596e-07,-0.757673,1.50985,False,False,AFR.UKB_local.local,local,AFR,UKB_local,local,neuroticism_score,neuroticism_score,0.39923,0.16461,NA,NA,-3.209027833354813,9.257582233897445,2.6252681779542324,2.6252681779542324,row,0.10813999999999999,0.14814015985867168,False,False,False,UKB AFR
AFR,neuroticism_score,NEURO,NEURO,behavior_cognitive,sumrhe,-1,31,Backgrd_Selection_Stat,Background selection,0.05656,0.0428,0.76609,0.41569,1.60909e-07,1.10343e-06,0.0756117,0.483182,False,False,AFR.UKB_local.local,local,AFR,UKB_local,local,neuroticism_score,neuroticism_score,0.39923,0.16461,NA,NA,-0.3844142054441126,0.7828243438070374,0.184929603553072,0.184929603553072,row,0.7660900000000004,0.8205588646427969,False,False,False,UKB AFR
AFR,neuroticism_score,NEURO,NEURO,behavior_cognitive,sumrhe,-1,32,CpG_Content_50kb,CpG content (50 kb),0.00484,0.00174,1.20866,0.29563,4.88533e-05,6.15972e-05,0.625399,0.862709,False,False,AFR.UKB_local.local,local,AFR,UKB_local,local,neuroticism_score,neuroticism_score,0.39923,0.16461,NA,NA,0.2734084668373646,0.3528733762497346,0.0100303951686514,0.0100303951686514,row,1.2086600000000043,1.1431713480427237,False,False,False,UKB AFR
AFR,neuroticism_score,NEURO,NEURO,behavior_cognitive,sumrhe,-1,33,GTEx_eQTL_MaxCPP,GTEx eQTL MaxCPP,-0.02232,0.03877,-4.21312,7.96562,-3.76925e-06,4.90827e-06,-0.855817,1.20091,False,False,AFR.UKB_local.local,local,AFR,UKB_local,local,neuroticism_score,neuroticism_score,0.39923,0.16461,NA,NA,NA,-2.727660373216511,0.013269886016226,0.013269886016226,row,-4.213120000000025,-2.3821470694893403,True,False,False,UKB AFR
AFR,neuroticism_score,NEURO,NEURO,behavior_cognitive,sumrhe,-1,34,BLUEPRINT_H3K27acQTL_MaxCPP,BLUEPRINT H3K27ac QTL,0.06315,0.05433,6.84762,6.4019,4.34532e-06,5.41161e-06,1.20423,1.52149,False,False,AFR.UKB_local.local,local,AFR,UKB_local,local,neuroticism_score,neuroticism_score,0.39923,0.16461,NA,NA,2.7756026434261574,1.3487882479265871,0.0230999231161911,0.0230999231161911,row,6.847620000000027,2.9722551846014396,False,False,False,UKB AFR
AFR,neuroticism_score,NEURO,NEURO,behavior_cognitive,sumrhe,-1,35,BLUEPRINT_H3K4me1QTL_MaxCPP,BLUEPRINT H3K4me1 QTL,0.02513,0.04099,3.39229,5.42067,7.58665e-07,5.08016e-06,0.186435,1.13528,False,False,AFR.UKB_local.local,local,AFR,UKB_local,local,neuroticism_score,neuroticism_score,0.39923,0.16461,NA,NA,1.7622595082495944,2.30533761184792,0.0185556574997734,0.0185556574997734,row,3.392290000000001,2.134973311116741,False,False,False,UKB AFR
AFR,neuroticism_score,NEURO,NEURO,behavior_cognitive,sumrhe,-1,36,BLUEPRINT_DNA_methylation_MaxCPP,BLUEPRINT methylation QTL,0.03023,0.0581,1.7537,3.54606,-2.5259e-07,2.8684e-06,-0.0956071,1.05115,False,False,AFR.UKB_local.local,local,AFR,UKB_local,local,neuroticism_score,neuroticism_score,0.39923,0.16461,NA,NA,0.8104019715399103,2.91719403358312,0.0431777170940014,0.0431777170940014,row,1.753700000000004,1.461371394590008,False,False,False,UKB AFR
AFR,neuroticism_score,NEURO,NEURO,behavior_cognitive,sumrhe,-1,38,non_synonymous,Nonsynonymous,-0.01153,0.03261,-3.7237,11.52129,4.96504e-07,5.59996e-06,0.109316,1.19969,False,False,AFR.UKB_local.local,local,AFR,UKB_local,local,neuroticism_score,neuroticism_score,0.39923,0.16461,NA,NA,NA,-4.463761298612565,0.0077558866572643,0.0077558866572643,row,-3.7237000000000404,-2.239917342750385,True,False,False,UKB AFR
AFR,neuroticism_score,NEURO,NEURO,behavior_cognitive,sumrhe,-1,45,Ancient_Sequence_Age_Human_Promoter_w_flanking,Ancient promoter age,0.03841,0.0419,7.67207,8.47529,1.04761e-05,6.94543e-06,2.92611,1.91345,False,False,AFR.UKB_local.local,local,AFR,UKB_local,local,neuroticism_score,neuroticism_score,0.39923,0.16461,NA,NA,2.9396158835719133,1.5937366125564316,0.0125403189287818,0.0125403189287818,row,7.672070000000049,3.116376402015279,False,False,False,UKB AFR
AFR,sleep_duration,SLP,SLP,behavior_cognitive,sumrhe,-1,1,Coding_UCSC_w_flanking,Coding,-0.11376,0.07517,NA,NA,4.68502e-07,1.68437e-06,-1.26693,4.46083,False,False,AFR.UKB_local.local,local,AFR,UKB_local,local,sleep_duration,sleep_duration,-0.11455,0.08921,NA,NA,NA,NA,NA,0.1070118794931443,dataset_kind+pop+source+source_group+annotation,NA,NA,False,True,True,UKB AFR
AFR,sleep_duration,SLP,SLP,behavior_cognitive,sumrhe,-1,2,Conserved_LindbladToh_w_flanking,Conserved (LindbladToh),-0.083,0.15863,NA,NA,-1.73829e-09,1.16862e-06,0.0075709,5.24422,False,False,AFR.UKB_local.local,local,AFR,UKB_local,local,sleep_duration,sleep_duration,-0.11455,0.08921,NA,NA,NA,NA,NA,0.4539855740034122,dataset_kind+pop+source+source_group+annotation,NA,NA,False,True,True,UKB AFR
AFR,sleep_duration,SLP,SLP,behavior_cognitive,sumrhe,-1,6,DHS_Trynka_w_flanking,DHS + flank,-0.11416,0.19044,NA,NA,-5.76396e-08,1.13176e-06,0.246403,4.5376,False,False,AFR.UKB_local.local,local,AFR,UKB_local,local,sleep_duration,sleep_duration,-0.11455,0.08921,NA,NA,NA,NA,NA,0.6057972822456678,dataset_kind+pop+source+source_group+annotation,NA,NA,False,True,True,UKB AFR
AFR,sleep_duration,SLP,SLP,behavior_cognitive,sumrhe,-1,20,Promoter_UCSC_w_flanking,Promoter,-0.07259,0.0737,NA,NA,2.01408e-07,1.39707e-06,-0.447129,3.04372,False,False,AFR.UKB_local.local,local,AFR,UKB_local,local,sleep_duration,sleep_duration,-0.11455,0.08921,NA,NA,NA,NA,NA,0.0691912228852831,dataset_kind+pop+source+source_group+annotation,NA,NA,False,True,True,UKB AFR
AFR,sleep_duration,SLP,SLP,behavior_cognitive,sumrhe,-1,29,GERP.NS,GERP.NS,-0.65332,0.33067,NA,NA,-1.47679e-07,3.14589e-07,1.86335,4.50314,False,False,AFR.UKB_local.local,local,AFR,UKB_local,local,sleep_duration,sleep_duration,-0.11455,0.08921,NA,NA,NA,NA,NA,2.625186378549905,dataset_kind+pop+source+source_group+annotation,NA,NA,False,True,True,UKB AFR
AFR,sleep_duration,SLP,SLP,behavior_cognitive,sumrhe,-1,31,Backgrd_Selection_Stat,Background selection,-0.04393,0.01528,NA,NA,3.72829e-07,5.72642e-07,-0.610616,0.960252,False,False,AFR.UKB_local.local,local,AFR,UKB_local,local,sleep_duration,sleep_duration,-0.11455,0.08921,NA,NA,NA,NA,NA,0.1849190576852553,dataset_kind+pop+source+source_group+annotation,NA,NA,False,True,True,UKB AFR
AFR,sleep_duration,SLP,SLP,behavior_cognitive,sumrhe,-1,32,CpG_Content_50kb,CpG content (50 kb),-0.00057,0.00112,NA,NA,1.74227e-05,3.73173e-05,-0.777366,1.67219,False,False,AFR.UKB_local.local,local,AFR,UKB_local,local,sleep_duration,sleep_duration,-0.11455,0.08921,NA,NA,NA,NA,NA,0.0100268988645422,dataset_kind+pop+source+source_group+annotation,NA,NA,False,True,True,UKB AFR
AFR,sleep_duration,SLP,SLP,behavior_cognitive,sumrhe,-1,33,GTEx_eQTL_MaxCPP,GTEx eQTL MaxCPP,0.00246,0.03804,NA,NA,6.41197e-07,5.14123e-06,-0.507418,4.31865,False,False,AFR.UKB_local.local,local,AFR,UKB_local,local,sleep_duration,sleep_duration,-0.11455,0.08921,NA,NA,NA,NA,NA,0.013271850700614,dataset_kind+pop+source+source_group+annotation,NA,NA,False,True,True,UKB AFR
AFR,sleep_duration,SLP,SLP,behavior_cognitive,sumrhe,-1,34,BLUEPRINT_H3K27acQTL_MaxCPP,BLUEPRINT H3K27ac QTL,0.04354,0.03714,NA,NA,3.57898e-06,3.78176e-06,-3.45696,4.53528,False,False,AFR.UKB_local.local,local,AFR,UKB_local,local,sleep_duration,sleep_duration,-0.11455,0.08921,NA,NA,NA,NA,NA,0.0231000358454644,dataset_kind+pop+source+source_group+annotation,NA,NA,False,True,True,UKB AFR
AFR,sleep_duration,SLP,SLP,behavior_cognitive,sumrhe,-1,35,BLUEPRINT_H3K4me1QTL_MaxCPP,BLUEPRINT H3K4me1 QTL,0.00385,0.0391,NA,NA,-1.0291e-06,4.60654e-06,0.881419,3.79257,False,False,AFR.UKB_local.local,local,AFR,UKB_local,local,sleep_duration,sleep_duration,-0.11455,0.08921,NA,NA,NA,NA,NA,0.0185521413850718,dataset_kind+pop+source+source_group+annotation,NA,NA,False,True,True,UKB AFR
AFR,sleep_duration,SLP,SLP,behavior_cognitive,sumrhe,-1,36,BLUEPRINT_DNA_methylation_MaxCPP,BLUEPRINT methylation QTL,0.03917,0.05423,NA,NA,1.33332e-06,2.6429e-06,-1.75896,3.95603,False,False,AFR.UKB_local.local,local,AFR,UKB_local,local,sleep_duration,sleep_duration,-0.11455,0.08921,NA,NA,NA,NA,NA,0.0431784974029914,dataset_kind+pop+source+source_group+annotation,NA,NA,False,True,True,UKB AFR
AFR,sleep_duration,SLP,SLP,behavior_cognitive,sumrhe,-1,38,non_synonymous,Nonsynonymous,-0.0107,0.03214,NA,NA,1.62435e-07,4.60855e-06,-0.124649,3.50758,False,False,AFR.UKB_local.local,local,AFR,UKB_local,local,sleep_duration,sleep_duration,-0.11455,0.08921,NA,NA,NA,NA,NA,0.0077553156009756,dataset_kind+pop+source+source_group+annotation,NA,NA,False,True,True,UKB AFR
AFR,sleep_duration,SLP,SLP,behavior_cognitive,sumrhe,-1,45,Ancient_Sequence_Age_Human_Promoter_w_flanking,Ancient promoter age,-0.02239,0.03522,NA,NA,5.92218e-06,4.65509e-06,-5.76526,6.93197,False,False,AFR.UKB_local.local,local,AFR,UKB_local,local,sleep_duration,sleep_duration,-0.11455,0.08921,NA,NA,NA,NA,NA,0.0125418728637029,dataset_kind+pop+source+source_group+annotation,NA,NA,False,True,True,UKB AFR
AFR,vitamin_d,ViTD,ViTD,biochem_mineral,sumrhe,-1,1,Coding_UCSC_w_flanking,Coding,0.28219,0.10068,12.10278,5.96832,2.75968e-06,1.32753e-06,3.92332,2.32896,False,False,AFR.UKB_local.local,local,AFR,UKB_local,local,vitamin_d,vitamin_d,0.21788,0.11027,NA,NA,3.5972665664824235,0.7114452767412462,0.107013634450659,0.107013634450659,row,12.10278,3.711801033880002,False,False,False,UKB AFR
AFR,vitamin_d,ViTD,ViTD,biochem_mineral,sumrhe,-1,2,Conserved_LindbladToh_w_flanking,Conserved (LindbladToh),0.15382,0.17277,1.5551,1.8757,-8.06134e-07,1.14107e-06,-1.8458,2.88573,False,False,AFR.UKB_local.local,local,AFR,UKB_local,local,vitamin_d,vitamin_d,0.21788,0.11027,NA,NA,0.6370073551889305,1.7401215923062363,0.4539804165916969,0.4539804165916969,row,1.5551,1.3533797556172547,False,False,False,UKB AFR
AFR,vitamin_d,ViTD,ViTD,biochem_mineral,sumrhe,-1,6,DHS_Trynka_w_flanking,DHS + flank,-0.03053,0.23042,-0.23131,1.8084,5.64866e-07,1.56668e-06,1.26947,3.35001,False,False,AFR.UKB_local.local,local,AFR,UKB_local,local,vitamin_d,vitamin_d,0.21788,0.11027,NA,NA,NA,-11.279104716370249,0.6057801369943308,0.6057801369943308,row,-0.23131,-0.3001940267768548,True,False,False,UKB AFR
AFR,vitamin_d,ViTD,ViTD,biochem_mineral,sumrhe,-1,20,Promoter_UCSC_w_flanking,Promoter,0.00781,0.07133,0.51797,4.67084,-2.79864e-07,1.50062e-06,-0.32663,1.71508,False,False,AFR.UKB_local.local,local,AFR,UKB_local,local,vitamin_d,vitamin_d,0.21788,0.11027,NA,NA,-0.949059553161984,13.009629331401056,0.0692036594724999,0.0692036594724999,row,0.5179700000000006,0.6021432787119378,False,False,False,UKB AFR
AFR,vitamin_d,ViTD,ViTD,biochem_mineral,sumrhe,-1,29,GERP.NS,GERP.NS,1.1733,0.63733,2.05127,0.80514,2.49094e-07,4.06014e-07,1.65231,2.12093,False,False,AFR.UKB_local.local,local,AFR,UKB_local,local,vitamin_d,vitamin_d,0.21788,0.11027,NA,NA,1.0365174001668511,0.5662694258782803,2.625239170296832,2.625239170296832,row,2.05127,1.6094098463952056,False,False,False,UKB AFR
AFR,vitamin_d,ViTD,ViTD,biochem_mineral,sumrhe,-1,31,Backgrd_Selection_Stat,Background selection,0.06275,0.02577,1.55747,0.62529,-7.43594e-07,8.64969e-07,-0.640245,0.73345,False,False,AFR.UKB_local.local,local,AFR,UKB_local,local,vitamin_d,vitamin_d,0.21788,0.11027,NA,NA,0.6392043743131217,0.5792103745930643,0.1849169295216862,0.1849169295216862,row,1.5574700000000004,1.3547173167623636,False,False,False,UKB AFR
AFR,vitamin_d,ViTD,ViTD,biochem_mineral,sumrhe,-1,32,CpG_Content_50kb,CpG content (50 kb),0.00302,0.00171,1.38195,0.31605,3.63894e-05,5.24263e-05,0.853569,1.07034,False,False,AFR.UKB_local.local,local,AFR,UKB_local,local,vitamin_d,vitamin_d,0.21788,0.11027,NA,NA,0.4667054188687375,0.3299423044776995,0.0100299148520674,0.0100299148520674,row,1.3819500000000033,1.2521431296129706,False,False,False,UKB AFR
AFR,vitamin_d,ViTD,ViTD,biochem_mineral,sumrhe,-1,33,GTEx_eQTL_MaxCPP,GTEx eQTL MaxCPP,0.00425,0.03448,1.46977,12.63955,-2.45012e-07,4.59865e-06,-0.101933,1.91034,False,False,AFR.UKB_local.local,local,AFR,UKB_local,local,vitamin_d,vitamin_d,0.21788,0.11027,NA,NA,0.555590409605307,12.406714046461758,0.0132715664181524,0.0132715664181524,row,1.469770000000006,1.3043766955308203,False,False,False,UKB AFR
AFR,vitamin_d,ViTD,ViTD,biochem_mineral,sumrhe,-1,34,BLUEPRINT_H3K27acQTL_MaxCPP,BLUEPRINT H3K27ac QTL,0.03315,0.04021,6.58729,8.43592,1.84305e-06,4.11941e-06,0.93589,2.16551,False,False,AFR.UKB_local.local,local,AFR,UKB_local,local,vitamin_d,vitamin_d,0.21788,0.11027,NA,NA,2.719685064979416,1.8475670494749767,0.0230972025461732,0.0230972025461732,row,6.587290000000026,2.923584681200117,False,False,False,UKB AFR
AFR,vitamin_d,ViTD,ViTD,biochem_mineral,sumrhe,-1,35,BLUEPRINT_H3K4me1QTL_MaxCPP,BLUEPRINT H3K4me1 QTL,-0.00466,0.03413,-1.15162,8.08171,-2.457e-06,4.09462e-06,-1.10632,1.86028,False,False,AFR.UKB_local.local,local,AFR,UKB_local,local,vitamin_d,vitamin_d,0.21788,0.11027,NA,NA,NA,-10.124383858306336,0.0185720289296287,0.0185720289296287,row,-1.1516200000000023,-1.105423304416879,True,False,False,UKB AFR
AFR,vitamin_d,ViTD,ViTD,biochem_mineral,sumrhe,-1,36,BLUEPRINT_DNA_methylation_MaxCPP,BLUEPRINT methylation QTL,0.10241,0.05903,10.88605,6.78711,4.36118e-06,3.03069e-06,3.02468,2.39348,False,False,AFR.UKB_local.local,local,AFR,UKB_local,local,vitamin_d,vitamin_d,0.21788,0.11027,NA,NA,3.4444086624258934,0.8994750105839945,0.0431772198333942,0.0431772198333942,row,10.886050000000015,3.5711974498195254,False,False,False,UKB AFR
AFR,vitamin_d,ViTD,ViTD,biochem_mineral,sumrhe,-1,38,non_synonymous,Nonsynonymous,0.01055,0.03135,6.24627,19.55698,-2.28047e-06,4.10623e-06,-0.919998,1.61326,False,False,AFR.UKB_local.local,local,AFR,UKB_local,local,vitamin_d,vitamin_d,0.21788,0.11027,NA,NA,2.642994932349536,4.517057069381349,0.0077520102807709,0.0077520102807709,row,6.246270000000079,2.857238562402304,False,False,False,UKB AFR
AFR,vitamin_d,ViTD,ViTD,biochem_mineral,sumrhe,-1,45,Ancient_Sequence_Age_Human_Promoter_w_flanking,Ancient promoter age,-0.06694,0.04049,-24.49761,15.86894,-1.49896e-05,5.66751e-06,-7.6715,4.32972,False,False,AFR.UKB_local.local,local,AFR,UKB_local,local,vitamin_d,vitamin_d,0.21788,0.11027,NA,NA,NA,-0.9345418202904082,0.012541359726639,0.012541359726639,row,-24.497610000000083,-4.67229011833454,True,False,False,UKB AFR
AFR,white_blood_cell_count,WBC,WBC,hematology,sumrhe,-1,1,Coding_UCSC_w_flanking,Coding,0.56814,0.46491,7.9927,2.49179,5.53903e-06,4.724e-06,2.58301,58.6227,False,False,AFR.UKB_local.local,local,AFR,UKB_local,local,white_blood_cell_count,white_blood_cell_count,0.66425,0.66513,NA,NA,2.998682939775031,0.4497720514890725,0.1070114605283003,0.1070114605283003,row,7.9927000000000055,3.1687543406325007,False,False,False,UKB AFR
AFR,white_blood_cell_count,WBC,WBC,hematology,sumrhe,-1,2,Conserved_LindbladToh_w_flanking,Conserved (LindbladToh),0.63361,0.55204,2.10112,0.53066,2.06e-06,1.50685e-06,1.54719,65.0104,False,False,AFR.UKB_local.local,local,AFR,UKB_local,local,white_blood_cell_count,white_blood_cell_count,0.66425,0.66513,NA,NA,1.0711585601361688,0.3643678373430063,0.4539830132784497,0.4539830132784497,row,2.10112,1.632789353120899,False,False,False,UKB AFR
AFR,white_blood_cell_count,WBC,WBC,hematology,sumrhe,-1,6,DHS_Trynka_w_flanking,DHS + flank,0.37554,0.50246,0.93325,0.43146,-2.43473e-06,1.69353e-06,-1.79484,102.577,False,False,AFR.UKB_local.local,local,AFR,UKB_local,local,white_blood_cell_count,white_blood_cell_count,0.66425,0.66513,NA,NA,-0.0996644913590172,0.666986554880206,0.605796333164996,0.605796333164996,row,0.93325,0.9510282130477455,False,False,False,UKB AFR
AFR,white_blood_cell_count,WBC,WBC,hematology,sumrhe,-1,20,Promoter_UCSC_w_flanking,Promoter,0.34589,0.36079,7.52603,3.00615,4.0747e-06,4.19727e-06,1.55992,14.032,False,False,AFR.UKB_local.local,local,AFR,UKB_local,local,white_blood_cell_count,white_blood_cell_count,0.66425,0.66513,NA,NA,2.911889040238237,0.5762610163882362,0.0691895487389329,0.0691895487389329,row,7.526030000000008,3.0918741316301506,False,False,False,UKB AFR
AFR,white_blood_cell_count,WBC,WBC,hematology,sumrhe,-1,29,GERP.NS,GERP.NS,2.18964,1.88382,1.2557,0.3448,-3.46113e-07,7.29502e-07,-0.753085,35.8473,False,False,AFR.UKB_local.local,local,AFR,UKB_local,local,white_blood_cell_count,white_blood_cell_count,0.66425,0.66513,NA,NA,0.3284918303048477,0.3961465717118058,2.62515687216762,2.62515687216762,row,1.2557,1.1735752072349424,False,False,False,UKB AFR
AFR,white_blood_cell_count,WBC,WBC,hematology,sumrhe,-1,31,Backgrd_Selection_Stat,Background selection,0.13195,0.14637,1.07423,0.28928,-2.45606e-06,2.49997e-06,-0.693662,7.89466,False,False,AFR.UKB_local.local,local,AFR,UKB_local,local,white_blood_cell_count,white_blood_cell_count,0.66425,0.66513,NA,NA,0.1033029172846075,0.3885041577952201,0.1849185820965858,0.1849185820965858,row,1.07423,1.0525758755695964,False,False,False,UKB AFR
AFR,white_blood_cell_count,WBC,WBC,hematology,sumrhe,-1,32,CpG_Content_50kb,CpG content (50 kb),0.00719,0.00649,1.07952,0.10768,-0.000245736,0.000278555,-1.89073,3.86807,False,False,AFR.UKB_local.local,local,AFR,UKB_local,local,white_blood_cell_count,white_blood_cell_count,0.66425,0.66513,NA,NA,0.1103899720621612,0.1439059971125348,0.0100268988645422,0.0100268988645422,row,1.0795200000000065,1.0562505603206838,False,False,False,UKB AFR
AFR,white_blood_cell_count,WBC,WBC,hematology,sumrhe,-1,33,GTEx_eQTL_MaxCPP,GTEx eQTL MaxCPP,0.0347,0.07375,3.93646,4.08002,8.06873e-07,7.37912e-06,0.110111,55.1867,False,False,AFR.UKB_local.local,local,AFR,UKB_local,local,white_blood_cell_count,white_blood_cell_count,0.66425,0.66513,NA,NA,1.976898818477476,1.495309140884904,0.013270646140934,0.013270646140934,row,3.9364600000000176,2.3034768371124343,False,False,False,UKB AFR
AFR,white_blood_cell_count,WBC,WBC,hematology,sumrhe,-1,34,BLUEPRINT_H3K27acQTL_MaxCPP,BLUEPRINT H3K27ac QTL,0.07011,0.10503,4.56914,3.34302,3.18288e-09,6.98972e-06,0.000530158,70.8163,False,False,AFR.UKB_local.local,local,AFR,UKB_local,local,white_blood_cell_count,white_blood_cell_count,0.66425,0.66513,NA,NA,2.1919226478891862,1.0555505796698337,0.023100104196099,0.023100104196099,row,4.56914,2.4774545603251736,False,False,False,UKB AFR
AFR,white_blood_cell_count,WBC,WBC,hematology,sumrhe,-1,35,BLUEPRINT_H3K4me1QTL_MaxCPP,BLUEPRINT H3K4me1 QTL,0.07668,0.05224,6.22211,3.5721,2.73135e-06,4.8195e-06,0.403416,50.0737,False,False,AFR.UKB_local.local,local,AFR,UKB_local,local,white_blood_cell_count,white_blood_cell_count,0.66425,0.66513,NA,NA,2.637403900345085,0.8282481273329251,0.0185529449710101,0.0185529449710101,row,6.2221100000000025,2.8524203941505712,False,False,False,UKB AFR
AFR,white_blood_cell_count,WBC,WBC,hematology,sumrhe,-1,36,BLUEPRINT_DNA_methylation_MaxCPP,BLUEPRINT methylation QTL,0.2952,0.19139,10.29281,3.65493,1.12729e-05,7.73272e-06,2.56454,107.38,False,False,AFR.UKB_local.local,local,AFR,UKB_local,local,white_blood_cell_count,white_blood_cell_count,0.66425,0.66513,NA,NA,3.3635649954511027,0.5122944449374174,0.0431768379906131,0.0431768379906131,row,10.29281000000002,3.4973326127649917,False,False,False,UKB AFR
AFR,white_blood_cell_count,WBC,WBC,hematology,sumrhe,-1,38,non_synonymous,Nonsynonymous,0.06952,0.04425,13.49621,6.54836,4.79434e-06,4.97579e-06,0.634437,57.0936,False,False,AFR.UKB_local.local,local,AFR,UKB_local,local,white_blood_cell_count,white_blood_cell_count,0.66425,0.66513,NA,NA,3.754482422025117,0.6999955171085551,0.0077547244959733,0.0077547244959733,row,13.496210000000092,3.8576038552023215,False,False,False,UKB AFR
AFR,white_blood_cell_count,WBC,WBC,hematology,sumrhe,-1,45,Ancient_Sequence_Age_Human_Promoter_w_flanking,Ancient promoter age,0.07133,0.12307,8.56206,5.96669,2.82635e-06,1.05133e-05,0.474475,95.0723,False,False,AFR.UKB_local.local,local,AFR,UKB_local,local,white_blood_cell_count,white_blood_cell_count,0.66425,0.66513,NA,NA,3.09795794548568,1.0053788543319913,0.0125418728637029,0.0125418728637029,row,8.56206000000002,3.2573214583347294,False,False,False,UKB AFR
AFR,whr,WHR,WHR,anthro_physical,sumrhe,-1,1,Coding_UCSC_w_flanking,Coding,-0.02016,0.07493,NA,NA,-6.82196e-07,1.34179e-06,21.6,247.505,False,False,AFR.UKB_local.local,local,AFR,UKB_local,local,whr,whr,-0.00978,0.07627,NA,NA,NA,NA,NA,0.1070118794931443,dataset_kind+pop+source+source_group+annotation,NA,NA,False,True,True,UKB AFR
AFR,whr,WHR,WHR,anthro_physical,sumrhe,-1,2,Conserved_LindbladToh_w_flanking,Conserved (LindbladToh),-0.08821,0.0886,NA,NA,2.56578e-07,1.05477e-06,-13.0842,95.4192,False,False,AFR.UKB_local.local,local,AFR,UKB_local,local,whr,whr,-0.00978,0.07627,NA,NA,NA,NA,NA,0.4539855740034122,dataset_kind+pop+source+source_group+annotation,NA,NA,False,True,True,UKB AFR
AFR,whr,WHR,WHR,anthro_physical,sumrhe,-1,6,DHS_Trynka_w_flanking,DHS + flank,-0.01442,0.16075,NA,NA,7.31947e-07,1.08485e-06,-36.636,375.123,False,False,AFR.UKB_local.local,local,AFR,UKB_local,local,whr,whr,-0.00978,0.07627,NA,NA,NA,NA,NA,0.6057972822456678,dataset_kind+pop+source+source_group+annotation,NA,NA,False,True,True,UKB AFR
AFR,whr,WHR,WHR,anthro_physical,sumrhe,-1,20,Promoter_UCSC_w_flanking,Promoter,-0.11356,0.05199,NA,NA,-1.604e-06,1.29094e-06,41.6931,321.348,False,False,AFR.UKB_local.local,local,AFR,UKB_local,local,whr,whr,-0.00978,0.07627,NA,NA,NA,NA,NA,0.0691912228852831,dataset_kind+pop+source+source_group+annotation,NA,NA,False,True,True,UKB AFR
AFR,whr,WHR,WHR,anthro_physical,sumrhe,-1,29,GERP.NS,GERP.NS,-0.11876,0.44138,NA,NA,7.6122e-08,3.02449e-07,-11.2457,98.5792,False,False,AFR.UKB_local.local,local,AFR,UKB_local,local,whr,whr,-0.00978,0.07627,NA,NA,NA,NA,NA,2.625186378549905,dataset_kind+pop+source+source_group+annotation,NA,NA,False,True,True,UKB AFR
AFR,whr,WHR,WHR,anthro_physical,sumrhe,-1,31,Backgrd_Selection_Stat,Background selection,-0.00729,0.02472,NA,NA,8.45883e-07,7.8235e-07,-16.2208,135.798,False,False,AFR.UKB_local.local,local,AFR,UKB_local,local,whr,whr,-0.00978,0.07627,NA,NA,NA,NA,NA,0.1849190576852553,dataset_kind+pop+source+source_group+annotation,NA,NA,False,True,True,UKB AFR
AFR,whr,WHR,WHR,anthro_physical,sumrhe,-1,32,CpG_Content_50kb,CpG content (50 kb),0.00019,0.0011,NA,NA,6.0129e-05,3.72934e-05,-31.4121,263.809,False,False,AFR.UKB_local.local,local,AFR,UKB_local,local,whr,whr,-0.00978,0.07627,NA,NA,NA,NA,NA,0.0100268988645422,dataset_kind+pop+source+source_group+annotation,NA,NA,False,True,True,UKB AFR
AFR,whr,WHR,WHR,anthro_physical,sumrhe,-1,33,GTEx_eQTL_MaxCPP,GTEx eQTL MaxCPP,-0.03811,0.02811,NA,NA,-4.5785e-06,3.64859e-06,42.4229,369.919,False,False,AFR.UKB_local.local,local,AFR,UKB_local,local,whr,whr,-0.00978,0.07627,NA,NA,NA,NA,NA,0.013271850700614,dataset_kind+pop+source+source_group+annotation,NA,NA,False,True,True,UKB AFR
AFR,whr,WHR,WHR,anthro_physical,sumrhe,-1,34,BLUEPRINT_H3K27acQTL_MaxCPP,BLUEPRINT H3K27ac QTL,-0.01049,0.03165,NA,NA,-1.61588e-06,2.70347e-06,18.2745,164.197,False,False,AFR.UKB_local.local,local,AFR,UKB_local,local,whr,whr,-0.00978,0.07627,NA,NA,NA,NA,NA,0.0231000358454644,dataset_kind+pop+source+source_group+annotation,NA,NA,False,True,True,UKB AFR
AFR,whr,WHR,WHR,anthro_physical,sumrhe,-1,35,BLUEPRINT_H3K4me1QTL_MaxCPP,BLUEPRINT H3K4me1 QTL,0.03844,0.03364,NA,NA,5.04162e-06,3.68784e-06,-50.559,407.851,False,False,AFR.UKB_local.local,local,AFR,UKB_local,local,whr,whr,-0.00978,0.07627,NA,NA,NA,NA,NA,0.0185521413850718,dataset_kind+pop+source+source_group+annotation,NA,NA,False,True,True,UKB AFR
AFR,whr,WHR,WHR,anthro_physical,sumrhe,-1,36,BLUEPRINT_DNA_methylation_MaxCPP,BLUEPRINT methylation QTL,-0.0135,0.04053,NA,NA,-7.67853e-07,2.07347e-06,11.8605,146.315,False,False,AFR.UKB_local.local,local,AFR,UKB_local,local,whr,whr,-0.00978,0.07627,NA,NA,NA,NA,NA,0.0431784974029914,dataset_kind+pop+source+source_group+annotation,NA,NA,False,True,True,UKB AFR
AFR,whr,WHR,WHR,anthro_physical,sumrhe,-1,38,non_synonymous,Nonsynonymous,-0.0014,0.0374,NA,NA,2.963e-07,5.64409e-06,-2.66222,126.626,False,False,AFR.UKB_local.local,local,AFR,UKB_local,local,whr,whr,-0.00978,0.07627,NA,NA,NA,NA,NA,0.0077553156009756,dataset_kind+pop+source+source_group+annotation,NA,NA,False,True,True,UKB AFR
AFR,whr,WHR,WHR,anthro_physical,sumrhe,-1,45,Ancient_Sequence_Age_Human_Promoter_w_flanking,Ancient promoter age,-0.00749,0.03865,NA,NA,1.46016e-06,5.57623e-06,-16.6433,160.267,False,False,AFR.UKB_local.local,local,AFR,UKB_local,local,whr,whr,-0.00978,0.07627,NA,NA,NA,NA,NA,0.0125418728637029,dataset_kind+pop+source+source_group+annotation,NA,NA,False,True,True,UKB AFR
AFR,chronic_ischaemic_heart_disease_i25,CIHD,CIHD,disease_cardiometabolic,sumrhe,-1,1,Coding_UCSC_w_flanking,Coding,-0.2996798565382924,0.282620151632635,-3.83928,4.21595,-5.334631634218488e-06,5.42151230879851e-06,-7.79129792976584,11.016957939588773,False,False,AFR.UKB_local.local,local,AFR,UKB_local,local,chronic_ischaemic_heart_disease_i25,chronic_ischaemic_heart_disease_i25,0.7294399629822226,0.4044801001825225,NA,NA,NA,-1.58423718969073,0.1070084843410339,0.1070084843410339,row,-3.839280000000003,-2.274792415743923,True,False,False,UKB AFR
AFR,chronic_ischaemic_heart_disease_i25,CIHD,CIHD,disease_cardiometabolic,sumrhe,-1,2,Conserved_LindbladToh_w_flanking,Conserved (LindbladToh),0.1486533157303454,0.5872872202905248,0.44891,1.90993,7.495779815754935e-07,3.799189403576637e-06,1.763230564611988,8.574874940170451,False,False,AFR.UKB_local.local,local,AFR,UKB_local,local,chronic_ischaemic_heart_disease_i25,chronic_ischaemic_heart_disease_i25,0.7294399629822226,0.4044801001825225,NA,NA,-1.155501860541414,6.138082331525379,0.453968551058681,0.453968551058681,row,0.4489100000000001,0.5349679837242252,False,False,False,UKB AFR
AFR,chronic_ischaemic_heart_disease_i25,CIHD,CIHD,disease_cardiometabolic,sumrhe,-1,6,DHS_Trynka_w_flanking,DHS + flank,-0.2485695309540042,0.531017709754929,-0.56247,1.62582,-1.84052547355248e-06,4.340353510402471e-06,-4.249448671560431,9.384488637295997,False,False,AFR.UKB_local.local,local,AFR,UKB_local,local,chronic_ischaemic_heart_disease_i25,chronic_ischaemic_heart_disease_i25,0.7294399629822226,0.4044801001825225,NA,NA,NA,-4.170111208381059,0.6058414401741811,0.6058414401741811,row,-0.56247,-0.6438284897640187,True,False,False,UKB AFR
AFR,chronic_ischaemic_heart_disease_i25,CIHD,CIHD,disease_cardiometabolic,sumrhe,-1,20,Promoter_UCSC_w_flanking,Promoter,-0.2475376939637427,0.2762571568593555,-4.90492,6.46818,-4.908826902903894e-06,5.28317736297078e-06,-5.885666981584492,7.348192731581193,False,False,AFR.UKB_local.local,local,AFR,UKB_local,local,chronic_ischaemic_heart_disease_i25,chronic_ischaemic_heart_disease_i25,0.7294399629822226,0.4044801001825225,NA,NA,NA,-1.9025001854417964,0.0691862607976441,0.0691862607976441,row,-4.90492,-2.561917514087277,True,False,False,UKB AFR
AFR,chronic_ischaemic_heart_disease_i25,CIHD,CIHD,disease_cardiometabolic,sumrhe,-1,29,GERP.NS,GERP.NS,2.309904680965819,1.3515000898445613,1.20626,0.71574,1.2734003480516654e-06,8.9251492037979e-07,8.677749088099526,7.830370157130409,False,False,AFR.UKB_local.local,local,AFR,UKB_local,local,chronic_ischaemic_heart_disease_i25,chronic_ischaemic_heart_disease_i25,0.7294399629822226,0.4044801001825225,NA,NA,0.2705409024972847,0.8560298348331757,2.625207156007855,2.625207156007855,row,1.20626,1.1416028174966628,False,False,False,UKB AFR
AFR,chronic_ischaemic_heart_disease_i25,CIHD,CIHD,disease_cardiometabolic,sumrhe,-1,31,Backgrd_Selection_Stat,Background selection,0.0784540058262188,0.0712655414607301,0.58152,0.45932,9.037378673772014e-07,2.9423794825165307e-06,0.799401950378589,2.9769219454938525,False,False,AFR.UKB_local.local,local,AFR,UKB_local,local,chronic_ischaemic_heart_disease_i25,chronic_ischaemic_heart_disease_i25,0.7294399629822226,0.4044801001825225,NA,NA,-0.7820992842643091,1.139528625294261,0.1849528017963976,0.1849528017963976,row,0.5815200000000003,0.6613118003816254,False,False,False,UKB AFR
AFR,chronic_ischaemic_heart_disease_i25,CIHD,CIHD,disease_cardiometabolic,sumrhe,-1,32,CpG_Content_50kb,CpG content (50 kb),0.0075668045952512,0.0051591849513076,1.03616,0.30078,8.592244196173187e-05,0.0001967706261515,2.07054945433485,4.303379351584766,False,False,AFR.UKB_local.local,local,AFR,UKB_local,local,chronic_ischaemic_heart_disease_i25,chronic_ischaemic_heart_disease_i25,0.7294399629822226,0.4044801001825225,NA,NA,0.0512467958657541,0.4187903551561365,0.01001143065106,0.01001143065106,row,1.0361600000000062,1.0258509318149036,False,False,False,UKB AFR
AFR,chronic_ischaemic_heart_disease_i25,CIHD,CIHD,disease_cardiometabolic,sumrhe,-1,33,GTEx_eQTL_MaxCPP,GTEx eQTL MaxCPP,-0.1235108877343059,0.0830284831497116,-12.75919,12.27618,-1.6927217036107828e-05,1.1222706235446924e-05,-7.234828240917793,6.473263752972095,False,False,AFR.UKB_local.local,local,AFR,UKB_local,local,chronic_ischaemic_heart_disease_i25,chronic_ischaemic_heart_disease_i25,0.7294399629822226,0.4044801001825225,NA,NA,NA,-1.3880805918761514,0.0132706619323007,0.0132706619323007,row,-12.759190000000043,-3.7823236363387487,True,False,False,UKB AFR
AFR,chronic_ischaemic_heart_disease_i25,CIHD,CIHD,disease_cardiometabolic,sumrhe,-1,34,BLUEPRINT_H3K27acQTL_MaxCPP,BLUEPRINT H3K27ac QTL,0.1926439660818289,0.1097874557638275,11.43319,13.08976,1.3828576159786092e-05,1.1614391556950205e-05,7.214088317413536,10.593251276821045,False,False,AFR.UKB_local.local,local,AFR,UKB_local,local,chronic_ischaemic_heart_disease_i25,chronic_ischaemic_heart_disease_i25,0.7294399629822226,0.4044801001825225,NA,NA,3.5151560841865632,1.6517290308677386,0.0230992796773084,0.0230992796773084,row,11.433190000000016,3.6361245929458255,False,False,False,UKB AFR
AFR,chronic_ischaemic_heart_disease_i25,CIHD,CIHD,disease_cardiometabolic,sumrhe,-1,35,BLUEPRINT_H3K4me1QTL_MaxCPP,BLUEPRINT H3K4me1 QTL,0.0727101132470963,0.0921086486640132,5.37338,7.23272,2.189193510931756e-06,1.232027124198812e-05,1.0126929746355513,5.760367576400399,False,False,AFR.UKB_local.local,local,AFR,UKB_local,local,chronic_ischaemic_heart_disease_i25,chronic_ischaemic_heart_disease_i25,0.7294399629822226,0.4044801001825225,NA,NA,2.4258298675872143,1.9419079380461504,0.0185505894384682,0.0185505894384682,row,5.3733800000000205,2.6720586811128153,False,False,False,UKB AFR
AFR,chronic_ischaemic_heart_disease_i25,CIHD,CIHD,disease_cardiometabolic,sumrhe,-1,36,BLUEPRINT_DNA_methylation_MaxCPP,BLUEPRINT methylation QTL,0.141705613329251,0.1288076509509818,4.49951,5.13911,3.96407695462043e-06,6.755333591543256e-06,2.824443953986271,5.374666909440636,False,False,AFR.UKB_local.local,local,AFR,UKB_local,local,chronic_ischaemic_heart_disease_i25,chronic_ischaemic_heart_disease_i25,0.7294399629822226,0.4044801001825225,NA,NA,2.169767899428817,1.6477724266826568,0.0431749934100079,0.0431749934100079,row,4.499510000000001,2.459303081898751,False,False,False,UKB AFR
AFR,chronic_ischaemic_heart_disease_i25,CIHD,CIHD,disease_cardiometabolic,sumrhe,-1,38,non_synonymous,Nonsynonymous,-0.0869150691463634,0.1367527957759957,-15.363,23.43303,-8.843874843531634e-06,1.7944470730240337e-05,-3.665153778541664,6.668452916963235,False,False,AFR.UKB_local.local,local,AFR,UKB_local,local,chronic_ischaemic_heart_disease_i25,chronic_ischaemic_heart_disease_i25,0.7294399629822226,0.4044801001825225,NA,NA,NA,-2.2005282935626056,0.0077558517057091,0.0077558517057091,row,-15.363000000000065,-4.032365371794282,True,False,False,UKB AFR
AFR,chronic_ischaemic_heart_disease_i25,CIHD,CIHD,disease_cardiometabolic,sumrhe,-1,45,Ancient_Sequence_Age_Human_Promoter_w_flanking,Ancient promoter age,-0.1211720572230464,0.1458673558566393,-13.24473,15.78247,-2.0171690873719867e-05,1.8971733243178386e-05,-10.60590847723492,10.125657147400858,False,False,AFR.UKB_local.local,local,AFR,UKB_local,local,chronic_ischaemic_heart_disease_i25,chronic_ischaemic_heart_disease_i25,0.7294399629822226,0.4044801001825225,NA,NA,NA,-1.7191208278295471,0.0125420872897189,0.0125420872897189,row,-13.244730000000017,-3.8323563714208273,True,False,False,UKB AFR
AFR,dyslipidaemia_e78,DYSLIP,DYSLIP,disease_cardiometabolic,sumrhe,-1,1,Coding_UCSC_w_flanking,Coding,0.1421067097836891,0.2142413113804096,4.78739,7.82585,4.901407161063672e-06,4.007911223298726e-06,10.568607300855696,10.120430541684636,False,False,AFR.UKB_local.local,local,AFR,UKB_local,local,dyslipidaemia_e78,dyslipidaemia_e78,0.2773783957544128,0.1931570006353296,NA,NA,2.259239338572285,2.3583445229531943,0.1070146274574931,0.1070146274574931,row,4.787390000000002,2.5329128675585943,False,False,False,UKB AFR
AFR,dyslipidaemia_e78,DYSLIP,DYSLIP,disease_cardiometabolic,sumrhe,-1,2,Conserved_LindbladToh_w_flanking,Conserved (LindbladToh),-0.0912688066776492,0.3270578202480856,-0.72487,2.98589,6.074405372039036e-07,2.113953155893613e-06,2.1095123212128724,6.580853605412156,False,False,AFR.UKB_local.local,local,AFR,UKB_local,local,dyslipidaemia_e78,dyslipidaemia_e78,0.2773783957544128,0.1931570006353296,NA,NA,NA,-5.942760351014591,0.4539307610412229,0.4539307610412229,row,-0.7248700000000001,-0.7864876329500616,True,False,False,UKB AFR
AFR,dyslipidaemia_e78,DYSLIP,DYSLIP,disease_cardiometabolic,sumrhe,-1,6,DHS_Trynka_w_flanking,DHS + flank,0.0740074753533805,0.3493199175824054,0.44048,1.95146,1.7888879188587985e-07,2.634863063944448e-06,0.6097652176193867,8.611782460752798,False,False,AFR.UKB_local.local,local,AFR,UKB_local,local,dyslipidaemia_e78,dyslipidaemia_e78,0.2773783957544128,0.1931570006353296,NA,NA,-1.1828515798412509,6.391576608457085,0.6057267636449807,0.6057267636449807,row,0.4404799999999999,0.5265496298826328,False,False,False,UKB AFR
AFR,dyslipidaemia_e78,DYSLIP,DYSLIP,disease_cardiometabolic,sumrhe,-1,20,Promoter_UCSC_w_flanking,Promoter,0.0764016644856056,0.1353103019244692,3.98057,7.58956,5.8997067972940895e-08,2.576784669511114e-06,0.1044335645488194,4.453674485360686,False,False,AFR.UKB_local.local,local,AFR,UKB_local,local,dyslipidaemia_e78,dyslipidaemia_e78,0.2773783957544128,0.1931570006353296,NA,NA,1.9929750331038605,2.750716750246633,0.0691966265813201,0.0691966265813201,row,3.9805700000000055,2.316310860589641,False,False,False,UKB AFR
AFR,dyslipidaemia_e78,DYSLIP,DYSLIP,disease_cardiometabolic,sumrhe,-1,29,GERP.NS,GERP.NS,0.2503472281325153,1.0670167259206538,0.34381,1.4059,4.925310436432178e-07,5.820408936277564e-07,4.955237800584992,5.344679694109043,False,False,AFR.UKB_local.local,local,AFR,UKB_local,local,dyslipidaemia_e78,dyslipidaemia_e78,0.2773783957544128,0.1931570006353296,NA,NA,-1.5403165874751203,5.899435612651737,2.6251350514150484,2.6251350514150484,row,0.34381,0.42632917127509923,False,False,False,UKB AFR
AFR,dyslipidaemia_e78,DYSLIP,DYSLIP,disease_cardiometabolic,sumrhe,-1,31,Backgrd_Selection_Stat,Background selection,0.0608201271492691,0.0462232966334445,1.18572,0.73804,1.6056822495037015e-06,1.4950147184619662e-06,2.096865596361199,2.0940466317377724,False,False,AFR.UKB_local.local,local,AFR,UKB_local,local,dyslipidaemia_e78,dyslipidaemia_e78,0.2773783957544128,0.1931570006353296,NA,NA,0.2457633671323899,0.8979916405033993,0.1849236880876019,0.1849236880876019,row,1.1857200000000006,1.1281085974944964,False,False,False,UKB AFR
AFR,dyslipidaemia_e78,DYSLIP,DYSLIP,disease_cardiometabolic,sumrhe,-1,32,CpG_Content_50kb,CpG content (50 kb),0.0041319070507757,0.0028382726002992,1.48797,0.64389,1.9911351150058344e-05,0.0001167454890815,0.7083826402948176,3.762101369731315,False,False,AFR.UKB_local.local,local,AFR,UKB_local,local,dyslipidaemia_e78,dyslipidaemia_e78,0.2773783957544128,0.1931570006353296,NA,NA,0.5733454395591625,0.6242981443698425,0.0100111446401185,0.0100111446401185,row,1.4879700000000036,1.314969089523113,False,False,False,UKB AFR
AFR,dyslipidaemia_e78,DYSLIP,DYSLIP,disease_cardiometabolic,sumrhe,-1,33,GTEx_eQTL_MaxCPP,GTEx eQTL MaxCPP,0.066187744719903,0.0787572376640853,17.97772,28.16778,6.774338841654324e-06,1.0620371986851629e-05,4.274592999865617,7.7237120644891055,False,False,AFR.UKB_local.local,local,AFR,UKB_local,local,dyslipidaemia_e78,dyslipidaemia_e78,0.2773783957544128,0.1931570006353296,NA,NA,4.168138159495688,2.260437726188378,0.0132730380402367,0.0132730380402367,row,17.9777200000001,4.246234771004153,False,False,False,UKB AFR
AFR,dyslipidaemia_e78,DYSLIP,DYSLIP,disease_cardiometabolic,sumrhe,-1,34,BLUEPRINT_H3K27acQTL_MaxCPP,BLUEPRINT H3K27ac QTL,0.005715161154344,0.0515716062272056,0.89342,8.40773,-3.65976909230556e-06,5.268625573207147e-06,-2.818655695796477,4.488332303847334,False,False,AFR.UKB_local.local,local,AFR,UKB_local,local,dyslipidaemia_e78,dyslipidaemia_e78,0.2773783957544128,0.1931570006353296,NA,NA,-0.162589543875189,13.576806402513226,0.0230621705037188,0.0230621705037188,row,0.8934200000000012,0.920994466354901,False,False,False,UKB AFR
AFR,dyslipidaemia_e78,DYSLIP,DYSLIP,disease_cardiometabolic,sumrhe,-1,35,BLUEPRINT_H3K4me1QTL_MaxCPP,BLUEPRINT H3K4me1 QTL,0.0237874275072697,0.0529810885389188,4.62442,11.1518,-8.06304975802828e-07,6.036156269854051e-06,-0.5506557772210463,4.286988721017944,False,False,AFR.UKB_local.local,local,AFR,UKB_local,local,dyslipidaemia_e78,dyslipidaemia_e78,0.2773783957544128,0.1931570006353296,NA,NA,2.209272432527239,3.479062575844224,0.0185446044728274,0.0185446044728274,row,4.624420000000014,2.491704330771195,False,False,False,UKB AFR
AFR,dyslipidaemia_e78,DYSLIP,DYSLIP,disease_cardiometabolic,sumrhe,-1,36,BLUEPRINT_DNA_methylation_MaxCPP,BLUEPRINT methylation QTL,0.3325992096105746,0.0757065773181854,27.77131,21.81963,1.5108240899254016e-05,4.79652623069071e-06,15.892453687919009,12.840132856008095,False,False,AFR.UKB_local.local,local,AFR,UKB_local,local,dyslipidaemia_e78,dyslipidaemia_e78,0.2773783957544128,0.1931570006353296,NA,NA,4.795523326992912,1.1335105184102607,0.0431769752258396,0.0431769752258396,row,27.771310000000003,4.846559005484106,False,False,False,UKB AFR
AFR,dyslipidaemia_e78,DYSLIP,DYSLIP,disease_cardiometabolic,sumrhe,-1,38,non_synonymous,Nonsynonymous,0.0230537243861039,0.0579625465720971,10.71564,30.04394,1.6741406123038438e-06,7.859582297742885e-06,1.0243673358063616,4.73209551186623,False,False,AFR.UKB_local.local,local,AFR,UKB_local,local,dyslipidaemia_e78,dyslipidaemia_e78,0.2773783957544128,0.1931570006353296,NA,NA,3.421646113567476,4.044951421171817,0.0077562241239208,0.0077562241239208,row,10.715640000000105,3.5503638625417824,False,False,False,UKB AFR
AFR,dyslipidaemia_e78,DYSLIP,DYSLIP,disease_cardiometabolic,sumrhe,-1,45,Ancient_Sequence_Age_Human_Promoter_w_flanking,Ancient promoter age,-0.0256603012639297,0.0467253040321369,-7.37865,14.79648,-9.247652063104188e-06,9.114446330658852e-06,-7.178319641763579,8.302352823389564,False,False,AFR.UKB_local.local,local,AFR,UKB_local,local,dyslipidaemia_e78,dyslipidaemia_e78,0.2773783957544128,0.1931570006353296,NA,NA,NA,-2.8930506689723363,0.0125375364430878,0.0125375364430878,row,-7.378650000000011,-3.0667178101296138,True,False,False,UKB AFR
AFR,hypertension_i10,HTN,HTN,disease_cardiometabolic,sumrhe,-1,1,Coding_UCSC_w_flanking,Coding,-0.2861895380821194,0.149623566919788,-6.02802,4.0796,-2.66229164761619e-06,3.189190990984433e-06,-2.945533718694806,3.338117307645328,False,False,AFR.UKB_local.local,local,AFR,UKB_local,local,hypertension_i10,hypertension_i10,0.4436571704144572,0.1731399165606443,NA,NA,NA,-0.9763767686256212,0.107011774106255,0.107011774106255,row,-6.028020000000001,-2.8131182969040243,True,False,False,UKB AFR
AFR,hypertension_i10,HTN,HTN,disease_cardiometabolic,sumrhe,-1,2,Conserved_LindbladToh_w_flanking,Conserved (LindbladToh),0.4098088396645454,0.3146658725191941,2.0347,1.13974,4.438362369582184e-06,1.8600259917754664e-06,7.908862146836484,4.290656240874353,False,False,AFR.UKB_local.local,local,AFR,UKB_local,local,hypertension_i10,hypertension_i10,0.4436571704144572,0.1731399165606443,NA,NA,1.024816096497542,0.8081276089363479,0.4539765623281444,0.4539765623281444,row,2.0347,1.6015539036623274,False,False,False,UKB AFR
AFR,hypertension_i10,HTN,HTN,disease_cardiometabolic,sumrhe,-1,6,DHS_Trynka_w_flanking,DHS + flank,0.1137468717803683,0.3747878607519494,0.42323,1.38119,9.349761500033105e-07,2.24246775877845e-06,1.6352737094599243,3.7344565400357976,False,False,AFR.UKB_local.local,local,AFR,UKB_local,local,hypertension_i10,hypertension_i10,0.4436571704144572,0.1731399165606443,NA,NA,-1.2404862006177428,4.708163323784768,0.6057808109941829,0.6057808109941829,row,0.4232300000000001,0.5091688263381919,False,False,False,UKB AFR
AFR,hypertension_i10,HTN,HTN,disease_cardiometabolic,sumrhe,-1,20,Promoter_UCSC_w_flanking,Promoter,-0.2484429445211222,0.1230805172914629,-8.09361,5.85815,-1.0875883850782638e-06,2.568432254811074e-06,-0.987840396904858,2.3368500892777355,False,False,AFR.UKB_local.local,local,AFR,UKB_local,local,hypertension_i10,hypertension_i10,0.4436571704144572,0.1731399165606443,NA,NA,NA,-1.0442217939564276,0.0691889737958649,0.0691889737958649,row,-8.093610000000002,-3.1848531321744855,True,False,False,UKB AFR
AFR,hypertension_i10,HTN,HTN,disease_cardiometabolic,sumrhe,-1,29,GERP.NS,GERP.NS,0.001077568581926,0.9186906024791136,0.00092,0.79276,-8.913140218594751e-07,5.364691031715538e-07,-4.601201998227359,3.1004025091530867,False,False,AFR.UKB_local.local,local,AFR,UKB_local,local,hypertension_i10,hypertension_i10,0.4436571704144572,0.1731399165606443,NA,NA,-10.086078518379798,1243.164044146885,2.6400344136249863,2.6400344136249863,row,0.0009199999999999999,0.001326669263288166,False,False,False,UKB AFR
AFR,hypertension_i10,HTN,HTN,disease_cardiometabolic,sumrhe,-1,31,Backgrd_Selection_Stat,Background selection,0.0446874029563442,0.0513271270126237,0.54476,0.51333,1.9750247447024848e-06,1.7146017730058317e-06,1.3234190232118137,1.2566557262630995,False,False,AFR.UKB_local.local,local,AFR,UKB_local,local,hypertension_i10,hypertension_i10,0.4436571704144572,0.1731399165606443,NA,NA,-0.8763073201721693,1.3594585603559943,0.1848980793136334,0.1848980793136334,row,0.5447600000000002,0.6273827127538864,False,False,False,UKB AFR
AFR,hypertension_i10,HTN,HTN,disease_cardiometabolic,sumrhe,-1,32,CpG_Content_50kb,CpG content (50 kb),0.0030266999874687,0.0022977565349893,0.68003,0.3178,8.756845234425099e-05,0.0001043785222222,1.598541298093681,1.8269224510748272,False,False,AFR.UKB_local.local,local,AFR,UKB_local,local,hypertension_i10,hypertension_i10,0.4436571704144572,0.1731399165606443,NA,NA,-0.5563297016177233,0.6742180256672685,0.0100321449305046,0.0100321449305046,row,0.6800300000000064,0.7484869951854667,False,False,False,UKB AFR
AFR,hypertension_i10,HTN,HTN,disease_cardiometabolic,sumrhe,-1,33,GTEx_eQTL_MaxCPP,GTEx eQTL MaxCPP,-0.0615006421537489,0.0354329904292147,-10.44518,6.98418,-6.910479009085222e-06,5.139637664060929e-06,-2.237428540998266,1.589049186614656,False,False,AFR.UKB_local.local,local,AFR,UKB_local,local,hypertension_i10,hypertension_i10,0.4436571704144572,0.1731399165606443,NA,NA,NA,-0.9646594745783108,0.0132713840463996,0.0132713840463996,row,-10.445180000000052,-3.5166682474328073,True,False,False,UKB AFR
AFR,hypertension_i10,HTN,HTN,disease_cardiometabolic,sumrhe,-1,34,BLUEPRINT_H3K27acQTL_MaxCPP,BLUEPRINT H3K27ac QTL,-0.0241977533029566,0.0593930447802759,-2.36052,6.45501,-6.0372681394021055e-06,5.638900542622127e-06,-2.385847766561784,2.582805118102352,False,False,AFR.UKB_local.local,local,AFR,UKB_local,local,hypertension_i10,hypertension_i10,0.4436571704144572,0.1731399165606443,NA,NA,NA,-3.945152303682522,0.0231057385762772,0.0231057385762772,row,-2.3605200000000055,-1.748684489961166,True,False,False,UKB AFR
AFR,hypertension_i10,HTN,HTN,disease_cardiometabolic,sumrhe,-1,35,BLUEPRINT_H3K4me1QTL_MaxCPP,BLUEPRINT H3K4me1 QTL,0.1534584433437012,0.0508358825120398,18.64368,9.76652,1.7822508947152763e-05,5.705662254911163e-06,6.245429034875346,3.4763154782773413,False,False,AFR.UKB_local.local,local,AFR,UKB_local,local,hypertension_i10,hypertension_i10,0.4436571704144572,0.1731399165606443,NA,NA,4.220614750681242,0.7557579818331402,0.0185528931493308,0.0185528931493308,row,18.643680000000025,4.295993320895404,False,False,False,UKB AFR
AFR,hypertension_i10,HTN,HTN,disease_cardiometabolic,sumrhe,-1,36,BLUEPRINT_DNA_methylation_MaxCPP,BLUEPRINT methylation QTL,0.0515965191581052,0.0884557032986927,2.69315,4.32413,1.838395387152981e-06,4.435700141320955e-06,0.9922631820697926,2.2126920034043467,False,False,AFR.UKB_local.local,local,AFR,UKB_local,local,hypertension_i10,hypertension_i10,0.4436571704144572,0.1731399165606443,NA,NA,1.429294585661903,2.31639563602443,0.0431829548314959,0.0431829548314959,row,2.693150000000001,1.8848518598523178,False,False,False,UKB AFR
AFR,hypertension_i10,HTN,HTN,disease_cardiometabolic,sumrhe,-1,38,non_synonymous,Nonsynonymous,-0.0602646076038925,0.0388717019333022,-17.51429,14.89854,-5.405511865054383e-06,5.945706503131979e-06,-1.6971229767431195,1.9612540520893416,False,False,AFR.UKB_local.local,local,AFR,UKB_local,local,hypertension_i10,hypertension_i10,0.4436571704144572,0.1731399165606443,NA,NA,NA,-1.2272292953060535,0.0077557230368281,0.0077557230368281,row,-17.514290000000045,-4.210567319896809,True,False,False,UKB AFR
AFR,hypertension_i10,HTN,HTN,disease_cardiometabolic,sumrhe,-1,45,Ancient_Sequence_Age_Human_Promoter_w_flanking,Ancient promoter age,-0.1180571461080725,0.052008530674724,-21.21706,13.19668,-3.805845458588397e-06,6.2717026923581895e-06,-1.515842663409896,2.512224375986197,False,False,AFR.UKB_local.local,local,AFR,UKB_local,local,hypertension_i10,hypertension_i10,0.4436571704144572,0.1731399165606443,NA,NA,NA,-0.8973337866885689,0.0125417913358028,0.0125417913358028,row,-21.21706000000002,-4.4735960113421,True,False,False,UKB AFR
AFR,ever_smoked,SMK,SMK,behavior_cognitive,sumrhe,-1,1,Coding_UCSC_w_flanking,Coding,0.1790835631772807,0.131198484528185,8.27999,5.7746,3.518708621391775e-07,2.1241997714614505e-06,0.8514434309337737,4.579758603485782,False,False,AFR.UKB_local.local,local,AFR,UKB_local,local,ever_smoked,ever_smoked,0.2021025030620092,0.1407502394186244,NA,NA,3.049629025338233,1.006159039215918,0.1070173572951908,0.1070173572951908,row,8.279990000000002,3.214123250723733,False,False,False,UKB AFR
AFR,ever_smoked,SMK,SMK,behavior_cognitive,sumrhe,-1,2,Conserved_LindbladToh_w_flanking,Conserved (LindbladToh),0.7070035301632555,0.3135659568248234,7.70554,4.95717,2.4925185976417184e-06,1.6405967895621922e-06,9.713929479256974,9.219069635809149,False,False,AFR.UKB_local.local,local,AFR,UKB_local,local,ever_smoked,ever_smoked,0.2021025030620092,0.1407502394186244,NA,NA,2.945896063556876,0.9281224386407106,0.4539905476862587,0.4539905476862587,row,7.705539999999999,3.1219337902553983,False,False,False,UKB AFR
AFR,ever_smoked,SMK,SMK,behavior_cognitive,sumrhe,-1,6,DHS_Trynka_w_flanking,DHS + flank,0.0752299372775934,0.2646072925020915,0.61444,1.9171,-2.2828852068396435e-06,2.384181172752139e-06,-8.732530081332003,10.3523340424798,False,False,AFR.UKB_local.local,local,AFR,UKB_local,local,ever_smoked,ever_smoked,0.2021025030620092,0.1407502394186244,NA,NA,-0.7026559564272387,4.50131935239931,0.6058143089968072,0.6058143089968072,row,0.61444,0.6910338247791169,False,False,False,UKB AFR
AFR,ever_smoked,SMK,SMK,behavior_cognitive,sumrhe,-1,20,Promoter_UCSC_w_flanking,Promoter,-0.0830134334114556,0.1049114235487111,-5.93645,9.30885,-3.264347756863064e-06,2.0084103989548665e-06,-6.484599560983983,6.276308152273954,False,False,AFR.UKB_local.local,local,AFR,UKB_local,local,ever_smoked,ever_smoked,0.2021025030620092,0.1407502394186244,NA,NA,NA,-2.2622664608274685,0.0691910418216033,0.0691910418216033,row,-5.936450000000005,-2.7941974959803386,True,False,False,UKB AFR
AFR,ever_smoked,SMK,SMK,behavior_cognitive,sumrhe,-1,29,GERP.NS,GERP.NS,1.0224324738923298,0.93430372050649,1.92708,1.21308,-4.792486447111867e-07,7.015156128080212e-07,-5.410856007101689,9.315360797919544,False,False,AFR.UKB_local.local,local,AFR,UKB_local,local,ever_smoked,ever_smoked,0.2021025030620092,0.1407502394186244,NA,NA,0.9464164643204944,0.9081639061178486,2.6252048525259397,2.6252048525259397,row,1.9270799999999995,1.549462176572097,False,False,False,UKB AFR
AFR,ever_smoked,SMK,SMK,behavior_cognitive,sumrhe,-1,31,Backgrd_Selection_Stat,Background selection,0.0565684921858588,0.0335969163749672,1.51368,0.80284,-5.408535167483681e-07,1.037982099332981e-06,-0.7926251452406625,1.2124729261505445,False,False,AFR.UKB_local.local,local,AFR,UKB_local,local,ever_smoked,ever_smoked,0.2021025030620092,0.1407502394186244,NA,NA,0.5980602441554871,0.7651903220147558,0.1849135932375994,0.1849135932375994,row,1.5136800000000004,1.3298010014698634,False,False,False,UKB AFR
AFR,ever_smoked,SMK,SMK,behavior_cognitive,sumrhe,-1,32,CpG_Content_50kb,CpG content (50 kb),0.0042943426945446,0.0020366551749862,2.12098,0.89705,4.635237721973392e-05,6.0140059113652575e-05,1.850609092954962,2.2267745673675416,False,False,AFR.UKB_local.local,local,AFR,UKB_local,local,ever_smoked,ever_smoked,0.2021025030620092,0.1407502394186244,NA,NA,1.0847310168906945,0.610175289927036,0.0100181708330296,0.0100181708330296,row,2.1209800000000043,1.6419991121455364,False,False,False,UKB AFR
AFR,ever_smoked,SMK,SMK,behavior_cognitive,sumrhe,-1,33,GTEx_eQTL_MaxCPP,GTEx eQTL MaxCPP,0.0193719061992879,0.0388701165954743,7.2233,18.65284,1.3932836992204104e-06,5.305486730839222e-06,0.9866078672445676,4.2579512978133405,False,False,AFR.UKB_local.local,local,AFR,UKB_local,local,ever_smoked,ever_smoked,0.2021025030620092,0.1407502394186244,NA,NA,2.852658090014176,3.7254938555086032,0.0132698194137528,0.0132698194137528,row,7.223300000000051,3.039717461818986,False,False,False,UKB AFR
AFR,ever_smoked,SMK,SMK,behavior_cognitive,sumrhe,-1,34,BLUEPRINT_H3K27acQTL_MaxCPP,BLUEPRINT H3K27ac QTL,0.0247871986413057,0.04929021283959,5.30779,10.63893,2.359062425593975e-07,3.998948754048613e-06,0.2038944438555048,3.3882363859957554,False,False,AFR.UKB_local.local,local,AFR,UKB_local,local,ever_smoked,ever_smoked,0.2021025030620092,0.1407502394186244,NA,NA,2.408111292344908,2.891736777710652,0.023106917988286,0.023106917988286,row,5.30779,2.657134630483254,False,False,False,UKB AFR
AFR,ever_smoked,SMK,SMK,behavior_cognitive,sumrhe,-1,35,BLUEPRINT_H3K4me1QTL_MaxCPP,BLUEPRINT H3K4me1 QTL,0.001278829993596,0.0566947963827572,0.34229,14.51446,-2.2108602385583466e-06,6.571117935859368e-06,-1.6944181654655113,4.278823066350797,False,False,AFR.UKB_local.local,local,AFR,UKB_local,local,ever_smoked,ever_smoked,0.2021025030620092,0.1407502394186244,NA,NA,-1.5467089502496567,61.17601876531953,0.0184861686109878,0.0184861686109878,row,0.34229000000000104,0.4246963975911587,False,False,False,UKB AFR
AFR,ever_smoked,SMK,SMK,behavior_cognitive,sumrhe,-1,36,BLUEPRINT_DNA_methylation_MaxCPP,BLUEPRINT methylation QTL,0.1495599571522859,0.0480429588952186,17.13828,13.5726,6.228344133501796e-06,2.6602979351965942e-06,7.352356757749644,6.459433449751983,False,False,AFR.UKB_local.local,local,AFR,UKB_local,local,ever_smoked,ever_smoked,0.2021025030620092,0.1407502394186244,NA,NA,4.099150422541698,1.1425372156347977,0.0431793803644945,0.0431793803644945,row,17.138280000000012,4.180965750692043,False,False,False,UKB AFR
AFR,ever_smoked,SMK,SMK,behavior_cognitive,sumrhe,-1,38,non_synonymous,Nonsynonymous,0.0621100888247749,0.0419329933702598,39.62875,41.73404,8.846061766319027e-06,7.4994379950377984e-06,6.074205649211945,6.906629246895284,False,False,AFR.UKB_local.local,local,AFR,UKB_local,local,ever_smoked,ever_smoked,0.2021025030620092,0.1407502394186244,NA,NA,5.308475556332991,1.5193386756902916,0.0077549693251808,0.0077549693251808,row,39.62875000000041,5.344429073619745,False,False,False,UKB AFR
AFR,ever_smoked,SMK,SMK,behavior_cognitive,sumrhe,-1,45,Ancient_Sequence_Age_Human_Promoter_w_flanking,Ancient promoter age,0.1074532955112908,0.0608628348804035,42.39079,35.36871,9.654882267206984e-06,9.38730682607778e-06,8.410359651093477,10.17029811870002,False,False,AFR.UKB_local.local,local,AFR,UKB_local,local,ever_smoked,ever_smoked,0.2021025030620092,0.1407502394186244,NA,NA,5.405678947773935,1.2037110542087064,0.0125422813002012,0.0125422813002012,row,42.39079,5.439316947893986,False,False,False,UKB AFR
AFR,type2_diabetes_e11,T2D,T2D,disease_cardiometabolic,sumrhe,-1,1,Coding_UCSC_w_flanking,Coding,0.0290797628326552,0.1673491997198667,1.38947,8.19639,5.767486295143291e-07,2.697243585862602e-06,2.0543626728143027,10.06834498483947,False,False,AFR.UKB_local.local,local,AFR,UKB_local,local,type2_diabetes_e11,type2_diabetes_e11,0.1955743368853596,0.1765926510147015,NA,NA,0.4745346856946741,8.510360933443609,0.1070113442088726,0.1070113442088726,row,1.3894700000000006,1.256690654538586,False,False,False,UKB AFR
AFR,type2_diabetes_e11,T2D,T2D,disease_cardiometabolic,sumrhe,-1,2,Conserved_LindbladToh_w_flanking,Conserved (LindbladToh),0.4795574500237493,0.3928804152541799,5.40106,4.8187,1.8872406236007083e-06,2.32784288630625e-06,10.826825264446043,13.992628617404964,False,False,AFR.UKB_local.local,local,AFR,UKB_local,local,type2_diabetes_e11,type2_diabetes_e11,0.1955743368853596,0.1765926510147015,NA,NA,2.4332425751778217,1.287138930789817,0.4539936453442982,0.4539936453442982,row,5.401060000000001,2.678310831693224,False,False,False,UKB AFR
AFR,type2_diabetes_e11,T2D,T2D,disease_cardiometabolic,sumrhe,-1,6,DHS_Trynka_w_flanking,DHS + flank,0.0221527968988131,0.4366912257708175,0.18702,3.81044,-1.851467792385224e-06,2.5486736606711707e-06,-10.425308631923698,21.14741976199322,False,False,AFR.UKB_local.local,local,AFR,UKB_local,local,type2_diabetes_e11,type2_diabetes_e11,0.1955743368853596,0.1765926510147015,NA,NA,-2.418735534090288,29.394197901855105,0.6056596576902602,0.6056596576902602,row,0.18702,0.24734424303183136,False,False,False,UKB AFR
AFR,type2_diabetes_e11,T2D,T2D,disease_cardiometabolic,sumrhe,-1,20,Promoter_UCSC_w_flanking,Promoter,-0.2898080617645751,0.1664945740527044,-21.41581,30.38096,-4.614438839097351e-06,2.8698554804802576e-06,-13.493459757334753,19.578956761258976,False,False,AFR.UKB_local.local,local,AFR,UKB_local,local,type2_diabetes_e11,type2_diabetes_e11,0.1955743368853596,0.1765926510147015,NA,NA,NA,-2.0466403245754408,0.0691933075037054,0.0691933075037054,row,-21.415810000000008,-4.48644472730605,True,False,False,UKB AFR
AFR,type2_diabetes_e11,T2D,T2D,disease_cardiometabolic,sumrhe,-1,29,GERP.NS,GERP.NS,0.3277489433567556,0.9696627799922128,0.63834,2.06205,-4.05861729335393e-07,7.104548151418764e-07,-6.7452905091226825,14.70003376832402,False,False,AFR.UKB_local.local,local,AFR,UKB_local,local,type2_diabetes_e11,type2_diabetes_e11,0.1955743368853596,0.1765926510147015,NA,NA,-0.6476030413384717,4.660383665546711,2.625290545604733,2.625290545604733,row,0.6383400000000001,0.7122347864127796,False,False,False,UKB AFR
AFR,type2_diabetes_e11,T2D,T2D,disease_cardiometabolic,sumrhe,-1,31,Backgrd_Selection_Stat,Background selection,0.0607009125176616,0.0469819215447925,1.67808,1.16871,2.0618901257300723e-06,1.7132950631392964e-06,4.44807920593946,5.647343918459575,False,False,AFR.UKB_local.local,local,AFR,UKB_local,local,type2_diabetes_e11,type2_diabetes_e11,0.1955743368853596,0.1765926510147015,NA,NA,0.7468114957849428,1.004774576442923,0.1849569657564573,0.1849569657564573,row,1.6780800000000005,1.4211990577045681,False,False,False,UKB AFR
AFR,type2_diabetes_e11,T2D,T2D,disease_cardiometabolic,sumrhe,-1,32,CpG_Content_50kb,CpG content (50 kb),0.0024289361066719,0.0026538375980304,1.24074,0.96297,0.0001138453598271,0.0001046234990755,6.690729407319108,8.43720193846361,False,False,AFR.UKB_local.local,local,AFR,UKB_local,local,type2_diabetes_e11,type2_diabetes_e11,0.1955743368853596,0.1765926510147015,NA,NA,0.3112008269835745,1.1197124647588097,0.0100097548397498,0.0100097548397498,row,1.2407400000000042,1.1639752581870693,False,False,False,UKB AFR
AFR,type2_diabetes_e11,T2D,T2D,disease_cardiometabolic,sumrhe,-1,33,GTEx_eQTL_MaxCPP,GTEx eQTL MaxCPP,-0.0276179031388249,0.0672455459161942,-10.63997,27.25764,-3.0907087449943136e-06,8.864739673536139e-06,-3.2216688834123737,8.867078649046267,False,False,AFR.UKB_local.local,local,AFR,UKB_local,local,type2_diabetes_e11,type2_diabetes_e11,0.1955743368853596,0.1765926510147015,NA,NA,NA,-3.6959185086364568,0.013272062931187,0.013272062931187,row,-10.63997000000008,-3.5410154348425897,True,False,False,UKB AFR
AFR,type2_diabetes_e11,T2D,T2D,disease_cardiometabolic,sumrhe,-1,34,BLUEPRINT_H3K27acQTL_MaxCPP,BLUEPRINT H3K27ac QTL,-0.0695845214263227,0.0875991308841393,-15.40249,25.93882,-6.4866987743586686e-06,7.5326931205179585e-06,-8.252895166295314,12.747484000647711,False,False,AFR.UKB_local.local,local,AFR,UKB_local,local,type2_diabetes_e11,type2_diabetes_e11,0.1955743368853596,0.1765926510147015,NA,NA,NA,-2.4295946292132937,0.0230998863280724,0.0230998863280724,row,-15.402490000000048,-4.035842936436242,True,False,False,UKB AFR
AFR,type2_diabetes_e11,T2D,T2D,disease_cardiometabolic,sumrhe,-1,35,BLUEPRINT_H3K4me1QTL_MaxCPP,BLUEPRINT H3K4me1 QTL,0.0224451688375792,0.0687748760574321,6.1846,23.59091,4.743959607970715e-06,8.38722882708375e-06,5.3519807898584455,12.220382375350775,False,False,AFR.UKB_local.local,local,AFR,UKB_local,local,type2_diabetes_e11,type2_diabetes_e11,0.1955743368853596,0.1765926510147015,NA,NA,2.6286802893523764,5.503102685227478,0.0185566422054174,0.0185566422054174,row,6.184600000000005,2.844907837395158,False,False,False,UKB AFR
AFR,type2_diabetes_e11,T2D,T2D,disease_cardiometabolic,sumrhe,-1,36,BLUEPRINT_DNA_methylation_MaxCPP,BLUEPRINT methylation QTL,-0.0770062706411535,0.1155094059617303,-9.11958,18.42089,-3.45255275444102e-06,5.806349272850042e-06,-5.999449693330458,12.507019326087196,False,False,AFR.UKB_local.local,local,AFR,UKB_local,local,type2_diabetes_e11,type2_diabetes_e11,0.1955743368853596,0.1765926510147015,NA,NA,NA,-2.9141393191091147,0.0431757000026306,0.0431757000026306,row,-9.119580000000012,-3.339077508981721,True,False,False,UKB AFR
AFR,type2_diabetes_e11,T2D,T2D,disease_cardiometabolic,sumrhe,-1,38,non_synonymous,Nonsynonymous,-0.110584063300979,0.0497257197393664,-72.90901,95.27274,-1.7428876013722492e-05,7.518456856114965e-06,-17.616781209752524,22.448744771291828,False,False,AFR.UKB_local.local,local,AFR,UKB_local,local,type2_diabetes_e11,type2_diabetes_e11,0.1955743368853596,0.1765926510147015,NA,NA,NA,-1.8852198038336216,0.0077553156009756,0.0077553156009756,row,-72.90901000000076,-6.207678344102827,True,False,False,UKB AFR
AFR,type2_diabetes_e11,T2D,T2D,disease_cardiometabolic,sumrhe,-1,45,Ancient_Sequence_Age_Human_Promoter_w_flanking,Ancient promoter age,-0.0743299428939873,0.0897806753503168,-30.30599,54.35817,-4.431369025131523e-06,1.0093803833661256e-05,-5.682271120067552,16.22128994602211,False,False,AFR.UKB_local.local,local,AFR,UKB_local,local,type2_diabetes_e11,type2_diabetes_e11,0.1955743368853596,0.1765926510147015,NA,NA,NA,-2.58768191670357,0.0125407484661644,0.0125407484661644,row,-30.305990000000165,-4.968366819665032,True,False,False,UKB AFR
AFR,apo_b,ApoB,ApoB,biochem_lipids,sumrhe,-1,1,Coding_UCSC_w_flanking,Coding,0.08774,0.0787,2.71763,2.89255,2.71815e-06,1.59244e-06,2.79075,2.33595,False,False,AFR.UKB_local.local,local,AFR,UKB_local,local,apo_b,apo_b,0.3017,0.12488,NA,NA,1.4423490493719713,1.535553971851713,0.1070118794931443,0.1070118794931443,row,2.7176300000000015,1.8943831920627918,False,False,False,UKB AFR
AFR,apo_b,ApoB,ApoB,biochem_lipids,sumrhe,-1,2,Conserved_LindbladToh_w_flanking,Conserved (LindbladToh),0.13106,0.12482,0.95687,0.76421,6.30658e-07,1.33481e-06,1.04286,2.55181,False,False,AFR.UKB_local.local,local,AFR,UKB_local,local,apo_b,apo_b,0.3017,0.12488,NA,NA,-0.0636051608709404,1.152217100753242,0.4539854297003094,0.4539854297003094,row,0.95687,0.9685479171374769,False,False,False,UKB AFR
AFR,apo_b,ApoB,ApoB,biochem_lipids,sumrhe,-1,6,DHS_Trynka_w_flanking,DHS + flank,0.21707,0.19907,1.18768,1.05165,2.03967e-07,1.20655e-06,0.33105,1.95262,False,False,AFR.UKB_local.local,local,AFR,UKB_local,local,apo_b,apo_b,0.3017,0.12488,NA,NA,0.2481461790671233,1.2774570926098598,0.6057941189249066,0.6057941189249066,row,1.18768,1.1294017252529707,False,False,False,UKB AFR
AFR,apo_b,ApoB,ApoB,biochem_lipids,sumrhe,-1,20,Promoter_UCSC_w_flanking,Promoter,0.14922,0.06839,7.14829,4.11115,2.276e-06,1.29749e-06,1.91838,1.37434,False,False,AFR.UKB_local.local,local,AFR,UKB_local,local,apo_b,apo_b,0.3017,0.12488,NA,NA,2.837598164468247,0.8297279093812174,0.0691909928204199,0.0691909928204199,row,7.148290000000005,3.026497327151692,False,False,False,UKB AFR
AFR,apo_b,ApoB,ApoB,biochem_lipids,sumrhe,-1,29,GERP.NS,GERP.NS,0.42306,0.64199,0.53416,0.75858,-8.09459e-08,4.06537e-07,-0.387773,2.15667,False,False,AFR.UKB_local.local,local,AFR,UKB_local,local,apo_b,apo_b,0.3017,0.12488,NA,NA,-0.9046561495438324,2.0488235811695934,2.6251570589285644,2.6251570589285644,row,0.53416,0.617448951660433,False,False,False,UKB AFR
AFR,apo_b,ApoB,ApoB,biochem_lipids,sumrhe,-1,31,Backgrd_Selection_Stat,Background selection,0.07713,0.02587,1.38259,0.43525,7.55932e-08,8.4808e-07,0.0470055,0.488467,False,False,AFR.UKB_local.local,local,AFR,UKB_local,local,apo_b,apo_b,0.3017,0.12488,NA,NA,0.4673733960675942,0.4541715306395398,0.1849075353124186,0.1849075353124186,row,1.3825900000000004,1.2525307115544457,False,False,False,UKB AFR
AFR,apo_b,ApoB,ApoB,biochem_lipids,sumrhe,-1,32,CpG_Content_50kb,CpG content (50 kb),0.00436,0.00147,1.44319,0.22268,1.32981e-05,4.55059e-05,0.225271,0.775776,False,False,AFR.UKB_local.local,local,AFR,UKB_local,local,apo_b,apo_b,0.3017,0.12488,NA,NA,0.5292612471701834,0.2226036292554371,0.0100135407185693,0.0100135407185693,row,1.4431900000000057,1.2887660622949113,False,False,False,UKB AFR
AFR,apo_b,ApoB,ApoB,biochem_lipids,sumrhe,-1,33,GTEx_eQTL_MaxCPP,GTEx eQTL MaxCPP,0.04636,0.03739,11.57764,8.42619,4.7762e-06,4.89477e-06,1.43504,1.22665,False,False,AFR.UKB_local.local,local,AFR,UKB_local,local,apo_b,apo_b,0.3017,0.12488,NA,NA,3.533269297498784,1.049991408144335,0.0132723576411585,0.0132723576411585,row,11.57764000000008,3.6527893430424214,False,False,False,UKB AFR
AFR,apo_b,ApoB,ApoB,biochem_lipids,sumrhe,-1,34,BLUEPRINT_H3K27acQTL_MaxCPP,BLUEPRINT H3K27ac QTL,-0.02116,0.04781,-3.03593,6.66091,-2.88563e-06,4.22924e-06,-1.05824,1.44921,False,False,AFR.UKB_local.local,local,AFR,UKB_local,local,apo_b,apo_b,0.3017,0.12488,NA,NA,NA,-3.1653107366796025,0.023101947866391,0.023101947866391,row,-3.0359300000000076,-2.0129011522617555,True,False,False,UKB AFR
AFR,apo_b,ApoB,ApoB,biochem_lipids,sumrhe,-1,35,BLUEPRINT_H3K4me1QTL_MaxCPP,BLUEPRINT H3K4me1 QTL,-0.01102,0.03845,-1.96866,7.00094,-1.68212e-06,4.45434e-06,-0.547003,1.3666,False,False,AFR.UKB_local.local,local,AFR,UKB_local,local,apo_b,apo_b,0.3017,0.12488,NA,NA,NA,-5.130505734642437,0.018553915190781,0.018553915190781,row,-1.9686600000000003,-1.569811871228848,True,False,False,UKB AFR
AFR,apo_b,ApoB,ApoB,biochem_lipids,sumrhe,-1,36,BLUEPRINT_DNA_methylation_MaxCPP,BLUEPRINT methylation QTL,0.03695,0.06532,2.83644,5.20391,9.19165e-07,3.59294e-06,0.460388,1.71877,False,False,AFR.UKB_local.local,local,AFR,UKB_local,local,apo_b,apo_b,0.3017,0.12488,NA,NA,1.5040813466042904,2.6468584388291254,0.0431782991902714,0.0431782991902714,row,2.836440000000003,1.9397681920491927,False,False,False,UKB AFR
AFR,apo_b,ApoB,ApoB,biochem_lipids,sumrhe,-1,38,non_synonymous,Nonsynonymous,-0.02699,0.03284,-11.53382,15.62894,-5.57515e-06,4.63592e-06,-1.62433,1.57987,False,False,AFR.UKB_local.local,local,AFR,UKB_local,local,apo_b,apo_b,0.3017,0.12488,NA,NA,NA,-1.954928569402952,0.0077562965441482,0.0077562965441482,row,-11.533820000000073,-3.6477542745230234,True,False,False,UKB AFR
AFR,apo_b,ApoB,ApoB,biochem_lipids,sumrhe,-1,45,Ancient_Sequence_Age_Human_Promoter_w_flanking,Ancient promoter age,-0.03229,0.04015,-8.53472,12.87919,-5.64585e-06,4.80271e-06,-2.08677,1.99592,False,False,AFR.UKB_local.local,local,AFR,UKB_local,local,apo_b,apo_b,0.3017,0.12488,NA,NA,NA,-2.1770771089932333,0.0125401709560612,0.0125401709560612,row,-8.534720000000002,-3.2531905724611856,True,False,False,UKB AFR
AFR,urea,UREA,UREA,biochem_kidney,sumrhe,-1,1,Coding_UCSC_w_flanking,Coding,-0.13014,0.06825,-12.86308,11.56772,-1.60085e-06,1.71744e-06,-5.24485,6.80686,False,False,AFR.UKB_local.local,local,AFR,UKB_local,local,urea,urea,0.09455,0.07844,NA,NA,NA,-1.2974102841925943,0.1070050559782059,0.1070050559782059,row,-12.86308000000001,-3.793175915643642,True,False,False,UKB AFR
AFR,urea,UREA,UREA,biochem_kidney,sumrhe,-1,2,Conserved_LindbladToh_w_flanking,Conserved (LindbladToh),-0.05196,0.13387,-1.21062,3.72916,-9.91404e-07,1.17378e-06,-5.23138,8.37348,False,False,AFR.UKB_local.local,local,AFR,UKB_local,local,urea,urea,0.09455,0.07844,NA,NA,NA,-4.444037467315496,0.4539413708510459,0.4539413708510459,row,-1.2106200000000003,-1.144451050829395,True,False,False,UKB AFR
AFR,urea,UREA,UREA,biochem_kidney,sumrhe,-1,6,DHS_Trynka_w_flanking,DHS + flank,-0.17151,0.16337,-2.99453,4.9289,-2.27806e-06,1.35604e-06,-11.7986,14.1505,False,False,AFR.UKB_local.local,local,AFR,UKB_local,local,urea,urea,0.09455,0.07844,NA,NA,NA,-2.3746296036565377,0.6057581213966788,0.6057581213966788,row,-2.99453,-1.9980257643400805,True,False,False,UKB AFR
AFR,urea,UREA,UREA,biochem_kidney,sumrhe,-1,20,Promoter_UCSC_w_flanking,Promoter,-0.0277,0.06807,-4.23388,10.87969,-7.35714e-07,1.6328e-06,-1.97881,4.85615,False,False,AFR.UKB_local.local,local,AFR,UKB_local,local,urea,urea,0.09455,0.07844,NA,NA,NA,-3.707255474744028,0.0691957930536586,0.0691957930536586,row,-4.233880000000004,-2.387880847314963,True,False,False,UKB AFR
AFR,urea,UREA,UREA,biochem_kidney,sumrhe,-1,29,GERP.NS,GERP.NS,0.82346,0.37983,3.31777,3.40338,6.82418e-07,2.99287e-07,10.432,12.8531,False,False,AFR.UKB_local.local,local,AFR,UKB_local,local,urea,urea,0.09455,0.07844,NA,NA,1.7302138768421111,1.4799215883743235,2.6250325859752244,2.6250325859752244,row,3.3177700000000003,2.11028639558437,False,False,False,UKB AFR
AFR,urea,UREA,UREA,biochem_kidney,sumrhe,-1,31,Backgrd_Selection_Stat,Background selection,0.02561,0.02012,1.46493,0.97802,4.91237e-07,6.65895e-07,0.974742,1.46253,False,False,AFR.UKB_local.local,local,AFR,UKB_local,local,urea,urea,0.09455,0.07844,NA,NA,0.5508317287665422,0.9631754444855548,0.184897556736178,0.184897556736178,row,1.4649300000000007,1.3015466769939357,False,False,False,UKB AFR
AFR,urea,UREA,UREA,biochem_kidney,sumrhe,-1,32,CpG_Content_50kb,CpG content (50 kb),0.00128,0.00089,1.34583,1.11155,1.64251e-05,4.83274e-05,0.887891,2.82139,False,False,AFR.UKB_local.local,local,AFR,UKB_local,local,urea,urea,0.09455,0.07844,NA,NA,0.42849618584249,1.1915529247379886,0.0100590792909793,0.0100590792909793,row,1.3458300000000072,1.2300984664595438,False,False,False,UKB AFR
AFR,urea,UREA,UREA,biochem_kidney,sumrhe,-1,33,GTEx_eQTL_MaxCPP,GTEx eQTL MaxCPP,0.04989,0.03966,39.76121,63.30379,5.88937e-06,5.15086e-06,5.64655,9.23934,False,False,AFR.UKB_local.local,local,AFR,UKB_local,local,urea,urea,0.09455,0.07844,NA,NA,5.313289756074219,2.2969135975106485,0.0132706556004484,0.0132706556004484,row,39.76121000000018,5.349124973552263,False,False,False,UKB AFR
AFR,urea,UREA,UREA,biochem_kidney,sumrhe,-1,34,BLUEPRINT_H3K27acQTL_MaxCPP,BLUEPRINT H3K27ac QTL,0.02488,0.04457,11.39117,23.11194,1.63492e-06,4.30795e-06,1.91325,4.90236,False,False,AFR.UKB_local.local,local,AFR,UKB_local,local,urea,urea,0.09455,0.07844,NA,NA,3.5098440303889693,2.927134019009748,0.023100453696578,0.023100453696578,row,11.391170000000038,3.6312405110588037,False,False,False,UKB AFR
AFR,urea,UREA,UREA,biochem_kidney,sumrhe,-1,35,BLUEPRINT_H3K4me1QTL_MaxCPP,BLUEPRINT H3K4me1 QTL,-0.01786,0.0289,-10.182,15.81412,-3.90988e-06,3.76096e-06,-4.05722,3.94553,False,False,AFR.UKB_local.local,local,AFR,UKB_local,local,urea,urea,0.09455,0.07844,NA,NA,NA,-2.2407142506406377,0.0185518331049671,0.0185518331049671,row,-10.182000000000013,-3.4831063449671764,True,False,False,UKB AFR
AFR,urea,UREA,UREA,biochem_kidney,sumrhe,-1,36,BLUEPRINT_DNA_methylation_MaxCPP,BLUEPRINT methylation QTL,0.08077,0.05231,19.78677,28.5402,3.56978e-06,2.6011e-06,5.70564,8.43169,False,False,AFR.UKB_local.local,local,AFR,UKB_local,local,urea,urea,0.09455,0.07844,NA,NA,4.306464220395388,2.080926043309706,0.0431731407842042,0.0431731407842042,row,19.786770000000033,4.3775936940163875,False,False,False,UKB AFR
AFR,urea,UREA,UREA,biochem_kidney,sumrhe,-1,38,non_synonymous,Nonsynonymous,-0.03412,0.04779,-46.53359,61.25543,-3.59958e-06,7.23429e-06,-3.34658,5.76316,False,False,AFR.UKB_local.local,local,AFR,UKB_local,local,urea,urea,0.09455,0.07844,NA,NA,NA,-1.8991207230845728,0.0077549844316079,0.0077549844316079,row,-46.53359000000026,-5.570875460962883,True,False,False,UKB AFR
AFR,urea,UREA,UREA,biochem_kidney,sumrhe,-1,45,Ancient_Sequence_Age_Human_Promoter_w_flanking,Ancient promoter age,-0.02624,0.03531,-22.12956,31.08426,-6.12795e-06,5.94098e-06,-7.22756,8.02763,False,False,AFR.UKB_local.local,local,AFR,UKB_local,local,urea,urea,0.09455,0.07844,NA,NA,NA,-2.0264798645659097,0.0125409234971081,0.0125409234971081,row,-22.129560000000055,-4.531665916336791,True,False,False,UKB AFR
AFR,calcium,Ca,Ca,biochem_mineral,sumrhe,-1,1,Coding_UCSC_w_flanking,Coding,0.02747,0.06386,NA,NA,-6.36243e-07,1.61997e-06,5.15139,163.551,False,False,AFR.UKB_local.local,local,AFR,UKB_local,local,calcium,calcium,-0.03826,0.12539,NA,NA,NA,NA,NA,0.1070118794931443,dataset_kind+pop+source+source_group+annotation,NA,NA,False,True,True,UKB AFR
AFR,calcium,Ca,Ca,biochem_mineral,sumrhe,-1,2,Conserved_LindbladToh_w_flanking,Conserved (LindbladToh),0.42261,0.13315,NA,NA,1.41729e-06,1.18934e-06,-18.4818,280.708,False,False,AFR.UKB_local.local,local,AFR,UKB_local,local,calcium,calcium,-0.03826,0.12539,NA,NA,NA,NA,NA,0.4539855740034122,dataset_kind+pop+source+source_group+annotation,NA,NA,False,True,True,UKB AFR
AFR,calcium,Ca,Ca,biochem_mineral,sumrhe,-1,6,DHS_Trynka_w_flanking,DHS + flank,0.19694,0.25583,NA,NA,-5.92299e-07,1.79199e-06,7.58098,145.194,False,False,AFR.UKB_local.local,local,AFR,UKB_local,local,calcium,calcium,-0.03826,0.12539,NA,NA,NA,NA,NA,0.6057972822456678,dataset_kind+pop+source+source_group+annotation,NA,NA,False,True,True,UKB AFR
AFR,calcium,Ca,Ca,biochem_mineral,sumrhe,-1,20,Promoter_UCSC_w_flanking,Promoter,-0.08251,0.10148,NA,NA,-1.99633e-06,1.779e-06,13.2693,232.917,False,False,AFR.UKB_local.local,local,AFR,UKB_local,local,calcium,calcium,-0.03826,0.12539,NA,NA,NA,NA,NA,0.0691912228852831,dataset_kind+pop+source+source_group+annotation,NA,NA,False,True,True,UKB AFR
AFR,calcium,Ca,Ca,biochem_mineral,sumrhe,-1,29,GERP.NS,GERP.NS,0.4819,0.49436,NA,NA,-2.5843e-07,3.74542e-07,9.76285,207.054,False,False,AFR.UKB_local.local,local,AFR,UKB_local,local,calcium,calcium,-0.03826,0.12539,NA,NA,NA,NA,NA,2.625186378549905,dataset_kind+pop+source+source_group+annotation,NA,NA,False,True,True,UKB AFR
AFR,calcium,Ca,Ca,biochem_mineral,sumrhe,-1,31,Backgrd_Selection_Stat,Background selection,-0.01162,0.01878,NA,NA,-4.98424e-07,7.21792e-07,2.44408,41.8175,False,False,AFR.UKB_local.local,local,AFR,UKB_local,local,calcium,calcium,-0.03826,0.12539,NA,NA,NA,NA,NA,0.1849190576852553,dataset_kind+pop+source+source_group+annotation,NA,NA,False,True,True,UKB AFR
AFR,calcium,Ca,Ca,biochem_mineral,sumrhe,-1,32,CpG_Content_50kb,CpG content (50 kb),-0.0011,0.0014,NA,NA,-3.94661e-05,7.21506e-05,5.27224,86.1847,False,False,AFR.UKB_local.local,local,AFR,UKB_local,local,calcium,calcium,-0.03826,0.12539,NA,NA,NA,NA,NA,0.0100268988645422,dataset_kind+pop+source+source_group+annotation,NA,NA,False,True,True,UKB AFR
AFR,calcium,Ca,Ca,biochem_mineral,sumrhe,-1,33,GTEx_eQTL_MaxCPP,GTEx eQTL MaxCPP,0.02028,0.04047,NA,NA,2.47856e-06,5.40998e-06,-5.87264,39.2461,False,False,AFR.UKB_local.local,local,AFR,UKB_local,local,calcium,calcium,-0.03826,0.12539,NA,NA,NA,NA,NA,0.013271850700614,dataset_kind+pop+source+source_group+annotation,NA,NA,False,True,True,UKB AFR
AFR,calcium,Ca,Ca,biochem_mineral,sumrhe,-1,34,BLUEPRINT_H3K27acQTL_MaxCPP,BLUEPRINT H3K27ac QTL,0.03664,0.04374,NA,NA,3.47604e-06,4.19172e-06,-10.0526,157.112,False,False,AFR.UKB_local.local,local,AFR,UKB_local,local,calcium,calcium,-0.03826,0.12539,NA,NA,NA,NA,NA,0.0231000358454644,dataset_kind+pop+source+source_group+annotation,NA,NA,False,True,True,UKB AFR
AFR,calcium,Ca,Ca,biochem_mineral,sumrhe,-1,35,BLUEPRINT_H3K4me1QTL_MaxCPP,BLUEPRINT H3K4me1 QTL,0.00161,0.04643,NA,NA,-6.47019e-07,5.79336e-06,1.65921,74.549,False,False,AFR.UKB_local.local,local,AFR,UKB_local,local,calcium,calcium,-0.03826,0.12539,NA,NA,NA,NA,NA,0.0185521413850718,dataset_kind+pop+source+source_group+annotation,NA,NA,False,True,True,UKB AFR
AFR,calcium,Ca,Ca,biochem_mineral,sumrhe,-1,36,BLUEPRINT_DNA_methylation_MaxCPP,BLUEPRINT methylation QTL,-0.03585,0.05136,NA,NA,-1.94315e-06,2.37955e-06,7.67515,93.8075,False,False,AFR.UKB_local.local,local,AFR,UKB_local,local,calcium,calcium,-0.03826,0.12539,NA,NA,NA,NA,NA,0.0431784974029914,dataset_kind+pop+source+source_group+annotation,NA,NA,False,True,True,UKB AFR
AFR,calcium,Ca,Ca,biochem_mineral,sumrhe,-1,38,non_synonymous,Nonsynonymous,-0.00679,0.02307,NA,NA,-1.0383e-06,3.16838e-06,2.38555,15.6023,False,False,AFR.UKB_local.local,local,AFR,UKB_local,local,calcium,calcium,-0.03826,0.12539,NA,NA,NA,NA,NA,0.0077553156009756,dataset_kind+pop+source+source_group+annotation,NA,NA,False,True,True,UKB AFR
AFR,calcium,Ca,Ca,biochem_mineral,sumrhe,-1,45,Ancient_Sequence_Age_Human_Promoter_w_flanking,Ancient promoter age,0.05653,0.0407,NA,NA,2.42171e-06,6.6176e-06,-7.05858,54.9627,False,False,AFR.UKB_local.local,local,AFR,UKB_local,local,calcium,calcium,-0.03826,0.12539,NA,NA,NA,NA,NA,0.0125418728637029,dataset_kind+pop+source+source_group+annotation,NA,NA,False,True,True,UKB AFR
SAS,GenesAndHealth.v010_quant_median.ALT_median,GenesAndHealth v010_quant_median ALT_median,NA,NA,sumrhe,-1,1,Coding_UCSC_w_flanking,Coding,0.05624,0.00905,2.31861,0.35134,-1.61232e-07,3.36483e-07,-0.113893,0.237295,False,False,SAS.GenesAndHealth.v010_quant_median,external,SAS,GenesAndHealth,v010_quant_median,ALT_median,alanine_aminotransferase,0.20019,0.01494,NA,433355.0,1.21326017298804,0.2186122183833971,0.1211644535053911,0.1211644535053911,row,2.318610000000001,1.730579095181272,False,False,False,External SAS
SAS,GenesAndHealth.v010_quant_median.ALT_median,GenesAndHealth v010_quant_median ALT_median,NA,NA,sumrhe,-1,2,Conserved_LindbladToh_w_flanking,Conserved (LindbladToh),0.12223,0.01439,1.35889,0.13389,6.66163e-08,2.01995e-07,0.0717305,0.217538,False,False,SAS.GenesAndHealth.v010_quant_median,external,SAS,GenesAndHealth,v010_quant_median,ALT_median,alanine_aminotransferase,0.20019,0.01494,NA,433355.0,0.4424286769460413,0.142147222383433,0.4493152194360011,0.4493152194360011,row,1.3588900000000002,1.238108144243075,False,False,False,External SAS
SAS,GenesAndHealth.v010_quant_median.ALT_median,GenesAndHealth v010_quant_median ALT_median,NA,NA,sumrhe,-1,6,DHS_Trynka_w_flanking,DHS + flank,0.15977,0.01664,1.29863,0.10579,6.75987e-08,1.85657e-07,0.0712194,0.194856,False,False,SAS.GenesAndHealth.v010_quant_median,external,SAS,GenesAndHealth,v010_quant_median,ALT_median,alanine_aminotransferase,0.20019,0.01494,NA,433355.0,0.3769904429478503,0.1175259376232209,0.6145644354264579,0.6145644354264579,row,1.29863,1.2007742606953828,False,False,False,External SAS
SAS,GenesAndHealth.v010_quant_median.ALT_median,GenesAndHealth v010_quant_median ALT_median,NA,NA,sumrhe,-1,20,Promoter_UCSC_w_flanking,Promoter,0.03169,0.00785,1.97192,0.46705,-2.86261e-07,2.87231e-07,-0.168381,0.16917,False,False,SAS.GenesAndHealth.v010_quant_median,external,SAS,GenesAndHealth,v010_quant_median,ALT_median,alanine_aminotransferase,0.20019,0.01494,NA,433355.0,0.9796010233464422,0.3417028676859053,0.0802768952926096,0.0802768952926096,row,1.971920000000002,1.5713952810324077,False,False,False,External SAS
SAS,GenesAndHealth.v010_quant_median.ALT_median,GenesAndHealth v010_quant_median ALT_median,NA,NA,sumrhe,-1,29,GERP.NS,GERP.NS,0.61812,0.05749,1.19116,0.06601,-1.00152e-08,5.36764e-08,-0.0321817,0.172065,False,False,SAS.GenesAndHealth.v010_quant_median,external,SAS,GenesAndHealth,v010_quant_median,ALT_median,alanine_aminotransferase,0.20019,0.01494,NA,433355.0,0.2523672131204953,0.0799492088796471,2.592151110362346,2.592151110362346,row,1.19116,1.131694834751965,False,False,False,External SAS
SAS,GenesAndHealth.v010_quant_median.ALT_median,GenesAndHealth v010_quant_median ALT_median,NA,NA,sumrhe,-1,31,Backgrd_Selection_Stat,Background selection,0.04621,0.00409,1.37006,0.09415,1.27187e-07,2.40242e-07,0.0496235,0.0934365,False,False,SAS.GenesAndHealth.v010_quant_median,external,SAS,GenesAndHealth,v010_quant_median,ALT_median,alanine_aminotransferase,0.20019,0.01494,NA,433355.0,0.4542390755266757,0.0991414522719413,0.1684821911629538,0.1684821911629538,row,1.3700600000000003,1.2449235825863,False,False,False,External SAS
SAS,GenesAndHealth.v010_quant_median.ALT_median,GenesAndHealth v010_quant_median ALT_median,NA,NA,sumrhe,-1,32,CpG_Content_50kb,CpG content (50 kb),0.00277,0.00024,1.26692,0.05878,9.78837e-06,1.08992e-05,0.127298,0.140384,False,False,SAS.GenesAndHealth.v010_quant_median,external,SAS,GenesAndHealth,v010_quant_median,ALT_median,alanine_aminotransferase,0.20019,0.01494,NA,433355.0,0.3413254279931906,0.0669352559778464,0.0109216485553638,0.0109216485553638,row,1.266920000000011,1.180733479018818,False,False,False,External SAS
SAS,GenesAndHealth.v010_quant_median.ALT_median,GenesAndHealth v010_quant_median ALT_median,NA,NA,sumrhe,-1,33,GTEx_eQTL_MaxCPP,GTEx eQTL MaxCPP,0.00975,0.00296,4.2997,1.38811,1.50631e-06,9.74346e-07,0.280707,0.182854,False,False,SAS.GenesAndHealth.v010_quant_median,external,SAS,GenesAndHealth,v010_quant_median,ALT_median,alanine_aminotransferase,0.20019,0.01494,NA,433355.0,2.1042360031610285,0.4657579396721583,0.0113272394481283,0.0113272394481283,row,4.299700000000034,2.4059106953811242,False,False,False,External SAS
SAS,GenesAndHealth.v010_quant_median.ALT_median,GenesAndHealth v010_quant_median ALT_median,NA,NA,sumrhe,-1,34,BLUEPRINT_H3K27acQTL_MaxCPP,BLUEPRINT H3K27ac QTL,0.01096,0.00332,2.34172,0.71475,4.5271e-07,5.78087e-07,0.11259,0.143647,False,False,SAS.GenesAndHealth.v010_quant_median,external,SAS,GenesAndHealth,v010_quant_median,ALT_median,alanine_aminotransferase,0.20019,0.01494,NA,433355.0,1.2275685827729623,0.4403456777391775,0.0233793918188598,0.0233793918188598,row,2.341720000000003,1.7405908562194223,False,False,False,External SAS
SAS,GenesAndHealth.v010_quant_median.ALT_median,GenesAndHealth v010_quant_median ALT_median,NA,NA,sumrhe,-1,35,BLUEPRINT_H3K4me1QTL_MaxCPP,BLUEPRINT H3K4me1 QTL,0.00519,0.00292,1.57731,0.89901,-4.20872e-07,7.4044e-07,-0.0877971,0.154012,False,False,SAS.GenesAndHealth.v010_quant_median,external,SAS,GenesAndHealth,v010_quant_median,ALT_median,alanine_aminotransferase,0.20019,0.01494,NA,433355.0,0.6574662311560745,0.8222843123479766,0.0164364461631811,0.0164364461631811,row,1.577310000000003,1.3658660756394267,False,False,False,External SAS
SAS,GenesAndHealth.v010_quant_median.ALT_median,GenesAndHealth v010_quant_median ALT_median,NA,NA,sumrhe,-1,36,BLUEPRINT_DNA_methylation_MaxCPP,BLUEPRINT methylation QTL,0.01975,0.00499,2.13891,0.53384,3.60823e-07,4.6504e-07,0.126113,0.162044,False,False,SAS.GenesAndHealth.v010_quant_median,external,SAS,GenesAndHealth,v010_quant_median,ALT_median,alanine_aminotransferase,0.20019,0.01494,NA,433355.0,1.0968757787697327,0.3600751413702139,0.0461245571516751,0.0461245571516751,row,2.138910000000004,1.6502636640219386,False,False,False,External SAS
SAS,GenesAndHealth.v010_quant_median.ALT_median,GenesAndHealth v010_quant_median ALT_median,NA,NA,sumrhe,-1,38,non_synonymous,Nonsynonymous,0.02,0.00616,3.044,0.89575,6.2767e-07,5.66408e-07,0.242071,0.215584,False,False,SAS.GenesAndHealth.v010_quant_median,external,SAS,GenesAndHealth,v010_quant_median,ALT_median,alanine_aminotransferase,0.20019,0.01494,NA,433355.0,1.6059683588414584,0.42453813497907,0.0328203318542522,0.0328203318542522,row,3.0440000000000054,2.0157829972409296,False,False,False,External SAS
SAS,GenesAndHealth.v010_quant_median.ALT_median,GenesAndHealth v010_quant_median ALT_median,NA,NA,sumrhe,-1,45,Ancient_Sequence_Age_Human_Promoter_w_flanking,Ancient promoter age,0.01376,0.00415,4.22731,1.26017,2.28763e-07,9.39254e-07,0.0626288,0.256214,False,False,SAS.GenesAndHealth.v010_quant_median,external,SAS,GenesAndHealth,v010_quant_median,ALT_median,alanine_aminotransferase,0.20019,0.01494,NA,433355.0,2.0797399129515743,0.4300704253241529,0.016259678621409,0.016259678621409,row,4.2273100000000055,2.3860687193133043,False,False,False,External SAS
SAS,GenesAndHealth.v010_quant_median.AST_median,GenesAndHealth v010_quant_median AST_median,NA,NA,sumrhe,-1,1,Coding_UCSC_w_flanking,Coding,0.06943,0.01714,2.40525,0.58719,5.04156e-07,6.53593e-07,0.299246,0.387692,False,False,SAS.GenesAndHealth.v010_quant_median,external,SAS,GenesAndHealth,v010_quant_median,AST_median,asp_at,0.23825,0.02878,NA,433356.0,1.266186854500716,0.3522029315287768,0.1211585403694022,0.1211585403694022,row,2.405250000000001,1.7677607190949907,False,False,False,External SAS
SAS,GenesAndHealth.v010_quant_median.AST_median,GenesAndHealth v010_quant_median AST_median,NA,NA,sumrhe,-1,2,Conserved_LindbladToh_w_flanking,Conserved (LindbladToh),0.10326,0.03151,0.96466,0.26305,-6.21715e-07,4.44535e-07,-0.562513,0.405698,False,False,SAS.GenesAndHealth.v010_quant_median,external,SAS,GenesAndHealth,v010_quant_median,AST_median,asp_at,0.23825,0.02878,NA,433356.0,-0.0519075491350434,0.3934038215597639,0.4492881256772798,0.4492881256772798,row,0.96466,0.9742796642623428,False,False,False,External SAS
SAS,GenesAndHealth.v010_quant_median.AST_median,GenesAndHealth v010_quant_median AST_median,NA,NA,sumrhe,-1,6,DHS_Trynka_w_flanking,DHS + flank,0.17992,0.03489,1.22884,0.19326,3.12148e-07,4.10891e-07,0.276336,0.363113,False,False,SAS.GenesAndHealth.v010_quant_median,external,SAS,GenesAndHealth,v010_quant_median,AST_median,asp_at,0.23825,0.02878,NA,433356.0,0.2972970831365515,0.2268930402674075,0.6145414679377711,0.6145414679377711,row,1.22884,1.1562930546902657,False,False,False,External SAS
SAS,GenesAndHealth.v010_quant_median.AST_median,GenesAndHealth v010_quant_median AST_median,NA,NA,sumrhe,-1,20,Promoter_UCSC_w_flanking,Promoter,0.0239,0.01376,1.24979,0.7008,-3.52617e-07,5.21989e-07,-0.174284,0.257399,False,False,SAS.GenesAndHealth.v010_quant_median,external,SAS,GenesAndHealth,v010_quant_median,AST_median,asp_at,0.23825,0.02878,NA,433356.0,0.3216857017589,0.8089684544243317,0.0802653208803087,0.0802653208803087,row,1.2497900000000006,1.169790343621034,False,False,False,External SAS
SAS,GenesAndHealth.v010_quant_median.AST_median,GenesAndHealth v010_quant_median AST_median,NA,NA,sumrhe,-1,29,GERP.NS,GERP.NS,0.66095,0.1143,1.07024,0.13388,-4.94239e-08,1.3699e-07,-0.133444,0.371389,False,False,SAS.GenesAndHealth.v010_quant_median,external,SAS,GenesAndHealth,v010_quant_median,AST_median,asp_at,0.23825,0.02878,NA,433356.0,0.0979343554901616,0.1804716811875975,2.592116514607858,2.592116514607858,row,1.07024,1.049798027018845,False,False,False,External SAS
SAS,GenesAndHealth.v010_quant_median.AST_median,GenesAndHealth v010_quant_median AST_median,NA,NA,sumrhe,-1,31,Backgrd_Selection_Stat,Background selection,0.05048,0.00722,1.25753,0.14015,-1.69985e-07,4.34595e-07,-0.0557278,0.140198,False,False,SAS.GenesAndHealth.v010_quant_median,external,SAS,GenesAndHealth,v010_quant_median,AST_median,asp_at,0.23825,0.02878,NA,433356.0,0.3305928177922039,0.1607863907664932,0.1684876536691553,0.1684876536691553,row,1.2575300000000005,1.1747451596058676,False,False,False,External SAS
SAS,GenesAndHealth.v010_quant_median.AST_median,GenesAndHealth v010_quant_median AST_median,NA,NA,sumrhe,-1,32,CpG_Content_50kb,CpG content (50 kb),0.00318,0.00043,1.22012,0.08785,-2.86597e-06,2.05729e-05,-0.0313185,0.224497,False,False,SAS.GenesAndHealth.v010_quant_median,external,SAS,GenesAndHealth,v010_quant_median,AST_median,asp_at,0.23825,0.02878,NA,433356.0,0.2870230452399642,0.1038756510360418,0.0109393537022952,0.0109393537022952,row,1.2201200000000068,1.1506376579835227,False,False,False,External SAS
SAS,GenesAndHealth.v010_quant_median.AST_median,GenesAndHealth v010_quant_median AST_median,NA,NA,sumrhe,-1,33,GTEx_eQTL_MaxCPP,GTEx eQTL MaxCPP,0.01143,0.00452,4.23411,1.79055,2.15916e-06,1.4918e-06,0.338096,0.238526,False,False,SAS.GenesAndHealth.v010_quant_median,external,SAS,GenesAndHealth,v010_quant_median,AST_median,asp_at,0.23825,0.02878,NA,433356.0,2.082058750307489,0.6100969520073247,0.0113305550326656,0.0113305550326656,row,4.234110000000015,2.3879442443681653,False,False,False,External SAS
SAS,GenesAndHealth.v010_quant_median.AST_median,GenesAndHealth v010_quant_median AST_median,NA,NA,sumrhe,-1,34,BLUEPRINT_H3K27acQTL_MaxCPP,BLUEPRINT H3K27ac QTL,0.02134,0.00719,3.82994,1.33954,2.27481e-06,1.29386e-06,0.475382,0.275855,False,False,SAS.GenesAndHealth.v010_quant_median,external,SAS,GenesAndHealth,v010_quant_median,AST_median,asp_at,0.23825,0.02878,NA,433356.0,1.9373217910065013,0.5045895536411542,0.0233867318138748,0.0233867318138748,row,3.8299400000000112,2.2720052672722097,False,False,False,External SAS
SAS,GenesAndHealth.v010_quant_median.AST_median,GenesAndHealth v010_quant_median AST_median,NA,NA,sumrhe,-1,35,BLUEPRINT_H3K4me1QTL_MaxCPP,BLUEPRINT H3K4me1 QTL,0.013,0.00486,3.32161,1.29196,1.47883e-06,1.21217e-06,0.259218,0.216318,False,False,SAS.GenesAndHealth.v010_quant_median,external,SAS,GenesAndHealth,v010_quant_median,AST_median,asp_at,0.23825,0.02878,NA,433356.0,1.7318826921756918,0.5611448318817998,0.016427134146849,0.016427134146849,row,3.321610000000006,2.1115688832910906,False,False,False,External SAS
SAS,GenesAndHealth.v010_quant_median.AST_median,GenesAndHealth v010_quant_median AST_median,NA,NA,sumrhe,-1,36,BLUEPRINT_DNA_methylation_MaxCPP,BLUEPRINT methylation QTL,0.01247,0.00901,1.13495,0.81113,-6.73539e-07,8.74738e-07,-0.197809,0.255807,False,False,SAS.GenesAndHealth.v010_quant_median,external,SAS,GenesAndHealth,v010_quant_median,AST_median,asp_at,0.23825,0.02878,NA,433356.0,0.1826287412686462,1.031070292538231,0.0461165505208521,0.0461165505208521,row,1.134950000000001,1.094202282681023,False,False,False,External SAS
SAS,GenesAndHealth.v010_quant_median.AST_median,GenesAndHealth v010_quant_median AST_median,NA,NA,sumrhe,-1,38,non_synonymous,Nonsynonymous,0.02583,0.00995,3.30341,1.23713,7.71826e-07,9.79066e-07,0.250119,0.316681,False,False,SAS.GenesAndHealth.v010_quant_median,external,SAS,GenesAndHealth,v010_quant_median,AST_median,asp_at,0.23825,0.02878,NA,433356.0,1.723956039638022,0.5402905833471968,0.0328192776269253,0.0328192776269253,row,3.3034100000000026,2.1054802971276274,False,False,False,External SAS
SAS,GenesAndHealth.v010_quant_median.AST_median,GenesAndHealth v010_quant_median AST_median,NA,NA,sumrhe,-1,45,Ancient_Sequence_Age_Human_Promoter_w_flanking,Ancient promoter age,0.00912,0.00841,2.35393,2.1628,-2.00027e-07,1.8788e-06,-0.0460144,0.429772,False,False,SAS.GenesAndHealth.v010_quant_median,external,SAS,GenesAndHealth,v010_quant_median,AST_median,asp_at,0.23825,0.02878,NA,433356.0,1.2350714188664071,1.3255537906542036,0.0162617913756686,0.0162617913756686,row,2.3539300000000005,1.7458525786736596,False,False,False,External SAS
SAS,GenesAndHealth.v010_quant_median.GGT_median,GenesAndHealth v010_quant_median GGT_median,NA,NA,sumrhe,-1,1,Coding_UCSC_w_flanking,Coding,0.09426,0.02074,2.16123,0.44003,5.73995e-07,6.72668e-07,0.225515,0.262329,False,False,SAS.GenesAndHealth.v010_quant_median,external,SAS,GenesAndHealth,v010_quant_median,GGT_median,ggt,0.35995,0.0292,NA,433359.0,1.111852613244388,0.2937350947573236,0.1211669762707222,0.1211669762707222,row,2.16123,1.6604860044888803,False,False,False,External SAS
SAS,GenesAndHealth.v010_quant_median.GGT_median,GenesAndHealth v010_quant_median GGT_median,NA,NA,sumrhe,-1,2,Conserved_LindbladToh_w_flanking,Conserved (LindbladToh),0.20547,0.03726,1.2705,0.22544,-5.30103e-07,8.19939e-07,-0.317465,0.492598,False,False,SAS.GenesAndHealth.v010_quant_median,external,SAS,GenesAndHealth,v010_quant_median,GGT_median,ggt,0.35995,0.0292,NA,433359.0,0.3453963753912677,0.255994624177889,0.4492949876778439,0.4492949876778439,row,1.2705,1.1830100367622471,False,False,False,External SAS
SAS,GenesAndHealth.v010_quant_median.GGT_median,GenesAndHealth v010_quant_median GGT_median,NA,NA,sumrhe,-1,6,DHS_Trynka_w_flanking,DHS + flank,0.26662,0.03441,1.20528,0.13356,-4.40516e-07,4.34313e-07,-0.258127,0.25304,False,False,SAS.GenesAndHealth.v010_quant_median,external,SAS,GenesAndHealth,v010_quant_median,GGT_median,ggt,0.35995,0.0292,NA,433359.0,0.2693683395558442,0.159868536490384,0.6145576032572485,0.6145576032572485,row,1.20528,1.140961843522346,False,False,False,External SAS
SAS,GenesAndHealth.v010_quant_median.GGT_median,GenesAndHealth v010_quant_median GGT_median,NA,NA,sumrhe,-1,20,Promoter_UCSC_w_flanking,Promoter,0.05855,0.01577,2.02602,0.52702,-2.7373e-07,6.34431e-07,-0.0895509,0.205905,False,False,SAS.GenesAndHealth.v010_quant_median,external,SAS,GenesAndHealth,v010_quant_median,GGT_median,ggt,0.35995,0.0292,NA,433359.0,1.0186484158756752,0.3752821494601739,0.0802862167013242,0.0802862167013242,row,2.0260199999999995,1.5974215228505735,False,False,False,External SAS
SAS,GenesAndHealth.v010_quant_median.GGT_median,GenesAndHealth v010_quant_median GGT_median,NA,NA,sumrhe,-1,29,GERP.NS,GERP.NS,1.1754,0.11817,1.25976,0.08688,1.83493e-07,1.24089e-07,0.327931,0.220508,False,False,SAS.GenesAndHealth.v010_quant_median,external,SAS,GenesAndHealth,v010_quant_median,GGT_median,ggt,0.35995,0.0292,NA,433359.0,0.3331489084951219,0.0994962097164802,2.592123527666559,2.592123527666559,row,1.25976,1.176169557952011,False,False,False,External SAS
SAS,GenesAndHealth.v010_quant_median.GGT_median,GenesAndHealth v010_quant_median GGT_median,NA,NA,sumrhe,-1,31,Backgrd_Selection_Stat,Background selection,0.08541,0.01009,1.40838,0.14267,2.60379e-07,6.81688e-07,0.0565018,0.146969,False,False,SAS.GenesAndHealth.v010_quant_median,external,SAS,GenesAndHealth,v010_quant_median,GGT_median,ggt,0.35995,0.0292,NA,433359.0,0.4940366451611045,0.1461461405896337,0.1684793563996268,0.1684793563996268,row,1.40838,1.2680630419577488,False,False,False,External SAS
SAS,GenesAndHealth.v010_quant_median.GGT_median,GenesAndHealth v010_quant_median GGT_median,NA,NA,sumrhe,-1,32,CpG_Content_50kb,CpG content (50 kb),0.0048,0.00045,1.21804,0.06439,1.3447e-05,2.16205e-05,0.0972637,0.155189,False,False,SAS.GenesAndHealth.v010_quant_median,external,SAS,GenesAndHealth,v010_quant_median,GGT_median,ggt,0.35995,0.0292,NA,433359.0,0.2845615116137637,0.0762660780293261,0.0109480685711656,0.0109480685711656,row,1.218040000000001,1.1492853832098504,False,False,False,External SAS
SAS,GenesAndHealth.v010_quant_median.GGT_median,GenesAndHealth v010_quant_median GGT_median,NA,NA,sumrhe,-1,33,GTEx_eQTL_MaxCPP,GTEx eQTL MaxCPP,0.00709,0.00572,1.73954,1.40948,2.5668e-08,1.8447e-06,0.00266036,0.190826,False,False,SAS.GenesAndHealth.v010_quant_median,external,SAS,GenesAndHealth,v010_quant_median,GGT_median,ggt,0.35995,0.0292,NA,433359.0,0.7987058535126449,1.1689583488923372,0.0113232119778284,0.0113232119778284,row,1.7395400000000036,1.4539336685755746,False,False,False,External SAS
SAS,GenesAndHealth.v010_quant_median.GGT_median,GenesAndHealth v010_quant_median GGT_median,NA,NA,sumrhe,-1,34,BLUEPRINT_H3K27acQTL_MaxCPP,BLUEPRINT H3K27ac QTL,0.00696,0.00735,0.82713,0.86061,-5.31047e-07,1.35635e-06,-0.0734555,0.187636,False,False,SAS.GenesAndHealth.v010_quant_median,external,SAS,GenesAndHealth,v010_quant_median,GGT_median,ggt,0.35995,0.0292,NA,433359.0,-0.2738139993289003,1.5010914597940477,0.0233772428657075,0.0233772428657075,row,0.8271300000000027,0.8695792851329289,False,False,False,External SAS
SAS,GenesAndHealth.v010_quant_median.GGT_median,GenesAndHealth v010_quant_median GGT_median,NA,NA,sumrhe,-1,35,BLUEPRINT_H3K4me1QTL_MaxCPP,BLUEPRINT H3K4me1 QTL,0.00074,0.00533,0.12542,0.90252,-1.68981e-06,1.45131e-06,-0.196055,0.167942,False,False,SAS.GenesAndHealth.v010_quant_median,external,SAS,GenesAndHealth,v010_quant_median,GGT_median,ggt,0.35995,0.0292,NA,433359.0,-2.9951606701914826,10.381606827484507,0.0163916527590507,0.0163916527590507,row,0.12542000000000034,0.17046350707611313,False,False,False,External SAS
SAS,GenesAndHealth.v010_quant_median.GGT_median,GenesAndHealth v010_quant_median GGT_median,NA,NA,sumrhe,-1,36,BLUEPRINT_DNA_methylation_MaxCPP,BLUEPRINT methylation QTL,0.01126,0.00886,0.67849,0.53568,-9.93862e-07,8.69701e-07,-0.193198,0.168149,False,False,SAS.GenesAndHealth.v010_quant_median,external,SAS,GenesAndHealth,v010_quant_median,GGT_median,ggt,0.35995,0.0292,NA,433359.0,-0.5596005424071606,1.1390335590847322,0.0461055026853988,0.0461055026853988,row,0.6784900000000004,0.7471639418651419,False,False,False,External SAS
SAS,GenesAndHealth.v010_quant_median.GGT_median,GenesAndHealth v010_quant_median GGT_median,NA,NA,sumrhe,-1,38,non_synonymous,Nonsynonymous,0.02621,0.01221,2.21883,1.01543,-6.98101e-07,1.14481e-06,-0.149751,0.244264,False,False,SAS.GenesAndHealth.v010_quant_median,external,SAS,GenesAndHealth,v010_quant_median,GGT_median,ggt,0.35995,0.0292,NA,433359.0,1.1497991368669758,0.6602379746848024,0.0328171463532108,0.0328171463532108,row,2.218830000000004,1.6865363840124252,False,False,False,External SAS
SAS,GenesAndHealth.v010_quant_median.GGT_median,GenesAndHealth v010_quant_median GGT_median,NA,NA,sumrhe,-1,45,Ancient_Sequence_Age_Human_Promoter_w_flanking,Ancient promoter age,0.03658,0.01237,6.2505,2.15035,4.08619e-06,2.36662e-06,0.622181,0.353521,False,False,SAS.GenesAndHealth.v010_quant_median,external,SAS,GenesAndHealth,v010_quant_median,GGT_median,ggt,0.35995,0.0292,NA,433359.0,2.643971600761618,0.4963281787337945,0.0162587354172938,0.0162587354172938,row,6.250500000000022,2.858080487906547,False,False,False,External SAS
SAS,GenesAndHealth.v010_quant_median.HbA1c_median,GenesAndHealth v010_quant_median HbA1c_median,NA,NA,sumrhe,-1,1,Coding_UCSC_w_flanking,Coding,0.06324,0.0087,1.54613,0.19776,1.28096e-07,3.23337e-07,0.0536697,0.135345,False,False,SAS.GenesAndHealth.v010_quant_median,external,SAS,GenesAndHealth,v010_quant_median,HbA1c_median,hba1c,0.33752,0.01833,NA,433347.0,0.6286616274583576,0.1845300015433381,0.121184295348666,0.121184295348666,row,1.546130000000001,1.3483060820700932,False,False,False,External SAS
SAS,GenesAndHealth.v010_quant_median.HbA1c_median,GenesAndHealth v010_quant_median HbA1c_median,NA,NA,sumrhe,-1,2,Conserved_LindbladToh_w_flanking,Conserved (LindbladToh),0.17894,0.01743,1.17999,0.0951,2.8628e-08,2.38257e-07,0.0182829,0.151564,False,False,SAS.GenesAndHealth.v010_quant_median,external,SAS,GenesAndHealth,v010_quant_median,HbA1c_median,hba1c,0.33752,0.01833,NA,433347.0,0.2387746333061502,0.1162724246718535,0.4492929394605348,0.4492929394605348,row,1.17999,1.124321517119863,False,False,False,External SAS
SAS,GenesAndHealth.v010_quant_median.HbA1c_median,GenesAndHealth v010_quant_median HbA1c_median,NA,NA,sumrhe,-1,6,DHS_Trynka_w_flanking,DHS + flank,0.21482,0.01821,1.03565,0.06325,-1.46493e-07,1.89432e-07,-0.0915401,0.118111,False,False,SAS.GenesAndHealth.v010_quant_median,external,SAS,GenesAndHealth,v010_quant_median,HbA1c_median,hba1c,0.33752,0.01833,NA,433347.0,0.050536523702076,0.0881093625609298,0.6145570291128842,0.6145570291128842,row,1.03565,1.0254895325970081,False,False,False,External SAS
SAS,GenesAndHealth.v010_quant_median.HbA1c_median,GenesAndHealth v010_quant_median HbA1c_median,NA,NA,sumrhe,-1,20,Promoter_UCSC_w_flanking,Promoter,0.04769,0.00924,1.76001,0.2953,2.61957e-07,2.83687e-07,0.0913921,0.0984602,False,False,SAS.GenesAndHealth.v010_quant_median,external,SAS,GenesAndHealth,v010_quant_median,HbA1c_median,hba1c,0.33752,0.01833,NA,433347.0,0.8155836259701995,0.2420599005542644,0.0802809817257133,0.0802809817257133,row,1.7600100000000016,1.464673494149921,False,False,False,External SAS
SAS,GenesAndHealth.v010_quant_median.HbA1c_median,GenesAndHealth v010_quant_median HbA1c_median,NA,NA,sumrhe,-1,29,GERP.NS,GERP.NS,0.97682,0.06698,1.11648,0.0506,1.06375e-07,6.85502e-08,0.202732,0.130315,False,False,SAS.GenesAndHealth.v010_quant_median,external,SAS,GenesAndHealth,v010_quant_median,HbA1c_median,hba1c,0.33752,0.01833,NA,433347.0,0.1589574077575627,0.0653843947665713,2.5921735979757194,2.5921735979757194,row,1.11648,1.0816668557543032,False,False,False,External SAS
SAS,GenesAndHealth.v010_quant_median.HbA1c_median,GenesAndHealth v010_quant_median HbA1c_median,NA,NA,sumrhe,-1,31,Backgrd_Selection_Stat,Background selection,0.06283,0.00464,1.10484,0.0535,-1.80325e-08,2.74991e-07,-0.00417289,0.0631842,False,False,SAS.GenesAndHealth.v010_quant_median,external,SAS,GenesAndHealth,v010_quant_median,HbA1c_median,hba1c,0.33752,0.01833,NA,433347.0,0.1438374574719855,0.0698600563769953,0.1684876830467565,0.1684876830467565,row,1.1048400000000005,1.0737105705934915,False,False,False,External SAS
SAS,GenesAndHealth.v010_quant_median.HbA1c_median,GenesAndHealth v010_quant_median HbA1c_median,NA,NA,sumrhe,-1,32,CpG_Content_50kb,CpG content (50 kb),0.00444,0.00045,1.20247,0.07586,3.52316e-05,2.03074e-05,0.271753,0.150856,False,False,SAS.GenesAndHealth.v010_quant_median,external,SAS,GenesAndHealth,v010_quant_median,HbA1c_median,hba1c,0.33752,0.01833,NA,433347.0,0.2660009011544677,0.0910150322268636,0.0109397955984542,0.0109397955984542,row,1.2024700000000061,1.1391223682281033,False,False,False,External SAS
SAS,GenesAndHealth.v010_quant_median.HbA1c_median,GenesAndHealth v010_quant_median HbA1c_median,NA,NA,sumrhe,-1,33,GTEx_eQTL_MaxCPP,GTEx eQTL MaxCPP,0.00266,0.00256,0.69695,0.6728,-1.09169e-06,8.77567e-07,-0.120662,0.0952963,False,False,SAS.GenesAndHealth.v010_quant_median,external,SAS,GenesAndHealth,v010_quant_median,HbA1c_median,hba1c,0.33752,0.01833,NA,433347.0,-0.520872935693948,1.3927042449387972,0.0113078620538094,0.0113078620538094,row,0.6969500000000004,0.7629440570345273,False,False,False,External SAS
SAS,GenesAndHealth.v010_quant_median.HbA1c_median,GenesAndHealth v010_quant_median HbA1c_median,NA,NA,sumrhe,-1,34,BLUEPRINT_H3K27acQTL_MaxCPP,BLUEPRINT H3K27ac QTL,0.01204,0.00357,1.52502,0.42369,1.10686e-08,5.71202e-07,0.00163271,0.0842336,False,False,SAS.GenesAndHealth.v010_quant_median,external,SAS,GenesAndHealth,v010_quant_median,HbA1c_median,hba1c,0.33752,0.01833,NA,433347.0,0.6088281631421558,0.4008179970585598,0.0233911425293684,0.0233911425293684,row,1.5250200000000036,1.3362948151066307,False,False,False,External SAS
SAS,GenesAndHealth.v010_quant_median.HbA1c_median,GenesAndHealth v010_quant_median HbA1c_median,NA,NA,sumrhe,-1,35,BLUEPRINT_H3K4me1QTL_MaxCPP,BLUEPRINT H3K4me1 QTL,0.00929,0.00267,1.67543,0.46788,3.41183e-07,7.31237e-07,0.0422137,0.0902099,False,False,SAS.GenesAndHealth.v010_quant_median,external,SAS,GenesAndHealth,v010_quant_median,HbA1c_median,hba1c,0.33752,0.01833,NA,433347.0,0.7445314115423828,0.4028865161368294,0.0164281974517593,0.0164281974517593,row,1.6754300000000006,1.4197707827333383,False,False,False,External SAS
SAS,GenesAndHealth.v010_quant_median.HbA1c_median,GenesAndHealth v010_quant_median HbA1c_median,NA,NA,sumrhe,-1,36,BLUEPRINT_DNA_methylation_MaxCPP,BLUEPRINT methylation QTL,0.02851,0.00715,1.83164,0.41795,5.70718e-07,5.4174e-07,0.118311,0.110657,False,False,SAS.GenesAndHealth.v010_quant_median,external,SAS,GenesAndHealth,v010_quant_median,HbA1c_median,hba1c,0.33752,0.01833,NA,433347.0,0.8731359765509973,0.329199183430992,0.0461166323620604,0.0461166323620604,row,1.8316400000000035,1.5016378603261606,False,False,False,External SAS
SAS,GenesAndHealth.v010_quant_median.HbA1c_median,GenesAndHealth v010_quant_median HbA1c_median,NA,NA,sumrhe,-1,38,non_synonymous,Nonsynonymous,0.00934,0.00446,0.84336,0.39411,-1.20448e-06,4.3215e-07,-0.275534,0.0977774,False,False,SAS.GenesAndHealth.v010_quant_median,external,SAS,GenesAndHealth,v010_quant_median,HbA1c_median,hba1c,0.33752,0.01833,NA,433347.0,-0.2457794977072794,0.6741848588559446,0.0328121255764085,0.0328121255764085,row,0.8433600000000018,0.8823378504021995,False,False,False,External SAS
SAS,GenesAndHealth.v010_quant_median.HbA1c_median,GenesAndHealth v010_quant_median HbA1c_median,NA,NA,sumrhe,-1,45,Ancient_Sequence_Age_Human_Promoter_w_flanking,Ancient promoter age,0.01063,0.0035,1.93775,0.63566,3.15526e-08,8.85346e-07,0.00512305,0.143342,False,False,SAS.GenesAndHealth.v010_quant_median,external,SAS,GenesAndHealth,v010_quant_median,HbA1c_median,hba1c,0.33752,0.01833,NA,433347.0,0.9543824525767844,0.4732620460283723,0.0162530924833988,0.0162530924833988,row,1.9377500000000043,1.5547116290098177,False,False,False,External SAS
SAS,GLGC2021.without_UKB_SAS.HDL,GLGC2021 without_UKB_SAS HDL,NA,NA,sumrhe,-1,1,Coding_UCSC_w_flanking,Coding,0.08556,0.01885,1.54231,0.29884,1.40882e-06,6.32646e-07,0.432108,0.187763,False,False,SAS.GLGC2021.without_UKB_SAS,external,SAS,GLGC2021,without_UKB_SAS,HDL,hdl,0.46468,0.02812,NA,439575.0,0.6250927720707974,0.2795384754162637,0.1193837236708455,0.1193837236708455,row,1.5423100000000005,1.3461399580354125,False,False,False,External SAS
SAS,GLGC2021.without_UKB_SAS.HDL,GLGC2021 without_UKB_SAS HDL,NA,NA,sumrhe,-1,2,Conserved_LindbladToh_w_flanking,Conserved (LindbladToh),0.21649,0.0279,1.04112,0.11175,6.62759e-11,4.15876e-07,3.11739e-05,0.195949,False,False,SAS.GLGC2021.without_UKB_SAS,external,SAS,GLGC2021,without_UKB_SAS,HDL,hdl,0.46468,0.02812,NA,439575.0,0.0581363639566184,0.1548535911512041,0.4474897276912994,0.4474897276912994,row,1.0411200000000003,1.0293610027115123,False,False,False,External SAS
SAS,GLGC2021.without_UKB_SAS.HDL,GLGC2021 without_UKB_SAS HDL,NA,NA,sumrhe,-1,6,DHS_Trynka_w_flanking,DHS + flank,0.27404,0.02506,0.96117,0.05741,-1.92813e-07,2.80991e-07,-0.0888136,0.129693,False,False,SAS.GLGC2021.without_UKB_SAS,external,SAS,GLGC2021,without_UKB_SAS,HDL,hdl,0.46468,0.02812,NA,439575.0,-0.0571364750573897,0.0861711479732361,0.6135638600314981,0.6135638600314981,row,0.9611700000000001,0.9717145980118538,False,False,False,External SAS
SAS,GLGC2021.without_UKB_SAS.HDL,GLGC2021 without_UKB_SAS HDL,NA,NA,sumrhe,-1,20,Promoter_UCSC_w_flanking,Promoter,0.05793,0.01789,1.55721,0.43658,-2.49102e-08,4.00072e-07,-0.00639462,0.103254,False,False,SAS.GLGC2021.without_UKB_SAS,external,SAS,GLGC2021,without_UKB_SAS,HDL,hdl,0.46468,0.02812,NA,439575.0,0.6389635144421222,0.4044745416169327,0.0800575626396033,0.0800575626396033,row,1.5572100000000006,1.3545706406414904,False,False,False,External SAS
SAS,GLGC2021.without_UKB_SAS.HDL,GLGC2021 without_UKB_SAS HDL,NA,NA,sumrhe,-1,29,GERP.NS,GERP.NS,1.11209,0.08124,0.92615,0.04679,-1.12795e-07,8.8188e-08,-0.158195,0.120765,False,False,SAS.GLGC2021.without_UKB_SAS,external,SAS,GLGC2021,without_UKB_SAS,HDL,hdl,0.46468,0.02812,NA,439575.0,-0.1106822224270305,0.0728863585414831,2.5840720807422226,2.5840720807422226,row,0.9261500000000001,0.945720058233093,False,False,False,External SAS
SAS,GLGC2021.without_UKB_SAS.HDL,GLGC2021 without_UKB_SAS HDL,NA,NA,sumrhe,-1,31,Backgrd_Selection_Stat,Background selection,0.08033,0.00731,1.03069,0.0727,-6.82368e-07,5.36744e-07,-0.11596,0.0869868,False,False,SAS.GLGC2021.without_UKB_SAS,external,SAS,GLGC2021,without_UKB_SAS,HDL,hdl,0.46468,0.02812,NA,439575.0,0.0436104794438471,0.10176088782527,0.1677241979752274,0.1677241979752274,row,1.0306900000000003,1.0219700182663378,False,False,False,External SAS
SAS,GLGC2021.without_UKB_SAS.HDL,GLGC2021 without_UKB_SAS HDL,NA,NA,sumrhe,-1,32,CpG_Content_50kb,CpG content (50 kb),0.00626,0.00053,1.23238,0.04441,4.93434e-05,1.93046e-05,0.279402,0.108885,False,False,SAS.GLGC2021.without_UKB_SAS,external,SAS,GLGC2021,without_UKB_SAS,HDL,hdl,0.46468,0.02812,NA,439575.0,0.3014471745274319,0.0519889050178344,0.0109313981036193,0.0109313981036193,row,1.232380000000009,1.1585826263844048,False,False,False,External SAS
SAS,GLGC2021.without_UKB_SAS.HDL,GLGC2021 without_UKB_SAS HDL,NA,NA,sumrhe,-1,33,GTEx_eQTL_MaxCPP,GTEx eQTL MaxCPP,0.00668,0.00451,1.27439,0.84498,-1.02099e-07,1.33716e-06,-0.00830681,0.1085,False,False,SAS.GLGC2021.without_UKB_SAS,external,SAS,GLGC2021,without_UKB_SAS,HDL,hdl,0.46468,0.02812,NA,439575.0,0.3498068513488891,0.9565740908594358,0.0112802864148208,0.0112802864148208,row,1.2743900000000041,1.1854796609245433,False,False,False,External SAS
SAS,GLGC2021.without_UKB_SAS.HDL,GLGC2021 without_UKB_SAS HDL,NA,NA,sumrhe,-1,34,BLUEPRINT_H3K27acQTL_MaxCPP,BLUEPRINT H3K27ac QTL,0.01916,0.00522,1.77276,0.4894,1.07158e-06,9.33563e-07,0.116176,0.100794,False,False,SAS.GLGC2021.without_UKB_SAS,external,SAS,GLGC2021,without_UKB_SAS,HDL,hdl,0.46468,0.02812,NA,439575.0,0.8259972343490839,0.3982800565282716,0.0232590290001595,0.0232590290001595,row,1.7727600000000021,1.4713227473567247,False,False,False,External SAS
SAS,GLGC2021.without_UKB_SAS.HDL,GLGC2021 without_UKB_SAS HDL,NA,NA,sumrhe,-1,35,BLUEPRINT_H3K4me1QTL_MaxCPP,BLUEPRINT H3K4me1 QTL,0.00701,0.00402,0.92447,0.53043,-8.12729e-07,1.05073e-06,-0.0738545,0.0953659,False,False,SAS.GLGC2021.without_UKB_SAS,external,SAS,GLGC2021,without_UKB_SAS,HDL,hdl,0.46468,0.02812,NA,439575.0,-0.113301591432551,0.8277702148676893,0.0163181610436454,0.0163181610436454,row,0.9244700000000046,0.9444611815729841,False,False,False,External SAS
SAS,GLGC2021.without_UKB_SAS.HDL,GLGC2021 without_UKB_SAS HDL,NA,NA,sumrhe,-1,36,BLUEPRINT_DNA_methylation_MaxCPP,BLUEPRINT methylation QTL,0.03427,0.00828,1.61174,0.36736,5.98907e-07,6.96466e-07,0.0911201,0.105132,False,False,SAS.GLGC2021.without_UKB_SAS,external,SAS,GLGC2021,without_UKB_SAS,HDL,hdl,0.46468,0.02812,NA,439575.0,0.6886190323497875,0.328829991326746,0.0457578003879105,0.0457578003879105,row,1.6117400000000028,1.3850112830326065,False,False,False,External SAS
SAS,GLGC2021.without_UKB_SAS.HDL,GLGC2021 without_UKB_SAS HDL,NA,NA,sumrhe,-1,38,non_synonymous,Nonsynonymous,0.00615,0.00576,0.41078,0.39028,-2.09537e-06,7.83736e-07,-0.350074,0.126336,False,False,SAS.GLGC2021.without_UKB_SAS,external,SAS,GLGC2021,without_UKB_SAS,HDL,hdl,0.46468,0.02812,NA,439575.0,-1.283562153258576,1.3706972602321066,0.0322189842486488,0.0322189842486488,row,0.41078000000000087,0.4964930285764479,False,False,False,External SAS
SAS,GLGC2021.without_UKB_SAS.HDL,GLGC2021 without_UKB_SAS HDL,NA,NA,sumrhe,-1,45,Ancient_Sequence_Age_Human_Promoter_w_flanking,Ancient promoter age,0.02868,0.01298,3.83037,1.62584,1.71716e-06,1.64305e-06,0.204527,0.192839,False,False,SAS.GLGC2021.without_UKB_SAS,external,SAS,GLGC2021,without_UKB_SAS,HDL,hdl,0.46468,0.02812,NA,439575.0,1.9374837580465387,0.6123667701237511,0.0161132979999002,0.0161132979999002,row,3.8303700000000025,2.2721337018396257,False,False,False,External SAS
SAS,GLGC2021.without_UKB_SAS.LDL,GLGC2021 without_UKB_SAS LDL,NA,NA,sumrhe,-1,1,Coding_UCSC_w_flanking,Coding,0.07724,0.01305,1.70851,0.27604,8.01977e-07,5.19164e-07,0.301912,0.194798,False,False,SAS.GLGC2021.without_UKB_SAS,external,SAS,GLGC2021,without_UKB_SAS,LDL,ldl,0.37864,0.02534,NA,439601.0,0.7727386919627841,0.233092893273665,0.1193983289301731,0.1193983289301731,row,1.7085100000000013,1.437499417345343,False,False,False,External SAS
SAS,GLGC2021.without_UKB_SAS.LDL,GLGC2021 without_UKB_SAS LDL,NA,NA,sumrhe,-1,2,Conserved_LindbladToh_w_flanking,Conserved (LindbladToh),0.19492,0.02176,1.15046,0.107,4.57951e-07,2.56616e-07,0.264371,0.145997,False,False,SAS.GLGC2021.without_UKB_SAS,external,SAS,GLGC2021,without_UKB_SAS,LDL,ldl,0.37864,0.02534,NA,439601.0,0.2022108238011711,0.1341796927968978,0.4474642959579137,0.4474642959579137,row,1.15046,1.1046452964356273,False,False,False,External SAS
SAS,GLGC2021.without_UKB_SAS.LDL,GLGC2021 without_UKB_SAS LDL,NA,NA,sumrhe,-1,6,DHS_Trynka_w_flanking,DHS + flank,0.23734,0.02775,1.02161,0.0831,2.27079e-08,2.76692e-07,0.0128375,0.156273,False,False,SAS.GLGC2021.without_UKB_SAS,external,SAS,GLGC2021,without_UKB_SAS,LDL,ldl,0.37864,0.02534,NA,439601.0,0.0308445520011597,0.1173519815760151,0.613563210452504,0.613563210452504,row,1.02161,1.0155047057797375,False,False,False,External SAS
SAS,GLGC2021.without_UKB_SAS.LDL,GLGC2021 without_UKB_SAS LDL,NA,NA,sumrhe,-1,20,Promoter_UCSC_w_flanking,Promoter,0.05323,0.01045,1.75591,0.3236,2.0618e-07,3.80651e-07,0.0649639,0.119581,False,False,SAS.GLGC2021.without_UKB_SAS,external,SAS,GLGC2021,without_UKB_SAS,LDL,ldl,0.37864,0.02534,NA,439601.0,0.8122189007495845,0.2658770183162398,0.0800622373842047,0.0800622373842047,row,1.7559100000000012,1.462528774590174,False,False,False,External SAS
SAS,GLGC2021.without_UKB_SAS.LDL,GLGC2021 without_UKB_SAS LDL,NA,NA,sumrhe,-1,29,GERP.NS,GERP.NS,0.90431,0.07316,0.92426,0.05431,-7.83037e-08,8.64954e-08,-0.134785,0.146613,False,False,SAS.GLGC2021.without_UKB_SAS,external,SAS,GLGC2021,without_UKB_SAS,LDL,ldl,0.37864,0.02534,NA,439601.0,-0.1136293471999046,0.084773513589985,2.584024837745837,2.584024837745837,row,0.92426,0.9443037447255596,False,False,False,External SAS
SAS,GLGC2021.without_UKB_SAS.LDL,GLGC2021 without_UKB_SAS LDL,NA,NA,sumrhe,-1,31,Backgrd_Selection_Stat,Background selection,0.06921,0.00559,1.08984,0.06806,-1.67079e-07,3.81734e-07,-0.0348457,0.0785188,False,False,SAS.GLGC2021.without_UKB_SAS,external,SAS,GLGC2021,without_UKB_SAS,LDL,ldl,0.37864,0.02534,NA,439601.0,0.1241163477086783,0.0900956328295005,0.1677179765475046,0.1677179765475046,row,1.0898400000000001,1.0633924925249918,False,False,False,External SAS
SAS,GLGC2021.without_UKB_SAS.LDL,GLGC2021 without_UKB_SAS LDL,NA,NA,sumrhe,-1,32,CpG_Content_50kb,CpG content (50 kb),0.0053,0.00048,1.28001,0.0582,6.47139e-05,2.10569e-05,0.449703,0.140264,False,False,SAS.GLGC2021.without_UKB_SAS,external,SAS,GLGC2021,without_UKB_SAS,LDL,ldl,0.37864,0.02534,NA,439601.0,0.356155081236255,0.0655970276636414,0.0109354337936295,0.0109354337936295,row,1.280010000000011,1.1890401519859761,False,False,False,External SAS
SAS,GLGC2021.without_UKB_SAS.LDL,GLGC2021 without_UKB_SAS LDL,NA,NA,sumrhe,-1,33,GTEx_eQTL_MaxCPP,GTEx eQTL MaxCPP,0.00388,0.00345,0.90942,0.79878,-5.92324e-07,1.04226e-06,-0.059123,0.103713,False,False,SAS.GLGC2021.without_UKB_SAS,external,SAS,GLGC2021,without_UKB_SAS,LDL,ldl,0.37864,0.02534,NA,439601.0,-0.1369813626505909,1.2671768212281302,0.0112678415991268,0.0112678415991268,row,0.9094200000000062,0.9331344758540938,False,False,False,External SAS
SAS,GLGC2021.without_UKB_SAS.LDL,GLGC2021 without_UKB_SAS LDL,NA,NA,sumrhe,-1,34,BLUEPRINT_H3K27acQTL_MaxCPP,BLUEPRINT H3K27ac QTL,0.02065,0.00552,2.34481,0.63236,2.09734e-06,9.86685e-07,0.279096,0.130055,False,False,SAS.GLGC2021.without_UKB_SAS,external,SAS,GLGC2021,without_UKB_SAS,LDL,ldl,0.37864,0.02534,NA,439601.0,1.2294710258693846,0.3890731598963434,0.0232587251668776,0.0232587251668776,row,2.344810000000005,1.7419242617357937,False,False,False,External SAS
SAS,GLGC2021.without_UKB_SAS.LDL,GLGC2021 without_UKB_SAS LDL,NA,NA,sumrhe,-1,35,BLUEPRINT_H3K4me1QTL_MaxCPP,BLUEPRINT H3K4me1 QTL,0.00483,0.0034,0.78166,0.55829,-8.17492e-07,9.0326e-07,-0.0911589,0.100032,False,False,SAS.GLGC2021.without_UKB_SAS,external,SAS,GLGC2021,without_UKB_SAS,LDL,ldl,0.37864,0.02534,NA,439601.0,-0.3553868824682923,1.0304252672234722,0.0163193460234333,0.0163193460234333,row,0.7816600000000048,0.8332220489168867,False,False,False,External SAS
SAS,GLGC2021.without_UKB_SAS.LDL,GLGC2021 without_UKB_SAS LDL,NA,NA,sumrhe,-1,36,BLUEPRINT_DNA_methylation_MaxCPP,BLUEPRINT methylation QTL,0.01964,0.00596,1.13336,0.33694,-4.4614e-07,6.07606e-07,-0.0833089,0.113142,False,False,SAS.GLGC2021.without_UKB_SAS,external,SAS,GLGC2021,without_UKB_SAS,LDL,ldl,0.37864,0.02534,NA,439601.0,0.180606191008133,0.4289031438176108,0.0457664378392001,0.0457664378392001,row,1.1333600000000013,1.093127437966784,False,False,False,External SAS
SAS,GLGC2021.without_UKB_SAS.LDL,GLGC2021 without_UKB_SAS LDL,NA,NA,sumrhe,-1,38,non_synonymous,Nonsynonymous,0.01056,0.00637,0.86498,0.54175,-1.14734e-06,7.62972e-07,-0.23527,0.155005,False,False,SAS.GLGC2021.without_UKB_SAS,external,SAS,GLGC2021,without_UKB_SAS,LDL,ldl,0.37864,0.02534,NA,439601.0,-0.2092613196344094,0.9035816300973386,0.0322426969155664,0.0322426969155664,row,0.86498,0.8991601591370646,False,False,False,External SAS
SAS,GLGC2021.without_UKB_SAS.LDL,GLGC2021 without_UKB_SAS LDL,NA,NA,sumrhe,-1,45,Ancient_Sequence_Age_Human_Promoter_w_flanking,Ancient promoter age,0.02047,0.00621,3.35526,0.9759,7.5059e-07,1.33759e-06,0.109721,0.194283,False,False,SAS.GLGC2021.without_UKB_SAS,external,SAS,GLGC2021,without_UKB_SAS,LDL,ldl,0.37864,0.02534,NA,439601.0,1.7464245655840067,0.4196175826623092,0.0161125831583876,0.0161125831583876,row,3.355260000000015,2.1227588473003887,False,False,False,External SAS
SAS,GLGC2021.without_UKB_SAS.TC,GLGC2021 without_UKB_SAS TC,NA,NA,sumrhe,-1,1,Coding_UCSC_w_flanking,Coding,0.0728,0.0136,1.32928,0.24028,2.31191e-07,5.37655e-07,0.0718417,0.167076,False,False,SAS.GLGC2021.without_UKB_SAS,external,SAS,GLGC2021,without_UKB_SAS,TC,NA,0.45871,0.02992,NA,439613.0,0.4106450264078359,0.2607808470937651,0.1193924050707313,0.1193924050707313,row,1.329280000000001,1.2198840746415327,False,False,False,External SAS
SAS,GLGC2021.without_UKB_SAS.TC,GLGC2021 without_UKB_SAS TC,NA,NA,sumrhe,-1,2,Conserved_LindbladToh_w_flanking,Conserved (LindbladToh),0.21732,0.02238,1.05875,0.08763,4.04251e-07,2.61765e-07,0.192637,0.122134,False,False,SAS.GLGC2021.without_UKB_SAS,external,SAS,GLGC2021,without_UKB_SAS,TC,NA,0.45871,0.02992,NA,439613.0,0.082361969557474,0.1194081383075323,0.4474742667421345,0.4474742667421345,row,1.05875,1.04176864995163,False,False,False,External SAS
SAS,GLGC2021.without_UKB_SAS.TC,GLGC2021 without_UKB_SAS TC,NA,NA,sumrhe,-1,6,DHS_Trynka_w_flanking,DHS + flank,0.29729,0.0291,1.05626,0.06613,9.10739e-08,2.8471e-07,0.0425,0.132461,False,False,SAS.GLGC2021.without_UKB_SAS,external,SAS,GLGC2021,without_UKB_SAS,TC,NA,0.45871,0.02992,NA,439613.0,0.0789649999814407,0.090323805742892,0.613580090906882,0.613580090906882,row,1.05626,1.0400226949769142,False,False,False,External SAS
SAS,GLGC2021.without_UKB_SAS.TC,GLGC2021 without_UKB_SAS TC,NA,NA,sumrhe,-1,20,Promoter_UCSC_w_flanking,Promoter,0.06255,0.01361,1.70332,0.33514,1.13126e-07,3.84713e-07,0.0294226,0.0998229,False,False,SAS.GLGC2021.without_UKB_SAS,external,SAS,GLGC2021,without_UKB_SAS,TC,NA,0.45871,0.02992,NA,439613.0,0.768349497285674,0.2838602353072395,0.0800558107696122,0.0800558107696122,row,1.7033200000000006,1.4347322980686243,False,False,False,External SAS
SAS,GLGC2021.without_UKB_SAS.TC,GLGC2021 without_UKB_SAS TC,NA,NA,sumrhe,-1,29,GERP.NS,GERP.NS,1.04401,0.07399,0.88078,0.04723,-1.29974e-07,9.58018e-08,-0.184676,0.132245,False,False,SAS.GLGC2021.without_UKB_SAS,external,SAS,GLGC2021,without_UKB_SAS,TC,NA,0.45871,0.02992,NA,439613.0,-0.1831463850999875,0.0773615281695607,2.58403865531542,2.58403865531542,row,0.8807799999999999,0.9113311027306286,False,False,False,External SAS
SAS,GLGC2021.without_UKB_SAS.TC,GLGC2021 without_UKB_SAS TC,NA,NA,sumrhe,-1,31,Backgrd_Selection_Stat,Background selection,0.07884,0.00645,1.02483,0.06534,-2.70258e-07,4.41854e-07,-0.0465263,0.0748284,False,False,SAS.GLGC2021.without_UKB_SAS,external,SAS,GLGC2021,without_UKB_SAS,TC,NA,0.45871,0.02992,NA,439613.0,0.0353846136354221,0.0919817862198461,0.167709080388183,0.167709080388183,row,1.0248300000000001,1.0178007877738975,False,False,False,External SAS
SAS,GLGC2021.without_UKB_SAS.TC,GLGC2021 without_UKB_SAS TC,NA,NA,sumrhe,-1,32,CpG_Content_50kb,CpG content (50 kb),0.00646,0.00061,1.28785,0.05381,7.1397e-05,2.25518e-05,0.409552,0.122032,False,False,SAS.GLGC2021.without_UKB_SAS,external,SAS,GLGC2021,without_UKB_SAS,TC,NA,0.45871,0.02992,NA,439613.0,0.3649645679414341,0.0602798619018015,0.0109352578423388,0.0109352578423388,row,1.2878500000000077,1.1939924667360124,False,False,False,External SAS
SAS,GLGC2021.without_UKB_SAS.TC,GLGC2021 without_UKB_SAS TC,NA,NA,sumrhe,-1,33,GTEx_eQTL_MaxCPP,GTEx eQTL MaxCPP,0.00719,0.00388,1.38955,0.72966,-6.75104e-08,1.12457e-06,-0.00556151,0.0924652,False,False,SAS.GLGC2021.without_UKB_SAS,external,SAS,GLGC2021,without_UKB_SAS,TC,NA,0.45871,0.02992,NA,439613.0,0.4746177477836862,0.7575667399770004,0.0112801923123118,0.0112801923123118,row,1.3895500000000103,1.2567389554886956,False,False,False,External SAS
SAS,GLGC2021.without_UKB_SAS.TC,GLGC2021 without_UKB_SAS TC,NA,NA,sumrhe,-1,34,BLUEPRINT_H3K27acQTL_MaxCPP,BLUEPRINT H3K27ac QTL,0.02687,0.00541,2.51806,0.52608,2.5543e-06,1.01505e-06,0.280594,0.111719,False,False,SAS.GLGC2021.without_UKB_SAS,external,SAS,GLGC2021,without_UKB_SAS,TC,NA,0.45871,0.02992,NA,439613.0,1.3323126598127495,0.3014118039724493,0.0232628748493835,0.0232628748493835,row,2.5180600000000015,1.8147800879731208,False,False,False,External SAS
SAS,GLGC2021.without_UKB_SAS.TC,GLGC2021 without_UKB_SAS TC,NA,NA,sumrhe,-1,35,BLUEPRINT_H3K4me1QTL_MaxCPP,BLUEPRINT H3K4me1 QTL,0.0076,0.00339,1.01538,0.46554,-9.09446e-07,9.37821e-07,-0.0837106,0.0854917,False,False,SAS.GLGC2021.without_UKB_SAS,external,SAS,GLGC2021,without_UKB_SAS,TC,NA,0.45871,0.02992,NA,439613.0,0.0220197486103636,0.6614590097652584,0.0163172429357147,0.0163172429357147,row,1.0153800000000013,1.0110518846234406,False,False,False,External SAS
SAS,GLGC2021.without_UKB_SAS.TC,GLGC2021 without_UKB_SAS TC,NA,NA,sumrhe,-1,36,BLUEPRINT_DNA_methylation_MaxCPP,BLUEPRINT methylation QTL,0.03147,0.00676,1.49913,0.31528,-9.66045e-09,6.36163e-07,-0.00148905,0.0981585,False,False,SAS.GLGC2021.without_UKB_SAS,external,SAS,GLGC2021,without_UKB_SAS,TC,NA,0.45871,0.02992,NA,439613.0,0.584125494842265,0.3034112401802861,0.0457635008213638,0.0457635008213638,row,1.4991300000000025,1.321425949634792,False,False,False,External SAS
SAS,GLGC2021.without_UKB_SAS.TC,GLGC2021 without_UKB_SAS TC,NA,NA,sumrhe,-1,38,non_synonymous,Nonsynonymous,0.01401,0.00591,0.94776,0.41685,-6.22136e-07,6.91946e-07,-0.105305,0.116352,False,False,SAS.GLGC2021.without_UKB_SAS,external,SAS,GLGC2021,without_UKB_SAS,TC,NA,0.45871,0.02992,NA,439613.0,-0.0774063212553068,0.6345355657493083,0.0322256400507574,0.0322256400507574,row,0.947760000000002,0.9618159217010893,False,False,False,External SAS
SAS,GLGC2021.without_UKB_SAS.TC,GLGC2021 without_UKB_SAS TC,NA,NA,sumrhe,-1,45,Ancient_Sequence_Age_Human_Promoter_w_flanking,Ancient promoter age,0.02589,0.00842,3.50229,1.07038,2.03084e-06,1.59999e-06,0.245064,0.193431,False,False,SAS.GLGC2021.without_UKB_SAS,external,SAS,GLGC2021,without_UKB_SAS,TC,NA,0.45871,0.02992,NA,439613.0,1.808298548146046,0.4409206313202872,0.016115424073632,0.016115424073632,row,3.502290000000003,2.170658986176175,False,False,False,External SAS
SAS,GLGC2021.without_UKB_SAS.logTG,GLGC2021 without_UKB_SAS logTG,NA,NA,sumrhe,-1,1,Coding_UCSC_w_flanking,Coding,0.06317,0.01827,1.14127,0.30478,-1.17805e-08,5.901e-07,-0.00361978,0.182286,False,False,SAS.GLGC2021.without_UKB_SAS,external,SAS,GLGC2021,without_UKB_SAS,logTG,triglycerides,0.46376,0.02933,NA,439538.0,0.190640142705001,0.3852765730827396,0.1193518590887203,0.1193518590887203,row,1.1412700000000007,1.0984667215065034,False,False,False,External SAS
SAS,GLGC2021.without_UKB_SAS.logTG,GLGC2021 without_UKB_SAS logTG,NA,NA,sumrhe,-1,2,Conserved_LindbladToh_w_flanking,Conserved (LindbladToh),0.21427,0.02597,1.03263,0.10249,1.14663e-07,2.94323e-07,0.0540363,0.137538,False,False,SAS.GLGC2021.without_UKB_SAS,external,SAS,GLGC2021,without_UKB_SAS,logTG,triglycerides,0.46376,0.02933,NA,439538.0,0.0463234170435219,0.1431895400489138,0.4474281911101045,0.4474281911101045,row,1.0326300000000002,1.0233476250469948,False,False,False,External SAS
SAS,GLGC2021.without_UKB_SAS.logTG,GLGC2021 without_UKB_SAS logTG,NA,NA,sumrhe,-1,6,DHS_Trynka_w_flanking,DHS + flank,0.27298,0.02546,0.95935,0.0722,-4.23057e-07,3.07664e-07,-0.195243,0.140936,False,False,SAS.GLGC2021.without_UKB_SAS,external,SAS,GLGC2021,without_UKB_SAS,logTG,triglycerides,0.46376,0.02933,NA,439538.0,-0.05987084466607,0.1085762046721042,0.613564836514258,0.613564836514258,row,0.9593500000000001,0.9703751302050146,False,False,False,External SAS
SAS,GLGC2021.without_UKB_SAS.logTG,GLGC2021 without_UKB_SAS logTG,NA,NA,sumrhe,-1,20,Promoter_UCSC_w_flanking,Promoter,0.05241,0.01634,1.41182,0.39485,-2.54402e-07,3.73413e-07,-0.0654284,0.0967862,False,False,SAS.GLGC2021.without_UKB_SAS,external,SAS,GLGC2021,without_UKB_SAS,logTG,triglycerides,0.46376,0.02933,NA,439538.0,0.4975561639200467,0.4034849604730115,0.0800463516547459,0.0800463516547459,row,1.4118200000000003,1.2701222394114704,False,False,False,External SAS
SAS,GLGC2021.without_UKB_SAS.logTG,GLGC2021 without_UKB_SAS logTG,NA,NA,sumrhe,-1,29,GERP.NS,GERP.NS,1.08381,0.08126,0.90443,0.0445,-1.76152e-07,9.53179e-08,-0.247524,0.130778,False,False,SAS.GLGC2021.without_UKB_SAS,external,SAS,GLGC2021,without_UKB_SAS,logTG,triglycerides,0.46376,0.02933,NA,439538.0,-0.1449192477189681,0.0709838564837067,2.5839547672110355,2.5839547672110355,row,0.90443,0.9293592605928627,False,False,False,External SAS
SAS,GLGC2021.without_UKB_SAS.logTG,GLGC2021 without_UKB_SAS logTG,NA,NA,sumrhe,-1,31,Backgrd_Selection_Stat,Background selection,0.08609,0.00783,1.10708,0.07156,3.68209e-07,5.68178e-07,0.0626719,0.098591,False,False,SAS.GLGC2021.without_UKB_SAS,external,SAS,GLGC2021,without_UKB_SAS,logTG,triglycerides,0.46376,0.02933,NA,439538.0,0.1467594781565744,0.093253655676206,0.1676796718477385,0.1676796718477385,row,1.1070800000000003,1.0752450903356834,False,False,False,External SAS
SAS,GLGC2021.without_UKB_SAS.logTG,GLGC2021 without_UKB_SAS logTG,NA,NA,sumrhe,-1,32,CpG_Content_50kb,CpG content (50 kb),0.00617,0.00054,1.21658,0.05186,6.2025e-05,2.22526e-05,0.351865,0.120586,False,False,SAS.GLGC2021.without_UKB_SAS,external,SAS,GLGC2021,without_UKB_SAS,logTG,triglycerides,0.46376,0.02933,NA,439538.0,0.2828311922931379,0.0614987627780348,0.010935816243213,0.010935816243213,row,1.216580000000011,1.1483354326680741,False,False,False,External SAS
SAS,GLGC2021.without_UKB_SAS.logTG,GLGC2021 without_UKB_SAS logTG,NA,NA,sumrhe,-1,33,GTEx_eQTL_MaxCPP,GTEx eQTL MaxCPP,0.00741,0.0037,1.4156,0.71114,3.21341e-07,1.17463e-06,0.0261937,0.0957108,False,False,SAS.GLGC2021.without_UKB_SAS,external,SAS,GLGC2021,without_UKB_SAS,logTG,triglycerides,0.46376,0.02933,NA,439538.0,0.501413666875781,0.7247514491224764,0.0112871518201554,0.0112871518201554,row,1.4156000000000049,1.2723815780930494,False,False,False,External SAS
SAS,GLGC2021.without_UKB_SAS.logTG,GLGC2021 without_UKB_SAS logTG,NA,NA,sumrhe,-1,34,BLUEPRINT_H3K27acQTL_MaxCPP,BLUEPRINT H3K27ac QTL,0.01684,0.00475,1.56088,0.4251,7.1192e-07,8.43923e-07,0.0773372,0.0909572,False,False,SAS.GLGC2021.without_UKB_SAS,external,SAS,GLGC2021,without_UKB_SAS,logTG,triglycerides,0.46376,0.02933,NA,439538.0,0.642359627604371,0.3929127555493685,0.023263726524778,0.023263726524778,row,1.5608800000000014,1.3566396514277568,False,False,False,External SAS
SAS,GLGC2021.without_UKB_SAS.logTG,GLGC2021 without_UKB_SAS logTG,NA,NA,sumrhe,-1,35,BLUEPRINT_H3K4me1QTL_MaxCPP,BLUEPRINT H3K4me1 QTL,0.0103,0.00328,1.35993,0.44363,4.08206e-07,8.60212e-07,0.0371673,0.078284,False,False,SAS.GLGC2021.without_UKB_SAS,external,SAS,GLGC2021,without_UKB_SAS,logTG,triglycerides,0.46376,0.02933,NA,439538.0,0.4435323932021412,0.4706292242906406,0.0163315491759607,0.0163315491759607,row,1.3599300000000003,1.2387440671504197,False,False,False,External SAS
SAS,GLGC2021.without_UKB_SAS.logTG,GLGC2021 without_UKB_SAS logTG,NA,NA,sumrhe,-1,36,BLUEPRINT_DNA_methylation_MaxCPP,BLUEPRINT methylation QTL,0.03019,0.00499,1.42266,0.25109,2.8907e-07,4.99774e-07,0.0440651,0.0769416,False,False,SAS.GLGC2021.without_UKB_SAS,external,SAS,GLGC2021,without_UKB_SAS,logTG,triglycerides,0.46376,0.02933,NA,439538.0,0.5085909149050001,0.254626051071099,0.0457581760369431,0.0457581760369431,row,1.4226600000000031,1.276591948853555,False,False,False,External SAS
SAS,GLGC2021.without_UKB_SAS.logTG,GLGC2021 without_UKB_SAS logTG,NA,NA,sumrhe,-1,38,non_synonymous,Nonsynonymous,0.01044,0.00572,0.69879,0.39272,-7.91008e-07,8.0119e-07,-0.13238,0.13228,False,False,SAS.GLGC2021.without_UKB_SAS,external,SAS,GLGC2021,without_UKB_SAS,logTG,triglycerides,0.46376,0.02933,NA,439538.0,-0.5170691321015457,0.8107946542708306,0.0322151775980898,0.0322151775980898,row,0.6987900000000007,0.7645075213368798,False,False,False,External SAS
SAS,GLGC2021.without_UKB_SAS.logTG,GLGC2021 without_UKB_SAS logTG,NA,NA,sumrhe,-1,45,Ancient_Sequence_Age_Human_Promoter_w_flanking,Ancient promoter age,0.02848,0.01625,3.81461,2.0953,2.57866e-06,2.40204e-06,0.307568,0.281718,False,False,SAS.GLGC2021.without_UKB_SAS,external,SAS,GLGC2021,without_UKB_SAS,logTG,triglycerides,0.46376,0.02933,NA,439538.0,1.9315355656240871,0.7924476995484847,0.016098913045844,0.016098913045844,row,3.8146100000000094,2.2674189395321496,False,False,False,External SAS
SAS,GLGC2021.without_UKB_SAS.nonHDL,GLGC2021 without_UKB_SAS nonHDL,NA,NA,sumrhe,-1,1,Coding_UCSC_w_flanking,Coding,0.07253,0.01609,1.43377,0.2954,6.10155e-07,5.82491e-07,0.204878,0.194209,False,False,SAS.GLGC2021.without_UKB_SAS,external,SAS,GLGC2021,without_UKB_SAS,nonHDL,NA,0.42381,0.03025,NA,438930.0,0.5198136108789883,0.2972388284582602,0.1193622477505402,0.1193622477505402,row,1.433770000000001,1.2831928346342243,False,False,False,External SAS
SAS,GLGC2021.without_UKB_SAS.nonHDL,GLGC2021 without_UKB_SAS nonHDL,NA,NA,sumrhe,-1,2,Conserved_LindbladToh_w_flanking,Conserved (LindbladToh),0.21016,0.02404,1.1081,0.09159,4.65803e-07,2.66152e-07,0.239876,0.134425,False,False,SAS.GLGC2021.without_UKB_SAS,external,SAS,GLGC2021,without_UKB_SAS,nonHDL,NA,0.42381,0.03025,NA,438930.0,0.1480880826453359,0.1192459514439312,0.4475070741773915,0.4475070741773915,row,1.1081,1.0759433043955475,False,False,False,External SAS
SAS,GLGC2021.without_UKB_SAS.nonHDL,GLGC2021 without_UKB_SAS nonHDL,NA,NA,sumrhe,-1,6,DHS_Trynka_w_flanking,DHS + flank,0.26994,0.0291,1.03799,0.07234,-2.13628e-07,2.77593e-07,-0.10773,0.140632,False,False,SAS.GLGC2021.without_UKB_SAS,external,SAS,GLGC2021,without_UKB_SAS,nonHDL,NA,0.42381,0.03025,NA,438930.0,0.0537925448326884,0.1005448600255374,0.6136247584204574,0.6136247584204574,row,1.0379900000000002,1.027146972511674,False,False,False,External SAS
SAS,GLGC2021.without_UKB_SAS.nonHDL,GLGC2021 without_UKB_SAS nonHDL,NA,NA,sumrhe,-1,20,Promoter_UCSC_w_flanking,Promoter,0.05436,0.01332,1.60342,0.35265,-2.1026e-07,3.75635e-07,-0.0590766,0.105502,False,False,SAS.GLGC2021.without_UKB_SAS,external,SAS,GLGC2021,without_UKB_SAS,nonHDL,NA,0.42381,0.03025,NA,438930.0,0.6811523746822982,0.317300773452678,0.0799946516953267,0.0799946516953267,row,1.6034200000000016,1.380408075106675,False,False,False,External SAS
SAS,GLGC2021.without_UKB_SAS.nonHDL,GLGC2021 without_UKB_SAS nonHDL,NA,NA,sumrhe,-1,29,GERP.NS,GERP.NS,0.9844,0.07851,0.89874,0.04431,-1.13719e-07,8.41201e-08,-0.174591,0.125727,False,False,SAS.GLGC2021.without_UKB_SAS,external,SAS,GLGC2021,without_UKB_SAS,nonHDL,NA,0.42381,0.03025,NA,438930.0,-0.1540242816644068,0.0711282654180185,2.584439285237831,2.584439285237831,row,0.89874,0.9250423665767862,False,False,False,External SAS
SAS,GLGC2021.without_UKB_SAS.nonHDL,GLGC2021 without_UKB_SAS nonHDL,NA,NA,sumrhe,-1,31,Backgrd_Selection_Stat,Background selection,0.07222,0.00613,1.01662,0.06726,-3.82977e-07,4.22307e-07,-0.0711965,0.0765287,False,False,SAS.GLGC2021.without_UKB_SAS,external,SAS,GLGC2021,without_UKB_SAS,nonHDL,NA,0.42381,0.03025,NA,438930.0,0.0237805183670199,0.0954493010664669,0.1676206941679288,0.1676206941679288,row,1.0166200000000007,1.0119392566011693,False,False,False,External SAS
SAS,GLGC2021.without_UKB_SAS.nonHDL,GLGC2021 without_UKB_SAS nonHDL,NA,NA,sumrhe,-1,32,CpG_Content_50kb,CpG content (50 kb),0.00599,0.0006,1.29378,0.05796,6.07485e-05,2.15165e-05,0.376113,0.12714,False,False,SAS.GLGC2021.without_UKB_SAS,external,SAS,GLGC2021,without_UKB_SAS,nonHDL,NA,0.42381,0.03025,NA,438930.0,0.3715923160221482,0.0646312391364253,0.0109243395203324,0.0109243395203324,row,1.2937800000000086,1.19772702686842,False,False,False,External SAS
SAS,GLGC2021.without_UKB_SAS.nonHDL,GLGC2021 without_UKB_SAS nonHDL,NA,NA,sumrhe,-1,33,GTEx_eQTL_MaxCPP,GTEx eQTL MaxCPP,0.00512,0.00354,1.07122,0.73009,-7.16127e-07,1.07941e-06,-0.063768,0.0962428,False,False,SAS.GLGC2021.without_UKB_SAS,external,SAS,GLGC2021,without_UKB_SAS,nonHDL,NA,0.42381,0.03025,NA,438930.0,0.0992548015771956,0.9832688172388708,0.0112776883388809,0.0112776883388809,row,1.0712200000000058,1.0504808012899804,False,False,False,External SAS
SAS,GLGC2021.without_UKB_SAS.nonHDL,GLGC2021 without_UKB_SAS nonHDL,NA,NA,sumrhe,-1,34,BLUEPRINT_H3K27acQTL_MaxCPP,BLUEPRINT H3K27ac QTL,0.02227,0.00534,2.25992,0.54837,1.40221e-06,9.8118e-07,0.166436,0.116676,False,False,SAS.GLGC2021.without_UKB_SAS,external,SAS,GLGC2021,without_UKB_SAS,nonHDL,NA,0.42381,0.03025,NA,438930.0,1.1762717028855634,0.3500702146855998,0.0232517664207204,0.0232517664207204,row,2.2599200000000086,1.7048365604626645,False,False,False,External SAS
SAS,GLGC2021.without_UKB_SAS.nonHDL,GLGC2021 without_UKB_SAS nonHDL,NA,NA,sumrhe,-1,35,BLUEPRINT_H3K4me1QTL_MaxCPP,BLUEPRINT H3K4me1 QTL,0.01269,0.00409,1.83356,0.62341,5.72605e-07,1.09401e-06,0.056962,0.109719,False,False,SAS.GLGC2021.without_UKB_SAS,external,SAS,GLGC2021,without_UKB_SAS,nonHDL,NA,0.42381,0.03025,NA,438930.0,0.8746474764592592,0.4905159991713326,0.0163303426044263,0.0163303426044263,row,1.8335600000000025,1.5026157515160776,False,False,False,External SAS
SAS,GLGC2021.without_UKB_SAS.nonHDL,GLGC2021 without_UKB_SAS nonHDL,NA,NA,sumrhe,-1,36,BLUEPRINT_DNA_methylation_MaxCPP,BLUEPRINT methylation QTL,0.03511,0.00628,1.80958,0.32365,4.66748e-07,6.3684e-07,0.0777537,0.106746,False,False,SAS.GLGC2021.without_UKB_SAS,external,SAS,GLGC2021,without_UKB_SAS,nonHDL,NA,0.42381,0.03025,NA,438930.0,0.8556548894468542,0.2580312834932487,0.0457806381270126,0.0457806381270126,row,1.8095800000000035,1.4903544801953654,False,False,False,External SAS
SAS,GLGC2021.without_UKB_SAS.nonHDL,GLGC2021 without_UKB_SAS nonHDL,NA,NA,sumrhe,-1,38,non_synonymous,Nonsynonymous,0.00883,0.00511,0.6472,0.38522,-1.00906e-06,6.6703e-07,-0.184487,0.119912,False,False,SAS.GLGC2021.without_UKB_SAS,external,SAS,GLGC2021,without_UKB_SAS,nonHDL,NA,0.42381,0.03025,NA,438930.0,-0.6277164871194718,0.8587067114512461,0.0321922250475548,0.0321922250475548,row,0.6472000000000001,0.720015735082805,False,False,False,External SAS
SAS,GLGC2021.without_UKB_SAS.nonHDL,GLGC2021 without_UKB_SAS nonHDL,NA,NA,sumrhe,-1,45,Ancient_Sequence_Age_Human_Promoter_w_flanking,Ancient promoter age,0.03006,0.01066,4.40279,1.45101,2.80936e-06,1.9104e-06,0.366333,0.247503,False,False,SAS.GLGC2021.without_UKB_SAS,external,SAS,GLGC2021,without_UKB_SAS,nonHDL,NA,0.42381,0.03025,NA,438930.0,2.138418033649378,0.4754632701719352,0.0161097872470063,0.0161097872470063,row,4.402790000000007,2.4337046072204878,False,False,False,External SAS
EUR_300k,FinnGen_R12.EUR.E4_LIPOPROT,FinnGen_R12 EUR E4_LIPOPROT,NA,NA,sumrhe,-1,1,Coding_UCSC_w_flanking,Coding,0.03452,0.00542,1.82741,0.22191,3.13939e-07,1.83034e-07,0.280635,0.157821,False,False,EUR_300k.FinnGen_R12.EUR,external,EUR_300k,FinnGen_R12,EUR,E4_LIPOPROT,dyslipidaemia_e78,0.16176,0.01196,208059.8555,450247.0,0.8698003551511723,0.1751924617484143,0.1167787041283439,0.1167787041283439,row,1.8274100000000013,1.499481102156676,False,False,False,External EUR
EUR_300k,FinnGen_R12.EUR.E4_LIPOPROT,FinnGen_R12 EUR E4_LIPOPROT,NA,NA,sumrhe,-1,2,Conserved_LindbladToh_w_flanking,Conserved (LindbladToh),0.08439,0.00847,1.16319,0.06537,-2.55101e-08,6.62304e-08,-0.0353147,0.0930152,False,False,EUR_300k.FinnGen_R12.EUR,external,EUR_300k,FinnGen_R12,EUR,E4_LIPOPROT,dyslipidaemia_e78,0.16176,0.01196,208059.8555,450247.0,0.2180867715052692,0.0810778762050151,0.4485069619377573,0.4485069619377573,row,1.16319,1.113160387454002,False,False,False,External EUR
EUR_300k,FinnGen_R12.EUR.E4_LIPOPROT,FinnGen_R12 EUR E4_LIPOPROT,NA,NA,sumrhe,-1,6,DHS_Trynka_w_flanking,DHS + flank,0.11309,0.0099,1.15358,0.06245,-2.79129e-08,7.70137e-08,-0.0379638,0.105523,False,False,EUR_300k.FinnGen_R12.EUR,external,EUR_300k,FinnGen_R12,EUR,E4_LIPOPROT,dyslipidaemia_e78,0.16176,0.01196,208059.8555,450247.0,0.2061180574246072,0.0781014800044346,0.606045663309792,0.606045663309792,row,1.15358,1.1067369170135057,False,False,False,External EUR
EUR_300k,FinnGen_R12.EUR.E4_LIPOPROT,FinnGen_R12 EUR E4_LIPOPROT,NA,NA,sumrhe,-1,20,Promoter_UCSC_w_flanking,Promoter,0.02122,0.00457,1.72149,0.30166,-3.36543e-08,1.06913e-07,-0.024853,0.0796241,False,False,EUR_300k.FinnGen_R12.EUR,external,EUR_300k,FinnGen_R12,EUR,E4_LIPOPROT,dyslipidaemia_e78,0.16176,0.01196,208059.8555,450247.0,0.7836578004301571,0.2528062236984035,0.0762025907915588,0.0762025907915588,row,1.721490000000001,1.4443967349507847,False,False,False,External EUR
EUR_300k,FinnGen_R12.EUR.E4_LIPOPROT,FinnGen_R12 EUR E4_LIPOPROT,NA,NA,sumrhe,-1,29,GERP.NS,GERP.NS,0.44667,0.03545,1.06446,0.05646,-1.49626e-08,4.07303e-08,-0.0620271,0.167563,False,False,EUR_300k.FinnGen_R12.EUR,external,EUR_300k,FinnGen_R12,EUR,E4_LIPOPROT,dyslipidaemia_e78,0.16176,0.01196,208059.8555,450247.0,0.0901217375911591,0.0765219566809376,2.594097529620486,2.594097529620486,row,1.06446,1.0457644658084997,False,False,False,External EUR
EUR_300k,FinnGen_R12.EUR.E4_LIPOPROT,FinnGen_R12 EUR E4_LIPOPROT,NA,NA,sumrhe,-1,31,Backgrd_Selection_Stat,Background selection,0.03261,0.00276,1.13342,0.06091,-8.16012e-08,1.65049e-07,-0.0423855,0.0856534,False,False,EUR_300k.FinnGen_R12.EUR,external,EUR_300k,FinnGen_R12,EUR,E4_LIPOPROT,dyslipidaemia_e78,0.16176,0.01196,208059.8555,450247.0,0.1806825651621963,0.0775304432077665,0.1778643005149143,0.1778643005149143,row,1.1334200000000005,1.093168012687045,False,False,False,External EUR
EUR_300k,FinnGen_R12.EUR.E4_LIPOPROT,FinnGen_R12 EUR E4_LIPOPROT,NA,NA,sumrhe,-1,32,CpG_Content_50kb,CpG content (50 kb),0.00206,0.00021,1.2028,0.05509,9.19534e-06,8.08025e-06,0.14886,0.125009,False,False,EUR_300k.FinnGen_R12.EUR,external,EUR_300k,FinnGen_R12,EUR,E4_LIPOPROT,dyslipidaemia_e78,0.16176,0.01196,208059.8555,450247.0,0.2663967730245536,0.0660775438997115,0.0105877252451171,0.0105877252451171,row,1.2028000000000054,1.1393385136014325,False,False,False,External EUR
EUR_300k,FinnGen_R12.EUR.E4_LIPOPROT,FinnGen_R12 EUR E4_LIPOPROT,NA,NA,sumrhe,-1,33,GTEx_eQTL_MaxCPP,GTEx eQTL MaxCPP,0.00314,0.0007,2.61855,0.59975,4.80498e-07,3.2711e-07,0.0931506,0.0643868,False,False,EUR_300k.FinnGen_R12.EUR,external,EUR_300k,FinnGen_R12,EUR,E4_LIPOPROT,dyslipidaemia_e78,0.16176,0.01196,208059.8555,450247.0,1.388768152644186,0.3304333890027519,0.0074130621100717,0.0074130621100717,row,2.618550000000019,1.8554117064574838,False,False,False,External EUR
EUR_300k,FinnGen_R12.EUR.E4_LIPOPROT,FinnGen_R12 EUR E4_LIPOPROT,NA,NA,sumrhe,-1,34,BLUEPRINT_H3K27acQTL_MaxCPP,BLUEPRINT H3K27ac QTL,0.00646,0.0012,2.26027,0.35212,5.16466e-07,2.2925e-07,0.144884,0.063211,False,False,EUR_300k.FinnGen_R12.EUR,external,EUR_300k,FinnGen_R12,EUR,E4_LIPOPROT,dyslipidaemia_e78,0.16176,0.01196,208059.8555,450247.0,1.176495119717741,0.2247526967122608,0.0176685560665644,0.0176685560665644,row,2.26027000000001,1.7049914465211375,False,False,False,External EUR
EUR_300k,FinnGen_R12.EUR.E4_LIPOPROT,FinnGen_R12 EUR E4_LIPOPROT,NA,NA,sumrhe,-1,35,BLUEPRINT_H3K4me1QTL_MaxCPP,BLUEPRINT H3K4me1 QTL,0.00398,0.00122,2.08236,0.59345,3.59298e-07,4.04563e-07,0.0815059,0.0910839,False,False,EUR_300k.FinnGen_R12.EUR,external,EUR_300k,FinnGen_R12,EUR,E4_LIPOPROT,dyslipidaemia_e78,0.16176,0.01196,208059.8555,450247.0,1.0582195044286709,0.4111524289822871,0.011815609273424,0.011815609273424,row,2.08236000000001,1.6240353692777432,False,False,False,External EUR
EUR_300k,FinnGen_R12.EUR.E4_LIPOPROT,FinnGen_R12 EUR E4_LIPOPROT,NA,NA,sumrhe,-1,36,BLUEPRINT_DNA_methylation_MaxCPP,BLUEPRINT methylation QTL,0.00607,0.00124,1.0818,0.21728,-3.57476e-07,1.79071e-07,-0.14111,0.0665474,False,False,EUR_300k.FinnGen_R12.EUR,external,EUR_300k,FinnGen_R12,EUR,E4_LIPOPROT,dyslipidaemia_e78,0.16176,0.01196,208059.8555,450247.0,0.1134338026040485,0.2897659257573987,0.0346873063339684,0.0346873063339684,row,1.0818000000000008,1.057831474560574,False,False,False,External EUR
EUR_300k,FinnGen_R12.EUR.E4_LIPOPROT,FinnGen_R12 EUR E4_LIPOPROT,NA,NA,sumrhe,-1,38,non_synonymous,Nonsynonymous,0.00825,0.00197,1.64566,0.40077,-1.60473e-07,2.10458e-07,-0.0774067,0.101975,False,False,EUR_300k.FinnGen_R12.EUR,external,EUR_300k,FinnGen_R12,EUR,E4_LIPOPROT,dyslipidaemia_e78,0.16176,0.01196,208059.8555,450247.0,0.7186662999261616,0.3513416450160239,0.0309915071640103,0.0309915071640103,row,1.6456600000000015,1.4036276693901142,False,False,False,External EUR
EUR_300k,FinnGen_R12.EUR.E4_LIPOPROT,FinnGen_R12 EUR E4_LIPOPROT,NA,NA,sumrhe,-1,45,Ancient_Sequence_Age_Human_Promoter_w_flanking,Ancient promoter age,0.01271,0.00393,5.13231,1.44404,1.19666e-06,5.10728e-07,0.408998,0.167413,False,False,EUR_300k.FinnGen_R12.EUR,external,EUR_300k,FinnGen_R12,EUR,E4_LIPOPROT,dyslipidaemia_e78,0.16176,0.01196,208059.8555,450247.0,2.3596083142225144,0.4059204036477334,0.0153095184929549,0.0153095184929549,row,5.132310000000019,2.616430629833972,False,False,False,External EUR
EUR_300k,FinnGen_R12.EUR.I9_HYPTENS,FinnGen_R12 EUR I9_HYPTENS,NA,NA,sumrhe,-1,1,Coding_UCSC_w_flanking,Coding,0.0287,0.00301,1.12365,0.0896,-2.08494e-07,6.96584e-08,-0.137859,0.0460391,False,False,EUR_300k.FinnGen_R12.EUR,external,EUR_300k,FinnGen_R12,EUR,I9_HYPTENS,hypertension_i10,0.21871,0.00756,427337.4492,450271.0,0.1681927278210752,0.1150406938669969,0.1167836917588615,0.1167836917588615,row,1.1236500000000005,1.0865460143190806,False,False,False,External EUR
EUR_300k,FinnGen_R12.EUR.I9_HYPTENS,FinnGen_R12 EUR I9_HYPTENS,NA,NA,sumrhe,-1,2,Conserved_LindbladToh_w_flanking,Conserved (LindbladToh),0.12097,0.00605,1.23316,0.04791,1.23466e-08,8.09144e-08,0.0126415,0.0825644,False,False,EUR_300k.FinnGen_R12.EUR,external,EUR_300k,FinnGen_R12,EUR,I9_HYPTENS,hypertension_i10,0.21871,0.00756,427337.4492,450271.0,0.3023599986304154,0.0560507309748858,0.4485280529896359,0.4485280529896359,row,1.2331599999999998,1.159086620142528,False,False,False,External EUR
EUR_300k,FinnGen_R12.EUR.I9_HYPTENS,FinnGen_R12 EUR I9_HYPTENS,NA,NA,sumrhe,-1,6,DHS_Trynka_w_flanking,DHS + flank,0.15328,0.00706,1.15636,0.03422,-1.67426e-09,4.57666e-08,-0.00168421,0.0459325,False,False,EUR_300k.FinnGen_R12.EUR,external,EUR_300k,FinnGen_R12,EUR,I9_HYPTENS,hypertension_i10,0.21871,0.00756,427337.4492,450271.0,0.209590610088342,0.0426934728797436,0.6060714002815819,0.6060714002815819,row,1.15636,1.1085980532566508,False,False,False,External EUR
EUR_300k,FinnGen_R12.EUR.I9_HYPTENS,FinnGen_R12 EUR I9_HYPTENS,NA,NA,sumrhe,-1,20,Promoter_UCSC_w_flanking,Promoter,0.02068,0.00289,1.24071,0.15776,-1.28728e-07,1.07155e-07,-0.0703142,0.0582195,False,False,EUR_300k.FinnGen_R12.EUR,external,EUR_300k,FinnGen_R12,EUR,I9_HYPTENS,hypertension_i10,0.21871,0.00756,427337.4492,450271.0,0.3111659434668978,0.1834430041271876,0.0762099385114741,0.0762099385114741,row,1.2407100000000006,1.1639559426301707,False,False,False,External EUR
EUR_300k,FinnGen_R12.EUR.I9_HYPTENS,FinnGen_R12 EUR I9_HYPTENS,NA,NA,sumrhe,-1,29,GERP.NS,GERP.NS,0.6422,0.03428,1.13186,0.04776,5.57913e-08,4.5426e-08,0.171061,0.137991,False,False,EUR_300k.FinnGen_R12.EUR,external,EUR_300k,FinnGen_R12,EUR,I9_HYPTENS,hypertension_i10,0.21871,0.00756,427337.4492,450271.0,0.1786955219537909,0.0608760051179977,2.5942328145950047,2.5942328145950047,row,1.1318600000000003,1.0921126989143781,False,False,False,External EUR
EUR_300k,FinnGen_R12.EUR.I9_HYPTENS,FinnGen_R12 EUR I9_HYPTENS,NA,NA,sumrhe,-1,31,Backgrd_Selection_Stat,Background selection,0.04547,0.00262,1.1689,0.04289,3.46355e-07,1.31703e-07,0.133059,0.0488227,False,False,EUR_300k.FinnGen_R12.EUR,external,EUR_300k,FinnGen_R12,EUR,I9_HYPTENS,hypertension_i10,0.21871,0.00756,427337.4492,450271.0,0.2251515118412731,0.0529362565691912,0.1778602731649813,0.1778602731649813,row,1.1689000000000005,1.1169635371826605,False,False,False,External EUR
EUR_300k,FinnGen_R12.EUR.I9_HYPTENS,FinnGen_R12 EUR I9_HYPTENS,NA,NA,sumrhe,-1,32,CpG_Content_50kb,CpG content (50 kb),0.00265,0.00012,1.14292,0.02556,1.2878e-05,5.7079e-06,0.154204,0.0622518,False,False,EUR_300k.FinnGen_R12.EUR,external,EUR_300k,FinnGen_R12,EUR,I9_HYPTENS,hypertension_i10,0.21871,0.00756,427337.4492,450271.0,0.1927244239876484,0.0322641000639781,0.0106013555656523,0.0106013555656523,row,1.1429200000000093,1.099577991984786,False,False,False,External EUR
EUR_300k,FinnGen_R12.EUR.I9_HYPTENS,FinnGen_R12 EUR I9_HYPTENS,NA,NA,sumrhe,-1,33,GTEx_eQTL_MaxCPP,GTEx eQTL MaxCPP,0.00478,0.00078,2.9418,0.44449,9.8515e-07,3.24637e-07,0.141434,0.0451533,False,False,EUR_300k.FinnGen_R12.EUR,external,EUR_300k,FinnGen_R12,EUR,I9_HYPTENS,hypertension_i10,0.21871,0.00756,427337.4492,450271.0,1.5566991674573922,0.2179833838890255,0.0074292694921471,0.0074292694921471,row,2.941800000000027,1.9788545784290912,False,False,False,External EUR
EUR_300k,FinnGen_R12.EUR.I9_HYPTENS,FinnGen_R12 EUR I9_HYPTENS,NA,NA,sumrhe,-1,34,BLUEPRINT_H3K27acQTL_MaxCPP,BLUEPRINT H3K27ac QTL,0.00592,0.00071,1.53081,0.17339,-1.7631e-08,1.43302e-07,-0.00365842,0.0296455,False,False,EUR_300k.FinnGen_R12.EUR,external,EUR_300k,FinnGen_R12,EUR,I9_HYPTENS,hypertension_i10,0.21871,0.00756,427337.4492,450271.0,0.6142952305397981,0.1634094976775284,0.0176820158508573,0.0176820158508573,row,1.5308100000000027,1.3395992015035323,False,False,False,External EUR
EUR_300k,FinnGen_R12.EUR.I9_HYPTENS,FinnGen_R12 EUR I9_HYPTENS,NA,NA,sumrhe,-1,35,BLUEPRINT_H3K4me1QTL_MaxCPP,BLUEPRINT H3K4me1 QTL,0.00411,0.0006,1.5902,0.23416,1.47585e-08,2.0272e-07,0.0024766,0.0338582,False,False,EUR_300k.FinnGen_R12.EUR,external,EUR_300k,FinnGen_R12,EUR,I9_HYPTENS,hypertension_i10,0.21871,0.00756,427337.4492,450271.0,0.6692082251716382,0.2124396118567222,0.0118173862919158,0.0118173862919158,row,1.590200000000008,1.3730634986331656,False,False,False,External EUR
EUR_300k,FinnGen_R12.EUR.I9_HYPTENS,FinnGen_R12 EUR I9_HYPTENS,NA,NA,sumrhe,-1,36,BLUEPRINT_DNA_methylation_MaxCPP,BLUEPRINT methylation QTL,0.0132,0.00154,1.73886,0.16459,2.42336e-07,1.38931e-07,0.0707536,0.0402367,False,False,EUR_300k.FinnGen_R12.EUR,external,EUR_300k,FinnGen_R12,EUR,I9_HYPTENS,hypertension_i10,0.21871,0.00756,427337.4492,450271.0,0.7981417823073195,0.1365568112325975,0.0347088858696751,0.0347088858696751,row,1.73886,1.4535755229006155,False,False,False,External EUR
EUR_300k,FinnGen_R12.EUR.I9_HYPTENS,FinnGen_R12 EUR I9_HYPTENS,NA,NA,sumrhe,-1,38,non_synonymous,Nonsynonymous,0.00624,0.00144,0.92063,0.19793,-2.68123e-07,1.50733e-07,-0.0956649,0.0526619,False,False,EUR_300k.FinnGen_R12.EUR,external,EUR_300k,FinnGen_R12,EUR,I9_HYPTENS,hypertension_i10,0.21871,0.00756,427337.4492,450271.0,-0.1193066393492044,0.3101708932395778,0.0309906600592069,0.0309906600592069,row,0.9206300000000021,0.9415796176090963,False,False,False,External EUR
EUR_300k,FinnGen_R12.EUR.I9_HYPTENS,FinnGen_R12 EUR I9_HYPTENS,NA,NA,sumrhe,-1,45,Ancient_Sequence_Age_Human_Promoter_w_flanking,Ancient promoter age,0.0072,0.00114,2.14955,0.30823,3.394e-07,2.11813e-07,0.0858245,0.0528572,False,False,EUR_300k.FinnGen_R12.EUR,external,EUR_300k,FinnGen_R12,EUR,I9_HYPTENS,hypertension_i10,0.21871,0.00756,427337.4492,450271.0,1.1040346687827576,0.2068720859962342,0.0153149754261487,0.0153149754261487,row,2.1495500000000125,1.6551457145982242,False,False,False,External EUR
EUR_300k,FinnGen_R12.EUR.I9_IHD,FinnGen_R12 EUR I9_IHD,NA,NA,sumrhe,-1,1,Coding_UCSC_w_flanking,Coding,0.02971,0.00326,1.45824,0.13602,8.92664e-08,1.04492e-07,0.0740094,0.0861669,False,False,EUR_300k.FinnGen_R12.EUR,external,EUR_300k,FinnGen_R12,EUR,I9_IHD,chronic_ischaemic_heart_disease_i25,0.17443,0.00809,279825.0088,450268.0,0.5442281807864279,0.1345700155404575,0.1168025876087499,0.1168025876087499,row,1.4582400000000004,1.2976257740942536,False,False,False,External EUR
EUR_300k,FinnGen_R12.EUR.I9_IHD,FinnGen_R12 EUR I9_IHD,NA,NA,sumrhe,-1,2,Conserved_LindbladToh_w_flanking,Conserved (LindbladToh),0.09544,0.00604,1.21991,0.04931,5.52337e-08,6.01502e-08,0.0709109,0.076093,False,False,EUR_300k.FinnGen_R12.EUR,external,EUR_300k,FinnGen_R12,EUR,I9_IHD,chronic_ischaemic_heart_disease_i25,0.17443,0.00809,279825.0088,450268.0,0.2867747155396452,0.058315197404919,0.4485196333874768,0.4485196333874768,row,1.21991,1.1505011877529963,False,False,False,External EUR
EUR_300k,FinnGen_R12.EUR.I9_IHD,FinnGen_R12 EUR I9_IHD,NA,NA,sumrhe,-1,6,DHS_Trynka_w_flanking,DHS + flank,0.12026,0.0064,1.13767,0.03715,-4.09605e-08,5.4596e-08,-0.0516647,0.0687458,False,False,EUR_300k.FinnGen_R12.EUR,external,EUR_300k,FinnGen_R12,EUR,I9_IHD,chronic_ischaemic_heart_disease_i25,0.17443,0.00809,279825.0088,450268.0,0.1860821407678558,0.0471104281285654,0.606015472752179,0.606015472752179,row,1.1376699999999997,1.0960391560942138,False,False,False,External EUR
EUR_300k,FinnGen_R12.EUR.I9_IHD,FinnGen_R12 EUR I9_IHD,NA,NA,sumrhe,-1,20,Promoter_UCSC_w_flanking,Promoter,0.01654,0.00216,1.24414,0.14647,-1.2362e-07,7.86901e-08,-0.0846673,0.0534984,False,False,EUR_300k.FinnGen_R12.EUR,external,EUR_300k,FinnGen_R12,EUR,I9_IHD,chronic_ischaemic_heart_disease_i25,0.17443,0.00809,279825.0088,450268.0,0.3151488375113568,0.1698454696730323,0.0762158102959764,0.0762158102959764,row,1.2441400000000014,1.1661626808510948,False,False,False,External EUR
EUR_300k,FinnGen_R12.EUR.I9_IHD,FinnGen_R12 EUR I9_IHD,NA,NA,sumrhe,-1,29,GERP.NS,GERP.NS,0.49387,0.02777,1.09143,0.0429,5.13678e-10,3.38399e-08,0.00197485,0.129554,False,False,EUR_300k.FinnGen_R12.EUR,external,EUR_300k,FinnGen_R12,EUR,I9_IHD,chronic_ischaemic_heart_disease_i25,0.17443,0.00809,279825.0088,450268.0,0.1262196045464783,0.0567069049358516,2.594152948601032,2.594152948601032,row,1.0914299999999997,1.0644897118988093,False,False,False,External EUR
EUR_300k,FinnGen_R12.EUR.I9_IHD,FinnGen_R12 EUR I9_IHD,NA,NA,sumrhe,-1,31,Backgrd_Selection_Stat,Background selection,0.03454,0.00214,1.11325,0.04859,-1.76272e-08,1.20464e-07,-0.00849108,0.0574985,False,False,EUR_300k.FinnGen_R12.EUR,external,EUR_300k,FinnGen_R12,EUR,I9_IHD,chronic_ischaemic_heart_disease_i25,0.17443,0.00809,279825.0088,450268.0,0.1547776117808165,0.0629692809672533,0.1778723523576113,0.1778723523576113,row,1.1132500000000005,1.0794634499161633,False,False,False,External EUR
EUR_300k,FinnGen_R12.EUR.I9_IHD,FinnGen_R12 EUR I9_IHD,NA,NA,sumrhe,-1,32,CpG_Content_50kb,CpG content (50 kb),0.00207,0.00011,1.11909,0.02573,-6.02258e-07,4.07148e-06,-0.00904249,0.0607705,False,False,EUR_300k.FinnGen_R12.EUR,external,EUR_300k,FinnGen_R12,EUR,I9_IHD,chronic_ischaemic_heart_disease_i25,0.17443,0.00809,279825.0088,450268.0,0.1623260661019829,0.0331702931864935,0.0106043523529426,0.0106043523529426,row,1.119090000000005,1.0834448617999237,False,False,False,External EUR
EUR_300k,FinnGen_R12.EUR.I9_IHD,FinnGen_R12 EUR I9_IHD,NA,NA,sumrhe,-1,33,GTEx_eQTL_MaxCPP,GTEx eQTL MaxCPP,0.00468,0.00141,3.61444,1.09465,1.19674e-06,6.52169e-07,0.215433,0.115799,False,False,EUR_300k.FinnGen_R12.EUR,external,EUR_300k,FinnGen_R12,EUR,I9_IHD,chronic_ischaemic_heart_disease_i25,0.17443,0.00809,279825.0088,450268.0,1.853772141835865,0.4369269171736434,0.0074230716488649,0.0074230716488649,row,3.6144400000000227,2.2061555756621494,False,False,False,External EUR
EUR_300k,FinnGen_R12.EUR.I9_IHD,FinnGen_R12 EUR I9_IHD,NA,NA,sumrhe,-1,34,BLUEPRINT_H3K27acQTL_MaxCPP,BLUEPRINT H3K27ac QTL,0.00532,0.00069,1.72487,0.22455,7.63982e-08,1.47138e-07,0.0198773,0.0383502,False,False,EUR_300k.FinnGen_R12.EUR,external,EUR_300k,FinnGen_R12,EUR,I9_IHD,chronic_ischaemic_heart_disease_i25,0.17443,0.00809,279825.0088,450268.0,0.7864876329500614,0.1878154130059754,0.0176821097878334,0.0176821097878334,row,1.7248700000000057,1.4461874024293335,False,False,False,External EUR
EUR_300k,FinnGen_R12.EUR.I9_IHD,FinnGen_R12 EUR I9_IHD,NA,NA,sumrhe,-1,35,BLUEPRINT_H3K4me1QTL_MaxCPP,BLUEPRINT H3K4me1 QTL,0.00445,0.0008,2.1564,0.37788,4.15699e-07,2.62202e-07,0.0874684,0.054513,False,False,EUR_300k.FinnGen_R12.EUR,external,EUR_300k,FinnGen_R12,EUR,I9_IHD,chronic_ischaemic_heart_disease_i25,0.17443,0.00809,279825.0088,450268.0,1.1086248146816486,0.2528128371596742,0.0118306745367823,0.0118306745367823,row,2.1564,1.658280044847325,False,False,False,External EUR
EUR_300k,FinnGen_R12.EUR.I9_IHD,FinnGen_R12 EUR I9_IHD,NA,NA,sumrhe,-1,36,BLUEPRINT_DNA_methylation_MaxCPP,BLUEPRINT methylation QTL,0.00983,0.00113,1.62406,0.17623,1.03429e-07,1.33195e-07,0.0378646,0.0486736,False,False,EUR_300k.FinnGen_R12.EUR,external,EUR_300k,FinnGen_R12,EUR,I9_IHD,chronic_ischaemic_heart_disease_i25,0.17443,0.00809,279825.0088,450268.0,0.6996049330793986,0.1565497254140007,0.0347000633028701,0.0347000633028701,row,1.6240600000000005,1.391800708032527,False,False,False,External EUR
EUR_300k,FinnGen_R12.EUR.I9_IHD,FinnGen_R12 EUR I9_IHD,NA,NA,sumrhe,-1,38,non_synonymous,Nonsynonymous,0.00688,0.00152,1.27192,0.266,-1.56224e-07,1.47983e-07,-0.0698916,0.0662966,False,False,EUR_300k.FinnGen_R12.EUR,external,EUR_300k,FinnGen_R12,EUR,I9_IHD,chronic_ischaemic_heart_disease_i25,0.17443,0.00809,279825.0088,450268.0,0.347007932231667,0.3017146368297254,0.0310104066345221,0.0310104066345221,row,1.2719200000000028,1.183912034827067,False,False,False,External EUR
EUR_300k,FinnGen_R12.EUR.I9_IHD,FinnGen_R12 EUR I9_IHD,NA,NA,sumrhe,-1,45,Ancient_Sequence_Age_Human_Promoter_w_flanking,Ancient promoter age,0.00743,0.00179,2.77918,0.62714,4.05087e-07,2.16487e-07,0.128442,0.0673601,False,False,EUR_300k.FinnGen_R12.EUR,external,EUR_300k,FinnGen_R12,EUR,I9_IHD,chronic_ischaemic_heart_disease_i25,0.17443,0.00809,279825.0088,450268.0,1.4746592770349218,0.3255534970542046,0.015326781185672,0.015326781185672,row,2.779180000000002,1.9180732349045546,False,False,False,External EUR
EUR_300k,FinnGen_R12.EUR.T2D,FinnGen_R12 EUR T2D,NA,NA,sumrhe,-1,1,Coding_UCSC_w_flanking,Coding,0.04468,0.0041,1.17011,0.09261,-3.37642e-07,1.21883e-07,-0.149361,0.0527049,False,False,EUR_300k.FinnGen_R12.EUR,external,EUR_300k,FinnGen_R12,EUR,T2D,type2_diabetes_e11,0.32691,0.01089,275021.6305,450253.0,0.2266441614282316,0.1141841260537273,0.1168041485349303,0.1168041485349303,row,1.1701100000000004,1.1177681728229223,False,False,False,External EUR
EUR_300k,FinnGen_R12.EUR.T2D,FinnGen_R12 EUR T2D,NA,NA,sumrhe,-1,2,Conserved_LindbladToh_w_flanking,Conserved (LindbladToh),0.17328,0.00873,1.18179,0.04949,-1.4251e-07,1.29641e-07,-0.097618,0.088487,False,False,EUR_300k.FinnGen_R12.EUR,external,EUR_300k,FinnGen_R12,EUR,T2D,type2_diabetes_e11,0.32691,0.01089,275021.6305,450253.0,0.2409736963657037,0.0604159601736305,0.4485180474891515,0.4485180474891515,row,1.1817900000000001,1.1255122471525634,False,False,False,External EUR
EUR_300k,FinnGen_R12.EUR.T2D,FinnGen_R12 EUR T2D,NA,NA,sumrhe,-1,6,DHS_Trynka_w_flanking,DHS + flank,0.22825,0.00955,1.15208,0.02879,1.90236e-08,7.01109e-08,0.0128027,0.0469216,False,False,EUR_300k.FinnGen_R12.EUR,external,EUR_300k,FinnGen_R12,EUR,T2D,type2_diabetes_e11,0.32691,0.01089,275021.6305,450253.0,0.2042409004572829,0.0360523489924252,0.6060381212799337,0.6060381212799337,row,1.1520799999999998,1.105731708683595,False,False,False,External EUR
EUR_300k,FinnGen_R12.EUR.T2D,FinnGen_R12 EUR T2D,NA,NA,sumrhe,-1,20,Promoter_UCSC_w_flanking,Promoter,0.02988,0.0036,1.19929,0.13281,-1.89715e-07,1.12214e-07,-0.0693287,0.0407934,False,False,EUR_300k.FinnGen_R12.EUR,external,EUR_300k,FinnGen_R12,EUR,T2D,type2_diabetes_e11,0.32691,0.01089,275021.6305,450253.0,0.2621805586465587,0.1597648011577377,0.0762128451925289,0.0762128451925289,row,1.19929,1.1370378515674124,False,False,False,External EUR
EUR_300k,FinnGen_R12.EUR.T2D,FinnGen_R12 EUR T2D,NA,NA,sumrhe,-1,29,GERP.NS,GERP.NS,0.96329,0.04752,1.13588,0.04699,9.78085e-08,6.46984e-08,0.200628,0.132322,False,False,EUR_300k.FinnGen_R12.EUR,external,EUR_300k,FinnGen_R12,EUR,T2D,type2_diabetes_e11,0.32691,0.01089,275021.6305,450253.0,0.1838104294293974,0.0596825720774838,2.59415781924711,2.59415781924711,row,1.1358800000000002,1.0948305944654924,False,False,False,External EUR
EUR_300k,FinnGen_R12.EUR.T2D,FinnGen_R12 EUR T2D,NA,NA,sumrhe,-1,31,Backgrd_Selection_Stat,Background selection,0.06417,0.00324,1.10369,0.03272,1.7573e-07,1.46344e-07,0.0451657,0.0373813,False,False,EUR_300k.FinnGen_R12.EUR,external,EUR_300k,FinnGen_R12,EUR,T2D,type2_diabetes_e11,0.32691,0.01089,275021.6305,450253.0,0.1423350106435791,0.0427701453649909,0.1778511697892128,0.1778511697892128,row,1.1036900000000005,1.0729221245858278,False,False,False,External EUR
EUR_300k,FinnGen_R12.EUR.T2D,FinnGen_R12 EUR T2D,NA,NA,sumrhe,-1,32,CpG_Content_50kb,CpG content (50 kb),0.00393,0.00016,1.13299,0.0228,1.61593e-05,7.9525e-06,0.129452,0.059859,False,False,EUR_300k.FinnGen_R12.EUR,external,EUR_300k,FinnGen_R12,EUR,T2D,type2_diabetes_e11,0.32691,0.01089,275021.6305,450253.0,0.1801351276949896,0.0290324247630326,0.0106105590842652,0.0106105590842652,row,1.132990000000008,1.0928772019728041,False,False,False,External EUR
EUR_300k,FinnGen_R12.EUR.T2D,FinnGen_R12 EUR T2D,NA,NA,sumrhe,-1,33,GTEx_eQTL_MaxCPP,GTEx eQTL MaxCPP,0.00577,0.00089,2.37352,0.36616,8.27427e-07,4.20022e-07,0.0794737,0.0400559,False,False,EUR_300k.FinnGen_R12.EUR,external,EUR_300k,FinnGen_R12,EUR,T2D,type2_diabetes_e11,0.32691,0.01089,275021.6305,450253.0,1.2470282064049063,0.2225627827749093,0.0074362625001755,0.0074362625001755,row,2.3735200000000147,1.7542547149168646,False,False,False,External EUR
EUR_300k,FinnGen_R12.EUR.T2D,FinnGen_R12 EUR T2D,NA,NA,sumrhe,-1,34,BLUEPRINT_H3K27acQTL_MaxCPP,BLUEPRINT H3K27ac QTL,0.01147,0.00129,1.98392,0.22404,5.75511e-07,2.91573e-07,0.0798934,0.0404469,False,False,EUR_300k.FinnGen_R12.EUR,external,EUR_300k,FinnGen_R12,EUR,T2D,type2_diabetes_e11,0.32691,0.01089,275021.6305,450253.0,0.9883538513647774,0.1629205799431244,0.0176852440253266,0.0176852440253266,row,1.9839200000000035,1.577208856923439,False,False,False,External EUR
EUR_300k,FinnGen_R12.EUR.T2D,FinnGen_R12 EUR T2D,NA,NA,sumrhe,-1,35,BLUEPRINT_H3K4me1QTL_MaxCPP,BLUEPRINT H3K4me1 QTL,0.0068,0.00097,1.75872,0.25168,1.36598e-07,3.29225e-07,0.0153354,0.0367789,False,False,EUR_300k.FinnGen_R12.EUR,external,EUR_300k,FinnGen_R12,EUR,T2D,type2_diabetes_e11,0.32691,0.01089,275021.6305,450253.0,0.8145258143812885,0.2064555403309989,0.0118272562052409,0.0118272562052409,row,1.7587200000000047,1.4639990358464208,False,False,False,External EUR
EUR_300k,FinnGen_R12.EUR.T2D,FinnGen_R12 EUR T2D,NA,NA,sumrhe,-1,36,BLUEPRINT_DNA_methylation_MaxCPP,BLUEPRINT methylation QTL,0.01913,0.00241,1.6856,0.17678,2.08714e-07,2.31734e-07,0.0407683,0.0449002,False,False,EUR_300k.FinnGen_R12.EUR,external,EUR_300k,FinnGen_R12,EUR,T2D,type2_diabetes_e11,0.32691,0.01089,275021.6305,450253.0,0.7532622192678567,0.1513049533272134,0.034716204807214,0.034716204807214,row,1.685600000000002,1.4252444421481016,False,False,False,External EUR
EUR_300k,FinnGen_R12.EUR.T2D,FinnGen_R12 EUR T2D,NA,NA,sumrhe,-1,38,non_synonymous,Nonsynonymous,0.01039,0.00163,1.02559,0.15336,-3.80977e-07,1.84028e-07,-0.0909406,0.043101,False,False,EUR_300k.FinnGen_R12.EUR,external,EUR_300k,FinnGen_R12,EUR,T2D,type2_diabetes_e11,0.32691,0.01089,275021.6305,450253.0,0.0364541001613903,0.2157311513087407,0.0309894282983443,0.0309894282983443,row,1.0255900000000016,1.0183421875516712,False,False,False,External EUR
EUR_300k,FinnGen_R12.EUR.T2D,FinnGen_R12 EUR T2D,NA,NA,sumrhe,-1,45,Ancient_Sequence_Age_Human_Promoter_w_flanking,Ancient promoter age,0.00944,0.00217,1.88404,0.40149,4.2547e-07,3.06971e-07,0.0719795,0.0514467,False,False,EUR_300k.FinnGen_R12.EUR,external,EUR_300k,FinnGen_R12,EUR,T2D,type2_diabetes_e11,0.32691,0.01089,275021.6305,450253.0,0.913829595093496,0.3074391371555328,0.0153268769111133,0.0153268769111133,row,1.884040000000012,1.5280911740799366,False,False,False,External EUR
EUR_300k,GLGC2021.without_UKB_EUR.HDL,GLGC2021 without_UKB_EUR HDL,NA,NA,sumrhe,-1,1,Coding_UCSC_w_flanking,Coding,0.04494,0.00847,2.35391,0.34079,3.7229e-07,2.42633e-07,0.331695,0.200385,False,False,EUR_300k.GLGC2021.without_UKB_EUR,external,EUR_300k,GLGC2021,without_UKB_EUR,HDL,hdl,0.16363,0.01565,879499.0,454116.0,1.235059161057808,0.2088678169448066,0.1166756647169497,0.1166756647169497,row,2.353910000000001,1.7458439756357764,False,False,False,External EUR
EUR_300k,GLGC2021.without_UKB_EUR.HDL,GLGC2021 without_UKB_EUR HDL,NA,NA,sumrhe,-1,2,Conserved_LindbladToh_w_flanking,Conserved (LindbladToh),0.08315,0.01089,1.13438,0.17108,-3.94378e-07,3.88475e-07,-0.544275,0.535328,False,False,EUR_300k.GLGC2021.without_UKB_EUR,external,EUR_300k,GLGC2021,without_UKB_EUR,HDL,hdl,0.16363,0.01565,879499.0,454116.0,0.1819040020807801,0.2175781198498597,0.4479615742645238,0.4479615742645238,row,1.1343800000000002,1.093817053065044,False,False,False,External EUR
EUR_300k,GLGC2021.without_UKB_EUR.HDL,GLGC2021 without_UKB_EUR HDL,NA,NA,sumrhe,-1,6,DHS_Trynka_w_flanking,DHS + flank,0.12229,0.01466,1.23374,0.07028,1.11956e-08,7.4064e-08,0.0151838,0.102928,False,False,EUR_300k.GLGC2021.without_UKB_EUR,external,EUR_300k,GLGC2021,without_UKB_EUR,HDL,hdl,0.16363,0.01565,879499.0,454116.0,0.3030383910574565,0.0821831240566702,0.6057652679291854,0.6057652679291854,row,1.23374,1.1594612706287348,False,False,False,External EUR
EUR_300k,GLGC2021.without_UKB_EUR.HDL,GLGC2021 without_UKB_EUR HDL,NA,NA,sumrhe,-1,20,Promoter_UCSC_w_flanking,Promoter,0.02638,0.0068,2.11052,0.44667,-8.37386e-08,1.61357e-07,-0.0617307,0.12498,False,False,EUR_300k.GLGC2021.without_UKB_EUR,external,EUR_300k,GLGC2021,without_UKB_EUR,HDL,hdl,0.16363,0.01565,879499.0,454116.0,1.07759850082562,0.3053316689317672,0.0763875161931254,0.0763875161931254,row,2.1105200000000024,1.6371557825135794,False,False,False,External EUR
EUR_300k,GLGC2021.without_UKB_EUR.HDL,GLGC2021 without_UKB_EUR HDL,NA,NA,sumrhe,-1,29,GERP.NS,GERP.NS,0.48594,0.04945,1.14689,0.05049,2.804e-08,3.75588e-08,0.115958,0.156269,False,False,EUR_300k.GLGC2021.without_UKB_EUR,external,EUR_300k,GLGC2021,without_UKB_EUR,HDL,hdl,0.16363,0.01565,879499.0,454116.0,0.1977270268684143,0.0635123443525392,2.5893929004223257,2.5893929004223257,row,1.14689,1.1022482738608752,False,False,False,External EUR
EUR_300k,GLGC2021.without_UKB_EUR.HDL,GLGC2021 without_UKB_EUR HDL,NA,NA,sumrhe,-1,31,Backgrd_Selection_Stat,Background selection,0.04489,0.00496,1.54376,0.1255,6.25408e-07,2.93222e-07,0.323899,0.169208,False,False,EUR_300k.GLGC2021.without_UKB_EUR,external,EUR_300k,GLGC2021,without_UKB_EUR,HDL,hdl,0.16363,0.01565,879499.0,454116.0,0.6264484820600243,0.1172839221326922,0.1777079639938471,0.1777079639938471,row,1.5437600000000002,1.346962560896153,False,False,False,External EUR
EUR_300k,GLGC2021.without_UKB_EUR.HDL,GLGC2021 without_UKB_EUR HDL,NA,NA,sumrhe,-1,32,CpG_Content_50kb,CpG content (50 kb),0.00228,0.00024,1.31183,0.06164,1.26982e-05,1.01553e-05,0.205475,0.161306,False,False,EUR_300k.GLGC2021.without_UKB_EUR,external,EUR_300k,GLGC2021,without_UKB_EUR,HDL,hdl,0.16363,0.01565,879499.0,454116.0,0.391580773273251,0.0677890598022576,0.0106217080004711,0.0106217080004711,row,1.3118300000000018,1.2090353134206702,False,False,False,External EUR
EUR_300k,GLGC2021.without_UKB_EUR.HDL,GLGC2021 without_UKB_EUR HDL,NA,NA,sumrhe,-1,33,GTEx_eQTL_MaxCPP,GTEx eQTL MaxCPP,0.00452,0.00179,3.72452,1.57981,7.20189e-07,8.50263e-07,0.139189,0.167551,False,False,EUR_300k.GLGC2021.without_UKB_EUR,external,EUR_300k,GLGC2021,without_UKB_EUR,HDL,hdl,0.16363,0.01565,879499.0,454116.0,1.897054509268625,0.611940344674426,0.0074166057536351,0.0074166057536351,row,3.7245200000000076,2.240167762392699,False,False,False,External EUR
EUR_300k,GLGC2021.without_UKB_EUR.HDL,GLGC2021 without_UKB_EUR HDL,NA,NA,sumrhe,-1,34,BLUEPRINT_H3K27acQTL_MaxCPP,BLUEPRINT H3K27ac QTL,0.00752,0.00128,2.60674,0.35357,3.42322e-07,2.36471e-07,0.0956343,0.0637857,False,False,EUR_300k.GLGC2021.without_UKB_EUR,external,EUR_300k,GLGC2021,without_UKB_EUR,HDL,hdl,0.16363,0.01565,879499.0,454116.0,1.3822466935690765,0.1956826095456819,0.0176301981730256,0.0176301981730256,row,2.606740000000001,1.8506954269429783,False,False,False,External EUR
EUR_300k,GLGC2021.without_UKB_EUR.HDL,GLGC2021 without_UKB_EUR HDL,NA,NA,sumrhe,-1,35,BLUEPRINT_H3K4me1QTL_MaxCPP,BLUEPRINT H3K4me1 QTL,0.00583,0.0012,3.02351,0.65149,6.93049e-07,4.10276e-07,0.156541,0.0953356,False,False,EUR_300k.GLGC2021.without_UKB_EUR,external,EUR_300k,GLGC2021,without_UKB_EUR,HDL,hdl,0.16363,0.01565,879499.0,454116.0,1.5962243505874645,0.3108643239773478,0.0117840401904914,0.0117840401904914,row,3.0235100000000084,2.0084546183605974,False,False,False,External EUR
EUR_300k,GLGC2021.without_UKB_EUR.HDL,GLGC2021 without_UKB_EUR HDL,NA,NA,sumrhe,-1,36,BLUEPRINT_DNA_methylation_MaxCPP,BLUEPRINT methylation QTL,0.01002,0.00178,1.7695,0.26207,-1.42639e-07,1.954e-07,-0.0560751,0.0776098,False,False,EUR_300k.GLGC2021.without_UKB_EUR,external,EUR_300k,GLGC2021,without_UKB_EUR,HDL,hdl,0.16363,0.01565,879499.0,454116.0,0.8233417617631434,0.2136688835070758,0.034606224765323,0.034606224765323,row,1.7695000000000045,1.469625538501236,False,False,False,External EUR
EUR_300k,GLGC2021.without_UKB_EUR.HDL,GLGC2021 without_UKB_EUR HDL,NA,NA,sumrhe,-1,38,non_synonymous,Nonsynonymous,0.0098,0.00276,1.93686,0.54424,-3.55681e-07,2.98402e-07,-0.170878,0.140309,False,False,EUR_300k.GLGC2021.without_UKB_EUR,external,EUR_300k,GLGC2021,without_UKB_EUR,HDL,hdl,0.16363,0.01565,879499.0,454116.0,0.9537196769121504,0.4053841522120387,0.0309218105551308,0.0309218105551308,row,1.936860000000005,1.5542744940864053,False,False,False,External EUR
EUR_300k,GLGC2021.without_UKB_EUR.HDL,GLGC2021 without_UKB_EUR HDL,NA,NA,sumrhe,-1,45,Ancient_Sequence_Age_Human_Promoter_w_flanking,Ancient promoter age,0.01325,0.00597,5.27382,2.27885,8.35629e-07,7.3778e-07,0.285135,0.250981,False,False,EUR_300k.GLGC2021.without_UKB_EUR,external,EUR_300k,GLGC2021,without_UKB_EUR,HDL,hdl,0.16363,0.01565,879499.0,454116.0,2.3988483316236056,0.6233973844252959,0.0153542159695321,0.0153542159695321,row,5.273820000000018,2.6493441379107847,False,False,False,External EUR
EUR_300k,GLGC2021.without_UKB_EUR.LDL,GLGC2021 without_UKB_EUR LDL,NA,NA,sumrhe,-1,1,Coding_UCSC_w_flanking,Coding,0.03956,0.00628,2.8029,0.37475,3.49109e-07,1.85712e-07,0.420718,0.202087,False,False,EUR_300k.GLGC2021.without_UKB_EUR,external,EUR_300k,GLGC2021,without_UKB_EUR,LDL,ldl,0.12097,0.01751,837457.0,454112.0,1.4869202737754608,0.1928894953702019,0.1166731702521414,0.1166731702521414,row,2.8029000000000006,1.9271000027600091,False,False,False,External EUR
EUR_300k,GLGC2021.without_UKB_EUR.LDL,GLGC2021 without_UKB_EUR LDL,NA,NA,sumrhe,-1,2,Conserved_LindbladToh_w_flanking,Conserved (LindbladToh),0.07408,0.01365,1.367,0.11352,6.69195e-08,1.22533e-07,0.124922,0.229945,False,False,EUR_300k.GLGC2021.without_UKB_EUR,external,EUR_300k,GLGC2021,without_UKB_EUR,LDL,ldl,0.12097,0.01751,837457.0,454112.0,0.4510132429439729,0.1198059554072532,0.4479760318309708,0.4479760318309708,row,1.367,1.2430597060725277,False,False,False,External EUR
EUR_300k,GLGC2021.without_UKB_EUR.LDL,GLGC2021 without_UKB_EUR LDL,NA,NA,sumrhe,-1,6,DHS_Trynka_w_flanking,DHS + flank,0.09073,0.01423,1.23811,0.07319,2.23499e-08,6.23834e-08,0.0410005,0.1148,False,False,EUR_300k.GLGC2021.without_UKB_EUR,external,EUR_300k,GLGC2021,without_UKB_EUR,LDL,ldl,0.12097,0.01751,837457.0,454112.0,0.3081394966237352,0.0852839004956451,0.6057787000193006,0.6057787000193006,row,1.23811,1.1622809445156377,False,False,False,External EUR
EUR_300k,GLGC2021.without_UKB_EUR.LDL,GLGC2021 without_UKB_EUR LDL,NA,NA,sumrhe,-1,20,Promoter_UCSC_w_flanking,Promoter,0.02389,0.00612,2.58553,0.48167,-1.29747e-07,1.43027e-07,-0.12937,0.15624,False,False,EUR_300k.GLGC2021.without_UKB_EUR,external,EUR_300k,GLGC2021,without_UKB_EUR,LDL,ldl,0.12097,0.01751,837457.0,454112.0,1.370460044562215,0.2687661409246796,0.0763816239776895,0.0763816239776895,row,2.58553,1.8421863886221854,False,False,False,External EUR
EUR_300k,GLGC2021.without_UKB_EUR.LDL,GLGC2021 without_UKB_EUR LDL,NA,NA,sumrhe,-1,29,GERP.NS,GERP.NS,0.32234,0.03791,1.02902,0.10104,-6.48079e-08,5.24217e-08,-0.362528,0.278973,False,False,EUR_300k.GLGC2021.without_UKB_EUR,external,EUR_300k,GLGC2021,without_UKB_EUR,LDL,ldl,0.12097,0.01751,837457.0,454112.0,0.04127102267932,0.14165896380189,2.589480859087532,2.589480859087532,row,1.0290200000000003,1.0207830857740254,False,False,False,External EUR
EUR_300k,GLGC2021.without_UKB_EUR.LDL,GLGC2021 without_UKB_EUR LDL,NA,NA,sumrhe,-1,31,Backgrd_Selection_Stat,Background selection,0.03366,0.00424,1.56564,0.1585,3.21279e-07,2.67219e-07,0.22507,0.210644,False,False,EUR_300k.GLGC2021.without_UKB_EUR,external,EUR_300k,GLGC2021,without_UKB_EUR,LDL,ldl,0.12097,0.01751,837457.0,454112.0,0.6467525204695688,0.1460534758826427,0.1777233629601664,0.1777233629601664,row,1.5656400000000006,1.3593187516236376,False,False,False,External EUR
EUR_300k,GLGC2021.without_UKB_EUR.LDL,GLGC2021 without_UKB_EUR LDL,NA,NA,sumrhe,-1,32,CpG_Content_50kb,CpG content (50 kb),0.00187,0.00035,1.45688,0.10808,1.80205e-05,1.18e-05,0.394323,0.227711,False,False,EUR_300k.GLGC2021.without_UKB_EUR,external,EUR_300k,GLGC2021,without_UKB_EUR,LDL,ldl,0.12097,0.01751,837457.0,454112.0,0.5428820506799767,0.1070276755939261,0.0106106049299017,0.0106106049299017,row,1.456880000000008,1.2968273946831015,False,False,False,External EUR
EUR_300k,GLGC2021.without_UKB_EUR.LDL,GLGC2021 without_UKB_EUR LDL,NA,NA,sumrhe,-1,33,GTEx_eQTL_MaxCPP,GTEx eQTL MaxCPP,0.00388,0.00104,4.33213,1.11053,6.42967e-07,4.48506e-07,0.167929,0.118139,False,False,EUR_300k.GLGC2021.without_UKB_EUR,external,EUR_300k,GLGC2021,without_UKB_EUR,LDL,ldl,0.12097,0.01751,837457.0,454112.0,2.115076536469151,0.3698310354856434,0.0074037639569291,0.0074037639569291,row,4.332130000000044,2.4147119544833515,False,False,False,External EUR
EUR_300k,GLGC2021.without_UKB_EUR.LDL,GLGC2021 without_UKB_EUR LDL,NA,NA,sumrhe,-1,34,BLUEPRINT_H3K27acQTL_MaxCPP,BLUEPRINT H3K27ac QTL,0.0078,0.0022,3.65652,0.71198,7.85807e-07,3.59617e-07,0.296873,0.115395,False,False,EUR_300k.GLGC2021.without_UKB_EUR,external,EUR_300k,GLGC2021,without_UKB_EUR,LDL,ldl,0.12097,0.01751,837457.0,454112.0,1.870471253129849,0.2809146443099242,0.0176339241671864,0.0176339241671864,row,3.656520000000011,2.2192521749841063,False,False,False,External EUR
EUR_300k,GLGC2021.without_UKB_EUR.LDL,GLGC2021 without_UKB_EUR LDL,NA,NA,sumrhe,-1,35,BLUEPRINT_H3K4me1QTL_MaxCPP,BLUEPRINT H3K4me1 QTL,0.00363,0.001,2.54928,0.54699,1.29075e-07,2.33628e-07,0.0394177,0.0709589,False,False,EUR_300k.GLGC2021.without_UKB_EUR,external,EUR_300k,GLGC2021,without_UKB_EUR,LDL,ldl,0.12097,0.01751,837457.0,454112.0,1.3500898403771695,0.3095539761877291,0.0117709470364662,0.0117709470364662,row,2.5492800000000035,1.8275263920030274,False,False,False,External EUR
EUR_300k,GLGC2021.without_UKB_EUR.LDL,GLGC2021 without_UKB_EUR LDL,NA,NA,sumrhe,-1,36,BLUEPRINT_DNA_methylation_MaxCPP,BLUEPRINT methylation QTL,0.00829,0.00204,1.98013,0.3463,-1.26872e-07,1.26559e-07,-0.0674645,0.0672392,False,False,EUR_300k.GLGC2021.without_UKB_EUR,external,EUR_300k,GLGC2021,without_UKB_EUR,LDL,ldl,0.12097,0.01751,837457.0,454112.0,0.9855951495971216,0.2523093396190392,0.0346085294659614,0.0346085294659614,row,1.9801300000000026,1.5753752656755493,False,False,False,External EUR
EUR_300k,GLGC2021.without_UKB_EUR.LDL,GLGC2021 without_UKB_EUR LDL,NA,NA,sumrhe,-1,38,non_synonymous,Nonsynonymous,0.00878,0.00231,2.34526,0.81877,-2.18611e-07,2.39012e-07,-0.142083,0.151893,False,False,EUR_300k.GLGC2021.without_UKB_EUR,external,EUR_300k,GLGC2021,without_UKB_EUR,LDL,ldl,0.12097,0.01751,837457.0,454112.0,1.2297478715328365,0.503669281285937,0.0309475190414145,0.0309475190414145,row,2.3452600000000032,1.7421183442399757,False,False,False,External EUR
EUR_300k,GLGC2021.without_UKB_EUR.LDL,GLGC2021 without_UKB_EUR LDL,NA,NA,sumrhe,-1,45,Ancient_Sequence_Age_Human_Promoter_w_flanking,Ancient promoter age,0.01472,0.0043,7.93532,1.82031,7.67747e-07,3.87012e-07,0.35413,0.180569,False,False,EUR_300k.GLGC2021.without_UKB_EUR,external,EUR_300k,GLGC2021,without_UKB_EUR,LDL,ldl,0.12097,0.01751,837457.0,454112.0,2.988288402405694,0.3309447142497831,0.0153343610486001,0.0153343610486001,row,7.935320000000014,3.159519397330142,False,False,False,External EUR
EUR_300k,GLGC2021.without_UKB_EUR.TC,GLGC2021 without_UKB_EUR TC,NA,NA,sumrhe,-1,1,Coding_UCSC_w_flanking,Coding,0.04267,0.00548,2.75855,0.36903,3.86677e-07,1.7743e-07,0.425173,0.186649,False,False,EUR_300k.GLGC2021.without_UKB_EUR,external,EUR_300k,GLGC2021,without_UKB_EUR,TC,NA,0.13258,0.01497,922058.0,454108.0,1.4639101302256934,0.192999130318194,0.1166712277451649,0.1166712277451649,row,2.7585500000000014,1.9101761961388433,False,False,False,External EUR
EUR_300k,GLGC2021.without_UKB_EUR.TC,GLGC2021 without_UKB_EUR TC,NA,NA,sumrhe,-1,2,Conserved_LindbladToh_w_flanking,Conserved (LindbladToh),0.07525,0.01062,1.26702,0.10268,8.03848e-10,1.1726e-07,0.00136917,0.203082,False,False,EUR_300k.GLGC2021.without_UKB_EUR,external,EUR_300k,GLGC2021,without_UKB_EUR,TC,NA,0.13258,0.01497,922058.0,454108.0,0.3414392977013634,0.1169168022592214,0.4479659653211502,0.4479659653211502,row,1.26702,1.1807971188129471,False,False,False,External EUR
EUR_300k,GLGC2021.without_UKB_EUR.TC,GLGC2021 without_UKB_EUR TC,NA,NA,sumrhe,-1,6,DHS_Trynka_w_flanking,DHS + flank,0.09908,0.01315,1.23371,0.06621,2.13014e-08,6.8128e-08,0.0356547,0.114285,False,False,EUR_300k.GLGC2021.without_UKB_EUR,external,EUR_300k,GLGC2021,without_UKB_EUR,TC,NA,0.13258,0.01497,922058.0,454108.0,0.3030033096161071,0.0774256824190922,0.6057520579377657,0.6057520579377657,row,1.23371,1.159441894541156,False,False,False,External EUR
EUR_300k,GLGC2021.without_UKB_EUR.TC,GLGC2021 without_UKB_EUR TC,NA,NA,sumrhe,-1,20,Promoter_UCSC_w_flanking,Promoter,0.02466,0.00432,2.43515,0.37655,-1.8361e-07,1.6464e-07,-0.167039,0.149816,False,False,EUR_300k.GLGC2021.without_UKB_EUR,external,EUR_300k,GLGC2021,without_UKB_EUR,TC,NA,0.13258,0.01497,922058.0,454108.0,1.2840106419548365,0.2230855666577989,0.076381703432599,0.076381703432599,row,2.435150000000001,1.7803730974513197,False,False,False,External EUR
EUR_300k,GLGC2021.without_UKB_EUR.TC,GLGC2021 without_UKB_EUR TC,NA,NA,sumrhe,-1,29,GERP.NS,GERP.NS,0.36435,0.04024,1.06128,0.08079,-4.07043e-08,3.97328e-08,-0.207753,0.198513,False,False,EUR_300k.GLGC2021.without_UKB_EUR,external,EUR_300k,GLGC2021,without_UKB_EUR,TC,NA,0.13258,0.01497,922058.0,454108.0,0.0858053361005703,0.109825241551164,2.589469375785945,2.589469375785945,row,1.06128,1.0435404908907686,False,False,False,External EUR
EUR_300k,GLGC2021.without_UKB_EUR.TC,GLGC2021 without_UKB_EUR TC,NA,NA,sumrhe,-1,31,Backgrd_Selection_Stat,Background selection,0.03732,0.00414,1.58406,0.15622,4.66458e-07,2.67338e-07,0.298145,0.180837,False,False,EUR_300k.GLGC2021.without_UKB_EUR,external,EUR_300k,GLGC2021,without_UKB_EUR,TC,NA,0.13258,0.01497,922058.0,454108.0,0.6636269819219851,0.1422785874825915,0.1777018679077563,0.1777018679077563,row,1.5840600000000002,1.3696395687537788,False,False,False,External EUR
EUR_300k,GLGC2021.without_UKB_EUR.TC,GLGC2021 without_UKB_EUR TC,NA,NA,sumrhe,-1,32,CpG_Content_50kb,CpG content (50 kb),0.00199,0.00027,1.41112,0.0843,1.8879e-05,1.1018e-05,0.376924,0.195554,False,False,EUR_300k.GLGC2021.without_UKB_EUR,external,EUR_300k,GLGC2021,without_UKB_EUR,TC,NA,0.13258,0.01497,922058.0,454108.0,0.4968406782566453,0.0861862860330373,0.0106368029653841,0.0106368029653841,row,1.4111200000000081,1.2697034547964006,False,False,False,External EUR
EUR_300k,GLGC2021.without_UKB_EUR.TC,GLGC2021 without_UKB_EUR TC,NA,NA,sumrhe,-1,33,GTEx_eQTL_MaxCPP,GTEx eQTL MaxCPP,0.00447,0.00118,4.5547,1.25603,8.41731e-07,5.50582e-07,0.200544,0.133419,False,False,EUR_300k.GLGC2021.without_UKB_EUR,external,EUR_300k,GLGC2021,without_UKB_EUR,TC,NA,0.13258,0.01497,922058.0,454108.0,2.187356032563958,0.3978457971343369,0.0074023519733045,0.0074023519733045,row,4.55470000000005,2.473708996186894,False,False,False,External EUR
EUR_300k,GLGC2021.without_UKB_EUR.TC,GLGC2021 without_UKB_EUR TC,NA,NA,sumrhe,-1,34,BLUEPRINT_H3K27acQTL_MaxCPP,BLUEPRINT H3K27ac QTL,0.00669,0.00168,2.86397,0.66304,4.58573e-07,3.37918e-07,0.158089,0.115719,False,False,EUR_300k.GLGC2021.without_UKB_EUR,external,EUR_300k,GLGC2021,without_UKB_EUR,TC,NA,0.13258,0.01497,922058.0,454108.0,1.518016380493961,0.3339994901870544,0.0176189344031286,0.0176189344031286,row,2.863970000000004,1.950083893081751,False,False,False,External EUR
EUR_300k,GLGC2021.without_UKB_EUR.TC,GLGC2021 without_UKB_EUR TC,NA,NA,sumrhe,-1,35,BLUEPRINT_H3K4me1QTL_MaxCPP,BLUEPRINT H3K4me1 QTL,0.00415,0.00108,2.65663,0.68215,3.44572e-07,3.63419e-07,0.096028,0.102485,False,False,EUR_300k.GLGC2021.without_UKB_EUR,external,EUR_300k,GLGC2021,without_UKB_EUR,TC,NA,0.13258,0.01497,922058.0,454108.0,1.4095973116313971,0.3704446694279619,0.0117825423500757,0.0117825423500757,row,2.6566300000000056,1.8705146534305452,False,False,False,External EUR
EUR_300k,GLGC2021.without_UKB_EUR.TC,GLGC2021 without_UKB_EUR TC,NA,NA,sumrhe,-1,36,BLUEPRINT_DNA_methylation_MaxCPP,BLUEPRINT methylation QTL,0.00617,0.00128,1.34489,0.26656,-4.35846e-07,1.54356e-07,-0.211451,0.0630593,False,False,EUR_300k.GLGC2021.without_UKB_EUR,external,EUR_300k,GLGC2021,without_UKB_EUR,TC,NA,0.13258,0.01497,922058.0,454108.0,0.4274881780277746,0.2859451628753,0.0346035284353137,0.0346035284353137,row,1.3448900000000026,1.2295202467591158,False,False,False,External EUR
EUR_300k,GLGC2021.without_UKB_EUR.TC,GLGC2021 without_UKB_EUR TC,NA,NA,sumrhe,-1,38,non_synonymous,Nonsynonymous,0.01135,0.00302,2.76848,0.84012,-1.61239e-07,2.44933e-07,-0.0956177,0.144057,False,False,EUR_300k.GLGC2021.without_UKB_EUR,external,EUR_300k,GLGC2021,without_UKB_EUR,TC,NA,0.13258,0.01497,922058.0,454108.0,1.469094099616172,0.4377987046146752,0.0309226323084788,0.0309226323084788,row,2.7684800000000065,1.913982736053538,False,False,False,External EUR
EUR_300k,GLGC2021.without_UKB_EUR.TC,GLGC2021 without_UKB_EUR TC,NA,NA,sumrhe,-1,45,Ancient_Sequence_Age_Human_Promoter_w_flanking,Ancient promoter age,0.01557,0.00344,7.65791,1.47521,8.90212e-07,3.97199e-07,0.374632,0.16723,False,False,EUR_300k.GLGC2021.without_UKB_EUR,external,EUR_300k,GLGC2021,without_UKB_EUR,TC,NA,0.13258,0.01497,922058.0,454108.0,2.9369507049364847,0.2779189297432077,0.0153355847328317,0.0153355847328317,row,7.6579100000000455,3.1140188036423813,False,False,False,External EUR
EUR_300k,GLGC2021.without_UKB_EUR.logTG,GLGC2021 without_UKB_EUR logTG,NA,NA,sumrhe,-1,1,Coding_UCSC_w_flanking,Coding,0.03256,0.0054,1.96988,0.22835,1.42213e-07,1.60248e-07,0.146312,0.161489,False,False,EUR_300k.GLGC2021.without_UKB_EUR,external,EUR_300k,GLGC2021,without_UKB_EUR,logTG,triglycerides,0.14169,0.01438,857877.0,454111.0,0.9781077471040298,0.1672383153222504,0.1166555552250314,0.1166555552250314,row,1.9698800000000012,1.570404639139697,False,False,False,External EUR
EUR_300k,GLGC2021.without_UKB_EUR.logTG,GLGC2021 without_UKB_EUR logTG,NA,NA,sumrhe,-1,2,Conserved_LindbladToh_w_flanking,Conserved (LindbladToh),0.07924,0.00891,1.2485,0.07454,-7.97417e-09,9.33127e-08,-0.0127086,0.149921,False,False,EUR_300k.GLGC2021.without_UKB_EUR,external,EUR_300k,GLGC2021,without_UKB_EUR,logTG,triglycerides,0.14169,0.01438,857877.0,454111.0,0.3201958212661251,0.086134151660283,0.4479367760191474,0.4479367760191474,row,1.2484999999999997,1.1689628840069286,False,False,False,External EUR
EUR_300k,GLGC2021.without_UKB_EUR.logTG,GLGC2021 without_UKB_EUR logTG,NA,NA,sumrhe,-1,6,DHS_Trynka_w_flanking,DHS + flank,0.10507,0.01122,1.22413,0.05075,6.39007e-09,5.62738e-08,0.0100079,0.0887275,False,False,EUR_300k.GLGC2021.without_UKB_EUR,external,EUR_300k,GLGC2021,without_UKB_EUR,logTG,triglycerides,0.14169,0.01438,857877.0,454111.0,0.2917567773085375,0.0598112727611568,0.6057758986736624,0.6057758986736624,row,1.22413,1.1532411157925653,False,False,False,External EUR
EUR_300k,GLGC2021.without_UKB_EUR.logTG,GLGC2021 without_UKB_EUR logTG,NA,NA,sumrhe,-1,20,Promoter_UCSC_w_flanking,Promoter,0.01895,0.0043,1.75017,0.30974,-1.96411e-07,1.25707e-07,-0.167206,0.110807,False,False,EUR_300k.GLGC2021.without_UKB_EUR,external,EUR_300k,GLGC2021,without_UKB_EUR,logTG,triglycerides,0.14169,0.01438,857877.0,454111.0,0.8074950627691375,0.2553239753652203,0.076416963881576,0.076416963881576,row,1.7501700000000013,1.459520800665137,False,False,False,External EUR
EUR_300k,GLGC2021.without_UKB_EUR.logTG,GLGC2021 without_UKB_EUR logTG,NA,NA,sumrhe,-1,29,GERP.NS,GERP.NS,0.39297,0.03762,1.07108,0.06569,-2.31645e-08,3.71463e-08,-0.110626,0.176855,False,False,EUR_300k.GLGC2021.without_UKB_EUR,external,EUR_300k,GLGC2021,without_UKB_EUR,logTG,triglycerides,0.14169,0.01438,857877.0,454111.0,0.0990662403990114,0.088481380696116,2.589394890181151,2.589394890181151,row,1.07108,1.0503832818897394,False,False,False,External EUR
EUR_300k,GLGC2021.without_UKB_EUR.logTG,GLGC2021 without_UKB_EUR logTG,NA,NA,sumrhe,-1,31,Backgrd_Selection_Stat,Background selection,0.03735,0.00479,1.48366,0.15177,5.13576e-07,2.95706e-07,0.30708,0.185835,False,False,EUR_300k.GLGC2021.without_UKB_EUR,external,EUR_300k,GLGC2021,without_UKB_EUR,logTG,triglycerides,0.14169,0.01438,857877.0,454111.0,0.5691605174885623,0.1475795171101991,0.1776711926945007,0.1776711926945007,row,1.4836600000000004,1.3124676897069765,False,False,False,External EUR
EUR_300k,GLGC2021.without_UKB_EUR.logTG,GLGC2021 without_UKB_EUR logTG,NA,NA,sumrhe,-1,32,CpG_Content_50kb,CpG content (50 kb),0.00199,0.00025,1.32232,0.06831,1.70452e-05,8.89959e-06,0.318484,0.143492,False,False,EUR_300k.GLGC2021.without_UKB_EUR,external,EUR_300k,GLGC2021,without_UKB_EUR,logTG,triglycerides,0.14169,0.01438,857877.0,454111.0,0.4030713497258445,0.0745284789182082,0.0106212910424992,0.0106212910424992,row,1.3223200000000115,1.215566779526761,False,False,False,External EUR
EUR_300k,GLGC2021.without_UKB_EUR.logTG,GLGC2021 without_UKB_EUR logTG,NA,NA,sumrhe,-1,33,GTEx_eQTL_MaxCPP,GTEx eQTL MaxCPP,0.0036,0.001,3.42409,1.04665,5.45728e-07,4.99961e-07,0.121791,0.115459,False,False,EUR_300k.GLGC2021.without_UKB_EUR,external,EUR_300k,GLGC2021,without_UKB_EUR,logTG,triglycerides,0.14169,0.01438,857877.0,454111.0,1.7757206225472524,0.4409921364644135,0.007420243021653,0.007420243021653,row,3.4240900000000045,2.145380734856746,False,False,False,External EUR
EUR_300k,GLGC2021.without_UKB_EUR.logTG,GLGC2021 without_UKB_EUR logTG,NA,NA,sumrhe,-1,34,BLUEPRINT_H3K27acQTL_MaxCPP,BLUEPRINT H3K27ac QTL,0.00489,0.00116,1.95588,0.39767,5.26847e-08,2.22377e-07,0.0169989,0.0729542,False,False,EUR_300k.GLGC2021.without_UKB_EUR,external,EUR_300k,GLGC2021,without_UKB_EUR,logTG,triglycerides,0.14169,0.01438,857877.0,454111.0,0.9678178586768248,0.2933291085906672,0.0176452352575564,0.0176452352575564,row,1.9558800000000016,1.56358770151417,False,False,False,External EUR
EUR_300k,GLGC2021.without_UKB_EUR.logTG,GLGC2021 without_UKB_EUR logTG,NA,NA,sumrhe,-1,35,BLUEPRINT_H3K4me1QTL_MaxCPP,BLUEPRINT H3K4me1 QTL,0.00334,0.00072,2.00136,0.40277,1.05835e-07,2.09177e-07,0.0276078,0.0547038,False,False,EUR_300k.GLGC2021.without_UKB_EUR,external,EUR_300k,GLGC2021,without_UKB_EUR,logTG,triglycerides,0.14169,0.01438,857877.0,454111.0,1.0009806992278438,0.2903397098067553,0.0117782847885048,0.0117782847885048,row,2.0013600000000125,1.585616374272889,False,False,False,External EUR
EUR_300k,GLGC2021.without_UKB_EUR.logTG,GLGC2021 without_UKB_EUR logTG,NA,NA,sumrhe,-1,36,BLUEPRINT_DNA_methylation_MaxCPP,BLUEPRINT methylation QTL,0.00767,0.00126,1.56325,0.26772,-1.88709e-07,1.7055e-07,-0.0856703,0.0761225,False,False,EUR_300k.GLGC2021.without_UKB_EUR,external,EUR_300k,GLGC2021,without_UKB_EUR,logTG,triglycerides,0.14169,0.01438,857877.0,454111.0,0.644548517249047,0.2470739269769987,0.0346280253119126,0.0346280253119126,row,1.563250000000003,1.3579741950442232,False,False,False,External EUR
EUR_300k,GLGC2021.without_UKB_EUR.logTG,GLGC2021 without_UKB_EUR logTG,NA,NA,sumrhe,-1,38,non_synonymous,Nonsynonymous,0.00742,0.00229,1.69282,0.55888,-1.89282e-07,2.49527e-07,-0.10501,0.139744,False,False,EUR_300k.GLGC2021.without_UKB_EUR,external,EUR_300k,GLGC2021,without_UKB_EUR,logTG,triglycerides,0.14169,0.01438,857877.0,454111.0,0.75942857753762,0.4763019130516085,0.0309352709065753,0.0309352709065753,row,1.6928200000000029,1.4291177969445186,False,False,False,External EUR
EUR_300k,GLGC2021.without_UKB_EUR.logTG,GLGC2021 without_UKB_EUR logTG,NA,NA,sumrhe,-1,45,Ancient_Sequence_Age_Human_Promoter_w_flanking,Ancient promoter age,0.01141,0.003,5.24868,1.13039,7.23471e-07,3.21108e-07,0.285001,0.119989,False,False,EUR_300k.GLGC2021.without_UKB_EUR,external,EUR_300k,GLGC2021,without_UKB_EUR,logTG,triglycerides,0.14169,0.01438,857877.0,454111.0,2.391954642417037,0.3107082251671802,0.015342507649469,0.015342507649469,row,5.248680000000026,2.6435514604015404,False,False,False,External EUR
EUR_300k,GLGC2021.without_UKB_EUR.nonHDL,GLGC2021 without_UKB_EUR nonHDL,NA,NA,sumrhe,-1,1,Coding_UCSC_w_flanking,Coding,0.04964,0.00666,2.78391,0.3708,6.2083e-07,2.50399e-07,0.592075,0.224684,False,False,EUR_300k.GLGC2021.without_UKB_EUR,external,EUR_300k,GLGC2021,without_UKB_EUR,nonHDL,NA,0.15284,0.01718,562102.0,454081.0,1.4771125715844595,0.1921582670278951,0.1166647226149895,0.1166647226149895,row,2.7839100000000006,1.9198777746979703,False,False,False,External EUR
EUR_300k,GLGC2021.without_UKB_EUR.nonHDL,GLGC2021 without_UKB_EUR nonHDL,NA,NA,sumrhe,-1,2,Conserved_LindbladToh_w_flanking,Conserved (LindbladToh),0.09214,0.01264,1.34574,0.09323,5.33846e-08,1.28948e-07,0.0788683,0.191707,False,False,EUR_300k.GLGC2021.without_UKB_EUR,external,EUR_300k,GLGC2021,without_UKB_EUR,nonHDL,NA,0.15284,0.01718,562102.0,454081.0,0.4283997049382381,0.0999468386628011,0.4479711209986158,0.4479711209986158,row,1.3457400000000002,1.230043115029764,False,False,False,External EUR
EUR_300k,GLGC2021.without_UKB_EUR.nonHDL,GLGC2021 without_UKB_EUR nonHDL,NA,NA,sumrhe,-1,6,DHS_Trynka_w_flanking,DHS + flank,0.11739,0.01534,1.26785,0.0628,7.45141e-08,8.21564e-08,0.108181,0.116335,False,False,EUR_300k.GLGC2021.without_UKB_EUR,external,EUR_300k,GLGC2021,without_UKB_EUR,nonHDL,NA,0.15284,0.01718,562102.0,454081.0,0.3423840695647971,0.0714605423100736,0.6057957171383278,0.6057957171383278,row,1.26785,1.1813252207860174,False,False,False,External EUR
EUR_300k,GLGC2021.without_UKB_EUR.nonHDL,GLGC2021 without_UKB_EUR nonHDL,NA,NA,sumrhe,-1,20,Promoter_UCSC_w_flanking,Promoter,0.02686,0.00444,2.30059,0.34679,-1.61313e-07,1.48122e-07,-0.127289,0.117827,False,False,EUR_300k.GLGC2021.without_UKB_EUR,external,EUR_300k,GLGC2021,without_UKB_EUR,nonHDL,NA,0.15284,0.01718,562102.0,454081.0,1.202003896351569,0.2174712631237567,0.0763888112408345,0.0763888112408345,row,2.300590000000003,1.722723937801989,False,False,False,External EUR
EUR_300k,GLGC2021.without_UKB_EUR.nonHDL,GLGC2021 without_UKB_EUR nonHDL,NA,NA,sumrhe,-1,29,GERP.NS,GERP.NS,0.41663,0.0413,1.05265,0.07716,-6.29743e-08,4.78421e-08,-0.278783,0.201042,False,False,EUR_300k.GLGC2021.without_UKB_EUR,external,EUR_300k,GLGC2021,without_UKB_EUR,nonHDL,NA,0.15284,0.01718,562102.0,454081.0,0.0740258283860824,0.1057505812520708,2.5895810890307587,2.5895810890307587,row,1.05265,1.037487652623754,False,False,False,External EUR
EUR_300k,GLGC2021.without_UKB_EUR.nonHDL,GLGC2021 without_UKB_EUR nonHDL,NA,NA,sumrhe,-1,31,Backgrd_Selection_Stat,Background selection,0.04046,0.00455,1.48964,0.13668,3.96209e-07,2.79328e-07,0.219655,0.161336,False,False,EUR_300k.GLGC2021.without_UKB_EUR,external,EUR_300k,GLGC2021,without_UKB_EUR,nonHDL,NA,0.15284,0.01718,562102.0,454081.0,0.5749637179575453,0.1323726257274935,0.17770822289451,0.17770822289451,row,1.48964,1.3159371447981056,False,False,False,External EUR
EUR_300k,GLGC2021.without_UKB_EUR.nonHDL,GLGC2021 without_UKB_EUR nonHDL,NA,NA,sumrhe,-1,32,CpG_Content_50kb,CpG content (50 kb),0.00224,0.00032,1.38182,0.08667,1.93792e-05,1.26684e-05,0.335588,0.197233,False,False,EUR_300k.GLGC2021.without_UKB_EUR,external,EUR_300k,GLGC2021,without_UKB_EUR,nonHDL,NA,0.15284,0.01718,562102.0,454081.0,0.4665696982006256,0.0904881816689919,0.0106061927415451,0.0106061927415451,row,1.38182000000001,1.2520643893063008,False,False,False,External EUR
EUR_300k,GLGC2021.without_UKB_EUR.nonHDL,GLGC2021 without_UKB_EUR nonHDL,NA,NA,sumrhe,-1,33,GTEx_eQTL_MaxCPP,GTEx eQTL MaxCPP,0.00428,0.00096,3.78703,0.80723,6.6136e-07,4.23278e-07,0.136665,0.0876278,False,False,EUR_300k.GLGC2021.without_UKB_EUR,external,EUR_300k,GLGC2021,without_UKB_EUR,nonHDL,NA,0.15284,0.01718,562102.0,454081.0,1.9210668499732688,0.3075198025515504,0.0073944860587652,0.0073944860587652,row,3.7870300000000414,2.2591308473603045,False,False,False,External EUR
EUR_300k,GLGC2021.without_UKB_EUR.nonHDL,GLGC2021 without_UKB_EUR nonHDL,NA,NA,sumrhe,-1,34,BLUEPRINT_H3K27acQTL_MaxCPP,BLUEPRINT H3K27ac QTL,0.00813,0.00204,3.01711,0.59873,7.08186e-07,3.69828e-07,0.211759,0.102226,False,False,EUR_300k.GLGC2021.without_UKB_EUR,external,EUR_300k,GLGC2021,without_UKB_EUR,nonHDL,NA,0.15284,0.01718,562102.0,454081.0,1.59316729627299,0.286295429013675,0.0176304083857227,0.0176304083857227,row,3.01711000000001,2.006157967054704,False,False,False,External EUR
EUR_300k,GLGC2021.without_UKB_EUR.nonHDL,GLGC2021 without_UKB_EUR nonHDL,NA,NA,sumrhe,-1,35,BLUEPRINT_H3K4me1QTL_MaxCPP,BLUEPRINT H3K4me1 QTL,0.00391,0.00114,2.17047,0.60007,8.54292e-08,3.46276e-07,0.0206482,0.0843711,False,False,EUR_300k.GLGC2021.without_UKB_EUR,external,EUR_300k,GLGC2021,without_UKB_EUR,nonHDL,NA,0.15284,0.01718,562102.0,454081.0,1.1180074819548402,0.3988620037071419,0.0117865293214177,0.0117865293214177,row,2.1704700000000043,1.6646967256667078,False,False,False,External EUR
EUR_300k,GLGC2021.without_UKB_EUR.nonHDL,GLGC2021 without_UKB_EUR nonHDL,NA,NA,sumrhe,-1,36,BLUEPRINT_DNA_methylation_MaxCPP,BLUEPRINT methylation QTL,0.0084,0.00172,1.5877,0.26893,-2.77642e-07,1.51936e-07,-0.116838,0.0596323,False,False,EUR_300k.GLGC2021.without_UKB_EUR,external,EUR_300k,GLGC2021,without_UKB_EUR,nonHDL,NA,0.15284,0.01718,562102.0,454081.0,0.6669383372920592,0.2443685692172759,0.0346157553082807,0.0346157553082807,row,1.587700000000002,1.3716703709626834,False,False,False,External EUR
EUR_300k,GLGC2021.without_UKB_EUR.nonHDL,GLGC2021 without_UKB_EUR nonHDL,NA,NA,sumrhe,-1,38,non_synonymous,Nonsynonymous,0.0089,0.00207,1.88228,0.52435,-4.9862e-07,2.59213e-07,-0.256445,0.125908,False,False,EUR_300k.GLGC2021.without_UKB_EUR,external,EUR_300k,GLGC2021,without_UKB_EUR,nonHDL,NA,0.15284,0.01718,562102.0,454081.0,0.9124812532336496,0.4018940565113203,0.030936327021353,0.030936327021353,row,1.882280000000003,1.5272104933855506,False,False,False,External EUR
EUR_300k,GLGC2021.without_UKB_EUR.nonHDL,GLGC2021 without_UKB_EUR nonHDL,NA,NA,sumrhe,-1,45,Ancient_Sequence_Age_Human_Promoter_w_flanking,Ancient promoter age,0.01452,0.00261,6.19783,1.06046,4.87688e-07,4.35423e-07,0.177983,0.166027,False,False,EUR_300k.GLGC2021.without_UKB_EUR,external,EUR_300k,GLGC2021,without_UKB_EUR,nonHDL,NA,0.15284,0.01718,562102.0,454081.0,2.6317631838495066,0.2468477488187172,0.0153281565576934,0.0153281565576934,row,6.197830000000016,2.8475620287626144,False,False,False,External EUR
EUR_300k,MVP_R4_GIA.EUR.A1C_Mean_INT,MVP_R4_GIA EUR A1C_Mean_INT,NA,NA,sumrhe,-1,1,Coding_UCSC_w_flanking,Coding,0.10568,0.07121,1.25216,0.64911,-4.58671e-07,6.56873e-07,-0.0919626,0.143775,False,False,EUR_300k.MVP_R4_GIA.EUR,external,EUR_300k,MVP_R4_GIA,EUR,A1C_Mean_INT,hba1c,0.72304,0.1425,338848.0,451480.0,0.3244189204639824,0.7478818825001877,0.1167268200646649,0.1167268200646649,row,1.2521600000000002,1.171309324312853,False,False,False,External EUR
EUR_300k,MVP_R4_GIA.EUR.A1C_Mean_INT,MVP_R4_GIA EUR A1C_Mean_INT,NA,NA,sumrhe,-1,2,Conserved_LindbladToh_w_flanking,Conserved (LindbladToh),0.3906,0.13164,1.20441,0.21766,9.18507e-08,2.38152e-06,0.0285244,0.767957,False,False,EUR_300k.MVP_R4_GIA.EUR,external,EUR_300k,MVP_R4_GIA,EUR,A1C_Mean_INT,hba1c,0.72304,0.1425,338848.0,451480.0,0.2683265916628705,0.260722679652188,0.4485341993312879,0.4485341993312879,row,1.2044100000000002,1.1403925768837124,False,False,False,External EUR
EUR_300k,MVP_R4_GIA.EUR.A1C_Mean_INT,MVP_R4_GIA EUR A1C_Mean_INT,NA,NA,sumrhe,-1,6,DHS_Trynka_w_flanking,DHS + flank,0.49074,0.21447,1.11935,0.26701,-3.65951e-08,2.80931e-06,-0.0111639,0.824617,False,False,EUR_300k.MVP_R4_GIA.EUR,external,EUR_300k,MVP_R4_GIA,EUR,A1C_Mean_INT,hba1c,0.72304,0.1425,338848.0,451480.0,0.1626612108566497,0.344140798559666,0.6063497892931392,0.6063497892931392,row,1.1193500000000003,1.083621861220038,False,False,False,External EUR
EUR_300k,MVP_R4_GIA.EUR.A1C_Mean_INT,MVP_R4_GIA EUR A1C_Mean_INT,NA,NA,sumrhe,-1,20,Promoter_UCSC_w_flanking,Promoter,0.06802,0.07097,1.23457,1.12562,-3.02929e-07,2.66096e-06,-0.0501849,0.455806,False,False,EUR_300k.MVP_R4_GIA.EUR,external,EUR_300k,MVP_R4_GIA,EUR,A1C_Mean_INT,hba1c,0.72304,0.1425,338848.0,451480.0,0.3040086394695847,1.3153781413167622,0.076200633902162,0.076200633902162,row,1.2345700000000002,1.1599972392153861,False,False,False,External EUR
EUR_300k,MVP_R4_GIA.EUR.A1C_Mean_INT,MVP_R4_GIA EUR A1C_Mean_INT,NA,NA,sumrhe,-1,29,GERP.NS,GERP.NS,2.08658,2.05179,1.11285,0.92071,1.30024e-07,2.67525e-06,0.120859,2.55305,False,False,EUR_300k.MVP_R4_GIA.EUR,external,EUR_300k,MVP_R4_GIA,EUR,A1C_Mean_INT,hba1c,0.72304,0.1425,338848.0,451480.0,0.1542591462828006,1.1936053835619156,2.593200437509146,2.593200437509146,row,1.1128500000000001,1.0791903479933125,False,False,False,External EUR
EUR_300k,MVP_R4_GIA.EUR.A1C_Mean_INT,MVP_R4_GIA EUR A1C_Mean_INT,NA,NA,sumrhe,-1,31,Backgrd_Selection_Stat,Background selection,0.14377,0.01181,1.1182,0.20126,2.99617e-07,4.83155e-06,0.0348918,0.564258,False,False,EUR_300k.MVP_R4_GIA.EUR,external,EUR_300k,MVP_R4_GIA,EUR,A1C_Mean_INT,hba1c,0.72304,0.1425,338848.0,451480.0,0.1611782500798127,0.2596644642544382,0.177822397287646,0.177822397287646,row,1.1182000000000003,1.0828388147248922,False,False,False,External EUR
EUR_300k,MVP_R4_GIA.EUR.A1C_Mean_INT,MVP_R4_GIA EUR A1C_Mean_INT,NA,NA,sumrhe,-1,32,CpG_Content_50kb,CpG content (50 kb),0.00868,0.0029,1.12992,0.16907,4.00449e-05,0.000127929,0.145528,0.443604,False,False,EUR_300k.MVP_R4_GIA.EUR,external,EUR_300k,MVP_R4_GIA,EUR,A1C_Mean_INT,hba1c,0.72304,0.1425,338848.0,451480.0,0.1762206313227887,0.215870548855757,0.0106245294655392,0.0106245294655392,row,1.129920000000009,1.0907992437042866,False,False,False,External EUR
EUR_300k,MVP_R4_GIA.EUR.A1C_Mean_INT,MVP_R4_GIA EUR A1C_Mean_INT,NA,NA,sumrhe,-1,33,GTEx_eQTL_MaxCPP,GTEx eQTL MaxCPP,0.01147,0.00409,2.15312,0.4652,1.72377e-06,1.42659e-06,0.0746825,0.0546737,False,False,EUR_300k.MVP_R4_GIA.EUR,external,EUR_300k,MVP_R4_GIA,EUR,A1C_Mean_INT,hba1c,0.72304,0.1425,338848.0,451480.0,1.1064287275778206,0.3117066085594606,0.0073677156927584,0.0073677156927584,row,2.1531200000000212,1.6567800764946283,False,False,False,External EUR
EUR_300k,MVP_R4_GIA.EUR.A1C_Mean_INT,MVP_R4_GIA EUR A1C_Mean_INT,NA,NA,sumrhe,-1,34,BLUEPRINT_H3K27acQTL_MaxCPP,BLUEPRINT H3K27ac QTL,0.02102,0.00379,1.65171,0.47065,8.26326e-07,1.29101e-06,0.0518717,0.0816155,False,False,EUR_300k.MVP_R4_GIA.EUR,external,EUR_300k,MVP_R4_GIA,EUR,A1C_Mean_INT,hba1c,0.72304,0.1425,338848.0,451480.0,0.7239604069216994,0.4110917903229929,0.0176009694668912,0.0176009694668912,row,1.6517100000000011,1.4069230060542581,False,False,False,External EUR
EUR_300k,MVP_R4_GIA.EUR.A1C_Mean_INT,MVP_R4_GIA EUR A1C_Mean_INT,NA,NA,sumrhe,-1,35,BLUEPRINT_H3K4me1QTL_MaxCPP,BLUEPRINT H3K4me1 QTL,0.01205,0.00605,1.41751,0.95412,-6.82604e-08,2.95782e-06,-0.00346366,0.14414,False,False,EUR_300k.MVP_R4_GIA.EUR,external,EUR_300k,MVP_R4_GIA,EUR,A1C_Mean_INT,hba1c,0.72304,0.1425,338848.0,451480.0,0.5033589128743969,0.9710719447573404,0.0117570561292467,0.0117570561292467,row,1.4175100000000036,1.2735218574045262,False,False,False,External EUR
EUR_300k,MVP_R4_GIA.EUR.A1C_Mean_INT,MVP_R4_GIA EUR A1C_Mean_INT,NA,NA,sumrhe,-1,36,BLUEPRINT_DNA_methylation_MaxCPP,BLUEPRINT methylation QTL,0.03773,0.0068,1.50959,0.38583,4.41085e-07,1.71976e-06,0.0389815,0.150628,False,False,EUR_300k.MVP_R4_GIA.EUR,external,EUR_300k,MVP_R4_GIA,EUR,A1C_Mean_INT,hba1c,0.72304,0.1425,338848.0,451480.0,0.5941567712159449,0.3687325880710582,0.0345673009690596,0.0345673009690596,row,1.509590000000001,1.3274516855775649,False,False,False,External EUR
EUR_300k,MVP_R4_GIA.EUR.A1C_Mean_INT,MVP_R4_GIA EUR A1C_Mean_INT,NA,NA,sumrhe,-1,38,non_synonymous,Nonsynonymous,0.02492,0.0565,1.11343,2.33483,-6.54291e-07,1.53361e-06,-0.070763,0.161636,False,False,EUR_300k.MVP_R4_GIA.EUR,external,EUR_300k,MVP_R4_GIA,EUR,A1C_Mean_INT,hba1c,0.72304,0.1425,338848.0,451480.0,0.1550108604810567,3.025289117698265,0.0309544288659741,0.0309544288659741,row,1.1134300000000035,1.0795863289169494,False,False,False,External EUR
EUR_300k,MVP_R4_GIA.EUR.A1C_Mean_INT,MVP_R4_GIA EUR A1C_Mean_INT,NA,NA,sumrhe,-1,45,Ancient_Sequence_Age_Human_Promoter_w_flanking,Ancient promoter age,0.02224,0.00575,2.00441,0.46564,7.99556e-07,1.27858e-06,0.0613651,0.10951,False,False,EUR_300k.MVP_R4_GIA.EUR,external,EUR_300k,MVP_R4_GIA,EUR,A1C_Mean_INT,hba1c,0.72304,0.1425,338848.0,451480.0,1.0031776405025692,0.3351492553118059,0.0153456715351368,0.0153456715351368,row,2.004410000000013,1.5870817051973147,False,False,False,External EUR
EUR_300k,MVP_R4_GIA.EUR.ALT_Mean_INT,MVP_R4_GIA EUR ALT_Mean_INT,NA,NA,sumrhe,-1,1,Coding_UCSC_w_flanking,Coding,0.05147,0.02139,1.6806,0.48389,2.10527e-07,4.12801e-07,0.11634,0.220468,False,False,EUR_300k.MVP_R4_GIA.EUR,external,EUR_300k,MVP_R4_GIA,EUR,ALT_Mean_INT,alanine_aminotransferase,0.26236,0.03602,406803.0,451520.0,0.7489763892462132,0.4153907552872549,0.116732607549083,0.116732607549083,row,1.6805999999999999,1.4225559559597512,False,False,False,External EUR
EUR_300k,MVP_R4_GIA.EUR.ALT_Mean_INT,MVP_R4_GIA EUR ALT_Mean_INT,NA,NA,sumrhe,-1,2,Conserved_LindbladToh_w_flanking,Conserved (LindbladToh),0.14011,0.03227,1.19057,0.1631,9.56145e-08,5.29906e-07,0.0818399,0.446902,False,False,EUR_300k.MVP_R4_GIA.EUR,external,EUR_300k,MVP_R4_GIA,EUR,ALT_Mean_INT,alanine_aminotransferase,0.26236,0.03602,406803.0,451520.0,0.2516524468862575,0.1976394173958607,0.4485559024608414,0.4485559024608414,row,1.1905699999999997,1.1313063169385584,False,False,False,External EUR
EUR_300k,MVP_R4_GIA.EUR.ALT_Mean_INT,MVP_R4_GIA EUR ALT_Mean_INT,NA,NA,sumrhe,-1,6,DHS_Trynka_w_flanking,DHS + flank,0.1725,0.04801,1.08432,0.16237,-5.42854e-08,6.67782e-07,-0.0456436,0.545985,False,False,EUR_300k.MVP_R4_GIA.EUR,external,EUR_300k,MVP_R4_GIA,EUR,ALT_Mean_INT,alanine_aminotransferase,0.26236,0.03602,406803.0,451520.0,0.1167905816774287,0.2160343752666565,0.606364837274709,0.606364837274709,row,1.08432,1.0595767876799438,False,False,False,External EUR
EUR_300k,MVP_R4_GIA.EUR.ALT_Mean_INT,MVP_R4_GIA EUR ALT_Mean_INT,NA,NA,sumrhe,-1,20,Promoter_UCSC_w_flanking,Promoter,0.03278,0.01813,1.63971,0.72534,-1.52744e-07,6.28398e-07,-0.0697454,0.296655,False,False,EUR_300k.MVP_R4_GIA.EUR,external,EUR_300k,MVP_R4_GIA,EUR,ALT_Mean_INT,alanine_aminotransferase,0.26236,0.03602,406803.0,451520.0,0.7134406815767298,0.6381887168818882,0.0761981244551805,0.0761981244551805,row,1.63971,1.4003794430144745,False,False,False,External EUR
EUR_300k,MVP_R4_GIA.EUR.ALT_Mean_INT,MVP_R4_GIA EUR ALT_Mean_INT,NA,NA,sumrhe,-1,29,GERP.NS,GERP.NS,0.72628,0.51066,1.06747,0.59946,-4.61223e-09,6.77312e-07,-0.0118164,1.67573,False,False,EUR_300k.MVP_R4_GIA.EUR,external,EUR_300k,MVP_R4_GIA,EUR,ALT_Mean_INT,alanine_aminotransferase,0.26236,0.03602,406803.0,451520.0,0.0941955251531193,0.8101754327627925,2.593288201358648,2.593288201358648,row,1.0674699999999997,1.0478663953383933,False,False,False,External EUR
EUR_300k,MVP_R4_GIA.EUR.ALT_Mean_INT,MVP_R4_GIA EUR ALT_Mean_INT,NA,NA,sumrhe,-1,31,Backgrd_Selection_Stat,Background selection,0.0549,0.00487,1.17665,0.17929,9.22241e-09,1.24164e-06,0.00296005,0.397205,False,False,EUR_300k.MVP_R4_GIA.EUR,external,EUR_300k,MVP_R4_GIA,EUR,ALT_Mean_INT,alanine_aminotransferase,0.26236,0.03602,406803.0,451520.0,0.2346852478566255,0.2198281510058065,0.1778391701196349,0.1778391701196349,row,1.1766500000000004,1.1221094443387258,False,False,False,External EUR
EUR_300k,MVP_R4_GIA.EUR.ALT_Mean_INT,MVP_R4_GIA EUR ALT_Mean_INT,NA,NA,sumrhe,-1,32,CpG_Content_50kb,CpG content (50 kb),0.00328,0.0006,1.17648,0.08139,1.07215e-05,2.23856e-05,0.107387,0.206936,False,False,EUR_300k.MVP_R4_GIA.EUR,external,EUR_300k,MVP_R4_GIA,EUR,ALT_Mean_INT,alanine_aminotransferase,0.26236,0.03602,406803.0,451520.0,0.234476795151184,0.0998070085151917,0.0106265348992926,0.0106265348992926,row,1.17648000000001,1.1219967630463858,False,False,False,External EUR
EUR_300k,MVP_R4_GIA.EUR.ALT_Mean_INT,MVP_R4_GIA EUR ALT_Mean_INT,NA,NA,sumrhe,-1,33,GTEx_eQTL_MaxCPP,GTEx eQTL MaxCPP,0.00549,0.00131,2.83825,0.56077,1.11563e-06,5.39071e-07,0.133255,0.0597674,False,False,EUR_300k.MVP_R4_GIA.EUR,external,EUR_300k,MVP_R4_GIA,EUR,ALT_Mean_INT,alanine_aminotransferase,0.26236,0.03602,406803.0,451520.0,1.5050016711022145,0.2850418737177148,0.0073726577828333,0.0073726577828333,row,2.838250000000032,1.9404486828761744,False,False,False,External EUR
EUR_300k,MVP_R4_GIA.EUR.ALT_Mean_INT,MVP_R4_GIA EUR ALT_Mean_INT,NA,NA,sumrhe,-1,34,BLUEPRINT_H3K27acQTL_MaxCPP,BLUEPRINT H3K27ac QTL,0.00785,0.00136,1.70118,0.44769,2.39821e-07,3.68954e-07,0.0414918,0.0672972,False,False,EUR_300k.MVP_R4_GIA.EUR,external,EUR_300k,MVP_R4_GIA,EUR,ALT_Mean_INT,alanine_aminotransferase,0.26236,0.03602,406803.0,451520.0,0.7665357990661871,0.3796659629525271,0.0175882150165729,0.0175882150165729,row,1.7011800000000055,1.4335897807038909,False,False,False,External EUR
EUR_300k,MVP_R4_GIA.EUR.ALT_Mean_INT,MVP_R4_GIA EUR ALT_Mean_INT,NA,NA,sumrhe,-1,35,BLUEPRINT_H3K4me1QTL_MaxCPP,BLUEPRINT H3K4me1 QTL,0.00608,0.00184,1.96998,0.82799,6.04326e-07,7.75148e-07,0.0845267,0.117191,False,False,EUR_300k.MVP_R4_GIA.EUR,external,EUR_300k,MVP_R4_GIA,EUR,ALT_Mean_INT,alanine_aminotransferase,0.26236,0.03602,406803.0,451520.0,0.9781809829571412,0.6063701493952491,0.0117637054028815,0.0117637054028815,row,1.9699800000000032,1.5704532158752111,False,False,False,External EUR
EUR_300k,MVP_R4_GIA.EUR.ALT_Mean_INT,MVP_R4_GIA EUR ALT_Mean_INT,NA,NA,sumrhe,-1,36,BLUEPRINT_DNA_methylation_MaxCPP,BLUEPRINT methylation QTL,0.01384,0.0025,1.52572,0.31596,1.10431e-07,3.81322e-07,0.0268984,0.0966147,False,False,EUR_300k.MVP_R4_GIA.EUR,external,EUR_300k,MVP_R4_GIA,EUR,ALT_Mean_INT,alanine_aminotransferase,0.26236,0.03602,406803.0,451520.0,0.6094902231973196,0.2987664349417173,0.034575114630395,0.034575114630395,row,1.5257200000000004,1.3366947115713403,False,False,False,External EUR
EUR_300k,MVP_R4_GIA.EUR.ALT_Mean_INT,MVP_R4_GIA EUR ALT_Mean_INT,NA,NA,sumrhe,-1,38,non_synonymous,Nonsynonymous,0.01329,0.01412,1.63674,1.51076,9.76902e-09,4.02393e-07,0.00291168,0.119117,False,False,EUR_300k.MVP_R4_GIA.EUR,external,EUR_300k,MVP_R4_GIA,EUR,ALT_Mean_INT,alanine_aminotransferase,0.26236,0.03602,406803.0,451520.0,0.7108251645109859,1.3316506958792542,0.0309490742219496,0.0309490742219496,row,1.6367400000000016,1.3987553189447082,False,False,False,External EUR
EUR_300k,MVP_R4_GIA.EUR.ALT_Mean_INT,MVP_R4_GIA EUR ALT_Mean_INT,NA,NA,sumrhe,-1,45,Ancient_Sequence_Age_Human_Promoter_w_flanking,Ancient promoter age,0.01612,0.00474,4.00601,1.09161,5.2609e-07,5.22514e-07,0.111281,0.113415,False,False,EUR_300k.MVP_R4_GIA.EUR,external,EUR_300k,MVP_R4_GIA,EUR,ALT_Mean_INT,alanine_aminotransferase,0.26236,0.03602,406803.0,451520.0,2.0021660224817244,0.3931244139642191,0.015337528621365,0.015337528621365,row,4.006010000000004,2.323661172955131,False,False,False,External EUR
EUR_300k,MVP_R4_GIA.EUR.AST_Mean_INT,MVP_R4_GIA EUR AST_Mean_INT,NA,NA,sumrhe,-1,1,Coding_UCSC_w_flanking,Coding,0.05573,0.0166,1.52009,0.31311,9.98865e-08,2.60902e-07,0.0461121,0.121392,False,False,EUR_300k.MVP_R4_GIA.EUR,external,EUR_300k,MVP_R4_GIA,EUR,AST_Mean_INT,asp_at,0.31406,0.03634,389192.0,451527.0,0.6041567438726823,0.2971680915292801,0.1167366200406306,0.1167366200406306,row,1.5200900000000008,1.3334752576280169,False,False,False,External EUR
EUR_300k,MVP_R4_GIA.EUR.AST_Mean_INT,MVP_R4_GIA EUR AST_Mean_INT,NA,NA,sumrhe,-1,2,Conserved_LindbladToh_w_flanking,Conserved (LindbladToh),0.16347,0.03523,1.16042,0.16303,6.40357e-08,4.63706e-07,0.0457882,0.347411,False,False,EUR_300k.MVP_R4_GIA.EUR,external,EUR_300k,MVP_R4_GIA,EUR,AST_Mean_INT,asp_at,0.31406,0.03634,389192.0,451527.0,0.2146470659123931,0.2026874515400697,0.4485493492578188,0.4485493492578188,row,1.16042,1.111311809154837,False,False,False,External EUR
EUR_300k,MVP_R4_GIA.EUR.AST_Mean_INT,MVP_R4_GIA EUR AST_Mean_INT,NA,NA,sumrhe,-1,6,DHS_Trynka_w_flanking,DHS + flank,0.21144,0.04267,1.11028,0.10861,-2.43107e-08,3.99134e-07,-0.0170758,0.282543,False,False,EUR_300k.MVP_R4_GIA.EUR,external,EUR_300k,MVP_R4_GIA,EUR,AST_Mean_INT,asp_at,0.31406,0.03634,389192.0,451527.0,0.1509235537562686,0.1411275609674589,0.6063760044547964,0.6063760044547964,row,1.11028,1.0774344339140454,False,False,False,External EUR
EUR_300k,MVP_R4_GIA.EUR.AST_Mean_INT,MVP_R4_GIA EUR AST_Mean_INT,NA,NA,sumrhe,-1,20,Promoter_UCSC_w_flanking,Promoter,0.02903,0.01084,1.21313,0.39092,-3.39527e-07,4.23273e-07,-0.129511,0.162999,False,False,EUR_300k.MVP_R4_GIA.EUR,external,EUR_300k,MVP_R4_GIA,EUR,AST_Mean_INT,asp_at,0.31406,0.03634,389192.0,451527.0,0.2787341591195379,0.4648952258903115,0.0761951041053444,0.0761951041053444,row,1.2131300000000016,1.14608819801955,False,False,False,External EUR
EUR_300k,MVP_R4_GIA.EUR.AST_Mean_INT,MVP_R4_GIA EUR AST_Mean_INT,NA,NA,sumrhe,-1,29,GERP.NS,GERP.NS,0.86624,0.56245,1.06359,0.61227,-1.25621e-08,7.67601e-07,-0.0268856,1.75142,False,False,EUR_300k.MVP_R4_GIA.EUR,external,EUR_300k,MVP_R4_GIA,EUR,AST_Mean_INT,asp_at,0.31406,0.03634,389192.0,451527.0,0.0889421179811868,0.8305069553917258,2.5932916539656774,2.5932916539656774,row,1.0635900000000003,1.0451563604298555,False,False,False,External EUR
EUR_300k,MVP_R4_GIA.EUR.AST_Mean_INT,MVP_R4_GIA EUR AST_Mean_INT,NA,NA,sumrhe,-1,31,Backgrd_Selection_Stat,Background selection,0.06508,0.00636,1.16534,0.2305,1.51519e-07,1.07286e-06,0.0406265,0.305969,False,False,EUR_300k.MVP_R4_GIA.EUR,external,EUR_300k,MVP_R4_GIA,EUR,AST_Mean_INT,asp_at,0.31406,0.03634,389192.0,451527.0,0.2207509374978712,0.285359815096801,0.1778206789626106,0.1778206789626106,row,1.1653400000000003,1.1145935735901722,False,False,False,External EUR
EUR_300k,MVP_R4_GIA.EUR.AST_Mean_INT,MVP_R4_GIA EUR AST_Mean_INT,NA,NA,sumrhe,-1,32,CpG_Content_50kb,CpG content (50 kb),0.00374,0.0004,1.12194,0.09311,6.2947e-06,2.48976e-05,0.0526696,0.205375,False,False,EUR_300k.MVP_R4_GIA.EUR,external,EUR_300k,MVP_R4_GIA,EUR,AST_Mean_INT,asp_at,0.31406,0.03634,389192.0,451527.0,0.165995524416385,0.1197295178504834,0.0106142507673232,0.0106142507673232,row,1.1219400000000002,1.0853838631677337,False,False,False,External EUR
EUR_300k,MVP_R4_GIA.EUR.AST_Mean_INT,MVP_R4_GIA EUR AST_Mean_INT,NA,NA,sumrhe,-1,33,GTEx_eQTL_MaxCPP,GTEx eQTL MaxCPP,0.00603,0.00155,2.60557,0.52182,1.27343e-06,7.84721e-07,0.127065,0.0713557,False,False,EUR_300k.MVP_R4_GIA.EUR,external,EUR_300k,MVP_R4_GIA,EUR,AST_Mean_INT,asp_at,0.31406,0.03634,389192.0,451527.0,1.3815990140464889,0.2889299179207155,0.0073688877431953,0.0073688877431953,row,2.6055700000000175,1.8502273513298602,False,False,False,External EUR
EUR_300k,MVP_R4_GIA.EUR.AST_Mean_INT,MVP_R4_GIA EUR AST_Mean_INT,NA,NA,sumrhe,-1,34,BLUEPRINT_H3K27acQTL_MaxCPP,BLUEPRINT H3K27ac QTL,0.00767,0.00096,1.38824,0.27183,4.81308e-08,2.39794e-07,0.00695648,0.0347886,False,False,EUR_300k.MVP_R4_GIA.EUR,external,EUR_300k,MVP_R4_GIA,EUR,AST_Mean_INT,asp_at,0.31406,0.03634,389192.0,451527.0,0.4732570037075145,0.2824927915669099,0.0175921202039416,0.0175921202039416,row,1.3882400000000075,1.2559478237935273,False,False,False,External EUR
EUR_300k,MVP_R4_GIA.EUR.AST_Mean_INT,MVP_R4_GIA EUR AST_Mean_INT,NA,NA,sumrhe,-1,35,BLUEPRINT_H3K4me1QTL_MaxCPP,BLUEPRINT H3K4me1 QTL,0.00605,0.00197,1.63879,0.7442,4.44302e-07,7.70432e-07,0.0519147,0.100788,False,False,EUR_300k.MVP_R4_GIA.EUR,external,EUR_300k,MVP_R4_GIA,EUR,AST_Mean_INT,asp_at,0.31406,0.03634,389192.0,451527.0,0.7126309945415266,0.6551502324456255,0.0117549136472638,0.0117549136472638,row,1.638790000000004,1.3998765427772661,False,False,False,External EUR
EUR_300k,MVP_R4_GIA.EUR.AST_Mean_INT,MVP_R4_GIA EUR AST_Mean_INT,NA,NA,sumrhe,-1,36,BLUEPRINT_DNA_methylation_MaxCPP,BLUEPRINT methylation QTL,0.01346,0.00266,1.2397,0.17308,-6.69693e-08,4.11841e-07,-0.0136269,0.0888296,False,False,EUR_300k.MVP_R4_GIA.EUR,external,EUR_300k,MVP_R4_GIA,EUR,AST_Mean_INT,asp_at,0.31406,0.03634,389192.0,451527.0,0.309991039260069,0.2014210354739548,0.0345713096728351,0.0345713096728351,row,1.239700000000002,1.1633055012571807,False,False,False,External EUR
EUR_300k,MVP_R4_GIA.EUR.AST_Mean_INT,MVP_R4_GIA EUR AST_Mean_INT,NA,NA,sumrhe,-1,38,non_synonymous,Nonsynonymous,0.01668,0.01091,1.71611,0.98815,2.22584e-07,6.0452e-07,0.0554209,0.167402,False,False,EUR_300k.MVP_R4_GIA.EUR,external,EUR_300k,MVP_R4_GIA,EUR,AST_Mean_INT,asp_at,0.31406,0.03634,389192.0,451527.0,0.7791420303248072,0.8307154580151792,0.0309484068820138,0.0309484068820138,row,1.7161100000000036,1.4415419086109689,False,False,False,External EUR
EUR_300k,MVP_R4_GIA.EUR.AST_Mean_INT,MVP_R4_GIA EUR AST_Mean_INT,NA,NA,sumrhe,-1,45,Ancient_Sequence_Age_Human_Promoter_w_flanking,Ancient promoter age,0.01256,0.00322,2.60584,0.47958,3.84217e-07,5.34897e-07,0.0678927,0.106703,False,False,EUR_300k.MVP_R4_GIA.EUR,external,EUR_300k,MVP_R4_GIA,EUR,AST_Mean_INT,asp_at,0.31406,0.03634,389192.0,451527.0,1.3817485043615432,0.2655142632354745,0.0153472040294586,0.0153472040294586,row,2.6058400000000104,1.8503353822589605,False,False,False,External EUR
EUR_300k,MVP_R4_GIA.EUR.Glucose_Mean_INT,MVP_R4_GIA EUR Glucose_Mean_INT,NA,NA,sumrhe,-1,1,Coding_UCSC_w_flanking,Coding,0.07139,0.10695,1.18855,1.74105,-3.56831e-07,1.18402e-06,-0.100541,0.50457,False,False,EUR_300k.MVP_R4_GIA.EUR,external,EUR_300k,MVP_R4_GIA,EUR,Glucose_Mean_INT,glucose,0.51455,0.20147,419946.0,451501.0,0.2492025959473551,2.113334904665121,0.1167326495420109,0.1167326495420109,row,1.1885500000000007,1.1299753444192893,False,False,False,External EUR
EUR_300k,MVP_R4_GIA.EUR.Glucose_Mean_INT,MVP_R4_GIA EUR Glucose_Mean_INT,NA,NA,sumrhe,-1,2,Conserved_LindbladToh_w_flanking,Conserved (LindbladToh),0.27991,0.22028,1.21277,0.70738,8.26272e-08,4.00347e-06,0.0360589,2.33449,False,False,EUR_300k.MVP_R4_GIA.EUR,external,EUR_300k,MVP_R4_GIA,EUR,Glucose_Mean_INT,glucose,0.51455,0.20147,419946.0,451501.0,0.2783059714625588,0.8414898274396918,0.4485515753870955,0.4485515753870955,row,1.21277,1.1458535021539102,False,False,False,External EUR
EUR_300k,MVP_R4_GIA.EUR.Glucose_Mean_INT,MVP_R4_GIA EUR Glucose_Mean_INT,NA,NA,sumrhe,-1,6,DHS_Trynka_w_flanking,DHS + flank,0.34914,0.26235,1.11901,0.5415,1.13946e-08,2.1729e-06,0.00488479,1.11765,False,False,EUR_300k.MVP_R4_GIA.EUR,external,EUR_300k,MVP_R4_GIA,EUR,Glucose_Mean_INT,glucose,0.51455,0.20147,419946.0,451501.0,0.1622229289737758,0.6981343907930881,0.6063704899153041,0.6063704899153041,row,1.11901,1.0833903960708036,False,False,False,External EUR
EUR_300k,MVP_R4_GIA.EUR.Glucose_Mean_INT,MVP_R4_GIA EUR Glucose_Mean_INT,NA,NA,sumrhe,-1,20,Promoter_UCSC_w_flanking,Promoter,0.04616,0.06569,1.17735,1.43693,-1.97005e-07,1.78761e-06,-0.0458653,0.431637,False,False,EUR_300k.MVP_R4_GIA.EUR,external,EUR_300k,MVP_R4_GIA,EUR,Glucose_Mean_INT,glucose,0.51455,0.20147,419946.0,451501.0,0.2355432653233962,1.7607778359065516,0.0761960800641041,0.0761960800641041,row,1.17735,1.1225733334233938,False,False,False,External EUR
EUR_300k,MVP_R4_GIA.EUR.Glucose_Mean_INT,MVP_R4_GIA EUR Glucose_Mean_INT,NA,NA,sumrhe,-1,29,GERP.NS,GERP.NS,1.51273,3.70828,1.13369,3.19141,1.38569e-07,5.16295e-06,0.181001,9.06047,False,False,EUR_300k.MVP_R4_GIA.EUR,external,EUR_300k,MVP_R4_GIA,EUR,Glucose_Mean_INT,glucose,0.51455,0.20147,419946.0,451501.0,0.1810261988305068,4.061278992002617,2.5932209493342304,2.5932209493342304,row,1.13369,1.0933505848080165,False,False,False,External EUR
EUR_300k,MVP_R4_GIA.EUR.Glucose_Mean_INT,MVP_R4_GIA EUR Glucose_Mean_INT,NA,NA,sumrhe,-1,31,Backgrd_Selection_Stat,Background selection,0.09976,0.01005,1.09022,0.54474,1.10351e-07,5.62319e-06,0.0180589,1.18244,False,False,EUR_300k.MVP_R4_GIA.EUR,external,EUR_300k,MVP_R4_GIA,EUR,Glucose_Mean_INT,glucose,0.51455,0.20147,419946.0,451501.0,0.1246192917754381,0.7208578970976995,0.1778339655783,0.1778339655783,row,1.0902200000000004,1.063654796949832,False,False,False,External EUR
EUR_300k,MVP_R4_GIA.EUR.Glucose_Mean_INT,MVP_R4_GIA EUR Glucose_Mean_INT,NA,NA,sumrhe,-1,32,CpG_Content_50kb,CpG content (50 kb),0.00604,0.00241,1.10541,0.18694,2.43872e-05,0.000162175,0.124547,1.00916,False,False,EUR_300k.MVP_R4_GIA.EUR,external,EUR_300k,MVP_R4_GIA,EUR,Glucose_Mean_INT,glucose,0.51455,0.20147,419946.0,451501.0,0.1445815689449293,0.2439795288117375,0.0106190573677089,0.0106190573677089,row,1.1054100000000082,1.0741012059136468,False,False,False,External EUR
EUR_300k,MVP_R4_GIA.EUR.Glucose_Mean_INT,MVP_R4_GIA EUR Glucose_Mean_INT,NA,NA,sumrhe,-1,33,GTEx_eQTL_MaxCPP,GTEx eQTL MaxCPP,0.00684,0.00669,1.80437,1.43218,7.5527e-07,2.66364e-06,0.0459966,0.195238,False,False,EUR_300k.MVP_R4_GIA.EUR,external,EUR_300k,MVP_R4_GIA,EUR,Glucose_Mean_INT,glucose,0.51455,0.20147,419946.0,451501.0,0.8514952046862942,1.1451082558789802,0.0073672078278078,0.0073672078278078,row,1.8043700000000038,1.487676706677282,False,False,False,External EUR
EUR_300k,MVP_R4_GIA.EUR.Glucose_Mean_INT,MVP_R4_GIA EUR Glucose_Mean_INT,NA,NA,sumrhe,-1,34,BLUEPRINT_H3K27acQTL_MaxCPP,BLUEPRINT H3K27ac QTL,0.01219,0.00207,1.34625,0.73769,7.89701e-08,7.56968e-07,0.00696626,0.0815107,False,False,EUR_300k.MVP_R4_GIA.EUR,external,EUR_300k,MVP_R4_GIA,EUR,Glucose_Mean_INT,glucose,0.51455,0.20147,419946.0,451501.0,0.4289463447694828,0.7905379422197805,0.0175974770212805,0.0175974770212805,row,1.346250000000004,1.2303567450561521,False,False,False,External EUR
EUR_300k,MVP_R4_GIA.EUR.Glucose_Mean_INT,MVP_R4_GIA EUR Glucose_Mean_INT,NA,NA,sumrhe,-1,35,BLUEPRINT_H3K4me1QTL_MaxCPP,BLUEPRINT H3K4me1 QTL,0.00805,0.00631,1.32997,2.03782,1.89487e-08,3.17842e-06,0.00135133,0.29594,False,False,EUR_300k.MVP_R4_GIA.EUR,external,EUR_300k,MVP_R4_GIA,EUR,Glucose_Mean_INT,glucose,0.51455,0.20147,419946.0,451501.0,0.411393703366041,2.2105406950715785,0.0117632263289307,0.0117632263289307,row,1.3299700000000014,1.2203113792873412,False,False,False,External EUR
EUR_300k,MVP_R4_GIA.EUR.Glucose_Mean_INT,MVP_R4_GIA EUR Glucose_Mean_INT,NA,NA,sumrhe,-1,36,BLUEPRINT_DNA_methylation_MaxCPP,BLUEPRINT methylation QTL,0.0235,0.0121,1.32091,0.43529,5.30698e-08,1.32438e-06,0.0065908,0.206591,False,False,EUR_300k.MVP_R4_GIA.EUR,external,EUR_300k,MVP_R4_GIA,EUR,Glucose_Mean_INT,glucose,0.51455,0.20147,419946.0,451501.0,0.4015321721282828,0.4754227951552769,0.034575387148279,0.034575387148279,row,1.320910000000001,1.2146905790929268,False,False,False,External EUR
EUR_300k,MVP_R4_GIA.EUR.Glucose_Mean_INT,MVP_R4_GIA EUR Glucose_Mean_INT,NA,NA,sumrhe,-1,38,non_synonymous,Nonsynonymous,0.01553,0.07277,0.97493,5.38462,-7.55883e-07,3.62138e-06,-0.11489,0.718231,False,False,EUR_300k.MVP_R4_GIA.EUR,external,EUR_300k,MVP_R4_GIA,EUR,Glucose_Mean_INT,glucose,0.51455,0.20147,419946.0,451501.0,-0.0366294578489801,7.968125476774261,0.0309578248445401,0.0309578248445401,row,0.9749300000000006,0.9818015188884363,False,False,False,External EUR
EUR_300k,MVP_R4_GIA.EUR.Glucose_Mean_INT,MVP_R4_GIA EUR Glucose_Mean_INT,NA,NA,sumrhe,-1,45,Ancient_Sequence_Age_Human_Promoter_w_flanking,Ancient promoter age,0.01378,0.01157,1.74576,1.14768,2.43548e-07,2.7422e-06,0.0262665,0.421006,False,False,EUR_300k.MVP_R4_GIA.EUR,external,EUR_300k,MVP_R4_GIA,EUR,Glucose_Mean_INT,glucose,0.51455,0.20147,419946.0,451501.0,0.8038552367399613,0.9484420793966214,0.0153404145755722,0.0153404145755722,row,1.7457600000000038,1.4572055286380907,False,False,False,External EUR
EUR_300k,MVP_R4_GIA.EUR.Phe_401,MVP_R4_GIA EUR Phe_401,NA,NA,sumrhe,-1,1,Coding_UCSC_w_flanking,Coding,0.02056,0.0138,1.0356,0.53818,-1.62844e-07,1.5259e-07,-0.138815,0.145633,False,False,EUR_300k.MVP_R4_GIA.EUR,external,EUR_300k,MVP_R4_GIA,EUR,Phe_401,hypertension_i10,0.1701,0.02797,428138.0,451549.0,0.0504668703506619,0.7497389118439768,0.1167150216547237,0.1167150216547237,row,1.035600000000001,1.0254540964277497,False,False,False,External EUR
EUR_300k,MVP_R4_GIA.EUR.Phe_401,MVP_R4_GIA EUR Phe_401,NA,NA,sumrhe,-1,2,Conserved_LindbladToh_w_flanking,Conserved (LindbladToh),0.08788,0.02551,1.15185,0.17512,-2.62031e-08,5.48771e-07,-0.0345957,0.715875,False,False,EUR_300k.MVP_R4_GIA.EUR,external,EUR_300k,MVP_R4_GIA,EUR,Phe_401,hypertension_i10,0.1701,0.02797,428138.0,451549.0,0.2039528536325038,0.2193382433133439,0.4485282564507771,0.4485282564507771,row,1.1518500000000003,1.1055775147911668,False,False,False,External EUR
EUR_300k,MVP_R4_GIA.EUR.Phe_401,MVP_R4_GIA EUR Phe_401,NA,NA,sumrhe,-1,6,DHS_Trynka_w_flanking,DHS + flank,0.11537,0.03624,1.11852,0.17622,1.80615e-10,3.77336e-07,0.000234248,0.490141,False,False,EUR_300k.MVP_R4_GIA.EUR,external,EUR_300k,MVP_R4_GIA,EUR,Phe_401,hypertension_i10,0.1701,0.02797,428138.0,451549.0,0.1615910531273413,0.2272929586466519,0.6063799389900945,0.6063799389900945,row,1.1185200000000002,1.0830567486048568,False,False,False,External EUR
EUR_300k,MVP_R4_GIA.EUR.Phe_401,MVP_R4_GIA EUR Phe_401,NA,NA,sumrhe,-1,20,Promoter_UCSC_w_flanking,Promoter,0.01372,0.01048,1.05853,0.6628,-1.51623e-07,3.38558e-07,-0.106795,0.24832,False,False,EUR_300k.MVP_R4_GIA.EUR,external,EUR_300k,MVP_R4_GIA,EUR,Phe_401,hypertension_i10,0.1701,0.02797,428138.0,451549.0,0.0820621576193855,0.9033454631434206,0.0761985359073354,0.0761985359073354,row,1.0585300000000004,1.0416144739377096,False,False,False,External EUR
EUR_300k,MVP_R4_GIA.EUR.Phe_401,MVP_R4_GIA EUR Phe_401,NA,NA,sumrhe,-1,29,GERP.NS,GERP.NS,0.49203,0.45248,1.11543,0.84192,4.21608e-08,6.22215e-07,0.166613,2.39765,False,False,EUR_300k.MVP_R4_GIA.EUR,external,EUR_300k,MVP_R4_GIA,EUR,Phe_401,hypertension_i10,0.1701,0.02797,428138.0,451549.0,0.1575999785559473,1.088937726997872,2.5932533575326047,2.5932533575326047,row,1.11543,1.0809509474178696,False,False,False,External EUR
EUR_300k,MVP_R4_GIA.EUR.Phe_401,MVP_R4_GIA EUR Phe_401,NA,NA,sumrhe,-1,31,Backgrd_Selection_Stat,Background selection,0.0345,0.00223,1.14073,0.19508,2.2307e-07,8.42109e-07,0.110438,0.437202,False,False,EUR_300k.MVP_R4_GIA.EUR,external,EUR_300k,MVP_R4_GIA,EUR,Phe_401,hypertension_i10,0.1701,0.02797,428138.0,451549.0,0.1899573597631768,0.2467200376746635,0.1778000661756385,0.1778000661756385,row,1.1407300000000002,1.0981028469963632,False,False,False,External EUR
EUR_300k,MVP_R4_GIA.EUR.Phe_401,MVP_R4_GIA EUR Phe_401,NA,NA,sumrhe,-1,32,CpG_Content_50kb,CpG content (50 kb),0.00197,0.00042,1.09133,0.08989,7.54074e-06,2.38665e-05,0.116507,0.34218,False,False,EUR_300k.MVP_R4_GIA.EUR,external,EUR_300k,MVP_R4_GIA,EUR,Phe_401,hypertension_i10,0.1701,0.02797,428138.0,451549.0,0.1260874145629805,0.1188310201547734,0.0106122095906222,0.0106122095906222,row,1.0913300000000072,1.0644207289764778,False,False,False,External EUR
EUR_300k,MVP_R4_GIA.EUR.Phe_401,MVP_R4_GIA EUR Phe_401,NA,NA,sumrhe,-1,33,GTEx_eQTL_MaxCPP,GTEx eQTL MaxCPP,0.00273,0.00094,2.18082,0.47454,3.9279e-07,3.57275e-07,0.0723673,0.0563791,False,False,EUR_300k.MVP_R4_GIA.EUR,external,EUR_300k,MVP_R4_GIA,EUR,Phe_401,hypertension_i10,0.1701,0.02797,428138.0,451549.0,1.1248706980740424,0.31392618588579,0.0073593339734821,0.0073593339734821,row,2.18082000000002,1.6693987332559626,False,False,False,External EUR
EUR_300k,MVP_R4_GIA.EUR.Phe_401,MVP_R4_GIA EUR Phe_401,NA,NA,sumrhe,-1,34,BLUEPRINT_H3K27acQTL_MaxCPP,BLUEPRINT H3K27ac QTL,0.00402,0.00064,1.34263,0.31091,-2.65682e-08,1.88026e-07,-0.00709016,0.0497244,False,False,EUR_300k.MVP_R4_GIA.EUR,external,EUR_300k,MVP_R4_GIA,EUR,Phe_401,hypertension_i10,0.1701,0.02797,428138.0,451549.0,0.4250617837602233,0.334081850668306,0.0176021368258494,0.0176021368258494,row,1.3426300000000069,1.2281291098487508,False,False,False,External EUR
EUR_300k,MVP_R4_GIA.EUR.Phe_401,MVP_R4_GIA EUR Phe_401,NA,NA,sumrhe,-1,35,BLUEPRINT_H3K4me1QTL_MaxCPP,BLUEPRINT H3K4me1 QTL,0.0028,0.00095,1.4002,0.6816,-1.0939e-08,4.68921e-07,-0.00236003,0.101258,False,False,EUR_300k.MVP_R4_GIA.EUR,external,EUR_300k,MVP_R4_GIA,EUR,Phe_401,hypertension_i10,0.1701,0.02797,428138.0,451549.0,0.4856329117418211,0.7022860590415066,0.0117561100912685,0.0117561100912685,row,1.4002000000000072,1.2631546254114592,False,False,False,External EUR
EUR_300k,MVP_R4_GIA.EUR.Phe_401,MVP_R4_GIA EUR Phe_401,NA,NA,sumrhe,-1,36,BLUEPRINT_DNA_methylation_MaxCPP,BLUEPRINT methylation QTL,0.00766,0.00168,1.30212,0.21721,-3.67014e-08,2.18515e-07,-0.0137897,0.0804049,False,False,EUR_300k.MVP_R4_GIA.EUR,external,EUR_300k,MVP_R4_GIA,EUR,Phe_401,hypertension_i10,0.1701,0.02797,428138.0,451549.0,0.3808624096612747,0.2406596856138387,0.0345838585700417,0.0345838585700417,row,1.302120000000003,1.2029630371594262,False,False,False,External EUR
EUR_300k,MVP_R4_GIA.EUR.Phe_401,MVP_R4_GIA EUR Phe_401,NA,NA,sumrhe,-1,38,non_synonymous,Nonsynonymous,0.00389,0.01022,0.73876,1.85725,-3.0902e-07,3.93914e-07,-0.142102,0.161236,False,False,EUR_300k.MVP_R4_GIA.EUR,external,EUR_300k,MVP_R4_GIA,EUR,Phe_401,hypertension_i10,0.1701,0.02797,428138.0,451549.0,-0.4368223408624844,3.6269497058463207,0.0309557916599144,0.0309557916599144,row,0.738760000000002,0.798058812055178,False,False,False,External EUR
EUR_300k,MVP_R4_GIA.EUR.Phe_401,MVP_R4_GIA EUR Phe_401,NA,NA,sumrhe,-1,45,Ancient_Sequence_Age_Human_Promoter_w_flanking,Ancient promoter age,0.00561,0.00144,2.14892,0.34832,1.73941e-07,3.41456e-07,0.0567514,0.116912,False,False,EUR_300k.MVP_R4_GIA.EUR,external,EUR_300k,MVP_R4_GIA,EUR,Phe_401,hypertension_i10,0.1701,0.02797,428138.0,451549.0,1.103611775110233,0.233847484616665,0.0153475232429621,0.0153475232429621,row,2.148920000000013,1.6548571054983028,False,False,False,External EUR
EUR_300k,MVP_R4_GIA.EUR.Phe_411,MVP_R4_GIA EUR Phe_411,NA,NA,sumrhe,-1,1,Coding_UCSC_w_flanking,Coding,0.03247,0.03315,1.49761,1.20476,7.79224e-08,4.96315e-07,0.0608386,0.316922,False,False,EUR_300k.MVP_R4_GIA.EUR,external,EUR_300k,MVP_R4_GIA,EUR,Phe_411,chronic_ischaemic_heart_disease_i25,0.18571,0.07446,417274.0,451543.0,0.5826619733821404,1.1605833811615758,0.1167476822171998,0.1167476822171998,row,1.4976100000000012,1.3205482187423323,False,False,False,External EUR
EUR_300k,MVP_R4_GIA.EUR.Phe_411,MVP_R4_GIA EUR Phe_411,NA,NA,sumrhe,-1,2,Conserved_LindbladToh_w_flanking,Conserved (LindbladToh),0.10169,0.04092,1.22079,0.20462,-1.57749e-08,1.31016e-06,-0.0190761,2.046,False,False,EUR_300k.MVP_R4_GIA.EUR,external,EUR_300k,MVP_R4_GIA,EUR,Phe_411,chronic_ischaemic_heart_disease_i25,0.18571,0.07446,417274.0,451543.0,0.2878150496167511,0.241814119764005,0.4485408422322013,0.4485408422322013,row,1.22079,1.151072976728879,False,False,False,External EUR
EUR_300k,MVP_R4_GIA.EUR.Phe_411,MVP_R4_GIA EUR Phe_411,NA,NA,sumrhe,-1,6,DHS_Trynka_w_flanking,DHS + flank,0.13004,0.1027,1.1548,0.55182,1.63477e-08,8.40793e-07,0.0194192,1.36323,False,False,EUR_300k.MVP_R4_GIA.EUR,external,EUR_300k,MVP_R4_GIA,EUR,Phe_411,chronic_ischaemic_heart_disease_i25,0.18571,0.07446,417274.0,451543.0,0.2076430126865326,0.689390351111316,0.6063660753419267,0.6063660753419267,row,1.1548,1.107553970289646,False,False,False,External EUR
EUR_300k,MVP_R4_GIA.EUR.Phe_411,MVP_R4_GIA EUR Phe_411,NA,NA,sumrhe,-1,20,Promoter_UCSC_w_flanking,Promoter,0.01687,0.02254,1.192,1.55673,-2.11456e-07,5.94858e-07,-0.136414,0.571378,False,False,EUR_300k.MVP_R4_GIA.EUR,external,EUR_300k,MVP_R4_GIA,EUR,Phe_411,chronic_ischaemic_heart_disease_i25,0.18571,0.07446,417274.0,451543.0,0.2533842358000744,1.8841330964790903,0.076208521693815,0.076208521693815,row,1.1920000000000004,1.1322477982984398,False,False,False,External EUR
EUR_300k,MVP_R4_GIA.EUR.Phe_411,MVP_R4_GIA EUR Phe_411,NA,NA,sumrhe,-1,29,GERP.NS,GERP.NS,0.53723,1.08055,1.11551,2.12215,2.01521e-08,1.47983e-06,0.0729416,6.07013,False,False,EUR_300k.MVP_R4_GIA.EUR,external,EUR_300k,MVP_R4_GIA,EUR,Phe_411,chronic_ischaemic_heart_disease_i25,0.18571,0.07446,417274.0,451543.0,0.1577034466934326,2.7445879293081314,2.5932924680263048,2.5932924680263048,row,1.11551,1.0810055053190852,False,False,False,External EUR
EUR_300k,MVP_R4_GIA.EUR.Phe_411,MVP_R4_GIA EUR Phe_411,NA,NA,sumrhe,-1,31,Backgrd_Selection_Stat,Background selection,0.03678,0.00462,1.11374,0.67612,8.79187e-09,2.17154e-06,0.00398671,1.2936,False,False,EUR_300k.MVP_R4_GIA.EUR,external,EUR_300k,MVP_R4_GIA,EUR,Phe_411,chronic_ischaemic_heart_disease_i25,0.18571,0.07446,417274.0,451543.0,0.155412478198217,0.8758192855117407,0.1778249180665888,0.1778249180665888,row,1.1137400000000004,1.0797979293321078,False,False,False,External EUR
EUR_300k,MVP_R4_GIA.EUR.Phe_411,MVP_R4_GIA EUR Phe_411,NA,NA,sumrhe,-1,32,CpG_Content_50kb,CpG content (50 kb),0.0022,0.00101,1.11356,0.19248,2.83667e-06,4.6997e-05,0.040142,0.817752,False,False,EUR_300k.MVP_R4_GIA.EUR,external,EUR_300k,MVP_R4_GIA,EUR,Phe_411,chronic_ischaemic_heart_disease_i25,0.18571,0.07446,417274.0,451543.0,0.1551792944260038,0.249371332905553,0.0106383376066342,0.0106383376066342,row,1.1135600000000074,1.079675068353466,False,False,False,External EUR
EUR_300k,MVP_R4_GIA.EUR.Phe_411,MVP_R4_GIA EUR Phe_411,NA,NA,sumrhe,-1,33,GTEx_eQTL_MaxCPP,GTEx eQTL MaxCPP,0.0052,0.00308,3.79779,1.58552,1.4123e-06,1.30112e-06,0.238321,0.173943,False,False,EUR_300k.MVP_R4_GIA.EUR,external,EUR_300k,MVP_R4_GIA,EUR,Phe_411,chronic_ischaemic_heart_disease_i25,0.18571,0.07446,417274.0,451543.0,1.9251601334140207,0.6023034030923956,0.0073728790082542,0.0073728790082542,row,3.7977900000000036,2.262370012031323,False,False,False,External EUR
EUR_300k,MVP_R4_GIA.EUR.Phe_411,MVP_R4_GIA EUR Phe_411,NA,NA,sumrhe,-1,34,BLUEPRINT_H3K27acQTL_MaxCPP,BLUEPRINT H3K27ac QTL,0.0062,0.001,1.89613,1.26434,3.09002e-07,4.27218e-07,0.0755284,0.174751,False,False,EUR_300k.MVP_R4_GIA.EUR,external,EUR_300k,MVP_R4_GIA,EUR,Phe_411,chronic_ischaemic_heart_disease_i25,0.18571,0.07446,417274.0,451543.0,0.923057879808892,0.9619894458700364,0.0176071186134894,0.0176071186134894,row,1.8961300000000063,1.5341263628306245,False,False,False,External EUR
EUR_300k,MVP_R4_GIA.EUR.Phe_411,MVP_R4_GIA EUR Phe_411,NA,NA,sumrhe,-1,35,BLUEPRINT_H3K4me1QTL_MaxCPP,BLUEPRINT H3K4me1 QTL,0.00427,0.00263,1.95494,2.45272,3.16796e-07,1.29026e-06,0.0626001,0.352685,False,False,EUR_300k.MVP_R4_GIA.EUR,external,EUR_300k,MVP_R4_GIA,EUR,Phe_411,chronic_ischaemic_heart_disease_i25,0.18571,0.07446,417274.0,451543.0,0.967124329767516,1.8100437766321107,0.0117614035705793,0.0117614035705793,row,1.9549400000000072,1.5631288368050906,False,False,False,External EUR
EUR_300k,MVP_R4_GIA.EUR.Phe_411,MVP_R4_GIA EUR Phe_411,NA,NA,sumrhe,-1,36,BLUEPRINT_DNA_methylation_MaxCPP,BLUEPRINT methylation QTL,0.0087,0.00322,1.3554,0.46401,-8.17478e-08,4.92623e-07,-0.0281322,0.197253,False,False,EUR_300k.MVP_R4_GIA.EUR,external,EUR_300k,MVP_R4_GIA,EUR,Phe_411,chronic_ischaemic_heart_disease_i25,0.18571,0.07446,417274.0,451543.0,0.4387186765647911,0.4938947365522266,0.0345634019006867,0.0345634019006867,row,1.3554000000000024,1.2359720827735823,False,False,False,External EUR
EUR_300k,MVP_R4_GIA.EUR.Phe_411,MVP_R4_GIA EUR Phe_411,NA,NA,sumrhe,-1,38,non_synonymous,Nonsynonymous,0.0068,0.02694,1.18279,5.71885,-2.56379e-07,8.32255e-07,-0.107982,0.290558,False,False,EUR_300k.MVP_R4_GIA.EUR,external,EUR_300k,MVP_R4_GIA,EUR,Phe_411,chronic_ischaemic_heart_disease_i25,0.18571,0.07446,417274.0,451543.0,0.242193951232867,6.97550413394419,0.0309575069161039,0.0309575069161039,row,1.1827900000000016,1.1261733394300038,False,False,False,External EUR
EUR_300k,MVP_R4_GIA.EUR.Phe_411,MVP_R4_GIA EUR Phe_411,NA,NA,sumrhe,-1,45,Ancient_Sequence_Age_Human_Promoter_w_flanking,Ancient promoter age,0.00879,0.00421,3.08704,0.60052,5.89635e-07,7.04062e-07,0.176203,0.314362,False,False,EUR_300k.MVP_R4_GIA.EUR,external,EUR_300k,MVP_R4_GIA,EUR,Phe_411,chronic_ischaemic_heart_disease_i25,0.18571,0.07446,417274.0,451543.0,1.6262241766452186,0.2806465824720899,0.0153324419199285,0.0153324419199285,row,3.0870400000000116,2.031056363133286,False,False,False,External EUR
EUR_300k,T2DGGI2024.EUR.T2D,T2DGGI2024 EUR T2D,NA,NA,sumrhe,-1,1,Coding_UCSC_w_flanking,Coding,0.02703,0.00382,1.36066,0.155,-2.71632e-07,1.23481e-07,-0.232185,0.105336,False,False,EUR_300k.T2DGGI2024.EUR,external,EUR_300k,T2DGGI2024,EUR,T2D,type2_diabetes_e11,0.16918,0.00797,751754.668,449194.0,0.4443066130626303,0.164345046769795,0.1174214414109831,0.1174214414109831,row,1.3606600000000009,1.239190268743121,False,False,False,External EUR
EUR_300k,T2DGGI2024.EUR.T2D,T2DGGI2024 EUR T2D,NA,NA,sumrhe,-1,2,Conserved_LindbladToh_w_flanking,Conserved (LindbladToh),0.10155,0.0098,1.32935,0.0813,2.48029e-08,2.45929e-07,0.0327721,0.324972,False,False,EUR_300k.T2DGGI2024.EUR,external,EUR_300k,T2DGGI2024,EUR,T2D,type2_diabetes_e11,0.16918,0.00797,751754.668,449194.0,0.4107209968534305,0.0882319229881315,0.4515351534923612,0.4515351534923612,row,1.32935,1.2199274301571537,False,False,False,External EUR
EUR_300k,T2DGGI2024.EUR.T2D,T2DGGI2024 EUR T2D,NA,NA,sumrhe,-1,6,DHS_Trynka_w_flanking,DHS + flank,0.12263,0.01551,1.18715,0.10754,3.38293e-08,2.1645e-07,0.0437983,0.28079,False,False,EUR_300k.T2DGGI2024.EUR,external,EUR_300k,T2DGGI2024,EUR,T2D,type2_diabetes_e11,0.16918,0.00797,751754.668,449194.0,0.2475022353874781,0.1306889817606866,0.6105793479877921,0.6105793479877921,row,1.18715,1.1290521672699576,False,False,False,External EUR
EUR_300k,T2DGGI2024.EUR.T2D,T2DGGI2024 EUR T2D,NA,NA,sumrhe,-1,20,Promoter_UCSC_w_flanking,Promoter,0.01572,0.00367,1.20944,0.23252,-2.16734e-07,1.27068e-07,-0.153264,0.0901346,False,False,EUR_300k.T2DGGI2024.EUR,external,EUR_300k,T2DGGI2024,EUR,T2D,type2_diabetes_e11,0.16918,0.00797,751754.668,449194.0,0.2743391993719352,0.2773642767789239,0.0768279408042788,0.0768279408042788,row,1.2094400000000007,1.1436807535082312,False,False,False,External EUR
EUR_300k,T2DGGI2024.EUR.T2D,T2DGGI2024 EUR T2D,NA,NA,sumrhe,-1,29,GERP.NS,GERP.NS,0.5236,0.15706,1.1854,0.31901,4.36804e-08,2.61801e-07,0.171388,1.0197,False,False,EUR_300k.T2DGGI2024.EUR,external,EUR_300k,T2DGGI2024,EUR,T2D,type2_diabetes_e11,0.16918,0.00797,751754.668,449194.0,0.2453739626181625,0.3882521891293978,2.61087268309732,2.61087268309732,row,1.1853999999999998,1.1278973644860633,False,False,False,External EUR
EUR_300k,T2DGGI2024.EUR.T2D,T2DGGI2024 EUR T2D,NA,NA,sumrhe,-1,31,Backgrd_Selection_Stat,Background selection,0.03799,0.00367,1.25385,0.08513,3.08441e-07,3.23131e-07,0.152856,0.15573,False,False,EUR_300k.T2DGGI2024.EUR,external,EUR_300k,T2DGGI2024,EUR,T2D,type2_diabetes_e11,0.16918,0.00797,751754.668,449194.0,0.3263647666407461,0.0979516120994357,0.1790913823466046,0.1790913823466046,row,1.2538500000000004,1.1723915033286227,False,False,False,External EUR
EUR_300k,T2DGGI2024.EUR.T2D,T2DGGI2024 EUR T2D,NA,NA,sumrhe,-1,32,CpG_Content_50kb,CpG content (50 kb),0.00213,0.0002,1.17891,0.05163,1.00219e-05,2.6219e-05,0.153546,0.398514,False,False,EUR_300k.T2DGGI2024.EUR,external,EUR_300k,T2DGGI2024,EUR,T2D,type2_diabetes_e11,0.16918,0.00797,751754.668,449194.0,0.2374535847216153,0.0631823845425835,0.0106794756839514,0.0106794756839514,row,1.1789100000000057,1.123606607084746,False,False,False,External EUR
EUR_300k,T2DGGI2024.EUR.T2D,T2DGGI2024 EUR T2D,NA,NA,sumrhe,-1,33,GTEx_eQTL_MaxCPP,GTEx eQTL MaxCPP,0.00432,0.00077,3.4208,0.69129,7.75152e-07,3.95036e-07,0.143904,0.0744978,False,False,EUR_300k.T2DGGI2024.EUR,external,EUR_300k,T2DGGI2024,EUR,T2D,type2_diabetes_e11,0.16918,0.00797,751754.668,449194.0,1.7743337581710412,0.2915460286529851,0.0074646086316753,0.0074646086316753,row,3.4208000000000043,2.1443074672630438,False,False,False,External EUR
EUR_300k,T2DGGI2024.EUR.T2D,T2DGGI2024 EUR T2D,NA,NA,sumrhe,-1,34,BLUEPRINT_H3K27acQTL_MaxCPP,BLUEPRINT H3K27ac QTL,0.00525,0.00081,1.74269,0.29254,-5.32732e-08,1.94583e-07,-0.014309,0.0519527,False,False,EUR_300k.T2DGGI2024.EUR,external,EUR_300k,T2DGGI2024,EUR,T2D,type2_diabetes_e11,0.16918,0.00797,751754.668,449194.0,0.8013159571636777,0.2421807706830574,0.0178069747825444,0.0178069747825444,row,1.7426900000000063,1.4555915668683934,False,False,False,External EUR
EUR_300k,T2DGGI2024.EUR.T2D,T2DGGI2024 EUR T2D,NA,NA,sumrhe,-1,35,BLUEPRINT_H3K4me1QTL_MaxCPP,BLUEPRINT H3K4me1 QTL,0.00389,0.00072,1.92841,0.36066,5.13518e-08,2.45014e-07,0.0111537,0.0530714,False,False,EUR_300k.T2DGGI2024.EUR,external,EUR_300k,T2DGGI2024,EUR,T2D,type2_diabetes_e11,0.16918,0.00797,751754.668,449194.0,0.9474118161333608,0.2698193814837163,0.0119234299836902,0.0119234299836902,row,1.928410000000006,1.5501175562029696,False,False,False,External EUR
EUR_300k,T2DGGI2024.EUR.T2D,T2DGGI2024 EUR T2D,NA,NA,sumrhe,-1,36,BLUEPRINT_DNA_methylation_MaxCPP,BLUEPRINT methylation QTL,0.00948,0.00095,1.60141,0.20329,-1.35414e-07,1.72223e-07,-0.051185,0.064675,False,False,EUR_300k.T2DGGI2024.EUR,external,EUR_300k,T2DGGI2024,EUR,T2D,type2_diabetes_e11,0.16918,0.00797,751754.668,449194.0,0.6793427202467095,0.1831420278768818,0.0349910343484033,0.0349910343484033,row,1.6014100000000013,1.3792937958021283,False,False,False,External EUR
EUR_300k,T2DGGI2024.EUR.T2D,T2DGGI2024 EUR T2D,NA,NA,sumrhe,-1,38,non_synonymous,Nonsynonymous,0.00678,0.00333,1.2909,0.58282,-2.95917e-07,1.59491e-07,-0.136226,0.0715143,False,False,EUR_300k.T2DGGI2024.EUR,external,EUR_300k,T2DGGI2024,EUR,T2D,type2_diabetes_e11,0.16918,0.00797,751754.668,449194.0,0.3683772461200166,0.6513529504461273,0.0310447432499455,0.0310447432499455,row,1.290900000000004,1.1959144849835794,False,False,False,External EUR
EUR_300k,T2DGGI2024.EUR.T2D,T2DGGI2024 EUR T2D,NA,NA,sumrhe,-1,45,Ancient_Sequence_Age_Human_Promoter_w_flanking,Ancient promoter age,0.00671,0.00172,2.5699,0.67611,2.67594e-07,2.71267e-07,0.0876023,0.0896521,False,False,EUR_300k.T2DGGI2024.EUR,external,EUR_300k,T2DGGI2024,EUR,T2D,type2_diabetes_e11,0.16918,0.00797,751754.668,449194.0,1.3617122223331763,0.3795558364510047,0.0154332458732133,0.0154332458732133,row,2.5699000000000005,1.8358836620625802,False,False,False,External EUR
AFR,GLGC2021.without_UKB_AFR.HDL,GLGC2021 without_UKB_AFR HDL,NA,NA,sumrhe,-1,1,Coding_UCSC_w_flanking,Coding,0.02797,0.08187,2.19388,1.43926,1.26748e-07,1.58245e-06,0.328144,2.10063,False,False,AFR.GLGC2021.without_UKB_AFR,external,AFR,GLGC2021,without_UKB_AFR,HDL,hdl,0.11932,0.22476,90804.0,999926.0,1.1334846159236314,0.946457082679932,0.1068479890002848,0.1068479890002848,row,2.193880000000002,1.6753101090368265,False,False,False,External AFR
AFR,GLGC2021.without_UKB_AFR.HDL,GLGC2021 without_UKB_AFR HDL,NA,NA,sumrhe,-1,2,Conserved_LindbladToh_w_flanking,Conserved (LindbladToh),0.07042,0.17859,1.29976,0.8405,-5.73203e-08,9.23568e-07,-0.239165,2.23899,False,False,AFR.GLGC2021.without_UKB_AFR,external,AFR,GLGC2021,without_UKB_AFR,HDL,hdl,0.11932,0.22476,90804.0,999926.0,0.3782452549652748,0.9329300654483704,0.4540666534460752,0.4540666534460752,row,1.29976,1.201483311223511,False,False,False,External AFR
AFR,GLGC2021.without_UKB_AFR.HDL,GLGC2021 without_UKB_AFR HDL,NA,NA,sumrhe,-1,6,DHS_Trynka_w_flanking,DHS + flank,0.09941,0.18849,1.37532,2.9232,8.21728e-08,5.58028e-06,0.336521,13.3154,False,False,AFR.GLGC2021.without_UKB_AFR,external,AFR,GLGC2021,without_UKB_AFR,HDL,hdl,0.11932,0.22476,90804.0,999926.0,0.4597673340559888,3.066403559554589,0.605777405082182,0.605777405082182,row,1.3753199999999999,1.248121884523337,False,False,False,External AFR
AFR,GLGC2021.without_UKB_AFR.HDL,GLGC2021 without_UKB_AFR HDL,NA,NA,sumrhe,-1,20,Promoter_UCSC_w_flanking,Promoter,0.02473,0.08127,3.01005,2.42968,3.77007e-08,1.31029e-06,0.0800029,1.92907,False,False,AFR.GLGC2021.without_UKB_AFR,external,AFR,GLGC2021,without_UKB_AFR,HDL,hdl,0.11932,0.22476,90804.0,999926.0,1.5897874518198365,1.1645279270932696,0.0688552662470543,0.0688552662470543,row,3.010050000000003,2.003620225284269,False,False,False,External AFR
AFR,GLGC2021.without_UKB_AFR.HDL,GLGC2021 without_UKB_AFR HDL,NA,NA,sumrhe,-1,29,GERP.NS,GERP.NS,0.37442,1.45365,1.19497,1.51181,3.38076e-08,7.19369e-07,0.408622,5.06713,False,False,AFR.GLGC2021.without_UKB_AFR,external,AFR,GLGC2021,without_UKB_AFR,HDL,hdl,0.11932,0.22476,90804.0,999926.0,0.2569743994658482,1.8252180303826404,2.6259641448069937,2.6259641448069937,row,1.19497,1.1342012216982198,False,False,False,External AFR
AFR,GLGC2021.without_UKB_AFR.HDL,GLGC2021 without_UKB_AFR HDL,NA,NA,sumrhe,-1,31,Backgrd_Selection_Stat,Background selection,0.03039,0.09472,1.37945,1.04252,1.56391e-07,2.06749e-06,0.245246,1.87828,False,False,AFR.GLGC2021.without_UKB_AFR,external,AFR,GLGC2021,without_UKB_AFR,HDL,hdl,0.11932,0.22476,90804.0,999926.0,0.4640931652382402,1.0903174700261422,0.1846339206328339,0.1846339206328339,row,1.3794500000000005,1.2506281390918357,False,False,False,External AFR
AFR,GLGC2021.without_UKB_AFR.HDL,GLGC2021 without_UKB_AFR HDL,NA,NA,sumrhe,-1,32,CpG_Content_50kb,CpG content (50 kb),0.00161,0.00188,1.34996,0.62325,8.295e-06,0.000113349,0.354561,3.25001,False,False,AFR.GLGC2021.without_UKB_AFR,external,AFR,GLGC2021,without_UKB_AFR,HDL,hdl,0.11932,0.22476,90804.0,999926.0,0.4329166601230819,0.666063945771761,0.0099952055792527,0.0099952055792527,row,1.3499600000000047,1.2326362000699498,False,False,False,External AFR
AFR,GLGC2021.without_UKB_AFR.HDL,GLGC2021 without_UKB_AFR HDL,NA,NA,sumrhe,-1,33,GTEx_eQTL_MaxCPP,GTEx eQTL MaxCPP,0.00667,0.03095,4.21468,17.05759,4.04595e-07,5.30324e-06,0.306646,2.83685,False,False,AFR.GLGC2021.without_UKB_AFR,external,AFR,GLGC2021,without_UKB_AFR,HDL,hdl,0.11932,0.22476,90804.0,999926.0,2.075423098560353,5.838853840034635,0.0132631897486632,0.0132631897486632,row,4.214680000000019,2.3825787241586984,False,False,False,External AFR
AFR,GLGC2021.without_UKB_AFR.HDL,GLGC2021 without_UKB_AFR HDL,NA,NA,sumrhe,-1,34,BLUEPRINT_H3K27acQTL_MaxCPP,BLUEPRINT H3K27ac QTL,0.01069,0.02749,3.88073,2.5364,4.27745e-07,1.20027e-06,0.395796,1.01884,False,False,AFR.GLGC2021.without_UKB_AFR,external,AFR,GLGC2021,without_UKB_AFR,HDL,hdl,0.11932,0.22476,90804.0,999926.0,1.956328061772851,0.9429287019995638,0.0230861244549222,0.0230861244549222,row,3.880730000000007,2.2870969446356972,False,False,False,External AFR
AFR,GLGC2021.without_UKB_AFR.HDL,GLGC2021 without_UKB_AFR HDL,NA,NA,sumrhe,-1,35,BLUEPRINT_H3K4me1QTL_MaxCPP,BLUEPRINT H3K4me1 QTL,0.00679,0.06937,3.06752,15.7786,2.00067e-07,5.57807e-06,0.164162,2.62289,False,False,AFR.GLGC2021.without_UKB_AFR,external,AFR,GLGC2021,without_UKB_AFR,HDL,hdl,0.11932,0.22476,90804.0,999926.0,1.617072750182151,7.420883310351879,0.0185510769385933,0.0185510769385933,row,3.067520000000006,2.0241494396482365,False,False,False,External AFR
AFR,GLGC2021.without_UKB_AFR.HDL,GLGC2021 without_UKB_AFR HDL,NA,NA,sumrhe,-1,36,BLUEPRINT_DNA_methylation_MaxCPP,BLUEPRINT methylation QTL,0.01065,0.1236,2.06825,12.7141,-1.50342e-08,4.74288e-06,-0.0189993,3.80524,False,False,AFR.GLGC2021.without_UKB_AFR,external,AFR,GLGC2021,without_UKB_AFR,HDL,hdl,0.11932,0.22476,90804.0,999926.0,1.048410582152412,8.868642098086001,0.0431552195184452,0.0431552195184452,row,2.068250000000005,1.6174160379471176,False,False,False,External AFR
AFR,GLGC2021.without_UKB_AFR.HDL,GLGC2021 without_UKB_AFR HDL,NA,NA,sumrhe,-1,38,non_synonymous,Nonsynonymous,0.00293,0.02017,3.17592,10.08259,1.21184e-07,6.07953e-07,0.0890251,0.345378,False,False,AFR.GLGC2021.without_UKB_AFR,external,AFR,GLGC2021,without_UKB_AFR,HDL,hdl,0.11932,0.22476,90804.0,999926.0,1.6671745720977182,4.580122481774306,0.0077318749503523,0.0077318749503523,row,3.175920000000037,2.062094073807044,False,False,False,External AFR
AFR,GLGC2021.without_UKB_AFR.HDL,GLGC2021 without_UKB_AFR HDL,NA,NA,sumrhe,-1,45,Ancient_Sequence_Age_Human_Promoter_w_flanking,Ancient promoter age,0.01044,0.04099,7.00012,9.03627,4.0919e-07,4.94213e-07,0.380936,0.786862,False,False,AFR.GLGC2021.without_UKB_AFR,external,AFR,GLGC2021,without_UKB_AFR,HDL,hdl,0.11932,0.22476,90804.0,999926.0,2.8073796537606053,1.862336919529053,0.0124991870978873,0.0124991870978873,row,7.000120000000045,3.00002164026332,False,False,False,External AFR
AFR,GLGC2021.without_UKB_AFR.LDL,GLGC2021 without_UKB_AFR LDL,NA,NA,sumrhe,-1,1,Coding_UCSC_w_flanking,Coding,0.01912,0.05236,2.37575,1.31927,-2.76945e-07,1.01496e-06,-1.13581,2.35336,False,False,AFR.GLGC2021.without_UKB_AFR,external,AFR,GLGC2021,without_UKB_AFR,LDL,ldl,0.07532,0.1188,87759.0,999912.0,1.2483830294314424,0.8011382875275525,0.1068505688647166,0.1068505688647166,row,2.3757500000000005,1.7552080654446207,False,False,False,External AFR
AFR,GLGC2021.without_UKB_AFR.LDL,GLGC2021 without_UKB_AFR LDL,NA,NA,sumrhe,-1,2,Conserved_LindbladToh_w_flanking,Conserved (LindbladToh),0.05553,0.12338,1.62337,0.59366,1.20328e-07,4.8984e-07,0.795309,1.89221,False,False,AFR.GLGC2021.without_UKB_AFR,external,AFR,GLGC2021,without_UKB_AFR,LDL,ldl,0.07532,0.1188,87759.0,999912.0,0.698991857759411,0.527587880750625,0.4541505518190098,0.4541505518190098,row,1.62337,1.3914212996044197,False,False,False,External AFR
AFR,GLGC2021.without_UKB_AFR.LDL,GLGC2021 without_UKB_AFR LDL,NA,NA,sumrhe,-1,6,DHS_Trynka_w_flanking,DHS + flank,0.10939,0.11152,2.39741,2.40387,7.28441e-07,2.74521e-06,4.72561,9.8967,False,False,AFR.GLGC2021.without_UKB_AFR,external,AFR,GLGC2021,without_UKB_AFR,LDL,ldl,0.07532,0.1188,87759.0,999912.0,1.261476656748796,1.4465824902464546,0.6057940430550005,0.6057940430550005,row,2.39741,1.764435333399295,False,False,False,External AFR
AFR,GLGC2021.without_UKB_AFR.LDL,GLGC2021 without_UKB_AFR LDL,NA,NA,sumrhe,-1,20,Promoter_UCSC_w_flanking,Promoter,0.0091,0.0439,1.75471,2.40892,2.1319e-07,7.46257e-07,0.716738,1.46774,False,False,AFR.GLGC2021.without_UKB_AFR,external,AFR,GLGC2021,without_UKB_AFR,LDL,ldl,0.07532,0.1188,87759.0,999912.0,0.8112326167789506,1.980576242170069,0.068853453770806,0.068853453770806,row,1.7547100000000004,1.4619004481672186,False,False,False,External AFR
AFR,GLGC2021.without_UKB_AFR.LDL,GLGC2021 without_UKB_AFR LDL,NA,NA,sumrhe,-1,29,GERP.NS,GERP.NS,0.0917,0.85413,0.46361,1.43197,-1.60471e-07,4.37263e-07,-3.07243,5.19199,False,False,AFR.GLGC2021.without_UKB_AFR,external,AFR,GLGC2021,without_UKB_AFR,LDL,ldl,0.07532,0.1188,87759.0,999912.0,-1.109016409486001,4.456107542334654,2.6260695821037245,2.6260695821037245,row,0.46361,0.5495311779235018,False,False,False,External AFR
AFR,GLGC2021.without_UKB_AFR.LDL,GLGC2021 without_UKB_AFR LDL,NA,NA,sumrhe,-1,31,Backgrd_Selection_Stat,Background selection,0.01454,0.05063,1.04571,0.81995,-3.01345e-07,1.19795e-06,-0.748623,1.66288,False,False,AFR.GLGC2021.without_UKB_AFR,external,AFR,GLGC2021,without_UKB_AFR,LDL,ldl,0.07532,0.1188,87759.0,999912.0,0.0644828137550035,1.1312293071472068,0.1846047340688057,0.1846047340688057,row,1.0457100000000001,1.0326016430229499,False,False,False,External AFR
AFR,GLGC2021.without_UKB_AFR.LDL,GLGC2021 without_UKB_AFR LDL,NA,NA,sumrhe,-1,32,CpG_Content_50kb,CpG content (50 kb),0.00126,0.00098,1.66297,0.55271,2.08775e-05,5.24282e-05,1.4137,2.32803,False,False,AFR.GLGC2021.without_UKB_AFR,external,AFR,GLGC2021,without_UKB_AFR,LDL,ldl,0.07532,0.1188,87759.0,999912.0,0.7337621426230065,0.4794987137770007,0.0100594866626072,0.0100594866626072,row,1.662970000000009,1.4130361757903576,False,False,False,External AFR
AFR,GLGC2021.without_UKB_AFR.LDL,GLGC2021 without_UKB_AFR LDL,NA,NA,sumrhe,-1,33,GTEx_eQTL_MaxCPP,GTEx eQTL MaxCPP,0.0127,0.0154,12.72113,13.95996,1.40024e-06,2.66848e-06,1.68071,2.30652,False,False,AFR.GLGC2021.without_UKB_AFR,external,AFR,GLGC2021,without_UKB_AFR,LDL,ldl,0.07532,0.1188,87759.0,999912.0,3.6691549237633936,1.5831899416960833,0.0132546333515241,0.0132546333515241,row,12.721130000000004,3.7783273940558977,False,False,False,External AFR
AFR,GLGC2021.without_UKB_AFR.LDL,GLGC2021 without_UKB_AFR LDL,NA,NA,sumrhe,-1,34,BLUEPRINT_H3K27acQTL_MaxCPP,BLUEPRINT H3K27ac QTL,0.00146,0.01602,0.84211,3.3403,2.40735e-07,5.52723e-07,0.352868,0.562688,False,False,AFR.GLGC2021.without_UKB_AFR,external,AFR,GLGC2021,without_UKB_AFR,LDL,ldl,0.07532,0.1188,87759.0,999912.0,-0.2479193983068042,5.722570976572424,0.0230183251156546,0.0230183251156546,row,0.842110000000001,0.88135921328386,False,False,False,External AFR
AFR,GLGC2021.without_UKB_AFR.LDL,GLGC2021 without_UKB_AFR LDL,NA,NA,sumrhe,-1,35,BLUEPRINT_H3K4me1QTL_MaxCPP,BLUEPRINT H3K4me1 QTL,-0.0071,0.03814,-5.07965,14.08419,-8.99091e-07,3.14462e-06,-1.16861,2.35335,False,False,AFR.GLGC2021.without_UKB_AFR,external,AFR,GLGC2021,without_UKB_AFR,LDL,ldl,0.07532,0.1188,87759.0,999912.0,NA,-4.000116359973213,0.0185572768966152,0.0185572768966152,row,-5.079650000000014,-2.603988271399358,True,False,False,External AFR
AFR,GLGC2021.without_UKB_AFR.LDL,GLGC2021 without_UKB_AFR LDL,NA,NA,sumrhe,-1,36,BLUEPRINT_DNA_methylation_MaxCPP,BLUEPRINT methylation QTL,-0.00819,0.06687,-2.51877,9.85437,-6.44317e-07,2.57067e-06,-1.28988,2.87412,False,False,AFR.GLGC2021.without_UKB_AFR,external,AFR,GLGC2021,without_UKB_AFR,LDL,ldl,0.07532,0.1188,87759.0,999912.0,NA,-5.644362418992197,0.0431703011706324,0.0431703011706324,row,-2.518770000000003,-1.815071217212426,True,False,False,External AFR
AFR,GLGC2021.without_UKB_AFR.LDL,GLGC2021 without_UKB_AFR LDL,NA,NA,sumrhe,-1,38,non_synonymous,Nonsynonymous,-0.0011,0.00783,-1.88014,7.22666,5.46625e-08,7.49791e-07,0.0636122,0.491323,False,False,AFR.GLGC2021.without_UKB_AFR,external,AFR,GLGC2021,without_UKB_AFR,LDL,ldl,0.07532,0.1188,87759.0,999912.0,NA,-5.545260748769048,0.0077676953594166,0.0077676953594166,row,-1.8801400000000146,-1.5261389409720092,True,False,False,External AFR
AFR,GLGC2021.without_UKB_AFR.LDL,GLGC2021 without_UKB_AFR LDL,NA,NA,sumrhe,-1,45,Ancient_Sequence_Age_Human_Promoter_w_flanking,Ancient promoter age,0.00307,0.01973,3.26063,7.0892,2.08176e-07,9.56892e-07,0.306967,0.82609,False,False,AFR.GLGC2021.without_UKB_AFR,external,AFR,GLGC2021,without_UKB_AFR,LDL,ldl,0.07532,0.1188,87759.0,999912.0,1.7051507405496409,3.136680237828285,0.012500475812085,0.012500475812085,row,3.2606300000000057,2.091066770985188,False,False,False,External AFR
AFR,GLGC2021.without_UKB_AFR.TC,GLGC2021 without_UKB_AFR TC,NA,NA,sumrhe,-1,1,Coding_UCSC_w_flanking,Coding,0.03128,0.36999,2.48947,21.76033,-9.596e-08,6.39344e-06,-0.252036,41.4357,False,False,AFR.GLGC2021.without_UKB_AFR,external,AFR,GLGC2021,without_UKB_AFR,TC,NA,0.1176,0.91903,92554.0,999865.0,1.3158386299402107,12.61052359703364,0.1068445872245189,0.1068445872245189,row,2.489470000000001,1.8030079285734024,False,False,False,External AFR
AFR,GLGC2021.without_UKB_AFR.TC,GLGC2021 without_UKB_AFR TC,NA,NA,sumrhe,-1,2,Conserved_LindbladToh_w_flanking,Conserved (LindbladToh),0.08886,0.88299,1.66389,10.23281,1.27871e-08,3.11796e-06,0.0541279,24.8443,False,False,AFR.GLGC2021.without_UKB_AFR,external,AFR,GLGC2021,without_UKB_AFR,TC,NA,0.1176,0.91903,92554.0,999865.0,0.7345600598611539,8.872476089981305,0.4541239173851391,0.4541239173851391,row,1.6638900000000003,1.4135345104380872,False,False,False,External AFR
AFR,GLGC2021.without_UKB_AFR.TC,GLGC2021 without_UKB_AFR TC,NA,NA,sumrhe,-1,6,DHS_Trynka_w_flanking,DHS + flank,0.12143,0.93283,1.70448,34.25619,2.86096e-07,2.31474e-05,1.18865,155.139,False,False,AFR.GLGC2021.without_UKB_AFR,external,AFR,GLGC2021,without_UKB_AFR,TC,NA,0.1176,0.91903,92554.0,999865.0,0.7693316713053161,28.99490485822661,0.6057965052161858,0.6057965052161858,row,1.70448,1.4353512286034438,False,False,False,External AFR
AFR,GLGC2021.without_UKB_AFR.TC,GLGC2021 without_UKB_AFR TC,NA,NA,sumrhe,-1,20,Promoter_UCSC_w_flanking,Promoter,0.02524,0.35689,3.11543,25.32077,2.02057e-07,5.35888e-06,0.435043,28.6031,False,False,AFR.GLGC2021.without_UKB_AFR,external,AFR,GLGC2021,without_UKB_AFR,TC,NA,0.1176,0.91903,92554.0,999865.0,1.6394313016293145,11.72555612242613,0.0688912446564795,0.0688912446564795,row,3.1154300000000017,2.041043178267171,False,False,False,External AFR
AFR,GLGC2021.without_UKB_AFR.TC,GLGC2021 without_UKB_AFR TC,NA,NA,sumrhe,-1,29,GERP.NS,GERP.NS,0.31571,6.06123,1.02229,22.03968,-8.16863e-08,2.77082e-06,-1.00165,87.6774,False,False,AFR.GLGC2021.without_UKB_AFR,external,AFR,GLGC2021,without_UKB_AFR,TC,NA,0.1176,0.91903,92554.0,999865.0,0.0318045135100403,31.103245692298344,2.626073661619908,2.626073661619908,row,1.0222899999999997,1.0159898971232677,False,False,False,External AFR
AFR,GLGC2021.without_UKB_AFR.TC,GLGC2021 without_UKB_AFR TC,NA,NA,sumrhe,-1,31,Backgrd_Selection_Stat,Background selection,0.0286,0.38749,1.31733,10.22212,-6.78781e-08,7.7408e-06,-0.107968,26.8959,False,False,AFR.GLGC2021.without_UKB_AFR,external,AFR,GLGC2021,without_UKB_AFR,TC,NA,0.1176,0.91903,92554.0,999865.0,0.3976167956526839,11.194918381401694,0.1846137861519624,0.1846137861519624,row,1.3173300000000001,1.2124635062066482,False,False,False,External AFR
AFR,GLGC2021.without_UKB_AFR.TC,GLGC2021 without_UKB_AFR TC,NA,NA,sumrhe,-1,32,CpG_Content_50kb,CpG content (50 kb),0.0017,0.00745,1.44436,7.82005,1.29959e-05,0.000481273,0.563617,37.8414,False,False,AFR.GLGC2021.without_UKB_AFR,external,AFR,GLGC2021,without_UKB_AFR,TC,NA,0.1176,0.91903,92554.0,999865.0,0.5304303720616761,7.811035582890511,0.0100084344020363,0.0100084344020363,row,1.4443600000000019,1.2894567777781605,False,False,False,External AFR
AFR,GLGC2021.without_UKB_AFR.TC,GLGC2021 without_UKB_AFR TC,NA,NA,sumrhe,-1,33,GTEx_eQTL_MaxCPP,GTEx eQTL MaxCPP,0.00919,0.11219,5.89191,162.29513,7.79636e-07,1.99327e-05,0.599339,35.3238,False,False,AFR.GLGC2021.without_UKB_AFR,external,AFR,GLGC2021,without_UKB_AFR,TC,NA,0.1176,0.91903,92554.0,999865.0,2.55873539311216,39.73963947369013,0.0132633150376365,0.0132633150376365,row,5.8919100000000375,2.784903861835436,False,False,False,External AFR
AFR,GLGC2021.without_UKB_AFR.TC,GLGC2021 without_UKB_AFR TC,NA,NA,sumrhe,-1,34,BLUEPRINT_H3K27acQTL_MaxCPP,BLUEPRINT H3K27ac QTL,0.00316,0.12355,1.16222,38.60721,6.08167e-08,4.09848e-06,0.0570935,8.34232,False,False,AFR.GLGC2021.without_UKB_AFR,external,AFR,GLGC2021,without_UKB_AFR,TC,NA,0.1176,0.91903,92554.0,999865.0,0.216883186528145,47.92417133551204,0.0231201909271219,0.0231201909271219,row,1.162220000000005,1.1125133208345996,False,False,False,External AFR
AFR,GLGC2021.without_UKB_AFR.TC,GLGC2021 without_UKB_AFR TC,NA,NA,sumrhe,-1,35,BLUEPRINT_H3K4me1QTL_MaxCPP,BLUEPRINT H3K4me1 QTL,-0.0018,0.30235,-0.8269,190.4275,-4.99156e-07,2.48046e-05,-0.41552,43.1066,False,False,AFR.GLGC2021.without_UKB_AFR,external,AFR,GLGC2021,without_UKB_AFR,TC,NA,0.1176,0.91903,92554.0,999865.0,NA,-332.2394605138265,0.0185102460381903,0.0185102460381903,row,-0.8269000000000019,-0.8693976665584544,True,False,False,External AFR
AFR,GLGC2021.without_UKB_AFR.TC,GLGC2021 without_UKB_AFR TC,NA,NA,sumrhe,-1,36,BLUEPRINT_DNA_methylation_MaxCPP,BLUEPRINT methylation QTL,-4e-05,0.51713,-0.00815,142.6875,-4.20774e-07,1.97762e-05,-0.539497,52.4239,False,False,AFR.GLGC2021.without_UKB_AFR,external,AFR,GLGC2021,without_UKB_AFR,TC,NA,0.1176,0.91903,92554.0,999865.0,NA,-25258.22682783362,0.041734485205125,0.041734485205125,row,-0.008150000000000001,-0.011710309627733725,True,False,False,External AFR
AFR,GLGC2021.without_UKB_AFR.TC,GLGC2021 without_UKB_AFR TC,NA,NA,sumrhe,-1,38,non_synonymous,Nonsynonymous,0.00154,0.09564,1.69107,96.14031,1.04977e-07,3.68859e-06,0.0782364,2.8546,False,False,AFR.GLGC2021.without_UKB_AFR,external,AFR,GLGC2021,without_UKB_AFR,TC,NA,0.1176,0.91903,92554.0,999865.0,0.7579363797731332,82.01975581526939,0.0077437587416476,0.0077437587416476,row,1.6910700000000114,1.428179918789334,False,False,False,External AFR
AFR,GLGC2021.without_UKB_AFR.TC,GLGC2021 without_UKB_AFR TC,NA,NA,sumrhe,-1,45,Ancient_Sequence_Age_Human_Promoter_w_flanking,Ancient promoter age,0.0073,0.1622,4.96463,108.42773,-3.99773e-08,4.59689e-06,-0.0377542,10.7483,False,False,AFR.GLGC2021.without_UKB_AFR,external,AFR,GLGC2021,without_UKB_AFR,TC,NA,0.1176,0.91903,92554.0,999865.0,2.3116862017303177,31.508520950372432,0.0125034151451312,0.0125034151451312,row,4.964630000000007,2.5764326469362415,False,False,False,External AFR
AFR,GLGC2021.without_UKB_AFR.logTG,GLGC2021 without_UKB_AFR logTG,NA,NA,sumrhe,-1,1,Coding_UCSC_w_flanking,Coding,0.01861,0.07266,1.36296,3.0967,8.3397e-08,1.57687e-06,0.201701,10.1955,False,False,AFR.GLGC2021.without_UKB_AFR,external,AFR,GLGC2021,without_UKB_AFR,logTG,triglycerides,0.12774,0.19642,89467.0,999945.0,0.4467432227092057,3.27786122345546,0.1068898212759914,0.1068898212759914,row,1.362960000000001,1.2405952076909101,False,False,False,External AFR
AFR,GLGC2021.without_UKB_AFR.logTG,GLGC2021 without_UKB_AFR logTG,NA,NA,sumrhe,-1,2,Conserved_LindbladToh_w_flanking,Conserved (LindbladToh),0.07859,0.16669,1.3549,0.92923,-7.32135e-08,8.58871e-07,-0.285357,8.42904,False,False,AFR.GLGC2021.without_UKB_AFR,external,AFR,GLGC2021,without_UKB_AFR,logTG,triglycerides,0.12774,0.19642,89467.0,999945.0,0.4381863756913617,0.98944240375323,0.4540807950424892,0.4540807950424892,row,1.3549,1.2356657976014458,False,False,False,External AFR
AFR,GLGC2021.without_UKB_AFR.logTG,GLGC2021 without_UKB_AFR logTG,NA,NA,sumrhe,-1,6,DHS_Trynka_w_flanking,DHS + flank,0.08073,0.12794,1.04327,3.16461,-3.01605e-07,4.27294e-06,-1.15379,41.5314,False,False,AFR.GLGC2021.without_UKB_AFR,external,AFR,GLGC2021,without_UKB_AFR,logTG,triglycerides,0.12774,0.19642,89467.0,999945.0,0.0611125780412738,4.376208606925937,0.6057749655272174,0.6057749655272174,row,1.04327,1.03087985601612,False,False,False,External AFR
AFR,GLGC2021.without_UKB_AFR.logTG,GLGC2021 without_UKB_AFR logTG,NA,NA,sumrhe,-1,20,Promoter_UCSC_w_flanking,Promoter,0.02156,0.07405,2.44989,3.81592,-9.2991e-08,1.12908e-06,-0.184356,5.46372,False,False,AFR.GLGC2021.without_UKB_AFR,external,AFR,GLGC2021,without_UKB_AFR,logTG,triglycerides,0.12774,0.19642,89467.0,999945.0,1.2927169737106303,2.2471249159876625,0.0688930258320094,0.0688930258320094,row,2.449890000000002,1.7865503621851568,False,False,False,External AFR
AFR,GLGC2021.without_UKB_AFR.logTG,GLGC2021 without_UKB_AFR logTG,NA,NA,sumrhe,-1,29,GERP.NS,GERP.NS,0.40933,1.45766,1.22028,1.82641,2.29757e-08,8.458e-07,0.259408,27.5621,False,False,AFR.GLGC2021.without_UKB_AFR,external,AFR,GLGC2021,without_UKB_AFR,logTG,triglycerides,0.12774,0.19642,89467.0,999945.0,0.2872122201349592,2.159301676361173,2.6259543396675515,2.6259543396675515,row,1.22028,1.1507416266379829,False,False,False,External AFR
AFR,GLGC2021.without_UKB_AFR.logTG,GLGC2021 without_UKB_AFR logTG,NA,NA,sumrhe,-1,31,Backgrd_Selection_Stat,Background selection,0.02931,0.08286,1.24269,1.39226,1.30746e-07,2.20594e-06,0.191541,8.70782,False,False,AFR.GLGC2021.without_UKB_AFR,external,AFR,GLGC2021,without_UKB_AFR,logTG,triglycerides,0.12774,0.19642,89467.0,999945.0,0.3134664482476334,1.6163376205071809,0.184640132469789,0.184640132469789,row,1.24269,1.1652302149978684,False,False,False,External AFR
AFR,GLGC2021.without_UKB_AFR.logTG,GLGC2021 without_UKB_AFR logTG,NA,NA,sumrhe,-1,32,CpG_Content_50kb,CpG content (50 kb),0.00143,0.00166,1.11945,0.41601,-4.28129e-06,7.39981e-05,-0.170965,6.96002,False,False,AFR.GLGC2021.without_UKB_AFR,external,AFR,GLGC2021,without_UKB_AFR,logTG,triglycerides,0.12774,0.19642,89467.0,999945.0,0.1627900919574044,0.5361343194963756,0.01000010188915,0.01000010188915,row,1.119450000000002,1.0836899321382782,False,False,False,External AFR
AFR,GLGC2021.without_UKB_AFR.logTG,GLGC2021 without_UKB_AFR logTG,NA,NA,sumrhe,-1,33,GTEx_eQTL_MaxCPP,GTEx eQTL MaxCPP,0.00283,0.02601,1.67104,15.44743,-3.26954e-08,4.52486e-06,-0.023149,9.19812,False,False,AFR.GLGC2021.without_UKB_AFR,external,AFR,GLGC2021,without_UKB_AFR,logTG,triglycerides,0.12774,0.19642,89467.0,999945.0,0.7407462678760303,13.336563251316187,0.0132578370813416,0.0132578370813416,row,1.67104000000001,1.4174015811282263,False,False,False,External AFR
AFR,GLGC2021.without_UKB_AFR.logTG,GLGC2021 without_UKB_AFR logTG,NA,NA,sumrhe,-1,34,BLUEPRINT_H3K27acQTL_MaxCPP,BLUEPRINT H3K27ac QTL,0.00961,0.03055,3.25942,3.40647,2.95679e-07,5.38758e-07,0.255584,1.8095,False,False,AFR.GLGC2021.without_UKB_AFR,external,AFR,GLGC2021,without_UKB_AFR,logTG,triglycerides,0.12774,0.19642,89467.0,999945.0,1.7046152658157,1.5077827883295272,0.0230810812483486,0.0230810812483486,row,3.259420000000008,2.0906569938098873,False,False,False,External AFR
AFR,GLGC2021.without_UKB_AFR.logTG,GLGC2021 without_UKB_AFR logTG,NA,NA,sumrhe,-1,35,BLUEPRINT_H3K4me1QTL_MaxCPP,BLUEPRINT H3K4me1 QTL,0.00741,0.0583,3.12887,17.59604,2.52655e-07,4.52103e-06,0.193655,8.89283,False,False,AFR.GLGC2021.without_UKB_AFR,external,AFR,GLGC2021,without_UKB_AFR,logTG,triglycerides,0.12774,0.19642,89467.0,999945.0,1.6456417179423746,8.113382674027312,0.0185397458742471,0.0185397458742471,row,3.128870000000007,2.0457469950924763,False,False,False,External AFR
AFR,GLGC2021.without_UKB_AFR.logTG,GLGC2021 without_UKB_AFR logTG,NA,NA,sumrhe,-1,36,BLUEPRINT_DNA_methylation_MaxCPP,BLUEPRINT methylation QTL,0.01564,0.11315,2.83767,13.70326,3.12358e-07,4.37405e-06,0.368748,13.2973,False,False,AFR.GLGC2021.without_UKB_AFR,external,AFR,GLGC2021,without_UKB_AFR,logTG,triglycerides,0.12774,0.19642,89467.0,999945.0,1.5047068244071842,6.966851411902052,0.043146736064539,0.043146736064539,row,2.837670000000004,1.940230659987622,False,False,False,External AFR
AFR,GLGC2021.without_UKB_AFR.logTG,GLGC2021 without_UKB_AFR logTG,NA,NA,sumrhe,-1,38,non_synonymous,Nonsynonymous,0.00135,0.01285,1.36415,12.40501,-9.74746e-08,7.87943e-07,-0.0668988,1.22186,False,False,AFR.GLGC2021.without_UKB_AFR,external,AFR,GLGC2021,without_UKB_AFR,logTG,triglycerides,0.12774,0.19642,89467.0,999945.0,0.4480022897857985,13.119265776621342,0.0077471993142798,0.0077471993142798,row,1.3641500000000168,1.2413215741748493,False,False,False,External AFR
AFR,GLGC2021.without_UKB_AFR.logTG,GLGC2021 without_UKB_AFR logTG,NA,NA,sumrhe,-1,45,Ancient_Sequence_Age_Human_Promoter_w_flanking,Ancient promoter age,0.01505,0.03185,9.42683,7.2132,7.96068e-07,1.15689e-06,0.692335,5.91236,False,False,AFR.GLGC2021.without_UKB_AFR,external,AFR,GLGC2021,without_UKB_AFR,logTG,triglycerides,0.12774,0.19642,89467.0,999945.0,3.236772711288263,1.1039180582380577,0.0124980976296813,0.0124980976296813,row,9.426830000000056,3.382228706396938,False,False,False,External AFR
AFR,GLGC2021.without_UKB_AFR.nonHDL,GLGC2021 without_UKB_AFR nonHDL,NA,NA,sumrhe,-1,1,Coding_UCSC_w_flanking,Coding,0.04503,0.15956,2.07961,2.19983,-6.82601e-08,2.72295e-06,-0.104089,2.36978,False,False,AFR.GLGC2021.without_UKB_AFR,external,AFR,GLGC2021,without_UKB_AFR,nonHDL,NA,0.20261,0.32635,23248.0,999968.0,1.056312997683157,1.5260956774581618,0.1068708277848661,0.1068708277848661,row,2.0796100000000015,1.6227476604359752,False,False,False,External AFR
AFR,GLGC2021.without_UKB_AFR.nonHDL,GLGC2021 without_UKB_AFR nonHDL,NA,NA,sumrhe,-1,2,Conserved_LindbladToh_w_flanking,Conserved (LindbladToh),0.15763,0.30501,1.71328,0.52199,1.73271e-07,1.5267e-06,0.425783,2.30966,False,False,AFR.GLGC2021.without_UKB_AFR,external,AFR,GLGC2021,without_UKB_AFR,nonHDL,NA,0.20261,0.32635,23248.0,999968.0,0.776760949203966,0.4395500936178733,0.4540980676582256,0.4540980676582256,row,1.7132800000000001,1.440037935849582,False,False,False,External AFR
AFR,GLGC2021.without_UKB_AFR.nonHDL,GLGC2021 without_UKB_AFR nonHDL,NA,NA,sumrhe,-1,6,DHS_Trynka_w_flanking,DHS + flank,0.15193,0.19099,1.23784,2.04592,2.27004e-07,7.03784e-06,0.547509,10.0587,False,False,AFR.GLGC2021.without_UKB_AFR,external,AFR,GLGC2021,without_UKB_AFR,nonHDL,NA,0.20261,0.32635,23248.0,999968.0,0.3078248475697688,2.384507398416232,0.6057844885122925,0.6057844885122925,row,1.23784,1.162106890890592,False,False,False,External AFR
AFR,GLGC2021.without_UKB_AFR.nonHDL,GLGC2021 without_UKB_AFR nonHDL,NA,NA,sumrhe,-1,20,Promoter_UCSC_w_flanking,Promoter,0.03851,0.12681,2.75964,2.89689,4.56637e-08,2.38839e-06,0.0570757,1.61754,False,False,AFR.GLGC2021.without_UKB_AFR,external,AFR,GLGC2021,without_UKB_AFR,nonHDL,NA,0.20261,0.32635,23248.0,999968.0,1.464480077115895,1.5144471152037329,0.0688747778067654,0.0688747778067654,row,2.75964,1.910594524913611,False,False,False,External AFR
AFR,GLGC2021.without_UKB_AFR.nonHDL,GLGC2021 without_UKB_AFR nonHDL,NA,NA,sumrhe,-1,29,GERP.NS,GERP.NS,0.48321,2.13326,0.90821,1.44251,-1.19669e-07,1.01076e-06,-0.851847,4.89243,False,False,AFR.GLGC2021.without_UKB_AFR,external,AFR,GLGC2021,without_UKB_AFR,nonHDL,NA,0.20261,0.32635,23248.0,999968.0,-0.1389021729996106,2.291432623988657,2.625963936182634,2.625963936182634,row,0.90821,0.9322199497958118,False,False,False,External AFR
AFR,GLGC2021.without_UKB_AFR.nonHDL,GLGC2021 without_UKB_AFR nonHDL,NA,NA,sumrhe,-1,31,Backgrd_Selection_Stat,Background selection,0.03242,0.14588,0.86651,1.40211,-4.69463e-07,3.5639e-06,-0.433669,2.20138,False,False,AFR.GLGC2021.without_UKB_AFR,external,AFR,GLGC2021,without_UKB_AFR,nonHDL,NA,0.20261,0.32635,23248.0,999968.0,-0.2067116959148878,2.334441776529786,0.1846624336906719,0.1846624336906719,row,0.8665100000000002,0.900343238033837,False,False,False,External AFR
AFR,GLGC2021.without_UKB_AFR.nonHDL,GLGC2021 without_UKB_AFR nonHDL,NA,NA,sumrhe,-1,32,CpG_Content_50kb,CpG content (50 kb),0.00338,0.00275,1.66485,0.74141,3.78639e-05,0.000170049,0.953152,3.13655,False,False,AFR.GLGC2021.without_UKB_AFR,external,AFR,GLGC2021,without_UKB_AFR,nonHDL,NA,0.20261,0.32635,23248.0,999968.0,0.7353921989153612,0.6424774185455064,0.0100202997487586,0.0100202997487586,row,1.6648500000000037,1.414054328351606,False,False,False,External AFR
AFR,GLGC2021.without_UKB_AFR.nonHDL,GLGC2021 without_UKB_AFR nonHDL,NA,NA,sumrhe,-1,33,GTEx_eQTL_MaxCPP,GTEx eQTL MaxCPP,0.00222,0.05188,0.82757,10.98579,-5.28935e-07,8.81249e-06,-0.236062,1.88639,False,False,AFR.GLGC2021.without_UKB_AFR,external,AFR,GLGC2021,without_UKB_AFR,nonHDL,NA,0.20261,0.32635,23248.0,999968.0,-0.2730467474609453,19.15142495891292,0.0132399809156529,0.0132399809156529,row,0.8275700000000031,0.8699266656681625,False,False,False,External AFR
AFR,GLGC2021.without_UKB_AFR.nonHDL,GLGC2021 without_UKB_AFR nonHDL,NA,NA,sumrhe,-1,34,BLUEPRINT_H3K27acQTL_MaxCPP,BLUEPRINT H3K27ac QTL,0.02402,0.05305,5.13556,2.17533,1.1037e-06,1.39413e-06,0.601435,0.962177,False,False,AFR.GLGC2021.without_UKB_AFR,external,AFR,GLGC2021,without_UKB_AFR,nonHDL,NA,0.20261,0.32635,23248.0,999968.0,2.3605216017961728,0.6110994328363389,0.0230847044631301,0.0230847044631301,row,5.135560000000008,2.6171950264232025,False,False,False,External AFR
AFR,GLGC2021.without_UKB_AFR.nonHDL,GLGC2021 without_UKB_AFR nonHDL,NA,NA,sumrhe,-1,35,BLUEPRINT_H3K4me1QTL_MaxCPP,BLUEPRINT H3K4me1 QTL,0.01234,0.12366,3.28377,14.51748,2.18532e-07,1.04701e-05,0.105603,2.53821,False,False,AFR.GLGC2021.without_UKB_AFR,external,AFR,GLGC2021,without_UKB_AFR,nonHDL,NA,0.20261,0.32635,23248.0,999968.0,1.7153530822071597,6.37812526523012,0.0185473365386921,0.0185473365386921,row,3.283770000000009,2.098881022392766,False,False,False,External AFR
AFR,GLGC2021.without_UKB_AFR.nonHDL,GLGC2021 without_UKB_AFR nonHDL,NA,NA,sumrhe,-1,36,BLUEPRINT_DNA_methylation_MaxCPP,BLUEPRINT methylation QTL,0.03066,0.20407,3.50698,9.69919,2.87343e-07,7.75099e-06,0.213851,2.9884,False,False,AFR.GLGC2021.without_UKB_AFR,external,AFR,GLGC2021,without_UKB_AFR,nonHDL,NA,0.20261,0.32635,23248.0,999968.0,1.810229203050636,3.990035105315634,0.0431497202895098,0.0431497202895098,row,3.5069800000000027,2.172161048019805,False,False,False,External AFR
AFR,GLGC2021.without_UKB_AFR.nonHDL,GLGC2021 without_UKB_AFR nonHDL,NA,NA,sumrhe,-1,38,non_synonymous,Nonsynonymous,0.00733,0.03978,4.67024,9.40936,6.27744e-07,1.60278e-06,0.27159,0.431777,False,False,AFR.GLGC2021.without_UKB_AFR,external,AFR,GLGC2021,without_UKB_AFR,nonHDL,NA,0.20261,0.32635,23248.0,999968.0,2.223496690815662,2.9066679678001512,0.007746470991466,0.007746470991466,row,4.670240000000034,2.503409800331895,False,False,False,External AFR
AFR,GLGC2021.without_UKB_AFR.nonHDL,GLGC2021 without_UKB_AFR nonHDL,NA,NA,sumrhe,-1,45,Ancient_Sequence_Age_Human_Promoter_w_flanking,Ancient promoter age,0.01967,0.06594,7.76566,8.09646,4.65504e-07,2.79906e-06,0.255251,0.986739,False,False,AFR.GLGC2021.without_UKB_AFR,external,AFR,GLGC2021,without_UKB_AFR,nonHDL,NA,0.20261,0.32635,23248.0,999968.0,2.957108543835141,1.5041506698407938,0.0125015859551983,0.0125015859551983,row,7.765660000000027,3.1318627210908647,False,False,False,External AFR
AFR,MVP_R4_GIA.AFR.A1C_Mean_INT,MVP_R4_GIA AFR A1C_Mean_INT,NA,NA,sumrhe,-1,1,Coding_UCSC_w_flanking,Coding,0.03084,0.09407,1.15092,8.321,-2.47484e-07,2.47656e-06,-0.30356,9.88544,False,False,AFR.MVP_R4_GIA.AFR,external,AFR,MVP_R4_GIA,AFR,A1C_Mean_INT,hba1c,0.25103,0.20691,98735.0,997191.0,0.2027875557860208,10.430495112811546,0.1067440327479395,0.1067440327479395,row,1.1509200000000002,1.1049538670438224,False,False,False,External AFR
AFR,MVP_R4_GIA.AFR.A1C_Mean_INT,MVP_R4_GIA AFR A1C_Mean_INT,NA,NA,sumrhe,-1,2,Conserved_LindbladToh_w_flanking,Conserved (LindbladToh),0.14489,0.07298,1.27087,1.19254,1.36488e-07,9.1842e-07,0.269952,5.91176,False,False,AFR.MVP_R4_GIA.AFR,external,AFR,MVP_R4_GIA,AFR,A1C_Mean_INT,hba1c,0.25103,0.20691,98735.0,997191.0,0.3458164615407859,1.353774614289207,0.4541629042453694,0.4541629042453694,row,1.27087,1.1832451187601067,False,False,False,External AFR
AFR,MVP_R4_GIA.AFR.A1C_Mean_INT,MVP_R4_GIA AFR A1C_Mean_INT,NA,NA,sumrhe,-1,6,DHS_Trynka_w_flanking,DHS + flank,0.16491,0.01956,1.08437,2.69343,-1.76989e-08,4.86358e-06,-0.0343571,27.966,False,False,AFR.MVP_R4_GIA.AFR,external,AFR,MVP_R4_GIA,AFR,A1C_Mean_INT,hba1c,0.25103,0.20691,98735.0,997191.0,0.1168571054794081,3.583461460554572,0.6058203696624643,0.6058203696624643,row,1.0843699999999998,1.0596113955553423,False,False,False,External AFR
AFR,MVP_R4_GIA.AFR.A1C_Mean_INT,MVP_R4_GIA AFR A1C_Mean_INT,NA,NA,sumrhe,-1,20,Promoter_UCSC_w_flanking,Promoter,0.03218,0.09244,1.86766,11.79358,1.5338e-07,1.8319e-06,0.154059,5.86996,False,False,AFR.MVP_R4_GIA.AFR,external,AFR,MVP_R4_GIA,AFR,A1C_Mean_INT,hba1c,0.25103,0.20691,98735.0,997191.0,0.9012318421142476,9.11008394479041,0.0686376800808131,0.0686376800808131,row,1.867660000000002,1.519873983108356,False,False,False,External AFR
AFR,MVP_R4_GIA.AFR.A1C_Mean_INT,MVP_R4_GIA AFR A1C_Mean_INT,NA,NA,sumrhe,-1,29,GERP.NS,GERP.NS,0.75819,1.17639,1.14971,2.71371,4.51638e-08,7.00906e-07,0.258708,11.5984,False,False,AFR.MVP_R4_GIA.AFR,external,AFR,MVP_R4_GIA,AFR,A1C_Mean_INT,hba1c,0.25103,0.20691,98735.0,997191.0,0.2012700052364454,3.40525520297361,2.627024464305738,2.627024464305738,row,1.14971,1.1041420506143511,False,False,False,External AFR
AFR,MVP_R4_GIA.AFR.A1C_Mean_INT,MVP_R4_GIA AFR A1C_Mean_INT,NA,NA,sumrhe,-1,31,Backgrd_Selection_Stat,Background selection,0.04352,0.10836,0.93891,4.78688,-2.26115e-07,3.02259e-06,-0.168054,7.2576,False,False,AFR.MVP_R4_GIA.AFR,external,AFR,MVP_R4_GIA,AFR,A1C_Mean_INT,hba1c,0.25103,0.20691,98735.0,997191.0,-0.0909412211154096,7.355346132569215,0.1846457415293279,0.1846457415293279,row,0.9389100000000004,0.9552458382218391,False,False,False,External AFR
AFR,MVP_R4_GIA.AFR.A1C_Mean_INT,MVP_R4_GIA AFR A1C_Mean_INT,NA,NA,sumrhe,-1,32,CpG_Content_50kb,CpG content (50 kb),0.00289,0.00104,1.14992,1.69256,8.18817e-06,0.000202306,0.165701,12.6304,False,False,AFR.MVP_R4_GIA.AFR,external,AFR,MVP_R4_GIA,AFR,A1C_Mean_INT,hba1c,0.25103,0.20691,98735.0,997191.0,0.2015334962845087,2.123493737309573,0.0100116253469267,0.0100116253469267,row,1.1499200000000027,1.1042829771400435,False,False,False,External AFR
AFR,MVP_R4_GIA.AFR.A1C_Mean_INT,MVP_R4_GIA AFR A1C_Mean_INT,NA,NA,sumrhe,-1,33,GTEx_eQTL_MaxCPP,GTEx eQTL MaxCPP,0.0064,0.02669,1.93174,28.08256,2.38855e-07,4.99787e-06,0.0855724,5.4572,False,False,AFR.MVP_R4_GIA.AFR,external,AFR,MVP_R4_GIA,AFR,A1C_Mean_INT,hba1c,0.25103,0.20691,98735.0,997191.0,0.9499009296019512,20.97309681813638,0.0131979255809073,0.0131979255809073,row,1.9317400000000065,1.5517571644052357,False,False,False,External AFR
AFR,MVP_R4_GIA.AFR.A1C_Mean_INT,MVP_R4_GIA AFR A1C_Mean_INT,NA,NA,sumrhe,-1,34,BLUEPRINT_H3K27acQTL_MaxCPP,BLUEPRINT H3K27ac QTL,0.01211,0.03605,2.0947,14.47577,3.48467e-07,1.01953e-06,0.152636,1.51443,False,False,AFR.MVP_R4_GIA.AFR,external,AFR,MVP_R4_GIA,AFR,A1C_Mean_INT,hba1c,0.25103,0.20691,98735.0,997191.0,1.0667436379561774,9.969982141618958,0.0230301456371829,0.0230301456371829,row,2.0947000000000093,1.6297995614622254,False,False,False,External AFR
AFR,MVP_R4_GIA.AFR.A1C_Mean_INT,MVP_R4_GIA AFR A1C_Mean_INT,NA,NA,sumrhe,-1,35,BLUEPRINT_H3K4me1QTL_MaxCPP,BLUEPRINT H3K4me1 QTL,0.00625,0.07462,1.34386,46.36788,-1.11586e-07,5.68003e-06,-0.0433622,6.8746,False,False,AFR.MVP_R4_GIA.AFR,external,AFR,MVP_R4_GIA,AFR,A1C_Mean_INT,hba1c,0.25103,0.20691,98735.0,997191.0,0.4263828495555822,49.77803531062354,0.0185267978947289,0.0185267978947289,row,1.343860000000007,1.2288863993942478,False,False,False,External AFR
AFR,MVP_R4_GIA.AFR.A1C_Mean_INT,MVP_R4_GIA AFR A1C_Mean_INT,NA,NA,sumrhe,-1,36,BLUEPRINT_DNA_methylation_MaxCPP,BLUEPRINT methylation QTL,0.02196,0.17337,2.03333,44.67689,3.20462e-07,7.33221e-06,0.191665,12.9383,False,False,AFR.MVP_R4_GIA.AFR,external,AFR,MVP_R4_GIA,AFR,A1C_Mean_INT,hba1c,0.25103,0.20691,98735.0,997191.0,1.0238443768785916,31.69929507032392,0.0430228168145124,0.0430228168145124,row,2.033330000000002,1.6009024592101417,False,False,False,External AFR
AFR,MVP_R4_GIA.AFR.A1C_Mean_INT,MVP_R4_GIA AFR A1C_Mean_INT,NA,NA,sumrhe,-1,38,non_synonymous,Nonsynonymous,0.00558,0.01012,2.87657,9.3305,4.8386e-07,1.75179e-06,0.168323,2.11845,False,False,AFR.MVP_R4_GIA.AFR,external,AFR,MVP_R4_GIA,AFR,A1C_Mean_INT,hba1c,0.25103,0.20691,98735.0,997191.0,1.524349577965623,4.679554496853709,0.0077274041355065,0.0077274041355065,row,2.8765700000000107,1.954780716189876,False,False,False,External AFR
AFR,MVP_R4_GIA.AFR.A1C_Mean_INT,MVP_R4_GIA AFR A1C_Mean_INT,NA,NA,sumrhe,-1,45,Ancient_Sequence_Age_Human_Promoter_w_flanking,Ancient promoter age,0.00746,0.04353,2.38009,34.75378,1.23673e-07,3.09054e-06,0.0545461,4.46054,False,False,AFR.MVP_R4_GIA.AFR,external,AFR,MVP_R4_GIA,AFR,A1C_Mean_INT,hba1c,0.25103,0.20691,98735.0,997191.0,1.251016128196553,21.0660546694226,0.0124858991205425,0.0124858991205425,row,2.3800900000000174,1.7570616609527445,False,False,False,External AFR
AFR,MVP_R4_GIA.AFR.ALT_Mean_INT,MVP_R4_GIA AFR ALT_Mean_INT,NA,NA,sumrhe,-1,1,Coding_UCSC_w_flanking,Coding,0.02921,0.02669,1.97438,1.18113,9.71504e-08,9.37085e-07,0.215822,4.71499,False,False,AFR.MVP_R4_GIA.AFR,external,AFR,MVP_R4_GIA,AFR,ALT_Mean_INT,alanine_aminotransferase,0.1386,0.08857,115128.0,997178.0,0.981399685516217,0.8630610083394187,0.1067425524723511,0.1067425524723511,row,1.9743800000000018,1.5725889745907748,False,False,False,External AFR
AFR,MVP_R4_GIA.AFR.ALT_Mean_INT,MVP_R4_GIA AFR ALT_Mean_INT,NA,NA,sumrhe,-1,2,Conserved_LindbladToh_w_flanking,Conserved (LindbladToh),0.08613,0.01437,1.36837,1.92557,8.24631e-08,4.26313e-07,0.295404,4.2114,False,False,AFR.MVP_R4_GIA.AFR,external,AFR,MVP_R4_GIA,AFR,ALT_Mean_INT,alanine_aminotransferase,0.1386,0.08857,115128.0,997178.0,0.4524583800707848,2.0301601831993987,0.4541378219550059,0.4541378219550059,row,1.36837,1.2438944844578126,False,False,False,External AFR
AFR,MVP_R4_GIA.AFR.ALT_Mean_INT,MVP_R4_GIA AFR ALT_Mean_INT,NA,NA,sumrhe,-1,6,DHS_Trynka_w_flanking,DHS + flank,0.09777,0.00985,1.16433,1.86789,5.36847e-08,1.9118e-06,0.18875,16.6098,False,False,AFR.MVP_R4_GIA.AFR,external,AFR,MVP_R4_GIA,AFR,ALT_Mean_INT,alanine_aminotransferase,0.1386,0.08857,115128.0,997178.0,0.2195000117593855,2.3144603677016704,0.6058516532351269,0.6058516532351269,row,1.16433,1.1139204867185497,False,False,False,External AFR
AFR,MVP_R4_GIA.AFR.ALT_Mean_INT,MVP_R4_GIA AFR ALT_Mean_INT,NA,NA,sumrhe,-1,20,Promoter_UCSC_w_flanking,Promoter,0.01114,0.03268,1.17087,6.43993,-1.53753e-07,6.88245e-07,-0.279708,2.57714,False,False,AFR.MVP_R4_GIA.AFR,external,AFR,MVP_R4_GIA,AFR,ALT_Mean_INT,alanine_aminotransferase,0.1386,0.08857,115128.0,997178.0,0.2275809043902362,7.935001387576813,0.0686456911315349,0.0686456911315349,row,1.1708700000000014,1.1182733344418563,False,False,False,External AFR
AFR,MVP_R4_GIA.AFR.ALT_Mean_INT,MVP_R4_GIA AFR ALT_Mean_INT,NA,NA,sumrhe,-1,29,GERP.NS,GERP.NS,0.39241,0.40961,1.07776,1.03107,-7.16315e-09,2.51792e-07,-0.0743171,6.4082,False,False,AFR.MVP_R4_GIA.AFR,external,AFR,MVP_R4_GIA,AFR,ALT_Mean_INT,alanine_aminotransferase,0.1386,0.08857,115128.0,997178.0,0.1080359486295844,1.3801955684098346,2.6269679532001384,2.6269679532001384,row,1.07776,1.055029019590365,False,False,False,External AFR
AFR,MVP_R4_GIA.AFR.ALT_Mean_INT,MVP_R4_GIA AFR ALT_Mean_INT,NA,NA,sumrhe,-1,31,Backgrd_Selection_Stat,Background selection,0.02764,0.04107,1.07998,2.22849,-5.26189e-08,1.07229e-06,-0.0708305,3.61063,False,False,AFR.MVP_R4_GIA.AFR,external,AFR,MVP_R4_GIA,AFR,ALT_Mean_INT,alanine_aminotransferase,0.1386,0.08857,115128.0,997178.0,0.1110045955665337,2.976936120734316,0.1846541597277722,0.1846541597277722,row,1.0799800000000002,1.0565696562319735,False,False,False,External AFR
AFR,MVP_R4_GIA.AFR.ALT_Mean_INT,MVP_R4_GIA AFR ALT_Mean_INT,NA,NA,sumrhe,-1,32,CpG_Content_50kb,CpG content (50 kb),0.00174,0.00056,1.25761,0.96829,1.09504e-05,7.35193e-05,0.401327,7.1141,False,False,AFR.MVP_R4_GIA.AFR,external,AFR,MVP_R4_GIA,AFR,ALT_Mean_INT,alanine_aminotransferase,0.1386,0.08857,115128.0,997178.0,0.3306845944752591,1.1107952235926677,0.0099825164829418,0.0099825164829418,row,1.2576100000000117,1.1747962834263024,False,False,False,External AFR
AFR,MVP_R4_GIA.AFR.ALT_Mean_INT,MVP_R4_GIA AFR ALT_Mean_INT,NA,NA,sumrhe,-1,33,GTEx_eQTL_MaxCPP,GTEx eQTL MaxCPP,0.00317,0.0116,1.73115,18.2704,3.90716e-08,2.06032e-06,0.0253529,3.29902,False,False,AFR.MVP_R4_GIA.AFR,external,AFR,MVP_R4_GIA,AFR,ALT_Mean_INT,alanine_aminotransferase,0.1386,0.08857,115128.0,997178.0,0.7917307361894779,15.226072538519317,0.0132117799564294,0.0132117799564294,row,1.7311500000000086,1.4495085518598336,False,False,False,External AFR
AFR,MVP_R4_GIA.AFR.ALT_Mean_INT,MVP_R4_GIA AFR ALT_Mean_INT,NA,NA,sumrhe,-1,34,BLUEPRINT_H3K27acQTL_MaxCPP,BLUEPRINT H3K27ac QTL,0.00516,0.01019,1.61787,4.91258,3.34523e-08,6.28671e-07,0.0265392,1.26745,False,False,AFR.MVP_R4_GIA.AFR,external,AFR,MVP_R4_GIA,AFR,ALT_Mean_INT,alanine_aminotransferase,0.1386,0.08857,115128.0,997178.0,0.6940956881818647,4.380670142823778,0.0230113898084748,0.0230113898084748,row,1.6178700000000044,1.3883934567132588,False,False,False,External AFR
AFR,MVP_R4_GIA.AFR.ALT_Mean_INT,MVP_R4_GIA AFR ALT_Mean_INT,NA,NA,sumrhe,-1,35,BLUEPRINT_H3K4me1QTL_MaxCPP,BLUEPRINT H3K4me1 QTL,0.00391,0.02561,1.52468,21.74144,2.95209e-08,1.93684e-06,0.0207779,3.24739,False,False,AFR.MVP_R4_GIA.AFR,external,AFR,MVP_R4_GIA,AFR,ALT_Mean_INT,alanine_aminotransferase,0.1386,0.08857,115128.0,997178.0,0.6085064814580987,20.572361196962607,0.0185026879152859,0.0185026879152859,row,1.5246800000000058,1.33610053967853,False,False,False,External AFR
AFR,MVP_R4_GIA.AFR.ALT_Mean_INT,MVP_R4_GIA AFR ALT_Mean_INT,NA,NA,sumrhe,-1,36,BLUEPRINT_DNA_methylation_MaxCPP,BLUEPRINT methylation QTL,0.00866,0.05921,1.452,21.63458,-2.77453e-08,2.45973e-06,-0.0300548,6.43403,False,False,AFR.MVP_R4_GIA.AFR,external,AFR,MVP_R4_GIA,AFR,ALT_Mean_INT,alanine_aminotransferase,0.1386,0.08857,115128.0,997178.0,0.5380414533336636,21.495937519087843,0.0430316546019025,0.0430316546019025,row,1.452000000000001,1.293958979028695,False,False,False,External AFR
AFR,MVP_R4_GIA.AFR.ALT_Mean_INT,MVP_R4_GIA AFR ALT_Mean_INT,NA,NA,sumrhe,-1,38,non_synonymous,Nonsynonymous,0.00382,0.00291,3.56353,1.78277,2.60854e-07,6.92811e-07,0.164347,1.2364,False,False,AFR.MVP_R4_GIA.AFR,external,AFR,MVP_R4_GIA,AFR,ALT_Mean_INT,alanine_aminotransferase,0.1386,0.08857,115128.0,997178.0,1.8333070699173737,0.7217543946720294,0.0077342768438395,0.0077342768438395,row,3.5635300000000245,2.19015021546858,False,False,False,External AFR
AFR,MVP_R4_GIA.AFR.ALT_Mean_INT,MVP_R4_GIA AFR ALT_Mean_INT,NA,NA,sumrhe,-1,45,Ancient_Sequence_Age_Human_Promoter_w_flanking,Ancient promoter age,0.00894,0.01692,5.16675,15.27582,3.35663e-07,8.96213e-07,0.268139,2.10381,False,False,AFR.MVP_R4_GIA.AFR,external,AFR,MVP_R4_GIA,AFR,ALT_Mean_INT,alanine_aminotransferase,0.1386,0.08857,115128.0,997178.0,2.3692570787529186,4.265418253159615,0.0124840885473778,0.0124840885473778,row,5.16675000000002,2.6245103606550013,False,False,False,External AFR
AFR,MVP_R4_GIA.AFR.AST_Mean_INT,MVP_R4_GIA AFR AST_Mean_INT,NA,NA,sumrhe,-1,1,Coding_UCSC_w_flanking,Coding,0.02372,0.01647,1.81212,0.79407,4.77839e-08,4.73781e-07,0.119961,1.2601,False,False,AFR.MVP_R4_GIA.AFR,external,AFR,MVP_R4_GIA,AFR,AST_Mean_INT,asp_at,0.12265,0.04427,112429.0,997194.0,0.8576784949385612,0.6321881835191374,0.1067235292510071,0.1067235292510071,row,1.812120000000001,1.4916581590303122,False,False,False,External AFR
AFR,MVP_R4_GIA.AFR.AST_Mean_INT,MVP_R4_GIA AFR AST_Mean_INT,NA,NA,sumrhe,-1,2,Conserved_LindbladToh_w_flanking,Conserved (LindbladToh),0.07791,0.01505,1.39878,0.38983,1.21857e-07,1.87279e-07,0.493296,1.02913,False,False,AFR.MVP_R4_GIA.AFR,external,AFR,MVP_R4_GIA,AFR,AST_Mean_INT,asp_at,0.12265,0.04427,112429.0,997194.0,0.4841690733908348,0.402068808382837,0.4541258646293289,0.4541258646293289,row,1.3987800000000001,1.2623008493932801,False,False,False,External AFR
AFR,MVP_R4_GIA.AFR.AST_Mean_INT,MVP_R4_GIA AFR AST_Mean_INT,NA,NA,sumrhe,-1,6,DHS_Trynka_w_flanking,DHS + flank,0.08417,0.0105,1.13274,0.4923,-8.07167e-09,9.98164e-07,-0.0320699,4.2365,False,False,AFR.MVP_R4_GIA.AFR,external,AFR,MVP_R4_GIA,AFR,AST_Mean_INT,asp_at,0.12265,0.04427,112429.0,997194.0,0.1798167545775521,0.6270095243653766,0.6058422235839096,0.6058422235839096,row,1.13274,1.0927080990241194,False,False,False,External AFR
AFR,MVP_R4_GIA.AFR.AST_Mean_INT,MVP_R4_GIA AFR AST_Mean_INT,NA,NA,sumrhe,-1,20,Promoter_UCSC_w_flanking,Promoter,0.01141,0.01891,1.35557,1.87727,-1.21727e-07,3.67954e-07,-0.250247,0.723839,False,False,AFR.MVP_R4_GIA.AFR,external,AFR,MVP_R4_GIA,AFR,AST_Mean_INT,asp_at,0.12265,0.04427,112429.0,997194.0,0.4388996141312508,1.9979256839629267,0.0686271783456556,0.0686271783456556,row,1.3555700000000004,1.2360762049212737,False,False,False,External AFR
AFR,MVP_R4_GIA.AFR.AST_Mean_INT,MVP_R4_GIA AFR AST_Mean_INT,NA,NA,sumrhe,-1,29,GERP.NS,GERP.NS,0.35919,0.21676,1.11482,0.34097,5.09347e-09,1.2789e-07,0.0597171,1.63825,False,False,AFR.MVP_R4_GIA.AFR,external,AFR,MVP_R4_GIA,AFR,AST_Mean_INT,asp_at,0.12265,0.04427,112429.0,997194.0,0.1568107899027584,0.4412512585815736,2.6269507654545747,2.6269507654545747,row,1.11482,1.0805348755634674,False,False,False,External AFR
AFR,MVP_R4_GIA.AFR.AST_Mean_INT,MVP_R4_GIA AFR AST_Mean_INT,NA,NA,sumrhe,-1,31,Backgrd_Selection_Stat,Background selection,0.02388,0.02154,1.05473,0.62358,-5.77212e-08,5.69246e-07,-0.0878048,0.972513,False,False,AFR.MVP_R4_GIA.AFR,external,AFR,MVP_R4_GIA,AFR,AST_Mean_INT,asp_at,0.12265,0.04427,112429.0,997194.0,0.0768737311463771,0.8529536218724602,0.1845973537281354,0.1845973537281354,row,1.0547300000000002,1.0389488302803451,False,False,False,External AFR
AFR,MVP_R4_GIA.AFR.AST_Mean_INT,MVP_R4_GIA AFR AST_Mean_INT,NA,NA,sumrhe,-1,32,CpG_Content_50kb,CpG content (50 kb),0.00153,0.00027,1.24351,0.27344,7.5446e-06,4.14475e-05,0.31249,1.94088,False,False,AFR.MVP_R4_GIA.AFR,external,AFR,MVP_R4_GIA,AFR,AST_Mean_INT,asp_at,0.12265,0.04427,112429.0,997194.0,0.3144181093983254,0.3172395332411305,0.0100317013893739,0.0100317013893739,row,1.243510000000003,1.1657576145550475,False,False,False,External AFR
AFR,MVP_R4_GIA.AFR.AST_Mean_INT,MVP_R4_GIA AFR AST_Mean_INT,NA,NA,sumrhe,-1,33,GTEx_eQTL_MaxCPP,GTEx eQTL MaxCPP,0.00129,0.00585,0.79918,4.15295,-1.60104e-07,1.05568e-06,-0.117399,0.779062,False,False,AFR.MVP_R4_GIA.AFR,external,AFR,MVP_R4_GIA,AFR,AST_Mean_INT,asp_at,0.12265,0.04427,112429.0,997194.0,-0.3234076156882856,7.496984872068645,0.0131606564074282,0.0131606564074282,row,0.7991800000000057,0.8473395290667501,False,False,False,External AFR
AFR,MVP_R4_GIA.AFR.AST_Mean_INT,MVP_R4_GIA AFR AST_Mean_INT,NA,NA,sumrhe,-1,34,BLUEPRINT_H3K27acQTL_MaxCPP,BLUEPRINT H3K27ac QTL,0.00669,0.00688,2.37035,1.76177,2.66845e-07,2.70008e-07,0.239231,0.345192,False,False,AFR.MVP_R4_GIA.AFR,external,AFR,MVP_R4_GIA,AFR,AST_Mean_INT,asp_at,0.12265,0.04427,112429.0,997194.0,1.2451000996227504,1.072287570268926,0.0230115613919693,0.0230115613919693,row,2.370350000000005,1.7528984184234675,False,False,False,External AFR
AFR,MVP_R4_GIA.AFR.AST_Mean_INT,MVP_R4_GIA AFR AST_Mean_INT,NA,NA,sumrhe,-1,35,BLUEPRINT_H3K4me1QTL_MaxCPP,BLUEPRINT H3K4me1 QTL,0.0021,0.01424,0.92426,6.49116,-1.74192e-07,1.07361e-06,-0.138546,0.982447,False,False,AFR.MVP_R4_GIA.AFR,external,AFR,MVP_R4_GIA,AFR,AST_Mean_INT,asp_at,0.12265,0.04427,112429.0,997194.0,-0.1136293471999046,10.132175298743649,0.0185249730177151,0.0185249730177151,row,0.9242600000000045,0.9443037447255631,False,False,False,External AFR
AFR,MVP_R4_GIA.AFR.AST_Mean_INT,MVP_R4_GIA AFR AST_Mean_INT,NA,NA,sumrhe,-1,36,BLUEPRINT_DNA_methylation_MaxCPP,BLUEPRINT methylation QTL,0.00739,0.03314,1.40072,6.26842,-4.31073e-08,1.38726e-06,-0.0527691,1.84901,False,False,AFR.MVP_R4_GIA.AFR,external,AFR,MVP_R4_GIA,AFR,AST_Mean_INT,asp_at,0.12265,0.04427,112429.0,997194.0,0.4861685938961714,6.456264241396708,0.0430155575222545,0.0430155575222545,row,1.4007200000000009,1.2634671494377654,False,False,False,External AFR
AFR,MVP_R4_GIA.AFR.AST_Mean_INT,MVP_R4_GIA AFR AST_Mean_INT,NA,NA,sumrhe,-1,38,non_synonymous,Nonsynonymous,0.00208,0.00207,2.19526,1.86519,3.80629e-08,4.20955e-07,0.0271012,0.316089,False,False,AFR.MVP_R4_GIA.AFR,external,AFR,MVP_R4_GIA,AFR,AST_Mean_INT,asp_at,0.12265,0.04427,112429.0,997194.0,1.1343918183468995,1.2257775221685292,0.0077252015376018,0.0077252015376018,row,2.1952600000000086,1.6759333288089389,False,False,False,External AFR
AFR,MVP_R4_GIA.AFR.AST_Mean_INT,MVP_R4_GIA AFR AST_Mean_INT,NA,NA,sumrhe,-1,45,Ancient_Sequence_Age_Human_Promoter_w_flanking,Ancient promoter age,0.00712,0.01011,4.64726,5.05158,5.6676e-08,5.34084e-07,0.0511623,0.565992,False,False,AFR.MVP_R4_GIA.AFR,external,AFR,MVP_R4_GIA,AFR,AST_Mean_INT,asp_at,0.12265,0.04427,112429.0,997194.0,2.2163803614868054,1.568212110932866,0.0124915252589018,0.0124915252589018,row,4.647260000000007,2.4975510545661805,False,False,False,External AFR
AFR,MVP_R4_GIA.AFR.Glucose_Mean_INT,MVP_R4_GIA AFR Glucose_Mean_INT,NA,NA,sumrhe,-1,1,Coding_UCSC_w_flanking,Coding,0.02954,0.19643,1.10936,12.19915,-1.67836e-07,5.21168e-06,-0.207118,29.5791,False,False,AFR.MVP_R4_GIA.AFR,external,AFR,MVP_R4_GIA,AFR,Glucose_Mean_INT,glucose,0.24951,0.43703,118233.0,997183.0,0.1497276125102786,15.864690639702712,0.1067210359260232,0.1067210359260232,row,1.1093600000000008,1.076805337849619,False,False,False,External AFR
AFR,MVP_R4_GIA.AFR.Glucose_Mean_INT,MVP_R4_GIA AFR Glucose_Mean_INT,NA,NA,sumrhe,-1,2,Conserved_LindbladToh_w_flanking,Conserved (LindbladToh),0.1432,0.14698,1.26376,9.04806,1.9038e-08,1.9607e-06,0.0378834,20.4983,False,False,AFR.MVP_R4_GIA.AFR,external,AFR,MVP_R4_GIA,AFR,Glucose_Mean_INT,glucose,0.24951,0.43703,118233.0,997183.0,0.3377225080676207,10.32916953509036,0.454140733042562,0.454140733042562,row,1.26376,1.178721014193022,False,False,False,External AFR
AFR,MVP_R4_GIA.AFR.Glucose_Mean_INT,MVP_R4_GIA AFR Glucose_Mean_INT,NA,NA,sumrhe,-1,6,DHS_Trynka_w_flanking,DHS + flank,0.1643,0.01989,1.08694,8.60912,-9.53237e-08,1.01746e-05,-0.186169,87.3638,False,False,AFR.MVP_R4_GIA.AFR,external,AFR,MVP_R4_GIA,AFR,Glucose_Mean_INT,glucose,0.24951,0.43703,118233.0,997183.0,0.1202723045864285,11.426881640585492,0.6058205987981388,0.6058205987981388,row,1.08694,1.0613891232831933,False,False,False,External AFR
AFR,MVP_R4_GIA.AFR.Glucose_Mean_INT,MVP_R4_GIA AFR Glucose_Mean_INT,NA,NA,sumrhe,-1,20,Promoter_UCSC_w_flanking,Promoter,0.02807,0.19174,1.63895,28.18019,3.82834e-08,3.86673e-06,0.038687,17.3061,False,False,AFR.MVP_R4_GIA.AFR,external,AFR,MVP_R4_GIA,AFR,Glucose_Mean_INT,glucose,0.24951,0.43703,118233.0,997183.0,0.7127718423248929,24.80577221044496,0.0686418139552302,0.0686418139552302,row,1.6389500000000006,1.3999640162816858,False,False,False,External AFR
AFR,MVP_R4_GIA.AFR.Glucose_Mean_INT,MVP_R4_GIA AFR Glucose_Mean_INT,NA,NA,sumrhe,-1,29,GERP.NS,GERP.NS,0.7662,2.47103,1.16895,4.38508,4.66302e-08,1.47413e-06,0.268735,32.8786,False,False,AFR.MVP_R4_GIA.AFR,external,AFR,MVP_R4_GIA,AFR,Glucose_Mean_INT,glucose,0.24951,0.43703,118233.0,997183.0,0.2252132221751741,5.411979271911867,2.626989011384166,2.626989011384166,row,1.1689499999999997,1.1169967954797644,False,False,False,External AFR
AFR,MVP_R4_GIA.AFR.Glucose_Mean_INT,MVP_R4_GIA AFR Glucose_Mean_INT,NA,NA,sumrhe,-1,31,Backgrd_Selection_Stat,Background selection,0.04343,0.22835,0.94281,12.37286,-2.2248e-07,6.37024e-06,-0.166359,21.1051,False,False,AFR.MVP_R4_GIA.AFR,external,AFR,MVP_R4_GIA,AFR,Glucose_Mean_INT,glucose,0.24951,0.43703,118233.0,997183.0,-0.0849610341419863,18.933044583334308,0.1846195520554001,0.1846195520554001,row,0.94281,0.958144817309809,False,False,False,External AFR
AFR,MVP_R4_GIA.AFR.Glucose_Mean_INT,MVP_R4_GIA AFR Glucose_Mean_INT,NA,NA,sumrhe,-1,32,CpG_Content_50kb,CpG content (50 kb),0.00284,0.00221,1.13804,3.9421,6.39467e-06,0.000422213,0.130194,37.3265,False,False,AFR.MVP_R4_GIA.AFR,external,AFR,MVP_R4_GIA,AFR,Glucose_Mean_INT,glucose,0.24951,0.43703,118233.0,997183.0,0.1865512665965708,4.997406172619928,0.0100016777321355,0.0100016777321355,row,1.1380400000000024,1.0962888442940517,False,False,False,External AFR
AFR,MVP_R4_GIA.AFR.Glucose_Mean_INT,MVP_R4_GIA AFR Glucose_Mean_INT,NA,NA,sumrhe,-1,33,GTEx_eQTL_MaxCPP,GTEx eQTL MaxCPP,0.00483,0.05603,1.46613,91.06151,5.91533e-08,1.05118e-05,0.0213214,17.9796,False,False,AFR.MVP_R4_GIA.AFR,external,AFR,MVP_R4_GIA,AFR,Glucose_Mean_INT,glucose,0.24951,0.43703,118233.0,997183.0,0.5520130311935095,89.60596188118431,0.0132034277761646,0.0132034277761646,row,1.4661300000000086,1.3022488522192437,False,False,False,External AFR
AFR,MVP_R4_GIA.AFR.Glucose_Mean_INT,MVP_R4_GIA AFR Glucose_Mean_INT,NA,NA,sumrhe,-1,34,BLUEPRINT_H3K27acQTL_MaxCPP,BLUEPRINT H3K27ac QTL,0.01298,0.07466,2.25838,19.26074,4.95369e-07,2.25054e-06,0.218304,8.2076,False,False,AFR.MVP_R4_GIA.AFR,external,AFR,MVP_R4_GIA,AFR,Glucose_Mean_INT,glucose,0.24951,0.43703,118233.0,997183.0,1.1752882575857817,12.304118032329232,0.0230350795913766,0.0230350795913766,row,2.258380000000007,1.7041548641908424,False,False,False,External AFR
AFR,MVP_R4_GIA.AFR.Glucose_Mean_INT,MVP_R4_GIA AFR Glucose_Mean_INT,NA,NA,sumrhe,-1,35,BLUEPRINT_H3K4me1QTL_MaxCPP,BLUEPRINT H3K4me1 QTL,0.00495,0.15683,1.07221,112.81411,-2.60065e-07,1.19395e-05,-0.101677,19.3324,False,False,AFR.MVP_R4_GIA.AFR,external,AFR,MVP_R4_GIA,AFR,Glucose_Mean_INT,glucose,0.24951,0.43703,118233.0,997183.0,0.1005874956162305,151.7952239200362,0.0185027972254106,0.0185027972254106,row,1.072210000000005,1.0511702147072017,False,False,False,External AFR
AFR,MVP_R4_GIA.AFR.Glucose_Mean_INT,MVP_R4_GIA AFR Glucose_Mean_INT,NA,NA,sumrhe,-1,36,BLUEPRINT_DNA_methylation_MaxCPP,BLUEPRINT methylation QTL,0.01712,0.36531,1.5943,108.61121,9.34461e-08,1.54544e-05,0.0562295,36.063,False,False,AFR.MVP_R4_GIA.AFR,external,AFR,MVP_R4_GIA,AFR,Glucose_Mean_INT,glucose,0.24951,0.43703,118233.0,997183.0,0.6729231273138592,98.2831675669258,0.0430373733860648,0.0430373733860648,row,1.5943000000000027,1.3753453197926666,False,False,False,External AFR
AFR,MVP_R4_GIA.AFR.Glucose_Mean_INT,MVP_R4_GIA AFR Glucose_Mean_INT,NA,NA,sumrhe,-1,38,non_synonymous,Nonsynonymous,0.00467,0.02065,2.42244,10.41939,3.6923e-07,3.45479e-06,0.129229,6.11505,False,False,AFR.MVP_R4_GIA.AFR,external,AFR,MVP_R4_GIA,AFR,Glucose_Mean_INT,glucose,0.24951,0.43703,118233.0,997183.0,1.276460932812929,6.205314592761042,0.0077263770008817,0.0077263770008817,row,2.422440000000011,1.7750252493104342,False,False,False,External AFR
AFR,MVP_R4_GIA.AFR.Glucose_Mean_INT,MVP_R4_GIA AFR Glucose_Mean_INT,NA,NA,sumrhe,-1,45,Ancient_Sequence_Age_Human_Promoter_w_flanking,Ancient promoter age,0.0088,0.08942,2.82511,97.17231,3.01886e-07,6.54199e-06,0.133958,10.9037,False,False,AFR.MVP_R4_GIA.AFR,external,AFR,MVP_R4_GIA,AFR,Glucose_Mean_INT,glucose,0.24951,0.43703,118233.0,997183.0,1.4983070421702722,49.62284999477012,0.0124841607901569,0.0124841607901569,row,2.8251100000000005,1.935501236477873,False,False,False,External AFR
AFR,MVP_R4_GIA.AFR.Phe_401,MVP_R4_GIA AFR Phe_401,NA,NA,sumrhe,-1,1,Coding_UCSC_w_flanking,Coding,0.01107,0.01136,1.45464,1.12643,-8.76696e-08,3.26143e-07,-0.378625,1.77597,False,False,AFR.MVP_R4_GIA.AFR,external,AFR,MVP_R4_GIA,AFR,Phe_401,hypertension_i10,0.0713,0.03061,116935.0,997194.0,0.5406621534927992,1.1171801785380266,0.1067339458839803,0.1067339458839803,row,1.4546400000000008,1.295511452931602,False,False,False,External AFR
AFR,MVP_R4_GIA.AFR.Phe_401,MVP_R4_GIA AFR Phe_401,NA,NA,sumrhe,-1,2,Conserved_LindbladToh_w_flanking,Conserved (LindbladToh),0.04669,0.0114,1.442,0.49792,5.44446e-08,1.32241e-07,0.37915,1.23212,False,False,AFR.MVP_R4_GIA.AFR,external,AFR,MVP_R4_GIA,AFR,Phe_401,hypertension_i10,0.0713,0.03061,116935.0,997194.0,0.5280711645787354,0.4981599963657647,0.4541183839649232,0.4541183839649232,row,1.4420000000000002,1.2880632003253163,False,False,False,External AFR
AFR,MVP_R4_GIA.AFR.Phe_401,MVP_R4_GIA AFR Phe_401,NA,NA,sumrhe,-1,6,DHS_Trynka_w_flanking,DHS + flank,0.03984,0.00785,0.92247,0.49603,-7.72237e-08,6.85633e-07,-0.527819,4.95598,False,False,AFR.MVP_R4_GIA.AFR,external,AFR,MVP_R4_GIA,AFR,Phe_401,hypertension_i10,0.0713,0.03061,116935.0,997194.0,-0.1164261013891206,0.7757650884388138,0.6057278593353952,0.6057278593353952,row,0.9224700000000001,0.9429610852149708,False,False,False,External AFR
AFR,MVP_R4_GIA.AFR.Phe_401,MVP_R4_GIA AFR Phe_401,NA,NA,sumrhe,-1,20,Promoter_UCSC_w_flanking,Promoter,0.00865,0.01312,1.76773,2.16679,-3.48343e-08,2.60116e-07,-0.123194,0.97648,False,False,AFR.MVP_R4_GIA.AFR,external,AFR,MVP_R4_GIA,AFR,Phe_401,hypertension_i10,0.0713,0.03061,116935.0,997194.0,0.8218979368292236,1.7683793269604506,0.0686294700387099,0.0686294700387099,row,1.7677300000000014,1.468703210799713,False,False,False,External AFR
AFR,MVP_R4_GIA.AFR.Phe_401,MVP_R4_GIA AFR Phe_401,NA,NA,sumrhe,-1,29,GERP.NS,GERP.NS,0.25054,0.15551,1.33768,0.3792,3.51869e-08,9.31877e-08,0.709684,1.85608,False,False,AFR.MVP_R4_GIA.AFR,external,AFR,MVP_R4_GIA,AFR,Phe_401,hypertension_i10,0.0713,0.03061,116935.0,997194.0,0.4197330355397954,0.4089692299392193,2.6268502130460027,2.6268502130460027,row,1.33768,1.2250774559561255,False,False,False,External AFR
AFR,MVP_R4_GIA.AFR.Phe_401,MVP_R4_GIA AFR Phe_401,NA,NA,sumrhe,-1,31,Backgrd_Selection_Stat,Background selection,0.01569,0.01494,1.19207,0.71704,4.035e-08,4.02531e-07,0.105591,1.14348,False,False,AFR.MVP_R4_GIA.AFR,external,AFR,MVP_R4_GIA,AFR,Phe_401,hypertension_i10,0.0713,0.03061,116935.0,997194.0,0.2534689553367418,0.8677930424547404,0.1845999823682897,0.1845999823682897,row,1.1920700000000002,1.1322938690285471,False,False,False,External AFR
AFR,MVP_R4_GIA.AFR.Phe_401,MVP_R4_GIA AFR Phe_401,NA,NA,sumrhe,-1,32,CpG_Content_50kb,CpG content (50 kb),0.00091,0.00018,1.27316,0.3628,5.58971e-06,2.85091e-05,0.398281,2.42545,False,False,AFR.MVP_R4_GIA.AFR,external,AFR,MVP_R4_GIA,AFR,Phe_401,hypertension_i10,0.0713,0.03061,116935.0,997194.0,0.3484137363653322,0.4111107487154135,0.0100246421125653,0.0100246421125653,row,1.2731600000000023,1.1846992341261275,False,False,False,External AFR
AFR,MVP_R4_GIA.AFR.Phe_401,MVP_R4_GIA AFR Phe_401,NA,NA,sumrhe,-1,33,GTEx_eQTL_MaxCPP,GTEx eQTL MaxCPP,0.00351,0.00418,3.73445,6.56672,2.28181e-07,7.43226e-07,0.287834,1.16073,False,False,AFR.MVP_R4_GIA.AFR,external,AFR,MVP_R4_GIA,AFR,Phe_401,hypertension_i10,0.0713,0.03061,116935.0,997194.0,1.90089578231823,2.5368593444567136,0.0131822923056142,0.0131822923056142,row,3.7344500000000234,2.2431968378668388,False,False,False,External AFR
AFR,MVP_R4_GIA.AFR.Phe_401,MVP_R4_GIA AFR Phe_401,NA,NA,sumrhe,-1,34,BLUEPRINT_H3K27acQTL_MaxCPP,BLUEPRINT H3K27ac QTL,0.00409,0.00484,2.48886,2.19642,9.31062e-08,1.97523e-07,0.143594,0.393058,False,False,AFR.MVP_R4_GIA.AFR,external,AFR,MVP_R4_GIA,AFR,Phe_401,hypertension_i10,0.0713,0.03061,116935.0,997194.0,1.3154850800633056,1.2731789822285453,0.0230480034461329,0.0230480034461329,row,2.488860000000007,1.8027557066299933,False,False,False,External AFR
AFR,MVP_R4_GIA.AFR.Phe_401,MVP_R4_GIA AFR Phe_401,NA,NA,sumrhe,-1,35,BLUEPRINT_H3K4me1QTL_MaxCPP,BLUEPRINT H3K4me1 QTL,0.00265,0.00986,2.00477,7.5397,1.61478e-08,7.45942e-07,0.0220943,1.14336,False,False,AFR.MVP_R4_GIA.AFR,external,AFR,MVP_R4_GIA,AFR,Phe_401,hypertension_i10,0.0713,0.03061,116935.0,997194.0,1.0034367309979404,5.425803358884319,0.018539234136962,0.018539234136962,row,2.004770000000003,1.5872545641282594,False,False,False,External AFR
AFR,MVP_R4_GIA.AFR.Phe_401,MVP_R4_GIA AFR Phe_401,NA,NA,sumrhe,-1,36,BLUEPRINT_DNA_methylation_MaxCPP,BLUEPRINT methylation QTL,0.00794,0.02311,2.58865,7.29924,1.25896e-07,9.71575e-07,0.265119,2.17343,False,False,AFR.MVP_R4_GIA.AFR,external,AFR,MVP_R4_GIA,AFR,Phe_401,hypertension_i10,0.0713,0.03061,116935.0,997194.0,1.372199917961719,4.06798035665631,0.043018735173876,0.043018735173876,row,2.5886500000000003,1.843441224383582,False,False,False,External AFR
AFR,MVP_R4_GIA.AFR.Phe_401,MVP_R4_GIA AFR Phe_401,NA,NA,sumrhe,-1,38,non_synonymous,Nonsynonymous,0.00235,0.00164,4.26947,2.57443,1.60836e-07,3.14542e-07,0.197001,0.479565,False,False,AFR.MVP_R4_GIA.AFR,external,AFR,MVP_R4_GIA,AFR,Phe_401,hypertension_i10,0.0713,0.03061,116935.0,997194.0,2.0940569888553404,0.8699246965351142,0.0077197700857995,0.0077197700857995,row,4.269470000000052,2.3976578637935657,False,False,False,External AFR
AFR,MVP_R4_GIA.AFR.Phe_401,MVP_R4_GIA AFR Phe_401,NA,NA,sumrhe,-1,45,Ancient_Sequence_Age_Human_Promoter_w_flanking,Ancient promoter age,0.00624,0.00721,7.01396,5.50758,4.60241e-07,3.63264e-07,0.714721,0.959144,False,False,AFR.MVP_R4_GIA.AFR,external,AFR,MVP_R4_GIA,AFR,Phe_401,hypertension_i10,0.0713,0.03061,116935.0,997194.0,2.810229203050636,1.1328491113863262,0.0124776205676682,0.0124776205676682,row,7.013960000000015,3.0025153088770673,False,False,False,External AFR
AFR,MVP_R4_GIA.AFR.Phe_411,MVP_R4_GIA AFR Phe_411,NA,NA,sumrhe,-1,1,Coding_UCSC_w_flanking,Coding,0.00516,0.00484,1.06097,0.8423,-3.64654e-08,1.29587e-07,-0.24658,0.979079,False,False,AFR.MVP_R4_GIA.AFR,external,AFR,MVP_R4_GIA,AFR,Phe_411,chronic_ischaemic_heart_disease_i25,0.04553,0.01211,110452.0,997194.0,0.0853838631677334,1.1453500409443942,0.1068191080777953,0.1068191080777953,row,1.06097,1.043323504796515,False,False,False,External AFR
AFR,MVP_R4_GIA.AFR.Phe_411,MVP_R4_GIA AFR Phe_411,NA,NA,sumrhe,-1,2,Conserved_LindbladToh_w_flanking,Conserved (LindbladToh),0.02484,0.00662,1.20117,0.3249,2.11243e-08,5.80991e-08,0.230333,0.72299,False,False,AFR.MVP_R4_GIA.AFR,external,AFR,MVP_R4_GIA,AFR,Phe_411,chronic_ischaemic_heart_disease_i25,0.04553,0.01211,110452.0,997194.0,0.2644403482130735,0.3902292088420658,0.4542024414401537,0.4542024414401537,row,1.20117,1.1382705712566674,False,False,False,External AFR
AFR,MVP_R4_GIA.AFR.Phe_411,MVP_R4_GIA AFR Phe_411,NA,NA,sumrhe,-1,6,DHS_Trynka_w_flanking,DHS + flank,0.01527,0.00652,0.55347,0.2775,-6.94589e-08,2.65619e-07,-0.743325,2.78003,False,False,AFR.MVP_R4_GIA.AFR,external,AFR,MVP_R4_GIA,AFR,Phe_411,chronic_ischaemic_heart_disease_i25,0.04553,0.01211,110452.0,997194.0,-0.8534229748528778,0.7233415972802272,0.605964666164601,0.605964666164601,row,0.5534699999999999,0.6354943809710922,False,False,False,External AFR
AFR,MVP_R4_GIA.AFR.Phe_411,MVP_R4_GIA AFR Phe_411,NA,NA,sumrhe,-1,20,Promoter_UCSC_w_flanking,Promoter,0.00538,0.00559,1.72164,1.46047,3.94708e-08,1.07021e-07,0.218562,0.666193,False,False,AFR.MVP_R4_GIA.AFR,external,AFR,MVP_R4_GIA,AFR,Phe_411,chronic_ischaemic_heart_disease_i25,0.04553,0.01211,110452.0,997194.0,0.7837835024839689,1.2238405394664995,0.0686344694664968,0.0686344694664968,row,1.7216400000000005,1.4444762495889387,False,False,False,External AFR
AFR,MVP_R4_GIA.AFR.Phe_411,MVP_R4_GIA AFR Phe_411,NA,NA,sumrhe,-1,29,GERP.NS,GERP.NS,0.14939,0.06247,1.24882,0.27195,1.75411e-08,3.86751e-08,0.553933,1.17509,False,False,AFR.MVP_R4_GIA.AFR,external,AFR,MVP_R4_GIA,AFR,Phe_411,chronic_ischaemic_heart_disease_i25,0.04553,0.01211,110452.0,997194.0,0.3205655475451853,0.3141693089234266,2.627386908194113,2.627386908194113,row,1.2488200000000005,1.1691681895728498,False,False,False,External AFR
AFR,MVP_R4_GIA.AFR.Phe_411,MVP_R4_GIA AFR Phe_411,NA,NA,sumrhe,-1,31,Backgrd_Selection_Stat,Background selection,0.00891,0.00579,1.06026,0.45182,8.78572e-09,1.57383e-07,0.0359978,0.672315,False,False,AFR.MVP_R4_GIA.AFR,external,AFR,MVP_R4_GIA,AFR,Phe_411,chronic_ischaemic_heart_disease_i25,0.04553,0.01211,110452.0,997194.0,0.0844180899915262,0.6147911581823813,0.184572789747368,0.184572789747368,row,1.0602600000000004,1.0428264136420953,False,False,False,External AFR
AFR,MVP_R4_GIA.AFR.Phe_411,MVP_R4_GIA AFR Phe_411,NA,NA,sumrhe,-1,32,CpG_Content_50kb,CpG content (50 kb),0.00052,9e-05,1.14443,0.18514,3.95285e-06,1.12113e-05,0.440988,1.40947,False,False,AFR.MVP_R4_GIA.AFR,external,AFR,MVP_R4_GIA,AFR,Phe_411,chronic_ischaemic_heart_disease_i25,0.04553,0.01211,110452.0,997194.0,0.1946292219662723,0.23339178444307,0.0099796764081864,0.0099796764081864,row,1.1444300000000016,1.1005942232706885,False,False,False,External AFR
AFR,MVP_R4_GIA.AFR.Phe_411,MVP_R4_GIA AFR Phe_411,NA,NA,sumrhe,-1,33,GTEx_eQTL_MaxCPP,GTEx eQTL MaxCPP,0.00144,0.00185,2.3984,3.70662,9.0933e-08,3.11313e-07,0.179597,0.673016,False,False,AFR.MVP_R4_GIA.AFR,external,AFR,MVP_R4_GIA,AFR,Phe_411,chronic_ischaemic_heart_disease_i25,0.04553,0.01211,110452.0,997194.0,1.2620722883984103,2.229620702326488,0.0131869155906998,0.0131869155906998,row,2.3984000000000045,1.764855671254706,False,False,False,External AFR
AFR,MVP_R4_GIA.AFR.Phe_411,MVP_R4_GIA AFR Phe_411,NA,NA,sumrhe,-1,34,BLUEPRINT_H3K27acQTL_MaxCPP,BLUEPRINT H3K27ac QTL,0.00182,0.00232,1.73641,1.90793,8.74782e-08,1.27819e-07,0.211239,0.338203,False,False,AFR.MVP_R4_GIA.AFR,external,AFR,MVP_R4_GIA,AFR,Phe_411,chronic_ischaemic_heart_disease_i25,0.04553,0.01211,110452.0,997194.0,0.7961076362204011,1.5852023136029392,0.0230208555303025,0.0230208555303025,row,1.7364100000000067,1.4522844073625414,False,False,False,External AFR
AFR,MVP_R4_GIA.AFR.Phe_411,MVP_R4_GIA AFR Phe_411,NA,NA,sumrhe,-1,35,BLUEPRINT_H3K4me1QTL_MaxCPP,BLUEPRINT H3K4me1 QTL,-6e-05,0.00396,-0.0768,4.9704,-1.1851e-07,3.08719e-07,-0.253885,0.753418,False,False,AFR.MVP_R4_GIA.AFR,external,AFR,MVP_R4_GIA,AFR,Phe_411,chronic_ischaemic_heart_disease_i25,0.04553,0.01211,110452.0,997194.0,NA,-93.36941967753262,0.0171590160333845,0.0171590160333845,row,-0.07680000000000037,-0.10675031506086825,True,False,False,External AFR
AFR,MVP_R4_GIA.AFR.Phe_411,MVP_R4_GIA AFR Phe_411,NA,NA,sumrhe,-1,36,BLUEPRINT_DNA_methylation_MaxCPP,BLUEPRINT methylation QTL,-0.00035,0.009,-0.17969,4.91191,-1.44761e-07,3.80025e-07,-0.477306,1.43622,False,False,AFR.MVP_R4_GIA.AFR,external,AFR,MVP_R4_GIA,AFR,Phe_411,chronic_ischaemic_heart_disease_i25,0.04553,0.01211,110452.0,997194.0,NA,-39.4367421575653,0.0427805619842856,0.0427805619842856,row,-0.1796900000000003,-0.23840779668881382,True,False,False,External AFR
AFR,MVP_R4_GIA.AFR.Phe_411,MVP_R4_GIA AFR Phe_411,NA,NA,sumrhe,-1,38,non_synonymous,Nonsynonymous,0.00024,0.00111,0.68978,3.15836,-4.9441e-09,1.78864e-07,-0.00948181,0.342596,False,False,AFR.MVP_R4_GIA.AFR,external,AFR,MVP_R4_GIA,AFR,Phe_411,chronic_ischaemic_heart_disease_i25,0.04553,0.01211,110452.0,997194.0,-0.5357917960670239,6.60580229833,0.0076419289127776,0.0076419289127776,row,0.6897800000000014,0.7568354278272841,False,False,False,External AFR
AFR,MVP_R4_GIA.AFR.Phe_411,MVP_R4_GIA AFR Phe_411,NA,NA,sumrhe,-1,45,Ancient_Sequence_Age_Human_Promoter_w_flanking,Ancient promoter age,-0.00023,0.00303,-0.41221,5.50723,-2.02035e-07,1.98506e-07,-0.49124,0.441758,False,False,AFR.MVP_R4_GIA.AFR,external,AFR,MVP_R4_GIA,AFR,Phe_411,chronic_ischaemic_heart_disease_i25,0.04553,0.01211,110452.0,997194.0,NA,-19.274771136156147,0.0122549533495752,0.0122549533495752,row,-0.41221000000000224,-0.4979546377815331,True,False,False,External AFR
AFR,T2DGGI2024.AFA.T2D,T2DGGI2024 AFA T2D,NA,NA,sumrhe,-1,1,Coding_UCSC_w_flanking,Coding,0.03533,0.26785,1.76522,8.29956,2.32774e-07,5.15204e-06,0.383862,8.49549,False,False,AFR.T2DGGI2024.AFA,external,AFR,T2DGGI2024,AFA,T2D,type2_diabetes_e11,0.18722,0.63008,128886.486,999166.0,0.8198479983008624,6.78313980895322,0.1069036558146672,0.1069036558146672,row,1.7652200000000013,1.4673942653723961,False,False,False,External AFR
AFR,T2DGGI2024.AFA.T2D,T2DGGI2024 AFA T2D,NA,NA,sumrhe,-1,2,Conserved_LindbladToh_w_flanking,Conserved (LindbladToh),0.13941,0.66272,1.63955,1.4308,-4.1286e-08,2.51804e-06,-0.109707,6.35955,False,False,AFR.T2DGGI2024.AFA,external,AFR,T2DGGI2024,AFA,T2D,type2_diabetes_e11,0.18722,0.63008,128886.486,999166.0,0.7132998990790167,1.2590089137287237,0.4541685119468259,0.4541685119468259,row,1.6395500000000005,1.4002919946953496,False,False,False,External AFR
AFR,T2DGGI2024.AFA.T2D,T2DGGI2024 AFA T2D,NA,NA,sumrhe,-1,6,DHS_Trynka_w_flanking,DHS + flank,0.04952,0.49248,0.43661,6.06133,-1.1905e-06,1.39412e-05,-3.10488,27.5348,False,False,AFR.T2DGGI2024.AFA,external,AFR,T2DGGI2024,AFA,T2D,type2_diabetes_e11,0.18722,0.63008,128886.486,999166.0,-1.1955829210744804,20.02851682781316,0.6058075990151477,0.6058075990151477,row,0.43661,0.522668463026174,False,False,False,External AFR
AFR,T2DGGI2024.AFA.T2D,T2DGGI2024 AFA T2D,NA,NA,sumrhe,-1,20,Promoter_UCSC_w_flanking,Promoter,0.03386,0.21927,2.6259,10.58932,-2.76478e-07,4.67413e-06,-0.373656,4.82021,False,False,AFR.T2DGGI2024.AFA,external,AFR,T2DGGI2024,AFA,T2D,type2_diabetes_e11,0.18722,0.63008,128886.486,999166.0,1.3928119763027331,5.817875566619566,0.0688741940188649,0.0688741940188649,row,2.625900000000001,1.858339137025397,False,False,False,External AFR
AFR,T2DGGI2024.AFA.T2D,T2DGGI2024 AFA T2D,NA,NA,sumrhe,-1,29,GERP.NS,GERP.NS,0.75773,4.35063,1.54086,2.8329,1.72897e-07,2.20624e-06,1.33072,10.3607,False,False,AFR.T2DGGI2024.AFA,external,AFR,T2DGGI2024,AFA,T2D,type2_diabetes_e11,0.18722,0.63008,128886.486,999166.0,0.6237357869136267,2.652421882153048,2.626630966310276,2.626630966310276,row,1.5408600000000001,1.3453168858713773,False,False,False,External AFR
AFR,T2DGGI2024.AFA.T2D,T2DGGI2024 AFA T2D,NA,NA,sumrhe,-1,31,Backgrd_Selection_Stat,Background selection,0.04688,0.2657,1.35587,3.34167,4.30276e-07,6.63868e-06,0.429787,5.38886,False,False,AFR.T2DGGI2024.AFA,external,AFR,T2DGGI2024,AFA,T2D,type2_diabetes_e11,0.18722,0.63008,128886.486,999166.0,0.4392188603723866,3.5556585345847487,0.1846789133373297,0.1846789133373297,row,1.3558699999999997,1.2362599315580771,False,False,False,External AFR
AFR,T2DGGI2024.AFA.T2D,T2DGGI2024 AFA T2D,NA,NA,sumrhe,-1,32,CpG_Content_50kb,CpG content (50 kb),0.0019,0.00466,1.01339,1.01065,-2.47313e-05,0.000306347,-0.673207,7.77717,False,False,AFR.T2DGGI2024.AFA,external,AFR,T2DGGI2024,AFA,T2D,type2_diabetes_e11,0.18722,0.63008,128886.486,999166.0,0.0191894977173295,1.4387942875639497,0.0100143956515832,0.0100143956515832,row,1.0133900000000076,1.009626653912901,False,False,False,External AFR
AFR,T2DGGI2024.AFA.T2D,T2DGGI2024 AFA T2D,NA,NA,sumrhe,-1,33,GTEx_eQTL_MaxCPP,GTEx eQTL MaxCPP,-0.00166,0.08571,-0.66817,35.80627,-8.26156e-07,1.4784e-05,-0.398938,6.39263,False,False,AFR.T2DGGI2024.AFA,external,AFR,T2DGGI2024,AFA,T2D,type2_diabetes_e11,0.18722,0.63008,128886.486,999166.0,NA,-77.31195378680763,0.0132699374170725,0.0132699374170725,row,-0.6681700000000041,-0.7382663185545423,True,False,False,External AFR
AFR,T2DGGI2024.AFA.T2D,T2DGGI2024 AFA T2D,NA,NA,sumrhe,-1,34,BLUEPRINT_H3K27acQTL_MaxCPP,BLUEPRINT H3K27ac QTL,0.01329,0.08384,3.07194,11.08788,-1.32915e-08,3.00308e-06,-0.00783545,1.37601,False,False,AFR.T2DGGI2024.AFA,external,AFR,T2DGGI2024,AFA,T2D,type2_diabetes_e11,0.18722,0.63008,128886.486,999166.0,1.619150038146376,5.20727276247971,0.0231078750784893,0.0231078750784893,row,3.0719400000000023,2.025716303471518,False,False,False,External AFR
AFR,T2DGGI2024.AFA.T2D,T2DGGI2024 AFA T2D,NA,NA,sumrhe,-1,35,BLUEPRINT_H3K4me1QTL_MaxCPP,BLUEPRINT H3K4me1 QTL,0.01889,0.19822,5.4364,39.03682,1.16392e-06,1.621e-05,0.608438,6.20232,False,False,AFR.T2DGGI2024.AFA,external,AFR,T2DGGI2024,AFA,T2D,type2_diabetes_e11,0.18722,0.63008,128886.486,999166.0,2.4426516107752234,10.359470720711336,0.0185595872319503,0.0185595872319503,row,5.436400000000011,2.6862539873547555,False,False,False,External AFR
AFR,T2DGGI2024.AFA.T2D,T2DGGI2024 AFA T2D,NA,NA,sumrhe,-1,36,BLUEPRINT_DNA_methylation_MaxCPP,BLUEPRINT methylation QTL,0.04149,0.37694,5.1305,32.18797,1.34526e-06,1.49918e-05,1.08312,9.16469,False,False,AFR.T2DGGI2024.AFA,external,AFR,T2DGGI2024,AFA,T2D,type2_diabetes_e11,0.18722,0.63008,128886.486,999166.0,2.359099432532006,9.05124738237652,0.0431948034309021,0.0431948034309021,row,5.130500000000003,2.6160047440797287,False,False,False,External AFR
AFR,T2DGGI2024.AFA.T2D,T2DGGI2024 AFA T2D,NA,NA,sumrhe,-1,38,non_synonymous,Nonsynonymous,0.00649,0.04385,4.47207,15.92447,1.76424e-07,3.83954e-06,0.0825816,1.53318,False,False,AFR.T2DGGI2024.AFA,external,AFR,T2DGGI2024,AFA,T2D,type2_diabetes_e11,0.18722,0.63008,128886.486,999166.0,2.160942770440156,5.137252748231819,0.0077514662969254,0.0077514662969254,row,4.472070000000001,2.452086685634433,False,False,False,External AFR
AFR,T2DGGI2024.AFA.T2D,T2DGGI2024 AFA T2D,NA,NA,sumrhe,-1,45,Ancient_Sequence_Age_Human_Promoter_w_flanking,Ancient promoter age,0.01321,0.11402,5.64763,35.10357,-1.33784e-07,5.12802e-06,-0.0793102,2.39869,False,False,AFR.T2DGGI2024.AFA,external,AFR,T2DGGI2024,AFA,T2D,type2_diabetes_e11,0.18722,0.63008,128886.486,999166.0,2.49764557468374,8.967256416673646,0.0124935063014899,0.0124935063014899,row,5.6476300000000155,2.732840085474665,False,False,False,External AFR
