dataset_kind	pop	annotation	annotation_label	summit_tau_star	summit_tau_star_se	summit_tau_star_n	summit_tau_star_ivw_model_se	summit_tau_star_ivw_jackknife_se	summit_tau_star_gls_se	n_traits_ivw	n_traits_gls	summit_log2_enrichment	summit_log2_enrichment_se	summit_enrichment_n	summit_log2_enrichment_ivw_model_se	summit_log2_enrichment_ivw_jackknife_se	summit_log2_enrichment_gls_se	gazal_annotation	gazal_enrichment	gazal_enrichment_se	gazal_tau_star	gazal_tau_star_se	gazal_tau_star_p	gazal_log2_enrichment	gazal_log2_enrichment_se	summit_enrichment	summit_enrichment_se	summit_tau_star_ci_lo	summit_tau_star_ci_hi	summit_enrichment_ci_lo	summit_enrichment_ci_hi	enrichment_ratio_summit_over_gazal	log2_enrichment_diff_summit_minus_gazal	tau_star_diff_summit_minus_gazal
local	EUR_300k	Backgrd_Selection_Stat	Background selection	0.2568383827271151	0.06396138097898449	40	0.01414685628756342	0.06396138097898449	0.044455645299574575	40	40	0.4219924649390348	0.04781974801450663	40	0.013623576132723986	0.04781974801450663	0.043537137385130945	Background Selection Statistic	NA	NA	0.112482324267374	0.0143667528306846	4.90401945857101e-15	NA	NA	1.339776604881946	0.044408400823023844	0.13147407600830552	0.3822026894459247	1.2555032462153293	1.4297066585848845	NA	NA	0.14435605845974112
local	SAS	Backgrd_Selection_Stat	Background selection	0.01886636763751366	0.06164735254672083	40	0.0463581663690166	0.06164735254672083	0.05237522120091852	40	40	0.3405759163630926	0.07187008881250057	39	0.052610347945806296	0.07187008881250057	0.06783508676334575	Background Selection Statistic	NA	NA	0.112482324267374	0.0143667528306846	4.90401945857101e-15	NA	NA	1.2662619782915419	0.06308080242906307	-0.10196244335405917	0.13969517862908648	1.1484679069594248	1.3961377483432438	NA	NA	-0.09361595662986034
local	AFR	Backgrd_Selection_Stat	Background selection	-0.1563387110855645	3.612914732803521	40	0.10027208982452805	3.612914732803521	0.14373975474034875	40	40	0.24981101832014657	2.1047659958721083	31	0.11118181943905772	2.1047659958721083	0.457440102061768	Background Selection Statistic	NA	NA	0.112482324267374	0.0143667528306846	4.90401945857101e-15	NA	NA	1.1890513484456293	1.734722013054217	-7.237651587380466	6.924974165209337	0.0681316835331762	20.751624441393837	NA	NA	-0.2688210353529385
external	EUR_300k	Backgrd_Selection_Stat	Background selection	0.0738487823517062	0.04536331956291049	20	0.023387320633148058	0.04536331956291049	0.04007892481908202	20	20	0.25144971661364746	0.052167581574488316	20	0.023445362019463904	0.052167581574488316	0.052480886826534484	Background Selection Statistic	NA	NA	0.112482324267374	0.0143667528306846	4.90401945857101e-15	NA	NA	1.190402710575618	0.04304473831987415	-0.015063323991598362	0.16276088869501076	1.1089553326735722	1.2778320024210557	NA	NA	-0.03863354191566781
external	SAS	Backgrd_Selection_Stat	Background selection	-0.025294888671621548	0.05398703216588826	9	0.028762494662928	0.05398703216588826	0.0528524989946449	9	9	0.1620931530337178	0.07989640527769336	9	0.03236172725913245	0.07989640527769336	0.07804983146980636	Background Selection Statistic	NA	NA	0.112482324267374	0.0143667528306846	4.90401945857101e-15	NA	NA	1.118909345295304	0.061965163799015614	-0.13110947171676254	0.08051969437351944	1.0038169406599031	1.2471976435924028	NA	NA	-0.13777721293899556
external	AFR	Backgrd_Selection_Stat	Background selection	-0.04538763786293832	1.078946398415627	16	0.4171653921223406	1.078946398415627	0.5973952646673951	16	16	0.1462569443801029	2.02765698170764	16	0.33778470420173023	2.02765698170764	0.47127043402383756	Background Selection Statistic	NA	NA	0.112482324267374	0.0143667528306846	4.90401945857101e-15	NA	NA	1.106694438122449	1.5554199886160875	-2.160122578757567	2.0693473030316905	0.07041610606922431	17.39335853316172	NA	NA	-0.15786996213031232
local	EUR_300k	Conserved_LindbladToh_w_flanking	Conserved (LindbladToh)	-0.014331152099344595	0.057729187514444356	40	0.021154279782241703	0.057729187514444356	0.04535303090066165	40	40	0.36528780173613606	0.03424858822196038	40	0.014521709533523898	0.03424858822196038	0.03152022102093512	Conserved (Lindblad-Toh) + 500bp	1.66870682581004	0.0472894815069111	-0.153462227895468	0.0527666230714455	0.00363376238045056	0.7387305106605564	0.04088453370058751	1.2881385733071011	0.03057952396012559	-0.12748035962765553	0.09881805542896635	1.2295757087421861	1.349490700120501	0.7719382178962445	-0.37344270892442033	0.1391310757961234
local	SAS	Conserved_LindbladToh_w_flanking	Conserved (LindbladToh)	0.038306610149818676	0.3560157082931164	40	0.12359113092455307	0.3560157082931164	0.14641287371706246	40	40	0.451598052268366	0.10338798898883736	39	0.07997780520597524	0.10338798898883736	0.10101501344611195	Conserved (Lindblad-Toh) + 500bp	1.66870682581004	0.0472894815069111	-0.153462227895468	0.0527666230714455	0.00363376238045056	0.7387305106605564	0.04088453370058751	1.3675542379883523	0.098003166637113	-0.6594841781046894	0.7360973984043269	1.1883481745900943	1.5737850520829104	0.8195293606020343	-0.28713245839219037	0.1917688380452867
local	AFR	Conserved_LindbladToh_w_flanking	Conserved (LindbladToh)	0.421631267881527	5.185626085044079	40	0.4927252932589959	5.185626085044079	0.8236053062493667	40	40	1.1710752035435026	1.1724196784674954	26	0.18366338394705975	1.1724196784674954	0.38060867911505114	Conserved (Lindblad-Toh) + 500bp	1.66870682581004	0.0472894815069111	-0.153462227895468	0.0527666230714455	0.00363376238045056	0.7387305106605564	0.04088453370058751	2.2517945487882467	1.8299419946979394	-9.74219585880487	10.585458394567922	0.45790893899856533	11.073334145958547	1.3494249043388185	0.4323446928829462	0.575093495776995
external	EUR_300k	Conserved_LindbladToh_w_flanking	Conserved (LindbladToh)	0.0005450352326988508	0.06287895542369737	20	0.03731001454905225	0.06287895542369737	0.05924807794391069	20	20	0.3009099402685578	0.04466439444875321	20	0.024169590190176532	0.04466439444875321	0.041364714507726656	Conserved (Lindblad-Toh) + 500bp	1.66870682581004	0.0472894815069111	-0.153462227895468	0.0527666230714455	0.00363376238045056	0.7387305106605564	0.04088453370058751	1.2319211687989349	0.0381390463358774	-0.122697717397748	0.12378778786314569	1.159391430410417	1.3089882556728083	0.7382490139937695	-0.4378205703919986	0.15400726312816687
external	SAS	Conserved_LindbladToh_w_flanking	Conserved (LindbladToh)	0.12082812694157022	0.10503932091972489	9	0.0556361550372256	0.10503932091972489	0.0862755056413448	9	9	0.17745293688052982	0.07323811533807702	9	0.048131612364438546	0.07323811533807702	0.07258738792387981	Conserved (Lindblad-Toh) + 500bp	1.66870682581004	0.0472894815069111	-0.153462227895468	0.0527666230714455	0.00363376238045056	0.7387305106605564	0.04088453370058751	1.1308855550903547	0.05740917128739695	-0.08504894206109057	0.326705195944231	1.0237803567973738	1.2491958164861914	0.6777017613872283	-0.5612775737800266	0.27429035483703823
external	AFR	Conserved_LindbladToh_w_flanking	Conserved (LindbladToh)	0.28983770898745054	37.243383007485825	16	0.44491978815184596	37.243383007485825	0.518141761905801	16	16	0.5005782852676484	6.369289078523573	16	0.15880930051626213	6.369289078523573	0.19581307000087428	Conserved (Lindblad-Toh) + 500bp	1.66870682581004	0.0472894815069111	-0.153462227895468	0.0527666230714455	0.00363376238045056	0.7387305106605564	0.04088453370058751	1.4147805448420838	6.246050632584003	-72.70719298568477	73.28686840365967	0.00024699538242691074	8103.81137653845	0.847830501415554	-0.23815222539290803	0.4432999368829186
local	EUR_300k	GERP.NS	GERP.NS	0.17842727131882696	0.08638275509138404	40	0.01717181147985324	0.08638275509138404	0.06389702274894564	40	40	0.23075945302438758	0.0375988301176589	40	0.009604119400391452	0.0375988301176589	0.033191274820634775	Conserved (GERP NS)	NA	NA	0.503107130341549	0.0723996576763886	3.67815800022193e-12	NA	NA	1.1734525070015627	0.030581959604371038	0.009117071339714233	0.3477374712979397	1.115017030736008	1.2349504520835157	NA	NA	-0.324679859022722
local	SAS	GERP.NS	GERP.NS	0.2164728328280766	0.12381932012838985	40	0.10467575597480755	0.12381932012838985	0.11261390314469441	40	40	0.32007759329082675	0.053592562141098886	38	0.045205579917085785	0.053592562141098886	0.05219349806016006	Conserved (GERP NS)	NA	NA	0.503107130341549	0.0723996576763886	3.67815800022193e-12	NA	NA	1.2483976903815674	0.046374894833874865	-0.0262130346235675	0.4591587002797207	1.1607330161135563	1.3426832628301508	NA	NA	-0.28663429751347236
local	AFR	GERP.NS	GERP.NS	0.28922080063812483	12.288474776580546	40	0.37949066888004274	12.288474776580546	0.6258590892931885	40	40	0.44647492406342243	3.02469483047402	31	0.12746175529906917	3.02469483047402	0.4287245543368349	Conserved (GERP NS)	NA	NA	0.503107130341549	0.0723996576763886	3.67815800022193e-12	NA	NA	1.3627065532831717	2.8569942713803993	-23.796189761459747	24.374631362735993	0.022375644628197612	82.99064367606036	NA	NA	-0.21388632970342414
external	EUR_300k	GERP.NS	GERP.NS	0.008798771542849172	0.15716214077754734	20	0.0539702721119166	0.15716214077754734	0.10966290768416108	20	20	0.14265809031751336	0.0506486774704238	20	0.02466090857169351	0.0506486774704238	0.04568922708358237	Conserved (GERP NS)	NA	NA	0.503107130341549	0.0723996576763886	3.67815800022193e-12	NA	NA	1.1039371899637507	0.03875590966724845	-0.2992390243811436	0.31683656746684197	1.0305301273998855	1.1825732086648335	NA	NA	-0.4943083587986998
external	SAS	GERP.NS	GERP.NS	-0.08822386543004869	0.0829821956469496	9	0.04911891654532473	0.0829821956469496	0.08175087833294134	9	9	-0.009293570446801043	0.04854736776008275	9	0.026605933815488033	0.04854736776008275	0.04745042451171919	Conserved (GERP NS)	NA	NA	0.503107130341549	0.0723996576763886	3.67815800022193e-12	NA	NA	0.9935788918384403	0.03343439777197423	-0.2508689688980699	0.07442123803797253	0.9301617944103077	1.061319676038463	NA	NA	-0.5913309957715976
external	AFR	GERP.NS	GERP.NS	0.32077087210342325	1.4455116454493768	16	0.7573172671456718	1.4455116454493768	1.0920879125304759	16	16	0.2894425056389027	0.7105432331494941	16	0.19397014369759397	0.7105432331494941	0.2791996406594969	Conserved (GERP NS)	NA	NA	0.503107130341549	0.0723996576763886	3.67815800022193e-12	NA	NA	1.222167909408168	0.6019311865571694	-2.512431952977355	3.1539736971842016	0.4654757029700615	3.208963194547673	NA	NA	-0.18233625823812571
local	EUR_300k	CpG_Content_50kb	CpG content (50 kb)	0.14440583926731126	0.054080482781236526	40	0.016868509695497455	0.054080482781236526	0.042116332177398644	40	40	0.19662265088861586	0.029381427658840484	40	0.008775002831467135	0.029381427658840484	0.027816264923875938	CpG-Content (50kb)	NA	NA	0.226793767914728	0.0323904944072671	2.52583038910342e-12	NA	NA	1.1460123972717216	0.023339291667506996	0.03840809301608768	0.25040358551853487	1.1011683524908864	1.192682673570886	NA	NA	-0.08238792864741673
local	SAS	CpG_Content_50kb	CpG content (50 kb)	0.131820691565478	0.13861341129953927	40	0.07348694156211066	0.13861341129953927	0.05244219863089683	40	40	0.19249892421517406	0.04614799131681606	39	0.03460968013655926	0.04614799131681606	0.0409546593734644	CpG-Content (50kb)	NA	NA	0.226793767914728	0.0323904944072671	2.52583038910342e-12	NA	NA	1.142741370385522	0.036553268253714265	-0.139861594581619	0.403502977712575	1.073296636217071	1.2166793368450242	NA	NA	-0.09497307634925001
local	AFR	CpG_Content_50kb	CpG content (50 kb)	0.40902107185181896	2.956553314256071	40	0.23367073778341318	2.956553314256071	0.49914675168701467	40	40	0.32580380991008356	0.5422481396002348	32	0.06720587844928143	0.5422481396002348	0.1558809709638193	CpG-Content (50kb)	NA	NA	0.226793767914728	0.0323904944072671	2.52583038910342e-12	NA	NA	1.2533625658207665	0.4710860578976616	-5.38582342409008	6.203865567793717	0.5999846333150273	2.618263259045821	NA	NA	0.18222730393709097
external	EUR_300k	CpG_Content_50kb	CpG content (50 kb)	0.1263710651691441	0.06655545376046006	20	0.030001974947711122	0.06655545376046006	0.056326159063526886	20	20	0.22706883580762074	0.03337291709178136	20	0.014535073675507796	0.03337291709178136	0.031199727091740053	CpG-Content (50kb)	NA	NA	0.226793767914728	0.0323904944072671	2.52583038910342e-12	NA	NA	1.1704544864421627	0.027075355101843855	-0.004077624201357627	0.2568197545396458	1.1185718417078017	1.2247436005013028	NA	NA	-0.1004227027455839
external	SAS	CpG_Content_50kb	CpG content (50 kb)	0.29285788968125154	0.08301726054925718	9	0.04522123603452064	0.08301726054925718	0.0798144700143983	9	9	0.32277811098000686	0.050877366502117584	9	0.02241736241192655	0.050877366502117584	0.050281279513648615	CpG-Content (50kb)	NA	NA	0.226793767914728	0.0323904944072671	2.52583038910342e-12	NA	NA	1.2507366998279548	0.044107859021672115	0.13014405900470746	0.4555717203577956	1.1672054078615226	1.3402459256615415	NA	NA	0.06606412176652354
external	AFR	CpG_Content_50kb	CpG content (50 kb)	0.5053560233973178	1.6420724974983212	16	0.7985335298186745	1.6420724974983212	1.1817484241205276	16	16	0.29325803579207915	0.7630202597226626	16	0.13242219869036925	0.7630202597226626	0.17660207583391513	CpG-Content (50kb)	NA	NA	0.226793767914728	0.0323904944072671	2.52583038910342e-12	NA	NA	1.2254044842080576	0.6480984693962847	-2.7131060716993916	3.723818118494027	0.4345934471685719	3.4552204127798607	NA	NA	0.2785622554825898
local	EUR_300k	Coding_UCSC_w_flanking	Coding	-0.21545321042159649	0.04952325426415087	40	0.014758348876491835	0.04952325426415087	0.04183981348467721	40	40	0.6759822208711428	0.07016831208933777	40	0.027954410675185993	0.07016831208933777	0.062496626040708436	Coding + 500bp	1.52342136373892	0.196635568166618	-0.318140272476969	0.0593489603365953	8.29906064145634e-08	0.6073150326323159	0.18621582039529594	1.5976841436316898	0.07770651207164095	-0.3125187887793322	-0.11838763206386078	1.4524135847619777	1.7574846790147909	1.0487473667236142	0.06866718823882689	0.10268706205537254
local	SAS	Coding_UCSC_w_flanking	Coding	0.07520049540116186	0.13966418660666066	40	0.10928647207975936	0.13966418660666066	0.1043462450925414	40	40	1.2410113694354572	0.16834886139907948	37	0.12055836302588518	0.16834886139907948	0.15672885447562807	Coding + 500bp	1.52342136373892	0.196635568166618	-0.318140272476969	0.0593489603365953	8.29906064145634e-08	0.6073150326323159	0.18621582039529594	2.363641720928046	0.27581462554165864	-0.19854131034789302	0.34894230115021674	1.8804104473167884	2.9710546401630893	1.5515351019674428	0.6336963368031413	0.3933407678781309
local	AFR	Coding_UCSC_w_flanking	Coding	-0.46098405522145836	5.352387350433703	40	0.3299643640457951	5.352387350433703	0.6991769047845651	40	40	2.6072110685889314	1.3488430927092008	24	0.2783519953599984	1.3488430927092008	0.5473061066289001	Coding + 500bp	1.52342136373892	0.196635568166618	-0.318140272476969	0.0593489603365953	8.29906064145634e-08	0.6073150326323159	0.18621582039529594	6.0932463452790175	5.69686109126769	-10.951663262071516	10.029695151628598	0.9750030296341768	38.079523751004636	3.9997117608515187	1.9998960359566156	-0.14284378274448933
external	EUR_300k	Coding_UCSC_w_flanking	Coding	-0.05654406931180238	0.03815414057192426	20	0.025590919053905474	0.03815414057192426	0.03665005302386974	20	20	0.6770512967771963	0.07339599920806542	20	0.047253696635561775	0.07339599920806542	0.07269074528400359	Coding + 500bp	1.52342136373892	0.196635568166618	-0.318140272476969	0.0593489603365953	8.29906064145634e-08	0.6073150326323159	0.18621582039529594	1.5988685094091286	0.08134120415225367	-0.13132618483277392	0.018238046209169176	1.447130610916123	1.7665167823115993	1.0495248048018964	0.06973626414488043	0.26159620316516663
external	SAS	Coding_UCSC_w_flanking	Coding	0.14244751399685066	0.10701491127520203	9	0.06445796320191019	0.10701491127520203	0.1038942006941731	9	9	0.7644989424136839	0.13736362954032053	9	0.08641728111144024	0.13736362954032053	0.13306404710459827	Coding + 500bp	1.52342136373892	0.196635568166618	-0.318140272476969	0.0593489603365953	8.29906064145634e-08	0.6073150326323159	0.18621582039529594	1.6987798982493243	0.1617462914892097	-0.06730171210254532	0.35219674009624663	1.4095808489122232	2.0473129618091823	1.1151083598302858	0.15718390978136798	0.4605877864738197
external	AFR	Coding_UCSC_w_flanking	Coding	-0.17250107569559783	4.702564480670343	16	0.5810016251239988	4.702564480670343	0.8641143066223539	16	16	0.8595811778768723	0.600346360967102	16	0.33420513416410425	0.600346360967102	0.4184271760226789	Coding + 500bp	1.52342136373892	0.196635568166618	-0.318140272476969	0.0593489603365953	8.29906064145634e-08	0.6073150326323159	0.18621582039529594	1.8145114717348698	0.7550697327675434	-9.38952745780947	9.044525306418274	0.8026830345716557	4.101808234696812	1.1910765563123848	0.2522661452445564	0.1456391967813712
local	EUR_300k	Promoter_UCSC_w_flanking	Promoter	-0.14749706649780292	0.06199028474088069	40	0.01687721884713525	0.06199028474088069	0.05261125169835445	40	40	0.6651856393034058	0.15076779965108483	40	0.04143343801389534	0.15076779965108483	0.14120510555210333	Promoter + 500bp	1.50020465453808	0.184094279859845	-0.385897855030227	0.149313632385425	0.0097526418206627	0.5851593233527023	0.17703711544049325	1.5857723099155105	0.165719985955078	-0.26899802458992905	-0.025996108405676774	1.2920668828693147	1.946241214162533	1.0570373216204807	0.08002631595070353	0.23840078853242408
local	SAS	Promoter_UCSC_w_flanking	Promoter	-0.12568835203859485	0.11536609422306414	40	0.08025416720198701	0.11536609422306414	0.10175689954756996	40	40	1.4258163345641344	0.20331004120759827	33	0.150395964357533	0.20331004120759827	0.19285611446674814	Promoter + 500bp	1.50020465453808	0.184094279859845	-0.385897855030227	0.149313632385425	0.0097526418206627	0.5851593233527023	0.17703711544049325	2.6866647979536786	0.3786149638709448	-0.35180589671580054	0.10042919263861086	2.0382466640542303	3.5413612414338447	1.79086552613111	0.8406570112114321	0.26020950299163215
local	AFR	Promoter_UCSC_w_flanking	Promoter	0.30293602369308636	4.030909359997019	40	0.28832839808918087	4.030909359997019	0.7757014297710191	40	40	2.60065151522965	0.9923443378200376	20	0.2893280368856262	0.9923443378200376	0.46109180081806167	Promoter + 500bp	1.50020465453808	0.184094279859845	-0.385897855030227	0.149313632385425	0.0097526418206627	0.5851593233527023	0.17703711544049325	6.065604850179731	4.1721697641801745	-7.597646321901071	8.203518369287243	1.575332770452323	23.354787565271025	4.043184929357094	2.0154921918769477	0.6888338787233134
external	EUR_300k	Promoter_UCSC_w_flanking	Promoter	-0.08573937435299492	0.04768178120079689	20	0.022512739444146668	0.04768178120079689	0.043299006862632904	20	20	0.6367573116338051	0.14672569064918656	20	0.06618551318321823	0.14672569064918656	0.14132352263462766	Promoter + 500bp	1.50020465453808	0.184094279859845	-0.385897855030227	0.149313632385425	0.0097526418206627	0.5851593233527023	0.17703711544049325	1.554830498111536	0.158130146851591	-0.17919566550655683	0.007716916800566992	1.273831945620552	1.8978153956408075	1.0364122610926543	0.05159798828110285	0.30015848067723205
external	SAS	Promoter_UCSC_w_flanking	Promoter	-0.0103462521629411	0.06074719411989225	9	0.03960741418810648	0.06074719411989225	0.05930072126925988	9	9	0.7805223077173304	0.20133180172492635	9	0.10976159111075191	0.20133180172492635	0.19620241450594456	Promoter + 500bp	1.50020465453808	0.184094279859845	-0.385897855030227	0.149313632385425	0.0097526418206627	0.5851593233527023	0.17703711544049325	1.7177526488229777	0.23971679800895088	-0.12941075263792992	0.10871824831204771	1.3066855261941397	2.2581364095556395	1.1450122112518586	0.19536298436462818	0.3755516028672859
external	AFR	Promoter_UCSC_w_flanking	Promoter	0.01984468899865581	1.7749665591147212	16	0.3655088710646828	1.7749665591147212	0.48240360074107513	16	16	1.0608961529359602	2.3747782549167935	16	0.5676426967880798	2.3747782549167935	0.7521557145540111	Promoter + 500bp	1.50020465453808	0.184094279859845	-0.385897855030227	0.149313632385425	0.0097526418206627	0.5851593233527023	0.17703711544049325	2.0862270123231856	3.434077475328647	-3.4590897668661977	3.4987791448635095	0.08283192764377688	52.544269712814256	1.3906282759571524	0.4757368295832579	0.4057425440288828
local	EUR_300k	DHS_Trynka_w_flanking	DHS + flank	-0.03918491560588045	0.04100869659048064	40	0.01241939893193037	0.04100869659048064	0.032760850716453925	40	40	0.22097954291988958	0.03862225858668799	40	0.010272480643347513	0.03862225858668799	0.033924781820880816	DHS + 500bp	1.29973648912821	0.0542028409752128	-0.0770605235504763	0.0701738132729631	0.272144280430568	0.3782191583590425	0.06016463377856195	1.1655246711486484	0.03120215566176065	-0.1195619609232225	0.0411921297114616	1.1059452113664465	1.2283137944760754	0.8967392089841355	-0.15723961543915294	0.037875607944595845
local	SAS	DHS_Trynka_w_flanking	DHS + flank	0.026992472227954995	0.16381125349232684	40	0.11677030062533042	0.16381125349232684	0.1358308966413529	40	40	0.38031485491197103	0.08169114431945856	38	0.06514462239239553	0.08169114431945856	0.07935116321873384	DHS + 500bp	1.29973648912821	0.0542028409752128	-0.0770605235504763	0.0701738132729631	0.272144280430568	0.3782191583590425	0.06016463377856195	1.301625892315494	0.07370324677457099	-0.2940775846170056	0.34806252907291557	1.1648952352363713	1.454405436899505	1.0014536817294029	0.0020956965529285165	0.10405299577843129
local	AFR	DHS_Trynka_w_flanking	DHS + flank	0.29063100041520284	21.530529882374264	40	0.48779783218823675	21.530529882374264	1.1147548320349283	40	40	0.8678357064069024	3.0919646068353877	24	0.2350075777632168	3.0919646068353877	0.6901452532230516	DHS + 500bp	1.29973648912821	0.0542028409752128	-0.0770605235504763	0.0701738132729631	0.272144280430568	0.3782191583590425	0.06016463377856195	1.8249231436609703	3.9111507355827753	-41.90920756903835	42.49046956986876	0.027348112530752765	121.77602664624435	1.4040716398483404	0.4896165480478599	0.36769152396567917
external	EUR_300k	DHS_Trynka_w_flanking	DHS + flank	0.004411612954067164	0.03502837555290448	20	0.02398441966586676	0.03502837555290448	0.0008504169348296256	20	20	0.2325522047249321	0.03360100352679283	20	0.018013568208057204	0.03360100352679283	0.03113675724339241	DHS + 500bp	1.29973648912821	0.0542028409752128	-0.0770605235504763	0.0701738132729631	0.272144280430568	0.3782191583590425	0.06016463377856195	1.1749115933203214	0.027364208978288385	-0.06424400312962561	0.07306722903775995	1.122483499731591	1.2297884578691647	0.9039613822863325	-0.14566695363411042	0.08147213650454346
external	SAS	DHS_Trynka_w_flanking	DHS + flank	-0.06384484340693239	0.07302696812479441	9	0.0513310612714776	0.07302696812479441	0.07148794875775048	9	9	0.07058030868814716	0.053107020822835846	9	0.03595897394979485	0.053107020822835846	0.051719894484866705	DHS + 500bp	1.29973648912821	0.0542028409752128	-0.0770605235504763	0.0701738132729631	0.272144280430568	0.3782191583590425	0.06016463377856195	1.0501390058912923	0.038656647782179004	-0.20697770093152942	0.07928801411766465	0.9770406876967062	1.1287062510099695	0.8079630099449362	-0.3076388496708954	0.013215680143543906
external	AFR	DHS_Trynka_w_flanking	DHS + flank	-0.22710667743641447	6.068018138469884	16	1.8466999287215478	6.068018138469884	2.3337570814390873	16	16	-0.03656111567317302	3.732790972432446	16	0.32673055685646774	3.732790972432446	0.4768273655160276	DHS + 500bp	1.29973648912821	0.0542028409752128	-0.0770605235504763	0.0701738132729631	0.272144280430568	0.3782191583590425	0.06016463377856195	0.9749761846847321	2.5226275805906107	-12.120422228837386	11.666208873964559	0.006117545230543194	155.38562035576354	0.7501337331374694	-0.4147802740322155	-0.15004615388593817
local	EUR_300k	CTCF_Hoffman_w_flanking	CTCF Hoffman + flank	-0.03153459936056023	0.021330158908860867	40	0.008680194899899185	0.021330158908860867	0.018822348052594938	40	40	0.21666424770312953	0.07831904735027734	40	0.035204041996326166	0.07831904735027734	0.07589131801461627	CTCF + 500bp	0.729842834861012	0.136081604203005	-0.0802111415169019	0.0793036030514445	0.311804043155665	-0.4543422689470787	0.26899524961052357	1.1620436385602455	0.06308342939572979	-0.07334171082192753	0.010272512100807069	1.044750837306767	1.2925047482128376	1.5921833894300543	0.6710065166502082	0.048676542156341665
local	EUR_300k	DGF_ENCODE_w_flanking	DGF ENCODE + flank	0.0021765182824000843	0.04343613496270106	40	0.012083505449888352	0.04343613496270106	0.037470271820865826	40	40	0.2450769847883814	0.044844163078432066	40	0.011339312381038403	0.044844163078432066	0.03925889202555208	DGF + 500bp	1.36727350087271	0.0729571645117499	0.0292772314871247	0.0738911362842639	0.691941885034106	0.45130185953915075	0.07698162757578438	1.1851560112992798	0.036838921558460844	-0.08295830624449399	0.08731134280929415	1.115107212312092	1.2596051353721365	0.8668024433610486	-0.20622487475076934	-0.027100713204724614
local	EUR_300k	DHS_peaks_Trynka	DHS peaks	0.012520164601140396	0.022999315221593507	40	0.009305309188298512	0.022999315221593507	0.019452194204742906	40	40	0.4866273024254528	0.06070930655709531	40	0.01851497524071868	0.06070930655709531	0.05672028254231171	DHS Peaks	2.27239465656806	0.296444704620544	0.0255729681423169	0.152928542913505	0.867195625000677	1.1842134156649289	0.18820643853289357	1.4011654332686587	0.05896172054012015	-0.03255849323318288	0.057598822435463666	1.2902378648072585	1.5216299450956117	0.6166030311762849	-0.6975861132394761	-0.013052803541176503
local	EUR_300k	Enhancer_Andersson_w_flanking	Enhancer Andersson + flank	-0.04298157857814138	0.018543950151548444	40	0.007747388388902199	0.018543950151548444	0.016528364819383915	40	40	0.5796783936772051	0.10001062964093228	40	0.048493141465735884	0.10001062964093228	0.09376128832108409	FANTOM5 Enhancer + 500bp	1.72281157302497	0.489794086297467	-0.0416530760046012	0.0724628501609502	0.56541322132736	0.7847649200609099	0.41015715846242173	1.4945160532086745	0.10360297031157836	-0.07932772087517634	-0.006635436281106431	1.3046452382383715	1.7120196110280341	0.8674866576293967	-0.20508652638370484	-0.0013285025735401829
local	EUR_300k	Enhancer_Hoffman_w_flanking	Enhancer Hoffman + flank	-0.01483953880716751	0.035116609869146304	40	0.013364344457092238	0.035116609869146304	0.02698010172778956	40	40	0.7942305242508318	0.058337661673323854	40	0.024781551938467653	0.058337661673323854	0.05602193657344324	Enhancer + 500bp	2.11280059754916	0.207380808044037	-0.0551098583514574	0.0765334777317478	0.471478703487278	1.0791566146454208	0.14160695698767514	1.7341522002767098	0.07012319407950268	-0.08366809415069426	0.053989016536359236	1.6020161674057745	1.8771869566050636	0.8207836566727211	-0.28492609039458894	0.04027031954428989
local	EUR_300k	FetalDHS_Trynka_w_flanking	FetalDHS Trynka + flank	-0.008037184552450435	0.03127093656213857	40	0.010780721888169992	0.03127093656213857	0.0280563996352972	40	40	0.3590540511819649	0.045645234536686806	40	0.013861694748272096	0.045645234536686806	0.043069632731266176	Fetal DHS + 500bp	1.58073635419153	0.10205530915673	-0.0871380184060348	0.0680130829243281	0.200125199318936	0.6605967654077292	0.09314310259670582	1.2825846544404924	0.040579523534660496	-0.06932822021424204	0.053253851109341166	1.2054646889884042	1.3646383928397767	0.8113842963373056	-0.3015427142257643	0.07910083385358437
local	EUR_300k	H3K27ac_Hnisz_w_flanking	H3K27ac Hnisz + flank	0.04337280612595426	0.03437952493705693	40	0.012078578619661036	0.03437952493705693	0.030122236583949327	40	40	0.4259075095495712	0.03383075295822892	40	0.013512234967305262	0.03383075295822892	0.0313988583275278	H3K27ac (Hnisz) + 500bp	1.53435439316762	0.0658422707796821	0.250413669294324	0.160483288241188	0.118671939013909	0.6176317437372163	0.061908981365518534	1.3434172971560778	0.03150272054161502	-0.02401106275067731	0.11075667500258583	1.2830694242035736	1.4066035712903047	0.8755586734969623	-0.19172423418764512	-0.20704086316836975
local	EUR_300k	H3K27ac_PGC2_w_flanking	H3K27ac PGC2 + flank	0.01808868593680797	0.02767281354698777	40	0.010200745381308917	0.02767281354698777	0.024306291819944408	40	40	0.5344576974291066	0.03947808618888827	40	0.013870347546921343	0.03947808618888827	0.03714645939090304	H3K27ac (PGC2) + 500bp	1.70848255771173	0.08600623021043	0.240523484538728	0.106700214051175	0.0241836701141652	0.7727155190395014	0.07262629709040196	1.4483976060751558	0.03963413189053533	-0.03615002861528805	0.07232740048890399	1.372761168215958	1.5282014627574423	0.8477684478178571	-0.23825782161039477	-0.22243479860192
local	EUR_300k	H3K4me1_peaks_Trynka	H3K4me1 peaks Trynka	-0.00553770739245297	0.026538634667678182	40	0.009038314382848675	0.026538634667678182	0.02133698576225276	40	40	0.5215273819283128	0.044965561914386616	40	0.017207204346705363	0.044965561914386616	0.04285398038520032	H3K4me1 Peaks	2.25366983109287	0.138429013630545	0.190454717206284	0.114969516745475	0.0976070316079179	1.1722761721492967	0.08861584280208978	1.435474181026932	0.044740503941635	-0.057553431341102204	0.04647801655619627	1.3504075550782118	1.525899434319736	0.6369496370862936	-0.6507487902209839	-0.19599242459873698
local	EUR_300k	H3K4me1_Trynka_w_flanking	H3K4me1 Trynka + flank	0.06127017118295115	0.09659373266998317	40	0.013501759454251878	0.09659373266998317	0.06231687427915625	40	40	0.26867228660603765	0.055721413177118206	40	0.010864410239837991	0.055721413177118206	0.04660112440115068	H3K4me1 + 500bp	1.33770427368251	0.0367216864114438	-0.126201731685396	0.0782583063339563	0.106824808014819	0.4197592145988015	0.039603816718794024	1.2046986322625797	0.04652924446239837	-0.12805354485021586	0.25059388721611814	1.11686771326385	1.2994366094925995	0.9005717152612628	-0.15108692799276385	0.18747190286834714
local	EUR_300k	H3K4me3_peaks_Trynka	H3K4me3 peaks Trynka	-0.05102211590887054	0.024293182174170168	40	0.009715211512458357	0.024293182174170168	0.021316872144820333	40	40	0.7548972973686816	0.0661709462046019	40	0.029914170667777438	0.0661709462046019	0.0640241612636892	H3K4me3 Peaks	2.93586032995793	0.291530168056517	0.0662537644826676	0.0846047197200218	0.433569720464132	1.5537833353234722	0.14325924276196414	1.687511457351999	0.07739974609969057	-0.09863675297024407	-0.0034074788474970155	1.5424270338936508	1.84624287315922	0.5747928265293808	-0.7988860379547906	-0.11727588039153813
local	EUR_300k	H3K4me3_Trynka_w_flanking	H3K4me3 Trynka + flank	0.006903877943294776	0.03968902377879635	40	0.01381774669232427	0.03968902377879635	0.03285205978546183	40	40	0.47639791581943947	0.04102425463580008	40	0.01716102056917309	0.04102425463580008	0.036106005653989706	H3K4me3 + 500bp	1.75573209547244	0.11726176232079	-0.0372816758989572	0.0716874725741131	0.603022836669529	0.8120727229940478	0.09635465651186506	1.39126564965722	0.039561816364469246	-0.07088660866314607	0.08469436454973563	1.3158457478609449	1.4710083693796892	0.7924134059204814	-0.3356748071746083	0.04418555384225198
local	EUR_300k	H3K9ac_peaks_Trynka	H3K9ac peaks Trynka	0.043158888143129015	0.024325778158329148	40	0.011072027927859971	0.024325778158329148	0.020871775117308398	40	40	1.041801637033337	0.06376832857136361	40	0.027871015234126318	0.06376832857136361	0.062215392447504896	H3K9ac Peaks	3.26117151146855	0.366269650703148	0.105892050119378	0.0988909531031699	0.284261106295447	1.7053903172710985	0.16203238831177322	2.0587970736565575	0.09100055419459754	-0.004519637047196115	0.09083741333345415	1.8879436607662072	2.2451122237284267	0.6313059789760805	-0.6635886802377615	-0.06273316197624898
local	EUR_300k	H3K9ac_Trynka_w_flanking	H3K9ac Trynka + flank	0.04946733351630162	0.04123640752378143	40	0.01324115649828362	0.04123640752378143	0.03498108554669435	40	40	0.6596861122529551	0.044800045566548895	40	0.01726192317556346	0.044800045566548895	0.04056820088974104	H3K9ac + 500bp	1.91451350199929	0.127094283153002	-0.097630794797132	0.0748614929084641	0.192181629569072	0.936977834749959	0.095772786056978	1.579738881902792	0.04905567142511656	-0.03135602523030998	0.13029069226291323	1.4864573020465117	1.6788742815280648	0.8251385431615399	-0.27729172249700385	0.14709812831343363
local	EUR_300k	Intron_UCSC_w_flanking	Intron UCSC + flank	0.0004117728159664909	0.04787335274033042	40	0.01140121703947782	0.04787335274033042	0.03685204475242493	40	40	0.3170623478899395	0.04523119000152401	40	0.012134242176641085	0.04523119000152401	0.0418603234091713	Intron + 500bp	1.17743270054051	0.0248979354132686	-1.16366492588207	0.448323300411899	0.0094427779919018	0.2356446009240821	0.030507160139689415	1.2457912528499708	0.039057887677476616	-0.09341999855508114	0.09424354418701412	1.1715424380784774	1.3247457328332286	1.0580572904745045	0.08141774696585738	1.1640766986980364
local	EUR_300k	PromoterFlanking_Hoffman_w_flanking	Promoter flank	-0.03759104046807503	0.027785952363898744	40	0.010479300583525104	0.027785952363898744	0.02326017485923573	40	40	0.7001884269736921	0.09959032763903648	40	0.041502629268375654	0.09959032763903648	0.09334676174305258	Promoter Flanking + 500bp	1.3734760702137	0.24075296709515	-0.144966177667928	0.0619518925216104	0.0192847824086054	0.45783177485878584	0.2528861763521187	1.624716979282442	0.11215543943905287	-0.09205150710131657	0.016869426165166505	1.4191148817875565	1.8601068149208735	1.1829233974419746	0.24235665211490626	0.10737513719985296
local	EUR_300k	Repressed_Hoffman_w_flanking	Repressed Hoffman + flank	-0.06569070880189855	0.06360095299033798	40	0.0272550331002246	0.06360095299033798	0.005431040463345974	40	40	-0.20220977164206083	0.06321122712132755	40	0.018370162983796127	0.06321122712132755	0.046524794912938774	Repressed + 500bp	0.783530672568935	0.0313774686094929	0.0829500076371667	0.0516703008452802	0.108412160833965	-0.35193834246526795	0.05777453256570735	0.869218164300703	0.03808451907323352	-0.19034857666296098	0.05896715905916389	0.7976878579866379	0.9471627398933531	1.1093607368947374	0.14972857082320712	-0.14864071643906523
local	EUR_300k	SuperEnhancer_Hnisz_w_flanking	SuperEnhancer Hnisz + flank	0.05514916658907522	0.039112376584371986	40	0.012360330291538818	0.039112376584371986	0.031939697440370035	40	40	0.701439281912031	0.041122159150147476	40	0.018440096632176464	0.041122159150147476	0.03879703188833467	Super Enhancer (Hnisz) + 500bp	1.87774902169826	0.113627019972723	0.689855686410006	0.394077057594183	0.0800216637733722	0.9090042465123443	0.0873008779828196	1.6261262629332862	0.04635062926491599	-0.021511091516293865	0.1318094246944443	1.5377701177228889	1.7195591151927196	0.8659976621703134	-0.20756496460031337	-0.6347065198209308
local	EUR_300k	TFBS_ENCODE_w_flanking	TFBS + flank	0.014397819388714851	0.02448481539180036	40	0.011223488727770549	0.02448481539180036	0.021601669074668043	40	40	0.35110144537129184	0.04308019334498109	40	0.01508253094752191	0.04308019334498109	0.040501818276329475	TFBS + 500bp	1.49889058961807	0.0923884938840891	-0.0566993066358678	0.0672479600631401	0.399151301041112	0.5838950786985745	0.08892471731091373	1.2755340797105768	0.03808861416629309	-0.03359241877921385	0.062388057556643554	1.2030230345778423	1.3524156576719586	0.8509854478675416	-0.23279363332728265	0.07109712602458265
local	EUR_300k	Transcr_Hoffman_w_flanking	Transcr Hoffman + flank	0.03635384048142978	0.07086173424196865	40	0.018356782813046903	0.07086173424196865	0.03952719095441106	40	40	0.032307046749545786	0.049744478902551736	40	0.01300241342937881	0.049744478902551736	0.04100048345093873	Transcribed + 500bp	0.96500560542933	0.0161444958957347	-0.040900586429349	0.0401625329294969	0.308498986320465	-0.05139077229772289	0.02413621644826226	1.0226461557887958	0.03526109030642094	-0.10253515863282878	0.17524283959568834	0.9558180173986529	1.0941467318181108	1.0597307933085234	0.08369781904726867	0.07725442691077879
local	EUR_300k	TSS_Hoffman_w_flanking	TSS + flank	0.010208509548703497	0.03026243845608761	40	0.012535588415006384	0.03026243845608761	0.021916183464346106	40	40	1.273606041539086	0.08363191497436255	40	0.03294474696521787	0.08363191497436255	0.07955460499083665	TSS + 500bp	2.91612346432055	0.395961310822468	0.0294732239060559	0.114897882990532	0.797551899597086	1.5440518025154104	0.19589411302260082	2.417651070648525	0.14014936147113002	-0.04910586982522822	0.06952288892263522	2.1579889659695066	2.708557268633668	0.829063343932124	-0.27044576097632445	-0.019264714357352403
local	EUR_300k	UTR_3_UCSC_w_flanking	UTR 3 UCSC + flank	0.07842902748246817	0.03912850870431956	40	0.012284988248748373	0.03912850870431956	0.033074829414056636	40	40	0.8757070955238774	0.11114243238089076	40	0.04366475992415417	0.11114243238089076	0.10005483881318082	3 UTR + 500bp	1.99053021426073	0.216725881882725	-0.00735507873622119	0.0526759681570588	0.88895333671087	0.9931527702653798	0.15707842703639543	1.8349071930972303	0.14135769712520616	0.001737150422001843	0.1551209045429345	1.5777492395744461	2.1339794200680964	0.9218183074798003	-0.11744567474150247	0.08578410621868937
local	EUR_300k	UTR_5_UCSC_w_flanking	UTR 5 UCSC + flank	0.06570077908253216	0.03876745950902329	40	0.012689238090837905	0.03876745950902329	0.03271736304099614	40	40	0.9320045371350094	0.1013074581265416	40	0.03957947282619011	0.1013074581265416	0.09775680033144286	5 UTR + 500bp	1.5813917957143	0.297087440973196	-0.0631228347541908	0.0585159788090594	0.280708923832125	0.6611948450573876	0.2710312390414451	1.9079251013237961	0.1339763684165976	-0.010283441555153497	0.1416849997202178	1.6626009248845999	2.1894479533710594	1.2064847601299233	0.27080969207762184	0.12882361383672297
local	EUR_300k	WeakEnhancer_Hoffman_w_flanking	WeakEnhancer Hoffman + flank	-0.01655022674116111	0.03132805292880561	40	0.01095423464627061	0.03132805292880561	0.026273752225862826	40	40	0.4869672483752744	0.05388470746466705	40	0.027487751726092868	0.05388470746466705	0.05245582129229616	Weak Enhancer + 500bp	1.41042078530012	0.152103821228256	-0.115214915170961	0.0788272616764661	0.143847412556449	0.4961256408515945	0.1555843694827373	1.4014956323913363	0.052345908195457654	-0.0779532104816201	0.04485275699929789	1.3025630631116953	1.5079423509213705	0.993671992782718	-0.00915839247632011	0.09866468842979989
local	EUR_300k	GERP.RSsup4	GERP.RS>4	0.10642004175758425	0.029977634101145727	40	0.009735336417947918	0.029977634101145727	0.02503496601623413	40	40	1.1398713541799657	0.10460049451180434	40	0.04119181477732672	0.10460049451180434	0.09775962642904688	Conserved (GERP RS >= 4)	12.9864025812715	1.44623861730367	0.640259064159113	0.127274498133193	4.89108141514702e-07	3.6989299339147097	0.16066661017695238	2.203613725682015	0.15976979118006038	0.047663878919338626	0.16517620459582988	1.911697672698275	2.540105332220376	0.16968623234120153	-2.559058579734744	-0.5338390224015288
local	SAS	CTCF_Hoffman_w_flanking	CTCF Hoffman + flank	-0.17668082993643913	0.08949562371357002	40	0.07634709538488874	0.08949562371357002	0.08468430547349076	40	40	1.4423595414361758	0.2762939393622825	27	0.23810954775823967	0.2762939393622825	0.26990192762570103	CTCF + 500bp	0.729842834861012	0.136081604203005	-0.0802111415169019	0.0793036030514445	0.311804043155665	-0.4543422689470787	0.26899524961052357	2.7176497641575796	0.5204635337786998	-0.3520922524150364	-0.0012694074578419035	1.8671313469388058	3.9555975816776905	3.723609569552213	1.8967018103832545	-0.09646968841953724
local	SAS	DGF_ENCODE_w_flanking	DGF ENCODE + flank	-0.005434012088118591	0.13059322406124704	40	0.09789492471887856	0.13059322406124704	0.10578101530581306	40	40	0.2981902098681013	0.08499951950811271	39	0.06284280230011528	0.08499951950811271	0.0772032106849609	DGF + 500bp	1.36727350087271	0.0729571645117499	0.0292772314871247	0.0738911362842639	0.691941885034106	0.45130185953915075	0.07698162757578438	1.229600971382421	0.07244461843426994	-0.2613967312481628	0.2505287070719256	1.0955012660559627	1.3801157476228407	0.8993087122639218	-0.15311164967104945	-0.034711243575243286
local	SAS	DHS_peaks_Trynka	DHS peaks	-0.024397384344298657	0.1117554362287536	40	0.08933382428236786	0.1117554362287536	0.09737867053334155	40	40	0.9051552515605441	0.17662958686744556	33	0.15527889012387022	0.17662958686744556	0.15917945629595837	DHS Peaks	2.27239465656806	0.296444704620544	0.0255729681423169	0.152928542913505	0.867195625000677	1.1842134156649289	0.18820643853289357	1.8727460143097534	0.22928085661912634	-0.2434380393526557	0.19464327066405837	1.4732081272599138	2.380639618542035	0.8241288584695556	-0.2790581641043848	-0.049970352486615556
local	SAS	Enhancer_Andersson_w_flanking	Enhancer Andersson + flank	0.0574838984386141	0.09412961128226102	40	0.07718417001032306	0.09412961128226102	0.0852094006466492	40	40	1.851712576667796	0.29891350462691735	33	0.2541634891818694	0.29891350462691735	0.284529068125759	FANTOM5 Enhancer + 500bp	1.72281157302497	0.489794086297467	-0.0416530760046012	0.0724628501609502	0.56541322132736	0.7847649200609099	0.41015715846242173	3.6092837726208744	0.7478113052931759	-0.1270101396746175	0.24197793655184568	2.404675309302106	5.417334016327176	2.094996242847135	1.066947656606886	0.0991369744432153
local	SAS	Enhancer_Hoffman_w_flanking	Enhancer Hoffman + flank	-0.04785014957457886	0.14384719302806726	40	0.1007906079978082	0.14384719302806726	0.12050963310553559	40	40	1.232606451218346	0.22198040746073117	34	0.149816984676815	0.22198040746073117	0.192769362433465	Enhancer + 500bp	2.11280059754916	0.207380808044037	-0.0551098583514574	0.0765334777317478	0.471478703487278	1.0791566146454208	0.14160695698767514	2.3499115435427713	0.36156935953067265	-0.3297906479095907	0.23409034876043297	1.7381165822755074	3.177050560812306	1.1122258987756153	0.15344983657292532	0.007259708776878544
local	SAS	FetalDHS_Trynka_w_flanking	FetalDHS Trynka + flank	-0.08188013497925037	0.15401549161532233	40	0.09894835320727713	0.15401549161532233	0.1195157666918921	40	40	0.5813786647903241	0.12870820947706232	35	0.09162115447643096	0.12870820947706232	0.12016373472042419	Fetal DHS + 500bp	1.58073635419153	0.10205530915673	-0.0871380184060348	0.0680130829243281	0.200125199318936	0.6605967654077292	0.09314310259670582	1.496278435674134	0.13348858412661563	-0.3837504985452821	0.21999022858678138	1.2562386608680012	1.7821845695438914	0.9465705218372155	-0.07921810061740509	0.005257883426784432
local	SAS	H3K27ac_Hnisz_w_flanking	H3K27ac Hnisz + flank	0.06767849360681812	0.146778073432265	40	0.09145212958922094	0.146778073432265	0.12001823727360429	40	40	0.4903978002100736	0.08856712553333328	39	0.06551912857918483	0.08856712553333328	0.0813001146614882	H3K27ac (Hnisz) + 500bp	1.53435439316762	0.0658422707796821	0.250413669294324	0.160483288241188	0.118671939013909	0.6176317437372163	0.061908981365518534	1.4048321824678174	0.08624272263473445	-0.22000653032042133	0.35536351753405754	1.2455701140019393	1.584457943163381	0.9155852055584052	-0.12723394352714268	-0.1827351756875059
local	SAS	H3K27ac_PGC2_w_flanking	H3K27ac PGC2 + flank	0.003875934048324106	0.13255185225668986	40	0.10143808432134417	0.13255185225668986	0.11407303543603821	40	40	0.607298555954837	0.09849668271271296	37	0.07919956971829464	0.09849668271271296	0.09150515618981048	H3K27ac (PGC2) + 500bp	1.70848255771173	0.08600623021043	0.240523484538728	0.106700214051175	0.0241836701141652	0.7727155190395014	0.07262629709040196	1.5234039652046296	0.10400689872170828	-0.255925696374788	0.2636775644714362	1.3326011630337482	1.7415260511388395	0.8916707743537126	-0.16541696308466447	-0.23664755049040387
local	SAS	H3K4me1_peaks_Trynka	H3K4me1 peaks Trynka	0.011995281057372353	0.11863982002532977	40	0.08993967761607287	0.11863982002532977	0.0933971009889382	40	40	0.9646616960370438	0.15270676544434614	36	0.11659127334290639	0.15270676544434614	0.13830373504773605	H3K4me1 Peaks	2.25366983109287	0.138429013630545	0.190454717206284	0.114969516745475	0.0976070316079179	1.1722761721492967	0.08861584280208978	1.9516058271793262	0.20657408866343344	-0.220538766192274	0.2445293283070187	1.5859600559924028	2.401551848855988	0.8659679427101067	-0.20761447611225292	-0.17845943614891166
local	SAS	H3K4me1_Trynka_w_flanking	H3K4me1 Trynka + flank	0.13656682138735232	0.18682196238033338	40	0.08621826381385889	0.18682196238033338	0.1207576904854336	40	40	0.3048676770543929	0.06063765524948342	37	0.04297357157046497	0.06063765524948342	0.05606310919849213	H3K4me1 + 500bp	1.33770427368251	0.0367216864114438	-0.126201731685396	0.0782583063339563	0.106824808014819	0.4197592145988015	0.039603816718794024	1.235305330619421	0.05192089571458831	-0.22960422487810112	0.5027378676528058	1.1376193211331924	1.3413795208195969	0.923451733632278	-0.11489153754440862	0.2627685530727483
local	SAS	H3K4me3_peaks_Trynka	H3K4me3 peaks Trynka	-0.10997002369965567	0.12110603660152867	40	0.08757453854318399	0.12110603660152867	0.10794124854565926	40	40	1.6824259942448037	0.239975607536992	29	0.19206454630986247	0.239975607536992	0.23339487649651447	H3K4me3 Peaks	2.93586032995793	0.291530168056517	0.0662537644826676	0.0846047197200218	0.433569720464132	1.5537833353234722	0.14325924276196414	3.2096722669669964	0.5338918000199329	-0.34733785543865187	0.12739780803934053	2.316704124223376	4.446832875039911	1.093264633271226	0.12864265892133142	-0.17622378818232326
local	SAS	H3K4me3_Trynka_w_flanking	H3K4me3 Trynka + flank	0.07728071843856191	0.14471140627337695	40	0.08678792785499642	0.14471140627337695	0.11151702939208549	40	40	0.7776826532544916	0.1255733074831208	38	0.09113032949520088	0.1255733074831208	0.1157113570235103	H3K4me3 + 500bp	1.75573209547244	0.11726176232079	-0.0372816758989572	0.0716874725741131	0.603022836669529	0.8120727229940478	0.09635465651186506	1.7143749241629054	0.14922053752996114	-0.20635363785725688	0.36091507473438067	1.4454903430657513	2.033276385897569	0.9764444863677189	-0.03439006973955616	0.11456239433751911
local	SAS	H3K9ac_peaks_Trynka	H3K9ac peaks Trynka	-0.13860877767962654	0.11266976319766264	40	0.09363290591041033	0.11266976319766264	0.09655961275086354	40	40	1.9334685874003317	0.22130581150518028	30	0.19005905223475716	0.22130581150518028	0.20981671757070217	H3K9ac Peaks	3.26117151146855	0.366269650703148	0.105892050119378	0.0988909531031699	0.284261106295447	1.7053903172710985	0.16203238831177322	3.819724501752974	0.5859361865316918	-0.35944151354704534	0.08222395818779224	2.8278570578906144	5.159488252272325	1.1712737242798064	0.2280782701292332	-0.24450082779900453
local	SAS	H3K9ac_Trynka_w_flanking	H3K9ac Trynka + flank	0.11244532814104181	0.13138426467111128	40	0.10303072073777869	0.13138426467111128	0.11945450526142365	40	40	0.9946892904296939	0.11272022464683765	38	0.08436252642058523	0.11272022464683765	0.09995242057247208	H3K9ac + 500bp	1.91451350199929	0.127094283153002	-0.097630794797132	0.0748614929084641	0.192181629569072	0.936977834749959	0.095772786056978	1.992651327179459	0.15568924746846413	-0.1450678306143363	0.3699584868964199	1.7097171263075455	2.3224071693575663	1.040813410351283	0.0577114556797349	0.21007612293817382
local	SAS	Intron_UCSC_w_flanking	Intron UCSC + flank	-0.055810879954574816	0.0759470246301858	40	0.06182920558562821	0.0759470246301858	0.06868459314714517	40	40	0.3957364922355846	0.08496974121930545	38	0.07368237622449536	0.08496974121930545	0.07959957173893888	Intron + 500bp	1.17743270054051	0.0248979354132686	-1.16366492588207	0.448323300411899	0.0094427779919018	0.2356446009240821	0.030507160139689415	1.3156142065899004	0.0774851202160536	-0.20466704822973897	0.09304528832058934	1.17218135879441	1.4765980772474874	1.1173583050529825	0.1600918913115025	1.107854045927495
local	SAS	PromoterFlanking_Hoffman_w_flanking	Promoter flank	-0.27156230497708767	0.10897639231065027	40	0.0850588832792799	0.10897639231065027	0.09875124072276913	40	40	1.9641805146677735	0.3087880287247843	26	0.24091092380191878	0.3087880287247843	0.29025166531717134	Promoter Flanking + 500bp	1.3734760702137	0.24075296709515	-0.144966177667928	0.0619518925216104	0.0192847824086054	0.45783177485878584	0.2528861763521187	3.901910035166575	0.8351474662851304	-0.4851560339059622	-0.05796857604821312	2.564994937432617	5.9356459930375935	2.8409013595405956	1.5063487398089876	-0.12659612730915967
local	SAS	Repressed_Hoffman_w_flanking	Repressed Hoffman + flank	0.027361129346043282	0.1293390751877611	40	0.10529151260019076	0.1293390751877611	0.058842245276767666	40	40	0.035168889194407686	0.08389887773202126	34	0.06617593308888199	0.08389887773202126	0.0786317098959935	Repressed + 500bp	0.783530672568935	0.0313774686094929	0.0829500076371667	0.0516703008452802	0.108412160833965	-0.35193834246526795	0.05777453256570735	1.0246767698685686	0.05958933010338261	-0.2261434580219685	0.2808657167140551	0.9142921186931613	1.1483884212072635	1.3077685478591363	0.38710723165967564	-0.05558887829112342
local	SAS	SuperEnhancer_Hnisz_w_flanking	SuperEnhancer Hnisz + flank	-0.07638987463047536	0.08743907258083017	40	0.07242368441627041	0.08743907258083017	0.08204463210486168	40	40	0.6998338124347946	0.1274922661660538	39	0.1034221275985671	0.1274922661660538	0.12283070781478213	Super Enhancer (Hnisz) + 500bp	1.87774902169826	0.113627019972723	0.689855686410006	0.394077057594183	0.0800216637733722	0.9090042465123443	0.0873008779828196	1.624317672815531	0.14354242248813637	-0.24777045688890248	0.09499070762795175	1.3659919396978355	1.9314959521682773	0.8650344929198672	-0.20917043407754976	-0.7662455610404815
local	SAS	TFBS_ENCODE_w_flanking	TFBS + flank	0.02035757483518732	0.1314135191021743	40	0.08612335098289592	0.1314135191021743	0.11406367438920059	40	40	0.5360320201021067	0.1181993616735966	37	0.08375697335625389	0.1181993616735966	0.10365747175154262	TFBS + 500bp	1.49889058961807	0.0923884938840891	-0.0566993066358678	0.0672479600631401	0.399151301041112	0.5838950786985745	0.08892471731091373	1.4499790142890225	0.11879613436770936	-0.2372129226050743	0.2779280722754489	1.2348717975244874	1.7025566104054413	0.9673681483706489	-0.04786305859646778	0.07705688147105512
local	SAS	Transcr_Hoffman_w_flanking	Transcr Hoffman + flank	0.08059518077244832	0.09060547144466813	40	0.08452525290938469	0.09060547144466813	0.03950423526393252	40	40	0.13461572850088616	0.06296938553467876	39	0.06500446317080459	0.06296938553467876	0.05443543289473746	Transcribed + 500bp	0.96500560542933	0.0161444958957347	-0.040900586429349	0.0401625329294969	0.308498986320465	-0.05139077229772289	0.02413621644826226	1.0978003683512196	0.04791574981239622	-0.09699154325910123	0.25818190480399783	1.0077904797584034	1.1958494081438305	1.137610353944845	0.18600650079860903	0.12149576720179732
local	SAS	TSS_Hoffman_w_flanking	TSS + flank	0.23127238075064332	0.1354321991311699	40	0.10437643409939595	0.1354321991311699	0.12459631661002078	40	40	2.192356811655535	0.21534979901782986	33	0.13812223888967173	0.21534979901782986	0.17066590248166147	TSS + 500bp	2.91612346432055	0.395961310822468	0.0294732239060559	0.114897882990532	0.797551899597086	1.5440518025154104	0.19589411302260082	4.570515241128654	0.6822367241094143	-0.03417472954644968	0.49671949104773633	3.4111807589258714	6.123864739424462	1.5673256969569271	0.6483050091401246	0.20179915684458744
local	SAS	UTR_3_UCSC_w_flanking	UTR 3 UCSC + flank	0.019518826369416674	0.11719691443070389	40	0.08010272018113429	0.11719691443070389	0.10002582047722051	40	40	2.2434980617309894	0.2745378214797543	32	0.1754285554979458	0.2745378214797543	0.25299017300359045	3 UTR + 500bp	1.99053021426073	0.216725881882725	-0.00735507873622119	0.0526759681570588	0.88895333671087	0.9931527702653798	0.15707842703639543	4.735438620724501	0.9011308459781803	-0.21018712591476293	0.2492247786535963	3.261202286490171	6.87610793833434	2.378983542574968	1.2503452914656097	0.026873905105637863
local	SAS	UTR_5_UCSC_w_flanking	UTR 5 UCSC + flank	0.2601868410387811	0.1243837458304022	40	0.08526180242720147	0.1243837458304022	0.10712844211914441	40	40	2.1043049458697944	0.18744986038604117	31	0.14632493049587134	0.18744986038604117	0.1694750169462585	5 UTR + 500bp	1.5813917957143	0.297087440973196	-0.0631228347541908	0.0585159788090594	0.280708923832125	0.6611948450573876	0.2710312390414451	4.299905476583393	0.5586881900987734	0.016394699211192798	0.5039789828663694	3.3331892203990314	5.546995950424451	2.71906398416666	1.4431101008124068	0.3233096757929719
local	SAS	WeakEnhancer_Hoffman_w_flanking	WeakEnhancer Hoffman + flank	0.22762894578883947	0.11627243167246248	40	0.08582900735594744	0.11627243167246248	0.10308694061850077	40	40	1.288629500927254	0.17414695596260502	36	0.14688564135871343	0.17414695596260502	0.1556683411139566	Weak Enhancer + 500bp	1.41042078530012	0.152103821228256	-0.115214915170961	0.0788272616764661	0.143847412556449	0.4961256408515945	0.1555843694827373	2.442958745599087	0.29488825914738026	-0.00026502028918701237	0.45552291186686594	1.9282625053706297	3.0950388840091834	1.732077952239803	0.7925038600756594	0.34284386095980046
local	SAS	GERP.RSsup4	GERP.RS>4	0.1590316833127843	0.11502477154073223	40	0.08138925517944699	0.11502477154073223	0.09818872599683963	40	40	2.1188689270066723	0.32322481402330383	35	0.21786889273292995	0.32322481402330383	0.30210707154275634	Conserved (GERP RS >= 4)	12.9864025812715	1.44623861730367	0.640259064159113	0.127274498133193	4.89108141514702e-07	3.6989299339147097	0.16066661017695238	4.343532784917819	0.9731353729088189	-0.06641686890705087	0.38448023553261945	2.7998475812098573	6.738322893099609	0.33446774483812003	-1.5800610069080374	-0.48122738084632877
local	AFR	CTCF_Hoffman_w_flanking	CTCF Hoffman + flank	0.2389756366189098	1.4226473298281108	40	0.3121489569640791	1.4226473298281108	0.25613363520024496	40	40	2.3112642659062304	2.9342473321355302	19	0.3879852610756493	2.9342473321355302	0.640074361956212	CTCF + 500bp	0.729842834861012	0.136081604203005	-0.0802111415169019	0.0793036030514445	0.311804043155665	-0.4543422689470787	0.26899524961052357	4.963178238608313	10.094435825173404	-2.5494131298441873	3.0273644030820073	0.09215073575166717	267.313527420745	6.800338376348489	2.765606534853309	0.3191867781358117
local	AFR	DGF_ENCODE_w_flanking	DGF ENCODE + flank	-0.5397068230069676	46.88278830666478	40	0.43752107348141855	46.88278830666478	1.3919776766287837	40	40	0.8142553272934485	9.793806839286825	25	0.23505754856495675	9.793806839286825	1.3695796879461342	DGF + 500bp	1.36727350087271	0.0729571645117499	0.0292772314871247	0.0738911362842639	0.691941885034106	0.45130185953915075	0.07698162757578438	1.7583902931350521	11.936919716886358	-92.42997190406993	91.350558258056	2.928095263847716e-06	1055954.859517979	1.2860560027037007	0.36295346775429776	-0.5689840544940923
local	AFR	DHS_peaks_Trynka	DHS peaks	0.056840102510062135	1.5415213230392548	40	0.347672334795391	1.5415213230392548	0.5185532328009951	40	40	2.111904125009489	1.1515830227384534	19	0.3138610275312003	1.1515830227384534	0.43993189024740476	DHS Peaks	2.27239465656806	0.296444704620544	0.0255729681423169	0.152928542913505	0.867195625000677	1.1842134156649289	0.18820643853289357	4.322614337204285	3.4503821968522344	-2.9645416906468776	3.0782218956670016	0.9042548904188858	20.663415709644017	1.9022287016519477	0.9276907093445601	0.03126713436774524
local	AFR	Enhancer_Andersson_w_flanking	Enhancer Andersson + flank	0.29789185555921677	2.204847161848121	40	0.29412490635522687	2.204847161848121	0.3686055449597146	40	40	3.3137206830357684	1.5037644474715746	20	0.39533475526706585	1.5037644474715746	0.5256310939259246	FANTOM5 Enhancer + 500bp	1.72281157302497	0.489794086297467	-0.0416530760046012	0.0724628501609502	0.56541322132736	0.7847649200609099	0.41015715846242173	9.943272070168229	10.364171641875679	-4.0236085816631	4.6193922927815345	1.2890805059127792	76.69704026078662	5.771537773402288	2.5289557629748582	0.339544931563818
local	AFR	Enhancer_Hoffman_w_flanking	Enhancer Hoffman + flank	0.6687619528361823	8.773840872304687	40	0.36684730380921954	8.773840872304687	1.2534127680944251	40	40	2.3941536389050446	8.817545659284427	28	0.27645960236157563	8.817545659284427	1.3229331329012155	Enhancer + 500bp	2.11280059754916	0.207380808044037	-0.0551098583514574	0.0765334777317478	0.471478703487278	1.0791566146454208	0.14160695698767514	5.256686286304984	32.128114419432514	-16.527966156881003	17.865490062553366	3.297573054085064e-05	837972.3590473671	2.4880181747405405	1.3149970242596238	0.7238718111876398
local	AFR	FetalDHS_Trynka_w_flanking	FetalDHS Trynka + flank	-0.6514561392871288	2.3008757391658965	40	0.45336534482108154	2.3008757391658965	0.10728366642600745	40	40	1.374039028665818	2.0426988542632296	19	0.3949831216630189	2.0426988542632296	0.7927697001285652	Fetal DHS + 500bp	1.58073635419153	0.10205530915673	-0.0871380184060348	0.0680130829243281	0.200125199318936	0.6605967654077292	0.09314310259670582	2.5919520489852954	3.669921453050166	-5.161172588052286	3.8582603094780277	0.16158321814998305	41.57743298566538	1.6397117976773257	0.7134422632580888	-0.5643181208810939
local	AFR	H3K27ac_Hnisz_w_flanking	H3K27ac Hnisz + flank	0.04386770094663317	3.9942622001760593	40	0.36250396322192113	3.9942622001760593	0.6820053038330885	40	40	0.9239163479109676	2.2561395307064904	28	0.15537096179843402	2.2561395307064904	0.43599893281337937	H3K27ac (Hnisz) + 500bp	1.53435439316762	0.0658422707796821	0.250413669294324	0.160483288241188	0.118671939013909	0.6176317437372163	0.061908981365518534	1.8972586179472795	2.9670027598395725	-7.784886211398443	7.872621613291709	0.0885037789832667	40.67159961673266	1.2365191681893364	0.30628460417375125	-0.20654596834769084
local	AFR	H3K27ac_PGC2_w_flanking	H3K27ac PGC2 + flank	0.04121507856206982	8.829793606081441	40	0.36211234495727335	8.829793606081441	0.9037855109488572	40	40	1.0422169237521404	8.642011584496569	26	0.21437268773670437	8.642011584496569	1.6375301689695023	H3K27ac (PGC2) + 500bp	1.70848255771173	0.08600623021043	0.240523484538728	0.106700214051175	0.0241836701141652	0.7727155190395014	0.07262629709040196	2.0593897936185903	12.336127836468814	-17.265180389357557	17.347610546481693	1.6397941201255472e-05	258635.29268757868	1.2053911726069073	0.26950140471263895	-0.19930840597665817
local	AFR	H3K4me1_peaks_Trynka	H3K4me1 peaks Trynka	0.4664632104613541	7.20774203807042	40	0.4038026722834653	7.20774203807042	1.2507377890593296	40	40	1.9988854589757847	7.047600737236336	27	0.2843265453833445	7.047600737236336	1.4546055834745	H3K4me1 Peaks	2.25366983109287	0.138429013630545	0.190454717206284	0.114969516745475	0.0976070316079179	1.1722761721492967	0.08861584280208978	3.9969110294575643	19.52500862588129	-13.66071118415667	14.593637605079378	0.00027765635053950523	57536.2232715313	1.7735122395987108	0.826609286826488	0.27600849325507004
local	AFR	H3K4me1_Trynka_w_flanking	H3K4me1 Trynka + flank	-0.24021480219409883	9.17065997465559	40	0.3705084104311448	9.17065997465559	0.6756684712058246	40	40	0.6654296349371467	2.1770648128562695	27	0.1603783086711471	2.1770648128562695	0.5631748231858021	H3K4me1 + 500bp	1.33770427368251	0.0367216864114438	-0.126201731685396	0.0782583063339563	0.106824808014819	0.4197592145988015	0.039603816718794024	1.5860405261563884	2.393376925404479	-18.214708352519057	17.73427874813086	0.08237684036859703	30.53679334330696	1.1856436114913829	0.24567042033834519	-0.11401307050870282
local	AFR	H3K4me3_peaks_Trynka	H3K4me3 peaks Trynka	-0.11569927634283644	1.931695601668522	40	0.40289917217670385	1.931695601668522	0.4990813179584309	40	40	3.1728871909522107	3.601219824927284	17	0.41309454835473935	3.601219824927284	1.0304325934309841	H3K4me3 Peaks	2.93586032995793	0.291530168056517	0.0662537644826676	0.0846047197200218	0.433569720464132	1.5537833353234722	0.14325924276196414	9.01849808370579	22.5117527749301	-3.9018226556131395	3.6704241029274667	0.06766231431956876	1202.0473804911294	3.0718416648366316	1.6191038556287385	-0.18195304082550404
local	AFR	H3K4me3_Trynka_w_flanking	H3K4me3 Trynka + flank	0.1543361174248084	2.689602979438883	40	0.4198992787008416	2.689602979438883	0.14127536016947065	40	40	1.5066992675700428	5.250534333866792	22	0.2375715771932169	5.250534333866792	0.440853385247355	H3K4me3 + 500bp	1.75573209547244	0.11726176232079	-0.0372816758989572	0.0716874725741131	0.603022836669529	0.8120727229940478	0.09635465651186506	2.841591689617112	10.341669102828432	-5.117285722275403	5.42595795712502	0.00226802455186055	3560.20984158972	1.6184654235944147	0.694626544575995	0.1916177933237656
local	AFR	H3K9ac_peaks_Trynka	H3K9ac peaks Trynka	0.7149970180604142	3.392970577607531	40	0.38097117808773623	3.392970577607531	0.6802378929531401	40	40	3.0051460316077967	4.3647320645536345	25	0.33642791564793223	4.3647320645536345	1.4199532314693115	H3K9ac Peaks	3.26117151146855	0.366269650703148	0.105892050119378	0.0988909531031699	0.284261106295447	1.7053903172710985	0.16203238831177322	8.028586611702393	24.28969977989998	-5.9352253140503475	7.365219350171175	0.021348391516905686	3019.3470515360755	2.461871932668457	1.2997557143366982	0.6091049679410362
local	AFR	H3K9ac_Trynka_w_flanking	H3K9ac Trynka + flank	-0.21408178763949456	2.812273997923568	40	0.4651098848364447	2.812273997923568	0.9630194673605248	40	40	1.3411514232661839	3.2434865139942985	23	0.29570243728861456	3.2434865139942985	0.5588660684991447	H3K9ac + 500bp	1.91451350199929	0.127094283153002	-0.097630794797132	0.0748614929084641	0.192181629569072	0.936977834749959	0.095772786056978	2.5335344097419243	5.695926344679862	-5.726138823569688	5.297975248290699	0.03090358149884881	207.7039713207826	1.3233306566374186	0.40417358851622487	-0.11645099284236256
local	AFR	Intron_UCSC_w_flanking	Intron UCSC + flank	0.08555967044642476	1.4957739109286696	40	0.18182652617483938	1.4957739109286696	0.2162238937409417	40	40	0.5561213932955293	1.2009147974173402	31	0.16457437682144363	1.2009147974173402	0.2913211470899428	Intron + 500bp	1.17743270054051	0.0248979354132686	-1.16366492588207	0.448323300411899	0.0094427779919018	0.2356446009240821	0.030507160139689415	1.4703110481850459	1.2239026575454344	-2.8461571949737676	3.0172765358666176	0.2876384389680099	7.5157360266978674	1.2487431744592177	0.3204767923714472	1.2492245963284947
local	AFR	PromoterFlanking_Hoffman_w_flanking	Promoter flank	-0.5536542118991978	21.76517716985049	40	0.2876279533834233	21.76517716985049	0.7511642149504062	40	40	2.696558027272082	14.16816893690182	17	0.721274623571825	14.16816893690182	3.3082550911814717	Promoter Flanking + 500bp	1.3734760702137	0.24075296709515	-0.144966177667928	0.0619518925216104	0.0192847824086054	0.45783177485878584	0.2528861763521187	6.4825347164037685	63.66255126568249	-43.21340146480616	42.10609304100776	2.8330806464458766e-08	1483306040.0909755	4.71980171842029	2.2387262524132963	-0.40868803423126987
local	AFR	Repressed_Hoffman_w_flanking	Repressed Hoffman + flank	-0.15895037430153236	13.540725036776246	40	0.3114137774682891	13.540725036776246	0.40942881844017887	40	40	0.08232342045592428	2.365609131797272	29	0.19028412744572282	2.365609131797272	0.28883404936267637	Repressed + 500bp	0.783530672568935	0.0313774686094929	0.0829500076371667	0.0516703008452802	0.108412160833965	-0.35193834246526795	0.05777453256570735	1.0587217103650899	1.7360021869406583	-26.698771446382974	26.38087069777991	0.04256258316004245	26.33514173196773	1.3512192278240946	0.43426176292119223	-0.24190038193869906
local	AFR	SuperEnhancer_Hnisz_w_flanking	SuperEnhancer Hnisz + flank	-0.12687508214925866	2.236900733719941	40	0.22564269427562164	2.236900733719941	0.41724277055858966	40	40	1.4636263362259365	4.498897467076288	27	0.1942938689514307	4.498897467076288	1.037081433755155	Super Enhancer (Hnisz) + 500bp	1.87774902169826	0.113627019972723	0.689855686410006	0.394077057594183	0.0800216637733722	0.9090042465123443	0.0873008779828196	2.7580074162090344	8.600565072515156	-4.511200520240344	4.257450355941826	0.00611169092030241	1244.5990818344017	1.468783838702074	0.5546220897135922	-0.8167307685592647
local	AFR	TFBS_ENCODE_w_flanking	TFBS + flank	-0.046097329974801524	6.04208386521945	40	0.3765122303943396	6.04208386521945	1.3323067814729512	40	40	1.0411297902183632	1.7603644566622445	25	0.25659934255125216	1.7603644566622445	0.5459480228475021	TFBS + 500bp	1.49889058961807	0.0923884938840891	-0.0566993066358678	0.0672479600631401	0.399151301041112	0.5838950786985745	0.08892471731091373	2.0578385382780073	2.510957421813998	-11.888581705804922	11.79638704585532	0.18826222489973668	22.493622668474515	1.3729077709416817	0.4572347115197887	0.010601976661066277
local	AFR	Transcr_Hoffman_w_flanking	Transcr Hoffman + flank	-0.24230317113622982	89.94328586865527	40	0.29029907543408756	89.94328586865527	1.0844282499371345	40	40	0.29854857919035555	2.9472550902266845	31	0.18018941996387883	2.9472550902266845	0.4931572719935415	Transcribed + 500bp	0.96500560542933	0.0161444958957347	-0.040900586429349	0.0401625329294969	0.308498986320465	-0.05139077229772289	0.02413621644826226	1.2299064455043094	2.512553193349591	-176.53114347370055	176.0465371314281	0.022435522637585085	67.42298314722325	1.2745070480260323	0.3499393514880784	-0.20140258470688083
local	AFR	TSS_Hoffman_w_flanking	TSS + flank	-0.4711560389333095	3.3491677419943526	40	0.3247474158154081	3.3491677419943526	0.48131041050018053	40	40	3.4691483866867596	2.5619031786340427	19	0.33263480581371246	2.5619031786340427	0.5276050545852612	TSS + 500bp	2.91612346432055	0.395961310822468	0.0294732239060559	0.114897882990532	0.797551899597086	1.5440518025154104	0.19589411302260082	11.074336707599684	19.665540955198225	-7.03552481324224	6.093212735375621	0.3409939756759989	359.6571853510373	3.7976227149147745	1.9250965841713492	-0.5006292628393654
local	AFR	UTR_3_UCSC_w_flanking	UTR 3 UCSC + flank	0.20622978798151217	2.2562655741942224	40	0.32120309453118295	2.2562655741942224	0.3321195557075792	40	40	2.848375511939323	2.859699070113015	20	0.33448772423110157	2.859699070113015	0.5372748617637236	3 UTR + 500bp	1.99053021426073	0.216725881882725	-0.00735507873622119	0.0526759681570588	0.88895333671087	0.9931527702653798	0.15707842703639543	7.201889738584503	14.275530728792235	-4.216050737439163	4.628510313402188	0.14796884321278056	350.5279535918466	3.6180760718868257	1.855222741673943	0.21358486671773336
local	AFR	UTR_5_UCSC_w_flanking	UTR 5 UCSC + flank	-1.9181076162322272e-18	3.9302198204136013e-16	40	0.008455430941012636	3.9302198204136013e-16	9.497212462304696e-18	40	40	2.511308219065505	0.7152565290873162	22	0.3190896898434993	0.7152565290873162	0.5382942115360888	5 UTR + 500bp	1.5813917957143	0.297087440973196	-0.0631228347541908	0.0585159788090594	0.280708923832125	0.6611948450573876	0.2710312390414451	5.701368373537455	2.8266132746889054	-7.722411924172981e-16	7.684049771848336e-16	2.157567091568119	15.065858882352558	3.605285160191564	1.8501133740081173	0.0631228347541908
local	AFR	WeakEnhancer_Hoffman_w_flanking	WeakEnhancer Hoffman + flank	0.08725450414140073	3.199643657310183	40	0.3001458834313117	3.199643657310183	0.7208660131539626	40	40	2.3468035752360326	5.260874003550816	18	0.27909256746991973	5.260874003550816	1.1190745368868356	Weak Enhancer + 500bp	1.41042078530012	0.152103821228256	-0.115214915170961	0.0788272616764661	0.143847412556449	0.4961256408515945	0.1555843694827373	5.086959383835898	18.549902523440416	-6.184047064186559	6.3585560724693595	0.0040035360940509105	6463.574990930764	3.606696268839697	1.850677934384438	0.20246941931236173
local	AFR	GERP.RSsup4	GERP.RS>4	-0.017635834160359787	1.3099276338573818	40	0.3887511854583019	1.3099276338573818	0.473441859616826	40	40	3.9966430879257038	2.7181934041002855	19	0.5351192852951167	2.7181934041002855	0.9527867125236682	Conserved (GERP RS >= 4)	12.9864025812715	1.44623861730367	0.640259064159113	0.127274498133193	4.89108141514702e-07	3.6989299339147097	0.16066661017695238	15.96281393344721	30.07566693931392	-2.5850939965208277	2.5498223282001082	0.3974882215423924	641.0540359789769	1.2291944465411981	0.2977131540109941	-0.6578948983194728
external	EUR_300k	CTCF_Hoffman_w_flanking	CTCF Hoffman + flank	-0.025897234982774988	0.022146683288798263	20	0.014243240855008787	0.022146683288798263	0.021780464452231422	20	20	0.22904309949148352	0.08645413368494687	20	0.059568381115988465	0.08645413368494687	0.08436341021372708	CTCF + 500bp	0.729842834861012	0.136081604203005	-0.0802111415169019	0.0793036030514445	0.311804043155665	-0.4543422689470787	0.26899524961052357	1.1720572975322856	0.07023604810122344	-0.06930473422881958	0.01751026426326961	1.042171709535401	1.3181304924416788	1.605903684394582	0.6833853684385622	0.054313906534126905
external	EUR_300k	DGF_ENCODE_w_flanking	DGF ENCODE + flank	0.018051376302823784	0.04056970836267602	20	0.022740612728231517	0.04056970836267602	0.036675471304779106	20	20	0.27906951685274095	0.038122775743551836	20	0.01931063730546021	0.038122775743551836	0.03501698521065291	DGF + 500bp	1.36727350087271	0.0729571645117499	0.0292772314871247	0.0738911362842639	0.691941885034106	0.45130185953915075	0.07698162757578438	1.2134120275966747	0.032064042158274	-0.0614652520880212	0.09756800469366878	1.152166228600283	1.2779134747813172	0.8874684010347397	-0.1722323426864098	-0.011225855184300915
external	EUR_300k	DHS_peaks_Trynka	DHS peaks	0.014618945112112891	0.024867289059401342	20	0.014431645831196336	0.024867289059401342	0.022843819332756917	20	20	0.43867881826984634	0.05760391221206434	20	0.03662152273094611	0.05760391221206434	0.054128866002098895	DHS Peaks	2.27239465656806	0.296444704620544	0.0255729681423169	0.152928542913505	0.867195625000677	1.1842134156649289	0.18820643853289357	1.3553625539804557	0.054116901605831776	-0.03412094144431374	0.06335883166853952	1.2533376676394048	1.4656925265737288	0.5964468144047765	-0.7455345973950825	-0.010954023030204008
external	EUR_300k	Enhancer_Andersson_w_flanking	Enhancer Andersson + flank	-0.028023154314385342	0.024380707379868992	20	0.014300786489551747	0.024380707379868992	0.02255118336564304	20	20	0.53085295677534	0.1299401417112868	20	0.07292235488813671	0.1299401417112868	0.12063915890488368	FANTOM5 Enhancer + 500bp	1.72281157302497	0.489794086297467	-0.0416530760046012	0.0724628501609502	0.56541322132736	0.7847649200609099	0.41015715846242173	1.4447831343703414	0.1301282113692441	-0.07580934077892856	0.019763032150157882	1.210976005104746	1.7237321768241265	0.8386193574457728	-0.25391196328557	0.013629921690215856
external	EUR_300k	Enhancer_Hoffman_w_flanking	Enhancer Hoffman + flank	0.017589723687128328	0.030271281542885414	20	0.021647603066199846	0.030271281542885414	0.02929621823057761	20	20	0.7256221407004146	0.06077026678533517	20	0.03615765002161092	0.06077026678533517	0.05899064280241685	Enhancer + 500bp	2.11280059754916	0.207380808044037	-0.0551098583514574	0.0765334777317478	0.471478703487278	1.0791566146454208	0.14160695698767514	1.653613578745842	0.06965473332348682	-0.04174198813692708	0.07692143551118374	1.5225740741240936	1.7959309266353416	0.7826642895993247	-0.35353447394500614	0.07269958203858573
external	EUR_300k	FetalDHS_Trynka_w_flanking	FetalDHS Trynka + flank	-0.03774815327858136	0.03651909766888249	20	0.02016251835135796	0.03651909766888249	0.035469966532913434	20	20	0.354514073355879	0.045265948112719966	20	0.023567029495503943	0.045265948112719966	0.04307459555851613	Fetal DHS + 500bp	1.58073635419153	0.10205530915673	-0.0871380184060348	0.0680130829243281	0.200125199318936	0.6605967654077292	0.09314310259670582	1.2785548675782255	0.04011589189313352	-0.10932558470959104	0.033829278152428324	1.2022965750966705	1.3596500092138544	0.8088349864213404	-0.3060826920518502	0.04938986512745344
external	EUR_300k	H3K27ac_Hnisz_w_flanking	H3K27ac Hnisz + flank	0.08322141196207096	0.034642562816016784	20	0.01831983846817139	0.034642562816016784	0.031549371804907626	20	20	0.4671439225655978	0.03407723974615791	20	0.019348468579170736	0.03407723974615791	0.03180999211414763	H3K27ac (Hnisz) + 500bp	1.53435439316762	0.0658422707796821	0.250413669294324	0.160483288241188	0.118671939013909	0.6176317437372163	0.061908981365518534	1.3823701042290029	0.032652332006843456	0.015321988842678061	0.15112083508146384	1.319830381193171	1.4478732512116772	0.900945772622418	-0.15048782117161852	-0.16719225733225307
external	EUR_300k	H3K27ac_PGC2_w_flanking	H3K27ac PGC2 + flank	0.016857583327337385	0.027824275092571436	20	0.018453730510519448	0.027824275092571436	0.02476300443250759	20	20	0.5214346992593708	0.037266675864113495	20	0.02155005484718731	0.037266675864113495	0.03557295590700697	H3K27ac (PGC2) + 500bp	1.70848255771173	0.08600623021043	0.240523484538728	0.106700214051175	0.0241836701141652	0.7727155190395014	0.07262629709040196	1.435381965207875	0.03707776967586672	-0.03767799585410263	0.07139316250877739	1.3645185566651603	1.5099255162050569	0.8401502015509983	-0.2512808197801306	-0.2236659012113906
external	EUR_300k	H3K4me1_peaks_Trynka	H3K4me1 peaks Trynka	-0.006308406412563262	0.028587260848035773	20	0.018039936644781377	0.028587260848035773	0.02789453935613418	20	20	0.5221536130081441	0.050852790991587696	20	0.02838765014862814	0.050852790991587696	0.04860738055822752	H3K4me1 Peaks	2.25366983109287	0.138429013630545	0.190454717206284	0.114969516745475	0.0976070316079179	1.1722761721492967	0.08861584280208978	1.4360974129993649	0.05062023471143074	-0.06233943767471338	0.04972262484958685	1.340231427345464	1.5388206376478746	0.6372261780258023	-0.6501225591411526	-0.19676312361884726
external	EUR_300k	H3K4me1_Trynka_w_flanking	H3K4me1 Trynka + flank	0.07075271204581005	0.051198592265812325	20	0.024312604931003297	0.051198592265812325	0.047837512093734366	20	20	0.2921401172879785	0.03766302281002359	20	0.016980446755410362	0.03766302281002359	0.03298848499288291	H3K4me1 + 500bp	1.33770427368251	0.0367216864114438	-0.126201731685396	0.0782583063339563	0.106824808014819	0.4197592145988015	0.039603816718794024	1.2244553080552452	0.03196565240060911	-0.02959652879518211	0.1711019528868022	1.1633785362948355	1.2887385787601462	0.9153408059948059	-0.127619097310823	0.19695444373120605
external	EUR_300k	H3K4me3_peaks_Trynka	H3K4me3 peaks Trynka	-0.054193480607629706	0.027805704660054005	20	0.015524062260552566	0.027805704660054005	0.026187770251977598	20	20	0.6402044604211394	0.08527550122258797	20	0.05133232215991263	0.08527550122258797	0.08304173668302228	H3K4me3 Peaks	2.93586032995793	0.291530168056517	0.0662537644826676	0.0846047197200218	0.433569720464132	1.5537833353234722	0.14325924276196414	1.5585500231942264	0.09212351234427846	-0.10869266174133554	0.00030570052607614	1.388054753628892	1.7499872886485266	0.5308665426929762	-0.9135788749023328	-0.1204472450902973
external	EUR_300k	H3K4me3_Trynka_w_flanking	H3K4me3 Trynka + flank	0.011215250150440528	0.03791969170887737	20	0.022488116594857825	0.03791969170887737	0.03491468943754866	20	20	0.48359257583784554	0.044770524964066825	20	0.023728230376649246	0.044770524964066825	0.041137697604709936	H3K4me3 + 500bp	1.75573209547244	0.11726176232079	-0.0372816758989572	0.0716874725741131	0.603022836669529	0.8120727229940478	0.09635465651186506	1.3982211624568228	0.04339038652305012	-0.06310734559895911	0.08553784589984018	1.3157107405187618	1.485905951008105	0.7963750085007038	-0.3284801471562022	0.04849692604939773
external	EUR_300k	H3K9ac_peaks_Trynka	H3K9ac peaks Trynka	0.0258189467833433	0.023506978890714406	20	0.014862158601568688	0.023506978890714406	0.022737968297785446	20	20	0.8395154405139194	0.09277664488670292	20	0.043773303812701995	0.09277664488670292	0.08908806127320647	H3K9ac Peaks	3.26117151146855	0.366269650703148	0.105892050119378	0.0988909531031699	0.284261106295447	1.7053903172710985	0.16203238831177322	1.7894490168062	0.11507565443129995	-0.02025473184245694	0.07189262540914354	1.5775363150019344	2.029828253902827	0.5487135560068678	-0.8658748767571791	-0.08007310333603469
external	EUR_300k	H3K9ac_Trynka_w_flanking	H3K9ac Trynka + flank	0.07929483213066743	0.03762277456871642	20	0.02354710347479822	0.03762277456871642	0.0341038510245401	20	20	0.6060702543067472	0.04493187613949332	20	0.02196231014375896	0.04493187613949332	0.0435898747009753	H3K9ac + 500bp	1.91451350199929	0.127094283153002	-0.097630794797132	0.0748614929084641	0.192181629569072	0.936977834749959	0.095772786056978	1.52210750045617	0.047405129804389545	0.0055541939759832515	0.1530354702853516	1.4319724901972124	1.6179160275808484	0.7950361796177786	-0.3309075804432118	0.17692562692779945
external	EUR_300k	Intron_UCSC_w_flanking	Intron UCSC + flank	-0.04549647424520914	0.03266679505646446	20	0.017820196677131778	0.03266679505646446	0.029986191967968798	20	20	0.2329075769458046	0.04267458131427392	20	0.023676536785538903	0.04267458131427392	0.03926433914634441	Intron + 500bp	1.17743270054051	0.0248979354132686	-1.16366492588207	0.448323300411899	0.0094427779919018	0.2356446009240821	0.030507160139689415	1.1752010393632077	0.03476217141775308	-0.10952339255587948	0.0185304440654612	1.1090046368634066	1.245348700097879	0.9981046380177161	-0.002737023978277492	1.1181684516368608
external	EUR_300k	PromoterFlanking_Hoffman_w_flanking	Promoter flank	-0.04282583047514037	0.02931683168049675	20	0.014594569310588567	0.02931683168049675	0.026608173815365958	20	20	0.549450836992079	0.10756571703953112	20	0.0554932681692046	0.10756571703953112	0.1039190292275847	Promoter Flanking + 500bp	1.3734760702137	0.24075296709515	-0.144966177667928	0.0619518925216104	0.0192847824086054	0.45783177485878584	0.2528861763521187	1.4635284966238546	0.1091190360300463	-0.100286820568914	0.014635159618633264	1.2645482028335036	1.6938189114741833	1.0655653406441534	0.09161906213329313	0.10214034719278763
external	EUR_300k	Repressed_Hoffman_w_flanking	Repressed Hoffman + flank	-0.09081234199540231	0.06446380008190908	20	0.030796805039377532	0.06446380008190908	0.056121694900836905	20	20	-0.3500441091891795	0.0627971207427561	20	0.02636687927425614	0.0627971207427561	0.05559154905028382	Repressed + 500bp	0.783530672568935	0.0313774686094929	0.0829500076371667	0.0516703008452802	0.108412160833965	-0.35193834246526795	0.05777453256570735	0.7845601102636195	0.034150055678999494	-0.2171613901559441	0.03553670616513949	0.7204017216367389	0.8544323925522832	1.0013138447934773	0.0018942332760884528	-0.173762349632569
external	EUR_300k	SuperEnhancer_Hnisz_w_flanking	SuperEnhancer Hnisz + flank	0.020189385013044653	0.04217346341629049	20	0.0222925412869645	0.04217346341629049	0.038688459751387246	20	20	0.6012544825839008	0.04532876073939161	20	0.026256259654553582	0.04532876073939161	0.043485802173369	Super Enhancer (Hnisz) + 500bp	1.87774902169826	0.113627019972723	0.689855686410006	0.394077057594183	0.0800216637733722	0.9090042465123443	0.0873008779828196	1.5170351174935695	0.047664488977344	-0.0624706032828847	0.10284937330897401	1.4264311479720158	1.6133940646070897	0.8079008962132457	-0.30774976392844355	-0.6696663013969614
external	EUR_300k	TFBS_ENCODE_w_flanking	TFBS + flank	0.021062322496054685	0.03209653841589011	20	0.01857639804915605	0.03209653841589011	0.03003078109977563	20	20	0.4020887238643563	0.04577608385719701	20	0.025214020622910824	0.04577608385719701	0.042629543681703574	TFBS + 500bp	1.49889058961807	0.0923884938840891	-0.0566993066358678	0.0672479600631401	0.399151301041112	0.5838950786985745	0.08892471731091373	1.3214196687465132	0.04192806924034157	-0.04184689279908992	0.08397153779119929	1.2417438482483092	1.4062078450506408	0.8815984821702177	-0.1818063548342182	0.07776162913192249
external	EUR_300k	Transcr_Hoffman_w_flanking	Transcr Hoffman + flank	-0.004878741937994119	0.059258017652992975	20	0.029478039377674695	0.059258017652992975	0.055173089053591445	20	20	-0.01751853132840639	0.04490269077633426	20	0.022787982836593265	0.04490269077633426	0.039805287693427824	Transcribed + 500bp	0.96500560542933	0.0161444958957347	-0.040900586429349	0.0401625329294969	0.308498986320465	-0.05139077229772289	0.02413621644826226	0.987930507152866	0.030748520521605118	-0.12102445653786034	0.1112669726618721	0.9294648387405323	1.0500738126746711	1.0237562368493567	0.0338722409693165	0.036021844491354885
external	EUR_300k	TSS_Hoffman_w_flanking	TSS + flank	0.010937949615650354	0.031330544406401144	20	0.02121083587842006	0.031330544406401144	0.02986450117706387	20	20	1.14380545979999	0.10728617643325083	20	0.05070079625300619	0.10728617643325083	0.10327398018924025	TSS + 500bp	2.91612346432055	0.395961310822468	0.0294732239060559	0.114897882990532	0.797551899597086	1.5440518025154104	0.19589411302260082	2.209630991838348	0.16431945333136658	-0.05046991742089589	0.0723458166521966	1.9099363417610782	2.556351755467717	0.7577288886680205	-0.40024634271542037	-0.018535274290405544
external	EUR_300k	UTR_3_UCSC_w_flanking	UTR 3 UCSC + flank	0.013291061536763097	0.03432560221475305	20	0.02061246566757214	0.03432560221475305	0.03168601940077724	20	20	0.7199716819108628	0.11632094733560314	20	0.0687048923672025	0.11632094733560314	0.114947118753339	3 UTR + 500bp	1.99053021426073	0.216725881882725	-0.00735507873622119	0.0526759681570588	0.88895333671087	0.9931527702653798	0.15707842703639543	1.647149702969173	0.1328056231030448	-0.053987118804152884	0.08056924187767908	1.4063762623436067	1.9291438689887164	0.8274929419149328	-0.27318108835451704	0.02064614027298429
external	EUR_300k	UTR_5_UCSC_w_flanking	UTR 5 UCSC + flank	-0.0019401304660160816	0.03497192470167013	20	0.018679986901037022	0.03497192470167013	0.0317497306165572	20	20	0.6188499595069973	0.11280382625239035	20	0.06918444718721302	0.11280382625239035	0.10962706818472918	5 UTR + 500bp	1.5813917957143	0.297087440973196	-0.0631228347541908	0.0585159788090594	0.280708923832125	0.6611948450573876	0.2710312390414451	1.535650553517223	0.12007198563364041	-0.07048510288128955	0.06660484194925738	1.3174557078530338	1.7899824703486882	0.9710753259748536	-0.04234488555039029	0.06118270428817471
external	EUR_300k	WeakEnhancer_Hoffman_w_flanking	WeakEnhancer Hoffman + flank	-0.051020211409346275	0.028857374700939322	20	0.016851232003876487	0.028857374700939322	0.027656207240209237	20	20	0.365007444733877	0.06734920675806544	20	0.03794217038779798	0.06734920675806544	0.06498834067505962	Weak Enhancer + 500bp	1.41042078530012	0.152103821228256	-0.115214915170961	0.0788272616764661	0.143847412556449	0.4961256408515945	0.1555843694827373	1.2878882753777763	0.06012237602637046	-0.10758066582318734	0.005540243004494794	1.1752787719236917	1.4112874744948052	0.9131234372044011	-0.13111819611771752	0.06419470376161472
external	EUR_300k	GERP.RSsup4	GERP.RS>4	0.08733251742039058	0.029249357511161644	20	0.0197643776659694	0.029249357511161644	0.028471354030361707	20	20	0.963099763542473	0.12675828828848906	20	0.08591247322123201	0.12675828828848906	0.12435409735903803	Conserved (GERP RS >= 4)	12.9864025812715	1.44623861730367	0.640259064159113	0.127274498133193	4.89108141514702e-07	3.6989299339147097	0.16066661017695238	1.9494940662318574	0.171286740343856	0.030003776698513757	0.1446612581422674	1.6410890419524082	2.315856737274733	0.15011809883695923	-2.7358301703722367	-0.5529265467387224
external	SAS	CTCF_Hoffman_w_flanking	CTCF Hoffman + flank	-0.06860077302339158	0.04802835866652129	9	0.03508480806315968	0.04802835866652129	0.0467360620817607	9	9	0.2196967078032683	0.19086257785433597	9	0.14412234410617894	0.19086257785433597	0.1838632305279544	CTCF + 500bp	0.729842834861012	0.136081604203005	-0.0802111415169019	0.0793036030514445	0.311804043155665	-0.4543422689470787	0.26899524961052357	1.1644887547687803	0.154057038610602	-0.16273635600977332	0.025534809962990138	0.8985097444928529	1.509203509805375	1.595533584967701	0.674038976750347	0.011610368493510312
external	SAS	DGF_ENCODE_w_flanking	DGF ENCODE + flank	-0.09844953931678349	0.06136045455060836	9	0.043728179736788476	0.06136045455060836	0.0596242686824017	9	9	0.09575611606652984	0.050246795002763356	9	0.032813007911553276	0.050246795002763356	0.04892226403132419	DGF + 500bp	1.36727350087271	0.0729571645117499	0.0292772314871247	0.0738911362842639	0.691941885034106	0.45130185953915075	0.07698162757578438	1.06862532754283	0.03721853631292688	-0.21871603023597586	0.021816951602408888	0.9981111563823295	1.1441211566105263	0.78157393298469	-0.3555457434726209	-0.12772677080390818
external	SAS	DHS_peaks_Trynka	DHS peaks	0.00023028085195897236	0.05032963142761149	9	0.0381532404028153	0.05032963142761149	0.04923547527396418	9	9	0.26293866214789846	0.11565528709627991	9	0.08863676924287689	0.11565528709627991	0.11369591715706723	DHS Peaks	2.27239465656806	0.296444704620544	0.0255729681423169	0.152928542913505	0.867195625000677	1.1842134156649289	0.18820643853289357	1.1999203652833652	0.09619297939362752	-0.09841579674615954	0.09887635845007749	1.025447974535053	1.4040779432760462	0.5280422402927026	-0.9212747535170305	-0.025342687290357928
external	SAS	Enhancer_Andersson_w_flanking	Enhancer Andersson + flank	-0.08036414938438113	0.04994836627445792	9	0.03600713645563957	0.04994836627445792	0.04831066535283002	9	9	0.33680876388864367	0.3131134521593387	9	0.263354198607147	0.3131134521593387	0.3018469454695834	FANTOM5 Enhancer + 500bp	1.72281157302497	0.489794086297467	-0.0416530760046012	0.0724628501609502	0.56541322132736	0.7847649200609099	0.41015715846242173	1.2629598393969135	0.27410485518027594	-0.17826294728231867	0.017534648513556392	0.8253662764000499	1.9325572191858709	0.7330806567426097	-0.44795615617226625	-0.038711073379779935
external	SAS	Enhancer_Hoffman_w_flanking	Enhancer Hoffman + flank	-0.17134626203883166	0.06743285793730863	9	0.042696770592042084	0.06743285793730863	0.06620102894052553	9	9	0.499498309494942	0.14588173461179618	9	0.09852166602065655	0.14588173461179618	0.14227900679712552	Enhancer + 500bp	2.11280059754916	0.207380808044037	-0.0551098583514574	0.0765334777317478	0.471478703487278	1.0791566146454208	0.14160695698767514	1.4137218616682852	0.14295203878409957	-0.3035146635959566	-0.03917786048170674	1.1595540822501893	1.7236017989608658	0.6691222367639411	-0.5796583051504788	-0.11623640368737426
external	SAS	FetalDHS_Trynka_w_flanking	FetalDHS Trynka + flank	0.02519992379117314	0.06699034311326216	9	0.04641574476951614	0.06699034311326216	0.06581448978372152	9	9	0.21226599667180254	0.07395467324476981	9	0.05171535031288685	0.07395467324476981	0.07285133649711459	Fetal DHS + 500bp	1.58073635419153	0.10205530915673	-0.0871380184060348	0.0680130829243281	0.200125199318936	0.6605967654077292	0.09314310259670582	1.158506385937808	0.05938674411136614	-0.10610114871082069	0.15650099629316697	1.0477647542375672	1.2809526573885583	0.7328903285268769	-0.4483307687359266	0.11233794219720794
external	SAS	H3K27ac_Hnisz_w_flanking	H3K27ac Hnisz + flank	0.006463192876902245	0.07266463080246761	9	0.04595088258070176	0.07266463080246761	0.070913011914037	9	9	0.31660010413732464	0.052629082044139366	9	0.0335353445267295	0.052629082044139366	0.052260364858601784	H3K27ac (Hnisz) + 500bp	1.53435439316762	0.0658422707796821	0.250413669294324	0.160483288241188	0.118671939013909	0.6176317437372163	0.061908981365518534	1.2453921615910923	0.0454315322308994	-0.13595948349593426	0.14888586924973876	1.1594552211590303	1.3376986086639036	0.8116717800898817	-0.30103163959989165	-0.24395047641742176
external	SAS	H3K27ac_PGC2_w_flanking	H3K27ac PGC2 + flank	0.09867142353096373	0.07284483435945584	9	0.04598401202967379	0.07284483435945584	0.0712387703751862	9	9	0.4319858865202425	0.06045586234899982	9	0.04019806900616993	0.06045586234899982	0.059641738284624886	H3K27ac (PGC2) + 500bp	1.70848255771173	0.08600623021043	0.240523484538728	0.106700214051175	0.0241836701141652	0.7727155190395014	0.07262629709040196	1.349089336513661	0.056533333042107996	-0.0441044518135697	0.24144729887549715	1.242712351012791	1.464572261160488	0.7896418552382383	-0.3407296325192589	-0.14185206100776426
external	SAS	H3K4me1_peaks_Trynka	H3K4me1 peaks Trynka	-0.04207264850377446	0.06131007833457954	9	0.04217634574811358	0.06131007833457954	0.060149765911901826	9	9	0.3610045463592805	0.0938175201537968	9	0.06704792486471046	0.0938175201537968	0.09181505378867126	H3K4me1 Peaks	2.25366983109287	0.138429013630545	0.190454717206284	0.114969516745475	0.0976070316079179	1.1722761721492967	0.08861584280208978	1.2843198562552247	0.08351848490717835	-0.16224040203955037	0.07809510503200144	1.1306263354166228	1.458905954604027	0.5698793312738365	-0.8112716257900162	-0.23252736571005847
external	SAS	H3K4me1_Trynka_w_flanking	H3K4me1 Trynka + flank	-0.026233717579427968	0.06678251387540629	9	0.04286465935082449	0.06678251387540629	0.06546128502420695	9	9	0.14158207995533845	0.04005250384710741	9	0.02441381676373087	0.04005250384710741	0.039236500360937794	H3K4me1 + 500bp	1.33770427368251	0.0367216864114438	-0.126201731685396	0.0782583063339563	0.106824808014819	0.4197592145988015	0.039603816718794024	1.1031141435376846	0.030624963852802344	-0.1571274447752243	0.10466000961636837	1.0446930921009945	1.1648022015974437	0.8246322937288433	-0.27817713464346305	0.09996801410596803
external	SAS	H3K4me3_peaks_Trynka	H3K4me3 peaks Trynka	-0.09208737209848161	0.054265071682991495	9	0.04043252968393565	0.054265071682991495	0.05289245396197773	9	9	0.4870233356340363	0.20031514952110052	9	0.13973607853289335	0.20031514952110052	0.1931457517598902	H3K4me3 Peaks	2.93586032995793	0.291530168056517	0.0662537644826676	0.0846047197200218	0.433569720464132	1.5537833353234722	0.14325924276196414	1.4015501190111364	0.19460226429976338	-0.19844691259714492	0.014272168400181709	1.067625480104695	1.839917436128913	0.4773899169212931	-1.066759999689436	-0.1583411365811492
external	SAS	H3K4me3_Trynka_w_flanking	H3K4me3 Trynka + flank	0.10223689751601128	0.07064217033980501	9	0.04636098943934554	0.07064217033980501	0.06906616222464716	9	9	0.542643621088014	0.08767507543288071	9	0.05407923754662334	0.08767507543288071	0.08517364031035163	H3K4me3 + 500bp	1.75573209547244	0.11726176232079	-0.0372816758989572	0.0716874725741131	0.603022836669529	0.8120727229940478	0.09635465651186506	1.4566392460001143	0.08852248891966887	-0.03622175635000652	0.24069555138202908	1.293070086102461	1.640899372580222	0.8296477861038107	-0.26942910190603375	0.13951857341496848
external	SAS	H3K9ac_peaks_Trynka	H3K9ac peaks Trynka	-0.054885388751137854	0.06523641645067842	9	0.04281045457896078	0.06523641645067842	0.06409036300633913	9	9	0.643446704468227	0.17994517932002618	9	0.12581891098830836	0.17994517932002618	0.17526770252534266	H3K9ac Peaks	3.26117151146855	0.366269650703148	0.105892050119378	0.0988909531031699	0.284261106295447	1.7053903172710985	0.16203238831177322	1.5620565729550966	0.19483296342048215	-0.18274876499446754	0.07297798749219184	1.2232795665564518	1.99465502720765	0.4789863297473984	-1.0619436128028714	-0.16077743887051585
external	SAS	H3K9ac_Trynka_w_flanking	H3K9ac Trynka + flank	0.10538433476058826	0.0697571906865667	9	0.047119314688338236	0.0697571906865667	0.06777863534421978	9	9	0.6492064257197045	0.07901589341573416	9	0.04933112225360961	0.07901589341573416	0.07725085723576498	H3K9ac + 500bp	1.91451350199929	0.127094283153002	-0.097630794797132	0.0748614929084641	0.192181629569072	0.936977834749959	0.095772786056978	1.5683052905604016	0.08589552204039927	-0.03133975898508248	0.242108428506259	1.408671556624545	1.746029067480704	0.8191664822016926	-0.28777140903025444	0.20301512955772028
external	SAS	Intron_UCSC_w_flanking	Intron UCSC + flank	-0.11471929936724815	0.04098486907319196	9	0.027558034752847863	0.04098486907319196	0.04000544224970928	9	9	0.10147330316364617	0.0598014790066551	9	0.039189413075462046	0.0598014790066551	0.058642484298356425	Intron + 500bp	1.17743270054051	0.0248979354132686	-1.16366492588207	0.448323300411899	0.0094427779919018	0.2356446009240821	0.030507160139689415	1.0728685337307715	0.04447171666804083	-0.19504964275070438	-0.03438895598379191	0.9891508115258361	1.1636717851892	0.911193084104308	-0.13417129776043593	1.0489456265148218
external	SAS	PromoterFlanking_Hoffman_w_flanking	Promoter flank	-0.1850088280884818	0.08144674153686385	9	0.0481583036916525	0.08144674153686385	0.0781346062141336	9	9	0.4745840364841273	0.2842840904730811	8	0.21867195200979428	0.2842840904730811	0.273773836143104	Promoter Flanking + 500bp	1.3734760702137	0.24075296709515	-0.144966177667928	0.0619518925216104	0.0192847824086054	0.45783177485878584	0.2528861763521187	1.3895175309142371	0.2738054240686599	-0.3446444415007349	-0.02537321467622866	0.9443458474383876	2.0445464698715345	1.0116794613669833	0.016752261625341436	-0.0400426504205538
external	SAS	Repressed_Hoffman_w_flanking	Repressed Hoffman + flank	-0.16979826981968849	0.10352380903883014	9	0.051842782387091724	0.10352380903883014	0.10021854074720216	9	9	-0.38352636682327135	0.11353881245522318	9	0.050102636852129345	0.11353881245522318	0.1122536233606424	Repressed + 500bp	0.783530672568935	0.0313774686094929	0.0829500076371667	0.0516703008452802	0.108412160833965	-0.35193834246526795	0.05777453256570735	0.7665615990560807	0.060327713871515906	-0.37270493553579553	0.03310839589641859	0.6569873788215148	0.8944109188238372	0.9783428088944898	-0.0315880243580034	-0.2527482774568552
external	SAS	SuperEnhancer_Hnisz_w_flanking	SuperEnhancer Hnisz + flank	-0.019841511398783825	0.07038456520175913	9	0.0417444931365597	0.07038456520175913	0.06777407904726339	9	9	0.5379254607312893	0.08622972048900895	9	0.054648839454647644	0.08622972048900895	0.08503433734666403	Super Enhancer (Hnisz) + 500bp	1.87774902169826	0.113627019972723	0.689855686410006	0.394077057594183	0.0800216637733722	0.9090042465123443	0.0873008779828196	1.45188326397227	0.08677889955028582	-0.1577952591942317	0.11811223639666407	1.2913814497891514	1.6323333532063264	0.7732041115160153	-0.371078785781055	-0.7096971978087899
external	SAS	TFBS_ENCODE_w_flanking	TFBS + flank	0.08936423304003287	0.06534207313455015	9	0.04296434237588697	0.06534207313455015	0.06370374131391683	9	9	0.34135645790854474	0.073193855315612	9	0.04600933042032273	0.073193855315612	0.07155025481123742	TFBS + 500bp	1.49889058961807	0.0923884938840891	-0.0566993066358678	0.0672479600631401	0.399151301041112	0.5838950786985745	0.08892471731091373	1.266947249586379	0.06427744675797713	-0.03870623030368543	0.21743469638375118	1.1470247340636497	1.3994077769777358	0.8452566573983281	-0.24253862079002975	0.14606353967590066
external	SAS	Transcr_Hoffman_w_flanking	Transcr Hoffman + flank	-0.0791075229966459	0.05420481793745544	9	0.035643562904503406	0.05420481793745544	0.05258821490717771	9	9	-0.0818571967754251	0.04309844868522948	9	0.030208190124602113	0.04309844868522948	0.04195312165417749	Transcribed + 500bp	0.96500560542933	0.0161444958957347	-0.040900586429349	0.0401625329294969	0.308498986320465	-0.05139077229772289	0.02413621644826226	0.9448405601383589	0.028225758904497845	-0.18534896615405858	0.027133920160766767	0.8911065456457796	1.0018147531792803	0.9791037013904187	-0.030466424477702217	-0.0382069365672969
external	SAS	TSS_Hoffman_w_flanking	TSS + flank	0.066849423512324	0.07160662562438916	9	0.047568582647097464	0.07160662562438916	0.0705552716094381	9	9	1.2242901072930445	0.2295806053520727	9	0.12355094384735064	0.2295806053520727	0.22318123251474786	TSS + 500bp	2.91612346432055	0.395961310822468	0.0294732239060559	0.114897882990532	0.797551899597086	1.5440518025154104	0.19589411302260082	2.3364045626983097	0.3717994161268528	-0.07349956271147874	0.20719840973612674	1.7103743478172753	3.1915739893806334	0.8012022094690996	-0.31976169522236586	0.03737619960626809
external	SAS	UTR_3_UCSC_w_flanking	UTR 3 UCSC + flank	0.01981564901799021	0.05757978964466626	9	0.0379724210272507	0.05757978964466626	0.056082010413422465	9	9	0.9091419254614529	0.19962333080186098	9	0.13490706839065128	0.19962333080186098	0.19410402049737824	3 UTR + 500bp	1.99053021426073	0.216725881882725	-0.00735507873622119	0.0526759681570588	0.88895333671087	0.9931527702653798	0.15707842703639543	1.8779282271719628	0.2598458281827236	-0.09304073868555565	0.13267203672153607	1.4318498339512913	2.462977850601336	0.9434311590539776	-0.08401084480392695	0.0271707277542114
external	SAS	UTR_5_UCSC_w_flanking	UTR 5 UCSC + flank	0.00930948389230513	0.06952601782140105	9	0.04484200418117047	0.06952601782140105	0.06672424450929529	9	9	0.8862211620562231	0.17020124374690243	9	0.1250275439381722	0.17020124374690243	0.16801467280184088	5 UTR + 500bp	1.5813917957143	0.297087440973196	-0.0631228347541908	0.0585159788090594	0.280708923832125	0.6611948450573876	0.2710312390414451	1.8483284679674838	0.21805564945106412	-0.12696151103764095	0.1455804788222512	1.4667537945389535	2.3291694476733102	1.1687985690684648	0.22502631699883557	0.07243231864649592
external	SAS	WeakEnhancer_Hoffman_w_flanking	WeakEnhancer Hoffman + flank	0.042392386441963234	0.060652929040021265	9	0.04117218635929977	0.060652929040021265	0.0586652610425848	9	9	0.5771433522705229	0.13224450527304388	9	0.09579555143399979	0.13224450527304388	0.12961357741094956	Weak Enhancer + 500bp	1.41042078530012	0.152103821228256	-0.115214915170961	0.0788272616764661	0.143847412556449	0.4961256408515945	0.1555843694827373	1.4918922600407334	0.13675416374080043	-0.07648735447647845	0.16127212736040492	1.246552912198026	1.7855178819845137	1.0577639493048716	0.08101771141892844	0.15760730161292424
external	SAS	GERP.RSsup4	GERP.RS>4	0.18008574182354975	0.054035885311899325	9	0.03870209008084475	0.054035885311899325	0.05273959414350766	9	9	1.1621899479597264	0.2102508778982281	9	0.16573110768446678	0.2102508778982281	0.2048318459645476	Conserved (GERP RS >= 4)	12.9864025812715	1.44623861730367	0.640259064159113	0.127274498133193	4.89108141514702e-07	3.6989299339147097	0.16066661017695238	2.237968837887926	0.3261499482141967	0.07417540661222707	0.2859960770348724	1.681907340887789	2.9778718468008543	0.17233170032133766	-2.5367399859549833	-0.4601733223355633
external	AFR	CTCF_Hoffman_w_flanking	CTCF Hoffman + flank	-0.018638484956973865	1.0827544408624181	16	0.20690940548284878	1.0827544408624181	0.24300096463047793	16	16	0.8007754825722103	8.073161002831801	16	0.5583917771290597	8.073161002831801	0.6196414683380645	CTCF + 500bp	0.729842834861012	0.136081604203005	-0.0802111415169019	0.0793036030514445	0.311804043155665	-0.4543422689470787	0.26899524961052357	1.742037261040144	9.748246776147077	-2.1408371890473132	2.1035602191333655	3.00428231695554e-05	101012.27177369689	2.386866292072169	1.255117751519289	0.06157265655992803
external	AFR	DGF_ENCODE_w_flanking	DGF ENCODE + flank	-1.0130497705571049	56.43274008129723	16	3.9066148701341565	56.43274008129723	4.269203986171543	16	16	0.2570381838582728	22.115350159905695	15	2.6431735325003216	22.115350159905695	3.7431396023379597	DGF + 500bp	1.36727350087271	0.0729571645117499	0.0292772314871247	0.0738911362842639	0.691941885034106	0.45130185953915075	0.07698162757578438	1.1950228331478296	18.31873518319029	-111.62122032989967	109.59512078878547	1.0688186625953828e-13	13361289634266.816	0.8740188648321383	-0.19426367568087793	-1.0423270020442297
external	AFR	DHS_peaks_Trynka	DHS peaks	0.18072363066108282	0.4650477250279058	16	0.2737013817237827	0.4650477250279058	0.1862154141569324	16	16	0.8373936739392136	1.0798510143874738	16	0.39253419604242057	1.0798510143874738	0.49182096285867954	DHS Peaks	2.27239465656806	0.296444704620544	0.0255729681423169	0.152928542913505	0.867195625000677	1.1842134156649289	0.18820643853289357	1.7868192146605826	1.3374264739201822	-0.7307699103936125	1.0922171717157783	0.41204839186651027	7.748417343452697	0.786315532601705	-0.3468197417257153	0.1551506625187659
external	AFR	Enhancer_Andersson_w_flanking	Enhancer Andersson + flank	0.12200572657028103	1.644469194538486	16	0.09723337692763384	1.644469194538486	0.13343311912996275	16	16	2.405480234233126	2.029610009231601	14	0.6873365424721944	2.029610009231601	0.831210818136514	FANTOM5 Enhancer + 500bp	1.72281157302497	0.489794086297467	-0.0416530760046012	0.0724628501609502	0.56541322132736	0.7847649200609099	0.41015715846242173	5.298118948860375	7.453491516877153	-3.1011538947251513	3.3451653478657133	0.3362123479820415	83.48909421307957	3.075274761219395	1.6207153141722161	0.16365880257488222
external	AFR	Enhancer_Hoffman_w_flanking	Enhancer Hoffman + flank	0.17029020821690433	1.7933292499154516	16	0.8952627270283101	1.7933292499154516	0.6849929225457487	16	16	1.28540839205077	6.811311278156873	15	2.1313950641842556	6.811311278156873	2.998406881646551	Enhancer + 500bp	2.11280059754916	0.207380808044037	-0.0551098583514574	0.0765334777317478	0.471478703487278	1.0791566146454208	0.14160695698767514	2.437510429909848	11.508074687523496	-3.344635121617381	3.6852155380511893	0.00023342363820392403	25453.536503996696	1.153686927548842	0.20625177740534917	0.22540006656836173
external	AFR	FetalDHS_Trynka_w_flanking	FetalDHS Trynka + flank	-0.2053443317671853	0.12417965695188807	16	0.09108119934911449	0.12417965695188807	0.11553434420518255	16	16	0.2435522064921986	0.2194842192494244	16	0.13812252039072104	0.2194842192494244	0.17600619545505422	Fetal DHS + 500bp	1.58073635419153	0.10205530915673	-0.0871380184060348	0.0680130829243281	0.200125199318936	0.6605967654077292	0.09314310259670582	1.1839040866093726	0.18011309164516648	-0.4487364593928859	0.03804779585851531	0.8786516033621847	1.595204380128598	0.7489573346435004	-0.41704455891553055	-0.1182063133611505
external	AFR	H3K27ac_Hnisz_w_flanking	H3K27ac Hnisz + flank	0.3028036356745779	0.7724350953449166	16	0.42699511637037885	0.7724350953449166	0.45968139698673327	16	16	0.535372089470706	4.17027049951595	16	0.3592554819162623	4.17027049951595	0.5020454741723813	H3K27ac (Hnisz) + 500bp	1.53435439316762	0.0658422707796821	0.250413669294324	0.160483288241188	0.118671939013909	0.6176317437372163	0.061908981365518534	1.4493159034311913	4.189408839191803	-1.2111691512014584	1.8167764225506144	0.005019091318571159	418.5053537811595	0.9445770220262675	-0.08225965426651027	0.052389966380253894
external	AFR	H3K27ac_PGC2_w_flanking	H3K27ac PGC2 + flank	-0.17390741525933165	9.15414334123625	16	1.1518410336935512	9.15414334123625	1.204410018589964	16	16	0.6050485167580147	11.140507671345896	15	1.367919648088695	11.140507671345896	1.9865413985276166	H3K27ac (PGC2) + 500bp	1.70848255771173	0.08600623021043	0.240523484538728	0.106700214051175	0.0241836701141652	0.7727155190395014	0.07262629709040196	1.5210299034819403	11.745410379761077	-18.116028364082382	17.768213533563717	4.064703574535544e-07	5691760.604094325	0.890281201067188	-0.16766700228148668	-0.41443089979805964
external	AFR	H3K4me1_peaks_Trynka	H3K4me1 peaks Trynka	-0.0005478022670381555	3.027203039138199	16	1.0967899102392407	3.027203039138199	0.8597896311960457	16	16	0.7423387335067715	13.483614630804254	15	2.1917223544123132	13.483614630804254	2.9212802341875275	H3K4me1 Peaks	2.25366983109287	0.138429013630545	0.190454717206284	0.114969516745475	0.0976070316079179	1.1722761721492967	0.08861584280208978	1.672885534154239	15.635004782496473	-5.933865758977908	5.9327701544438325	1.8530204668800456e-08	151026179.1708354	0.7422939736221291	-0.4299374386425252	-0.19100251947332217
external	AFR	H3K4me1_Trynka_w_flanking	H3K4me1 Trynka + flank	0.250356860094642	4.840851158972803	16	1.5252655345053505	4.840851158972803	2.216500093098584	16	16	0.263676473397181	0.7069930371501959	16	0.31318061761102883	0.7069930371501959	0.42158398346721937	H3K4me1 + 500bp	1.33770427368251	0.0367216864114438	-0.126201731685396	0.0782583063339563	0.106824808014819	0.4197592145988015	0.039603816718794024	1.2005341756434518	0.5883220493485399	-9.23771141149205	9.738425131681336	0.4594469261120645	3.136994122660332	0.8974585782988879	-0.15608274120162052	0.376558591780038
external	AFR	H3K4me3_peaks_Trynka	H3K4me3 peaks Trynka	-0.07628044663167649	3.058016762916153	16	0.16798235901658795	3.058016762916153	0.2529759491993761	16	16	1.3412539938887917	13.912519330017371	15	2.546112651228491	13.912519330017371	3.3741841927255845	H3K4me3 Peaks	2.93586032995793	0.291530168056517	0.0662537644826676	0.0846047197200218	0.433569720464132	1.5537833353234722	0.14325924276196414	2.5337145416703315	24.433682475274843	-6.069993301947337	5.917432408683984	1.567147384230588e-08	409642988.4814912	0.8630228474481411	-0.2125293414346805	-0.14253421111434408
external	AFR	H3K4me3_Trynka_w_flanking	H3K4me3 Trynka + flank	-0.09728161345033469	0.74495007718859	16	0.3823921022158696	0.74495007718859	0.5385365321587778	16	16	0.6603441567089502	8.155903295707303	15	1.43525125102614	8.155903295707303	2.168469772839287	H3K4me3 + 500bp	1.75573209547244	0.11726176232079	-0.0372816758989572	0.0716874725741131	0.603022836669529	0.8120727229940478	0.09635465651186506	1.5804595993778847	8.934719597674428	-1.557383764739971	1.3628205378393017	2.4358312198895858e-05	102546.20783532498	0.9001712752494895	-0.15172856628509757	-0.05999993755137749
external	AFR	H3K9ac_peaks_Trynka	H3K9ac peaks Trynka	0.035587544325374046	1.5993880705244685	16	0.41998462001569736	1.5993880705244685	0.7176071859322353	16	16	1.3686343961784477	8.663757615557689	15	2.2697089589227604	8.663757615557689	3.3416944577682397	H3K9ac Peaks	3.26117151146855	0.366269650703148	0.105892050119378	0.0988909531031699	0.284261106295447	1.7053903172710985	0.16203238831177322	2.58226022837409	15.507141900995569	-3.0992130739025843	3.1703881625533326	1.9962742652960717e-05	334025.6398112536	0.7918198166803141	-0.33675592109265073	-0.07030450579400395
external	AFR	H3K9ac_Trynka_w_flanking	H3K9ac Trynka + flank	0.10540415897048314	0.8061896687129457	16	0.39750079860387366	0.8061896687129457	0.6119268666488397	16	16	0.8450295151419567	4.312769419218368	16	0.8144487958723837	4.312769419218368	1.1203476000725754	H3K9ac + 500bp	1.91451350199929	0.127094283153002	-0.097630794797132	0.0748614929084641	0.192181629569072	0.936977834749959	0.095772786056978	1.796301494734063	5.369834881675149	-1.4747275917068905	1.6855359096478566	0.005125830377374624	629.4978222897216	0.9382548061730667	-0.09194831960800232	0.20303495376761516
external	AFR	Intron_UCSC_w_flanking	Intron UCSC + flank	-0.12840996206346347	0.12499658855906982	16	0.08148918965895602	0.12499658855906982	0.12153286113860272	16	16	0.028554993112518037	0.32598540276427057	16	0.0985655720238844	0.32598540276427057	0.15129099921541247	Intron + 500bp	1.17743270054051	0.0248979354132686	-1.16366492588207	0.448323300411899	0.0094427779919018	0.2356446009240821	0.030507160139689415	1.0199899894332078	0.23047271814009046	-0.37340327563924036	0.11658335151231339	0.6550257846921669	1.5883032437156468	0.8662830486744364	-0.20708960781156405	1.0352549638186064
external	AFR	PromoterFlanking_Hoffman_w_flanking	Promoter flank	-0.17422425374885714	0.4366012015016984	16	0.24401418253200124	0.4366012015016984	0.3039188290280418	16	16	1.1938859772828327	14.559537147300592	14	3.6390769673316115	14.559537147300592	5.287126577452788	Promoter Flanking + 500bp	1.3734760702137	0.24075296709515	-0.144966177667928	0.0619518925216104	0.0192847824086054	0.45783177485878584	0.2528861763521187	2.287681133470915	23.087054089702118	-1.029962608692186	0.6815141011944716	5.8748255921560095e-09	890832397.7185718	1.6656141181367454	0.7360542024240468	-0.029258076080929146
external	AFR	Repressed_Hoffman_w_flanking	Repressed Hoffman + flank	0.005869786537508276	4.510606369550159	16	1.2576232910371292	4.510606369550159	0.05497333482127283	16	16	-0.16168064325302173	0.5611370118520818	15	0.12049388320457857	0.5611370118520818	0.1573248656072024	Repressed + 500bp	0.783530672568935	0.0313774686094929	0.0829500076371667	0.0516703008452802	0.108412160833965	-0.35193834246526795	0.05777453256570735	0.8939830336382814	0.3477151816042413	-8.834918697780804	8.84665827085582	0.41710740021964676	1.9160668547531083	1.1409675012558347	0.19025769921224622	-0.07708022109965842
external	AFR	SuperEnhancer_Hnisz_w_flanking	SuperEnhancer Hnisz + flank	0.014569720613595516	0.2778875574564833	16	0.19122946464851168	0.2778875574564833	0.22790933619093534	16	16	0.8751702386760606	5.839272363401509	15	0.8947780269665868	5.839272363401509	1.2446205061562496	Super Enhancer (Hnisz) + 500bp	1.87774902169826	0.113627019972723	0.689855686410006	0.394077057594183	0.0800216637733722	0.9090042465123443	0.0873008779828196	1.834224512973092	7.4239781820264135	-0.5300898920011118	0.5592293332283028	0.0006579184569212908	5113.672566255231	0.9768209125808497	-0.033834007836283764	-0.6752859657964105
external	AFR	TFBS_ENCODE_w_flanking	TFBS + flank	0.5686492511995134	7.092862648937754	16	1.3806674559306145	7.092862648937754	1.7184270793740164	16	16	0.6587210855284469	1.6518072488988982	16	0.20843923887481916	1.6518072488988982	0.2879055172823144	TFBS + 500bp	1.49889058961807	0.0923884938840891	-0.0566993066358678	0.0672479600631401	0.399151301041112	0.5838950786985745	0.08892471731091373	1.5786825391281507	1.80750552815042	-13.333361540718485	14.470660043117512	0.1673776587513734	14.88991169992486	1.0532340052454479	0.0748260068298724	0.6253485578353811
external	AFR	Transcr_Hoffman_w_flanking	Transcr Hoffman + flank	-0.1080404620390085	11.599993305780314	16	0.9928347725672153	11.599993305780314	0.6347594858039171	16	16	-0.08783476840050874	2.0132338991245575	16	0.5351836139611915	2.0132338991245575	0.6328323441257013	Transcribed + 500bp	0.96500560542933	0.0161444958957347	-0.040900586429349	0.0401625329294969	0.308498986320465	-0.05139077229772289	0.02413621644826226	0.9409338663266983	1.3130425369425247	-22.844027341368424	22.62794641729041	0.06105387987649233	14.50123305171633	0.9750553375366953	-0.036443996102785856	-0.06713987560965949
external	AFR	TSS_Hoffman_w_flanking	TSS + flank	0.012433894961577166	0.12772800762558	16	0.12380816453593088	0.12772800762558	0.11843339631206326	16	16	1.6415997138317353	8.978200034836238	15	1.9924239855842536	8.978200034836238	2.6607038321304266	TSS + 500bp	2.91612346432055	0.395961310822468	0.0294732239060559	0.114897882990532	0.797551899597086	1.5440518025154104	0.19589411302260082	3.120116101818903	19.417150333297357	-0.23791299998455967	0.262780789907714	1.5734901200630684e-05	618696.2577457665	1.069953361026805	0.0975479113163249	-0.017039328944478734
external	AFR	UTR_3_UCSC_w_flanking	UTR 3 UCSC + flank	-0.07098552519542715	1.1174903576673407	16	0.23447407516204938	1.1174903576673407	0.4144456640508083	16	16	0.6986439057238095	5.8805390052235165	15	1.3520352479304616	5.8805390052235165	1.7449422709553344	3 UTR + 500bp	1.99053021426073	0.216725881882725	-0.00735507873622119	0.0526759681570588	0.88895333671087	0.9931527702653798	0.15707842703639543	1.6229785196322897	6.615388712680929	-2.261266626223415	2.119295575832561	0.0005504073879541869	4785.653922594264	0.8153498540262316	-0.2945088645415703	-0.06363044645920596
external	AFR	UTR_5_UCSC_w_flanking	UTR 5 UCSC + flank	1.0775893862226208e-18	2.939272241319543e-16	16	0.012473509520521812	2.939272241319543e-16	6.807918246832819e-20	16	16	1.096372118067054	1.662120215211442	16	0.5209637411293542	1.662120215211442	0.6809239876161753	5 UTR + 500bp	1.5813917957143	0.297087440973196	-0.0631228347541908	0.0585159788090594	0.280708923832125	0.6611948450573876	0.2710312390414451	2.138163413327893	2.463365113203652	-5.750197699124078e-16	5.77174948684853e-16	0.22354179465191165	20.45140055000847	1.352076961017813	0.43517727300966647	0.0631228347541908
external	AFR	WeakEnhancer_Hoffman_w_flanking	WeakEnhancer Hoffman + flank	-0.08655910708207679	0.6936970335216546	16	0.4409314409110187	0.6936970335216546	0.5057693589637478	16	16	0.7965919163797264	12.293857695068088	15	2.121709752473571	12.293857695068088	3.117092428790957	Weak Enhancer + 500bp	1.41042078530012	0.152103821228256	-0.115214915170961	0.0788272616764661	0.143847412556449	0.4961256408515945	0.1555843694827373	1.7369929714807912	14.801703619609127	-1.4462052927845197	1.273087078620366	9.687037946978478e-08	31146203.818833534	1.2315423805323322	0.3004662755281319	0.02865580808888421
external	AFR	GERP.RSsup4	GERP.RS>4	0.138467030336677	0.17973831644184113	16	0.11966309633368749	0.17973831644184113	0.15940778195182692	16	16	1.4937202450176787	8.113268155954954	16	0.41763806684183447	8.113268155954954	0.4779569438912893	Conserved (GERP RS >= 4)	12.9864025812715	1.44623861730367	0.640259064159113	0.127274498133193	4.89108141514702e-07	3.6989299339147097	0.16066661017695238	2.816142318839419	15.837108432838578	-0.2138200698893316	0.49075413056268563	4.5991113699732e-05	172438.91095432342	0.21685315091808052	-2.205209688897031	-0.501792033822436
