trait	bin_index	annotation	annotation_group	annotation_prop	eur_h2	sas_h2	eur_h2bin	sas_h2bin	eur_h2bin_se	sas_h2bin_se	eur_enrichment	sas_enrichment	h2_ratio_sas_over_eur	h2bin_ratio_sas_over_eur	enrichment_ratio_sas_over_eur	log2_enrichment_diff_sas_minus_eur	eur_h2bin_z	sas_h2bin_z
FinnGen_R12.EUR.E4_LIPOPROT	1	Coding_UCSC_w_flanking	other	0.116483260393	0.124834172481	0.105966654477	0.0233581418902	0.0233321725331	0.00457961894515	0.00446363898961	1.60635410486	1.89026388923	0.848859349736	0.998888209635	1.1767417181	0.234797699388	5.100455337	5.22716388745
FinnGen_R12.EUR.E4_LIPOPROT	2	Conserved_LindbladToh_w_flanking	other	0.447988813988	0.124834172481	0.105966654477	0.0622206391066	0.0568312572637	0.00709547420814	0.00686275569066	1.11258656402	1.1971563422	0.848859349736	0.913382730871	1.07601186363	0.105693984501	8.76906000662	8.28111327656
FinnGen_R12.EUR.E4_LIPOPROT	3	CTCF_Hoffman_w_flanking	other	0.0829869119547	0.124834172481	0.105966654477	0.0116411508598	0.0106222343523	0.0025986038627	0.00259019691367	1.12370632769	1.20791688262	0.848859349736	0.912472871474	1.07494000244	0.104256138325	4.47977124443	4.10093699681
FinnGen_R12.EUR.E4_LIPOPROT	4	DGF_ENCODE_w_flanking	other	0.64337389862	0.124834172481	0.105966654477	0.0868054953342	0.0814018813647	0.00825859429502	0.00846254042342	1.08081234149	1.19399300203	0.848859349736	0.937750323886	1.10471814227	0.143678327423	10.5109286439	9.61908331208
FinnGen_R12.EUR.E4_LIPOPROT	5	DHS_peaks_Trynka	other	0.176878814776	0.124834172481	0.105966654477	0.0271980775036	0.0244391182324	0.00384911804844	0.00392418724015	1.23176795303	1.30388860435	0.848859349736	0.898560504108	1.05855051769	0.0820901213819	7.06605439514	6.22781654819
FinnGen_R12.EUR.E4_LIPOPROT	6	DHS_Trynka_w_flanking	other	0.614339617469	0.124834172481	0.105966654477	0.0738697986381	0.0756538168078	0.00790533018633	0.00797651425704	0.963218700224	1.16212567786	0.848859349736	1.02415084652	1.20650240448	0.270830790757	9.34430275485	9.48457112592
FinnGen_R12.EUR.E4_LIPOPROT	7	Enhancer_Andersson_w_flanking	other	0.0261760905848	0.124834172481	0.105966654477	0.00453261297028	0.00439128010379	0.00140492940536	0.00141562124696	1.38710828462	1.58313201635	0.848859349736	0.968818677567	1.14131826182	0.190701149839	3.22622115601	3.10201624426
FinnGen_R12.EUR.E4_LIPOPROT	8	Enhancer_Hoffman_w_flanking	other	0.118943908867	0.124834172481	0.105966654477	0.0227643543018	0.0217148042037	0.00331512656071	0.00319114787541	1.5331323335	1.72283818103	0.848859349736	0.953895020075	1.12373742525	0.168304971913	6.86681304165	6.80470008019
FinnGen_R12.EUR.E4_LIPOPROT	9	FetalDHS_Trynka_w_flanking	other	0.376609445737	0.124834172481	0.105966654477	0.0518462747168	0.0491840464227	0.00534507640179	0.00554102640145	1.10279010755	1.23243443462	0.848859349736	0.948651502762	1.11756029201	0.160352666425	9.69981920173	8.87634218993
FinnGen_R12.EUR.E4_LIPOPROT	10	H3K27ac_Hnisz_w_flanking	other	0.506667397779	0.124834172481	0.105966654477	0.0813998189721	0.0741158728073	0.00832309477055	0.00831841893546	1.28696575966	1.380444797	0.848859349736	0.910516432877	1.07263521708	0.101159526251	9.77999424687	8.90985094431
FinnGen_R12.EUR.E4_LIPOPROT	11	H3K27ac_PGC2_w_flanking	other	0.410626711402	0.124834172481	0.105966654477	0.0666145651519	0.0602792987241	0.00673665841538	0.00679907200509	1.29953659451	1.38532531674	0.848859349736	0.904896678176	1.06601485683	0.0922275447798	9.88836913563	8.86581266958
FinnGen_R12.EUR.E4_LIPOPROT	12	H3K4me1_peaks_Trynka	other	0.249838070139	0.124834172481	0.105966654477	0.0387977481223	0.0345246976183	0.0043826697533	0.00436318810805	1.24398291572	1.30407342199	0.848859349736	0.889863440256	1.04830492888	0.068058426226	8.85253745005	7.91272270719
FinnGen_R12.EUR.E4_LIPOPROT	13	H3K4me1_Trynka_w_flanking	other	0.720846627575	0.124834172481	0.105966654477	0.103496030048	0.0949666292698	0.00910241975763	0.00915370935719	1.15013106411	1.24325132077	0.848859349736	0.917587169534	1.08096490876	0.112319689785	11.3701667033	10.3746607593
FinnGen_R12.EUR.E4_LIPOPROT	14	H3K4me3_peaks_Trynka	other	0.0620611186697	0.124834172481	0.105966654477	0.00675583555359	0.00643708838505	0.00160638813679	0.00160262274026	0.872019071742	0.97881507507	0.848859349736	0.952818986488	1.12246980231	0.166676632813	4.20560597957	4.01659618533
FinnGen_R12.EUR.E4_LIPOPROT	15	H3K4me3_Trynka_w_flanking	other	0.313400252919	0.124834172481	0.105966654477	0.0579756099267	0.0537902481122	0.00846259109182	0.00859853909239	1.48187815846	1.6197014898	0.848859349736	0.927808231431	1.09300584569	0.128301116954	6.85081073842	6.25574269469
FinnGen_R12.EUR.E4_LIPOPROT	16	H3K9ac_peaks_Trynka	other	0.0591995010161	0.124834172481	0.105966654477	0.0124058684982	0.0114704238103	0.00225371107125	0.00231185746692	1.67870985701	1.8284883397	0.848859349736	0.924596598131	1.08922237638	0.123298525725	5.5046401717	4.96156184991
FinnGen_R12.EUR.E4_LIPOPROT	17	H3K9ac_Trynka_w_flanking	other	0.301600792343	0.124834172481	0.105966654477	0.0555066589199	0.0510288897704	0.00781119803743	0.00755364764862	1.47427710803	1.59666725293	0.848859349736	0.919329153715	1.08301705577	0.115055963246	7.10603657133	6.75552953277
FinnGen_R12.EUR.E4_LIPOPROT	18	Intron_UCSC_w_flanking	other	0.442765933384	0.124834172481	0.105966654477	0.0599088070323	0.0520307618188	0.00621805792924	0.00615743763367	1.08388445117	1.10896225048	0.848859349736	0.868499380913	1.02313696749	0.0329992917989	9.63464922875	8.4500672056
FinnGen_R12.EUR.E4_LIPOPROT	19	PromoterFlanking_Hoffman_w_flanking	other	0.0414266277807	0.124834172481	0.105966654477	0.0079373702982	0.00733271419948	0.00180863146457	0.00174550607608	1.53484163922	1.67038258226	0.848859349736	0.92382160892	1.08830939921	0.122088763613	4.38860566881	4.20091015435
FinnGen_R12.EUR.E4_LIPOPROT	20	Promoter_UCSC_w_flanking	other	0.0777366146549	0.124834172481	0.105966654477	0.0155935989894	0.0149976826332	0.00422030558345	0.00423311177801	1.60689408165	1.82066193471	0.848859349736	0.961784552969	1.13303170103	0.180188226811	3.69489807813	3.54294510037
FinnGen_R12.EUR.E4_LIPOPROT	21	Repressed_Hoffman_w_flanking	other	0.657589455539	0.124834172481	0.105966654477	0.058726527253	0.0554547091354	0.00512016413845	0.00577916682251	0.715395151714	0.795819117649	0.848859349736	0.944287219581	1.11241894181	0.153700215626	11.4696571565	9.59562352819
FinnGen_R12.EUR.E4_LIPOPROT	22	SuperEnhancer_Hnisz_w_flanking	other	0.218089536075	0.124834172481	0.105966654477	0.0367241067509	0.0346152674196	0.00321880167869	0.00320750441761	1.34890984942	1.49783384342	0.848859349736	0.942576157247	1.11040322233	0.151083659651	11.4092480422	10.7919625082
FinnGen_R12.EUR.E4_LIPOPROT	23	TFBS_ENCODE_w_flanking	other	0.417055926633	0.124834172481	0.105966654477	0.0684881882132	0.0602975727391	0.0076184094614	0.00788745929348	1.31549103779	1.3643830319	0.848859349736	0.880408349413	1.03716634527	0.0526472984423	8.98982767469	7.64473964245
FinnGen_R12.EUR.E4_LIPOPROT	24	Transcr_Hoffman_w_flanking	other	0.747293458034	0.124834172481	0.105966654477	0.0813885163157	0.0785093369198	0.00754370600486	0.00791818470825	0.872445816439	0.991427373695	0.848859349736	0.964624255039	1.13637701622	0.184441557718	10.7889300383	9.91506763387
FinnGen_R12.EUR.E4_LIPOPROT	25	TSS_Hoffman_w_flanking	other	0.0474925717889	0.124834172481	0.105966654477	0.014939034355	0.0142357131858	0.00397036472539	0.00386667164631	2.51978421753	2.82868324715	0.848859349736	0.952920573547	1.12258947709	0.166830440972	3.76263527113	3.68164522048
FinnGen_R12.EUR.E4_LIPOPROT	26	UTR_3_UCSC_w_flanking	other	0.0434725987258	0.124834172481	0.105966654477	0.00944072303405	0.00938257040669	0.00187199506933	0.0018219122304	1.73962711254	2.03674662986	0.848859349736	0.993840235843	1.17079494518	0.22748842215	5.04313456201	5.14984764367
FinnGen_R12.EUR.E4_LIPOPROT	27	UTR_5_UCSC_w_flanking	other	0.0424410455357	0.124834172481	0.105966654477	0.00448971626479	0.00447230832163	0.00154346223643	0.00152532471645	0.847421220313	0.994435085909	0.848859349736	0.996122707509	1.17348381427	0.230797943072	2.90886045594	2.93203687936
FinnGen_R12.EUR.E4_LIPOPROT	28	WeakEnhancer_Hoffman_w_flanking	other	0.120163951843	0.124834172481	0.105966654477	0.0152768696139	0.0136428989196	0.00243731036845	0.00233785232137	1.01841944472	1.07142860168	0.848859349736	0.893042833015	1.05205041718	0.0732038442409	6.26792131673	5.8356547139
FinnGen_R12.EUR.E4_LIPOPROT	29	GERP.NS	other	2.60003752832	0.124834172481	0.105966654477	0.329557652828	0.306773688799	0.0258712851462	0.0243408329581	1.01535590259	1.11344628036	0.848859349736	0.930865013046	1.09660689175	0.133046445555	12.7383564815	12.6032535258
FinnGen_R12.EUR.E4_LIPOPROT	30	GERP.RSsup4	other	0.0233418896272	0.124834172481	0.105966654477	0.00584915434182	0.00555103752637	0.00192068450475	0.00196614633247	2.00735222353	2.24423808893	0.848859349736	0.949032492899	1.11800911799	0.16093195422	3.04534884691	2.82330843574
FinnGen_R12.EUR.E4_LIPOPROT	31	Backgrd_Selection_Stat	other	0.169103659101	0.124834172481	0.105966654477	0.0235342234592	0.0214314243897	0.00196282647662	0.00200165193803	1.11484215223	1.19599346896	0.848859349736	0.910649311495	1.07279175493	0.101370054398	11.9899663773	10.7068686531
FinnGen_R12.EUR.E4_LIPOPROT	32	CpG_Content_50kb	other	0.0108367491388	0.124834172481	0.105966654477	0.00153482643007	0.00140292465095	0.000167466607858	0.000163588994105	1.13455815711	1.22170430193	0.848859349736	0.914060784636	1.07681064586	0.106764578303	9.1649699585	8.57591098121
FinnGen_R12.EUR.E4_LIPOPROT	33	GTEx_eQTL_MaxCPP	QTL	0.00983327951664	0.124834172481	0.105966654477	0.00275868621116	0.00242444456034	0.000660058982491	0.000634246419006	2.24734854468	2.3267228232	0.848859349736	0.878840279308	1.03531907799	0.0500754646191	4.17945408568	3.8225593203
FinnGen_R12.EUR.E4_LIPOPROT	34	BLUEPRINT_H3K27acQTL_MaxCPP	QTL	0.0228675741433	0.124834172481	0.105966654477	0.00608293614932	0.00572706058996	0.00123196073478	0.00125438037429	2.13088334654	2.36342844785	0.848859349736	0.941496088299	1.10913084552	0.149429572034	4.93760554017	4.56564907052
FinnGen_R12.EUR.E4_LIPOPROT	35	BLUEPRINT_H3K4me1QTL_MaxCPP	QTL	0.0155667864651	0.124834172481	0.105966654477	0.00345684024134	0.00322920681725	0.00098896126012	0.000974246383654	1.77888082676	1.95761673653	0.848859349736	0.934149857038	1.10047660702	0.138128477997	3.49542533235	3.31456895446
FinnGen_R12.EUR.E4_LIPOPROT	36	BLUEPRINT_DNA_methylation_MaxCPP	QTL	0.0450492018314	0.124834172481	0.105966654477	0.00585767707371	0.00527264268042	0.00126233676291	0.00105334524599	1.04160927527	1.10451601386	0.848859349736	0.900125188547	1.06039379648	0.0846001352874	4.64034419801	5.00561681983
FinnGen_R12.EUR.E4_LIPOPROT	37	synonymous	other	0.0117035021402	0.124834172481	0.105966654477	0.00105111522256	0.00112772802465	0.000744281568706	0.000736896714368	0.719450634809	0.909325376084	0.848859349736	1.07288715875	1.26391628847	0.337900914297	1.41225480619	1.53037461378
FinnGen_R12.EUR.E4_LIPOPROT	38	non_synonymous	other	0.0303674179984	0.124834172481	0.105966654477	0.00374677149938	0.00422476277728	0.00161049380263	0.00152220461805	0.988361577514	1.3128806196	0.848859349736	1.12757417365	1.32834040646	0.409624905553	2.32647371462	2.77542370269
FinnGen_R12.EUR.E4_LIPOPROT	39	Conserved_Vertebrate_phastCons46way_w_flanking	other	0.516290658104	0.124834172481	0.105966654477	0.0720395809954	0.0653588284273	0.00690000049759	0.00654671361697	1.11774677268	1.19465022339	0.848859349736	0.907262750896	1.06880221226	0.0959948990917	10.4405182319	9.98345616614
FinnGen_R12.EUR.E4_LIPOPROT	40	Conserved_Mammal_phastCons46way_w_flanking	other	0.454263810304	0.124834172481	0.105966654477	0.0637347196324	0.0584397755216	0.00670974059501	0.00644564133095	1.12391755214	1.21403491342	0.848859349736	0.916922140062	1.08018146981	0.111273704617	9.49883512334	9.06655715406
FinnGen_R12.EUR.E4_LIPOPROT	41	Conserved_Primate_phastCons46way_w_flanking	other	0.263508720223	0.124834172481	0.105966654477	0.0449144948836	0.0414605139567	0.00593607897183	0.00571692254278	1.36539416139	1.48480857302	0.848859349736	0.923098747167	1.08745783086	0.120959457613	7.56635737104	7.25224343105
FinnGen_R12.EUR.E4_LIPOPROT	42	BivFlnk_w_flanking	other	0.0463513518145	0.124834172481	0.105966654477	0.00893550354297	0.0081140981895	0.00293944103425	0.00277573451103	1.54426966351	1.65199462882	0.848859349736	0.908073971487	1.06975787187	0.0972842951433	3.03986487188	2.9232256029
FinnGen_R12.EUR.E4_LIPOPROT	43	Human_Promoter_Villar_w_flanking	other	0.0266764452883	0.124834172481	0.105966654477	0.0122427783408	0.0118430001221	0.00375889687347	0.00369013253211	3.67636431308	4.18952274337	0.848859349736	0.967345792959	1.13958312795	0.188506167168	3.25701362738	3.20936985841
FinnGen_R12.EUR.E4_LIPOPROT	44	Human_Enhancer_Villar_w_flanking	other	0.0579863122145	0.124834172481	0.105966654477	0.012207501872	0.0120700503163	0.00194388016775	0.00190935248022	1.68642807393	1.96432963056	0.848859349736	0.988740402652	1.16478707923	0.220066257181	6.2799662626	6.32154117238
FinnGen_R12.EUR.E4_LIPOPROT	45	Ancient_Sequence_Age_Human_Promoter_w_flanking	other	0.0154493082425	0.124834172481	0.105966654477	0.00983867583893	0.00945610785752	0.00330993893209	0.00327825868459	5.10145578468	5.77609271498	0.848859349736	0.961115907499	1.13224400226	0.17918489714	2.97246445955	2.88449105678
FinnGen_R12.EUR.E4_LIPOPROT	46	Ancient_Sequence_Age_Human_Enhancer_w_flanking	other	0.0230265976223	0.124834172481	0.105966654477	0.0047648750922	0.00456176116905	0.00100395878525	0.000990981845919	1.6576325332	1.86953477942	0.848859349736	0.957372665764	1.12783427085	0.173555087073	4.74608635554	4.60327420511
FinnGen_R12.EUR.E4_LIPOPROT	47	Human_Enhancer_Villar_Species_Enhancer_Count	other	0.099046241685	0.124834172481	0.105966654477	0.0351686527995	0.0343680257915	0.00735647752162	0.00731739443021	2.84435791769	3.27451784482	0.848859349736	0.977234640958	1.15123269981	0.203179476333	4.78063756684	4.69675731154
FinnGen_R12.EUR.E4_LIPOPROT	48	Human_Promoter_Villar_ExAC_w_flanking	other	0.0045203277666	0.124834172481	0.105966654477	0.00362754884158	0.00346280185823	0.00261485723341	0.00261706793685	6.42850306651	7.22917090848	0.848859349736	0.954584489267	1.12454965545	0.169347365947	1.38728370912	1.32316085856
FinnGen_R12.EUR.E4_LIPOPROT	49	MAFbin1	MAFbin	0.030247469953	0.124834172481	0.105966654477	0.0023641317334	0.00876685769762	0.000622349271386	0.00135630435039	0.626107825372	2.73517853763	0.848859349736	3.70827800066	4.36854232896	2.12715196952	3.79872178228	6.46378351223
FinnGen_R12.EUR.E4_LIPOPROT	50	MAFbin2	MAFbin	0.0426672332784	0.124834172481	0.105966654477	0.00427429074611	0.0102310650471	0.000825347631179	0.00197281172565	0.802483462817	2.26285715877	0.848859349736	2.39362871054	2.81981780761	1.49560195108	5.17877629333	5.18603215607
FinnGen_R12.EUR.E4_LIPOPROT	51	MAFbin3	MAFbin	0.0584181251778	0.124834172481	0.105966654477	0.00398800245408	0.0108576300542	0.00140401175066	0.00234524092821	0.546857679426	1.75395401097	0.848859349736	2.72257356389	3.20733177379	1.6813735972	2.8404338156	4.62964377075
FinnGen_R12.EUR.E4_LIPOPROT	52	MAFbin4	MAFbin	0.07974831473	0.124834172481	0.105966654477	0.0061550912295	0.0101513591563	0.00178789338752	0.00177218640506	0.618271878501	1.20125015314	0.848859349736	1.64926217627	1.94291572188	0.958223322304	3.44265003297	5.72815541713
FinnGen_R12.EUR.E4_LIPOPROT	53	MAFbin5	MAFbin	0.106297957799	0.124834172481	0.105966654477	0.0117861237594	0.0130393479616	0.00158830459214	0.00290329071339	0.888203723441	1.15760856309	0.848859349736	1.10633048047	1.30331424259	0.382184974598	7.42056896248	4.49123055485
FinnGen_R12.EUR.E4_LIPOPROT	54	MAFbin6	MAFbin	0.129324555421	0.124834172481	0.105966654477	0.0188796036377	0.0109678165482	0.00387169105795	0.00219045115124	1.16944120377	0.80033159183	0.848859349736	0.58093468267	0.684370953622	-0.547149565268	4.87631976703	5.00710392103
FinnGen_R12.EUR.E4_LIPOPROT	55	MAFbin7	MAFbin	0.137960814687	0.124834172481	0.105966654477	0.0186870512009	0.0145155138384	0.00337803435393	0.00255397104631	1.08505446527	0.992904412235	0.848859349736	0.776768559274	0.915073338729	-0.128040721785	5.53193047879	5.68350759472
FinnGen_R12.EUR.E4_LIPOPROT	56	MAFbin8	MAFbin	0.138505721522	0.124834172481	0.105966654477	0.0190617832976	0.0112730435865	0.00261732023228	0.00193428115424	1.1024586956	0.768076095448	0.848859349736	0.591395013284	0.69669376142	-0.521403450224	7.28293888631	5.82802741049
FinnGen_R12.EUR.E4_LIPOPROT	57	MAFbin9	MAFbin	0.138827867701	0.124834172481	0.105966654477	0.018691311619	0.00609918103125	0.00260676931609	0.00193209755824	1.07852356381	0.414596515251	0.848859349736	0.326311023837	0.384411179471	-1.37927780161	7.17029754172	3.15676659558
FinnGen_R12.EUR.E4_LIPOPROT	58	MAFbin10	MAFbin	0.138001939731	0.124834172481	0.105966654477	0.0209467828035	0.0100648395559	0.00283915169214	0.00225600257377	1.21590222179	0.6882598605	0.848859349736	0.480495723392	0.566048690565	-0.821001938269	7.37783150562	4.46135996161
FinnGen_R12.EUR.I9_HYPTENS	1	Coding_UCSC_w_flanking	other	0.116483260393	0.170528129065	0.148881344678	0.0186895146531	0.0184878318667	0.00207335687418	0.00197897371909	0.940889187967	1.06606131026	0.873060330248	0.989208773468	1.13303598754	0.180193684836	9.01413301581	9.34213106943
FinnGen_R12.EUR.I9_HYPTENS	2	Conserved_LindbladToh_w_flanking	other	0.447988813988	0.170528129065	0.148881344678	0.0898657515809	0.0820904793407	0.00432354371476	0.00431091833474	1.17633498523	1.23079391062	0.873060330248	0.913479027289	1.04629542271	0.0652902557006	20.7852071147	19.0424575384
FinnGen_R12.EUR.I9_HYPTENS	3	CTCF_Hoffman_w_flanking	other	0.0829869119547	0.170528129065	0.148881344678	0.0134200015691	0.0118862111749	0.00156024078155	0.00153567209412	0.948302586493	0.962040942105	0.873060330248	0.885708627804	1.01448731218	0.0207508219515	8.60123753192	7.74007108706
FinnGen_R12.EUR.I9_HYPTENS	4	DGF_ENCODE_w_flanking	other	0.64337389862	0.170528129065	0.148881344678	0.119395686447	0.112892390644	0.00536462133134	0.00483806885161	1.08825124264	1.17858510851	0.873060330248	0.945531568212	1.08300828185	0.11504427539	22.256125656	23.3341843836
FinnGen_R12.EUR.I9_HYPTENS	5	DHS_peaks_Trynka	other	0.176878814776	0.170528129065	0.148881344678	0.0374658931708	0.0336071013934	0.00252882141315	0.00247676183262	1.24212197085	1.27618887427	0.873060330248	0.897005210584	1.02742637537	0.0390350151268	14.8155551736	13.5689677347
FinnGen_R12.EUR.I9_HYPTENS	6	DHS_Trynka_w_flanking	other	0.614339617469	0.170528129065	0.148881344678	0.103052391019	0.106586596533	0.00491200540297	0.00480724830689	0.983679277508	1.16534304666	0.873060330248	1.0342952306	1.18467784501	0.244494793643	20.979698222	22.1720597166
FinnGen_R12.EUR.I9_HYPTENS	7	Enhancer_Andersson_w_flanking	other	0.0261760905848	0.170528129065	0.148881344678	0.00418194821871	0.00388571456178	0.000774228369915	0.000762178643878	0.93686677812	0.997070408657	0.873060330248	0.92916371953	1.06426060988	0.0898514727772	5.4014401709	5.09816772353
FinnGen_R12.EUR.I9_HYPTENS	8	Enhancer_Hoffman_w_flanking	other	0.118943908867	0.170528129065	0.148881344678	0.0295699739982	0.0278097402354	0.00246883327673	0.00236357799332	1.45784955533	1.57041502932	0.873060330248	0.940472258687	1.07721336786	0.107304038423	11.9773069639	11.7659498921
FinnGen_R12.EUR.I9_HYPTENS	9	FetalDHS_Trynka_w_flanking	other	0.376609445737	0.170528129065	0.148881344678	0.0699460237692	0.0673367114706	0.0034480267844	0.00332067953278	1.08912015614	1.20093751592	0.873060330248	0.96269534481	1.10266760664	0.140997963625	20.2858121885	20.2779915393
FinnGen_R12.EUR.I9_HYPTENS	10	H3K27ac_Hnisz_w_flanking	other	0.506667397779	0.170528129065	0.148881344678	0.108772554434	0.0989720571531	0.00451658085917	0.00443820181805	1.25892639894	1.31204688564	0.873060330248	0.909899171423	1.04219506934	0.059625334464	24.0829419035	22.3000352869
FinnGen_R12.EUR.I9_HYPTENS	11	H3K27ac_PGC2_w_flanking	other	0.410626711402	0.170528129065	0.148881344678	0.0883037712412	0.0797432476288	0.00423437254297	0.00403868885368	1.26106080451	1.30438693209	0.873060330248	0.903055968142	1.03435689019	0.0487340530302	20.8540392573	19.7448356429
FinnGen_R12.EUR.I9_HYPTENS	12	H3K4me1_peaks_Trynka	other	0.249838070139	0.170528129065	0.148881344678	0.0512295001682	0.0453104707577	0.0029735181589	0.00287731165386	1.20244570323	1.21814693038	0.873060330248	0.8844605278	1.01305774316	0.0187164084838	17.228581576	15.7475019075
FinnGen_R12.EUR.I9_HYPTENS	13	H3K4me1_Trynka_w_flanking	other	0.720846627575	0.170528129065	0.148881344678	0.134562770342	0.124854354242	0.00600359382147	0.0056429810892	1.09467707088	1.16337717582	0.873060330248	0.927852138631	1.06275833008	0.0878135671073	22.413703249	22.1256021008
FinnGen_R12.EUR.I9_HYPTENS	14	H3K4me3_peaks_Trynka	other	0.0620611186697	0.170528129065	0.148881344678	0.0128707989037	0.0121591799873	0.00145044183733	0.00139450760352	1.21615765557	1.31596520063	0.873060330248	0.944710586987	1.08206793306	0.113791075514	8.87370908122	8.71933574016
FinnGen_R12.EUR.I9_HYPTENS	15	H3K4me3_Trynka_w_flanking	other	0.313400252919	0.170528129065	0.148881344678	0.0680615742598	0.0618204119998	0.00377939819021	0.00358568571222	1.27352249392	1.32492797435	0.873060330248	0.90830123564	1.04036479974	0.0570894923044	18.0085746022	17.2408897381
FinnGen_R12.EUR.I9_HYPTENS	16	H3K9ac_peaks_Trynka	other	0.0591995010161	0.170528129065	0.148881344678	0.0151220041985	0.0140344068318	0.00163933656844	0.0015668841839	1.49794297615	1.59233973666	0.873060330248	0.928078490627	1.0630175928	0.0881654734749	9.22446585382	8.95688843886
FinnGen_R12.EUR.I9_HYPTENS	17	H3K9ac_Trynka_w_flanking	other	0.301600792343	0.170528129065	0.148881344678	0.0689414125438	0.0630987076968	0.00401104544598	0.00360480295774	1.34045325008	1.40523094166	0.873060330248	0.915251158463	1.04832521506	0.0680863441309	17.1878911551	17.5040656692
FinnGen_R12.EUR.I9_HYPTENS	18	Intron_UCSC_w_flanking	other	0.442765933384	0.170528129065	0.148881344678	0.0815973210232	0.0721056241218	0.00359566011893	0.00335569722517	1.08070130137	1.09384216153	0.873060330248	0.883676366057	1.01215956726	0.0174367492724	22.6932797662	21.4875238388
FinnGen_R12.EUR.I9_HYPTENS	19	PromoterFlanking_Hoffman_w_flanking	other	0.0414266277807	0.170528129065	0.148881344678	0.00984336768401	0.00891517012102	0.00140754268969	0.00135080885861	1.39337527021	1.44547228824	0.873060330248	0.905703251896	1.03738907899	0.0529570870629	6.99329956818	6.59987537407
FinnGen_R12.EUR.I9_HYPTENS	20	Promoter_UCSC_w_flanking	other	0.0777366146549	0.170528129065	0.148881344678	0.0155512392704	0.0147350246636	0.00180545524355	0.00183769074777	1.1731224678	1.27316579065	0.873060330248	0.947514497552	1.08527952161	0.118066667104	8.61347259975	8.01822868264
FinnGen_R12.EUR.I9_HYPTENS	21	Repressed_Hoffman_w_flanking	other	0.657589455539	0.170528129065	0.148881344678	0.0913238470478	0.0841660121759	0.00421667987485	0.00458927305751	0.814391683582	0.859689509637	0.873060330248	0.921621404449	1.05562167071	0.0780928729701	21.6577614992	18.3397263839
FinnGen_R12.EUR.I9_HYPTENS	22	SuperEnhancer_Hnisz_w_flanking	other	0.218089536075	0.170528129065	0.148881344678	0.0521326867673	0.0490335086739	0.00288979282337	0.00273296421603	1.40177803919	1.5101422553	0.873060330248	0.940552112589	1.07730483221	0.107426530008	18.0402852224	17.9415114132
FinnGen_R12.EUR.I9_HYPTENS	23	TFBS_ENCODE_w_flanking	other	0.417055926633	0.170528129065	0.148881344678	0.0866164350007	0.0759979340669	0.00450453451072	0.00414788860496	1.21789537277	1.22395994868	0.873060330248	0.877407781402	1.00497955411	0.00716615067112	19.2287204803	18.3220769179
FinnGen_R12.EUR.I9_HYPTENS	24	Transcr_Hoffman_w_flanking	other	0.747293458034	0.170528129065	0.148881344678	0.114062858726	0.109191194792	0.00414598596558	0.00411107925455	0.895070089054	0.98142282722	0.873060330248	0.957289655998	1.09647595113	0.132874169903	27.5116364775	26.5602261672
FinnGen_R12.EUR.I9_HYPTENS	25	TSS_Hoffman_w_flanking	other	0.0474925717889	0.170528129065	0.148881344678	0.0135160805455	0.0125312307426	0.00163034229848	0.00152439326804	1.66889516342	1.77226130932	0.873060330248	0.927134956056	1.06193687187	0.0866980059266	8.2903329921	8.22047105909
FinnGen_R12.EUR.I9_HYPTENS	26	UTR_3_UCSC_w_flanking	other	0.0434725987258	0.170528129065	0.148881344678	0.0075016596065	0.00746109197282	0.00127113873657	0.00117666712809	1.01191893882	1.15278020004	0.873060330248	0.994592178823	1.13920211968	0.188023735795	5.90152702508	6.34086887847
FinnGen_R12.EUR.I9_HYPTENS	27	UTR_5_UCSC_w_flanking	other	0.0424410455357	0.170528129065	0.148881344678	0.00740744632525	0.0073003472686	0.0015610427336	0.00150742912715	1.02349661761	1.15535956098	0.873060330248	0.985541703315	1.12883573926	0.174835569907	4.74519125314	4.84291243755
FinnGen_R12.EUR.I9_HYPTENS	28	WeakEnhancer_Hoffman_w_flanking	other	0.120163951843	0.170528129065	0.148881344678	0.0250353694313	0.0227727489443	0.00206964722057	0.00188434543366	1.22175401402	1.27291959844	0.873060330248	0.909623043782	1.04187879379	0.0591874524982	12.0964429022	12.0852305196
FinnGen_R12.EUR.I9_HYPTENS	29	GERP.NS	other	2.60003752832	0.170528129065	0.148881344678	0.474267918997	0.440907326437	0.0180010358329	0.0173195880714	1.06966578595	1.13900968339	0.873060330248	0.929658762013	1.06482762967	0.0906199112461	26.3467015676	25.4571485545
FinnGen_R12.EUR.I9_HYPTENS	30	GERP.RSsup4	other	0.0233418896272	0.170528129065	0.148881344678	0.00441176646328	0.00394991558774	0.00084590690787	0.000878496669759	1.1083590624	1.13661012586	0.873060330248	0.895313843245	1.02548908962	0.0363121427774	5.21542787065	4.49622146982
FinnGen_R12.EUR.I9_HYPTENS	31	Backgrd_Selection_Stat	other	0.169103659101	0.170528129065	0.148881344678	0.0326931915552	0.0301756904415	0.00168566813914	0.00163409953442	1.13372647053	1.19857144885	0.873060330248	0.922996165442	1.05719631675	0.0802433037866	19.3947971111	18.4662499474
FinnGen_R12.EUR.I9_HYPTENS	32	CpG_Content_50kb	other	0.0108367491388	0.170528129065	0.148881344678	0.00199547596215	0.00181799859144	9.14860521911e-05	7.5866721666e-05	1.07982021461	1.12681920375	0.873060330248	0.911060130978	1.04352482803	0.0614649261748	21.8118053447	23.9630572077
FinnGen_R12.EUR.I9_HYPTENS	33	GTEx_eQTL_MaxCPP	QTL	0.00983327951664	0.170528129065	0.148881344678	0.00453310757739	0.00397849615475	0.000668008080378	0.000622680251308	2.70334587278	2.71756709663	0.873060330248	0.877653152242	1.00526060094	0.00756955010907	6.78600710163	6.38930839125
FinnGen_R12.EUR.I9_HYPTENS	34	BLUEPRINT_H3K27acQTL_MaxCPP	QTL	0.0228675741433	0.170528129065	0.148881344678	0.00523261846013	0.00478201629164	0.000553053391461	0.00053446485022	1.3418468342	1.40459355998	0.873060330248	0.913885911628	1.04676146649	0.065932721818	9.46132605083	8.94729801159
FinnGen_R12.EUR.I9_HYPTENS	35	BLUEPRINT_H3K4me1QTL_MaxCPP	QTL	0.0155667864651	0.170528129065	0.148881344678	0.00364633405308	0.00324816010714	0.000476946335914	0.000460355046734	1.37360371898	1.40151637866	0.873060330248	0.89080157217	1.02032075139	0.0290227538648	7.64516629757	7.05577169227
FinnGen_R12.EUR.I9_HYPTENS	36	BLUEPRINT_DNA_methylation_MaxCPP	QTL	0.0450492018314	0.170528129065	0.148881344678	0.0121965001957	0.0112456502242	0.00131678996617	0.00122213377769	1.58764024452	1.67670704117	0.873060330248	0.922039113168	1.0561001127	0.0787466010313	9.26229733598	9.20165241276
FinnGen_R12.EUR.I9_HYPTENS	37	synonymous	other	0.0117035021402	0.170528129065	0.148881344678	0.0010487134109	0.00102905760769	0.000697116835829	0.00071265019836	0.52546640551	0.590586569082	0.873060330248	0.981257221462	1.12392830995	0.168550015831	1.50435817499	1.44398697995
FinnGen_R12.EUR.I9_HYPTENS	38	non_synonymous	other	0.0303674179984	0.170528129065	0.148881344678	0.00292868526676	0.00328974859848	0.000899976865411	0.00088648448503	0.565547136428	0.727636641265	0.873060330248	1.12328512586	1.28660653444	0.363570921006	3.25417838982	3.71100527311
FinnGen_R12.EUR.I9_HYPTENS	39	Conserved_Vertebrate_phastCons46way_w_flanking	other	0.516290658104	0.170528129065	0.148881344678	0.104127777479	0.0942870078746	0.00428131750235	0.00399044578015	1.18270465103	1.22664051341	0.873060330248	0.905493329036	1.03714863414	0.0526226621043	24.3214331621	23.6281891972
FinnGen_R12.EUR.I9_HYPTENS	40	Conserved_Mammal_phastCons46way_w_flanking	other	0.454263810304	0.170528129065	0.148881344678	0.0915908543772	0.0837482228601	0.00393424024255	0.00384110558224	1.18235513966	1.23830372128	0.873060330248	0.914373202757	1.04731960791	0.0667017731032	23.28044266	21.8031556454
FinnGen_R12.EUR.I9_HYPTENS	41	Conserved_Primate_phastCons46way_w_flanking	other	0.263508720223	0.170528129065	0.148881344678	0.0560969460499	0.0512297949779	0.00335882626439	0.00330564241653	1.24838401655	1.30583210956	0.873060330248	0.913236790686	1.04601796582	0.064907630725	16.7013538761	15.4976820002
FinnGen_R12.EUR.I9_HYPTENS	42	BivFlnk_w_flanking	other	0.0463513518145	0.170528129065	0.148881344678	0.013456801677	0.0123765343041	0.00178443248307	0.00170186506229	1.7024854933	1.79347927575	0.873060330248	0.919723319194	1.05344761104	0.0751185693318	7.54122209984	7.27233584985
FinnGen_R12.EUR.I9_HYPTENS	43	Human_Promoter_Villar_w_flanking	other	0.0266764452883	0.170528129065	0.148881344678	0.00755548928919	0.00712555649011	0.00109322848288	0.00104141478514	1.66088135159	1.79411611319	0.873060330248	0.94309663046	1.08021931336	0.111324247733	6.91117127619	6.84218871461
FinnGen_R12.EUR.I9_HYPTENS	44	Human_Enhancer_Villar_w_flanking	other	0.0579863122145	0.170528129065	0.148881344678	0.0158693265631	0.0155111005511	0.00140023836091	0.00133745942316	1.60485936336	1.79670526716	0.873060330248	0.977426514567	1.11954063276	0.162906890517	11.3333036761	11.5974363652
FinnGen_R12.EUR.I9_HYPTENS	45	Ancient_Sequence_Age_Human_Promoter_w_flanking	other	0.0154493082425	0.170528129065	0.148881344678	0.00546783296742	0.00501704242365	0.00094563270135	0.00092138221488	2.0754399571	2.18121488394	0.873060330248	0.917555904422	1.05096506236	0.0717147100243	5.7821953065	5.44512618393
FinnGen_R12.EUR.I9_HYPTENS	46	Ancient_Sequence_Age_Human_Enhancer_w_flanking	other	0.0230265976223	0.170528129065	0.148881344678	0.00754764082678	0.00728674248207	0.000980593145134	0.000968322422032	1.92214181129	2.12551104936	0.873060330248	0.965433126629	1.10580345158	0.145094979945	7.69701569324	7.52512005947
FinnGen_R12.EUR.I9_HYPTENS	47	Human_Enhancer_Villar_Species_Enhancer_Count	other	0.099046241685	0.170528129065	0.148881344678	0.0321558184745	0.0308114876141	0.00442905040737	0.00431869265308	1.90381848916	2.08946154925	0.873060330248	0.958193231453	1.09751090303	0.134235272038	7.26020602994	7.13444787328
FinnGen_R12.EUR.I9_HYPTENS	48	Human_Promoter_Villar_ExAC_w_flanking	other	0.0045203277666	0.170528129065	0.148881344678	0.00143350636951	0.00127327157555	0.000390549705283	0.000362567553009	1.8596605289	1.8919551413	0.873060330248	0.888221777476	1.01736586431	0.0248385933588	3.67048380813	3.51181887343
FinnGen_R12.EUR.I9_HYPTENS	49	MAFbin1	MAFbin	0.030247469953	0.170528129065	0.148881344678	0.00276142130096	0.0141380006325	0.000449979912283	0.0011500492742	0.535362058694	3.13948679084	0.873060330248	5.11982746986	5.86423101872	2.55194193891	6.13676572127	12.2933868571
FinnGen_R12.EUR.I9_HYPTENS	50	MAFbin2	MAFbin	0.0426672332784	0.170528129065	0.148881344678	0.00407043952883	0.0143514288764	0.000538616915923	0.00127203607833	0.559436499281	2.25922964498	0.873060330248	3.52576884505	4.03840229924	2.01378463682	7.55720700278	11.2822498677
FinnGen_R12.EUR.I9_HYPTENS	51	MAFbin3	MAFbin	0.0584181251778	0.170528129065	0.148881344678	0.00507804039489	0.0123470072547	0.000901653280858	0.00141121290953	0.509744453623	1.41962554562	0.873060330248	2.43145116906	2.78497497232	1.47766436258	5.63192138563	8.74921648698
FinnGen_R12.EUR.I9_HYPTENS	52	MAFbin4	MAFbin	0.07974831473	0.170528129065	0.148881344678	0.00907679503845	0.0124247612336	0.00136048609301	0.00157753334435	0.667444236818	1.04646872841	0.873060330248	1.36884893632	1.56787439413	0.648809986602	6.67172938047	7.87606885021
FinnGen_R12.EUR.I9_HYPTENS	53	MAFbin5	MAFbin	0.106297957799	0.170528129065	0.148881344678	0.0151109650238	0.0143650575562	0.00133265687223	0.0015287907934	0.833626001489	0.907699647642	0.873060330248	0.9506379992	1.08885716859	0.122814720184	11.3389765503	9.39635273722
FinnGen_R12.EUR.I9_HYPTENS	54	MAFbin6	MAFbin	0.129324555421	0.170528129065	0.148881344678	0.0189651538968	0.0162588887926	0.00223861709039	0.00139109782107	0.859962175829	0.844441529785	0.873060330248	0.857303287971	0.981951943376	-0.0262756739626	8.47181680968	11.6878112713
FinnGen_R12.EUR.I9_HYPTENS	55	MAFbin7	MAFbin	0.137960814687	0.170528129065	0.148881344678	0.0241916695857	0.0171225882997	0.00173809937719	0.00172911930427	1.0282863354	0.833630088866	0.873060330248	0.707788614549	0.810698401963	-0.302762795633	13.9184616847	9.9024909718
FinnGen_R12.EUR.I9_HYPTENS	56	MAFbin8	MAFbin	0.138505721522	0.170528129065	0.148881344678	0.0264616654146	0.0181161133889	0.00175194665438	0.00157400849824	1.12034926244	0.878530884567	0.873060330248	0.684617279565	0.784158042515	-0.350783644405	15.1041502025	11.5095397573
FinnGen_R12.EUR.I9_HYPTENS	57	MAFbin9	MAFbin	0.138827867701	0.170528129065	0.148881344678	0.0297661125417	0.0154483197967	0.00220698792949	0.00179282405442	1.25733046595	0.747419312472	0.873060330248	0.518990169612	0.594449377244	-0.750374138254	13.4872113001	8.61675174349
FinnGen_R12.EUR.I9_HYPTENS	58	MAFbin10	MAFbin	0.138001939731	0.170528129065	0.148881344678	0.0350458663397	0.0143091788465	0.00243459456218	0.00158983636093	1.48920876001	0.696448870516	0.873060330248	0.408298619523	0.467663694452	-1.09645666071	14.3949497317	9.00040985233
FinnGen_R12.EUR.I9_IHD	1	Coding_UCSC_w_flanking	other	0.116483260393	0.139308866468	0.116344214739	0.0202308311637	0.0201762958023	0.00263607731132	0.00252196600113	1.2467272415	1.48878891172	0.835152978333	0.997304344001	1.19415768114	0.255993348138	7.67459705253	8.00022513914
FinnGen_R12.EUR.I9_IHD	2	Conserved_LindbladToh_w_flanking	other	0.447988813988	0.139308866468	0.116344214739	0.0718341077148	0.0650810231678	0.00488786674018	0.00455914116031	1.1510250438	1.24865485262	0.835152978333	0.905990555715	1.08481988237	0.117455525263	14.6964128797	14.2748427564
FinnGen_R12.EUR.I9_IHD	3	CTCF_Hoffman_w_flanking	other	0.0829869119547	0.139308866468	0.116344214739	0.0149024568661	0.0138153944548	0.00190826413604	0.00181367411723	1.28904925071	1.43089871075	0.835152978333	0.927054819144	1.11004192429	0.150614165602	7.80943087733	7.61735216021
FinnGen_R12.EUR.I9_IHD	4	DGF_ENCODE_w_flanking	other	0.64337389862	0.139308866468	0.116344214739	0.0971998749418	0.0901953533832	0.00535702829444	0.00466536889164	1.0844849012	1.20496916624	0.835152978333	0.927936928285	1.11109814891	0.151986262898	18.1443646737	19.3329521155
FinnGen_R12.EUR.I9_IHD	5	DHS_peaks_Trynka	other	0.176878814776	0.139308866468	0.116344214739	0.0305069823966	0.027206651276	0.00263244129143	0.00255166121633	1.2380684985	1.32207008341	0.835152978333	0.891817188678	1.06784889932	0.0947075200389	11.58885575	10.6623289573
FinnGen_R12.EUR.I9_IHD	6	DHS_Trynka_w_flanking	other	0.614339617469	0.139308866468	0.116344214739	0.0810009265853	0.0838887191122	0.00482539369133	0.00488752596421	0.946460961634	1.17368146883	0.835152978333	1.03565135176	1.24007382915	0.310426015589	16.7863871358	17.1638411185
FinnGen_R12.EUR.I9_IHD	7	Enhancer_Andersson_w_flanking	other	0.0261760905848	0.139308866468	0.116344214739	0.00615043781583	0.0058941441269	0.00115242492854	0.00114079289066	1.68664036037	1.93540194715	0.835152978333	0.958329195969	1.14748940713	0.198480835683	5.33695311817	5.16670832643
FinnGen_R12.EUR.I9_IHD	8	Enhancer_Hoffman_w_flanking	other	0.118943908867	0.139308866468	0.116344214739	0.0254906199456	0.0241710598495	0.00264581291603	0.00252072258409	1.53836514957	1.74666128578	0.835152978333	0.94823350319	1.13540097179	0.183201881524	9.6343244041	9.58894088626
FinnGen_R12.EUR.I9_IHD	9	FetalDHS_Trynka_w_flanking	other	0.376609445737	0.139308866468	0.116344214739	0.0575799116068	0.0542871302053	0.00384837811565	0.00382225836422	1.09749115046	1.23897026345	0.835152978333	0.942813712116	1.12891139297	0.17493225499	14.9621242706	14.2028939523
FinnGen_R12.EUR.I9_IHD	10	H3K27ac_Hnisz_w_flanking	other	0.506667397779	0.139308866468	0.116344214739	0.0912460501775	0.0818612189439	0.00565620991459	0.00494219794788	1.29274347862	1.38870645615	0.835152978333	0.897148082406	1.07423203375	0.103305648614	16.1320127003	16.5637272742
FinnGen_R12.EUR.I9_IHD	11	H3K27ac_PGC2_w_flanking	other	0.410626711402	0.139308866468	0.116344214739	0.0764349861732	0.0686342124197	0.00526934538252	0.00459509389591	1.33618390434	1.43664235077	0.835152978333	0.89794236718	1.07518309876	0.104582365092	14.5055942673	14.9364113062
FinnGen_R12.EUR.I9_IHD	12	H3K4me1_peaks_Trynka	other	0.249838070139	0.139308866468	0.116344214739	0.049328028975	0.0440394563483	0.00338265347838	0.00317722666227	1.4172823786	1.51509037721	0.835152978333	0.89278767596	1.06901094664	0.0962766262929	14.5826432682	13.8609740599
FinnGen_R12.EUR.I9_IHD	13	H3K4me1_Trynka_w_flanking	other	0.720846627575	0.139308866468	0.116344214739	0.112516670607	0.101423872394	0.00608705142029	0.00507877731053	1.12045712689	1.20935143519	0.835152978333	0.901411958307	1.07933753659	0.110146103202	18.4845934161	19.9701357616
FinnGen_R12.EUR.I9_IHD	14	H3K4me3_peaks_Trynka	other	0.0620611186697	0.139308866468	0.116344214739	0.0135394133533	0.01300227867	0.00178111609087	0.00177358935367	1.56603509073	1.80075685823	0.835152978333	0.96032806819	1.14988282758	0.201486858841	7.60164563259	7.33105363037
FinnGen_R12.EUR.I9_IHD	15	H3K4me3_Trynka_w_flanking	other	0.313400252919	0.139308866468	0.116344214739	0.0541820221688	0.0487086993049	0.00404093004172	0.00367734903348	1.24101522222	1.33586446427	0.835152978333	0.898982676452	1.07642874991	0.106252828979	13.4083049222	13.2456013453
FinnGen_R12.EUR.I9_IHD	16	H3K9ac_peaks_Trynka	other	0.0591995010161	0.139308866468	0.116344214739	0.014610130535	0.0133380150354	0.00183224977204	0.00181233804357	1.77156581602	1.93654843597	0.835152978333	0.912929217398	1.0931281347	0.128462521291	7.97387493668	7.35956246282
FinnGen_R12.EUR.I9_IHD	17	H3K9ac_Trynka_w_flanking	other	0.301600792343	0.139308866468	0.116344214739	0.0604937393444	0.0551990060426	0.00448570963811	0.00388914135063	1.4397901367	1.57309150831	0.835152978333	0.912474689791	1.09258388997	0.127744055931	13.4858794315	14.1931087266
FinnGen_R12.EUR.I9_IHD	18	Intron_UCSC_w_flanking	other	0.442765933384	0.139308866468	0.116344214739	0.0673967160953	0.0576027597897	0.00431276420437	0.00333689135383	1.09266184712	1.11821238974	0.835152978333	0.85468199531	1.0233837602	0.0333472449072	15.627266621	17.2624019429
FinnGen_R12.EUR.I9_IHD	19	PromoterFlanking_Hoffman_w_flanking	other	0.0414266277807	0.139308866468	0.116344214739	0.0096364420391	0.00883919786152	0.00132129060134	0.00128734629511	1.66977660878	1.83395417854	0.835152978333	0.917267786768	1.09832307441	0.135302489037	7.29320410614	6.86621610292
FinnGen_R12.EUR.I9_IHD	20	Promoter_UCSC_w_flanking	other	0.0777366146549	0.139308866468	0.116344214739	0.0124769087149	0.011454526482	0.0015104916455	0.00147390009931	1.15213299854	1.26650446225	0.835152978333	0.918058049773	1.09926932381	0.136544893592	8.26016400162	7.77157589403
FinnGen_R12.EUR.I9_IHD	21	Repressed_Hoffman_w_flanking	other	0.657589455539	0.139308866468	0.116344214739	0.0656141701137	0.0608638187763	0.00402299436038	0.0043693076538	0.716249020612	0.79553550009	0.835152978333	0.927601746251	1.11069680683	0.151465049872	16.3097842642	13.9298542467
FinnGen_R12.EUR.I9_IHD	22	SuperEnhancer_Hnisz_w_flanking	other	0.218089536075	0.139308866468	0.116344214739	0.0427280732948	0.0399153359374	0.00300353526655	0.00284077974201	1.40637041826	1.57311389606	0.835152978333	0.934171210155	1.11856298713	0.161646497936	14.2259269504	14.050837996
FinnGen_R12.EUR.I9_IHD	23	TFBS_ENCODE_w_flanking	other	0.417055926633	0.139308866468	0.116344214739	0.0722799884185	0.061987882169	0.00533240959208	0.00436592129586	1.24407057636	1.27752000314	0.835152978333	0.857607804391	1.02688708134	0.0382775485977	13.5548455478	14.1981217636
FinnGen_R12.EUR.I9_IHD	24	Transcr_Hoffman_w_flanking	other	0.747293458034	0.139308866468	0.116344214739	0.0902204665931	0.0860294359668	0.00487640031331	0.0047843164581	0.866632815873	0.98948930053	0.835152978333	0.953546786172	1.14176301936	0.191263240659	18.5014479527	17.9815521653
FinnGen_R12.EUR.I9_IHD	25	TSS_Hoffman_w_flanking	other	0.0474925717889	0.139308866468	0.116344214739	0.0128800602638	0.0118883959465	0.00200260549549	0.00191600806182	1.94676463707	2.15155662498	0.835152978333	0.923007789017	1.10519606942	0.14430233639	6.43165131266	6.20477344715
FinnGen_R12.EUR.I9_IHD	26	UTR_3_UCSC_w_flanking	other	0.0434725987258	0.139308866468	0.116344214739	0.0101716384165	0.0100667606088	0.0022880580384	0.00225421841326	1.67956398128	1.99034950862	0.835152978333	0.989689192301	1.18503940952	0.244935038001	4.44553339373	4.46574322594
FinnGen_R12.EUR.I9_IHD	27	UTR_5_UCSC_w_flanking	other	0.0424410455357	0.139308866468	0.116344214739	0.00444248441629	0.00445663375999	0.00106526316437	0.00103836596685	0.751382507618	0.90255999281	0.835152978333	1.00318500694	1.2011991012	0.264475300511	4.17031637334	4.29196824845
FinnGen_R12.EUR.I9_IHD	28	WeakEnhancer_Hoffman_w_flanking	other	0.120163951843	0.139308866468	0.116344214739	0.0216165699818	0.01962501477	0.00212038327893	0.00199960895432	1.29131983571	1.40375396833	0.835152978333	0.907869046131	1.0870691594	0.120443727629	10.1946521634	9.81442632951
FinnGen_R12.EUR.I9_IHD	29	GERP.NS	other	2.60003752832	0.139308866468	0.116344214739	0.37325895559	0.344756088592	0.0187905179628	0.0171664215711	1.03050917202	1.13969209397	0.835152978333	0.923637821488	1.10595046111	0.145286764319	19.8642185558	20.0831656827
FinnGen_R12.EUR.I9_IHD	30	GERP.RSsup4	other	0.0233418896272	0.139308866468	0.116344214739	0.00522805280461	0.00476286837401	0.0010727393344	0.00113552283011	1.60777472032	1.75383113528	0.835152978333	0.911021474345	1.09084383099	0.125444575183	4.87355374876	4.19442766602
FinnGen_R12.EUR.I9_IHD	31	Backgrd_Selection_Stat	other	0.169103659101	0.139308866468	0.116344214739	0.0258076865931	0.022962328885	0.00155852700524	0.00139122719155	1.09551243747	1.16712705157	0.835152978333	0.88974766499	1.06537088183	0.0913557555501	16.5590243264	16.5050891935
FinnGen_R12.EUR.I9_IHD	32	CpG_Content_50kb	other	0.0108367491388	0.139308866468	0.116344214739	0.00158389194274	0.00141244800841	8.83646816739e-05	7.4450844026e-05	1.04917460762	1.12028535314	0.835152978333	0.891757808911	1.06777779885	0.0946114580333	17.9244910154	18.9715513221
FinnGen_R12.EUR.I9_IHD	33	GTEx_eQTL_MaxCPP	QTL	0.00983327951664	0.139308866468	0.116344214739	0.00418784400038	0.00373957189803	0.00135894273549	0.00131780129285	3.05712609924	3.26872745185	0.835152978333	0.892958739077	1.06921577513	0.0965530282595	3.08169276822	2.83773579395
FinnGen_R12.EUR.I9_IHD	34	BLUEPRINT_H3K27acQTL_MaxCPP	QTL	0.0228675741433	0.139308866468	0.116344214739	0.00508171295209	0.00464186720693	0.000685399449749	0.000680852715834	1.59518580124	1.74472837257	0.835152978333	0.913445377709	1.09374617753	0.129277974969	7.4142355293	6.81772591778
FinnGen_R12.EUR.I9_IHD	35	BLUEPRINT_H3K4me1QTL_MaxCPP	QTL	0.0155667864651	0.139308866468	0.116344214739	0.00412369944102	0.00400407001664	0.000804148196355	0.000782246577075	1.9015566901	2.21084299733	0.835152978333	0.970989780877	1.16264900691	0.217415626117	5.12803418538	5.11868013742
FinnGen_R12.EUR.I9_IHD	36	BLUEPRINT_DNA_methylation_MaxCPP	QTL	0.0450492018314	0.139308866468	0.116344214739	0.00963029383639	0.00863516794543	0.00108242087958	0.000988062053869	1.53452397894	1.6475511067	0.835152978333	0.896667131049	1.0736561496	0.102532028065	8.89699563087	8.73949962112
FinnGen_R12.EUR.I9_IHD	37	synonymous	other	0.0117035021402	0.139308866468	0.116344214739	0.00128043192764	0.00125619491424	0.000662787144435	0.000656589945394	0.785347557559	0.922563778058	0.835152978333	0.981071220674	1.17472037594	0.23231738636	1.93189010739	1.91321070792
FinnGen_R12.EUR.I9_IHD	38	non_synonymous	other	0.0303674179984	0.139308866468	0.116344214739	0.00389105014618	0.00425385355868	0.000992791699293	0.000910161145888	0.919772036949	1.20400939247	0.835152978333	1.0932404875	1.30903022064	0.388498404131	3.91930165104	4.67373670904
FinnGen_R12.EUR.I9_IHD	39	Conserved_Vertebrate_phastCons46way_w_flanking	other	0.516290658104	0.139308866468	0.116344214739	0.0823681326956	0.0736262478375	0.00508112605306	0.00426993427526	1.14521280456	1.22572659383	0.835152978333	0.893868118992	1.07030465338	0.0980215063061	16.2106060419	17.2429463995
FinnGen_R12.EUR.I9_IHD	40	Conserved_Mammal_phastCons46way_w_flanking	other	0.454263810304	0.139308866468	0.116344214739	0.0727563904969	0.0659727936805	0.00465544756059	0.00422347245056	1.14969924822	1.24827980085	0.835152978333	0.906762873061	1.0857446439	0.11868483583	15.6282268353	15.6205100075
FinnGen_R12.EUR.I9_IHD	41	Conserved_Primate_phastCons46way_w_flanking	other	0.263508720223	0.139308866468	0.116344214739	0.0440395624508	0.0397081653312	0.00345101085911	0.00333086279158	1.19969057015	1.29520954713	0.835152978333	0.901647589609	1.07961967807	0.110523177951	12.7613514558	11.9212852092
FinnGen_R12.EUR.I9_IHD	42	BivFlnk_w_flanking	other	0.0463513518145	0.139308866468	0.116344214739	0.00915879794847	0.00801479075939	0.00147304986285	0.00144241591135	1.41839540308	1.4862264684	0.835152978333	0.875091994002	1.04782239506	0.0673942021097	6.21757496433	5.55650467824
FinnGen_R12.EUR.I9_IHD	43	Human_Promoter_Villar_w_flanking	other	0.0266764452883	0.139308866468	0.116344214739	0.00794551322064	0.0073862326291	0.00176757478205	0.00172040288823	2.13803710518	2.37985354047	0.835152978333	0.929610514008	1.11310207606	0.15458589984	4.49514968268	4.29331564114
FinnGen_R12.EUR.I9_IHD	44	Human_Enhancer_Villar_w_flanking	other	0.0579863122145	0.139308866468	0.116344214739	0.0139098934549	0.0137211069552	0.00206942806368	0.00203584202748	1.72194610906	2.03384975453	0.835152978333	0.986427897502	1.18113438267	0.240173115614	6.72161245855	6.73976996741
FinnGen_R12.EUR.I9_IHD	45	Ancient_Sequence_Age_Human_Promoter_w_flanking	other	0.0154493082425	0.139308866468	0.116344214739	0.00516915006757	0.00458680406373	0.0014078989945	0.00139430881605	2.40176960166	2.5518571396	0.835152978333	0.887342020211	1.06249039784	0.087449803091	3.67153473918	3.28966152328
FinnGen_R12.EUR.I9_IHD	46	Ancient_Sequence_Age_Human_Enhancer_w_flanking	other	0.0230265976223	0.139308866468	0.116344214739	0.00746361300652	0.00722440016435	0.00173433356251	0.00171015382463	2.32670103178	2.69666643245	0.835152978333	0.967949457996	1.15900856862	0.212891232313	4.30344725366	4.22441540656
FinnGen_R12.EUR.I9_IHD	47	Human_Enhancer_Villar_Species_Enhancer_Count	other	0.099046241685	0.139308866468	0.116344214739	0.0389149166765	0.0379465773274	0.00796443172608	0.00790007190921	2.82032622389	3.29298548433	0.835152978333	0.975116499487	1.16759027961	0.223534105314	4.88608830045	4.80332049676
FinnGen_R12.EUR.I9_IHD	48	Human_Promoter_Villar_ExAC_w_flanking	other	0.0045203277666	0.139308866468	0.116344214739	0.000441188575129	0.000273608813554	0.000368633360093	0.00038921568928	0.700608775346	0.520253923049	0.835152978333	0.620162962003	0.74257408893	-0.429393119614	1.19682216232	0.702974780025
FinnGen_R12.EUR.I9_IHD	49	MAFbin1	MAFbin	0.030247469953	0.139308866468	0.116344214739	0.00317826694057	0.0106443301793	0.000617659830624	0.0012691153584	0.754262572644	3.0247152148	0.835152978333	3.34909885744	4.01016214314	2.00366057044	5.1456591201	8.38720460583
FinnGen_R12.EUR.I9_IHD	50	MAFbin2	MAFbin	0.0426672332784	0.139308866468	0.116344214739	0.00331055938318	0.00870414634657	0.000753848634231	0.00123454987345	0.5569653039	1.75342384951	0.835152978333	2.62920713363	3.14817428883	1.65451541336	4.39154391592	7.05046149512
FinnGen_R12.EUR.I9_IHD	51	MAFbin3	MAFbin	0.0584181251778	0.139308866468	0.116344214739	0.00503343022496	0.0103457064261	0.00116206823528	0.00143569732449	0.618497116468	1.52218606859	0.835152978333	2.05539879639	2.46110455176	1.29930594715	4.33144119437	7.20604980564
FinnGen_R12.EUR.I9_IHD	52	MAFbin4	MAFbin	0.07974831473	0.139308866468	0.116344214739	0.00676953971859	0.0137157559768	0.0015547644	0.00163805688504	0.609338849279	1.47826890907	0.835152978333	2.0260987522	2.42602110603	1.27859210175	4.3540614376	8.37318661034
FinnGen_R12.EUR.I9_IHD	53	MAFbin5	MAFbin	0.106297957799	0.139308866468	0.116344214739	0.0130002024663	0.01241723424	0.00149598739927	0.00154999382991	0.87790280515	1.00404958311	0.835152978333	0.955156988685	1.14369105238	0.193697386555	8.69004810645	8.01115075453
FinnGen_R12.EUR.I9_IHD	54	MAFbin6	MAFbin	0.129324555421	0.139308866468	0.116344214739	0.0207333511403	0.0117548734433	0.00273056209915	0.00196327197053	1.15082622599	0.781253850674	0.835152978333	0.566954823837	0.678863440047	-0.558806703306	7.5930707259	5.98738922561
FinnGen_R12.EUR.I9_IHD	55	MAFbin7	MAFbin	0.137960814687	0.139308866468	0.116344214739	0.0197471293408	0.0144058526384	0.00168941790697	0.00181906387031	1.02747073755	0.897508199546	0.835152978333	0.729516295244	0.873512175817	-0.195100281994	11.6887179065	7.91937703427
FinnGen_R12.EUR.I9_IHD	56	MAFbin8	MAFbin	0.138505721522	0.139308866468	0.116344214739	0.0211019555003	0.0134167573431	0.00262515304287	0.00184583992004	1.09364464402	0.832597415505	0.835152978333	0.635806351829	0.761305255832	-0.393453056701	8.03837153709	7.26864621219
FinnGen_R12.EUR.I9_IHD	57	MAFbin9	MAFbin	0.138827867701	0.139308866468	0.116344214739	0.0243349550389	0.0133186021818	0.00210760864919	0.00178220006485	1.25827374996	0.824588362115	0.835152978333	0.547303340422	0.655333040318	-0.609699824107	11.546239881	7.47312405856
FinnGen_R12.EUR.I9_IHD	58	MAFbin10	MAFbin	0.138001939731	0.139308866468	0.116344214739	0.0220994767142	0.00762095596364	0.00195155866223	0.00124219568456	1.14952399481	0.474656539456	0.835152978333	0.344847801701	0.412915729989	-1.27608071598	11.3240135395	6.13506878052
FinnGen_R12.EUR.T2D	1	Coding_UCSC_w_flanking	other	0.116483260393	0.261779612723	0.227701997054	0.0316304455613	0.0310409779404	0.00364162423782	0.00345360472187	1.03730380418	1.17032110627	0.869823263491	0.981363916618	1.12823369736	0.174065932189	8.68580707279	8.9879938326
FinnGen_R12.EUR.T2D	2	Conserved_LindbladToh_w_flanking	other	0.447988813988	0.261779612723	0.227701997054	0.133464867097	0.121429559909	0.00714706645863	0.00708667961535	1.13805687682	1.1903931288	0.869823263491	0.909824154852	1.04598737817	0.0648654428304	18.6740766816	17.1349018863
FinnGen_R12.EUR.T2D	3	CTCF_Hoffman_w_flanking	other	0.0829869119547	0.261779612723	0.227701997054	0.0226496936305	0.0204610155948	0.0023441730436	0.00224548124716	1.04259804636	1.08280622171	0.869823263491	0.903368316084	1.03856536609	0.0545920205846	9.66212528223	9.11208482399
FinnGen_R12.EUR.T2D	4	DGF_ENCODE_w_flanking	other	0.64337389862	0.261779612723	0.227701997054	0.178558148484	0.168471424421	0.00755060212842	0.0070243051757	1.06018197287	1.1499950485	0.869823263491	0.943510144182	1.08471477343	0.117315734786	23.6481998981	23.9840696278
FinnGen_R12.EUR.T2D	5	DHS_peaks_Trynka	other	0.176878814776	0.261779612723	0.227701997054	0.0614367875184	0.0558073796809	0.00395283330565	0.00387426300868	1.32683481451	1.38563540774	0.869823263491	0.908370732506	1.04431643833	0.0625589291859	15.542468596	14.4046440719
FinnGen_R12.EUR.T2D	6	DHS_Trynka_w_flanking	other	0.614339617469	0.261779612723	0.227701997054	0.15836015849	0.16368064377	0.00691753186473	0.00689863595249	0.984694662607	1.17009725882	0.869823263491	1.03359737279	1.18828435175	0.24888010867	22.8925809937	23.7265228804
FinnGen_R12.EUR.T2D	7	Enhancer_Andersson_w_flanking	other	0.0261760905848	0.261779612723	0.227701997054	0.00808822731241	0.00761448397136	0.00134653771122	0.00132960753459	1.18035526739	1.27752336643	0.869823263491	0.941428038215	1.08232106191	0.11412852663	6.00668458448	5.72686584068
FinnGen_R12.EUR.T2D	8	Enhancer_Hoffman_w_flanking	other	0.118943908867	0.261779612723	0.227701997054	0.0409031396567	0.0382563975126	0.00325005487782	0.00308762752058	1.31364681583	1.41252136416	0.869823263491	0.935292445364	1.07526722338	0.10469524022	12.5853689228	12.3902242928
FinnGen_R12.EUR.T2D	9	FetalDHS_Trynka_w_flanking	other	0.376609445737	0.261779612723	0.227701997054	0.110919546725	0.106673221937	0.0055519531961	0.00547073549712	1.12507391838	1.24393407529	0.869823263491	0.961717074101	1.10564653128	0.144890238122	19.9784729459	19.4988812735
FinnGen_R12.EUR.T2D	10	H3K27ac_Hnisz_w_flanking	other	0.506667397779	0.261779612723	0.227701997054	0.159452166566	0.143526026009	0.00761576028068	0.00689433421855	1.20218593837	1.24405866544	0.869823263491	0.900119635249	1.03483049147	0.0493944690333	20.9371304623	20.8179675454
FinnGen_R12.EUR.T2D	11	H3K27ac_PGC2_w_flanking	other	0.410626711402	0.261779612723	0.227701997054	0.135838733894	0.122220806427	0.00683255135141	0.00636627711994	1.26369016992	1.30716709931	0.869823263491	0.899749305102	1.03440473814	0.0488007886132	19.8811142292	19.1981599488
FinnGen_R12.EUR.T2D	12	H3K4me1_peaks_Trynka	other	0.249838070139	0.261779612723	0.227701997054	0.0836731412432	0.0745826627011	0.00559591299791	0.00535412013373	1.27935666525	1.31102939137	0.869823263491	0.891357269405	1.02475676016	0.0352815072358	14.9525450582	13.9299569002
FinnGen_R12.EUR.T2D	13	H3K4me1_Trynka_w_flanking	other	0.720846627575	0.261779612723	0.227701997054	0.20082056355	0.184489260085	0.00848744384275	0.00748168179601	1.06421527849	1.12398723362	0.869823263491	0.918677135567	1.05616528567	0.0788356284051	23.660900416	24.6587953237
FinnGen_R12.EUR.T2D	14	H3K4me3_peaks_Trynka	other	0.0620611186697	0.261779612723	0.227701997054	0.0211819400655	0.0202486067656	0.00247774908811	0.00238680040317	1.30379801164	1.43287632536	0.869823263491	0.955937308055	1.09900177218	0.13619371268	8.54886403436	8.48357773809
FinnGen_R12.EUR.T2D	15	H3K4me3_Trynka_w_flanking	other	0.313400252919	0.261779612723	0.227701997054	0.105235395964	0.0956806191063	0.00571967749461	0.00537032207325	1.28270467033	1.34078083808	0.869823263491	0.909205673907	1.04527633609	0.0638843930277	18.3988338614	17.8165513728
FinnGen_R12.EUR.T2D	16	H3K9ac_peaks_Trynka	other	0.0591995010161	0.261779612723	0.227701997054	0.0265380022408	0.0247262170084	0.00321514472672	0.00315429916662	1.71243603991	1.83431024104	0.869823263491	0.931728650259	1.07117007485	0.0991875619393	8.2540614798	7.83889406245
FinnGen_R12.EUR.T2D	17	H3K9ac_Trynka_w_flanking	other	0.301600792343	0.261779612723	0.227701997054	0.107454247767	0.0984085104985	0.00707967440753	0.00641769238225	1.36099111256	1.43295760162	0.869823263491	0.915817778669	1.05287800075	0.0743382778534	15.1778516329	15.3339400889
FinnGen_R12.EUR.T2D	18	Intron_UCSC_w_flanking	other	0.442765933384	0.261779612723	0.227701997054	0.129498141753	0.114092641019	0.00682962902899	0.0058650543808	1.11725811293	1.13166164052	0.869823263491	0.881036897322	1.01289185321	0.0184801453463	18.9612263277	19.4529553541
FinnGen_R12.EUR.T2D	19	PromoterFlanking_Hoffman_w_flanking	other	0.0414266277807	0.261779612723	0.227701997054	0.0117954099919	0.0103389706546	0.0017054944093	0.00172790492384	1.08767122177	1.09605129835	0.869823263491	0.876524907714	1.00770460449	0.0110727935103	6.91612351678	5.98352982965
FinnGen_R12.EUR.T2D	20	Promoter_UCSC_w_flanking	other	0.0777366146549	0.261779612723	0.227701997054	0.0235411271145	0.0221642199126	0.0026059433827	0.00274706725831	1.15682005173	1.25216046445	0.869823263491	0.941510565947	1.08241594065	0.114254991029	9.0336295373	8.06832080487
FinnGen_R12.EUR.T2D	21	Repressed_Hoffman_w_flanking	other	0.657589455539	0.261779612723	0.227701997054	0.135488957122	0.125529743514	0.00607272808846	0.00649858960542	0.787069781251	0.838349213423	0.869823263491	0.926494278061	1.06515233261	0.0910597720268	22.3110528165	19.3164595914
FinnGen_R12.EUR.T2D	22	SuperEnhancer_Hnisz_w_flanking	other	0.218089536075	0.261779612723	0.227701997054	0.0761501424275	0.0710018953928	0.00596721347296	0.00555439249653	1.33382873848	1.42977689319	0.869823263491	0.93239346808	1.07193438853	0.100216603336	12.7614242012	12.7830173034
FinnGen_R12.EUR.T2D	23	TFBS_ENCODE_w_flanking	other	0.417055926633	0.261779612723	0.227701997054	0.12738582768	0.110806734975	0.00675627352028	0.00592121198282	1.16678542422	1.166823108	0.869823263491	0.869851356254	1.00003229709	4.65941047589e-05	18.8544509481	18.7135227208
FinnGen_R12.EUR.T2D	24	Transcr_Hoffman_w_flanking	other	0.747293458034	0.261779612723	0.227701997054	0.183326140184	0.176481618328	0.0072371709218	0.00707176075019	0.937124718717	1.03714972757	0.869823263491	0.962664779561	1.10673606923	0.14631121398	25.3311884112	24.955824237
FinnGen_R12.EUR.T2D	25	TSS_Hoffman_w_flanking	other	0.0474925717889	0.261779612723	0.227701997054	0.017785662524	0.0161885412708	0.00247534714416	0.00226379086364	1.43056810721	1.49697721216	0.869823263491	0.910201756553	1.0464214913	0.0654640761852	7.18511848569	7.15107633431
FinnGen_R12.EUR.T2D	26	UTR_3_UCSC_w_flanking	other	0.0434725987258	0.261779612723	0.227701997054	0.0129526221895	0.0126555983333	0.00228238679587	0.00222611945853	1.13816774716	1.2784985523	0.869823263491	0.977068438201	1.12329536265	0.167737324175	5.67503379048	5.68504905916
FinnGen_R12.EUR.T2D	27	UTR_5_UCSC_w_flanking	other	0.0424410455357	0.261779612723	0.227701997054	0.0140931928618	0.0138270101032	0.00191294870301	0.00185332193412	1.26849132089	1.43078825465	0.869823263491	0.981112671826	1.12794485157	0.173696531994	7.36726125464	7.46066285012
FinnGen_R12.EUR.T2D	28	WeakEnhancer_Hoffman_w_flanking	other	0.120163951843	0.261779612723	0.227701997054	0.0388199602753	0.0352943309029	0.00366293898239	0.00347739589362	1.2340849704	1.28992336953	0.869823263491	0.909179985054	1.04524680267	0.0638436302994	10.5980362932	10.149644154
FinnGen_R12.EUR.T2D	29	GERP.NS	other	2.60003752832	0.261779612723	0.227701997054	0.735421560465	0.687009192344	0.0304194418376	0.0277179555735	1.08049041993	1.16042236903	0.869823263491	0.934170589056	1.07397747136	0.102963730479	24.1760372985	24.7857094122
FinnGen_R12.EUR.T2D	30	GERP.RSsup4	other	0.0233418896272	0.261779612723	0.227701997054	0.0100283870112	0.00942825854293	0.00184307099041	0.00185712787948	1.64119147985	1.77389795291	0.869823263491	0.94015702948	1.08085983549	0.112179448367	5.44112899795	5.07679554386
FinnGen_R12.EUR.T2D	31	Backgrd_Selection_Stat	other	0.169103659101	0.261779612723	0.227701997054	0.0479952254173	0.0437438508832	0.0024767382462	0.00229921866995	1.08419951787	1.13604927216	0.869823263491	0.9114208862	1.04782307447	0.0673951375559	19.3784003986	19.0255287394
FinnGen_R12.EUR.T2D	32	CpG_Content_50kb	other	0.0108367491388	0.261779612723	0.227701997054	0.00302343600749	0.0027413510518	0.000145077476299	0.000125397916891	1.06577600965	1.1109609514	0.869823263491	0.906700537074	1.0423962834	0.0599038451818	20.8401475172	21.8612168349
FinnGen_R12.EUR.T2D	33	GTEx_eQTL_MaxCPP	QTL	0.00983327951664	0.261779612723	0.227701997054	0.00531557119542	0.0046715387825	0.000804604596064	0.000759604590593	2.06497945007	2.08638635922	0.869823263491	0.878840412584	1.01036664512	0.0148789178438	6.60643901542	6.14996123029
FinnGen_R12.EUR.T2D	34	BLUEPRINT_H3K27acQTL_MaxCPP	QTL	0.0228675741433	0.261779612723	0.227701997054	0.0105323241923	0.00992928712024	0.00117748626203	0.00114274193263	1.75941504671	1.9069141162	0.869823263491	0.942744159689	1.08383415259	0.116144013573	8.94475335461	8.68900215938
FinnGen_R12.EUR.T2D	35	BLUEPRINT_H3K4me1QTL_MaxCPP	QTL	0.0155667864651	0.261779612723	0.227701997054	0.00612719236673	0.00571701665772	0.000876668258494	0.000839801128353	1.50358064476	1.61288591727	0.869823263491	0.933056498889	1.07269664776	0.101242148182	6.989180123	6.80758392041
FinnGen_R12.EUR.T2D	36	BLUEPRINT_DNA_methylation_MaxCPP	QTL	0.0450492018314	0.261779612723	0.227701997054	0.0173794713242	0.0160970835032	0.00224398824761	0.00219594356717	1.4737154607	1.56925404458	0.869823263491	0.926212495359	1.06482837863	0.0906209259918	7.74490300594	7.3303721206
FinnGen_R12.EUR.T2D	37	synonymous	other	0.0117035021402	0.261779612723	0.227701997054	0.00105249894483	0.00110363777035	0.00100649741038	0.00102951907851	0.34353422397	0.41413685076	0.869823263491	1.04858800645	1.20551846618	0.269653750369	1.04570457308	1.07199350977
FinnGen_R12.EUR.T2D	38	non_synonymous	other	0.0303674179984	0.261779612723	0.227701997054	0.0059456617507	0.00656484392533	0.00136909650165	0.00136180684753	0.747922348046	0.949401029823	0.869823263491	1.10414016145	1.26938449199	0.344129122505	4.34276308758	4.82068652925
FinnGen_R12.EUR.T2D	39	Conserved_Vertebrate_phastCons46way_w_flanking	other	0.516290658104	0.261779612723	0.227701997054	0.15475609698	0.140031597487	0.00720087279787	0.00662893240643	1.14503214851	1.19114583582	0.869823263491	0.904853509617	1.04027283196	0.0569619530747	21.4912971419	21.1243061328
FinnGen_R12.EUR.T2D	40	Conserved_Mammal_phastCons46way_w_flanking	other	0.454263810304	0.261779612723	0.227701997054	0.13976517201	0.127884592414	0.00647359754918	0.00621922239345	1.17531695985	1.23635515699	0.869823263491	0.914996136554	1.05193339263	0.0730433575191	21.5900310373	20.5627945623
FinnGen_R12.EUR.T2D	41	Conserved_Primate_phastCons46way_w_flanking	other	0.263508720223	0.261779612723	0.227701997054	0.089221661395	0.081870969822	0.00496968476657	0.00464499622426	1.29341976535	1.36448291953	0.869823263491	0.917613150685	1.05494206605	0.0771637730389	17.9531832673	17.6256267754
FinnGen_R12.EUR.T2D	42	BivFlnk_w_flanking	other	0.0463513518145	0.261779612723	0.227701997054	0.0195859872892	0.0179539446677	0.00215982476701	0.00208341197251	1.61416245977	1.70110310835	0.869823263491	0.916672945948	1.05386115137	0.0756848011034	9.06832238817	8.61756815483
FinnGen_R12.EUR.T2D	43	Human_Promoter_Villar_w_flanking	other	0.0266764452883	0.261779612723	0.227701997054	0.0100429770091	0.00927495900818	0.00206787695755	0.00201634301798	1.43813179987	1.52692322582	0.869823263491	0.923526858597	1.0617408126	0.0864316248871	4.85666082425	4.59989144976
FinnGen_R12.EUR.T2D	44	Human_Enhancer_Villar_w_flanking	other	0.0579863122145	0.261779612723	0.227701997054	0.0217889851478	0.0212090619982	0.0022368028627	0.0021577548184	1.4354090908	1.60630914713	0.869823263491	0.973384572725	1.11906017415	0.162287615063	9.74112896185	9.82922703606
FinnGen_R12.EUR.T2D	45	Ancient_Sequence_Age_Human_Promoter_w_flanking	other	0.0154493082425	0.261779612723	0.227701997054	0.00747349516888	0.00673041871414	0.00178434751099	0.00179607471548	1.84790184464	1.91322569823	0.869823263491	0.900571762215	1.03535028323	0.0501189478041	4.18836304187	3.74729328136
FinnGen_R12.EUR.T2D	46	Ancient_Sequence_Age_Human_Enhancer_w_flanking	other	0.0230265976223	0.261779612723	0.227701997054	0.012549318034	0.012116457962	0.00182301632688	0.00181022438128	2.08187443806	2.31088890949	0.869823263491	0.965507283278	1.11000397874	0.15056484784	6.88382097788	6.69334591187
FinnGen_R12.EUR.T2D	47	Human_Enhancer_Villar_Species_Enhancer_Count	other	0.099046241685	0.261779612723	0.227701997054	0.0563499104076	0.0544555857708	0.00923768042414	0.00905312139858	2.17329863959	2.41455773066	0.869823263491	0.966382827886	1.11101055634	0.151872524651	6.10000647569	6.01511714836
FinnGen_R12.EUR.T2D	48	Human_Promoter_Villar_ExAC_w_flanking	other	0.0045203277666	0.261779612723	0.227701997054	0.00276935175298	0.00248152000408	0.000997106286441	0.0010324926174	2.34030453645	2.41091008958	0.869823263491	0.896065298101	1.03016938695	0.0428815739271	2.77738872038	2.40342638994
FinnGen_R12.EUR.T2D	49	MAFbin1	MAFbin	0.030247469953	0.261779612723	0.227701997054	0.00377150148592	0.0202076150025	0.000683031232849	0.00176478358115	0.476309680624	2.9339936224	0.869823263491	5.35797614768	6.15984461738	2.62289395927	5.52171160635	11.450477678
FinnGen_R12.EUR.T2D	50	MAFbin2	MAFbin	0.0426672332784	0.261779612723	0.227701997054	0.00707337100921	0.0204876512453	0.00106419252206	0.00181563300418	0.633280528429	2.10877794484	0.869823263491	2.89644799045	3.32992702313	1.73549056032	6.64670241764	11.2840266718
FinnGen_R12.EUR.T2D	51	MAFbin3	MAFbin	0.0584181251778	0.261779612723	0.227701997054	0.00834575569082	0.0157942569514	0.00135033483779	0.00213476165508	0.545735532572	1.18736637105	0.869823263491	1.89248973209	2.17571754116	1.12149127331	6.18050831339	7.39860438931
FinnGen_R12.EUR.T2D	52	MAFbin4	MAFbin	0.07974831473	0.261779612723	0.227701997054	0.0103762566868	0.0237136159202	0.00190372923887	0.00231073423512	0.497030879865	1.30589851415	0.869823263491	2.28537290817	2.62739915577	1.39363539206	5.45048974137	10.2623726951
FinnGen_R12.EUR.T2D	53	MAFbin5	MAFbin	0.106297957799	0.261779612723	0.227701997054	0.0233925379593	0.0214923813002	0.00197001571752	0.00240119460747	0.84065267854	0.887958719712	0.869823263491	0.918770820746	1.05627299166	0.0789827445652	11.8742900126	8.95070363449
FinnGen_R12.EUR.T2D	54	MAFbin6	MAFbin	0.129324555421	0.261779612723	0.227701997054	0.0346529647782	0.0274287339881	0.0031283389012	0.00259513174976	1.02358422038	0.931446529476	0.869823263491	0.791526328661	0.909985237098	-0.136084954563	11.0771134051	10.5693030771
FinnGen_R12.EUR.T2D	55	MAFbin7	MAFbin	0.137960814687	0.261779612723	0.227701997054	0.0339025641573	0.029129022195	0.00269690184222	0.0024635342266	0.938730600945	0.927263823721	0.869823263491	0.859198202822	0.987784805127	-0.0177313186562	12.5709299562	11.8240785456
FinnGen_R12.EUR.T2D	56	MAFbin8	MAFbin	0.138505721522	0.261779612723	0.227701997054	0.0450407496976	0.0284921724563	0.00361399748348	0.0026294486615	1.24223017877	0.903422725004	0.869823263491	0.632586549904	0.727258716174	-0.459459412802	12.4628613892	10.8357972047
FinnGen_R12.EUR.T2D	57	MAFbin9	MAFbin	0.138827867701	0.261779612723	0.227701997054	0.0484222507169	0.0194232496258	0.00325376788383	0.00257974117846	1.33239347719	0.614438469727	0.869823263491	0.40112240423	0.46115391605	-1.11667974583	14.8819007519	7.52914663997
FinnGen_R12.EUR.T2D	58	MAFbin10	MAFbin	0.138001939731	0.261779612723	0.227701997054	0.0468016605413	0.0215332983689	0.00319127016891	0.00218435379942	1.29550845169	0.685264963627	0.869823263491	0.460096888013	0.528954452387	-0.918784595883	14.6655275374	9.85797189751
GLGC2021.without_UKB_EUR.HDL	1	Coding_UCSC_w_flanking	other	0.116483260393	0.126400275827	0.119243450005	0.0334889717333	0.0333149600569	0.00664215704738	0.00653068308986	2.27452268743	2.39850841236	0.943379666103	0.994803911037	1.05451065651	0.076573674564	5.04188195106	5.10129791915
GLGC2021.without_UKB_EUR.HDL	2	Conserved_LindbladToh_w_flanking	other	0.447988813988	0.126400275827	0.119243450005	0.065983274365	0.0624927981041	0.00888981399155	0.00849185766797	1.16524881925	1.16984485066	0.943379666103	0.947100590347	1.00394424894	0.00567915572531	7.42234589247	7.35914337564
GLGC2021.without_UKB_EUR.HDL	3	CTCF_Hoffman_w_flanking	other	0.0829869119547	0.126400275827	0.119243450005	0.0120511262018	0.0113315389424	0.00262365966514	0.00255461222871	1.14886767092	1.14510354363	0.943379666103	0.94028879564	0.996723619796	-0.00473457785292	4.59325055072	4.4357178029
GLGC2021.without_UKB_EUR.HDL	4	DGF_ENCODE_w_flanking	other	0.64337389862	0.126400275827	0.119243450005	0.0983930457541	0.0979982939888	0.0113713464858	0.0102290074549	1.20990966202	1.27738127257	0.943379666103	0.995988011528	1.05576582506	0.0782898721113	8.65271723775	9.58043040059
GLGC2021.without_UKB_EUR.HDL	5	DHS_peaks_Trynka	other	0.176878814776	0.126400275827	0.119243450005	0.0349426299785	0.033295211327	0.00565629540657	0.00533806785358	1.56290200454	1.57859754664	0.943379666103	0.952853615984	1.01004256316	0.0144160893794	6.17765294541	6.23731511855
GLGC2021.without_UKB_EUR.HDL	6	DHS_Trynka_w_flanking	other	0.614339617469	0.126400275827	0.119243450005	0.0866121825887	0.0902898928957	0.00987145828749	0.00971033566221	1.11537893497	1.2325259793	0.943379666103	1.04246181307	1.10502891946	0.144084126553	8.77400076729	9.29832871248
GLGC2021.without_UKB_EUR.HDL	7	Enhancer_Andersson_w_flanking	other	0.0261760905848	0.126400275827	0.119243450005	0.00764139581072	0.00760623959464	0.00178362468381	0.00178137911511	2.30951022515	2.43686058662	0.943379666103	0.995399241585	1.05514171796	0.0774367828886	4.28419492065	4.2698600933
GLGC2021.without_UKB_EUR.HDL	8	Enhancer_Hoffman_w_flanking	other	0.118943908867	0.126400275827	0.119243450005	0.0317824563314	0.0310036272547	0.00596715271762	0.00593935275118	2.11396226454	2.18592756913	0.943379666103	0.975495000494	1.03404285204	0.0482959739943	5.3262347782	5.22003466599
GLGC2021.without_UKB_EUR.HDL	9	FetalDHS_Trynka_w_flanking	other	0.376609445737	0.126400275827	0.119243450005	0.0616362416755	0.0620216977769	0.00640617360341	0.00629359437433	1.29478279342	1.38107705272	0.943379666103	1.00625372493	1.06664767229	0.0930837137623	9.62138173132	9.854733891
GLGC2021.without_UKB_EUR.HDL	10	H3K27ac_Hnisz_w_flanking	other	0.506667397779	0.126400275827	0.119243450005	0.0976078058113	0.095155597432	0.0118835244009	0.0103289193288	1.52410037009	1.57498654379	0.943379666103	0.974876923429	1.03338767885	0.0473815876303	8.21370853616	9.21254144823
GLGC2021.without_UKB_EUR.HDL	11	H3K27ac_PGC2_w_flanking	other	0.410626711402	0.126400275827	0.119243450005	0.0819716793498	0.0794227034301	0.0102209680237	0.00893221376573	1.57931446804	1.62204513987	0.943379666103	0.96890418813	1.0270564683	0.038515504238	8.01995262677	8.89171548209
GLGC2021.without_UKB_EUR.HDL	12	H3K4me1_peaks_Trynka	other	0.249838070139	0.126400275827	0.119243450005	0.055859999993	0.0539885076126	0.00737559966998	0.00684844502033	1.76886338851	1.81220854249	0.943379666103	0.966496735041	1.02450452322	0.034926353914	7.57362146706	7.88332350663
GLGC2021.without_UKB_EUR.HDL	13	H3K4me1_Trynka_w_flanking	other	0.720846627575	0.126400275827	0.119243450005	0.111789710001	0.111167960262	0.0129098769243	0.0107858174356	1.22690500156	1.29330880246	0.943379666103	0.994438220307	1.05412301753	0.0760432411884	8.65923901959	10.3068646327
GLGC2021.without_UKB_EUR.HDL	14	H3K4me3_peaks_Trynka	other	0.0620611186697	0.126400275827	0.119243450005	0.0127623914497	0.0122813448526	0.00224361174946	0.00228377640771	1.62691341406	1.65955554947	0.943379666103	0.962307487668	1.02006384306	0.0286594494336	5.68832439604	5.377647659
GLGC2021.without_UKB_EUR.HDL	15	H3K4me3_Trynka_w_flanking	other	0.313400252919	0.126400275827	0.119243450005	0.0701388703489	0.0686831909078	0.00977515220309	0.00905571664414	1.77056307432	1.83787761513	0.943379666103	0.979245752978	1.03801871946	0.053832461264	7.17522028217	7.58451192841
GLGC2021.without_UKB_EUR.HDL	16	H3K9ac_peaks_Trynka	other	0.0591995010161	0.126400275827	0.119243450005	0.0178710252785	0.0174322670976	0.00300822861771	0.00293394426976	2.38826987908	2.46945600135	0.943379666103	0.975448628489	1.03399369685	0.0482273911188	5.94071380522	5.94158085321
GLGC2021.without_UKB_EUR.HDL	17	H3K9ac_Trynka_w_flanking	other	0.301600792343	0.126400275827	0.119243450005	0.0767780349116	0.0743041836451	0.0117225369699	0.0112318941556	2.01398621025	2.06607582557	0.943379666103	0.967779179692	1.02586393842	0.0368393972349	6.5496091084	6.61546330616
GLGC2021.without_UKB_EUR.HDL	18	Intron_UCSC_w_flanking	other	0.442765933384	0.126400275827	0.119243450005	0.070854152117	0.0687197537906	0.010905273748	0.00848839979381	1.26602734184	1.30158598435	0.943379666103	0.969876171507	1.02808678876	0.0399620587253	6.49723736921	8.095725397
GLGC2021.without_UKB_EUR.HDL	19	PromoterFlanking_Hoffman_w_flanking	other	0.0414266277807	0.126400275827	0.119243450005	0.0098343165224	0.00935765458879	0.00225279937726	0.00218012694592	1.87809076994	1.89431804128	0.943379666103	0.95153075127	1.00864030195	0.0124117769079	4.36537608349	4.29225215821
GLGC2021.without_UKB_EUR.HDL	20	Promoter_UCSC_w_flanking	other	0.0777366146549	0.126400275827	0.119243450005	0.0192091236521	0.0196317608649	0.00569804104169	0.00540117740486	1.95494213399	2.11786902625	0.943379666103	1.02200189975	1.08334103062	0.115487468008	3.37118029013	3.6347187647
GLGC2021.without_UKB_EUR.HDL	21	Repressed_Hoffman_w_flanking	other	0.657589455539	0.126400275827	0.119243450005	0.046720913966	0.0417341915238	0.00577183087597	0.00611493100532	0.562093376353	0.532234020562	0.943379666103	0.89326573436	0.946878299858	-0.0787490836337	8.09464361829	6.82496523468
GLGC2021.without_UKB_EUR.HDL	22	SuperEnhancer_Hnisz_w_flanking	other	0.218089536075	0.126400275827	0.119243450005	0.0546003509373	0.0537089589864	0.0066290437008	0.00651392418876	1.98067209859	2.06527255275	0.943379666103	0.983674245026	1.04271300344	0.0603421247888	8.23653507228	8.24525392529
GLGC2021.without_UKB_EUR.HDL	23	TFBS_ENCODE_w_flanking	other	0.417055926633	0.126400275827	0.119243450005	0.0776659258376	0.0750242530105	0.0103802989406	0.00901960323945	1.47328987731	1.50859564645	0.943379666103	0.965986720707	1.02396389854	0.0341648517492	7.48205097773	8.31791055757
GLGC2021.without_UKB_EUR.HDL	24	Transcr_Hoffman_w_flanking	other	0.747293458034	0.126400275827	0.119243450005	0.0962119987899	0.0952007022893	0.0108431438247	0.00976508209962	1.01856801677	1.06835217633	0.943379666103	0.989488873391	1.0488766177	0.0688449796324	8.87307226994	9.74909389579
GLGC2021.without_UKB_EUR.HDL	25	TSS_Hoffman_w_flanking	other	0.0474925717889	0.126400275827	0.119243450005	0.0194340027517	0.0189078820276	0.00565964408471	0.00549849243241	3.23734176672	3.33874048481	0.943379666103	0.972927824966	1.03132159821	0.0444942801343	3.43378531597	3.43873930173
GLGC2021.without_UKB_EUR.HDL	26	UTR_3_UCSC_w_flanking	other	0.0434725987258	0.126400275827	0.119243450005	0.0105952293165	0.0106078770602	0.00320041630319	0.00315246054969	1.92817628311	2.04634258747	0.943379666103	1.00119372062	1.06128397356	0.0858107377167	3.31057847254	3.36495156497
GLGC2021.without_UKB_EUR.HDL	27	UTR_5_UCSC_w_flanking	other	0.0424410455357	0.126400275827	0.119243450005	0.0124793750397	0.0122984581742	0.00296309832184	0.00287297042734	2.3262626125	2.43013310379	0.943379666103	0.985502730311	1.04465123187	0.0630213633178	4.21159667491	4.28074652533
GLGC2021.without_UKB_EUR.HDL	28	WeakEnhancer_Hoffman_w_flanking	other	0.120163951843	0.126400275827	0.119243450005	0.022903553964	0.0218800008683	0.00330909535928	0.00330556928169	1.50792816559	1.52699846179	0.943379666103	0.955310293882	1.01264668745	0.0181309054506	6.92139436229	6.61913244097
GLGC2021.without_UKB_EUR.HDL	29	GERP.NS	other	2.60003752832	0.126400275827	0.119243450005	0.37684883678	0.365195192865	0.0372002428789	0.0321764821793	1.14667287944	1.17790672944	0.943379666103	0.969076078317	1.02723867509	0.0387714254406	10.1302789341	11.3497551047
GLGC2021.without_UKB_EUR.HDL	30	GERP.RSsup4	other	0.0233418896272	0.126400275827	0.119243450005	0.00731158485424	0.00719769545677	0.00158048655358	0.00151133253183	2.47814943783	2.58596667138	0.943379666103	0.984423432164	1.04350715575	0.0614404936692	4.62616074631	4.76248297789
GLGC2021.without_UKB_EUR.HDL	31	Backgrd_Selection_Stat	other	0.169103659101	0.126400275827	0.119243450005	0.0318240575097	0.0315535344609	0.00342650206308	0.00337255891476	1.48886226832	1.56480590346	0.943379666103	0.991499416794	1.05100783112	0.0717734189453	9.28762245691	9.35596241857
GLGC2021.without_UKB_EUR.HDL	32	CpG_Content_50kb	other	0.0108367491388	0.126400275827	0.119243450005	0.00173912917152	0.00167417251872	0.000189748332225	0.000172967235078	1.26965228394	1.29558722212	0.943379666103	0.96264989751	1.02042680386	0.0291727002612	9.16545168607	9.67913095197
GLGC2021.without_UKB_EUR.HDL	33	GTEx_eQTL_MaxCPP	QTL	0.00983327951664	0.126400275827	0.119243450005	0.0044765053535	0.00414768305149	0.00179426138913	0.00176421480127	3.60157698279	3.5373061151	0.943379666103	0.926544865683	0.982154798302	-0.0259776679623	2.49490145673	2.35100796598
GLGC2021.without_UKB_EUR.HDL	34	BLUEPRINT_H3K27acQTL_MaxCPP	QTL	0.0228675741433	0.126400275827	0.119243450005	0.00692532390372	0.0067030539502	0.00128896571284	0.00120767618108	2.39591812548	2.45820493526	0.943379666103	0.967904757003	1.0259970527	0.0370265866427	5.37277588902	5.55037356471
GLGC2021.without_UKB_EUR.HDL	35	BLUEPRINT_H3K4me1QTL_MaxCPP	QTL	0.0155667864651	0.126400275827	0.119243450005	0.00569930674798	0.00506872775998	0.001152190078	0.00109215083184	2.8965100683	2.73064639719	0.943379666103	0.889358650818	0.942736718602	-0.0850731742534	4.9464987217	4.64105104552
GLGC2021.without_UKB_EUR.HDL	36	BLUEPRINT_DNA_methylation_MaxCPP	QTL	0.0450492018314	0.126400275827	0.119243450005	0.00970886575175	0.00953037714944	0.00207517712225	0.00173419737759	1.70503529549	1.7741423138	0.943379666103	0.981615916125	1.0405311365	0.057320136441	4.67857208315	5.49555504615
GLGC2021.without_UKB_EUR.HDL	37	synonymous	other	0.0117035021402	0.126400275827	0.119243450005	0.000769456931234	0.000800135840545	0.000838442777633	0.000862220863493	0.520140242206	0.573341466046	0.943379666103	1.03987085965	1.10228246062	0.140493962853	0.917721461453	0.927994060946
GLGC2021.without_UKB_EUR.HDL	38	non_synonymous	other	0.0303674179984	0.126400275827	0.119243450005	0.00547303203147	0.00585499416918	0.00146238601907	0.00145875704924	1.42584429016	1.61690337195	0.943379666103	1.06978985972	1.13399715741	0.181417023881	3.74253580115	4.01368697566
GLGC2021.without_UKB_EUR.HDL	39	Conserved_Vertebrate_phastCons46way_w_flanking	other	0.516290658104	0.126400275827	0.119243450005	0.0841598369901	0.0812264679593	0.0114513501123	0.00969468364671	1.28962248646	1.31937657538	0.943379666103	0.965145262447	1.02307193713	0.0329075915042	7.34933751608	8.37845472006
GLGC2021.without_UKB_EUR.HDL	40	Conserved_Mammal_phastCons46way_w_flanking	other	0.454263810304	0.126400275827	0.119243450005	0.0800372465148	0.0772417745904	0.0102190879373	0.00903176295591	1.39391399463	1.42596731415	0.943379666103	0.965072862372	1.0229951917	0.03279936412	7.83213208516	8.55223669703
GLGC2021.without_UKB_EUR.HDL	41	Conserved_Primate_phastCons46way_w_flanking	other	0.263508720223	0.126400275827	0.119243450005	0.0523985875093	0.0503514201759	0.00677970426668	0.00612574481414	1.57317329877	1.60244155961	0.943379666103	0.960930867974	1.01860460057	0.0265941383502	7.72874235338	8.21964050146
GLGC2021.without_UKB_EUR.HDL	42	BivFlnk_w_flanking	other	0.0463513518145	0.126400275827	0.119243450005	0.0116445710568	0.0112565088909	0.0036133429792	0.00339518512066	1.98752714604	2.03660488586	0.943379666103	0.966674412994	1.02469286516	0.0351915504057	3.22265866369	3.31543302968
GLGC2021.without_UKB_EUR.HDL	43	Human_Promoter_Villar_w_flanking	other	0.0266764452883	0.126400275827	0.119243450005	0.01357138175	0.0134320373896	0.00626782099607	0.00612390111601	4.02483505754	4.2225947282	0.943379666103	0.98973248539	1.04913485095	0.0692001271987	2.16524718216	2.19337920962
GLGC2021.without_UKB_EUR.HDL	44	Human_Enhancer_Villar_w_flanking	other	0.0579863122145	0.126400275827	0.119243450005	0.027327153843	0.0271461164657	0.00500816694434	0.0049307379193	3.72838618862	3.92597640979	0.943379666103	0.993375183587	1.05299617882	0.0745002010348	5.45651815259	5.50548759841
GLGC2021.without_UKB_EUR.HDL	45	Ancient_Sequence_Age_Human_Promoter_w_flanking	other	0.0154493082425	0.126400275827	0.119243450005	0.0107689675284	0.0106890338643	0.00562971224234	0.00549752804164	5.51463798002	5.80222922208	0.943379666103	0.992577406897	1.05215052069	0.0733411113955	1.91288063489	1.94433457789
GLGC2021.without_UKB_EUR.HDL	46	Ancient_Sequence_Age_Human_Enhancer_w_flanking	other	0.0230265976223	0.126400275827	0.119243450005	0.00904053215296	0.00884818923079	0.00244692527773	0.00242340071206	3.10610549201	3.22247901101	0.943379666103	0.978724380499	1.03746605494	0.0530641333986	3.69464986742	3.65114575842
GLGC2021.without_UKB_EUR.HDL	47	Human_Enhancer_Villar_Species_Enhancer_Count	other	0.099046241685	0.126400275827	0.119243450005	0.0769202164292	0.0756516001962	0.0256969626315	0.0252917890027	6.14404623285	6.40539011342	0.943379666103	0.983507375669	1.04253611882	0.0600973669166	2.993358302	2.99115259059
GLGC2021.without_UKB_EUR.HDL	48	Human_Promoter_Villar_ExAC_w_flanking	other	0.0045203277666	0.126400275827	0.119243450005	0.00570005535819	0.00559164904992	0.00441432941877	0.00436194592669	9.97610761693	10.373742096	0.943379666103	0.980981534133	1.03985867979	0.0563874746913	1.29126189223	1.28191617776
GLGC2021.without_UKB_EUR.HDL	49	MAFbin1	MAFbin	0.030247469953	0.126400275827	0.119243450005	0.000736428304095	0.00941763082192	0.000847902858185	0.00188194401071	0.192616459732	2.61106735521	0.943379666103	12.7882521212	13.5557852057	3.7608367772	0.868529097391	5.00420350888
GLGC2021.without_UKB_EUR.HDL	50	MAFbin2	MAFbin	0.0426672332784	0.126400275827	0.119243450005	0.00198852607524	0.00756839531381	0.00181968897904	0.001305772551	0.368713285353	1.48756103195	0.943379666103	3.80603272346	4.03446550759	2.01237755563	1.0927834911	5.79610538452
GLGC2021.without_UKB_EUR.HDL	51	MAFbin3	MAFbin	0.0584181251778	0.126400275827	0.119243450005	0.000940873113255	0.00977247621112	0.00189669913706	0.00229993471931	0.127419360625	1.40288630027	0.943379666103	10.386603755	11.009993249	3.46074167917	0.496058175422	4.24902330013
GLGC2021.without_UKB_EUR.HDL	52	MAFbin4	MAFbin	0.07974831473	0.126400275827	0.119243450005	0.00183699331114	0.00781688579357	0.00325333243793	0.00201885802267	0.182237621763	0.822011171735	0.943379666103	4.25526089081	4.510655724	2.17333717649	0.564649738749	3.87193438359
GLGC2021.without_UKB_EUR.HDL	53	MAFbin5	MAFbin	0.106297957799	0.126400275827	0.119243450005	0.00670179907482	0.016087804754	0.00234601324936	0.00433500994049	0.498790830029	1.26922124577	0.943379666103	2.40052030423	2.54459619015	1.34743672872	2.85667571428	3.71113445525
GLGC2021.without_UKB_EUR.HDL	54	MAFbin6	MAFbin	0.129324555421	0.126400275827	0.119243450005	0.00936538420822	0.020560610799	0.00589144021876	0.00563555843953	0.572923429507	1.33327730108	0.943379666103	2.19538358938	2.32714745533	1.2185626273	1.58965955021	3.64837150029
GLGC2021.without_UKB_EUR.HDL	55	MAFbin7	MAFbin	0.137960814687	0.126400275827	0.119243450005	0.029703950817	0.0185976555063	0.00599896757272	0.00340849924689	1.70337569126	1.13049309945	0.943379666103	0.626100400613	0.663678074808	-0.591444480575	4.95151048192	5.4562592388
GLGC2021.without_UKB_EUR.HDL	56	MAFbin8	MAFbin	0.138505721522	0.126400275827	0.119243450005	0.0259504037114	0.013763101236	0.00357069621853	0.00288339062752	1.48227363149	0.833324321992	0.943379666103	0.530361738841	0.562193311874	-0.830861804072	7.26760332529	4.77323506036
GLGC2021.without_UKB_EUR.HDL	57	MAFbin9	MAFbin	0.138827867701	0.126400275827	0.119243450005	0.0237817892085	0.00652157984656	0.00311380527005	0.00263096390384	1.35525135601	0.393950476315	0.943379666103	0.274225786352	0.290684436188	-1.78247426605	7.63753258344	2.4787796735
GLGC2021.without_UKB_EUR.HDL	58	MAFbin10	MAFbin	0.138001939731	0.126400275827	0.119243450005	0.0253941280033	0.00913730972242	0.00318404928425	0.00232046441847	1.45579455916	0.555262856117	0.943379666103	0.359819786733	0.381415669281	-1.39056398136	7.97541926531	3.93770731828
GLGC2021.without_UKB_EUR.LDL	1	Coding_UCSC_w_flanking	other	0.116483260393	0.0875236244223	0.0832220241141	0.0285440897806	0.0284987625622	0.00506884829606	0.0049375755297	2.79980243377	2.93984349125	0.950852123223	0.998412027893	1.05001819264	0.0704143242739	5.63127718831	5.77181298611
GLGC2021.without_UKB_EUR.LDL	2	Conserved_LindbladToh_w_flanking	other	0.447988813988	0.0875236244223	0.0832220241141	0.0547134851945	0.0531505388781	0.0107304757008	0.00982700856139	1.39541027286	1.42561490582	0.950852123223	0.971433983581	1.02164570058	0.0308949666943	5.09888719942	5.40861835482
GLGC2021.without_UKB_EUR.LDL	3	CTCF_Hoffman_w_flanking	other	0.0829869119547	0.0875236244223	0.0832220241141	0.00816444061987	0.00756648361167	0.00260642365189	0.00262913559399	1.12406528796	1.09558535196	0.950852123223	0.926760811176	0.974663450332	-0.0370239502352	3.13243037599	2.87793586187
GLGC2021.without_UKB_EUR.LDL	4	DGF_ENCODE_w_flanking	other	0.64337389862	0.0875236244223	0.0832220241141	0.0691956614309	0.0699743959633	0.01002763453	0.00978114823367	1.22882526897	1.30688521871	0.950852123223	1.01125409478	1.06352404342	0.0888526491241	6.90049694411	7.15400628757
GLGC2021.without_UKB_EUR.LDL	5	DHS_peaks_Trynka	other	0.176878814776	0.0875236244223	0.0832220241141	0.0231069064705	0.0220348464942	0.00463835666316	0.00473951612417	1.49259056887	1.4969108471	0.950852123223	0.953604348654	1.00289448313	0.00416982462257	4.98170109557	4.64917639626
GLGC2021.without_UKB_EUR.LDL	6	DHS_Trynka_w_flanking	other	0.614339617469	0.0875236244223	0.0832220241141	0.0613811439623	0.0640738228747	0.00961595373622	0.00966698855993	1.14156635724	1.2532388198	0.950852123223	1.0438681774	1.0978238907	0.134646640513	6.383261156	6.62810579298
GLGC2021.without_UKB_EUR.LDL	7	Enhancer_Andersson_w_flanking	other	0.0261760905848	0.0875236244223	0.0832220241141	0.00368923783023	0.00374261650276	0.00183951945722	0.0018626569442	1.61029919042	1.71803603574	0.950852123223	1.01446875344	1.06690486213	0.0934315341293	2.005544337	2.00928921153
GLGC2021.without_UKB_EUR.LDL	8	Enhancer_Hoffman_w_flanking	other	0.118943908867	0.0875236244223	0.0832220241141	0.0223957194513	0.021873797247	0.00357708038288	0.00353998374793	2.15128286461	2.20975284202	0.950852123223	0.976695448189	1.02717912106	0.0386877829515	6.26089353722	6.17906713831
GLGC2021.without_UKB_EUR.LDL	9	FetalDHS_Trynka_w_flanking	other	0.376609445737	0.0875236244223	0.0832220241141	0.0415346587308	0.0420401660742	0.0062187887694	0.00647588775603	1.26006846901	1.34132784462	0.950852123223	1.01217073545	1.06448806363	0.0901597725841	6.67889845932	6.49179968184
GLGC2021.without_UKB_EUR.LDL	10	H3K27ac_Hnisz_w_flanking	other	0.506667397779	0.0875236244223	0.0832220241141	0.0670901170038	0.0660462479966	0.0106134547499	0.00971585787691	1.5129002531	1.56634316605	0.950852123223	0.984440793163	1.03532480932	0.0500834510815	6.32123267915	6.79777831596
GLGC2021.without_UKB_EUR.LDL	11	H3K27ac_PGC2_w_flanking	other	0.410626711402	0.0875236244223	0.0832220241141	0.0628460946459	0.0614788681359	0.00925509486812	0.00881991838591	1.74866172541	1.79903822826	0.950852123223	0.978244845321	1.02880860381	0.0409746129218	6.79043224747	6.97045771241
GLGC2021.without_UKB_EUR.LDL	12	H3K4me1_peaks_Trynka	other	0.249838070139	0.0875236244223	0.0832220241141	0.0378773515826	0.0366091912287	0.00639128575926	0.00566811252238	1.73219066881	1.76073194435	0.950852123223	0.966519297128	1.01647698262	0.023577546771	5.9264055793	6.45879754224
GLGC2021.without_UKB_EUR.LDL	13	H3K4me1_Trynka_w_flanking	other	0.720846627575	0.0875236244223	0.0832220241141	0.0818747298196	0.0826194452941	0.0124524188471	0.0112805681404	1.29772214296	1.37721305034	0.950852123223	1.00909579154	1.06125418127	0.0857702379055	6.57500609519	7.32405001821
GLGC2021.without_UKB_EUR.LDL	14	H3K4me3_peaks_Trynka	other	0.0620611186697	0.0875236244223	0.0832220241141	0.00902955345691	0.00876676816318	0.00147925419546	0.0014903911395	1.66234583652	1.69739003331	0.950852123223	0.970897199404	1.02108117097	0.0300975579956	6.10412563616	5.88219288939
GLGC2021.without_UKB_EUR.LDL	15	H3K4me3_Trynka_w_flanking	other	0.313400252919	0.0875236244223	0.0832220241141	0.0614478316743	0.0608682678256	0.0142247665945	0.0141001589023	2.24017489534	2.33374459881	0.950852123223	0.990568196909	1.0417689278	0.0590353124714	4.31977785126	4.31684977789
GLGC2021.without_UKB_EUR.LDL	16	H3K9ac_peaks_Trynka	other	0.0591995010161	0.0875236244223	0.0832220241141	0.0144193572717	0.0141216987364	0.00431875682236	0.0042203649767	2.78293179481	2.8663592548	0.950852123223	0.979357017814	1.02997826254	0.0426138899808	3.33877499123	3.34608471409
GLGC2021.without_UKB_EUR.LDL	17	H3K9ac_Trynka_w_flanking	other	0.301600792343	0.0875236244223	0.0832220241141	0.056800979501	0.0550594959128	0.0104240345108	0.0102520938765	2.15178092338	2.19362041072	0.950852123223	0.969340606386	1.0194441204	0.0277826979275	5.44903985517	5.37056103622
GLGC2021.without_UKB_EUR.LDL	18	Intron_UCSC_w_flanking	other	0.442765933384	0.0875236244223	0.0832220241141	0.0547090553805	0.054009067647	0.0113338184758	0.0097344635033	1.411756265	1.46573077672	0.950852123223	0.987205267416	1.03823217439	0.0541291020628	4.82706296182	5.54823258916
GLGC2021.without_UKB_EUR.LDL	19	PromoterFlanking_Hoffman_w_flanking	other	0.0414266277807	0.0875236244223	0.0832220241141	0.00893188360287	0.00862707537478	0.00223457210527	0.00232515217845	2.4634183878	2.50233664468	0.950852123223	0.965874137904	1.01579847624	0.0226142149448	3.99713376078	3.71032720126
GLGC2021.without_UKB_EUR.LDL	20	Promoter_UCSC_w_flanking	other	0.0777366146549	0.0875236244223	0.0832220241141	0.0189785593603	0.01938986578	0.00505378959481	0.00474870447207	2.78940981737	2.9971667415	0.950852123223	1.02167216235	1.07448060261	0.103639438308	3.75531252425	4.08319066685
GLGC2021.without_UKB_EUR.LDL	21	Repressed_Hoffman_w_flanking	other	0.657589455539	0.0875236244223	0.0832220241141	0.0269988641274	0.024328600166	0.00539333002082	0.00602032430585	0.46909991989	0.44455347136	0.950852123223	0.901097173985	0.947673304794	-0.0775382960853	5.00597293753	4.04107801009
GLGC2021.without_UKB_EUR.LDL	22	SuperEnhancer_Hnisz_w_flanking	other	0.218089536075	0.0875236244223	0.0832220241141	0.0341996897517	0.0338976497704	0.00503368277094	0.00518549976094	1.79168659252	1.86765427031	0.950852123223	0.991168341482	1.0424000928	0.0599091174488	6.79416866497	6.53700729595
GLGC2021.without_UKB_EUR.LDL	23	TFBS_ENCODE_w_flanking	other	0.417055926633	0.0875236244223	0.0832220241141	0.0579583101311	0.0565332816988	0.0102344520473	0.00976116866693	1.58780119112	1.62881449282	0.950852123223	0.975412871268	1.02583024999	0.0367920196769	5.66305942548	5.79165094138
GLGC2021.without_UKB_EUR.LDL	24	Transcr_Hoffman_w_flanking	other	0.747293458034	0.0875236244223	0.0832220241141	0.0620799596114	0.0625923346382	0.0107936478559	0.0104741942413	0.949150217291	1.00644882194	0.950852123223	1.00825346907	1.06036832064	0.084565474276	5.7515272353	5.97586155042
GLGC2021.without_UKB_EUR.LDL	25	TSS_Hoffman_w_flanking	other	0.0474925717889	0.0875236244223	0.0832220241141	0.0197641737768	0.0193084683104	0.00510157929786	0.00499157810761	4.75474994485	4.88521701898	0.950852123223	0.976942852682	1.02743931346	0.039053182459	3.87412850469	3.86820919039
GLGC2021.without_UKB_EUR.LDL	26	UTR_3_UCSC_w_flanking	other	0.0434725987258	0.0875236244223	0.0832220241141	0.00945400758601	0.00948932482027	0.00212341094833	0.00208384819231	2.48470623726	2.62289820538	0.950852123223	1.00373568922	1.05561702468	0.0780865233196	4.45227410805	4.55375053485
GLGC2021.without_UKB_EUR.LDL	27	UTR_5_UCSC_w_flanking	other	0.0424410455357	0.0875236244223	0.0832220241141	0.0109377255009	0.0107708838452	0.00248214962692	0.00246096137275	2.94452775173	3.04948845687	0.950852123223	0.984746220255	1.0356460234	0.0505309841519	4.40655365103	4.37669764526
GLGC2021.without_UKB_EUR.LDL	28	WeakEnhancer_Hoffman_w_flanking	other	0.120163951843	0.0875236244223	0.0832220241141	0.0143646114358	0.0137820157639	0.00305352506239	0.00289098091246	1.3658228885	1.37816198209	0.950852123223	0.95944229508	1.00903418276	0.0129750490337	4.70427166711	4.76724550636
GLGC2021.without_UKB_EUR.LDL	29	GERP.NS	other	2.60003752832	0.0875236244223	0.0832220241141	0.244807041654	0.238560934181	0.0303822474826	0.0265632494804	1.07576892606	1.10250720375	0.950852123223	0.974485589014	1.02485503814	0.0354198604216	8.05756854539	8.98086412045
GLGC2021.without_UKB_EUR.LDL	30	GERP.RSsup4	other	0.0233418896272	0.0875236244223	0.0832220241141	0.00484792868347	0.00489926622407	0.0020131241446	0.00206014609424	2.37298458715	2.52206777959	0.950852123223	1.01058958247	1.06282518363	0.0879043179882	2.40816180983	2.37811591992
GLGC2021.without_UKB_EUR.LDL	31	Backgrd_Selection_Stat	other	0.169103659101	0.0875236244223	0.0832220241141	0.0232410518065	0.0234464749197	0.00285346677116	0.00280054599634	1.57028137607	1.66604327578	0.950852123223	1.0088388045	1.06098391102	0.0854027790882	8.14484753823	8.37210849254
GLGC2021.without_UKB_EUR.LDL	32	CpG_Content_50kb	other	0.0108367491388	0.0875236244223	0.0832220241141	0.00135296609891	0.0013249125593	0.000238386121306	0.000235009054231	1.42646986342	1.46909514179	0.950852123223	0.979265157026	1.02988165363	0.0424785631123	5.67552377419	5.637708571
GLGC2021.without_UKB_EUR.LDL	33	GTEx_eQTL_MaxCPP	QTL	0.00983327951664	0.0875236244223	0.0832220241141	0.0021502552929	0.00196025514526	0.000952850312232	0.000876152387602	2.49842517368	2.39538840842	0.950852123223	0.91163833045	0.958759315129	-0.0607594052448	2.25665591468	2.23734497902
GLGC2021.without_UKB_EUR.LDL	34	BLUEPRINT_H3K27acQTL_MaxCPP	QTL	0.0228675741433	0.0875236244223	0.0832220241141	0.00617822160094	0.00607605418182	0.00150193740221	0.00159600997082	3.08686823581	3.19273789976	0.950852123223	0.983463296444	1.03429678751	0.0486502208825	4.11350139616	3.80702770842
GLGC2021.without_UKB_EUR.LDL	35	BLUEPRINT_H3K4me1QTL_MaxCPP	QTL	0.0155667864651	0.0875236244223	0.0832220241141	0.00287153367068	0.00239368965671	0.000717779645522	0.000628506547505	2.10760709119	1.84769634901	0.950852123223	0.833592752595	0.876679698384	-0.189878255591	4.0005782953	3.80853575227
GLGC2021.without_UKB_EUR.LDL	36	BLUEPRINT_DNA_methylation_MaxCPP	QTL	0.0450492018314	0.0875236244223	0.0832220241141	0.00716573308204	0.00734061021973	0.00209251617892	0.0020425994138	1.81739041185	1.9579734067	0.950852123223	1.02440464021	1.07735431745	0.107492797661	3.42445767169	3.59375909448
GLGC2021.without_UKB_EUR.LDL	37	synonymous	other	0.0117035021402	0.0875236244223	0.0832220241141	0.00123428215602	0.00134272626719	0.00112253868209	0.00117848377567	1.2049619074	1.37858443767	0.950852123223	1.08786006558	1.14408964234	0.194200095382	1.09954532143	1.1393676306
GLGC2021.without_UKB_EUR.LDL	38	non_synonymous	other	0.0303674179984	0.0875236244223	0.0832220241141	0.00499130816483	0.00552869470993	0.00155754799804	0.00153541417602	1.87793788295	2.18764308125	0.950852123223	1.10766446938	1.16491770101	0.220228035103	3.20459348355	3.60078394239
GLGC2021.without_UKB_EUR.LDL	39	Conserved_Vertebrate_phastCons46way_w_flanking	other	0.516290658104	0.0875236244223	0.0832220241141	0.0608021853235	0.0598228887797	0.011289177933	0.00934346260583	1.34554934151	1.39230646417	0.950852123223	0.983893727856	1.03474946716	0.0492815056625	5.3858824517	6.40264656728
GLGC2021.without_UKB_EUR.LDL	40	Conserved_Mammal_phastCons46way_w_flanking	other	0.454263810304	0.0875236244223	0.0832220241141	0.054707481033	0.0535402197608	0.00960796381143	0.00830649418262	1.37598368728	1.41622982335	0.950852123223	0.97866358951	1.02924899215	0.0415920359584	5.69397242816	6.44558565668
GLGC2021.without_UKB_EUR.LDL	41	Conserved_Primate_phastCons46way_w_flanking	other	0.263508720223	0.0875236244223	0.0832220241141	0.0405387786505	0.0395938917729	0.00789715573965	0.00716568350886	1.75772275307	1.80548932679	0.950852123223	0.976691777378	1.02717526051	0.0386823607185	5.13333913968	5.52548709749
GLGC2021.without_UKB_EUR.LDL	42	BivFlnk_w_flanking	other	0.0463513518145	0.0875236244223	0.0832220241141	0.010763806775	0.010508442325	0.00385880257197	0.00354960825106	2.65325013192	2.72419170306	0.950852123223	0.976275637854	1.02673761146	0.0380675399771	2.7894162954	2.96045128976
GLGC2021.without_UKB_EUR.LDL	43	Human_Promoter_Villar_w_flanking	other	0.0266764452883	0.0875236244223	0.0832220241141	0.0160906867175	0.0158248677249	0.00485866914083	0.00469254301785	6.89162007355	7.12810118544	0.950852123223	0.983479947297	1.03431429901	0.0486746467053	3.31174777518	3.37234366626
GLGC2021.without_UKB_EUR.LDL	44	Human_Enhancer_Villar_w_flanking	other	0.0579863122145	0.0875236244223	0.0832220241141	0.0174183237446	0.0173882536578	0.00281721850796	0.00278592148012	3.43206555706	3.6032318109	0.950852123223	0.99827365209	1.04987266443	0.0702143588139	6.18280892852	6.24147298547
GLGC2021.without_UKB_EUR.LDL	45	Ancient_Sequence_Age_Human_Promoter_w_flanking	other	0.0154493082425	0.0875236244223	0.0832220241141	0.0116104088344	0.0114734541415	0.00340496647383	0.00324140807204	8.58644081265	8.92373924316	0.950852123223	0.988204145534	1.03928268276	0.0555881177184	3.40984527267	3.53965125233
GLGC2021.without_UKB_EUR.LDL	46	Ancient_Sequence_Age_Human_Enhancer_w_flanking	other	0.0230265976223	0.0875236244223	0.0832220241141	0.00691337144289	0.00680009064032	0.00158589510732	0.00158930248386	3.43032150184	3.54851508006	0.950852123223	0.983614246174	1.03445553956	0.0488716401435	4.35928669619	4.27866357058
GLGC2021.without_UKB_EUR.LDL	47	Human_Enhancer_Villar_Species_Enhancer_Count	other	0.099046241685	0.0875236244223	0.0832220241141	0.0395404153912	0.0388426526752	0.00727270065464	0.00726648807046	4.56118757682	4.71229647288	0.950852123223	0.982353176893	1.03312928783	0.0470208071879	5.43682701501	5.34545055308
GLGC2021.without_UKB_EUR.LDL	48	Human_Promoter_Villar_ExAC_w_flanking	other	0.0045203277666	0.0875236244223	0.0832220241141	0.0039788556202	0.00387876482664	0.00283696296321	0.00275427933776	10.0568728661	10.31063108	0.950852123223	0.97484432633	1.02523231796	0.0359508619201	1.40250531001	1.40826849821
GLGC2021.without_UKB_EUR.LDL	49	MAFbin1	MAFbin	0.030247469953	0.0875236244223	0.0832220241141	0.000841607878838	0.00620554532771	0.000840202662465	0.00165858313218	0.317903599081	2.46520263803	0.950852123223	7.37344015396	7.75456032949	2.9550449852	1.00167247313	3.7414737961
GLGC2021.without_UKB_EUR.LDL	50	MAFbin2	MAFbin	0.0426672332784	0.0875236244223	0.0832220241141	-0.000242138036517	0.00802160857001	0.000832665965683	0.00308556588547	-0.0648400349514	2.2590649071	0.950852123223	-33.1282465382	-34.8405874364		-0.290798527256	2.59972039741
GLGC2021.without_UKB_EUR.LDL	51	MAFbin3	MAFbin	0.0584181251778	0.0875236244223	0.0832220241141	-0.000166041640859	0.00697403098632	0.001570827496	0.00211515030181	-0.0324746222283	1.43449151336	0.950852123223	-42.0016987922	-44.1726928577		-0.105703294144	3.29717986488
GLGC2021.without_UKB_EUR.LDL	52	MAFbin4	MAFbin	0.07974831473	0.0875236244223	0.0832220241141	0.000646277494452	0.00549810454293	0.00371081649692	0.00228840238004	0.0925917355415	0.828425015978	0.950852123223	8.50734334729	8.94707298802	3.16141578558	0.174160456328	2.40259518644
GLGC2021.without_UKB_EUR.LDL	53	MAFbin5	MAFbin	0.106297957799	0.0875236244223	0.0832220241141	0.00558882176167	0.00936798238078	0.00248731241391	0.00216532554478	0.600717168951	1.05896808082	0.950852123223	1.6761998826	1.76283971152	0.817901301709	2.24693196175	4.32636210447
GLGC2021.without_UKB_EUR.LDL	54	MAFbin6	MAFbin	0.129324555421	0.0875236244223	0.0832220241141	0.00879717176809	0.0152827831127	0.00473851178053	0.00332712682554	0.777207143886	1.41998311843	0.950852123223	1.73723823015	1.82703302408	0.869502711278	1.85652630521	4.5933876026
GLGC2021.without_UKB_EUR.LDL	55	MAFbin7	MAFbin	0.137960814687	0.0875236244223	0.0832220241141	0.0176003298079	0.0133172520772	0.00336836309944	0.00280503685256	1.45760470631	1.15990012619	0.950852123223	0.756647870952	0.795757670906	-0.329598935738	5.22518781031	4.74762107494
GLGC2021.without_UKB_EUR.LDL	56	MAFbin8	MAFbin	0.138505721522	0.0875236244223	0.0832220241141	0.0202511220412	0.00536098361474	0.00392165593975	0.00182860982159	1.67053693835	0.465091595294	0.950852123223	0.264725263313	0.278408447378	-1.84472510925	5.16392114768	2.93172635925
GLGC2021.without_UKB_EUR.LDL	57	MAFbin9	MAFbin	0.138827867701	0.0875236244223	0.0832220241141	0.0182902666669	0.00538154263814	0.00335786061755	0.00247906862141	1.50528276914	0.465791820499	0.950852123223	0.294229862043	0.309438087014	-1.69227731386	5.44699996519	2.17079212397
GLGC2021.without_UKB_EUR.LDL	58	MAFbin10	MAFbin	0.138001939731	0.0875236244223	0.0832220241141	0.0159162066806	0.0078121908636	0.00264230772564	0.0027336315309	1.31773804677	0.680219973294	0.950852123223	0.490832459038	0.51620272706	-0.953990331787	6.02360070561	2.85780683142
GLGC2021.without_UKB_EUR.TC	1	Coding_UCSC_w_flanking	other	0.116483260393	0.0921479369726	0.0935798664157	0.0309945940064	0.03124311023	0.00429956722146	0.00430155550198	2.88759856445	2.86621207978	1.01553946285	1.00801805062	0.992593678034	-0.0107248289464	7.20877065294	7.26321216026
GLGC2021.without_UKB_EUR.TC	2	Conserved_LindbladToh_w_flanking	other	0.447988813988	0.0921479369726	0.0935798664157	0.0553417545972	0.0552151928792	0.00858575167836	0.00817657482191	1.34060284768	1.31707043989	1.01553946285	0.997713088085	0.982446398771	-0.0255493972737	6.44576697189	6.75285117324
GLGC2021.without_UKB_EUR.TC	3	CTCF_Hoffman_w_flanking	other	0.0829869119547	0.0921479369726	0.0935798664157	0.0114590821049	0.0110282333789	0.00387288315976	0.0038028023491	1.49849262665	1.42008363575	1.01553946285	0.962401113627	0.94767475695	-0.0775360853907	2.9587988153	2.90002802315
GLGC2021.without_UKB_EUR.TC	4	DGF_ENCODE_w_flanking	other	0.64337389862	0.0921479369726	0.0935798664157	0.0750427751849	0.0781315892269	0.00914793358037	0.00888725932609	1.26578467142	1.29771940697	1.01553946285	1.0411607118	1.02522920072	0.0359464753727	8.2032488021	8.79141548143
GLGC2021.without_UKB_EUR.TC	5	DHS_peaks_Trynka	other	0.176878814776	0.0921479369726	0.0935798664157	0.026399199109	0.0261231776646	0.00486231531854	0.00476772346423	1.61968035805	1.5782208032	1.01553946285	0.989544325066	0.974402631574	-0.0374100653445	5.42934741569	5.47917215849
GLGC2021.without_UKB_EUR.TC	6	DHS_Trynka_w_flanking	other	0.614339617469	0.0921479369726	0.0935798664157	0.0678609810742	0.0712223545177	0.0090492605096	0.0090134263022	1.19874275243	1.23886899176	1.01553946285	1.04953322794	1.03347360327	0.0475015402749	7.49906370827	7.90180694109
GLGC2021.without_UKB_EUR.TC	7	Enhancer_Andersson_w_flanking	other	0.0261760905848	0.0921479369726	0.0935798664157	0.00358113966455	0.00363524285846	0.00157144509954	0.00158561981282	1.48467315979	1.48404210933	1.01553946285	1.01510781454	0.999574956642	-0.000613338301617	2.27888309022	2.29263208562
GLGC2021.without_UKB_EUR.TC	8	Enhancer_Hoffman_w_flanking	other	0.118943908867	0.0921479369726	0.0935798664157	0.0264890900955	0.0260629644406	0.00571260614164	0.00564365561822	2.41679168023	2.34152707521	1.01553946285	0.983913163745	0.968857636498	-0.0456434026291	4.63695368431	4.61809972183
GLGC2021.without_UKB_EUR.TC	9	FetalDHS_Trynka_w_flanking	other	0.376609445737	0.0921479369726	0.0935798664157	0.045068204893	0.0467537294296	0.00651173916271	0.00633206250542	1.29865393303	1.32660805493	1.01553946285	1.03739941585	1.02152545894	0.0307251600421	6.92107035722	7.3836493859
GLGC2021.without_UKB_EUR.TC	10	H3K27ac_Hnisz_w_flanking	other	0.506667397779	0.0921479369726	0.0935798664157	0.0743533939492	0.0758491621717	0.00942939337937	0.00906852843062	1.59254686214	1.5997252772	1.01553946285	1.0201170134	1.00450750633	0.00648834485673	7.88527861314	8.36399893897
GLGC2021.without_UKB_EUR.TC	11	H3K27ac_PGC2_w_flanking	other	0.410626711402	0.0921479369726	0.0935798664157	0.0691124371944	0.0696086335715	0.00867643674675	0.00827120709476	1.82651563758	1.81147977991	1.01553946285	1.00717955258	0.991768010433	-0.0119254030449	7.96553230452	8.41577689617
GLGC2021.without_UKB_EUR.TC	12	H3K4me1_peaks_Trynka	other	0.249838070139	0.0921479369726	0.0935798664157	0.0444276072819	0.0444088919509	0.00682630449016	0.00633631426872	1.92978395475	1.89945452154	1.01553946285	0.999578745466	0.984283508455	-0.0228541722799	6.50829557134	7.00863152734
GLGC2021.without_UKB_EUR.TC	13	H3K4me1_Trynka_w_flanking	other	0.720846627575	0.0921479369726	0.0935798664157	0.0912786093673	0.0955959928816	0.0114915998515	0.0107654562812	1.37417020355	1.41714535083	1.01553946285	1.04729896242	1.03127352578	0.0444270310098	7.94307237868	8.87988306158
GLGC2021.without_UKB_EUR.TC	14	H3K4me3_peaks_Trynka	other	0.0620611186697	0.0921479369726	0.0935798664157	0.0109644930966	0.0106594373486	0.00264545420607	0.00264620164803	1.91727028897	1.83540648071	1.01553946285	0.972177852153	0.957301894923	-0.0629541298164	4.14465427957	4.02820297408
GLGC2021.without_UKB_EUR.TC	15	H3K4me3_Trynka_w_flanking	other	0.313400252919	0.0921479369726	0.0935798664157	0.061046940392	0.0616691312905	0.0100460162979	0.0101779471147	2.11387325113	2.10274237695	1.01553946285	1.0101920079	0.994734370108	-0.00761676932188	6.07673117201	6.0590933118
GLGC2021.without_UKB_EUR.TC	16	H3K9ac_peaks_Trynka	other	0.0591995010161	0.0921479369726	0.0935798664157	0.0109324243094	0.0108833547982	0.00243230999446	0.00237915541191	2.00406967501	1.96454653418	1.01553946285	0.995511561772	0.980278559515	-0.0287363259385	4.4946673468	4.57446148483
GLGC2021.without_UKB_EUR.TC	17	H3K9ac_Trynka_w_flanking	other	0.301600792343	0.0921479369726	0.0935798664157	0.0609395206503	0.0597698137547	0.0086052521611	0.00867699340491	2.19270869625	2.11771251667	1.01553946285	0.980805446398	0.965797472456	-0.0502074069822	7.08166588375	6.88830922942
GLGC2021.without_UKB_EUR.TC	18	Intron_UCSC_w_flanking	other	0.442765933384	0.0921479369726	0.0935798664157	0.0545814685519	0.0564988000609	0.00909969147137	0.00726924572419	1.33778216339	1.36358622292	1.01553946285	1.03512788424	1.01928868558	0.0275627132018	5.99816694045	7.77230571157
GLGC2021.without_UKB_EUR.TC	19	PromoterFlanking_Hoffman_w_flanking	other	0.0414266277807	0.0921479369726	0.0935798664157	0.00827904329292	0.00815622114302	0.00207080558513	0.00203541146915	2.16877727939	2.10390918379	1.01553946285	0.985164692881	0.970090015132	-0.0438094729905	3.9979819218	4.00716084519
GLGC2021.without_UKB_EUR.TC	20	Promoter_UCSC_w_flanking	other	0.0777366146549	0.0921479369726	0.0935798664157	0.0178777785018	0.0188072598132	0.00321342474125	0.00310383978366	2.49575708118	2.58533889293	1.01553946285	1.05199087299	1.03589364222	0.0508758855363	5.56346575425	6.05935264836
GLGC2021.without_UKB_EUR.TC	21	Repressed_Hoffman_w_flanking	other	0.657589455539	0.0921479369726	0.0935798664157	0.0349138647143	0.0326256228198	0.00638883061963	0.00692454086052	0.576179055728	0.530177813203	1.01553946285	0.934460366584	0.920161550358	-0.120040921283	5.4648286663	4.71159366043
GLGC2021.without_UKB_EUR.TC	22	SuperEnhancer_Hnisz_w_flanking	other	0.218089536075	0.0921479369726	0.0935798664157	0.0403625041104	0.0404810045399	0.00518031509151	0.00535129194042	2.0084344266	1.98350834268	1.01553946285	1.00293590381	0.987589296624	-0.0180168940807	7.7915152645	7.5647161453
GLGC2021.without_UKB_EUR.TC	23	TFBS_ENCODE_w_flanking	other	0.417055926633	0.0921479369726	0.0935798664157	0.0587567307812	0.0598917226107	0.00824689096952	0.00799862385817	1.52889517443	1.53458195262	1.01553946285	1.01931679681	1.00371953439	0.00535619870261	7.12471293708	7.48775335266
GLGC2021.without_UKB_EUR.TC	24	Transcr_Hoffman_w_flanking	other	0.747293458034	0.0921479369726	0.0935798664157	0.0697265665282	0.0722832384103	0.00948685339201	0.00929399018259	1.01256166978	1.03362736867	1.01553946285	1.03666711283	1.02080436138	0.0297063981349	7.34980964151	7.7774171255
GLGC2021.without_UKB_EUR.TC	25	TSS_Hoffman_w_flanking	other	0.0474925717889	0.0921479369726	0.0935798664157	0.0181600729945	0.0178750984553	0.00316658835236	0.00312619007267	4.14960048151	4.02198395553	1.01553946285	0.984307632503	0.96924606922	-0.0450651157527	5.7349017219	5.71785401392
GLGC2021.without_UKB_EUR.TC	26	UTR_3_UCSC_w_flanking	other	0.0434725987258	0.0921479369726	0.0935798664157	0.0109119375481	0.0110041923237	0.00187060558942	0.00183044687223	2.72395954107	2.70495564917	1.01553946285	1.00845448163	0.993023430923	-0.0101003355654	5.83337161496	6.01175182446
GLGC2021.without_UKB_EUR.TC	27	UTR_5_UCSC_w_flanking	other	0.0424410455357	0.0921479369726	0.0935798664157	0.0133874859081	0.0132702449457	0.0023551938976	0.00233270436692	3.42316108118	3.34126132779	1.01553946285	0.991242495925	0.97607481756	-0.0349363581789	5.68423938332	5.68878128488
GLGC2021.without_UKB_EUR.TC	28	WeakEnhancer_Hoffman_w_flanking	other	0.120163951843	0.0921479369726	0.0935798664157	0.0179908422416	0.0175238973433	0.00364588461448	0.00355897432411	1.62476919404	1.55838255124	1.01553946285	0.974045411992	0.959140877953	-0.0601853620243	4.93456160685	4.92386169369
GLGC2021.without_UKB_EUR.TC	29	GERP.NS	other	2.60003752832	0.0921479369726	0.0935798664157	0.271766427754	0.273293355192	0.0306552072338	0.0285981907237	1.13430689686	1.1232257084	1.01553946285	1.00561852857	0.99023087271	-0.0141631655718	8.86526147683	9.55631626603
GLGC2021.without_UKB_EUR.TC	30	GERP.RSsup4	other	0.0233418896272	0.0921479369726	0.0935798664157	0.00749135994729	0.00759185154779	0.00327630686262	0.0032809807067	3.48288421451	3.47559589158	1.01553946285	1.01341433347	0.997907388681	-0.00302216318286	2.28652573199	2.31389704069
GLGC2021.without_UKB_EUR.TC	31	Backgrd_Selection_Stat	other	0.169103659101	0.0921479369726	0.0935798664157	0.0251415273032	0.026209323695	0.00274322439538	0.00283475837993	1.61344080048	1.6562290148	1.01553946285	1.04247142104	1.02651985391	0.0377615308694	9.16495469548	9.24569934445
GLGC2021.without_UKB_EUR.TC	32	CpG_Content_50kb	other	0.0108367491388	0.0921479369726	0.0935798664157	0.00142162939137	0.0014212350275	0.000177038934653	0.000182128772578	1.42364516382	1.40147211688	1.01553946285	0.999722597273	0.984425159087	-0.0226465654681	8.03003810521	7.80346239302
GLGC2021.without_UKB_EUR.TC	33	GTEx_eQTL_MaxCPP	QTL	0.00983327951664	0.0921479369726	0.0935798664157	0.00293593622384	0.00284788738639	0.00126170096956	0.00113459830681	3.24013135108	3.09486711776	1.01553946285	0.9700099625	0.95516717763	-0.0661748327028	2.32696676524	2.51004022243
GLGC2021.without_UKB_EUR.TC	34	BLUEPRINT_H3K27acQTL_MaxCPP	QTL	0.0228675741433	0.0921479369726	0.0935798664157	0.00560257359761	0.00564989455363	0.0015663645318	0.00164710314722	2.65877666107	2.64020607309	1.01553946285	1.00844628905	0.993015363697	-0.0101120559276	3.57680060029	3.43020081236
GLGC2021.without_UKB_EUR.TC	35	BLUEPRINT_H3K4me1QTL_MaxCPP	QTL	0.0155667864651	0.0921479369726	0.0935798664157	0.00384100766408	0.00330923585051	0.00103445101283	0.000985709160036	2.67769180256	2.27167569567	1.01553946285	0.861554086824	0.848370859373	-0.237233028191	3.71308802103	3.35721324776
GLGC2021.without_UKB_EUR.TC	36	BLUEPRINT_DNA_methylation_MaxCPP	QTL	0.0450492018314	0.0921479369726	0.0935798664157	0.00514950871434	0.00566369998393	0.00141629028959	0.00131431276704	1.24048946451	1.34347849276	1.01553946285	1.09985249042	1.08302289636	0.115063743519	3.63591330971	4.30924824438
GLGC2021.without_UKB_EUR.TC	37	synonymous	other	0.0117035021402	0.0921479369726	0.0935798664157	0.000268735371228	0.000402129285663	0.00118434950464	0.00119048817908	0.249185849828	0.367170213977	1.01553946285	1.49637646814	1.47347938991	0.5592268811	0.226905461754	0.337785198316
GLGC2021.without_UKB_EUR.TC	38	non_synonymous	other	0.0303674179984	0.0921479369726	0.0935798664157	0.00773778437853	0.00836497219416	0.00238502049101	0.00246744347583	2.76517829624	2.94356895121	1.01553946285	1.08105522007	1.06451325588	0.0901939150953	3.24432616311	3.39013731261
GLGC2021.without_UKB_EUR.TC	39	Conserved_Vertebrate_phastCons46way_w_flanking	other	0.516290658104	0.0921479369726	0.0935798664157	0.0624372152803	0.063833858677	0.00895026912256	0.00728037179428	1.31239220339	1.32121778156	1.01553946285	1.02236876501	1.00672480235	0.00966936304035	6.97601540527	8.76793939661
GLGC2021.without_UKB_EUR.TC	40	Conserved_Mammal_phastCons46way_w_flanking	other	0.454263810304	0.0921479369726	0.0935798664157	0.0553807734657	0.0559226574943	0.0074566949163	0.00632744837144	1.32301650137	1.31551935145	1.01553946285	1.00978469593	0.994333290698	-0.00819858490782	7.42698663246	8.83810569624
GLGC2021.without_UKB_EUR.TC	41	Conserved_Primate_phastCons46way_w_flanking	other	0.263508720223	0.0921479369726	0.0935798664157	0.0387293161544	0.0388421765602	0.00580659785885	0.00546963507013	1.59499461203	1.57516533405	1.01553946285	1.00291408207	0.987567808796	-0.0180482843764	6.66988090029	7.10142012441
GLGC2021.without_UKB_EUR.TC	42	BivFlnk_w_flanking	other	0.0463513518145	0.0921479369726	0.0935798664157	0.00961148766635	0.00962297801617	0.00291838963358	0.00269361232499	2.250311252	2.21852674221	1.01553946285	1.00119548089	0.985875505105	-0.0205226181704	3.29342167192	3.57251781442
GLGC2021.without_UKB_EUR.TC	43	Human_Promoter_Villar_w_flanking	other	0.0266764452883	0.0921479369726	0.0935798664157	0.016893374724	0.0167661545337	0.00396766894085	0.00388357161405	6.87231156943	6.71619173097	1.01553946285	0.992469225813	0.977282776417	-0.0331520290014	4.25775813856	4.3171997841
GLGC2021.without_UKB_EUR.TC	44	Human_Enhancer_Villar_w_flanking	other	0.0579863122145	0.0921479369726	0.0935798664157	0.0256919837029	0.0256259191497	0.00562757567676	0.00554418603074	4.8082443693	4.72249537346	1.01553946285	0.997428592748	0.982166256692	-0.0259608367394	4.56537329369	4.622124692
GLGC2021.without_UKB_EUR.TC	45	Ancient_Sequence_Age_Human_Promoter_w_flanking	other	0.0154493082425	0.0921479369726	0.0935798664157	0.0114888042538	0.0115204496695	0.00245654350789	0.00237478526598	8.07012339263	7.96852559199	1.01553946285	1.00275445686	0.987410626121	-0.0182779240143	4.67681692463	4.85115426415
GLGC2021.without_UKB_EUR.TC	46	Ancient_Sequence_Age_Human_Enhancer_w_flanking	other	0.0230265976223	0.0921479369726	0.0935798664157	0.00870028865706	0.00862946333369	0.00220090018946	0.00218260457178	4.10032492576	4.00471481967	1.01553946285	0.991859428329	0.976682309861	-0.0340387287243	3.9530591613	3.95374565107
GLGC2021.without_UKB_EUR.TC	47	Human_Enhancer_Villar_Species_Enhancer_Count	other	0.099046241685	0.0921479369726	0.0935798664157	0.0545634023715	0.0538662124931	0.0132592838436	0.0131338671758	5.97830166901	5.81160405621	1.01553946285	0.987222389952	0.972116225975	-0.0407992824834	4.1151093087	4.10132155077
GLGC2021.without_UKB_EUR.TC	48	Human_Promoter_Villar_ExAC_w_flanking	other	0.0045203277666	0.0921479369726	0.0935798664157	0.00162205254459	0.00158854805414	0.000674647860732	0.000637844774218	3.89412040447	3.75532916047	1.01553946285	0.979344386492	0.964358769226	-0.0523581244787	2.40429509823	2.49049317067
GLGC2021.without_UKB_EUR.TC	49	MAFbin1	MAFbin	0.030247469953	0.0921479369726	0.0935798664157	0.000420008146937	0.00676322472894	0.00068324194597	0.00203482009121	0.150689518078	2.3893641516	1.01553946285	16.1026036715	15.856206736	3.98697577276	0.614728280976	3.32374579854
GLGC2021.without_UKB_EUR.TC	50	MAFbin2	MAFbin	0.0426672332784	0.0921479369726	0.0935798664157	-0.000292663236358	0.00815602125859	0.000972343368604	0.00239526796477	-0.0744368646497	2.04268521691	1.01553946285	-27.8682808271	-27.4418492305		-0.300987537744	3.40505587623
GLGC2021.without_UKB_EUR.TC	51	MAFbin3	MAFbin	0.0584181251778	0.0921479369726	0.0935798664157	-0.0012133832027	0.0106350999888	0.00195686626773	0.00339441192209	-0.225405623609	1.94541178086	1.01553946285	-8.76483205399	-8.6307153731		-0.620064448302	3.13312003166
GLGC2021.without_UKB_EUR.TC	52	MAFbin4	MAFbin	0.07974831473	0.0921479369726	0.0935798664157	-0.00157984281786	0.00528655825123	0.00329348039803	0.00206630519971	-0.214984302106	0.708384560287	1.01553946285	-3.34625583727	-3.29505249149		-0.479687937054	2.55845954023
GLGC2021.without_UKB_EUR.TC	53	MAFbin5	MAFbin	0.106297957799	0.0921479369726	0.0935798664157	0.00366308927	0.00884240796266	0.00186629668203	0.0023959200781	0.373970172872	0.888921082116	1.01553946285	2.41392095876	2.37698390567	1.24913213496	1.96275828236	3.69061056898
GLGC2021.without_UKB_EUR.TC	54	MAFbin6	MAFbin	0.129324555421	0.0921479369726	0.0935798664157	0.00776359464774	0.0166154205071	0.00660754034113	0.00337364541867	0.651472729945	1.37292850484	1.01553946285	2.14017104975	2.10742283096	1.07547980392	1.174959856	4.9250642688
GLGC2021.without_UKB_EUR.TC	55	MAFbin7	MAFbin	0.137960814687	0.0921479369726	0.0935798664157	0.0218820639309	0.0176492613983	0.00412381833678	0.00396622263571	1.72126174093	1.36706248068	1.01553946285	0.806562920848	0.794221150783	-0.332387313321	5.3062628234	4.44989175328
GLGC2021.without_UKB_EUR.TC	56	MAFbin8	MAFbin	0.138505721522	0.0921479369726	0.0935798664157	0.0216217588638	0.00562663885614	0.00325460737764	0.00241552155485	1.69409472037	0.434109116268	1.01553946285	0.260230395297	0.256248432303	-1.96438491648	6.64343079056	2.32936810058
GLGC2021.without_UKB_EUR.TC	57	MAFbin9	MAFbin	0.138827867701	0.0921479369726	0.0935798664157	0.0228886734773	0.00586606577348	0.00383269481295	0.00323965802544	1.78919779322	0.451531292947	1.01553946285	0.25628683896	0.252365219015	-1.98641500316	5.97195304984	1.8107052434
GLGC2021.without_UKB_EUR.TC	58	MAFbin10	MAFbin	0.138001939731	0.0921479369726	0.0935798664157	0.0169946378929	0.00813916769045	0.00257286797521	0.00281178974705	1.33641428149	0.630249318272	1.01553946285	0.478925631822	0.471597263664	-1.08437274745	6.60532839487	2.89465729043
GLGC2021.without_UKB_EUR.logTG	1	Coding_UCSC_w_flanking	other	0.116483260393	0.109559314183	0.101703650352	0.0225704908756	0.022531196484	0.00402257613028	0.00397313564514	1.7685941384	1.90188474864	0.928297617692	0.998259036907	1.07536529006	0.104826811102	5.61095431003	5.6708852897
GLGC2021.without_UKB_EUR.logTG	2	Conserved_LindbladToh_w_flanking	other	0.447988813988	0.109559314183	0.101703650352	0.0596537996694	0.0563724581009	0.00646566661762	0.0060127142877	1.21540672874	1.2372665208	0.928297617692	0.94499358655	1.01798557762	0.0257171220791	9.22624119017	9.37554245945
GLGC2021.without_UKB_EUR.logTG	3	CTCF_Hoffman_w_flanking	other	0.0829869119547	0.109559314183	0.101703650352	0.00979859545832	0.00902810766736	0.00187712557319	0.00183174935507	1.0777174594	1.06967189364	0.928297617692	0.921367527189	0.992534624273	-0.0108106637693	5.21999998203	4.92868068569
GLGC2021.without_UKB_EUR.logTG	4	DGF_ENCODE_w_flanking	other	0.64337389862	0.109559314183	0.101703650352	0.0809983103614	0.080384111422	0.00700020710962	0.00682827791206	1.14911426696	1.22848607097	0.928297617692	0.992417138868	1.06907215957	0.0963592344788	11.5708448469	11.7722378112
GLGC2021.without_UKB_EUR.logTG	5	DHS_peaks_Trynka	other	0.176878814776	0.109559314183	0.101703650352	0.0302752652296	0.0284555275427	0.0036080633748	0.00344913550759	1.56229424166	1.58180987008	0.928297617692	0.939893583984	1.01249164715	0.0179100061083	8.39100151096	8.25004627394
GLGC2021.without_UKB_EUR.logTG	6	DHS_Trynka_w_flanking	other	0.614339617469	0.109559314183	0.101703650352	0.0742707962595	0.0778510341536	0.0071492876494	0.00706910552592	1.10346929251	1.24600367178	0.928297617692	1.04820519066	1.129169321	0.175261837092	10.3885589588	11.0128550024
GLGC2021.without_UKB_EUR.logTG	7	Enhancer_Andersson_w_flanking	other	0.0261760905848	0.109559314183	0.101703650352	0.0043596821816	0.00431976233639	0.00111762842175	0.00112386543489	1.52020004371	1.62262636302	0.928297617692	0.990843404738	1.06737686907	0.0940696523969	3.90083331522	3.84366508862
GLGC2021.without_UKB_EUR.logTG	8	Enhancer_Hoffman_w_flanking	other	0.118943908867	0.109559314183	0.101703650352	0.0239537720024	0.023057940393	0.00283046209755	0.00278096436382	1.83815614256	1.90608280948	0.928297617692	0.962601647485	1.03695369797	0.0523514764123	8.46284853033	8.29134694891
GLGC2021.without_UKB_EUR.logTG	9	FetalDHS_Trynka_w_flanking	other	0.376609445737	0.109559314183	0.101703650352	0.0496815309146	0.0495104462001	0.0048442941734	0.00444692047818	1.20407754322	1.2926147015	0.928297617692	0.996556371928	1.07353111	0.102363999849	10.2556800096	11.1336477553
GLGC2021.without_UKB_EUR.logTG	10	H3K27ac_Hnisz_w_flanking	other	0.506667397779	0.109559314183	0.101703650352	0.0802247035356	0.0766955080214	0.00790039850173	0.00760057448415	1.44522629923	1.488368355	0.928297617692	0.956008618809	1.02985141897	0.0424362086962	10.1545135373	10.0907514532
GLGC2021.without_UKB_EUR.logTG	11	H3K27ac_PGC2_w_flanking	other	0.410626711402	0.109559314183	0.101703650352	0.0719104748622	0.0684768433179	0.00724555737697	0.00697058305489	1.59843748142	1.6396833773	0.928297617692	0.952251302041	1.02580388433	0.0367549393745	9.92476784336	9.82368946452
GLGC2021.without_UKB_EUR.logTG	12	H3K4me1_peaks_Trynka	other	0.249838070139	0.109559314183	0.101703650352	0.0417192870439	0.0392890953833	0.00478716834667	0.00439372106455	1.52415437292	1.54623988627	0.928297617692	0.94174896474	1.01449033887	0.0207551261724	8.71481511047	8.94210051255
GLGC2021.without_UKB_EUR.logTG	13	H3K4me1_Trynka_w_flanking	other	0.720846627575	0.109559314183	0.101703650352	0.10085692085	0.0990433354423	0.0106608995431	0.00994147139356	1.27706654835	1.35097043708	0.928297617692	0.982018235413	1.05787003726	0.0811623986035	9.4604512914	9.96264350833
GLGC2021.without_UKB_EUR.logTG	14	H3K4me3_peaks_Trynka	other	0.0620611186697	0.109559314183	0.101703650352	0.00998920089403	0.00960825743875	0.001500865883	0.00151263688639	1.46913546502	1.52225878932	0.928297617692	0.961864471511	1.03615958199	0.0512462138519	6.6556252675	6.35199202479
GLGC2021.without_UKB_EUR.logTG	15	H3K4me3_Trynka_w_flanking	other	0.313400252919	0.109559314183	0.101703650352	0.0576803564824	0.0554161312819	0.0073066632115	0.0068374445506	1.67988397866	1.73860258075	0.928297617692	0.960745298078	1.03495396279	0.0495665946491	7.8942131056	8.10480156319
GLGC2021.without_UKB_EUR.logTG	16	H3K9ac_peaks_Trynka	other	0.0591995010161	0.109559314183	0.101703650352	0.0123391459176	0.0119168458554	0.00192835615623	0.00189315964918	1.9024697012	1.97927771419	0.928297617692	0.965775584062	1.04037279172	0.0571005748974	6.39878991116	6.29468616689
GLGC2021.without_UKB_EUR.logTG	17	H3K9ac_Trynka_w_flanking	other	0.301600792343	0.109559314183	0.101703650352	0.0603390791613	0.0575471292203	0.00714063740679	0.00688448509265	1.82606778547	1.87609421526	0.928297617692	0.95372899322	1.02739571345	0.0389919595242	8.45009706051	8.35895908639
GLGC2021.without_UKB_EUR.logTG	18	Intron_UCSC_w_flanking	other	0.442765933384	0.109559314183	0.101703650352	0.05961702309	0.0566951651515	0.00743509759824	0.00629171062769	1.22898556675	1.25902769987	0.928297617692	0.950989536427	1.02444465902	0.0348420513952	8.01832421193	9.01108911494
GLGC2021.without_UKB_EUR.logTG	19	PromoterFlanking_Hoffman_w_flanking	other	0.0414266277807	0.109559314183	0.101703650352	0.00772640856739	0.0072278898418	0.00188789571665	0.00184016113446	1.70234971521	1.71551848439	0.928297617692	0.935478596395	1.00773564272	0.0111172291518	4.09260347341	3.92785702646
GLGC2021.without_UKB_EUR.logTG	20	Promoter_UCSC_w_flanking	other	0.0777366146549	0.109559314183	0.101703650352	0.0132276345842	0.0136129040395	0.00311496406458	0.00303884539242	1.55312803932	1.72182345084	0.928297617692	1.0291261036	1.1086165514	0.148760452021	4.24648063668	4.47963034693
GLGC2021.without_UKB_EUR.logTG	21	Repressed_Hoffman_w_flanking	other	0.657589455539	0.109559314183	0.101703650352	0.0468655433537	0.042744625873	0.00603865134535	0.00639164769347	0.650503310193	0.639131376505	0.928297617692	0.912069354459	0.982518253928	-0.0254438838457	7.76092883551	6.68757539886
GLGC2021.without_UKB_EUR.logTG	22	SuperEnhancer_Hnisz_w_flanking	other	0.218089536075	0.109559314183	0.101703650352	0.0371712457786	0.0360610703307	0.00341217028792	0.00333114195014	1.55568972351	1.62580046461	0.928297617692	0.970133488274	1.04506730362	0.0635958566286	10.8937252957	10.825437904
GLGC2021.without_UKB_EUR.logTG	23	TFBS_ENCODE_w_flanking	other	0.417055926633	0.109559314183	0.101703650352	0.0653839340369	0.0615618615768	0.00712375811577	0.00645801397891	1.43095984054	1.45137923714	0.928297617692	0.941544164994	1.01426972024	0.0204413528411	9.17829226854	9.53263058548
GLGC2021.without_UKB_EUR.logTG	24	Transcr_Hoffman_w_flanking	other	0.747293458034	0.109559314183	0.101703650352	0.079525343714	0.0790542004079	0.00780732030785	0.007586949151	0.971326124312	1.04015300738	0.928297617692	0.994075557752	1.07085867593	0.0987680963482	10.1859973177	10.419761466
GLGC2021.without_UKB_EUR.logTG	25	TSS_Hoffman_w_flanking	other	0.0474925717889	0.109559314183	0.101703650352	0.0128157461205	0.0123208491182	0.00283781533909	0.0027210752028	2.4630254684	2.55081175927	0.928297617692	0.961383676171	1.03564164967	0.0505248913668	4.51606062733	4.52793407015
GLGC2021.without_UKB_EUR.logTG	26	UTR_3_UCSC_w_flanking	other	0.0434725987258	0.109559314183	0.101703650352	0.00731763874718	0.00738361840848	0.00187438795587	0.00185965413142	1.53640622551	1.67000242025	0.928297617692	1.00901652344	1.08695369266	0.12029047874	3.90401502755	3.9704256204
GLGC2021.without_UKB_EUR.logTG	27	UTR_5_UCSC_w_flanking	other	0.0424410455357	0.109559314183	0.101703650352	0.0093766874406	0.00926442068988	0.00181734438124	0.00179726839166	2.01657352147	2.14632583265	0.928297617692	0.988027034981	1.06434296087	0.0899631021723	5.15955453319	5.15472298565
GLGC2021.without_UKB_EUR.logTG	28	WeakEnhancer_Hoffman_w_flanking	other	0.120163951843	0.109559314183	0.101703650352	0.0184832559328	0.0174610832881	0.00324636580238	0.00321306464326	1.40396075963	1.42876380743	0.928297617692	0.944697371047	1.01766648222	0.0252648273387	5.69352225164	5.43440149103
GLGC2021.without_UKB_EUR.logTG	29	GERP.NS	other	2.60003752832	0.109559314183	0.101703650352	0.302185017203	0.290886535468	0.0261020017756	0.0239475792241	1.06082563513	1.10003742727	0.928297617692	0.962610714987	1.03696346586	0.0523650662263	11.5770820875	12.1468033468
GLGC2021.without_UKB_EUR.logTG	30	GERP.RSsup4	other	0.0233418896272	0.109559314183	0.101703650352	0.00495587815407	0.00476635780283	0.00143837964363	0.00146168679905	1.937917587	2.00777059273	0.928297617692	0.961758472394	1.03604539543	0.05108721762	3.44545904554	3.26086122275
GLGC2021.without_UKB_EUR.logTG	31	Backgrd_Selection_Stat	other	0.169103659101	0.109559314183	0.101703650352	0.0262030884681	0.0258196423703	0.00260345463985	0.0028070168771	1.41432810982	1.50127646565	0.928297617692	0.985366377774	1.06147679257	0.0860728294477	10.0647378552	9.19824977931
GLGC2021.without_UKB_EUR.logTG	32	CpG_Content_50kb	other	0.0108367491388	0.109559314183	0.101703650352	0.00147428492701	0.00140225217911	0.000160669360424	0.000151608793576	1.2417469456	1.27230303367	0.928297617692	0.951140551884	1.02460733902	0.0350711306286	9.17589341938	9.24914806084
GLGC2021.without_UKB_EUR.logTG	33	GTEx_eQTL_MaxCPP	QTL	0.00983327951664	0.109559314183	0.101703650352	0.00323946143247	0.00299719734556	0.000984542371491	0.000944131726144	3.00694250671	2.99695632502	0.928297617692	0.925214702518	0.996678958219	-0.00479922413894	3.29032200774	3.17455420951
GLGC2021.without_UKB_EUR.logTG	34	BLUEPRINT_H3K27acQTL_MaxCPP	QTL	0.0228675741433	0.109559314183	0.101703650352	0.00402519394219	0.00392197180169	0.000958654556999	0.000922184286797	1.60663568756	1.68635043912	0.928297617692	0.974355983343	1.04961594727	0.0698615447284	4.19879498074	4.25291545068
GLGC2021.without_UKB_EUR.logTG	35	BLUEPRINT_H3K4me1QTL_MaxCPP	QTL	0.0155667864651	0.109559314183	0.101703650352	0.00320528612178	0.00283039346067	0.000628896903659	0.000626944386143	1.87939700335	1.78776859183	0.928297617692	0.883039252389	0.951245845686	-0.0721098468457	5.09667976282	4.51458458394
GLGC2021.without_UKB_EUR.logTG	36	BLUEPRINT_DNA_methylation_MaxCPP	QTL	0.0450492018314	0.109559314183	0.101703650352	0.00683748637488	0.00684350441542	0.00125335561161	0.00109310059916	1.38535178376	1.49367086607	0.928297617692	1.00088015394	1.07818886407	0.108609914072	5.4553442866	6.26063549931
GLGC2021.without_UKB_EUR.logTG	37	synonymous	other	0.0117035021402	0.109559314183	0.101703650352	-0.000136601367363	-8.159427617e-05	0.000656351784319	0.000646807553227	-0.106534409427	-0.0685499771404	0.928297617692	0.597316686832	0.643453861615		-0.20812218482	-0.126149232122
GLGC2021.without_UKB_EUR.logTG	38	non_synonymous	other	0.0303674179984	0.109559314183	0.101703650352	0.00415913131197	0.00468176538271	0.00126305490127	0.00122144768455	1.25010202789	1.51588144747	0.928297617692	1.12565943019	1.21260618226	0.278111082896	3.29291411465	3.83296431106
GLGC2021.without_UKB_EUR.logTG	39	Conserved_Vertebrate_phastCons46way_w_flanking	other	0.516290658104	0.109559314183	0.101703650352	0.0683350568637	0.06512874401	0.00680794605356	0.0061273014648	1.20809194388	1.24034327188	0.928297617692	0.953079531929	1.02669608729	0.0380091921336	10.037543824	10.6292703867
GLGC2021.without_UKB_EUR.logTG	40	Conserved_Mammal_phastCons46way_w_flanking	other	0.454263810304	0.109559314183	0.101703650352	0.0618297932768	0.0588764379595	0.00593732098324	0.005405804423	1.24233966108	1.27437383729	0.928297617692	0.952234106556	1.02578536065	0.0367288873607	10.4137528443	10.891337043
GLGC2021.without_UKB_EUR.logTG	41	Conserved_Primate_phastCons46way_w_flanking	other	0.263508720223	0.109559314183	0.101703650352	0.0418933936472	0.0398436109859	0.00412912993899	0.00392076211398	1.45111304335	1.48671306688	0.928297617692	0.951071458222	1.02453290852	0.0349663251885	10.1458162534	10.1622107712
GLGC2021.without_UKB_EUR.logTG	42	BivFlnk_w_flanking	other	0.0463513518145	0.109559314183	0.101703650352	0.00982769781478	0.00949440867044	0.00230803923258	0.00219076223769	1.93526340573	2.01404409968	0.928297617692	0.966086752908	1.04070799547	0.057565330326	4.25802892605	4.33383801633
GLGC2021.without_UKB_EUR.logTG	43	Human_Promoter_Villar_w_flanking	other	0.0266764452883	0.109559314183	0.101703650352	0.0116707896621	0.0114976843444	0.0032640274142	0.00321388701237	3.9932176211	4.23785294408	0.928297617692	0.985167643089	1.06126270747	0.08578182859	3.57557954671	3.57750110696
GLGC2021.without_UKB_EUR.logTG	44	Human_Enhancer_Villar_w_flanking	other	0.0579863122145	0.109559314183	0.101703650352	0.0179809043963	0.0178463365251	0.00314034477787	0.0030875510247	2.83032780148	3.02612628352	0.928297617692	0.9925160677	1.06917872974	0.0965030419728	5.72577397329	5.78009444454
GLGC2021.without_UKB_EUR.logTG	45	Ancient_Sequence_Age_Human_Promoter_w_flanking	other	0.0154493082425	0.109559314183	0.101703650352	0.00886043997936	0.00874703345141	0.00291020268519	0.00285711689954	5.23476204369	5.5669229221	0.928297617692	0.987200801742	1.06345290877	0.0887561500991	3.04461267404	3.06148952212
GLGC2021.without_UKB_EUR.logTG	46	Ancient_Sequence_Age_Human_Enhancer_w_flanking	other	0.0230265976223	0.109559314183	0.101703650352	0.00657701181862	0.00645289755638	0.00177660598797	0.00176229759697	2.60705110949	2.75542413173	0.928297617692	0.981129080248	1.0569122031	0.0798555381095	3.70200925988	3.66163896919
GLGC2021.without_UKB_EUR.logTG	47	Human_Enhancer_Villar_Species_Enhancer_Count	other	0.099046241685	0.109559314183	0.101703650352	0.0415364700545	0.0406840667386	0.00868569861716	0.00853099218038	3.82773867044	4.03877645974	0.928297617692	0.979478195552	1.05513380287	0.0774259605444	4.78216800804	4.76897245694
GLGC2021.without_UKB_EUR.logTG	48	Human_Promoter_Villar_ExAC_w_flanking	other	0.0045203277666	0.109559314183	0.101703650352	0.00381847728726	0.0037167364944	0.0020013803042	0.00198118098725	7.71029474405	8.0845398234	0.928297617692	0.973355663736	1.04853836225	0.0683796454272	1.90792188733	1.87602067571
GLGC2021.without_UKB_EUR.logTG	49	MAFbin1	MAFbin	0.030247469953	0.109559314183	0.101703650352	0.000975092089074	0.0076393352589	0.000714407502034	0.00219520828475	0.294243768443	2.48330449666	0.928297617692	7.83447568132	8.43961627393	3.07717740506	1.36489620601	3.48000475033
GLGC2021.without_UKB_EUR.logTG	50	MAFbin2	MAFbin	0.0426672332784	0.109559314183	0.101703650352	0.00125234187908	0.00960936461991	0.00135892378387	0.00232531931926	0.267903949789	2.21443863257	0.928297617692	7.67311608789	8.26579314829	3.04715326068	0.921568887045	4.13249248837
GLGC2021.without_UKB_EUR.logTG	51	MAFbin3	MAFbin	0.0584181251778	0.109559314183	0.101703650352	0.00108940367205	0.00856611739147	0.00196654970048	0.00177109688364	0.170212681997	1.44178288505	0.928297617692	7.86312513097	8.47047862788	3.08244349194	0.553967017352	4.83661705387
GLGC2021.without_UKB_EUR.logTG	52	MAFbin4	MAFbin	0.07974831473	0.109559314183	0.101703650352	0.00106486688564	0.00829362716002	0.00191653925904	0.00176025834475	0.12187777096	1.0225544727	0.928297617692	7.78841681703	8.38999978951	3.06867077447	0.555619656951	4.71159655897
GLGC2021.without_UKB_EUR.logTG	53	MAFbin5	MAFbin	0.106297957799	0.109559314183	0.101703650352	0.00734442404346	0.0118000122658	0.00182976799231	0.00350637124518	0.630642910324	1.09149310577	0.928297617692	1.60666271391	1.73076250902	0.791407775216	4.01385534905	3.36530602172
GLGC2021.without_UKB_EUR.logTG	54	MAFbin6	MAFbin	0.129324555421	0.109559314183	0.101703650352	0.0125022466	0.0119731292731	0.00418365079527	0.00246001801511	0.882384278729	0.910311724959	0.928297617692	0.957678220257	1.03164998165	0.0449535760017	2.98835806615	4.86709007802
GLGC2021.without_UKB_EUR.logTG	55	MAFbin7	MAFbin	0.137960814687	0.109559314183	0.101703650352	0.0172660289718	0.0134366685904	0.00301657014488	0.00255536645725	1.14231902525	0.957633465176	0.928297617692	0.77821418071	0.838324009325	-0.254420146546	5.72372865292	5.25821592135
GLGC2021.without_UKB_EUR.logTG	56	MAFbin8	MAFbin	0.138505721522	0.109559314183	0.101703650352	0.0214915417781	0.0109913828435	0.00298782745086	0.00188970293772	1.41628466689	0.780275696867	0.928297617692	0.511428307796	0.550931401793	-0.860055399419	7.19303310903	5.81646068496
GLGC2021.without_UKB_EUR.logTG	57	MAFbin9	MAFbin	0.138827867701	0.109559314183	0.101703650352	0.0221221777647	0.00928846624547	0.00292691060131	0.00254022624749	1.45446046087	0.65785595908	0.928297617692	0.419871241623	0.452302401322	-1.14464043948	7.55820070309	3.65655077167
GLGC2021.without_UKB_EUR.logTG	58	MAFbin10	MAFbin	0.138001939731	0.109559314183	0.101703650352	0.024451190499	0.0101055467033	0.00340469720375	0.00309425832035	1.61720663115	0.720009259819	0.928297617692	0.413294669792	0.445217850305	-1.16741665847	7.18160501089	3.26590273244
GLGC2021.without_UKB_EUR.nonHDL	1	Coding_UCSC_w_flanking	other	0.116483260393	0.104938005491	0.105355253513	0.0353147981282	0.0354347274887	0.00508694676509	0.0051028506878	2.88908556495	2.88741615861	1.00397613829	1.00339600867	0.999422167914	-0.000833876428372	6.9422385881	6.94410431671
GLGC2021.without_UKB_EUR.nonHDL	2	Conserved_LindbladToh_w_flanking	other	0.447988813988	0.104938005491	0.105355253513	0.0660835042067	0.0655130032358	0.00924806650763	0.00891239488634	1.40570143659	1.38804690541	1.00397613829	0.991366968539	0.987440767491	-0.0182338854544	7.14565624633	7.35077429482
GLGC2021.without_UKB_EUR.nonHDL	3	CTCF_Hoffman_w_flanking	other	0.0829869119547	0.104938005491	0.105355253513	0.0118829780834	0.0113441722944	0.00334852290999	0.00330315793652	1.36452936544	1.29749894441	1.00397613829	0.954657343873	0.950876527301	-0.0726700776872	3.54872234798	3.43434147335
GLGC2021.without_UKB_EUR.nonHDL	4	DGF_ENCODE_w_flanking	other	0.64337389862	0.104938005491	0.105355253513	0.0822841123105	0.084976837256	0.00940463635075	0.00937855395739	1.21876435777	1.25366334735	1.00397613829	1.03272472498	1.02863473104	0.0407307710789	8.74931355575	9.06076114101
GLGC2021.without_UKB_EUR.nonHDL	5	DHS_peaks_Trynka	other	0.176878814776	0.104938005491	0.105355253513	0.033908810316	0.0333056555081	0.00586113280971	0.00588100613895	1.82685436803	1.78725273256	1.00397613829	0.982212445607	0.978322500052	-0.0316179727263	5.78536801961	5.66325807544
GLGC2021.without_UKB_EUR.nonHDL	6	DHS_Trynka_w_flanking	other	0.614339617469	0.104938005491	0.105355253513	0.0791519641905	0.0827851978926	0.010594912776	0.0106929717282	1.22777947259	1.27905132474	1.00397613829	1.04590200306	1.04175982194	0.0590227021433	7.47075184704	7.74201971135
GLGC2021.without_UKB_EUR.nonHDL	7	Enhancer_Andersson_w_flanking	other	0.0261760905848	0.104938005491	0.105355253513	0.00594581521607	0.00603734862326	0.00197766377448	0.00199921478887	2.16458087859	2.1891991623	1.00397613829	1.01539459332	1.01137323348	0.0163155023997	3.00648436443	3.01985992544
GLGC2021.without_UKB_EUR.nonHDL	8	Enhancer_Hoffman_w_flanking	other	0.118943908867	0.104938005491	0.105355253513	0.0266363764887	0.0261692037541	0.00419240286054	0.00417825824151	2.13402809431	2.08829623506	1.00397613829	0.982461100338	0.978570170013	-0.0312527894624	6.35348686058	6.26318485873
GLGC2021.without_UKB_EUR.nonHDL	9	FetalDHS_Trynka_w_flanking	other	0.376609445737	0.104938005491	0.105355253513	0.0521140561367	0.0536999425362	0.00690391067386	0.007112706143	1.31865401852	1.35340076037	1.00397613829	1.03043106826	1.02635015809	0.0375230166758	7.54848354774	7.54986097507
GLGC2021.without_UKB_EUR.nonHDL	10	H3K27ac_Hnisz_w_flanking	other	0.506667397779	0.104938005491	0.105355253513	0.0799315359021	0.0807350837056	0.00895625869182	0.0087390601717	1.50335792977	1.5124573735	1.00397613829	1.01005295087	1.00605274602	0.00870594573144	8.92465689665	9.23841718896
GLGC2021.without_UKB_EUR.nonHDL	11	H3K27ac_PGC2_w_flanking	other	0.410626711402	0.104938005491	0.105355253513	0.076221986611	0.0762589759158	0.00910839249891	0.00902269431731	1.76888769711	1.7627372229	1.00397613829	1.00048528392	0.996522970781	-0.00502503397797	8.36832477521	8.45190729442
GLGC2021.without_UKB_EUR.nonHDL	12	H3K4me1_peaks_Trynka	other	0.249838070139	0.104938005491	0.105355253513	0.045721170474	0.0452916026535	0.00649409864503	0.00619065918876	1.74391742802	1.72069095401	1.00397613829	0.99060461891	0.986681437065	-0.0193437278863	7.04041822786	7.31611953954
GLGC2021.without_UKB_EUR.nonHDL	13	H3K4me1_Trynka_w_flanking	other	0.720846627575	0.104938005491	0.105355253513	0.1002549688	0.103974811946	0.0117786690021	0.0114020446363	1.32534892354	1.36908078785	1.00397613829	1.03710382827	1.03299649137	0.0468353540155	8.51157026164	9.11896201625
GLGC2021.without_UKB_EUR.nonHDL	14	H3K4me3_peaks_Trynka	other	0.0620611186697	0.104938005491	0.105355253513	0.0111495169558	0.0108331966491	0.00227610625932	0.00229272469625	1.71199955405	1.65684099098	1.00397613829	0.971629236679	0.967781204771	-0.0472471739062	4.89850458877	4.72503160402
GLGC2021.without_UKB_EUR.nonHDL	15	H3K4me3_Trynka_w_flanking	other	0.313400252919	0.104938005491	0.105355253513	0.0696384563074	0.069964081018	0.0115314765248	0.0118438130628	2.11746864113	2.11894456463	1.00397613829	1.00467593235	1.0006970226	0.00100524074879	6.03898868958	5.9072260468
GLGC2021.without_UKB_EUR.nonHDL	16	H3K9ac_peaks_Trynka	other	0.0591995010161	0.104938005491	0.105355253513	0.0134458029319	0.0132977506602	0.00317013621135	0.0031548695203	2.16439185085	2.13208219231	1.00397613829	0.988988960165	0.985072176961	-0.0216986591219	4.24139596392	4.21499227611
GLGC2021.without_UKB_EUR.nonHDL	17	H3K9ac_Trynka_w_flanking	other	0.301600792343	0.104938005491	0.105355253513	0.0643335195232	0.0632565876642	0.00874733520513	0.00894721180118	2.03269410441	1.99075165691	1.00397613829	0.983260174991	0.979366080018	-0.0300798651845	7.35464207265	7.06997767236
GLGC2021.without_UKB_EUR.nonHDL	18	Intron_UCSC_w_flanking	other	0.442765933384	0.104938005491	0.105355253513	0.0620282075411	0.0633092439131	0.00970061531433	0.00827533267209	1.33500295546	1.35717775208	1.00397613829	1.02065248091	1.01661029777	0.0237667497811	6.39425495509	7.65035635687
GLGC2021.without_UKB_EUR.nonHDL	19	PromoterFlanking_Hoffman_w_flanking	other	0.0414266277807	0.104938005491	0.105355253513	0.0103857873135	0.0101856667802	0.00241550231156	0.00241696001525	2.38905988959	2.33374653229	1.00397613829	0.980731308349	0.976847228677	-0.0337951413574	4.29963873924	4.21424711867
GLGC2021.without_UKB_EUR.nonHDL	20	Promoter_UCSC_w_flanking	other	0.0777366146549	0.104938005491	0.105355253513	0.0202548951881	0.0210430502925	0.003466837032	0.00335919535739	2.48297056452	2.56937132542	1.00397613829	1.03891183327	1.03479733595	0.0493482449775	5.84247110584	6.26431274567
GLGC2021.without_UKB_EUR.nonHDL	21	Repressed_Hoffman_w_flanking	other	0.657589455539	0.104938005491	0.105355253513	0.0433024660454	0.0405476663909	0.0070303424379	0.00763329814157	0.627516260086	0.585268064886	1.00397613829	0.936382384051	0.93267394347	-0.100555282142	6.15936797217	5.31194585078
GLGC2021.without_UKB_EUR.nonHDL	22	SuperEnhancer_Hnisz_w_flanking	other	0.218089536075	0.104938005491	0.105355253513	0.0430337725742	0.0430708986027	0.00540920877354	0.00575510999609	1.8803633864	1.87453221123	1.00397613829	1.00086271843	0.996898910493	-0.00448087785123	7.95565014697	7.48394012138
GLGC2021.without_UKB_EUR.nonHDL	23	TFBS_ENCODE_w_flanking	other	0.417055926633	0.104938005491	0.105355253513	0.0684206313696	0.0690584221417	0.00919824769393	0.00910806903642	1.56336352351	1.57168734986	1.00397613829	1.00932161483	1.00532430636	0.00766097374534	7.43844193441	7.58211448174
GLGC2021.without_UKB_EUR.nonHDL	24	Transcr_Hoffman_w_flanking	other	0.747293458034	0.104938005491	0.105355253513	0.0816084483211	0.0833578028899	0.0106894676614	0.0108032726061	1.04066544582	1.05876330833	1.00397613829	1.0214359494	1.01739066342	0.0248737597875	7.63447263289	7.71597699412
GLGC2021.without_UKB_EUR.nonHDL	25	TSS_Hoffman_w_flanking	other	0.0474925717889	0.104938005491	0.105355253513	0.0181938606762	0.0178171634761	0.0030832915264	0.0030721603182	3.65061783583	3.56087460506	1.00397613829	0.979295367443	0.975416974658	-0.0359090158473	5.90079157952	5.79955524149
GLGC2021.without_UKB_EUR.nonHDL	26	UTR_3_UCSC_w_flanking	other	0.0434725987258	0.104938005491	0.105355253513	0.0115542715137	0.011709780675	0.00207916374625	0.00206018446702	2.53276071228	2.55668346014	1.00397613829	1.01345901913	1.00944532492	0.0135627713839	5.55717246154	5.68385057865
GLGC2021.without_UKB_EUR.nonHDL	27	UTR_5_UCSC_w_flanking	other	0.0424410455357	0.104938005491	0.105355253513	0.0135655759357	0.0134679307275	0.00258902548618	0.00258900293523	3.04592606303	3.01202521518	1.00397613829	0.992801985801	0.988870101524	-0.0161470746061	5.23964557634	5.20197584338
GLGC2021.without_UKB_EUR.nonHDL	28	WeakEnhancer_Hoffman_w_flanking	other	0.120163951843	0.104938005491	0.105355253513	0.0207158399454	0.0202881465726	0.00419751594266	0.00408929258109	1.64284102244	1.60255142522	1.00397613829	0.979354282813	0.975475656701	-0.0358222245083	4.93526176634	4.96128515392
GLGC2021.without_UKB_EUR.nonHDL	29	GERP.NS	other	2.60003752832	0.104938005491	0.105355253513	0.304540797803	0.303197665246	0.0290276492725	0.0272707686158	1.11617697409	1.10685323759	1.00397613829	0.995589646554	0.99164672205	-0.0121018483907	10.4914040729	11.1180461951
GLGC2021.without_UKB_EUR.nonHDL	30	GERP.RSsup4	other	0.0233418896272	0.104938005491	0.105355253513	0.00501970548869	0.00513330026128	0.00203105893209	0.00210706671405	2.04931831177	2.08739414274	1.00397613829	1.02262976839	1.01857975442	0.0265589472219	2.47147210225	2.43623053179
GLGC2021.without_UKB_EUR.nonHDL	31	Backgrd_Selection_Stat	other	0.169103659101	0.104938005491	0.105355253513	0.0270592183833	0.027987830959	0.00283505537207	0.00310497771083	1.52485812125	1.57094160107	1.00397613829	1.03431779006	1.03022148696	0.0429545352563	9.54451142291	9.01385889547
GLGC2021.without_UKB_EUR.nonHDL	32	CpG_Content_50kb	other	0.0108367491388	0.104938005491	0.105355253513	0.00156440926678	0.00155912773688	0.000197957666141	0.000207639568139	1.3756835824	1.36560934894	1.00397613829	0.996623946168	0.992676925432	-0.0106038372706	7.90274656838	7.50881804877
GLGC2021.without_UKB_EUR.nonHDL	33	GTEx_eQTL_MaxCPP	QTL	0.00983327951664	0.104938005491	0.105355253513	0.00255572135338	0.00254498088196	0.000914461388827	0.000813596720598	2.47675079835	2.45657452228	1.00397613829	0.995797479484	0.99185373188	-0.0118007120271	2.79478322935	3.12806187332
GLGC2021.without_UKB_EUR.nonHDL	34	BLUEPRINT_H3K27acQTL_MaxCPP	QTL	0.0228675741433	0.104938005491	0.105355253513	0.00700122625222	0.00701049291801	0.00174518369835	0.00184399404737	2.91756950638	2.90986112559	1.00397613829	1.00132357754	0.997357944421	-0.00381672470367	4.01174172028	3.80179801991
GLGC2021.without_UKB_EUR.nonHDL	35	BLUEPRINT_H3K4me1QTL_MaxCPP	QTL	0.0155667864651	0.104938005491	0.105355253513	0.00327814693004	0.00273081252008	0.00077972665237	0.000714036336645	2.00676557173	1.66508619732	1.00397613829	0.833035424695	0.829736278506	-0.269275228488	4.20422582719	3.8244727613
GLGC2021.without_UKB_EUR.nonHDL	36	BLUEPRINT_DNA_methylation_MaxCPP	QTL	0.0450492018314	0.104938005491	0.105355253513	0.00707718357246	0.00753255737687	0.00190383404007	0.00181701663437	1.49706464666	1.5870812151	1.00397613829	1.06434393	1.06012871164	0.0842394349479	3.71733219572	4.14556324603
GLGC2021.without_UKB_EUR.nonHDL	37	synonymous	other	0.0117035021402	0.104938005491	0.105355253513	0.0013927544648	0.00153561407231	0.00127523540019	0.00131067076223	1.13403358074	1.24540340268	1.00397613829	1.10257343352	1.09820681137	0.135149764397	1.09215480106	1.17162457313
GLGC2021.without_UKB_EUR.nonHDL	38	non_synonymous	other	0.0303674179984	0.104938005491	0.105355253513	0.00466867599677	0.00524935419817	0.00141551792248	0.00145526752544	1.46505207633	1.64074773619	1.00397613829	1.12437748985	1.1199245151	0.163401495354	3.29821044483	3.60714034114
GLGC2021.without_UKB_EUR.nonHDL	39	Conserved_Vertebrate_phastCons46way_w_flanking	other	0.516290658104	0.104938005491	0.105355253513	0.0733633316498	0.0738699506732	0.00996249486022	0.00844039779295	1.35410385145	1.35805495883	1.00397613829	1.00690561636	1.00291787619	0.00420347587591	7.36395176902	8.75195132804
GLGC2021.without_UKB_EUR.nonHDL	40	Conserved_Mammal_phastCons46way_w_flanking	other	0.454263810304	0.104938005491	0.105355253513	0.0664332950054	0.0664914030413	0.00840243013184	0.00742297323667	1.39362153455	1.38931639669	1.00397613829	1.00087468243	0.996910827116	-0.00446363242194	7.90643825215	8.95751620292
GLGC2021.without_UKB_EUR.nonHDL	41	Conserved_Primate_phastCons46way_w_flanking	other	0.263508720223	0.104938005491	0.105355253513	0.0477357878651	0.047504557326	0.00648602592523	0.00626007078854	1.72630010752	1.71113426182	1.00397613829	0.995156033881	0.991214826652	-0.0127303273268	7.35978986445	7.58850162093
GLGC2021.without_UKB_EUR.nonHDL	42	BivFlnk_w_flanking	other	0.0463513518145	0.104938005491	0.105355253513	0.0122359067157	0.0121211380848	0.00382240349164	0.00355399075616	2.51559629944	2.48213156595	1.00397613829	0.990620341135	0.986697097024	-0.019320830561	3.20110285125	3.4105710781
GLGC2021.without_UKB_EUR.nonHDL	43	Human_Promoter_Villar_w_flanking	other	0.0266764452883	0.104938005491	0.105355253513	0.0161475498591	0.0160027689709	0.00299091438721	0.00290235830226	5.76827385185	5.69391501618	1.00397613829	0.991033878857	0.987108996975	-0.0187186984396	5.39886729227	5.51371240361
GLGC2021.without_UKB_EUR.nonHDL	44	Human_Enhancer_Villar_w_flanking	other	0.0579863122145	0.104938005491	0.105355253513	0.0217887037318	0.0218034286218	0.00436651204885	0.00430955145655	3.58074256305	3.56897171757	1.00397613829	1.00067580386	0.996712736179	-0.00475033129377	4.98995616823	5.05932667045
GLGC2021.without_UKB_EUR.nonHDL	45	Ancient_Sequence_Age_Human_Promoter_w_flanking	other	0.0154493082425	0.104938005491	0.105355253513	0.0103957590842	0.0103894613073	0.00187051281347	0.00179635767871	6.41230782549	6.38304337017	1.00397613829	0.999394197494	0.99543620548	-0.00659923397618	5.55770535724	5.78362618449
GLGC2021.without_UKB_EUR.nonHDL	46	Ancient_Sequence_Age_Human_Enhancer_w_flanking	other	0.0230265976223	0.104938005491	0.105355253513	0.00949936246821	0.00944906865556	0.0026186514587	0.0025966633749	3.93126103588	3.89496030606	1.00397613829	0.994705559155	0.990766135983	-0.013383536239	3.62757801793	3.63892707345
GLGC2021.without_UKB_EUR.nonHDL	47	Human_Enhancer_Villar_Species_Enhancer_Count	other	0.099046241685	0.104938005491	0.105355253513	0.0493694903447	0.0487677975385	0.0106307038341	0.0104975163382	4.74993686946	4.67346446669	1.00397613829	0.9878124566	0.983900332811	-0.0234159141219	4.64404719717	4.64565102519
GLGC2021.without_UKB_EUR.nonHDL	48	Human_Promoter_Villar_ExAC_w_flanking	other	0.0045203277666	0.104938005491	0.105355253513	0.00180137901774	0.00174290738422	0.000621512111518	0.000594111536123	3.79754009497	3.65972276059	1.00397613829	0.967540626962	0.963708787549	-0.0533308345633	2.89838119701	2.9336366629
GLGC2021.without_UKB_EUR.nonHDL	49	MAFbin1	MAFbin	0.030247469953	0.104938005491	0.105355253513	0.00134571579406	0.00783280388847	0.00095002729587	0.00167615557768	0.423966449428	2.45794410578	1.00397613829	5.82054838254	5.79749673377	2.53543010208	1.41650224147	4.67307688664
GLGC2021.without_UKB_EUR.nonHDL	50	MAFbin2	MAFbin	0.0426672332784	0.104938005491	0.105355253513	2.44625903768e-05	0.0114021415616	0.000973591977103	0.0030239481495	0.00546355293695	2.53650515831	1.00397613829	466.105240123	464.259281018	8.85878694117	0.0251261215705	3.77061411039
GLGC2021.without_UKB_EUR.nonHDL	51	MAFbin3	MAFbin	0.0584181251778	0.104938005491	0.105355253513	-0.00105628324649	0.00903971097181	0.00190465306722	0.00260429599605	-0.17230582959	1.46875965158	1.00397613829	-8.55803687302	-8.52414369884		-0.55458039297	3.47107663089
GLGC2021.without_UKB_EUR.nonHDL	52	MAFbin4	MAFbin	0.07974831473	0.104938005491	0.105355253513	0.000558117130324	0.00728162517753	0.003873642189	0.00261603604014	0.0666915840559	0.866663705116	1.00397613829	13.0467688266	12.9950985178	3.69989566603	0.144080713471	2.7834575158
GLGC2021.without_UKB_EUR.nonHDL	53	MAFbin5	MAFbin	0.106297957799	0.104938005491	0.105355253513	0.00489720006392	0.0147981466181	0.00194277898476	0.00399761550866	0.439025877959	1.32137537338	1.00397613829	3.0217566007	3.00978926236	1.58966247676	2.52071908454	3.70174334826
GLGC2021.without_UKB_EUR.nonHDL	54	MAFbin6	MAFbin	0.129324555421	0.104938005491	0.105355253513	0.00681558391403	0.0144165292445	0.00524303042463	0.00307700028562	0.50221452551	1.05809223369	1.00397613829	2.11523024679	2.10685310747	1.0750897311	1.29993216938	4.68525443819
GLGC2021.without_UKB_EUR.nonHDL	55	MAFbin7	MAFbin	0.137960814687	0.104938005491	0.105355253513	0.0268511745136	0.0170828856528	0.00490581455841	0.00308238954597	1.85470452437	1.175301491	1.00397613829	0.636206272621	0.633686646879	-0.658158479678	5.47333662818	5.54209174344
GLGC2021.without_UKB_EUR.nonHDL	56	MAFbin8	MAFbin	0.138505721522	0.104938005491	0.105355253513	0.0231833544784	0.00961176043832	0.00329183732474	0.00260127819887	1.59505534305	0.658686901916	1.00397613829	0.414597484039	0.412955515799	-1.27594171419	7.04267926734	3.69501441349
GLGC2021.without_UKB_EUR.nonHDL	57	MAFbin9	MAFbin	0.138827867701	0.104938005491	0.105355253513	0.0230899025958	0.00641694281407	0.00382750506868	0.00279761300204	1.58493932862	0.438727966608	1.00397613829	0.277911211944	0.276810574818	-1.8530290365	6.03262495581	2.29372068595
GLGC2021.without_UKB_EUR.nonHDL	58	MAFbin10	MAFbin	0.138001939731	0.104938005491	0.105355253513	0.0192287776573	0.00747270714597	0.00308604767074	0.00275669942322	1.32780310961	0.513968585838	1.00397613829	0.38862101789	0.38708192662	-1.36928914707	6.23087512212	2.71074426288
MAGIC2021.MAGIC1000G.FG_EUR	1	Coding_UCSC_w_flanking	other	0.116483260393	0.262800157647	0.203703760395	0.021053398446	0.0213312284289	0.00289930490412	0.00254205867528	0.687753913354	0.898986773407	0.775127999233	1.01319644349	1.30713436296	0.386407446272	7.26153307163	8.3913202462
MAGIC2021.MAGIC1000G.FG_EUR	2	Conserved_LindbladToh_w_flanking	other	0.447988813988	0.262800157647	0.203703760395	0.11540599495	0.100223312023	0.00693743631801	0.00574191066286	0.980247126903	1.09825334393	0.775127999233	0.868441124453	1.12038414986	0.163993478778	16.6352510726	17.4546972093
MAGIC2021.MAGIC1000G.FG_EUR	3	CTCF_Hoffman_w_flanking	other	0.0829869119547	0.262800157647	0.203703760395	0.0235164816242	0.0207744762355	0.00249520536101	0.00251921952141	1.07829383058	1.22891383285	0.775127999233	0.883400696051	1.13968363538	0.188633402452	9.42466780156	8.24639379734
MAGIC2021.MAGIC1000G.FG_EUR	4	DGF_ENCODE_w_flanking	other	0.64337389862	0.262800157647	0.203703760395	0.169498896532	0.148665809235	0.00736315224567	0.00716435875566	1.00248484519	1.13435402192	0.775127999233	0.877090130241	1.13154231444	0.178290535727	23.0198820935	20.7507488535
MAGIC2021.MAGIC1000G.FG_EUR	5	DHS_peaks_Trynka	other	0.176878814776	0.262800157647	0.203703760395	0.0476477377421	0.0390624023598	0.00393678532387	0.00379471310369	1.02504007472	1.08413679268	0.775127999233	0.819816516184	1.05765308052	0.0808664884244	12.1032095535	10.293901355
MAGIC2021.MAGIC1000G.FG_EUR	6	DHS_Trynka_w_flanking	other	0.614339617469	0.262800157647	0.203703760395	0.134197886773	0.131477111252	0.00668598964545	0.00655099011595	0.831211479879	1.05061254984	0.775127999233	0.979725645564	1.26395336839	0.337943238489	20.0715068209	20.0698076054
MAGIC2021.MAGIC1000G.FG_EUR	7	Enhancer_Andersson_w_flanking	other	0.0261760905848	0.262800157647	0.203703760395	0.00853471503599	0.00811111314424	0.00176750979092	0.0017866210021	1.24067667878	1.52116606521	0.775127999233	0.95036718977	1.2260777455	0.294050463111	4.82866634167	4.53991816659
MAGIC2021.MAGIC1000G.FG_EUR	8	Enhancer_Hoffman_w_flanking	other	0.118943908867	0.262800157647	0.203703760395	0.0361165803814	0.0343083270975	0.00390538792936	0.00340854621471	1.15541711211	1.41598381449	0.775127999233	0.949932876679	1.22551743405	0.293391007939	9.24788549426	10.0653841657
MAGIC2021.MAGIC1000G.FG_EUR	9	FetalDHS_Trynka_w_flanking	other	0.376609445737	0.262800157647	0.203703760395	0.101207906629	0.091037650457	0.00574149876425	0.00578139819393	1.02258074856	1.18667224873	0.775127999233	0.89951124857	1.16046801233	0.214706756124	17.6274368043	15.7466494096
MAGIC2021.MAGIC1000G.FG_EUR	10	H3K27ac_Hnisz_w_flanking	other	0.506667397779	0.262800157647	0.203703760395	0.146567855835	0.123855775465	0.00743136021032	0.00631549183769	1.10075369817	1.20003595026	0.775127999233	0.845040508776	1.09019479313	0.124585934984	19.7228840598	19.6114219839
MAGIC2021.MAGIC1000G.FG_EUR	11	H3K27ac_PGC2_w_flanking	other	0.410626711402	0.262800157647	0.203703760395	0.126109905362	0.107221854748	0.00712708728056	0.00633189265497	1.16862825225	1.28184960037	0.775127999233	0.850225479436	1.09688397307	0.133410927445	17.6944522212	16.933618523
MAGIC2021.MAGIC1000G.FG_EUR	12	H3K4me1_peaks_Trynka	other	0.249838070139	0.262800157647	0.203703760395	0.0734790439099	0.0595064240901	0.00498687136482	0.00429936916459	1.11912670405	1.16924680083	0.775127999233	0.80984211176	1.04478500656	0.0632060983954	14.7344975506	13.8407337942
MAGIC2021.MAGIC1000G.FG_EUR	13	H3K4me1_Trynka_w_flanking	other	0.720846627575	0.262800157647	0.203703760395	0.191513430049	0.161669746749	0.00897453723003	0.00796093628454	1.01095248066	1.10099878782	0.775127999233	0.844169240286	1.08907076137	0.123097694886	21.3396440552	20.3078810043
MAGIC2021.MAGIC1000G.FG_EUR	14	H3K4me3_peaks_Trynka	other	0.0620611186697	0.262800157647	0.203703760395	0.0202934530337	0.0194711221309	0.00280534641032	0.00266012409351	1.24425882505	1.54018303391	0.775127999233	0.959478019762	1.23783171387	0.307815190107	7.23384925264	7.31962925279
MAGIC2021.MAGIC1000G.FG_EUR	15	H3K4me3_Trynka_w_flanking	other	0.313400252919	0.262800157647	0.203703760395	0.0959661853443	0.0844294529059	0.00601034785111	0.00592406382344	1.16518066119	1.32249971246	0.775127999233	0.879783359138	1.13501687464	0.182713746665	15.9668271657	14.2519485647
MAGIC2021.MAGIC1000G.FG_EUR	16	H3K9ac_peaks_Trynka	other	0.0591995010161	0.262800157647	0.203703760395	0.0227867087159	0.0200394416566	0.00332585895845	0.00331020509398	1.46466375059	1.66176085597	0.775127999233	0.879435547557	1.13456815962	0.182143282072	6.85137553954	6.05383687344
MAGIC2021.MAGIC1000G.FG_EUR	17	H3K9ac_Trynka_w_flanking	other	0.301600792343	0.262800157647	0.203703760395	0.0894893454469	0.079252572685	0.00608794429622	0.00534270010434	1.12905014788	1.28997663697	0.775127999233	0.885609033	1.14253263187	0.192235370679	14.6994356539	14.8338052178
MAGIC2021.MAGIC1000G.FG_EUR	18	Intron_UCSC_w_flanking	other	0.442765933384	0.262800157647	0.203703760395	0.120886851284	0.0968046344028	0.00731290129585	0.00512375368266	1.03891315549	1.0733043864	0.775127999233	0.800787127587	1.0331030854	0.0469842168121	16.5306280494	18.8933036985
MAGIC2021.MAGIC1000G.FG_EUR	19	PromoterFlanking_Hoffman_w_flanking	other	0.0414266277807	0.262800157647	0.203703760395	0.0127543761938	0.0110689743551	0.00192450582102	0.00182297857485	1.17153163086	1.31168258601	0.775127999233	0.867856976061	1.11963053447	0.163022737614	6.62735132027	6.07191686606
MAGIC2021.MAGIC1000G.FG_EUR	20	Promoter_UCSC_w_flanking	other	0.0777366146549	0.262800157647	0.203703760395	0.0220995084826	0.0183947577388	0.00270483292462	0.00262263498998	1.08176112324	1.16163423453	0.775127999233	0.832360491333	1.0738361821	0.102773921348	8.17037839249	7.0138459256
MAGIC2021.MAGIC1000G.FG_EUR	21	Repressed_Hoffman_w_flanking	other	0.657589455539	0.262800157647	0.203703760395	0.131277535514	0.127660245084	0.0062059737753	0.00735770594746	0.759643721976	0.953019500092	0.775127999233	0.972445472747	1.25456114824	0.327182790481	21.1534144789	17.3505500214
MAGIC2021.MAGIC1000G.FG_EUR	22	SuperEnhancer_Hnisz_w_flanking	other	0.218089536075	0.262800157647	0.203703760395	0.0678610481236	0.064144328617	0.00462370216258	0.00431835221975	1.18402292986	1.44385768577	0.775127999233	0.945230443541	1.21945078036	0.286231529049	14.6767775556	14.8538899453
MAGIC2021.MAGIC1000G.FG_EUR	23	TFBS_ENCODE_w_flanking	other	0.417055926633	0.262800157647	0.203703760395	0.118576995023	0.0941280936856	0.00680936855663	0.00566746731504	1.08188356062	1.10796468985	0.775127999233	0.793814126149	1.02410714996	0.0343666690783	17.4138018873	16.6084934334
MAGIC2021.MAGIC1000G.FG_EUR	24	Transcr_Hoffman_w_flanking	other	0.747293458034	0.262800157647	0.203703760395	0.169307581012	0.153905836975	0.00625671594095	0.00608804799573	0.862103886536	1.01103191358	0.775127999233	0.909030984053	1.17274951357	0.229894902434	27.0601354784	25.2799973133
MAGIC2021.MAGIC1000G.FG_EUR	25	TSS_Hoffman_w_flanking	other	0.0474925717889	0.262800157647	0.203703760395	0.0132194174558	0.0111926337944	0.00175671504931	0.00166870424915	1.05915862735	1.15693127257	0.775127999233	0.84668131798	1.09231161668	0.127384489694	7.52507782124	6.70738017243
MAGIC2021.MAGIC1000G.FG_EUR	26	UTR_3_UCSC_w_flanking	other	0.0434725987258	0.262800157647	0.203703760395	0.00826185868163	0.00882427837204	0.00222642818881	0.00213322690148	0.723163567074	0.996470741325	0.775127999233	1.0680742327	1.37793272047	0.462505448123	3.71081300675	4.13658686093
MAGIC2021.MAGIC1000G.FG_EUR	27	UTR_5_UCSC_w_flanking	other	0.0424410455357	0.262800157647	0.203703760395	0.00837026352794	0.00834585422401	0.00159080617864	0.00149335711078	0.750459804423	0.965351941271	0.775127999233	0.997083806997	1.28634729746	0.363280204623	5.2616488673	5.58865268312
MAGIC2021.MAGIC1000G.FG_EUR	28	WeakEnhancer_Hoffman_w_flanking	other	0.120163951843	0.262800157647	0.203703760395	0.0408976801753	0.0379752613204	0.00478139836349	0.00426269487319	1.29508672091	1.551413343	0.775127999233	0.928543163271	1.19792236145	0.260534408649	8.55349775655	8.90874492548
MAGIC2021.MAGIC1000G.FG_EUR	29	GERP.NS	other	2.60003752832	0.262800157647	0.203703760395	0.628587705247	0.555157643761	0.0238273498021	0.023153008752	0.919942417889	1.04818432579	0.775127999233	0.883182472592	1.13940210322	0.188276974394	26.3809324355	23.9777754031
MAGIC2021.MAGIC1000G.FG_EUR	30	GERP.RSsup4	other	0.0233418896272	0.262800157647	0.203703760395	0.00768258551868	0.00599977821233	0.00153032395737	0.00137124610163	1.25240782018	1.26182793904	0.775127999233	0.78095820707	1.00752160655	0.0108107780387	5.02023475597	4.37542043343
MAGIC2021.MAGIC1000G.FG_EUR	31	Backgrd_Selection_Stat	other	0.169103659101	0.262800157647	0.203703760395	0.0450340928935	0.0390526411018	0.00272829327625	0.00255755409078	1.01335774906	1.13370055429	0.775127999233	0.867179476539	1.11875648589	0.1618960463	16.5063240398	15.2695269447
MAGIC2021.MAGIC1000G.FG_EUR	32	CpG_Content_50kb	other	0.0108367491388	0.262800157647	0.203703760395	0.00287444185525	0.00255529131434	0.000142667215353	9.50224966179e-05	1.00932001789	1.15755691209	0.775127999233	0.888969561055	1.14686808106	0.197699454346	20.1478794419	26.8914352421
MAGIC2021.MAGIC1000G.FG_EUR	33	GTEx_eQTL_MaxCPP	QTL	0.00983327951664	0.262800157647	0.203703760395	0.00435416560303	0.00311180147792	0.000876249245938	0.000836265333992	1.68492640703	1.55351142708	0.775127999233	0.714672284342	0.922005507541	-0.117152726361	4.96909483599	3.72106955942
MAGIC2021.MAGIC1000G.FG_EUR	34	BLUEPRINT_H3K27acQTL_MaxCPP	QTL	0.0228675741433	0.262800157647	0.203703760395	0.00613437126394	0.00486406919389	0.000845536155419	0.000798102972717	1.0207616365	1.0441925788	0.775127999233	0.792920575656	1.02295437198	0.0327417963122	7.25500763584	6.09453837433
MAGIC2021.MAGIC1000G.FG_EUR	35	BLUEPRINT_H3K4me1QTL_MaxCPP	QTL	0.0155667864651	0.262800157647	0.203703760395	0.00301126327127	0.00253312196286	0.000724432695401	0.000630105809894	0.736078508237	0.798836841928	0.775127999233	0.841215707384	1.0852603805	0.118041222014	4.15671916851	4.02015331883
MAGIC2021.MAGIC1000G.FG_EUR	36	BLUEPRINT_DNA_methylation_MaxCPP	QTL	0.0450492018314	0.262800157647	0.203703760395	0.0138769417069	0.0107675667501	0.00133957968447	0.0013924003397	1.17214419712	1.17336039677	0.775127999233	0.77593226069	1.00103758535	0.00149614318662	10.3591759921	7.73309689972
MAGIC2021.MAGIC1000G.FG_EUR	37	synonymous	other	0.0117035021402	0.262800157647	0.203703760395	0.000376566206608	0.000460248482281	0.000792654443718	0.00083055555043	0.122433392401	0.193053411229	0.775127999233	1.22222460275	1.5768035782	0.657002955366	0.475069823417	0.554145333256
MAGIC2021.MAGIC1000G.FG_EUR	38	non_synonymous	other	0.0303674179984	0.262800157647	0.203703760395	0.00401297980063	0.00444358723237	0.00193040441143	0.00184186395934	0.502844245969	0.718334618256	0.775127999233	1.1073036629	1.42854298128	0.514544444007	2.0788285485	2.41254909725
MAGIC2021.MAGIC1000G.FG_EUR	39	Conserved_Vertebrate_phastCons46way_w_flanking	other	0.516290658104	0.262800157647	0.203703760395	0.131974861907	0.109074884148	0.00782859036642	0.00543941897029	0.972683005295	1.03712582197	0.775127999233	0.826482275275	1.06625263968	0.0925493131771	16.8580620175	20.0526719386
MAGIC2021.MAGIC1000G.FG_EUR	40	Conserved_Mammal_phastCons46way_w_flanking	other	0.454263810304	0.262800157647	0.203703760395	0.115577939608	0.0987442754285	0.00665393625083	0.00521122289507	0.968146739734	1.06709907091	0.775127999233	0.854352273136	1.10220798885	0.140396489036	17.3698597719	18.948388395
MAGIC2021.MAGIC1000G.FG_EUR	41	Conserved_Primate_phastCons46way_w_flanking	other	0.263508720223	0.262800157647	0.203703760395	0.0735092882618	0.063661256263	0.00509181182743	0.00442417450697	1.06150392567	1.18599038067	0.775127999233	0.866030099982	1.11727366427	0.159982601874	14.4367645061	14.3894089536
MAGIC2021.MAGIC1000G.FG_EUR	42	BivFlnk_w_flanking	other	0.0463513518145	0.262800157647	0.203703760395	0.0179987126488	0.0150401265394	0.00184978220976	0.00207338823479	1.47758821098	1.59290560098	0.775127999233	0.835622348824	1.07804433545	0.108416511321	9.73017934427	7.25388824294
MAGIC2021.MAGIC1000G.FG_EUR	43	Human_Promoter_Villar_w_flanking	other	0.0266764452883	0.262800157647	0.203703760395	0.0091654311836	0.00787446941533	0.00148583117824	0.00145478051777	1.30737242742	1.44908645229	0.775127999233	0.85914882318	1.10839606366	0.148473492374	6.16855489226	5.41282297855
MAGIC2021.MAGIC1000G.FG_EUR	44	Human_Enhancer_Villar_w_flanking	other	0.0579863122145	0.262800157647	0.203703760395	0.022551116097	0.0226665679409	0.00283023695336	0.00255787383614	1.47984738639	1.91893927036	0.775127999233	1.0051195623	1.29671430177	0.3748606532	7.96792511321	8.86148785786
MAGIC2021.MAGIC1000G.FG_EUR	45	Ancient_Sequence_Age_Human_Promoter_w_flanking	other	0.0154493082425	0.262800157647	0.203703760395	0.00591133980794	0.00435934689881	0.00132311576517	0.00122696611532	1.45596610749	1.38520275075	0.775127999233	0.737454966293	0.951397662093	-0.0718796147743	4.46774194938	3.55294807605
MAGIC2021.MAGIC1000G.FG_EUR	46	Ancient_Sequence_Age_Human_Enhancer_w_flanking	other	0.0230265976223	0.262800157647	0.203703760395	0.0109674903239	0.010540236604	0.0018212019939	0.00172131598694	1.81239087339	2.24709556057	0.775127999233	0.961043620073	1.23985150972	0.310167347208	6.02211636086	6.12335950167
MAGIC2021.MAGIC1000G.FG_EUR	47	Human_Enhancer_Villar_Species_Enhancer_Count	other	0.099046241685	0.262800157647	0.203703760395	0.0509449679615	0.0503717562572	0.00859879975796	0.00837510654416	1.95721110478	2.49660620829	0.775127999233	0.988748413686	1.27559372731	0.351168908318	5.92466034743	6.01446154644
MAGIC2021.MAGIC1000G.FG_EUR	48	Human_Promoter_Villar_ExAC_w_flanking	other	0.0045203277666	0.262800157647	0.203703760395	0.00224940298039	0.00169687064933	0.000695333880757	0.000664135819006	1.89352794286	1.84280662606	0.775127999233	0.754364897763	0.973213325425	-0.039172020817	3.23499694556	2.55500546841
MAGIC2021.MAGIC1000G.FG_EUR	49	MAFbin1	MAFbin	0.030247469953	0.262800157647	0.203703760395	0.0160018872803	0.0453219353745	0.0012967745341	0.00262748598104	2.01305912888	7.35563798743	0.775127999233	2.83228687845	3.65396022497	1.86946092965	12.3397605825	17.2491635356
MAGIC2021.MAGIC1000G.FG_EUR	50	MAFbin2	MAFbin	0.0426672332784	0.262800157647	0.203703760395	0.0186942349791	0.0293995714039	0.00161793713955	0.0020028000623	1.66719958526	3.38257527978	0.775127999233	1.57265442725	2.02889642589	1.02069521814	11.5543642099	14.6792343166
MAGIC2021.MAGIC1000G.FG_EUR	51	MAFbin3	MAFbin	0.0584181251778	0.262800157647	0.203703760395	0.0235517590053	0.0227965595615	0.00251137090934	0.00242566616093	1.53408743325	1.91567859832	0.775127999233	0.967934478116	1.24874147118	0.320474824543	9.37804882493	9.39806141862
MAGIC2021.MAGIC1000G.FG_EUR	52	MAFbin4	MAFbin	0.07974831473	0.262800157647	0.203703760395	0.028987122591	0.0206496065475	0.00407626327623	0.00254804742498	1.38311398197	1.27113366483	0.775127999233	0.712371725847	0.919037535159	-0.12180430989	7.1111997991	8.10409034976
MAGIC2021.MAGIC1000G.FG_EUR	53	MAFbin5	MAFbin	0.106297957799	0.262800157647	0.203703760395	0.0399536436264	0.0146029018072	0.00337390842277	0.00234457470906	1.43022988734	0.674396329354	0.775127999233	0.36549612205	0.471530021379	-1.08457846754	11.8419466743	6.2283798212
MAGIC2021.MAGIC1000G.FG_EUR	54	MAFbin6	MAFbin	0.129324555421	0.262800157647	0.203703760395	0.0325978414353	0.0181452038452	0.00503061182375	0.0034166574554	0.959140495101	0.688782034934	0.775127999233	0.556638201987	0.718124235659	-0.477694642671	6.4798960002	5.31080568716
MAGIC2021.MAGIC1000G.FG_EUR	55	MAFbin7	MAFbin	0.137960814687	0.262800157647	0.203703760395	0.0227685689122	0.0168241354448	0.00286261669074	0.00349381746238	0.627992363638	0.59865685461	0.775127999233	0.738919319421	0.953286837984	-0.0690177176121	7.95376097186	4.81540195673
MAGIC2021.MAGIC1000G.FG_EUR	56	MAFbin8	MAFbin	0.138505721522	0.262800157647	0.203703760395	0.0240907059358	0.0149854335545	0.00347574258716	0.00330912218163	0.661844845676	0.531132103061	0.775127999233	0.622042110116	0.802502439251	-0.317422317493	6.93109611304	4.52852228838
MAGIC2021.MAGIC1000G.FG_EUR	57	MAFbin9	MAFbin	0.138827867701	0.262800157647	0.203703760395	0.0313102041201	0.0118168950602	0.00392088268235	0.00275516362066	0.85819034505	0.417856997518	0.775127999233	0.377413542718	0.486904799068	-1.03828837461	7.98549884215	4.28899937978
MAGIC2021.MAGIC1000G.FG_EUR	58	MAFbin10	MAFbin	0.138001939731	0.262800157647	0.203703760395	0.024844189761	0.0091615177962	0.00312118398632	0.00217966378409	0.685036994359	0.325899123576	0.775127999233	0.36875896877	0.475739450949	-1.07175642837	7.95986070347	4.20317934494
MVP_R4_GIA.EUR.A1C_Mean_INT	1	Coding_UCSC_w_flanking	other	0.116483260393	0.573442746144	0.473107697992	0.0688534418211	0.0681314742377	0.00696113697716	0.00607602113603	1.03079445323	1.2363010943	0.825030399588	0.989514430008	1.19936723605	0.262273467345	9.89112009245	11.2131726853
MVP_R4_GIA.EUR.A1C_Mean_INT	2	Conserved_LindbladToh_w_flanking	other	0.447988813988	0.573442746144	0.473107697992	0.293202737018	0.262255802139	0.0107226303126	0.00921072684972	1.1413288271	1.23736526561	0.825030399588	0.894452094159	1.08414440802	0.11655693645	27.3442922557	28.4728671708
MVP_R4_GIA.EUR.A1C_Mean_INT	3	CTCF_Hoffman_w_flanking	other	0.0829869119547	0.573442746144	0.473107697992	0.0515213195771	0.0462240938586	0.00361806245073	0.00351425901177	1.08264808007	1.17733156402	0.825030399588	0.897183811246	1.08745545824	0.120956309934	14.24003048	13.1532973818
MVP_R4_GIA.EUR.A1C_Mean_INT	4	DGF_ENCODE_w_flanking	other	0.64337389862	0.573442746144	0.473107697992	0.386071105094	0.353256948361	0.0123097391987	0.010433101021	1.04643871179	1.16055909817	0.825030399588	0.915004888219	1.10905596773	0.149332171923	31.3630613015	33.8592473752
MVP_R4_GIA.EUR.A1C_Mean_INT	5	DHS_peaks_Trynka	other	0.176878814776	0.573442746144	0.473107697992	0.126728105324	0.109596300219	0.00667673224806	0.0061746871466	1.24941598787	1.30966451122	0.825030399588	0.864814477726	1.04822134816	0.0679433964256	18.9805582455	17.7492879586
MVP_R4_GIA.EUR.A1C_Mean_INT	6	DHS_Trynka_w_flanking	other	0.614339617469	0.573442746144	0.473107697992	0.324053113336	0.330429893585	0.00978291423857	0.00990483878249	0.919851269141	1.13686996498	0.825030399588	1.01967819467	1.23592802784	0.305594732809	33.1243947799	33.3604514764
MVP_R4_GIA.EUR.A1C_Mean_INT	7	Enhancer_Andersson_w_flanking	other	0.0261760905848	0.573442746144	0.473107697992	0.0198614413554	0.0187537402579	0.00269951726228	0.00256802834835	1.32317081745	1.51433896501	0.825030399588	0.944228564399	1.14447730032	0.194688848611	7.35740483416	7.30277773995
MVP_R4_GIA.EUR.A1C_Mean_INT	8	Enhancer_Hoffman_w_flanking	other	0.118943908867	0.573442746144	0.473107697992	0.0885663311812	0.0832492405919	0.00588495207553	0.00495956353277	1.29848334795	1.47937426427	0.825030399588	0.939964876964	1.13930938476	0.188159570796	15.0496265806	16.7855981765
MVP_R4_GIA.EUR.A1C_Mean_INT	9	FetalDHS_Trynka_w_flanking	other	0.376609445737	0.573442746144	0.473107697992	0.231548067182	0.215432524092	0.00903151054454	0.00881702520797	1.07216071038	1.2090939468	0.825030399588	0.930400874056	1.12771708112	0.173405173352	25.6378006802	24.433697195
MVP_R4_GIA.EUR.A1C_Mean_INT	10	H3K27ac_Hnisz_w_flanking	other	0.506667397779	0.573442746144	0.473107697992	0.339571549374	0.295000728537	0.0117747816844	0.0101312377076	1.168740982	1.23066574972	0.825030399588	0.86874394831	1.0529841673	0.0744837441278	28.8388828324	29.11793574
MVP_R4_GIA.EUR.A1C_Mean_INT	11	H3K27ac_PGC2_w_flanking	other	0.410626711402	0.573442746144	0.473107697992	0.290700397175	0.252893034781	0.0112980948816	0.00967160370023	1.23454909304	1.30175620533	0.825030399588	0.869943891507	1.05443859031	0.076475076136	25.730036809	26.1479939232
MVP_R4_GIA.EUR.A1C_Mean_INT	12	H3K4me1_peaks_Trynka	other	0.249838070139	0.573442746144	0.473107697992	0.18002539872	0.153642411297	0.00854957796096	0.00716187586636	1.25656541274	1.29984773977	0.825030399588	0.853448526649	1.03444494539	0.0488568649925	21.0566415725	21.4528168547
MVP_R4_GIA.EUR.A1C_Mean_INT	13	H3K4me1_Trynka_w_flanking	other	0.720846627575	0.573442746144	0.473107697992	0.441984823053	0.389414599041	0.0138035770827	0.011610904563	1.06923809213	1.14185075534	0.825030399588	0.881058757518	1.06791065876	0.0947909564261	32.0195859671	33.5386960532
MVP_R4_GIA.EUR.A1C_Mean_INT	14	H3K4me3_peaks_Trynka	other	0.0620611186697	0.573442746144	0.473107697992	0.0463877476486	0.0440532413239	0.00415691050573	0.00370935924189	1.30344773846	1.50036959306	0.825030399588	0.949674074663	1.15107767561	0.202985190927	11.1591884369	11.8762401944
MVP_R4_GIA.EUR.A1C_Mean_INT	15	H3K4me3_Trynka_w_flanking	other	0.313400252919	0.573442746144	0.473107697992	0.223409880467	0.200168104349	0.00961370930894	0.00825663341535	1.24311976091	1.3500054418	0.825030399588	0.895968002537	1.08598180502	0.11899993184	23.2386764866	24.2433076872
MVP_R4_GIA.EUR.A1C_Mean_INT	16	H3K9ac_peaks_Trynka	other	0.0591995010161	0.573442746144	0.473107697992	0.0562304474705	0.0510414428903	0.00500599112648	0.00483817544848	1.65639316591	1.82240493277	0.825030399588	0.907718952745	1.1002248562	0.137798401722	11.2326302724	10.5497296313
MVP_R4_GIA.EUR.A1C_Mean_INT	17	H3K9ac_Trynka_w_flanking	other	0.301600792343	0.573442746144	0.473107697992	0.220115537687	0.198146928252	0.0112327706486	0.00863778962172	1.27270619587	1.38865656421	0.825030399588	0.900195099056	1.09110536958	0.125790431477	19.5958365548	22.9395408929
MVP_R4_GIA.EUR.A1C_Mean_INT	18	Intron_UCSC_w_flanking	other	0.442765933384	0.573442746144	0.473107697992	0.286163321108	0.241783238952	0.0116487710842	0.00890667881596	1.12706692552	1.15422898975	0.825030399588	0.844913450179	1.02409977935	0.0343562858136	24.5659665762	27.1462847093
MVP_R4_GIA.EUR.A1C_Mean_INT	19	PromoterFlanking_Hoffman_w_flanking	other	0.0414266277807	0.573442746144	0.473107697992	0.0293656286234	0.0257107643973	0.00256285203683	0.00257683111606	1.23614568294	1.3118234557	0.825030399588	0.875539384054	1.06122075561	0.0857247975347	11.4581833837	9.97766762325
MVP_R4_GIA.EUR.A1C_Mean_INT	20	Promoter_UCSC_w_flanking	other	0.0777366146549	0.573442746144	0.473107697992	0.0514252336748	0.0465181428247	0.00581639692753	0.00598850915908	1.15361418275	1.26484331444	0.825030399588	0.90457815163	1.09641796482	0.132797872042	8.84142439306	7.76790042212
MVP_R4_GIA.EUR.A1C_Mean_INT	21	Repressed_Hoffman_w_flanking	other	0.657589455539	0.573442746144	0.473107697992	0.278371296032	0.259870223883	0.01032372004	0.0128832308691	0.738209359772	0.835298430437	0.825030399588	0.933538147026	1.13151969611	0.178261697497	26.9642430203	20.1711997963
MVP_R4_GIA.EUR.A1C_Mean_INT	22	SuperEnhancer_Hnisz_w_flanking	other	0.218089536075	0.573442746144	0.473107697992	0.155740953743	0.145290740634	0.00897159720774	0.00758437965937	1.24531132565	1.40813111293	0.825030399588	0.93290003138	1.1307462511	0.177275212839	17.3593341449	19.1565753772
MVP_R4_GIA.EUR.A1C_Mean_INT	23	TFBS_ENCODE_w_flanking	other	0.417055926633	0.573442746144	0.473107697992	0.282079829548	0.235412578608	0.0115364273428	0.00901707852801	1.17947209906	1.19309589837	0.825030399588	0.834560127838	1.01155076013	0.0165687168883	24.4512292381	26.1074113835
MVP_R4_GIA.EUR.A1C_Mean_INT	24	Transcr_Hoffman_w_flanking	other	0.747293458034	0.573442746144	0.473107697992	0.386989984343	0.362906208644	0.0113757266218	0.0110136842168	0.903063899444	1.02646277295	0.825030399588	0.937766410829	1.13664467551	0.184781326358	34.0189244352	32.9504824635
MVP_R4_GIA.EUR.A1C_Mean_INT	25	TSS_Hoffman_w_flanking	other	0.0474925717889	0.573442746144	0.473107697992	0.0401666168098	0.0357667252291	0.00459522325886	0.00436872545289	1.47485560096	1.59181823672	0.825030399588	0.890458994803	1.07930446593	0.110101898678	8.7409500142	8.18699312071
MVP_R4_GIA.EUR.A1C_Mean_INT	26	UTR_3_UCSC_w_flanking	other	0.0434725987258	0.573442746144	0.473107697992	0.0264568264839	0.0264372211352	0.00341756158674	0.00303166974666	1.0612851396	1.28540559734	0.825030399588	0.99925896824	1.21117836232	0.276411336949	7.74143371302	8.72034995379
MVP_R4_GIA.EUR.A1C_Mean_INT	27	UTR_5_UCSC_w_flanking	other	0.0424410455357	0.573442746144	0.473107697992	0.0259552538074	0.025273265018	0.00346515030309	0.0032915794718	1.06647122594	1.25867980064	0.825030399588	0.973724441515	1.18022856128	0.239066276782	7.49036882592	7.67815732068
MVP_R4_GIA.EUR.A1C_Mean_INT	28	WeakEnhancer_Hoffman_w_flanking	other	0.120163951843	0.573442746144	0.473107697992	0.082262910395	0.0753252339893	0.00555111386472	0.00445227635398	1.19382262269	1.3249706932	0.825030399588	0.915664588423	1.10985557487	0.150371951377	14.8191718635	16.9183644501
MVP_R4_GIA.EUR.A1C_Mean_INT	29	GERP.NS	other	2.60003752832	0.573442746144	0.473107697992	1.54607386189	1.41445852334	0.0391205729802	0.038149025138	1.03695654725	1.14987487838	0.825030399588	0.914871247879	1.1088939854	0.149121444812	39.5207366383	37.0771865919
MVP_R4_GIA.EUR.A1C_Mean_INT	30	GERP.RSsup4	other	0.0233418896272	0.573442746144	0.473107697992	0.021135987565	0.01816660242	0.00298164412783	0.00302637051947	1.57905213857	1.6450446342	0.825030399588	0.859510461204	1.04179247411	0.0590679202386	7.08870229271	6.00276876315
MVP_R4_GIA.EUR.A1C_Mean_INT	31	Backgrd_Selection_Stat	other	0.169103659101	0.573442746144	0.473107697992	0.104670868178	0.0932869954093	0.00488132456571	0.00436200958458	1.07940085538	1.16602560129	0.825030399588	0.891241250151	1.08025261929	0.111368729039	21.4431281446	21.3862426481
MVP_R4_GIA.EUR.A1C_Mean_INT	32	CpG_Content_50kb	other	0.0108367491388	0.573442746144	0.473107697992	0.00651854028192	0.00582206541775	0.000267476160504	0.000219803891913	1.04896565838	1.13558081414	0.825030399588	0.893154780971	1.08257196513	0.114462932832	24.3705467793	26.4875447249
MVP_R4_GIA.EUR.A1C_Mean_INT	33	GTEx_eQTL_MaxCPP	QTL	0.00983327951664	0.573442746144	0.473107697992	0.0115323493797	0.00970902744856	0.0016358426082	0.0015302672509	2.0451696691	2.08697540011	0.825030399588	0.841895014528	1.02044120429	0.0291930596568	7.04979153978	6.34466132818
MVP_R4_GIA.EUR.A1C_Mean_INT	34	BLUEPRINT_H3K27acQTL_MaxCPP	QTL	0.0228675741433	0.573442746144	0.473107697992	0.0200169006625	0.0181246121662	0.00237037064863	0.00237447078107	1.52646438038	1.67528465988	0.825030399588	0.905465460003	1.09749345049	0.134212330217	8.44462897567	7.63311652883
MVP_R4_GIA.EUR.A1C_Mean_INT	35	BLUEPRINT_H3K4me1QTL_MaxCPP	QTL	0.0155667864651	0.573442746144	0.473107697992	0.0119019820527	0.011051537728	0.00143772868589	0.00136523820224	1.33330730798	1.50059580485	0.825030399588	0.928545991673	1.12546882168	0.170526091059	8.27832272494	8.09495200901
MVP_R4_GIA.EUR.A1C_Mean_INT	36	BLUEPRINT_DNA_methylation_MaxCPP	QTL	0.0450492018314	0.573442746144	0.473107697992	0.0374308427446	0.0331392769452	0.00367153675001	0.00390697036525	1.44894680354	1.55487654805	0.825030399588	0.885346802671	1.07310809773	0.10179541086	10.1948707839	8.48209068591
MVP_R4_GIA.EUR.A1C_Mean_INT	37	synonymous	other	0.0117035021402	0.573442746144	0.473107697992	0.00755472973096	0.00765696776454	0.00202185273694	0.00194420735274	1.12567502289	1.38286875864	0.825030399588	1.0135329836	1.22847956161	0.296873855581	3.73653807368	3.93834935031
MVP_R4_GIA.EUR.A1C_Mean_INT	38	non_synonymous	other	0.0303674179984	0.573442746144	0.473107697992	0.0117748863642	0.0133630683088	0.003350596256	0.00283381990442	0.676174508036	0.93011855114	0.825030399588	1.13487874919	1.37555991846	0.460018983845	3.51426595882	4.71556724122
MVP_R4_GIA.EUR.A1C_Mean_INT	39	Conserved_Vertebrate_phastCons46way_w_flanking	other	0.516290658104	0.573442746144	0.473107697992	0.335700882999	0.292671036281	0.0128124264185	0.00928207956444	1.13388276289	1.19818937421	0.825030399588	0.871820871207	1.05671363339	0.0795844631335	26.2011949988	31.5307614257
MVP_R4_GIA.EUR.A1C_Mean_INT	40	Conserved_Mammal_phastCons46way_w_flanking	other	0.454263810304	0.573442746144	0.473107697992	0.296259400365	0.26325556737	0.0113146905076	0.00931007522284	1.13729711289	1.22492475209	0.825030399588	0.888598191469	1.07704902985	0.107083926302	26.1836061858	28.2764167924
MVP_R4_GIA.EUR.A1C_Mean_INT	41	Conserved_Primate_phastCons46way_w_flanking	other	0.263508720223	0.573442746144	0.473107697992	0.189374420353	0.169791151538	0.00862595799473	0.00737325144047	1.25324581008	1.36194649834	0.825030399588	0.896589683134	1.08673532949	0.120000619916	21.9540160604	23.0279887928
MVP_R4_GIA.EUR.A1C_Mean_INT	42	BivFlnk_w_flanking	other	0.0463513518145	0.573442746144	0.473107697992	0.0379880089575	0.0330982525109	0.0038737235343	0.00410061049848	1.42920347556	1.50932458325	0.825030399588	0.871281581194	1.05605997261	0.0786917662635	9.80658754326	8.07154264546
MVP_R4_GIA.EUR.A1C_Mean_INT	43	Human_Promoter_Villar_w_flanking	other	0.0266764452883	0.573442746144	0.473107697992	0.0245930498223	0.0221249479402	0.00331848741641	0.00337179805355	1.60766059887	1.75304992608	0.825030399588	0.899642301385	1.09043533648	0.124904219773	7.41092152427	6.56176544052
MVP_R4_GIA.EUR.A1C_Mean_INT	44	Human_Enhancer_Villar_w_flanking	other	0.0579863122145	0.573442746144	0.473107697992	0.0446484625069	0.0441654554558	0.00426871706047	0.00398701185508	1.3427369968	1.60989373134	0.825030399588	0.989182000365	1.19896430587	0.261788709204	10.4594569924	11.0773323635
MVP_R4_GIA.EUR.A1C_Mean_INT	45	Ancient_Sequence_Age_Human_Promoter_w_flanking	other	0.0154493082425	0.573442746144	0.473107697992	0.0174927989313	0.0149716481457	0.0028197311535	0.00302425758451	1.97451393255	2.04833298777	0.825030399588	0.855874934852	1.03738593787	0.0529527187161	6.20371162321	4.9505201615
MVP_R4_GIA.EUR.A1C_Mean_INT	46	Ancient_Sequence_Age_Human_Enhancer_w_flanking	other	0.0230265976223	0.573442746144	0.473107697992	0.0252226242563	0.0242739316584	0.003391138863	0.00328622339173	1.91016302782	2.22818034191	0.825030399588	0.962387236623	1.16648700109	0.222170230538	7.4378034269	7.38657381585
MVP_R4_GIA.EUR.A1C_Mean_INT	47	Human_Enhancer_Villar_Species_Enhancer_Count	other	0.099046241685	0.573442746144	0.473107697992	0.120924064871	0.118148256056	0.0164910444835	0.0163256585032	2.12904417844	2.52132772906	0.825030399588	0.977045025587	1.18425336336	0.243977769278	7.33271109613	7.23696725819
MVP_R4_GIA.EUR.A1C_Mean_INT	48	Human_Promoter_Villar_ExAC_w_flanking	other	0.0045203277666	0.573442746144	0.473107697992	0.0063002761535	0.00540029310512	0.00162255982555	0.00176268351772	2.43052222125	2.52515121981	0.825030399588	0.857151809468	1.03893360765	0.0551034627415	3.8829237938	3.06367708714
MVP_R4_GIA.EUR.A1C_Mean_INT	49	MAFbin1	MAFbin	0.030247469953	0.573442746144	0.473107697992	0.0128315183386	0.0568114430783	0.00119526134882	0.00291262471684	0.7397737751	3.96996568114	0.825030399588	4.42749186645	5.36645906461	2.42397047277	10.7353244136	19.5052396383
MVP_R4_GIA.EUR.A1C_Mean_INT	50	MAFbin2	MAFbin	0.0426672332784	0.573442746144	0.473107697992	0.0187974864939	0.0541071108821	0.00168806004002	0.00331559730396	0.768272407385	2.68040147331	0.825030399588	2.87842264973	3.48886859341	1.80275926013	11.1355556368	16.3189633486
MVP_R4_GIA.EUR.A1C_Mean_INT	51	MAFbin3	MAFbin	0.0584181251778	0.573442746144	0.473107697992	0.0289106486058	0.0400518026582	0.00370651242352	0.00424088787653	0.863018601697	1.4491536603	0.825030399588	1.38536506753	1.67916851091	0.747747017445	7.79995998997	9.44420221055
MVP_R4_GIA.EUR.A1C_Mean_INT	52	MAFbin4	MAFbin	0.07974831473	0.573442746144	0.473107697992	0.0401027519819	0.0461407661977	0.00574824250435	0.00419729672362	0.876925297488	1.22293471482	0.825030399588	1.15056358772	1.39457114343	0.479821534694	6.97652403349	10.9929722
MVP_R4_GIA.EUR.A1C_Mean_INT	53	MAFbin5	MAFbin	0.106297957799	0.573442746144	0.473107697992	0.0627114452054	0.0469441393466	0.00469425415911	0.00420426435128	1.02880205956	0.933461575989	0.825030399588	0.748573712388	0.907328642389	-0.140302892681	13.3591925532	11.1658391158
MVP_R4_GIA.EUR.A1C_Mean_INT	54	MAFbin6	MAFbin	0.129324555421	0.573442746144	0.473107697992	0.0783227909069	0.0492503087478	0.00823929863746	0.00395263049113	1.05612931356	0.804948228129	0.825030399588	0.628811973852	0.762168247578	-0.391818589094	9.50600219184	12.4601348035
MVP_R4_GIA.EUR.A1C_Mean_INT	55	MAFbin7	MAFbin	0.137960814687	0.573442746144	0.473107697992	0.0722571920465	0.049498084504	0.00443812697755	0.00418395393906	0.913345864957	0.758355128148	0.825030399588	0.685026405014	0.830304441334	-0.268287679547	16.2810105281	11.8304563638
MVP_R4_GIA.EUR.A1C_Mean_INT	56	MAFbin8	MAFbin	0.138505721522	0.573442746144	0.473107697992	0.071471461562	0.046686243228	0.00458218674374	0.00402516829921	0.899859872845	0.712461169987	0.825030399588	0.653215174388	0.791746794681	-0.336888973249	15.5976754242	11.5985816636
MVP_R4_GIA.EUR.A1C_Mean_INT	57	MAFbin9	MAFbin	0.138827867701	0.573442746144	0.473107697992	0.097608325313	0.0462178203918	0.00632713577901	0.00577452154964	1.2260837736	0.703676087078	0.825030399588	0.473502851766	0.573921702767	-0.801074164145	15.4269370411	8.0037488811
MVP_R4_GIA.EUR.A1C_Mean_INT	58	MAFbin10	MAFbin	0.138001939731	0.573442746144	0.473107697992	0.0904291256899	0.0373999789576	0.0062546416975	0.00373336951575	1.14270223723	0.57283052483	0.825030399588	0.413583330285	0.50129465592	-0.996269240617	14.4579226219	10.0177544172
MVP_R4_GIA.EUR.ALT_Mean_INT	1	Coding_UCSC_w_flanking	other	0.116483260393	0.206021258327	0.166167348517	0.0350511173414	0.0351689761043	0.00510024293367	0.00489904405206	1.4605832411	1.81698154603	0.806554381166	1.00336248234	1.24401095049	0.314999184943	6.87244074395	7.17874257316
MVP_R4_GIA.EUR.ALT_Mean_INT	2	Conserved_LindbladToh_w_flanking	other	0.447988813988	0.206021258327	0.166167348517	0.105274342039	0.0953051355042	0.00699929888959	0.00661609551108	1.14062616657	1.28027552477	0.806554381166	0.905302599459	1.12243218882	0.166628287905	15.0406981756	14.4050422707
MVP_R4_GIA.EUR.ALT_Mean_INT	3	CTCF_Hoffman_w_flanking	other	0.0829869119547	0.206021258327	0.166167348517	0.0189464011806	0.0171715326639	0.00255498590857	0.00247554698576	1.10816668403	1.24524201646	0.806554381166	0.906321601671	1.12369559057	0.168251262021	7.41546210374	6.9364600077
MVP_R4_GIA.EUR.ALT_Mean_INT	4	DGF_ENCODE_w_flanking	other	0.64337389862	0.206021258327	0.166167348517	0.133255842812	0.122087760007	0.00680900758819	0.00637003103895	1.00533496475	1.14199183241	0.806554381166	0.916190670748	1.13593167695	0.183876063458	19.57052347	19.1659599868
MVP_R4_GIA.EUR.ALT_Mean_INT	5	DHS_peaks_Trynka	other	0.176878814776	0.206021258327	0.166167348517	0.0463045725264	0.0404528759519	0.00379908817887	0.00360051471636	1.27067950264	1.37634684998	0.806554381166	0.873625945447	1.08315814265	0.115243893875	12.1883384502	11.2353035993
MVP_R4_GIA.EUR.ALT_Mean_INT	6	DHS_Trynka_w_flanking	other	0.614339617469	0.206021258327	0.166167348517	0.109313620711	0.112259778811	0.00547354542841	0.00560373924624	0.863681706503	1.0996892236	0.806554381166	1.02695142729	1.27325751526	0.348524232608	19.9712639898	20.0330125793
MVP_R4_GIA.EUR.ALT_Mean_INT	7	Enhancer_Andersson_w_flanking	other	0.0261760905848	0.206021258327	0.166167348517	0.00547350120788	0.00524681146487	0.00104888894564	0.00101253675135	1.01495876391	1.20627126906	0.806554381166	0.958584143056	1.1884928846	0.249133266016	5.21838010652	5.18184792589
MVP_R4_GIA.EUR.ALT_Mean_INT	8	Enhancer_Hoffman_w_flanking	other	0.118943908867	0.206021258327	0.166167348517	0.036109038584	0.0344071625644	0.00373428372503	0.00333185883354	1.47353916456	1.74084844021	0.806554381166	0.952868420586	1.1814062918	0.240505200431	9.66960232346	10.3267167919
MVP_R4_GIA.EUR.ALT_Mean_INT	9	FetalDHS_Trynka_w_flanking	other	0.376609445737	0.206021258327	0.166167348517	0.0779517818666	0.0722360336965	0.00441951123397	0.00448845530872	1.0046685404	1.15429547602	0.806554381166	0.926675849695	1.14893164222	0.200292964773	17.6381001744	16.0937402131
MVP_R4_GIA.EUR.ALT_Mean_INT	10	H3K27ac_Hnisz_w_flanking	other	0.506667397779	0.206021258327	0.166167348517	0.128997654106	0.113602821136	0.00746576563288	0.00658281909128	1.23579609108	1.34933711592	0.806554381166	0.880658039274	1.09187682795	0.126810118408	17.2785566075	17.2574727576
MVP_R4_GIA.EUR.ALT_Mean_INT	11	H3K27ac_PGC2_w_flanking	other	0.410626711402	0.206021258327	0.166167348517	0.1124966994	0.0993925947798	0.00683203649791	0.00624096064508	1.32978230086	1.45666988455	0.806554381166	0.883515652547	1.09541981691	0.13148388508	16.4660565608	15.9258486685
MVP_R4_GIA.EUR.ALT_Mean_INT	12	H3K4me1_peaks_Trynka	other	0.249838070139	0.206021258327	0.166167348517	0.0648255170231	0.0555941068322	0.00447163962116	0.00390335439269	1.25943377906	1.33913527662	0.806554381166	0.857596042194	1.06328359528	0.0885264387646	14.4970352075	14.2426490755
MVP_R4_GIA.EUR.ALT_Mean_INT	13	H3K4me1_Trynka_w_flanking	other	0.720846627575	0.206021258327	0.166167348517	0.16541355206	0.146776890306	0.00782680929581	0.00732286572615	1.11382299913	1.22537529801	0.806554381166	0.887332920901	1.10015262656	0.137703685843	21.1342254306	20.0436408088
MVP_R4_GIA.EUR.ALT_Mean_INT	14	H3K4me3_peaks_Trynka	other	0.0620611186697	0.206021258327	0.166167348517	0.0166091121887	0.0158423515244	0.00235626333242	0.00229344377517	1.29901684733	1.53622332888	0.806554381166	0.953834939786	1.1826046229	0.241967821839	7.04892019503	6.90766946019
MVP_R4_GIA.EUR.ALT_Mean_INT	15	H3K4me3_Trynka_w_flanking	other	0.313400252919	0.206021258327	0.166167348517	0.0862216070464	0.0782738328016	0.00721129141997	0.00659077760562	1.33537959314	1.50304356167	0.806554381166	0.907821548252	1.12555528734	0.1706369238	11.9564724298	11.8762667299
MVP_R4_GIA.EUR.ALT_Mean_INT	16	H3K9ac_peaks_Trynka	other	0.0591995010161	0.206021258327	0.166167348517	0.0169447063443	0.014801628229	0.00194823833231	0.00184845672058	1.38932536675	1.50468556876	0.806554381166	0.873525213612	1.08303325109	0.115077536982	8.69745044191	8.00756007117
MVP_R4_GIA.EUR.ALT_Mean_INT	17	H3K9ac_Trynka_w_flanking	other	0.301600792343	0.206021258327	0.166167348517	0.0922764933535	0.0843535401233	0.0078253240475	0.00678012727831	1.48506878197	1.68315900715	0.806554381166	0.914138986623	1.13338791279	0.180641721776	11.7920347826	12.4412915364
MVP_R4_GIA.EUR.ALT_Mean_INT	18	Intron_UCSC_w_flanking	other	0.442765933384	0.206021258327	0.166167348517	0.10831048025	0.092162094016	0.00702692118818	0.00589490116843	1.18736501192	1.25265779457	0.806554381166	0.850906521726	1.05498964682	0.077228841058	15.4136466526	15.6342051177
MVP_R4_GIA.EUR.ALT_Mean_INT	19	PromoterFlanking_Hoffman_w_flanking	other	0.0414266277807	0.206021258327	0.166167348517	0.0106002570952	0.00933807763391	0.00146271985788	0.00151410125705	1.24200910904	1.3565387623	0.806554381166	0.880929353887	1.0922132152	0.127254517874	7.24694960426	6.16740630155
MVP_R4_GIA.EUR.ALT_Mean_INT	20	Promoter_UCSC_w_flanking	other	0.0777366146549	0.206021258327	0.166167348517	0.0241826819579	0.0227803108209	0.00501304662058	0.00512069252985	1.5099647372	1.76355225166	0.806554381166	0.942009280053	1.16794267324	0.223969463377	4.82394914474	4.44867773023
MVP_R4_GIA.EUR.ALT_Mean_INT	21	Repressed_Hoffman_w_flanking	other	0.657589455539	0.206021258327	0.166167348517	0.0868048275608	0.0831245994106	0.00507884521891	0.00580490749227	0.640732867743	0.760727357408	0.806554381166	0.957603416151	1.18727693819	0.247656489947	17.0914496936	14.3197112997
MVP_R4_GIA.EUR.ALT_Mean_INT	22	SuperEnhancer_Hnisz_w_flanking	other	0.218089536075	0.206021258327	0.166167348517	0.0573425182784	0.053962464777	0.00429786598726	0.00384045589972	1.27623278694	1.48905678392	0.806554381166	0.941055021599	1.16675954353	0.222507267895	13.342090807	14.0510570063
MVP_R4_GIA.EUR.ALT_Mean_INT	23	TFBS_ENCODE_w_flanking	other	0.417055926633	0.206021258327	0.166167348517	0.105328061309	0.0887605423808	0.0070734410151	0.00600720436571	1.22585120403	1.2807959929	0.806554381166	0.842705555174	1.04482174402	0.0632568265549	14.8906396596	14.7756821605
MVP_R4_GIA.EUR.ALT_Mean_INT	24	Transcr_Hoffman_w_flanking	other	0.747293458034	0.206021258327	0.166167348517	0.138373716151	0.13116066071	0.00607112715726	0.00622692079719	0.898773768553	1.05625000823	0.806554381166	0.947872647771	1.17521232282	0.232921428627	22.7920965196	21.063486269
MVP_R4_GIA.EUR.ALT_Mean_INT	25	TSS_Hoffman_w_flanking	other	0.0474925717889	0.206021258327	0.166167348517	0.0220560836898	0.0203840515467	0.00452770766428	0.00441164415432	2.25419082463	2.58296862573	0.806554381166	0.924191793674	1.14585180523	0.196420470197	4.87135772122	4.62051127282
MVP_R4_GIA.EUR.ALT_Mean_INT	26	UTR_3_UCSC_w_flanking	other	0.0434725987258	0.206021258327	0.166167348517	0.00862331037833	0.00866433557786	0.00169258171995	0.00149941796156	0.962822831267	1.19942741766	0.806554381166	1.00475747685	1.24574052329	0.317003599061	5.09476752389	5.77846591143
MVP_R4_GIA.EUR.ALT_Mean_INT	27	UTR_5_UCSC_w_flanking	other	0.0424410455357	0.206021258327	0.166167348517	0.0127495203549	0.0126459059376	0.00197242953864	0.00189302324874	1.45812829328	1.79315645083	0.806554381166	0.991873073307	1.22976589858	0.298383706536	6.4638660622	6.6802697463
MVP_R4_GIA.EUR.ALT_Mean_INT	28	WeakEnhancer_Hoffman_w_flanking	other	0.120163951843	0.206021258327	0.166167348517	0.0254299394766	0.0230623617443	0.00265534225312	0.00235342713106	1.02720964503	1.15500506143	0.806554381166	0.906898019381	1.12441025746	0.169168519909	9.57689708237	9.79947984789
MVP_R4_GIA.EUR.ALT_Mean_INT	29	GERP.NS	other	2.60003752832	0.206021258327	0.166167348517	0.521220672108	0.479044343673	0.0239584723959	0.0224280194465	0.973038400851	1.10879283292	0.806554381166	0.919081627625	1.13951600672	0.188421190199	21.7551713438	21.3591906684
MVP_R4_GIA.EUR.ALT_Mean_INT	30	GERP.RSsup4	other	0.0233418896272	0.206021258327	0.166167348517	0.00653755476041	0.00562817436982	0.00135290272063	0.00142118612692	1.35946269026	1.45106157855	0.806554381166	0.860899002163	1.06737874378	0.0940721863069	4.83224304358	3.96019512379
MVP_R4_GIA.EUR.ALT_Mean_INT	31	Backgrd_Selection_Stat	other	0.169103659101	0.206021258327	0.166167348517	0.0394239659955	0.0351790263572	0.00257955905635	0.00236822473504	1.13160607709	1.25194462615	0.806554381166	0.89232591062	1.10634314493	0.145798923289	15.2832190054	14.8545979766
MVP_R4_GIA.EUR.ALT_Mean_INT	32	CpG_Content_50kb	other	0.0108367491388	0.206021258327	0.166167348517	0.00239446802747	0.00214795946787	0.000143042954269	0.000125229443369	1.07250169462	1.19283774204	0.806554381166	0.897050803447	1.11220126552	0.153417883834	16.7395034569	17.1521920891
MVP_R4_GIA.EUR.ALT_Mean_INT	33	GTEx_eQTL_MaxCPP	QTL	0.00983327951664	0.206021258327	0.166167348517	0.00492295282571	0.00415597695803	0.000953142843631	0.000947654965413	2.43005025031	2.54348427293	0.806554381166	0.844204099687	1.04667970245	0.0658200264274	5.16496856542	4.38553810164
MVP_R4_GIA.EUR.ALT_Mean_INT	34	BLUEPRINT_H3K27acQTL_MaxCPP	QTL	0.0228675741433	0.206021258327	0.166167348517	0.00730281899193	0.00650243687984	0.000939229005696	0.000909082314589	1.55009531998	1.71123777763	0.806554381166	0.890400937915	1.10395648292	0.142683303353	7.77533375528	7.15274818956
MVP_R4_GIA.EUR.ALT_Mean_INT	35	BLUEPRINT_H3K4me1QTL_MaxCPP	QTL	0.0155667864651	0.206021258327	0.166167348517	0.00539526616279	0.00521454022846	0.00090221679755	0.000929013931532	1.682293903	2.01591104417	0.806554381166	0.966502869575	1.19831085435	0.261002206838	5.98001076619	5.61298388697
MVP_R4_GIA.EUR.ALT_Mean_INT	36	BLUEPRINT_DNA_methylation_MaxCPP	QTL	0.0450492018314	0.206021258327	0.166167348517	0.0125133923864	0.0107602730169	0.00155904934028	0.0016019575843	1.34826706856	1.43744256207	0.806554381166	0.859900551716	1.06614082298	0.0923980114541	8.02629657901	6.71695251008
MVP_R4_GIA.EUR.ALT_Mean_INT	37	synonymous	other	0.0117035021402	0.206021258327	0.166167348517	0.00324764993683	0.00330722845876	0.00126480319333	0.00127183366322	1.34691855679	1.70060192957	0.806554381166	1.01834511819	1.26258705175	0.336382860968	2.56771168349	2.60036241719
MVP_R4_GIA.EUR.ALT_Mean_INT	38	non_synonymous	other	0.0303674179984	0.206021258327	0.166167348517	0.00675917888794	0.007593190798	0.00233289244136	0.00214068374903	1.08037378542	1.50477218647	0.806554381166	1.12338953058	1.39282552647	0.47801454878	2.8973384148	3.54708667333
MVP_R4_GIA.EUR.ALT_Mean_INT	39	Conserved_Vertebrate_phastCons46way_w_flanking	other	0.516290658104	0.206021258327	0.166167348517	0.116119404827	0.102370524047	0.00689330367714	0.00599072391366	1.09168790545	1.19325968949	0.806554381166	0.881597044004	1.09304104545	0.12834757755	16.8452472524	17.0881725685
MVP_R4_GIA.EUR.ALT_Mean_INT	40	Conserved_Mammal_phastCons46way_w_flanking	other	0.454263810304	0.206021258327	0.166167348517	0.105521354735	0.0949956616253	0.00637396489009	0.00591974423767	1.12750943169	1.25849050272	0.806554381166	0.900250587797	1.11616849256	0.15855482738	16.5550574179	16.047257755
MVP_R4_GIA.EUR.ALT_Mean_INT	41	Conserved_Primate_phastCons46way_w_flanking	other	0.263508720223	0.206021258327	0.166167348517	0.0662660197103	0.0594281451298	0.00494828209358	0.00453354761866	1.22062948999	1.35722388359	0.806554381166	0.896811750421	1.11190487754	0.153033372081	13.3917223103	13.1085300362
MVP_R4_GIA.EUR.ALT_Mean_INT	42	BivFlnk_w_flanking	other	0.0463513518145	0.206021258327	0.166167348517	0.0193165406479	0.0172846799361	0.00329131414195	0.00331761503149	2.02280916299	2.24415705538	0.806554381166	0.894812391678	1.10942598859	0.149813426478	5.86894468738	5.20997155247
MVP_R4_GIA.EUR.ALT_Mean_INT	43	Human_Promoter_Villar_w_flanking	other	0.0266764452883	0.206021258327	0.166167348517	0.017992881	0.0169400762853	0.00492647974712	0.00489287963029	3.2738646012	3.82156907242	0.806554381166	0.941487707572	1.16729600577	0.223170449568	3.65227950252	3.46218946005
MVP_R4_GIA.EUR.ALT_Mean_INT	44	Human_Enhancer_Villar_w_flanking	other	0.0579863122145	0.206021258327	0.166167348517	0.021228673671	0.0211533304841	0.00319352431338	0.00309419340138	1.7769914414	2.19536924041	0.806554381166	0.996450876392	1.23544165113	0.305026874999	6.64741257239	6.83646034364
MVP_R4_GIA.EUR.ALT_Mean_INT	45	Ancient_Sequence_Age_Human_Promoter_w_flanking	other	0.0154493082425	0.206021258327	0.166167348517	0.0123227221206	0.0112119577429	0.00388323586539	0.00393355390937	3.87155632131	4.36743775398	0.806554381166	0.909860470209	1.12808322843	0.173873511718	3.17331281121	2.85033788814
MVP_R4_GIA.EUR.ALT_Mean_INT	46	Ancient_Sequence_Age_Human_Enhancer_w_flanking	other	0.0230265976223	0.206021258327	0.166167348517	0.00800877528601	0.00753538080342	0.00102290734162	0.000978911920561	1.68820157391	1.96938099461	0.806554381166	0.940890527492	1.16655559682	0.222255066303	7.82942399585	7.69771073898
MVP_R4_GIA.EUR.ALT_Mean_INT	47	Human_Enhancer_Villar_Species_Enhancer_Count	other	0.099046241685	0.206021258327	0.166167348517	0.0460629893763	0.0448800206947	0.00600963552354	0.00590275511279	2.25736653763	2.72690091488	0.806554381166	0.974318456148	1.20800094687	0.272621585491	7.66485574639	7.60323270018
MVP_R4_GIA.EUR.ALT_Mean_INT	48	Human_Promoter_Villar_ExAC_w_flanking	other	0.0045203277666	0.206021258327	0.166167348517	0.00407912563687	0.00372617034745	0.00255141390844	0.00260667401594	4.38011103518	4.96074712094	0.806554381166	0.913472807449	1.13256195587	0.179589973876	1.59877063591	1.42947308511
MVP_R4_GIA.EUR.ALT_Mean_INT	49	MAFbin1	MAFbin	0.030247469953	0.206021258327	0.166167348517	0.0049859714739	0.0213505328696	0.000544836512688	0.00220707716181	0.800108160793	4.24789697013	0.806554381166	4.282120943	5.30915340986	2.40848182924	9.1513166937	9.67366852371
MVP_R4_GIA.EUR.ALT_Mean_INT	50	MAFbin2	MAFbin	0.0426672332784	0.206021258327	0.166167348517	0.00764151762656	0.0173671845203	0.000869171724735	0.0013307408749	0.869306849414	2.44956656875	0.806554381166	2.27274022897	2.81783879927	1.49458908143	8.79172367105	13.0507635618
MVP_R4_GIA.EUR.ALT_Mean_INT	51	MAFbin3	MAFbin	0.0584181251778	0.206021258327	0.166167348517	0.0117574294119	0.0148357043162	0.0019869920975	0.00186541218752	0.976905893574	1.52832199736	0.806554381166	1.26181529963	1.56445160933	0.645657034697	5.91719988554	7.95304352328
MVP_R4_GIA.EUR.ALT_Mean_INT	52	MAFbin4	MAFbin	0.07974831473	0.206021258327	0.166167348517	0.0138861898834	0.0160520278581	0.00243059269662	0.00191334039357	0.845180658794	1.21133063437	0.806554381166	1.1559706437	1.43322095905	0.519261046415	5.71308796522	8.38953064078
MVP_R4_GIA.EUR.ALT_Mean_INT	53	MAFbin5	MAFbin	0.106297957799	0.206021258327	0.166167348517	0.0219182192979	0.0192338917632	0.00212442065617	0.00331341889661	1.00084842835	1.08892146014	0.806554381166	0.877529853214	1.08799837147	0.121676397151	10.3172689619	5.80484761009
MVP_R4_GIA.EUR.ALT_Mean_INT	54	MAFbin6	MAFbin	0.129324555421	0.206021258327	0.166167348517	0.0320115265074	0.0249954610121	0.00474806734658	0.00327993566265	1.20147117235	1.16314663096	0.806554381166	0.780826900158	0.968101988398	-0.0467690531671	6.74201189047	7.62071686245
MVP_R4_GIA.EUR.ALT_Mean_INT	55	MAFbin7	MAFbin	0.137960814687	0.206021258327	0.166167348517	0.0323341577532	0.012785252537	0.00371731296055	0.00176131845285	1.13761095904	0.55770927925	0.806554381166	0.395410099579	0.490246050127	-1.0284220881	8.69826083958	7.25891023075
MVP_R4_GIA.EUR.ALT_Mean_INT	56	MAFbin8	MAFbin	0.138505721522	0.206021258327	0.166167348517	0.0268424839743	0.0156708679646	0.00300789145254	0.00216669402177	0.940682258243	0.680894219852	0.806554381166	0.583808412798	0.723830192273	-0.466276808489	8.92402016424	7.23261697644
MVP_R4_GIA.EUR.ALT_Mean_INT	57	MAFbin9	MAFbin	0.138827867701	0.206021258327	0.166167348517	0.0227461162462	0.0140605245806	0.00293296179343	0.00298138423588	0.795277262128	0.609507677842	0.806554381166	0.618150563745	0.766409033513	-0.38381352895	7.7553401129	4.71610616686
MVP_R4_GIA.EUR.ALT_Mean_INT	58	MAFbin10	MAFbin	0.138001939731	0.206021258327	0.166167348517	0.0318976461518	0.00981590109569	0.0035711085594	0.00200528450764	1.12191875925	0.428054722739	0.806554381166	0.307731205274	0.381538074133	-1.39010106241	8.93214127245	4.89501667135
MVP_R4_GIA.EUR.AST_Mean_INT	1	Coding_UCSC_w_flanking	other	0.116483260393	0.246909684893	0.197271364586	0.0357538899231	0.0357393546259	0.00327567289722	0.00306925553837	1.24314462162	1.55531778784	0.798961631138	0.999593462495	1.25111572764	0.323215244311	10.9149756538	11.6443072853
MVP_R4_GIA.EUR.AST_Mean_INT	2	Conserved_LindbladToh_w_flanking	other	0.447988813988	0.246909684893	0.197271364586	0.121514703761	0.108823356168	0.00653597106455	0.00549199644988	1.09855938138	1.23137660131	0.798961631138	0.895557103789	1.12090126595	0.164659204641	18.5916832497	19.8148992195
MVP_R4_GIA.EUR.AST_Mean_INT	3	CTCF_Hoffman_w_flanking	other	0.0829869119547	0.246909684893	0.197271364586	0.0215275813152	0.0194389009915	0.00214063022336	0.00190616257172	1.05062446316	1.18740276195	0.798961631138	0.902976544688	1.1301876204	0.176562291715	10.0566557831	10.1979239756
MVP_R4_GIA.EUR.AST_Mean_INT	4	DGF_ENCODE_w_flanking	other	0.64337389862	0.246909684893	0.197271364586	0.160747825518	0.146178137589	0.00641231907266	0.00533966209057	1.01191385857	1.15174129328	0.798961631138	0.909363079208	1.13818116386	0.186730209137	25.0685943255	27.3759153874
MVP_R4_GIA.EUR.AST_Mean_INT	5	DHS_peaks_Trynka	other	0.176878814776	0.246909684893	0.197271364586	0.0525503480036	0.0455891305415	0.0033033392066	0.00301438178425	1.20326601784	1.30653618259	0.798961631138	0.867532419355	1.08582488263	0.118791449978	15.9082506267	15.1238740825
MVP_R4_GIA.EUR.AST_Mean_INT	6	DHS_Trynka_w_flanking	other	0.614339617469	0.246909684893	0.197271364586	0.133475084311	0.137493326991	0.00562254235799	0.00597364908683	0.879941003996	1.13451188335	0.798961631138	1.0301048147	1.28930448541	0.36659301445	23.7392759027	23.0166394096
MVP_R4_GIA.EUR.AST_Mean_INT	7	Enhancer_Andersson_w_flanking	other	0.0261760905848	0.246909684893	0.197271364586	0.00913215307299	0.00876194099958	0.00122548324751	0.00120421748629	1.41296131753	1.69680326348	0.798961631138	0.95946059265	1.20088444208	0.264097331006	7.45187915995	7.27604531518
MVP_R4_GIA.EUR.AST_Mean_INT	8	Enhancer_Hoffman_w_flanking	other	0.118943908867	0.246909684893	0.197271364586	0.0406434951216	0.0385412348788	0.00332965334894	0.00272287042208	1.38391914061	1.64255291818	0.798961631138	0.948275603845	1.18688503538	0.247180198743	12.2065244824	14.1546342295
MVP_R4_GIA.EUR.AST_Mean_INT	9	FetalDHS_Trynka_w_flanking	other	0.376609445737	0.246909684893	0.197271364586	0.0984639205178	0.0917313630441	0.0048849079748	0.00467096850935	1.05888254774	1.23470324541	0.798961631138	0.931624117359	1.16604362594	0.221621766024	20.156760583	19.6386173147
MVP_R4_GIA.EUR.AST_Mean_INT	10	H3K27ac_Hnisz_w_flanking	other	0.506667397779	0.246909684893	0.197271364586	0.152128569266	0.132479923076	0.00720942426432	0.00499155305201	1.21604513812	1.32544911236	0.798961631138	0.870841839342	1.08996703396	0.12428450137	21.1013478592	26.5408224045
MVP_R4_GIA.EUR.AST_Mean_INT	11	H3K27ac_PGC2_w_flanking	other	0.410626711402	0.246909684893	0.197271364586	0.127668973337	0.111017346272	0.00637454188863	0.00444737908891	1.25921545046	1.37050175552	0.798961631138	0.869571857361	1.08837749332	0.122179028362	20.0279448418	24.9624203497
MVP_R4_GIA.EUR.AST_Mean_INT	12	H3K4me1_peaks_Trynka	other	0.249838070139	0.246909684893	0.197271364586	0.078548531449	0.0671361043041	0.00483395497672	0.00354252163161	1.27333104604	1.36217677593	0.798961631138	0.854708586725	1.06977425876	0.0973063946324	16.249330378	18.9515015815
MVP_R4_GIA.EUR.AST_Mean_INT	13	H3K4me1_Trynka_w_flanking	other	0.720846627575	0.246909684893	0.197271364586	0.192723724121	0.168988090995	0.00826735697469	0.00651323102845	1.08281479975	1.18836316065	0.798961631138	0.876841145353	1.09747591271	0.134189275982	23.3114071052	25.9453549639
MVP_R4_GIA.EUR.AST_Mean_INT	14	H3K4me3_peaks_Trynka	other	0.0620611186697	0.246909684893	0.197271364586	0.0174234176445	0.0164796414311	0.00201579758287	0.00182767664619	1.13703968337	1.34605904173	0.798961631138	0.94583288809	1.18382767235	0.243459085751	8.64343612303	9.01671609442
MVP_R4_GIA.EUR.AST_Mean_INT	15	H3K4me3_Trynka_w_flanking	other	0.313400252919	0.246909684893	0.197271364586	0.0913278675682	0.0810796722077	0.0051303365634	0.00374077717555	1.18022782547	1.31144050435	0.798961631138	0.887786766149	1.11117572052	0.152086981515	17.8015353261	21.6745527474
MVP_R4_GIA.EUR.AST_Mean_INT	16	H3K9ac_peaks_Trynka	other	0.0591995010161	0.246909684893	0.197271364586	0.0191447016404	0.0165176448579	0.00184796104081	0.00173797120203	1.30976213574	1.41437974844	0.798961631138	0.862778912315	1.07987527647	0.110864693492	10.3599054404	9.50398075561
MVP_R4_GIA.EUR.AST_Mean_INT	17	H3K9ac_Trynka_w_flanking	other	0.301600792343	0.246909684893	0.197271364586	0.10039111227	0.0902035892263	0.00602726019638	0.00434861797123	1.34810792764	1.5160980589	0.798961631138	0.898521663787	1.12461178205	0.16942706654	16.656176936	20.7430475206
MVP_R4_GIA.EUR.AST_Mean_INT	18	Intron_UCSC_w_flanking	other	0.442765933384	0.246909684893	0.197271364586	0.123589663182	0.10309359627	0.0073248440493	0.00498995894496	1.13049806874	1.1803028131	0.798961631138	0.834160346551	1.04405557669	0.0621985108348	16.8726681893	20.6602093138
MVP_R4_GIA.EUR.AST_Mean_INT	19	PromoterFlanking_Hoffman_w_flanking	other	0.0414266277807	0.246909684893	0.197271364586	0.0145239521123	0.013041354178	0.0018624820267	0.00171115096699	1.41993054244	1.59580219731	0.798961631138	0.897920488663	1.1238593365	0.168461477527	7.79817034693	7.62139310299
MVP_R4_GIA.EUR.AST_Mean_INT	20	Promoter_UCSC_w_flanking	other	0.0777366146549	0.246909684893	0.197271364586	0.0206915136978	0.0185799223976	0.00236424639339	0.00232445425702	1.07802420935	1.21158593581	0.798961631138	0.897948920942	1.12389492304	0.168507159142	8.75184319014	7.9932407108
MVP_R4_GIA.EUR.AST_Mean_INT	21	Repressed_Hoffman_w_flanking	other	0.657589455539	0.246909684893	0.197271364586	0.109412436061	0.105020784012	0.00577734083371	0.00620521703199	0.673866275034	0.809573654457	0.798961631138	0.959861491005	1.2013862163	0.2647000168	18.9381999799	16.924594816
MVP_R4_GIA.EUR.AST_Mean_INT	22	SuperEnhancer_Hnisz_w_flanking	other	0.218089536075	0.246909684893	0.197271364586	0.0729245612299	0.0684159138006	0.0039141671431	0.00332871376265	1.35425631958	1.59022382054	0.798961631138	0.938173814785	1.1742413881	0.23172901289	18.6309267243	20.553258309
MVP_R4_GIA.EUR.AST_Mean_INT	23	TFBS_ENCODE_w_flanking	other	0.417055926633	0.246909684893	0.197271364586	0.121482759489	0.10095804086	0.00707924678077	0.00508644916391	1.17972892026	1.22710738098	0.798961631138	0.831048300884	1.0401604639	0.0568061078048	17.1604074912	19.8484321
MVP_R4_GIA.EUR.AST_Mean_INT	24	Transcr_Hoffman_w_flanking	other	0.747293458034	0.246909684893	0.197271364586	0.163272705687	0.154133052976	0.00560262877061	0.00556048163778	0.884879806132	1.04553975695	0.798961631138	0.944022164191	1.18156132585	0.240694510567	29.1421602915	27.7193709136
MVP_R4_GIA.EUR.AST_Mean_INT	25	TSS_Hoffman_w_flanking	other	0.0474925717889	0.246909684893	0.197271364586	0.0206692080785	0.0186646627473	0.00231498253601	0.00216030292597	1.76262540045	1.99218841585	0.798961631138	0.903017797122	1.13023925296	0.176628199652	8.92845097403	8.63983588733
MVP_R4_GIA.EUR.AST_Mean_INT	26	UTR_3_UCSC_w_flanking	other	0.0434725987258	0.246909684893	0.197271364586	0.0124961701991	0.0125010712499	0.00175185191708	0.00152767944718	1.16418822953	1.4576980717	0.798961631138	1.00039220423	1.25211545241	0.32436759337	7.13312014404	8.18304603952
MVP_R4_GIA.EUR.AST_Mean_INT	27	UTR_5_UCSC_w_flanking	other	0.0424410455357	0.246909684893	0.197271364586	0.0134993080625	0.0132840534572	0.00178581853346	0.00172815442088	1.28821190655	1.58664764574	0.798961631138	0.984054397136	1.23166665179	0.300611846229	7.55917122013	7.68684400925
MVP_R4_GIA.EUR.AST_Mean_INT	28	WeakEnhancer_Hoffman_w_flanking	other	0.120163951843	0.246909684893	0.197271364586	0.0332212894009	0.030134017656	0.0026371195194	0.00215618914674	1.11970639006	1.27121435105	0.798961631138	0.907069478621	1.13531043703	0.18308683913	12.5975668363	13.9755910104
MVP_R4_GIA.EUR.AST_Mean_INT	29	GERP.NS	other	2.60003752832	0.246909684893	0.197271364586	0.614670487216	0.562435387244	0.0208531508544	0.0197517582974	0.957468775049	1.09655134647	0.798961631138	0.915019346042	1.14526068635	0.195676024605	29.4761444689	28.4752060437
MVP_R4_GIA.EUR.AST_Mean_INT	30	GERP.RSsup4	other	0.0233418896272	0.246909684893	0.197271364586	0.00759301191471	0.00642863681919	0.00141648049289	0.00152004936631	1.31746760428	1.39610740766	0.798961631138	0.846651749187	1.05969012302	0.0836424503126	5.36047757299	4.22922897221
MVP_R4_GIA.EUR.AST_Mean_INT	31	Backgrd_Selection_Stat	other	0.169103659101	0.246909684893	0.197271364586	0.0465863259678	0.0412373662875	0.00265979421341	0.00226987518482	1.11575111849	1.23615766626	0.798961631138	0.885181765911	1.10791523824	0.147847511314	17.5150113993	18.1672395748
MVP_R4_GIA.EUR.AST_Mean_INT	32	CpG_Content_50kb	other	0.0108367491388	0.246909684893	0.197271364586	0.00275575722546	0.00244046214786	0.000118989695083	8.97953029813e-05	1.02992075372	1.1415869811	0.798961631138	0.88558677278	1.10842215479	0.148507452349	23.1596292733	27.178060175
MVP_R4_GIA.EUR.AST_Mean_INT	33	GTEx_eQTL_MaxCPP	QTL	0.00983327951664	0.246909684893	0.197271364586	0.00631536998023	0.00531289943719	0.00102985582239	0.000984856972412	2.60113138189	2.73885576926	0.798961631138	0.841264954202	1.05294787811	0.0744340234042	6.13228555195	5.39458986027
MVP_R4_GIA.EUR.AST_Mean_INT	34	BLUEPRINT_H3K27acQTL_MaxCPP	QTL	0.0228675741433	0.246909684893	0.197271364586	0.00761466397545	0.00673600455503	0.00080920816629	0.000766604998433	1.34862908688	1.49320084688	0.798961631138	0.884609560809	1.10719905229	0.146914613203	9.41001869811	8.78679968015
MVP_R4_GIA.EUR.AST_Mean_INT	35	BLUEPRINT_H3K4me1QTL_MaxCPP	QTL	0.0155667864651	0.246909684893	0.197271364586	0.00558303306434	0.00545622492659	0.000827438181062	0.000812312792651	1.45255674231	1.77676196398	0.798961631138	0.97728687323	1.22319625266	0.290655892033	6.74737181837	6.71690139064
MVP_R4_GIA.EUR.AST_Mean_INT	36	BLUEPRINT_DNA_methylation_MaxCPP	QTL	0.0450492018314	0.246909684893	0.197271364586	0.0136830085802	0.011463634504	0.00126078537891	0.00124790476394	1.23014519163	1.28994496458	0.798961631138	0.837800724658	1.04861196334	0.0684809103866	10.8527659101	9.18630558618
MVP_R4_GIA.EUR.AST_Mean_INT	37	synonymous	other	0.0117035021402	0.246909684893	0.197271364586	0.00199214767488	0.0019473174526	0.00106775188036	0.00100993222116	0.689394103917	0.843445195202	0.798961631138	0.977496536605	1.22345867249	0.290965369093	1.86574026375	1.92816647672
MVP_R4_GIA.EUR.AST_Mean_INT	38	non_synonymous	other	0.0303674179984	0.246909684893	0.197271364586	0.0101873267933	0.010987359692	0.00230864760185	0.00200345415936	1.3586708106	1.834093307	0.798961631138	1.07853217188	1.34991735503	0.432871084952	4.41268159988	5.48420818149
MVP_R4_GIA.EUR.AST_Mean_INT	39	Conserved_Vertebrate_phastCons46way_w_flanking	other	0.516290658104	0.246909684893	0.197271364586	0.137804594168	0.120151606005	0.00705593214406	0.00486981000102	1.08101396487	1.17969914472	0.798961631138	0.871898406076	1.09128945884	0.126033819754	19.5303173776	24.6727502674
MVP_R4_GIA.EUR.AST_Mean_INT	40	Conserved_Mammal_phastCons46way_w_flanking	other	0.454263810304	0.246909684893	0.197271364586	0.122627148141	0.109198963455	0.00588077137311	0.00451111812057	1.0933025566	1.21855834399	0.798961631138	0.890495825031	1.11456644515	0.15648262578	20.8522216493	24.206629163
MVP_R4_GIA.EUR.AST_Mean_INT	41	Conserved_Primate_phastCons46way_w_flanking	other	0.263508720223	0.246909684893	0.197271364586	0.0765323612258	0.0677077321876	0.00432276768946	0.00345103521252	1.17628347443	1.3025044844	0.798961631138	0.884694149026	1.10730492498	0.147052560126	17.7044816478	19.6195425483
MVP_R4_GIA.EUR.AST_Mean_INT	42	BivFlnk_w_flanking	other	0.0463513518145	0.246909684893	0.197271364586	0.0167024325341	0.0142018960412	0.00169981708164	0.00170920706557	1.45941631278	1.55317315596	0.798961631138	0.850289082875	1.06424269919	0.089827193128	9.82601758419	8.30905530832
MVP_R4_GIA.EUR.AST_Mean_INT	43	Human_Promoter_Villar_w_flanking	other	0.0266764452883	0.246909684893	0.197271364586	0.0152572918772	0.0140588421501	0.00181515988055	0.00174969197997	2.31638834533	2.67151457506	0.798961631138	0.921450691463	1.15331031623	0.20578074495	8.40548099409	8.03503834449
MVP_R4_GIA.EUR.AST_Mean_INT	44	Human_Enhancer_Villar_w_flanking	other	0.0579863122145	0.246909684893	0.197271364586	0.0254716560841	0.0253226596053	0.00228815848144	0.00217008500609	1.77907217584	2.21370516727	0.798961631138	0.994150498958	1.24430318079	0.31533804828	11.1319457506	11.6689712773
MVP_R4_GIA.EUR.AST_Mean_INT	45	Ancient_Sequence_Age_Human_Promoter_w_flanking	other	0.0154493082425	0.246909684893	0.197271364586	0.0103917228495	0.00908711407123	0.00131383061992	0.00128334411004	2.72420880303	2.98162411883	0.798961631138	0.874456931044	1.09449177152	0.130261108262	7.90948444338	7.08080864683
MVP_R4_GIA.EUR.AST_Mean_INT	46	Ancient_Sequence_Age_Human_Enhancer_w_flanking	other	0.0230265976223	0.246909684893	0.197271364586	0.0112821921494	0.0106735463992	0.0011390518339	0.00106112487292	1.98438344323	2.34971355185	0.798961631138	0.946052527546	1.18410257849	0.243794066667	9.90489792793	10.0587090847
MVP_R4_GIA.EUR.AST_Mean_INT	47	Human_Enhancer_Villar_Species_Enhancer_Count	other	0.099046241685	0.246909684893	0.197271364586	0.0556839299676	0.0544898780267	0.00668906171661	0.00661634917601	2.27695135557	2.78877698815	0.798961631138	0.978556615138	1.22478549282	0.292529099805	8.32462493646	8.23564122406
MVP_R4_GIA.EUR.AST_Mean_INT	48	Human_Promoter_Villar_ExAC_w_flanking	other	0.0045203277666	0.246909684893	0.197271364586	0.00239033481304	0.00196238296141	0.00067375500369	0.000677185894879	2.14166078701	2.2006439858	0.798961631138	0.82096572861	1.02754086882	0.0391957759653	3.54778042456	2.89784972819
MVP_R4_GIA.EUR.AST_Mean_INT	49	MAFbin1	MAFbin	0.030247469953	0.246909684893	0.197271364586	0.00588543175137	0.0238990457128	0.000647162390452	0.0017567723773	0.788045237406	4.00522997018	0.798961631138	4.06071240351	5.08248737517	2.34553472644	9.09421165105	13.6039512128
MVP_R4_GIA.EUR.AST_Mean_INT	50	MAFbin2	MAFbin	0.0426672332784	0.246909684893	0.197271364586	0.00961144517738	0.0208562094438	0.00104454624727	0.00147250156028	0.912338675287	2.47786047648	0.798961631138	2.16993480781	2.71594369898	1.44145357308	9.20155062784	14.1637944613
MVP_R4_GIA.EUR.AST_Mean_INT	51	MAFbin3	MAFbin	0.0584181251778	0.246909684893	0.197271364586	0.0126321222998	0.0168684115211	0.00218550764172	0.00203010706422	0.875771043358	1.46373522322	0.798961631138	1.33535847111	1.67136745879	0.741028952247	5.77994881311	8.30912409419
MVP_R4_GIA.EUR.AST_Mean_INT	52	MAFbin4	MAFbin	0.07974831473	0.246909684893	0.197271364586	0.0187015506481	0.0219992243253	0.00324155813897	0.00265102188604	0.949768973908	1.39836905689	0.798961631138	1.17633156412	1.47232547631	0.558096632774	5.76930903175	8.29839408009
MVP_R4_GIA.EUR.AST_Mean_INT	53	MAFbin5	MAFbin	0.106297957799	0.246909684893	0.197271364586	0.0292104345758	0.0218892618364	0.0025215426805	0.00267258225939	1.1129482529	1.04385973698	0.798961631138	0.749364470412	0.93792297553	-0.0924586448365	11.5843506444	8.19030424957
MVP_R4_GIA.EUR.AST_Mean_INT	54	MAFbin6	MAFbin	0.129324555421	0.246909684893	0.197271364586	0.0361928961547	0.0262665749864	0.00534983956616	0.0030337640539	1.13345482981	1.02957598509	0.798961631138	0.725738412149	0.908352020754	-0.138676590129	6.76523019188	8.65808102401
MVP_R4_GIA.EUR.AST_Mean_INT	55	MAFbin7	MAFbin	0.137960814687	0.246909684893	0.197271364586	0.0366817162826	0.0176364093685	0.00289961985231	0.00258115995942	1.07685138743	0.648022927654	0.798961631138	0.480795643056	0.601775635172	-0.732702399197	12.650525983	6.83274560499
MVP_R4_GIA.EUR.AST_Mean_INT	56	MAFbin8	MAFbin	0.138505721522	0.246909684893	0.197271364586	0.0272034778115	0.0185980249061	0.00250716269744	0.00189436487934	0.795460447988	0.680667574445	0.798961631138	0.68366350196	0.855690029803	-0.224839813978	10.8503041463	9.81755157569
MVP_R4_GIA.EUR.AST_Mean_INT	57	MAFbin9	MAFbin	0.138827867701	0.246909684893	0.197271364586	0.0354426494509	0.0141243181678	0.00304634352915	0.0024719868485	1.03397824403	0.515735219141	0.798961631138	0.398511916762	0.498787302457	-1.00350335569	11.6344887278	5.71375133989
MVP_R4_GIA.EUR.AST_Mean_INT	58	MAFbin10	MAFbin	0.138001939731	0.246909684893	0.197271364586	0.0353479607413	0.0151338843179	0.00300374654565	0.0018596099554	1.03738758907	0.555905755389	0.798961631138	0.428140237811	0.535870836752	-0.900042791282	11.7679571842	8.13820353777
MVP_R4_GIA.EUR.Glucose_Mean_INT	1	Coding_UCSC_w_flanking	other	0.116483260393	0.40675780553	0.337077259208	0.0443517967225	0.0435365886815	0.00504155672267	0.0045480064206	0.936077495383	1.10882095456	0.828692786285	0.981619503577	1.18453969894	0.244326550202	8.7972424317	9.57267529006
MVP_R4_GIA.EUR.Glucose_Mean_INT	2	Conserved_LindbladToh_w_flanking	other	0.447988813988	0.40675780553	0.337077259208	0.206678332891	0.185703593862	0.00910755290356	0.00803576503615	1.13420585294	1.22976940598	0.828692786285	0.898515056051	1.08425591597	0.116705314924	22.6930697059	23.1096346181
MVP_R4_GIA.EUR.Glucose_Mean_INT	3	CTCF_Hoffman_w_flanking	other	0.0829869119547	0.40675780553	0.337077259208	0.0353349847539	0.0316895540767	0.00321414104942	0.00295292079377	1.04678962208	1.13286215759	0.828692786285	0.896832255551	1.08222524727	0.114000803512	10.9936011552	10.7315963718
MVP_R4_GIA.EUR.Glucose_Mean_INT	4	DGF_ENCODE_w_flanking	other	0.64337389862	0.40675780553	0.337077259208	0.26735410812	0.245211372198	0.00897670549323	0.00746763112205	1.02161562916	1.13070084272	0.828692786285	0.917178246941	1.1067771581	0.146364774721	29.783098969	32.8365673385
MVP_R4_GIA.EUR.Glucose_Mean_INT	5	DHS_peaks_Trynka	other	0.176878814776	0.40675780553	0.337077259208	0.0897460952005	0.0787686258222	0.0060504847423	0.00562776131747	1.24739456268	1.32113742532	0.828692786285	0.877683041766	1.05911751169	0.0828626687702	14.8328768723	13.9964403923
MVP_R4_GIA.EUR.Glucose_Mean_INT	6	DHS_Trynka_w_flanking	other	0.614339617469	0.40675780553	0.337077259208	0.22941306754	0.234953867264	0.00726518174791	0.00744170079867	0.918065639674	1.13460481117	0.828692786285	1.02415206677	1.23586458542	0.305520674761	31.5770582898	31.5726033094
MVP_R4_GIA.EUR.Glucose_Mean_INT	7	Enhancer_Andersson_w_flanking	other	0.0261760905848	0.40675780553	0.337077259208	0.0155166232703	0.0147819882645	0.00258955909511	0.00252338057416	1.45732540357	1.67532324464	0.828692786285	0.952654969254	1.14958762164	0.20111643255	5.99199427408	5.85800985229
MVP_R4_GIA.EUR.Glucose_Mean_INT	8	Enhancer_Hoffman_w_flanking	other	0.118943908867	0.40675780553	0.337077259208	0.0563140088087	0.0525158264246	0.0044189702783	0.00370267369705	1.16396076727	1.30984088898	0.828692786285	0.932553507299	1.12533078933	0.170349141862	12.743694857	14.1832175129
MVP_R4_GIA.EUR.Glucose_Mean_INT	9	FetalDHS_Trynka_w_flanking	other	0.376609445737	0.40675780553	0.337077259208	0.165101289273	0.154803384618	0.00724465469327	0.0069825049211	1.07776322498	1.219438183	0.828692786285	0.937626745979	1.13145276693	0.178176359828	22.7893938722	22.1701790929
MVP_R4_GIA.EUR.Glucose_Mean_INT	10	H3K27ac_Hnisz_w_flanking	other	0.506667397779	0.40675780553	0.337077259208	0.241190808928	0.210274332778	0.00945882942986	0.00733299008231	1.17031264778	1.23121486332	0.828692786285	0.871817353707	1.05203926972	0.0731885574575	25.4990124007	28.6751148464
MVP_R4_GIA.EUR.Glucose_Mean_INT	11	H3K27ac_PGC2_w_flanking	other	0.410626711402	0.40675780553	0.337077259208	0.204787927834	0.17859332319	0.00902152586546	0.00731403222164	1.22608691893	1.29029367262	0.828692786285	0.872089117161	1.05236721206	0.0736382051853	22.6999213756	24.4179021609
MVP_R4_GIA.EUR.Glucose_Mean_INT	12	H3K4me1_peaks_Trynka	other	0.249838070139	0.40675780553	0.337077259208	0.126310270189	0.108310781112	0.00730960539777	0.00617411523657	1.24292279204	1.28612629444	0.828692786285	0.857497818269	1.03475960267	0.0492956369751	17.2800395255	17.5427210154
MVP_R4_GIA.EUR.Glucose_Mean_INT	13	H3K4me1_Trynka_w_flanking	other	0.720846627575	0.40675780553	0.337077259208	0.308313693237	0.272705086777	0.0104743910818	0.00804768465498	1.05151154897	1.12233088418	0.828692786285	0.884505270959	1.06735003079	0.0940333766079	29.4349992118	33.886154648
MVP_R4_GIA.EUR.Glucose_Mean_INT	14	H3K4me3_peaks_Trynka	other	0.0620611186697	0.40675780553	0.337077259208	0.0343477655156	0.0327875878647	0.00339086199028	0.00324965313711	1.36063924807	1.56732988236	0.828692786285	0.954577026264	1.1519070059	0.204024251905	10.129508548	10.0895654032
MVP_R4_GIA.EUR.Glucose_Mean_INT	15	H3K4me3_Trynka_w_flanking	other	0.313400252919	0.40675780553	0.337077259208	0.154816209537	0.138548341099	0.00727758983321	0.00646279331523	1.21445434188	1.3115128	0.828692786285	0.894921413677	1.07991939653	0.110923635944	21.2730056358	21.4378418651
MVP_R4_GIA.EUR.Glucose_Mean_INT	16	H3K9ac_peaks_Trynka	other	0.0591995010161	0.40675780553	0.337077259208	0.0439157411309	0.0402751361571	0.00477856249208	0.00472819217922	1.82375407218	2.01831764575	0.828692786285	0.917100226933	1.10668300981	0.14624204627	9.19015733365	8.51808357835
MVP_R4_GIA.EUR.Glucose_Mean_INT	17	H3K9ac_Trynka_w_flanking	other	0.301600792343	0.40675780553	0.337077259208	0.156479436622	0.140905755065	0.00877380977965	0.0069487583066	1.2755247796	1.38601139043	0.828692786285	0.900474580602	1.08662051306	0.11984818736	17.8348335047	20.277832218
MVP_R4_GIA.EUR.Glucose_Mean_INT	18	Intron_UCSC_w_flanking	other	0.442765933384	0.40675780553	0.337077259208	0.201279503177	0.170736966165	0.00887793770031	0.00629507360592	1.11760788578	1.14399442357	0.828692786285	0.848258086244	1.02360983501	0.0336659142056	22.6718760563	27.1223145039
MVP_R4_GIA.EUR.Glucose_Mean_INT	19	PromoterFlanking_Hoffman_w_flanking	other	0.0414266277807	0.40675780553	0.337077259208	0.0189281757343	0.0164318582546	0.00210665694422	0.00212168636202	1.12329359246	1.17673221659	0.828692786285	0.868116319568	1.04757315852	0.0670509997645	8.98493501101	7.74471597157
MVP_R4_GIA.EUR.Glucose_Mean_INT	20	Promoter_UCSC_w_flanking	other	0.0777366146549	0.40675780553	0.337077259208	0.0344646823069	0.03092013057	0.00339242151597	0.00362599709559	1.08996552147	1.1800115047	0.828692786285	0.897154086455	1.082613607	0.114518426019	10.1593160357	8.52734565276
MVP_R4_GIA.EUR.Glucose_Mean_INT	21	Repressed_Hoffman_w_flanking	other	0.657589455539	0.40675780553	0.337077259208	0.203234388682	0.191848590511	0.00788715510586	0.00914574136763	0.759812544005	0.865514440512	0.828692786285	0.943977009773	1.13911575604	0.187914360019	25.767768727	20.9768221951
MVP_R4_GIA.EUR.Glucose_Mean_INT	22	SuperEnhancer_Hnisz_w_flanking	other	0.218089536075	0.40675780553	0.337077259208	0.110057526178	0.10226788988	0.00677279542687	0.00574330453058	1.24064926453	1.39115337109	0.828692786285	0.929222138926	1.12131076112	0.165186163422	16.2499410127	17.8064543392
MVP_R4_GIA.EUR.Glucose_Mean_INT	23	TFBS_ENCODE_w_flanking	other	0.417055926633	0.40675780553	0.337077259208	0.190549919196	0.158863163902	0.00878128234813	0.00624681286666	1.12325555778	1.13005467551	0.828692786285	0.833708901963	1.00605304615	0.00870637611377	21.69955499	25.4310745804
MVP_R4_GIA.EUR.Glucose_Mean_INT	24	Transcr_Hoffman_w_flanking	other	0.747293458034	0.40675780553	0.337077259208	0.272610092735	0.256415965634	0.00819081482425	0.00758178359733	0.896839761484	1.01794526949	0.828692786285	0.940596010447	1.13503583718	0.182737849327	33.2824143366	33.8200058525
MVP_R4_GIA.EUR.Glucose_Mean_INT	25	TSS_Hoffman_w_flanking	other	0.0474925717889	0.40675780553	0.337077259208	0.0261173977151	0.0231135183806	0.00287354776944	0.00275517290726	1.35197393561	1.44381289982	0.828692786285	0.88498550402	1.06792953754	0.094816460513	9.08890326893	8.38913533147
MVP_R4_GIA.EUR.Glucose_Mean_INT	26	UTR_3_UCSC_w_flanking	other	0.0434725987258	0.40675780553	0.337077259208	0.0195649788245	0.0194118422505	0.00255571904704	0.00235109143256	1.1064400411	1.324712691	0.828692786285	0.992172924112	1.19727472054	0.259754223697	7.6553715273	8.25652374964
MVP_R4_GIA.EUR.Glucose_Mean_INT	27	UTR_5_UCSC_w_flanking	other	0.0424410455357	0.40675780553	0.337077259208	0.0174062175234	0.0169066417111	0.00239242172626	0.00227834475457	1.00828298097	1.18179410931	0.828692786285	0.971299002116	1.17208574539	0.229078115776	7.2755640581	7.4205809622
MVP_R4_GIA.EUR.Glucose_Mean_INT	28	WeakEnhancer_Hoffman_w_flanking	other	0.120163951843	0.40675780553	0.337077259208	0.0550624385371	0.0500833345859	0.0049807905865	0.00428371413733	1.1265366952	1.23648707274	0.828692786285	0.909573493592	1.0976003516	0.134352848765	11.0549595653	11.6915678732
MVP_R4_GIA.EUR.Glucose_Mean_INT	29	GERP.NS	other	2.60003752832	0.40675780553	0.337077259208	1.11037383772	1.0267726322	0.0336095008903	0.0305999140869	1.04991395537	1.17156183037	0.828692786285	0.924708955957	1.11586461384	0.15816199778	33.0374985735	33.5547553919
MVP_R4_GIA.EUR.Glucose_Mean_INT	30	GERP.RSsup4	other	0.0233418896272	0.40675780553	0.337077259208	0.0157272917087	0.0138667302387	0.0024428400628	0.00242215674398	1.65646412797	1.76241670979	0.828692786285	0.881698546421	1.0639631007	0.089448117601	6.43811764356	5.72495164616
MVP_R4_GIA.EUR.Glucose_Mean_INT	31	Backgrd_Selection_Stat	other	0.169103659101	0.40675780553	0.337077259208	0.0722501945387	0.0642184237736	0.00348750494091	0.00293627660477	1.05038889133	1.1266192892	0.828692786285	0.888833921952	1.07257349969	0.101076513926	20.7168723092	21.8706996709
MVP_R4_GIA.EUR.Glucose_Mean_INT	32	CpG_Content_50kb	other	0.0108367491388	0.40675780553	0.337077259208	0.0045178925417	0.00402796486308	0.000173818985666	0.0001292274348	1.02494599178	1.10269955547	0.828692786285	0.891558359545	1.0758611325	0.105491873074	25.9919393983	31.1695799682
MVP_R4_GIA.EUR.Glucose_Mean_INT	33	GTEx_eQTL_MaxCPP	QTL	0.00983327951664	0.40675780553	0.337077259208	0.00709633023509	0.00599051668035	0.00120357445306	0.00116379708178	1.77418759185	1.80732577954	0.828692786285	0.844171068974	1.01867795032	0.026698023124	5.89604591311	5.14738932941
MVP_R4_GIA.EUR.Glucose_Mean_INT	34	BLUEPRINT_H3K27acQTL_MaxCPP	QTL	0.0228675741433	0.40675780553	0.337077259208	0.0113957189219	0.0101764150944	0.00117053915634	0.00111311591638	1.22514004993	1.32021682639	0.828692786285	0.89300334311	1.07760482279	0.107828212665	9.73544444043	9.14227794666
MVP_R4_GIA.EUR.Glucose_Mean_INT	35	BLUEPRINT_H3K4me1QTL_MaxCPP	QTL	0.0155667864651	0.40675780553	0.337077259208	0.00765484045504	0.00724063650045	0.00104704048287	0.00100276965993	1.20893034741	1.37990225127	0.828692786285	0.945889929774	1.14142411449	0.190834947796	7.31093074268	7.2206377893
MVP_R4_GIA.EUR.Glucose_Mean_INT	36	BLUEPRINT_DNA_methylation_MaxCPP	QTL	0.0450492018314	0.40675780553	0.337077259208	0.0232411410008	0.0203916408151	0.00177778469924	0.0018205057025	1.26833637876	1.34287509064	0.828692786285	0.877394135443	1.05876888271	0.0823876996588	13.0730909152	11.2010859329
MVP_R4_GIA.EUR.Glucose_Mean_INT	37	synonymous	other	0.0117035021402	0.40675780553	0.337077259208	0.00210132135095	0.00224290141061	0.00105060760518	0.00108054145243	0.441408547613	0.568545061077	0.828692786285	1.06737668163	1.28802458437	0.365160130264	2.00010102781	2.07571991391
MVP_R4_GIA.EUR.Glucose_Mean_INT	38	non_synonymous	other	0.0303674179984	0.40675780553	0.337077259208	0.00712152944135	0.00806687901472	0.00186118025047	0.00160884239179	0.576540089244	0.788076218436	0.828692786285	1.13274530158	1.36690619289	0.450914238044	3.82635128411	5.01408904681
MVP_R4_GIA.EUR.Glucose_Mean_INT	39	Conserved_Vertebrate_phastCons46way_w_flanking	other	0.516290658104	0.40675780553	0.337077259208	0.231359738961	0.20274571396	0.00981844659983	0.00739942692708	1.10168547375	1.16500546098	0.828692786285	0.876322366504	1.0574755579	0.0806243178077	23.5637823772	27.4001913875
MVP_R4_GIA.EUR.Glucose_Mean_INT	40	Conserved_Mammal_phastCons46way_w_flanking	other	0.454263810304	0.40675780553	0.337077259208	0.209002321149	0.186757012117	0.00882382610059	0.00746270590478	1.13111581419	1.21966152449	0.828692786285	0.893564296752	1.07828173666	0.108734178994	23.6861332903	25.0253747769
MVP_R4_GIA.EUR.Glucose_Mean_INT	41	Conserved_Primate_phastCons46way_w_flanking	other	0.263508720223	0.40675780553	0.337077259208	0.135389569033	0.121812950234	0.0069018170901	0.00606012057175	1.26314823159	1.37141538082	0.828692786285	0.899721825721	1.08571214883	0.118641657014	19.6165107341	20.1007469722
MVP_R4_GIA.EUR.Glucose_Mean_INT	42	BivFlnk_w_flanking	other	0.0463513518145	0.40675780553	0.337077259208	0.027481296957	0.0240630571422	0.00256902121446	0.00263233209907	1.45760189669	1.54013554362	0.828692786285	0.875615775334	1.05662290034	0.0794605830766	10.6971856839	9.14134548247
MVP_R4_GIA.EUR.Glucose_Mean_INT	43	Human_Promoter_Villar_w_flanking	other	0.0266764452883	0.40675780553	0.337077259208	0.015906589825	0.0141879045737	0.00236834344457	0.00240780816801	1.46592998592	1.57783231582	0.828692786285	0.891951369199	1.07633538503	0.106127690282	6.71633578376	5.89245636849
MVP_R4_GIA.EUR.Glucose_Mean_INT	44	Human_Enhancer_Villar_w_flanking	other	0.0579863122145	0.40675780553	0.337077259208	0.0304139719061	0.0299043699979	0.00373027743508	0.00344513009355	1.28947152215	1.52995872237	0.828692786285	0.983244480209	1.18650059043	0.246712818445	8.15327343218	8.68018599759
MVP_R4_GIA.EUR.Glucose_Mean_INT	45	Ancient_Sequence_Age_Human_Promoter_w_flanking	other	0.0154493082425	0.40675780553	0.337077259208	0.0107702447827	0.00901616350763	0.00212993201838	0.00222816758057	1.71388090447	1.73134368324	0.828692786285	0.837136359437	1.01018902697	0.0146252759069	5.05661433781	4.0464476668
MVP_R4_GIA.EUR.Glucose_Mean_INT	46	Ancient_Sequence_Age_Human_Enhancer_w_flanking	other	0.0230265976223	0.40675780553	0.337077259208	0.0167558113649	0.0160730961002	0.00277553354085	0.00270763958624	1.7889565594	2.0708102949	0.828692786285	0.959255016076	1.15755202887	0.211077040231	6.03696951173	5.93620221165
MVP_R4_GIA.EUR.Glucose_Mean_INT	47	Human_Enhancer_Villar_Species_Enhancer_Count	other	0.099046241685	0.40675780553	0.337077259208	0.0786386626946	0.0767169551967	0.0143958201414	0.0139548317942	1.95192093888	2.29786178733	0.828692786285	0.975562815642	1.17723097363	0.235397406039	5.46260386155	5.4975191624
MVP_R4_GIA.EUR.Glucose_Mean_INT	48	Human_Promoter_Villar_ExAC_w_flanking	other	0.0045203277666	0.40675780553	0.337077259208	0.00459313849396	0.00396685087055	0.00115918015721	0.00125068388174	2.49806490782	2.60343352789	0.828692786285	0.863647128378	1.04218009698	0.0596046082969	3.96240262171	3.17174541742
MVP_R4_GIA.EUR.Glucose_Mean_INT	49	MAFbin1	MAFbin	0.030247469953	0.40675780553	0.337077259208	0.00966171909787	0.03873595396	0.000876045514898	0.00212620271615	0.785288897072	3.7992314173	0.828692786285	4.00921963965	4.838004754	2.27441218696	11.028786671	18.2183729076
MVP_R4_GIA.EUR.Glucose_Mean_INT	50	MAFbin2	MAFbin	0.0426672332784	0.40675780553	0.337077259208	0.0138097040938	0.0365603118374	0.00146628954412	0.00209452828225	0.795708495564	2.54206092541	0.828692786285	2.64743629473	3.1947138174	1.67568670028	9.41812901086	17.4551530993
MVP_R4_GIA.EUR.Glucose_Mean_INT	51	MAFbin3	MAFbin	0.0584181251778	0.40675780553	0.337077259208	0.0198239708533	0.0264287941265	0.00274826628547	0.00290461859282	0.83427098559	1.34214759943	0.828692786285	1.33317357668	1.60876696255	0.685955360045	7.2132642161	9.09888623306
MVP_R4_GIA.EUR.Glucose_Mean_INT	52	MAFbin4	MAFbin	0.07974831473	0.40675780553	0.337077259208	0.0277205652269	0.0341184449061	0.0042953043437	0.00312473241964	0.85456415371	1.26922395413	0.828692786285	1.2307990341	1.48522957418	0.57068594782	6.45369059065	10.9188373032
MVP_R4_GIA.EUR.Glucose_Mean_INT	53	MAFbin5	MAFbin	0.106297957799	0.40675780553	0.337077259208	0.0444678973523	0.0336296437013	0.00347013101757	0.00313763196106	1.0284561462	0.938572642327	0.828692786285	0.756267907944	0.91260346471	-0.131939963885	12.8144721704	10.7181607399
MVP_R4_GIA.EUR.Glucose_Mean_INT	54	MAFbin6	MAFbin	0.129324555421	0.40675780553	0.337077259208	0.0533415771006	0.0372158670418	0.00542444003175	0.00281949228739	1.01402570012	0.853724398741	0.828692786285	0.697689664698	0.841915938264	-0.248251901386	9.83356379431	13.199492408
MVP_R4_GIA.EUR.Glucose_Mean_INT	55	MAFbin7	MAFbin	0.137960814687	0.40675780553	0.337077259208	0.0512317568348	0.0376000120912	0.00334599112135	0.00371959370997	0.912951282357	0.80854236468	0.828692786285	0.733920021764	0.885635827788	-0.175214508352	15.3113845724	10.1086341743
MVP_R4_GIA.EUR.Glucose_Mean_INT	56	MAFbin8	MAFbin	0.138505721522	0.40675780553	0.337077259208	0.0556417496731	0.0368972418862	0.00387886631439	0.00366975007193	0.987636583418	0.790308649949	0.828692786285	0.663121524808	0.800201879131	-0.321564078289	14.3448485107	10.0544290927
MVP_R4_GIA.EUR.Glucose_Mean_INT	57	MAFbin9	MAFbin	0.138827867701	0.40675780553	0.337077259208	0.0639638937931	0.0279315091143	0.00404120213462	0.00318056509191	1.1327194154	0.596881740844	0.828692786285	0.436676184922	0.526945802049	-0.924273510892	15.827937248	8.78193286638
MVP_R4_GIA.EUR.Glucose_Mean_INT	58	MAFbin10	MAFbin	0.138001939731	0.40675780553	0.337077259208	0.0670949715044	0.0279594805429	0.00469375723052	0.00294836708692	1.19527789067	0.601055331252	0.828692786285	0.416714992435	0.502858235684	-0.991776357884	14.2945125215	9.48303915986
MVP_R4_GIA.EUR.Phe_401	1	Coding_UCSC_w_flanking	other	0.116483260393	0.137925535952	0.114843137787	0.0133821818379	0.0130303292856	0.00140124556663	0.0012704008169	0.832949608578	0.974062497168	0.832645941843	0.973707385196	1.16941347608	0.225785121848	9.55020458697	10.2568646936
MVP_R4_GIA.EUR.Phe_401	2	Conserved_LindbladToh_w_flanking	other	0.447988813988	0.137925535952	0.114843137787	0.068085800317	0.060084999188	0.00335827768441	0.00313552606681	1.1019063771	1.16786821744	0.832645941843	0.882489431104	1.05986156511	0.0838758380213	20.274023388	19.1626533818
MVP_R4_GIA.EUR.Phe_401	3	CTCF_Hoffman_w_flanking	other	0.0829869119547	0.137925535952	0.114843137787	0.010588435116	0.00927045269998	0.00102207314721	0.000964216002296	0.925076173308	0.972716512068	0.832645941843	0.875526232009	1.05149882803	0.0724472420789	10.3597625521	9.61449786967
MVP_R4_GIA.EUR.Phe_401	4	DGF_ENCODE_w_flanking	other	0.64337389862	0.137925535952	0.114843137787	0.0911623502941	0.0832325737573	0.00377203434083	0.00321005541976	1.02732390842	1.12648350446	0.832645941843	0.913014786135	1.09652223142	0.132935062205	24.1679534323	25.9287030513
MVP_R4_GIA.EUR.Phe_401	5	DHS_peaks_Trynka	other	0.176878814776	0.137925535952	0.114843137787	0.030310844013	0.026227952676	0.00175798777011	0.00163314126959	1.24244602191	1.291170283	0.832645941843	0.865299318777	1.03921640074	0.0554961044568	17.2417832071	16.0598186846
MVP_R4_GIA.EUR.Phe_401	6	DHS_Trynka_w_flanking	other	0.614339617469	0.137925535952	0.114843137787	0.0771814586686	0.0794612827748	0.00316908634297	0.00315787078514	0.910877089873	1.12626865852	0.832645941843	1.02953849468	1.23646611716	0.306222706144	24.3544827486	25.1629303988
MVP_R4_GIA.EUR.Phe_401	7	Enhancer_Andersson_w_flanking	other	0.0261760905848	0.137925535952	0.114843137787	0.00354222834816	0.00322075445882	0.000681911929979	0.000664285131661	0.981131206141	1.071390477	0.832645941843	0.909245294842	1.09199510758	0.12696639263	5.1945540068	4.84845182485
MVP_R4_GIA.EUR.Phe_401	8	Enhancer_Hoffman_w_flanking	other	0.118943908867	0.137925535952	0.114843137787	0.0209058529184	0.0193055952959	0.00172155489392	0.00157266701379	1.27432734875	1.41330514903	0.832645941843	0.923454085861	1.1090597329	0.149337069771	12.1435877486	12.2757043459
MVP_R4_GIA.EUR.Phe_401	9	FetalDHS_Trynka_w_flanking	other	0.376609445737	0.137925535952	0.114843137787	0.0544875970528	0.0511102166764	0.00245465301838	0.00237248220755	1.04896685823	1.18171150506	0.832645941843	0.938015611642	1.12654798937	0.171908771677	22.1976778978	21.5429293901
MVP_R4_GIA.EUR.Phe_401	10	H3K27ac_Hnisz_w_flanking	other	0.506667397779	0.137925535952	0.114843137787	0.0818114095769	0.0707581596514	0.00326951402862	0.00265136664488	1.17070166311	1.21604184318	0.832645941843	0.864893540123	1.03872906437	0.0548193997072	25.0224984083	26.6874292124
MVP_R4_GIA.EUR.Phe_401	11	H3K27ac_PGC2_w_flanking	other	0.410626711402	0.137925535952	0.114843137787	0.0672980940602	0.0576830204057	0.00324396954092	0.00282788715946	1.18825838511	1.22319513754	0.832645941843	0.857127103096	1.02940164603	0.0418059945556	20.7455998619	20.3979215411
MVP_R4_GIA.EUR.Phe_401	12	H3K4me1_peaks_Trynka	other	0.249838070139	0.137925535952	0.114843137787	0.0410700606957	0.0346656874514	0.00235468207931	0.00204298547867	1.19185122699	1.20819254203	0.832645941843	0.844062240576	1.01371086816	0.0196462237878	17.4418708396	16.968151665
MVP_R4_GIA.EUR.Phe_401	13	H3K4me1_Trynka_w_flanking	other	0.720846627575	0.137925535952	0.114843137787	0.105189133436	0.0932809486115	0.00381361367375	0.00304667054097	1.05799429566	1.1267953161	0.832645941843	0.886792633084	1.0650296705	0.0908936228318	27.5825352106	30.6173402595
MVP_R4_GIA.EUR.Phe_401	14	H3K4me3_peaks_Trynka	other	0.0620611186697	0.137925535952	0.114843137787	0.0100071075131	0.00936370217681	0.00105471704606	0.00100134306042	1.16908014808	1.31378089621	0.832645941843	0.93570516401	1.12377316334	0.168350853044	9.4879546609	9.35114302673
MVP_R4_GIA.EUR.Phe_401	15	H3K4me3_Trynka_w_flanking	other	0.313400252919	0.137925535952	0.114843137787	0.0514656659937	0.0451912513326	0.00254043929931	0.00232400935013	1.19062109874	1.25559614729	0.832645941843	0.878085427635	1.05457239807	0.0766581418407	20.258569456	19.445382752
MVP_R4_GIA.EUR.Phe_401	16	H3K9ac_peaks_Trynka	other	0.0591995010161	0.137925535952	0.114843137787	0.0119393644027	0.0107383722255	0.0010535105868	0.00101490099481	1.46223939805	1.57948446154	0.832645941843	0.8994090358	1.08018185234	0.111274215516	11.3329325327	10.5807091336
MVP_R4_GIA.EUR.Phe_401	17	H3K9ac_Trynka_w_flanking	other	0.301600792343	0.137925535952	0.114843137787	0.049206831058	0.0434837860335	0.00302923490241	0.00250263715933	1.18290056387	1.25542225162	0.832645941843	0.883694094876	1.06130835505	0.0858438811986	16.243979963	17.3751859599
MVP_R4_GIA.EUR.Phe_401	18	Intron_UCSC_w_flanking	other	0.442765933384	0.137925535952	0.114843137787	0.0659798288395	0.055396029023	0.00318427567072	0.00229166874978	1.08041923066	1.08943013821	0.832645941843	0.839590371745	1.00834019546	0.0119824597663	20.7205140705	24.1727906916
MVP_R4_GIA.EUR.Phe_401	19	PromoterFlanking_Hoffman_w_flanking	other	0.0414266277807	0.137925535952	0.114843137787	0.00694897492879	0.00605632749682	0.00102910002433	0.00102274525973	1.21617615001	1.27298920115	0.832645941843	0.871542574104	1.04671449209	0.0658679780631	6.75247766447	5.92163829576
MVP_R4_GIA.EUR.Phe_401	20	Promoter_UCSC_w_flanking	other	0.0777366146549	0.137925535952	0.114843137787	0.0101547321324	0.00909105458437	0.00110926483654	0.0010882639189	0.947105084124	1.01831840153	0.832645941843	0.895253017592	1.07519051328	0.104592313967	9.15447041851	8.35372231541
MVP_R4_GIA.EUR.Phe_401	21	Repressed_Hoffman_w_flanking	other	0.657589455539	0.137925535952	0.114843137787	0.0710931065751	0.0656284723141	0.00244875441191	0.00259429553015	0.783840991107	0.869025268121	0.832645941843	0.923134119125	1.10867545584	0.148837105106	29.0323546654	25.2972229075
MVP_R4_GIA.EUR.Phe_401	22	SuperEnhancer_Hnisz_w_flanking	other	0.218089536075	0.137925535952	0.114843137787	0.0378357414251	0.0348543411595	0.00211674954975	0.00186929364734	1.25783229154	1.39160826434	0.832645941843	0.921201484276	1.10635437943	0.145813573241	17.8744535127	18.6457281386
MVP_R4_GIA.EUR.Phe_401	23	TFBS_ENCODE_w_flanking	other	0.417055926633	0.137925535952	0.114843137787	0.0664070436962	0.0551810546356	0.00301804588474	0.00227212364047	1.1544501098	1.15210125434	0.832645941843	0.830951832279	0.997965390235	-0.00293831159169	22.0033247447	24.2861143878
MVP_R4_GIA.EUR.Phe_401	24	Transcr_Hoffman_w_flanking	other	0.747293458034	0.137925535952	0.114843137787	0.0932113485906	0.0875528400698	0.00314177748845	0.00282854105	0.904342478461	1.02017342957	0.832645941843	0.939293781215	1.12808305909	0.173873295155	29.6683482307	30.953356703
MVP_R4_GIA.EUR.Phe_401	25	TSS_Hoffman_w_flanking	other	0.0474925717889	0.137925535952	0.114843137787	0.00940116198053	0.00836502905466	0.00101377268705	0.00092850695386	1.43519584202	1.53368692784	0.832645941843	0.889786717002	1.06862553732	0.0957563992795	9.27344176917	9.00911836996
MVP_R4_GIA.EUR.Phe_401	26	UTR_3_UCSC_w_flanking	other	0.0434725987258	0.137925535952	0.114843137787	0.00564238595784	0.00556953147714	0.000771233602993	0.000712437218968	0.941027916462	1.11557304066	0.832645941843	0.987088001203	1.18548347094	0.245475547632	7.31605305571	7.8175751194
MVP_R4_GIA.EUR.Phe_401	27	UTR_5_UCSC_w_flanking	other	0.0424410455357	0.137925535952	0.114843137787	0.00512115416338	0.00495165045231	0.00103103483242	0.000985402076985	0.874857048713	1.01591846773	0.832645941843	0.966901267632	1.16123939245	0.21566541811	4.96700402581	5.02500508976
MVP_R4_GIA.EUR.Phe_401	28	WeakEnhancer_Hoffman_w_flanking	other	0.120163951843	0.137925535952	0.114843137787	0.0189022678794	0.0169870857001	0.00134716148457	0.00122139702045	1.14049932038	1.2309477683	0.832645941843	0.898679767342	1.07930600773	0.110103959582	14.0311819302	13.9079148022
MVP_R4_GIA.EUR.Phe_401	29	GERP.NS	other	2.60003752832	0.137925535952	0.114843137787	0.372720864503	0.342496901836	0.0118255182115	0.0111598647167	1.03934422677	1.1470226155	0.832645941843	0.918909925509	1.10360223876	0.142220288442	31.5183536008	30.6900585742
MVP_R4_GIA.EUR.Phe_401	30	GERP.RSsup4	other	0.0233418896272	0.137925535952	0.114843137787	0.0058925728089	0.00533040939498	0.000757516740798	0.000720362201018	1.83030837116	1.98847211275	0.832645941843	0.904597968977	1.08641371262	0.119573594384	7.77880209313	7.39962394952
MVP_R4_GIA.EUR.Phe_401	31	Backgrd_Selection_Stat	other	0.169103659101	0.137925535952	0.114843137787	0.0255964702611	0.022810122488	0.00125007746958	0.00106022649101	1.09744406761	1.17454473488	0.832645941843	0.891143280903	1.0702547579	0.0979542491587	20.4759072009	21.5143864838
MVP_R4_GIA.EUR.Phe_401	32	CpG_Content_50kb	other	0.0108367491388	0.137925535952	0.114843137787	0.0015183095318	0.00133953620662	5.87543452839e-05	4.77552896592e-05	1.01581967051	1.07634224689	0.832645941843	0.882255020182	1.05958003978	0.0834925717904	25.841655191	28.0500069454
MVP_R4_GIA.EUR.Phe_401	33	GTEx_eQTL_MaxCPP	QTL	0.00983327951664	0.137925535952	0.114843137787	0.00288760264775	0.00239037385344	0.000457751042593	0.000440792132949	2.12909169915	2.11671503879	0.832645941843	0.827805673091	0.994186882432	-0.00841102678585	6.30823827597	5.42290498119
MVP_R4_GIA.EUR.Phe_401	34	BLUEPRINT_H3K27acQTL_MaxCPP	QTL	0.0228675741433	0.137925535952	0.114843137787	0.00385648109445	0.00339313045825	0.000415668006478	0.000411569797556	1.22271835179	1.29203837178	0.832645941843	0.879851443621	1.05669336678	0.0795567935548	9.27779149309	8.24436214319
MVP_R4_GIA.EUR.Phe_401	35	BLUEPRINT_H3K4me1QTL_MaxCPP	QTL	0.0155667864651	0.137925535952	0.114843137787	0.00240117738731	0.00222016341823	0.000363725781516	0.000353000959744	1.11835735042	1.24188369296	0.832645941843	0.924614495357	1.11045337387	0.151148817736	6.60161448359	6.28939768277
MVP_R4_GIA.EUR.Phe_401	36	BLUEPRINT_DNA_methylation_MaxCPP	QTL	0.0450492018314	0.137925535952	0.114843137787	0.00805327288445	0.00705403051915	0.000857130193476	0.000836994382239	1.29610633841	1.3634687346	0.832645941843	0.87592096038	1.05197289311	0.0730975302246	9.39562384542	8.42781106879
MVP_R4_GIA.EUR.Phe_401	37	synonymous	other	0.0117035021402	0.137925535952	0.114843137787	0.00103781906109	0.00102906370104	0.000422952797686	0.000420503282829	0.642926199489	0.765634280735	0.832645941843	0.991563693154	1.19085873518	0.252002284615	2.45374676978	2.44721918487
MVP_R4_GIA.EUR.Phe_401	38	non_synonymous	other	0.0303674179984	0.137925535952	0.114843137787	0.00172425547945	0.0019616890674	0.000689593050284	0.000567808855405	0.411669855661	0.562493171191	0.832645941843	1.13770209275	1.36636958829	0.450347769918	2.50039567356	3.45484056602
MVP_R4_GIA.EUR.Phe_401	39	Conserved_Vertebrate_phastCons46way_w_flanking	other	0.516290658104	0.137925535952	0.114843137787	0.0794836418244	0.0690344829486	0.00369827570569	0.00294342169057	1.11619175591	1.16430499226	0.832645941843	0.868536989046	1.0431048125	0.0608841289778	21.4920812156	23.4538201474
MVP_R4_GIA.EUR.Phe_401	40	Conserved_Mammal_phastCons46way_w_flanking	other	0.454263810304	0.137925535952	0.114843137787	0.0697476674108	0.0613687333988	0.00308714119893	0.00259775314067	1.11320940892	1.17634299476	0.832645941843	0.879867896332	1.05671312633	0.0795837708614	22.5929631709	23.6237741139
MVP_R4_GIA.EUR.Phe_401	41	Conserved_Primate_phastCons46way_w_flanking	other	0.263508720223	0.137925535952	0.114843137787	0.0454473997313	0.0403080454082	0.00246446405616	0.00213485309662	1.25045874515	1.33196157842	0.832645941843	0.886916427486	1.06517834642	0.0910950059945	18.4410884864	18.8809457063
MVP_R4_GIA.EUR.Phe_401	42	BivFlnk_w_flanking	other	0.0463513518145	0.137925535952	0.114843137787	0.00852883987975	0.00744806646119	0.00103571748132	0.00104997405035	1.33408308024	1.39918805453	0.832645941843	0.873280137299	1.04880128926	0.0687413641297	8.23471654537	7.0935719399
MVP_R4_GIA.EUR.Phe_401	43	Human_Promoter_Villar_w_flanking	other	0.0266764452883	0.137925535952	0.114843137787	0.00663232171694	0.00606311482236	0.000844607262796	0.000822567773091	1.80257335095	1.97907742471	0.832645941843	0.914176826928	1.09791783156	0.134770086736	7.85255113126	7.37096081406
MVP_R4_GIA.EUR.Phe_401	44	Human_Enhancer_Villar_w_flanking	other	0.0579863122145	0.137925535952	0.114843137787	0.00970177904126	0.00939523791462	0.00117942219084	0.00110566421943	1.21305700344	1.41083830556	0.832645941843	0.968403616972	1.16304369998	0.217905305371	8.22587459911	8.49736995149
MVP_R4_GIA.EUR.Phe_401	45	Ancient_Sequence_Age_Human_Promoter_w_flanking	other	0.0154493082425	0.137925535952	0.114843137787	0.00443723853868	0.00388384776023	0.000718967618404	0.000724218510561	2.08237555927	2.1890118361	0.832645941843	0.875284870618	1.05120895525	0.0720494711452	6.17168065028	5.36281205685
MVP_R4_GIA.EUR.Phe_401	46	Ancient_Sequence_Age_Human_Enhancer_w_flanking	other	0.0230265976223	0.137925535952	0.114843137787	0.00511331795008	0.00482862408593	0.000926467863846	0.000912791700828	1.61000915717	1.82594871094	0.832645941843	0.944323066367	1.13412318359	0.181577348132	5.51915306469	5.28995178369
MVP_R4_GIA.EUR.Phe_401	47	Human_Enhancer_Villar_Species_Enhancer_Count	other	0.099046241685	0.137925535952	0.114843137787	0.0191216968087	0.0182517131582	0.00277754198382	0.00266334726952	1.39972831085	1.60457707868	0.832645941843	0.954502800708	1.14634894946	0.197046268382	6.8843952387	6.85292277394
MVP_R4_GIA.EUR.Phe_401	48	Human_Promoter_Villar_ExAC_w_flanking	other	0.0045203277666	0.137925535952	0.114843137787	0.00164232746452	0.00145674280992	0.000264485190301	0.000278730901158	2.63417818603	2.80613077579	0.832645941843	0.886998994653	1.06527750882	0.0912293069213	6.20952523902	5.22634126273
MVP_R4_GIA.EUR.Phe_401	49	MAFbin1	MAFbin	0.030247469953	0.137925535952	0.114843137787	0.00258093242056	0.0115815013789	0.000363619180875	0.000781379276626	0.618646982375	3.33403964179	0.832645941843	4.48733228605	5.38924416796	2.43008295172	7.0978995507	14.8218691298
MVP_R4_GIA.EUR.Phe_401	50	MAFbin2	MAFbin	0.0426672332784	0.137925535952	0.114843137787	0.004068694844	0.0107398146894	0.000545016903572	0.000815794756062	0.691378636938	2.19178149361	0.832645941843	2.63962157428	3.17016085906	1.66455604689	7.46526358602	13.1648488907
MVP_R4_GIA.EUR.Phe_401	51	MAFbin3	MAFbin	0.0584181251778	0.137925535952	0.114843137787	0.00624576952393	0.00934697102411	0.000848259998123	0.00105882533859	0.775164114104	1.39321528813	0.832645941843	1.49652832822	1.79731654599	0.84584452076	7.36303673137	8.82767977253
MVP_R4_GIA.EUR.Phe_401	52	MAFbin4	MAFbin	0.07974831473	0.137925535952	0.114843137787	0.00858123215044	0.00965721363365	0.00137323561338	0.00125054680617	0.780159599837	1.05444826055	0.832645941843	1.12538776068	1.35158019048	0.434647110819	6.24891465589	7.7223927853
MVP_R4_GIA.EUR.Phe_401	53	MAFbin5	MAFbin	0.106297957799	0.137925535952	0.114843137787	0.0116504267961	0.00957634350717	0.00107754002674	0.000877035969646	0.794643315083	0.784458088104	0.832645941843	0.821973621634	0.987182643098	-0.0186110660163	10.8120594196	10.9189860378
MVP_R4_GIA.EUR.Phe_401	54	MAFbin6	MAFbin	0.129324555421	0.137925535952	0.114843137787	0.0167468913065	0.0128309388067	0.00193739520753	0.0013653640644	0.938876626314	0.863917735297	0.832645941843	0.766168393397	0.920161085156	-0.120041650661	8.64402432782	9.39744874005
MVP_R4_GIA.EUR.Phe_401	55	MAFbin7	MAFbin	0.137960814687	0.137925535952	0.114843137787	0.0176743945179	0.0120123376956	0.00129736562409	0.00128762096132	0.92884685366	0.758170238583	0.832645941843	0.679646348475	0.816248917242	-0.29291892197	13.6232949214	9.32909455224
MVP_R4_GIA.EUR.Phe_401	56	MAFbin8	MAFbin	0.138505721522	0.137925535952	0.114843137787	0.0191224955973	0.0142848722338	0.00133468464981	0.00155190308413	1.00099561588	0.898056367275	0.832645941843	0.747019245533	0.897163137406	-0.156557750626	14.3273511088	9.20474505134
MVP_R4_GIA.EUR.Phe_401	57	MAFbin9	MAFbin	0.138827867701	0.137925535952	0.114843137787	0.0223228177234	0.0122763922977	0.00168431517348	0.00130899971679	1.16580974048	0.76999703857	0.832645941843	0.549948149459	0.660482591486	-0.598407558407	13.2533495363	9.37845298225
MVP_R4_GIA.EUR.Phe_401	58	MAFbin10	MAFbin	0.138001939731	0.137925535952	0.114843137787	0.028931881072	0.0125367525202	0.00232436309203	0.00136475130261	1.52001124264	0.791033383358	0.832645941843	0.433319647934	0.520412850359	-0.942271508466	12.4472295964	9.18610775181
MVP_R4_GIA.EUR.Phe_411	1	Coding_UCSC_w_flanking	other	0.116483260393	0.149340470597	0.124378826441	0.0221190696034	0.0217631611714	0.00284216804805	0.00277115235825	1.27152768809	1.5021455149	0.832854121484	0.983909430262	1.1813706685	0.240461697764	7.78246367894	7.85346973313
MVP_R4_GIA.EUR.Phe_411	2	Conserved_LindbladToh_w_flanking	other	0.447988813988	0.149340470597	0.124378826441	0.0766561360723	0.0687739399009	0.00374177382492	0.00356831277177	1.14578264255	1.23427030335	0.832854121484	0.897174621951	1.07722901143	0.107324989466	20.4865765968	19.2735178499
MVP_R4_GIA.EUR.Phe_411	3	CTCF_Hoffman_w_flanking	other	0.0829869119547	0.149340470597	0.124378826441	0.0123814744582	0.0111448774678	0.00121261068446	0.00114393469731	0.999045450185	1.07974012045	0.832854121484	0.900125223811	1.08077177094	0.112061898008	10.2105932406	9.74258189214
MVP_R4_GIA.EUR.Phe_411	4	DGF_ENCODE_w_flanking	other	0.64337389862	0.149340470597	0.124378826441	0.0996812692441	0.0919980394476	0.0037966243476	0.00329821816676	1.03746297346	1.14965803697	0.832854121484	0.922922030841	1.10814367971	0.148144950489	26.2552362619	27.89325472
MVP_R4_GIA.EUR.Phe_411	5	DHS_peaks_Trynka	other	0.176878814776	0.149340470597	0.124378826441	0.0337902532977	0.0297535229563	0.00207467407077	0.00211886513692	1.27919900323	1.35243412777	0.832854121484	0.880535659031	1.05725076735	0.0803176074741	16.2870176929	14.0421976075
MVP_R4_GIA.EUR.Phe_411	6	DHS_Trynka_w_flanking	other	0.614339617469	0.149340470597	0.124378826441	0.086630599266	0.0895487776959	0.00342286145261	0.00343982544779	0.944246274808	1.1719381298	0.832854121484	1.03368530813	1.2411360903	0.311661315341	25.3094086528	26.0329423847
MVP_R4_GIA.EUR.Phe_411	7	Enhancer_Andersson_w_flanking	other	0.0261760905848	0.149340470597	0.124378826441	0.00550091232258	0.0051852911797	0.000893694128694	0.000886844267777	1.40718897049	1.59265573395	0.832854121484	0.942623855031	1.1317994721	0.178618369624	6.15525171976	5.84690161295
MVP_R4_GIA.EUR.Phe_411	8	Enhancer_Hoffman_w_flanking	other	0.118943908867	0.149340470597	0.124378826441	0.0241007237229	0.0226400781086	0.00239839996124	0.00226042208526	1.35678290206	1.53034468454	0.832854121484	0.939394118156	1.12792155784	0.173666737903	10.0486674918	10.0158630798
MVP_R4_GIA.EUR.Phe_411	9	FetalDHS_Trynka_w_flanking	other	0.376609445737	0.149340470597	0.124378826441	0.0635016701031	0.0600419573364	0.00308297684196	0.003157071644	1.12905844521	1.28179088359	0.832854121484	0.945517767311	1.13527416497	0.183040745694	20.5975177104	19.0182435202
MVP_R4_GIA.EUR.Phe_411	10	H3K27ac_Hnisz_w_flanking	other	0.506667397779	0.149340470597	0.124378826441	0.0912027116635	0.0800653808615	0.00377453335781	0.00327038653104	1.20533363464	1.27050201801	0.832854121484	0.877883775615	1.05406667623	0.0759661292346	24.1626455559	24.4819320596
MVP_R4_GIA.EUR.Phe_411	11	H3K27ac_PGC2_w_flanking	other	0.410626711402	0.149340470597	0.124378826441	0.078488914811	0.0690697580952	0.0037822301981	0.00329840641101	1.27992231847	1.35236612351	0.832854121484	0.879993796086	1.05660015768	0.0794295303045	20.7520194964	20.9403419374
MVP_R4_GIA.EUR.Phe_411	12	H3K4me1_peaks_Trynka	other	0.249838070139	0.149340470597	0.124378826441	0.0515103820226	0.0450754818542	0.00322097408802	0.00308847148843	1.38057065757	1.45055869505	0.832854121484	0.875075665997	1.05069500579	0.071343946668	15.9921752287	14.5947540792
MVP_R4_GIA.EUR.Phe_411	13	H3K4me1_Trynka_w_flanking	other	0.720846627575	0.149340470597	0.124378826441	0.115810658441	0.103281167039	0.00403631674294	0.00329784410599	1.07579158857	1.15194517732	0.832854121484	0.891810550336	1.0707884218	0.0986734446354	28.692163132	31.317783291
MVP_R4_GIA.EUR.Phe_411	14	H3K4me3_peaks_Trynka	other	0.0620611186697	0.149340470597	0.124378826441	0.012635083856	0.0120421400813	0.00201071807185	0.00201255021443	1.36326728683	1.56004677666	0.832854121484	0.953071639139	1.14434402683	0.194520838118	6.28386646188	5.9835227936
MVP_R4_GIA.EUR.Phe_411	15	H3K4me3_Trynka_w_flanking	other	0.313400252919	0.149340470597	0.124378826441	0.0611655486838	0.0551951231092	0.00363935870834	0.0034659487389	1.30686286582	1.41597279369	0.832854121484	0.902389078442	1.0834899596	0.115685784446	16.806683151	15.9249681017
MVP_R4_GIA.EUR.Phe_411	16	H3K9ac_peaks_Trynka	other	0.0591995010161	0.149340470597	0.124378826441	0.0170674203397	0.0156558799792	0.00197595589284	0.00196513275442	1.93051118793	2.12624341876	0.832854121484	0.917296209245	1.10138880938	0.139323855222	8.63755127407	7.96683071105
MVP_R4_GIA.EUR.Phe_411	17	H3K9ac_Trynka_w_flanking	other	0.301600792343	0.149340470597	0.124378826441	0.0601240274551	0.0545478721487	0.00344784860739	0.00292501115247	1.3348672275	1.4541154237	0.832854121484	0.907255792028	1.08933337619	0.123445539519	17.4381286134	18.6487740748
MVP_R4_GIA.EUR.Phe_411	18	Intron_UCSC_w_flanking	other	0.442765933384	0.149340470597	0.124378826441	0.0732528152004	0.0621711073246	0.00406385145254	0.00301192574237	1.10782868373	1.12893243079	0.832854121484	0.848719699776	1.01904964853	0.0272243419305	18.0254657573	20.6416467876
MVP_R4_GIA.EUR.Phe_411	19	PromoterFlanking_Hoffman_w_flanking	other	0.0414266277807	0.149340470597	0.124378826441	0.00780546325069	0.00693908406565	0.00110783299155	0.00101305236464	1.26165782502	1.34671628542	0.832854121484	0.889003489324	1.06741801042	0.0941252590691	7.04570391948	6.84967955049
MVP_R4_GIA.EUR.Phe_411	20	Promoter_UCSC_w_flanking	other	0.0777366146549	0.149340470597	0.124378826441	0.0119412678518	0.010735689075	0.00158496173854	0.00158631784897	1.02860184938	1.11034475812	0.832854121484	0.899040973558	1.079469922	0.110323045138	7.53410480609	6.7676784208
MVP_R4_GIA.EUR.Phe_411	21	Repressed_Hoffman_w_flanking	other	0.657589455539	0.149340470597	0.124378826441	0.0731467012725	0.0679802008378	0.00342000309118	0.00362983200132	0.744838967045	0.831153327435	0.832854121484	0.929367964039	1.11588325022	0.158186092453	21.3879050171	18.7281948071
MVP_R4_GIA.EUR.Phe_411	22	SuperEnhancer_Hnisz_w_flanking	other	0.218089536075	0.149340470597	0.124378826441	0.0429777876699	0.0400074601707	0.00261074188487	0.0024395974064	1.31956780721	1.47489022782	0.832854121484	0.93088691484	1.11770703996	0.160542095708	16.4619060655	16.3992058959
MVP_R4_GIA.EUR.Phe_411	23	TFBS_ENCODE_w_flanking	other	0.417055926633	0.149340470597	0.124378826441	0.0719396900426	0.0606586744445	0.00340156575956	0.00289095508791	1.15503926893	1.16937058088	0.832854121484	0.843187875964	1.01240764044	0.0177903003391	21.1489928838	20.9822264961
MVP_R4_GIA.EUR.Phe_411	24	Transcr_Hoffman_w_flanking	other	0.747293458034	0.149340470597	0.124378826441	0.10058417411	0.0953219383043	0.00375217414054	0.00363159825679	0.901282541213	1.02554619988	0.832854121484	0.947683262777	1.13787425472	0.186341135756	26.8069045685	26.2479304053
MVP_R4_GIA.EUR.Phe_411	25	TSS_Hoffman_w_flanking	other	0.0474925717889	0.149340470597	0.124378826441	0.0138351605817	0.0126652063783	0.00232174824683	0.00227990100135	1.95065740566	2.14407576704	0.832854121484	0.915436167402	1.09915547488	0.136395469061	5.95894089749	5.55515628565
MVP_R4_GIA.EUR.Phe_411	26	UTR_3_UCSC_w_flanking	other	0.0434725987258	0.149340470597	0.124378826441	0.0108800536926	0.0108183610855	0.00254549304062	0.00253205238283	1.67586071556	2.00078036	0.832854121484	0.994329751595	1.19388224894	0.255660552474	4.27424216801	4.27256606493
MVP_R4_GIA.EUR.Phe_411	27	UTR_5_UCSC_w_flanking	other	0.0424410455357	0.149340470597	0.124378826441	0.00643354431193	0.00631384360481	0.00102825586439	0.00095425690795	1.01504829683	1.19608292666	0.832854121484	0.981394282635	1.17835075474	0.23676904409	6.25675431061	6.6165029063
MVP_R4_GIA.EUR.Phe_411	28	WeakEnhancer_Hoffman_w_flanking	other	0.120163951843	0.149340470597	0.124378826441	0.0213641187099	0.0194528922213	0.00211468728241	0.00199517935235	1.19051059384	1.30155799204	0.832854121484	0.910540354388	1.09327711889	0.128659135108	10.1027319205	9.74994663933
MVP_R4_GIA.EUR.Phe_411	29	GERP.NS	other	2.60003752832	0.149340470597	0.124378826441	0.400176009755	0.369695805665	0.0136718830967	0.0128997022523	1.03060896845	1.14319009279	0.832854121484	0.92383300511	1.10923747782	0.149568266674	29.2699993794	28.6592510768
MVP_R4_GIA.EUR.Phe_411	30	GERP.RSsup4	other	0.0233418896272	0.149340470597	0.124378826441	0.00521702520009	0.00464726812209	0.000915230262729	0.000920449100279	1.49661263655	1.60071960374	0.832854121484	0.890788896709	1.06956173204	0.0970197531291	5.7002324033	5.04891375382
MVP_R4_GIA.EUR.Phe_411	31	Backgrd_Selection_Stat	other	0.169103659101	0.149340470597	0.124378826441	0.027237059196	0.0240892931405	0.00140992206539	0.00123724968269	1.07852370291	1.14531407193	0.832854121484	0.884430766448	1.06192758568	0.0866853901088	19.3181310262	19.4700337996
MVP_R4_GIA.EUR.Phe_411	32	CpG_Content_50kb	other	0.0108367491388	0.149340470597	0.124378826441	0.00167500809522	0.00149197853549	7.55974871524e-05	6.20621831293e-05	1.03500005964	1.10692220729	0.832854121484	0.890729149159	1.06948999372	0.0969229845403	22.1569282038	24.0400588613
MVP_R4_GIA.EUR.Phe_411	33	GTEx_eQTL_MaxCPP	QTL	0.00983327951664	0.149340470597	0.124378826441	0.00527406815498	0.00481435481931	0.00214599526524	0.0020975241873	3.59145010925	3.93634591093	0.832854121484	0.912835154541	1.09603246354	0.132290530322	2.45763270796	2.29525592528
MVP_R4_GIA.EUR.Phe_411	34	BLUEPRINT_H3K27acQTL_MaxCPP	QTL	0.0228675741433	0.149340470597	0.124378826441	0.00589688328599	0.00534619779116	0.000611247166566	0.000574906448857	1.72673193327	1.87965641617	0.832854121484	0.906614143757	1.08856295523	0.122424845808	9.64729753942	9.29924825472
MVP_R4_GIA.EUR.Phe_411	35	BLUEPRINT_H3K4me1QTL_MaxCPP	QTL	0.0155667864651	0.149340470597	0.124378826441	0.00396277594614	0.00377658981376	0.000989800500376	0.00092961126768	1.70460216054	1.95053790563	0.832854121484	0.953016235359	1.14427750404	0.194436969205	4.00361077271	4.06254737336
MVP_R4_GIA.EUR.Phe_411	36	BLUEPRINT_DNA_methylation_MaxCPP	QTL	0.0450492018314	0.149340470597	0.124378826441	0.00913822087889	0.0079793186359	0.00094457386723	0.000894036888169	1.35830417293	1.42407300034	0.832854121484	0.87318075823	1.04841980811	0.0682165163073	9.67443753837	8.92504407983
MVP_R4_GIA.EUR.Phe_411	37	synonymous	other	0.0117035021402	0.149340470597	0.124378826441	0.00047290290945	0.000490363210065	0.000541928527749	0.000528345015395	0.270569370684	0.336864763626	0.832854121484	1.0369215335	1.24502179524	0.316170998206	0.87262966468	0.928111737173
MVP_R4_GIA.EUR.Phe_411	38	non_synonymous	other	0.0303674179984	0.149340470597	0.124378826441	0.00305741553406	0.00333652472485	0.000851284618095	0.000735102812876	0.674169475263	0.883364669045	0.832854121484	1.09128925646	1.31030060164	0.389897824547	3.59153151493	4.53885451995
MVP_R4_GIA.EUR.Phe_411	39	Conserved_Vertebrate_phastCons46way_w_flanking	other	0.516290658104	0.149340470597	0.124378826441	0.0888497521725	0.0786108281582	0.00402226843205	0.00332761545194	1.15235008545	1.22416976774	0.832854121484	0.884761366645	1.06232453418	0.0872245687108	22.0894636133	23.6237718251
MVP_R4_GIA.EUR.Phe_411	40	Conserved_Mammal_phastCons46way_w_flanking	other	0.454263810304	0.149340470597	0.124378826441	0.0801146737294	0.071940858614	0.00359999639291	0.00319112879755	1.18093613994	1.27327151293	0.832854121484	0.897973557965	1.07818828628	0.108609140952	22.2540983339	22.5440159824
MVP_R4_GIA.EUR.Phe_411	41	Conserved_Primate_phastCons46way_w_flanking	other	0.263508720223	0.149340470597	0.124378826441	0.0516815166093	0.0466279690719	0.00294203192906	0.00288314313261	1.31329636549	1.42267288139	0.832854121484	0.902217506974	1.08328395538	0.115411458386	17.5666062964	16.172616803
MVP_R4_GIA.EUR.Phe_411	42	BivFlnk_w_flanking	other	0.0463513518145	0.149340470597	0.124378826441	0.011735746283	0.0104629300911	0.00174470850256	0.00174865299171	1.69539458486	1.81486558027	0.832854121484	0.891543651234	1.0704679586	0.0982416134119	6.72647967599	5.98342274923
MVP_R4_GIA.EUR.Phe_411	43	Human_Promoter_Villar_w_flanking	other	0.0266764452883	0.149340470597	0.124378826441	0.00836941303922	0.00770669032246	0.00155593297944	0.00153437004494	2.10082331028	2.322702007	0.832854121484	0.920816105783	1.10561511558	0.144849244987	5.37903184123	5.02270645069
MVP_R4_GIA.EUR.Phe_411	44	Human_Enhancer_Villar_w_flanking	other	0.0579863122145	0.149340470597	0.124378826441	0.0141771123732	0.0139444920138	0.00245627166071	0.00238992475344	1.63713606813	1.93344024174	0.832854121484	0.983591837796	1.18098933826	0.239995940424	5.77180146642	5.83469918613
MVP_R4_GIA.EUR.Phe_411	45	Ancient_Sequence_Age_Human_Promoter_w_flanking	other	0.0154493082425	0.149340470597	0.124378826441	0.006422813789	0.00574974471412	0.00128432783336	0.00129895745856	2.78380478695	2.99221688716	0.832854121484	0.89520650964	1.07486591775	0.104156704594	5.00091458128	4.42643034707
MVP_R4_GIA.EUR.Phe_411	46	Ancient_Sequence_Age_Human_Enhancer_w_flanking	other	0.0230265976223	0.149340470597	0.124378826441	0.00793923260547	0.00764487866538	0.00247150504626	0.00243195859426	2.30871985928	2.66928146141	0.832854121484	0.962924132001	1.15617382104	0.209358311243	3.2123068563	3.14350691801
MVP_R4_GIA.EUR.Phe_411	47	Human_Enhancer_Villar_Species_Enhancer_Count	other	0.099046241685	0.149340470597	0.124378826441	0.0279495962502	0.027172575244	0.00430773810701	0.00413838887438	1.88955710845	2.20569949831	0.832854121484	0.972199204624	1.16731031227	0.223188131278	6.48823014675	6.56597919355
MVP_R4_GIA.EUR.Phe_411	48	Human_Promoter_Villar_ExAC_w_flanking	other	0.0045203277666	0.149340470597	0.124378826441	0.00160375933296	0.00139004962422	0.000527359181002	0.000564082955225	2.37570085939	2.47237260906	0.832854121484	0.866744526845	1.04069188648	0.057542998848	3.04111389492	2.46426454007
MVP_R4_GIA.EUR.Phe_411	49	MAFbin1	MAFbin	0.030247469953	0.149340470597	0.124378826441	0.00320676868542	0.0119474792947	0.000376769469196	0.000805607857997	0.709906355876	3.17570957005	0.832854121484	3.72570661209	4.47342039378	2.1613783433	8.51122223959	14.8303907119
MVP_R4_GIA.EUR.Phe_411	50	MAFbin2	MAFbin	0.0426672332784	0.149340470597	0.124378826441	0.00409642199489	0.0110083701587	0.000578311229345	0.000948529845142	0.642884109918	2.07435024656	0.832854121484	2.68731350736	3.226631697	1.69002891119	7.08342115288	11.6057182756
MVP_R4_GIA.EUR.Phe_411	51	MAFbin3	MAFbin	0.0584181251778	0.149340470597	0.124378826441	0.00673047607683	0.0107963333324	0.000943908085836	0.00127073891848	0.771472863519	1.4858747923	0.832854121484	1.60409653183	1.92602340608	0.945625235701	7.13043587382	8.49610661592
MVP_R4_GIA.EUR.Phe_411	52	MAFbin4	MAFbin	0.07974831473	0.149340470597	0.124378826441	0.00847971035511	0.0140724088356	0.00154576950061	0.001492689307	0.712003270384	1.41873236077	0.832854121484	1.65953885761	1.99259247785	0.994646682427	5.4857534398	9.4275538584
MVP_R4_GIA.EUR.Phe_411	53	MAFbin5	MAFbin	0.106297957799	0.149340470597	0.124378826441	0.0138971444611	0.0134928087421	0.00129009486834	0.00144212683761	0.8754334475	1.02054224918	0.832854121484	0.970905122262	1.16575651992	0.221266498501	10.7721880012	9.35618725775
MVP_R4_GIA.EUR.Phe_411	54	MAFbin6	MAFbin	0.129324555421	0.149340470597	0.124378826441	0.0198693712564	0.0119528816766	0.00220475717909	0.00100667661833	1.02878734862	0.743096424238	0.832854121484	0.601573221536	0.722303229363	-0.469323474314	9.01204515619	11.8736061402
MVP_R4_GIA.EUR.Phe_411	55	MAFbin7	MAFbin	0.137960814687	0.149340470597	0.124378826441	0.0214911840485	0.0118413761828	0.00179766588181	0.00127710848147	1.04310271936	0.690080845879	0.832854121484	0.550987612226	0.661565570745	-0.59604393929	11.9550491924	9.27202062676
MVP_R4_GIA.EUR.Phe_411	56	MAFbin8	MAFbin	0.138505721522	0.149340470597	0.124378826441	0.0209654676244	0.0156942550994	0.00154130960609	0.00219115517477	1.01358301439	0.911017120673	0.832854121484	0.748576439151	0.898808590654	-0.15391418128	13.6023726457	7.16254844938
MVP_R4_GIA.EUR.Phe_411	57	MAFbin9	MAFbin	0.138827867701	0.149340470597	0.124378826441	0.0247638451738	0.012120463129	0.0022034167691	0.00184731101337	1.1944388242	0.701933721406	0.832854121484	0.489441887717	0.587668206342	-0.766926246234	11.2388384808	6.56113834719
MVP_R4_GIA.EUR.Phe_411	58	MAFbin10	MAFbin	0.138001939731	0.149340470597	0.124378826441	0.0258400809206	0.0114524499894	0.00217854875491	0.00139991316424	1.2538083651	0.667216470344	0.832854121484	0.443204880998	0.532151873378	-0.910090052731	11.8611441963	8.18082884135
MVP_R4_HARE.EUR.BMI_Mean_INT	1	Coding_UCSC_w_flanking	other	0.116483260393	0.662562093332	0.548619635207	0.0606125512395	0.0581490903908	0.0068668376291	0.00622701907372	0.785366659919	0.909930160559	0.828027502219	0.95935724865	1.15860553675	0.212389464493	8.82685080286	9.33819050534
MVP_R4_HARE.EUR.BMI_Mean_INT	2	Conserved_LindbladToh_w_flanking	other	0.447988813988	0.662562093332	0.548619635207	0.32438771338	0.285305191226	0.0118848941892	0.0100438780374	1.0928753765	1.16083677177	0.828027502219	0.879519104633	1.0621858601	0.0870362294066	27.2941187541	28.4058796974
MVP_R4_HARE.EUR.BMI_Mean_INT	3	CTCF_Hoffman_w_flanking	other	0.0829869119547	0.662562093332	0.548619635207	0.046238334113	0.0395612913876	0.00353225223353	0.00318656141548	0.840941895144	0.868939437396	0.828027502219	0.855595084609	1.03329307579	0.0472495078566	13.090326244	12.4150412402
MVP_R4_HARE.EUR.BMI_Mean_INT	4	DGF_ENCODE_w_flanking	other	0.64337389862	0.662562093332	0.548619635207	0.398836555525	0.359747722595	0.0136877897493	0.00965192841804	0.935631713261	1.01920904334	0.828027502219	0.901992852991	1.08932716676	0.123437315829	29.1381269606	37.2721084341
MVP_R4_HARE.EUR.BMI_Mean_INT	5	DHS_peaks_Trynka	other	0.176878814776	0.662562093332	0.548619635207	0.124034521399	0.104676047985	0.00591248464838	0.00510925589065	1.05837645652	1.07869868947	0.828027502219	0.843926729465	1.0192013275	0.0274390617982	20.9784090404	20.4875328669
MVP_R4_HARE.EUR.BMI_Mean_INT	6	DHS_Trynka_w_flanking	other	0.614339617469	0.662562093332	0.548619635207	0.351198700586	0.361143970625	0.0111274243786	0.0112776080155	0.86281520947	1.07152053548	0.828027502219	1.02831807186	1.24188878884	0.312535985978	31.56154458	32.0231001227
MVP_R4_HARE.EUR.BMI_Mean_INT	7	Enhancer_Andersson_w_flanking	other	0.0261760905848	0.662562093332	0.548619635207	0.0163597859979	0.0147092855943	0.00165967667052	0.00152373954365	0.943292210557	1.02427234796	0.828027502219	0.899112347569	1.08584841102	0.118822710943	9.85721272612	9.65341199918
MVP_R4_HARE.EUR.BMI_Mean_INT	8	Enhancer_Hoffman_w_flanking	other	0.118943908867	0.662562093332	0.548619635207	0.0808514374776	0.0730567492768	0.00596577425848	0.00469531609847	1.02593289203	1.11955849668	0.828027502219	0.9035924599	1.09125899499	0.125993545704	13.5525472427	15.5594954088
MVP_R4_HARE.EUR.BMI_Mean_INT	9	FetalDHS_Trynka_w_flanking	other	0.376609445737	0.662562093332	0.548619635207	0.230884091182	0.21465589132	0.00806100899581	0.00743737586297	0.925286478458	1.03891557476	0.828027502219	0.929712784545	1.12280423302	0.167106407989	28.6420833052	28.861778035
MVP_R4_HARE.EUR.BMI_Mean_INT	10	H3K27ac_Hnisz_w_flanking	other	0.506667397779	0.662562093332	0.548619635207	0.331994573182	0.276607331149	0.0124522995843	0.00954137154577	0.988966178637	0.995106079321	0.828027502219	0.833168230727	1.00620840309	0.00892914308907	26.661306286	28.9903112799
MVP_R4_HARE.EUR.BMI_Mean_INT	11	H3K27ac_PGC2_w_flanking	other	0.410626711402	0.662562093332	0.548619635207	0.281245338825	0.234015983374	0.0119591874797	0.00948980696846	1.03374054708	1.03878812642	0.828027502219	0.832070619736	1.00488282999	0.00702729199754	23.5170942259	24.6597200714
MVP_R4_HARE.EUR.BMI_Mean_INT	12	H3K4me1_peaks_Trynka	other	0.249838070139	0.662562093332	0.548619635207	0.18485737578	0.152790376177	0.00836120627588	0.00611762332087	1.11673873869	1.11472062468	0.828027502219	0.826531132622	0.998192850366	-0.00260952442606	22.1089361607	24.9754468628
MVP_R4_HARE.EUR.BMI_Mean_INT	13	H3K4me1_Trynka_w_flanking	other	0.720846627575	0.662562093332	0.548619635207	0.474063378434	0.414838393457	0.0166747172642	0.0110473879944	0.992583270111	1.04897400443	0.828027502219	0.875069478742	1.05681209428	0.0797188821613	28.430069963	37.5508123429
MVP_R4_HARE.EUR.BMI_Mean_INT	14	H3K4me3_peaks_Trynka	other	0.0620611186697	0.662562093332	0.548619635207	0.0408639429912	0.037720004095	0.0036227579182	0.00313042003324	0.993788769957	1.10784954732	0.828027502219	0.923063251706	1.11477366299	0.156750823664	11.2797884689	12.0495025251
MVP_R4_HARE.EUR.BMI_Mean_INT	15	H3K4me3_Trynka_w_flanking	other	0.313400252919	0.662562093332	0.548619635207	0.210942781769	0.179753196996	0.00898102686655	0.00805393963239	1.01587141697	1.04545641929	0.828027502219	0.852141967071	1.0291227825	0.0414151174472	23.4876016856	22.3186670376
MVP_R4_HARE.EUR.BMI_Mean_INT	16	H3K9ac_peaks_Trynka	other	0.0591995010161	0.662562093332	0.548619635207	0.0477601588076	0.041557723376	0.0037147259856	0.00370312187772	1.21764623647	1.27956500725	0.828027502219	0.870133693303	1.05085119875	0.071558397152	12.8569802975	11.2223482641
MVP_R4_HARE.EUR.BMI_Mean_INT	17	H3K9ac_Trynka_w_flanking	other	0.301600792343	0.662562093332	0.548619635207	0.20844346527	0.180030393971	0.0112324942918	0.00810036665445	1.04310786757	1.08803284719	0.828027502219	0.863689316131	1.04306839304	0.0608337571492	18.5571841708	22.2249685293
MVP_R4_HARE.EUR.BMI_Mean_INT	18	Intron_UCSC_w_flanking	other	0.442765933384	0.662562093332	0.548619635207	0.316851488716	0.263900104675	0.0150480617292	0.00903765984612	1.08007762186	1.08641065616	0.828027502219	0.832882640837	1.00586349923	0.00843453739765	21.055966836	29.2000483718
MVP_R4_HARE.EUR.BMI_Mean_INT	19	PromoterFlanking_Hoffman_w_flanking	other	0.0414266277807	0.662562093332	0.548619635207	0.0274590236854	0.0230179710304	0.00266311008299	0.00244848545508	1.00041207307	1.01278231669	0.828027502219	0.838266185066	1.01236514828	0.0177297471464	10.3108857049	9.40090168093
MVP_R4_HARE.EUR.BMI_Mean_INT	20	Promoter_UCSC_w_flanking	other	0.0777366146549	0.662562093332	0.548619635207	0.0425015385728	0.0365255180541	0.00548796558105	0.00550218029862	0.825187124541	0.856444872707	0.828027502219	0.859392842721	1.03787958784	0.0536390755769	7.74449801937	6.63837171298
MVP_R4_HARE.EUR.BMI_Mean_INT	21	Repressed_Hoffman_w_flanking	other	0.657589455539	0.662562093332	0.548619635207	0.374696153956	0.351332568048	0.0125447055544	0.0121280837117	0.85999872895	0.973850345029	0.828027502219	0.937646582007	1.13238579575	0.179365557815	29.8688679723	28.9685144331
MVP_R4_HARE.EUR.BMI_Mean_INT	22	SuperEnhancer_Hnisz_w_flanking	other	0.218089536075	0.662562093332	0.548619635207	0.140869983775	0.125512510038	0.00814405017128	0.00619833257778	0.974893221312	1.0490129248	0.828027502219	0.890981220233	1.0760285351	0.105716337092	17.297288304	20.2493990864
MVP_R4_HARE.EUR.BMI_Mean_INT	23	TFBS_ENCODE_w_flanking	other	0.417055926633	0.662562093332	0.548619635207	0.296077999084	0.241676456487	0.0142407042826	0.0101918393105	1.07148292514	1.05625481174	0.828027502219	0.816259422296	0.985787815149	-0.0206509462299	20.7909660371	23.7127420404
MVP_R4_HARE.EUR.BMI_Mean_INT	24	Transcr_Hoffman_w_flanking	other	0.747293458034	0.662562093332	0.548619635207	0.454874892991	0.425269310231	0.0127163597188	0.0101763778622	0.918701024678	1.03729316296	0.828027502219	0.934914889311	1.12908675956	0.175156347744	35.7708418958	41.7898505725
MVP_R4_HARE.EUR.BMI_Mean_INT	25	TSS_Hoffman_w_flanking	other	0.0474925717889	0.662562093332	0.548619635207	0.0321816134481	0.0270798368471	0.00399129990511	0.003662168896	1.02271715493	1.03931933925	0.828027502219	0.841469210075	1.01623340749	0.0232317969453	8.06294044877	7.39448059773
MVP_R4_HARE.EUR.BMI_Mean_INT	26	UTR_3_UCSC_w_flanking	other	0.0434725987258	0.662562093332	0.548619635207	0.0212161857995	0.0206410590252	0.00328934454485	0.00258863854542	0.736588819173	0.86545606608	0.828027502219	0.972892074959	1.1749514024	0.232601086182	6.44997369847	7.97371230592
MVP_R4_HARE.EUR.BMI_Mean_INT	27	UTR_5_UCSC_w_flanking	other	0.0424410455357	0.662562093332	0.548619635207	0.0263323960211	0.0251833133753	0.00372018525734	0.00344907433919	0.936435174713	1.08157203214	0.828027502219	0.956362396917	1.15498868619	0.207878719642	7.07824858161	7.30147016234
MVP_R4_HARE.EUR.BMI_Mean_INT	28	WeakEnhancer_Hoffman_w_flanking	other	0.120163951843	0.662562093332	0.548619635207	0.0791991657677	0.0696750934962	0.00489595135388	0.00383882885606	0.994763448403	1.05689540695	0.828027502219	0.879745295557	1.06245902847	0.087407207784	16.1764609252	18.1500911108
MVP_R4_HARE.EUR.BMI_Mean_INT	29	GERP.NS	other	2.60003752832	0.662562093332	0.548619635207	1.79776627699	1.64738989905	0.0472480338767	0.0415612737231	1.04358307671	1.15490280256	0.828027502219	0.916353766413	1.10667068903	0.146225984549	38.0495468167	39.6376181834
MVP_R4_HARE.EUR.BMI_Mean_INT	30	GERP.RSsup4	other	0.0233418896272	0.662562093332	0.548619635207	0.0217628227285	0.0189663798253	0.00296681189887	0.00296345728144	1.40718963653	1.48107511642	0.828027502219	0.871503667604	1.05250570213	0.0738280493561	7.3354238389	6.40008544887
MVP_R4_HARE.EUR.BMI_Mean_INT	31	Backgrd_Selection_Stat	other	0.169103659101	0.662562093332	0.548619635207	0.117353163504	0.103156516916	0.00574723505517	0.00489805185176	1.04740637062	1.11191686554	0.828027502219	0.879026298362	1.06159070321	0.0862276416034	20.4190645376	21.0607237404
MVP_R4_HARE.EUR.BMI_Mean_INT	32	CpG_Content_50kb	other	0.0108367491388	0.662562093332	0.548619635207	0.00688814219595	0.00600326669138	0.000225714360191	0.000177043081976	0.95934871614	1.00975792426	0.828027502219	0.871536405696	1.05254523957	0.0738822432713	30.5170756088	33.9085076038
MVP_R4_HARE.EUR.BMI_Mean_INT	33	GTEx_eQTL_MaxCPP	QTL	0.00983327951664	0.662562093332	0.548619635207	0.0134269012467	0.0109316785123	0.00330599205222	0.00299370860108	2.06087108081	2.02636240625	0.828027502219	0.814162427462	0.98325529681	-0.0243620418801	4.0613834016	3.65155062465
MVP_R4_HARE.EUR.BMI_Mean_INT	34	BLUEPRINT_H3K27acQTL_MaxCPP	QTL	0.0228675741433	0.662562093332	0.548619635207	0.01726546673	0.014717087564	0.00162649115983	0.00154205014808	1.13954542475	1.17308756436	0.828027502219	0.852400215653	1.02943466656	0.041852271723	10.6151617398	9.54384497957
MVP_R4_HARE.EUR.BMI_Mean_INT	35	BLUEPRINT_H3K4me1QTL_MaxCPP	QTL	0.0155667864651	0.662562093332	0.548619635207	0.0114625513461	0.0106116426014	0.00141116432983	0.00117422419193	1.11136250546	1.242545496	0.828027502219	0.925766199949	1.11803798481	0.160969203894	8.12276154081	9.03715208248
MVP_R4_HARE.EUR.BMI_Mean_INT	36	BLUEPRINT_DNA_methylation_MaxCPP	QTL	0.0450492018314	0.662562093332	0.548619635207	0.0362751102566	0.0306150200881	0.00239127852901	0.00234739771789	1.21533234146	1.23872841813	0.828027502219	0.843967664648	1.01925076448	0.0275090389075	15.1697553491	13.0421103568
MVP_R4_HARE.EUR.BMI_Mean_INT	37	synonymous	other	0.0117035021402	0.662562093332	0.548619635207	0.00392126035298	0.0037173739599	0.00147220969928	0.00155490215121	0.505688705889	0.578960675686	0.828027502219	0.948004882429	1.14489540491	0.19521580294	2.66352025455	2.39074462467
MVP_R4_HARE.EUR.BMI_Mean_INT	38	non_synonymous	other	0.0303674179984	0.662562093332	0.548619635207	0.00943274857879	0.0103038115739	0.00296940892823	0.00260685095434	0.468817490839	0.618470078935	0.828027502219	1.09234455767	1.31921289419	0.399677405076	3.17664181889	3.95258944772
MVP_R4_HARE.EUR.BMI_Mean_INT	39	Conserved_Vertebrate_phastCons46way_w_flanking	other	0.516290658104	0.662562093332	0.548619635207	0.377885718915	0.32591432037	0.0149161672076	0.0102073330436	1.10468797655	1.15063566026	0.828027502219	0.862467947468	1.0415933591	0.0587921554428	25.3339690857	31.929429458
MVP_R4_HARE.EUR.BMI_Mean_INT	40	Conserved_Mammal_phastCons46way_w_flanking	other	0.454263810304	0.662562093332	0.548619635207	0.334095811292	0.292973023711	0.0128658521389	0.00977754382134	1.11003406327	1.17556905904	0.828027502219	0.876913190195	1.05903872498	0.0827553441075	25.9676395846	29.9638671086
MVP_R4_HARE.EUR.BMI_Mean_INT	41	Conserved_Primate_phastCons46way_w_flanking	other	0.263508720223	0.662562093332	0.548619635207	0.21936184473	0.193887143975	0.0102568115009	0.00892750089046	1.25643351513	1.34116643082	0.828027502219	0.883869043924	1.06743923548	0.0941539460342	21.3869431753	21.7179641149
MVP_R4_HARE.EUR.BMI_Mean_INT	42	BivFlnk_w_flanking	other	0.0463513518145	0.662562093332	0.548619635207	0.0379288570296	0.0322298405763	0.00325155006513	0.00322594068762	1.23503926655	1.26743123439	0.828027502219	0.849744577095	1.02622748015	0.0373505634038	11.6648540757	9.99083482842
MVP_R4_HARE.EUR.BMI_Mean_INT	43	Human_Promoter_Villar_w_flanking	other	0.0266764452883	0.662562093332	0.548619635207	0.0184896852334	0.0156683065672	0.00321040178345	0.00320036565381	1.04610426904	1.07058894678	0.828027502219	0.847407966627	1.02340558056	0.0333780053951	5.75930568215	4.89578637633
MVP_R4_HARE.EUR.BMI_Mean_INT	44	Human_Enhancer_Villar_w_flanking	other	0.0579863122145	0.662562093332	0.548619635207	0.0313450889387	0.0297816726107	0.00299706228957	0.00259790536009	0.815863363664	0.936164672794	0.828027502219	0.950122447218	1.14745276536	0.198434766641	10.45860443	11.4637249948
MVP_R4_HARE.EUR.BMI_Mean_INT	45	Ancient_Sequence_Age_Human_Promoter_w_flanking	other	0.0154493082425	0.662562093332	0.548619635207	0.0143849239085	0.0115658122055	0.00255060705437	0.00268788003784	1.4053093812	1.36456978629	0.828027502219	0.804023175866	0.971010230591	-0.0424415988875	5.63980401601	4.30294955231
MVP_R4_HARE.EUR.BMI_Mean_INT	46	Ancient_Sequence_Age_Human_Enhancer_w_flanking	other	0.0230265976223	0.662562093332	0.548619635207	0.0164574756328	0.0150134554803	0.00187127980618	0.00177782587263	1.07871536179	1.18844624143	0.828027502219	0.912257494119	1.10172366458	0.139762411085	8.79477007043	8.44484024641
MVP_R4_HARE.EUR.BMI_Mean_INT	47	Human_Enhancer_Villar_Species_Enhancer_Count	other	0.099046241685	0.662562093332	0.548619635207	0.0594718420007	0.0548131728336	0.00801854421248	0.0073128421645	0.906247463032	1.00873152538	0.828027502219	0.921665968122	1.11308617848	0.154565294795	7.41678793866	7.49546778128
MVP_R4_HARE.EUR.BMI_Mean_INT	48	Human_Promoter_Villar_ExAC_w_flanking	other	0.0045203277666	0.662562093332	0.548619635207	0.0066504634108	0.00568668482288	0.0016135420285	0.00163880014329	2.22052361759	2.29307302397	0.828027502219	0.855080987837	1.03267220659	0.0463823829833	4.12165490166	3.47002948844
MVP_R4_HARE.EUR.BMI_Mean_INT	49	MAFbin1	MAFbin	0.030247469953	0.662562093332	0.548619635207	0.0133452974341	0.0557916130891	0.00122969432314	0.00215887106009	0.665905525126	3.36208366985	0.828027502219	4.18061968005	5.04888988451	2.33596621278	10.8525323594	25.8429575163
MVP_R4_HARE.EUR.BMI_Mean_INT	50	MAFbin2	MAFbin	0.0426672332784	0.662562093332	0.548619635207	0.0224877327586	0.0569394875657	0.00206232688102	0.00246923878412	0.795471462433	2.43247130079	0.828027502219	2.53202437867	3.05789888848	1.61254070379	10.9040584039	23.0595307071
MVP_R4_HARE.EUR.BMI_Mean_INT	51	MAFbin3	MAFbin	0.0584181251778	0.662562093332	0.548619635207	0.032784574192	0.0406564568245	0.00476185476835	0.00454829973974	0.847023280526	1.26855869246	0.828027502219	1.24010934491	1.49766685477	0.582716742341	6.88483286175	8.93882530856
MVP_R4_HARE.EUR.BMI_Mean_INT	52	MAFbin4	MAFbin	0.07974831473	0.662562093332	0.548619635207	0.0446106848678	0.0532407918836	0.00753458099189	0.00399621429541	0.844288339341	1.21689090494	0.828027502219	1.19345381138	1.44132146357	0.527392141327	5.92079173557	13.3228070238
MVP_R4_HARE.EUR.BMI_Mean_INT	53	MAFbin5	MAFbin	0.106297957799	0.662562093332	0.548619635207	0.0660964943081	0.0535264875553	0.0046167325893	0.00444747947645	0.938484100502	0.917851617648	0.828027502219	0.809823397074	0.978015096001	-0.0320713610417	14.3167257426	12.035241048
MVP_R4_HARE.EUR.BMI_Mean_INT	54	MAFbin6	MAFbin	0.129324555421	0.662562093332	0.548619635207	0.0793990023574	0.0564258125503	0.00944319416044	0.00407166003982	0.926632367573	0.795289924882	0.828027502219	0.710661480308	0.85825830471	-0.220516182779	8.40806627592	13.8581836397
MVP_R4_HARE.EUR.BMI_Mean_INT	55	MAFbin7	MAFbin	0.137960814687	0.662562093332	0.548619635207	0.0884994950663	0.0617436180863	0.00451351816728	0.00468661635873	0.968185239367	0.81576482981	0.828027502219	0.697671981519	0.842571025296	-0.247129790167	19.6076523427	13.1744553768
MVP_R4_HARE.EUR.BMI_Mean_INT	56	MAFbin8	MAFbin	0.138505721522	0.662562093332	0.548619635207	0.0969251547066	0.0637886224607	0.00780584177003	0.00765540340543	1.0561903704	0.839468032291	0.828027502219	0.658122472477	0.794807504235	-0.331322600922	12.4170022353	8.33249654949
MVP_R4_HARE.EUR.BMI_Mean_INT	57	MAFbin9	MAFbin	0.138827867701	0.662562093332	0.548619635207	0.0998240267711	0.0556582725488	0.0058838916458	0.00578410022768	1.08525512697	0.730771704042	0.828027502219	0.557563888666	0.673363973022	-0.570541560138	16.9656466809	9.62263279645
MVP_R4_HARE.EUR.BMI_Mean_INT	58	MAFbin10	MAFbin	0.138001939731	0.662562093332	0.548619635207	0.118589630871	0.0508484726427	0.00680140682576	0.00406660648196	1.29698496349	0.671616526837	0.828027502219	0.428776717401	0.517829077237	-0.949452116888	17.4360443227	12.5039078328
MVP_R4_HARE.EUR.Diastolic_Mean_INT	1	Coding_UCSC_w_flanking	other	0.116483260393	0.319026172856	0.262419541358	0.0371373818546	0.0365492738407	0.00281901920998	0.00240269074688	0.999358823049	1.19569128155	0.822564302511	0.984163988291	1.19645842311	0.258770264146	13.1738661883	15.2118094633
MVP_R4_HARE.EUR.Diastolic_Mean_INT	2	Conserved_LindbladToh_w_flanking	other	0.447988813988	0.319026172856	0.262419541358	0.158302263858	0.141080303602	0.0061266765728	0.00514572975131	1.1076272752	1.20006022984	0.822564302511	0.891208376707	1.0834513168	0.115634329629	25.8381949785	27.4169671592
MVP_R4_HARE.EUR.Diastolic_Mean_INT	3	CTCF_Hoffman_w_flanking	other	0.0829869119547	0.319026172856	0.262419541358	0.0273381978506	0.0245167000617	0.00221314310942	0.0020730480105	1.03260438274	1.12578702123	0.822564302511	0.896792838931	1.09024040576	0.124646294591	12.3526570578	11.8264024458
MVP_R4_HARE.EUR.Diastolic_Mean_INT	4	DGF_ENCODE_w_flanking	other	0.64337389862	0.319026172856	0.262419541358	0.212969425799	0.195266439126	0.00753019392161	0.00588436945445	1.03759413492	1.1565595436	0.822564302511	0.916875454744	1.11465505122	0.15659731293	28.2820639171	33.1839189632
MVP_R4_HARE.EUR.Diastolic_Mean_INT	5	DHS_peaks_Trynka	other	0.176878814776	0.319026172856	0.262419541358	0.0695329960453	0.0605177502524	0.00372534126307	0.00361163485298	1.23222157692	1.30379941895	0.822564302511	0.87034578825	1.05808845046	0.0814602339831	18.6648661519	16.7563313336
MVP_R4_HARE.EUR.Diastolic_Mean_INT	6	DHS_Trynka_w_flanking	other	0.614339617469	0.319026172856	0.262419541358	0.183720777066	0.188466614429	0.00654641518019	0.00644247740915	0.937396735427	1.16904097631	0.822564302511	1.02583179452	1.24711440965	0.318593823357	28.064333228	29.2537485908
MVP_R4_HARE.EUR.Diastolic_Mean_INT	7	Enhancer_Andersson_w_flanking	other	0.0261760905848	0.319026172856	0.262419541358	0.00966346931042	0.0090755722867	0.00110622723158	0.00105138401095	1.15718280815	1.32121368447	0.822564302511	0.939162943987	1.1417501843	0.191247022589	8.73551928081	8.63202425772
MVP_R4_HARE.EUR.Diastolic_Mean_INT	8	Enhancer_Hoffman_w_flanking	other	0.118943908867	0.319026172856	0.262419541358	0.0481278864344	0.0450821710756	0.00361921840342	0.00307949603432	1.26831833041	1.4443300396	0.822564302511	0.936716203755	1.13877565668	0.187483558398	13.2978674039	14.6394639166
MVP_R4_HARE.EUR.Diastolic_Mean_INT	9	FetalDHS_Trynka_w_flanking	other	0.376609445737	0.319026172856	0.262419541358	0.130325151633	0.12250364441	0.00510428581591	0.00483991648841	1.08470268849	1.23954308931	0.822564302511	0.939984668155	1.14274916294	0.192508762168	25.5324949137	25.3111070621
MVP_R4_HARE.EUR.Diastolic_Mean_INT	10	H3K27ac_Hnisz_w_flanking	other	0.506667397779	0.319026172856	0.262419541358	0.198682981225	0.174034467328	0.00793728294378	0.00602203767436	1.22916842084	1.30892914006	0.822564302511	0.875940486976	1.06488998404	0.0907043903824	25.0316112746	28.8995979001
MVP_R4_HARE.EUR.Diastolic_Mean_INT	11	H3K27ac_PGC2_w_flanking	other	0.410626711402	0.319026172856	0.262419541358	0.164532947576	0.143536720496	0.00741792236367	0.0057862317463	1.25597029254	1.33204731125	0.822564302511	0.872388920339	1.06057230745	0.0848429839439	22.1804623329	24.8065972449
MVP_R4_HARE.EUR.Diastolic_Mean_INT	12	H3K4me1_peaks_Trynka	other	0.249838070139	0.319026172856	0.262419541358	0.0994871913998	0.0852170585081	0.00510471380353	0.00427687016809	1.24819442948	1.29978568803	0.822564302511	0.856563114398	1.04133271014	0.0584310893669	19.4892789741	19.9250982983
MVP_R4_HARE.EUR.Diastolic_Mean_INT	13	H3K4me1_Trynka_w_flanking	other	0.720846627575	0.319026172856	0.262419541358	0.24545381774	0.217938223403	0.00933583806136	0.00725115597759	1.06733464473	1.15211110616	0.822564302511	0.887899098126	1.07942819232	0.110267272976	26.2915676265	30.0556523783
MVP_R4_HARE.EUR.Diastolic_Mean_INT	14	H3K4me3_peaks_Trynka	other	0.0620611186697	0.319026172856	0.262419541358	0.0226066540053	0.0213304634448	0.00222117883541	0.00202422038075	1.14180088139	1.30973827633	0.822564302511	0.943548012006	1.14708115721	0.197967467174	10.1777730117	10.5376191484
MVP_R4_HARE.EUR.Diastolic_Mean_INT	15	H3K4me3_Trynka_w_flanking	other	0.313400252919	0.319026172856	0.262419541358	0.122810443559	0.109527226491	0.00562687528962	0.0046174255572	1.22831468301	1.33176186781	0.822564302511	0.891839678426	1.08421879688	0.116655923964	21.8256913896	23.7204098115
MVP_R4_HARE.EUR.Diastolic_Mean_INT	16	H3K9ac_peaks_Trynka	other	0.0591995010161	0.319026172856	0.262419541358	0.0275614010872	0.0247152020127	0.00226262337445	0.00214924091437	1.45934149402	1.59092587868	0.822564302511	0.896732424252	1.090166959	0.124549100579	12.1811704937	11.4995028465
MVP_R4_HARE.EUR.Diastolic_Mean_INT	17	H3K9ac_Trynka_w_flanking	other	0.301600792343	0.319026172856	0.262419541358	0.126581063195	0.114222047161	0.00665522430628	0.00473678285486	1.31555783978	1.44318261748	0.822564302511	0.90236283594	1.0970119092	0.13357918778	19.0198041974	24.1138449156
MVP_R4_HARE.EUR.Diastolic_Mean_INT	18	Intron_UCSC_w_flanking	other	0.442765933384	0.319026172856	0.262419541358	0.156109335534	0.131576871131	0.00736557028886	0.00481157280719	1.1051681554	1.13242431019	0.822564302511	0.842850753806	1.02466245038	0.0351487279106	21.1944668792	27.3459171052
MVP_R4_HARE.EUR.Diastolic_Mean_INT	19	PromoterFlanking_Hoffman_w_flanking	other	0.0414266277807	0.319026172856	0.262419541358	0.017305382451	0.0153873593643	0.00195181263037	0.0018198844604	1.30940895139	1.4154298243	0.822564302511	0.88916609661	1.08096849559	0.112324476893	8.86631338569	8.45512981682
MVP_R4_HARE.EUR.Diastolic_Mean_INT	20	Promoter_UCSC_w_flanking	other	0.0777366146549	0.319026172856	0.262419541358	0.0259137748685	0.0232312659108	0.00237274809928	0.00251387324995	1.0449096591	1.13880949663	0.822564302511	0.896483280753	1.08986407265	0.124148213957	10.9214184499	9.24122403994
MVP_R4_HARE.EUR.Diastolic_Mean_INT	21	Repressed_Hoffman_w_flanking	other	0.657589455539	0.319026172856	0.262419541358	0.158097215752	0.147888092755	0.00639748234538	0.00688904072666	0.753603777993	0.857002710097	0.822564302511	0.935425029793	1.13720596303	0.185493569037	24.712411417	21.4671532109
MVP_R4_HARE.EUR.Diastolic_Mean_INT	22	SuperEnhancer_Hnisz_w_flanking	other	0.218089536075	0.319026172856	0.262419541358	0.0940495078469	0.0879900112562	0.00468164598796	0.00393308244248	1.3517469074	1.53745485585	0.822564302511	0.93557120362	1.13738366808	0.185718993602	20.0889832526	22.3717688462
MVP_R4_HARE.EUR.Diastolic_Mean_INT	23	TFBS_ENCODE_w_flanking	other	0.417055926633	0.319026172856	0.262419541358	0.161883460048	0.136848115733	0.0075183282102	0.00567927516582	1.21669540293	1.25039823698	0.822564302511	0.845349584772	1.02770030524	0.0394196116354	21.5318426546	24.0960530591
MVP_R4_HARE.EUR.Diastolic_Mean_INT	24	Transcr_Hoffman_w_flanking	other	0.747293458034	0.319026172856	0.262419541358	0.209610650671	0.196998427897	0.00674167456764	0.006306941007	0.879216544546	1.00455890511	0.822564302511	0.939830238904	1.14256142169	0.192271723602	31.0917782471	31.2351784611
MVP_R4_HARE.EUR.Diastolic_Mean_INT	25	TSS_Hoffman_w_flanking	other	0.0474925717889	0.319026172856	0.262419541358	0.0236441229247	0.0212703189479	0.00230084156059	0.00207291818821	1.56052671095	1.70668016909	0.822564302511	0.899602789904	1.09365649246	0.129159671907	10.2762933918	10.2610508552
MVP_R4_HARE.EUR.Diastolic_Mean_INT	26	UTR_3_UCSC_w_flanking	other	0.0434725987258	0.319026172856	0.262419541358	0.0161859495092	0.0162064441564	0.00222347376864	0.00198991540677	1.16706827859	1.4206135821	0.822564302511	1.00126619987	1.21724976007	0.283625216238	7.27957745105	8.14428799398
MVP_R4_HARE.EUR.Diastolic_Mean_INT	27	UTR_5_UCSC_w_flanking	other	0.0424410455357	0.319026172856	0.262419541358	0.0128580222007	0.0124918585514	0.00178024125655	0.00165608806208	0.949646087049	1.12161759009	0.822564302511	0.971522552724	1.18109009807	0.240119023232	7.22262904165	7.54299172697
MVP_R4_HARE.EUR.Diastolic_Mean_INT	28	WeakEnhancer_Hoffman_w_flanking	other	0.120163951843	0.319026172856	0.262419541358	0.0462999901524	0.0421486424755	0.00353181285917	0.00288709793079	1.20775927712	1.33663619328	0.822564302511	0.910338044064	1.10670745288	0.146273910417	13.1094120778	14.5989652883
MVP_R4_HARE.EUR.Diastolic_Mean_INT	29	GERP.NS	other	2.60003752832	0.319026172856	0.262419541358	0.846355505627	0.777897324397	0.0247470038563	0.022997339665	1.02034465357	1.14010930212	0.822564302511	0.919114153834	1.11737666104	0.160115591749	34.2003222104	33.8255352892
MVP_R4_HARE.EUR.Diastolic_Mean_INT	30	GERP.RSsup4	other	0.0233418896272	0.319026172856	0.262419541358	0.0112982656965	0.00985097577527	0.00142436874009	0.00132524009116	1.51722314269	1.60822595848	0.822564302511	0.871901585597	1.05997984952	0.0840368390594	7.93212135208	7.43335176847
MVP_R4_HARE.EUR.Diastolic_Mean_INT	31	Backgrd_Selection_Stat	other	0.169103659101	0.319026172856	0.262419541358	0.0596825638775	0.0530588559628	0.00291141787023	0.00238971958336	1.10628787499	1.19566276413	0.822564302511	0.889017704931	1.08078809428	0.112083687455	20.4994839414	22.202963198
MVP_R4_HARE.EUR.Diastolic_Mean_INT	32	CpG_Content_50kb	other	0.0108367491388	0.319026172856	0.262419541358	0.00353216916646	0.00313459379575	0.000137035821191	9.67902873737e-05	1.02168298603	1.10226515235	0.822564302511	0.887441582786	1.07887198615	0.109523691607	25.7755172024	32.3854167686
MVP_R4_HARE.EUR.Diastolic_Mean_INT	33	GTEx_eQTL_MaxCPP	QTL	0.00983327951664	0.319026172856	0.262419541358	0.00789266370557	0.00669294128175	0.00121585056829	0.00112614241441	2.51593200734	2.59371622251	0.822564302511	0.847995243612	1.03091666028	0.0439277093718	6.49147511332	5.94324589511
MVP_R4_HARE.EUR.Diastolic_Mean_INT	34	BLUEPRINT_H3K27acQTL_MaxCPP	QTL	0.0228675741433	0.319026172856	0.262419541358	0.0093957500702	0.00836046997671	0.000797436668994	0.000773148489333	1.28790860845	1.39320307273	0.822564302511	0.889814002527	1.08175616157	0.113375338221	11.7824404564	10.8135372339
MVP_R4_HARE.EUR.Diastolic_Mean_INT	35	BLUEPRINT_H3K4me1QTL_MaxCPP	QTL	0.0155667864651	0.319026172856	0.262419541358	0.00605993203863	0.00570114873696	0.000758387564139	0.000681379953894	1.2202321731	1.39562015016	0.822564302511	0.940794170729	1.14373328366	0.193750657703	7.99054774258	8.36706261225
MVP_R4_HARE.EUR.Diastolic_Mean_INT	36	BLUEPRINT_DNA_methylation_MaxCPP	QTL	0.0450492018314	0.319026172856	0.262419541358	0.018281500088	0.0157734023447	0.00153900444564	0.00147458616768	1.27203310542	1.334265045	0.822564302511	0.862806786575	1.04892320751	0.0689090609505	11.8787831574	10.6968332475
MVP_R4_HARE.EUR.Diastolic_Mean_INT	37	synonymous	other	0.0117035021402	0.319026172856	0.262419541358	0.0022854731934	0.00221474670995	0.000871049742421	0.000809972135631	0.612116348561	0.721127494379	0.822564302511	0.969053899361	1.17808893044	0.236448448047	2.62381478588	2.73434926033
MVP_R4_HARE.EUR.Diastolic_Mean_INT	38	non_synonymous	other	0.0303674179984	0.319026172856	0.262419541358	0.00675046061632	0.00743576178291	0.00167398195599	0.00138771716281	0.696785695656	0.933085473804	0.822564302511	1.10151917114	1.33912834265	0.421294235812	4.03257669067	5.35826894859
MVP_R4_HARE.EUR.Diastolic_Mean_INT	39	Conserved_Vertebrate_phastCons46way_w_flanking	other	0.516290658104	0.319026172856	0.262419541358	0.179953563649	0.156854383646	0.00709802655487	0.00463495496118	1.0925463504	1.15772715913	0.822564302511	0.871638107439	1.05965953638	0.0836008081103	25.3526191059	33.8416198129
MVP_R4_HARE.EUR.Diastolic_Mean_INT	40	Conserved_Mammal_phastCons46way_w_flanking	other	0.454263810304	0.319026172856	0.262419541358	0.161853741071	0.143762976893	0.005900317513	0.00445916806196	1.11683313065	1.2059873312	0.822564302511	0.88822770448	1.07982768249	0.110801107342	27.43136123	32.2398651263
MVP_R4_HARE.EUR.Diastolic_Mean_INT	41	Conserved_Primate_phastCons46way_w_flanking	other	0.263508720223	0.319026172856	0.262419541358	0.0983956487934	0.0871929417615	0.00478551977218	0.00397284244201	1.17045464083	1.26092764507	0.822564302511	0.88614631674	1.07729731771	0.107416466773	20.5611205214	21.9472438271
MVP_R4_HARE.EUR.Diastolic_Mean_INT	42	BivFlnk_w_flanking	other	0.0463513518145	0.319026172856	0.262419541358	0.0211139433074	0.0183836804276	0.00203972373873	0.00190105547814	1.42784357777	1.51138074529	0.822564302511	0.870689106244	1.05850582573	0.0820292095684	10.3513740153	9.67024931097
MVP_R4_HARE.EUR.Diastolic_Mean_INT	43	Human_Promoter_Villar_w_flanking	other	0.0266764452883	0.319026172856	0.262419541358	0.0123225342856	0.0110417311219	0.0016660425273	0.00157920546617	1.44792398762	1.57729540141	0.822564302511	0.896060085205	1.08934958941	0.123467011884	7.39629036095	6.99195345915
MVP_R4_HARE.EUR.Diastolic_Mean_INT	44	Human_Enhancer_Villar_w_flanking	other	0.0579863122145	0.319026172856	0.262419541358	0.0243675459716	0.0239976070108	0.00195901645629	0.00177364542645	1.31722507828	1.5770529505	0.822564302511	0.984818374356	1.19725396708	0.259729215922	12.438663235	13.5301039616
MVP_R4_HARE.EUR.Diastolic_Mean_INT	45	Ancient_Sequence_Age_Human_Promoter_w_flanking	other	0.0154493082425	0.319026172856	0.262419541358	0.00943757214618	0.00803483499625	0.00130168674096	0.00125459236773	1.91480667355	1.98185443161	0.822564302511	0.851366736253	1.03501541904	0.0496522602965	7.25026371492	6.40433913271
MVP_R4_HARE.EUR.Diastolic_Mean_INT	46	Ancient_Sequence_Age_Human_Enhancer_w_flanking	other	0.0230265976223	0.319026172856	0.262419541358	0.0128968369109	0.0122798975622	0.00151110142254	0.00141972627289	1.75560626505	2.03221100981	0.822564302511	0.952163514747	1.15755511373	0.211080884992	8.53472620602	8.64948250708
MVP_R4_HARE.EUR.Diastolic_Mean_INT	47	Human_Enhancer_Villar_Species_Enhancer_Count	other	0.099046241685	0.319026172856	0.262419541358	0.0492268738303	0.0477488000103	0.00549519640414	0.00528551030349	1.55789413309	1.83708092887	0.822564302511	0.969974249734	1.17920780998	0.237817984656	8.95816458775	9.03390538824
MVP_R4_HARE.EUR.Diastolic_Mean_INT	48	Human_Promoter_Villar_ExAC_w_flanking	other	0.0045203277666	0.319026172856	0.262419541358	0.00356773552215	0.00308173798626	0.000663111443478	0.00064662919888	2.47398129684	2.59794296917	0.822564302511	0.863779830968	1.05010614773	0.0705351669958	5.38029551026	4.76585033834
MVP_R4_HARE.EUR.Diastolic_Mean_INT	49	MAFbin1	MAFbin	0.030247469953	0.319026172856	0.262419541358	0.00783370544717	0.0274718105884	0.000697668565282	0.00124379697158	0.811805276519	3.46100365048	0.822564302511	3.50687305946	4.26334214693	2.09198484087	11.2284053446	22.0870537685
MVP_R4_HARE.EUR.Diastolic_Mean_INT	50	MAFbin2	MAFbin	0.0426672332784	0.319026172856	0.262419541358	0.0112033507298	0.0239320401673	0.0010790954783	0.00149655707056	0.82305173708	2.13741606205	0.822564302511	2.13615022367	2.59694010201	1.37681273888	10.3821681724	15.9913982822
MVP_R4_HARE.EUR.Diastolic_Mean_INT	51	MAFbin3	MAFbin	0.0584181251778	0.319026172856	0.262419541358	0.0151970307548	0.025424262308	0.00209868358148	0.00234160128028	0.815426485409	1.65845836621	0.822564302511	1.67297564361	2.03385393519	1.02421607323	7.24122058652	10.8576393949
MVP_R4_HARE.EUR.Diastolic_Mean_INT	52	MAFbin4	MAFbin	0.07974831473	0.319026172856	0.262419541358	0.0212776747179	0.0266702220569	0.00330848333902	0.00256840567819	0.836327422547	1.27440933904	0.822564302511	1.25343687271	1.52381627659	0.607688970528	6.43124735342	10.3839600899
MVP_R4_HARE.EUR.Diastolic_Mean_INT	53	MAFbin5	MAFbin	0.106297957799	0.319026172856	0.262419541358	0.0338645746089	0.0299559058372	0.00248327083717	0.0042361151373	0.998606502534	1.07389387094	0.822564302511	0.8845794221	1.07539242756	0.104863217936	13.6370846474	7.07155137816
MVP_R4_HARE.EUR.Diastolic_Mean_INT	54	MAFbin6	MAFbin	0.129324555421	0.319026172856	0.262419541358	0.0413675772701	0.0295574030056	0.00493065689634	0.00224386601305	1.00265789703	0.870941744399	0.822564302511	0.714506503792	0.868633007305	-0.203181319887	8.38987139844	13.1725347386
MVP_R4_HARE.EUR.Diastolic_Mean_INT	55	MAFbin7	MAFbin	0.137960814687	0.319026172856	0.262419541358	0.0403437232534	0.0254575769188	0.00273047464264	0.00231078565302	0.916629672368	0.703177785478	0.822564302511	0.631017042203	0.76713399825	-0.382449494049	14.7753517368	11.0168491333
MVP_R4_HARE.EUR.Diastolic_Mean_INT	56	MAFbin8	MAFbin	0.138505721522	0.319026172856	0.262419541358	0.0459539853722	0.0269784612462	0.00385905284665	0.00211180509362	1.03998997682	0.742255269258	0.822564302511	0.587075550199	0.713713868213	-0.486582289046	11.9080995255	12.7750715858
MVP_R4_HARE.EUR.Diastolic_Mean_INT	57	MAFbin9	MAFbin	0.138827867701	0.319026172856	0.262419541358	0.0495232240973	0.0217694111688	0.00351309892686	0.00269771859941	1.11816512696	0.597549457967	0.822564302511	0.439579844923	0.534401801272	-0.904003224274	14.0967348567	8.06956336126
MVP_R4_HARE.EUR.Diastolic_Mean_INT	58	MAFbin10	MAFbin	0.138001939731	0.319026172856	0.262419541358	0.052461326604	0.0252024480607	0.00336877239083	0.00291966980622	1.19159250735	0.69592328114	0.822564302511	0.480400510093	0.584027909583	-0.775890780484	15.5728320342	8.63195146486
MVP_R4_HARE.EUR.Height_Mean_INT	1	Coding_UCSC_w_flanking	other	0.116483260393	1.86717197339	1.55001925542	0.239924538739	0.238516955999	0.0165187553606	0.0148165459652	1.10313034278	1.32104814845	0.830142738596	0.994133227275	1.19754492939	0.260079783887	14.5243714494	16.0980134344
MVP_R4_HARE.EUR.Height_Mean_INT	2	Conserved_LindbladToh_w_flanking	other	0.447988813988	1.86717197339	1.55001925542	0.96435956122	0.874550298728	0.0390355993311	0.0320559236819	1.15288901387	1.25944883522	0.830142738596	0.906871600486	1.09242851659	0.127538879608	24.7046177783	27.2820183691
MVP_R4_HARE.EUR.Height_Mean_INT	3	CTCF_Hoffman_w_flanking	other	0.0829869119547	1.86717197339	1.55001925542	0.155557834109	0.139027761	0.0113974744202	0.0112098132923	1.00391735833	1.08082362998	0.830142738596	0.893736800826	1.0766061778	0.106490608987	13.6484477503	12.4023261918
MVP_R4_HARE.EUR.Height_Mean_INT	4	DGF_ENCODE_w_flanking	other	0.64337389862	1.86717197339	1.55001925542	1.282267313	1.20405003617	0.0480611991069	0.0383952733223	1.06740888587	1.20738007336	0.830142738596	0.93900080269	1.13113174281	0.177766969673	26.6798859959	31.3593297295
MVP_R4_HARE.EUR.Height_Mean_INT	5	DHS_peaks_Trynka	other	0.176878814776	1.86717197339	1.55001925542	0.414857680982	0.365797528315	0.020421540384	0.0190477072387	1.25614274962	1.33422125157	0.830142738596	0.88174220964	1.06215734794	0.0869975027509	20.3147105057	19.2042813201
MVP_R4_HARE.EUR.Height_Mean_INT	6	DHS_Trynka_w_flanking	other	0.614339617469	1.86717197339	1.55001925542	1.05307410947	1.10146850838	0.0401661745585	0.041058482501	0.918049487747	1.15671526959	0.830142738596	1.04595535915	1.25997049726	0.333389952811	26.217933897	26.8268197285
MVP_R4_HARE.EUR.Height_Mean_INT	7	Enhancer_Andersson_w_flanking	other	0.0261760905848	1.86717197339	1.55001925542	0.060643817793	0.0577327225759	0.00601881228578	0.00573485316736	1.24078755647	1.42291894059	0.830142738596	0.951996834582	1.14678692027	0.197597355066	10.0757117706	10.0669922823
MVP_R4_HARE.EUR.Height_Mean_INT	8	Enhancer_Hoffman_w_flanking	other	0.118943908867	1.86717197339	1.55001925542	0.301471656954	0.285528024707	0.0175949266846	0.0155935744913	1.357437871	1.54870764037	0.830142738596	0.947113992711	1.1409049898	0.19017865451	17.1340104087	18.3106204973
MVP_R4_HARE.EUR.Height_Mean_INT	9	FetalDHS_Trynka_w_flanking	other	0.376609445737	1.86717197339	1.55001925542	0.710683700519	0.67502304006	0.0275613311717	0.0276829339426	1.0106501081	1.15635263635	0.830142738596	0.949822036958	1.14416713271	0.194297807289	25.7855361228	24.3840859303
MVP_R4_HARE.EUR.Height_Mean_INT	10	H3K27ac_Hnisz_w_flanking	other	0.506667397779	1.86717197339	1.55001925542	1.18520540665	1.05649870139	0.0456635290608	0.0352222810258	1.25281326799	1.34526831792	0.830142738596	0.89140557026	1.07379794921	0.102722554693	25.9551863605	29.9951811927
MVP_R4_HARE.EUR.Height_Mean_INT	11	H3K27ac_PGC2_w_flanking	other	0.410626711402	1.86717197339	1.55001925542	1.00110978481	0.891308680894	0.0405964564171	0.0309620434988	1.30572039977	1.40037337843	0.830142738596	0.890320616598	1.07249100089	0.100965542338	24.6600288095	28.7871400003
MVP_R4_HARE.EUR.Height_Mean_INT	12	H3K4me1_peaks_Trynka	other	0.249838070139	1.86717197339	1.55001925542	0.621295793762	0.543778381389	0.0279298680758	0.023991704905	1.33185049651	1.40419113789	0.830142738596	0.875232677975	1.05431588724	0.0763071826014	22.2448524309	22.6652663303
MVP_R4_HARE.EUR.Height_Mean_INT	13	H3K4me1_Trynka_w_flanking	other	0.720846627575	1.86717197339	1.55001925542	1.48712962188	1.357863816	0.0585691066198	0.048783009679	1.10489659058	1.21527972152	0.830142738596	0.913076974611	1.09990358544	0.137377066567	25.3910245129	27.8347692144
MVP_R4_HARE.EUR.Height_Mean_INT	14	H3K4me3_peaks_Trynka	other	0.0620611186697	1.86717197339	1.55001925542	0.157434757942	0.150634618833	0.0117041433805	0.0108100243008	1.3586159262	1.56591469593	0.830142738596	0.956806621372	1.15258084771	0.204867951956	13.4511986759	13.934716023
MVP_R4_HARE.EUR.Height_Mean_INT	15	H3K4me3_Trynka_w_flanking	other	0.313400252919	1.86717197339	1.55001925542	0.757395603072	0.68706293276	0.0314294546584	0.0260373816432	1.29431241535	1.41436038274	0.830142738596	0.907138792427	1.09275037924	0.127963878816	24.0982737787	26.3875585562
MVP_R4_HARE.EUR.Height_Mean_INT	16	H3K9ac_peaks_Trynka	other	0.0591995010161	1.86717197339	1.55001925542	0.175522628696	0.159413539633	0.0118554634654	0.0112619279034	1.58792778681	1.73728098238	0.830142738596	0.908222152422	1.09405540782	0.129685804456	14.8052102061	14.1550843692
MVP_R4_HARE.EUR.Height_Mean_INT	17	H3K9ac_Trynka_w_flanking	other	0.301600792343	1.86717197339	1.55001925542	0.796561512817	0.727499932972	0.0378123140538	0.0282576961524	1.4144985965	1.55619274461	0.830142738596	0.913300380782	1.10017270322	0.137730013319	21.06619319	25.7451962484
MVP_R4_HARE.EUR.Height_Mean_INT	18	Intron_UCSC_w_flanking	other	0.442765933384	1.86717197339	1.55001925542	0.937259325098	0.805658669356	0.0443437952989	0.0321923977447	1.13370810502	1.17392348964	0.830142738596	0.859589921148	1.03547243285	0.050289145525	21.1361999752	25.0263641666
MVP_R4_HARE.EUR.Height_Mean_INT	19	PromoterFlanking_Hoffman_w_flanking	other	0.0414266277807	1.86717197339	1.55001925542	0.112420217587	0.101202862602	0.00955194980291	0.00888062584013	1.45338448387	1.57607224661	0.830142738596	0.900219415815	1.08441521435	0.116917259447	11.7693476103	11.3959156059
MVP_R4_HARE.EUR.Height_Mean_INT	20	Promoter_UCSC_w_flanking	other	0.0777366146549	1.86717197339	1.55001925542	0.161352941428	0.149730037391	0.0168918143614	0.0151110858693	1.11164711019	1.24264253749	0.830142738596	0.927965961239	1.11783903911	0.160712465291	9.55213797499	9.90862196708
MVP_R4_HARE.EUR.Height_Mean_INT	21	Repressed_Hoffman_w_flanking	other	0.657589455539	1.86717197339	1.55001925542	0.846829940315	0.797990059646	0.0346763982983	0.043947583798	0.689694946497	0.782898655999	0.830142738596	0.94232622355	1.13513758507	0.182867170875	24.4209312925	18.1577686572
MVP_R4_HARE.EUR.Height_Mean_INT	22	SuperEnhancer_Hnisz_w_flanking	other	0.218089536075	1.86717197339	1.55001925542	0.552493784965	0.52103128657	0.0258628289021	0.0210818585347	1.35677629889	1.54131668723	0.830142738596	0.943053660962	1.13601386499	0.183980442962	21.3624652994	24.7146752129
MVP_R4_HARE.EUR.Height_Mean_INT	23	TFBS_ENCODE_w_flanking	other	0.417055926633	1.86717197339	1.55001925542	0.95219046912	0.817755447863	0.0439156780832	0.0301172180913	1.22277123329	1.26500445672	0.830142738596	0.85881498963	1.03453894096	0.0489879505312	21.6822444895	27.1524230885
MVP_R4_HARE.EUR.Height_Mean_INT	24	Transcr_Hoffman_w_flanking	other	0.747293458034	1.86717197339	1.55001925542	1.2472765612	1.18815117929	0.0397834537854	0.0390836409588	0.893896549536	1.02575449722	0.830142738596	0.952596413859	1.14750918073	0.198505696077	31.3516410096	30.4002173324
MVP_R4_HARE.EUR.Height_Mean_INT	25	TSS_Hoffman_w_flanking	other	0.0474925717889	1.86717197339	1.55001925542	0.146510611807	0.132733291339	0.0114742795263	0.00995532465538	1.65218651866	1.80308866152	0.830142738596	0.905963668446	1.09133481066	0.126093774051	12.7686110027	13.3328942987
MVP_R4_HARE.EUR.Height_Mean_INT	26	UTR_3_UCSC_w_flanking	other	0.0434725987258	1.86717197339	1.55001925542	0.108448021656	0.108629837953	0.0132388472746	0.0117292619067	1.33604692417	1.61211654803	0.830142738596	1.0016765294	1.20663168252	0.270985368807	8.19165138826	9.2614385131
MVP_R4_HARE.EUR.Height_Mean_INT	27	UTR_5_UCSC_w_flanking	other	0.0424410455357	1.86717197339	1.55001925542	0.0897725141798	0.0882883338421	0.0100044892269	0.00938347457743	1.13285152634	1.34208540491	0.830142738596	0.98346731902	1.18469664709	0.244517690543	8.97322313451	9.40891703959
MVP_R4_HARE.EUR.Height_Mean_INT	28	WeakEnhancer_Hoffman_w_flanking	other	0.120163951843	1.86717197339	1.55001925542	0.269808673969	0.247606426102	0.0165926264591	0.0126353440715	1.20253405741	1.32938451532	0.830142738596	0.917711141231	1.10548595869	0.144680700912	16.2607574295	19.5963342748
MVP_R4_HARE.EUR.Height_Mean_INT	29	GERP.NS	other	2.60003752832	1.86717197339	1.55001925542	4.94089625369	4.58582478341	0.154115401928	0.140205166349	1.01775161095	1.13789122214	0.830142738596	0.928136222246	1.11804413758	0.160977143296	32.0597175356	32.7079586496
MVP_R4_HARE.EUR.Height_Mean_INT	30	GERP.RSsup4	other	0.0233418896272	1.86717197339	1.55001925542	0.0590483917477	0.0507660194352	0.00711932160465	0.00774269513275	1.35483916503	1.40313677491	0.830142738596	0.859735852792	1.03564822388	0.050534049502	8.29410371195	6.55663416482
MVP_R4_HARE.EUR.Height_Mean_INT	31	Backgrd_Selection_Stat	other	0.169103659101	1.86717197339	1.55001925542	0.378347946249	0.347015695283	0.0197205917434	0.0176927064403	1.19826826035	1.32391169839	0.830142738596	0.917186676242	1.10485418182	0.143855975903	19.1854256288	19.6134885555
MVP_R4_HARE.EUR.Height_Mean_INT	32	CpG_Content_50kb	other	0.0108367491388	1.86717197339	1.55001925542	0.0215169197961	0.0193935324719	0.000847851676563	0.00062377825402	1.0634002576	1.15457143475	0.830142738596	0.901315460376	1.08573552291	0.118672716162	25.3781650622	31.0904273224
MVP_R4_HARE.EUR.Height_Mean_INT	33	GTEx_eQTL_MaxCPP	QTL	0.00983327951664	1.86717197339	1.55001925542	0.0361875959299	0.0292129446374	0.00545331994881	0.00495529816421	1.97095644891	1.91663695649	0.830142738596	0.807264033068	0.972440034148	-0.0403188063364	6.63588351125	5.89529502955
MVP_R4_HARE.EUR.Height_Mean_INT	34	BLUEPRINT_H3K27acQTL_MaxCPP	QTL	0.0228675741433	1.86717197339	1.55001925542	0.0586833536706	0.0538043132719	0.00520876094459	0.00484981917528	1.37439165457	1.51795851783	0.830142738596	0.916858187313	1.10445848007	0.143339184452	11.2662789279	11.0940864654
MVP_R4_HARE.EUR.Height_Mean_INT	35	BLUEPRINT_H3K4me1QTL_MaxCPP	QTL	0.0155667864651	1.86717197339	1.55001925542	0.0401921171418	0.0376359885983	0.00427169057858	0.0038841111444	1.3827943472	1.5597940771	0.830142738596	0.9364022419	1.128001485	0.173768967031	9.40894861237	9.68973008215
MVP_R4_HARE.EUR.Height_Mean_INT	36	BLUEPRINT_DNA_methylation_MaxCPP	QTL	0.0450492018314	1.86717197339	1.55001925542	0.113953447913	0.101449284084	0.00882506897697	0.00887240231008	1.35474029856	1.45286343112	0.830142738596	0.890269543765	1.07242947794	0.100882780427	12.9124710765	11.4342520254
MVP_R4_HARE.EUR.Height_Mean_INT	37	synonymous	other	0.0117035021402	1.86717197339	1.55001925542	0.0163264827352	0.016326276176	0.0047856912901	0.0049598152028	0.747123633669	0.899982793902	0.830142738596	0.999987348212	1.20459687439	0.268550420629	3.41152024765	3.29171057962
MVP_R4_HARE.EUR.Height_Mean_INT	38	non_synonymous	other	0.0303674179984	1.86717197339	1.55001925542	0.0344259036235	0.0407983786044	0.00963847927824	0.00828220842837	0.607146032318	0.866758168259	0.830142738596	1.18510697789	1.42759422301	0.51358596841	3.57171527061	4.92602654923
MVP_R4_HARE.EUR.Height_Mean_INT	39	Conserved_Vertebrate_phastCons46way_w_flanking	other	0.516290658104	1.86717197339	1.55001925542	1.11661110815	0.995876336702	0.0444007836458	0.0317322755008	1.15830613646	1.24444025998	0.830142738596	0.891873929458	1.07436214038	0.103480371409	25.14845497	31.3837038468
MVP_R4_HARE.EUR.Height_Mean_INT	40	Conserved_Mammal_phastCons46way_w_flanking	other	0.454263810304	1.86717197339	1.55001925542	0.996696823697	0.9025107444	0.0388996660114	0.0310255486034	1.1750886052	1.28176128029	0.830142738596	0.90550177641	1.09077840992	0.125358049981	25.6222463042	29.0892759363
MVP_R4_HARE.EUR.Height_Mean_INT	41	Conserved_Primate_phastCons46way_w_flanking	other	0.263508720223	1.86717197339	1.55001925542	0.64330335407	0.581932534425	0.0274053415861	0.0231804091252	1.30748436444	1.42475619209	0.830142738596	0.904600497951	1.08969271897	0.123921368651	23.4736484509	25.1044979958
MVP_R4_HARE.EUR.Height_Mean_INT	42	BivFlnk_w_flanking	other	0.0463513518145	1.86717197339	1.55001925542	0.125553544207	0.110402562935	0.00989729870225	0.0095452798071	1.45071550324	1.53666661991	0.830142738596	0.879326534606	1.05924739653	0.0830395827788	12.6856375648	11.5661945135
MVP_R4_HARE.EUR.Height_Mean_INT	43	Human_Promoter_Villar_w_flanking	other	0.0266764452883	1.86717197339	1.55001925542	0.0929516773584	0.0866742583035	0.00853745069709	0.00814923573295	1.86614314229	2.09616315282	0.830142738596	0.932465779712	1.12325957496	0.167691359826	10.8875214225	10.6358756997
MVP_R4_HARE.EUR.Height_Mean_INT	44	Human_Enhancer_Villar_w_flanking	other	0.0579863122145	1.86717197339	1.55001925542	0.137755793417	0.137078975701	0.00921644128927	0.00820946013755	1.27233086585	1.52513492966	0.830142738596	0.995086829387	1.19869365005	0.261462996507	14.946744529	16.6976845498
MVP_R4_HARE.EUR.Height_Mean_INT	45	Ancient_Sequence_Age_Human_Promoter_w_flanking	other	0.0154493082425	1.86717197339	1.55001925542	0.0635337726455	0.0566664167001	0.00763733143077	0.00756944229482	2.20247651599	2.36635348206	0.830142738596	0.891910150154	1.07440577227	0.103538960809	8.31884451021	7.48620763499
MVP_R4_HARE.EUR.Height_Mean_INT	46	Ancient_Sequence_Age_Human_Enhancer_w_flanking	other	0.0230265976223	1.86717197339	1.55001925542	0.0700220504514	0.0667777742027	0.00639671557246	0.00606792742557	1.62862363151	1.87096246159	0.830142738596	0.953667791392	1.14879977509	0.200127371825	10.9465630695	11.0050383795
MVP_R4_HARE.EUR.Height_Mean_INT	47	Human_Enhancer_Villar_Species_Enhancer_Count	other	0.099046241685	1.86717197339	1.55001925542	0.285974165672	0.27675990994	0.0253905918608	0.0240230435362	1.54633818657	1.8027192091	0.830142738596	0.967779412136	1.1657988044	0.221318827181	11.2629972251	11.5206014393
MVP_R4_HARE.EUR.Height_Mean_INT	48	Human_Promoter_Villar_ExAC_w_flanking	other	0.0045203277666	1.86717197339	1.55001925542	0.0212257589946	0.0184561009422	0.00373890221738	0.0033418434305	2.51483202637	2.63410411676	0.830142738596	0.869514298494	1.04742745804	0.0668503302668	5.67700297053	5.52273059047
MVP_R4_HARE.EUR.Height_Mean_INT	49	MAFbin1	MAFbin	0.030247469953	1.86717197339	1.55001925542	0.0358542371356	0.169124548712	0.0034758093083	0.0091440232833	0.634844136341	3.60728539507	0.830142738596	4.71700312776	5.68215911367	2.50643923091	10.315363691	18.4956384594
MVP_R4_HARE.EUR.Height_Mean_INT	50	MAFbin2	MAFbin	0.0426672332784	1.86717197339	1.55001925542	0.0574525276514	0.164840454076	0.00547057707158	0.0093282051673	0.721157854878	2.49248312441	0.830142738596	2.86915930098	3.45622405351	1.78919674482	10.5020963784	17.6711865916
MVP_R4_HARE.EUR.Height_Mean_INT	51	MAFbin3	MAFbin	0.0584181251778	1.86717197339	1.55001925542	0.0754694664607	0.154012907646	0.0113857778968	0.017292639967	0.691893650054	1.70087505483	0.830142738596	2.0407313695	2.45828973094	1.29765495996	6.62839791402	8.90626925327
MVP_R4_HARE.EUR.Height_Mean_INT	52	MAFbin4	MAFbin	0.07974831473	1.86717197339	1.55001925542	0.127081975529	0.154621273438	0.0198009663173	0.0170445084724	0.853450079889	1.25086556858	0.830142738596	1.21670498743	1.4656575681	0.551548075837	6.41796837046	9.07161820996
MVP_R4_HARE.EUR.Height_Mean_INT	53	MAFbin5	MAFbin	0.106297957799	1.86717197339	1.55001925542	0.208306865947	0.168033006474	0.0163378650353	0.0137905262299	1.04952876016	1.01984127253	0.830142738596	0.806660912064	0.97171350728	-0.0413970717469	12.7499441021	12.1846696546
MVP_R4_HARE.EUR.Height_Mean_INT	54	MAFbin6	MAFbin	0.129324555421	1.86717197339	1.55001925542	0.251988570453	0.176466903457	0.0324874835343	0.00959379736182	1.04355544569	0.880329342278	0.830142738596	0.700297252132	0.843586553942	-0.245391994914	7.75648166738	18.3938535287
MVP_R4_HARE.EUR.Height_Mean_INT	55	MAFbin7	MAFbin	0.137960814687	1.86717197339	1.55001925542	0.271577219279	0.154778552984	0.0143241502986	0.0114258129415	1.05427344337	0.723798932972	0.830142738596	0.569924654928	0.686538143901	-0.542588216485	18.9593947018	13.5463930467
MVP_R4_HARE.EUR.Height_Mean_INT	56	MAFbin8	MAFbin	0.138505721522	1.86717197339	1.55001925542	0.247590621916	0.156192427033	0.0156932194226	0.0121051736502	0.957375163739	0.727537135863	0.830142738596	0.630849528243	0.759928984393	-0.396063490346	15.7769171034	12.9029480738
MVP_R4_HARE.EUR.Height_Mean_INT	57	MAFbin9	MAFbin	0.138827867701	1.86717197339	1.55001925542	0.30024673246	0.138642752872	0.0177873111474	0.0159634019377	1.15829002578	0.644293020169	0.830142738596	0.46176273672	0.556244986857	-0.846207666112	16.8798268593	8.68503802717
MVP_R4_HARE.EUR.Height_Mean_INT	58	MAFbin10	MAFbin	0.138001939731	1.86717197339	1.55001925542	0.291603756563	0.113306428729	0.0172895119794	0.0111395076191	1.13167990356	0.529702798326	0.830142738596	0.388562994059	0.468067690041	-1.09521091332	16.8659333422	10.1715832156
MVP_R4_HARE.EUR.Systolic_Mean_INT	1	Coding_UCSC_w_flanking	other	0.116483260393	0.353754302478	0.296858052756	0.0387001858202	0.0380092311107	0.00317650347277	0.00280704809305	0.939177763795	1.09920003068	0.839164501114	0.982145958867	1.17038549362	0.226983793173	12.1832657046	13.5406412184
MVP_R4_HARE.EUR.Systolic_Mean_INT	2	Conserved_LindbladToh_w_flanking	other	0.447988813988	0.353754302478	0.296858052756	0.173989629385	0.155234706815	0.00696209024297	0.0057821931417	1.0978789603	1.16727402484	0.839164501114	0.892206664062	1.06320830168	0.0884242745402	24.991004614	26.8470289751
MVP_R4_HARE.EUR.Systolic_Mean_INT	3	CTCF_Hoffman_w_flanking	other	0.0829869119547	0.353754302478	0.296858052756	0.0311479532508	0.0279738400301	0.00231670831725	0.00215583567867	1.06100682942	1.13551702066	0.839164501114	0.898095608558	1.07022592992	0.0979153887408	13.4449179549	12.9758683869
MVP_R4_HARE.EUR.Systolic_Mean_INT	4	DGF_ENCODE_w_flanking	other	0.64337389862	0.353754302478	0.296858052756	0.233928293154	0.216231014906	0.00964831667334	0.00800535353042	1.02782122925	1.13215454555	0.839164501114	0.924347422839	1.10150920542	0.139481551832	24.245503239	27.0108014698
MVP_R4_HARE.EUR.Systolic_Mean_INT	5	DHS_peaks_Trynka	other	0.176878814776	0.353754302478	0.296858052756	0.0710580572115	0.0615457658115	0.00366307565905	0.00330354157268	1.13562718239	1.17212391264	0.839164501114	0.866133528367	1.03213795056	0.0456358072876	19.3984683434	18.6302380211
MVP_R4_HARE.EUR.Systolic_Mean_INT	6	DHS_Trynka_w_flanking	other	0.614339617469	0.353754302478	0.296858052756	0.202589332746	0.207550862251	0.00855125291023	0.00838036835299	0.932194036874	1.13806530753	0.839164501114	1.02449057627	1.22084594249	0.287881159355	23.6911871129	24.7663173632
MVP_R4_HARE.EUR.Systolic_Mean_INT	7	Enhancer_Andersson_w_flanking	other	0.0261760905848	0.353754302478	0.296858052756	0.00829829130021	0.00761694694586	0.00118259229139	0.00110920639117	0.896152994999	0.980228468267	0.839164501114	0.91789341568	1.09381821378	0.12937299054	7.01703483155	6.86702403312
MVP_R4_HARE.EUR.Systolic_Mean_INT	8	Enhancer_Hoffman_w_flanking	other	0.118943908867	0.353754302478	0.296858052756	0.0546206609439	0.0510067710936	0.00417540100383	0.00358347916856	1.29811453816	1.44456401137	0.839164501114	0.933836577811	1.11281706575	0.154216449797	13.0815365743	14.2338684542
MVP_R4_HARE.EUR.Systolic_Mean_INT	9	FetalDHS_Trynka_w_flanking	other	0.376609445737	0.353754302478	0.296858052756	0.140792293802	0.13303989865	0.00645536795024	0.00588275826089	1.05678330964	1.18998602914	0.839164501114	0.944937361679	1.12604544213	0.17126504928	21.8101113503	22.6152244831
MVP_R4_HARE.EUR.Systolic_Mean_INT	10	H3K27ac_Hnisz_w_flanking	other	0.506667397779	0.353754302478	0.296858052756	0.22027712217	0.1949714109	0.0103689978444	0.0085500674018	1.22897968328	1.29628095431	0.839164501114	0.885118749416	1.05476190692	0.076917373842	21.2438198441	22.8034940238
MVP_R4_HARE.EUR.Systolic_Mean_INT	11	H3K27ac_PGC2_w_flanking	other	0.410626711402	0.353754302478	0.296858052756	0.17895517595	0.157196067793	0.00944992532176	0.00763418290462	1.2319563957	1.28957215412	0.839164501114	0.878410288825	1.04676769294	0.0659413033614	18.9372053066	20.5910795899
MVP_R4_HARE.EUR.Systolic_Mean_INT	12	H3K4me1_peaks_Trynka	other	0.249838070139	0.353754302478	0.296858052756	0.108362289774	0.0934336989202	0.00615371061359	0.0050993336304	1.22607722782	1.25978400923	0.839164501114	0.862234446273	1.02749156468	0.0391265499701	17.6092599374	18.3227271821
MVP_R4_HARE.EUR.Systolic_Mean_INT	13	H3K4me1_Trynka_w_flanking	other	0.720846627575	0.353754302478	0.296858052756	0.274717272035	0.24746358532	0.0113652891085	0.00918548587568	1.07731166827	1.15643065476	0.839164501114	0.900793690498	1.0734411302	0.102243072892	24.1716043835	26.9407180708
MVP_R4_HARE.EUR.Systolic_Mean_INT	14	H3K4me3_peaks_Trynka	other	0.0620611186697	0.353754302478	0.296858052756	0.0259982915106	0.0245089837094	0.00225555534825	0.00208972957751	1.18419569752	1.33032229395	0.839164501114	0.942715166472	1.12339733773	0.167868289083	11.5263371971	11.7283039744
MVP_R4_HARE.EUR.Systolic_Mean_INT	15	H3K4me3_Trynka_w_flanking	other	0.313400252919	0.353754302478	0.296858052756	0.134133645932	0.120096948798	0.00644777197224	0.00541176632061	1.20986428396	1.29087383122	0.839164501114	0.895352899442	1.06695754915	0.0935027770532	20.8031001266	22.1918208738
MVP_R4_HARE.EUR.Systolic_Mean_INT	16	H3K9ac_peaks_Trynka	other	0.0591995010161	0.353754302478	0.296858052756	0.030828677559	0.0278215129097	0.00232678873025	0.00220728038764	1.47209256315	1.58312009792	0.839164501114	0.902455606682	1.07542157167	0.104902315758	13.2494528438	12.6044308034
MVP_R4_HARE.EUR.Systolic_Mean_INT	17	H3K9ac_Trynka_w_flanking	other	0.301600792343	0.353754302478	0.296858052756	0.140602077865	0.127257839793	0.0078548820428	0.00587672240171	1.3178243567	1.4213572016	0.839164501114	0.905092170225	1.07856346285	0.109111067411	17.8999604448	21.6545603304
MVP_R4_HARE.EUR.Systolic_Mean_INT	18	Intron_UCSC_w_flanking	other	0.442765933384	0.353754302478	0.296858052756	0.166851310208	0.142035493085	0.00661709580015	0.00453437726598	1.06525527158	1.08062211275	0.839164501114	0.85126986961	1.01442550117	0.0206629182891	25.215187334	31.3241454677
MVP_R4_HARE.EUR.Systolic_Mean_INT	19	PromoterFlanking_Hoffman_w_flanking	other	0.0414266277807	0.353754302478	0.296858052756	0.0178915196482	0.0157733000468	0.00239858727747	0.00224675211001	1.22086014639	1.28260860178	0.839164501114	0.881607619529	1.05057782873	0.0711830434625	7.4591905895	7.02048970001
MVP_R4_HARE.EUR.Systolic_Mean_INT	20	Promoter_UCSC_w_flanking	other	0.0777366146549	0.353754302478	0.296858052756	0.0317637966246	0.0288761686517	0.00261333085929	0.0026960252784	1.15506135118	1.25131056569	0.839164501114	0.909090591184	1.08332822704	0.115470417253	12.1545255212	10.710644623
MVP_R4_HARE.EUR.Systolic_Mean_INT	21	Repressed_Hoffman_w_flanking	other	0.657589455539	0.353754302478	0.296858052756	0.184488079529	0.171996691547	0.00864646550733	0.00855267790776	0.793070396077	0.88108218079	0.839164501114	0.932291625487	1.1109760056	0.151827658329	21.3368201576	20.1102734608
MVP_R4_HARE.EUR.Systolic_Mean_INT	22	SuperEnhancer_Hnisz_w_flanking	other	0.218089536075	0.353754302478	0.296858052756	0.10338649221	0.0966896001094	0.00541351933741	0.00453277965862	1.34006924832	1.49346861723	0.839164501114	0.935224689827	1.11447122535	0.156359367983	19.0978337318	21.3311935261
MVP_R4_HARE.EUR.Systolic_Mean_INT	23	TFBS_ENCODE_w_flanking	other	0.417055926633	0.353754302478	0.296858052756	0.175383942599	0.149893239069	0.00965721290927	0.00749449846451	1.18875895338	1.21070660834	0.839164501114	0.854657711805	1.01846266217	0.026393090675	18.160927407	20.0004362905
MVP_R4_HARE.EUR.Systolic_Mean_INT	24	Transcr_Hoffman_w_flanking	other	0.747293458034	0.353754302478	0.296858052756	0.237210437124	0.223687106826	0.00566812541242	0.00531604567055	0.897306642786	1.00832593475	0.839164501114	0.94299015481	1.12372503074	0.168289059295	41.8498921362	42.0777248144
MVP_R4_HARE.EUR.Systolic_Mean_INT	25	TSS_Hoffman_w_flanking	other	0.0474925717889	0.353754302478	0.296858052756	0.0218138554862	0.0193053772185	0.00218809833157	0.00196670639966	1.29838955525	1.36931627418	0.839164501114	0.885005277069	1.0546266863	0.0767324082801	9.96932138354	9.81609518423
MVP_R4_HARE.EUR.Systolic_Mean_INT	26	UTR_3_UCSC_w_flanking	other	0.0434725987258	0.353754302478	0.296858052756	0.0154549932046	0.0154601077068	0.00209823050904	0.00189260566732	1.00496626948	1.197975892	0.839164501114	1.00033092879	1.19205582155	0.253451795855	7.36572704382	8.16868932274
MVP_R4_HARE.EUR.Systolic_Mean_INT	27	UTR_5_UCSC_w_flanking	other	0.0424410455357	0.353754302478	0.296858052756	0.0146501277428	0.0142182490827	0.00217612985114	0.00206528785874	0.975783806953	1.12852506553	0.839164501114	0.97052048503	1.15653186442	0.209805015226	6.73219373151	6.88439096881
MVP_R4_HARE.EUR.Systolic_Mean_INT	28	WeakEnhancer_Hoffman_w_flanking	other	0.120163951843	0.353754302478	0.296858052756	0.0537713140941	0.0492189368338	0.00460035064123	0.00385086812002	1.26495395418	1.37977792192	0.839164501114	0.915338181017	1.0907732391	0.125351210891	11.6885251338	12.7812574463
MVP_R4_HARE.EUR.Systolic_Mean_INT	29	GERP.NS	other	2.60003752832	0.353754302478	0.296858052756	0.946179309598	0.872269034787	0.0316678491087	0.0285912281209	1.02870795878	1.13011334823	0.839164501114	0.921885551648	1.09857548839	0.135634007657	29.8782309575	30.5082744644
MVP_R4_HARE.EUR.Systolic_Mean_INT	30	GERP.RSsup4	other	0.0233418896272	0.353754302478	0.296858052756	0.0118761868741	0.010397346452	0.00160536186682	0.00150844978944	1.43826622154	1.50050577041	0.839164501114	0.875478515303	1.0432740114	0.061118125232	7.39782544955	6.89273618836
MVP_R4_HARE.EUR.Systolic_Mean_INT	31	Backgrd_Selection_Stat	other	0.169103659101	0.353754302478	0.296858052756	0.0651451833105	0.058266742921	0.00321414996405	0.00265704345168	1.08899923536	1.16069710847	0.839164501114	0.894413676653	1.06583831354	0.0919885995033	20.2682463604	21.9291644945
MVP_R4_HARE.EUR.Systolic_Mean_INT	32	CpG_Content_50kb	other	0.0108367491388	0.353754302478	0.296858052756	0.0039796019063	0.00356416905523	0.000201998033705	0.000150217152116	1.03809925574	1.10792520086	0.839164501114	0.895609445153	1.06726326479	0.0939160936454	19.7011913102	23.7267782342
MVP_R4_HARE.EUR.Systolic_Mean_INT	33	GTEx_eQTL_MaxCPP	QTL	0.00983327951664	0.353754302478	0.296858052756	0.0091204118905	0.00787026844175	0.00117880044144	0.00113392585899	2.62188921496	2.69613929997	0.839164501114	0.862929058056	1.02831930677	0.0402883100299	7.73702788859	6.94072577969
MVP_R4_HARE.EUR.Systolic_Mean_INT	34	BLUEPRINT_H3K27acQTL_MaxCPP	QTL	0.0228675741433	0.353754302478	0.296858052756	0.010204515176	0.00910427283551	0.000982106177764	0.000938816296425	1.26145147649	1.34114684998	0.839164501114	0.892180831572	1.0631775181	0.0883825028892	10.3904398598	9.69760843541
MVP_R4_HARE.EUR.Systolic_Mean_INT	35	BLUEPRINT_H3K4me1QTL_MaxCPP	QTL	0.0155667864651	0.353754302478	0.296858052756	0.00855198137732	0.00798145424161	0.00116285607007	0.0010685531772	1.55298066183	1.72716657883	0.839164501114	0.933287140075	1.11216232197	0.153367367208	7.35429052437	7.4694029384
MVP_R4_HARE.EUR.Systolic_Mean_INT	36	BLUEPRINT_DNA_methylation_MaxCPP	QTL	0.0450492018314	0.353754302478	0.296858052756	0.022676258052	0.0200681706255	0.00225388072078	0.00216796798089	1.42292680043	1.50062386813	0.839164501114	0.884985987524	1.05460369969	0.0767009630059	10.0609840809	9.25667297783
MVP_R4_HARE.EUR.Systolic_Mean_INT	37	synonymous	other	0.0117035021402	0.353754302478	0.296858052756	0.00249989547345	0.00249882540683	0.00125024742287	0.00120607299365	0.603815532634	0.719235706334	0.839164501114	0.999571955455	1.19115138227	0.252356775564	1.99952059706	2.07186913229
MVP_R4_HARE.EUR.Systolic_Mean_INT	38	non_synonymous	other	0.0303674179984	0.353754302478	0.296858052756	0.00729323657679	0.00790703820268	0.00162285642305	0.00142321398946	0.678907651499	0.877116205975	0.839164501114	1.0841603888	1.29195215879	0.369552647779	4.49407382761	5.55576200152
MVP_R4_HARE.EUR.Systolic_Mean_INT	39	Conserved_Vertebrate_phastCons46way_w_flanking	other	0.516290658104	0.353754302478	0.296858052756	0.200064448568	0.175545478989	0.00668707347705	0.00483242319256	1.09540299476	1.14537196253	0.839164501114	0.877444644691	1.04561697203	0.0643544636768	29.9180873748	36.3265947526
MVP_R4_HARE.EUR.Systolic_Mean_INT	40	Conserved_Mammal_phastCons46way_w_flanking	other	0.454263810304	0.353754302478	0.296858052756	0.17729586502	0.157755850783	0.00574035299891	0.00464176719587	1.10328759948	1.16984548001	0.839164501114	0.889788663516	1.06032686361	0.0845090683842	30.8858819403	33.9861617626
MVP_R4_HARE.EUR.Systolic_Mean_INT	41	Conserved_Primate_phastCons46way_w_flanking	other	0.263508720223	0.353754302478	0.296858052756	0.109694803424	0.0977081463149	0.00462232113561	0.00415385006671	1.17676388623	1.24907048975	0.839164501114	0.890727210999	1.06144529448	0.0860300185134	23.7315409738	23.5223093626
MVP_R4_HARE.EUR.Systolic_Mean_INT	42	BivFlnk_w_flanking	other	0.0463513518145	0.353754302478	0.296858052756	0.0218341532171	0.0190545298513	0.00222072613488	0.0021345443677	1.3315951918	1.38479982029	0.839164501114	0.87269378674	1.03995555768	0.0565218763598	9.83198822861	8.92674340231
MVP_R4_HARE.EUR.Systolic_Mean_INT	43	Human_Promoter_Villar_w_flanking	other	0.0266764452883	0.353754302478	0.296858052756	0.0139928068955	0.0127128844048	0.00182612860991	0.00179344749293	1.48277464823	1.60534102946	0.839164501114	0.908529968272	1.08266015431	0.114580453816	7.66255280135	7.08851775974
MVP_R4_HARE.EUR.Systolic_Mean_INT	44	Human_Enhancer_Villar_w_flanking	other	0.0579863122145	0.353754302478	0.296858052756	0.0285091892636	0.0278845852274	0.00283958046059	0.0026226457299	1.3898170876	1.61990619009	0.839164501114	0.978091132988	1.16555351387	0.22101524421	10.0399300739	10.6322348114
MVP_R4_HARE.EUR.Systolic_Mean_INT	45	Ancient_Sequence_Age_Human_Promoter_w_flanking	other	0.0154493082425	0.353754302478	0.296858052756	0.0111239218177	0.00972502663859	0.00161490733064	0.00161032622689	2.03538776228	2.12047387908	0.839164501114	0.874244425479	1.04180339411	0.0590830423937	6.88827253839	6.0391655282
MVP_R4_HARE.EUR.Systolic_Mean_INT	46	Ancient_Sequence_Age_Human_Enhancer_w_flanking	other	0.0230265976223	0.353754302478	0.296858052756	0.0130938001281	0.0124414092889	0.00164913796998	0.00158043725784	1.60743790323	1.82008206896	0.839164501114	0.95017559205	1.13228763942	0.179240498142	7.93978452164	7.87213109991
MVP_R4_HARE.EUR.Systolic_Mean_INT	47	Human_Enhancer_Villar_Species_Enhancer_Count	other	0.099046241685	0.353754302478	0.296858052756	0.0539544535353	0.0518584889175	0.00643097883847	0.00614903062252	1.53988244087	1.76373373872	0.839164501114	0.961153074854	1.14536908267	0.195812565957	8.38977314193	8.43360394524
MVP_R4_HARE.EUR.Systolic_Mean_INT	48	Human_Promoter_Villar_ExAC_w_flanking	other	0.0045203277666	0.353754302478	0.296858052756	0.00438531480582	0.00390093146554	0.000676699493339	0.000696752872401	2.74238937874	2.90703030763	0.839164501114	0.889544226189	1.06003557706	0.0841126855345	6.48044641526	5.59873036777
MVP_R4_HARE.EUR.Systolic_Mean_INT	49	MAFbin1	MAFbin	0.030247469953	0.353754302478	0.296858052756	0.00914005774483	0.0324189993051	0.000703765545343	0.00157064772464	0.85419722248	3.61045317408	0.839164501114	3.54691405789	4.22672080764	2.07953881955	12.9873617788	20.6405286154
MVP_R4_HARE.EUR.Systolic_Mean_INT	50	MAFbin2	MAFbin	0.0426672332784	0.353754302478	0.296858052756	0.0114084658201	0.0269131549538	0.000976298591783	0.00143646909244	0.755842020741	2.12481583972	0.839164501114	2.35905119743	2.81119040939	1.49118117459	11.6854268931	18.7356310661
MVP_R4_HARE.EUR.Systolic_Mean_INT	51	MAFbin3	MAFbin	0.0584181251778	0.353754302478	0.296858052756	0.0171590684104	0.0265980772515	0.00209268978635	0.00227456279499	0.830317822717	1.5337472382	0.839164501114	1.55008865373	1.84718091825	0.885325174969	8.19952795791	11.6937098022
MVP_R4_HARE.EUR.Systolic_Mean_INT	52	MAFbin4	MAFbin	0.07974831473	0.353754302478	0.296858052756	0.0227675385664	0.0293723124718	0.00271051085446	0.00293907973287	0.807035866445	1.24070288244	0.839164501114	1.29009608949	1.53735779788	0.62045297059	8.39972233608	9.99371066504
MVP_R4_HARE.EUR.Systolic_Mean_INT	53	MAFbin5	MAFbin	0.106297957799	0.353754302478	0.296858052756	0.0355587848432	0.0290594233246	0.0023888312663	0.00247283792681	0.945627862049	0.920901618656	0.839164501114	0.817222057861	0.973852035895	-0.0382255046088	14.8854317778	11.751446793
MVP_R4_HARE.EUR.Systolic_Mean_INT	54	MAFbin6	MAFbin	0.129324555421	0.353754302478	0.296858052756	0.0401628686443	0.0335337880549	0.00525376596837	0.0049950826121	0.87789383689	0.873479640418	0.839164501114	0.834945042195	0.994971833397	-0.00727240982786	7.64458654727	6.71336005008
MVP_R4_HARE.EUR.Systolic_Mean_INT	55	MAFbin7	MAFbin	0.137960814687	0.353754302478	0.296858052756	0.0485391766536	0.0317690326949	0.00331877569099	0.00361771865752	0.994569013675	0.775710029993	0.839164501114	0.654502916719	0.77994590554	-0.358554027984	14.6256273919	8.78151003502
MVP_R4_HARE.EUR.Systolic_Mean_INT	56	MAFbin8	MAFbin	0.138505721522	0.353754302478	0.296858052756	0.047071088818	0.0281577437693	0.00332663175392	0.00220678929801	0.960693383506	0.684827677629	0.839164501114	0.598196142821	0.712847292785	-0.488335041412	14.1497743964	12.7595977535
MVP_R4_HARE.EUR.Systolic_Mean_INT	57	MAFbin9	MAFbin	0.138827867701	0.353754302478	0.296858052756	0.0536140304798	0.0258157055935	0.00525903014628	0.00290036226578	1.09169186245	0.62640975461	0.839164501114	0.48151025697	0.573797218936	-0.801387119176	10.1946611806	8.90085555797
MVP_R4_HARE.EUR.Systolic_Mean_INT	58	MAFbin10	MAFbin	0.138001939731	0.353754302478	0.296858052756	0.0683332224969	0.0332198153369	0.00451795358706	0.00340449375231	1.39973228734	0.810892322924	0.839164501114	0.486144427601	0.579319581507	-0.787568664703	15.1248172829	9.75763733282
T2DGGI2024.EUR.T2D	1	Coding_UCSC_w_flanking	other	0.116483260393	0.144899076153	0.130820175144	0.0200153875346	0.0200460674475	0.00267020405769	0.00262437092743	1.18586395492	1.31550027401	0.9028365026	1.00153281633	1.10931803649	0.149673038973	7.49582694886	7.63842764678
T2DGGI2024.EUR.T2D	2	Conserved_LindbladToh_w_flanking	other	0.447988813988	0.144899076153	0.130820175144	0.0860650872962	0.0777672240109	0.00549883945377	0.00498456023834	1.32584949345	1.32695043239	0.9028365026	0.903586186385	1.00083036495	0.00119746629355	15.6515002883	15.6016218668
T2DGGI2024.EUR.T2D	3	CTCF_Hoffman_w_flanking	other	0.0829869119547	0.144899076153	0.130820175144	0.0123719837002	0.0109894738235	0.00164900476952	0.0016301837334	1.02887856238	1.01226114812	0.9028365026	0.888254793233	0.983849003307	-0.0234911806397	7.50269734138	6.74124860796
T2DGGI2024.EUR.T2D	4	DGF_ENCODE_w_flanking	other	0.64337389862	0.144899076153	0.130820175144	0.107704337288	0.10277497522	0.00620970697875	0.00495360671897	1.1553249133	1.22109433577	0.9028365026	0.954232464615	1.05692720871	0.0798760207604	17.3445120127	20.7475040008
T2DGGI2024.EUR.T2D	5	DHS_peaks_Trynka	other	0.176878814776	0.144899076153	0.130820175144	0.0391950625321	0.0357123404651	0.00326864447567	0.00301559178476	1.52929027109	1.54336187407	0.9028365026	0.911143857363	1.00920139443	0.0132141048185	11.9912284202	11.8425645824
T2DGGI2024.EUR.T2D	6	DHS_Trynka_w_flanking	other	0.614339617469	0.144899076153	0.130820175144	0.0925384222012	0.0980645410084	0.00469518617785	0.00463411550683	1.0395561474	1.22019362249	0.9028365026	1.05971701998	1.17376403914	0.23114241375	19.7092125202	21.161436495
T2DGGI2024.EUR.T2D	7	Enhancer_Andersson_w_flanking	other	0.0261760905848	0.144899076153	0.130820175144	0.0055249881056	0.00521793376473	0.00116064388364	0.00117045737157	1.45666922828	1.52376870845	0.9028365026	0.944424434044	1.04606363536	0.0649706179544	4.7602784829	4.45802973391
T2DGGI2024.EUR.T2D	8	Enhancer_Hoffman_w_flanking	other	0.118943908867	0.144899076153	0.130820175144	0.0226726003688	0.0209134473442	0.0020974296993	0.00206351008682	1.31550804987	1.34402916951	0.9028365026	0.922410619162	1.02168068804	0.0309443726305	10.8097069362	10.1348898063
T2DGGI2024.EUR.T2D	9	FetalDHS_Trynka_w_flanking	other	0.376609445737	0.144899076153	0.130820175144	0.0677927815253	0.0664061190288	0.00488942236343	0.00448106245045	1.24230040967	1.3478518682	0.9028365026	0.979545573064	1.08496452042	0.117647865668	13.8651923451	14.8192799728
T2DGGI2024.EUR.T2D	10	H3K27ac_Hnisz_w_flanking	other	0.506667397779	0.144899076153	0.130820175144	0.0983762271467	0.0896744789856	0.00715896061566	0.00549623029151	1.33999008959	1.3529170686	0.9028365026	0.911546230085	1.0096470706	0.0138510766701	13.7416913471	16.315633485
T2DGGI2024.EUR.T2D	11	H3K27ac_PGC2_w_flanking	other	0.410626711402	0.144899076153	0.130820175144	0.0851210885407	0.0774912477527	0.00592024273977	0.0047944915675	1.43062020813	1.44254952038	0.9028365026	0.910364858829	1.00833855987	0.0119801196264	14.3779727086	16.16255794
T2DGGI2024.EUR.T2D	12	H3K4me1_peaks_Trynka	other	0.249838070139	0.144899076153	0.130820175144	0.0550810614741	0.0501087269803	0.0057113971419	0.00501895736389	1.52152141023	1.53313368854	0.9028365026	0.909726966752	1.00763201768	0.0109688697974	9.64406083233	9.9838917423
T2DGGI2024.EUR.T2D	13	H3K4me1_Trynka_w_flanking	other	0.720846627575	0.144899076153	0.130820175144	0.119235884749	0.112200913261	0.00713353595184	0.0051616010518	1.1415593384	1.18981323261	0.9028365026	0.940999544702	1.04227015854	0.0597292755732	16.7148361702	21.7376182574
T2DGGI2024.EUR.T2D	14	H3K4me3_peaks_Trynka	other	0.0620611186697	0.144899076153	0.130820175144	0.0154507087382	0.0147094857722	0.00184498458101	0.0017973345364	1.71815836001	1.81177041936	0.9028365026	0.95202660418	1.05448395301	0.0765371405604	8.37443786644	8.18405559694
T2DGGI2024.EUR.T2D	15	H3K4me3_Trynka_w_flanking	other	0.313400252919	0.144899076153	0.130820175144	0.0668164963274	0.0610141690261	0.0041068014611	0.00368873914779	1.47135930317	1.48818400347	0.9028365026	0.913160258017	1.01143480064	0.0164033235271	16.269716703	16.5406570054
T2DGGI2024.EUR.T2D	16	H3K9ac_peaks_Trynka	other	0.0591995010161	0.144899076153	0.130820175144	0.0188774477105	0.0181828505831	0.00233631369713	0.00221731190703	2.20069376661	2.34784378525	0.9028365026	0.963204923777	1.06686528624	0.0933780176437	8.08001414095	8.20040271531
T2DGGI2024.EUR.T2D	17	H3K9ac_Trynka_w_flanking	other	0.301600792343	0.144899076153	0.130820175144	0.0662920650772	0.0613699778884	0.0048019433151	0.00445043917882	1.51692271042	1.55542388054	0.9028365026	0.925751488009	1.02538110205	0.0361602139776	13.8052577315	13.7896453412
T2DGGI2024.EUR.T2D	18	Intron_UCSC_w_flanking	other	0.442765933384	0.144899076153	0.130820175144	0.0803101394212	0.0724644468011	0.00733809283691	0.00444930416636	1.25178736793	1.25105400114	0.9028365026	0.902307570667	0.999414144276	-0.000845458830536	10.9442795568	16.2866920515
T2DGGI2024.EUR.T2D	19	PromoterFlanking_Hoffman_w_flanking	other	0.0414266277807	0.144899076153	0.130820175144	0.00814471346399	0.00714304076866	0.00122166832918	0.00122167911344	1.35684616489	1.31804069786	0.9028365026	0.877015600394	0.971400245635	-0.0418622437159	6.666877801	5.84690422393
T2DGGI2024.EUR.T2D	20	Promoter_UCSC_w_flanking	other	0.0777366146549	0.144899076153	0.130820175144	0.0128099960205	0.012509038337	0.00195015138077	0.00187859210079	1.13725473752	1.23005228936	0.9028365026	0.976506028338	1.08159785911	0.113164201096	6.56871879118	6.65873040334
T2DGGI2024.EUR.T2D	21	Repressed_Hoffman_w_flanking	other	0.657589455539	0.144899076153	0.130820175144	0.069477591227	0.0607011438373	0.00559730647169	0.00547435151098	0.729162450777	0.705614193336	0.9028365026	0.873679452112	0.967705060214	-0.04736068892	12.4126830608	11.0882802676
T2DGGI2024.EUR.T2D	22	SuperEnhancer_Hnisz_w_flanking	other	0.218089536075	0.144899076153	0.130820175144	0.0496669753569	0.0467235364648	0.00461440570055	0.0043105730897	1.57169136733	1.63766908917	0.9028365026	0.940736498026	1.04197880271	0.059325928739	10.7634609048	10.8392864458
T2DGGI2024.EUR.T2D	23	TFBS_ENCODE_w_flanking	other	0.417055926633	0.144899076153	0.130820175144	0.0746986876925	0.0661743434229	0.00600843502868	0.00425475170891	1.2360984405	1.21288777173	0.9028365026	0.885883614118	0.981222637284	-0.0273475769306	12.432303476	15.5530446781
T2DGGI2024.EUR.T2D	24	Transcr_Hoffman_w_flanking	other	0.747293458034	0.144899076153	0.130820175144	0.107559507655	0.10384487359	0.00597676085624	0.00506773263607	0.993326470231	1.06223144941	0.9028365026	0.965464382034	1.06936790798	0.0967582868308	17.9962876619	20.4913875785
T2DGGI2024.EUR.T2D	25	TSS_Hoffman_w_flanking	other	0.0474925717889	0.144899076153	0.130820175144	0.0110201549334	0.0102976165436	0.0016406990637	0.00157335663931	1.60138735904	1.65743422186	0.9028365026	0.934434824722	1.0349989417	0.0496292925544	6.71674359864	6.54499830891
T2DGGI2024.EUR.T2D	26	UTR_3_UCSC_w_flanking	other	0.0434725987258	0.144899076153	0.130820175144	0.00928074594405	0.00915000635489	0.00207788971533	0.00207268774081	1.4733355407	1.60890746612	0.9028365026	0.985912814557	1.09201700609	0.126995323665	4.46642854795	4.41456094651
T2DGGI2024.EUR.T2D	27	UTR_5_UCSC_w_flanking	other	0.0424410455357	0.144899076153	0.130820175144	0.00823606042231	0.00809004926802	0.00133400301949	0.00126049478047	1.33926905243	1.45710338131	0.9028365026	0.982271723761	1.08798406016	0.121657420104	6.17394436293	6.41815372294
T2DGGI2024.EUR.T2D	28	WeakEnhancer_Hoffman_w_flanking	other	0.120163951843	0.144899076153	0.130820175144	0.021912132024	0.020002033692	0.00223946416748	0.00223023504231	1.25847564993	1.27240458584	0.9028365026	0.912829188419	1.01106810125	0.0158801743131	9.78454236607	8.96857654576
T2DGGI2024.EUR.T2D	29	GERP.NS	other	2.60003752832	0.144899076153	0.130820175144	0.454214312561	0.426598304563	0.0257215542079	0.0211509390356	1.20563426362	1.25419418349	0.9028365026	0.939200489209	1.04027748823	0.0569684105759	17.6588984044	20.1692371126
T2DGGI2024.EUR.T2D	30	GERP.RSsup4	other	0.0233418896272	0.144899076153	0.130820175144	0.00984406970562	0.00936877154489	0.00211475630487	0.00198049234894	2.91053651757	3.06811696106	0.9028365026	0.951717310529	1.05414137309	0.076068362783	4.65494283334	4.73052650262
T2DGGI2024.EUR.T2D	31	Backgrd_Selection_Stat	other	0.169103659101	0.144899076153	0.130820175144	0.0304230784258	0.0285576320809	0.00186303706562	0.00144259373567	1.24160809498	1.29090553469	0.9028365026	0.93868318259	1.03970450894	0.0561735629242	16.3298299251	19.7960322264
T2DGGI2024.EUR.T2D	32	CpG_Content_50kb	other	0.0108367491388	0.144899076153	0.130820175144	0.00176078256107	0.00160490518217	9.52453625352e-05	7.20620027735e-05	1.12134975325	1.13207612964	0.9028365026	0.911472669967	1.00956559393	0.0137346491137	18.4868062255	22.2711709417
T2DGGI2024.EUR.T2D	33	GTEx_eQTL_MaxCPP	QTL	0.00983327951664	0.144899076153	0.130820175144	0.00370400373579	0.00344224367383	0.000687944364647	0.000677169706143	2.59960530834	2.67589149877	0.9028365026	0.929330508112	1.02934529722	0.0417270201578	5.38416175222	5.08328066451
T2DGGI2024.EUR.T2D	34	BLUEPRINT_H3K27acQTL_MaxCPP	QTL	0.0228675741433	0.144899076153	0.130820175144	0.00444752570028	0.00427557644028	0.000746200311597	0.000719310724389	1.34224796434	1.4292225283	0.9028365026	0.961338220038	1.06479768737	0.0905793429757	5.96023029093	5.94399095594
T2DGGI2024.EUR.T2D	35	BLUEPRINT_H3K4me1QTL_MaxCPP	QTL	0.0155667864651	0.144899076153	0.130820175144	0.00388391343606	0.0035316979518	0.000680363945926	0.000634569484428	1.72188822944	1.73424263642	0.9028365026	0.909314280542	1.00717491808	0.0103142608283	5.70858208951	5.56550234209
T2DGGI2024.EUR.T2D	36	BLUEPRINT_DNA_methylation_MaxCPP	QTL	0.0450492018314	0.144899076153	0.130820175144	0.00828857692	0.00802241384266	0.00109771641666	0.000877193429333	1.26977641158	1.36126674395	0.9028365026	0.967887964374	1.07205231688	0.100375312007	7.55074515987	9.14554712153
T2DGGI2024.EUR.T2D	37	synonymous	other	0.0117035021402	0.144899076153	0.130820175144	0.000673038823507	0.000693050089146	0.000641999625924	0.000625618811462	0.396879494936	0.452662021531	0.9028365026	1.02973270626	1.14055280584	0.189733242759	1.04834768796	1.1077833282
T2DGGI2024.EUR.T2D	38	non_synonymous	other	0.0303674179984	0.144899076153	0.130820175144	0.00442621674162	0.00450935252435	0.00102614821901	0.000979885423896	1.00591015513	1.13509338958	0.9028365026	1.01878258287	1.12842422734	0.174309546129	4.31342827442	4.60191815735
T2DGGI2024.EUR.T2D	39	Conserved_Vertebrate_phastCons46way_w_flanking	other	0.516290658104	0.144899076153	0.130820175144	0.0962767088326	0.0864556767116	0.006158696329	0.00452425090446	1.28694904619	1.28004288912	0.9028365026	0.897991609393	0.994633698135	-0.0077627844903	15.6326442626	19.1093903803
T2DGGI2024.EUR.T2D	40	Conserved_Mammal_phastCons46way_w_flanking	other	0.454263810304	0.144899076153	0.130820175144	0.0877523010427	0.0793082600179	0.005131579752	0.00438465258703	1.33316762156	1.33455217114	0.9028365026	0.903774135556	1.00103854126	0.00149752083584	17.100445727	18.0876953062
T2DGGI2024.EUR.T2D	41	Conserved_Primate_phastCons46way_w_flanking	other	0.263508720223	0.144899076153	0.130820175144	0.0595167536733	0.0543560339109	0.00424518435334	0.00361520519199	1.55875775234	1.57680519784	0.9028365026	0.913289629493	1.01157809511	0.0166077020743	14.0198278142	15.0353938502
T2DGGI2024.EUR.T2D	42	BivFlnk_w_flanking	other	0.0463513518145	0.144899076153	0.130820175144	0.0110689633527	0.0105754307058	0.00162491054045	0.00148794749681	1.64808242611	1.74405803777	0.9028365026	0.955412929723	1.05823471578	0.0816596517738	6.81204477241	7.10739507172
T2DGGI2024.EUR.T2D	43	Human_Promoter_Villar_w_flanking	other	0.0266764452883	0.144899076153	0.130820175144	0.00664517957805	0.0064143323827	0.00146650075491	0.00145425105889	1.71914752794	1.83801383646	0.9028365026	0.965260954555	1.06914258758	0.0964542727797	4.53131684781	4.41074623497
T2DGGI2024.EUR.T2D	44	Human_Enhancer_Villar_w_flanking	other	0.0579863122145	0.144899076153	0.130820175144	0.0125685278699	0.0122520160786	0.00180697041157	0.0017791199351	1.49586811945	1.61512947305	0.9028365026	0.974817115053	1.07972718454	0.11066683162	6.95558034012	6.88655994286
T2DGGI2024.EUR.T2D	45	Ancient_Sequence_Age_Human_Promoter_w_flanking	other	0.0154493082425	0.144899076153	0.130820175144	0.00464905978064	0.00451068991658	0.00132618149987	0.00132025149381	2.07677991942	2.23182022274	0.9028365026	0.970237021981	1.07465418067	0.103872481119	3.50559842759	3.41653839267
T2DGGI2024.EUR.T2D	46	Ancient_Sequence_Age_Human_Enhancer_w_flanking	other	0.0230265976223	0.144899076153	0.130820175144	0.00788288511518	0.00768297667261	0.00142533141271	0.00141105549591	2.3625978736	2.55049817064	0.9028365026	0.974640193324	1.07953122245	0.11040496992	5.53056295882	5.44484373214
T2DGGI2024.EUR.T2D	47	Human_Enhancer_Villar_Species_Enhancer_Count	other	0.099046241685	0.144899076153	0.130820175144	0.0359464961342	0.0351365332951	0.00765299721381	0.00745417835635	2.50468403053	2.71172835946	0.9028365026	0.977467544095	1.08266285344	0.114584050521	4.6970481146	4.71366951733
T2DGGI2024.EUR.T2D	48	Human_Promoter_Villar_ExAC_w_flanking	other	0.0045203277666	0.144899076153	0.130820175144	0.00219130314411	0.00205712509594	0.00085653639744	0.000880860905661	3.34554533208	3.47869257117	0.9028365026	0.938767920572	1.03979836645	0.0563037938182	2.5583304465	2.33535746986
T2DGGI2024.EUR.T2D	49	MAFbin1	MAFbin	0.030247469953	0.144899076153	0.130820175144	0.000361238982428	0.00912159125314	0.000313835745235	0.00101980393467	0.08242139101	2.30519053111	0.9028365026	25.2508497057	27.9683526674	4.80572337664	1.1510447357	8.94445583414
T2DGGI2024.EUR.T2D	50	MAFbin2	MAFbin	0.0426672332784	0.144899076153	0.130820175144	0.00120125435025	0.00887349464072	0.000751148633964	0.00128972712838	0.194300927908	1.58973773412	0.9028365026	7.3868574452	8.18183294973	3.03242408171	1.5992232375	6.88013335958
T2DGGI2024.EUR.T2D	51	MAFbin3	MAFbin	0.0584181251778	0.144899076153	0.130820175144	0.00173290296767	0.00661336737503	0.00121475523273	0.00131194793636	0.204720349346	0.865366955435	0.9028365026	3.81635180874	4.22706857526	2.07965751724	1.42654497053	5.04087638826
T2DGGI2024.EUR.T2D	52	MAFbin4	MAFbin	0.07974831473	0.144899076153	0.130820175144	0.0027480236903	0.0105120342268	0.00240509163259	0.00176250316273	0.237811768032	1.00760549176	0.9028365026	3.8253069884	4.23698751367	2.08303887711	1.14258585954	5.964264036
T2DGGI2024.EUR.T2D	53	MAFbin5	MAFbin	0.106297957799	0.144899076153	0.130820175144	0.00856927600048	0.0122565256351	0.00168932790963	0.00182510504967	0.556357047148	0.881389212418	0.9028365026	1.43028718347	1.58421505926	0.663768196445	5.07259481811	6.71551790255
T2DGGI2024.EUR.T2D	54	MAFbin6	MAFbin	0.129324555421	0.144899076153	0.130820175144	0.0130971031811	0.0174728184419	0.00369575821723	0.00250224496994	0.698921883093	1.03277863201	0.9028365026	1.33409794519	1.47767391034	0.563327934002	3.5438203506	6.98285685527
T2DGGI2024.EUR.T2D	55	MAFbin7	MAFbin	0.137960814687	0.144899076153	0.130820175144	0.0191451796586	0.0164333971274	0.00201163839163	0.00198258709042	0.957718946921	0.910535481529	0.9028365026	0.858356903432	0.95073349489	-0.072887106571	9.5172073362	8.28886519377
T2DGGI2024.EUR.T2D	56	MAFbin8	MAFbin	0.138505721522	0.144899076153	0.130820175144	0.0273024649984	0.0211436042696	0.00263249036412	0.00379379022521	1.36040596806	1.1669079041	0.9028365026	0.774421074099	0.857764469943	-0.221346536547	10.3713447048	5.57321386119
T2DGGI2024.EUR.T2D	57	MAFbin9	MAFbin	0.138827867701	0.144899076153	0.130820175144	0.0364703930861	0.0128072997006	0.00392978137753	0.00220340476113	1.81300154631	0.705190077703	0.9028365026	0.351169774079	0.388962755789	-1.36229607492	9.28051450766	5.81250432355
T2DGGI2024.EUR.T2D	58	MAFbin10	MAFbin	0.138001939731	0.144899076153	0.130820175144	0.0342712392371	0.0155860424741	0.00295213445628	0.00177076350795	1.71387443764	0.863328222476	0.9028365026	0.454784910644	0.503728980091	-0.989280361646	11.6089696268	8.80187693282
