pop,phen,phen_name,method,pc,window,num_bins,h2,h2_se,h2bin_0,h2bin_se_0,enr_0,enr_se_0,tau_0,tau_se_0,tau_star_0,tau_star_se_0,h2bin_1,h2bin_se_1,enr_1,enr_se_1,tau_1,tau_se_1,tau_star_1,tau_star_se_1,h2bin_2,h2bin_se_2,enr_2,enr_se_2,tau_2,tau_se_2,tau_star_2,tau_star_se_2,h2bin_3,h2bin_se_3,enr_3,enr_se_3,tau_3,tau_se_3,tau_star_3,tau_star_se_3,h2bin_4,h2bin_se_4,enr_4,enr_se_4,tau_4,tau_se_4,tau_star_4,tau_star_se_4,h2bin_5,h2bin_se_5,enr_5,enr_se_5,tau_5,tau_se_5,tau_star_5,tau_star_se_5,h2bin_6,h2bin_se_6,enr_6,enr_se_6,tau_6,tau_se_6,tau_star_6,tau_star_se_6,h2bin_7,h2bin_se_7,enr_7,enr_se_7,tau_7,tau_se_7,tau_star_7,tau_star_se_7,h2bin_8,h2bin_se_8,enr_8,enr_se_8,tau_8,tau_se_8,tau_star_8,tau_star_se_8,h2bin_9,h2bin_se_9,enr_9,enr_se_9,tau_9,tau_se_9,tau_star_9,tau_star_se_9,h2bin_10,h2bin_se_10,enr_10,enr_se_10,tau_10,tau_se_10,tau_star_10,tau_star_se_10,h2bin_11,h2bin_se_11,enr_11,enr_se_11,tau_11,tau_se_11,tau_star_11,tau_star_se_11,h2bin_12,h2bin_se_12,enr_12,enr_se_12,tau_12,tau_se_12,tau_star_12,tau_star_se_12,h2bin_13,h2bin_se_13,enr_13,enr_se_13,tau_13,tau_se_13,tau_star_13,tau_star_se_13,h2bin_14,h2bin_se_14,enr_14,enr_se_14,tau_14,tau_se_14,tau_star_14,tau_star_se_14,h2bin_15,h2bin_se_15,enr_15,enr_se_15,tau_15,tau_se_15,tau_star_15,tau_star_se_15,h2bin_16,h2bin_se_16,enr_16,enr_se_16,tau_16,tau_se_16,tau_star_16,tau_star_se_16,h2bin_17,h2bin_se_17,enr_17,enr_se_17,tau_17,tau_se_17,tau_star_17,tau_star_se_17,h2bin_18,h2bin_se_18,enr_18,enr_se_18,tau_18,tau_se_18,tau_star_18,tau_star_se_18,h2bin_19,h2bin_se_19,enr_19,enr_se_19,tau_19,tau_se_19,tau_star_19,tau_star_se_19,h2bin_20,h2bin_se_20,enr_20,enr_se_20,tau_20,tau_se_20,tau_star_20,tau_star_se_20,h2bin_21,h2bin_se_21,enr_21,enr_se_21,tau_21,tau_se_21,tau_star_21,tau_star_se_21,h2bin_22,h2bin_se_22,enr_22,enr_se_22,tau_22,tau_se_22,tau_star_22,tau_star_se_22,h2bin_23,h2bin_se_23,enr_23,enr_se_23,tau_23,tau_se_23,tau_star_23,tau_star_se_23,sample_prev,pop_prev,liab_mult,n_case,n_control,n_cc
EUR,albumin,ALB,sumrhe,insample10,-1,8,0.21182,0.06784,0.01661,0.04812,0.34485,0.93496,1.60816e-07,4.684e-07,0.144541,0.391854,0.02149,0.03881,0.56536,0.97397,2.63651e-07,4.79023e-07,0.216954,0.373594,0.01368,0.02779,0.48049,0.95912,2.24074e-07,4.57491e-07,0.163869,0.327138,0.01142,0.01578,0.60391,0.83936,2.81627e-07,3.95339e-07,0.172232,0.238192,0.00104,0.01665,0.2139,3.45732,9.975e-08,1.61583e-06,0.0319804,0.51602,0.05148,0.0279,3.45046,2.05956,1.6091e-06,8.82335e-07,0.882898,0.525677,0.04463,0.03156,1.82238,1.31813,8.49855e-07,6.04919e-07,0.58271,0.421297,0.05148,0.02205,1.51374,0.76975,7.05921e-07,3.04278e-07,0.555705,0.28228,,,,,,,,,,,,,,,,,,,,,,,,,,,,,,,,,,,,,,,,,,,,,,,,,,,,,,,,,,,,,,,,,,,,,,,,,,,,,,,,,,,,,,,,,,,,,,,,,,,,,,,,,,,,,,,,,,,,,,,,,,,,,,,,,,,,,,
EUR,albumin,ALB,sumrhe,insample10,-1,24,0.2079,0.068,-0.03219,0.03743,-1.24288,1.69136,-5.68881e-07,6.65209e-07,-0.410468,0.558438,0.01879,0.02244,1.42165,1.72188,6.50706e-07,7.83453e-07,0.346878,0.419564,0.0012,0.01543,0.15868,2.03358,7.26299e-08,9.35675e-07,0.0297664,0.381295,0.00465,0.00775,1.25801,2.16328,5.75807e-07,9.72551e-07,0.166259,0.284703,0.03605,0.03015,2.34529,1.87498,1.07347e-06,9.03376e-07,0.613709,0.49035,0.00314,0.02495,0.21909,1.73086,1.00279e-07,8.00161e-07,0.0555234,0.438641,-0.017,0.01896,-1.58879,1.9108,-7.27208e-07,8.17646e-07,-0.351056,0.421654,0.00135,0.00939,0.19729,1.3793,9.03005e-08,6.32274e-07,0.0352268,0.245939,0.01762,0.0155,4.18108,3.86508,1.91374e-06,1.6909e-06,0.589278,0.544814,-0.03431,0.01823,-5.53408,3.77358,-2.53302e-06,1.34985e-06,-0.94138,0.642216,0.03737,0.01689,6.45923,3.61705,2.95647e-06,1.34333e-06,1.06243,0.59431,-0.00405,0.00957,-0.8981,2.15348,-4.1107e-07,9.75245e-07,-0.130879,0.313839,-0.00619,0.00954,-3.4699,5.43141,-1.58822e-06,2.46073e-06,-0.320025,0.500946,0.03451,0.01446,9.71789,4.90383,4.448e-06,1.88242e-06,1.25923,0.633934,-0.00289,0.01401,-0.75075,3.68354,-3.43628e-07,1.67222e-06,-0.101277,0.49679,0.00988,0.01072,2.81854,3.13659,1.29008e-06,1.43639e-06,0.36281,0.400134,-0.00508,0.00765,-4.94195,7.64389,-2.26199e-06,3.44751e-06,-0.346734,0.534429,0.00236,0.0124,0.96264,5.07812,4.4061e-07,2.32449e-06,0.103973,0.548338,-0.00922,0.01225,-3.09365,4.25907,-1.416e-06,1.88889e-06,-0.367677,0.506405,0.00665,0.01064,2.23076,3.66478,1.02105e-06,1.64414e-06,0.265165,0.43529,0.0053,0.01421,1.42259,3.77502,6.51137e-07,1.76018e-06,0.188774,0.500084,0.04537,0.0251,3.72186,2.23441,1.70354e-06,9.5224e-07,0.874378,0.523925,0.04989,0.02878,2.36969,1.44451,1.08464e-06,6.30166e-07,0.714918,0.435546,0.0447,0.0202,1.47046,0.78167,6.73051e-07,3.06128e-07,0.519534,0.275862,,,,,,
EUR,alka_phos,ALP,sumrhe,insample10,-1,8,0.25313,0.08176,-0.05079,0.0476,-0.88231,1.01848,-4.91727e-07,4.65004e-07,-0.369822,0.426353,0.03572,0.0351,0.78626,0.72854,4.38197e-07,4.33113e-07,0.30173,0.279529,0.02189,0.03227,0.64366,0.90363,3.58723e-07,5.32142e-07,0.219521,0.308021,0.0191,0.0172,0.84486,0.81298,4.70856e-07,4.28838e-07,0.240951,0.231421,0.04919,0.01468,8.49368,3.89116,4.73367e-06,1.45983e-06,1.26993,0.572639,-0.0046,0.02357,-0.25813,1.33031,-1.43857e-07,7.4078e-07,-0.0660499,0.340326,0.02914,0.03435,0.99578,1.11849,5.54962e-07,6.57266e-07,0.318406,0.357649,0.15347,0.0336,3.77725,1.28537,2.10512e-06,4.66397e-07,1.38657,0.472136,,,,,,,,,,,,,,,,,,,,,,,,,,,,,,,,,,,,,,,,,,,,,,,,,,,,,,,,,,,,,,,,,,,,,,,,,,,,,,,,,,,,,,,,,,,,,,,,,,,,,,,,,,,,,,,,,,,,,,,,,,,,,,,,,,,,,,
EUR,alka_phos,ALP,sumrhe,insample10,-1,24,0.25096,0.08171,-0.05261,0.03493,-1.68264,1.45683,-9.29726e-07,6.21866e-07,-0.555708,0.480699,-0.02045,0.01945,-1.28197,1.36629,-7.08338e-07,6.77151e-07,-0.312802,0.33345,-0.01132,0.013,-1.23529,1.54647,-6.82548e-07,7.8756e-07,-0.231729,0.290212,-0.00022,0.01119,-0.04885,2.5846,-2.69895e-08,1.40652e-06,-0.00645566,0.339806,-0.00729,0.02871,-0.39284,1.60166,-2.17058e-07,8.60445e-07,-0.102798,0.418842,0.00294,0.02317,0.16967,1.33931,9.37496e-08,7.43171e-07,0.0430003,0.339401,0.01845,0.02174,1.4285,1.66925,7.89305e-07,9.35718e-07,0.315645,0.368777,0.01291,0.01104,1.56077,1.46274,8.6239e-07,7.48363e-07,0.278692,0.260363,0.00151,0.01306,0.29644,2.56916,1.63796e-07,1.42706e-06,0.041781,0.361841,0.07108,0.01835,9.49546,3.81869,5.24662e-06,1.36466e-06,1.61526,0.649407,0.01238,0.02098,1.7724,3.05105,9.79321e-07,1.66913e-06,0.291533,0.501723,-0.00239,0.00952,-0.43878,1.75272,-2.42443e-07,9.70992e-07,-0.0639407,0.255338,0.00512,0.00882,2.37593,4.20186,1.31279e-06,2.27848e-06,0.219133,0.387117,-0.01309,0.0127,-3.05242,3.15695,-1.68658e-06,1.64494e-06,-0.395536,0.408942,0.00823,0.01252,1.76834,2.73798,9.7708e-07,1.49604e-06,0.238556,0.369168,0.00709,0.01084,1.6767,2.66712,9.26444e-07,1.44099e-06,0.215819,0.341228,0.00692,0.00703,5.57724,5.91903,3.08165e-06,3.16847e-06,0.391314,0.413158,-0.00143,0.01095,-0.48171,3.72977,-2.66167e-07,2.05359e-06,-0.0520302,0.402756,-0.00648,0.01167,-1.80248,3.63142,-9.95942e-07,1.80079e-06,-0.214227,0.431692,0.02543,0.01088,7.06872,3.46058,3.90575e-06,1.67862e-06,0.84019,0.412052,0.04148,0.01261,9.21776,4.31492,5.09319e-06,1.59567e-06,1.2232,0.564152,-0.00654,0.02199,-0.44425,1.50894,-2.45464e-07,8.30381e-07,-0.104369,0.354366,0.02944,0.0306,1.15819,1.13244,6.39945e-07,6.68164e-07,0.349423,0.341689,0.12981,0.03164,3.53838,1.2887,1.9551e-06,4.82194e-07,1.25007,0.455296,,,,,,
EUR,asp_at,AST,sumrhe,insample10,-1,8,0.26607,0.06302,-0.00283,0.04301,-0.04679,0.71871,-2.74103e-08,4.18712e-07,-0.0196124,0.301188,0.07865,0.03785,1.64701,0.74214,9.64819e-07,4.67165e-07,0.632034,0.284697,0.0384,0.02748,1.07403,0.72735,6.29169e-07,4.52702e-07,0.366294,0.248028,0.02041,0.01354,0.85885,0.55244,5.03117e-07,3.3246e-07,0.244942,0.158118,0.00176,0.01374,0.28924,2.26763,1.69436e-07,1.33319e-06,0.0432448,0.338552,0.0124,0.02167,0.6619,1.1252,3.87739e-07,6.8111e-07,0.169363,0.287822,0.05754,0.02761,1.87075,0.90607,1.09589e-06,5.30339e-07,0.598177,0.289331,0.05974,0.02227,1.39852,0.62143,8.19252e-07,3.09799e-07,0.513406,0.227443,,,,,,,,,,,,,,,,,,,,,,,,,,,,,,,,,,,,,,,,,,,,,,,,,,,,,,,,,,,,,,,,,,,,,,,,,,,,,,,,,,,,,,,,,,,,,,,,,,,,,,,,,,,,,,,,,,,,,,,,,,,,,,,,,,,,,,
EUR,asp_at,AST,sumrhe,insample10,-1,24,0.26662,0.06319,0.00468,0.03191,0.14091,0.95066,8.27144e-08,5.66888e-07,0.0465367,0.313923,0.05594,0.02402,3.30042,1.38819,1.93734e-06,8.38184e-07,0.805294,0.338598,0.01623,0.01557,1.66641,1.59016,9.7818e-07,9.47619e-07,0.312597,0.29758,0.0056,0.00719,1.18058,1.55802,6.93002e-07,9.09141e-07,0.156027,0.204205,-0.01338,0.02789,-0.67855,1.45856,-3.98308e-07,8.35399e-07,-0.17756,0.381521,0.01321,0.02317,0.7183,1.24517,4.21644e-07,7.43419e-07,0.18204,0.315484,0.00656,0.01858,0.47826,1.34507,2.80741e-07,7.98595e-07,0.105677,0.29721,-0.00037,0.00876,-0.04266,1.00518,-2.50413e-08,5.90083e-07,-0.00761721,0.179205,0.01293,0.01517,2.39166,2.7569,1.4039e-06,1.65819e-06,0.337078,0.388176,-0.00471,0.01558,-0.59292,1.9831,-3.48046e-07,1.15653e-06,-0.10086,0.337264,0.01433,0.01416,1.93202,1.89293,1.13409e-06,1.12711e-06,0.317782,0.311217,0.01568,0.01275,2.70836,2.2103,1.58981e-06,1.29561e-06,0.394687,0.322443,-0.00613,0.00889,-2.68064,4.0285,-1.57354e-06,2.3003e-06,-0.247233,0.370912,0.01047,0.01234,2.29866,2.73347,1.34931e-06,1.59817e-06,0.297858,0.354217,-0.00115,0.0122,-0.2326,2.47173,-1.36534e-07,1.45661e-06,-0.0313777,0.333413,0.00181,0.00734,0.40249,1.64425,2.36264e-07,9.65952e-07,0.0518101,0.211396,0.01138,0.00718,8.6276,5.90181,5.0644e-06,3.27048e-06,0.605325,0.410558,0.00763,0.01011,2.42418,3.22087,1.42299e-06,1.89772e-06,0.261833,0.347682,0.01186,0.01076,3.10536,2.82074,1.82285e-06,1.6634e-06,0.36907,0.335182,-0.00208,0.01003,-0.5449,2.66358,-3.19855e-07,1.54988e-06,-0.0647705,0.316443,-0.00879,0.01189,-1.83799,2.57154,-1.0789e-06,1.47893e-06,-0.243897,0.33989,0.00683,0.0212,0.43673,1.34433,2.5636e-07,8.00727e-07,0.102599,0.315724,0.04829,0.02747,1.78847,1.02732,1.04983e-06,6.013e-07,0.539569,0.3097,0.0598,0.02154,1.5341,0.67891,9.00515e-07,3.2907e-07,0.542017,0.239193,,,,,,
EUR,blood_mscv,MSCV,sumrhe,insample10,-1,8,0.22888,0.06867,0.03963,0.04235,0.7615,0.70335,3.83734e-07,4.1325e-07,0.31918,0.294509,0.0215,0.03575,0.52336,0.81214,2.6373e-07,4.40541e-07,0.200837,0.311702,0.00887,0.02683,0.28848,0.86131,1.45371e-07,4.4229e-07,0.0983849,0.293617,0.01073,0.01423,0.52492,0.70335,2.64519e-07,3.55027e-07,0.149706,0.199891,0.01557,0.01533,2.97322,2.95356,1.49826e-06,1.49386e-06,0.444534,0.440293,0.02129,0.02339,1.32044,1.41931,6.65396e-07,7.3548e-07,0.337873,0.363167,0.04104,0.02732,1.55107,1.04636,7.81615e-07,5.2418e-07,0.495958,0.334376,0.07025,0.02248,1.91189,0.71156,9.6344e-07,3.13697e-07,0.701863,0.259805,,,,,,,,,,,,,,,,,,,,,,,,,,,,,,,,,,,,,,,,,,,,,,,,,,,,,,,,,,,,,,,,,,,,,,,,,,,,,,,,,,,,,,,,,,,,,,,,,,,,,,,,,,,,,,,,,,,,,,,,,,,,,,,,,,,,,,
EUR,blood_mscv,MSCV,sumrhe,insample10,-1,24,0.22638,0.06863,-0.01021,0.03383,-0.36182,1.24701,-1.80339e-07,6.00741e-07,-0.119495,0.411856,0.02721,0.02229,1.89065,1.50034,9.42329e-07,7.73809e-07,0.461314,0.366312,0.00409,0.016,0.49464,1.92984,2.46536e-07,9.70913e-07,0.0927885,0.361696,-0.00235,0.00779,-0.58357,1.96318,-2.90859e-07,9.76152e-07,-0.0771248,0.258582,0.0479,0.02669,2.8616,1.59724,1.42627e-06,8.01871e-07,0.748816,0.417556,-0.00407,0.02463,-0.26064,1.61501,-1.29908e-07,7.90071e-07,-0.0660547,0.409261,-0.0031,0.0196,-0.26603,1.6959,-1.32593e-07,8.42886e-07,-0.0587816,0.374637,0.00125,0.00987,0.16705,1.32833,8.32603e-08,6.64457e-07,0.029828,0.236824,-0.00618,0.01401,-1.34538,3.14255,-6.70558e-07,1.53035e-06,-0.189617,0.44276,0.00382,0.0154,0.56607,2.27224,2.82139e-07,1.14289e-06,0.0962923,0.386443,0.01227,0.01506,1.947,2.43105,9.70413e-07,1.19755e-06,0.320246,0.399779,0.0047,0.00903,0.95626,1.87342,4.76614e-07,9.2343e-07,0.139355,0.272491,0.00847,0.00907,4.3585,4.55244,2.17234e-06,2.3398e-06,0.40198,0.419923,-0.00673,0.01201,-1.7398,3.17855,-8.67141e-07,1.55688e-06,-0.225441,0.411789,-0.00368,0.01199,-0.87739,2.87433,-4.37303e-07,1.431e-06,-0.118361,0.387745,0.00803,0.00928,2.1037,2.43291,1.04852e-06,1.23235e-06,0.270794,0.311281,0.00351,0.00787,3.13185,7.1562,1.56096e-06,3.53045e-06,0.219735,0.501433,-0.01286,0.0102,-4.81145,4.19643,-2.3981e-06,1.91827e-06,-0.519679,0.452551,-0.0015,0.01117,-0.46299,3.50264,-2.30763e-07,1.72471e-06,-0.0550265,0.416198,0.00784,0.00911,2.41525,2.85618,1.2038e-06,1.40765e-06,0.287095,0.339185,0.0115,0.01375,2.83425,3.36382,1.41264e-06,1.71077e-06,0.376099,0.4448,0.0328,0.02069,2.47154,1.57055,1.23185e-06,7.84006e-07,0.58064,0.368832,0.0423,0.02544,1.84497,1.1594,9.19563e-07,5.58213e-07,0.556616,0.34936,0.06137,0.022,1.85426,0.76065,9.24194e-07,3.36613e-07,0.655128,0.267419,,,,,,
EUR,blood_platelet,PLT,sumrhe,insample10,-1,8,0.30914,0.06609,0.04223,0.04481,0.60068,0.5694,4.0884e-07,4.35893e-07,0.251774,0.238676,0.00137,0.03617,0.02463,0.65197,1.67659e-08,4.45964e-07,0.0094529,0.25018,0.01812,0.02638,0.43631,0.63115,2.96962e-07,4.34543e-07,0.148801,0.21521,-0.00687,0.01551,-0.2489,0.57896,-1.69409e-07,3.84895e-07,-0.0709862,0.164975,0.00706,0.01378,0.99891,1.95246,6.79885e-07,1.34235e-06,0.14935,0.29085,0.04255,0.0256,1.95396,1.1715,1.32991e-06,8.07397e-07,0.499977,0.299066,0.06852,0.02747,1.91711,0.77845,1.30483e-06,5.2625e-07,0.612999,0.24869,0.13617,0.02609,2.74376,0.71751,1.86747e-06,3.68409e-07,1.00725,0.262073,,,,,,,,,,,,,,,,,,,,,,,,,,,,,,,,,,,,,,,,,,,,,,,,,,,,,,,,,,,,,,,,,,,,,,,,,,,,,,,,,,,,,,,,,,,,,,,,,,,,,,,,,,,,,,,,,,,,,,,,,,,,,,,,,,,,,,
EUR,blood_platelet,PLT,sumrhe,insample10,-1,24,0.30995,0.06612,0.03869,0.03537,1.00187,0.85219,6.83683e-07,6.28431e-07,0.330875,0.281359,-0.02729,0.02172,-1.38501,1.20585,-9.45136e-07,7.55177e-07,-0.337938,0.294307,0.01822,0.01474,1.60968,1.35444,1.09846e-06,8.99698e-07,0.301956,0.253285,0.00474,0.00827,0.86076,1.5054,5.87384e-07,1.03185e-06,0.113758,0.198687,0.00701,0.02499,0.30575,1.06984,2.08642e-07,7.47997e-07,0.0800065,0.279934,0.01243,0.02519,0.58114,1.15598,3.96572e-07,8.0798e-07,0.147279,0.29296,0.01293,0.01789,0.81018,1.11673,5.5287e-07,7.69207e-07,0.179016,0.246732,-0.00479,0.0113,-0.46839,1.12739,-3.19633e-07,7.61641e-07,-0.0836347,0.200905,-0.01033,0.01221,-1.64342,2.04776,-1.12148e-06,1.33477e-06,-0.231622,0.288294,0.01808,0.01654,1.95628,1.80637,1.33498e-06,1.22943e-06,0.332775,0.306976,-0.01209,0.01453,-1.40134,1.72312,-9.56281e-07,1.15564e-06,-0.230495,0.283335,-0.00177,0.01072,-0.26235,1.60712,-1.79027e-07,1.09409e-06,-0.0382316,0.234091,0.00632,0.00873,2.37716,3.3229,1.62218e-06,2.25569e-06,0.219243,0.306078,0.00062,0.01193,0.11768,2.25389,8.03039e-08,1.54545e-06,0.0152486,0.291989,-0.00495,0.01185,-0.86209,2.07586,-5.88293e-07,1.4141e-06,-0.116297,0.280026,-0.00236,0.00851,-0.45178,1.64847,-3.083e-07,1.11707e-06,-0.0581549,0.212175,0.01665,0.00675,10.86172,5.0953,7.41209e-06,3.05298e-06,0.762073,0.354558,0.01722,0.01037,4.70559,2.91557,3.21112e-06,1.95147e-06,0.508244,0.314448,0.01596,0.01049,3.59237,2.4691,2.45145e-06,1.62962e-06,0.426949,0.292585,-0.00699,0.00884,-1.57256,2.03948,-1.07312e-06,1.3649e-06,-0.186926,0.242378,-0.0086,0.01233,-1.54751,2.30799,-1.05603e-06,1.52614e-06,-0.205351,0.305785,0.02642,0.02303,1.45384,1.25696,9.92106e-07,8.72265e-07,0.34155,0.29473,0.05382,0.02661,1.71465,0.84147,1.17008e-06,5.81069e-07,0.517298,0.253828,0.14,0.02595,3.08925,0.80523,2.10812e-06,4.01153e-07,1.09147,0.283291,,,,,,
EUR,blood_rbc_count,RBC,sumrhe,insample10,-1,8,0.26282,0.06174,-0.03968,0.04073,-0.66388,0.76442,-3.84146e-07,3.95535e-07,-0.278263,0.320605,0.01518,0.03446,0.32183,0.70166,1.86225e-07,4.24912e-07,0.123502,0.269251,0.03705,0.02676,1.0491,0.75884,6.07053e-07,4.39912e-07,0.357793,0.258886,0.0168,0.01889,0.71575,0.80775,4.1416e-07,4.76029e-07,0.204129,0.228601,0.02819,0.0138,4.68885,2.38476,2.71317e-06,1.34343e-06,0.701045,0.355496,0.08375,0.02138,4.52427,1.34555,2.61793e-06,6.71002e-07,1.15767,0.345198,0.01685,0.02897,0.55448,0.93869,3.20845e-07,5.55019e-07,0.177297,0.300035,0.10467,0.02292,2.48096,0.69778,1.43559e-06,3.2209e-07,0.91075,0.25424,,,,,,,,,,,,,,,,,,,,,,,,,,,,,,,,,,,,,,,,,,,,,,,,,,,,,,,,,,,,,,,,,,,,,,,,,,,,,,,,,,,,,,,,,,,,,,,,,,,,,,,,,,,,,,,,,,,,,,,,,,,,,,,,,,,,,,
EUR,blood_rbc_count,RBC,sumrhe,insample10,-1,24,0.25773,0.06184,-0.084,0.03129,-2.6159,1.31606,-1.48436e-06,5.54474e-07,-0.863924,0.435079,-0.00068,0.02234,-0.04138,1.37824,-2.34786e-08,7.77708e-07,-0.0100958,0.336237,0.00607,0.01472,0.64535,1.57753,3.66195e-07,8.92229e-07,0.12106,0.295815,-0.00395,0.00765,-0.86175,1.69398,-4.88988e-07,9.54687e-07,-0.11389,0.223564,0.01974,0.02541,1.03576,1.30853,5.87731e-07,7.63809e-07,0.271036,0.341776,0.02696,0.02303,1.51606,1.26175,8.6027e-07,7.39294e-07,0.384218,0.31962,0.00847,0.01825,0.63876,1.36633,3.62456e-07,7.84039e-07,0.14114,0.301953,0.00719,0.01016,0.8462,1.20832,4.80168e-07,6.86979e-07,0.151097,0.214919,0.01034,0.01423,1.97956,2.70309,1.12328e-06,1.54942e-06,0.278999,0.381524,-0.0201,0.01562,-2.615,2.27276,-1.48385e-06,1.15669e-06,-0.444831,0.386943,0.02464,0.0157,3.435,2.32274,1.94915e-06,1.24779e-06,0.565,0.381871,0.01686,0.01031,3.01254,1.97891,1.70943e-06,1.05527e-06,0.439018,0.287492,0.01295,0.00942,5.85488,4.33668,3.32229e-06,2.44371e-06,0.539994,0.398962,0.00994,0.01296,2.25815,2.94538,1.28136e-06,1.67959e-06,0.292611,0.381651,0.00124,0.01233,0.25921,2.58631,1.47086e-07,1.47109e-06,0.0349681,0.348869,-0.00078,0.01001,-0.17861,2.29911,-1.0135e-07,1.32311e-06,-0.0229912,0.294991,0.00585,0.0067,4.58552,5.30709,2.602e-06,3.01548e-06,0.321729,0.371084,0.00325,0.01102,1.06865,3.59916,6.06393e-07,2.0658e-06,0.115424,0.38865,-0.00668,0.01138,-1.80803,3.14421,-1.02594e-06,1.75876e-06,-0.214884,0.373473,0.00284,0.00984,0.7693,2.67909,4.3653e-07,1.52091e-06,0.0914451,0.318197,0.0211,0.01178,4.566,2.62445,2.59093e-06,1.45763e-06,0.605902,0.348011,0.07669,0.01983,5.07518,1.58867,2.87985e-06,7.48644e-07,1.19232,0.374414,0.02029,0.02771,0.7775,1.04356,4.41184e-07,6.06271e-07,0.234568,0.314679,0.09949,0.02174,2.64053,0.76748,1.49834e-06,3.35021e-07,0.932898,0.269244,,,,,,
EUR,bmi,BMI,sumrhe,insample10,-1,8,0.30727,0.06075,-0.05282,0.04038,-0.75598,0.67613,-5.11428e-07,3.92451e-07,-0.316868,0.283468,0.07134,0.03434,1.29372,0.5921,8.75211e-07,4.23772e-07,0.49646,0.227077,0.04239,0.02627,1.02674,0.61168,6.94597e-07,4.34375e-07,0.350165,0.208124,0.02898,0.01369,1.05612,0.52424,7.14472e-07,3.46609e-07,0.301201,0.147987,0.01702,0.01491,2.42171,2.05432,1.63831e-06,1.44039e-06,0.362075,0.307149,0.04728,0.02218,2.18476,1.05455,1.47801e-06,6.97588e-07,0.559033,0.269618,0.05359,0.02469,1.50852,0.71701,1.02053e-06,4.74227e-07,0.482353,0.228946,0.09948,0.02251,2.01663,0.53094,1.36427e-06,3.13895e-07,0.740321,0.194163,,,,,,,,,,,,,,,,,,,,,,,,,,,,,,,,,,,,,,,,,,,,,,,,,,,,,,,,,,,,,,,,,,,,,,,,,,,,,,,,,,,,,,,,,,,,,,,,,,,,,,,,,,,,,,,,,,,,,,,,,,,,,,,,,,,,,,
EUR,bmi,BMI,sumrhe,insample10,-1,24,0.30605,0.06089,-0.0294,0.03104,-0.77107,0.89757,-5.19564e-07,5.50766e-07,-0.254652,0.29654,0.04351,0.01994,2.23628,1.03742,1.50685e-06,6.92103e-07,0.545647,0.253318,-0.00431,0.01438,-0.38554,1.31067,-2.59782e-07,8.70925e-07,-0.0723217,0.24586,-0.00207,0.00712,-0.37991,1.32377,-2.55992e-07,8.89434e-07,-0.0502093,0.174574,-0.00815,0.0257,-0.36034,1.16023,-2.42803e-07,7.69726e-07,-0.0942919,0.303459,0.02626,0.02288,1.24356,1.06423,8.37935e-07,7.35194e-07,0.315156,0.269468,0.00772,0.01765,0.49011,1.12857,3.30243e-07,7.59687e-07,0.108293,0.249179,0.00412,0.00878,0.40803,0.87641,2.74938e-07,5.91422e-07,0.0728563,0.156216,-0.00918,0.012,-1.47979,1.99698,-9.97111e-07,1.3083e-06,-0.20856,0.281608,-0.02382,0.01609,-2.60951,1.91885,-1.75834e-06,1.19391e-06,-0.443893,0.326376,0.01695,0.01489,1.98994,1.72225,1.34086e-06,1.18604e-06,0.327309,0.283019,0.02296,0.01211,3.45616,1.90116,2.32883e-06,1.25173e-06,0.503663,0.27494,-0.00685,0.00874,-2.60914,3.40587,-1.75809e-06,2.25819e-06,-0.240638,0.313775,0.02169,0.01162,4.14786,2.34584,2.79491e-06,1.50799e-06,0.537476,0.303701,0.02884,0.01317,5.08229,2.48729,3.42455e-06,1.57003e-06,0.685608,0.335571,0.00784,0.00946,1.52068,1.87484,1.02466e-06,1.26315e-06,0.195745,0.239417,-0.00031,0.00697,-0.20263,4.63259,-1.36536e-07,3.12267e-06,-0.0142167,0.324727,0.01516,0.01144,4.19608,3.23378,2.8274e-06,2.14979e-06,0.453212,0.3489,0.00119,0.0113,0.27136,2.58206,1.82849e-07,1.74613e-06,0.032251,0.306801,0.00637,0.00745,1.45102,1.70261,9.77724e-07,1.14851e-06,0.172478,0.202485,0.01758,0.01337,3.20294,2.35551,2.1582e-06,1.64855e-06,0.425022,0.31244,0.03271,0.01948,1.82295,1.09761,1.22834e-06,7.35157e-07,0.428266,0.25778,0.04849,0.02274,1.5644,0.75847,1.05413e-06,4.98539e-07,0.471969,0.228523,0.08877,0.02173,1.98374,0.55694,1.33668e-06,3.3256e-07,0.70088,0.196007,,,,,,
EUR,cystatin_c,CysC,sumrhe,insample10,-1,8,0.37204,0.07472,0.03482,0.04616,0.41157,0.50081,3.37113e-07,4.49119e-07,0.172507,0.209923,0.02486,0.03816,0.37229,0.55673,3.04941e-07,4.70649e-07,0.142865,0.213612,0.06259,0.03147,1.25198,0.5686,1.02549e-06,5.19792e-07,0.426983,0.193644,0.01349,0.01487,0.40595,0.43742,3.3251e-07,3.69741e-07,0.115775,0.124531,0.0079,0.01367,0.92766,1.6004,7.59839e-07,1.32495e-06,0.138696,0.239013,0.04269,0.02309,1.6293,0.85187,1.33455e-06,7.2551e-07,0.416904,0.217769,0.03019,0.02643,0.70202,0.59601,5.75021e-07,5.06869e-07,0.224473,0.190401,0.1555,0.02553,2.60367,0.65463,2.13266e-06,3.55726e-07,0.955806,0.240048,,,,,,,,,,,,,,,,,,,,,,,,,,,,,,,,,,,,,,,,,,,,,,,,,,,,,,,,,,,,,,,,,,,,,,,,,,,,,,,,,,,,,,,,,,,,,,,,,,,,,,,,,,,,,,,,,,,,,,,,,,,,,,,,,,,,,,
EUR,cystatin_c,CysC,sumrhe,insample10,-1,24,0.36933,0.07442,0.00811,0.03345,0.17617,0.71401,1.43254e-07,5.94119e-07,0.0581826,0.235799,0.01626,0.02152,0.69241,0.89485,5.63034e-07,7.49717e-07,0.168948,0.218239,-0.00304,0.01545,-0.22535,1.17184,-1.83241e-07,9.36849e-07,-0.0422728,0.219699,0.0048,0.00755,0.7312,1.16476,5.94573e-07,9.39954e-07,0.0966364,0.153875,-0.0005,0.02642,-0.01848,0.97773,-1.5028e-08,7.91077e-07,-0.00483617,0.255791,0.02665,0.02513,1.04586,0.99716,8.50436e-07,8.0733e-07,0.265054,0.252525,0.02322,0.01763,1.22149,0.94952,9.93248e-07,7.60397e-07,0.2699,0.209503,0.00052,0.01026,0.04241,0.84878,3.44821e-08,6.90021e-07,0.00757189,0.1514,0.01141,0.01351,1.52354,1.80111,1.23886e-06,1.47539e-06,0.214728,0.25371,-0.00762,0.01651,-0.69188,1.53302,-5.62599e-07,1.2256e-06,-0.117693,0.260684,0.02306,0.01556,2.24376,1.52723,1.82451e-06,1.23965e-06,0.36906,0.251016,-0.00845,0.00932,-1.05401,1.18129,-8.5706e-07,9.5025e-07,-0.1536,0.172062,0.01515,0.00958,4.78146,3.05581,3.88803e-06,2.47145e-06,0.440992,0.281779,-0.01549,0.01226,-2.45468,2.0221,-1.99601e-06,1.5886e-06,-0.318077,0.26193,0.02549,0.0153,3.72192,2.07411,3.02646e-06,1.83223e-06,0.502095,0.279285,0.01885,0.01319,3.02797,2.15791,2.46218e-06,1.77549e-06,0.38977,0.274312,0.00022,0.00671,0.11783,3.68699,9.5815e-08,3.01121e-06,0.00826733,0.258349,0.02422,0.01435,5.55464,3.12931,4.51673e-06,2.68708e-06,0.599951,0.338049,-0.00265,0.01109,-0.50135,2.1041,-4.07672e-07,1.71393e-06,-0.0595855,0.249997,0.01042,0.01032,1.9688,2.03827,1.60092e-06,1.59022e-06,0.233991,0.242479,0.00767,0.01182,1.15827,1.77526,9.41839e-07,1.45969e-06,0.1537,0.235421,0.02028,0.02084,0.93645,0.97561,7.61472e-07,7.88002e-07,0.220002,0.228946,0.02967,0.02489,0.79332,0.6488,6.45088e-07,5.44704e-07,0.239342,0.195578,0.1411,0.0259,2.61313,0.68291,2.12485e-06,3.96565e-07,0.923239,0.240846,,,,,,
EUR,ggt,GGT,sumrhe,insample10,-1,8,0.30234,0.06007,0.05124,0.04212,0.74532,0.53412,4.9611e-07,4.0947e-07,0.312396,0.223988,0.02266,0.03379,0.41768,0.59822,2.7802e-07,4.16611e-07,0.160282,0.229558,0.05546,0.03001,1.36519,0.73418,9.08722e-07,4.95871e-07,0.465593,0.249968,-0.00028,0.01674,-0.01035,0.62887,-6.88862e-09,4.18101e-07,-0.00295148,0.178687,-0.00084,0.0136,-0.12156,1.97737,-8.09122e-08,1.31868e-06,-0.0181742,0.295274,0.00825,0.02315,0.38756,1.07563,2.57976e-07,7.2782e-07,0.0991662,0.275139,0.0695,0.02728,1.98834,0.84358,1.32351e-06,5.23388e-07,0.635777,0.26953,0.09634,0.02496,1.98495,0.583,1.32126e-06,3.46114e-07,0.728693,0.213432,,,,,,,,,,,,,,,,,,,,,,,,,,,,,,,,,,,,,,,,,,,,,,,,,,,,,,,,,,,,,,,,,,,,,,,,,,,,,,,,,,,,,,,,,,,,,,,,,,,,,,,,,,,,,,,,,,,,,,,,,,,,,,,,,,,,,,
EUR,ggt,GGT,sumrhe,insample10,-1,24,0.30173,0.06001,0.00056,0.03352,0.01482,0.8889,9.84157e-09,5.95444e-07,0.00489274,0.293536,0.01609,0.02306,0.83888,1.18147,5.57261e-07,8.02884e-07,0.204684,0.288237,-0.01136,0.01414,-1.03089,1.32425,-6.84816e-07,8.56812e-07,-0.193383,0.24835,0.01829,0.00769,3.40854,1.59444,2.26428e-06,9.75924e-07,0.450476,0.20851,0.03629,0.02688,1.62674,1.14092,1.08064e-06,8.04678e-07,0.425681,0.298551,-0.00482,0.02258,-0.23178,1.09679,-1.53972e-07,7.24446e-07,-0.0587407,0.277948,0.02445,0.01882,1.57406,1.22177,1.04564e-06,8.09605e-07,0.347803,0.269836,-0.02537,0.00864,-2.55067,1.00521,-1.6944e-06,6.0017e-07,-0.455442,0.176825,-0.00447,0.01438,-0.73111,2.37375,-4.85671e-07,1.57205e-06,-0.103042,0.334221,-0.00443,0.01602,-0.49175,1.79095,-3.26667e-07,1.18798e-06,-0.0836497,0.304708,0.04073,0.01536,4.85093,2.01795,3.22245e-06,1.22432e-06,0.797893,0.331381,0.00163,0.00911,0.24855,1.39624,1.65109e-07,9.30293e-07,0.0362206,0.203323,0.01737,0.00879,6.7087,3.58381,4.45656e-06,2.28415e-06,0.618738,0.329477,0.01455,0.0128,2.82361,2.48206,1.87571e-06,1.6597e-06,0.365882,0.321419,0.00519,0.01193,0.9277,2.1126,6.16266e-07,1.42403e-06,0.125148,0.284941,0.00779,0.0094,1.53196,1.86524,1.01768e-06,1.23426e-06,0.197199,0.240116,0.01083,0.00775,7.25366,5.2742,4.81858e-06,3.52204e-06,0.508928,0.36726,0.00797,0.01083,2.23742,3.06552,1.48631e-06,2.03313e-06,0.241661,0.330861,0.01409,0.01118,3.25914,2.64495,2.16503e-06,1.73083e-06,0.387347,0.31403,0.01258,0.01067,2.90927,2.55327,1.93261e-06,1.64759e-06,0.345817,0.303314,-0.01156,0.01193,-2.13685,2.27897,-1.4195e-06,1.4764e-06,-0.283556,0.302048,-0.00059,0.02005,-0.03346,1.13893,-2.22286e-08,7.57569e-07,-0.00786094,0.267424,0.05308,0.02669,1.73713,0.91869,1.15397e-06,5.84461e-07,0.524081,0.276951,0.08284,0.02566,1.87788,0.63176,1.24747e-06,3.90649e-07,0.663482,0.222611,,,,,,
EUR,glucose,GLU,sumrhe,insample10,-1,8,0.12647,0.068,-0.05325,0.04822,-1.85154,2.38854,-5.15555e-07,4.70094e-07,-0.776068,1.00035,0.09727,0.03939,4.28531,2.25929,1.19323e-06,4.85742e-07,1.64447,0.867258,0.02577,0.02845,1.51668,1.65283,4.22314e-07,4.68366e-07,0.517257,0.564184,-0.0052,0.01564,-0.45998,1.42414,-1.28081e-07,3.88071e-07,-0.131186,0.405876,0.00598,0.01622,2.06509,5.74286,5.75017e-07,1.57103e-06,0.308756,0.857763,-0.03014,0.02304,-3.38329,3.41398,-9.42064e-07,7.26613e-07,-0.86571,0.871573,0.06601,0.03189,4.51502,2.89597,1.25719e-06,6.10122e-07,1.44368,0.925342,0.02002,0.02342,0.98617,1.16942,2.74595e-07,3.23652e-07,0.36203,0.428985,,,,,,,,,,,,,,,,,,,,,,,,,,,,,,,,,,,,,,,,,,,,,,,,,,,,,,,,,,,,,,,,,,,,,,,,,,,,,,,,,,,,,,,,,,,,,,,,,,,,,,,,,,,,,,,,,,,,,,,,,,,,,,,,,,,,,,
EUR,glucose,GLU,sumrhe,insample10,-1,24,0.11968,0.06807,-0.04664,0.0386,-3.12778,3.7231,-8.24119e-07,6.86172e-07,-1.03297,1.22883,0.02967,0.02422,3.89984,3.4888,1.02754e-06,8.43059e-07,0.95155,0.851828,0.01232,0.01519,2.81772,3.69512,7.42422e-07,9.22763e-07,0.528569,0.692878,0.00775,0.00823,3.64345,4.32737,9.59988e-07,1.03327e-06,0.48152,0.570727,-0.03787,0.02868,-4.27949,4.57329,-1.12758e-06,8.58138e-07,-1.11984,1.19549,0.03339,0.02639,4.04422,3.40258,1.06558e-06,8.46903e-07,1.02493,0.862219,-0.01099,0.02069,-1.78429,3.67326,-4.70131e-07,8.9165e-07,-0.394255,0.810963,-0.00698,0.00979,-1.76836,2.77796,-4.65934e-07,6.59851e-07,-0.315754,0.495441,0.02459,0.01643,10.13288,8.45988,2.66984e-06,1.79153e-06,1.42812,1.19015,0.01172,0.01822,3.28379,5.16744,8.65224e-07,1.35311e-06,0.558592,0.87841,0.02507,0.01712,7.52897,5.97668,1.98376e-06,1.36114e-06,1.23838,0.984271,-0.01617,0.00953,-6.22339,5.15276,-1.63976e-06,9.77922e-07,-0.906928,0.750843,0.0042,0.01027,4.09154,10.26631,1.07805e-06,2.65114e-06,0.377358,0.945985,0.02483,0.01467,12.14778,9.97281,3.20074e-06,1.90303e-06,1.5741,1.29081,0.00611,0.0136,2.75373,6.35466,7.25561e-07,1.62268e-06,0.371481,0.857452,0.01425,0.00919,7.06591,6.08905,1.86175e-06,1.23697e-06,0.909542,0.779491,-0.00549,0.00802,-9.26993,14.80736,-2.44247e-06,3.60389e-06,-0.65039,1.03599,-0.00624,0.01086,-4.41876,8.07052,-1.16427e-06,2.03461e-06,-0.477264,0.871606,-0.02226,0.01286,-12.98091,11.44524,-3.42025e-06,1.98984e-06,-1.54277,1.35939,-0.01773,0.00927,-10.33618,8.33165,-2.72341e-06,1.4374e-06,-1.22863,0.989371,0.01033,0.01447,4.81602,7.19213,1.26894e-06,1.79128e-06,0.639074,0.95229,-0.02858,0.02268,-4.07334,4.31364,-1.07326e-06,8.6075e-07,-0.956951,1.01062,0.08147,0.03155,6.72217,4.2779,1.77118e-06,6.89149e-07,2.02803,1.28938,0.03291,0.02218,1.88063,1.49966,4.95515e-07,3.37039e-07,0.664451,0.529556,,,,,,
EUR,hba1c,HbA1c,sumrhe,insample10,-1,8,0.20714,0.06754,0.03531,0.04493,0.74966,0.84852,3.41876e-07,4.37377e-07,0.314219,0.355618,-0.04893,0.03685,-1.31617,1.23013,-6.00227e-07,4.539e-07,-0.505077,0.472274,0.01858,0.02704,0.66749,0.92035,3.04401e-07,4.45607e-07,0.227644,0.31377,0.01082,0.01767,0.58472,0.94695,2.66656e-07,4.41922e-07,0.166761,0.26886,0.00062,0.0136,0.13052,2.87426,5.95226e-08,1.3194e-06,0.0195135,0.429057,0.00013,0.02252,0.00909,1.55427,4.14638e-09,7.08141e-07,0.00232649,0.397567,0.07117,0.02753,2.9722,1.4063,1.35544e-06,5.27154e-07,0.950368,0.449794,0.11944,0.02331,3.59163,1.28699,1.63793e-06,3.20167e-07,1.31852,0.471621,,,,,,,,,,,,,,,,,,,,,,,,,,,,,,,,,,,,,,,,,,,,,,,,,,,,,,,,,,,,,,,,,,,,,,,,,,,,,,,,,,,,,,,,,,,,,,,,,,,,,,,,,,,,,,,,,,,,,,,,,,,,,,,,,,,,,,
EUR,hba1c,HbA1c,sumrhe,insample10,-1,24,0.20463,0.06771,0.02447,0.03297,0.95963,1.22263,4.32325e-07,5.85495e-07,0.316924,0.403813,-0.04752,0.02125,-3.65254,2.30162,-1.64551e-06,7.37121e-07,-0.89121,0.562155,-0.0065,0.01284,-0.86994,1.78565,-3.91918e-07,7.77797e-07,-0.163189,0.334879,-0.01328,0.0058,-3.6485,2.16686,-1.6437e-06,7.25148e-07,-0.482189,0.284291,0.01055,0.02696,0.69741,1.71994,3.1419e-07,8.07401e-07,0.182495,0.449912,0.01178,0.02365,0.83428,1.66533,3.75853e-07,7.58911e-07,0.211432,0.42199,0.02028,0.02024,1.92527,1.83819,8.6736e-07,8.7083e-07,0.425406,0.40601,0.00173,0.00924,0.25589,1.37117,1.1528e-07,6.2173e-07,0.0456902,0.244499,-0.00632,0.0147,-1.52454,3.67999,-6.86826e-07,1.60924e-06,-0.214868,0.51786,-0.00688,0.01722,-1.12709,2.95921,-5.07767e-07,1.27688e-06,-0.191724,0.503468,0.01147,0.01512,2.01482,2.68594,9.07702e-07,1.20285e-06,0.331402,0.441743,0.01963,0.01186,4.41849,3.10632,1.99059e-06,1.23162e-06,0.643903,0.449293,0.00505,0.01016,2.87576,5.74879,1.29557e-06,2.62976e-06,0.265229,0.529215,-0.005,0.01308,-1.43129,3.82291,-6.44816e-07,1.69498e-06,-0.185466,0.495294,-0.00282,0.01213,-0.74285,3.24367,-3.34665e-07,1.448e-06,-0.100212,0.437568,0.00906,0.01231,2.62724,3.64376,1.1836e-06,1.64162e-06,0.338185,0.465537,0.00995,0.0077,9.83318,8.27936,4.42998e-06,3.5147e-06,0.68991,0.575293,0.00471,0.01077,1.95077,4.47458,8.78847e-07,2.02048e-06,0.2107,0.483187,-0.00305,0.01056,-1.03986,3.64247,-4.6847e-07,1.63069e-06,-0.123586,0.432836,-0.00454,0.01202,-1.54738,4.36054,-6.97113e-07,1.86362e-06,-0.183932,0.51726,-0.00885,0.01109,-2.41211,3.36321,-1.08669e-06,1.37861e-06,-0.320062,0.444701,-0.00523,0.02075,-0.43634,1.76708,-1.96576e-07,7.83954e-07,-0.102509,0.414986,0.07044,0.02575,3.39897,1.57871,1.53128e-06,5.63622e-07,1.02545,0.476237,0.1155,0.02355,3.86072,1.47376,1.7393e-06,3.57012e-07,1.36404,0.519491,,,,,,
EUR,hdl,HDL,sumrhe,insample10,-1,8,0.424,0.08689,0.06744,0.05065,0.69951,0.4611,6.53013e-07,4.93582e-07,0.293203,0.19316,0.01228,0.03615,0.16135,0.46625,1.50623e-07,4.4588e-07,0.0619177,0.178889,0.04484,0.03197,0.78703,0.5284,7.34709e-07,5.27733e-07,0.268414,0.179973,0.02123,0.01646,0.5606,0.43789,5.2333e-07,4.09327e-07,0.159882,0.124602,-0.00789,0.01391,-0.81385,1.45971,-7.59747e-07,1.34224e-06,-0.121682,0.218427,0.06376,0.02321,2.13507,0.79847,1.99313e-06,7.37227e-07,0.546326,0.203586,0.0522,0.0317,1.06495,0.64055,9.94157e-07,6.08379e-07,0.340525,0.204581,0.17013,0.03729,2.49986,0.60607,2.33368e-06,5.18531e-07,0.917655,0.221612,,,,,,,,,,,,,,,,,,,,,,,,,,,,,,,,,,,,,,,,,,,,,,,,,,,,,,,,,,,,,,,,,,,,,,,,,,,,,,,,,,,,,,,,,,,,,,,,,,,,,,,,,,,,,,,,,,,,,,,,,,,,,,,,,,,,,,
EUR,hdl,HDL,sumrhe,insample10,-1,24,0.42798,0.0878,0.09141,0.03732,1.71415,0.62425,1.61524e-06,6.65394e-07,0.566117,0.205787,-0.01256,0.02347,-0.46165,0.88397,-4.35017e-07,8.16343e-07,-0.112644,0.215759,-0.02497,0.01659,-1.59718,1.16012,-1.50502e-06,1.00656e-06,-0.299616,0.217388,0.00446,0.00793,0.58553,1.05338,5.51745e-07,9.8779e-07,0.0773852,0.139139,-0.01493,0.02779,-0.47177,0.91303,-4.44549e-07,8.32251e-07,-0.123453,0.238835,-0.00792,0.02593,-0.26812,0.89526,-2.5265e-07,8.32053e-07,-0.0679509,0.226853,0.03247,0.02501,1.47406,1.10971,1.38901e-06,1.07697e-06,0.325713,0.244944,0.00382,0.01118,0.2707,0.79806,2.55077e-07,7.51744e-07,0.0483354,0.142365,0.00754,0.01559,0.86871,1.76537,8.18588e-07,1.69957e-06,0.122437,0.248944,0.01783,0.0178,1.39647,1.35223,1.3159e-06,1.31881e-06,0.237552,0.230172,0.01286,0.0168,1.07969,1.38496,1.0174e-06,1.33643e-06,0.177586,0.227717,-0.00729,0.01327,-0.78459,1.45258,-7.39323e-07,1.35547e-06,-0.11434,0.211413,-0.01776,0.01036,-4.83535,3.00813,-4.55635e-06,2.67708e-06,-0.445966,0.277285,0.01723,0.01542,2.3569,2.1623,2.22091e-06,2.00306e-06,0.30541,0.279827,0.02897,0.01504,3.65046,2.12258,3.43983e-06,1.79937e-06,0.492461,0.28607,0.01728,0.01064,2.39519,1.55343,2.25699e-06,1.4275e-06,0.30832,0.198054,-0.00939,0.00722,-4.43343,3.40455,-4.17762e-06,3.19988e-06,-0.31106,0.239908,-0.00411,0.01159,-0.81422,2.31224,-7.67243e-07,2.17263e-06,-0.0879445,0.249751,0.04083,0.01573,6.6577,2.56637,6.27356e-06,2.42954e-06,0.791276,0.304725,0.04171,0.02842,6.79777,4.62529,6.40554e-06,4.4008e-06,0.808045,0.549007,0.00177,0.01252,0.23027,1.62841,2.16988e-07,1.54965e-06,0.0305574,0.21576,0.06784,0.02313,2.70352,0.96954,2.54753e-06,8.83053e-07,0.635149,0.227001,0.01004,0.02711,0.23153,0.62249,2.18171e-07,5.9314e-07,0.0698519,0.187705,0.13086,0.02469,2.09169,0.48776,1.971e-06,3.77899e-07,0.738964,0.171567,,,,,,
EUR,height,HT,sumrhe,insample10,-1,8,0.62552,0.06601,0.09264,0.0461,0.65134,0.29683,8.97007e-07,4.50376e-07,0.273007,0.124203,0.12641,0.03471,1.126,0.29331,1.55069e-06,4.28779e-07,0.432097,0.112418,0.01201,0.02675,0.14292,0.31677,1.9682e-07,4.41124e-07,0.0487409,0.107965,0.03299,0.01751,0.5905,0.31061,8.13223e-07,4.40239e-07,0.168409,0.0879144,-0.02247,0.01416,-1.57,1.03728,-2.16216e-06,1.38145e-06,-0.234734,0.15442,0.04847,0.02185,1.10021,0.49901,1.51518e-06,6.95187e-07,0.28152,0.126922,0.10311,0.02908,1.42585,0.39344,1.96363e-06,5.60119e-07,0.455917,0.1254,0.23235,0.02723,2.31375,0.3074,3.18643e-06,3.88218e-07,0.849395,0.111022,,,,,,,,,,,,,,,,,,,,,,,,,,,,,,,,,,,,,,,,,,,,,,,,,,,,,,,,,,,,,,,,,,,,,,,,,,,,,,,,,,,,,,,,,,,,,,,,,,,,,,,,,,,,,,,,,,,,,,,,,,,,,,,,,,,,,,
EUR,height,HT,sumrhe,insample10,-1,24,0.62297,0.06622,0.04464,0.0334,0.57516,0.40942,7.88861e-07,5.9486e-07,0.189951,0.135033,0.02762,0.02021,0.69746,0.50202,9.56606e-07,7.05774e-07,0.170179,0.12226,0.03064,0.01411,1.34675,0.62613,1.84713e-06,8.60881e-07,0.252633,0.116963,0.01187,0.00841,1.07158,0.74713,1.46972e-06,1.05333e-06,0.141621,0.098312,0.02305,0.02571,0.50049,0.54682,6.86451e-07,7.6992e-07,0.130967,0.143035,0.07269,0.02247,1.69145,0.51739,2.31991e-06,7.2049e-07,0.428665,0.131129,-0.02422,0.01682,-0.75548,0.53428,-1.03618e-06,7.22121e-07,-0.166931,0.118118,0.01071,0.01014,0.52142,0.49739,7.15155e-07,6.85075e-07,0.0931034,0.0884934,0.01521,0.01408,1.2039,1.10938,1.65121e-06,1.53659e-06,0.169676,0.156367,-0.00843,0.01585,-0.45354,0.86,-6.22056e-07,1.17555e-06,-0.0771503,0.146316,-5e-05,0.01432,-0.00275,0.82798,-3.76735e-09,1.13867e-06,-0.000451796,0.136171,0.00145,0.01083,0.10687,0.80291,1.46576e-07,1.10703e-06,0.0155739,0.116843,0.00885,0.00881,1.65564,1.64325,2.2708e-06,2.28081e-06,0.152698,0.151228,0.03666,0.01253,3.44474,1.21575,4.72463e-06,1.62235e-06,0.446365,0.157477,0.00447,0.01195,0.38683,1.03564,5.30554e-07,1.42713e-06,0.0521836,0.139684,0.00972,0.01138,0.92537,1.09036,1.2692e-06,1.52125e-06,0.119117,0.13909,-0.00833,0.00626,-2.70315,2.06525,-3.7075e-06,2.83281e-06,-0.189657,0.144054,0.00842,0.00975,1.14512,1.3276,1.57059e-06,1.82311e-06,0.123683,0.14359,0.00821,0.01101,0.92011,1.22649,1.26198e-06,1.70192e-06,0.109355,0.145707,0.01282,0.00894,1.43509,0.9984,1.96829e-06,1.3818e-06,0.170584,0.118586,-0.01456,0.01222,-1.30315,1.13364,-1.78733e-06,1.5122e-06,-0.172925,0.15021,0.03825,0.0207,1.04719,0.56915,1.43628e-06,7.92592e-07,0.246017,0.132783,0.09395,0.02815,1.48905,0.44215,2.04231e-06,6.19565e-07,0.449236,0.132951,0.21933,0.02638,2.40805,0.33014,3.30277e-06,4.12154e-07,0.850797,0.114824,,,,,,
EUR,ldl,LDL,sumrhe,insample10,-1,8,0.17773,0.06514,0.03406,0.04269,0.84269,0.94048,3.29741e-07,4.15252e-07,0.353212,0.394323,0.02373,0.03382,0.74405,1.01574,2.91144e-07,4.17087e-07,0.285528,0.389763,-0.01928,0.02664,-0.80728,1.22147,-3.15886e-07,4.38526e-07,-0.275319,0.416634,0.02805,0.0154,1.76709,1.01379,6.91458e-07,3.85838e-07,0.503939,0.288053,0.02327,0.01531,5.72396,4.07812,2.23977e-06,1.51148e-06,0.855811,0.604088,-0.01039,0.02203,-0.82966,1.82155,-3.24643e-07,6.93098e-07,-0.212293,0.465715,0.02306,0.0265,1.12241,1.35649,4.39198e-07,5.074e-07,0.358897,0.433681,0.07522,0.03925,2.63635,1.40988,1.0316e-06,5.40548e-07,0.967812,0.517934,,,,,,,,,,,,,,,,,,,,,,,,,,,,,,,,,,,,,,,,,,,,,,,,,,,,,,,,,,,,,,,,,,,,,,,,,,,,,,,,,,,,,,,,,,,,,,,,,,,,,,,,,,,,,,,,,,,,,,,,,,,,,,,,,,,,,,
EUR,ldl,LDL,sumrhe,insample10,-1,24,0.17845,0.06549,0.00609,0.03299,0.27408,1.4504,1.07683e-07,5.85991e-07,0.090518,0.479008,0.02663,0.02115,2.34734,1.96017,9.22243e-07,7.36861e-07,0.572752,0.478185,-0.00439,0.01501,-0.67304,2.41344,-2.64431e-07,9.09667e-07,-0.126256,0.452605,-0.00243,0.00719,-0.7661,2.30006,-3.0099e-07,9.03914e-07,-0.101249,0.302399,0.03948,0.0245,2.99203,1.93666,1.17553e-06,7.34787e-07,0.782953,0.50628,-0.00159,0.02305,-0.129,1.89082,-5.06831e-08,7.39309e-07,-0.0326932,0.479168,-0.00598,0.01797,-0.65143,2.02016,-2.55941e-07,7.7202e-07,-0.143939,0.446445,0.02362,0.01398,4.0165,2.3607,1.57803e-06,9.39142e-07,0.717066,0.421617,0.00563,0.0135,1.55635,3.82855,6.11473e-07,1.47421e-06,0.219354,0.539524,-0.01337,0.01697,-2.51113,3.36099,-9.86594e-07,1.25769e-06,-0.427163,0.571908,0.00478,0.01497,0.96329,3.06236,3.78467e-07,1.19062e-06,0.158446,0.503643,0.0007,0.01222,0.18186,3.29556,7.14497e-08,1.24792e-06,0.0265022,0.47973,-0.01555,0.00787,-10.15483,6.90129,-3.98971e-06,2.06179e-06,-0.936581,0.632629,0.01013,0.01241,3.32384,4.14806,1.3059e-06,1.60801e-06,0.430704,0.537395,-0.01821,0.01242,-5.50392,4.19489,-2.16243e-06,1.48345e-06,-0.742496,0.565161,0.00461,0.00937,1.53375,3.25853,6.02591e-07,1.23534e-06,0.197418,0.418765,0.00448,0.00779,5.07463,9.00709,1.99376e-06,3.49835e-06,0.356047,0.630752,-0.00838,0.01006,-3.9801,5.11391,-1.56373e-06,1.88381e-06,-0.42989,0.552453,0.03037,0.01176,11.87725,6.35269,4.66643e-06,1.82556e-06,1.41162,0.753148,0.00272,0.01266,1.06195,5.32388,4.17227e-07,1.95874e-06,0.126204,0.632183,0.01912,0.01343,5.97627,4.50033,2.34801e-06,1.69566e-06,0.793046,0.591013,-0.00023,0.0207,-0.02234,1.98712,-8.77866e-09,7.82053e-07,-0.00524932,0.466585,-0.00174,0.02478,-0.09648,1.37469,-3.79047e-08,5.41711e-07,-0.0291068,0.414666,0.07194,0.03389,2.75735,1.32633,1.08333e-06,5.12704e-07,0.97421,0.468788,,,,,,
EUR,triglycerides,TG,sumrhe,insample10,-1,8,0.26299,0.06678,0.05372,0.0452,0.89829,0.68968,5.20136e-07,4.40126e-07,0.376521,0.289006,0.01594,0.03622,0.33766,0.74818,1.95514e-07,4.46825e-07,0.129578,0.28705,0.00811,0.02885,0.22936,0.81023,1.32808e-07,4.75087e-07,0.0782236,0.276312,0.03069,0.02029,1.30667,0.82848,7.56601e-07,5.11199e-07,0.372657,0.234424,-0.0013,0.01449,-0.21649,2.43685,-1.25351e-07,1.4059e-06,-0.0323679,0.363771,0.0215,0.02304,1.16047,1.22056,6.71943e-07,7.25678e-07,0.296944,0.311939,0.01927,0.0275,0.63366,0.89361,3.66906e-07,5.26902e-07,0.202617,0.285617,0.11507,0.02904,2.72594,0.83181,1.5784e-06,4.03239e-07,1.00065,0.304706,,,,,,,,,,,,,,,,,,,,,,,,,,,,,,,,,,,,,,,,,,,,,,,,,,,,,,,,,,,,,,,,,,,,,,,,,,,,,,,,,,,,,,,,,,,,,,,,,,,,,,,,,,,,,,,,,,,,,,,,,,,,,,,,,,,,,,
EUR,triglycerides,TG,sumrhe,insample10,-1,24,0.26646,0.06718,0.04563,0.03513,1.37449,0.98741,8.06376e-07,6.24661e-07,0.453941,0.325907,0.01983,0.02239,1.17047,1.31669,6.86683e-07,7.81616e-07,0.285596,0.320822,-0.03392,0.01568,-3.48563,1.967,-2.04493e-06,9.51464e-07,-0.653873,0.368414,-0.00331,0.0079,-0.69815,1.72744,-4.09587e-07,9.83964e-07,-0.0922698,0.228161,-0.0011,0.02635,-0.05594,1.34211,-3.28166e-08,7.88994e-07,-0.0146376,0.351092,0.01605,0.02436,0.87335,1.30407,5.1237e-07,7.81496e-07,0.221337,0.33049,0.02801,0.01914,2.04234,1.43942,1.19819e-06,8.24098e-07,0.451282,0.317668,0.01262,0.01437,1.43636,1.66469,8.42675e-07,9.64598e-07,0.256477,0.297201,0.01792,0.01428,3.3165,2.65249,1.94571e-06,1.55784e-06,0.467434,0.374001,-0.03135,0.01609,-3.94498,2.43769,-2.31441e-06,1.19235e-06,-0.671077,0.414668,0.02413,0.01384,3.25455,1.92213,1.90936e-06,1.10386e-06,0.535283,0.315679,0.0248,0.0166,4.28639,2.84178,2.51471e-06,1.70517e-06,0.624663,0.412345,-0.00755,0.00893,-3.30449,4.01531,-1.93866e-06,2.31183e-06,-0.304775,0.369666,0.007,0.01182,1.53707,2.57996,9.01761e-07,1.53458e-06,0.199176,0.33394,-0.01077,0.01339,-2.17895,2.74086,-1.27833e-06,1.60055e-06,-0.293949,0.369478,-0.004,0.0104,-0.89032,2.30929,-5.2233e-07,1.36925e-06,-0.114592,0.296806,-0.00536,0.007,-4.06739,5.51892,-2.38623e-06,3.14422e-06,-0.285379,0.386315,0.00655,0.01031,2.0823,3.34229,1.22163e-06,1.93532e-06,0.22491,0.360719,0.03097,0.0118,8.11132,3.58869,4.7587e-06,1.82068e-06,0.964042,0.426794,0.02061,0.01365,5.40152,3.67441,3.16893e-06,2.11064e-06,0.641735,0.43631,0.00441,0.01301,0.92344,2.72373,5.41756e-07,1.60631e-06,0.12254,0.361395,0.01807,0.02143,1.15648,1.33715,6.78475e-07,8.10528e-07,0.271696,0.313792,-0.00739,0.02419,-0.2737,0.91791,-1.60572e-07,5.2868e-07,-0.0825745,0.276882,0.09461,0.02558,2.42865,0.78403,1.42482e-06,3.906e-07,0.85805,0.276233,,,,,,
EUR,testosterone,TT,sumrhe,insample10,-1,8,0.01024,0.06538,-0.05001,0.04668,-21.4756,550.15636,-4.84224e-07,4.53878e-07,-9.00142,375.696,-0.04575,0.03763,-24.88843,617.50526,-5.61176e-07,4.63666e-07,-9.55084,398.674,0.01375,0.03168,9.99199,272.32141,2.25296e-07,5.22082e-07,3.40772,137.466,0.04918,0.01752,53.76716,1209.41339,1.21232e-06,4.39832e-07,15.3342,570.476,-0.03169,0.01425,-135.26507,3220.69124,-3.04991e-06,1.36812e-06,-20.2238,784.05,0.04486,0.02521,62.19129,1453.48895,1.40227e-06,7.98857e-07,15.9134,621.521,0.00032,0.02927,0.2737,48.54082,6.17134e-09,5.60395e-07,0.0875168,16.4085,0.02957,0.02502,17.98764,413.44117,4.05579e-07,3.45021e-07,6.60339,244.084,,,,,,,,,,,,,,,,,,,,,,,,,,,,,,,,,,,,,,,,,,,,,,,,,,,,,,,,,,,,,,,,,,,,,,,,,,,,,,,,,,,,,,,,,,,,,,,,,,,,,,,,,,,,,,,,,,,,,,,,,,,,,,,,,,,,,,
EUR,testosterone,TT,sumrhe,insample10,-1,24,0.01091,0.06518,0.00908,0.03644,6.68164,173.31639,1.60452e-07,6.47355e-07,2.20666,57.5575,-0.01463,0.02375,-21.10416,757.24423,-5.06792e-07,8.26081e-07,-5.14936,185.027,-0.01057,0.01608,-26.53379,831.13506,-6.37178e-07,9.76313e-07,-4.97741,156.714,0.00548,0.00814,28.26221,853.02767,6.78684e-07,1.02013e-06,3.73515,113.661,-0.03845,0.02906,-47.67224,1480.61343,-1.14479e-06,8.69125e-07,-12.4747,389.907,-0.036,0.02489,-47.8468,1573.7834,-1.14899e-06,7.97904e-07,-12.1258,399.951,0.01484,0.02119,26.43921,829.58721,6.34907e-07,9.12253e-07,5.84197,184.217,0.02991,0.01341,83.1611,2478.62975,1.99702e-06,9.06975e-07,14.849,445.399,-0.01845,0.01588,-83.41397,2956.61042,-2.00309e-06,1.73281e-06,-11.7563,416.843,-0.00992,0.01764,-30.48171,1027.69786,-7.31983e-07,1.30892e-06,-5.18512,175.178,-0.024,0.01593,-79.05481,2454.79455,-1.89841e-06,1.26202e-06,-13.0031,406.013,0.00326,0.01073,13.7694,385.04459,3.30656e-07,1.0951e-06,2.0066,56.8789,-0.00358,0.01033,-38.26255,1171.39601,-9.18831e-07,2.67594e-06,-3.52891,108.56,0.01578,0.0136,84.68055,2809.28669,2.03351e-06,1.76685e-06,10.9728,364.719,0.04015,0.01567,198.51674,6153.40483,4.76715e-06,1.86891e-06,26.7802,833.35,0.00944,0.00955,51.36696,1573.20288,1.23352e-06,1.25291e-06,6.61209,203.718,-0.00642,0.00767,-119.01521,3882.46268,-2.85801e-06,3.41647e-06,-8.35026,273.072,0.01469,0.01206,114.05626,3611.18177,2.73893e-06,2.26919e-06,12.319,391.548,-0.00262,0.01238,-16.76686,541.31592,-4.02637e-07,1.91159e-06,-1.99273,64.9791,0.00288,0.00964,18.41895,597.05643,4.4231e-07,1.48803e-06,2.18941,71.0709,-0.02476,0.0131,-126.59666,3867.06905,-3.04007e-06,1.61558e-06,-16.7991,516.967,0.02991,0.02173,46.77291,1467.09574,1.1232e-06,8.23981e-07,10.9884,346.103,-0.00183,0.02665,-1.65316,60.07808,-3.96986e-08,5.82617e-07,-0.498746,18.9574,0.02671,0.02392,16.75002,486.78436,4.02232e-07,3.62288e-07,5.918,173.401,,,,,,
EUR,urate,UA,sumrhe,insample10,-1,8,0.1573,0.07784,-0.0252,0.04553,-0.70463,1.56111,-2.44031e-07,4.42794e-07,-0.295349,0.654363,0.05821,0.03861,2.06203,1.25536,7.14129e-07,4.75651e-07,0.791308,0.481685,0.00999,0.03246,0.47265,1.57572,1.6369e-07,5.34937e-07,0.161198,0.537278,0.0294,0.01869,2.09262,1.32469,7.24723e-07,4.72668e-07,0.596812,0.375342,-0.02302,0.01444,-6.3965,5.31983,-2.21526e-06,1.40444e-06,-0.956373,0.793506,0.01812,0.02505,1.63578,2.43824,5.66509e-07,7.87003e-07,0.418569,0.623742,0.00288,0.02702,0.15837,1.53408,5.48487e-08,5.17325e-07,0.0506413,0.490432,0.08691,0.0218,3.44239,1.85982,1.19218e-06,3.03589e-07,1.26363,0.683472,,,,,,,,,,,,,,,,,,,,,,,,,,,,,,,,,,,,,,,,,,,,,,,,,,,,,,,,,,,,,,,,,,,,,,,,,,,,,,,,,,,,,,,,,,,,,,,,,,,,,,,,,,,,,,,,,,,,,,,,,,,,,,,,,,,,,,
EUR,urate,UA,sumrhe,insample10,-1,24,0.15843,0.07824,-0.00457,0.03343,-0.23167,1.81875,-8.08082e-08,5.93724e-07,-0.0765105,0.600671,0.04118,0.02549,4.08852,2.56105,1.42613e-06,8.855e-07,0.997606,0.625307,-0.01578,0.01392,-2.72748,3.37916,-9.51383e-07,8.47674e-07,-0.511651,0.633187,0.01171,0.00988,4.15515,3.48577,1.44937e-06,1.24119e-06,0.549158,0.459688,-0.01309,0.02714,-1.11767,2.53648,-3.89858e-07,8.11953e-07,-0.292473,0.663709,-0.00166,0.02408,-0.15191,2.26361,-5.29883e-08,7.72656e-07,-0.0384994,0.573595,0.03369,0.02026,4.13174,2.68848,1.44121e-06,8.76161e-07,0.912961,0.59298,-0.00085,0.01169,-0.16306,2.31096,-5.68765e-08,7.86902e-07,-0.0291155,0.411986,-0.0044,0.01396,-1.36973,4.62502,-4.77781e-07,1.52659e-06,-0.193052,0.651309,0.0105,0.0163,2.22309,3.64338,7.75443e-07,1.21035e-06,0.378167,0.619399,-0.01209,0.0167,-2.74104,4.80774,-9.56114e-07,1.32864e-06,-0.45086,0.790854,0.00764,0.0101,2.22015,3.10494,7.74418e-07,1.0323e-06,0.323546,0.452094,-0.00284,0.00824,-2.09206,6.2116,-7.29741e-07,2.13125e-06,-0.192952,0.572016,0.00726,0.01295,2.6823,5.17506,9.35625e-07,1.67833e-06,0.347577,0.670271,0.00522,0.01309,1.7765,4.6049,6.19669e-07,1.56376e-06,0.239657,0.621064,0.01069,0.01207,4.00581,4.74786,1.39728e-06,1.61333e-06,0.515615,0.607109,-0.00197,0.00769,-2.50822,10.0607,-8.74901e-07,3.45255e-06,-0.175983,0.704863,-0.00252,0.01037,-1.34488,5.69797,-4.69113e-07,1.94553e-06,-0.145261,0.615166,-0.00737,0.01201,-3.24568,5.43458,-1.13214e-06,1.85385e-06,-0.385754,0.645875,0.01813,0.00933,7.98315,6.49444,2.78463e-06,1.4408e-06,0.94888,0.772748,-0.02088,0.01168,-7.35143,5.72145,-2.56428e-06,1.45136e-06,-0.975536,0.757048,0.02042,0.02364,2.19782,2.85091,7.66632e-07,8.93169e-07,0.516345,0.669186,0.00982,0.02549,0.61201,1.64278,2.13479e-07,5.57137e-07,0.184643,0.495475,0.07019,0.02177,3.0309,1.62258,1.05722e-06,3.32704e-07,1.07077,0.573653,,,,,,
EUR,bp_systolic,SBP,sumrhe,insample10,-1,8,0.13739,0.06423,0.06229,0.04528,1.99392,1.22498,6.0312e-07,4.41188e-07,0.835744,0.513311,0.05094,0.0356,2.06577,1.33235,6.24853e-07,4.38718e-07,0.792731,0.511442,-0.03822,0.02773,-2.07063,2.00928,-6.26323e-07,4.56944e-07,-0.706178,0.684787,0.02172,0.01428,1.77026,1.28184,5.35466e-07,3.56922e-07,0.504871,0.363935,0.00632,0.01406,2.01231,4.52618,6.08681e-07,1.36927e-06,0.300864,0.674789,0.02257,0.02299,2.33272,2.41056,7.056e-07,7.23697e-07,0.596893,0.616467,-0.00255,0.02572,-0.16038,1.63738,-4.85126e-08,4.92427e-07,-0.0512828,0.523529,0.01431,0.01908,0.64888,0.86791,1.96272e-07,2.63499e-07,0.238207,0.318325,,,,,,,,,,,,,,,,,,,,,,,,,,,,,,,,,,,,,,,,,,,,,,,,,,,,,,,,,,,,,,,,,,,,,,,,,,,,,,,,,,,,,,,,,,,,,,,,,,,,,,,,,,,,,,,,,,,,,,,,,,,,,,,,,,,,,,
EUR,bp_systolic,SBP,sumrhe,insample10,-1,24,0.13771,0.06421,0.02295,0.03168,1.33788,1.74245,4.05624e-07,5.63177e-07,0.441844,0.575262,0.04803,0.02132,5.48542,3.28382,1.66309e-06,7.4464e-07,1.33843,0.799921,-0.01752,0.01432,-3.48343,3.589,-1.05612e-06,8.7112e-07,-0.653447,0.672003,-0.00696,0.00614,-2.84389,2.96845,-8.62223e-07,7.75713e-07,-0.375851,0.389084,0.01736,0.02806,1.70497,2.59141,5.16919e-07,8.405e-07,0.44615,0.677887,-0.01254,0.02383,-1.3203,2.78652,-4.00295e-07,7.65393e-07,-0.334605,0.705858,-0.01022,0.01897,-1.44201,2.83768,-4.37194e-07,8.15174e-07,-0.318624,0.626896,0.02149,0.01038,4.73359,2.88247,1.43515e-06,7.03935e-07,0.845215,0.511822,0.02062,0.01382,7.38464,5.4197,2.2389e-06,1.50434e-06,1.04078,0.765187,0.01484,0.01682,3.6128,4.0922,1.09534e-06,1.24764e-06,0.614559,0.696341,0.00114,0.01394,0.29697,3.6379,9.0038e-08,1.10876e-06,0.048847,0.598313,0.005,0.00956,1.67246,3.25713,5.07062e-07,9.76387e-07,0.243725,0.474296,0.00264,0.00933,2.23434,7.98558,6.77417e-07,2.40958e-06,0.206071,0.736072,-0.00379,0.01241,-1.61309,5.46934,-4.89063e-07,1.60801e-06,-0.209022,0.708486,-0.01378,0.01203,-5.39835,5.6095,-1.63669e-06,1.43502e-06,-0.728245,0.756638,-0.00016,0.00948,-0.07057,4.12965,-2.13945e-08,1.25292e-06,-0.00908345,0.529837,-0.00937,0.00708,-13.75032,12.7198,-4.16888e-06,3.20903e-06,-0.96474,0.886943,0.0239,0.01144,14.70126,9.10145,4.45719e-06,2.1468e-06,1.58786,0.98381,0.01611,0.01303,8.16423,7.42011,2.47526e-06,2.01231e-06,0.970311,0.882007,0.00592,0.0085,2.99787,4.37919,9.08905e-07,1.31365e-06,0.356348,0.520143,0.01561,0.01195,6.32116,5.51565,1.91648e-06,1.50212e-06,0.838803,0.72759,0.0018,0.0211,0.22302,2.61996,6.76156e-08,7.97034e-07,0.0523938,0.61521,-0.01464,0.02352,-1.04975,1.78582,-3.18267e-07,5.13849e-07,-0.316702,0.538881,0.0093,0.01903,0.46209,0.9467,1.40097e-07,2.88453e-07,0.163261,0.334265,,,,,,
EUR,alanine_aminotransferase,ALT,sumrhe,insample10,-1,8,0.21663,0.05918,-0.002,0.04039,-0.04067,0.82798,-1.93997e-08,3.93108e-07,-0.0170486,0.347006,0.07219,0.03525,1.85677,0.82689,8.85584e-07,4.34107e-07,0.712528,0.31737,0.01114,0.02899,0.3828,0.97163,1.82577e-07,4.77384e-07,0.130553,0.331373,0.03344,0.0129,1.72827,0.7774,8.24298e-07,3.21155e-07,0.492897,0.220789,-0.00617,0.01469,-1.24412,3.0309,-5.93383e-07,1.42208e-06,-0.186011,0.452987,0.02892,0.02344,1.89501,1.53186,9.03824e-07,7.35233e-07,0.484892,0.392387,0.04259,0.02835,1.70067,1.18733,8.11133e-07,5.4363e-07,0.543792,0.379516,0.03652,0.022,1.05019,0.65223,5.00887e-07,3.04807e-07,0.385532,0.238892,,,,,,,,,,,,,,,,,,,,,,,,,,,,,,,,,,,,,,,,,,,,,,,,,,,,,,,,,,,,,,,,,,,,,,,,,,,,,,,,,,,,,,,,,,,,,,,,,,,,,,,,,,,,,,,,,,,,,,,,,,,,,,,,,,,,,,
EUR,alanine_aminotransferase,ALT,sumrhe,insample10,-1,24,0.21966,0.05945,-0.01023,0.03265,-0.37393,1.23936,-1.80839e-07,5.79876e-07,-0.123492,0.409311,0.05132,0.02245,3.67453,1.69337,1.77708e-06,7.80506e-07,0.896577,0.413134,-0.00663,0.0151,-0.82681,1.94106,-3.99861e-07,9.17292e-07,-0.155098,0.363624,0.02124,0.0091,5.4378,2.71162,2.62983e-06,1.18701e-06,0.718662,0.351055,-0.0089,0.02486,-0.54801,1.56068,-2.6503e-07,7.44153e-07,-0.143402,0.408364,0.00722,0.02329,0.47641,1.51208,2.30404e-07,7.47348e-07,0.120738,0.383148,0.00324,0.01733,0.28658,1.51893,1.38597e-07,7.45606e-07,0.0633228,0.335532,-0.00772,0.00939,-1.06564,1.3276,-5.15368e-07,6.36924e-07,-0.190278,0.235741,0.01801,0.01411,4.04332,3.25118,1.95544e-06,1.5364e-06,0.569862,0.45897,0.00376,0.01672,0.57318,2.53693,2.77203e-07,1.24093e-06,0.0975018,0.431462,0.01379,0.01457,2.25657,2.3391,1.09132e-06,1.15953e-06,0.371165,0.384506,0.02131,0.012,4.46808,2.71759,2.16086e-06,1.22629e-06,0.651129,0.395151,-0.00023,0.01015,-0.12286,5.40604,-5.94155e-08,2.62289e-06,-0.0113308,0.498196,0.00583,0.01153,1.55358,3.07515,7.51343e-07,1.49409e-06,0.201311,0.39842,-0.00142,0.01228,-0.34803,3.01492,-1.68314e-07,1.46556e-06,-0.0469495,0.406641,-0.00174,0.01001,-0.47124,2.71913,-2.27902e-07,1.31994e-06,-0.0606595,0.349358,0.01543,0.00813,14.19454,8.35819,6.86478e-06,3.76167e-06,0.995907,0.578336,0.01832,0.01086,7.06616,4.52177,3.41734e-06,2.04383e-06,0.763205,0.487798,0.01774,0.0114,5.63457,3.86034,2.725e-06,1.76124e-06,0.669664,0.458715,0.01523,0.01173,4.83581,3.84794,2.3387e-06,1.81048e-06,0.574819,0.456886,-0.02069,0.01309,-5.25218,3.79047,-2.54007e-06,1.63211e-06,-0.696952,0.501102,0.01293,0.02189,1.00414,1.67697,4.85623e-07,8.25784e-07,0.235903,0.394094,0.02715,0.02728,1.22047,1.24766,5.90247e-07,5.96163e-07,0.368209,0.376423,0.02472,0.02071,0.76978,0.65427,3.72281e-07,3.14698e-07,0.271973,0.230774,,,,,,
EUR,heel_bone_mineral_density,BMD,sumrhe,insample10,-1,8,0.14848,0.10666,-0.10326,0.07574,-3.05841,4.02531,-9.99772e-07,7.36494e-07,-1.28192,1.68739,0.00153,0.05927,0.05739,2.23655,1.87588e-08,7.30802e-07,0.0220213,0.858219,0.02263,0.04746,1.13456,2.40139,3.70881e-07,7.81808e-07,0.386937,0.818763,-0.01619,0.02463,-1.22096,2.11273,-3.99124e-07,6.10523e-07,-0.348214,0.602342,-0.03551,0.02412,-10.45511,10.92541,-3.4177e-06,2.33833e-06,-1.56317,1.63387,-0.00016,0.04118,-0.01491,3.95766,-4.87421e-09,1.29511e-06,-0.00381533,1.01221,0.11393,0.04605,6.63759,4.85308,2.16978e-06,8.86467e-07,2.12238,1.55158,0.1655,0.03665,6.94303,4.93305,2.26963e-06,5.12026e-07,2.54884,1.8088,,,,,,,,,,,,,,,,,,,,,,,,,,,,,,,,,,,,,,,,,,,,,,,,,,,,,,,,,,,,,,,,,,,,,,,,,,,,,,,,,,,,,,,,,,,,,,,,,,,,,,,,,,,,,,,,,,,,,,,,,,,,,,,,,,,,,,
EUR,heel_bone_mineral_density,BMD,sumrhe,insample10,-1,24,0.141,0.10706,-0.10462,0.05619,-5.95519,6.74004,-1.84872e-06,9.95767e-07,-1.96674,2.22666,0.01425,0.03319,1.58991,3.6775,4.93571e-07,1.15492e-06,0.387935,0.89723,0.01026,0.02412,1.99159,4.76835,6.18267e-07,1.4608e-06,0.373597,0.894274,-0.00589,0.01235,-2.34743,5.74674,-7.28732e-07,1.53775e-06,-0.310237,0.758885,-0.01118,0.04382,-1.0719,4.55698,-3.32759e-07,1.31157e-06,-0.280491,1.19232,0.01165,0.04343,1.19731,4.39915,3.71692e-07,1.39333e-06,0.303436,1.11472,-0.01313,0.0315,-1.80965,4.68352,-5.61787e-07,1.3548e-06,-0.399859,1.03452,-0.00405,0.01436,-0.87039,3.18651,-2.70202e-07,9.64849e-07,-0.155414,0.568637,0.01829,0.02352,6.3991,8.91793,1.98653e-06,2.56466e-06,0.901883,1.25876,-0.04366,0.02356,-10.38094,10.20724,-3.22265e-06,1.74916e-06,-1.76586,1.7368,0.01388,0.02574,3.53603,6.90851,1.09772e-06,2.04891e-06,0.581613,1.13547,-0.02621,0.01436,-8.56355,7.87076,-2.65846e-06,1.4734e-06,-1.24796,1.14545,-0.00722,0.01591,-5.96915,15.02597,-1.85306e-06,4.11643e-06,-0.550528,1.3841,0.01808,0.02117,7.50445,10.56499,2.32967e-06,2.74131e-06,0.972418,1.36923,0.02014,0.02178,7.70203,10.98209,2.39101e-06,2.60121e-06,1.03901,1.48026,0.0212,0.01228,8.92112,8.9285,2.76946e-06,1.62684e-06,1.14835,1.14728,-0.00418,0.01134,-5.99365,16.86959,-1.86066e-06,5.0839e-06,-0.420523,1.18237,-0.00273,0.01887,-1.64273,11.44037,-5.09967e-07,3.53808e-06,-0.177429,1.23546,-0.02195,0.01863,-10.86113,13.11049,-3.37171e-06,2.88247e-06,-1.29084,1.5564,0.01244,0.01504,6.15447,8.84643,1.91059e-06,2.32569e-06,0.731564,1.05059,-0.03193,0.02156,-12.62815,13.69171,-3.92027e-06,2.6696e-06,-1.67573,1.81719,-0.00121,0.03568,-0.1461,4.36131,-4.53538e-08,1.34855e-06,-0.0343224,1.02393,0.12855,0.04283,9.00218,6.77824,2.79463e-06,9.42151e-07,2.7159,2.04549,0.15022,0.03682,7.28684,5.45315,2.26212e-06,5.63431e-07,2.57454,1.92437,,,,,,
EUR,creatinine,CRT,sumrhe,insample10,-1,8,0.24448,0.06103,0.03774,0.04206,0.67892,0.67411,3.65436e-07,4.09545e-07,0.284567,0.282451,0.0069,0.03089,0.15716,0.69377,8.45905e-08,3.80773e-07,0.0603078,0.266244,0.01422,0.0266,0.43296,0.7955,2.33045e-07,4.38554e-07,0.147659,0.271178,0.01806,0.01632,0.82717,0.7885,4.45235e-07,4.11217e-07,0.235907,0.223343,0.01436,0.01615,2.56695,2.77928,1.38169e-06,1.57714e-06,0.38379,0.41345,0.05858,0.02319,3.40173,1.42288,1.83102e-06,7.31316e-07,0.87043,0.363313,-0.00768,0.02701,-0.27181,0.97626,-1.46306e-07,5.17029e-07,-0.0869123,0.312159,0.10231,0.02244,2.60656,0.80547,1.40301e-06,3.11995e-07,0.956887,0.295489,,,,,,,,,,,,,,,,,,,,,,,,,,,,,,,,,,,,,,,,,,,,,,,,,,,,,,,,,,,,,,,,,,,,,,,,,,,,,,,,,,,,,,,,,,,,,,,,,,,,,,,,,,,,,,,,,,,,,,,,,,,,,,,,,,,,,,
EUR,creatinine,CRT,sumrhe,insample10,-1,24,0.24401,0.06101,0.0281,0.03214,0.92419,0.98687,4.96492e-07,5.7077e-07,0.305221,0.325903,0.00354,0.02027,0.22815,1.29852,1.22566e-07,7.05607e-07,0.0556679,0.316773,-0.01857,0.01455,-2.08319,1.79762,-1.11913e-06,8.82471e-07,-0.39078,0.337008,0.0117,0.00854,2.69543,2.06662,1.44803e-06,1.07798e-06,0.35623,0.271272,-0.00122,0.02582,-0.06781,1.43502,-3.64272e-08,7.73042e-07,-0.0177435,0.375412,0.00943,0.0232,0.56022,1.359,3.00959e-07,7.44318e-07,0.141977,0.344394,0.02069,0.0191,1.64734,1.56607,8.84979e-07,8.19983e-07,0.363994,0.34623,-0.01134,0.00928,-1.40939,1.20124,-7.57148e-07,6.24294e-07,-0.251656,0.214172,0.00959,0.01318,1.93922,2.63048,1.04179e-06,1.44219e-06,0.273312,0.370284,0.0084,0.01539,1.15429,2.10568,6.20105e-07,1.14154e-06,0.196351,0.35824,0.00687,0.01515,1.01126,2.20384,5.43267e-07,1.2067e-06,0.166334,0.362212,0.00129,0.01058,0.24278,1.99927,1.30424e-07,1.08193e-06,0.0353795,0.290916,0.00071,0.01028,0.3386,4.93005,1.819e-07,2.65941e-06,0.0312284,0.454057,-0.0172,0.01335,-4.12593,3.44285,-2.21652e-06,1.73083e-06,-0.534633,0.445878,0.01029,0.01259,2.2736,2.88023,1.22142e-06,1.50317e-06,0.306712,0.388451,0.01953,0.01344,4.74857,3.57741,2.55102e-06,1.81939e-06,0.611249,0.45461,-0.00094,0.00632,-0.78155,5.26976,-4.19862e-07,2.83368e-06,-0.0548345,0.369411,0.02167,0.01165,7.52302,4.34519,4.0415e-06,2.18903e-06,0.812549,0.46867,-0.01842,0.01004,-5.26678,3.30056,-2.82941e-06,1.54875e-06,-0.625952,0.392193,0.01108,0.00948,3.1687,2.85083,1.70228e-06,1.46831e-06,0.376654,0.338436,0.01545,0.01473,3.53219,3.26432,1.89756e-06,1.83579e-06,0.468714,0.430898,0.03806,0.02014,2.66023,1.42014,1.42912e-06,7.60574e-07,0.624968,0.333449,0.00721,0.02532,0.29168,1.00868,1.56694e-07,5.53387e-07,0.0879971,0.304249,0.0881,0.02201,2.46938,0.80503,1.3266e-06,3.3527e-07,0.872464,0.284311,,,,,,
EUR,diastolic_blood_pressure,DBP,sumrhe,insample10,-1,8,0.08113,0.0656,-0.07966,0.04633,-4.3181,5.4529,-7.71284e-07,4.51691e-07,-1.80992,2.28464,0.03825,0.03818,2.62733,2.49969,4.69283e-07,4.70871e-07,1.00823,0.959376,0.00934,0.0272,0.85692,2.45468,1.53061e-07,4.48147e-07,0.29225,0.837124,-0.01363,0.01395,-1.88133,2.61297,-3.36037e-07,3.45221e-07,-0.536549,0.745202,0.04661,0.0142,25.11522,20.6817,4.48599e-06,1.402e-06,3.75503,3.08385,0.01223,0.02334,2.14047,4.12851,3.82323e-07,7.33926e-07,0.5477,1.05593,0.0356,0.02607,3.79581,4.02494,6.77994e-07,4.99917e-07,1.21372,1.2867,0.03238,0.02017,2.48598,2.40151,4.44036e-07,2.79987e-07,0.912621,0.880453,,,,,,,,,,,,,,,,,,,,,,,,,,,,,,,,,,,,,,,,,,,,,,,,,,,,,,,,,,,,,,,,,,,,,,,,,,,,,,,,,,,,,,,,,,,,,,,,,,,,,,,,,,,,,,,,,,,,,,,,,,,,,,,,,,,,,,
EUR,diastolic_blood_pressure,DBP,sumrhe,insample10,-1,24,0.08197,0.06552,-0.02348,0.03152,-2.29914,4.32089,-4.14915e-07,5.60312e-07,-0.759308,1.42646,-0.00159,0.02218,-0.30438,4.3931,-5.49293e-08,7.72218e-07,-0.0742672,1.07168,0.01973,0.01392,6.59084,6.46769,1.18941e-06,8.42605e-07,1.23636,1.21454,-0.00824,0.00887,-5.65208,7.88009,-1.02e-06,1.1052e-06,-0.746983,1.04048,-0.04396,0.02611,-7.25338,8.44938,-1.30898e-06,7.80198e-07,-1.89804,2.21049,0.03003,0.02294,5.31151,5.06521,9.58542e-07,7.35649e-07,1.3461,1.28417,-0.01541,0.01771,-3.65271,5.52646,-6.59186e-07,7.60508e-07,-0.807098,1.22156,-0.00484,0.01087,-1.7928,4.4134,-3.23538e-07,7.30639e-07,-0.320117,0.787399,-0.01117,0.01422,-6.71873,10.93655,-1.2125e-06,1.55798e-06,-0.946932,1.53906,0.03173,0.01814,12.9776,11.59564,2.342e-06,1.34952e-06,2.20757,1.97139,0.00522,0.01453,2.288,6.54576,4.12904e-07,1.15611e-06,0.376335,1.07629,0.0066,0.00994,3.70898,6.33048,6.6934e-07,1.01275e-06,0.540505,0.922949,-0.00057,0.00919,-0.81367,13.45898,-1.46839e-07,2.37501e-06,-0.0750439,1.24019,-0.0227,0.01136,-16.2138,16.46691,-2.92602e-06,1.47982e-06,-2.10097,2.13217,-0.0027,0.01246,-1.77636,8.34355,-3.2057e-07,1.48727e-06,-0.239633,1.1255,-0.00532,0.00773,-3.85017,6.64867,-6.9482e-07,1.01484e-06,-0.495604,0.855846,0.00505,0.00694,12.44255,20.12298,2.24544e-06,3.10378e-06,0.872986,1.41032,0.00813,0.01028,8.40137,13.04168,1.51615e-06,1.92732e-06,0.907419,1.40822,0.00755,0.01199,6.42618,11.44688,1.1597e-06,1.85063e-06,0.763745,1.36065,-0.0042,0.00858,-3.57375,7.99914,-6.44937e-07,1.32419e-06,-0.424802,0.950732,0.04178,0.01278,28.42453,23.02523,5.12963e-06,1.62947e-06,3.77187,3.046,0.00641,0.02059,1.33467,4.17815,2.40861e-07,7.77537e-07,0.313554,0.981291,0.02963,0.02369,3.56931,3.89428,6.44135e-07,5.1847e-07,1.07684,1.17462,0.0343,0.01975,2.86166,2.66839,5.1643e-07,3.01113e-07,1.01106,0.941622,,,,,,
EUR,educational_qualification,EA,sumrhe,insample10,-1,8,0.2966,0.05816,0.03743,0.04242,0.55498,0.57747,3.62403e-07,4.13654e-07,0.232616,0.241826,0.04855,0.03451,0.91203,0.60058,5.95563e-07,4.25296e-07,0.349989,0.230495,0.00518,0.02315,0.12988,0.57508,8.48154e-08,3.81438e-07,0.0442964,0.196082,-0.00323,0.01243,-0.12175,0.47661,-7.95023e-08,3.08742e-07,-0.0347221,0.135746,-0.01126,0.01229,-1.6589,1.88105,-1.08327e-06,1.18728e-06,-0.248025,0.281405,0.0798,0.02332,3.82001,1.26273,2.49449e-06,7.28732e-07,0.977459,0.323755,0.05526,0.02645,1.61175,0.77449,1.05249e-06,5.0727e-07,0.515361,0.247442,0.08486,0.02124,1.78212,0.51784,1.16373e-06,2.94228e-07,0.654228,0.189552,,,,,,,,,,,,,,,,,,,,,,,,,,,,,,,,,,,,,,,,,,,,,,,,,,,,,,,,,,,,,,,,,,,,,,,,,,,,,,,,,,,,,,,,,,,,,,,,,,,,,,,,,,,,,,,,,,,,,,,,,,,,,,,,,,,,,,
EUR,educational_qualification,EA,sumrhe,insample10,-1,24,0.29748,0.05831,0.01008,0.03182,0.27196,0.83704,1.78118e-07,5.65532e-07,0.0898179,0.276344,0.03145,0.02044,1.66297,1.07229,1.08914e-06,7.08034e-07,0.405761,0.262115,-0.00601,0.01386,-0.55287,1.29527,-3.62091e-07,8.39083e-07,-0.103711,0.242997,-0.00356,0.00601,-0.67226,1.17669,-4.40283e-07,7.5196e-07,-0.0888458,0.155045,0.05045,0.02334,2.29366,1.04154,1.50219e-06,7.01067e-07,0.600196,0.272221,-0.0172,0.02295,-0.83797,1.16942,-5.48816e-07,7.36038e-07,-0.212368,0.296341,0.01176,0.01813,0.76791,1.18419,5.02933e-07,7.80047e-07,0.169677,0.26156,-0.00339,0.00819,-0.34561,0.83646,-2.26354e-07,5.50158e-07,-0.0617116,0.149289,-0.01582,0.01357,-2.62249,2.38428,-1.71756e-06,1.48546e-06,-0.369611,0.335616,0.02582,0.01516,2.91008,1.70333,1.90591e-06,1.12546e-06,0.495021,0.289642,-0.01095,0.01435,-1.32271,1.76581,-8.66288e-07,1.1419e-06,-0.217562,0.290283,0.01436,0.0085,2.22316,1.3425,1.45603e-06,8.6574e-07,0.323979,0.195612,-0.00785,0.00764,-3.07553,3.19888,-2.01427e-06,1.98546e-06,-0.283652,0.294044,0.00782,0.01238,1.53819,2.41279,1.00741e-06,1.60703e-06,0.199317,0.312376,0.01296,0.01266,2.35028,2.32516,1.53928e-06,1.51019e-06,0.317056,0.313766,-0.00904,0.00771,-1.80232,1.62224,-1.1804e-06,1.02365e-06,-0.232,0.20757,0.00466,0.00691,3.16639,4.72555,2.07378e-06,3.10076e-06,0.222158,0.330948,0.02487,0.01112,7.08069,3.51455,4.63738e-06,2.08293e-06,0.764774,0.379726,-0.00114,0.01054,-0.26754,2.4883,-1.75222e-07,1.62775e-06,-0.0317971,0.295737,0.00521,0.00896,1.222,2.09592,8.00327e-07,1.3836e-06,0.145255,0.248999,-0.01508,0.01086,-2.82717,2.18114,-1.85161e-06,1.34332e-06,-0.375159,0.289083,0.05559,0.02156,3.18755,1.29348,2.08764e-06,8.12141e-07,0.748853,0.304133,0.05366,0.02435,1.78124,0.83083,1.16659e-06,5.32904e-07,0.537387,0.250513,0.07881,0.02028,1.81197,0.54739,1.18672e-06,3.08927e-07,0.640192,0.192798,,,,,,
EUR,fluid_intelligence_score,FI,sumrhe,insample10,-1,8,0.43034,0.13175,0.11996,0.09997,1.22587,0.87718,1.16144e-06,9.71212e-07,0.513818,0.367838,0.11676,0.07911,1.51185,0.96325,1.4324e-06,9.75444e-07,0.580167,0.369615,0.07472,0.0591,1.29225,1.03485,1.22433e-06,9.72421e-07,0.440715,0.353169,-0.00403,0.02867,-0.10479,0.75614,-9.92799e-08,7.12599e-07,-0.0298848,0.215333,0.06486,0.03684,6.58858,3.91582,6.24232e-06,3.63545e-06,0.985072,0.579752,-0.03897,0.05484,-1.28582,1.93312,-1.21824e-06,1.72566e-06,-0.329013,0.49418,0.0377,0.05607,0.75782,1.11543,7.17989e-07,1.07468e-06,0.242313,0.356419,0.05933,0.04287,0.85879,0.62556,8.13658e-07,5.92658e-07,0.315268,0.229462,,,,,,,,,,,,,,,,,,,,,,,,,,,,,,,,,,,,,,,,,,,,,,,,,,,,,,,,,,,,,,,,,,,,,,,,,,,,,,,,,,,,,,,,,,,,,,,,,,,,,,,,,,,,,,,,,,,,,,,,,,,,,,,,,,,,,,
EUR,fluid_intelligence_score,FI,sumrhe,insample10,-1,24,0.43059,0.13207,0.07835,0.08053,1.46044,1.3826,1.3845e-06,1.4297e-06,0.48232,0.45663,0.03335,0.0489,1.21813,1.73887,1.15479e-06,1.70272e-06,0.297221,0.424213,-0.02151,0.03083,-1.36801,2.0015,-1.29687e-06,1.87075e-06,-0.256621,0.375198,-0.00116,0.01476,-0.15114,1.95072,-1.43284e-07,1.8449e-06,-0.0199751,0.257228,0.02585,0.06091,0.81189,1.86591,7.69672e-07,1.82252e-06,0.212452,0.488271,0.0591,0.05607,1.98952,1.89015,1.88607e-06,1.79936e-06,0.504204,0.478871,0.05602,0.0422,2.52749,1.98973,2.39607e-06,1.81366e-06,0.558471,0.439836,-0.00266,0.01909,-0.18721,1.35392,-1.77476e-07,1.28473e-06,-0.0334277,0.241441,0.00027,0.02958,0.03047,3.40149,2.88902e-08,3.23223e-06,0.00429509,0.479111,0.04781,0.03822,3.72294,3.12195,3.52936e-06,2.83343e-06,0.633294,0.53103,0.0546,0.03391,4.5568,2.98394,4.31986e-06,2.69884e-06,0.74951,0.490837,-0.01142,0.02046,-1.2213,2.27745,-1.1578e-06,2.09427e-06,-0.177979,0.331244,0.0148,0.02031,4.00639,5.40871,3.79807e-06,5.24753e-06,0.369505,0.498343,-0.02407,0.02617,-3.27259,3.81199,-3.10243e-06,3.39299e-06,-0.424059,0.493683,-0.00846,0.02512,-1.05903,3.1728,-1.00396e-06,2.99795e-06,-0.142864,0.427985,0.01002,0.01843,1.38107,2.60652,1.30926e-06,2.44299e-06,0.177775,0.334125,0.03537,0.01518,16.60627,8.52023,1.57428e-05,6.86412e-06,1.16512,0.592839,-0.0288,0.02534,-5.6665,5.45537,-5.37186e-06,4.76101e-06,-0.612029,0.58836,-0.0116,0.02605,-1.88,4.38835,-1.78225e-06,4.03051e-06,-0.223437,0.521019,0.01915,0.02321,3.10211,3.90309,2.94081e-06,3.59516e-06,0.368738,0.463256,0.03,0.03319,3.88515,4.28636,3.68314e-06,4.15876e-06,0.51555,0.564614,-0.01116,0.04926,-0.4419,1.99017,-4.18921e-07,1.86177e-06,-0.103815,0.467213,0.04615,0.05387,1.05838,1.2516,1.00335e-06,1.1791e-06,0.319307,0.377226,0.04058,0.04165,0.64465,0.6531,6.11128e-07,6.31351e-07,0.227762,0.230631,,,,,,
EUR,hand_grip_strength,GRIP,sumrhe,insample10,-1,8,0.14672,0.05745,-0.01423,0.04243,-0.42667,1.38322,-1.37826e-07,4.13009e-07,-0.178838,0.579716,0.00324,0.03441,0.12288,1.30162,3.9692e-08,4.24332e-07,0.0471529,0.499466,0.02415,0.0257,1.22511,1.27201,3.95742e-07,4.23188e-07,0.417816,0.433697,0.00435,0.01352,0.33198,1.02623,1.07239e-07,3.35653e-07,0.0946796,0.292442,0.0124,0.01398,3.69503,4.34513,1.19359e-06,1.36506e-06,0.552451,0.647307,0.04795,0.02108,4.64003,2.44535,1.49885e-06,6.67048e-07,1.18728,0.62516,0.00679,0.02532,0.40043,1.49204,1.29348e-07,4.84761e-07,0.128037,0.477029,0.06207,0.01891,2.63522,1.18924,8.51248e-07,2.62044e-07,0.96741,0.436411,,,,,,,,,,,,,,,,,,,,,,,,,,,,,,,,,,,,,,,,,,,,,,,,,,,,,,,,,,,,,,,,,,,,,,,,,,,,,,,,,,,,,,,,,,,,,,,,,,,,,,,,,,,,,,,,,,,,,,,,,,,,,,,,,,,,,,
EUR,hand_grip_strength,GRIP,sumrhe,insample10,-1,24,0.1443,0.05773,-0.05825,0.03127,-3.2401,2.6209,-1.02934e-06,5.56132e-07,-1.07006,0.865218,0.01706,0.01989,1.85938,2.08248,5.90703e-07,6.93234e-07,0.453683,0.507713,0.00754,0.01411,1.43081,2.63947,4.54552e-07,8.56156e-07,0.268402,0.494715,-0.00247,0.00652,-0.96399,2.62161,-3.0625e-07,8.14454e-07,-0.127402,0.345688,0.03022,0.02682,2.83202,2.42093,8.997e-07,8.05904e-07,0.741073,0.632406,-0.02367,0.02229,-2.37807,2.61303,-7.55485e-07,7.14554e-07,-0.602675,0.662141,0.01624,0.01739,2.18695,2.35787,6.9477e-07,7.47186e-07,0.483227,0.520859,0.01005,0.01001,2.11171,2.14155,6.70866e-07,6.72736e-07,0.377061,0.382023,0.0048,0.01322,1.63909,4.53352,5.20719e-07,1.44067e-06,0.231011,0.639297,-0.01259,0.01525,-2.92499,3.98227,-9.29236e-07,1.13101e-06,-0.497558,0.677478,0.0099,0.01333,2.46585,3.5644,7.83373e-07,1.06083e-06,0.405588,0.58604,0.00446,0.0102,1.42506,3.34332,4.52726e-07,1.04269e-06,0.207673,0.486561,0.00882,0.0085,7.1282,7.50834,2.26455e-06,2.20438e-06,0.657426,0.691157,0.02393,0.012,9.70812,6.22508,3.08416e-06,1.55644e-06,1.25797,0.806724,-0.0117,0.0102,-4.37319,4.45024,-1.38931e-06,1.21695e-06,-0.58995,0.600497,-0.00886,0.00687,-3.64436,3.10709,-1.15777e-06,9.01651e-07,-0.469111,0.400061,0.00182,0.00745,2.54921,10.60302,8.09855e-07,3.34871e-06,0.178856,0.741944,0.00239,0.01008,1.40326,5.96,4.45801e-07,1.89092e-06,0.151564,0.643594,0.00824,0.01,3.98708,5.03252,1.26665e-06,1.54325e-06,0.473861,0.598272,0.0025,0.00888,1.20624,4.34016,3.83209e-07,1.37345e-06,0.143383,0.515461,0.0097,0.01228,3.74812,4.78707,1.19073e-06,1.52971e-06,0.497367,0.632827,0.04289,0.02056,5.06978,2.82706,1.61061e-06,7.80452e-07,1.19104,0.664006,0.00014,0.02377,0.00954,1.63461,3.0307e-09,5.19398e-07,0.00287811,0.493118,0.06115,0.01773,2.89844,1.30598,9.20802e-07,2.70125e-07,1.02406,0.461204,,,,,,
EUR,haemoglobin_concentration,Hb,sumrhe,insample10,-1,8,0.13686,0.06199,-0.0942,0.04882,-3.02698,2.57298,-9.12111e-07,4.73917e-07,-1.26875,1.07895,0.01768,0.03355,0.7196,1.27527,2.16834e-07,4.13812e-07,0.276143,0.489317,0.04225,0.0296,2.29725,1.70527,6.92223e-07,4.86933e-07,0.783465,0.581708,0.01017,0.0163,0.83217,1.31898,2.50754e-07,4.08578e-07,0.237331,0.374343,-0.00573,0.01405,-1.8309,4.56474,-5.517e-07,1.36275e-06,-0.273742,0.681626,0.09175,0.02237,9.51782,4.45538,2.86798e-06,7.12229e-07,2.4354,1.13901,0.02808,0.02645,1.7749,1.78783,5.34825e-07,5.06314e-07,0.567527,0.571597,0.04687,0.02178,2.13323,1.23138,6.42801e-07,3.01358e-07,0.783125,0.451473,,,,,,,,,,,,,,,,,,,,,,,,,,,,,,,,,,,,,,,,,,,,,,,,,,,,,,,,,,,,,,,,,,,,,,,,,,,,,,,,,,,,,,,,,,,,,,,,,,,,,,,,,,,,,,,,,,,,,,,,,,,,,,,,,,,,,,
EUR,haemoglobin_concentration,Hb,sumrhe,insample10,-1,24,0.13251,0.06192,-0.11146,0.0372,-6.75077,4.58116,-1.96949e-06,6.59091e-07,-2.22949,1.51391,-0.00649,0.02056,-0.77048,2.53407,-2.24783e-07,7.15755e-07,-0.187996,0.618251,0.00937,0.01566,1.93533,3.27035,5.64618e-07,9.49206e-07,0.363043,0.613398,-0.00036,0.0077,-0.15486,3.3136,-4.51795e-08,9.63494e-07,-0.0204665,0.436877,0.0156,0.02643,1.59189,2.59855,4.64423e-07,7.92936e-07,0.416561,0.679197,0.02396,0.02376,2.62109,2.56987,7.64685e-07,7.6218e-07,0.664265,0.651266,0.00231,0.01842,0.33915,2.69399,9.89456e-08,7.92384e-07,0.0749389,0.595074,0.00911,0.01033,2.08627,2.42318,6.08653e-07,6.99406e-07,0.372517,0.430887,-0.00397,0.01342,-1.47593,5.15595,-4.30592e-07,1.46955e-06,-0.208016,0.725557,-0.01978,0.01655,-5.00484,5.14323,-1.46013e-06,1.22673e-06,-0.851353,0.875229,0.02549,0.01476,6.91155,4.88927,2.0164e-06,1.17405e-06,1.13683,0.803383,0.01279,0.00966,4.4479,3.96061,1.29764e-06,9.82448e-07,0.648188,0.576877,0.00339,0.01018,2.98285,8.88255,8.70224e-07,2.6321e-06,0.275105,0.818077,0.02224,0.01322,9.82309,6.87699,2.86582e-06,1.71028e-06,1.27287,0.891794,0.01106,0.01276,4.49942,5.48366,1.31267e-06,1.52129e-06,0.606978,0.740191,-0.00937,0.00803,-4.19441,3.81545,-1.22369e-06,1.05131e-06,-0.539916,0.491667,0.00388,0.0069,5.92529,10.94546,1.72866e-06,3.09838e-06,0.415726,0.766411,0.01412,0.01116,9.02437,7.75241,2.6328e-06,2.0912e-06,0.974708,0.837407,-0.01363,0.00993,-7.17627,6.45128,-2.09363e-06,1.53428e-06,-0.852893,0.766381,-0.00695,0.00915,-3.65745,5.05089,-1.06703e-06,1.41321e-06,-0.43475,0.60013,-0.0103,0.01197,-4.33708,5.30755,-1.26531e-06,1.48346e-06,-0.57552,0.703143,0.07352,0.01976,9.46254,4.75556,2.76063e-06,7.57421e-07,2.22304,1.11679,0.03553,0.02566,2.64781,2.20691,7.7248e-07,5.61039e-07,0.798826,0.665696,0.05245,0.02085,2.7071,1.4501,7.89778e-07,3.16816e-07,0.956455,0.511609,,,,,,
EUR,igf_1,IGF-1,sumrhe,insample10,-1,8,0.30154,0.06964,0.0451,0.04816,0.65769,0.61757,4.36627e-07,4.68356e-07,0.275666,0.258871,0.0698,0.03918,1.2898,0.66279,8.56275e-07,4.82236e-07,0.494955,0.254486,-0.00379,0.0329,-0.09354,0.82441,-6.21021e-08,5.42096e-07,-0.0319026,0.28111,0.02848,0.0205,1.05743,0.77695,7.02013e-07,5.16806e-07,0.301576,0.22003,-0.01102,0.01508,-1.59694,2.26254,-1.06018e-06,1.46498e-06,-0.238762,0.337477,0.02131,0.02521,1.00344,1.19201,6.66171e-07,7.93629e-07,0.25676,0.304709,0.0141,0.02457,0.40438,0.7031,2.6846e-07,4.70458e-07,0.129301,0.224779,0.13756,0.02377,2.84164,0.72617,1.88652e-06,3.30061e-07,1.04319,0.266247,,,,,,,,,,,,,,,,,,,,,,,,,,,,,,,,,,,,,,,,,,,,,,,,,,,,,,,,,,,,,,,,,,,,,,,,,,,,,,,,,,,,,,,,,,,,,,,,,,,,,,,,,,,,,,,,,,,,,,,,,,,,,,,,,,,,,,
EUR,igf_1,IGF-1,sumrhe,insample10,-1,24,0.2969,0.06926,-0.01594,0.03532,-0.43092,1.00395,-2.8168e-07,6.27468e-07,-0.142316,0.331528,-0.01956,0.02206,-1.03645,1.25289,-6.77486e-07,7.67044e-07,-0.25289,0.305821,0.00909,0.01566,0.83866,1.45476,5.482e-07,9.49866e-07,0.157322,0.272774,-0.01455,0.00648,-2.75647,1.40933,-1.8018e-06,8.12122e-07,-0.364297,0.185872,0.02748,0.02814,1.25185,1.21359,8.18289e-07,8.42013e-07,0.32758,0.31754,0.04895,0.02377,2.3898,1.16297,1.56212e-06,7.60248e-07,0.605648,0.294996,-0.01253,0.01943,-0.81986,1.33069,-5.35912e-07,8.34725e-07,-0.181155,0.2941,0.03284,0.01764,3.35485,1.89563,2.19294e-06,1.19276e-06,0.599031,0.337631,0.02675,0.015,4.44311,2.50884,2.9043e-06,1.64871e-06,0.626208,0.352226,0.02586,0.01753,2.92082,1.9517,1.90924e-06,1.30124e-06,0.496849,0.331808,0.0097,0.01518,1.1736,1.79174,7.67137e-07,1.20798e-06,0.193035,0.2946,0.01706,0.01084,2.64731,1.83471,1.73045e-06,1.10444e-06,0.38579,0.267572,0.00453,0.00943,1.77669,3.67941,1.16136e-06,2.44155e-06,0.163863,0.338594,0.02142,0.01221,4.22242,2.5584,2.76004e-06,1.57967e-06,0.547136,0.331481,-0.00777,0.01247,-1.41073,2.33337,-9.22144e-07,1.48818e-06,-0.19031,0.314742,-0.00766,0.00798,-1.53052,1.67435,-1.00045e-06,1.04266e-06,-0.197013,0.216076,-0.01223,0.00621,-8.32851,4.77872,-5.44405e-06,2.81059e-06,-0.58434,0.33341,-0.00581,0.01036,-1.65724,2.97464,-1.08328e-06,1.94366e-06,-0.178996,0.321096,-0.00509,0.01006,-1.19531,2.3801,-7.81328e-07,1.55494e-06,-0.142061,0.282696,0.00949,0.01063,2.22978,2.52781,1.45753e-06,1.64132e-06,0.265048,0.300462,-0.00029,0.01359,-0.05461,2.55778,-3.56945e-08,1.6825e-06,-0.00724619,0.338913,0.02176,0.02284,1.25009,1.31645,8.17138e-07,8.63606e-07,0.293684,0.308977,0.01503,0.02307,0.4997,0.76668,3.26637e-07,5.04349e-07,0.150757,0.231226,0.12838,0.02372,2.95746,0.78808,1.93318e-06,3.63985e-07,1.04491,0.277505,,,,,,
EUR,neuroticism_score,NEURO,sumrhe,insample10,-1,8,0.16121,0.06777,0.07767,0.04945,2.11878,1.28623,7.51989e-07,4.81688e-07,0.888081,0.538581,-0.02403,0.04018,-0.83075,1.56921,-2.94846e-07,4.95514e-07,-0.318797,0.602124,0.02432,0.0304,1.12296,1.3564,3.98556e-07,5.0112e-07,0.38298,0.462421,-0.02457,0.01995,-1.7065,1.67724,-6.05663e-07,5.0473e-07,-0.486688,0.47529,0.01077,0.01885,2.92097,5.03733,1.0367e-06,1.82602e-06,0.43672,0.752501,0.02322,0.02919,2.04517,2.52158,7.25863e-07,9.16392e-07,0.523315,0.64535,0.04226,0.03145,2.26749,1.74636,8.04768e-07,6.01687e-07,0.725034,0.558377,0.03157,0.02373,1.21976,1.01208,4.32911e-07,3.27496e-07,0.447782,0.371535,,,,,,,,,,,,,,,,,,,,,,,,,,,,,,,,,,,,,,,,,,,,,,,,,,,,,,,,,,,,,,,,,,,,,,,,,,,,,,,,,,,,,,,,,,,,,,,,,,,,,,,,,,,,,,,,,,,,,,,,,,,,,,,,,,,,,,
EUR,neuroticism_score,NEURO,sumrhe,insample10,-1,24,0.15629,0.06761,0.01286,0.0377,0.66029,1.90209,2.27205e-07,6.69814e-07,0.218065,0.628042,-0.02081,0.02361,-2.09408,2.73109,-7.20572e-07,8.22055e-07,-0.510951,0.666208,-0.01483,0.0163,-2.59791,3.11891,-8.93939e-07,9.90824e-07,-0.487336,0.584198,-0.01083,0.0078,-3.89508,3.51367,-1.34029e-06,9.95893e-07,-0.514777,0.460366,0.04006,0.02991,3.46633,2.70615,1.19276e-06,8.94012e-07,0.907056,0.70831,-0.0057,0.02334,-0.52852,2.23325,-1.81863e-07,7.48791e-07,-0.133943,0.565903,0.043,0.02209,5.34522,3.13959,1.83929e-06,9.51156e-07,1.18107,0.693635,-0.01412,0.00915,-2.73956,2.16051,-9.4268e-07,6.1336e-07,-0.489168,0.386372,0.00984,0.01609,3.10412,5.07516,1.06813e-06,1.75624e-06,0.437492,0.715049,0.00805,0.01934,1.7276,4.00465,5.94465e-07,1.43537e-06,0.293875,0.68115,5e-05,0.01788,0.01109,4.14696,3.8158e-09,1.42238e-06,0.00182398,0.681968,-0.00777,0.01167,-2.28901,3.62541,-7.87646e-07,1.19054e-06,-0.333575,0.52821,0.01362,0.01092,10.15549,8.48104,3.49449e-06,2.81619e-06,0.93663,0.781966,-0.00526,0.01506,-1.97037,5.79324,-6.78001e-07,1.95312e-06,-0.255318,0.750275,-0.00123,0.01474,-0.42382,5.11499,-1.45835e-07,1.75908e-06,-0.0571737,0.689961,0.0142,0.01411,5.39259,5.75517,1.85559e-06,1.84818e-06,0.694149,0.741978,-0.00475,0.00756,-6.14176,10.43623,-2.11337e-06,3.41516e-06,-0.430914,0.728615,0.01485,0.01345,8.04936,8.02815,2.76978e-06,2.5209e-06,0.869399,0.866698,0.00493,0.01196,2.20273,5.26095,7.57958e-07,1.84571e-06,0.261793,0.62538,-0.01619,0.00961,-7.22499,5.43685,-2.48611e-06,1.48189e-06,-0.858813,0.646644,0.01486,0.01625,5.30346,5.8362,1.82491e-06,2.02089e-06,0.703756,0.771308,0.00755,0.02713,0.82401,2.91354,2.83541e-07,1.02397e-06,0.193585,0.684437,0.03532,0.02837,2.23154,1.88587,7.67869e-07,6.1974e-07,0.673239,0.568853,0.03856,0.02169,1.68762,1.14579,5.80709e-07,3.28661e-07,0.596259,0.404843,,,,,,
EUR,sleep_duration,SLP,sumrhe,insample10,-1,8,0.06886,0.06122,0.01297,0.04193,0.82811,2.42087,1.25547e-07,4.08154e-07,0.347099,1.01452,-0.03041,0.03581,-2.46045,4.40073,-3.73021e-07,4.41546e-07,-0.94419,1.68869,0.07923,0.0269,8.56288,7.53553,1.29819e-06,4.45655e-07,2.92033,2.57217,0.01121,0.01492,1.82296,2.88061,2.76373e-07,3.72318e-07,0.519902,0.820105,0.00464,0.01433,2.94703,9.1733,4.4679e-07,1.3888e-06,0.440617,1.37048,-0.01225,0.02112,-2.52554,5.52713,-3.82888e-07,6.6545e-07,-0.646231,1.41207,-0.02144,0.02229,-2.69299,3.94602,-4.08274e-07,4.263e-07,-0.861087,1.2618,0.02491,0.01893,2.25295,2.46361,3.41562e-07,2.61244e-07,0.827075,0.904372,,,,,,,,,,,,,,,,,,,,,,,,,,,,,,,,,,,,,,,,,,,,,,,,,,,,,,,,,,,,,,,,,,,,,,,,,,,,,,,,,,,,,,,,,,,,,,,,,,,,,,,,,,,,,,,,,,,,,,,,,,,,,,,,,,,,,,
EUR,sleep_duration,SLP,sumrhe,insample10,-1,24,0.06725,0.06105,0.03429,0.03223,4.09315,4.17455,6.05999e-07,5.73444e-07,1.35179,1.37743,-0.04817,0.01993,-11.26631,12.33501,-1.668e-06,6.93454e-07,-2.74895,3.01143,0.01293,0.01425,5.26487,7.85584,7.79474e-07,8.64589e-07,0.987624,1.47386,-0.00403,0.00627,-3.37107,6.05284,-4.99093e-07,7.84458e-07,-0.445523,0.798646,-0.02562,0.0252,-5.15194,8.16097,-7.62754e-07,7.55364e-07,-1.34814,2.13398,0.0153,0.02247,3.29915,5.20093,4.88445e-07,7.2043e-07,0.836105,1.31843,0.03807,0.01932,10.99902,10.07456,1.62842e-06,8.35323e-07,2.43033,2.22785,-0.00619,0.01074,-2.79392,5.71634,-4.13645e-07,7.24345e-07,-0.498874,1.01873,-0.00336,0.01229,-2.46803,9.6285,-3.65396e-07,1.34211e-06,-0.347842,1.35617,0.00787,0.01669,3.92563,8.66842,5.81196e-07,1.23943e-06,0.667772,1.47403,0.01948,0.01346,10.40738,11.85174,1.54083e-06,1.07104e-06,1.71183,1.94972,-0.00174,0.00938,-1.19247,6.64291,-1.76547e-07,9.56835e-07,-0.173777,0.967699,0.00579,0.00789,10.03901,16.26418,1.48629e-06,2.03794e-06,0.925887,1.49828,-0.00265,0.01208,-2.30771,11.61014,-3.41661e-07,1.56528e-06,-0.299031,1.50417,0.01323,0.01362,10.61432,13.50501,1.57147e-06,1.62658e-06,1.43189,1.82224,0.02608,0.01116,23.01332,23.03537,3.40716e-06,1.52403e-06,2.96233,2.95695,0.00454,0.00602,13.65725,22.65167,2.02198e-06,2.7082e-06,0.95821,1.58489,0.00403,0.01032,5.0749,13.28808,7.51348e-07,1.93517e-06,0.548133,1.43473,-0.01979,0.0096,-20.5408,21.21881,-3.0411e-06,1.47835e-06,-2.44126,2.52312,0.00835,0.00904,8.66144,12.35187,1.28234e-06,1.40164e-06,1.02956,1.46649,0.00032,0.01317,0.26744,11.46679,3.95943e-08,1.632e-06,0.0354881,1.51852,-0.01744,0.01966,-4.42245,7.17037,-6.54752e-07,7.45014e-07,-1.03897,1.68138,-0.00636,0.02106,-0.93379,3.34059,-1.38249e-07,4.60164e-07,-0.281718,1.00774,0.0123,0.01872,1.25097,2.12762,1.85208e-07,2.83384e-07,0.441983,0.751724,,,,,,
EUR,vitamin_d,ViTD,sumrhe,insample10,-1,8,0.25596,0.07318,0.11177,0.04757,1.92033,0.67087,1.08217e-06,4.61976e-07,0.8049,0.281539,0.00332,0.03572,0.07234,0.76902,4.0765e-08,4.40472e-07,0.0277595,0.295104,0.03811,0.02813,1.10795,0.78866,6.24369e-07,4.64498e-07,0.377863,0.268571,0.00744,0.01403,0.32531,0.61796,1.83323e-07,3.48621e-07,0.0927773,0.176029,0.00487,0.01403,0.83226,2.37275,4.69008e-07,1.36025e-06,0.124433,0.354328,0.01478,0.02358,0.81972,1.28364,4.61938e-07,7.42445e-07,0.209748,0.32814,4e-05,0.02497,0.00118,0.84452,6.66678e-10,4.78046e-07,0.000378277,0.270017,0.07564,0.02941,1.84076,0.73818,1.03733e-06,4.05398e-07,0.675752,0.270913,,,,,,,,,,,,,,,,,,,,,,,,,,,,,,,,,,,,,,,,,,,,,,,,,,,,,,,,,,,,,,,,,,,,,,,,,,,,,,,,,,,,,,,,,,,,,,,,,,,,,,,,,,,,,,,,,,,,,,,,,,,,,,,,,,,,,,
EUR,vitamin_d,ViTD,sumrhe,insample10,-1,24,0.25314,0.07301,0.02831,0.03625,0.89745,1.05399,5.00181e-07,6.43334e-07,0.296389,0.348213,-0.00303,0.022,-0.18838,1.37419,-1.0499e-07,7.65905e-07,-0.0459639,0.335252,0.01232,0.01633,1.33243,1.77583,7.4261e-07,9.92406e-07,0.249947,0.332523,-0.01119,0.00653,-2.48571,1.59713,-1.38538e-06,8.17539e-07,-0.328514,0.210163,0.06694,0.02807,3.57601,1.59417,1.99304e-06,8.44305e-07,0.935759,0.416334,0.01615,0.02664,0.92473,1.47674,5.15385e-07,8.54512e-07,0.234355,0.374222,0.00394,0.0195,0.30252,1.49231,1.68606e-07,8.38718e-07,0.0668446,0.329626,0.0264,0.0109,3.16337,1.57121,1.76306e-06,7.41426e-07,0.564843,0.278791,0.00503,0.01476,0.98062,2.85916,5.46537e-07,1.6102e-06,0.138208,0.403056,-0.0099,0.01729,-1.31135,2.38327,-7.30861e-07,1.28347e-06,-0.223068,0.405301,0.00755,0.01679,1.07223,2.35858,5.97594e-07,1.33468e-06,0.176363,0.387961,0.00124,0.00911,0.22577,1.66246,1.25832e-07,9.29971e-07,0.0329018,0.242111,0.01073,0.00931,4.9421,4.34902,2.75441e-06,2.40742e-06,0.455806,0.400701,-0.00138,0.01337,-0.31971,3.10204,-1.78187e-07,1.73128e-06,-0.041428,0.401989,0.01767,0.01265,3.76457,2.77406,2.09813e-06,1.51163e-06,0.507846,0.374131,-0.00866,0.00789,-2.03022,1.94696,-1.13152e-06,1.04547e-06,-0.261336,0.249546,0.00594,0.00762,4.73998,6.07819,2.64176e-06,3.41148e-06,0.332564,0.426134,0.01764,0.01032,5.90334,3.79794,3.29015e-06,1.93885e-06,0.637612,0.409963,-0.00162,0.01168,-0.44664,3.2091,-2.48929e-07,1.80424e-06,-0.053083,0.381336,-0.01002,0.00994,-2.76224,2.90829,-1.5395e-06,1.54803e-06,-0.32834,0.34422,-0.00085,0.01285,-0.18769,2.86894,-1.04606e-07,1.59201e-06,-0.0249061,0.380018,-0.00228,0.02321,-0.15333,1.57466,-8.54546e-08,8.77732e-07,-0.0360212,0.369617,-0.00082,0.02357,-0.03193,0.92334,-1.77984e-08,5.15116e-07,-0.0096345,0.278539,0.08304,0.02992,2.24365,0.86724,1.25047e-06,4.53442e-07,0.792702,0.306141,,,,,,
EUR,white_blood_cell_count,WBC,sumrhe,insample10,-1,8,0.22839,0.06246,0.02215,0.04831,0.4266,0.8696,2.14508e-07,4.70229e-07,0.178807,0.364464,0.02132,0.03695,0.52002,0.88352,2.61483e-07,4.55394e-07,0.199555,0.339105,-0.01297,0.02672,-0.42265,0.90915,-2.12524e-07,4.40225e-07,-0.144144,0.310003,0.01455,0.01384,0.71316,0.67538,3.58603e-07,3.43565e-07,0.203392,0.192408,-0.00252,0.01336,-0.48317,2.5835,-2.42952e-07,1.29625e-06,-0.0722392,0.385659,0.00903,0.02206,0.56122,1.34123,2.82199e-07,6.93051e-07,0.143604,0.343173,0.0757,0.02828,2.86709,1.23405,1.44167e-06,5.45388e-07,0.916756,0.393344,0.10114,0.02653,2.75838,0.96183,1.38701e-06,3.68314e-07,1.01262,0.352553,,,,,,,,,,,,,,,,,,,,,,,,,,,,,,,,,,,,,,,,,,,,,,,,,,,,,,,,,,,,,,,,,,,,,,,,,,,,,,,,,,,,,,,,,,,,,,,,,,,,,,,,,,,,,,,,,,,,,,,,,,,,,,,,,,,,,,
EUR,white_blood_cell_count,WBC,sumrhe,insample10,-1,24,0.22737,0.06252,0.0204,0.03387,0.72027,1.12563,3.60554e-07,6.01441e-07,0.237873,0.37176,0.01613,0.02213,1.11574,1.49898,5.58521e-07,7.70083e-07,0.272237,0.365794,0.01452,0.01657,1.74807,2.01963,8.75057e-07,1.00369e-06,0.327916,0.37895,0.00534,0.00701,1.32086,1.73982,6.61201e-07,8.76899e-07,0.174565,0.2294,-0.01792,0.02663,-1.06606,1.73849,-5.33652e-07,7.98287e-07,-0.278962,0.454543,0.00684,0.02394,0.436,1.52608,2.18255e-07,7.67697e-07,0.110496,0.386781,-0.00216,0.0172,-0.1849,1.48165,-9.25588e-08,7.39543e-07,-0.0408555,0.327316,-0.00391,0.00881,-0.52103,1.18815,-2.6082e-07,5.93419e-07,-0.0930334,0.211796,0.00733,0.01501,1.58985,3.23903,7.95858e-07,1.64104e-06,0.224073,0.456111,-0.01629,0.01792,-2.40266,2.74332,-1.20274e-06,1.33009e-06,-0.408707,0.466514,-0.01579,0.01433,-2.49497,2.44427,-1.24895e-06,1.13714e-06,-0.410378,0.402427,0.01677,0.00918,3.39841,2.02984,1.70119e-06,9.36015e-07,0.495247,0.295658,0.01267,0.00966,6.49467,5.17816,3.25114e-06,2.50311e-06,0.598997,0.476188,0.01507,0.01062,3.87909,2.81757,1.94182e-06,1.37589e-06,0.502648,0.36495,-0.01342,0.01189,-3.18317,2.95368,-1.59345e-06,1.41784e-06,-0.429414,0.398699,-0.00091,0.00788,-0.23814,2.07428,-1.19207e-07,1.03665e-06,-0.0306534,0.266681,0.00768,0.00701,6.82908,6.34065,3.41854e-06,3.1442e-06,0.479137,0.443998,3e-05,0.01061,0.01247,3.96382,6.24464e-09,1.9898e-06,0.00134737,0.428019,-0.00295,0.01103,-0.90586,3.46455,-4.53458e-07,1.70301e-06,-0.10766,0.41179,-0.00137,0.0103,-0.41916,3.19264,-2.09825e-07,1.59309e-06,-0.0498242,0.379113,-0.01015,0.01215,-2.48983,3.11992,-1.24637e-06,1.50127e-06,-0.330395,0.413639,0.0081,0.01927,0.60774,1.41065,3.04226e-07,7.27137e-07,0.142777,0.331413,0.08023,0.02632,3.48403,1.43174,1.74405e-06,5.80083e-07,1.05111,0.430407,0.10113,0.026,3.04223,1.07608,1.5229e-06,3.96757e-07,1.07486,0.379517,,,,,,
EUR,whr,WHR,sumrhe,insample10,-1,8,0.21596,0.0591,-0.01074,0.04339,-0.21875,0.92013,-1.04009e-07,4.22217e-07,-0.0916893,0.385665,-0.00651,0.03502,-0.16794,0.92691,-7.98504e-08,4.31921e-07,-0.064447,0.355659,0.04099,0.02853,1.41258,0.95167,6.71632e-07,4.70978e-07,0.481754,0.324,0.0191,0.01433,0.99035,0.76179,4.70875e-07,3.56443e-07,0.282443,0.216751,-0.00252,0.0161,-0.51096,3.28094,-2.42944e-07,1.56178e-06,-0.0763948,0.489797,0.06989,0.0218,4.59485,1.76842,2.18469e-06,6.83295e-07,1.17572,0.453069,0.04144,0.02569,1.65998,1.09417,7.89262e-07,4.9236e-07,0.530781,0.349785,0.06431,0.01989,1.85483,0.70371,8.81905e-07,2.73994e-07,0.680921,0.258283,,,,,,,,,,,,,,,,,,,,,,,,,,,,,,,,,,,,,,,,,,,,,,,,,,,,,,,,,,,,,,,,,,,,,,,,,,,,,,,,,,,,,,,,,,,,,,,,,,,,,,,,,,,,,,,,,,,,,,,,,,,,,,,,,,,,,,
EUR,whr,WHR,sumrhe,insample10,-1,24,0.21515,0.05915,-0.00982,0.03167,-0.36634,1.23688,-1.7353e-07,5.62429e-07,-0.120985,0.4085,0.00875,0.02223,0.63952,1.61486,3.02937e-07,7.73627e-07,0.156042,0.394034,0.00722,0.01485,0.91822,1.89482,4.34951e-07,9.01091e-07,0.172246,0.355172,0.00258,0.00748,0.67386,1.95685,3.19201e-07,9.35665e-07,0.0890578,0.257989,-0.0074,0.02598,-0.46511,1.67256,-2.20316e-07,7.77689e-07,-0.121707,0.437617,-0.02797,0.0223,-1.88456,1.68841,-8.92696e-07,7.14696e-07,-0.477604,0.427951,-0.00236,0.01677,-0.21309,1.52847,-1.0094e-07,7.20933e-07,-0.0470849,0.337726,0.00585,0.00957,0.82467,1.36787,3.90638e-07,6.42705e-07,0.14725,0.244157,0.01098,0.01371,2.51799,3.07124,1.19275e-06,1.50203e-06,0.354883,0.432111,0.00833,0.01553,1.29762,2.38164,6.14672e-07,1.15227e-06,0.220734,0.405068,0.02359,0.0142,3.94009,2.40518,1.86638e-06,1.13072e-06,0.648073,0.395082,0.00666,0.01082,1.42611,2.32487,6.75533e-07,1.11171e-06,0.207825,0.337478,-0.00523,0.00863,-2.83412,4.75788,-1.34249e-06,2.23435e-06,-0.261387,0.43809,0.00286,0.0126,0.77844,3.39879,3.6874e-07,1.6336e-06,0.10087,0.440173,0.01464,0.01238,3.66876,3.19696,1.73786e-06,1.48365e-06,0.494921,0.430422,0.00615,0.0081,1.69569,2.3137,8.03232e-07,1.06271e-06,0.218274,0.297961,0.00469,0.00723,4.40746,6.80316,2.08777e-06,3.25423e-06,0.309233,0.475774,0.01769,0.01003,6.96424,4.33532,3.29889e-06,1.87671e-06,0.752196,0.468538,0.02184,0.00957,7.08326,3.74037,3.35527e-06,1.48019e-06,0.841839,0.44421,-0.00188,0.00771,-0.60914,2.50009,-2.88542e-07,1.19421e-06,-0.0724062,0.296759,-0.00683,0.01447,-1.77058,3.81672,-8.38706e-07,1.79588e-06,-0.234951,0.505131,0.05296,0.02144,4.198,1.92595,1.98855e-06,8.06647e-07,0.986236,0.453189,0.01884,0.02433,0.86481,1.12483,4.09652e-07,5.31737e-07,0.260907,0.339334,0.06303,0.01894,2.0036,0.73898,9.49087e-07,2.86987e-07,0.707898,0.260942,,,,,,
EUR,chronic_ischaemic_heart_disease_i25,CIHD,sumrhe,insample10,-1,8,-0.0403519700329482,0.1485041488462739,-0.1017837424676709,0.1113503018690039,,,-9.85436266657834e-07,1.0842360212657289e-06,12.92570100042316,51.01312181229421,-0.1660243012382501,0.088629723290838,,,-2.0367510872860683e-06,1.0919282024587773e-06,24.459189510295356,110.30715755753882,0.0021969714904224,0.0695800337852766,,,3.580396095011683e-08,1.1463546949132795e-06,-0.3821228665987101,13.519995693465273,-0.0060069093915346,0.0384609059652428,,,-1.4795935553618064e-07,9.563389088043028e-07,1.3205244765255135,11.6144149280637,0.0259465113995456,0.0387111938565568,,,2.495934814643772e-06,3.750647480636569e-06,-11.678043671988846,60.9598407107674,0.1302609425460575,0.0567041122654592,,,4.071544367066748e-06,1.8010355131997352e-06,-32.60277882021148,156.6729894234471,0.0726947275438502,0.0677445892489744,,,1.3842004970523511e-06,1.2965580204439183e-06,-13.850709427188098,69.48047482406514,0.0023916398503332,0.0502800563884013,,,3.2716798859587825e-08,6.933697643304514e-07,-0.375857326386151,9.2775325063968,,,,,,,,,,,,,,,,,,,,,,,,,,,,,,,,,,,,,,,,,,,,,,,,,,,,,,,,,,,,,,,,,,,,,,,,,,,,,,,,,,,,,,,,,,,,,,,,,,,,,,,,,,,,,,,,,,,,,,,,,,,,,,,,,0.109145129224652,0.109145129224652,2.780976570154943,1098.0,8962.0,10060.0
EUR,chronic_ischaemic_heart_disease_i25,CIHD,sumrhe,insample10,-1,24,-0.0345953485327274,0.1489769148632003,-0.0210798024017744,0.0837073947616637,,,-3.723310480951946e-07,1.4870215437806895e-06,4.488023418213152,23.355948295149183,-0.0402685407358435,0.0554804825745911,,,-1.3945067962213454e-06,1.93196389012263e-06,12.41884021074672,76.43653151899369,-0.0229152469380767,0.038015949714018,,,-1.3808661061447351e-06,2.304984620407223e-06,9.454319186961552,59.46534390196613,0.0067299632997749,0.0209685633389682,,,8.319652936572633e-07,2.631318316032055e-06,-4.013116049327793,28.601231633415527,-0.0937745299456246,0.0676055404204666,,,-2.792573242452489e-06,2.0254853512003706e-06,26.671233893728,162.03554654367687,-0.142886576174561,0.0635731243937419,,,-4.560106330911568e-06,2.034860023218363e-06,42.180184030168085,260.4381776973534,0.0513090177193587,0.0540899942895136,,,2.1942989719384863e-06,2.3261450711295323e-06,-17.696271638164056,115.75509065847234,-0.0055619531403098,0.0244447840516619,,,-3.711964096545713e-07,1.6435154383130192e-06,2.4191131178698115,18.09353414121069,0.0057010019688176,0.0335663872017701,,,6.181526910374706e-07,3.666356080795172e-06,-3.1798242298465653,31.69034040754364,-0.00987246682405,0.0443565762939713,,,-7.287549102091028e-07,3.2911467219498675e-06,4.524565450344988,37.00450853545272,0.0295895907064485,0.039990443078828,,,2.341504404726498e-06,3.17740478023053e-06,-14.056863220333682,90.28134527585308,-0.0115132430004414,0.0250287891313944,,,-1.1675429554012902e-06,2.558111888799296e-06,6.210031920218794,48.16317702319943,0.0083707394761663,0.0218862856071194,,,2.1451674588735588e-06,5.652334878839922e-06,-7.221111571830027,56.78309200005169,0.0277819559358478,0.0350403047839522,,,3.5813694368112376e-06,4.5517077816697e-06,-16.9378993274828,114.38351301407192,-0.0681061162030945,0.0313416059456462,,,-8.088331305467145e-06,3.7446405712450335e-06,39.82441877758984,246.7246260346053,-0.0005283855483294,0.0201342703679217,,,-6.768173917848893e-08,2.650562673897527e-06,0.3179796420080863,13.865392983478516,-0.0121806773772786,0.0184378746601272,,,-5.425629668840891e-06,8.285363495462623e-06,13.893842373791202,90.14174025203128,0.0732231130921796,0.0310078887572276,,,1.3656124496574356e-05,5.843387969209567e-06,-53.8344225427164,340.9254796884348,0.0549520970262616,0.0301457860204795,,,8.443656681835842e-06,4.65958186282601e-06,-36.62685191722568,234.9321729865204,0.0171586254378559,0.0246672621772743,,,2.633376238693969e-06,3.803235747578199e-06,-11.424835755276238,76.04497001791587,0.0382384278396304,0.0357911684578941,,,4.694288450421544e-06,4.421780556312061e-06,-22.73570709070753,149.64601782597958,0.0609033868863932,0.0545905700721415,,,2.2868304053572517e-06,2.0700226909714024e-06,-19.608665796162505,128.7650552489712,0.029867688363464,0.0666321986209124,,,6.490993983101548e-07,1.456222228266224e-06,-7.147443502486623,51.225032226940016,-0.0096777984641392,0.0508918712338354,,,-1.4588697179610116e-07,7.706725700510484e-07,1.8812722492018457,14.866405499905786,0.109145129224652,0.109145129224652,2.780976570154943,1098.0,8962.0,10060.0
EUR,dyslipidaemia_e78,DYSLIP,sumrhe,insample10,-1,8,0.1908014251257712,0.1308835388975828,0.0428727608617561,0.0850770854346325,0.98832,1.64828,4.151750628605253e-07,8.289482662818723e-07,0.769165924078929,1.282289184469959,-0.1082124080997464,0.0676420388996871,-3.16026,3.56853,-1.3275683159716825e-06,8.346021232253131e-07,-2.2517761804887875,2.5422860187057803,0.0498542065456107,0.0451380171740706,1.94469,2.00381,8.169312672217907e-07,7.447048694408703e-07,1.2314620317705347,1.2677432681169494,0.0011883311802305,0.0246764396644754,0.07011,1.47986,2.9450003150811063e-08,6.126218587582422e-07,0.0371236517471499,0.7828670112334937,0.0044748096005557,0.0289284371687379,1.02563,6.68691,4.3084803706728506e-07,2.806949653752758e-06,0.2847241507832451,1.853265605663527,0.0070000133585457,0.0411645347901746,0.52082,3.02448,2.1878662442020126e-07,1.2943043267625718e-06,0.2474439735384491,1.4362764809856812,0.0761646015829032,0.0458992918364058,3.45297,2.78002,1.4505308848460406e-06,8.796992915150633e-07,2.050038394969957,1.6498158805381768,0.1174405424212245,0.0458435888123325,3.83421,2.75286,1.6106826493592086e-06,6.322961668609346e-07,2.6135301864955416,1.8758921740421048,,,,,,,,,,,,,,,,,,,,,,,,,,,,,,,,,,,,,,,,,,,,,,,,,,,,,,,,,,,,,,,,,,,,,,,,,,,,,,,,,,,,,,,,,,,,,,,,,,,,,,,,,,,,,,,,,,,,,,,,,,,,,,,,,0.25,0.25,1.856767469110269,2515.0,7545.0,10060.0
EUR,dyslipidaemia_e78,DYSLIP,sumrhe,insample10,-1,24,0.1919526209566196,0.130920674246965,0.0272202110971565,0.0592123145899264,1.13786,2.2128,4.80874922987523e-07,1.0518123520642398e-06,0.6977490769145407,1.3568718201691805,-0.0410345610673369,0.0376738119482473,-3.36225,4.36129,-1.4209228707836084e-06,1.310153693878897e-06,-1.5232530395412134,1.9758419669043108,-0.0112334431881171,0.0270159666755544,-1.60279,4.0643,-6.773580565687718e-07,1.6413341667392812e-06,-0.5582631343325699,1.4136294881649432,-0.0033793167937806,0.0131459136813007,-0.98865,4.13427,-4.17813529434131e-07,1.6413285964368736e-06,-0.2426052375139477,1.01234861627577,0.0001485413975288,0.0457693181135681,0.00991,3.21954,4.187827620530065e-09,1.3702721109937493e-06,0.0048146908857763,1.5639998016508383,-0.0514695942437366,0.0410902640914102,-3.88648,4.55995,-1.6424686516629073e-06,1.3190847454053174e-06,-1.8288268322350976,2.145309133810005,0.034535874925451,0.0333661114199115,3.49535,3.81855,1.4771736412603038e-06,1.43842847448238e-06,1.4340316491155267,1.564567972496386,0.0024880684086077,0.01700799001705,0.39443,2.70203,1.6669055683238677e-07,1.1441308306284023e-06,0.1307687906679918,0.8946388425715245,0.0048461630943778,0.0244350598934911,1.24412,6.23477,5.257789874604858e-07,2.669678834761436e-06,0.3255748918711401,1.6305500612786883,-0.0337746002631157,0.0269788313261722,-5.8999,6.87266,-2.493360195894725e-06,2.00040700052064e-06,-1.863470399673757,2.171173904654711,0.0415730236333789,0.0272944817959209,7.78288,7.26271,3.289133597806004e-06,2.170783983486198e-06,2.37692230790682,2.2168503843948235,0.0071299870813834,0.0162652830294059,1.71231,4.10445,7.236398425038143e-07,1.659955687686988e-06,0.4633247568694928,1.1100220122208468,0.0094509464177712,0.0170451253664322,5.73342,10.85857,2.4230072764901365e-06,4.421854592336723e-06,0.9818363564558812,1.8559616320286751,0.0209443370515638,0.0240451387249779,6.38965,7.80107,2.7003340656764465e-06,3.115061647576916e-06,1.537336620794415,1.876096418463707,-0.0120875562239078,0.0214827996176058,-3.39658,6.72403,-1.4354353653221742e-06,2.561559265035145e-06,-0.8507782814162017,1.6846302705839942,-0.0088939161770381,0.013034507633154,-2.74816,4.60532,-1.161402481626066e-06,1.7163401454214597e-06,-0.6568314921977577,1.0993381722035862,-0.001819632119728,0.0118647441276146,-1.91803,12.72135,-8.105829792449026e-07,5.318487603170072e-06,-0.2498689118531071,1.655241355082917,-0.0025994744567543,0.0177135616553119,-1.14478,8.07419,-4.837974749839026e-07,3.3235023636592354e-06,-0.2295818704856083,1.6188654235955775,0.0005384625660419,0.0189761635343069,0.19327,6.94194,8.16784582591731e-08,2.929273494617743e-06,0.0426501344422097,1.531749607479862,0.0345915779495243,0.0165623658244636,12.5714,9.98132,5.312805894714596e-06,2.5586070047592595e-06,2.7746233321155485,2.200102341823449,0.0057745468289329,0.0260690152663081,1.67719,7.72536,7.087987001232159e-07,3.2309982083481614e-06,0.4132403111577124,1.8992317411288209,0.0064244154431215,0.039252064296991,0.57112,3.47913,2.4136120330964386e-07,1.482727232760413e-06,0.2491280616329321,1.5169400301462386,0.073787939222442,0.043225546680887,3.79529,3.10051,1.6039314428415238e-06,9.446527311194787e-07,2.1260173198059493,1.736437796507109,0.088790620372853,0.0416101589827611,3.16409,2.38594,1.337178944391797e-06,6.3071977127966e-07,2.075698921393061,1.5646552405674343,0.25,0.25,1.856767469110269,2515.0,7545.0,10060.0
EUR,hypertension_i10,HTN,sumrhe,insample10,-1,8,0.2909804852869811,0.1041066732659411,0.0288067622733087,0.0646462369004924,0.43531,0.88489,2.788784264995352e-07,6.291268135184391e-07,0.2936310292793911,0.5968873795172549,-0.0141780768507179,0.0520774763778923,-0.2714,1.03436,-1.738737547225044e-07,6.421928527864275e-07,-0.1676102955734698,0.6387006363544119,0.0127940648085365,0.0417617587146571,0.32714,1.04938,2.0958287472711047e-07,6.884333388422366e-07,0.1795498134117759,0.5757393536494588,0.04726562055682,0.0217579567561527,1.81839,0.9542,1.1649567315469043e-06,5.379831832754869e-07,0.834589838445568,0.437239981135312,0.0196014728764749,0.0214360934905292,2.94509,3.24445,1.8867785562486008e-06,2.075261684597759e-06,0.7086238214948026,0.780455655800341,0.0247030056366083,0.0380764243232673,1.2056,1.79741,7.72368841251549e-07,1.19623701301653e-06,0.4964531661120787,0.7403418370056766,0.0334898727881316,0.0409571005505982,0.99573,1.17603,6.379185086189466e-07,7.845851614982913e-07,0.5123870070767732,0.6049983338109688,0.1384977631978186,0.0322828855420432,2.96469,1.16221,1.89933122360792e-06,4.412085552004505e-07,1.751515518870299,0.6862237475237308,,,,,,,,,,,,,,,,,,,,,,,,,,,,,,,,,,,,,,,,,,,,,,,,,,,,,,,,,,,,,,,,,,,,,,,,,,,,,,,,,,,,,,,,,,,,,,,,,,,,,,,,,,,,,,,,,,,,,,,,,,,,,,,,,0.3982107355864811,0.3982107355864811,1.6093163281178096,4006.0,6054.0,10060.0
EUR,hypertension_i10,HTN,sumrhe,insample10,-1,24,0.2916403049815094,0.104187139082347,-0.0053429302093511,0.0489875890279061,-0.14686,1.37263,-9.429354509197715e-08,8.702104460521276e-07,-0.0780531293667762,0.7294435468316628,-0.0368050644240543,0.0301907743154901,-1.98497,1.88406,-1.2744980660528991e-06,1.0503251294950729e-06,-0.7794369585646425,0.7397496085969292,-0.0424376715724666,0.0217096772663092,-3.98462,2.6933,-2.558426725788569e-06,1.321923008926203e-06,-1.2029092385129063,0.8108234549119242,-0.0034922164320156,0.009945574907768,-0.67255,2.00657,-4.3182945964018006e-07,1.2453066771771702e-06,-0.1430442427563843,0.4254807067257552,0.0382212627927979,0.0395569953451357,1.77268,1.75226,1.138190582377649e-06,1.18675492121126e-06,0.7465119558076801,0.7372326378597529,0.0226591738998987,0.0367085054443672,1.12601,1.78395,7.229789231416135e-07,1.1769541847730223e-06,0.4592409446570106,0.7277087038299517,0.050242855763838,0.0291769050287758,3.34683,2.1119,2.14890399977243e-06,1.2587927480067975e-06,1.1901071271227297,0.7496887462393848,0.0270365143123792,0.0144355674632167,2.81108,1.65726,1.8049126346372485e-06,9.592716209664951e-07,0.8077770191027971,0.4770287180316967,-0.0050532532702899,0.0231097824717717,-0.85544,3.99939,-5.49254834837624e-07,2.5252104367762173e-06,-0.1940272230995237,0.9064039702714972,0.0065338242921583,0.0238339748194247,0.75059,2.73026,4.81935523516128e-07,1.769475489092094e-06,0.20547911809041,0.747274771747208,-0.0085615628655867,0.022771826042867,-1.05566,2.82317,-6.778086324440028e-07,1.8124764213794016e-06,-0.279435249949064,0.7469368153183034,0.0081914201101196,0.0142424495038426,1.29355,2.31512,8.305552824109766e-07,1.4559082491399797e-06,0.303369002380832,0.5419984275141408,-0.0003218632656235,0.0149505486882144,-0.12623,6.01119,-8.104581401054414e-08,3.864901907281169e-06,-0.0187350169654162,0.8911412142156278,-0.0057452592913805,0.0212268823678739,-1.1544,4.3246,-7.412076491902039e-07,2.749388201283028e-06,-0.2407311922578306,0.901688673430112,0.019794590835849,0.0207119011428762,3.65942,3.83802,2.3496179322152838e-06,2.473132960398325e-06,0.794456707854966,0.833075471780809,0.0125043878694753,0.0161414427710216,2.54413,3.39147,1.6335204456927017e-06,2.1529433837560054e-06,0.5270301763463171,0.6972459550550096,-0.004972787453884,0.0099938543976115,-3.44627,7.10129,-2.212761671672145e-06,4.474897168290943e-06,-0.3891246415572458,0.8016358679946995,0.0152885051171191,0.0158678589952416,4.43993,4.79471,2.850759036791169e-06,2.9687058304789237e-06,0.7717476451488955,0.8342776310779131,0.0123756425632259,0.0180565292014818,2.96147,4.25993,1.9014877074875976e-06,2.79011999754769e-06,0.5664278493749692,0.8143768253644083,0.0359360336068706,0.0138240272585319,8.5953,4.43733,5.518812390851123e-06,2.136431798229517e-06,1.644238492437966,0.8470298536619186,0.0243328628811412,0.0198750566522549,4.65317,3.9215,2.9876796699874325e-06,2.45188998486717e-06,0.9936965065412632,0.8377666288772724,0.0095593389890197,0.0329427052365715,0.55878,1.88932,3.587761542416001e-07,1.244197858227097e-06,0.2112613916573373,0.7141711348778247,0.0172840573639852,0.039492622692011,0.58526,1.31761,3.75781799880821e-07,8.633885541372361e-07,0.2841569840557616,0.6395358715287051,0.1044446296948458,0.0327656804404786,2.44945,1.07168,1.572726912081723e-06,4.93575708517404e-07,1.3927393646286992,0.6090489830088412,0.3982107355864811,0.3982107355864811,1.6093163281178096,4006.0,6054.0,10060.0
EUR,ever_smoked,SMK,sumrhe,insample10,-1,8,-0.0636676582777358,0.097311329479321,-0.0018098420627173,0.0648472874793283,,,-1.7546741984127458e-08,6.312276654242482e-07,0.0847846369166558,3.0227109529082297,-0.0817176009925152,0.0545214921393605,,,-1.0024973734257571e-06,6.712235590798887e-07,4.434872540951715,6.603127969303641,-0.0336436712015852,0.0421273058705728,,,-5.51200327643878e-07,6.936785281008892e-07,2.167075799150333,3.6885550796427737,-0.0046215609815818,0.0193750056535546,,,-1.1388544294777925e-07,4.809946149145756e-07,0.3744256200983726,1.5294296581250912,0.0337891049387679,0.0231078049079091,,,3.2521569122700497e-06,2.274308941366337e-06,-5.605339417101774,10.640416991406266,-0.067109590057725,0.0321246966132331,,,-2.097897818163789e-06,1.0087316329596531e-06,6.188334791554605,10.242655720211731,0.0426605629069092,0.0389924008690803,,,8.124623409100212e-07,7.470397822036148e-07,-2.9948199939774245,6.2957941640284485,0.0487849391727117,0.0290221102200034,,,6.690404370917359e-07,4.028708431608849e-07,-2.831384791992394,5.151295289617556,,,,,,,,,,,,,,,,,,,,,,,,,,,,,,,,,,,,,,,,,,,,,,,,,,,,,,,,,,,,,,,,,,,,,,,,,,,,,,,,,,,,,,,,,,,,,,,,,,,,,,,,,,,,,,,,,,,,,,,,,,,,,,,,,0.6098484848484849,0.6098484848484849,1.6159304131405023,6118.0,3914.0,10032.0
EUR,ever_smoked,SMK,sumrhe,insample10,-1,24,-0.0637646141025242,0.0970527806132185,0.0220736094434992,0.0482193635281125,,,3.900678264975727e-07,8.564625101294239e-07,-1.4827858267497906,4.866309801956097,-0.0045407644609248,0.0329003432115406,,,-1.5709655334644546e-07,1.144877002127567e-06,0.4412039444214039,3.1560736899047157,-0.0362776377750042,0.0223644769178645,,,-2.1867578315823847e-06,1.3628126891565872e-06,4.721603233459366,8.019765684591524,-0.0078211031996,0.0105035476854132,,,-9.675593419632466e-07,1.3115101304002025e-06,1.4718572893657216,2.966654326876385,-0.0364230715121869,0.0408991987565861,,,-1.0844121179286757e-06,1.2264394738004209e-06,3.266231666168503,5.433355943231231,-0.0750922862986391,0.0370209657650489,,,-2.3965217585121536e-06,1.1857244911109329e-06,6.99082199402431,10.879978675154344,-0.0133637445166719,0.0306380406331439,,,-5.717711218031565e-07,1.3169267291450494e-06,1.45418709029803,3.611863022235125,-0.0017290455420603,0.0138646829447455,,,-1.1526674026493177e-07,9.337330706249764e-07,0.2369018622880502,1.85466797237788,0.0257256121771967,0.0207000685923298,,,2.79429918901082e-06,2.2517990307112903e-06,-4.533056472854131,8.54256765115487,-0.0113761501085091,0.0258710459143794,,,-8.401125262092684e-07,1.919127436558055e-06,1.644920204752243,4.134454917844764,0.0128143281762041,0.0212979628451918,,,1.0135842719903144e-06,1.6937374625332178e-06,-1.9189496842126093,4.657806300748578,-0.0046054016774504,0.0149150377132868,,,-4.6689077426868533e-07,1.5222694704644657e-06,0.783154211006892,2.749004659530492,-0.0140909132025851,0.0123457083563934,,,-3.617389504248066e-06,3.2104335890027613e-06,3.840161671003616,6.703251017701826,0.0067707484310587,0.0197305103444455,,,8.734136201632678e-07,2.5580986405220724e-06,-1.3026903822052815,4.533282703111971,0.0098248569118942,0.0206031127675414,,,1.166866583189583e-06,2.45686060013882e-06,-1.8118619757337884,5.103657661038174,0.0095339894375289,0.0114084687167719,,,1.246407525915598e-06,1.496144723475223e-06,-1.8467175947452288,3.9249010618687032,-0.0003878232991537,0.0110368047217496,,,-1.7105754574381419e-07,4.945425754983456e-06,0.1381418511933486,3.9996701620847146,0.0041852597700339,0.0173227740288661,,,7.790933778786697e-07,3.250266273686675e-06,-0.968575762193112,4.517042602459909,0.0094693522210033,0.0176944380238885,,,1.4559597659612451e-06,2.730324503954587e-06,-1.9917311900204575,5.174984829474196,0.0148504004967612,0.0125719386142331,,,2.2816129468337325e-06,1.9375005653554624e-06,-3.1217028500172166,5.376717582250656,0.0344354771040241,0.0216049896236885,,,4.228195041111044e-06,2.7171708303916234e-06,-6.458114374028412,11.964510371933592,-0.0706969555748969,0.0295876858646025,,,-2.654602004794823e-06,1.1166273066450448e-06,7.178350718469265,11.871578213873883,0.0302986952463844,0.035469672568434,,,6.58656468256895e-07,7.755431787610001e-07,-2.287236384671461,5.165111494649907,0.0326256350413067,0.0291352253489232,,,4.911879039606659e-07,4.432109299945244e-07,-1.997532380203632,3.998102709583968,0.6098484848484849,0.6098484848484849,1.6159304131405023,6118.0,3914.0,10032.0
EUR,type2_diabetes_e11,T2D,sumrhe,insample10,-1,8,0.5042381065892874,0.1840035985003073,-0.0763838047982731,0.138494862565941,-0.6661,1.35402,-7.394529776536604e-07,1.3501067174483768e-06,-0.9160642775194956,1.8610973098742127,0.0987608472692448,0.11303359429985,1.09149,1.14544,1.2116840388904068e-06,1.3931382294728336e-06,1.3743047655749776,1.4425317774725417,0.0393730952568418,0.0710356260258854,0.58118,1.07264,6.451741010611527e-07,1.1715169195458852e-06,0.6503352576310703,1.1997605532101263,0.0670983165002012,0.0485601508167715,1.48981,1.11157,1.65386686626364e-06,1.2136953478397771e-06,1.394099589215355,1.0362375264259196,0.0438681902986645,0.0465914960539294,3.80264,4.1102,4.221386407962294e-06,4.4980808348797495e-06,1.865434912535008,2.0171230431032625,0.0700184877317503,0.0752682337659959,1.97126,2.05322,2.1883336667363675e-06,2.3665756689640905e-06,1.6549955616610026,1.7228616535187125,0.1674012766670057,0.0749729355515696,2.87186,1.49407,3.1881018636806377e-06,1.443916397989074e-06,3.012967054886934,1.5643816640186528,0.0940688867511378,0.0666389637222047,1.16219,0.87906,1.290167742102378e-06,9.189811676597732e-07,1.3998743098530249,1.058913148202589,,,,,,,,,,,,,,,,,,,,,,,,,,,,,,,,,,,,,,,,,,,,,,,,,,,,,,,,,,,,,,,,,,,,,,,,,,,,,,,,,,,,,,,,,,,,,,,,,,,,,,,,,,,,,,,,,,,,,,,,,,,,,,,,,0.0820079522862823,0.0820079522862823,3.281091271403484,825.0,9235.0,10060.0
EUR,type2_diabetes_e11,T2D,sumrhe,insample10,-1,24,0.4914090397180997,0.1844957621910179,-0.157361137376511,0.1075213609638921,-2.56992,2.30144,-2.780413148843669e-06,1.9156388900787526e-06,-2.7847671569608217,2.491634462773634,0.0421292119248207,0.0684107530087626,1.34813,2.1515,1.458556627242076e-06,2.381763840459417e-06,1.0792854439067332,1.7223366789152876,0.01325560873647,0.0457384123233645,0.73872,2.56643,7.992311795273603e-07,2.775429171202407e-06,0.4546805040260092,1.578723313965957,0.0005905964288526,0.0249034827499524,0.06794,2.87975,7.35066158623794e-08,3.108646957452331e-06,0.0294616403660115,1.2463815790854984,0.0886550861533221,0.0823882018249414,2.44002,2.1681,2.639870885324372e-06,2.46583852319786e-06,2.0949603713347678,1.860870914576486,-0.0166679436587296,0.0719215206691643,-0.49197,2.17494,-5.322717504121588e-07,2.307033705661932e-06,-0.4090897408098577,1.8085243844325147,-0.0771384557906959,0.0523990276043136,-3.04914,2.38373,-3.298907597007204e-06,2.255710875994638e-06,-2.210586027739026,1.7270417637984803,0.030218850609626,0.0288079813629225,1.86577,1.88352,2.01858969090158e-06,1.938435912232464e-06,1.0930824327029849,1.1019676278659456,-0.0002296763889982,0.0407183426781172,-0.02182,4.12318,-2.3602169140801105e-08,4.447617651125564e-06,-0.0100881416557952,1.905500318050116,-0.0003281091271403,0.0522349730407434,-0.02229,3.58093,-2.411533181564861e-08,3.877626475457351e-06,-0.0124405856646534,1.9982436439276063,0.0139118269907507,0.0463946305776452,1.01673,3.44504,1.100008816376918e-06,3.6904402184237823e-06,0.5487100176818902,1.8588825732660157,0.0279877085450717,0.0334015091428874,2.62284,3.18437,2.8376714726209317e-06,3.4437021548142406e-06,1.254111830120925,1.5145484497885766,-0.0146008561577455,0.0279548976323576,-3.46236,6.95875,-3.7459562827359296e-06,7.208918443313308e-06,-1.0477475946060029,2.10499394844272,0.0747104482498573,0.042391699226533,8.89994,5.62072,9.62892012144966e-06,5.493793603012565e-06,3.783918508746068,2.3893497234789023,0.1125086196964254,0.0397996371221242,12.34632,6.27392,1.3357585053185297e-05,4.743801760195157e-06,5.464788756173358,2.7808068797962373,0.0192928166758524,0.0279548976323576,2.33001,3.4631,2.5208558616367534e-06,3.707961245813077e-06,0.9840812995756898,1.455961284046396,0.0201130894937033,0.0225739079472559,8.26818,9.64227,8.945403187790888e-06,1.010316905381832e-05,1.9033807330887893,2.2180242616512977,0.0302516615223401,0.0359607603345821,5.2157,5.9773,5.6429192012978535e-06,6.7346367000319336e-06,1.8483699568324383,2.119929475910148,0.0289064141010646,0.037699738708426,4.10554,5.45519,4.44181011957518e-06,5.822788624796192e-06,1.6009756749686157,2.1273775530962338,-0.0319250180707559,0.0287095486247804,-4.53275,4.44546,-4.9040174469777885e-06,4.441055468582757e-06,-1.76783557157584,1.732055271261185,0.023558235328677,0.0398980698602663,2.67474,4.55676,2.893820787548459e-06,4.928560009687887e-06,1.1645610060505098,1.982484562551056,0.0332374545793172,0.0684435639214766,1.1537,2.36362,1.248199303649856e-06,2.586871418017392e-06,0.8893069782012002,1.820398653743724,0.1184145839849517,0.0676561020163398,2.37954,1.48704,2.574439363190044e-06,1.4843066315400508e-06,2.3554593317365757,1.4696204670092488,0.1118852123548587,0.0674592365400556,1.55723,1.04725,1.6847780271315323e-06,1.0220336823120138e-06,1.8052203255222117,1.2139414296851323,0.0820079522862823,0.0820079522862823,3.281091271403484,825.0,9235.0,10060.0
EUR,apo_b,ApoB,sumrhe,insample10,-1,8,0.13975,0.06677,0.00018,0.04423,0.00563,1.40582,1.73355e-09,4.30587e-07,0.0023614,0.589171,0.02066,0.03416,0.82348,1.28041,2.53393e-07,4.21251e-07,0.316015,0.491348,-0.0173,0.0276,-0.92131,1.6434,-2.83499e-07,4.54539e-07,-0.314215,0.560406,0.03227,0.01767,2.58592,1.59809,7.95716e-07,4.41626e-07,0.737452,0.454725,0.01379,0.01587,4.3137,5.3157,1.32738e-06,1.5535e-06,0.644974,0.791063,-0.01436,0.02392,-1.45893,2.65741,-4.4893e-07,7.52541e-07,-0.373322,0.679557,0.04138,0.02598,2.56085,2.04539,7.88003e-07,4.97889e-07,0.818862,0.653838,0.06314,0.03263,2.81485,1.64313,8.66162e-07,4.49918e-07,1.03325,0.603005,,,,,,,,,,,,,,,,,,,,,,,,,,,,,,,,,,,,,,,,,,,,,,,,,,,,,,,,,,,,,,,,,,,,,,,,,,,,,,,,,,,,,,,,,,,,,,,,,,,,,,,,,,,,,,,,,,,,,,,,,,,,,,,,,,,,,,
EUR,apo_b,ApoB,sumrhe,insample10,-1,24,0.13913,0.06701,-0.01992,0.03381,-1.14888,2.33602,-3.51936e-07,6.0083e-07,-0.379438,0.771392,0.02981,0.02248,3.37019,2.75482,1.03239e-06,7.82535e-07,0.822345,0.672293,-0.0103,0.01497,-2.02715,3.32813,-6.20974e-07,9.08415e-07,-0.38027,0.623848,-0.00158,0.00717,-0.63763,2.94316,-1.95324e-07,8.99664e-07,-0.0842724,0.387297,0.02278,0.02386,2.214,2.35181,6.78213e-07,7.15017e-07,0.579372,0.615201,-0.00851,0.02308,-0.88634,2.56423,-2.71513e-07,7.40461e-07,-0.224634,0.649851,0.00228,0.0194,0.31781,2.73308,9.73532e-08,8.34512e-07,0.070223,0.603782,0.02591,0.01635,5.65155,3.78807,1.73123e-06,1.09862e-06,1.00893,0.676227,0.00915,0.01327,3.2437,5.03596,9.93639e-07,1.44944e-06,0.45718,0.709645,-0.01259,0.01587,-3.03423,4.19091,-9.29473e-07,1.17637e-06,-0.516159,0.713098,0.00647,0.0151,1.6711,3.99399,5.11907e-07,1.20092e-06,0.274876,0.656806,-0.00088,0.01167,-0.29005,4.05312,-8.88515e-08,1.19105e-06,-0.0422705,0.590242,-0.01045,0.00801,-8.75051,8.39777,-2.68053e-06,2.08151e-06,-0.807079,0.772774,0.00978,0.0123,4.11578,5.43177,1.26078e-06,1.5952e-06,0.533337,0.703696,-0.01965,0.012,-7.61773,5.86148,-2.33353e-06,1.43521e-06,-1.02768,0.789255,0.00795,0.00895,3.39155,4.3457,1.03893e-06,1.18206e-06,0.436556,0.558037,0.00119,0.00765,1.72853,11.24328,5.29499e-07,3.42877e-06,0.12128,0.787884,-0.00832,0.01049,-5.06539,7.2312,-1.55168e-06,1.96535e-06,-0.547125,0.781119,0.03395,0.01133,17.02924,10.41787,5.21655e-06,1.76209e-06,2.02398,1.23513,-0.00247,0.01141,-1.23797,6.33578,-3.79225e-07,1.7644e-06,-0.147103,0.752203,0.01261,0.01442,5.05322,6.17138,1.54795e-06,1.80798e-06,0.670574,0.813824,-0.00475,0.02146,-0.5821,2.68456,-1.78313e-07,8.10779e-07,-0.136757,0.630316,0.01289,0.02453,0.91474,1.78623,2.80212e-07,5.35949e-07,0.27598,0.53889,0.06376,0.02962,3.13498,1.67813,9.60335e-07,4.48827e-07,1.10754,0.592397,,,,,,
EUR,urea,UREA,sumrhe,insample10,-1,8,0.08008,0.06607,-0.00368,0.04243,-0.20232,2.43982,-3.56708e-08,4.12932e-07,-0.0848026,1.0226,-0.01774,0.0373,-1.23415,3.18094,-2.17589e-07,4.5997e-07,-0.4736,1.22048,0.00114,0.02853,0.10638,2.65155,1.87561e-08,4.69999e-07,0.0362815,0.90413,-0.00121,0.01311,-0.16884,1.86794,-2.97684e-08,3.25597e-07,-0.0481538,0.532183,0.0031,0.01497,1.69013,8.10085,2.97982e-07,1.45466e-06,0.252695,1.20879,0.0075,0.02281,1.32881,3.947,2.34279e-07,7.17064e-07,0.340014,1.00967,0.02794,0.02631,3.01754,3.46314,5.32014e-07,5.04733e-07,0.964864,1.10609,0.06304,0.02043,4.90329,4.16833,8.64484e-07,2.8343e-07,1.80003,1.5309,,,,,,,,,,,,,,,,,,,,,,,,,,,,,,,,,,,,,,,,,,,,,,,,,,,,,,,,,,,,,,,,,,,,,,,,,,,,,,,,,,,,,,,,,,,,,,,,,,,,,,,,,,,,,,,,,,,,,,,,,,,,,,,,,,,,,,
EUR,urea,UREA,sumrhe,insample10,-1,24,0.08086,0.06614,-0.00549,0.03145,-0.54493,3.37512,-9.70152e-08,5.58599e-07,-0.179967,1.1146,0.01042,0.02238,2.02593,4.31005,3.6068e-07,7.79099e-07,0.494322,1.05141,-0.01337,0.01346,-4.52711,6.89331,-8.0597e-07,8.16979e-07,-0.84923,1.29268,0.01006,0.00694,6.99585,6.97922,1.24548e-06,8.68071e-07,0.924575,0.92312,-0.00318,0.0272,-0.5326,4.77232,-9.48191e-08,8.14183e-07,-0.139368,1.2486,-0.01575,0.02779,-2.82347,5.83296,-5.02667e-07,8.91554e-07,-0.715553,1.47781,0.01042,0.01823,2.50281,4.54195,4.4558e-07,7.85342e-07,0.553017,1.00287,-0.00636,0.00767,-2.38714,3.53074,-4.24987e-07,5.1339e-07,-0.42624,0.631226,-0.00266,0.01353,-1.62151,8.35808,-2.8868e-07,1.47736e-06,-0.228534,1.17751,-0.02141,0.01504,-8.87859,10.73245,-1.58067e-06,1.11687e-06,-1.5103,1.8246,-0.00343,0.01492,-1.52292,7.22441,-2.71129e-07,1.18606e-06,-0.250493,1.18833,0.00293,0.0088,1.67019,5.13852,2.97348e-07,8.97608e-07,0.243395,0.748757,0.00736,0.00792,10.61373,14.26,1.88958e-06,2.03741e-06,0.978893,1.31564,0.00847,0.0135,6.13126,10.67852,1.09156e-06,1.74907e-06,0.794482,1.38357,0.01035,0.01174,6.9037,9.25542,1.22908e-06,1.40213e-06,0.931319,1.24829,-0.00922,0.00753,-6.76441,7.5715,-1.20428e-06,9.86831e-07,-0.870733,0.97537,0.00238,0.00715,5.95096,18.64148,1.05946e-06,3.21015e-06,0.417527,1.30608,-0.00434,0.01126,-4.55099,13.31624,-8.10221e-07,2.11318e-06,-0.491545,1.43709,-0.00716,0.01092,-6.1803,9.61164,-1.10029e-06,1.68614e-06,-0.734523,1.14241,0.01305,0.0095,11.26234,12.17551,2.00506e-06,1.46837e-06,1.33872,1.44833,0.00049,0.01409,0.33477,9.68308,5.95995e-08,1.74636e-06,0.044423,1.28246,0.01043,0.01939,2.19951,4.09332,3.91583e-07,7.3244e-07,0.516731,0.961422,0.03309,0.0255,4.04023,3.93741,7.1929e-07,5.58623e-07,1.21891,1.18619,0.0538,0.0205,4.55074,3.92189,8.10176e-07,3.11945e-07,1.60783,1.38608,,,,,,
EUR,calcium,Ca,sumrhe,insample10,-1,8,0.10273,0.06346,0.01266,0.04612,0.54195,1.86208,1.22578e-07,4.48984e-07,0.227158,0.780335,0.02728,0.0423,1.47973,2.06334,3.34684e-07,5.22053e-07,0.567841,0.791432,-0.02568,0.02729,-1.86033,2.50908,-4.20768e-07,4.49901e-07,-0.634457,0.855704,0.03125,0.0165,3.40579,2.47128,7.70319e-07,4.20886e-07,0.971321,0.701975,-0.0316,0.0155,-13.44577,10.70628,-3.04115e-06,1.50575e-06,-2.01031,1.59487,-0.00568,0.02503,-0.78527,3.56013,-1.77611e-07,7.86445e-07,-0.200933,0.91079,0.07146,0.02841,6.01712,4.11387,1.36095e-06,5.43982e-07,1.92399,1.31428,0.02304,0.0247,1.397,1.61082,3.15971e-07,3.41192e-07,0.512845,0.590904,,,,,,,,,,,,,,,,,,,,,,,,,,,,,,,,,,,,,,,,,,,,,,,,,,,,,,,,,,,,,,,,,,,,,,,,,,,,,,,,,,,,,,,,,,,,,,,,,,,,,,,,,,,,,,,,,,,,,,,,,,,,,,,,,,,,,,
EUR,calcium,Ca,sumrhe,insample10,-1,24,0.09902,0.06358,-0.03827,0.03651,-3.10214,4.09089,-6.7631e-07,6.48453e-07,-1.0245,1.35087,0.00486,0.02436,0.77231,3.77291,1.68375e-07,8.48188e-07,0.188442,0.920408,-0.01059,0.0156,-2.92891,5.15805,-6.38544e-07,9.45731e-07,-0.549428,0.967658,-0.00253,0.00839,-1.43628,4.90347,-3.1313e-07,1.04515e-06,-0.18982,0.647718,0.04181,0.0263,5.71063,4.21153,1.245e-06,7.89317e-07,1.49434,1.09943,0.00136,0.02706,0.1993,3.9539,4.34498e-08,8.67978e-07,0.0505083,1.00196,-0.00019,0.01966,-0.03641,3.84628,-7.93804e-09,8.45743e-07,-0.00804527,0.849628,0.01269,0.01026,3.88673,3.64158,8.47363e-07,6.91915e-07,0.694004,0.650187,0.00125,0.01501,0.62128,7.54652,1.35448e-07,1.64075e-06,0.0875626,1.06292,0.00927,0.0191,3.13951,6.45627,6.84458e-07,1.41835e-06,0.534051,1.09794,0.00447,0.01415,1.62219,5.20855,3.5366e-07,1.12551e-06,0.266821,0.856376,0.01371,0.00932,6.37978,5.51177,1.39088e-06,9.57921e-07,0.92972,0.802459,0.00697,0.00875,8.20392,11.69467,1.78857e-06,2.26685e-06,0.75664,1.07611,0.01269,0.01515,7.50033,9.89014,1.63518e-06,1.96503e-06,0.971886,1.28029,-0.01938,0.01325,-10.55496,9.81178,-2.30113e-06,1.585e-06,-1.42388,1.32247,0.01032,0.01378,6.183,8.89371,1.34798e-06,1.84252e-06,0.795892,1.138,-0.00657,0.00733,-13.41064,17.25628,-2.92371e-06,3.27979e-06,-0.940909,1.20905,0.01154,0.01156,9.87268,11.02315,2.15238e-06,2.17665e-06,1.06633,1.18786,0.00852,0.01088,6.00477,8.34588,1.30913e-06,1.68286e-06,0.713663,0.990788,-0.00777,0.00982,-5.47169,7.77154,-1.19291e-06,1.52031e-06,-0.650405,0.922935,-0.0254,0.01334,-14.30496,12.08377,-3.11868e-06,1.65551e-06,-1.89824,1.59821,-0.01842,0.02359,-3.17251,4.69706,-6.91651e-07,8.90602e-07,-0.745319,1.10267,0.06224,0.02652,6.2062,4.48738,1.35304e-06,5.79558e-07,1.87237,1.35284,0.02643,0.02296,1.82554,1.78749,3.97993e-07,3.48693e-07,0.644983,0.630861,,,,,,
EUR,albumin,ALB,sumher,insample10,20000,8,-0.04464,0.061069,0.016737,0.050893,-1.64884,6.588512,1.62049e-07,4.927539954175917e-07,-0.6911011940601034,2.101480876839625,-0.039793,0.042146,4.966998,7.074127,-4.881594e-07,5.170198255386345e-07,1.906055028440335,2.018742726804521,-0.000477,0.032523,0.079605,5.39956,-7.823581e-09,5.329002720960086e-07,0.0271485809889632,1.849215365193901,-0.011539,0.015361,2.894224,5.271995,-2.84446e-07,3.786609301208669e-07,0.8254168983749102,1.098813590193304,-0.006709,0.017159,6.569984,17.998531,-6.457018e-07,1.6513479342646116e-06,0.9822860151365476,2.5121441228021277,0.000723,0.028988,-0.22992,9.264499,2.259668e-08,9.061079405898616e-07,-0.0588312362161173,2.3590832941008038,-0.011872,0.032164,2.300477,6.756178,-2.260922e-07,6.125347337090363e-07,0.7355769340596462,1.992843722281152,0.008292,0.022028,-1.157027,3.488934,1.137133e-07,3.020949023072054e-07,-0.4247505969267169,1.1284079354262322,,,,,,,,,,,,,,,,,,,,,,,,,,,,,,,,,,,,,,,,,,,,,,,,,,,,,,,,,,,,,,,,,,,,,,,,,,,,,,,,,,,,,,,,,,,,,,,,,,,,,,,,,,,,,,,,,,,,,,,,,,,,,,,,,,,,,,
EUR,albumin,ALB,sumher,insample10,20000,24,-0.046743,0.061137,-0.011721,0.038722,2.012639,6.01041,-2.071238e-07,6.842491505292498e-07,0.6646898287524327,2.195853159749312,-0.01954,0.025607,6.575294,10.941448,-6.766738e-07,8.867540245186373e-07,1.604359992775212,2.102449777677385,0.008044,0.017685,-4.712091,12.623649,4.849286e-07,1.0660698851388685e-06,-0.883932105642149,1.943241537687164,0.002212,0.008862,-2.66151,11.385245,2.739002e-07,1.0972397185665491e-06,-0.3517479076134999,1.4090963612155418,0.031036,0.031783,-8.979729,16.98326,9.241179e-07,9.463563282400556e-07,-2.349792258114031,2.4063388162005124,-0.008445,0.02991,2.618781,9.265347,-2.695029e-07,9.545501558325786e-07,0.6636815710774867,2.3506884233721625,-0.007496,0.023481,3.115562,10.120455,-3.206273e-07,1.004359497391248e-06,0.6884126489013469,2.1564407711019444,-0.013299,0.008572,8.629721,12.410063,-8.88098e-07,5.724413507076511e-07,1.5409009102311355,0.9932185393496666,-0.003499,0.017004,3.691911,17.918674,-3.799403e-07,1.84642113289466e-06,0.5203362048625043,2.5287124447402216,-0.008423,0.021071,6.041722,16.294547,-6.21763e-07,1.5554086279817275e-06,1.0277362439969022,2.570995413368624,-0.013653,0.019331,10.495957,19.554504,-1.080155e-06,1.5293841897966646e-06,1.726399651688525,2.4443976397488307,-0.012546,0.011144,12.364633,19.244328,-1.272464e-06,1.1302269683563565e-06,1.801890956816249,1.600474161493891,0.001406,0.011231,-3.505054,28.764766,3.607106e-07,2.882031228144484e-06,-0.3232684502273073,2.5828732746666447,-0.000609,0.016646,0.762593,20.798872,-7.847959e-08,2.1453412315993e-06,0.0988162707716566,2.701270738536169,0.014938,0.017151,-17.235323,30.769518,1.773714e-06,2.036422107520933e-06,-2.325077083708439,2.669448611757118,0.011549,0.01147,-14.660459,24.345036,1.508731e-06,1.4983477566973564e-06,-1.8871388201158203,1.8741513349278536,0.003126,0.008735,-13.516586,42.7052,1.391013e-06,3.887474758760499e-06,-0.9483445281431746,2.650345766549433,-0.014483,0.013804,26.247075,41.521563,-2.701127e-06,2.57444421186399e-06,2.834914873122949,2.701957437113662,-0.007611,0.015322,11.361793,26.845282,-1.16926e-06,2.3539662274552707e-06,1.3503433918674594,2.7185251696999795,0.007424,0.012449,-11.080158,23.844089,1.140276e-06,1.911971495603425e-06,-1.31706999534941,2.2084129533749794,-0.010441,0.01517,12.457317,22.958392,-1.282002e-06,1.86271146450544e-06,1.653061850704307,2.4018505905946257,0.011806,0.027145,-4.307838,11.941365,4.433263e-07,1.0193272291075127e-06,-1.012044630669435,2.326964696462654,-0.007557,0.031048,1.596265,6.745856,-1.642741e-07,6.749602951285357e-07,0.4815835612698831,1.9787037801075855,0.001038,0.021854,-0.151876,3.206433,1.562979e-08,3.290803853164148e-07,-0.0536599302097041,1.1297932032011542,,,,,,
EUR,alka_phos,ALP,sumher,insample10,20000,8,-0.030631,0.061083,-0.052064,0.050613,7.47495,12.259697,-5.040953e-07,4.900513238427175e-07,3.133076122818096,3.045789361033552,-0.050959,0.042138,9.269792,17.509805,-6.251357e-07,5.169209804215727e-07,3.557222985896753,2.9414464626606733,-0.000963,0.032455,0.234018,7.799234,-1.578171e-08,5.317878336329254e-07,0.0798102407068029,2.689322957220292,-0.025609,0.01691,9.360844,19.080671,-6.312761e-07,4.168444554027318e-07,2.669659559577888,1.7628305352015403,0.0081,0.017353,-11.559342,36.00792,7.795383e-07,1.6699736524867691e-06,-1.728249469390826,3.7023595618161655,0.017977,0.029161,-8.332302,22.734768,5.619134e-07,9.115003565550592e-07,-2.13204191430418,3.458463466218443,-0.020412,0.032158,5.764278,14.077091,-3.887311e-07,6.124295877894862e-07,1.8431251296341788,2.90376654552801,0.093299,0.023152,-18.972918,38.285527,1.279495e-06,3.174985039334832e-07,-6.965051604806271,1.72833302540885,,,,,,,,,,,,,,,,,,,,,,,,,,,,,,,,,,,,,,,,,,,,,,,,,,,,,,,,,,,,,,,,,,,,,,,,,,,,,,,,,,,,,,,,,,,,,,,,,,,,,,,,,,,,,,,,,,,,,,,,,,,,,,,,,,,,,,
EUR,alka_phos,ALP,sumher,insample10,20000,24,-0.028504,0.061105,-0.04824,0.038514,13.5836,26.404941,-8.524334e-07,6.80561459384823e-07,4.486010220238926,3.58151811308782,-0.022329,0.025569,12.321715,27.441327,-7.732443e-07,8.8546061459559e-07,3.0064221495948917,3.4427261918569423,-0.003116,0.017265,2.993471,17.117375,-1.878541e-07,1.0407766330966506e-06,0.5615294793209348,3.111067370220601,-0.006776,0.007473,13.369109,31.763211,-8.389731e-07,9.25166039151892e-07,1.766843090766853,1.948361901099876,0.014645,0.031643,-6.948562,24.136461,4.360543e-07,9.421655374720515e-07,-1.8182493144609977,3.9286204553362634,-0.027192,0.029559,13.828434,30.658882,-8.677979e-07,9.433520551734648e-07,3.5044969264460017,3.809613249711629,0.013989,0.023516,-9.535048,27.481004,5.983681e-07,1.0058648020484662e-06,-2.106820565701454,3.541593629859163,-0.008091,0.012581,8.609344,22.196121,-5.402759e-07,8.401649242857024e-07,1.5372347313564445,2.3905021521031,-0.007695,0.016964,13.315134,38.018994,-8.355859e-07,1.842116445830719e-06,1.8765950205094688,4.137104933729169,0.005065,0.021279,-5.958291,29.332655,3.739102e-07,1.570749184306648e-06,-1.0135259755850836,4.257693690687951,0.005881,0.019761,-7.414185,30.501147,4.652743e-07,1.5633953434752197e-06,-1.219481164352153,4.097649867624098,-0.008983,0.010884,14.518047,35.457301,-9.110743e-07,1.10386366911861e-06,2.115668258475328,2.563357704677166,-0.008943,0.010969,36.570472,87.147451,-2.294965e-06,2.814829479737627e-06,3.372805177382751,4.136826244717747,-0.00243,0.016665,4.989639,35.139547,-3.131228e-07,2.1478109786477958e-06,0.6465426803585834,4.434846223393946,-0.026018,0.016391,49.227857,108.830739,-3.089275e-06,1.946213503190233e-06,6.640810761156114,4.183646834772896,-0.006745,0.014777,14.041072,42.936902,-8.811419e-07,1.930323548009504e-06,1.8073766235525308,3.959432250997665,-0.00409,0.008493,29.008499,83.945339,-1.820417e-06,3.7798068733732943e-06,2.035244591778808,4.225862259581933,-0.009741,0.014122,28.947967,73.171066,-1.816618e-06,2.6338020047072638e-06,3.126578984254805,4.533033360126293,0.019891,0.015625,-48.697423,112.76878,3.055987e-06,2.400519943678869e-06,-5.787558661987796,4.546207164269055,0.023579,0.013441,-57.708221,128.970892,3.621456e-06,2.0643405726769022e-06,-6.859506285261486,3.910128173087705,0.011243,0.01555,-21.999533,59.057165,1.380572e-06,1.9093983345546312e-06,-2.91924291351069,4.037455168740001,0.026652,0.027247,-15.948267,39.560559,1.000827e-06,1.0231754492754407e-06,-3.746674417003375,3.830337590718704,-0.032924,0.030748,11.405278,26.020563,-7.157337e-07,6.684411716822955e-07,3.440842522425919,3.213486813970959,0.073863,0.022939,-17.723901,38.541259,1.112256e-06,3.454321930567561e-07,-6.261991744234312,1.9447802853966707,,,,,,
EUR,asp_at,AST,sumher,insample10,20000,8,0.018531,0.061183,-0.011738,0.050825,-2.785676,18.93261,-1.136487e-07,4.921011074972296e-07,-1.1675758140548314,5.055626251627708,0.009502,0.042689,2.857249,13.109085,1.165687e-07,5.23677763514931e-07,1.0964303818124783,4.9256465088602726,0.020299,0.032583,8.152692,27.182973,3.326097e-07,5.338812602067992e-07,2.780364864988341,4.462842478600843,-0.023931,0.013021,-14.459238,48.959964,-5.899012e-07,3.209758557898086e-07,-4.123615223979453,2.243733231030363,-0.01039,0.017044,-24.509454,94.892452,-9.999252e-07,1.640292047167211e-06,-3.66436568363167,6.011079517521378,0.010403,0.029101,7.970397,32.258005,3.251725e-07,9.096290452706532e-07,2.039400299178757,5.704965047987321,-0.027848,0.032037,-12.999491,46.5161,-5.303471e-07,6.101190867363519e-07,-4.156502545833542,4.781701525814476,0.052233,0.02199,17.557714,58.180788,7.163114e-07,3.015690302401757e-07,6.445400784682889,2.71353110413444,,,,,,,,,,,,,,,,,,,,,,,,,,,,,,,,,,,,,,,,,,,,,,,,,,,,,,,,,,,,,,,,,,,,,,,,,,,,,,,,,,,,,,,,,,,,,,,,,,,,,,,,,,,,,,,,,,,,,,,,,,,,,,,,,,,,,,
EUR,asp_at,AST,sumher,insample10,20000,24,0.020582,0.06131,-0.024894,0.03869,-9.707293,37.883816,-4.398864e-07,6.836814316624374e-07,-3.2059634834528365,4.982781245850133,-0.002444,0.025975,-1.867722,21.640929,-8.463592e-08,8.995144245647204e-07,-0.455728501038294,4.843503330136939,0.004206,0.017517,5.595664,27.106207,2.535678e-07,1.0559493359058474e-06,1.0496976401206248,4.371326035826746,-0.004555,0.008089,-12.446247,44.027929,-5.640022e-07,1.0014309761536238e-06,-1.644935903000545,2.9207151444657105,0.04466,0.031955,29.344749,83.416783,1.329759e-06,9.514718072544242e-07,7.678988776931418,5.494485338676689,0.001212,0.030006,0.853507,20.804135,3.86767e-08,9.576031014987369e-07,0.216309072878225,5.355633729622864,0.010886,0.023494,10.275145,35.545325,4.656187e-07,1.004935818846159e-06,2.2704281668771293,4.9002211230177215,-0.018168,0.007828,-26.772799,80.900138,-1.213211e-06,5.227367406257188e-07,-4.780564338342808,2.059803793879931,-0.004113,0.017025,-9.855584,53.462511,-4.466062e-07,1.8487398410809456e-06,-1.3890645887027573,5.750074779457842,-0.000684,0.021412,-1.114387,35.390638,-5.049848e-08,1.5805600273320849e-06,-0.1895676003948142,5.933306738367278,0.003811,0.019709,6.653543,38.479671,3.015056e-07,1.5592732281418805e-06,1.0944089870554223,5.659870444042809,0.002001,0.012474,4.478803,30.424222,2.029571e-07,1.265118176298167e-06,0.6527039764405757,4.068582298116513,-0.02628,0.01048,-148.816679,451.534589,-6.743635e-06,2.689133503565786e-06,-13.725478086561992,5.473256333569636,0.014615,0.017207,41.566174,129.658075,1.883573e-06,2.217707149287299e-06,5.38620897690638,6.341688989829812,-0.002475,0.016858,-6.484081,49.020833,-2.938264e-07,2.0016852899494466e-06,-0.8747291194943323,5.959071108594179,-0.002821,0.010004,-8.133055,37.8133,-3.685497e-07,1.3067979951010027e-06,-1.0469286989623956,3.712184068574089,-0.003943,0.008467,-38.719296,146.207175,-1.754567e-06,3.768087047826788e-06,-2.7166514359987683,5.834248044929036,-0.011259,0.013971,-46.339177,152.102727,-2.099862e-06,2.6056006984954544e-06,-5.005123306155062,6.210576115274961,0.020007,0.015777,67.830888,206.74819,3.07376e-06,2.423900781797803e-06,8.061801371420811,6.357362528917517,0.010917,0.012724,37.001662,117.276659,1.676732e-06,1.954281709477935e-06,4.398367704864711,5.12643019705925,-0.006353,0.01522,-17.213497,69.324707,-7.800304e-07,1.8688092465524672e-06,-2.28423582105788,5.47260853384603,0.020984,0.027064,17.389041,54.014516,7.879852e-07,1.0163090081269575e-06,4.085293263353142,5.2690334087317545,-0.045202,0.030718,-21.684913,67.142047,-9.826528e-07,6.677909103903706e-07,-6.54231818023792,4.446026728509351,0.040473,0.022035,13.449536,40.581595,6.094663e-07,3.318095839483845e-07,4.751991614483573,2.5871100018622952,,,,,,
EUR,blood_mscv,MSCV,sumher,insample10,20000,8,0.00841,0.061266,-0.006511,0.050875,-3.404423,45.661317,-6.303818e-08,4.925855255689107e-07,-1.4270104191580435,11.150776835772804,-0.01943,0.042502,-12.872319,106.523727,-2.38351e-07,5.213846948271497e-07,-4.939908977183933,10.805882645942086,-0.018464,0.032162,-16.339014,128.046551,-3.025422e-07,5.269795062428899e-07,-5.572572175414504,9.70651807748738,-0.023595,0.016453,-31.411747,231.984408,-5.816373e-07,4.055848863061837e-07,-8.958885059162801,6.247172212220078,-0.009832,0.017223,-51.101916,393.727923,-9.462313e-07,1.6574797132996832e-06,-7.640670368261956,13.383890525925544,0.033008,0.029446,55.720045,402.370634,1.031743e-06,9.204131137701156e-07,14.258146082755554,12.7196255585143,-9.5e-05,0.03232,-0.097352,33.306591,-1.802627e-09,6.155229483942902e-07,-0.0311298181998414,10.629552026761306,0.05333,0.023064,39.497278,287.726174,7.313534e-07,3.162971703951839e-07,14.500340803886738,6.27113617853585,,,,,,,,,,,,,,,,,,,,,,,,,,,,,,,,,,,,,,,,,,,,,,,,,,,,,,,,,,,,,,,,,,,,,,,,,,,,,,,,,,,,,,,,,,,,,,,,,,,,,,,,,,,,,,,,,,,,,,,,,,,,,,,,,,,,,,
EUR,blood_mscv,MSCV,sumher,insample10,20000,24,0.006522,0.061299,-0.041485,0.038617,-51.056507,501.886777,-7.330694e-07,6.823925556452093e-07,-16.860478941674636,15.694919627543568,-0.034319,0.025517,-82.773829,791.947715,-1.188467e-06,8.836463093342268e-07,-20.1950706689112,15.015393497107846,0.000468,0.017225,1.963324,72.655598,2.818941e-08,1.0383544674146686e-06,0.3682670677532105,13.565085434680846,0.002665,0.008133,22.983586,223.585835,3.299983e-07,1.0069275048383573e-06,3.0372928217101727,9.267725568368316,0.026042,0.031719,54.004663,491.657341,7.75399e-07,9.444530163009698e-07,14.130681590557929,17.21148060623114,0.01962,0.030236,43.611017,402.45023,6.26167e-07,9.649563202549635e-07,11.051526752870728,17.030984687231083,0.001257,0.023025,3.743842,73.230427,5.375409e-08,9.848552685547253e-07,0.8271716581703202,15.155021051387685,-0.02388,0.008128,-111.063055,1045.744596,-1.594643e-06,5.427832900891479e-07,-19.82956002627565,6.749569547592876,0.01782,0.017465,134.770148,1254.48662,1.93503e-06,1.896499143158256e-06,18.9929390305674,18.614746333404685,0.021167,0.022174,108.821412,1016.47945,1.562458e-06,1.6368234480236408e-06,18.509766407774205,19.39074181429845,-0.020688,0.019104,-113.992257,1083.260899,-1.636701e-06,1.5113718933472332e-06,-18.7482352776216,17.312603736698605,-0.007192,0.012048,-50.799477,488.363806,-7.293789e-07,1.2218588298162765e-06,-7.402390380143599,12.40051782101939,-0.008145,0.010969,-145.569954,1397.850502,-2.090093e-06,2.8148035455427437e-06,-13.424737882762429,18.07957817684747,-0.023461,0.016412,-210.593054,1994.218483,-3.023695e-06,2.115238048069295e-06,-27.286353682709716,19.08827891131325,-0.004021,0.016798,-33.25109,347.727775,-4.774192e-07,1.9945094635022417e-06,-4.485278663751161,18.73810425156001,0.01709,0.01228,155.485625,1461.946556,2.232463e-06,1.6041851514086522e-06,20.012995247497454,14.380775767055194,-0.000847,0.008698,-26.265142,376.189782,-3.771149e-07,3.870979204284104e-06,-1.8426567129310096,18.914356914538363,0.010218,0.014804,132.721777,1251.446935,1.905619e-06,2.7609731979865363e-06,14.333982848388914,20.767919749331057,0.00061,0.015434,6.531306,174.060719,9.37765e-08,2.3712363863604992e-06,0.7761808758700575,19.626541140480207,-0.02115,0.010236,-226.241202,2130.31317,-3.248371e-06,1.5721408969936504e-06,-26.89058714207239,13.014459182840756,-0.009347,0.015291,-79.935352,776.786204,-1.147712e-06,1.8775361514495532e-06,-10.606427090882724,17.350999467502504,0.021978,0.027157,57.481836,536.691792,8.253242e-07,1.0197784073022924e-06,13.503194903455158,16.684675660955943,-0.00381,0.031131,-5.768902,74.256403,-8.28299e-08,6.767618488065059e-07,-1.740305458283638,14.219168916491368,0.065932,0.023555,69.148804,649.848679,9.928386e-07,3.5470452492180025e-07,24.429321322205425,8.7276933166729,,,,,,
EUR,blood_platelet,PLT,sumher,insample10,20000,8,0.066868,0.061449,0.053249,0.051182,3.502068,3.017547,5.15572e-07,4.955562531136098e-07,1.4678796967734062,1.410893071296678,-0.005858,0.042545,-0.488142,3.719699,-7.186396e-08,5.219137859838538e-07,-0.187322858026182,1.360436887053825,-0.045877,0.031962,-5.106097,6.441446,-7.517161e-07,5.23716717319583e-07,-1.7414108876091197,1.2132319549404749,-0.004465,0.016569,-0.747593,2.924902,-1.100602e-07,4.084343276464406e-07,-0.2132110331617094,0.7912279368582444,-0.008202,0.017216,-5.361534,12.845594,-7.893213e-07,1.656852437605715e-06,-0.8016146370386675,1.6826571959960244,0.010487,0.029384,2.226628,6.316968,3.278027e-07,9.184899563958224e-07,0.5697465674365971,1.596406923681561,0.029083,0.032585,3.762151,5.217623,5.538612e-07,6.205630507853332e-07,1.2029548210082288,1.347827422613808,0.038451,0.022627,3.581806,3.862863,5.27311e-07,3.103054946339172e-07,1.3149081523395016,0.773780984295566,,,,,,,,,,,,,,,,,,,,,,,,,,,,,,,,,,,,,,,,,,,,,,,,,,,,,,,,,,,,,,,,,,,,,,,,,,,,,,,,,,,,,,,,,,,,,,,,,,,,,,,,,,,,,,,,,,,,,,,,,,,,,,,,,,,,,,
EUR,blood_platelet,PLT,sumher,insample10,20000,24,0.064041,0.06148,0.003719,0.038938,0.466145,4.706247,6.57247e-08,6.880615524791369e-07,0.1539487325670758,1.6116650807428203,-0.010684,0.025777,-2.62412,7.254876,-3.699911e-07,8.926583893069062e-07,-0.6402833625877503,1.544778550477541,-0.029505,0.01656,-12.614344,14.62949,-1.778575e-06,9.982538755246585e-07,-2.3663107175969342,1.3281300167474943,0.005044,0.007701,4.429021,7.815944,6.244755e-07,9.534770579306038e-07,0.5853465395096777,0.8937332150925816,0.03211,0.03184,6.78087,7.813899,9.560774e-07,9.480416657510364e-07,1.7744085272564054,1.759494802306807,-0.007318,0.030091,-1.656494,7.276897,-2.335595e-07,9.6031614586031e-07,-0.4198095655734894,1.7261122069829078,0.008194,0.023417,2.485776,7.216159,3.504851e-07,1.0016067092427048e-06,0.5492579869175358,1.569654415556455,-0.017168,0.010585,-8.130984,9.447915,-1.146438e-06,7.068644141559257e-07,-1.451853747722609,0.8951759701126683,0.01306,0.017341,10.058427,15.320697,1.418201e-06,1.8830390330526876e-06,1.4176367023450815,1.8822897778268968,0.004278,0.021476,2.239455,11.215809,3.157548e-07,1.5852971330321646e-06,0.3809475957062952,1.9126079201604729,-0.014571,0.019325,-8.175645,13.782603,-1.152735e-06,1.528866246602364e-06,-1.3447551511449696,1.7835415429653865,-0.000722,0.011802,-0.519525,8.521317,-7.325111e-08,1.1969310757098755e-06,-0.0757104258453761,1.2371165631423044,0.003145,0.011389,5.723324,20.993033,8.069674e-07,2.922560521186858e-06,0.5278601589175179,1.9117293476288624,0.010613,0.017017,9.701639,17.527021,1.367895e-06,2.193201541126579e-06,1.257138057672365,2.015620442721046,-0.006137,0.016682,-5.168132,15.105164,-7.286873e-07,1.980804634485693e-06,-0.6971936769180463,1.8951949160818191,0.014489,0.012747,13.424499,17.196655,1.892804e-06,1.665212599039534e-06,1.7280494144062784,1.520268161221248,0.005982,0.008949,18.880613,32.558759,2.662096e-06,3.9826071862537484e-06,1.3246988041278251,1.981804930002984,0.002702,0.014513,3.573321,19.324175,5.038249e-07,2.706729022270238e-06,0.3859518466272036,2.0734724791582235,0.007067,0.015536,7.700151,18.20048,1.085693e-06,2.3868563006599287e-06,0.915163405697972,2.0119532326574854,-0.011966,0.010731,-13.034944,17.23818,-1.837878e-06,1.648162613336439e-06,-1.54943738007717,1.3894963439081125,-0.014251,0.015134,-12.41078,18.699552,-1.749874e-06,1.8582480996895972e-06,-1.646894034815038,1.748890326152156,0.004399,0.027243,1.171484,7.217527,1.651749e-07,1.0230356787522125e-06,0.2752191814647863,1.704611548821619,0.017065,0.031231,2.631173,5.272056,3.709856e-07,6.78934974795083e-07,0.7938127817361454,1.4527444217782164,0.044497,0.023015,4.752339,5.14269,6.700621e-07,3.465634141106069e-07,1.6790765339020852,0.8684366660076892,,,,,,
EUR,blood_rbc_count,RBC,sumher,insample10,20000,8,-0.042257,0.061028,-0.062376,0.050489,6.491623,7.671993,-6.039404e-07,4.88850488390878e-07,2.720914498097411,2.202403384944508,-0.029214,0.0422,3.852128,6.418538,-3.583782e-07,5.176847496305063e-07,1.4782261697331764,2.135328389326086,-0.031392,0.0322,5.528925,8.783545,-5.14377e-07,5.276062926084184e-07,1.885595864546422,1.93409161655965,0.011508,0.017651,-3.049282,6.77049,2.836863e-07,4.3509619626009146e-07,-0.8696358048674623,1.333780414596743,-0.005486,0.017231,5.674842,18.637099,-5.279522e-07,1.6583051588896418e-06,0.8484496842316789,2.6649921875875897,0.020877,0.029308,-7.014228,15.004901,6.525604e-07,9.161099279016684e-07,-1.7947732120323103,2.5196281568338588,0.014511,0.032256,-2.970359,8.175559,2.763439e-07,6.142884501600205e-07,-0.949768866928622,2.1112535694684125,0.039316,0.02227,-5.795504,9.061795,5.391778e-07,3.054036836713009e-07,-2.1275523822851707,1.205098456860692,,,,,,,,,,,,,,,,,,,,,,,,,,,,,,,,,,,,,,,,,,,,,,,,,,,,,,,,,,,,,,,,,,,,,,,,,,,,,,,,,,,,,,,,,,,,,,,,,,,,,,,,,,,,,,,,,,,,,,,,,,,,,,,,,,,,,,
EUR,blood_rbc_count,RBC,sumher,insample10,20000,24,-0.04651,0.061058,-0.085746,0.03831,14.796929,17.7006,-1.515194e-06,6.769627759338028e-07,4.886833164279238,2.1833535140819214,-0.020257,0.025534,6.85052,11.199721,-7.014878e-07,8.842487206663067e-07,1.6715248108492875,2.107012660170958,-0.018808,0.01676,11.071725,16.698723,-1.133736e-06,1.0103291542858694e-06,2.076936839917141,1.8508628472401436,0.004629,0.00846,-5.597077,12.890642,5.731362e-07,1.0474741046918531e-06,-0.7397198211838699,1.351925349362668,0.015515,0.031645,-4.511243,12.356463,4.619477e-07,9.422264059131436e-07,-1.1804976801733404,2.407839862344872,0.009481,0.030291,-2.954839,10.86463,3.025732e-07,9.667020223419418e-07,-0.7488537635485136,2.3925398801371784,-0.001603,0.023302,0.669723,9.668302,-6.857912e-08,9.966962927592336e-07,0.147982545798974,2.1507078946319367,-0.004612,0.011784,3.007792,8.460617,-3.079955e-07,7.868898271041506e-07,0.5370669575348986,1.372138636304714,0.011817,0.01742,-12.530993,26.434517,1.283164e-06,1.8916418794264413e-06,-1.7661235973233378,2.6036214863728304,-0.016787,0.021309,12.101273,20.92642,-1.239161e-06,1.5729685311537546e-06,2.058518514365115,2.6130461206362243,-0.017335,0.019124,13.393375,22.227207,-1.371471e-06,1.5129534031159057e-06,2.202987997418874,2.4302505760007898,0.008409,0.012561,-8.328738,16.890605,8.528561e-07,1.2739007025667269e-06,-1.2137493328991968,1.8129625008488333,-0.003366,0.011214,8.434558,29.352285,-8.636919e-07,2.877724795737077e-06,0.7779174360092841,2.59193387669854,0.000849,0.016644,-1.069113,21.096648,1.094763e-07,2.145161765461989e-06,-0.138535822761001,2.714576124090039,0.014672,0.017031,-17.013249,30.566272,1.742143e-06,2.0222536932838074e-06,-2.295132721938928,2.6641559409976763,0.008767,0.012745,-11.18428,22.22611,1.145261e-06,1.6649420410332607e-06,-1.439682578081305,2.0929622592498256,-0.00068,0.00872,2.957374,37.865359,-3.028328e-07,3.880919994022036e-06,0.20749522587153,2.6591319393042614,-0.009766,0.01415,17.785788,33.9371,-1.82125e-06,2.638857896894033e-06,1.921033002472765,2.783436161300926,-0.01129,0.015194,16.938105,31.319063,-1.734448e-06,2.3343797891517137e-06,2.013096794492984,2.7094109887817464,-0.003971,0.011134,5.955376,18.324779,-6.098257e-07,1.710036549317002e-06,0.7079047691883837,1.9850639760639024,-0.00651,0.015257,7.806572,19.941345,-7.993867e-07,1.873363018744632e-06,1.035923205546119,2.427686404501718,0.023892,0.027314,-8.761683,16.100849,8.971893e-07,1.025674899761128e-06,-2.0584034310459547,2.353185367687757,0.016634,0.031056,-3.531395,8.339151,3.61612e-07,6.751336164049306e-07,-1.0654072167009665,1.989127095215964,0.039555,0.022484,-5.816782,8.369127,5.956339e-07,3.385787943743672e-07,-2.055164599912803,1.1682262417893867,,,,,,
EUR,bmi,BMI,sumher,insample10,20000,8,0.235796,0.06198,-0.049775,0.050803,-0.928331,1.104069,-4.819323e-07,4.918850475466803e-07,-0.3891070278458103,0.3971427706602854,0.064263,0.043354,1.518556,0.965744,7.883405e-07,5.318418937992757e-07,0.5827407238312504,0.3931371408120894,0.02875,0.03335,0.907414,1.029201,4.710734e-07,5.464450567074425e-07,0.3094695229678531,0.3589845892962618,0.045996,0.018516,2.184071,0.993075,1.133835e-06,4.564410148091427e-07,0.6228896808914324,0.2507528856140695,0.010147,0.017618,1.881066,3.239237,9.765334e-07,1.695466602443115e-06,0.2812424148086697,0.4882957628469773,0.029403,0.029504,1.770409,1.777535,9.19087e-07,9.222428638921528e-07,0.4530099223205531,0.4545654199574889,0.03937,0.032968,1.444286,1.237014,7.497842e-07,6.278547602750178e-07,0.4618134309280949,0.3867136183546446,0.067641,0.023386,1.786846,0.766196,9.276203e-07,3.207127998692912e-07,0.6559650963324976,0.2267915036586894,,,,,,,,,,,,,,,,,,,,,,,,,,,,,,,,,,,,,,,,,,,,,,,,,,,,,,,,,,,,,,,,,,,,,,,,,,,,,,,,,,,,,,,,,,,,,,,,,,,,,,,,,,,,,,,,,,,,,,,,,,,,,,,,,,,,,,
EUR,bmi,BMI,sumher,insample10,20000,24,0.234732,0.062016,-0.014922,0.038883,-0.510229,1.391671,-2.636842e-07,6.870858752732442e-07,-0.168506795078476,0.4390806835828006,0.036641,0.026578,2.45525,1.769004,1.268862e-06,9.203794326254798e-07,0.599074917524041,0.434543892630509,0.001808,0.017884,0.210947,2.080974,1.090164e-07,1.0780384965296929e-06,0.0395710185770156,0.3913088431916157,0.005741,0.008897,1.375395,2.144571,7.107977e-07,1.1015184973480929e-06,0.181773039936106,0.281692478477089,-0.026943,0.031369,-1.552305,1.965994,-8.022243e-07,9.340054068365986e-07,-0.4062021167232517,0.4729287972054551,0.025598,0.030585,1.580781,1.855786,8.169406e-07,9.761018389491948e-07,0.4006185722058465,0.4786694712532681,0.013488,0.023849,1.116396,1.96054,5.769482e-07,1.0200911723958796e-06,0.2466774495535072,0.436145721086681,0.008084,0.012667,1.044566,1.644851,5.398268e-07,8.458898864509494e-07,0.1865144759634599,0.2922617196741426,-0.012631,0.017005,-2.65399,3.731892,-1.37157e-06,1.8465104927944491e-06,-0.3740511068856586,0.5035756787519023,-0.024872,0.021216,-3.552691,3.260146,-1.836015e-06,1.5660932283871226e-06,-0.6043343866770997,0.5154881581340516,-0.004655,0.019841,-0.712615,3.055566,-3.682764e-07,1.5697315057040807e-06,-0.1172123657841542,0.4996028619523217,0.021333,0.012863,4.186642,2.712266,2.163637e-06,1.304600321937719e-06,0.6101149742710505,0.3678788040013347,0.003842,0.011475,1.907571,5.677098,9.858241e-07,2.9444473165604443e-06,0.175933333034993,0.5254755187547355,0.021321,0.017432,5.317234,4.466108,2.747922e-06,2.246708481312162e-06,0.6890018987856293,0.5633298214584901,0.02171,0.017188,4.988086,4.095917,2.57782e-06,2.040853252931234e-06,0.672900163407786,0.5327332736144258,0.01716,0.012767,4.337539,3.394093,2.24162e-06,1.6677367897842874e-06,0.5583394450660214,0.4153974508276813,0.001348,0.008784,1.160667,7.552524,5.998275e-07,3.909349050673271e-06,0.0814339704070734,0.5307422799112206,0.024697,0.015109,8.912522,5.807173,4.605951e-06,2.81776223269459e-06,0.962628277283738,0.5889028354522167,-0.000966,0.015091,-0.287077,4.489627,-1.483603e-07,2.318480105586416e-06,-0.0341189075138099,0.533188516706365,-0.001666,0.012433,-0.495022,3.699503,-2.558253e-07,1.9095130269259757e-06,-0.058841894592505,0.4392034886830717,0.009508,0.0157,2.259155,3.709754,1.167521e-06,1.927781367271714e-06,0.2997846451646135,0.4949968806920855,0.007335,0.027157,0.533014,1.96253,2.754591e-07,1.0197725236541726e-06,0.1252211177866464,0.4635790042880589,0.038838,0.031751,1.633748,1.373316,8.443134e-07,6.902417692374173e-07,0.4928905850742335,0.4029471396309766,0.062932,0.023329,1.833725,0.827151,9.476609e-07,3.512909050914925e-07,0.6478794516657992,0.2401641335691474,,,,,,
EUR,cystatin_c,CysC,sumher,insample10,20000,8,0.071361,0.06142,0.004646,0.0509,0.286308,3.001368,4.498204e-08,4.928242080093064e-07,0.120004544832552,1.3147724017100997,-0.045627,0.042274,-3.562588,5.193649,-5.597199e-07,5.185930967531288e-07,-1.3671236136236182,1.2666708266641942,0.049509,0.033019,5.163437,4.9904,8.112301e-07,5.410243987104463e-07,1.7609574669168615,1.1744151932890134,-0.007022,0.01704,-1.101812,2.925704,-1.731063e-07,4.200477353825396e-07,-0.314231455659231,0.7624922451442778,-0.005949,0.017124,-3.64404,11.327203,-5.725169e-07,1.64792566579928e-06,-0.5448256349017788,1.5682194659057735,0.019999,0.029314,3.978966,6.37288,6.251373e-07,9.16286363534894e-07,1.01812712980421,1.492305778881725,-0.01937,0.032175,-2.347973,4.530639,-3.688912e-07,6.127604752266583e-07,-0.7507651008296788,1.247086349492707,0.075174,0.022651,6.561808,5.927683,1.030929e-06,3.106258038218976e-07,2.4088776928734585,0.725810962401345,,,,,,,,,,,,,,,,,,,,,,,,,,,,,,,,,,,,,,,,,,,,,,,,,,,,,,,,,,,,,,,,,,,,,,,,,,,,,,,,,,,,,,,,,,,,,,,,,,,,,,,,,,,,,,,,,,,,,,,,,,,,,,,,,,,,,,
EUR,cystatin_c,CysC,sumher,insample10,20000,24,0.07378,0.061493,-0.013886,0.038793,-1.510562,4.890368,-2.453704e-07,6.854911377982942e-07,-0.4988720011525703,1.393698407329439,-0.025837,0.025529,-5.50814,7.761359,-8.94723e-07,8.840480190577886e-07,-1.3439682070816024,1.3279332610731347,0.018363,0.017728,6.814687,8.189011,1.106954e-06,1.0686472757650206e-06,1.2783465835936367,1.2341087290355888,-0.012675,0.007656,-9.660509,10.093707,-1.569219e-06,9.478248783398756e-07,-1.2767347015108876,0.7711612675680414,0.023803,0.031751,4.363142,5.862125,7.087335e-07,9.453950497014462e-07,1.1417288590287058,1.522976988426565,-0.016281,0.029649,-3.198729,6.841103,-5.195904e-07,9.462122383482472e-07,-0.810653692903844,1.476259848695855,0.022397,0.024008,5.897696,7.527161,9.58001e-07,1.0269230740420627e-06,1.303143485855199,1.3968963648391914,0.006323,0.012836,2.5992,5.604993,4.22205e-07,8.571793861263813e-07,0.4641037988126477,0.9422441926674174,0.002739,0.01723,1.830778,11.406143,2.973852e-07,1.8710130945559948e-06,0.2580274831916105,1.6233921520197714,-0.000656,0.021342,-0.298142,9.72851,-4.842911e-08,1.5754053446653023e-06,-0.0507155590868253,1.6497838354467724,0.017437,0.019915,8.492733,11.579395,1.37953e-06,1.5755595831322911e-06,1.396896856756245,1.595394249715249,0.005218,0.014167,3.257725,9.129402,5.291734e-07,1.4367786885947329e-06,0.474743402558114,1.2889937463720744,-0.006195,0.011095,-9.78705,19.921675,-1.589774e-06,2.8470746389935056e-06,-0.9026465731962366,1.6165204403401996,0.000669,0.016896,0.530904,13.381297,8.623825e-08,2.177561939417568e-06,0.0687938477441762,1.7370814518361082,-0.019562,0.016504,-14.298932,17.290867,-2.322668e-06,1.959685433940866e-06,-1.9289404916842143,1.62748898443182,-0.007262,0.011352,-5.84045,10.42468,-9.487023e-07,1.48293290475328e-06,-0.7517958421638391,1.1751450291640066,-0.008943,0.00833,-24.501401,31.465358,-3.979922e-06,3.707217285242396e-06,-1.7190457935964194,1.6012565774263612,0.002673,0.014467,3.069154,16.667365,4.985427e-07,2.6980541136159598e-06,0.3314937244652724,1.794004820312089,0.02677,0.015912,25.319079,25.352367,4.112743e-06,2.4445821728876287e-06,3.0091416639009965,1.788610196957552,0.015,0.013048,14.182856,16.913358,2.303814e-06,2.003977544784372e-06,1.685870522052129,1.466458086289246,0.002211,0.015352,1.67149,11.528751,2.715109e-07,1.8850920401932636e-06,0.2218020732939487,1.5399651463892816,0.01824,0.027292,4.216578,6.864618,6.849262e-07,1.0248595025660835e-06,0.9905989869924796,1.4822396705682728,-0.037901,0.03077,-5.072407,6.088035,-8.23944e-07,6.689226412672844e-07,-1.5303056594550437,1.2423855306537108,0.061135,0.022657,5.667443,5.13507,9.205996e-07,3.411827955803164e-07,2.00237619611742,0.7420992887622602,,,,,,
EUR,ggt,GGT,sumher,insample10,20000,8,-0.048574,0.060838,-0.034951,0.050672,3.164355,3.960586,-3.384033e-07,4.906153279301412e-07,1.3263257303767446,1.9229000815032555,-0.01762,0.042409,2.021183,4.664354,-2.161499e-07,5.202522465112477e-07,0.775620241831275,1.8668441357239487,0.010427,0.032273,-1.597595,5.744705,1.708504e-07,5.287991111944119e-07,-0.5448511460382072,1.6863689037793337,-0.033326,0.008421,7.681679,9.729985,-8.214963e-07,2.0757579338641587e-07,2.190783462881654,0.5535674542240773,-0.016036,0.017004,14.431079,22.143045,-1.543293e-06,1.636372512602189e-06,2.1576185522071167,2.287749436764281,0.015512,0.029184,-4.534058,10.83694,4.848825e-07,9.122331938709532e-07,-1.1601660872018562,2.182677277791869,-0.017446,0.032096,3.10671,6.656032,-3.322387e-07,6.112427504682571e-07,0.9933746174397592,1.8275806924636744,0.044865,0.02128,-5.753317,7.815575,6.152728e-07,2.9183370264587334e-07,-2.1120819664292734,1.0017941644009487,,,,,,,,,,,,,,,,,,,,,,,,,,,,,,,,,,,,,,,,,,,,,,,,,,,,,,,,,,,,,,,,,,,,,,,,,,,,,,,,,,,,,,,,,,,,,,,,,,,,,,,,,,,,,,,,,,,,,,,,,,,,,,,,,,,,,,
EUR,ggt,GGT,sumher,insample10,20000,24,-0.047004,0.061025,-0.044871,0.038542,7.661858,9.301473,-7.928947e-07,6.810557980077697e-07,2.5303832694653976,2.1734691843081637,-0.019364,0.025632,6.479884,10.781603,-6.70577e-07,8.876339335559451e-07,1.581076488229381,2.09285010147957,-0.016329,0.01708,9.511749,15.005349,-9.843324e-07,1.0295926378913166e-06,1.7842867683796568,1.8663294234859924,-0.008991,0.007197,10.756838,16.097525,-1.113182e-06,8.910509525274074e-07,1.421631746844682,1.137950777293521,0.029655,0.03174,-8.532313,16.36428,8.829746e-07,9.450704206565772e-07,-2.232708683364977,2.38972551938791,-0.003894,0.029905,1.20101,9.058245,-1.242877e-07,9.544018021776782e-07,0.3043730748136943,2.3372724021488134,0.021966,0.023634,-9.079223,16.230684,9.395721e-07,1.010886244836678e-06,-2.006135303034847,2.1584023015574725,-0.017058,0.007621,11.007377,14.963221,-1.139109e-06,5.088852522917126e-07,1.9654448747034092,0.8780423216118017,-0.006872,0.017001,7.210877,18.962263,-7.462245e-07,1.8460980472336784e-06,1.0162953818494456,2.514231199652205,0.011285,0.021516,-8.050004,19.506818,8.330624e-07,1.5882156654560487e-06,-1.3693551391730543,2.610646313658368,0.020125,0.019905,-15.385651,26.023227,1.592199e-06,1.574775222055516e-06,-2.530663323180847,2.502969727219945,0.001907,0.012213,-1.868925,12.30139,1.934075e-07,1.238672273040775e-06,-0.2723567087082651,1.74430000622298,-0.012099,0.010858,30.002047,45.558977,-3.10479e-06,2.7861730025251484e-06,2.767058952634158,2.483100290269166,-0.003759,0.016799,4.681645,21.375456,-4.844845e-07,2.1651424895373515e-06,0.6066432735899455,2.711065323331548,-0.016046,0.016661,18.411203,29.96663,-1.905301e-06,1.978245434722396e-06,2.483699911623148,2.578788344408001,-0.009737,0.00647,12.291917,18.108905,-1.272041e-06,8.451529447384064e-07,1.582249287935131,1.0512575027130595,-0.001255,0.008619,5.395766,37.294426,-5.58386e-07,3.835699414709135e-06,0.3785743972933376,2.600526506971734,-0.000807,0.014436,1.453452,25.984764,-1.504118e-07,2.692281003164417e-06,0.1569851931259239,2.809940797404341,0.019157,0.015593,-28.439891,44.45516,2.943129e-06,2.3956637911025827e-06,-3.3800583170773524,2.7513178396316795,0.009106,0.011528,-13.514856,24.909933,1.398598e-06,1.770518285700546e-06,-1.6064734041224618,2.033672676130254,-0.01465,0.015099,17.383201,27.225108,-1.798917e-06,1.8540639147559072e-06,2.306711555885838,2.3774252272441623,0.016538,0.02709,-6.001197,13.225481,6.210396e-07,1.0172816719080317e-06,-1.409864018603461,2.3093999577609945,-0.035472,0.030727,7.451563,11.279071,-7.711321e-07,6.67986451958421e-07,2.2480869473928435,1.947385699133758,0.034462,0.021409,-5.014565,7.281791,5.18937e-07,3.223831571282842e-07,-1.7717129601960444,1.100654641378624,,,,,,
EUR,glucose,GLU,sumher,insample10,20000,8,-0.059634,0.061014,0.037594,0.05096,-2.772385,5.886653,3.639914e-07,4.934063234292808e-07,-1.1620281679894815,1.575180199556783,-0.037075,0.042103,3.464148,4.326396,-4.548143e-07,5.16496757008212e-07,1.3293463094444018,1.5096338390610595,-0.013499,0.032288,1.684748,4.023293,-2.211936e-07,5.290468788302224e-07,0.5745718612265462,1.3742506557403829,-0.012961,0.014459,2.43339,3.522674,-3.194842e-07,3.564219409632353e-07,0.693989907832954,0.7742268004449617,-0.007882,0.017131,5.77776,13.172049,-7.585727e-07,1.6486594554364464e-06,0.8638402142963861,1.8774447555072613,-0.019783,0.028705,4.710014,7.864099,-6.183863e-07,8.97242665057787e-07,1.2051842383421405,1.7486524489558408,-0.006007,0.03216,0.87131,4.678298,-1.143959e-07,6.124665705163018e-07,0.2786013566685525,1.4916095547128647,-2e-05,0.022096,0.002069,2.30796,-2.71656e-10,3.0302267241907826e-07,0.0007595778317169,0.8472822410591815,,,,,,,,,,,,,,,,,,,,,,,,,,,,,,,,,,,,,,,,,,,,,,,,,,,,,,,,,,,,,,,,,,,,,,,,,,,,,,,,,,,,,,,,,,,,,,,,,,,,,,,,,,,,,,,,,,,,,,,,,,,,,,,,,,,,,,
EUR,glucose,GLU,sumher,insample10,20000,24,-0.062254,0.061098,0.001687,0.038782,-0.21751,5.095677,2.981222e-08,6.853112431589022e-07,-0.0718344326849071,1.6513008546464572,-0.025592,0.025492,6.466003,8.129936,-8.862409e-07,8.827828158726244e-07,1.5776968991933449,1.571540775497282,0.010758,0.017637,-4.731513,9.478911,6.485088e-07,1.063201297967605e-06,-0.8875775408867488,1.455143852354334,0.000674,0.008567,-0.60898,7.791912,8.346784e-08,1.0606276443691253e-06,-0.0804836509952611,1.0227074902780595,0.024524,0.031699,-5.327673,9.83409,7.302195e-07,9.438535373668946e-07,-1.3941350094087603,1.8020050959985143,-0.01357,0.029869,3.159665,7.066244,-4.330688e-07,9.532564188087064e-07,0.8007602991539422,1.762606530638262,-0.018975,0.02323,5.921701,8.748938,-8.11638e-07,9.936216080581178e-07,1.3084587524154525,1.6018383684016275,-0.013045,0.007802,6.355458,7.198042,-8.710893e-07,5.210011516302051e-07,1.134816965191488,0.6787374678511833,0.008724,0.017256,-6.911496,16.105211,9.473009e-07,1.873832169645937e-06,-0.9741054083337212,1.926853495823574,0.00204,0.021208,-1.098521,11.589352,1.50565e-07,1.5655296228433369e-06,-0.1868659390254949,1.9429758778258497,-0.017257,0.019145,9.961242,14.268924,-1.365304e-06,1.5146299878188072e-06,1.6384528304108656,1.8176536438528708,-0.013279,0.011327,9.825599,12.563977,-1.346713e-06,1.1487684710158092e-06,1.431882478403786,1.2214194452643172,0.002469,0.011277,-4.62322,21.974207,6.33666e-07,2.893787483558528e-06,-0.4263970019910086,1.9472439856146009,0.006008,0.016769,-5.649646,17.097555,7.743497e-07,2.161203599848936e-06,-0.7320794058910615,2.04322755905637,0.012288,0.017054,-10.644929,18.524173,1.459011e-06,2.024878514874411e-06,-1.4360238368808198,1.9929759365402235,0.013979,0.011696,-13.323211,17.399314,1.826101e-06,1.5279433890036634e-06,-1.7150079985785154,1.4349891564138273,0.001338,0.008667,-4.345412,28.721413,5.955893e-07,3.856961239110396e-06,-0.3048815626570885,1.974374572692622,-0.020371,0.013754,27.718055,32.324687,-3.799082e-06,2.565167440928564e-06,2.993801535760473,2.021436290170809,0.000477,0.015353,-0.534513,17.237386,7.326125e-08,2.35875729993571e-06,-0.0635267702430619,2.0453409278733448,0.005259,0.012441,-5.892694,15.22495,8.076622e-07,1.910759796520745e-06,-0.7004513086542926,1.6571212568781426,-0.010231,0.015182,9.165384,15.447965,-1.256222e-06,1.864221821565234e-06,1.2162311335784892,1.8048757459143687,-0.004658,0.026853,1.276083,7.32403,-1.74902e-07,1.0083729468802702e-06,0.2997921560029167,1.7284096225329086,-0.0097,0.030969,1.538522,5.039258,-2.108724e-07,6.732441607619037e-07,0.4641641765853141,1.481919025538287,-0.005803,0.022029,0.637532,2.49279,-8.738118e-08,3.31715691519108e-07,0.2252496820654927,0.8550909251948091,,,,,,
EUR,hba1c,HbA1c,sumher,insample10,20000,8,0.096272,0.061514,0.028077,0.050968,1.28256,1.971423,2.718453e-07,4.93482725128246e-07,0.5375777788235755,0.9758688020806228,-0.005599,0.042712,-0.324056,2.548437,-6.868538e-08,5.239589678591254e-07,-0.1243547203796391,0.9486264899244332,-0.011283,0.032566,-0.872223,2.690174,-1.848722e-07,5.335991941523151e-07,-0.2974660129956835,0.8585802777388857,0.001815,0.016239,0.211142,1.880111,4.475264e-08,4.003020109867049e-07,0.0602166202548433,0.5386237366742282,0.004777,0.017412,2.169065,7.845284,4.597447e-07,1.6757040311463118e-06,0.3242999539877579,1.1820271994388392,0.020054,0.029397,2.957434,4.501056,6.268439e-07,9.188742569035222e-07,0.7567404250528484,1.109286212626926,0.004659,0.03236,0.418644,2.898303,8.873383e-08,6.162674743972782e-07,0.1338615784087814,0.9296852941523313,0.053771,0.022995,3.479046,2.634993,7.374021e-07,3.153555295218399e-07,1.2771776107468966,0.5461945683779933,,,,,,,,,,,,,,,,,,,,,,,,,,,,,,,,,,,,,,,,,,,,,,,,,,,,,,,,,,,,,,,,,,,,,,,,,,,,,,,,,,,,,,,,,,,,,,,,,,,,,,,,,,,,,,,,,,,,,,,,,,,,,,,,,,,,,,
EUR,hba1c,HbA1c,sumher,insample10,20000,24,0.10058,0.061564,0.052325,0.03918,4.175452,3.065707,9.246168e-07,6.923323623809593e-07,1.378972987813873,1.0325441050959798,0.008871,0.026101,1.38723,4.002605,3.071898e-07,9.038851696980098e-07,0.3384809290626133,0.9959571965127104,0.00356,0.017787,0.969121,4.814593,2.146033e-07,1.0722033389241052e-06,0.1817952186231686,0.9082872463200662,0.009398,0.008979,5.254532,5.807753,1.16357e-06,1.1117076953947925e-06,0.6944430562570777,0.6634905417417705,-0.002768,0.031499,-0.372129,4.308243,-8.240459e-08,9.378890659347724e-07,-0.0973774595034708,1.1083030027430687,-0.017684,0.029995,-2.54866,4.858193,-5.643783e-07,9.572781727376843e-07,-0.6459093535471105,1.0955682132317226,-0.004187,0.023387,-0.808803,4.601178,-1.791022e-07,1.0003269465529758e-06,-0.1787122057615726,0.9981487391066168,-0.009957,0.009157,-3.002548,3.373141,-6.648877e-07,6.11507645087124e-07,-0.5361262471759947,0.493083717566124,-0.015359,0.016947,-7.53152,10.032076,-1.667789e-06,1.8402920963803543e-06,-1.061487146887366,1.1712791047465547,0.00743,0.021644,2.476664,7.210692,5.484354e-07,1.5976723694174598e-06,0.4212958961867375,1.2272964376233138,-0.010939,0.019081,-3.908279,7.375249,-8.654539e-07,1.509581067713821e-06,-0.6428418610733457,1.1212866485554471,0.005364,0.01219,2.456685,5.726753,5.440112e-07,1.23633895028831e-06,0.3580105240682267,0.8136272847299452,-0.006504,0.011148,-7.537076,14.062323,-1.669019e-06,2.860597140458614e-06,-0.6951373885053892,1.1914232407086949,-0.006804,0.016774,-3.96006,10.218787,-8.769202e-07,2.161817291077116e-06,-0.5131410514695487,1.2650149897657308,-0.009311,0.01644,-4.992431,9.459567,-1.10553e-06,1.951994364745964e-06,-0.6734870431634716,1.189151730830026,-0.001077,0.010921,-0.635507,6.460383,-1.407275e-07,1.426658683778289e-06,-0.0818042671259592,0.829310320053782,-0.003113,0.008528,-6.256696,17.782989,-1.38549e-06,3.7954578116480233e-06,-0.4389785508168539,1.2025525769538263,-0.00408,0.014356,-3.436436,12.375163,-7.609684e-07,2.677302186903824e-06,-0.3711646371714533,1.3058622339646384,0.024204,0.016136,16.792551,14.863774,3.718562e-06,2.4790665582029056e-06,1.9957820328449516,1.3305348936196657,0.001131,0.011668,0.784528,8.095575,1.737268e-07,1.792046595376359e-06,0.0932546815973579,0.9619513780225716,0.008887,0.015661,4.927688,8.85617,1.091193e-06,1.9229591779338425e-06,0.6538933534855964,1.1523261471390174,0.029331,0.027531,4.973906,5.26874,1.101427e-06,1.033838962314731e-06,1.168521851773488,1.096816601263262,-0.009942,0.030938,-0.976019,3.134882,-2.161307e-07,6.725661305775068e-07,-0.2944584139513601,0.9163101590253306,0.051805,0.022869,3.522848,2.62758,7.801036e-07,3.443720371923365e-07,1.2446699188041483,0.5494520414603966,,,,,,
EUR,hdl,HDL,sumher,insample10,20000,8,-0.019374,0.061118,0.00909,0.050903,-2.063414,16.229213,8.80129e-08,4.928516003829144e-07,-0.8648613905408916,4.843020971215256,-0.006073,0.042366,1.746737,11.562515,-7.450534e-08,5.197238689919869e-07,0.6702951386494426,4.675750527752891,-0.004358,0.032572,1.674188,12.475711,-7.141086e-08,5.336968240490101e-07,0.5709666016553548,4.267180957371457,-0.01742,0.014374,10.067189,32.157304,-4.294061e-07,3.543217464395885e-07,2.871088799534538,2.369060890458284,-0.007364,0.017139,16.614307,61.00141,-7.08667e-07,1.649382005479628e-06,2.484008423354913,5.781387866150696,-0.010845,0.028833,7.947528,30.722378,-3.38994e-07,9.012456934709868e-07,2.033575218555866,5.406440550784955,-0.02717,0.032075,12.13116,39.817325,-5.174427e-07,6.108386857428072e-07,3.878909771340279,4.5790348319542025,0.044767,0.02273,-14.393111,46.224929,6.13924e-07,3.1170936784126334e-07,-5.283749707669052,2.6827331741534457,,,,,,,,,,,,,,,,,,,,,,,,,,,,,,,,,,,,,,,,,,,,,,,,,,,,,,,,,,,,,,,,,,,,,,,,,,,,,,,,,,,,,,,,,,,,,,,,,,,,,,,,,,,,,,,,,,,,,,,,,,,,,,,,,,,,,,
EUR,hdl,HDL,sumher,insample10,20000,24,-0.021295,0.061227,-0.006022,0.038748,2.269819,13.194243,-1.064155e-07,6.847084050893489e-07,0.7496056575407838,4.8231817190231006,-0.011572,0.025641,8.547933,27.968462,-4.007511e-07,8.879371036284046e-07,2.0856245157618685,4.621081244148768,-0.001633,0.017441,2.100181,22.587634,-9.846239e-08,1.051367680690252e-06,0.3939584507906132,4.206633443450356,-0.006075,0.008267,16.043942,50.167385,-7.521851e-07,1.023482291004588e-06,2.1203269698109195,2.885083877280866,0.021917,0.03172,-13.919691,49.976883,6.525942e-07,9.444782686753572e-07,-3.642371453254056,5.271485226258425,0.002245,0.030082,-1.528252,21.738786,7.164876e-08,9.60030728674869e-07,-0.3872968209160647,5.189438717397341,0.002947,0.02365,-2.68844,23.77966,1.260416e-07,1.0116091142333584e-06,-0.5940201663364084,4.767602238501625,-0.009029,0.009633,12.860691,38.923759,-6.029454e-07,6.432878826777324e-07,2.2963111984061326,2.4499551183106254,-0.006289,0.01696,14.567607,53.314132,-6.829704e-07,1.841652790294631e-06,2.053097165201325,5.536245967671538,0.000249,0.021284,-0.391568,33.650979,1.835779e-08,1.571114254279427e-06,-0.0666064264425236,5.700376026224454,-0.011976,0.019479,20.208932,64.850221,-9.474516e-07,1.5410525623741715e-06,3.323925113847217,5.406443256662518,-0.016949,0.012137,36.666088,107.77582,-1.719009e-06,1.2309764416917165e-06,5.343183504799753,3.826235358886588,-0.000418,0.011202,2.287183,61.101261,-1.072296e-07,2.8745133501168504e-06,0.2109395621138422,5.654675456814555,0.007693,0.016829,-21.148507,79.072045,9.915014e-07,2.1689594279285173e-06,-2.740337186631256,5.994626106072036,0.008307,0.016999,-21.038431,75.972416,9.863408e-07,2.0183463528344187e-06,-2.838047747215946,5.807488973145229,0.011557,0.011418,-32.20132,98.591187,1.509688e-06,1.4915743360624036e-06,-4.144939305239931,4.095207150240454,-9.6e-05,0.008612,0.909261,81.63647,-4.262873e-08,3.832826633178182e-06,0.063793478834644,5.735787688268273,-0.020633,0.013701,82.075271,239.856835,-3.847919e-06,2.5551271983993283e-06,8.864614983434208,5.886355416398046,0.004747,0.01556,-15.557342,69.120557,7.293719e-07,2.3904850972135343e-06,-1.8489326686555916,6.059797464328473,0.012735,0.012792,-41.718068,128.071094,1.95586e-06,1.964734842160641e-06,-4.958788384059537,4.981289209382696,-0.007972,0.015232,20.880157,68.266274,-9.789205e-07,1.8703357987270628e-06,2.770682501520862,5.293695115692354,0.006586,0.027002,-5.275536,27.787726,2.47332e-07,1.0139521684971142e-06,-1.2393541234865106,5.0808055611283125,-0.033453,0.030802,15.511984,45.947935,-7.272454e-07,6.696180254443574e-07,4.6797481172893445,4.308921986823484,0.031841,0.022644,-10.227263,30.419818,4.794829e-07,3.409824042381073e-07,-3.6133416060490817,2.569613865612725,,,,,,
EUR,height,HT,sumher,insample10,20000,8,0.441134,0.062675,0.045328,0.051369,0.451877,0.47854,4.388712e-07,4.97367871901674e-07,0.1894026382339433,0.2146479128978593,0.085095,0.04378,1.074828,0.521865,1.043893e-06,5.370598663091481e-07,0.4124615006964119,0.2122023219062543,0.011874,0.033408,0.200329,0.558487,1.945638e-07,5.474094445659482e-07,0.0683214767901752,0.1922239474230826,0.032704,0.017725,0.830051,0.452548,8.061617e-07,4.369217321214407e-07,0.2367278426007432,0.1283012316641792,-0.018692,0.017003,-1.852168,1.73638,-1.798861e-06,1.6363025392634456e-06,-0.2769218499249952,0.2518971316904422,0.057558,0.03007,1.852463,0.969027,1.799147e-06,9.399362212405692e-07,0.474005784764917,0.2476369113686133,0.041487,0.033205,0.813512,0.651924,7.900982e-07,6.32365875107125e-07,0.2601220984908939,0.2081922708429102,0.185781,0.025557,2.623266,0.505691,2.547765e-06,3.504849497482024e-07,0.9630209963715606,0.1324786098873915,,,,,,,,,,,,,,,,,,,,,,,,,,,,,,,,,,,,,,,,,,,,,,,,,,,,,,,,,,,,,,,,,,,,,,,,,,,,,,,,,,,,,,,,,,,,,,,,,,,,,,,,,,,,,,,,,,,,,,,,,,,,,,,,,,,,,,
EUR,height,HT,sumher,insample10,20000,24,0.436626,0.062709,0.031428,0.039228,0.577715,0.690252,5.553534e-07,6.931859058001684e-07,0.1907943245706294,0.2381473431134536,0.004547,0.026253,0.163805,0.941516,1.574649e-07,9.091392632594856e-07,0.0399680732728683,0.2307596466844144,0.031576,0.018327,1.980089,1.152478,1.903446e-06,1.104740240961648e-06,0.371439990308714,0.2155799031842463,0.012247,0.008579,1.577305,1.116757,1.516253e-06,1.0621567680902853e-06,0.2084576490023494,0.14602754470925,-0.018305,0.031563,-0.566983,1.004186,-5.450373e-07,9.398055117948608e-07,-0.1483663113797141,0.2558274033709764,0.048925,0.030994,1.624267,1.010634,1.561397e-06,9.891578236055157e-07,0.4116391239110307,0.2607767658825502,-0.006047,0.023745,-0.269051,1.061633,-2.586373e-07,1.0156746526324264e-06,-0.0594492651203643,0.2334586376380322,0.013101,0.012283,0.910106,0.855946,8.74879e-07,8.202130820707507e-07,0.1625057756018429,0.1523517687139426,0.018506,0.017659,2.090514,1.974706,2.009597e-06,1.917632394386369e-06,0.2946352107059966,0.2811519048728042,-0.004824,0.021876,-0.370447,1.686131,-3.561082e-07,1.6148374531202825e-06,-0.0630152641827435,0.2857541857237865,-0.021686,0.019285,-1.784721,1.623372,-1.71564e-06,1.5257306446421006e-06,-0.2935542765297445,0.2610598701167916,5e-06,0.012841,0.000539,1.354779,5.181625e-10,1.302342888796956e-06,7.855176897993648e-05,0.1974309945884574,0.011172,0.01165,2.982343,3.101471,2.866907e-06,2.9893745165167918e-06,0.2750584620278865,0.2868083118630864,0.048048,0.018275,6.441837,2.546508,6.192496e-06,2.3553579345823428e-06,0.8347269939534319,0.3174940845207301,0.002654,0.017164,0.327829,2.118462,3.151403e-07,2.037998773306795e-06,0.0442246795644744,0.2859991016772051,0.0073,0.012976,0.991976,1.765409,9.535796e-07,1.6950401175193464e-06,0.1276897319301777,0.2269755122875346,-0.006858,0.008463,-3.175033,3.969175,-3.052139e-06,3.766502356298214e-06,-0.2227646378901795,0.2749034475537581,0.003326,0.01467,0.645357,2.842585,6.20377e-07,2.735827297180873e-06,0.0697039991355556,0.3073906730225735,0.001049,0.015566,0.167592,2.487008,1.611055e-07,2.391440988191011e-06,0.0199182182473747,0.2956649122997418,-0.002807,0.01246,-0.448498,1.99293,-4.311384e-07,1.913760956859555e-06,-0.053311704371834,0.2366429396464217,-0.01303,0.01522,-1.664413,1.983734,-1.599989e-06,1.8688215538140609e-06,-0.2208637219403458,0.2579735760794066,0.046663,0.028051,1.822835,1.096797,1.75228e-06,1.0533641345707571e-06,0.4282394394531547,0.2574314986923542,0.038945,0.031905,0.880717,0.723542,8.466274e-07,6.935913782624464e-07,0.2657063087813026,0.2176773453359184,0.190691,0.02594,2.987126,0.578437,2.871505e-06,3.90612211790671e-07,1.0553913402862185,0.1435653936642703,,,,,,
EUR,ldl,LDL,sumher,insample10,20000,8,0.03938,0.06136,0.019307,0.050932,2.15607,4.635965,1.869318e-07,4.93137303395312e-07,0.9037055511160716,2.384029461764953,-0.010028,0.042477,-1.41883,7.064249,-1.23013e-07,5.210862692491522e-07,-0.5444691312280205,2.3063854089643887,0.011791,0.032664,2.228438,6.404184,1.932061e-07,5.352110798554155e-07,0.7599952178260521,2.105305480611808,-0.000993,0.016759,-0.282438,4.83006,-2.448744e-08,4.131101548013557e-07,-0.0805499701534852,1.3589011607318229,0.003075,0.017279,3.412752,19.218374,2.958865e-07,1.6628866467682037e-06,0.5102459764083082,2.8675901764243363,0.005471,0.029158,1.972506,10.574089,1.710167e-07,9.114113231686338e-07,0.5047197913176935,2.6898386697571395,-0.033097,0.031962,-7.269928,13.770481,-6.303046e-07,6.086878510369663e-07,-2.324563815980637,2.244841230331405,0.043854,0.022167,6.936588,11.276473,6.014039e-07,3.040005756573497e-07,2.5464634616562765,1.2871987664760995,,,,,,,,,,,,,,,,,,,,,,,,,,,,,,,,,,,,,,,,,,,,,,,,,,,,,,,,,,,,,,,,,,,,,,,,,,,,,,,,,,,,,,,,,,,,,,,,,,,,,,,,,,,,,,,,,,,,,,,,,,,,,,,,,,,,,,
EUR,ldl,LDL,sumher,insample10,20000,24,0.039395,0.061457,-0.003841,0.038747,-0.782601,8.487825,-6.787817e-08,6.84679121925008e-07,-0.2584607680311485,2.607063385881351,-0.00378,0.02586,-1.509127,11.026273,-1.308928e-07,8.955171131809822e-07,-0.3682253619184806,2.519253259959755,0.006993,0.017536,4.859935,13.640286,4.21522e-07,1.0570596009686493e-06,0.9116682567528068,2.2862096965257,-0.008308,0.008113,-11.85858,22.177573,-1.028543e-06,1.0045083374467332e-06,-1.5672457601862162,1.5306228645132949,0.023555,0.03172,8.086131,13.956079,7.013432e-07,9.444839861003468e-07,2.1159634131585845,2.849522970925668,-0.004939,0.029909,-1.817293,11.868119,-1.576213e-07,9.545303033429584e-07,-0.460560510887768,2.7890834815186083,3.3e-05,0.023529,0.016068,11.600718,1.393606e-09,1.0064268478135905e-06,0.0035502899948348,2.563929237048202,0.0105,0.01223,8.083773,15.372423,7.011387e-07,8.166749047203545e-07,1.4434217204009774,1.6812740417548744,0.003631,0.017169,4.545568,21.664793,3.942557e-07,1.864348948024484e-06,0.6406519348755325,3.0295028349242616,0.004399,0.021314,3.743824,18.438115,3.247172e-07,1.573368678981503e-06,0.6368506099542113,3.0857644833480387,0.01942,0.01986,17.714034,31.904068,1.536411e-06,1.5712151348558223e-06,2.9136551219910167,2.9796578034279064,-0.006313,0.014066,-7.38145,20.52829,-6.402233e-07,1.426564754927024e-06,-1.0756969926549074,2.396900295104044,-0.00228,0.011217,-6.745394,35.640709,-5.850556e-07,2.8783695037294985e-06,-0.6221241128440743,3.0607399945324048,-0.005535,0.01682,-8.224014,28.873578,-7.133024e-07,2.1678145677156063e-06,-1.0656654783121051,3.2386897172876483,-0.020675,0.016521,-28.304108,50.38184,-2.454931e-06,1.9616518549426653e-06,-3.818286652139242,3.051062980536628,-0.000896,0.013514,-1.349465,20.540572,-1.170446e-07,1.765431108822998e-06,-0.1737076295589892,2.620102534105298,-0.004299,0.008537,-22.058134,57.25848,-1.913192e-06,3.7993591564894208e-06,-1.5476365850302365,3.0734119891012743,-0.00235,0.014332,-5.052666,32.202057,-4.382384e-07,2.6729451921055173e-06,-0.5457338911169886,3.3285918815653543,0.016887,0.015533,29.912566,53.168203,2.594439e-06,2.3863379894725728e-06,3.5551020534248314,3.269945867503389,0.004787,0.012987,8.477099,26.39923,7.352535e-07,1.994687444187685e-06,1.0076540400320508,2.733689620976884,0.00683,0.015479,9.669745,25.11995,8.386966e-07,1.9007117088080453e-06,1.2831598454581818,2.9079847736770223,0.00889,0.02705,3.849068,12.54381,3.338454e-07,1.0157804880976991e-06,0.9042677510593784,2.751385933555185,-0.043325,0.030582,-10.859008,19.02775,-9.418462e-07,6.648198252158249e-07,-3.2761066012200524,2.3125013595760384,0.040011,0.022472,6.946483,11.475898,6.024969e-07,3.383934101013198e-07,2.454297781052404,1.3784605290656684,,,,,,
EUR,triglycerides,TG,sumher,insample10,20000,8,-0.060479,0.060985,-0.074886,0.050423,5.445343,4.520768,-7.250614e-07,4.882052846907743e-07,2.282388957739703,1.5367999880953411,-0.021554,0.042315,1.985813,3.736938,-2.64416e-07,5.190889133857513e-07,0.7620458346589101,1.496012133392955,0.002732,0.032463,-0.336141,4.080523,4.4758e-08,5.319228327492625e-07,-0.1146388465197287,1.3624161040234604,0.005767,0.017076,-1.067624,3.446523,1.421568e-07,4.2092968533948754e-07,-0.304481386031444,0.9015766675526374,-0.005859,0.017102,4.234791,12.541268,-5.638732e-07,1.6458806153545888e-06,0.6331505696977687,1.8480932402289596,0.012045,0.029018,-2.827551,7.716205,3.764957e-07,9.070312563522824e-07,-0.7235073435886413,1.743031261274187,-0.024933,0.031991,3.566037,5.595856,-4.748269e-07,6.092488818208861e-07,1.1402430178460092,1.4630421815334256,0.04621,0.022218,-4.759325,5.371364,6.337163e-07,3.04691434077166e-07,-1.747178178708891,0.8400450246571581,,,,,,,,,,,,,,,,,,,,,,,,,,,,,,,,,,,,,,,,,,,,,,,,,,,,,,,,,,,,,,,,,,,,,,,,,,,,,,,,,,,,,,,,,,,,,,,,,,,,,,,,,,,,,,,,,,,,,,,,,,,,,,,,,,,,,,
EUR,triglycerides,TG,sumher,insample10,20000,24,-0.056865,0.060748,-0.051457,0.03845,7.262827,7.325743,-9.092812e-07,6.794335876301672e-07,2.3986052422272475,1.792287100002711,-0.013661,0.02574,3.778564,7.451018,-4.730634e-07,8.913603087416445e-07,0.9219626973115472,1.737189887283396,-0.001205,0.017317,0.580153,8.289058,-7.263322e-08,1.0438697236724512e-06,0.1088298289195981,1.5640799546216042,-0.007221,0.007866,7.141265,10.592349,-8.940621e-07,9.739367535933738e-07,0.94379657574207,1.0281144598689222,-0.002895,0.031485,0.688405,7.30061,-8.618601e-08,9.374621592363076e-07,0.1801401003288728,1.959419253998998,0.00168,0.029806,-0.428301,7.69872,5.362184e-08,9.51237036705363e-07,-0.1085449359975206,1.925558005239186,0.016954,0.023642,-5.792325,10.804848,7.251793e-07,1.0112601050174971e-06,-1.279868296190423,1.784772052393239,0.008034,0.011458,-4.285459,7.971134,5.365248e-07,7.651317533601647e-07,-0.7652003496791896,1.0912432849736853,-0.005713,0.01701,4.955417,14.962285,-6.204013e-07,1.8470592843761133e-06,0.6984139763914882,2.079318691678979,-0.004618,0.021293,2.722834,12.580164,-3.408895e-07,1.5717623866221e-06,0.4631716418063599,2.135576968904119,0.006687,0.019411,-4.225347,13.406519,5.289991e-07,1.5357177475044035e-06,-0.6949950819504253,2.017614551290438,0.010415,-9999.0,-8.437157,2.585037,1.056303e-06,0.0,-1.2295411081669665,0.0,-0.011913,0.010876,24.416963,32.925976,-3.056921e-06,2.790797018774386e-06,2.2519573987502106,2.0559105043404817,-0.002194,0.016862,2.258216,17.356163,-2.827209e-07,2.1731912018964187e-06,0.2926181013064428,2.249268035277181,-0.030186,0.016198,28.628462,33.642156,-3.584186e-06,1.923301328445441e-06,3.8620317489294456,2.0723954597262737,-0.014324,-9999.0,14.945784,,-1.871161e-06,0.0,1.9238656055198164,0.0,-0.004359,0.008456,15.493249,33.425443,-1.939702e-06,3.7633269855275664e-06,1.087029940768152,2.109009069521617,-0.008521,0.014142,12.693435,24.48137,-1.589175e-06,2.6374135056907555e-06,1.371002609865675,2.275332043102241,0.022159,0.015595,-27.192547,35.529583,3.404414e-06,2.395952211543461e-06,-3.231819054818872,2.2744836590677786,0.025972,0.007143,-31.861016,36.772124,3.988891e-06,1.0970952556637914e-06,-3.787237843584196,1.041633042935139,-0.001916,0.015262,1.87925,14.87226,-2.352757e-07,1.873972251662228e-06,0.2493727609786979,1.986255420319553,0.021446,0.027061,-6.432563,11.231317,8.05335e-07,1.016173213581228e-06,-1.5112081311351615,1.9068452544664012,-0.037652,0.030678,6.537878,8.503323,-8.185201e-07,6.669087643748581e-07,1.9724383817562523,1.6070911929744998,0.027621,0.020542,-3.322233,4.431501,4.159322e-07,3.093256213119114e-07,-1.173791722513815,0.8729399980510394,,,,,,
EUR,testosterone,TT,sumher,insample10,20000,8,-0.012988,0.0612,0.038459,0.051017,-13.021875,72.791474,3.723641e-07,4.939609296290547e-07,-5.458144103097363,7.240520595877307,-0.060496,0.042185,25.95283,117.561403,-7.421284e-07,5.174943477952199e-07,9.959435785691545,6.9448248124244,-0.01335,0.032369,7.649646,36.888266,-2.187437e-07,5.30382692025296e-07,2.6089094818042717,6.3257613097413525,-0.012714,0.016608,10.959742,52.201083,-3.133969e-07,4.09392843122593e-07,3.12572039930885,4.0831532190629085,-0.002492,0.017232,8.386879,65.784833,-2.398251e-07,1.6583823443343817e-06,1.2539565957194738,8.671066868742352,-0.001783,0.029178,1.948696,32.064186,-5.572351e-08,9.120483539813008e-07,0.498636091168667,8.161370778438984,0.045515,0.032901,-30.312749,146.35292,8.668014e-07,6.26587424067863e-07,-9.692683519622474,7.006580283402027,-0.006127,0.021305,2.938535,17.084881,-8.402823e-08,2.921755465469347e-07,1.0787724735618034,3.751012452156954,,,,,,,,,,,,,,,,,,,,,,,,,,,,,,,,,,,,,,,,,,,,,,,,,,,,,,,,,,,,,,,,,,,,,,,,,,,,,,,,,,,,,,,,,,,,,,,,,,,,,,,,,,,,,,,,,,,,,,,,,,,,,,,,,,,,,,
EUR,testosterone,TT,sumher,insample10,20000,24,-0.01324,0.061251,0.013228,0.038913,-8.018881,51.837848,2.337483e-07,6.876202440300896e-07,-2.648293326052954,7.790516992524824,-0.024307,0.025447,28.876979,131.136446,-8.417566e-07,8.812121197532408e-07,7.04591808206545,7.376180250567188,-0.014965,0.017191,30.946684,143.89541,-9.02088e-07,1.036279884973167e-06,5.805219061918505,6.668785907504528,-0.005301,0.008637,22.513685,108.839966,-6.562682e-07,1.0693081875680182e-06,2.975425846031012,4.8480898795072775,0.033215,0.031876,-33.927556,169.690334,9.889796e-07,9.49105736996674e-07,-8.878058790650357,8.52011156913652,-0.021991,0.029692,24.07652,110.116911,-7.018244e-07,9.475975939184313e-07,6.101735473436578,8.238513584530889,0.017638,0.023579,-25.881433,128.682053,7.544372e-07,1.0085752326921378e-06,-5.718735830744497,7.645136429112982,-0.006091,0.010948,13.954511,68.210291,-4.067704e-07,7.310894610100736e-07,2.491677091922811,4.478297492012682,-0.001011,0.017128,3.767185,63.768968,-1.098125e-07,1.859941396926258e-06,0.5309444185995609,8.992833271442386,-0.016651,0.021133,42.166649,196.735858,-1.229147e-06,1.5599791665275534e-06,7.172808247020416,9.103411903416651,-0.016733,0.019218,45.414924,213.252666,-1.323833e-06,1.5204436852445408e-06,7.469939069606317,8.579346252544246,-0.001552,0.01195,5.401203,47.67232,-1.574437e-07,1.2119690590109965e-06,0.787112638612256,6.059030395973662,-0.007451,0.010945,65.592402,310.822645,-1.912002e-06,2.8084490381703564e-06,6.049526113092823,8.885861936181024,0.004497,0.016955,-19.881667,122.783501,5.795455e-07,2.1852020501546304e-06,-2.576249198748975,9.713862036398323,0.000677,0.016967,-2.757107,70.858648,8.036895e-08,2.0146575391366147e-06,-0.371938087298037,9.32359912213663,0.006392,0.01208,-28.645309,144.382234,8.350035e-07,1.578109945472748e-06,-3.687303857175313,6.968798201430757,-0.000539,0.008697,8.23168,135.885195,-2.399514e-07,3.870608479296246e-06,0.5775463443307318,9.31628562097608,-0.011878,0.013982,75.99544,358.441907,-2.215248e-06,2.6076803868572543e-06,8.208162933393321,9.662243456957627,0.01361,0.015583,-71.729245,345.089178,2.090889e-06,2.39407038325944e-06,-8.5249669826292,9.761097299463128,-0.009498,0.011167,50.043432,238.16336,-1.458753e-06,1.715117780212193e-06,5.948524187742573,6.9939322149943,-0.002044,0.015262,8.611386,71.648692,-2.510197e-07,1.8740242794585132e-06,1.1427120420333818,8.531083859952725,0.008698,0.027233,-11.204873,65.793678,3.266192e-07,1.0226504779248871e-06,-2.632367236551646,8.24198826196793,0.031273,0.031576,-23.322968,112.111906,6.798586e-07,6.864376883592567e-07,-7.036387529582999,7.104479652396623,-0.002453,0.021306,1.26741,12.424705,-3.694468e-08,3.208315757527616e-07,0.4477931718459648,3.888684079403802,,,,,,
EUR,urate,UA,sumher,insample10,20000,8,0.027275,0.061327,0.0252,0.051013,4.063128,7.990691,2.439919e-07,4.939234758543068e-07,1.703060685684137,3.4475802412454186,-0.008369,0.042517,-1.709671,10.609657,-1.026662e-07,5.215682122215655e-07,-0.6560858821550822,3.3330691173865885,0.022421,0.032842,6.117777,14.713687,3.673741e-07,5.381220121868274e-07,2.086457357656568,3.056199747462229,-0.00962,0.016902,-3.948929,11.80024,-2.371343e-07,4.166502130084659e-07,-1.1262306128172872,1.978812110803784,-0.017341,0.016921,-27.791063,71.18431,-1.668861e-06,1.6284452708027986e-06,-4.155138996538149,4.054511698961648,-0.008272,0.028922,-4.305909,18.879465,-2.58571e-07,9.04038439448235e-07,-1.101799524293453,3.852207411221912,-0.038904,0.031851,-12.338061,30.229127,-7.409038e-07,6.065820636978973e-07,-3.945152281144556,3.229918124727032,0.062161,0.022674,14.195826,32.195394,8.524631e-07,3.109538711770606e-07,5.211440101652823,1.9009825457739105,,,,,,,,,,,,,,,,,,,,,,,,,,,,,,,,,,,,,,,,,,,,,,,,,,,,,,,,,,,,,,,,,,,,,,,,,,,,,,,,,,,,,,,,,,,,,,,,,,,,,,,,,,,,,,,,,,,,,,,,,,,,,,,,,,,,,,
EUR,urate,UA,sumher,insample10,20000,24,0.030085,0.061392,-0.020901,0.038713,-5.575956,18.336439,-3.693357e-07,6.840836937100606e-07,-1.8415218784350444,3.410867372549511,-0.010956,0.025768,-5.727885,19.472598,-3.79399e-07,8.923491469150403e-07,-1.3976074612853222,3.2871826910457127,-0.004917,0.017216,-4.474864,18.955713,-2.964024e-07,1.0378150124179164e-06,-0.8394394824410274,2.939189753165373,-0.008224,0.007682,-15.372589,34.944664,-1.018237e-06,9.511278042408391e-07,-2.031676764965946,1.8977745459939008,0.054002,0.032009,24.275207,47.148939,1.607922e-06,9.530813186711824e-07,6.352338462171884,3.7652915490754215,0.00151,0.029907,0.727642,14.20486,4.819693e-08,9.544740436491712e-07,0.1844090616480773,3.6519683464650057,0.030692,0.024055,19.819794,41.486108,1.312808e-06,1.0289314845994362e-06,4.379415232789116,3.4324274510447004,-0.012656,0.012141,-12.759516,29.245533,-8.451545e-07,8.107458294681509e-07,-2.2783292946721336,2.185571956145943,0.010305,0.017348,16.894101,41.450474,1.119018e-06,1.8837882046557143e-06,2.381070874064217,4.008365573218164,0.005118,0.021303,5.703221,25.265221,3.777653e-07,1.5725062797966817e-06,0.9701646083780484,4.038459697359629,0.007338,0.019748,8.764891,28.561838,5.805618e-07,1.5623229499690518e-06,1.4416846766008442,3.879650808703241,0.016246,0.014037,24.875953,54.186835,1.647713e-06,1.4236783344562073e-06,3.625193027430587,3.1322862484999714,-0.015697,0.010842,-60.812253,134.053632,-4.028033e-06,2.7821099906366037e-06,-5.608723139252586,3.873872105921008,-0.001994,0.016722,-3.879673,34.023707,-2.569786e-07,2.155192102806615e-06,-0.5027305297041079,4.216229940773589,-0.016443,0.016551,-29.476349,68.136809,-1.952431e-06,1.9652300119833303e-06,-3.976454549200772,4.002521892644094,-0.001593,0.011028,-3.142689,22.77146,-2.081629e-07,1.440634582397632e-06,-0.40454042900271,2.79970605712775,-0.00493,0.008427,-33.120655,90.711706,-2.193819e-06,3.7504373078349145e-06,-2.323819083268316,3.97267859679774,-0.012312,0.013987,-34.664895,82.615954,-2.296105e-06,2.6084940099605365e-06,-3.744150773986783,4.253548886629153,0.013072,0.015327,30.318927,70.083482,2.008241e-06,2.3547048647335826e-06,3.603425324614169,4.225092078875578,0.019897,0.012788,46.135827,97.937163,3.055908e-06,1.9640786644124005e-06,5.484104406602522,3.524717517156289,-0.012962,0.015083,-24.028459,59.054759,-1.591578e-06,1.8520053995601632e-06,-3.1885622088401493,3.7103016173919454,0.003266,0.026971,1.851554,15.336186,1.226418e-07,1.0128237753923434e-06,0.434991981400786,3.5923332898550093,-0.048195,0.030515,-15.817509,34.389619,-1.047707e-06,6.63364756374651e-07,-4.772093777102416,3.0214924839144266,0.040419,0.02228,9.188919,19.34541,6.086482e-07,3.354993293584952e-07,3.2466081086957628,1.7895967541796405,,,,,,
EUR,bp_systolic,SBP,sumher,insample10,20000,8,0.217632,0.062009,0.039867,0.05116,0.805592,0.921191,3.859974e-07,4.953412964815269e-07,0.3376611537697619,0.4333125396175262,0.088619,0.043368,2.26886,1.076893,1.087119e-06,5.320171049881761e-07,0.8706674269346041,0.4260894749197211,0.010037,0.032783,0.343234,1.104645,1.644599e-07,5.37168316265954e-07,0.1170585138149882,0.3823432020242756,0.017505,0.016401,0.900571,0.856113,4.315066e-07,4.043040934742066e-07,0.2568398456983426,0.2406484651292089,0.023747,0.017708,4.769642,3.633134,2.285363e-06,1.704135851392136e-06,0.7131199537612307,0.5317550339038549,0.00155,0.029212,0.101143,1.902297,4.846257e-08,9.130907950472396e-07,0.0258804136186274,0.4876168855094546,0.038024,0.032724,1.511296,1.335048,7.24134e-07,6.232014922960311e-07,0.4832400210143095,0.4158842178840976,-0.001716,0.022174,-0.049118,0.635049,-2.353462e-08,3.040894769636069e-07,-0.0180314793126236,0.2329837113603622,,,,,,,,,,,,,,,,,,,,,,,,,,,,,,,,,,,,,,,,,,,,,,,,,,,,,,,,,,,,,,,,,,,,,,,,,,,,,,,,,,,,,,,,,,,,,,,,,,,,,,,,,,,,,,,,,,,,,,,,,,,,,,,,,,,,,,
EUR,bp_systolic,SBP,sumher,insample10,20000,24,0.217677,0.062082,0.033851,0.0392,1.24816,1.332801,5.981751e-07,6.92688530293378e-07,0.4122127281125851,0.4773435550970449,0.009429,0.02618,0.681336,1.863273,3.265274e-07,9.066128721786384e-07,0.1662440579500486,0.4615814870688512,0.001736,0.017465,0.218361,2.191049,1.046484e-07,1.0527967515147452e-06,0.0409616781949449,0.4120877313005305,0.005722,0.008304,1.478299,2.167118,7.084683e-07,1.0280841405254728e-06,0.1953725904951719,0.2835122782225599,-0.005905,0.0316,-0.36688,1.996418,-1.758254e-07,9.409075937625332e-07,-0.0960036486892911,0.5137514948389967,0.0664,0.030541,4.421765,2.170783,2.119111e-06,9.74686000720232e-07,1.1206088819630458,0.5154245292163231,-0.00099,0.023655,-0.088387,2.114311,-4.235915e-08,1.0118067997399504e-06,-0.0195298819980003,0.4664982041352472,0.00169,0.012782,0.235458,1.778354,1.128423e-07,8.535278554329671e-07,0.0420426215161931,0.3180061783524106,0.007931,0.017418,1.797081,3.907789,8.612428e-07,1.891395252188183e-06,0.2532785007870624,0.5562307793690592,0.012774,0.021871,1.967487,3.353635,9.429091e-07,1.6144407700501124e-06,0.3346806965409158,0.5730373812750605,0.009592,0.019855,1.583373,3.277181,7.588243e-07,1.570828443847386e-06,0.2604357072180602,0.5391232419568522,0.007913,0.013255,1.674541,2.829878,8.025162e-07,1.344361930433914e-06,0.2440286673926345,0.4087928073940161,0.002881,0.011448,1.542809,6.108884,7.393844e-07,2.9377205449123305e-06,0.1422914282100498,0.565352003663563,-0.001484,0.016769,-0.399063,4.51892,-1.912492e-07,2.1612487131285933e-06,-0.0517101027292823,0.5843600547317784,0.001528,0.017076,0.378488,4.227083,1.813888e-07,2.027526571959046e-06,0.0510585254414792,0.5707216600895206,0.003469,0.010268,0.945651,2.808479,4.531989e-07,1.3412963878278357e-06,0.121726439920864,0.3602639683569333,0.008745,0.009012,8.121148,8.539697,3.892024e-06,4.010895161930813e-06,0.5697895794837914,0.5871922340844072,0.014736,0.014749,5.734465,5.876411,2.748216e-06,2.750700819791204e-06,0.6193696506636777,0.6199296583071963,0.001331,0.015379,0.426819,4.926981,2.04551e-07,2.362667348570255e-06,0.050726953002156,0.5859219243643491,-0.00625,0.011095,-2.002833,3.61235,-9.598488e-07,1.7040275819363957e-06,-0.2380705841664276,0.4226486941144301,0.015913,0.01573,4.077204,4.06214,1.953982e-06,1.931449196846761e-06,0.5410345482189407,0.534795481035047,-0.010406,0.026969,-0.815364,2.150784,-3.907595e-07,1.0127423166827778e-06,-0.19155335059652,0.4964541720712307,0.034676,0.031466,1.572959,1.464412,7.538338e-07,6.840358908712319e-07,0.4745502456451398,0.4306113629330964,0.002393,0.022085,0.07519,0.694061,3.603426e-08,3.325728491624053e-07,0.0265654151516512,0.2451815523939378,,,,,,
EUR,alanine_aminotransferase,ALT,sumher,insample10,20000,8,-0.05287,0.060988,-0.031778,0.05069,2.643246,3.493074,-3.076778e-07,4.907908923360335e-07,1.1079147008865349,1.767285272711622,0.000602,0.042598,-0.063481,4.514663,7.38924e-09,5.225646371502764e-07,-0.0243606249900654,1.7227754354558145,-9e-05,0.032336,0.01262,4.548695,-1.46899e-09,5.298400702098701e-07,0.0043040297668607,1.5523913939910052,-0.022614,0.014708,4.788944,6.102184,-5.574403e-07,3.625509619350085e-07,1.3657989140337792,0.8882955001508441,-0.014565,0.01696,12.041831,18.426466,-1.401687e-06,1.632219654335776e-06,1.8004119420987863,2.096522089307017,0.008454,0.029028,-2.270292,8.533906,2.642655e-07,9.073552777165072e-07,-0.5809231502664891,1.9945989406184252,-0.024887,0.03198,4.07178,6.756655,-4.739614e-07,6.09044333361702e-07,1.301968184406874,1.6730399246230392,0.032006,0.021628,-3.770784,5.101756,4.38925e-07,2.965986345214691e-07,-1.3842926982363728,0.9354202291392566,,,,,,,,,,,,,,,,,,,,,,,,,,,,,,,,,,,,,,,,,,,,,,,,,,,,,,,,,,,,,,,,,,,,,,,,,,,,,,,,,,,,,,,,,,,,,,,,,,,,,,,,,,,,,,,,,,,,,,,,,,,,,,,,,,,,,,
EUR,alanine_aminotransferase,ALT,sumher,insample10,20000,24,-0.049248,0.061073,-0.027707,0.038654,4.515542,6.395894,-4.896011e-07,6.83047655731282e-07,1.4912806985225926,2.080501422817812,-0.011604,0.025776,3.706061,8.607553,-4.018324e-07,8.926269097444912e-07,0.904264325365536,2.008724707970849,-0.008258,0.017184,4.590899,10.581936,-4.977717e-07,1.035890920898528e-06,0.8611906297162663,1.792186165838609,-0.003608,0.007347,4.119541,9.640302,-4.466644e-07,9.095860047296242e-07,0.5444380843531248,1.1086920335925785,0.019319,0.031671,-5.305188,12.393692,5.75219e-07,9.43015376332751e-07,-1.3882359697208386,2.275877301384269,0.011694,0.030066,-3.442158,10.536429,3.732186e-07,9.59521234783264e-07,-0.8723436000635789,2.242739799914268,0.015638,0.023637,-6.168959,12.765278,6.688741e-07,1.0110153312388493e-06,-1.3630779968619915,2.060317109754756,-0.014988,0.009547,9.230621,12.670151,-1.000837e-06,6.375519586668996e-07,1.648181959806167,1.0499228512873438,-0.00464,0.017062,4.6473,17.260271,-5.038871e-07,1.8527981541441584e-06,0.6549828189229493,2.4083786981182453,0.00252,0.021398,-1.715645,14.94972,1.860201e-07,1.5795512020824145e-06,-0.2918398919225652,2.4780980770459204,0.003104,0.019526,-2.265062,14.714369,2.455911e-07,1.544775711875352e-06,-0.3725596936861427,2.343412143314942,-0.002561,0.012145,2.395416,11.627997,-2.597248e-07,1.2317394204944486e-06,0.3490795488602047,1.6555024442006776,-0.017267,0.010684,40.86481,54.838001,-4.430798e-06,2.7415893200842463e-06,3.768897717319583,2.332033581827305,-0.000181,0.016777,0.215388,19.924737,-2.335361e-08,2.1622414296280606e-06,0.0279096083376443,2.584067792189193,-0.016792,0.016494,18.388858,28.499624,-1.993826e-06,1.958412367199513e-06,2.4806700364243235,2.436609251897939,-0.002963,0.010437,3.569313,13.276881,-3.870054e-07,1.3633700891540784e-06,0.4594487175970539,1.6185785497360563,-0.003078,0.008505,12.63463,37.371469,-1.369919e-06,3.785110302223701e-06,0.8864573130281695,2.449297154083172,-0.011771,0.013973,20.245868,33.902062,-2.195174e-06,2.605944358577136e-06,2.1867138351044173,2.595901091400012,0.023526,0.015912,-33.334667,47.978597,3.614337e-06,2.444597921949538e-06,-3.9617745553201953,2.6795912625658054,0.015328,0.012417,-21.712946,32.56214,2.354243e-06,1.9070351333942436e-06,-2.580941401950299,2.0906703049562063,-0.011474,0.015108,12.994539,22.159324,-1.408943e-06,1.8551086221566649e-06,1.7243356553086904,2.270375694158894,0.021238,0.02709,-7.355423,13.824931,7.975174e-07,1.017283146424829e-06,-1.7280023156121906,2.2041746457887434,-0.042502,0.030609,8.521648,11.883833,-9.239662e-07,6.654171623876258e-07,2.570908534580432,1.851503509369326,0.017778,0.021418,-2.469047,4.302012,2.677083e-07,3.22524262653215e-07,-0.8723419965526114,1.050962780084011,,,,,,
EUR,heel_bone_mineral_density,BMD,sumher,insample10,20000,8,0.01665,0.061243,-0.0034,0.050782,-0.89791,15.5561,-3.291485e-08,4.916812992172877e-07,-0.3763545027206605,5.621975213740018,0.005115,0.042623,1.711801,13.517314,6.274984e-08,5.228703472181225e-07,0.6568955942232153,5.473659015505816,0.036554,0.032739,16.33916,58.661859,5.989479e-07,5.364350846094987e-07,5.572377705626705,4.990782847713374,0.006302,0.016278,4.237889,18.12977,1.553491e-07,4.012630060197426e-07,1.2086267845170733,3.1218540481489536,-0.025125,0.01676,-65.961654,251.937879,-2.417969e-06,1.6129370725480892e-06,-9.862037296824283,6.578597809525198,0.046495,0.029551,39.646416,144.618845,1.453327e-06,9.237107772457784e-07,10.144639741620384,6.447766442521592,-0.06605,0.03167,-34.314816,128.428811,-1.257885e-06,6.031408624857049e-07,-10.972192260215929,5.261035391300167,0.016759,0.021487,6.269733,24.245362,2.298309e-07,2.9466973037622986e-07,2.301659630712026,2.9509931989117453,,,,,,,,,,,,,,,,,,,,,,,,,,,,,,,,,,,,,,,,,,,,,,,,,,,,,,,,,,,,,,,,,,,,,,,,,,,,,,,,,,,,,,,,,,,,,,,,,,,,,,,,,,,,,,,,,,,,,,,,,,,,,,,,,,,,,,
EUR,heel_bone_mineral_density,BMD,sumher,insample10,20000,24,0.015793,0.06131,0.018662,0.038951,9.48462,33.474559,3.297761e-07,6.882947769669621e-07,3.1322769343896337,6.537556402524236,-0.046196,0.025303,-46.010117,184.986707,-1.599752e-06,8.762436305046674e-07,-11.2260525511244,6.148926235837447,0.016231,0.017793,28.140193,110.173341,9.784222e-07,1.0725786684434853e-06,5.278607309396587,5.786583337079472,-0.00014,0.008524,-0.49886,30.498772,-1.734516e-08,1.0553302800545428e-06,-0.0659279285673015,4.011248055269957,-0.039073,0.031138,-33.460366,140.027147,-1.163402e-06,9.27134348409118e-07,-8.755558196263836,6.977449534426779,0.064289,0.030474,59.009774,225.147196,2.051744e-06,9.725469140355133e-07,14.954484076124896,7.0885731062103705,0.00589,0.023716,7.24581,38.037421,2.519337e-07,1.014402779964645e-06,1.60098239198609,6.44630309127019,0.001552,0.012748,2.980617,26.481816,1.036347e-07,8.512681128763135e-07,0.5321952097105845,4.371516604497752,0.006298,0.017295,19.668659,87.075174,6.838707e-07,1.878018902993258e-06,2.772008947260116,7.6123822854538705,-0.002552,0.021622,-5.41898,52.489244,-1.884156e-07,1.5960639084948949e-06,-0.9217764380867411,7.808345511365442,0.029619,0.020092,67.394769,262.120743,2.343287e-06,1.5895886260287598e-06,11.084923224569872,7.519551757073851,0.010529,0.013079,30.712165,123.970548,1.067849e-06,1.326450903727688e-06,4.475533307821126,5.559377028795927,0.008464,0.011453,62.465401,249.722101,2.171895e-06,2.9390326639899733e-06,5.760964363365898,7.795801564999493,-0.003528,0.016508,-13.076092,82.241994,-4.5465e-07,2.127563160049544e-06,-1.6943412213960949,7.928775900573362,-0.015057,0.016676,-51.419358,209.839376,-1.787829e-06,1.9800613626855103e-06,-6.936360976872842,7.682177863736094,-0.003852,0.0102,-14.472627,68.147914,-5.032069e-07,1.3325261723508474e-06,-1.8629044027070465,4.93309784344126,-0.008022,0.008358,-102.677999,418.554909,-3.570069e-06,3.719782251691623e-06,-7.2038309162262895,7.505928425015301,0.006378,0.014445,34.209884,149.966595,1.189463e-06,2.693939680096791e-06,3.69485927738589,8.368253589833062,-0.024381,0.014504,-107.731412,424.905093,-3.745774e-06,2.2283314385431987e-06,-12.803439343850387,7.616665183586283,-0.002794,0.011263,-12.342867,69.816148,-4.291561e-07,1.7297794657123205e-06,-1.4671215938596622,5.913458545181053,-0.017781,0.015004,-62.794307,255.090969,-2.183331e-06,1.8423875813736915e-06,-8.332434889391477,7.031263039282512,0.03724,0.02735,40.219205,155.407964,1.398404e-06,1.0270311582420469e-06,9.44845444096581,6.939237236236685,-0.044376,0.030587,-27.745205,110.568524,-9.646886e-07,6.649273644541936e-07,-8.370312082764693,5.769374234184814,0.018393,0.021515,7.965926,32.160267,2.769718e-07,3.2397962898923135e-07,2.814391178938516,3.292051429001313,,,,,,
EUR,creatinine,CRT,sumher,insample10,20000,8,0.014681,0.061254,-0.033829,0.050693,-10.133923,52.517079,-3.275443e-07,4.908203337271185e-07,-4.247504829845439,6.364823744734028,-0.034727,0.042304,-13.180293,62.200392,-4.260077e-07,5.18963871574891e-07,-5.057778132707532,6.161400653830256,0.005348,0.032715,2.711135,17.987946,8.762813e-08,5.360423490732798e-07,0.9245994749782848,5.655997389414575,-0.008435,0.017402,-6.433211,31.153436,-2.079315e-07,4.289793701333433e-07,-1.8346885839049372,3.7851097746824105,-0.008249,0.017106,-24.561465,120.155321,-7.938651e-07,1.6462344911949816e-06,-3.6721568328772674,7.614935126081098,0.020283,0.02934,19.615632,83.105897,6.34008e-07,9.171178223107432e-07,5.019108961167934,7.260341005802249,0.011066,0.032439,6.520026,31.922784,2.107375e-07,6.177852377647106e-07,2.0847447723196604,6.111510978569258,0.063224,0.022564,26.825754,112.079525,8.670504e-07,3.094404627711121e-07,9.847718484483984,3.51453913760764,,,,,,,,,,,,,,,,,,,,,,,,,,,,,,,,,,,,,,,,,,,,,,,,,,,,,,,,,,,,,,,,,,,,,,,,,,,,,,,,,,,,,,,,,,,,,,,,,,,,,,,,,,,,,,,,,,,,,,,,,,,,,,,,,,,,,,
EUR,creatinine,CRT,sumher,insample10,20000,24,0.01805,0.061294,-0.029357,0.038646,-13.054306,53.939117,-5.187651e-07,6.828952335461129e-07,-4.311209772860297,5.675217173830153,-0.024202,0.025524,-21.090381,78.962282,-8.381107e-07,8.838709181775358e-07,-5.145922289493984,5.426885802657447,0.003807,0.017515,5.774541,31.260085,2.294745e-07,1.0558129569199272e-06,1.0832156303565108,4.983878808619653,-0.007292,0.008339,-22.718611,82.451088,-9.02815e-07,1.0324664643464214e-06,-3.0024605893271628,3.433637975667317,0.003401,0.031517,2.54838,22.593737,1.012701e-07,9.38439662418421e-07,0.6668416246717759,6.179421459478491,0.001815,0.02987,1.457587,23.554882,5.792304e-08,9.5327288852668e-07,0.3693916199265061,6.079291013125173,-0.000593,0.023592,-0.638253,25.736756,-2.536355e-08,1.0090911752661402e-06,-0.1410255359842911,5.610713951671816,-0.009892,0.010496,-16.623415,59.734121,-6.60598e-07,7.008766653270746e-07,-2.968181474935182,3.149160509475003,0.004311,0.017251,11.779241,57.354498,4.680953e-07,1.873280811837884e-06,1.6601309273558529,6.643714242280045,-0.000347,0.021155,-0.643825,39.592644,-2.558495e-08,1.561589254573686e-06,-0.1095168003155078,6.684408551433132,0.008817,0.019721,17.553934,68.982132,6.975758e-07,1.5602378023878282e-06,2.887260977819527,6.457812502889681,0.012459,0.013879,31.797396,111.974904,1.263597e-06,1.4075947570234836e-06,4.633732550182965,5.161786268158754,-0.010323,0.010965,-66.65852,242.556004,-2.648943e-06,2.813822666764912e-06,-6.147752931999372,6.530411016669773,-0.011482,0.016552,-37.239547,140.687257,-1.479863e-06,2.133284556734052e-06,-4.825392251741303,6.956005232122077,-0.015621,0.016757,-46.673779,168.171546,-1.854769e-06,1.989679622451816e-06,-6.296264535034559,6.754236911941229,0.001688,0.011935,5.548429,43.148642,2.204891e-07,1.5591635578091222e-06,0.7141978449962639,5.050368716566863,-0.002973,0.008546,-33.29315,152.398444,-1.323037e-06,3.803217059280209e-06,-2.335857364717304,6.71468188534271,-0.003057,0.014322,-14.348747,85.051888,-5.702049e-07,2.670982965127258e-06,-1.549763183383121,7.259479991837507,0.027203,0.015843,105.168873,359.592477,4.179306e-06,2.43404519267823e-06,12.499040552244743,7.279493190802868,0.014214,0.012753,54.934264,191.825641,2.183033e-06,1.95867021215926e-06,6.529779999211548,5.858677159900457,-0.005439,0.015255,-16.805704,78.008785,-6.678419e-07,1.8731283992294812e-06,-2.2300440393023475,6.254712113075944,0.025261,0.027363,23.870593,82.195107,9.485936e-07,1.027526641990367e-06,5.607841562850642,6.074473420324503,-0.010154,0.031065,-5.554827,26.243555,-2.207433e-07,6.753301414863696e-07,-1.6758280842608573,5.126938019186614,0.045807,0.022311,17.357831,59.401667,6.897829e-07,3.359691950164479e-07,6.132658203034383,2.9870039396228547,,,,,,
EUR,diastolic_blood_pressure,DBP,sumher,insample10,20000,8,0.18699,0.061868,0.009937,0.050994,0.233695,1.156704,9.620875e-08,4.937326199472747e-07,0.0979525314818667,0.5026815128458687,0.090982,0.043377,2.711091,1.295851,1.116117e-06,5.321263947597413e-07,1.0403735578056847,0.4960145132799736,0.010292,0.032666,0.409625,1.278071,1.686365e-07,5.352369568705061e-07,0.1397008136815072,0.4433977127562744,0.007917,0.01549,0.474035,0.925492,1.951535e-07,3.818267931929346e-07,0.1351934570937349,0.2645122131182243,0.030887,0.017808,7.220368,4.508378,2.97252e-06,1.7138109580697633e-06,1.0795345682351298,0.6224073084980004,0.013875,0.029332,1.053495,2.210144,4.337086e-07,9.168632395292114e-07,0.2695672802971653,0.5698672562276561,0.026675,0.032568,1.23396,1.527824,5.080033e-07,6.202455965180244e-07,0.3945616402498837,0.4817392326386842,-0.003575,0.021786,-0.119083,0.727555,-4.902454e-08,2.98776003052454e-07,-0.0437161660049037,0.2664245569203242,,,,,,,,,,,,,,,,,,,,,,,,,,,,,,,,,,,,,,,,,,,,,,,,,,,,,,,,,,,,,,,,,,,,,,,,,,,,,,,,,,,,,,,,,,,,,,,,,,,,,,,,,,,,,,,,,,,,,,,,,,,,,,,,,,,,,,
EUR,diastolic_blood_pressure,DBP,sumher,insample10,20000,24,0.185802,0.061968,0.019854,0.039055,0.857654,1.586465,3.508402e-07,6.901281765005686e-07,0.2832465152945,0.5571664851984857,0.007757,0.026072,0.656655,2.174616,2.686174e-07,9.02866269167256e-07,0.1602222407443861,0.5385327113526595,0.006801,0.017541,1.002263,2.570147,4.099951e-07,1.0574053149100395e-06,0.1880121751627387,0.4848962177471809,0.006239,0.008148,1.888411,2.517938,7.724915e-07,1.008777477940502e-06,0.2495738511044532,0.3259122981638616,-0.018054,0.031511,-1.314088,2.45734,-5.375534e-07,9.382583332963262e-07,-0.3438665227267619,0.6001927073478002,0.080731,0.030756,6.298365,2.854246,2.576469e-06,9.815568755808296e-07,1.596200471848554,0.6081041720076247,-0.008692,0.023432,-0.908899,2.502872,-3.71803e-07,1.0022679282507248e-06,-0.2008294648906968,0.5413752221141315,-0.008646,0.013364,-1.411441,2.25832,-5.773777e-07,8.924499425738118e-07,-0.2520229110222979,0.3895506052089207,0.002327,0.017331,0.617751,4.576615,2.52703e-07,1.8819774175053215e-06,0.0870653357796164,0.6484093809125983,0.003675,0.021768,0.663198,3.910387,2.712942e-07,1.606852824623338e-06,0.1128141316863862,0.6681886533427508,0.016094,0.019966,3.112629,3.925756,1.273282e-06,1.5795815901687385e-06,0.5119718196156283,0.6351313070867541,0.010223,0.012916,2.534515,3.284802,1.036793e-06,1.3099820609458742e-06,0.3693526808054259,0.4666750122901828,0.005106,0.011509,3.202907,7.207679,1.310212e-06,2.953316610185911e-06,0.2954011535087505,0.6658564669881446,-0.003606,0.016819,-1.136235,5.338162,-4.647991e-07,2.167633963564882e-06,-0.1472323387372007,0.6866317468812776,-0.003228,0.01689,-0.936819,4.92642,-3.832241e-07,2.00543935335876e-06,-0.1263783766597119,0.6613471594479119,0.000555,0.009364,0.177196,2.990748,7.248544e-08,1.2233061759020103e-06,0.022809145307841,0.3849403179745926,0.00775,0.008936,8.431049,9.945637,3.448885e-06,3.97682159519383e-06,0.5915342087072527,0.6820830545184594,0.015775,0.014727,7.192099,6.996188,2.942069e-06,2.7464719186621954e-06,0.7768086807461433,0.7251642391263797,0.001845,0.015277,0.69293,5.733474,2.834568e-07,2.347088196042066e-06,0.0823542864021049,0.6819126353922296,-0.012574,0.011023,-4.720952,4.453697,-1.931198e-06,1.6930534545607236e-06,-0.5611666760128449,0.4919667374385771,0.023828,0.015865,7.152393,5.065945,2.925826e-06,1.94803952731971e-06,0.949106818329028,0.6319232920049223,0.001393,0.027136,0.127884,2.486717,5.231341e-08,1.0190181548922473e-06,0.0300438369702897,0.5852269105636236,0.024624,0.031334,1.308606,1.690934,5.353108e-07,6.811832352605282e-07,0.394797833439598,0.502380421721797,0.006024,0.021802,0.221744,0.80514,9.070864e-08,3.2830397499878066e-07,0.0783450954395358,0.2835562990962983,,,,,,
EUR,educational_qualification,EA,sumher,insample10,20000,8,0.245313,0.062126,0.008294,0.051092,0.148679,0.894993,8.03002e-08,4.946829287533581e-07,0.0623182913435544,0.3839068255961322,0.034671,0.04322,0.787502,0.934105,4.253223e-07,5.301973217586071e-07,0.3022007614254118,0.3767167494889526,0.027873,0.033325,0.845622,0.988763,4.567127e-07,5.460434048681478e-07,0.2883953555716856,0.344804035238178,-0.008572,0.018077,-0.391258,0.841276,-2.113146e-07,4.456174368222142e-07,-0.1115852141392107,0.2353094254347451,-0.013754,0.01714,-2.450784,3.190963,-1.323646e-06,1.6495196270429763e-06,-0.366421913079117,0.4566327684310148,0.067188,0.030293,3.888503,1.892536,2.100144e-06,9.469053278971452e-07,0.994983857945862,0.448614721781265,0.086846,0.033701,3.062299,1.359048,1.653919e-06,6.418159393470998e-07,0.9791751455212536,0.3799764171087317,0.042768,0.02325,1.085959,0.646175,5.865162e-07,3.188411830363199e-07,0.3986634026908657,0.2167208867329502,,,,,,,,,,,,,,,,,,,,,,,,,,,,,,,,,,,,,,,,,,,,,,,,,,,,,,,,,,,,,,,,,,,,,,,,,,,,,,,,,,,,,,,,,,,,,,,,,,,,,,,,,,,,,,,,,,,,,,,,,,,,,,,,,,,,,,
EUR,educational_qualification,EA,sumher,insample10,20000,24,0.249158,0.062166,0.003076,0.038951,0.099103,1.244513,5.436355e-08,6.882980459074397e-07,0.0327294406268397,0.4143881337237427,0.042007,0.026635,2.651847,1.678709,1.454689e-06,9.223606669844504e-07,0.6470448176459309,0.4102654860061036,0.005885,0.017698,0.646678,1.934539,3.547397e-07,1.066877687460001e-06,0.1213088960033907,0.3648358343777799,-0.004226,0.008415,-0.953712,1.92454,-5.231652e-07,1.0418550762942031e-06,-0.1260433006288051,0.2510083862477797,0.023794,0.03174,1.291534,1.65537,7.084798e-07,9.450663997836344e-07,0.3379646714995677,0.4508230938244889,-0.006605,0.030232,-0.384289,1.778928,-2.108042e-07,9.648293113292112e-07,-0.0973906627387835,0.4457471248682711,0.019329,0.024002,1.507166,1.864148,8.267664e-07,1.026665476189786e-06,0.3330219873982494,0.4135414517013423,-0.012183,0.010146,-1.483111,1.301384,-8.135711e-07,6.77537969415737e-07,-0.2648201814837968,0.2205409312386325,-0.012626,0.01699,-2.499376,3.502477,-1.37105e-06,1.8449010813591063e-06,-0.3522603181594548,0.4740056466885096,-0.000679,0.021916,-0.091311,2.951623,-5.008924e-08,1.617766052307935e-06,-0.0155325580923871,0.5016655311073767,8.7e-05,0.019769,0.012484,2.850932,6.848e-09,1.5640131073619556e-06,0.0020533394787459,0.4689617200091062,0.019925,0.013974,3.683781,2.696924,2.020764e-06,1.4172893141486674e-06,0.5368344080190252,0.3765158474481384,-0.003435,0.011141,-1.606846,5.26009,-8.814466e-07,2.8589466591736195e-06,-0.1481979408663307,0.4806757527185493,-0.008527,0.016866,-2.003355,4.026624,-1.098954e-06,2.173741014932552e-06,-0.2595930103955173,0.5134773374377348,-0.003572,0.017027,-0.773104,3.698798,-4.240916e-07,2.021741823280114e-06,-0.1042930043766126,0.4971886470369462,-0.00906,0.013717,-2.157548,3.326555,-1.183538e-06,1.7918599275613037e-06,-0.2777256470306762,0.4204727332542796,0.004778,0.008929,3.87597,7.248679,2.126191e-06,3.973727469266105e-06,0.2719436833443747,0.5082469470517678,0.018414,0.014825,6.260353,5.186291,3.434161e-06,2.764766174561603e-06,0.6761723635873454,0.544371239152638,0.01699,0.016185,4.758285,4.638135,2.610191e-06,2.486553437994044e-06,0.5655189530801675,0.5387318771048873,0.009615,0.012287,2.692127,3.493637,1.476785e-06,1.8870831990137584e-06,0.3200058304143511,0.4089137052186797,-0.016938,0.0151,-3.791421,3.605785,-2.079811e-06,1.8541796029511272e-06,-0.5031135542139628,0.4485325302115316,0.054593,0.02817,3.737211,2.04076,2.050073e-06,1.057839307267413e-06,0.8779852924874338,0.4530411129729936,0.076909,0.032355,3.047876,1.438379,1.671934e-06,7.033718077944268e-07,0.919524771059218,0.3868381171336181,0.031607,0.023139,0.867635,0.668889,4.759474e-07,3.48440956260885e-07,0.3065474200822077,0.2244232791118339,,,,,,
EUR,fluid_intelligence_score,FI,sumher,insample10,20000,8,0.054972,0.061364,-0.02797,0.050688,-2.237575,5.857935,-2.708097e-07,4.907704147562279e-07,-0.937868937533772,1.699637522069675,0.083599,0.043226,8.473562,8.952578,1.02554e-06,5.302697426781958e-07,3.251689214472135,1.681331204075515,-0.012011,0.032438,-1.626068,5.091742,-1.968e-07,5.315046566117742e-07,-0.5545609609184289,1.4977222210530747,0.014044,0.016504,2.860493,4.391037,3.462002e-07,4.0684161537384555e-07,0.8157995987313799,0.9586973854122832,-0.017467,0.016899,-13.889306,21.761019,-1.680997e-06,1.6263385256458756e-06,-2.076612913769681,2.0090907863115577,0.03415,0.029559,8.819927,11.640401,1.06746e-06,9.23936469677434e-07,2.256823508200134,1.9533861173734604,-0.042494,0.031898,-6.686653,9.298534,-8.092734e-07,6.074783946775391e-07,-2.1380626972803385,1.6049296752664663,0.02312,0.021539,2.619789,3.765386,3.170683e-07,2.953814483003291e-07,0.9617411686099429,0.8959599533414596,,,,,,,,,,,,,,,,,,,,,,,,,,,,,,,,,,,,,,,,,,,,,,,,,,,,,,,,,,,,,,,,,,,,,,,,,,,,,,,,,,,,,,,,,,,,,,,,,,,,,,,,,,,,,,,,,,,,,,,,,,,,,,,,,,,,,,
EUR,fluid_intelligence_score,FI,sumher,insample10,20000,24,0.056533,0.061437,-0.01098,0.038716,-1.558789,6.403686,-1.940162e-07,6.84130908525554e-07,-0.5148035960234764,1.815276517423613,-0.008496,0.025736,-2.363933,8.062126,-2.942292e-07,8.912252240595527e-07,-0.5767967211305954,1.7471270255516118,-0.002053,0.017464,-0.994133,8.640246,-1.237357e-07,1.052769680414477e-06,-0.1864879088696846,1.5866788341756022,0.015418,0.009388,15.336664,18.624783,1.908893e-06,1.162287830100617e-06,2.026913935168218,1.2341484826584677,-0.011237,0.031426,-2.688255,8.835634,-3.345962e-07,9.357234634228213e-07,-0.7034571371006996,1.967270843773387,0.091856,0.030912,23.552784,25.196653,2.93152e-06,9.865200454121548e-07,5.96902952260527,2.0087078633975017,0.000354,0.023637,0.121822,8.108449,1.516266e-08,1.0110182985485477e-06,0.026917721166986,1.7948241703665777,-0.014658,0.010624,-7.864365,10.461514,-9.788457e-07,7.094522535026582e-07,-1.40424409666626,1.017774444784998,-0.003012,0.017093,-2.627529,15.567895,-3.270379e-07,1.856073813187396e-06,-0.3703235396862903,2.1017375185523965,-0.000642,0.021618,-0.380842,12.871622,-4.740188e-08,1.5958035593393067e-06,-0.0647838739593857,2.180975451863446,-0.005214,0.019323,-3.313927,13.02919,-4.124711e-07,1.5286870183265115e-06,-0.5450838742783612,2.020172182992823,0.009586,0.012606,7.811248,13.067384,9.722345e-07,1.2785366635337447e-06,1.1383310423216628,1.4969618675811531,-0.002915,0.011112,-6.010316,24.338481,-7.480798e-07,2.851490312099973e-06,-0.5543280994651953,2.112958009760181,8.5e-05,0.016886,0.087689,17.478929,1.091434e-08,2.1763308571997963e-06,0.0113627581477594,2.2657459067490318,-0.007213,0.016653,-6.88101,17.851669,-8.564515e-07,1.9773373510860507e-06,-0.9282630979118232,2.1431327928503783,0.005863,0.010504,6.153098,12.802262,7.658512e-07,1.37224013933422e-06,0.7920470515391271,1.4191774542669775,0.004752,0.008862,16.991468,35.644085,2.114859e-06,3.943997971601913e-06,1.1921500504080187,2.223239176065328,0.03048,0.015205,45.670017,53.289467,5.684362e-06,2.8356381997709086e-06,4.932774879004872,2.460709729214384,-3.2e-05,0.015405,-0.039521,19.017168,-4.918988e-09,2.3667813587232766e-06,-0.0046970311838427,2.259986372656542,-0.010639,0.011319,-13.128506,20.135696,-1.634052e-06,1.738471455043194e-06,-1.5605557747607832,1.6602786621383148,-0.020499,0.014912,-20.222807,27.73374,-2.517051e-06,1.8310417799711728e-06,-2.6835331570228917,1.9521500869258728,0.008759,0.027128,2.642575,8.36014,3.289106e-07,1.0187104593553558e-06,0.6208241300162501,1.922832631930206,-0.0419,0.030666,-7.318243,9.860759,-9.108722e-07,6.66645407994385e-07,-2.2078753702290457,1.6158907660010875,0.028871,0.021388,3.492915,4.555446,4.347491e-07,3.22067229006616e-07,1.234099572788597,0.9142354284948996,,,,,,
EUR,hand_grip_strength,GRIP,sumher,insample10,20000,8,0.139963,0.061681,-0.001057,0.050892,-0.033206,1.60749,-1.023242e-08,4.927434423713825e-07,-0.0139182485922072,0.6702349711119028,-0.019641,0.042788,-0.781923,1.845772,-2.409474e-07,5.249010382919813e-07,-0.300059212930559,0.6536754180220459,0.084649,0.033418,4.501097,2.350179,1.387e-06,5.475641514927726e-07,1.5350727264717334,0.606020760598552,-0.006445,0.016329,-0.515586,1.347837,-1.588763e-07,4.025183225643275e-07,-0.147042739483462,0.3725376084547949,-0.005934,0.017224,-1.853319,5.542069,-5.710949e-07,1.6575620652029897e-06,-0.2770927667197053,0.8042419196121783,0.076545,0.030068,7.764531,4.258197,2.392618e-06,9.39863926321252e-07,1.986770247824192,0.7804395377023378,-0.033765,0.032101,-2.086777,2.246548,-6.430344e-07,6.113492455217394e-07,-0.6672486019638514,0.6343703064502241,0.045612,0.022842,2.029924,1.333659,6.255152e-07,3.132520071763308e-07,0.7451977681687549,0.3731878883553661,,,,,,,,,,,,,,,,,,,,,,,,,,,,,,,,,,,,,,,,,,,,,,,,,,,,,,,,,,,,,,,,,,,,,,,,,,,,,,,,,,,,,,,,,,,,,,,,,,,,,,,,,,,,,,,,,,,,,,,,,,,,,,,,,,,,,,
EUR,hand_grip_strength,GRIP,sumher,insample10,20000,24,0.137888,0.061703,-0.067513,0.038385,-3.92975,3.370617,-1.19299e-06,6.782808415398447e-07,-1.2978244182161056,0.7378850104012434,0.002931,0.026152,0.334339,2.957634,1.014983e-07,9.05619953402088e-07,0.0815776781530782,0.727877935764848,0.021063,0.017826,4.182334,3.812394,1.269669e-06,1.074578522026194e-06,0.784552003379981,0.6640019818115978,-0.003127,0.007812,-1.275176,3.259907,-3.871168e-07,9.671712361314308e-07,-0.1685277033346647,0.4210490145521424,0.058328,0.0321,5.720838,3.397942,1.736727e-06,9.557865870580105e-07,1.4970067274323668,0.8238594498821423,-0.017178,0.029953,-1.805862,3.391622,-5.482221e-07,9.559360334248313e-07,-0.4576600085991396,0.7980227234134407,0.055432,0.024484,7.81026,4.578526,2.371032e-06,1.047265486875224e-06,1.725742000138608,0.7622461594766256,0.006874,0.011924,1.512121,2.669778,4.590483e-07,7.962593170569498e-07,0.2699990977944549,0.4683369859245863,0.015095,0.017585,5.39942,6.40939,1.639151e-06,1.90956879949375e-06,0.7609879091808746,0.8865313617621448,-0.019548,0.021349,-4.753261,5.805135,-1.442991e-06,1.5759076749606875e-06,-0.8085567935556047,0.883034514148655,0.010549,0.020049,2.749065,5.282624,8.345589e-07,1.5861696000112975e-06,0.4521706426966223,0.8593992916053652,0.003856,0.012408,1.288178,4.168549,3.910641e-07,1.2584295768933595e-06,0.1877245450340352,0.6040905308865718,-0.002439,0.011213,-2.061339,9.599327,-6.257794e-07,2.877214799072186e-06,-0.1901147394645879,0.8741114551058493,0.014923,0.017363,6.335297,7.699057,1.923264e-06,2.2378440517605333e-06,0.8209198306462427,0.9551941699028104,-0.007551,0.016882,-2.953232,6.790648,-8.965396e-07,2.004562545793969e-06,-0.3983945133040988,0.8907656949221361,-0.013019,0.006323,-5.602138,3.651086,-1.700692e-06,8.260369846441502e-07,-0.721120452629143,0.3502528172385135,-0.003822,0.008523,-5.603643,12.882106,-1.701149e-06,3.7928630347008313e-06,-0.3931582723533834,0.8765813447240599,0.011579,0.014567,7.113411,9.325996,2.159483e-06,2.7167386698024525e-06,0.7683072259398551,0.966569290427132,0.010263,0.015718,5.193713,8.198675,1.576703e-06,2.4148699757957985e-06,0.6172671064367047,0.945403035562403,-0.015509,0.010709,-7.84652,6.518427,-2.38204e-06,1.6447531729715556e-06,-0.9326915289534008,0.6440057058864661,-0.00359,0.015392,-1.452007,6.331228,-4.407991e-07,1.8900314812192944e-06,-0.1926775918282338,0.8261512200929707,0.060871,0.027914,7.529461,4.520578,2.285787e-06,1.0482075176223456e-06,1.768894929893797,0.8111731160421903,-0.039663,0.030784,-2.840227,2.611249,-8.622337e-07,6.692251489596009e-07,-0.8568753714098967,0.6650662669199794,0.059083,0.02281,2.930697,1.707484,8.896986e-07,3.434789658770971e-07,1.0354520150807356,0.3997488445584688,,,,,,
EUR,haemoglobin_concentration,Hb,sumher,insample10,20000,8,-0.039313,0.061046,-0.038487,0.050614,4.305294,5.75244,-3.726379e-07,4.900566293807277e-07,1.8045557813739337,2.373173860601982,-0.023791,0.042247,3.371909,6.502154,-2.918502e-07,5.182613240441544e-07,1.2939627463597148,2.297791285365561,-0.025055,0.032295,4.743094,8.53509,-4.105309e-07,5.291596167509383e-07,1.617615882042108,2.085048896907962,-0.001298,0.016951,0.36956,4.801171,-3.198671e-08,4.178453063036607e-07,0.1053976911547636,1.3768196399148531,-0.019266,0.016966,21.421979,36.134967,-1.854145e-06,1.6327724887442218e-06,3.2028578035720083,2.820458004650187,0.032464,0.029496,-11.724016,22.256712,1.014754e-06,9.21995010832488e-07,-2.999936833255731,2.7257116434863997,0.00905,0.032277,-1.991326,7.981493,1.723561e-07,6.146975679144989e-07,-0.6367327389536683,2.270868661140264,0.027069,0.022045,-4.288893,7.592344,3.712183e-07,3.023214183613196e-07,-1.5744907440431346,1.282270499422819,,,,,,,,,,,,,,,,,,,,,,,,,,,,,,,,,,,,,,,,,,,,,,,,,,,,,,,,,,,,,,,,,,,,,,,,,,,,,,,,,,,,,,,,,,,,,,,,,,,,,,,,,,,,,,,,,,,,,,,,,,,,,,,,,,,,,,
EUR,haemoglobin_concentration,Hb,sumher,insample10,20000,24,-0.043494,0.061082,-0.063611,0.038434,11.738461,14.946235,-1.124046e-06,6.791609529412008e-07,3.876683488281588,2.342334790704955,-0.01274,0.025665,4.607292,10.229669,-4.41183e-07,8.887650420667996e-07,1.1241608690850549,2.2646268829538507,-0.009411,0.017035,5.92434,12.854306,-5.673003e-07,1.0268690276758764e-06,1.1113256933626292,2.0116081979412,0.00484,0.008185,-6.257506,14.084754,5.992035e-07,1.013344462658182e-06,-0.826990930878447,1.39856773278896,0.013938,0.031657,-4.333884,13.042429,4.150021e-07,9.425930723276084e-07,-1.1340693485466138,2.575808439232289,0.002478,0.030137,-0.82602,10.325157,7.909762e-08,9.617828237185358e-07,-0.2093374665022195,2.5454265203250004,-0.003153,0.02335,1.408543,10.383382,-1.348787e-07,9.987714953882093e-07,0.3112282044597839,2.3046326749537607,-0.010826,0.011046,7.549879,12.815473,-7.229579e-07,7.376337166914213e-07,1.3480750148997291,1.3754405112930232,0.015061,0.017458,-17.079628,33.223493,1.635503e-06,1.895794820121629e-06,-2.407172764298737,2.790276543482592,-0.00921,0.021371,7.099882,18.336575,-6.798673e-07,1.5775614092643114e-06,1.2077253535846884,2.8024011609402297,-0.027964,0.018999,23.103613,35.179545,-2.212345e-06,1.5030628729364583e-06,3.800102795121204,2.581782418514627,-0.002295,0.012646,2.430673,13.700192,-2.327553e-07,1.2825829407878465e-06,0.3542173359951264,1.9518915894876117,-0.00334,0.011192,8.951295,31.558725,-8.571541e-07,2.872063717956132e-06,0.8255636363217246,2.7662136443651804,-0.003102,0.016498,4.174537,22.559444,-3.997434e-07,2.1262916074706217e-06,0.5409290043083732,2.8772777789410253,0.021297,0.017155,-26.407067,43.733608,2.528676e-06,2.036917278634555e-06,-3.562330264574317,2.8695538962343266,0.012881,0.012777,-17.572385,30.637339,1.682689e-06,1.669125219988003e-06,-2.261950634275424,2.24371755567248,0.001367,0.008796,-6.352945,42.370092,6.083425e-07,3.9145370096602735e-06,-0.4457284387962062,2.868154813983642,-0.002933,0.014371,5.712449,28.725216,-5.470102e-07,2.680076864569373e-06,0.616989360636248,3.022939811957177,-0.008516,0.015237,13.662399,30.549761,-1.308278e-06,2.34091349690671e-06,1.62375462510485,2.9053986366602804,-0.009993,0.010835,16.027656,28.237373,-1.534769e-06,1.6641730679229249e-06,1.905149772119943,2.0657824995953837,-0.021459,0.014944,27.517481,41.246346,-2.635007e-06,1.8350166211781296e-06,3.651484034355029,2.542890358548592,0.030644,0.027411,-12.017321,21.043246,1.150749e-06,1.0293216212632473e-06,-2.8232153533395143,2.5253088246652573,0.009871,0.03111,-2.241047,7.939505,2.145972e-07,6.763047390045408e-07,-0.6761045221279297,2.130748641536419,0.032682,0.022325,-5.139454,8.07728,4.921416e-07,3.361817960568359e-07,-1.8158261642932465,1.240390369842945,,,,,,
EUR,igf_1,IGF-1,sumher,insample10,20000,8,0.05644,0.061435,0.048388,0.051166,3.7703,3.702681,4.685005e-07,4.954000403714154e-07,1.5803108706316795,1.6710463897270558,-0.010934,0.042494,-1.079479,4.720956,-1.341369e-07,5.212873487818403e-07,-0.4142468592110062,1.6098601278194864,-0.010417,0.032338,-1.373651,4.806306,-1.706909e-07,5.298783822727626e-07,-0.4684778916198382,1.4543031136520723,-0.027476,0.017545,-5.450552,7.170225,-6.772898e-07,4.324869940240978e-07,-1.5544803653739705,0.9926216820186422,-0.007243,0.017091,-5.609918,15.269166,-6.970929e-07,1.6448103234111828e-06,-0.8387524547006865,1.9790600309917936,-0.01444,0.028995,-3.63227,8.711635,-4.513488e-07,9.06326762266237e-07,-0.9294217079459458,1.8663166210757736,0.027936,0.032476,4.281546,6.520772,5.320283e-07,6.184924413442738e-07,1.3690346418065251,1.5915273264519971,0.050627,0.022197,5.587319,6.518564,6.942847e-07,3.044074736270449e-07,2.0511504206261653,0.8993220181459585,,,,,,,,,,,,,,,,,,,,,,,,,,,,,,,,,,,,,,,,,,,,,,,,,,,,,,,,,,,,,,,,,,,,,,,,,,,,,,,,,,,,,,,,,,,,,,,,,,,,,,,,,,,,,,,,,,,,,,,,,,,,,,,,,,,,,,
EUR,igf_1,IGF-1,sumher,insample10,20000,24,0.058483,0.061464,0.025953,0.039055,3.561716,5.045446,4.586026e-07,6.901225253532883e-07,1.1762847868330182,1.7701178048791193,-0.008021,0.025778,-2.15717,7.702555,-2.777549e-07,8.926913800412772e-07,-0.5263457629407184,1.691650896162152,-0.00867,0.017239,-4.059066,9.515013,-5.226408e-07,1.0391612001994684e-06,-0.7614324119436474,1.513948048193208,-0.017458,0.007507,-16.786339,19.274681,-2.16139e-06,9.293971702130364e-07,-2.2184990695755142,0.9539540561322748,0.020406,0.031643,4.718863,7.499995,6.075955e-07,9.421755675032122e-07,1.234819771269053,1.9147887348731296,-0.0077,0.029686,-1.908436,7.983122,-2.457281e-07,9.473940046253196e-07,-0.483657668584074,1.8647211104778476,0.006136,0.023634,2.038409,7.888322,2.624632e-07,1.0108867394520515e-06,0.4504055184330843,1.7347535424395937,-0.00972,0.011486,-5.04103,8.143736,-6.490774e-07,7.670383302026046e-07,-0.9001134418850393,1.0636967354839648,0.007675,0.017255,6.473155,15.160943,8.334762e-07,1.873670728810161e-06,0.912323426049703,2.0509208284497267,0.015445,0.021738,8.854643,14.695843,1.140114e-06,1.6046089866381778e-06,1.5062325084044448,2.119888203243129,-0.004177,0.019397,-2.566503,12.398955,-3.304601e-07,1.534586589280644e-06,-0.422144591158693,1.9603499131347195,0.004783,0.013899,3.767588,11.466612,4.851104e-07,1.4096442813703038e-06,0.5490482687452062,1.5954363217794252,-0.004685,0.011082,-9.336348,24.897245,-1.202138e-06,2.843734692266492e-06,-0.8610843213678631,2.036950298252398,-0.010417,0.016528,-10.427189,20.456505,-1.342593e-06,2.13015046416914e-06,-1.3511484048147495,2.14372442108482,-0.009519,0.01693,-8.777885,18.468882,-1.130231e-06,2.01016342619201e-06,-1.1841532642825408,2.106066443821347,0.002106,0.009671,2.136405,10.041139,2.750811e-07,1.2633574316083315e-06,0.2750044533605733,1.2630054186873143,-0.010831,0.008239,-37.435637,49.805133,-4.820171e-06,3.666750605099834e-06,-2.626541935707764,1.998035802480147,-0.008693,0.013988,-12.590484,24.753898,-1.621137e-06,2.608777491469903e-06,-1.359883411704853,2.1883611536094234,0.033896,0.016024,40.44466,45.759383,5.207609e-06,2.4617999512551782e-06,4.80682641723212,2.272337466125843,0.005584,0.012584,6.660263,16.442176,8.57568e-07,1.9326717258758663e-06,0.791688578028543,1.7842015215757054,0.003002,0.015386,2.862938,14.635783,3.686287e-07,1.8892130636855123e-06,0.3799062908934755,1.94701044094576,-0.003422,0.027048,-0.998078,8.071317,-1.285114e-07,1.0157110809674175e-06,-0.2344794374141446,1.853246971401392,-0.000842,0.031089,-0.142145,5.261495,-1.830249e-08,6.758586390658922e-07,-0.0428844333040343,1.5835995391871092,0.03765,0.02177,4.403176,5.24829,5.66948e-07,3.27815649412898e-07,1.5557045716035571,0.8995257138835207,,,,,,
EUR,neuroticism_score,NEURO,sumher,insample10,20000,8,0.045562,0.061309,0.130609,0.051557,12.606612,14.600703,1.264589e-06,4.991886416977053e-07,5.284039968711917,2.0858419096304703,-0.009439,0.042542,-1.154282,5.906544,-1.157878e-07,5.218829370653921e-07,-0.4429533460893642,1.9964952545955663,-0.075439,0.031608,-12.322508,18.353499,-1.23609e-06,5.17913795915884e-07,-4.202551561648759,1.7608421974336297,-0.006692,0.014247,-1.644533,4.302413,-1.649657e-07,3.5118656010730253e-07,-0.4690170008765769,0.9984649364667244,-0.001003,0.017311,-0.961793,16.82327,-9.647894e-08,1.665973289101599e-06,-0.1438003335621332,2.4831068280643858,0.016366,0.02933,5.099693,10.707409,5.11558e-07,9.167953970216038e-07,1.304907195195033,2.338606590250133,-0.011218,0.031867,-2.129788,6.898493,-2.136423e-07,6.068863155484723e-07,-0.6810063689218997,1.9345113121327344,0.002377,0.020955,0.324999,2.888205,3.260114e-08,2.873748075249464e-07,0.1193100225497572,1.0517023259319611,,,,,,,,,,,,,,,,,,,,,,,,,,,,,,,,,,,,,,,,,,,,,,,,,,,,,,,,,,,,,,,,,,,,,,,,,,,,,,,,,,,,,,,,,,,,,,,,,,,,,,,,,,,,,,,,,,,,,,,,,,,,,,,,,,,,,,
EUR,neuroticism_score,NEURO,sumher,insample10,20000,24,0.043958,0.061413,0.063428,0.039289,11.581071,14.587253,1.120807e-06,6.942541321447068e-07,3.824710077445199,2.36911508896878,-0.024119,0.025609,-8.630179,16.474336,-8.352217e-07,8.868276044418104e-07,-2.1057309918251508,2.2358379470734246,-0.036752,0.016568,-22.892048,34.544354,-2.215474e-06,9.987590800588498e-07,-4.294241108217272,1.9358892493407636,-0.019128,0.007,-24.469686,35.647491,-2.368156e-06,8.666728910032897e-07,-3.233911559049913,1.1835130287577105,0.038923,0.031978,11.975017,16.625935,1.158932e-06,9.521417961627354e-07,3.1335649315473977,2.574437622152204,0.004144,0.029966,1.366387,9.703279,1.322378e-07,9.563469558690508e-07,0.3462825353942385,2.5043236396468846,-0.020336,0.023087,-8.987895,17.068805,-8.698411e-07,9.87527771761382e-07,-1.9859436681481797,2.254635387371322,0.002328,0.010653,1.606129,7.571104,1.554398e-07,7.113972870344671e-07,0.2867838601300693,1.3125162285450918,0.016974,0.017598,19.045465,30.778106,1.843205e-06,1.9109421759959142e-06,2.6842377585502044,2.7828826111117992,0.012924,0.021728,9.857853,20.333854,9.54035e-07,1.6039292378406225e-06,1.6768714223102323,2.8191660707864714,0.011555,0.019928,9.446103,20.215375,9.141861e-07,1.5766150449618322e-06,1.553704883055005,2.6795359216850763,0.013008,0.012545,13.631994,22.641886,1.319293e-06,1.2722873103194892e-06,1.9865656287938973,1.915785379465617,0.009903,0.011604,26.2585,45.752931,2.541276e-06,2.97778793737902e-06,2.4217812300956902,2.8377676938474496,0.000308,0.016833,0.409762,22.38308,3.96564e-08,2.169428496171284e-06,0.0530962291104829,2.904662865805292,-0.024904,0.015993,-30.554584,47.694051,-2.957048e-06,1.8989223259522757e-06,-4.121836812082505,2.6469127137589323,-0.000629,0.008859,-0.848493,12.025097,-8.211649e-08,1.1573076514047594e-06,-0.1092197227561691,1.5392866990542473,0.004766,0.008912,21.918594,49.588977,2.121264e-06,3.96603958628756e-06,1.5378300150546231,2.8752171896981373,0.00562,0.014525,10.829626,31.061432,1.048082e-06,2.7088997766621045e-06,1.169685047856459,3.0231981513883133,0.005419,0.015387,8.602217,26.8,8.325156e-07,2.364006979685128e-06,1.0223607513040616,2.9030902866431965,0.000644,0.011214,1.021683,17.825304,9.887765e-08,1.7222479496286242e-06,0.1214438889910685,2.115306025272588,-0.005831,0.015279,-7.398676,22.956885,-7.160379e-07,1.876047973800244e-06,-0.9817820067439026,2.572308175957496,0.009082,0.027189,3.523988,11.134518,3.410486e-07,1.0209725755376586e-06,0.8278870656973325,2.478385748304847,-0.019806,0.030532,-4.449012,9.560373,-4.305718e-07,6.637314969172399e-07,-1.3422295556248942,2.069062656127208,-0.003562,0.021071,-0.5543,3.376354,-5.364471e-08,3.1729355492981573e-07,-0.1958405048568581,1.1583421736324486,,,,,,
EUR,sleep_duration,SLP,sumher,insample10,20000,8,0.058399,0.061395,0.038834,0.051032,2.924386,3.241081,3.760013e-07,4.941043412074012e-07,1.225754256059294,1.6107670350404255,-0.048455,0.042168,-4.623131,7.258418,-5.944165e-07,5.172955634837786e-07,-1.7741217076824771,1.5439431584830008,0.032331,0.032924,4.120252,5.339475,5.297591e-07,5.394799347519795e-07,1.4052019777949163,1.4309867849257407,0.018388,0.017466,3.525303,4.717368,4.532639e-07,4.305469776923303e-07,1.0054105348076867,0.9550208324587046,0.00627,0.017313,4.69299,13.247989,6.033986e-07,1.6661635573976524e-06,0.7016637457637175,1.9375029420662184,-0.003908,0.029098,-0.950058,7.266321,-1.221531e-07,9.095487892356296e-07,-0.2431009227003472,1.81012311520678,-0.032267,0.031926,-4.779386,7.156565,-6.145068e-07,6.080023026272187e-07,-1.528227431797897,1.5120512864482578,0.047207,0.022349,5.035101,5.750484,6.473852e-07,3.064877485316501e-07,1.848435398559021,0.8750938446083686,,,,,,,,,,,,,,,,,,,,,,,,,,,,,,,,,,,,,,,,,,,,,,,,,,,,,,,,,,,,,,,,,,,,,,,,,,,,,,,,,,,,,,,,,,,,,,,,,,,,,,,,,,,,,,,,,,,,,,,,,,,,,,,,,,,,,,
EUR,sleep_duration,SLP,sumher,insample10,20000,24,0.057016,0.061397,0.044989,0.039143,6.333092,6.662868,7.949847e-07,6.916759356808649e-07,2.091547031668378,1.819749172719627,-0.041115,0.025247,-11.342495,15.163192,-1.423809e-06,8.742992622666451e-07,-2.7675408025012502,1.6994265957861496,-0.00341,0.017253,-1.637553,8.65623,-2.055599e-07,1.040012980688222e-06,-0.3071845324358973,1.5541742392362292,0.003995,0.007745,3.940092,8.555537,4.945946e-07,9.589345650251638e-07,0.5207249419498298,1.0095968409408709,-0.008719,0.031373,-2.068235,8.378096,-2.596228e-07,9.341345192208667e-07,-0.5412086783906771,1.9472931829817564,-0.002638,0.029813,-0.670714,7.748001,-8.419385e-08,9.514508395077488e-07,-0.169979489838867,1.9208900448938837,0.02198,0.023874,7.489434,10.725944,9.401388e-07,1.0211767721604326e-06,1.654855801099103,1.797500864082355,-0.008232,0.00879,-4.379188,6.765339,-5.497137e-07,5.869760642479385e-07,-0.7819342147790719,0.834937655532001,-0.001099,0.017273,-0.95067,15.117579,-1.193363e-07,1.875614299369676e-06,-0.1339865142302466,2.1058724127775807,0.007086,0.021572,4.167133,12.993126,5.230947e-07,1.5923824917399713e-06,0.7088542612479573,2.157863795611997,0.021259,0.019822,13.398435,18.360709,1.681888e-06,1.5682123580688937e-06,2.2037999448584773,2.0548492576429647,0.00351,0.012659,2.835716,10.544946,3.559637e-07,1.2839034231592345e-06,0.4132458969156839,1.49051103148033,-0.000344,0.011266,-0.702666,23.105685,-8.820471e-08,2.890863538806355e-06,-0.0648061212844862,2.1239869516353904,-0.008563,0.016771,-8.791915,20.194083,-1.103638e-06,2.161500404811436e-06,-1.139247847060666,2.231243109246135,-0.001163,0.016571,-1.100412,15.773829,-1.381333e-07,1.9676183573040785e-06,-0.1484471914903656,2.1145329842020515,0.033439,0.012858,34.798446,39.300845,4.368203e-06,1.6796222789663156e-06,4.479346761056203,1.7223582821324022,-0.004865,0.008382,-17.246979,35.936533,-2.164991e-06,3.730435631397492e-06,-1.2100710912410944,2.085039760114394,0.000482,0.014335,0.716368,21.271618,8.99247e-08,2.673484243454597e-06,0.0773737868040209,2.300342396215559,-0.031527,0.014032,-38.585173,45.356289,-4.843546e-06,2.155747898062294e-06,-4.585813577133315,2.041037285453813,-0.003267,0.011679,-3.997743,15.00074,-5.018315e-07,1.7937786931503005e-06,-0.4752002139269274,1.698586116500433,0.011139,0.015513,10.896324,18.058659,1.367801e-06,1.9048083893137389e-06,1.4459163015410212,2.0135922560524744,-0.006888,0.027041,-2.060579,8.620647,-2.586617e-07,1.0154196176950688e-06,-0.484092253312119,1.900384830020588,-0.007332,0.031009,-1.269833,5.632029,-1.594005e-07,6.741107475778739e-07,-0.3830999305810145,1.6201441062041797,0.038301,0.021967,4.594561,5.561636,5.767492e-07,3.307922308640274e-07,1.623318723427589,0.931048056808674,,,,,,
EUR,vitamin_d,ViTD,sumher,insample10,20000,8,0.045245,0.06136,0.006098,0.050868,0.592725,4.527704,5.904325e-08,4.925110151052462e-07,0.2484386360709284,2.072358226260509,-0.002529,0.042524,-0.311441,5.393206,-3.102362e-08,5.216546750485421e-07,-0.1195142921992053,2.009603948889039,-0.007533,0.032512,-1.239069,5.932004,-1.234276e-07,5.327226295174628e-07,-0.4225785310795667,1.823880122876356,0.024532,0.017923,6.070777,8.900596,6.047294e-07,4.418095743643409e-07,1.7313632755332755,1.2649176174226149,-0.018667,0.016906,-18.034604,31.068665,-1.796484e-06,1.6270169021863294e-06,-2.696391261038183,2.4420335258296952,-0.013294,0.02894,-4.171572,11.276323,-4.155436e-07,9.045929471314708e-07,-1.0674155619100203,2.323646878359287,0.038537,0.032662,7.36768,11.319157,7.339181e-07,6.22028455940723e-07,2.355828733108446,1.9966703496156268,0.018101,0.021514,2.49193,4.45399,2.482291e-07,2.9503938720109894e-07,0.9148060346615012,1.087317368811298,,,,,,,,,,,,,,,,,,,,,,,,,,,,,,,,,,,,,,,,,,,,,,,,,,,,,,,,,,,,,,,,,,,,,,,,,,,,,,,,,,,,,,,,,,,,,,,,,,,,,,,,,,,,,,,,,,,,,,,,,,,,,,,,,,,,,,
EUR,vitamin_d,ViTD,sumher,insample10,20000,24,0.045683,0.06142,-0.018164,0.038664,-3.191355,9.449769,-3.209772e-07,6.832241213540401e-07,-1.0539625464763178,2.24343858304063,0.014647,0.025951,5.043232,10.083034,5.072337e-07,8.986764712620443e-07,1.2305309120469212,2.180157150081298,-0.009426,0.01716,-5.64927,13.404472,-5.681872e-07,1.0344254443892997e-06,-1.0597282738867937,1.929311133104111,-0.010098,0.008026,-12.430182,19.710204,-1.250192e-06,9.93629508418505e-07,-1.6427741292002715,1.305646533044447,0.038043,0.031895,11.262399,15.217753,1.132739e-06,9.496862113350916e-07,2.9470934386559926,2.470837502909069,-0.010295,0.029753,-3.266764,11.130027,-3.285616e-07,9.495313054344232e-07,-0.8278946696188195,2.3925860672864943,-0.000529,0.023422,-0.224999,10.00072,-2.26297e-08,1.0018213413578292e-06,-0.0497151903079572,2.2009014101016597,0.02624,0.013981,17.422174,24.610763,1.752272e-06,9.336133568024828e-07,3.1108373670344016,1.657459182537634,0.003119,0.017261,3.367469,18.547193,3.386903e-07,1.8743188095945684e-06,0.474606201309271,2.6264800918839217,-0.024421,0.021325,-17.923599,30.028178,-1.802704e-06,1.5741203892968288e-06,-3.0489000440903187,2.662298261018209,-0.00572,0.019319,-4.499389,16.730195,-4.525354e-07,1.5283792068724306e-06,-0.7400648599878028,2.499472403136449,-0.004984,0.012558,-5.025426,14.548601,-5.054427e-07,1.2736349555504514e-06,-0.732346981538038,1.845397540173607,-0.015131,0.01075,-38.603686,60.580943,-3.882647e-06,2.7584740346793187e-06,-3.560363087360245,2.529503488345433,0.012414,0.0173,15.907697,29.636792,1.59995e-06,2.229660960774081e-06,2.061294817129125,2.8725826322064814,0.009966,0.017269,11.764866,25.17558,1.183276e-06,2.050499451353255e-06,1.587090835057301,2.7502703397455663,0.018181,0.012914,23.614673,35.465893,2.375095e-06,1.6870106697943555e-06,3.039729834529994,2.159095389508348,-0.011039,0.008236,-48.84375,76.824156,-4.912562e-06,3.6654835970169063e-06,-3.4269278775344194,2.556985117594928,0.000559,0.014491,1.036884,26.831492,1.042868e-07,2.7025491669903067e-06,0.1119918260272786,2.902221720675534,0.024977,0.015869,38.152743,55.755005,3.837292e-06,2.437965340196616e-06,4.534401214336674,2.88086311886045,-0.001048,0.012312,-1.600174,18.95873,-1.609409e-07,1.8908894732373969e-06,-0.1902073364874608,2.234739897047072,-0.007737,0.015177,-9.445831,23.607154,-9.500342e-07,1.863543130705592e-06,-1.2534343905535323,2.458678906829024,-0.011567,0.026857,-4.318783,12.121628,-4.343707e-07,1.0085142537416115e-06,-1.014608876652503,2.355701049994426,0.014407,0.03126,3.113885,7.6908,3.131855e-07,6.795563258479756e-07,0.9394337751348888,2.038402686612753,0.013288,0.021361,1.989487,4.15021,2.000968e-07,3.216611571203461e-07,0.7029089447999816,1.1299456289885874,,,,,,
EUR,white_blood_cell_count,WBC,sumher,insample10,20000,8,0.04308,0.061369,0.022393,0.050903,2.285931,4.243085,2.168111e-07,4.928547453357835e-07,0.9581318831040364,2.178024304315298,0.005619,0.042514,0.726822,5.241524,6.89361e-08,5.215339873872076e-07,0.2789131428609839,2.1101089781839537,-0.055978,0.032016,-9.670727,15.838891,-9.172285e-07,5.24602611507034e-07,-3.298128582562851,1.886342244597136,-0.008728,0.017866,-2.268398,5.936906,-2.151482e-07,4.404127609413697e-07,-0.6469336376803321,1.324286373377229,-0.019107,0.016962,-19.387039,34.294889,-1.838781e-06,1.6323936412520113e-06,-2.8985744706124428,2.5732344061218635,0.01678,0.029317,5.530207,11.663542,5.245173e-07,9.163759599640312e-07,1.4150495484792007,2.472210903976469,0.023923,0.032462,4.803496,9.035002,4.555917e-07,6.182247973027288e-07,1.535913710979682,2.0841906089265803,0.058178,0.022994,8.411954,12.349973,7.978391e-07,3.153386909340495e-07,3.088065775683686,1.220530078335762,,,,,,,,,,,,,,,,,,,,,,,,,,,,,,,,,,,,,,,,,,,,,,,,,,,,,,,,,,,,,,,,,,,,,,,,,,,,,,,,,,,,,,,,,,,,,,,,,,,,,,,,,,,,,,,,,,,,,,,,,,,,,,,,,,,,,,
EUR,white_blood_cell_count,WBC,sumher,insample10,20000,24,0.040856,0.061387,-0.012956,0.038748,-2.545223,9.864808,-2.289434e-07,6.847002263764778e-07,-0.8405777565143218,2.5139129591522966,0.00172,0.025948,0.662283,9.842914,5.957254e-08,8.98584609260586e-07,0.1615955202796567,2.437486255391435,-0.011235,0.016914,-7.529405,16.833199,-6.772718e-07,1.0196043350241308e-06,-1.41242319244978,2.126343972848741,0.002489,0.008127,3.426502,12.095163,3.082147e-07,1.0061540637496823e-06,0.4528488392548422,1.4783061933145507,0.020686,0.031675,6.847323,12.269567,6.159184e-07,9.431165887630224e-07,1.7917854347761264,2.743646832179927,0.016158,0.030342,5.732974,12.444731,5.156824e-07,9.683317613297624e-07,1.4529121730961183,2.72823156972512,-0.02515,0.022908,-11.959224,22.04407,-1.075735e-06,9.798719304072343e-07,-2.64249625241756,2.4070127902785323,-0.017728,0.012052,-13.160878,22.075236,-1.183824e-06,8.047956262306599e-07,-2.34996664176138,1.597570986124213,0.018005,0.017478,21.735743,36.228524,1.955135e-06,1.8979773444380205e-06,3.063417376948009,2.9738594920581285,-0.014991,0.021141,-12.30216,26.629564,-1.106582e-06,1.5605527866752858e-06,-2.0926718732967102,2.951182039351961,-0.029639,0.018887,-26.068237,43.4306,-2.344844e-06,1.49420513986534e-06,-4.287754897908092,2.732286415188838,0.004613,0.012559,5.201456,15.909908,4.678723e-07,1.2737346662472529e-06,0.7580032587398741,2.0635866405969394,-0.002488,0.011213,-7.098666,34.53951,-6.385268e-07,2.8772631092758967e-06,-0.6547029288659577,2.950154300118494,0.003383,0.016828,4.847055,24.67998,4.359938e-07,2.1687888325053687e-06,0.6280768488479431,3.1242785006038654,0.012633,0.017094,16.676448,32.856982,1.500051e-06,2.0297344653919634e-06,2.249678842941416,3.044063624224313,0.004609,0.012635,6.692946,20.673821,6.020321e-07,1.650510830015968e-06,0.8615339979091641,2.361952450668378,0.00247,0.008811,12.219509,46.240042,1.099148e-06,3.921383684364487e-06,0.8573375891071845,3.058686941082818,-0.01074,0.013989,-22.267986,45.317049,-2.003011e-06,2.6088673787680354e-06,-2.4051329610111094,3.132620301926279,0.002836,0.015521,4.843025,27.219656,4.356313e-07,2.384517351582915e-06,0.5755896078132027,3.150607881530521,0.001461,0.01121,2.49416,19.430207,2.243504e-07,1.7217081634237552e-06,0.2964738943305168,2.2751977447371727,-0.021978,0.014917,-30.002387,51.388795,-2.698722e-06,1.8316388836230792e-06,-3.981248513649218,2.702097356810556,0.024476,0.027353,10.217862,18.044988,9.190992e-07,1.0271348499588552e-06,2.4004866462975007,2.682652200407768,0.017741,0.031178,4.287682,9.544405,3.856781e-07,6.777851429472322e-07,1.293565052188944,2.273292608030965,0.054482,0.023087,9.120723,14.167068,8.204113e-07,3.476529879060441e-07,3.2224733286673803,1.3655376043196263,,,,,,
EUR,whr,WHR,sumher,insample10,20000,8,0.206502,0.061891,0.02121,0.051112,0.451689,1.016914,2.053569e-07,4.948805916582302e-07,0.1893234942522874,0.4562423899580464,-0.011673,0.042447,-0.314956,1.179893,-1.431921e-07,5.207143170683902e-07,-0.1208628303401541,0.4395145134370266,0.073946,0.033518,2.665023,1.29281,1.211632e-06,5.492073378970823e-07,0.9088918515759936,0.4119815870168512,0.00513,0.017211,0.278159,0.928461,1.264626e-07,4.242651293707745e-07,0.0793296530624075,0.266140388695638,0.010181,0.017547,2.155038,3.685561,9.797712e-07,1.688661896295407e-06,0.3222037250361335,0.5553267470129363,0.047462,0.029559,3.263162,2.134698,1.483571e-06,9.239523797252756e-07,0.8349713960624837,0.5200113836105367,0.004461,0.032594,0.186884,1.362078,8.49652e-08,6.207383506760316e-07,0.0597562767980458,0.4365671204464817,0.055784,0.022829,1.682666,0.842725,7.650108e-07,3.1307492713406484e-07,0.6177179547382626,0.2527964359053298,,,,,,,,,,,,,,,,,,,,,,,,,,,,,,,,,,,,,,,,,,,,,,,,,,,,,,,,,,,,,,,,,,,,,,,,,,,,,,,,,,,,,,,,,,,,,,,,,,,,,,,,,,,,,,,,,,,,,,,,,,,,,,,,,,,,,,
EUR,whr,WHR,sumher,insample10,20000,24,0.209255,0.061941,0.038798,0.039243,1.488138,1.375515,6.855922e-07,6.934459604035487e-07,0.4914684395783332,0.497098426865753,0.014615,0.026053,1.098548,1.920789,5.061064e-07,9.021908334715e-07,0.2680433454745343,0.4778170148809803,0.023023,0.018048,3.01245,2.42891,1.38785e-06,1.0879260085134467e-06,0.565098790627423,0.442977030444982,0.003841,0.008624,1.032241,2.322647,4.755582e-07,1.0677710428738923e-06,0.1364217405545655,0.3063077961490729,-0.014882,0.031448,-0.961812,2.13323,-4.431114e-07,9.3635751719095e-07,-0.2516840812436221,0.5318443204795981,-0.025535,0.029675,-1.76888,2.210904,-8.149313e-07,9.470570204586416e-07,-0.4482889692054849,0.5209705597026674,-0.001459,0.023677,-0.135465,2.203296,-6.240916e-08,1.0127403418448385e-06,-0.0299321159669883,0.4857213485415783,-0.005183,0.009479,-0.751289,1.399851,-3.461226e-07,6.329800154823216e-07,-0.1341480967441744,0.2453265529441056,0.002919,0.017288,0.688056,4.051546,3.169907e-07,1.877272489544339e-06,0.0969741413763987,0.5742972516326089,-0.009101,0.021397,-1.458227,3.499686,-6.718122e-07,1.579475862430319e-06,-0.2480535363020863,0.5831906196101058,0.037227,0.020727,6.392799,3.899991,2.945193e-06,1.6397816927871831e-06,1.0515011629237891,0.5854395134399893,0.004764,0.013945,1.048857,3.070797,4.832136e-07,1.4142796753117825e-06,0.1528491009860357,0.4473619470027923,-0.006617,0.011193,-3.685697,6.413908,-1.698018e-06,2.8722557337395985e-06,-0.3399283955104351,0.5750005495028612,0.002039,0.017061,0.570337,4.764119,2.627571e-07,2.198917233549276e-06,0.0739038277802552,0.6184738700924199,0.015186,0.01746,3.913908,4.590967,1.803156e-06,2.073087070047952e-06,0.527992558232078,0.607032639190653,0.005928,0.011964,1.68091,3.418098,7.744034e-07,1.5629181040604785e-06,0.2163714841543085,0.436685724503797,0.012772,0.009163,12.337235,9.344006,5.683824e-06,4.077910003911317e-06,0.8655981384089595,0.6210310713324179,0.018459,0.014906,7.472451,6.302276,3.442594e-06,2.779956294620474e-06,0.8070892526292711,0.6517390224253212,0.014216,0.015681,4.740523,5.358591,2.183982e-06,2.409132208908428e-06,0.5634078887596133,0.6214905120847521,0.0049,0.012145,1.633376,4.068122,7.525041e-07,1.8652972953392712e-06,0.1941549562165019,0.4812687594756701,-0.000285,0.015407,-0.075999,4.108943,-3.50129e-08,1.89181605871184e-06,-0.0100848448776144,0.5449040636190898,0.034409,0.027354,2.804634,2.286018,1.292108e-06,1.0271820676004813e-06,0.6588942575691273,0.5237986033829527,-0.008347,0.031267,-0.393879,1.487634,-1.81462e-07,6.797141310874742e-07,-0.1188307912599563,0.4451122991463681,0.047569,0.022793,1.554833,0.868721,7.163189e-07,3.4323140881918135e-07,0.5493436503345577,0.2632235377709592,,,,,,
EUR,chronic_ischaemic_heart_disease_i25,CIHD,sumher,insample10,20000,8,0.1153270983643254,0.1708465146108987,-0.0226649590467627,0.1413292292952742,-0.864307,6.215711,-2.194549537927457e-07,1.3683684931923185e-06,-1.0074669946160033,6.281863633233986,-0.0543597490168186,0.1172654390337235,-2.626337,7.872137,-6.668495374644827e-07,1.4385309304950156e-06,-2.8027978975474297,6.046208688812537,-0.0063239407205323,0.0904290151317282,-0.40819,5.991321,-1.0364296435364803e-07,1.4817002975191258e-06,-0.3871431041305598,5.534674313399622,0.0080370222877477,0.0499407772468424,0.780145,4.858074,1.980854570616582e-07,1.2310573204408831e-06,0.6187515035790065,3.845403793462933,0.0408497648390059,0.0490842364632347,15.483353,27.540593,3.931355338165237e-06,4.723776658100443e-06,6.437813838589101,7.735447987796473,0.1248936577656584,0.0826756524541363,15.375247,23.679253,3.903907099417807e-06,2.584266376771101e-06,10.940897860969612,7.242537733033447,0.0419093169122349,0.0903261189986325,3.143401,7.900207,7.981363822672705e-07,1.7201860900864204e-06,2.79518000685534,6.024320998150034,-0.0170112336796377,0.0608366434487095,-0.918829,3.573666,-2.3329843268085147e-07,8.342992282203016e-07,-0.9380472325591932,3.3545535354235567,,,,,,,,,,,,,,,,,,,,,,,,,,,,,,,,,,,,,,,,,,,,,,,,,,,,,,,,,,,,,,,,,,,,,,,,,,,,,,,,,,,,,,,,,,,,,,,,,,,,,,,,,,,,,,,,,,,,,,,,,,,,,,,,,0.109145129224652,0.109145129224652,2.780976570154943,1098.0,8962.0,10060.0
EUR,chronic_ischaemic_heart_disease_i25,CIHD,sumher,insample10,20000,24,0.124832476281115,0.1709911253925468,0.0733009804361439,0.1084580862360427,4.712963,7.174654,1.2952935103974688e-06,1.9165438547496528e-06,4.328561019286676,6.404631039089457,0.0163187705136692,0.0718993682447858,2.056239,8.938085,5.651292012626114e-07,2.48984949553679e-06,1.3952644772599858,6.147264284139934,-0.0102590225673015,0.0482332576327673,-2.249934,11.326091,-6.183637671591454e-07,2.9076144077715616e-06,-1.17373882563667,5.51904898319135,0.0170835390704618,0.0256294800705479,7.696087,15.240351,2.115164336951128e-06,3.173314835900445e-06,2.8285874835465887,4.243641247809149,-0.106667137324863,0.0866580109025981,-11.556062,20.622883,-3.1760254158517337e-06,2.580268532213891e-06,-8.409542733975503,6.832085907903808,-0.0989443653895427,0.0819053219442033,-11.489395,19.808483,-3.157704342207553e-06,2.613974189585602e-06,-8.097558730212084,6.70322716300609,0.0273787143331754,0.0654725313911578,4.260986,11.121837,1.1710736832547587e-06,2.8004944961135105e-06,2.618296900891327,6.261370368906226,-0.0325374258708128,0.0373346104543301,-7.905643,14.472108,-2.1727580836213803e-06,2.493050803652648e-06,-3.92564949499994,4.5043411423218735,0.0008537598070375,0.0479190072803398,0.336979,18.874387,9.261400061313333e-08,5.203471727829347e-06,0.1320783561350869,7.420756985522573,-0.0101394405747849,0.0597242528206475,-2.723203,16.849865,-7.484353252007754e-07,4.408684709066643e-06,-1.2882418459347753,7.588434079095425,0.0316558562980737,0.0543959017122306,9.112162,19.30679,2.504353108819288e-06,4.303407364850474e-06,4.168090590827874,7.162325345721426,0.0297453253943772,0.0380576643625703,10.97706,20.192632,3.0168951555308976e-06,3.8597450230714684e-06,4.448663386889066,5.69151577421779,0.0100949449496624,0.0318088100094322,9.425046,31.366942,2.590344797735677e-06,8.162522020097483e-06,2.4173988950393026,7.617546409020999,0.0390059773729932,0.0478188921238142,18.291617,32.355947,5.027201936611362e-06,6.162881261077742e-06,6.5915020544427305,8.080567481851078,-0.0857847842595695,0.0447264461778019,-37.061641,54.974442,-1.018588566448308e-05,5.310710021412771e-06,-13.90397202559654,7.249243316292973,-0.0152175037918878,0.030621333013976,-7.233738,17.721704,-1.9880940088240093e-06,4.0002876249926325e-06,-2.589496198450042,5.210382180947534,-0.0108569325298848,0.0240137326832879,-17.57919,46.875981,-4.831398938259893e-06,1.0686862742126984e-05,-3.4300004737669663,7.5870249459839325,0.0621131116944106,0.0414170840593175,42.147958,62.629372,1.1583790814073156e-05,7.724078192847636e-06,12.659951769617305,8.441662919827852,0.0737014410622463,0.0438504385582031,41.199548,60.490078,1.1323132661129105e-05,6.736894934067977e-06,13.617144708965842,8.101757345052144,0.0193444730219977,0.0334662720452445,10.81084,23.595891,2.971212053412962e-06,5.139909805602075e-06,3.573706213644342,6.182166496245906,0.0527718113952602,0.0441507840277798,23.576908,35.767862,6.4797922094769645e-06,5.42135387399271e-06,8.700572026653623,7.279381550794914,0.0732870755532932,0.0763823024758756,10.013298,16.24256,2.7520179830322624e-06,2.868256147062636e-06,6.542048551548604,6.818367862439043,-0.00359024075207,0.0866997255511505,-0.283905,6.895313,-7.802750040501365e-08,1.8847991511707448e-06,-0.2381971597357633,5.753789396698419,-0.0278292325375405,0.0599634168056808,-1.524818,3.906986,-4.190753708723009e-07,9.02945877693653e-07,-1.4982194305640495,3.228085334369517,0.109145129224652,0.109145129224652,2.780976570154943,1098.0,8962.0,10060.0
EUR,dyslipidaemia_e78,DYSLIP,sumher,insample10,20000,8,0.2050502586837234,0.1142821809562679,0.0883060040634152,0.0950386429064091,1.893887,1.666247,8.549899870663846e-07,9.2018555875119e-07,1.473932854850916,1.5863246916567917,-0.1331413681400209,0.0784428552675015,-3.617905,3.378422,-1.633293063860805e-06,9.622902295801866e-07,-2.5778597105454417,1.518802269828102,0.0642070190818331,0.0610319467096545,2.330416,2.312811,1.052060044844619e-06,1.0000389972920738e-06,1.4757182957863002,1.40274868533921,0.0124366285081005,0.0302875909561267,0.679061,1.658843,3.065601075734757e-07,7.465897833110318e-07,0.3595924358604299,0.8757435561147779,0.0025307740603972,0.0321276475180149,0.539356,6.8164,2.434909155967133e-07,3.091859060988403e-06,0.1497304430693626,1.9012841853885825,-0.0008058370815938,0.0544961252183864,-0.055823,3.777285,-2.5201180718920732e-08,1.7034494181046217e-06,-0.0265219596840626,1.7927261938521395,0.0582337981337053,0.0607162962399058,2.456565,2.801314,1.1090097025966876e-06,1.1563197374471093e-06,1.4584758802821758,1.5206940417311583,0.1132869535928248,0.0416491510996124,3.441355,2.262203,1.5535903918655125e-06,5.71161924943115e-07,2.345744163887947,0.8623893138663917,,,,,,,,,,,,,,,,,,,,,,,,,,,,,,,,,,,,,,,,,,,,,,,,,,,,,,,,,,,,,,,,,,,,,,,,,,,,,,,,,,,,,,,,,,,,,,,,,,,,,,,,,,,,,,,,,,,,,,,,,,,,,,,,,0.25,0.25,1.856767469110269,2515.0,7545.0,10060.0
EUR,dyslipidaemia_e78,DYSLIP,sumher,insample10,20000,24,0.2056889866930974,0.1143824463995999,0.0591770360080133,0.0727778577192461,2.309098,2.565387,1.0456831626487069e-06,1.286024815340489e-06,1.4159639784969635,1.7414116235388672,-0.0483093760113109,0.0476687912344679,-3.694148,4.511682,-1.6729081261980074e-06,1.6507796872496514e-06,-1.6736229213262055,1.651485027405334,0.0039196361272917,0.0327255266430684,0.521852,4.334839,2.3632267910546626e-07,1.9727496834211894e-06,0.1817647123214508,1.5173164084233324,0.0007148554756074,0.014666606238502,0.195595,4.006246,8.857601518877332e-08,1.8159405127395225e-06,0.0479974731255279,0.9840198362052744,0.0054273313122093,0.0585327376962321,0.356897,3.794228,1.6162226864567933e-07,1.7428027371495108e-06,0.1734068889820007,1.8698784721364652,-0.0554783552095457,0.0552128374614629,-3.909721,4.792065,-1.770531203744671e-06,1.7620767304212478e-06,-1.8397675861952711,1.830982501839859,0.0256735237953876,0.0435244862434138,2.424941,4.168276,1.098143156660467e-06,1.86167769681179e-06,0.9948792325125978,1.6866147796453428,0.0038657898706875,0.0206416839540988,0.57007,3.044196,2.581582645422031e-07,1.3784668451709974e-06,0.1890004833208263,1.00919062359308,0.0035909882852592,0.0320329523770903,0.861253,7.629222,3.900216196332354e-07,3.478536285850405e-06,0.2253826222287837,2.010149156244697,-0.0492581841880263,0.039402462461989,-8.029314,8.181298,-3.6361040212237017e-06,2.908544305564494e-06,-2.536040351142532,2.0285959034568526,0.0401674506592624,0.0370536516135645,7.017315,7.303336,3.177816674497905e-06,2.9314665736217887e-06,2.1431233156690466,1.9769845169013531,0.0078095639750777,0.0242753778911476,1.748956,5.48888,7.920208748562073e-07,2.4620659625039783e-06,0.473241357847425,1.4711120327691432,0.0186456589248053,0.0217705985753179,10.565816,13.199515,4.784767221244202e-06,5.586607884014192e-06,1.80937378069596,2.1125921828515044,0.0248156972246587,0.031960538445795,7.062705,9.635279,3.198371090380956e-06,4.11906318141792e-06,1.6992749215547491,2.188432976252701,-0.0032660539781649,0.0311194227822881,-0.85622,8.194588,-3.877420662114087e-07,3.69497052919942e-06,-0.2144666382175791,2.0437501544605747,-0.0031416505577345,0.0205209940686066,-0.906195,5.945121,-4.10373647862153e-07,2.68069320346104e-06,-0.2165880851039144,1.414823321900372,-0.0052750763797422,0.0159904814439776,-5.183371,16.140147,-2.3473087235419803e-06,7.115989561485603e-06,-0.6752556534200529,2.047072944806571,-0.0098148728417168,0.0262732596879103,-4.041889,11.163115,-1.8303837317579467e-06,4.900043826649269e-06,-0.8105881075239113,2.169991561503404,0.0119148768492805,0.0296414358768763,4.042261,10.221197,1.8305523262441424e-06,4.553803888530989e-06,0.8920276996814374,2.219067518174247,0.0326976751310318,0.0232133068988165,11.089789,9.837674,5.02205096319168e-06,3.5652488370775757e-06,2.4476146853463043,1.7376078965552788,0.0061663247649152,0.0287464739567651,1.671934,7.744092,7.571411265954771e-07,3.5298390015588376e-06,0.411946009120622,1.9205179040649016,0.0041721565030907,0.0506284785802297,0.345993,4.181338,1.5668423269692994e-07,1.9011866362633435e-06,0.1509261612959756,1.831318927115358,0.0457321827641859,0.05824493873852,2.195399,2.968533,9.941942580232912e-07,1.2662118173170186e-06,1.2298067437463271,1.5662893035047896,0.0857343811186975,0.0413427844672092,2.850855,2.07668,1.2910197051097156e-06,6.225461944205083e-07,1.870220847589848,0.9018443845471829,0.25,0.25,1.856767469110269,2515.0,7545.0,10060.0
EUR,hypertension_i10,HTN,sumher,insample10,20000,8,0.2963684763535195,0.0994589677103368,0.0207811017449852,0.0821024911115863,0.308361,1.162134,2.012042911280307e-07,7.94934665414854e-07,0.2080013352562807,0.821788993270428,0.0171971542822669,0.0692649747621905,0.323307,1.270336,2.10956426213159e-07,8.497077437652788e-07,0.1996641685017433,0.8042238540624461,0.0101885816733138,0.0531814673789811,0.255854,1.320427,1.6694355581873065e-07,8.71400136833015e-07,0.1404251210917831,0.732981091327895,0.0596396538037179,0.0295953272740865,2.253149,1.275969,1.470171297892822e-06,7.295341730807089e-07,1.034129818124928,0.5131599581662306,0.0185425427325734,0.028072914027687,2.734943,4.120872,1.7845402992396049e-06,2.701595418421729e-06,0.6580606466957654,0.9962305860587451,0.018851531467572,0.0475472509142406,0.903078,2.259766,5.892551968311563e-07,1.4862410514673032e-06,0.3718778884919093,0.9379640383010917,0.0219156697563083,0.052619815980468,0.639654,1.533634,4.173720054749008e-07,1.0020988057631137e-06,0.3291542256106728,0.7902903215107304,0.1292522408927818,0.0377159374657689,2.716548,1.189419,1.772538018064502e-06,5.172238527616551e-07,1.6049144593605742,0.4683115575313757,,,,,,,,,,,,,,,,,,,,,,,,,,,,,,,,,,,,,,,,,,,,,,,,,,,,,,,,,,,,,,,,,,,,,,,,,,,,,,,,,,,,,,,,,,,,,,,,,,,,,,,,,,,,,,,,,,,,,,,,,,,,,,,,,0.3982107355864811,0.3982107355864811,1.6093163281178096,4006.0,6054.0,10060.0
EUR,hypertension_i10,HTN,sumher,insample10,20000,24,0.2988999309376489,0.0995506987410395,-0.0098297041321435,0.0625283766126893,-0.263944,1.717964,-1.73693672225388e-07,1.1049053053359634e-06,-0.1402830534142084,0.892372692569693,-0.0345166166054707,0.0418213034187975,-1.816371,2.39056,-1.1952986206656047e-06,1.4482558548628432e-06,-0.7132324035140934,0.8641715019230819,-0.0357332597495278,0.0275756352822986,-3.273292,2.847331,-2.1540538120224066e-06,1.6623006878591426e-06,-0.9881658557410526,0.7625755552388136,-0.0004184222453106,0.0139704750443907,-0.078664,2.629744,-5.1766282879524184e-08,1.7296901648780062e-06,-0.016730862876017,0.5590358696203778,0.0388263657321702,0.0512261480403179,1.756712,2.214321,1.1560390269779052e-06,1.5252847670752849e-06,0.7397871221974908,0.9760795284879784,0.0439810059311316,0.0491485206607179,2.132942,2.354465,1.403624941203721e-06,1.5685401196976126e-06,0.8699205245841958,0.9721295224267902,0.0257072190253538,0.0382019509968605,1.670948,2.479121,1.0996006252140792e-06,1.634014085458511e-06,0.594176548893679,0.8829504348020699,0.0304241251830671,0.0214280469088886,3.087362,2.34994,2.0316991009119378e-06,1.4309578909107348e-06,0.8871670293634677,0.6248458054904239,-0.0092374757233962,0.0274517179250335,-1.524189,4.626763,-1.0030229774576045e-06,2.9808952393294923e-06,-0.3457098478933005,1.0274189753723968,0.009577041468629,0.0352923070756235,1.074251,3.937385,7.069322691023179e-07,2.6052216951793123e-06,0.2940808802400891,1.0837613769021786,-0.0010492742459328,0.0316681267047022,-0.126217,3.810235,-8.305982511569373e-08,2.5053768162886247e-06,-0.033410152426177,1.007767849265523,0.0088705516005853,0.0217273797459185,1.367008,3.362501,8.995865844423245e-07,2.2035337203874084e-06,0.3205960423208557,0.7852987162038395,-0.0010605394602296,0.0180919341607004,-0.413299,7.067535,-2.7197928740089417e-07,4.6425668893961445e-06,-0.0613440482987812,1.0471159411255355,-0.0015916138485085,0.027498388098549,-0.311674,5.393551,-2.0510334272779453e-07,3.544018572170433e-06,-0.0649945076529984,1.1230521119151178,0.0354001312696074,0.0285846766200285,6.387255,5.476777,4.2032590559516105e-06,3.3940481360004605e-06,1.3866667575070997,1.1197058427571154,0.0187823308654629,0.0210128432962342,3.728369,4.319546,2.453526659572866e-06,2.745061106140342e-06,0.7723515121936987,0.8641243363382476,-0.0014596499096028,0.0138867905953285,-0.987553,9.416774,-6.498789475695183e-07,6.179868995131579e-06,-0.1115063519529117,1.0603430835406706,0.029315306232994,0.0241365262891109,8.307962,7.226874,5.467219318687995e-06,4.5014205971618806e-06,1.444088134784425,1.1889861545915903,0.015914529168757,0.0253805278107459,3.715253,6.006512,2.4448958961051698e-06,3.899194461500172e-06,0.7106007923674215,1.1332877928874794,0.0414205836530961,0.0211512445004523,9.667121,5.8184,6.361640319580327e-06,3.2485691448570927e-06,1.8492693369814908,0.9443286647561856,0.0203481956527215,0.0250618831777786,3.796789,4.700516,2.498552111800946e-06,3.0773894537672367e-06,0.8108135498830359,0.9986540026908258,-0.0081737176305103,0.043808809084023,-0.46646,2.521554,-3.069632494680504e-07,1.6450668918611797e-06,-0.1763578264617965,0.9451307996500004,-0.00489071232115,0.0504520668864933,-0.161582,1.671133,-1.0633238993405461e-07,1.0967831407488083e-06,-0.0784513313116437,0.8091993192786598,0.0882967496585117,0.0369161072506944,2.020464,1.07012,1.3296065288031686e-06,5.559024472813735e-07,1.1488207859520434,0.480316749778079,0.3982107355864811,0.3982107355864811,1.6093163281178096,4006.0,6054.0,10060.0
EUR,ever_smoked,SMK,sumher,insample10,20000,8,-0.0521994001356776,0.0987737465032132,-0.0565656441119832,0.0818048612348247,4.765583,7.545167,-5.476790536806035e-07,7.92059463979942e-07,3.2277712418492994,4.668038228754286,-0.1021510410666768,0.0677559622229812,10.903995,19.472973,-1.253128988469056e-06,8.311936712151856e-07,6.761621920376843,4.484947199436592,-0.0208665094248833,0.0523141311950106,2.974964,8.344862,-3.41894193800152e-07,8.571833829992376e-07,1.6395120212583958,4.110518652655647,0.0066802563279228,0.0273108399124876,-1.432983,6.709905,1.646839930083054e-07,6.732346993792253e-07,-0.6603987490227068,2.6997362958420386,0.0253297092259773,0.0284161363150757,-21.211442,49.344296,2.437700513230213e-06,2.734613118025929e-06,-5.124690493393842,5.748879229831013,-0.0169543418946701,0.0470558936306514,4.611519,14.562489,-5.299734657368642e-07,1.4708773469935677e-06,1.9067721216461504,5.292015734615484,0.0648602149226334,0.0526631721642489,-10.748269,22.809025,1.2352322359574422e-06,1.0029452765503422e-06,-5.553572784157303,4.509216509826417,0.0474663399555891,0.035757308181973,-5.664174,11.635591,6.509486417792562e-07,4.903668841378206e-07,-3.360089058870732,2.5311926263804514,,,,,,,,,,,,,,,,,,,,,,,,,,,,,,,,,,,,,,,,,,,,,,,,,,,,,,,,,,,,,,,,,,,,,,,,,,,,,,,,,,,,,,,,,,,,,,,,,,,,,,,,,,,,,,,,,,,,,,,,,,,,,,,,,0.6098484848484849,0.6098484848484849,1.6159304131405023,6118.0,3914.0,10032.0
EUR,ever_smoked,SMK,sumher,insample10,20000,24,-0.0489546118660915,0.0988432315109782,0.0269456396391178,0.0627869762025742,-4.417766,16.279669,4.761561960715503e-07,1.1094935147027645e-06,-2.357675841170322,5.49363019347707,-0.0373861660384186,0.0409250536431963,12.012155,25.239809,-1.2946955664862692e-06,1.4172435675666571e-06,4.736262325327781,5.184568085836791,0.0013606134078643,0.0280024581293117,-0.76118,15.901947,8.204164351826227e-08,1.688015481650417e-06,-0.2307390430435461,4.747480184158037,0.0145255984837199,0.0140278919164727,-16.685074,38.095877,1.7983527974799335e-06,1.736792957125628e-06,-3.56335994286432,3.441381725066873,-0.0646275209431412,0.0502990659698244,17.853449,34.601739,-1.924282254575973e-06,1.4976817580760944e-06,7.549470395252789,5.87580333769545,-0.0275613091265244,0.0478622429068085,8.160742,19.624184,-8.795821113293491e-07,1.5274807351890735e-06,3.3420914497554266,5.803870086700793,0.0048041611182667,0.0380276904124354,-1.906262,16.013318,2.054608658326168e-07,1.6265991177074712e-06,-0.6806487997245143,5.388582067022449,-0.0102886289404655,0.0161382970360341,6.374358,15.955103,-6.870419018941211e-07,1.0776449593167935e-06,1.8392580694742848,2.884929117113957,-0.006762668778993,0.0275693887785901,6.813027,29.226337,-7.343225714452404e-07,2.993812344801796e-06,1.5516765143873177,6.32614124167391,-0.0368674523758005,0.0338763651810774,25.24951,53.786522,-2.721446582264793e-06,2.5006746344373067e-06,6.940683454005242,6.377634296479779,-0.0429304232859037,0.0300983198751549,31.512002,66.051261,-3.3964304114160597e-06,2.3811605096614624e-06,8.375748065978854,5.872047449153256,-0.0043242297855639,0.0195592217206526,4.068767,19.847052,-4.385402447283832e-07,1.9837393688234717e-06,0.9581600990817472,4.33424282727236,-0.0151558113448447,0.0177251407017381,36.082255,81.217324,-3.889022558905745e-06,4.548236735184374e-06,5.377624876203152,6.289166658079362,0.0003264179434543,0.027349622242403,-0.389515,32.769286,4.1982809373029884e-08,3.524949134298027e-06,-0.0815621859833706,6.848101905686928,0.0139293201612711,0.0277002791420544,-15.344559,44.555241,1.6538692273802151e-06,3.289020636928565e-06,-3.3450341339256364,6.652210534891716,0.0060920576575396,0.0190986815529075,-7.383554,27.8778,7.958151873868891e-07,2.4948782907486715e-06,-1.5358538229820504,4.8148972543526485,0.0079342183285198,0.014410867424387,-32.763941,91.737517,3.5313670646349445e-06,6.413273386400503e-06,-3.7146973981421607,6.746217407025361,-0.0004039826032851,0.0230981093254303,0.700243,39.916397,-7.547366203544443e-08,4.307749222973015e-06,0.1222182515948946,6.975752390201713,-0.0070535362533582,0.0240418126867043,10.053329,39.224084,-1.0835692486251816e-06,3.693524548872081e-06,1.930791718821764,6.581422111485134,0.0088229800557471,0.0190017257281191,-12.571452,37.536167,1.3549778505484755e-06,2.9184723266012213e-06,-2.4147751273438605,5.201158366732924,0.0192699701767004,0.0252699198006911,-21.952978,55.63077,2.366139034884285e-06,3.102967628389181e-06,-4.707456184194105,6.17338370072962,-0.0141135362283691,0.0437545477966053,4.917398,17.247706,-5.300075618685815e-07,1.6430262025375423e-06,1.866826083332959,5.787170582402231,0.0731046918904763,0.0508711053360761,-14.744776,32.217959,1.589223284830364e-06,1.1059036271781918e-06,-7.188414350120324,5.002250834945696,0.0414066009063122,0.0353403981353827,-5.784896,12.754886,6.23508365840676e-07,5.321759603401721e-07,-3.302819735255344,2.819017932614433,0.6098484848484849,0.6098484848484849,1.6159304131405023,6118.0,3914.0,10032.0
EUR,type2_diabetes_e11,T2D,sumher,insample10,20000,8,0.7442433709099094,0.2033587559103165,0.0867323666682796,0.1676440774210895,0.512504,0.917805,8.397680778581689e-07,1.6231777721845082e-06,0.704826415401496,1.362350630957678,0.2214539742721067,0.1421729658811843,1.657962,1.005419,2.716667451404588e-06,1.744091217205944e-06,2.0875542962716183,1.3402027221570427,0.0616057697118718,0.1081775792181728,0.616038,1.05915,1.009414605282196e-06,1.77250672811616e-06,0.6893482192663504,1.2104781823747317,0.0444850354576884,0.0567333491738376,0.669214,0.853581,1.0965459526490784e-06,1.3985368174513166e-06,0.6262213693184828,0.7986839391006825,0.0533833549857346,0.0578226714759435,3.135446,3.39007,5.137611458954088e-06,5.56472402517623e-06,1.5381360223504883,1.6660081335355137,0.0505813030399561,0.0968873441532734,0.964895,1.833874,1.5810371395305513e-06,3.028516739278299e-06,0.8100893695298829,1.5517467329458936,0.1352597065723372,0.1086730240001547,1.572083,1.299674,2.575950305720525e-06,2.0696147399876987e-06,1.6493298745377163,1.325133257371022,0.0907418602019347,0.0732733302729826,0.75947,0.643429,1.2444368762889376e-06,1.0048496161819586e-06,0.9147936245772076,0.7386714746700258,,,,,,,,,,,,,,,,,,,,,,,,,,,,,,,,,,,,,,,,,,,,,,,,,,,,,,,,,,,,,,,,,,,,,,,,,,,,,,,,,,,,,,,,,,,,,,,,,,,,,,,,,,,,,,,,,,,,,,,,,,,,,,,,,0.0820079522862823,0.0820079522862823,3.281091271403484,825.0,9235.0,10060.0
EUR,type2_diabetes_e11,T2D,sumher,insample10,20000,24,0.7355156681279762,0.2034539075571872,-0.0157065839162084,0.1271947842272274,-0.171384,1.408613,-2.775293662132899e-07,2.247639245897857e-06,-0.1857124147143274,1.5040372752539102,0.0926219255004489,0.0866142473825091,1.980719,1.823928,3.2074553805450108e-06,2.999367012740268e-06,1.5857183463993234,1.48284254507042,0.0432972804174403,0.0581015642340128,1.611787,2.159992,2.61002903210183e-06,3.5024800223917964e-06,0.9920405240763556,1.3312503708751704,0.000203427658827,0.0250117587619087,0.015572,1.912012,2.521573108188683e-08,3.096479193025473e-06,0.006752330679938,0.8291828377672918,0.1347281697863698,0.1051196021532248,2.47726,1.846327,4.011524529152056e-06,3.129999077742902e-06,2.126936398045029,1.659545869885521,0.0377817659902111,0.0996139309998097,0.744595,1.935175,1.2057518258717091e-06,3.1790952014361216e-06,0.6191518986938214,1.6324609989079306,-0.0875362340297735,0.0764231778935299,-2.31218,2.183577,-3.744204179997e-06,3.268859695800286e-06,-1.6762964781223253,1.4634826874079354,0.009449542861642,0.0376702088869833,0.389717,1.551533,6.310837827052374e-07,2.5155795328531235e-06,0.2283199206719164,0.910111993248904,-0.0134557553040256,0.0564610185983111,-0.902295,3.828105,-1.4611211281798053e-06,6.131073523438705e-06,-0.4172514645506919,1.750846906244969,0.0034221781960738,0.0716393468198236,0.155982,3.26134,2.5258792123732724e-07,5.288134914089734e-06,0.0870587329360373,1.822645845297208,-0.0012632201394903,0.0656907283447691,-0.061784,3.210487,-1.00048872458747e-07,5.196950284318466e-06,-0.0333434415134954,1.7319956096973126,0.0221703337208733,0.043189004405484,1.388461,2.716092,2.248389120822501e-06,4.380341638749309e-06,0.6638920098034307,1.2934032580228398,-0.0223836046535145,0.0363348047395221,-3.547221,5.918054,-5.744153991385737e-06,9.323644470080193e-06,-1.0734293250244074,1.7423407181100492,0.0847112144450951,0.0570680204835207,6.742109,4.772027,1.0917762302678393e-05,7.35510016680936e-06,2.8664761620233823,1.931093452390057,0.1299509008952064,0.0585084195516669,9.528617,4.902872,1.5430063387128404e-05,6.946965993161293e-06,4.217590759893211,1.8988554257327763,0.0438156928383221,0.0422834232145766,3.534559,3.52162,5.7236504520307365e-06,5.5237013200024825e-06,1.492822262145094,1.4406722368963536,0.026087956698929,0.0297201247363727,7.16934,8.281197,1.1609593521618902e-05,1.3226025600239192e-05,1.6504217314398235,1.880213982562441,0.0150897387571846,0.0476972238123924,1.73789,5.488461,2.814233325232788e-06,8.895607254034841e-06,0.6158828134560889,1.9467652429146711,0.0362724640053655,0.0512145536553369,3.441291,4.914809,5.572618539716762e-06,7.868467336593052e-06,1.3419471467757789,1.8948125044956228,-0.0446720576601584,0.0362134043624802,-4.236854,3.642962,-6.860902935429355e-06,5.561784579188798e-06,-1.6524301590302792,1.339540970507253,0.029096717394806,0.0511554940124517,2.206328,3.85635,3.572793409796339e-06,6.281367096620207e-06,0.9606192172696584,1.6888751326046156,0.0291721824940483,0.0899642415706121,0.676514,2.073883,1.095506174825171e-06,3.37828620620404e-06,0.5214755656061515,1.6081093385355458,0.0730469349752557,0.1045979086410716,0.980642,1.411345,1.5879923968076722e-06,2.2738478578488604e-06,0.970719918984056,1.3899747963468658,0.1096146971950475,0.0734472281103669,1.019335,0.735409,1.6506491000537745e-06,1.1059901172776586e-06,1.1816658514579623,0.7917556515157702,0.0820079522862823,0.0820079522862823,3.281091271403484,825.0,9235.0,10060.0
EUR,apo_b,ApoB,sumher,insample10,20000,8,-0.004969,0.061206,0.000902,0.050805,-0.798567,51.297714,8.735478e-09,4.919034458102525e-07,-0.334685695875424,18.846484080724977,-0.009529,0.042414,10.686148,124.044633,-1.168952e-07,5.203147124577587e-07,4.100394532296033,18.25135336639123,4.7e-05,0.03257,-0.070797,48.978516,7.744389e-10,5.33670497591913e-07,-0.0241425922736801,16.636805346236578,0.0,0.016841,-5.1e-05,37.951217,5.583361e-13,4.151455166565093e-07,-1.4555409310762649e-05,10.822536673633545,-0.002954,0.017186,25.984662,335.716901,-2.842447e-07,1.6538908670163217e-06,3.884664606780521,22.60309977486249,0.000486,0.029019,-1.39008,86.754489,1.5206e-08,9.070818595915144e-07,-0.3556587634184207,21.21607342506902,-0.03507,0.031943,61.055026,749.995146,-6.678775e-07,6.083311598134686e-07,19.5206612296692,17.780246356810157,0.041148,0.022259,-51.58558,636.821202,5.642917e-07,3.052553521234312e-07,-18.93570967810532,10.243331109596514,,,,,,,,,,,,,,,,,,,,,,,,,,,,,,,,,,,,,,,,,,,,,,,,,,,,,,,,,,,,,,,,,,,,,,,,,,,,,,,,,,,,,,,,,,,,,,,,,,,,,,,,,,,,,,,,,,,,,,,,,,,,,,,,,,,,,,
EUR,apo_b,ApoB,sumher,insample10,20000,24,-0.004263,0.061298,-0.022457,0.038635,42.277397,580.651961,-3.968296e-07,6.827072579078093e-07,13.963501523270402,24.02286481588937,-0.006638,0.025725,24.490434,346.375579,-2.298753e-07,8.908458340251695e-07,5.976074746767055,23.159344618497293,-0.002096,0.017402,13.461356,212.963693,-1.263527e-07,1.049034794465846e-06,2.525380868765126,20.96680482975832,-0.010427,0.007784,137.539979,1976.787566,-1.290996e-06,9.6378176990437e-07,18.178804520093426,13.57122748259577,0.035259,0.031853,-111.849598,1641.720518,1.049857e-06,9.484285423794456e-07,-29.27072530081225,26.44283110122476,0.01348,0.03017,-45.832604,685.973677,4.301999e-07,9.628499363867665e-07,-11.61630136128059,25.998971703058327,-0.002757,0.023515,12.562453,199.074644,-1.179153e-07,1.0057976933757603e-06,2.7760018647452727,23.678829400150825,0.014255,0.012793,-101.413415,1465.944372,9.518998e-07,8.543112430490424e-07,-18.109493545216704,16.25291227249201,-0.002652,0.017062,30.676316,457.412392,-2.87938e-07,1.852735814950421e-06,4.323833053127963,27.82168506899611,-0.012458,0.02101,97.974348,1400.858948,-9.196196e-07,1.5509119897660217e-06,16.66733892308627,28.10898742622317,0.012757,0.019789,-107.521148,1566.750782,1.009229e-06,1.5656238373249177e-06,-17.68667642072047,27.43746187171844,-0.009663,0.013603,104.411471,1501.942707,-9.800405e-07,1.379580370982423e-06,15.216973146734215,21.42058155657971,-0.006928,0.011098,189.395252,2715.047689,-1.777726e-06,2.8478404098544568e-06,17.469098361033712,27.98474243852768,-0.005028,0.016773,69.041552,1003.39448,-6.480468e-07,2.1617395772849235e-06,8.947039498187243,29.84532811945496,-0.010051,0.016701,127.139431,1831.462657,-1.193373e-06,1.9830380732603197e-06,17.152649732076906,28.50270407995398,0.000662,0.012514,-9.213897,222.120866,8.648467e-08,1.634713430543715e-06,-1.1861303455570855,22.419964211664624,-0.007354,0.008404,348.683737,5006.319015,-3.272861e-06,3.740205876686469e-06,24.46604468225905,27.95964879041885,-0.006165,0.01418,122.496092,1769.408167,-1.149789e-06,2.644454575143994e-06,13.231662580407034,30.4321320238052,0.014463,0.015602,-236.725844,3423.634225,2.221987e-06,2.396992490601504e-06,-28.13687712356636,30.352960289221222,0.014264,0.012948,-233.405263,3366.533151,2.190819e-06,1.988608558766657e-06,-27.74639858897992,25.185433259888907,0.003706,0.0154,-48.482736,747.677678,4.55075e-07,1.8909862506110403e-06,-6.4340529113518095,26.735605320156477,0.007733,0.026974,-30.937795,469.40395,2.903924e-07,1.012916580968048e-06,-7.268799080432803,25.354269300077014,-0.044893,0.030515,103.973139,1492.142019,-9.759262e-07,6.633670175702135e-07,31.370452591463344,21.323460293848875,0.028724,0.022361,-46.081665,663.947884,4.325377e-07,3.367264468377855e-07,-16.282540863509368,12.675801740427614,,,,,,
EUR,urea,UREA,sumher,insample10,20000,8,0.008481,0.061261,-0.00305,0.050838,-1.581384,34.261248,-2.95276e-08,4.922228153996927e-07,-0.6628275628077713,11.04928436749881,-0.04291,0.04225,-28.191774,214.430258,-5.263967e-07,5.183018425589475e-07,-10.81842550580092,10.652061217791314,0.019876,0.032773,17.4417,123.108523,3.256714e-07,5.369946927112036e-07,5.948374390539864,9.808185422420106,-0.014503,0.017542,-19.146274,142.589101,-3.574992e-07,4.3241461584918717e-07,-5.460415890458028,6.604668317157647,0.001086,0.017247,5.595852,92.695975,1.044857e-07,1.6598418599372651e-06,0.8366425405552462,13.290759506974243,0.009094,0.029237,15.224486,114.604268,2.842716e-07,9.138734595117642e-07,3.895596217303893,12.52352325018908,-0.010419,0.032161,-10.626454,85.843185,-1.984171e-07,6.124917142296702e-07,-3.397807284630628,10.488656513906689,0.049306,0.022531,36.213613,261.704537,6.761805e-07,3.089885111132775e-07,13.294208927876852,6.074942745396399,,,,,,,,,,,,,,,,,,,,,,,,,,,,,,,,,,,,,,,,,,,,,,,,,,,,,,,,,,,,,,,,,,,,,,,,,,,,,,,,,,,,,,,,,,,,,,,,,,,,,,,,,,,,,,,,,,,,,,,,,,,,,,,,,,,,,,
EUR,urea,UREA,sumher,insample10,20000,24,0.00905,0.064306,-0.019638,0.038726,-17.416532,141.092324,-3.470127e-07,6.843064372048534e-07,-5.751781774884563,11.342470445465148,-0.012697,0.026066,-22.068474,168.859522,-4.396996e-07,9.02647827228316e-07,-5.384514313942295,11.053728832502417,0.011946,0.018084,36.141132,260.758385,7.200878e-07,1.090109168845029e-06,6.779451620438259,10.263112874820315,-0.00708,0.009442,-43.992867,311.428985,-8.765284e-07,1.1689542334924836e-06,-5.81397511332057,7.753623068158456,0.014202,0.031651,21.223362,144.082619,4.228613e-07,9.424145584614024e-07,5.55351602966511,12.376905517258647,-0.026362,0.029574,-42.225436,311.920208,-8.413135e-07,9.438444787145816e-07,-10.700946099709164,12.005071704225392,0.005999,0.025139,12.878136,106.065185,2.565882e-07,1.075272988594059e-06,2.84546355060299,11.92436010694311,-0.005367,0.02118,-17.987948,132.137515,-3.583978e-07,1.4143574512830906e-06,-3.2117901204910813,12.674796800856411,0.007637,0.017265,41.620797,297.867101,8.292665e-07,1.8748047898381316e-06,5.865848044013029,13.261502797204834,-0.000886,0.021268,-3.282028,84.663244,-6.539221e-08,1.5699366229246329e-06,-0.5582783886314795,13.403151355488834,-0.007082,0.020243,-28.120808,213.817137,-5.602883e-07,1.6015283325623684e-06,-4.6252457852122015,13.220804664459385,0.003637,0.04887,18.513396,243.737688,3.68867e-07,4.95640091195214e-06,2.697868690609001,36.250786431048525,-0.003656,0.011175,-47.084915,374.646686,-9.381354e-07,2.867472057405268e-06,-4.342481165999507,13.273077002863586,-0.001068,0.016788,-6.906315,122.613063,-1.376037e-07,2.163714629982429e-06,-0.8948904002903666,14.07147810225378,0.004793,0.017296,28.565879,228.099475,5.69156e-07,2.0536460259742917e-06,3.853479769930841,13.904243152476292,-0.010962,0.085647,-71.874826,865.570835,-1.432058e-06,1.1188377898515942e-05,-9.251680908088115,72.28150130523692,-0.000224,0.008631,-4.99693,198.081831,-9.956049e-08,3.841153472591273e-06,-0.3505822971509093,13.525851551456212,-0.00545,0.014234,-51.013164,392.904693,-1.016403e-06,2.654520484004597e-06,-5.509712778703916,14.389612616306165,0.015968,0.015457,123.124243,880.761808,2.453168e-06,2.374762303894855e-06,14.632833286477048,14.165153339642274,0.018074,0.036859,139.322199,1102.814319,2.775901e-06,5.6610997164861886e-06,16.560401004768817,33.772847602632204,0.000698,0.015342,4.304689,96.081857,8.576805e-08,1.8838046607862503e-06,0.571207551034647,12.545970753857269,0.013594,0.027231,25.621082,183.884444,5.104829e-07,1.0225595337191865e-06,6.019014239058136,12.05681991255815,-0.023265,0.030817,-25.383881,185.526715,-5.057568e-07,6.699249958017689e-07,-7.657945851816194,10.143708087816393,0.036238,0.038801,27.388051,203.612332,5.456886e-07,5.842773314103501e-07,9.6763115875875,10.360578381682654,,,,,,
EUR,calcium,Ca,sumher,insample10,20000,8,-0.018463,0.061125,0.030256,0.05102,-7.206771,32.482178,2.929442e-07,4.939891699217706e-07,-3.020661832167688,5.093714881833779,-0.047986,0.042129,14.481724,45.350452,-5.886598e-07,5.168136027621564e-07,5.557251771856863,4.878986656927689,-0.001315,0.032504,0.530215,12.832544,-2.155244e-08,5.325937476163234e-07,0.1808255989671334,4.468477045702108,-0.01651,0.013977,10.012369,33.537826,-4.069874e-07,3.4454099901172866e-07,2.855462131968827,2.4173322702095943,0.003199,0.017344,-7.574825,50.862212,3.07905e-07,1.669131810253462e-06,-1.1325167175927628,6.139295168892734,-0.000547,0.029004,0.420713,22.172074,-1.710133e-08,9.066128721786384e-07,0.1076502747551146,5.706990321019127,-0.004075,0.032307,1.909315,15.929403,-7.761074e-08,6.152587260657097e-07,0.6105008362072629,4.839742112327895,0.018516,0.022137,-6.246745,22.193317,2.539206e-07,3.035788200780812e-07,-2.293203450926649,2.7416759326785467,,,,,,,,,,,,,,,,,,,,,,,,,,,,,,,,,,,,,,,,,,,,,,,,,,,,,,,,,,,,,,,,,,,,,,,,,,,,,,,,,,,,,,,,,,,,,,,,,,,,,,,,,,,,,,,,,,,,,,,,,,,,,,,,,,,,,,
EUR,calcium,Ca,sumher,insample10,20000,24,-0.020942,0.061223,-0.004091,0.038804,1.567926,13.551331,-7.229301e-08,6.857005906370505e-07,0.5178258924620734,4.911588552038455,-0.00828,0.025711,6.218981,23.809351,-2.867412e-07,8.903524021419834e-07,1.5174381120715703,4.711756343994929,0.009777,0.01771,-12.782042,46.08418,5.89347e-07,1.0675570242380496e-06,-2.3977870700925576,4.343407923183595,-0.001542,0.008567,4.140972,25.477862,-1.909295e-07,1.0606846845316472e-06,0.5472813334801974,3.0403522166689925,0.033847,0.031836,-21.857651,72.854107,1.0078e-06,9.479317485979674e-07,-5.719721290834917,5.37994185822005,-0.032375,0.029666,22.409165,64.970713,-1.033229e-06,9.467567269367564e-07,5.679254487296245,5.203950324500648,-0.004317,0.02362,4.004398,23.583094,-1.846325e-07,1.01029055226702e-06,0.8848199801677293,4.841646332149264,-0.007803,0.009724,11.301635,35.353588,-5.210892e-07,6.493787800659951e-07,2.018014669247685,2.5148398855154626,0.001896,0.017134,-4.465228,44.112058,2.058801e-07,1.860619251754641e-06,-0.6293344144383272,5.687542056253545,-0.006273,0.021152,10.043116,42.390297,-4.630622e-07,1.561346534245361e-06,1.7084196421067916,5.760425029812709,-0.017687,0.019246,30.348344,92.627288,-1.399284e-06,1.5226519628595367e-06,4.9918273327285405,5.4319321070168725,-0.016641,0.011446,36.604334,109.237037,-1.687731e-06,1.160849688805575e-06,5.334388672505166,3.669081998520858,-0.000344,0.011211,1.912641,62.170442,-8.818695e-08,2.8769384769229946e-06,0.1764034870849128,5.75484217855334,0.00017,0.016764,-0.475392,46.98062,2.191911e-08,2.160644579749293e-06,-0.0616017539433134,6.0723038371845295,0.01184,0.017172,-30.4917,101.51311,1.405894e-06,2.0389455608230447e-06,-4.113436205238548,5.965650675228665,0.005348,0.00936,-15.153445,51.833934,6.986862e-07,1.2227505878142117e-06,-1.9506197947950712,3.413723500890257,0.006663,0.008871,-64.315229,211.60428,2.965409e-06,3.9477246611180975e-06,-4.5125079729123785,6.007312653383811,-0.011653,0.014007,47.136353,146.499432,-2.173336e-06,2.612222425445429e-06,5.091201890997298,6.119326119906593,-0.003782,0.015397,12.600736,62.071176,-5.809874e-07,2.365425120353633e-06,1.4976084143757569,6.097344905960764,0.006402,0.012423,-21.326656,75.773896,9.83317e-07,1.908063416136896e-06,-2.5350752016950344,4.9191504362379135,-0.003801,0.015333,10.122383,47.634441,-4.66717e-07,1.882727808261194e-06,1.343236386921011,5.418590920674586,0.008333,0.02709,-6.786719,31.300777,3.129181e-07,1.0172570963134149e-06,-1.5944293510460488,5.1832878057293135,-0.001508,0.031183,0.710795,14.706116,-3.277294e-08,6.778988125081796e-07,0.2144452284657301,4.435737706930283,0.014877,0.022094,-4.858853,16.045054,2.240292e-07,3.3269670873033894e-07,-1.716722169633624,2.549434697090885,,,,,,
EUR,albumin,ALB,sumher_ldak,insample10,20000,8,-0.033631,0.058335,0.034793,0.047781,-4.54967,12.514275,3.016392e-06,4.142446137247894e-06,-17.075265814658657,23.449660692779243,-0.038597,0.041085,6.394641,10.862123,-3.468428e-06,3.692040086456267e-06,17.975909239394777,19.134829237436985,-0.002752,0.032382,0.609008,6.992441,-3.011123e-07,3.5430735244981863e-06,1.386929713125146,16.31947265825265,-0.006925,0.014878,2.305435,6.062213,-1.050479e-06,2.2569049603383835e-06,4.046180983542813,8.69303044819041,-0.012134,0.016585,15.771223,32.629818,-2.77047e-06,3.786676643179346e-06,5.59427511938874,7.646251693795164,-0.002113,0.028194,0.892145,11.821094,-1.506754e-07,2.0102054621356497e-06,0.520703020334719,6.946854334731365,-0.009431,0.031448,2.425769,8.831741,-3.930159e-07,1.3104850247141325e-06,1.6972157298420991,5.65925143910803,0.003528,0.021383,-0.65351,4.15717,1.016638e-07,6.160980441455727e-07,-0.5040498368035204,3.0546184443877173,,,,,,,,,,,,,,,,,,,,,,,,,,,,,,,,,,,,,,,,,,,,,,,,,,,,,,,,,,,,,,,,,,,,,,,,,,,,,,,,,,,,,,,,,,,,,,,,,,,,,,,,,,,,,,,,,,,,,,,,,,,,,,,,,,,,,,
EUR,albumin,ALB,sumher_ldak,insample10,20000,24,-0.042397,0.06075,-0.002422,0.038358,0.458464,7.006473,-5.550381e-07,8.790945910423974e-06,1.9637820175273144,31.10327290315005,-0.023978,0.025708,8.895427,14.352005,-1.029061e-05,1.1033272406679717e-05,26.899551356965937,28.84086344141661,0.008192,0.017839,-5.29018,14.489457,5.999998e-06,1.3065726156628264e-05,-12.057955327890417,26.25766580640076,0.004312,0.009143,-5.719575,15.006425,6.407324e-06,1.3585816133011664e-05,-9.071880359051836,19.235627625317225,0.038199,0.031553,-12.18478,22.654296,8.679782e-06,7.169702225336838e-06,-24.33281525975864,20.09947251170613,-0.009665,0.029789,3.304369,10.39514,-2.30845e-06,7.115064300482463e-06,6.267556290803142,19.317752611474248,-0.007529,0.023476,3.44988,11.293739,-2.383743e-06,7.432989304445419e-06,5.642729472067136,17.59516349445136,-0.013866,0.00854,9.919468,15.275479,-6.799689e-06,4.187781035345568e-06,13.007215168573516,8.010861821123196,-0.003281,0.016967,3.816685,19.730286,-1.826714e-06,9.447015401702276e-06,2.7581678769305347,14.264112725825294,-0.007995,0.021054,6.322404,18.080888,-2.999459e-06,7.89875243313778e-06,5.466145443283531,14.394505682531674,-0.012467,0.019302,10.566553,21.533576,-4.986846e-06,7.720760972857533e-06,8.787446044530633,13.604945986241283,-0.012983,0.011127,14.106701,23.208834,-6.63993e-06,5.690550061285815e-06,10.366399877724229,8.884207734041905,0.00164,0.011214,-4.508549,32.039383,1.683254e-06,1.1509026891966148e-05,-1.663165726178584,11.371675973076986,-0.000844,0.016643,1.165962,22.919871,-4.339867e-07,8.553429721462613e-06,0.602461931713871,11.87390257068063,0.014045,0.017156,-17.865103,34.51613,6.637696e-06,8.108227303177927e-06,-9.592958710300886,11.718206096380454,0.011986,0.011556,-16.774635,29.297987,6.228092e-06,6.004374238836217e-06,-8.58872127487175,8.280207930034509,0.003663,0.008734,-17.462387,49.922384,5.481766e-06,1.307194706231631e-05,-4.120376503672476,9.825545915826863,-0.014055,0.013812,28.081467,47.692126,-8.802588e-06,8.650543335536792e-06,10.185605441365968,10.00967229969364,-0.00718,0.015304,11.816792,29.839256,-3.702559e-06,7.892514808348478e-06,4.7142930264291625,10.049165326463704,0.007273,0.012354,-11.967456,26.93119,3.746585e-06,6.363727681162983e-06,-4.771071419114205,8.103859717215176,-0.013946,0.014815,18.344972,30.969752,-3.757288e-06,3.991424557723721e-06,5.3414152410345785,5.674267175171343,0.005207,0.02649,-2.094843,11.386277,4.189663e-07,2.131343003835845e-06,-1.05447603847523,5.364274232358826,-0.006247,0.030331,1.454777,7.230172,-2.831885e-07,1.3750825429769665e-06,0.9152919141206448,4.444396339665175,-0.000458,0.02123,0.07392,3.425284,-1.398474e-08,6.47949149239352e-07,0.052933768321465,2.452558299255206,,,,,,
EUR,alka_phos,ALP,sumher_ldak,insample10,20000,8,-0.016408,0.0584,-0.039942,0.047395,10.705595,32.874382,-3.462818e-06,4.108943903243266e-06,40.17847907907183,47.67536632116943,-0.034075,0.04125,11.571717,38.746222,-3.062141e-06,3.70684636854564e-06,32.52875947347585,39.377387888914505,-0.009047,0.032596,4.103822,18.24036,-9.899311e-07,3.566485665189193e-06,9.345769344268598,33.67057808012958,-0.019294,0.017908,13.166324,47.082319,-2.926915e-06,2.7166598977420782e-06,23.107458074956277,21.44753253544776,0.007329,0.016827,-19.526082,87.445323,1.673455e-06,3.842019000473579e-06,-6.926096544273591,15.90135051268993,0.023713,0.028403,-20.518911,79.8507,1.690722e-06,2.0251286378894552e-06,-11.975787499855157,14.34446953859667,-0.031835,0.03149,16.783045,60.829132,-1.326607e-06,1.312244641825601e-06,11.742304700966718,11.615177989055647,0.086744,0.022885,-32.93077,117.873791,2.499352e-06,6.59381452575063e-07,-25.39912165920717,6.700820746248935,,,,,,,,,,,,,,,,,,,,,,,,,,,,,,,,,,,,,,,,,,,,,,,,,,,,,,,,,,,,,,,,,,,,,,,,,,,,,,,,,,,,,,,,,,,,,,,,,,,,,,,,,,,,,,,,,,,,,,,,,,,,,,,,,,,,,,
EUR,alka_phos,ALP,sumher_ldak,insample10,20000,24,-0.023052,0.060718,-0.037477,0.038119,13.048563,31.190073,-8.589208e-06,8.73628983035705e-06,55.892060330665714,56.84915748512525,-0.019798,0.025745,13.508745,36.456404,-8.496942e-06,1.104927599438081e-05,40.85009655079239,53.12075699549421,-0.005663,0.017475,6.725868,25.742706,-4.147651e-06,1.2799722653245266e-05,15.330322360328774,47.30963969655418,-0.004688,0.007447,11.435875,34.588031,-6.965553e-06,1.1064804562214374e-05,18.138557486860112,28.813160079694672,0.010021,0.031398,-5.878778,27.403256,2.276939e-06,7.134407473644886e-06,-11.73982040919188,36.78476343309474,-0.02744,0.029429,17.254498,45.790422,-6.554016e-06,7.02909311362426e-06,32.72742108258267,35.099714458778145,0.014578,0.023585,-12.286032,40.00796,4.615729e-06,7.467623450603278e-06,-20.095398250666253,32.5116286562507,-0.007943,0.01228,10.450455,31.176,-3.895015e-06,6.0221017925637886e-06,13.703481744415956,21.187020326600148,-0.00596,0.016929,12.751123,45.8527,-3.318226e-06,9.42568565145263e-06,9.21473005355234,26.175175786030728,0.008373,0.021244,-12.178738,46.958528,3.141493e-06,7.97011166797555e-06,-10.529333121717755,26.7134005294311,0.007106,0.019735,-11.076716,43.905115,2.842345e-06,7.894111729637477e-06,-9.211705003980256,25.58388532070554,-0.010173,0.011536,20.328015,57.724773,-5.20243e-06,5.899494893632844e-06,14.938163830245331,16.939703414900954,-0.008512,0.010959,43.036449,122.098018,-8.736197e-06,1.12478175660881e-05,15.875770292372849,20.439988701002385,-0.002596,0.01665,6.59233,44.557259,-1.334148e-06,8.556647708068855e-06,3.406306438292824,21.846574876399377,-0.025928,0.0164,60.659613,162.825774,-1.225419e-05,7.75117216942057e-06,32.57214375743615,20.602936154164823,-0.005252,0.012574,13.519051,47.869917,-2.729112e-06,6.533660536024197e-06,6.921836952684887,16.571299724801047,-0.004148,0.008484,36.376686,117.732922,-6.208881e-06,1.2698535348614027e-05,8.583338923042755,17.554827145727725,-0.009541,0.014111,35.059415,103.567036,-5.975421e-06,8.837371781248088e-06,12.716614288570264,18.807285422537937,0.019754,0.015611,-59.797756,166.503089,1.018733e-05,8.050846539339823e-06,-23.856211508018664,18.853094761933782,0.024469,0.013124,-74.046844,200.212609,1.260415e-05,6.760341707339948e-06,-29.5202755396818,15.833447709133749,0.009153,0.015232,-22.144649,72.489578,2.466037e-06,4.103860377741913e-06,-6.447746589762229,10.730030309944963,0.028378,0.026658,-20.996631,60.808096,2.283235e-06,2.1448435840405707e-06,-10.569020819404557,9.928411439948617,-0.03966,0.030121,16.987639,45.780419,-1.797982e-06,1.3655233428982457e-06,10.687985807370763,8.117263748207677,0.069894,0.022358,-20.737766,55.189427,2.133191e-06,6.823814182698706e-07,-14.850281106539615,4.750421262412398,,,,,,
EUR,asp_at,AST,sumher_ldak,insample10,20000,8,0.01741,0.058485,-0.020328,0.047723,-5.134807,25.950748,-1.762351e-06,4.137407400776481e-06,-19.27139317924827,45.242749465398894,0.020825,0.04184,6.664872,21.733413,1.871409e-06,3.759896275165048e-06,18.735612986049222,37.64220514018068,0.018465,0.032648,7.893422,26.810891,2.020372e-06,3.5722066009680906e-06,17.976217215552612,31.78363281506241,-0.017311,0.012302,-11.132624,38.821883,-2.625987e-06,1.8661741612186148e-06,-19.538513145431747,13.885167131686092,-0.011247,0.016489,-28.239112,108.146074,-2.568027e-06,3.764847938496321e-06,-10.01684524733346,14.685164595099678,0.018337,0.028283,14.953363,52.714783,1.307394e-06,2.016547296742628e-06,8.727608190310292,13.461615016742495,-0.040358,0.031381,-20.051908,70.175568,-1.68181e-06,1.3076960656054602e-06,-14.02958639485971,10.908744109399953,0.049027,0.021452,17.540993,59.049578,1.412633e-06,6.180872106749985e-07,13.529367602412508,5.9196755870575295,,,,,,,,,,,,,,,,,,,,,,,,,,,,,,,,,,,,,,,,,,,,,,,,,,,,,,,,,,,,,,,,,,,,,,,,,,,,,,,,,,,,,,,,,,,,,,,,,,,,,,,,,,,,,,,,,,,,,,,,,,,,,,,,,,,,,,
EUR,asp_at,AST,sumher_ldak,insample10,20000,24,0.024675,0.060921,-0.015955,0.038315,-5.189825,21.318683,-3.656705e-06,8.781172472967377e-06,-22.22994429388407,53.382751660047234,0.001885,0.026093,1.201368,16.301561,8.088549e-07,1.1198490969769096e-05,3.632892139875632,50.296919537165934,0.002663,0.017681,2.954451,20.14045,1.950192e-06,1.2950451729572988e-05,6.7340742604203125,44.71831678774868,-0.002714,0.00828,-6.186182,24.851749,-4.033255e-06,1.2303162195143166e-05,-9.81192624794589,29.930594538470984,0.03968,0.031719,21.747784,51.145739,9.016254e-06,7.207514828288597e-06,43.42978154937696,34.717388674550314,-0.001369,0.029859,-0.804008,18.020068,-3.26898e-07,7.131956954441046e-06,-1.524993526442762,33.27089240800198,0.009995,0.023528,7.869495,25.153207,3.164625e-06,7.449616097491199e-06,12.871525433375432,30.29993224086298,-0.019912,0.007647,-24.476122,61.403122,-9.764798e-06,3.749837329805121e-06,-32.094935282074445,12.324964266378291,-0.001913,0.016997,-3.823566,36.507476,-1.065057e-06,9.463511504721702e-06,-2.7631276945798104,24.551635007958435,0.000339,0.021353,0.460321,28.913703,1.270989e-07,8.011255207518982e-06,0.3979770339817974,25.08515483579821,0.003682,0.019696,5.36232,30.72426,1.472873e-06,7.87827201865993e-06,4.4594364705516725,23.853145223613197,0.002118,0.012545,3.953828,24.980164,1.083118e-06,6.4158873119779776e-06,2.905482042626508,17.210724383185646,-0.026281,0.010467,-124.138169,314.021124,-2.697355e-05,1.0742765007203686e-05,-45.79330041720809,18.23811345879015,0.014666,0.017198,34.794158,92.236474,7.537344e-06,8.838609619165223e-06,17.978335974032028,21.08216014509404,-0.00082,0.016858,-1.791426,37.320214,-3.873741e-07,7.967442500576957e-06,-0.9619306501526612,19.78482078340792,-0.002758,0.010147,-6.631242,29.508667,-1.432903e-06,5.2722433555366165e-06,-3.3952225565827807,12.492429399974466,-0.004153,0.008459,-34.019638,112.071735,-6.215365e-06,1.2659719586151975e-05,-8.027143238462696,16.350026503160088,-0.011712,0.013958,-40.205483,112.352746,-7.334928e-06,8.741563933301638e-06,-14.583114793927097,17.379752100878243,0.020131,0.015753,56.929513,145.506047,1.038149e-05,8.123923928742809e-06,22.711835895079567,17.7729041875219,0.012342,0.012665,34.893608,92.359468,6.357694e-06,6.5238822797472365e-06,13.910986034007712,14.274615179823725,-0.007954,0.014879,-17.97773,58.562133,-2.142951e-06,4.008746686933461e-06,-5.234462132284779,9.791933054314011,0.024444,0.026446,16.896429,43.605045,1.966721e-06,2.1277995676284925e-06,8.505078861135368,9.201662626966442,-0.05103,0.030048,-20.420216,52.521258,-2.313447e-06,1.3622217146999235e-06,-12.847585981862684,7.565014718715272,0.039301,0.021459,10.893783,27.432888,1.199481e-06,6.549480895460342e-07,7.800990599556348,4.259545494881538,,,,,,
EUR,blood_mscv,MSCV,sumher_ldak,insample10,20000,8,0.025824,0.058559,0.003791,0.047694,0.645516,7.412708,3.286252e-07,4.1348506623577104e-06,2.4226842965090056,30.48286548963344,-0.006316,0.04171,-1.362774,10.472523,-5.675791e-07,3.748199567792516e-06,-3.830900269975785,25.29863896711396,-0.026039,0.032158,-7.504176,21.137823,-2.849014e-06,3.518573574617987e-06,-17.089793206304524,21.106142255316783,-0.018941,0.01572,-8.212181,20.465846,-2.873288e-06,2.384609192299652e-06,-14.412965822411143,11.961658834207476,-0.005913,0.016652,-10.009529,38.315452,-1.350168e-06,3.8018955798390888e-06,-3.550540308773295,9.99785471583218,0.027178,0.028527,14.942175,35.545329,1.937791e-06,2.033947147789244e-06,8.721093571969936,9.153847549251369,-0.000769,0.031651,-0.257426,10.662273,-3.202569e-08,1.3189476866047417e-06,-0.180111602766322,7.4177256383644705,0.052832,0.022746,12.743532,29.183316,1.522266e-06,6.553821785797963e-07,9.829104562547558,4.231730828706044,,,,,,,,,,,,,,,,,,,,,,,,,,,,,,,,,,,,,,,,,,,,,,,,,,,,,,,,,,,,,,,,,,,,,,,,,,,,,,,,,,,,,,,,,,,,,,,,,,,,,,,,,,,,,,,,,,,,,,,,,,,,,,,,,,,,,,
EUR,blood_mscv,MSCV,sumher_ldak,insample10,20000,24,0.008427,0.060892,-0.041087,0.038205,-39.130951,299.856925,-9.416436e-06,8.75590771993401e-06,-167.6174291115207,155.8596842322356,-0.033462,0.025641,-62.455506,462.830392,-1.436131e-05,1.100440366398834e-05,-188.86875061975795,144.72133609907206,-0.000169,0.017418,-0.550502,57.175018,-1.241048e-07,1.275793478584994e-05,-1.2547964379476932,128.99268299738185,0.004387,0.00826,29.272218,215.46055,6.518048e-06,1.2272921412605884e-05,46.4301745168436,87.42400838698917,0.020467,0.03147,32.845915,227.212839,4.650733e-06,7.15083351784951e-06,65.59444799997426,100.85613974034904,0.023291,0.030161,40.062747,284.045599,5.563161e-06,7.204148110637371e-06,75.99089031812736,98.40621706094588,0.002431,0.023042,5.603432,62.744498,7.695884e-07,7.295642535102717e-06,9.165379351236927,86.88713531185799,-0.027705,0.005205,-99.71538,721.020732,-1.358663e-05,2.552630212153731e-06,-130.75826717394028,24.566614626075005,0.017246,0.017432,100.937041,721.576892,9.602489e-06,9.705707599139795e-06,72.94509436481644,73.72919216013354,0.023819,0.022126,94.763208,680.437892,8.936127e-06,8.301010179490205e-06,81.93127604657465,76.1081793579297,-0.019282,0.019072,-82.220025,604.795948,-7.712926e-06,7.628710244857908e-06,-68.37825482962516,67.6316475931788,-0.006685,0.012121,-36.54038,275.008897,-3.418693e-06,6.198861992333754e-06,-26.85262163351116,48.68986353512628,-0.007514,0.010965,-103.917867,778.031818,-7.711732e-06,1.125393708885917e-05,-38.33539417329163,55.94386764255324,-0.024437,0.016369,-169.750624,1239.037221,-1.255892e-05,8.412444947813923e-06,-87.71373752268835,58.75401611576601,-0.004098,0.016759,-26.22271,222.02411,-1.936593e-06,7.920735445651495e-06,-14.081071633810083,57.592092506106006,0.017758,0.012307,125.027353,904.459748,9.226903e-06,6.394907348820623e-06,64.0164486909314,44.36800280430341,-0.001027,0.008686,-24.624886,281.856421,-1.536527e-06,1.2999507682985536e-05,-5.810570011949893,49.15927251058263,0.009795,0.01478,98.459198,718.26727,6.134735e-06,9.256911471975951e-06,35.71366447098966,53.88956985881284,-8e-05,0.015402,-0.664667,127.808117,-4.139575e-08,7.942807438179526e-06,-0.2651749370611729,50.88042764071848,-0.019859,0.010319,-164.392545,1191.823345,-1.022975e-05,5.315531017687696e-06,-65.54015756697052,34.05564558775833,-0.005003,0.014972,-33.10802,268.757752,-1.347844e-06,4.033736481229283e-06,-9.640146163791776,28.85037828210788,0.020221,0.026492,40.92552,294.48085,1.626938e-06,2.131487039604041e-06,20.601116600728524,26.989973210918,-0.003159,0.030471,-3.700829,46.020912,-1.431948e-07,1.381399290574597e-06,-2.328484723679517,22.46287676231729,0.06258,0.023098,50.790061,367.028611,1.909951e-06,7.049485087579092e-07,36.37163083628897,13.424494617471913,,,,,,
EUR,blood_platelet,PLT,sumher_ldak,insample10,20000,8,0.084928,0.058795,0.063885,0.048098,3.3081,2.255648,5.538575e-06,4.169920862558425e-06,12.415568720446972,9.347519719046804,0.0035,0.041608,0.229656,2.679431,3.14562e-07,3.739053356131736e-06,0.6455848418344197,7.673769144171143,-0.039169,0.03204,-3.432461,4.058344,-4.285709e-06,3.5056925136126814e-06,-7.816953337990468,6.39423600535007,-0.00183,0.01695,-0.241321,2.259392,-2.776775e-07,2.571249501701459e-06,-0.4235332438541982,3.921850500001296,-0.008009,0.016653,-4.122132,9.362072,-1.828612e-06,3.802337438997228e-06,-1.46217993002909,3.040394293868768,0.010517,0.028524,1.758087,4.782396,7.498235e-07,2.0337492470803768e-06,1.0261141471259276,2.783133462922778,0.019138,0.031849,1.949214,3.410409,7.97502e-07,1.327205711259562e-06,1.363790285270556,2.269624722660745,0.036897,0.022326,2.706136,2.444414,1.063104e-06,6.432779337113935e-07,2.087237054204337,1.2629747789439436,,,,,,,,,,,,,,,,,,,,,,,,,,,,,,,,,,,,,,,,,,,,,,,,,,,,,,,,,,,,,,,,,,,,,,,,,,,,,,,,,,,,,,,,,,,,,,,,,,,,,,,,,,,,,,,,,,,,,,,,,,,,,,,,,,,,,,
EUR,blood_platelet,PLT,sumher_ldak,insample10,20000,24,0.069175,0.061109,0.00622,0.038566,0.721737,4.243568,1.425623e-06,8.838611881964271e-06,3.091442233287114,19.1663981680554,-0.011309,0.025865,-2.571491,6.709087,-4.853644e-06,1.110049548443672e-05,-7.77602764040321,17.784114308579483,-0.033088,0.016723,-13.096538,13.905669,-2.423514e-05,1.2248542770468658e-05,-29.850668198300696,15.086654591388976,0.004533,0.007935,3.685434,7.082377,6.736123e-06,1.1790767574674687e-05,5.845431781331158,10.231720458087288,0.035669,0.031597,6.97342,7.284468,8.104856e-06,7.179582160543885e-06,13.9256284516568,12.335838367255077,-0.007868,0.030014,-1.648673,6.715985,-1.879209e-06,7.169000627702581e-06,-3.12707871770723,11.929502939863802,0.010146,0.023451,2.849643,6.759464,3.212583e-06,7.42520033399773e-06,4.660903538953152,10.77268432104825,-0.014439,0.011065,-6.331101,7.561244,-7.080897e-06,5.426176370152375e-06,-8.30174733192347,6.361728634586642,0.012481,0.017299,8.899278,13.642554,6.949403e-06,9.631586577506324e-06,6.431075314108533,8.913205734981842,0.00673,0.021418,3.262123,10.465064,2.525046e-06,8.035468250201727e-06,2.8202883077941623,8.975019525860182,-0.014589,0.019285,-7.578707,12.398975,-5.835742e-06,7.714184986114865e-06,-6.302585663410527,8.331299035903967,3e-05,0.011801,0.020171,7.857868,1.549082e-08,6.035098176500528e-06,0.0148226148274764,5.774770845976705,0.00305,0.011374,5.139315,19.319937,3.130591e-06,1.1674125234894477e-05,1.8958246385937845,7.06962175970684,0.00882,0.016987,7.464015,15.361787,4.532866e-06,8.730142610519029e-06,3.856666004683651,7.427804885921826,-0.004574,0.016695,-3.565738,13.532257,-2.161572e-06,7.890394159989728e-06,-1.9146565522645569,6.9890778000336455,0.013986,0.012668,11.996463,14.928483,7.26714e-06,6.582272403965062e-06,6.142186172599845,5.563336132772968,0.005716,0.008937,16.703304,29.150221,8.555152e-06,1.3376210225620708e-05,3.9412147409307807,6.162195238495515,0.00299,0.014494,3.661889,17.868823,1.872855e-06,9.07732339404078e-06,1.3282095165141163,6.437544452956145,0.00683,0.015524,6.890033,16.56425,3.522346e-06,8.0055980413708e-06,2.748733019930164,6.247328252421585,-0.010737,0.010701,-10.827491,14.525651,-5.530571e-06,5.512346142977598e-06,-4.316544862763343,4.302320578696716,-0.011018,0.014838,-8.883191,14.992171,-2.968485e-06,3.997621793016443e-06,-2.586441582619479,3.483128679122033,0.006706,0.026576,1.653569,6.556679,5.395834e-07,2.1382429702912624e-06,0.8323426784227096,3.2983796036178274,0.011099,0.030557,1.584226,4.486184,5.031584e-07,1.3853151266047736e-06,0.9967235034648,2.744217618929333,0.041788,0.022487,4.131746,4.241361,1.275371e-06,6.862972388112895e-07,2.9586998697685667,1.5921230379971705,,,,,,
EUR,blood_rbc_count,RBC,sumher_ldak,insample10,20000,8,-0.007627,0.05834,-0.029453,0.047337,16.98356,117.115108,-2.553469e-06,4.103924950580846e-06,63.73768965577297,102.4389545636565,-0.034013,0.041238,24.849632,182.0233,-3.056542e-06,3.7057725240494727e-06,69.8513148609095,84.68821412572998,-0.023522,0.032201,22.954027,171.346974,-2.573702e-06,3.5233052663656608e-06,52.272136465307966,71.5586706201433,0.013497,0.018019,-19.814695,157.032835,2.047462e-06,2.733474163038678e-06,-34.77441354629156,46.42575098517588,-0.007111,0.016662,40.755851,314.444451,-1.623573e-06,3.804263397820924e-06,14.456002806725978,33.87247900551696,0.030412,0.028521,-56.61367,442.600247,2.168314e-06,2.0335321487500517e-06,-33.04121068914161,30.987377367850456,0.007507,0.031484,-8.514251,76.799971,3.128246e-07,1.3120007621949005e-06,-5.956811537007448,24.983141596936907,0.035057,0.021936,-28.632493,220.333812,1.010108e-06,6.32049839806957e-07,-22.083148099633306,13.817978096210044,,,,,,,,,,,,,,,,,,,,,,,,,,,,,,,,,,,,,,,,,,,,,,,,,,,,,,,,,,,,,,,,,,,,,,,,,,,,,,,,,,,,,,,,,,,,,,,,,,,,,,,,,,,,,,,,,,,,,,,,,,,,,,,,,,,,,,
EUR,blood_rbc_count,RBC,sumher_ldak,insample10,20000,24,-0.043702,0.060668,-0.076137,0.037914,13.983091,17.683791,-1.744937e-05,8.68918465680181e-06,59.89410078582471,29.825197218073164,-0.023997,0.025614,8.636917,13.618294,-1.029894e-05,1.0993143317541169e-05,26.11741920059152,27.87787212629688,-0.024523,0.016957,15.364314,22.801031,-1.796194e-05,1.2419963768063092e-05,35.019474170575975,24.214567044271107,0.002724,0.008672,-3.505111,12.40047,4.047382e-06,1.2885596610169043e-05,-5.559409166592422,17.699417527573633,0.013908,0.031385,-4.304108,12.84559,3.160339e-06,7.131546115675057e-06,-8.595101827918118,19.395503157959016,0.009206,0.030145,-3.053539,11.577427,2.198846e-06,7.200184719852679e-06,-5.7917045479055,18.965103780678795,0.001422,0.023342,-0.632328,10.518488,4.503572e-07,7.3907063261910225e-06,-1.034238554755556,16.972646222648482,-0.003366,0.012186,2.336165,8.899077,-1.650682e-06,5.975992804547208e-06,3.06332097631459,11.09019430300598,0.00942,0.017383,-10.630918,26.183961,5.244625e-06,9.678346966295431e-06,-7.682426150141529,14.17702615992773,-0.014529,0.02125,11.14694,21.273527,-5.450994e-06,7.972558560462256e-06,9.637131205494072,14.095152717221795,-0.017721,0.019092,14.57103,24.790233,-7.088302e-06,7.6367696050097e-06,12.11749199698479,13.055100441759071,0.00967,0.0126,-10.193186,19.791204,4.945468e-06,6.444062383310701e-06,-7.490411325737582,9.760184043190652,-0.002829,0.011197,7.546036,30.826605,-2.903962e-06,1.1491984162885014e-05,2.7836242738211783,11.01576607069076,-0.001021,0.016625,1.367502,22.212965,-5.246617e-07,8.54414536393196e-06,0.7065881768481894,11.50682829607458,0.016808,0.017055,-20.742083,36.562628,7.943713e-06,8.060454701814284e-06,-11.137624619594328,11.30130440664858,0.008557,0.012715,-11.618178,23.975824,4.446306e-06,6.6065588622216936e-06,-5.948488855580907,8.838582357054378,-0.001094,0.008706,5.062168,40.458524,-1.637996e-06,1.3030222561414674e-05,1.1944364838756345,9.501716255945134,-0.009921,0.014128,19.230738,37.296113,-6.213638e-06,8.848406071152024e-06,6.975193116411864,9.932883299399892,-0.011852,0.015179,18.924964,35.130264,-6.11219e-06,7.82787966182414e-06,7.549970352261291,9.669244471759123,-0.002705,0.011066,4.317927,18.556651,-1.393376e-06,5.700263151820274e-06,1.7214026526562614,7.042211226820442,-0.00669,0.014952,8.537453,21.32505,-1.802375e-06,4.0284897914727295e-06,2.4857693288905103,5.555944997789826,0.032479,0.026731,-12.675931,21.457492,2.613166e-06,2.150693144081693e-06,-6.380554717268111,5.251336993465641,0.011325,0.030378,-2.558726,7.953138,5.134077e-07,1.3771760962200876e-06,-1.6098306986334026,4.318245240808047,0.037166,0.022032,-5.816753,8.827211,1.134317e-06,6.724091760230522e-07,-4.165303689881924,2.469140832764812,,,,,,
EUR,bmi,BMI,sumher_ldak,insample10,20000,8,0.229575,0.059307,-0.042868,0.047668,-0.82118,1.042917,-3.716495e-06,4.132582727544604e-06,-3.081970190225764,3.4270184071105567,0.053724,0.042512,1.303919,0.968221,4.827857e-06,3.820267006375339e-06,3.6654539612378194,2.900461391359486,0.039358,0.033192,1.275911,1.050854,4.306389e-06,3.631704833821163e-06,2.905724276208874,2.4504829683661344,0.050209,0.018608,2.448722,1.038369,7.616608e-06,2.8228368709509237e-06,4.297686402616698,1.5927913891709864,0.010177,0.017131,1.937804,3.237184,2.323728e-06,3.911385943626632e-06,0.6873704342666452,1.157007642312306,0.020459,0.028681,1.265263,1.764971,1.458731e-06,2.044925671020832e-06,0.7384789903090826,1.0352386045080193,0.034376,0.032268,1.295241,1.235047,1.432513e-06,1.3446475374610256e-06,0.906234699838653,0.8506493536182753,0.064139,0.022928,1.74024,0.754502,1.848039e-06,6.606310619400211e-07,1.342250145831762,0.4798232825335315,,,,,,,,,,,,,,,,,,,,,,,,,,,,,,,,,,,,,,,,,,,,,,,,,,,,,,,,,,,,,,,,,,,,,,,,,,,,,,,,,,,,,,,,,,,,,,,,,,,,,,,,,,,,,,,,,,,,,,,,,,,,,,,,,,,,,,
EUR,bmi,BMI,sumher_ldak,insample10,20000,24,0.235577,0.06164,-0.011882,0.038512,-0.404804,1.359806,-2.723051e-06,8.82636505023444e-06,-1.7339177744089342,5.620236728589843,0.040263,0.026712,2.688256,1.778611,1.727979e-05,1.1464305473948258e-05,8.129140276863641,5.393291664686961,0.005035,0.018037,0.585236,2.085478,3.688121e-06,1.3210749410991036e-05,1.3339205590174006,4.7780672703926905,0.005521,0.009028,1.318031,2.165142,8.204118e-06,1.3414242431087938e-05,2.0905221186755703,3.4181334919202397,-0.024338,0.031124,-1.397228,1.924674,-5.530342e-06,7.072300898576078e-06,-2.790215652395394,3.568178001587783,0.023213,0.030462,1.428349,1.840539,5.544467e-06,7.275893072331396e-06,2.709192184057568,3.555218679017988,0.012268,0.023887,1.011704,1.955792,3.884206e-06,7.563057582750511e-06,1.6547572548045162,3.222029007617185,0.005497,0.012546,0.707771,1.615961,2.695796e-06,6.1523995318899765e-06,0.9280781320236692,2.118078469223838,-0.014363,0.016965,-3.007092,3.739279,-7.996952e-06,9.44565720318073e-06,-2.1730857724777346,2.566755843968286,-0.026354,0.02112,-3.750834,3.253553,-9.887396e-06,7.923740278429121e-06,-3.2428168576561847,2.5987872388826405,-0.003008,0.019796,-0.458873,3.030034,-1.203313e-06,7.918581312331141e-06,-0.3816080815436821,2.511229100945755,0.022848,0.012931,4.467762,2.738541,1.168481e-05,6.612898003145066e-06,3.2831320578060392,1.858054810401462,0.004522,0.011468,2.237105,5.653976,4.640796e-06,1.1769813082627948e-05,0.8252406070508771,2.092944333942548,0.023227,0.017411,5.771803,4.470818,1.193705e-05,8.948180820703167e-06,2.9823076525157384,2.2355798239663582,0.021701,0.017175,4.968055,4.073352,1.025632e-05,8.11743986734734e-06,2.667651049322066,2.111332035265856,0.017288,0.012698,4.354259,3.364217,8.982757e-06,6.598010306145331e-06,2.2293865743666244,1.6375279431529786,0.001738,0.008789,1.491012,7.527868,2.600708e-06,1.315383974358818e-05,0.3518116712217842,1.7793902057344708,0.024662,0.015097,8.868039,5.771153,1.544584e-05,9.454882865482787e-06,3.216549546772585,1.9689508110764156,7.4e-05,0.015081,0.021863,4.46702,3.806352e-08,7.777397379586566e-06,0.0087221946429748,1.7821781527435303,-0.001599,0.012386,-0.473459,3.672161,-8.235876e-07,6.380173978819073e-06,-0.1887523498751106,1.4622279780731695,0.00866,0.01541,2.050309,3.627436,2.333298e-06,4.151682791350996e-06,0.5969724716569512,1.0622048008820282,0.005082,0.026537,0.367953,1.913274,4.088971e-07,2.135140042245473e-06,0.1852140356328609,0.9671330607764184,0.032762,0.031058,1.373215,1.325737,1.485289e-06,1.4080333802861352e-06,0.8639671253904836,0.8190288570235543,0.06276,0.02282,1.822144,0.808956,1.91545e-06,6.964665821128821e-07,1.3048226167922572,0.4744396085415386,,,,,,
EUR,cystatin_c,CysC,sumher_ldak,insample10,20000,8,0.076758,0.058785,0.010712,0.047793,0.613707,2.509369,9.286582e-07,4.143428532025139e-06,2.303306438072,10.276747261268696,-0.029334,0.041463,-2.129399,3.877035,-2.636094e-06,3.726030058923304e-06,-5.985979242234179,8.460979991098759,0.035635,0.033085,3.455073,3.649,3.898971e-06,3.620037292625588e-06,7.8685025879891555,7.305587244850423,9e-05,0.017841,0.013101,2.601325,1.362466e-08,2.7065016164783646e-06,0.022993216779684,4.5675399152898,-0.004771,0.016557,-2.716746,9.905199,-1.089242e-06,3.780285703488561e-06,-0.9636756346406956,3.344499408242142,0.025169,0.028541,4.655278,6.003147,1.794485e-06,2.034900734679704e-06,2.71708801578266,3.081109287347375,-0.032746,0.031493,-3.690199,4.692149,-1.364576e-06,1.312387138004636e-06,-2.581908141003156,2.483161828847937,0.072004,0.022259,5.843149,4.764186,2.074669e-06,6.413457725751375e-07,4.506839459864126,1.3932065477715592,,,,,,,,,,,,,,,,,,,,,,,,,,,,,,,,,,,,,,,,,,,,,,,,,,,,,,,,,,,,,,,,,,,,,,,,,,,,,,,,,,,,,,,,,,,,,,,,,,,,,,,,,,,,,,,,,,,,,,,,,,,,,,,,,,,,,,
EUR,cystatin_c,CysC,sumher_ldak,insample10,20000,24,0.078153,0.061105,-0.006857,0.03843,-0.70418,4.208883,-1.571475e-06,8.807530868523822e-06,-3.0162506806225142,16.904959338703307,-0.021653,0.0257,-4.357938,6.724238,-9.293135e-06,1.1029700811898751e-05,-13.17818612155374,15.640733742085333,0.01543,0.017916,5.405814,7.14978,1.130182e-05,1.3122793147802032e-05,12.321410439317592,14.3066621556823,-0.010933,0.008095,-7.866658,8.617536,-1.624464e-05,1.202764316065288e-05,-12.477287820864516,9.238269701398035,0.021961,0.0315,3.800194,5.369669,4.990036e-06,7.157612031955909e-06,7.58886266557489,10.885319208915492,-0.019272,0.02952,-3.574541,6.592484,-4.60319e-06,7.051029712034973e-06,-6.779944603395617,10.385317756706472,0.023571,0.024051,5.859466,7.077934,7.463116e-06,7.615156597207966e-06,9.583838004814105,9.77908251847252,0.006676,0.013017,2.590816,5.349158,3.273739e-06,6.383510006258312e-06,3.397260116174869,6.624365578766223,0.002794,0.017193,1.763181,10.744364,1.555564e-06,9.57271696019474e-06,1.274170354225655,7.841060965716143,0.000961,0.021297,0.412289,9.107364,3.605529e-07,7.990189609765214e-06,0.3564484412503567,7.899230963599535,0.016576,0.019858,7.621321,10.527118,6.630246e-06,7.94316246843787e-06,6.33805247111668,7.593108990460371,0.004728,0.014297,2.786842,8.6046,2.418005e-06,7.311936132106188e-06,2.047911216338294,6.192789517841983,-0.005185,0.011087,-7.732592,18.061641,-5.321629e-06,1.137904213895001e-05,-2.852462470775486,6.09931482535286,0.000371,0.016868,0.277981,12.620769,1.907277e-07,8.668860940169705e-06,0.1436337287023274,6.528369085552538,-0.019784,0.016497,-13.652456,15.919279,-9.350383e-06,7.796714692740783e-06,-7.330845906298609,6.11274575467732,-0.007666,0.01116,-5.820082,9.68564,-3.983253e-06,5.798911104681636e-06,-2.979894270840893,4.338198446836404,-0.009403,0.008319,-24.32059,29.500853,-1.407336e-05,1.2450465854738128e-05,-5.738569949148052,5.076816709506055,0.002539,0.014447,2.75203,15.686369,1.590196e-06,9.048036251032595e-06,0.9981977893516524,5.679633066461212,0.02704,0.015885,24.14338,23.066287,1.394464e-05,8.19212731834656e-06,9.63188671780088,5.658492604191717,0.016448,0.012973,14.68154,16.127242,8.472511e-06,6.682743448614498e-06,5.8530460698219,4.61662490347208,0.001102,0.015016,0.786118,10.66472,2.967917e-07,4.045760744285307e-06,0.228888029727474,3.120121639211011,0.023337,0.026686,5.093096,6.677424,1.877658e-06,2.1470749870463303e-06,2.563678666687144,2.931529778089649,-0.044452,0.030106,-5.61622,5.982947,-2.015255e-06,1.3648615314382628e-06,-3.533486964425401,2.393106792729849,0.059826,0.021999,5.235743,4.493086,1.825911e-06,6.714288495440154e-07,3.74927671124429,1.3786940047203415,,,,,,
EUR,ggt,GGT,sumher_ldak,insample10,20000,8,-0.029164,0.058079,-0.023405,0.047516,3.529304,6.694834,-2.029111e-06,4.1194793360326494e-06,13.245799886178578,26.89148051552442,-0.009947,0.041549,1.900355,7.517793,-8.938408e-07,3.733756821219079e-06,5.342088137382516,22.31500063826298,0.015699,0.032351,-4.006148,12.83946,1.717676e-06,3.5397047899507103e-06,-9.123466785146457,18.80120527988929,-0.025756,0.006286,9.888099,19.75701,-3.907116e-06,9.53499029889386e-07,17.354293040002638,4.235170283671802,-0.020775,0.016416,31.13827,63.8535,-4.743418e-06,3.7482049036838953e-06,11.045222211813122,8.727832136361632,0.023179,0.028343,-11.284074,27.759213,1.652654e-06,2.020837697589789e-06,-6.586009825630489,8.053262771475968,-0.029913,0.03141,8.872175,19.370434,-1.246521e-06,1.308933535363809e-06,6.207535591828911,6.518343058888933,0.041754,0.020623,-8.917838,18.556531,1.203048e-06,5.942025748850303e-07,-6.878326493107704,3.3973036097516625,,,,,,,,,,,,,,,,,,,,,,,,,,,,,,,,,,,,,,,,,,,,,,,,,,,,,,,,,,,,,,,,,,,,,,,,,,,,,,,,,,,,,,,,,,,,,,,,,,,,,,,,,,,,,,,,,,,,,,,,,,,,,,,,,,,,,,
EUR,ggt,GGT,sumher_ldak,insample10,20000,24,-0.036859,0.06062,-0.032963,0.038153,7.177719,11.204327,-7.554539e-06,8.744039684264934e-06,30.7446836898604,35.58559089632235,-0.015828,0.025783,6.754215,13.999786,-6.792875e-06,1.1065482366349876e-05,20.424391143238772,33.270999398478736,-0.016492,0.01727,12.250948,22.662637,-1.207966e-05,1.2649628453041614e-05,27.923435788078493,29.240979286797657,-0.007615,0.007343,11.618317,21.71527,-1.131515e-05,1.0910256642260988e-05,18.42775895195277,17.76835300526525,0.027113,0.031513,-9.948023,22.723464,6.16073e-06,7.160641032756774e-06,-19.865856577088906,23.09016427546149,-0.00754,0.029766,2.965107,11.800503,-1.800846e-06,7.1097630058954845e-06,5.624007938554451,22.203655163404843,0.024539,0.023665,-12.934364,25.994569,7.76971e-06,7.4927471597538914e-06,-21.15564090702251,20.401516699962563,-0.019015,0.007241,15.647357,26.240627,-9.324938e-06,3.5508224399426114e-06,20.517895163475863,7.81296375019974,-0.00577,0.016957,7.721359,24.408381,-3.21279e-06,9.441601559057658e-06,5.57986969283019,16.39786801850233,0.011749,0.021464,-10.687016,27.696264,4.407795e-06,8.05264180253909e-06,-9.239558508472674,16.879835628093588,0.019308,0.019858,-18.823712,37.761748,7.723287e-06,7.94316687474209e-06,-15.654185177852352,16.099855560954214,0.001993,0.012234,-2.490659,15.977647,1.019193e-06,6.256702006648551e-06,-1.8302586472445832,11.235735479836544,-0.011435,0.010847,36.158295,66.23464,-1.173613e-05,1.1132627722150776e-05,13.338357754219324,12.652464765010851,-0.004836,0.016764,7.680163,28.651517,-2.485231e-06,8.615533645689046e-06,3.968364268793432,13.757101805079698,-0.015423,0.016641,22.566691,43.486176,-7.289269e-06,7.864737757865801e-06,12.11743707503215,13.074077097795168,-0.010258,0.006688,16.512625,29.455031,-5.32994e-06,3.47495035935767e-06,8.45448949019653,5.512056663329058,-0.001219,0.008609,6.683657,47.807333,-1.824044e-06,1.288421514877798e-05,1.577042139210533,11.139506623895905,-0.001389,0.014413,3.19166,33.255545,-8.697842e-07,9.026579086231949e-06,1.157656105114636,12.014100034786226,0.019524,0.015569,-36.963487,68.791815,1.006884e-05,8.028844250575547e-06,-14.746386217042934,11.75869694974512,0.009977,0.011452,-18.883313,38.488814,5.139445e-06,5.899215202041709e-06,-7.528147662880427,8.6410425904118,-0.018787,0.014734,28.426498,49.599124,-5.061568e-06,3.96962844608913e-06,8.276724706165334,6.491174638776482,0.023138,0.026459,-10.707111,22.55733,1.861677e-06,2.128871766922564e-06,-5.389562790500249,6.163092771061989,-0.040692,0.030076,10.900816,19.195323,-1.844771e-06,1.3635182433689694e-06,6.858324884200044,5.069166361872631,0.035059,0.02085,-6.50571,11.460771,1.070024e-06,6.36346289373954e-07,-4.65868678948035,2.7705341673095925,,,,,,
EUR,glucose,GLU,sumher_ldak,insample10,20000,8,-0.043166,0.058257,0.049985,0.047819,-5.092439,10.424979,4.333502e-06,4.145752042754125e-06,-19.112463491789885,18.28441167516516,-0.023641,0.04109,3.051545,5.48833,-2.124426e-06,3.692472071661477e-06,8.578231566085226,14.90985352373516,-0.018268,0.032063,3.149657,6.132918,-1.998822e-06,3.5081847157753823e-06,7.172954099464925,12.589439149009378,-0.008175,0.013992,2.120544,4.411829,-1.240187e-06,2.1225571841531147e-06,3.721714709970091,6.369646105801255,-0.010646,0.016573,10.780612,20.78332,-2.43073e-06,3.783892176053647e-06,3.824063229332383,5.952879560545699,-0.020496,0.027829,6.741072,12.148323,-1.461306e-06,1.984182703281127e-06,3.9344758672378415,5.342288995084081,-0.007932,0.031406,1.589427,6.490982,-3.305266e-07,1.3087329750564094e-06,1.1120679341758075,4.403276395784,-0.003994,0.02147,0.576295,3.166478,-1.150707e-07,6.186158743517661e-07,0.4444980594747002,2.3896053096887826,,,,,,,,,,,,,,,,,,,,,,,,,,,,,,,,,,,,,,,,,,,,,,,,,,,,,,,,,,,,,,,,,,,,,,,,,,,,,,,,,,,,,,,,,,,,,,,,,,,,,,,,,,,,,,,,,,,,,,,,,,,,,,,,,,,,,,
EUR,glucose,GLU,sumher_ldak,insample10,20000,24,-0.05903,0.060706,0.004898,0.038408,-0.665923,5.550092,1.122462e-06,8.802472379962349e-06,-2.852360897641761,22.368532760286055,-0.029832,0.025629,7.949113,9.580195,-1.280335e-05,1.0999313614948888e-05,24.037532201336465,20.650560612022048,0.011402,0.017786,-5.288613,10.393694,8.351277e-06,1.3027563087546345e-05,-12.05418348017356,18.80390696618253,0.002211,0.008883,-2.105855,8.850041,3.28452e-06,1.3199465898285427e-05,-3.3400647271911548,13.422682907890854,0.02969,0.031465,-6.802168,11.470421,6.74635e-06,7.149744051362958e-06,-13.583595915917211,14.395819086757616,-0.01187,0.029769,2.914807,7.364714,-2.835125e-06,7.110497872863757e-06,5.528563807161207,13.86564655555269,-0.019401,0.023215,6.385408,9.477206,-6.142915e-06,7.350314959238141e-06,10.443994842134265,12.496779057230231,-0.013416,0.007807,6.893669,8.030358,-6.579328e-06,3.828327310980606e-06,9.039390674339126,5.259769112164021,0.009557,0.017222,-7.985008,17.561275,5.320961e-06,9.588746007690474e-06,-5.770355348427861,10.398586234740872,0.002643,0.021184,-1.501184,12.298225,9.915738e-07,7.947628577129154e-06,-1.297853403295537,10.402510430344105,-0.016241,0.019111,9.886807,14.938349,-6.496495e-06,7.644229850024134e-06,8.222013149283425,9.674595045950667,-0.013897,0.011261,10.845109,13.973435,-7.107263e-06,5.759236928621708e-06,7.969465354835493,6.457906394197017,0.002505,0.011259,-4.946603,23.230245,2.571285e-06,1.1555487873733415e-05,-1.8247292413281195,8.200427654271643,0.006244,0.016762,-6.192383,18.24104,3.209078e-06,8.614464579995672e-06,-3.199600874336127,8.589024137802742,0.011573,0.017069,-10.573713,19.468387,5.469779e-06,8.067061422847852e-06,-5.677633312370332,8.373613754284875,0.014349,0.011728,-14.422731,19.192477,7.455553e-06,6.094125039741144e-06,-7.384408194557434,6.035971695476131,0.001662,0.008663,-5.692821,30.59163,2.48814e-06,1.2965361545286734e-05,-1.3432398454486658,6.999441445528397,-0.020362,0.013755,29.220055,35.191918,-1.27527e-05,8.614974753300209e-06,10.598415966477107,7.159667049030723,0.000754,0.015333,-0.89174,18.18597,3.890192e-07,7.907561571053367e-06,-0.3557525044108842,7.231352161244231,0.005252,0.012355,-6.20664,16.087928,2.705333e-06,6.364111092682151e-06,-2.474362935982381,5.820769793665714,-0.011423,0.014847,10.792197,16.909913,-3.077498e-06,4.0002262436017295e-06,3.142259002085395,4.084404579413465,-0.009156,0.026156,2.645579,7.751253,-7.366799e-07,2.10444386952943e-06,1.3316766610868926,3.804147209147055,-0.009543,0.030227,1.596366,5.210179,-4.326553e-07,1.3703459417242057e-06,1.0043576334104338,3.181094527176058,-0.006627,0.021444,0.767857,2.599401,-2.022578e-07,6.544775015231616e-07,0.549852290664465,1.7792438828112749,,,,,,
EUR,hba1c,HbA1c,sumher_ldak,insample10,20000,8,0.074836,0.058827,0.001954,0.047872,0.114808,2.764361,1.693759e-07,4.150342154569909e-06,0.4308841545172872,10.558271101315542,0.000316,0.041803,0.023501,3.106192,2.83642e-08,3.756567582248455e-06,0.0660629460243161,8.749406696567343,-0.017528,0.032387,-1.743141,3.775736,-1.917825e-06,3.5436831122435315e-06,-3.96975904204428,7.335167743130041,0.001831,0.016319,0.273877,2.427893,2.776903e-07,2.4755740748359765e-06,0.4806709260576078,4.285120809317482,0.007145,0.016901,4.173218,9.996862,1.631286e-06,3.858818472019641e-06,1.480299841232343,3.501659654698874,0.02846,0.028674,5.399336,6.482229,2.029169e-06,2.044417520957987e-06,3.151339385696057,3.175020638794501,-0.002981,0.031634,-0.344611,3.686645,-1.242397e-07,1.3182488384216389e-06,-0.2411107290305307,2.5583121858431057,0.05564,0.022655,4.631206,4.027872,1.60317e-06,6.527554672310298e-07,3.5720368599993204,1.4544100684988597,,,,,,,,,,,,,,,,,,,,,,,,,,,,,,,,,,,,,,,,,,,,,,,,,,,,,,,,,,,,,,,,,,,,,,,,,,,,,,,,,,,,,,,,,,,,,,,,,,,,,,,,,,,,,,,,,,,,,,,,,,,,,,,,,,,,,,
EUR,hba1c,HbA1c,sumher_ldak,insample10,20000,24,0.104054,0.06118,0.044769,0.038768,3.453268,2.803587,1.026043e-05,8.88505149112823e-06,14.791505935459444,12.808750887427331,0.013953,0.026124,2.109241,3.89578,5.988512e-06,1.121197128073382e-05,6.378215502623746,11.941592341761806,0.004139,0.017937,1.089217,4.692088,3.031889e-06,1.3137789007287338e-05,2.482631203421042,10.757743747694422,0.009831,0.00907,5.313091,5.659642,1.460759e-05,1.3476828261872302e-05,8.427049530782774,7.7747184361452515,0.003422,0.031257,0.444706,3.993225,7.774671e-07,7.1025241991844e-06,0.8880591812431777,8.112834388860383,-0.013417,0.029882,-1.86918,4.498285,-3.204803e-06,7.137468738985832e-06,-3.545320130250035,7.895839962505278,-0.008023,0.023365,-1.497966,4.54991,-2.540245e-06,7.397963233214936e-06,-2.450088383848984,7.135399846015557,-0.009942,0.009542,-2.898065,3.317047,-4.875589e-06,4.679495699324875e-06,-3.8001322476849264,3.647293180353673,-0.014891,0.016894,-7.05863,9.505082,-8.291307e-06,9.406054433182916e-06,-5.100931390521662,5.786740054273492,0.007263,0.021572,2.340152,6.937501,2.724726e-06,8.093174902348274e-06,2.023193572082978,6.009433403642902,-0.010158,0.01907,-3.508092,7.033898,-4.063328e-06,7.628182614489509e-06,-2.917393041304016,5.476891571959726,0.005789,0.012276,2.562792,5.583808,2.960532e-06,6.278314264195446e-06,1.8832612198858616,3.9937773954193103,-0.006177,0.011135,-6.919151,13.428829,-6.33992e-06,1.1428390087847018e-05,-2.552383900327304,4.6009474672994095,-0.007682,0.016723,-4.32205,9.913373,-3.948208e-06,8.594416210540423e-06,-2.233209985810856,4.861227195627376,-0.009638,0.016446,-4.995614,9.144076,-4.555321e-06,7.772888137622978e-06,-2.682443295047273,4.577137740220556,-0.001216,0.011021,-0.693614,6.304689,-6.320309e-07,5.726682285582116e-06,-0.3551306437035348,3.2177546483319195,-0.002828,0.008522,-5.492898,17.056722,-4.231913e-06,1.275490885894525e-05,-1.2960730710244448,3.9063406774784992,-0.004137,0.014345,-3.367719,11.944392,-2.590864e-06,8.984274595091136e-06,-1.221511154949014,4.235803823368906,0.024697,0.016124,16.562742,14.218979,1.273658e-05,8.315034575995459e-06,6.607600249020072,4.313750200992582,0.001893,0.011651,1.268869,7.828254,9.749195e-07,6.0017014254292924e-06,0.505854283623212,3.114089291557862,0.00894,0.015322,4.791723,8.373762,2.408615e-06,4.128133961004657e-06,1.3951650547320649,2.391178433932512,0.032321,0.026917,5.297981,5.101554,2.600497e-06,2.165731285270636e-06,2.6667992750503084,2.22094877306665,-0.015408,0.03022,-1.462154,3.046911,-6.985387e-07,1.3700156933407733e-06,-0.9199216322079292,1.8042050823648312,0.050556,0.022387,3.323122,2.418811,1.542976e-06,6.832621019784428e-07,2.379654648883191,1.053760938199105,,,,,,
EUR,hdl,HDL,sumher_ldak,insample10,20000,8,-0.006976,0.0584,0.021967,0.047776,-13.848737,135.095154,1.904494e-06,4.141950023841427e-06,-51.97477414054968,113.03627997284454,-0.00073,0.04135,0.58275,31.682533,-6.556325e-08,3.715833688420406e-06,1.638143586346814,92.84269960103128,-0.002097,0.032458,2.237734,35.275861,-2.294962e-07,3.551401131947784e-06,5.096062717515848,78.86040336817203,-0.010827,0.014255,17.378033,145.213727,-1.642468e-06,2.162448149667409e-06,30.49917949187915,40.15475142199925,-0.009679,0.016596,60.647895,505.373687,-2.209863e-06,3.789145022297247e-06,21.51240812051276,36.88628396758885,-0.012461,0.027997,25.360396,213.373598,-8.884331e-07,1.9961558055422427e-06,14.80150183542485,33.2564194417424,-0.031691,0.031309,39.296827,328.468773,-1.320626e-06,1.304690001494608e-06,27.4941362041607,27.162364367579755,0.038541,0.022153,-34.414548,289.657419,1.110499e-06,6.383001644994305e-07,-26.5435264427102,15.256868574196735,,,,,,,,,,,,,,,,,,,,,,,,,,,,,,,,,,,,,,,,,,,,,,,,,,,,,,,,,,,,,,,,,,,,,,,,,,,,,,,,,,,,,,,,,,,,,,,,,,,,,,,,,,,,,,,,,,,,,,,,,,,,,,,,,,,,,,
EUR,hdl,HDL,sumher_ldak,insample10,20000,24,-0.015063,0.060834,0.004747,0.038383,-2.529379,26.474732,1.087928e-06,8.79679657602698e-06,-10.83413613560657,87.60294032501604,-0.018572,0.025764,19.393057,77.657964,-7.970573e-06,1.105743641175476e-05,58.64312594047633,81.35458217035878,-0.002222,0.01757,4.039061,34.218502,-1.627533e-06,1.286873342640992e-05,9.206107017526994,72.79172656011066,-0.003801,0.008459,14.19144,64.127973,-5.648177e-06,1.256906122190516e-05,22.50881218991197,50.089548972592176,0.027611,0.031481,-24.78991,111.97502,6.273861e-06,7.1533376825087744e-06,-49.50420434865792,56.44375774501052,0.003942,0.029978,-3.793995,35.129411,9.416673e-07,7.160425266700296e-06,-7.196128524956249,54.71926285697661,0.005525,0.023655,-7.125519,44.405907,1.749205e-06,7.489884511793223e-06,-11.654513784816068,49.90322019967613,-0.009881,0.009573,19.897202,81.881205,-4.845756e-06,4.69455961725911e-06,26.090383815271625,25.27631648353009,-0.005288,0.016931,17.315749,82.982372,-2.944384e-06,9.427127346121935e-06,12.513195764840368,40.06389451311507,0.001234,0.021261,-2.747169,49.766389,4.63036e-07,7.976672238471379e-06,-2.375071356698411,40.91510326489683,-0.01128,0.01944,26.9106,115.305769,-4.512164e-06,7.776182868220114e-06,22.37923526073091,38.56797444382855,-0.017339,0.012068,53.026756,216.092854,-8.867516e-06,6.171545187390269e-06,38.96638241159351,27.11952139046366,-0.000396,0.011181,3.060603,86.331184,-4.05965e-07,1.1475238559611734e-05,1.1290108492164856,31.91326550601408,0.007519,0.016824,-29.219402,139.099769,3.863956e-06,8.64632465270649e-06,-15.09763817658578,33.783790799858046,0.007891,0.017018,-28.253772,132.065567,3.729556e-06,8.042805480676504e-06,-15.171062604846435,32.71646959207619,0.011764,0.011467,-46.339039,193.579016,6.112486e-06,5.958210301760085e-06,-23.72548058326108,23.126662838228995,0.000408,0.008609,-5.476376,118.941074,6.107719e-07,1.288419574517556e-05,-1.2921683763435878,27.258212593828343,-0.019855,0.013709,111.657729,454.059086,-1.243507e-05,8.586138247198214e-06,40.499378526849775,27.963916806028664,0.004656,0.015537,-21.568586,115.216622,2.401004e-06,8.012412870041084e-06,-8.604608602755036,28.71451972190828,0.012657,0.012721,-58.619294,245.509457,6.519934e-06,6.552736832805053e-06,-23.36937933309776,23.48695442557898,-0.009631,0.014903,35.659718,148.489358,-2.594802e-06,4.0152023610274e-06,10.382686259690823,16.066191710857836,-0.000672,0.026324,0.76042,29.628815,-5.403188e-08,2.1179648250148062e-06,0.3827642373959742,15.003756876094087,-0.034411,0.030068,22.556886,91.9898,-1.560009e-06,1.3631225183379518e-06,14.191711291908277,12.400595916915323,0.030331,0.022041,-13.772646,56.686081,9.257226e-07,6.727042440775887e-07,-9.862407278269306,7.1668156669324725,,,,,,
EUR,height,HT,sumher_ldak,insample10,20000,8,0.432846,0.06008,0.047201,0.048304,0.479567,0.458032,4.092162e-06,4.187746410660511e-06,1.7998606558858992,1.841901665030673,0.104718,0.043056,1.348019,0.52018,9.410388e-06,3.869210513787019e-06,3.789414266711334,1.5580698183596702,-0.005145,0.033343,-0.088457,0.576085,-5.629023e-07,3.648218743441791e-06,-0.2014491095171316,1.305609192199175,0.031971,0.01846,0.826999,0.477494,4.849925e-06,2.8003215886751294e-06,1.4514407932875968,0.8380544004550613,-0.017946,0.01647,-1.812335,1.711216,-4.097526e-06,3.7604507708518138e-06,-0.6428630425003663,0.5899791297779794,0.043293,0.029259,1.420035,0.956304,3.086748e-06,2.0861140908397124e-06,0.8288105902488752,0.560134306705749,0.041356,0.032485,0.826474,0.650404,1.723397e-06,1.3536967902746907e-06,0.5782539826545069,0.4542079162740579,0.187396,0.025432,2.696751,0.507313,5.399463e-06,7.327854392658195e-07,2.0800035765622127,0.2822866523070195,,,,,,,,,,,,,,,,,,,,,,,,,,,,,,,,,,,,,,,,,,,,,,,,,,,,,,,,,,,,,,,,,,,,,,,,,,,,,,,,,,,,,,,,,,,,,,,,,,,,,,,,,,,,,,,,,,,,,,,,,,,,,,,,,,,,,,
EUR,height,HT,sumher_ldak,insample10,20000,24,0.428573,0.062323,0.027646,0.038836,0.517747,0.699174,6.33606e-06,8.900521894810438e-06,2.2176861500897864,3.115274182171888,0.001158,0.026329,0.042499,0.965134,4.969735e-07,1.1299995575220373e-05,0.1285131204591315,2.922082751989691,0.031759,0.018514,2.028977,1.185782,2.326174e-05,1.356053465022674e-05,4.624609661950252,2.6959367426791703,0.012471,0.008957,1.636355,1.186609,1.852999e-05,1.330879032820038e-05,2.595410955126298,1.864101395483224,-0.014631,0.031292,-0.461688,1.008797,-3.324481e-06,7.110383955877488e-06,-0.9219719672895909,1.971909204469724,0.049742,0.030916,1.682413,1.027124,1.188089e-05,7.384433627570905e-06,3.191075398369536,1.9833770432883584,-0.006904,0.023762,-0.312963,1.083316,-2.185915e-06,7.5236433993112675e-06,-0.511886161732064,1.761847529256272,0.012807,0.012205,0.906353,0.866632,6.280333e-06,5.9853972299255126e-06,1.1884701180635733,1.132657416813242,0.018665,0.017628,2.14804,2.007998,1.039229e-05,9.814925369048916e-06,1.552285912956576,1.4660455382879765,-0.004978,0.0218,-0.389426,1.712175,-1.867543e-06,8.178651478086103e-06,-0.3366814458414187,1.4744507648150995,-0.019924,0.019242,-1.670539,1.646544,-7.969549e-06,7.696754510831172e-06,-1.3892511973651764,1.3416976820141302,0.001051,0.012841,0.112945,1.3797,5.373903e-07,6.566919369080147e-06,0.0829974213768864,1.0142300187100184,0.01056,0.011648,2.871982,3.158295,1.083874e-05,1.195530007988089e-05,1.0594366432940006,1.1685752205700577,0.049534,0.018267,6.765975,2.603942,2.545698e-05,9.387912973606009e-06,3.4959916852834527,1.289236417591217,0.001812,0.017161,0.228018,2.158247,8.563787e-07,8.110620198233917e-06,0.1224366374632271,1.1595770245255912,0.007863,0.012995,1.088672,1.801928,4.085859e-06,6.752231482998787e-06,0.5574002833889034,0.9211516457447504,-0.006659,0.008461,-3.140585,4.041354,-9.965796e-06,1.2662720876652064e-05,-0.7410350021516954,0.9415724937652928,0.00402,0.014653,0.794544,2.892227,2.517637e-06,9.17712972557324e-06,0.2881906629167913,1.0504942131396795,0.001854,0.015552,0.30192,2.531054,9.562671e-07,8.020494373790184e-06,0.120449255536341,1.0102434522283987,-0.000986,0.012498,-0.160414,2.03493,-5.076463e-07,6.437953867495479e-06,-0.063951667480255,0.8110329672200763,-0.012982,0.014911,-1.689365,1.981135,-3.497563e-06,4.017480553779944e-06,-0.4918783661795863,0.5649967623032205,0.036847,0.027388,1.466411,1.086993,2.964613e-06,2.203612715519676e-06,0.7381352617884535,0.5486598920838843,0.040624,0.031237,0.935962,0.722942,1.841713e-06,1.416114049079381e-06,0.5888657377086894,0.4527855557248979,0.187221,0.025519,2.987887,0.583151,5.714041e-06,7.788598718639958e-07,2.1395975306191426,0.2916406547552856,,,,,,
EUR,ldl,LDL,sumher_ldak,insample10,20000,8,0.042032,0.058745,0.021593,0.04787,2.259259,4.184314,1.872047e-06,4.150101203585281e-06,8.479225134137115,18.79741397232709,-0.007032,0.041664,-0.932234,6.091779,-6.319521e-07,3.744037927158324e-06,-2.6206080457643703,15.52594874763144,0.009207,0.032824,1.630293,5.736169,1.007428e-06,3.591414763014709e-06,3.71278413054516,13.23583197839113,0.001983,0.01779,0.528105,4.708023,3.007445e-07,2.698716546805166e-06,0.9268625804214812,8.317157528726161,0.003472,0.016763,3.610351,17.520308,7.926479e-07,3.827347645563439e-06,1.2806498642217805,6.1836942261757954,0.013043,0.02833,4.405602,10.745727,9.299405e-07,2.019913364478784e-06,2.571358506351585,5.585219067075549,-0.042571,0.031285,-8.761033,14.22115,-1.774021e-06,1.3037139256754145e-06,-6.129787363667195,4.504731988765696,0.042338,0.021874,6.274257,9.254374,1.219887e-06,6.302647062941094e-07,4.839343708591075,2.500286945554301,,,,,,,,,,,,,,,,,,,,,,,,,,,,,,,,,,,,,,,,,,,,,,,,,,,,,,,,,,,,,,,,,,,,,,,,,,,,,,,,,,,,,,,,,,,,,,,,,,,,,,,,,,,,,,,,,,,,,,,,,,,,,,,,,,,,,,
EUR,ldl,LDL,sumher_ldak,insample10,20000,24,0.045385,0.061063,0.004848,0.038379,0.857423,6.383705,1.111175e-06,8.795830830569674e-06,3.6726177776955327,29.071680588523545,-0.001923,0.025999,-0.666402,9.229406,-8.252414e-07,1.11579657644214e-05,-2.0151515449778006,27.246563186218225,0.007431,0.017672,4.483171,11.652223,5.442975e-06,1.2944114492695129e-05,10.218371593655537,24.300639234459243,-0.007357,0.00829,-9.115986,16.29839,-1.093168e-05,1.231725618796654e-05,-14.458735932830894,16.29136186193115,0.016374,0.03147,4.879153,9.697982,3.72054e-06,7.150933505494231e-06,9.74343980939157,18.727036987035344,-0.006331,0.029779,-2.022063,10.371378,-1.512157e-06,7.112818709906783e-06,-3.8352832379094246,18.04023945423261,0.002474,0.023568,1.05919,10.022755,7.834288e-07,7.4620834892139874e-06,1.7324157321642506,16.50109216234764,0.010356,0.012195,6.92133,12.076718,5.078795e-06,5.9801513358777134e-06,9.075671032491552,10.686370733400544,0.004462,0.017125,4.849113,18.827937,2.484374e-06,9.534629515613076e-06,3.504208201763803,13.448589845727968,0.005535,0.021264,4.08883,16.062249,2.076491e-06,7.977779139585152e-06,3.5350136393161367,13.581353384091368,0.019381,0.019823,15.34493,24.984495,7.752253e-06,7.929255324429905e-06,12.76108024622627,13.052445977687638,-0.006722,0.014167,-6.823039,17.429103,-3.437845e-06,7.245074188716083e-06,-5.01387538635039,10.566473807599264,-0.001933,0.011203,-4.965024,30.074308,-1.984287e-06,1.1497751954186525e-05,-1.8315262434936,10.612595075849631,-0.00582,0.016794,-7.506994,24.532061,-2.991083e-06,8.631116382021505e-06,-3.878863006931169,11.192908402321434,-0.021583,0.016518,-25.647646,40.372397,-1.020069e-05,7.806826499929405e-06,-13.771700007507883,10.53980393166448,-0.000984,0.013155,-1.286108,17.347235,-5.111518e-07,6.835422444882248e-06,-0.6584854325047572,8.80565441610694,-0.004425,0.008524,-19.706935,47.557191,-6.622263e-06,1.2757311629022785e-05,-4.649921497635627,8.95773810188904,-0.002176,0.014312,-4.06065,27.547273,-1.362563e-06,8.963382174157254e-06,-1.4728409566200424,9.688826407246347,0.01726,0.015512,26.538481,42.061951,8.901206e-06,7.999751246132594e-06,10.58732451889166,9.51511093139668,0.005439,0.012875,8.360312,22.635647,2.801732e-06,6.632081875248525e-06,3.332956959663235,7.889563828077051,0.006041,0.015182,7.423144,20.137278,1.62748e-06,4.090409514950796e-06,2.1613261269871447,5.432145989345472,0.014882,0.026439,5.59274,11.778121,1.197355e-06,2.1272242476993347e-06,2.8151616877612944,5.0014241418794,-0.048271,0.02994,-10.501909,15.912267,-2.188355e-06,1.357354412082563e-06,-6.607308359785013,4.0982652056655295,0.038426,0.021893,5.790933,8.427524,1.172772e-06,6.681720586794991e-07,4.146816249628346,2.362596268055318,,,,,,
EUR,triglycerides,TG,sumher_ldak,insample10,20000,8,-0.05163,0.058321,-0.062339,0.047229,5.309907,5.064255,-5.404576e-06,4.094583006851858e-06,19.928700353608956,15.098264473758872,-0.017176,0.041495,1.853669,4.242148,-1.543531e-06,3.7288832108286793e-06,5.210881478908383,12.588518442661398,-0.006616,0.032566,0.953606,4.570006,-7.238377e-07,3.563188179145188e-06,2.171724901907303,10.690607160736922,0.00941,0.017955,-2.040565,4.761029,1.42742e-06,2.7237481528217694e-06,-3.581354924410598,6.833804248197808,-0.008235,0.016547,6.97155,15.182952,-1.880114e-06,3.778078876889682e-06,2.472932192175672,4.969343815981053,0.024162,0.028271,-6.644278,11.447951,1.722748e-06,2.015710048593299e-06,-3.8779941902445088,4.537466801680972,-0.034707,0.031326,5.814711,8.110637,-1.446291e-06,1.3054324953822777e-06,4.068368350574535,3.6721380745816687,0.04387,0.021809,-5.292688,6.60993,1.264031e-06,6.283719439949559e-07,-4.082277475361726,2.029371615980833,,,,,,,,,,,,,,,,,,,,,,,,,,,,,,,,,,,,,,,,,,,,,,,,,,,,,,,,,,,,,,,,,,,,,,,,,,,,,,,,,,,,,,,,,,,,,,,,,,,,,,,,,,,,,,,,,,,,,,,,,,,,,,,,,,,,,,
EUR,triglycerides,TG,sumher_ldak,insample10,20000,24,-0.048526,0.060693,-0.038444,0.038056,6.358678,7.792584,-8.81083e-06,8.721792820286435e-06,27.2362892732174,26.961055000992182,-0.014613,0.025892,4.736687,9.274216,-6.271651e-06,1.1112065514565687e-05,14.323410333406445,25.37811399531313,-0.00206,0.017578,1.162444,9.86563,-1.508987e-06,1.2875239803592009e-05,2.6495291167297506,22.606770465547328,-0.005507,0.008061,6.382047,12.070111,-8.182871e-06,1.1977624973257429e-05,10.122480911449609,14.816716548055131,-0.008174,0.031221,2.278154,8.309329,-1.857407e-06,7.094356912363516e-06,4.549369926637318,17.376296086930953,0.000988,0.029669,-0.295054,8.940302,2.359206e-07,7.086524536047272e-06,-0.5596342272653072,16.810154275325914,0.018449,0.023816,-7.386451,14.052446,5.841496e-06,7.540610054896089e-06,-12.08132355932478,15.595414241128893,0.005678,0.012476,-3.548898,9.157226,2.78437e-06,6.118231770699766e-06,-4.653533599142941,10.22543595581592,-0.004783,0.016963,4.861855,17.461344,-2.663294e-06,9.444907622629245e-06,3.513418492551585,12.45972585144074,-0.003357,0.021221,2.319318,14.63569,-1.259371e-06,7.961600341639864e-06,2.0051763560354887,12.67649704595415,0.005843,0.019439,-4.327051,15.735737,2.337316e-06,7.7755404956826e-06,-3.5984442599350865,11.970931215369196,0.011933,0.014826,-11.327754,20.569255,6.102597e-06,7.58248508076343e-06,-8.324147766022712,10.342764932034257,-0.011229,0.010867,26.969568,40.954501,-1.152443e-05,1.115345686323303e-05,9.948691386712934,9.62844151314388,-0.002789,0.016816,3.365079,20.418984,-1.433574e-06,8.642049525430873e-06,1.738737171411485,10.481672203210746,-0.031008,0.016207,34.462275,46.097024,-1.465509e-05,7.659643594841735e-06,18.504797633220868,9.671735531146018,-0.013276,0.012584,16.233156,25.087203,-6.89823e-06,6.53886993294713e-06,8.311354252438736,7.878378138064971,-0.004609,0.008447,19.197633,41.38812,-6.897591e-06,1.2642653993525252e-05,4.529752581367324,8.302622547858364,-0.008906,0.01411,15.546692,30.593605,-5.57778e-06,8.837252966844392e-06,5.638953164654266,8.934173736547066,0.022532,0.015567,-32.401656,47.194202,1.16199e-05,8.027880168512731e-06,-12.926400559600248,8.93050669133699,0.025667,0.013221,-36.898459,50.194296,1.322132e-05,6.810243020627091e-06,-14.710105165374012,7.577109625603108,-0.005153,0.014925,5.922228,17.911977,-1.388274e-06,4.0211453592229164e-06,1.7243192603116382,4.994502808106207,0.029136,0.026503,-10.240963,16.682685,2.344236e-06,2.1323686360477166e-06,-5.15489220731845,4.689003353370841,-0.043195,0.030009,8.78945,12.24317,-1.958275e-06,1.360458011112434e-06,5.529913339839928,3.841756088364886,0.028353,0.021484,-3.996291,5.868176,8.653355e-07,6.55694974816797e-07,-2.861696483156884,2.168407517612382,,,,,,
EUR,testosterone,TT,sumher_ldak,insample10,20000,8,-0.010491,0.058497,0.02715,0.047979,-11.381309,76.523479,2.35376e-06,4.159602144436413e-06,-42.71346119718736,75.48390863644639,-0.045935,0.041382,24.397976,130.297479,-4.127929e-06,3.7187471008392058e-06,68.58249744157082,61.78424181451613,-0.015858,0.032279,11.250265,61.686144,-1.735123e-06,3.531866362137729e-06,25.619999497804315,52.14985590317262,-0.009375,0.016966,10.005396,56.717929,-1.422103e-06,2.573745131127012e-06,17.559489121290458,31.779448908411734,-0.003976,0.016644,16.566711,108.274905,-9.07792e-07,3.800178943155177e-06,5.876241202543323,24.598991930757258,0.003933,0.028432,-5.323329,51.268279,2.80448e-07,2.027130237552585e-06,-3.106869308812036,22.45702846879628,0.039072,0.032248,-32.217281,183.736354,1.628214e-06,1.3438359274851971e-06,-22.54038377404096,18.60356042563239,-0.005502,0.020909,3.266713,21.789,-1.585213e-07,6.024589612579433e-07,2.5195191227021505,9.575412727076184,,,,,,,,,,,,,,,,,,,,,,,,,,,,,,,,,,,,,,,,,,,,,,,,,,,,,,,,,,,,,,,,,,,,,,,,,,,,,,,,,,,,,,,,,,,,,,,,,,,,,,,,,,,,,,,,,,,,,,,,,,,,,,,,,,,,,,
EUR,testosterone,TT,sumher_ldak,insample10,20000,24,-0.012307,0.060857,0.013556,0.038553,-8.840113,59.021827,3.106723e-06,8.835713893059237e-06,-37.86656775139489,107.69487938366848,-0.020754,0.025592,26.523636,128.768216,-8.907072e-06,1.0983665144203916e-05,80.20876082446154,98.9086167179772,-0.014177,0.017373,31.538545,156.620731,-1.038364e-05,1.2724833987129262e-05,71.88778696278807,88.0962894325683,-0.0059,0.008846,26.959834,137.454237,-8.767135e-06,1.314334812747498e-05,42.762319010721285,64.10760704563705,0.031846,0.031601,-34.994365,186.488595,7.236302e-06,7.180558474102136e-06,-69.88486831775215,69.34652304596285,-0.02119,0.029609,24.95788,121.885594,-5.061359e-06,7.072291000800236e-06,47.33995492296931,66.14862474288125,0.015015,0.023548,-23.702777,127.265647,4.754251e-06,7.455801767751071e-06,-38.76991347890571,60.80048980408928,-0.005912,0.010926,14.569437,75.789433,-2.899152e-06,5.358079879956998e-06,19.10509435964949,35.30915995198523,-0.000917,0.017076,3.676309,68.31141,-5.107682e-07,9.507365039799407e-06,2.656788092079717,49.453067408648536,-0.015318,0.021095,41.730534,208.187956,-5.747011e-06,7.914185365531944e-06,36.079724133436784,49.685240680638174,-0.016737,0.019165,48.866518,244.514865,-6.694705e-06,7.666043960218333e-06,40.63975544103292,46.53620312522815,-0.000405,0.012003,1.516658,45.255175,-2.072303e-07,6.138722994239111e-06,1.1145527782531832,33.016073268030304,-0.007429,0.010931,70.357962,354.772234,-7.625239e-06,1.1219344900661535e-05,25.955073224628634,38.18882508850332,0.004944,0.016935,-23.515437,146.21441,2.540812e-06,8.703153451479526e-06,-12.150905634535809,41.621023638038686,-0.000636,0.016945,2.787688,74.875837,-3.006654e-07,8.008522959947108e-06,1.4969303601150366,39.8722339132576,0.005844,0.012001,-28.172628,152.153724,3.036385e-06,6.235954618179962e-06,-14.424914698190928,29.62506843797336,-0.001035,0.008679,16.998079,161.002825,-1.548975e-06,1.2989014589259648e-05,4.010917637582927,33.63376924152002,-0.011341,0.013968,78.055722,392.942102,-7.102689e-06,8.748262113128526e-06,28.31275944263564,34.872347747470194,0.014195,0.015586,-80.484652,411.314598,7.320537e-06,8.038015302299443e-06,-32.11001085071519,35.25707998949392,-0.008999,0.011114,51.006707,259.148591,-4.635414e-06,5.725173359820644e-06,20.33535611620877,25.1160822094821,-0.003124,0.014935,14.157342,91.762989,-8.417181e-07,4.023954522605841e-06,4.122222681281938,19.706878825028035,0.009989,0.026636,-13.843904,81.291005,8.037367e-07,2.143108723326934e-06,-6.968741418814791,18.581670496409696,0.028259,0.030928,-22.671457,116.531534,1.281109e-06,1.40213301794088e-06,-14.264383990708238,15.61191418837844,-0.00208,0.020785,1.156113,12.842561,-6.349251e-08,6.343530562707174e-07,0.8279113534897603,8.271654363758115,,,,,,
EUR,urate,UA,sumher_ldak,insample10,20000,8,0.035129,0.058699,0.034,0.047994,4.2564,6.250653,2.94769e-06,4.160912159611159e-06,15.974802400460272,22.54977611467308,-0.003733,0.041631,-0.592021,7.002856,-3.354167e-07,3.74112817208927e-06,-1.6642434594470197,18.56242724751794,0.014915,0.032942,3.159761,7.715063,1.631891e-06,3.6043556983183554e-06,7.195999051510872,15.893794491425403,0.000448,0.017438,0.142673,5.535968,6.790578e-08,2.645294123533336e-06,0.2504025030079162,9.75451971429942,-0.018437,0.016332,-22.941213,45.506917,-4.209552e-06,3.729057521680244e-06,-8.137673131367823,7.208807778001651,-0.00072,0.028109,-0.290911,11.426796,-5.132142e-08,2.0041384682700945e-06,-0.1697932424505812,6.630548586682144,-0.0476,0.031182,-11.720929,21.522325,-1.9836e-06,1.2994298749836409e-06,-8.200777349175548,5.372219744710553,0.056256,0.022164,9.975074,16.990035,1.620922e-06,6.386004227997348e-07,7.693841768523516,3.031170288473706,,,,,,,,,,,,,,,,,,,,,,,,,,,,,,,,,,,,,,,,,,,,,,,,,,,,,,,,,,,,,,,,,,,,,,,,,,,,,,,,,,,,,,,,,,,,,,,,,,,,,,,,,,,,,,,,,,,,,,,,,,,,,,,,,,,,,,
EUR,urate,UA,sumher_ldak,insample10,20000,24,0.036451,0.060994,-0.008449,0.038334,-1.860442,10.156119,-1.936455e-06,8.785618361845682e-06,-7.9689953242764116,36.15501090726365,-0.00947,0.025918,-4.086303,14.212216,-4.064239e-06,1.1123277394724991e-05,-12.356880198502632,33.81912485494313,-0.008753,0.017431,-6.574639,17.994098,-6.411014e-06,1.276712183696858e-05,-14.985628775911987,29.842915393048692,-0.006595,0.008032,-10.174459,21.427163,-9.799378e-06,1.1934328636333088e-05,-16.137818203885573,19.65369903258849,0.05009,0.031774,18.584228,29.692898,1.138177e-05,7.2198324080272115e-06,37.112398796144845,23.541619587114887,-0.000186,0.029795,-0.074073,11.872529,-4.449066e-08,7.116565182726847e-06,-0.1404986977918751,22.47366393135369,0.03089,0.024082,16.463709,28.899819,9.780415e-06,7.624831145671358e-06,26.92853714751279,20.99354155725741,-0.013239,0.012194,-11.016019,21.415277,-6.492315e-06,5.980028428026074e-06,-14.445099505231006,13.305285662656049,0.011631,0.017309,15.737616,32.637836,6.47586e-06,9.637295263713776e-06,11.37295367138609,16.925089880214426,0.005659,0.021244,5.205579,20.496816,2.123263e-06,7.970222707051541e-06,4.500572114489757,16.894073914361634,0.006846,0.019724,6.748551,21.769354,2.738277e-06,7.889745876769416e-06,5.612285723378901,16.170573008238588,0.016532,0.014121,20.892505,38.48863,8.454789e-06,7.221748403260806e-06,15.352987985760365,13.113918806424056,-0.014802,0.010833,-47.329606,88.883743,-1.519217e-05,1.111802140670722e-05,-17.45948232969141,12.77729898306401,-0.002633,0.016687,-4.228218,28.200269,-1.35308e-06,8.575924439965641e-06,-2.18475299944087,13.847131465392437,-0.016689,0.016556,-24.691658,48.899616,-7.887444e-06,7.824518515538193e-06,-13.258585255958993,13.152809176850296,-0.002047,0.010974,-3.33253,18.795142,-1.063776e-06,5.702065415268401e-06,-1.706276296206007,9.146003535978,-0.005221,0.008415,-28.950408,69.230944,-7.813503e-06,1.259426059758968e-05,-6.831056416942158,11.010695800821573,-0.012314,0.013969,-28.615163,59.16537,-7.711893e-06,8.74885478219864e-06,-10.379182506091777,11.774795177232551,0.013625,0.015299,26.083262,51.517333,7.026491e-06,7.889536108035757e-06,10.405878720654544,11.684004989467,0.020626,0.012726,39.472689,69.752255,1.062441e-05,6.555088862860671e-06,15.736597228800091,9.709225569592247,-0.014206,0.014724,-21.736227,44.788407,-3.827505e-06,3.967005167629607e-06,-6.3288281376887925,6.559493436912846,0.007361,0.026356,3.444154,13.027089,5.922219e-07,2.120523756056508e-06,1.7336753214609204,6.207638900970709,-0.05252,0.029877,-14.226808,25.601774,-2.381008e-06,1.3544585634119634e-06,-8.950979181889464,5.091847824044436,0.040317,0.02166,7.564899,13.235236,1.230473e-06,6.610738234115763e-07,5.41721639379511,2.9104092114934703,,,,,,
EUR,bp_systolic,SBP,sumher_ldak,insample10,20000,8,0.201074,0.059352,0.032138,0.048131,0.702895,0.954387,2.786228e-06,4.17280481211379e-06,2.6380329073239093,3.950859875859313,0.080972,0.042531,2.243814,1.132038,7.276483e-06,3.821977236980879e-06,6.307591593205093,3.3130664208796787,0.019256,0.032835,0.712728,1.18506,2.106917e-06,3.592613254999764e-06,1.623144734007922,2.7677081186301726,0.016055,0.016241,0.89399,0.91356,2.435485e-06,2.4636393810783264e-06,1.5690155666719765,1.5871534990270963,0.020533,0.017178,4.463764,3.794301,4.688214e-06,3.92208362990898e-06,1.583367257096955,1.3246193111478806,0.004084,0.028439,0.288347,2.000043,2.911664e-07,2.0276705846857868e-06,0.1682956396732747,1.1720037686229503,0.027404,0.03206,1.178898,1.395318,1.141971e-06,1.3360089820057348e-06,0.8248326929437194,0.9649841251877564,0.000632,0.021659,0.019566,0.670828,1.819849e-08,6.24072672050299e-07,0.0150912897505366,0.5175188446570411,,,,,,,,,,,,,,,,,,,,,,,,,,,,,,,,,,,,,,,,,,,,,,,,,,,,,,,,,,,,,,,,,,,,,,,,,,,,,,,,,,,,,,,,,,,,,,,,,,,,,,,,,,,,,,,,,,,,,,,,,,,,,,,,,,,,,,
EUR,bp_systolic,SBP,sumher_ldak,insample10,20000,24,0.211005,0.061697,0.024252,0.038807,0.9225,1.383607,5.558233e-06,8.894012030574279e-06,3.9513874121069463,6.322816474361358,0.010115,0.026278,0.753999,1.926912,4.341088e-06,1.1278062776913418e-05,2.2800527129718127,5.923532909622622,0.003127,0.017628,0.405713,2.277487,2.290091e-06,1.2911413555455498e-05,0.9247358306947926,5.213612358481888,0.005402,0.008438,1.439588,2.268087,8.026097e-06,1.2538121868924389e-05,2.283323325328425,3.566937468999625,0.000185,0.031365,0.011849,2.009278,4.200713e-08,7.126932720322257e-06,0.023661862843566,4.014473364964202,0.06427,0.030456,4.415239,2.229881,1.53511e-05,7.274577650970536e-06,8.37451475716536,3.968514170984364,0.000606,0.023642,0.055764,2.174978,1.917623e-07,7.485670978609733e-06,0.0912085201457459,3.56043378837734,0.001361,0.012678,0.195705,1.820051,6.676594e-07,6.217268692922963e-06,0.2566212542489675,2.389666482611837,0.00692,0.017368,1.617628,4.020516,3.853152e-06,9.670346943103956e-06,1.1689842531289212,2.933827499870735,0.010639,0.021823,1.690461,3.448257,3.991345e-06,8.187226636657862e-06,1.4615036438223965,2.9979021012403715,0.010972,0.019862,1.868512,3.387877,4.38876e-06,7.944600682224375e-06,1.553892345002354,2.81287976198492,0.007984,0.013179,1.743065,2.905098,4.083242e-06,6.74002596434168e-06,1.2808903595532302,2.114308748015357,0.002894,0.011432,1.598367,6.292758,2.969905e-06,1.1733750466070088e-05,0.5896181036015364,2.329512795169505,-0.001848,0.016743,-0.5128,4.657856,-9.499341e-07,8.604656297610032e-06,-0.2649653280632426,2.400098679232264,0.001832,0.017081,0.468124,4.36157,8.65617e-07,8.072930694611468e-06,0.2513641712140164,2.344276433248429,0.003531,0.010396,0.992934,2.933737,1.834746e-06,5.401652524922351e-06,0.5083839369007969,1.49672672750896,0.008677,0.009009,8.312694,8.814487,1.29871e-05,1.3483601151027864e-05,1.9614216932517456,2.0364074967298524,0.015579,0.014755,6.254274,6.09474,9.757102e-06,9.241185530006416e-06,2.268504782665813,2.1485553366482857,0.001966,0.01538,0.650306,5.082405,1.014084e-06,7.931470859809043e-06,0.2594363926043773,2.029133866539258,-0.006121,0.011048,-2.023617,3.712235,-3.152937e-06,5.690967404580701e-06,-0.8067481928983674,1.456159025533651,0.014371,0.015399,3.798541,4.094857,3.871931e-06,4.148857674107416e-06,1.105991643931956,1.1850939284366828,-0.003659,0.026402,-0.295746,2.145056,-2.943745e-07,2.124253045190238e-06,-0.1488676015686205,1.0742522058205086,0.024623,0.030817,1.152253,1.457675,1.116299e-06,1.397089474586363e-06,0.724948121624777,0.9072993797747112,0.003327,0.021518,0.107839,0.6979,1.01537e-07,6.567296247315177e-07,0.0772227252204653,0.4994676950745175,,,,,,
EUR,alanine_aminotransferase,ALT,sumher_ldak,insample10,20000,8,-0.048226,0.058244,-0.029892,0.047542,2.725871,3.717379,-2.591531e-06,4.121713236022128e-06,10.2304477195053,16.271065935895574,0.006842,0.041701,-0.790476,5.227592,6.148209e-07,3.747405769328963e-06,-2.2221089298774057,13.544015539972696,4.5e-05,0.032336,-0.006991,4.992195,4.956546e-09,3.5380587897885474e-06,-0.0159207541709159,11.36447926327562,-0.019136,0.013758,4.442779,5.998099,-2.902904e-06,2.087036655164446e-06,7.797387953143938,5.605915480756192,-0.017273,0.016391,15.656038,22.550475,-3.943784e-06,3.742448396437819e-06,5.5534392931779335,5.269928570496896,0.01729,0.028243,-5.090047,10.917056,1.232742e-06,2.0136928762847626e-06,-2.970834616800152,4.852879600492753,-0.036421,0.031301,6.532744,9.355602,-1.517747e-06,1.304381462609769e-06,4.570722445217476,3.9281682838286422,0.03032,0.021045,-3.916149,5.5509,8.736087e-07,6.063762858159939e-07,-3.02052635403306,2.0965628567662997,,,,,,,,,,,,,,,,,,,,,,,,,,,,,,,,,,,,,,,,,,,,,,,,,,,,,,,,,,,,,,,,,,,,,,,,,,,,,,,,,,,,,,,,,,,,,,,,,,,,,,,,,,,,,,,,,,,,,,,,,,,,,,,,,,,,,,
EUR,alanine_aminotransferase,ALT,sumher_ldak,insample10,20000,24,-0.043017,0.060677,-0.018472,0.038277,3.446606,6.723311,-4.233597e-06,8.772353162065467e-06,14.763013110479262,30.590149402819097,-0.009486,0.025907,3.468353,9.757477,-4.070975e-06,1.111870496056083e-05,10.488113061300416,28.6452839237784,-0.009356,0.017362,5.955185,13.120966,-6.852934e-06,1.2716760593799036e-05,13.573571088331413,25.18802223007296,-0.002581,0.007549,3.37379,10.767429,-3.834703e-06,1.1217205534356585e-05,5.351153010896878,15.653098341389509,0.016172,0.031432,-5.084262,13.852261,3.674682e-06,7.142223043282812e-06,-10.153091753232486,19.73385612156419,0.01001,0.029914,-3.373144,11.943349,2.390934e-06,7.1450143456818895e-06,-6.397942996746041,19.119471509713545,0.01797,0.023663,-8.115712,16.598695,5.689614e-06,7.49215456327484e-06,-13.274177174983247,17.47960179640824,-0.018205,0.00938,12.83611,19.053517,-8.927602e-06,4.600105433574322e-06,16.831588437006214,8.672774774766955,-0.002196,0.017025,2.517969,19.346483,-1.222744e-06,9.479016299173664e-06,1.819619938545365,14.10614736672018,0.003388,0.021328,-2.640537,17.428005,1.271023e-06,8.001569221096572e-06,-2.282898855986636,14.371709419057908,0.002697,0.01948,-2.252535,16.799536,1.078611e-06,7.791949050141435e-06,-1.873253562781154,13.53249347465089,-0.001935,0.012251,2.072035,13.323801,-9.895458e-07,6.265326009075665e-06,1.5226334417991656,9.640579450888186,-0.016803,0.010674,45.526649,68.322636,-1.724563e-05,1.0955071884748175e-05,16.794224072130522,10.668321885530313,-0.000806,0.016755,1.096574,22.740104,-4.141243e-07,8.610618444687931e-06,0.5666030554268953,11.781010483749355,-0.016077,0.016499,20.15636,34.435729,-7.598444e-06,7.797629768076963e-06,10.823180260166884,11.10689933122364,-0.003271,0.010391,4.511432,15.604442,-1.699484e-06,5.399186049767131e-06,2.3098595716306045,7.338322441440485,-0.003195,0.008498,15.012775,44.027032,-4.781659e-06,1.2718360743429163e-05,3.542338165315088,9.421988197337848,-0.01189,0.013959,23.413903,41.900669,-7.446721e-06,8.742229120767769e-06,8.492519719691192,9.969965734204203,0.023872,0.015891,-38.724246,61.491081,1.231079e-05,8.194912446146085e-06,-15.448827237116149,10.283806855921004,0.016318,0.012359,-26.463274,42.870938,8.40578e-06,6.366085924647891e-06,-10.550021739251692,7.990019355607624,-0.014369,0.014754,18.629886,30.781795,-3.871403e-06,3.975016981095804e-06,5.424319294946972,5.569495427962378,0.024644,0.026477,-9.771179,18.254101,1.982784e-06,2.1303124184025216e-06,-4.918447469880809,5.284403003225541,-0.047919,0.029947,10.999186,16.587971,-2.172403e-06,1.3576313932728577e-06,6.92021223755755,4.324748852684854,0.018474,0.020762,-2.937318,5.336434,5.638276e-07,6.3367152374081e-07,-2.1033897568456728,2.3639463414724813,,,,,,
EUR,heel_bone_mineral_density,BMD,sumher_ldak,insample10,20000,8,0.022735,0.058504,0.001529,0.047576,0.295752,8.806034,1.325526e-07,4.124683018123938e-06,1.1099738981036833,34.53942425926835,0.017654,0.041828,4.326828,12.249505,1.586497e-06,3.758821623860329e-06,12.163043523476974,28.817395184484795,0.024018,0.032597,7.862431,20.525454,2.62794e-06,3.566645482803134e-06,17.905490566882502,24.30136800982732,0.007298,0.016075,3.594032,11.504882,1.107056e-06,2.4385397269677605e-06,6.307719063729596,13.894169331503107,-0.026855,0.016187,-51.633184,140.097849,-6.131547e-06,3.695755673742516e-06,-18.31492957004953,11.039221402478876,0.043504,0.028707,27.167385,69.971708,3.101758e-06,2.046765985646625e-06,15.85624973271599,10.46310918287032,-0.062241,0.030965,-23.681339,62.837948,-2.593701e-06,1.29035382744424e-06,-16.56882303385121,8.242910118774752,0.017828,0.020996,4.884498,13.642219,5.13674e-07,6.049628087742254e-07,3.7673810272078616,4.436910195848719,,,,,,,,,,,,,,,,,,,,,,,,,,,,,,,,,,,,,,,,,,,,,,,,,,,,,,,,,,,,,,,,,,,,,,,,,,,,,,,,,,,,,,,,,,,,,,,,,,,,,,,,,,,,,,,,,,,,,,,,,,,,,,,,,,,,,,
EUR,heel_bone_mineral_density,BMD,sumher_ldak,insample10,20000,24,0.015219,0.060919,0.017506,0.038582,9.232389,33.729884,4.012079e-06,8.842467981282149e-06,39.54476226817461,87.15513682152032,-0.047485,0.025442,-49.077654,203.074403,-2.037963e-05,1.0919084210683604e-05,-148.40523548889337,79.51318368437296,0.016322,0.017927,29.365625,118.282077,1.195523e-05,1.313058262226014e-05,66.93133858568945,73.51154861243685,-0.00053,0.008844,-1.957724,33.960464,-7.872316e-07,1.3141171941649647e-05,-3.105075447764691,51.83268856442066,-0.036782,0.030862,-32.686625,141.281863,-8.357941e-06,7.012575846292145e-06,-65.27274129463093,54.76588660101869,0.063113,0.030425,60.114023,236.495934,1.50746e-05,7.267045479422844e-06,114.01777927374236,54.96480088659606,0.005232,0.023658,6.678501,37.863139,1.656428e-06,7.490773658307932e-06,10.923237387696782,49.3975584131658,0.003259,0.0127,6.495311,35.247584,1.598228e-06,6.228191551325313e-06,8.516928864136698,33.18992308660271,0.00882,0.01724,28.583831,119.972688,4.910694e-06,9.59868168031423e-06,20.65580009036552,40.3748329502153,-0.003381,0.021568,-7.448774,58.736785,-1.26848e-06,8.091741468929911e-06,-6.439777873617938,41.07988905670688,0.028922,0.020041,68.289333,273.783279,1.156867e-05,8.016381976926998e-06,56.78964547845823,39.35175698585804,0.01018,0.012964,30.813058,128.184365,5.206082e-06,6.630032428276652e-06,22.642504928297612,28.83560841570054,0.009037,0.01144,69.210676,283.103683,9.275215e-06,1.1741039136294538e-05,25.53047334915799,32.31777233849444,-0.001302,0.016473,-5.009206,67.831417,-6.692663e-07,8.466026222496596e-06,-2.5882198104821126,32.740236263392816,-0.016397,0.016648,-58.105161,242.335155,-7.749339e-06,7.868322565833204e-06,-31.199589994456684,31.678629364146715,-0.004257,0.010258,-16.597802,77.709575,-2.212028e-06,5.329953095478421e-06,-8.49792942331059,20.476036123833616,-0.007673,0.008356,-101.921376,428.899122,-1.148472e-05,1.2505954581718263e-05,-24.0483802674702,26.186790047025266,0.006735,0.014443,37.486624,166.129072,4.217985e-06,9.045853746330415e-06,13.596606054712469,29.15916244780377,-0.025155,0.014478,-115.342351,468.409812,-1.297267e-05,7.466599627675238e-06,-46.01431555734066,26.48417568689951,-0.002592,0.011161,-11.883232,70.643108,-1.335385e-06,5.749156459864351e-06,-4.737353919464277,20.395458155327304,-0.020871,0.014645,-76.486054,316.439914,-5.623126e-06,3.945739474420479e-06,-22.269408454988177,15.626412072722545,0.03677,0.026721,41.20941,164.177461,2.958437e-06,2.149921859045114e-06,20.7428754425249,15.074027715761524,-0.043864,0.029941,-28.459319,116.722362,-1.988574e-06,1.3573669363882414e-06,-17.90501872576266,12.221662565115784,0.019615,0.020971,8.815384,36.386033,5.986514e-07,6.400482013098701e-07,6.312500540189445,6.7490105535806615,,,,,,
EUR,creatinine,CRT,sumher_ldak,insample10,20000,8,0.022146,0.058591,-0.025856,0.047547,-5.134567,20.371343,-2.241645e-06,4.122140220807633e-06,-19.27041265116056,35.43618327652647,-0.023943,0.04145,-6.024195,21.813196,-2.151645e-06,3.724847647891119e-06,-16.934535436878058,29.316436721756624,0.000508,0.032824,0.170675,10.936615,5.556879e-08,3.591452352461327e-06,0.3886882229339774,25.12120981274284,0.001969,0.017972,0.995309,9.155924,2.9864e-07,2.7262804331176204e-06,1.7468289953405496,15.946777759173091,-0.009795,0.016551,-19.333483,64.01878,-2.23642e-06,3.7788582931885658e-06,-6.857853790738056,11.58765244033104,0.026645,0.028597,17.081791,46.672361,1.899747e-06,2.038925697518181e-06,9.969835590280397,10.700242708662806,-0.00368,0.031843,-1.437557,13.282118,-1.533702e-07,1.3269709868719814e-06,-1.0058017729071136,8.702275743215703,0.0563,0.022044,15.835309,42.145841,1.62217e-06,6.351689539012435e-07,12.213720871477056,4.782344827717111,,,,,,,,,,,,,,,,,,,,,,,,,,,,,,,,,,,,,,,,,,,,,,,,,,,,,,,,,,,,,,,,,,,,,,,,,,,,,,,,,,,,,,,,,,,,,,,,,,,,,,,,,,,,,,,,,,,,,,,,,,,,,,,,,,,,,,
EUR,creatinine,CRT,sumher_ldak,insample10,20000,24,0.020729,0.060901,-0.023663,0.038274,-9.162281,35.793734,-5.423237e-06,8.771768350794496e-06,-39.24513636679453,63.47671051529969,-0.023047,0.025674,-17.48797,58.394665,-9.891259e-06,1.1018888328683616e-05,-52.88253516169202,58.91128212135271,0.004443,0.017686,5.868279,27.439765,3.254087e-06,1.295394148512336e-05,13.375453023984251,53.24529916062732,-0.005354,0.008603,-14.524542,49.555814,-7.955238e-06,1.2783379834769834e-05,-23.037247131018248,37.0188648564968,-0.000699,0.031279,-0.456208,20.84536,-1.588882e-07,7.107517850839349e-06,-0.9110284968843112,40.75287720692023,0.004483,0.02975,3.134972,21.085537,1.070788e-06,7.105957359849551e-06,5.94617986444821,39.4600056881147,-0.002476,0.02359,-2.320457,23.888633,-7.83911e-07,7.469287114577937e-06,-3.795363117972272,36.16310631208726,-0.009256,0.010816,-13.54408,43.348623,-4.53929e-06,5.303940987605349e-06,-17.759878064138746,20.75155920843538,0.006107,0.017217,14.531419,54.809873,3.400401e-06,9.586298555751328e-06,10.501154537604194,29.604509167464837,0.001984,0.021116,3.209744,34.42468,7.44507e-07,7.922064124961373e-06,2.7750052835657035,29.527955819776203,0.008429,0.019702,14.611071,52.882213,3.371416e-06,7.880792472841801e-06,12.150826892304789,28.402945561057816,0.012485,0.013962,27.746049,85.777858,6.385236e-06,7.140288509577187e-06,20.38910609137519,22.80011262618899,-0.009599,0.01096,-53.971806,174.718066,-9.851842e-06,1.1249328868870355e-05,-19.909487704351957,22.73365476192024,-0.011906,0.016532,-33.622542,112.114652,-6.118716e-06,8.496252703398129e-06,-17.372817648754406,24.12333713705169,-0.015005,0.016754,-39.040121,124.425809,-7.091869e-06,7.918260541305774e-06,-20.96296442368582,23.405707864156565,0.001054,0.011832,3.018182,34.823372,5.478797e-07,6.147970396805762e-06,1.545309500615799,17.340516656646756,-0.002854,0.008541,-27.835327,120.146877,-4.272195e-06,1.2783763139232516e-05,-6.567865523469999,19.65313783251276,-0.002909,0.014308,-11.888424,69.693726,-1.822018e-06,8.961100936826903e-06,-4.312071090831549,21.20775112634167,0.027853,0.015826,93.762081,278.089837,1.436373e-05,8.161450238774969e-06,37.40576958323269,21.253903205966413,0.01548,0.012698,52.096005,157.888115,7.973994e-06,6.54102285579251e-06,20.768876686240148,17.036593844168056,-0.007521,0.014919,-20.235806,75.297994,-2.026356e-06,4.019410404524524e-06,-5.8918865812407,11.686944558072373,0.028464,0.026779,23.421022,69.830804,2.290189e-06,2.1545909124471865e-06,11.789237692854952,11.09121753606585,-0.01898,0.03046,-9.041027,31.093215,-8.604679e-07,1.3809116553929149e-06,-5.688207906746751,9.128652674579405,0.043217,0.021642,14.259678,42.382803,1.318992e-06,6.605225961312755e-07,10.21121340784806,5.11355428221118,,,,,,
EUR,diastolic_blood_pressure,DBP,sumher_ldak,insample10,20000,8,0.170237,0.059169,0.004996,0.047948,0.129062,1.214626,4.331361e-07,4.156865405567037e-06,0.4843841216900976,4.648699562238153,0.078136,0.042639,2.557413,1.365838,7.021572e-06,3.831686312839296e-06,7.189163493711615,3.9231413363871694,0.015169,0.032681,0.663165,1.393514,1.659756e-06,3.5758397615105744e-06,1.5102749784080918,3.2537923156211987,0.006141,0.014685,0.403882,0.962078,9.315503e-07,2.227650331627475e-06,0.7088430138859529,1.695082246181298,0.029238,0.017299,7.507324,4.841768,6.675599e-06,3.949735434177839e-06,2.662970978609404,1.5755935661205531,0.013166,0.028587,1.09802,2.369827,9.387161e-07,2.0381847315687555e-06,0.6408668890816059,1.391480457503708,0.023363,0.031935,1.187099,1.642466,9.735645e-07,1.3307753379139543e-06,0.8305723716961537,1.1353179256289063,2.9e-05,0.021283,0.001063,0.778725,8.369702e-10,6.132283424630665e-07,0.0008197906462968,0.600641288298402,,,,,,,,,,,,,,,,,,,,,,,,,,,,,,,,,,,,,,,,,,,,,,,,,,,,,,,,,,,,,,,,,,,,,,,,,,,,,,,,,,,,,,,,,,,,,,,,,,,,,,,,,,,,,,,,,,,,,,,,,,,,,,,,,,,,,,
EUR,diastolic_blood_pressure,DBP,sumher_ldak,insample10,20000,24,0.177376,0.061572,0.011179,0.038669,0.505825,1.683084,2.561955e-06,8.862260998187764e-06,2.166617518863046,7.494717875766872,0.007744,0.026168,0.686738,2.284736,3.323684e-06,1.1230716807043085e-05,2.076652905229436,7.017003025905913,0.007267,0.017697,1.121688,2.715929,5.322392e-06,1.2962006017588482e-05,2.5566406676173528,6.2263718490610165,0.005713,0.008323,1.811355,2.683722,8.489278e-06,1.23663171558876e-05,2.872973726997037,4.185056054069356,-0.013375,0.031272,-1.019762,2.510248,-3.039094e-06,7.1058891069309545e-06,-2.0364227708002605,4.7614829893829285,0.077261,0.030643,6.313996,2.977076,1.8454e-05,7.31922058692044e-06,11.975910929616829,4.749882617490897,-0.008634,0.02343,-0.945699,2.624343,-2.733773e-06,7.418607686082342e-06,-1.546794142849116,4.197517100698413,-0.008573,0.013024,-1.466032,2.312105,-4.204346e-06,6.387111240615745e-06,-1.922356783321156,2.920384435349632,0.000908,0.017286,0.252622,4.795163,5.058352e-07,9.624402838618093e-06,0.1825574062866386,3.47347519365177,0.001369,0.021719,0.258785,4.096719,5.136333e-07,8.148440341562305e-06,0.2237338498940899,3.549384216813917,0.0178,0.019963,3.606068,4.145638,7.12001e-06,7.985349710563715e-06,2.9988696459755877,3.363341183440679,0.010028,0.01284,2.604275,3.425443,5.128368e-06,6.566746530817221e-06,1.913744291978652,2.4505015416643405,0.005317,0.011495,3.493604,7.546491,5.456832e-06,1.1798139683865418e-05,1.2887442037479635,2.786375708944381,-0.004083,0.016796,-1.347389,5.595049,-2.098162e-06,8.631941844104373e-06,-0.6961975283526644,2.8641909331831403,-0.003176,0.016886,-0.965639,5.16048,-1.501e-06,7.980733049037538e-06,-0.5185088571443324,2.7568825932248213,0.000647,0.009486,0.216457,3.173439,3.362227e-07,4.928690495456171e-06,0.1108257786779492,1.6245957278361558,0.007634,0.008932,8.699906,10.429138,1.142577e-05,1.3368167413673424e-05,2.05277881362467,2.401754178823528,0.016546,0.014733,7.90187,7.396464,1.036274e-05,9.227052617168713e-06,2.8661000428342525,2.551994540179639,0.002275,0.015267,0.89498,6.001647,1.173195e-06,7.873112472205639e-06,0.3570467295406551,2.396079986282558,-0.012164,0.010999,-4.783829,4.662257,-6.265613e-06,5.665712664793371e-06,-1.9071469806951589,1.724547430897344,0.023117,0.015546,7.268799,5.232541,6.228368e-06,4.188531962394462e-06,2.116393362254387,1.4232590692781768,0.004637,0.026576,0.445865,2.543466,3.73066e-07,2.138253259087894e-06,0.2244313722525142,1.2863437385355592,0.021504,0.030711,1.197099,1.731109,9.749071e-07,1.3922948681942342e-06,0.7531604670573441,1.075611669266449,0.006433,0.021294,0.248061,0.824705,1.96339e-07,6.499103015032152e-07,0.1776336585499369,0.5879929335756456,,,,,,
EUR,educational_qualification,EA,sumher_ldak,insample10,20000,8,0.223303,0.059524,0.004321,0.048019,0.085105,0.933509,3.746451e-07,4.1630457600175376e-06,0.3194073995540125,3.549245994226427,0.014684,0.042337,0.366403,1.027306,1.319569e-06,3.804542022372732e-06,1.0299959350755497,2.96965358982215,0.023197,0.033344,0.773121,1.084143,2.538104e-06,3.6483640169259434e-06,1.760680657252076,2.5308671178233806,-0.002832,0.019158,-0.141994,0.965904,-4.295976e-07,2.9061629341797063e-06,-0.2492097327804412,1.6858662344560291,-0.016063,0.016528,-3.144283,3.43748,-3.667467e-06,3.7737315749798633e-06,-1.1153259498979535,1.1476424337354136,0.062633,0.029543,3.982209,2.039066,4.46568e-06,2.106364640797029e-06,2.3242378341489083,1.0962927013699888,0.093295,0.033095,3.613952,1.533902,3.887761e-06,1.3791290730022336e-06,2.528550953273938,0.8969682375607966,0.044067,0.02302,1.22923,0.713294,1.269709e-06,6.632793529124814e-07,0.9481052708750112,0.4952777766865402,,,,,,,,,,,,,,,,,,,,,,,,,,,,,,,,,,,,,,,,,,,,,,,,,,,,,,,,,,,,,,,,,,,,,,,,,,,,,,,,,,,,,,,,,,,,,,,,,,,,,,,,,,,,,,,,,,,,,,,,,,,,,,,,,,,,,,
EUR,educational_qualification,EA,sumher_ldak,insample10,20000,24,0.245704,0.061779,0.003001,0.038586,0.098032,1.25031,6.87793e-07,8.843223959620157e-06,0.4199050859278934,5.398884136133847,0.032667,0.026742,2.091228,1.685525,1.402001e-05,1.1477164283916127e-05,6.323756533705885,5.176800346706632,0.005507,0.017893,0.613705,1.983146,4.033785e-06,1.3105697234409164e-05,1.3988083367776825,4.544703932107377,-0.004917,0.008591,-1.125469,1.999085,-7.306658e-06,1.2765034273357827e-05,-1.78509900875316,3.118641932887946,0.026257,0.031491,1.445253,1.66167,5.966332e-06,7.155546100752897e-06,2.8861165011799508,3.461379567267928,-0.00297,0.030081,-0.175196,1.783291,-7.09297e-07,7.184847249594106e-06,-0.3322988162396979,3.366031769347919,0.01681,0.024008,1.32919,1.887426,5.322492e-06,7.60161298672854e-06,2.1740409317028733,3.104977476736832,-0.01242,0.010799,-1.533191,1.401054,-6.090732e-06,5.29580305525045e-06,-2.0104240254821484,1.748034504965457,-0.013546,0.016935,-2.719178,3.557344,-7.542135e-06,9.42914259092522e-06,-1.965021656304858,2.4566610636848263,0.000854,0.021838,0.116543,2.976983,3.204196e-07,8.19302813372443e-06,0.1007581599156581,2.576354376858633,0.000164,0.019743,0.023944,2.886934,6.548831e-08,7.89701019373788e-06,0.0199123903838946,2.401166709650987,0.020187,0.01403,3.784686,2.751945,1.032382e-05,7.175228219366963e-06,2.7811715668804413,1.932960930119043,-0.003707,0.011114,-1.75831,5.326991,-3.804352e-06,1.1406918952986384e-05,-0.6486186998552944,1.9448097706628475,-0.00897,0.016803,-2.137128,4.074621,-4.609937e-06,8.635597257862365e-06,-1.1042593376940562,2.068561654651615,-0.003121,0.01701,-0.6851,3.74519,-1.475157e-06,8.039305318247342e-06,-0.3678716851654646,2.004825788023466,-0.008403,0.013197,-2.029288,3.241532,-4.366346e-06,6.857130595227132e-06,-1.0389975835058771,1.631694354553031,0.004732,0.008915,3.893292,7.338633,7.082823e-06,1.3342540987383177e-05,0.9186407330047284,1.7305249097422473,0.018262,0.014806,6.29609,5.25083,1.143758e-05,9.272778979356728e-06,2.283670904098116,1.8514384647180244,0.016873,0.016162,4.791961,4.695467,8.701379e-06,8.335079483724196e-06,1.9117256688737805,1.8312482884768908,0.010058,0.012272,2.855786,3.543842,5.181217e-06,6.32154648800434e-06,1.1385051770950323,1.3890777791858286,-0.017413,0.014737,-3.952534,3.587268,-4.691432e-06,3.9704042615330745e-06,-1.1508273697617044,0.9739563300055868,0.05072,0.027508,3.520842,2.010334,4.080813e-06,2.2132735935712965e-06,1.7722591139566055,0.961204127188925,0.081381,0.031732,3.27046,1.462553,3.68944e-06,1.4385694282863098e-06,2.0576303871381643,0.8023017503062488,0.033697,0.022598,0.938018,0.669438,1.028439e-06,6.897052268904448e-07,0.6717069680045382,0.4504689211236279,,,,,,
EUR,fluid_intelligence_score,FI,sumher_ldak,insample10,20000,8,0.044906,0.058631,-0.030244,0.047518,-2.961903,7.506396,-2.622061e-06,4.119581289403087e-06,-11.116239441961785,17.464983466681506,0.088743,0.04246,11.011225,13.438498,7.974733e-06,3.815587765993596e-06,30.953498612995524,14.809999359532847,-0.017719,0.032294,-2.936571,7.260168,-1.938698e-06,3.5334360047975964e-06,-6.687619070457375,12.188733887343528,0.011314,0.015778,2.820919,5.09213,1.716285e-06,2.393411581822065e-06,4.950883939840536,6.90415808672289,-0.019504,0.01629,-18.985479,31.017812,-4.453215e-06,3.7192996652595767e-06,-6.734408260304214,5.624539212292869,0.029783,0.028707,9.416409,14.364586,2.12352e-06,2.0467794214326075e-06,5.495908686745615,5.297295434987017,-0.044846,0.031195,-8.63857,13.143136,-1.868816e-06,1.2999723073973538e-06,-6.044061574992457,4.204326521013641,0.027379,0.020985,3.797775,5.65812,7.888745e-07,6.046546121547407e-07,2.9292097201789584,2.2451735571053506,,,,,,,,,,,,,,,,,,,,,,,,,,,,,,,,,,,,,,,,,,,,,,,,,,,,,,,,,,,,,,,,,,,,,,,,,,,,,,,,,,,,,,,,,,,,,,,,,,,,,,,,,,,,,,,,,,,,,,,,,,,,,,,,,,,,,,
EUR,fluid_intelligence_score,FI,sumher_ldak,insample10,20000,24,0.049837,0.061042,-0.016684,0.038285,-2.686955,8.122914,-3.823716e-06,8.774249255634353e-06,-11.509046557517015,26.40971327116208,-0.009004,0.025863,-2.841747,9.48229,-3.864273e-06,1.1099774772489756e-05,-8.593200666154255,24.68319188864792,-0.0055,0.017587,-3.021873,10.716385,-4.028699e-06,1.2881742894499953e-05,-6.887642882241152,22.023200233664294,0.014712,0.009554,16.600422,22.435821,2.185949e-05,1.419535839632096e-05,26.329577447609086,17.09819342960429,-0.01255,0.031137,-3.405778,10.470296,-2.851776e-06,7.075242752019184e-06,-6.80114738794067,16.873614464088845,0.092566,0.0308,26.923996,32.342055,2.210953e-05,7.356569852859415e-06,51.0670201701594,16.991681915407444,-0.00011,0.023652,-0.042902,9.226616,-3.484531e-08,7.488742217488862e-06,-0.0701709517298092,15.080714410645095,-0.015783,0.010863,-9.605502,13.728883,-7.739782e-06,5.327327660281466e-06,-12.595262956320976,8.669377604656985,-0.002032,0.017052,-2.010932,17.391558,-1.131331e-06,9.494026543042737e-06,-1.4531922130732378,12.1950564804291,5.6e-05,0.021573,0.037568,14.50848,2.095016e-08,8.093486269834527e-06,0.0324794624619518,12.547497655741672,-0.005098,0.019279,-3.675875,14.900374,-2.039207e-06,7.711586088477519e-06,-3.0569002215915098,11.560155110633168,0.010261,0.01257,9.484632,16.106217,5.24767e-06,6.42865149156493e-06,6.969701986005719,8.538224596458756,-0.00277,0.011093,-6.477727,27.756328,-2.842781e-06,1.1385069169750352e-05,-2.3895301311283186,9.569842286865764,0.002028,0.016854,2.381998,19.804039,1.042176e-06,8.661648226521325e-06,1.2307716753602538,10.229089231700618,-0.007839,0.016641,-8.48251,21.185846,-3.704624e-06,7.864720592621202e-06,-4.554729485343243,9.669449525025474,0.005932,0.010562,7.062357,15.142697,3.082191e-06,5.487896682700942e-06,3.615898851590772,6.438173141322891,0.004725,0.008854,19.165337,41.629505,7.071986e-06,1.325132068889739e-05,4.5221091106674765,8.473421471088786,0.030701,0.015195,52.183984,67.377118,1.922807e-05,9.516620198368746e-06,18.927593647642905,9.367904319761392,-0.00018,0.015394,-0.252692,21.568636,-9.306844e-08,7.938547726127241e-06,-0.1008092203021246,8.598820465907579,-0.010331,0.011263,-14.461437,23.925838,-5.321734e-06,5.801581680886688e-06,-5.765231174097467,6.285067905633899,-0.020712,0.014537,-23.178957,34.180247,-5.580323e-06,3.916666950354599e-06,-6.748766913384677,4.736763862109843,0.011461,0.026496,3.922608,9.776918,9.221692e-07,2.1318435683698744e-06,1.9744742418518817,4.564531339155458,-0.044848,0.029969,-8.885716,12.706995,-2.033198e-06,1.358657425549207e-06,-5.590451988161423,3.735744922969552,0.030836,0.02085,4.232032,5.877815,9.411341e-07,6.363550109805061e-07,3.030492131666564,2.0490904045693528,,,,,,
EUR,hand_grip_strength,GRIP,sumher_ldak,insample10,20000,8,0.151978,0.059099,0.031625,0.047857,0.915123,1.225368,2.741771e-06,4.149044468308336e-06,3.434550666367392,5.197408333305858,-0.013745,0.041865,-0.503941,1.611346,-1.235207e-06,3.76213901922829e-06,-1.4166317898205203,4.3147146448838045,0.072,0.033476,3.525812,1.870467,7.877862e-06,3.662755793115342e-06,8.029590200450796,3.733300738581525,-0.0118,0.01739,-0.869302,1.361181,-1.789985e-06,2.6380553443777483e-06,-1.525690272969431,2.2485414003313733,-0.008851,0.016645,-2.545629,5.005933,-2.020816e-06,3.800522332522202e-06,-0.9029759776041046,1.698215160912952,0.07464,0.029289,6.972705,3.594435,5.32172e-06,2.088294040598689e-06,4.069666492008894,1.5969762186823708,-0.042239,0.031264,-2.404089,2.064469,-1.760171e-06,1.3028180993523233e-06,-1.682057527637194,1.2450011908829068,0.050348,0.02253,2.063562,1.200102,1.450694e-06,6.491569147748485e-07,1.591629612144387,0.7122228178264602,,,,,,,,,,,,,,,,,,,,,,,,,,,,,,,,,,,,,,,,,,,,,,,,,,,,,,,,,,,,,,,,,,,,,,,,,,,,,,,,,,,,,,,,,,,,,,,,,,,,,,,,,,,,,,,,,,,,,,,,,,,,,,,,,,,,,,
EUR,hand_grip_strength,GRIP,sumher_ldak,insample10,20000,24,0.138126,0.061305,-0.064984,0.037999,-3.776051,3.277465,-1.489332e-05,8.708641685130924e-06,-16.174158542099217,9.45759248452606,8.3e-05,0.026225,0.009421,2.985471,3.550468e-08,1.125495446459025e-05,0.0284871637499011,9.03040756402996,0.022397,0.017962,4.439635,3.863659,1.640455e-05,1.3155987230154946e-05,10.119209293208517,8.115320946976084,-0.003869,0.008001,-1.575311,3.361038,-5.749313e-06,1.188821685535724e-05,-2.4985973395999093,5.166507199622355,0.059775,0.031838,5.852603,3.395746,1.358241e-05,7.234356225677583e-06,11.687458158773104,6.225053999493938,-0.014697,0.029828,-1.542363,3.325276,-3.510388e-06,7.124502789668904e-06,-2.925449354568733,5.9373414242699205,0.054586,0.024508,7.677771,4.517123,1.728332e-05,7.759954252442472e-06,12.557889626036228,5.638306124359384,0.007559,0.012184,1.659877,2.731865,3.706919e-06,5.97488744663864e-06,2.1765470671983818,3.508202836053812,0.014944,0.017566,5.336326,6.379697,8.320765e-06,9.780393652609283e-06,3.856320200738006,4.532795916448422,-0.017818,0.021304,-4.325061,5.696274,-6.684816e-06,7.992619095140215e-06,-3.73927497477834,4.470818727904149,0.009563,0.020035,2.487797,5.250823,3.825112e-06,8.014078237701451e-06,2.068905062760558,4.334609558972324,0.002166,0.012537,0.722396,4.184361,1.107771e-06,6.41155129434367e-06,0.530852833893619,3.072467300783861,-0.002185,0.0112,-1.844149,9.55505,-2.243083e-06,1.1495594808447275e-05,-0.6802850191751307,3.4863983787911947,0.015797,0.017349,6.694937,7.718716,8.118487e-06,8.916229023527828e-06,3.459298042985486,3.799216973790832,-0.006861,0.016871,-2.678991,6.74598,-3.242797e-06,7.973450946735673e-06,-1.438515916088586,3.5370502973300115,-0.012967,0.006676,-5.570071,3.739813,-6.737508e-06,3.468604906875385e-06,-2.8518880640786293,1.4682094526525944,-0.003721,0.008515,-5.445693,12.828459,-5.569378e-06,1.2744335996826196e-05,-1.2849398433685606,2.9403113057864205,0.011695,0.014559,7.17245,9.303056,7.324782e-06,9.118231188119766e-06,2.6015421647843744,3.238521351781595,0.011274,0.015693,5.695504,8.220224,5.813948e-06,8.09319096524974e-06,2.2721940632635,3.1629626656616554,-0.014987,0.010691,-7.568956,6.423058,-7.719804e-06,5.507177135338939e-06,-3.0174931548517203,2.1526283968402766,-0.00634,0.015037,-2.560045,6.29691,-1.708211e-06,4.051346689682333e-06,-0.7453891415651112,1.7678318610552026,0.06272,0.027295,7.744823,4.516158,5.046332e-06,2.1960831040741604e-06,3.898460474794737,1.696547746085206,-0.043703,0.029999,-3.124141,2.621705,-1.981282e-06,1.3600202204379169e-06,-1.96557671413022,1.349239571166052,0.0577,0.022294,2.857163,1.658278,1.761028e-06,6.80430084578864e-07,2.045994061505384,0.7905359326018448,,,,,,
EUR,haemoglobin_concentration,Hb,sumher_ldak,insample10,20000,8,-0.011998,0.058349,-0.011491,0.047473,4.211889,18.113586,-9.962552e-07,4.1156907075240725e-06,15.808156164026403,65.30603948403267,-0.02732,0.041286,12.687237,58.012589,-2.4551e-06,3.7101482450166326e-06,35.66631926656268,53.89895801924175,-0.020094,0.032267,12.46401,59.422311,-2.198614e-06,3.530526872861896e-06,28.386109175076047,45.58231743207203,-0.000502,0.017251,0.468161,15.99468,-7.610546e-08,2.61693714101046e-06,0.8216836935977581,28.254143341865767,-0.020242,0.016372,73.745078,356.356547,-4.621754e-06,3.738129211249927e-06,26.15942044206,21.15804815743827,0.038479,0.028686,-45.531954,228.070619,2.743526e-06,2.0452894660658672e-06,-26.575885712142973,19.812234000485656,0.003883,0.031533,-2.799115,27.424469,1.617957e-07,1.3140342461290723e-06,-1.9585056383584911,15.906130262052317,0.02529,0.021703,-13.128943,65.19938,7.286686e-07,6.253384683513401e-07,-10.126704056158085,8.690668987143399,,,,,,,,,,,,,,,,,,,,,,,,,,,,,,,,,,,,,,,,,,,,,,,,,,,,,,,,,,,,,,,,,,,,,,,,,,,,,,,,,,,,,,,,,,,,,,,,,,,,,,,,,,,,,,,,,,,,,,,,,,,,,,,,,,,,,,
EUR,haemoglobin_concentration,Hb,sumher_ldak,insample10,20000,24,-0.038154,0.060694,-0.056331,0.038038,11.849691,17.115601,-1.291004e-05,8.71776978360865e-06,50.75667012947438,34.27448444554188,-0.012406,0.025752,5.114523,12.030991,-5.32455e-06,1.1052171732288636e-05,15.466137920908382,32.103072060012764,-0.014796,0.017212,10.617993,19.817614,-1.083743e-05,1.2606656971616227e-05,24.20159126933877,28.1525379448648,0.003329,0.008442,-4.905985,15.019604,4.945869e-06,1.2544197861959929e-05,-7.781409831894104,19.73597452263292,0.013534,0.0314,-4.797374,15.273065,3.075375e-06,7.134919060507974e-06,-9.580246256810538,22.22632414651146,0.001831,0.029991,-0.695767,11.653863,4.374207e-07,7.163516594522553e-06,-1.3196906927873313,21.61220577219828,0.000825,0.023374,-0.419932,12.000017,2.611188e-07,7.400714830339026e-06,-0.6868517225697566,19.466977212923407,-0.010114,0.011354,8.040314,15.304367,-4.959947e-06,5.568138827292294e-06,10.543076613406212,11.835875312825818,0.012744,0.017415,-16.474732,36.92586,7.095877e-06,9.696595278756352e-06,-11.905599514586084,16.2691348854975,-0.00726,0.021297,6.380044,20.317433,-2.723878e-06,7.990031914829877e-06,5.5159580817726255,16.18012301366914,-0.028563,0.01897,26.901023,45.363049,-1.142523e-05,7.588000395361087e-06,22.371583117508838,14.857957480112912,-0.001035,0.012677,1.249647,15.362392,-5.293326e-07,6.483448156652446e-06,0.9183075395370822,11.247747303777889,-0.003082,0.011171,9.413424,36.126283,-3.162742e-06,1.1465810045522295e-05,3.472519467309907,12.588838606359186,-0.005056,0.016475,7.75798,27.324882,-2.598627e-06,8.466994744299774e-06,4.008595069310173,13.0610331470716,0.022661,0.017162,-32.030971,57.63433,1.07099e-05,8.1111725416243e-06,-17.199494557706547,13.02608502285604,0.012813,0.012781,-19.925306,37.931353,6.657487e-06,6.641239342171007e-06,-10.20184847096159,10.176950766590643,0.001154,0.008778,-6.112826,48.090716,1.726881e-06,1.3138177194725302e-05,-1.4423606713736097,10.973535570319802,-0.002875,0.014346,6.383191,32.92597,-1.80066e-06,8.984570106577165e-06,2.3152785193535284,11.55230980495149,-0.009391,0.015216,17.175581,38.287822,-4.84303e-06,7.846938893606857e-06,6.852148979248311,11.102222024239392,-0.009097,0.010771,16.633024,32.73851,-4.686065e-06,5.5480501079208e-06,6.631071148690382,7.850833268877444,-0.020108,0.014625,29.392508,49.313402,-5.417482e-06,3.9401789299472176e-06,8.55804143002591,6.224333467873717,0.036601,0.026799,-16.361857,29.882343,2.944853e-06,2.1561852888840515e-06,-8.235999213780296,6.030297724203445,0.006083,0.030421,-1.574265,8.428298,2.757786e-07,1.3791504631475132e-06,-0.990466125308218,4.953255312235074,0.030386,0.021827,-5.447045,9.561312,9.273827e-07,6.661715244589789e-07,-3.900609350470088,2.801944523357624,,,,,,
EUR,igf_1,IGF-1,sumher_ldak,insample10,20000,8,0.055446,0.058738,0.040002,0.048055,3.172764,3.397247,3.468015e-06,4.166139700010071e-06,11.907764047505635,14.304842550180965,-0.005696,0.041678,-0.572393,4.433015,-5.118537e-07,3.745357125829258e-06,-1.6090650082383096,11.773917223862728,-0.01145,0.032461,-1.536934,4.987661,-1.252841e-06,3.5517404184427667e-06,-3.5001888270843424,9.92285703400291,-0.016599,0.017114,-3.351789,5.211782,-2.517948e-06,2.5961211450931948e-06,-5.882666757161421,6.065302205527508,-0.005796,0.016555,-4.569359,14.471714,-1.323362e-06,3.779925925200122e-06,-1.620834189701445,4.6295973241661965,-0.007852,0.028221,-2.010571,7.763335,-5.598372e-07,2.012140651147429e-06,-1.173489092382158,4.217699549905296,0.011525,0.031847,1.797989,5.178579,4.802672e-07,1.3271232045292557e-06,1.2579964490368285,3.476223816101079,0.051312,0.021841,5.764481,6.514991,1.478462e-06,6.293160573193727e-07,4.446178217719928,1.892541942988579,,,,,,,,,,,,,,,,,,,,,,,,,,,,,,,,,,,,,,,,,,,,,,,,,,,,,,,,,,,,,,,,,,,,,,,,,,,,,,,,,,,,,,,,,,,,,,,,,,,,,,,,,,,,,,,,,,,,,,,,,,,,,,,,,,,,,,
EUR,igf_1,IGF-1,sumher_ldak,insample10,20000,24,0.056097,0.061067,0.025945,0.038688,3.71213,5.27718,5.946186e-06,8.86668596489128e-06,15.900268711090591,23.70976781059774,-0.007424,0.025912,-2.081588,8.027166,-3.186159e-06,1.1120669943847807e-05,-6.294581382469848,21.97001530342221,-0.008506,0.017439,-4.151635,10.057076,-6.230141e-06,1.2772975377726207e-05,-9.462718732516038,19.400375268677852,-0.016874,0.007749,-16.915921,20.228287,-2.507303e-05,1.1513665793308402e-05,-26.83014004672388,12.320539866367907,0.017244,0.031398,4.157226,7.563018,3.918256e-06,7.134460736453737e-06,8.301791833944243,15.11611489435286,-0.008276,0.029591,-2.138561,8.403249,-1.97675e-06,7.0678907744814505e-06,-4.056252754598926,14.503175122395206,0.003326,0.023658,1.151938,8.139685,1.053131e-06,7.4905547191112625e-06,1.8841162116924643,13.401063667147795,-0.008843,0.011628,-4.781222,8.336979,-4.336484e-06,5.702209220994964e-06,-6.269436586550011,8.243922752688276,0.009676,0.017214,8.507484,16.572908,5.387455e-06,9.58418854155113e-06,6.147935256625035,10.93706966290092,0.016125,0.021693,9.6376,15.733722,6.049614e-06,8.138700141914555e-06,8.332233062741157,11.20956583514198,-0.003131,0.019382,-2.005601,12.753927,-1.252377e-06,7.752982006944167e-06,-1.6678895533246938,10.325259643459193,0.0039,0.013968,3.202343,11.831823,1.994362e-06,7.143653826999178e-06,2.353227624840478,8.429083349959468,-0.004098,0.011069,-8.514056,25.500063,-4.205788e-06,1.1360206864313697e-05,-3.140716526617518,8.483354235768372,-0.00998,0.016503,-10.414891,21.264437,-5.129143e-06,8.481152044386422e-06,-5.381377862061303,8.898227999577523,-0.009768,0.016924,-9.390798,19.589468,-4.616496e-06,7.998811161666464e-06,-5.042468238082989,8.73687559246815,0.001659,0.009604,1.754694,10.316598,8.619885e-07,4.990324638738446e-06,0.8984014670247473,5.201130846145119,-0.011289,0.00823,-40.679086,54.60872,-1.689609e-05,1.2317349552562028e-05,-9.59838385461011,6.997278605695191,-0.008575,0.01397,-12.948562,25.970241,-5.370445e-06,8.749111954935769e-06,-4.696585549610444,7.651312466560092,0.033982,0.015998,42.271704,49.212352,1.752469e-05,8.250296964352254e-06,16.86399329661583,7.939253287899891,0.006085,0.012506,7.566517,17.455583,3.134209e-06,6.441787795325145e-06,3.016503070926993,6.1998649952374985,0.001537,0.015069,1.527938,14.886955,4.14058e-07,4.059894087288485e-06,0.4448755384611416,4.362064175013331,-0.000227,0.02644,-0.069085,8.047498,-1.828149e-08,2.1273130940225982e-06,-0.0347748050535921,4.046546432079103,-0.00896,0.030428,-1.5771,5.731964,-4.061968e-07,1.3794553272940737e-06,-0.9922383331784832,3.3696682363043,0.04257,0.021365,5.190401,6.184228,1.299253e-06,6.520656408675434e-07,3.7167866692999434,1.8653710104844927,,,,,,
EUR,neuroticism_score,NEURO,sumher_ldak,insample10,20000,8,0.048825,0.058672,0.114068,0.048575,10.274307,10.509114,9.889228e-06,4.211278903136196e-06,38.56022965403647,16.42068335790524,0.000372,0.041602,0.042504,4.730325,3.346916e-08,3.738503711379728e-06,0.1194814611141695,13.346073992188495,-0.063366,0.031495,-9.658888,13.515689,-6.933214e-06,3.446000580383004e-06,-21.996728306276164,10.93298699707739,-0.000591,0.014366,-0.135443,3.314024,-8.959678e-08,2.1792429878285714e-06,-0.2377102236892901,5.781774056054768,-0.003831,0.016701,-3.429952,15.992639,-8.74738e-07,3.813140438011692e-06,-1.2166506466462392,5.303599225893753,0.012058,0.028486,3.506435,8.840916,8.597552e-07,2.0309906449809167e-06,2.0465392770663984,4.834518158550089,-0.00701,0.031143,-1.241978,5.824399,-2.921303e-07,1.2977692398882015e-06,-0.8689625526270873,3.860307785307332,-0.002876,0.020511,-0.366908,2.667628,-8.286559e-08,5.909951776453003e-07,-0.282995086804121,2.0183134108928527,,,,,,,,,,,,,,,,,,,,,,,,,,,,,,,,,,,,,,,,,,,,,,,,,,,,,,,,,,,,,,,,,,,,,,,,,,,,,,,,,,,,,,,,,,,,,,,,,,,,,,,,,,,,,,,,,,,,,,,,,,,,,,,,,,,,,,
EUR,neuroticism_score,NEURO,sumher_ldak,insample10,20000,24,0.034654,0.06101,0.051387,0.038867,11.901384,18.922146,1.177697e-05,8.90757374373067e-06,50.978353891347,38.55774843794055,-0.021842,0.025714,-9.91382,22.797345,-9.374201e-06,1.103584160814208e-05,-29.979192774103208,35.29320770857811,-0.03728,0.01667,-29.454318,54.765835,-2.730539e-05,1.2209828008616666e-05,-67.13557376508909,30.020219778275827,-0.020343,0.006783,-33.010398,59.521676,-3.022613e-05,1.0077842030911182e-05,-52.35822685100804,17.45701283039116,0.035901,0.031718,14.010699,24.004719,8.157737e-06,7.207193628590812e-06,27.979180958568158,24.71903356749326,0.002262,0.0299,0.946353,12.299801,5.40386e-07,7.141737183626964e-06,1.7949965406212265,23.722660355072826,-0.019601,0.023059,-10.988871,24.482721,-6.206222e-06,7.301015682766337e-06,-17.973756812110437,21.14437420437854,0.003057,0.010888,2.675879,10.396075,1.499291e-06,5.339226535744667e-06,3.5088351498288235,12.495550057673707,0.018672,0.017567,26.574342,49.773037,1.039599e-05,9.781242763575598e-06,19.204267559046947,18.068659463090825,0.010593,0.021678,10.248962,26.094812,3.974288e-06,8.133044940242245e-06,8.860930797918371,18.133146966663386,0.013454,0.019892,13.950712,30.902053,5.381555e-06,7.956977441214723e-06,11.601823489077768,17.15404706995411,0.013284,0.012519,17.657652,34.575011,6.793441e-06,6.4023808071685336e-06,12.97585609802674,12.22890903720032,0.00942,0.011588,31.683223,65.156818,9.66854e-06,1.1893548671443692e-05,11.687685743415912,14.3773578271234,0.000421,0.016795,0.711675,28.309139,2.165173e-07,8.631480174338582e-06,0.3677287186807693,14.659535957764064,-0.024863,0.01598,-38.693616,73.485852,-1.175087e-05,7.552411535397154e-06,-20.777198775013343,13.3537308898533,-0.000507,0.008848,-0.867916,15.237454,-2.633896e-07,4.597471043954492e-06,-0.4443793492160169,7.756650948070763,0.004717,0.008908,27.513606,68.760014,7.059652e-06,1.333297416182901e-05,6.492044058346234,12.260980525298685,0.006139,0.014515,15.005873,43.000209,3.844773e-06,9.090942195394271e-06,5.442882177473002,12.86966155134484,0.004804,0.015363,9.674373,34.703152,2.477673e-06,7.922911081162025e-06,3.8595825132112505,12.341874437256488,0.000764,0.011131,1.538084,22.51672,3.935797e-07,5.7339323330503296e-06,0.6131895910267166,8.933356121461545,-0.006328,0.014923,-10.183534,31.487268,-1.704805e-06,4.020529815832734e-06,-2.9650930190877545,6.992732242080364,0.007229,0.026529,3.557932,13.854658,5.816265e-07,2.134510014031323e-06,1.7909504302181896,6.572605663487534,-0.012427,0.029872,-3.5409,10.879246,-5.633932e-07,1.3542610531208525e-06,-2.227806001436003,5.35510705783044,-0.004259,0.02058,-0.840611,4.335883,-1.299896e-07,6.280939420182303e-07,-0.6019615879146586,2.908605201468975,,,,,,
EUR,sleep_duration,SLP,sumher_ldak,insample10,20000,8,0.059958,0.058734,0.017962,0.047997,1.317427,3.001502,1.557194e-06,4.161121243126664e-06,4.944416622312897,13.21243020585411,-0.031675,0.04124,-2.943581,5.515602,-2.846433e-06,3.7059546678285208e-06,-8.274691135234931,10.773353961770107,0.029931,0.032801,3.71527,4.789765,3.274947e-06,3.588917664143328e-06,8.46102299752469,9.272185135374492,0.030254,0.017968,5.64952,6.107249,4.589386e-06,2.7257397161137744e-06,9.915284031576071,5.888910516878642,0.005051,0.016828,3.682279,12.340636,1.153223e-06,3.842185575945025e-06,1.3061597827044993,4.351724061163118,5e-06,0.028295,0.001189,6.699777,3.580634e-10,2.0173651132107942e-06,0.0006940652774742,3.910433395503533,-0.030814,0.031269,-4.445447,6.492424,-1.284057e-06,1.303049116495614e-06,-3.110311409020164,3.1563151274047434,0.039244,0.021708,4.077001,4.521477,1.130743e-06,6.254679048520396e-07,3.144587551144075,1.7394214133873835,,,,,,,,,,,,,,,,,,,,,,,,,,,,,,,,,,,,,,,,,,,,,,,,,,,,,,,,,,,,,,,,,,,,,,,,,,,,,,,,,,,,,,,,,,,,,,,,,,,,,,,,,,,,,,,,,,,,,,,,,,,,,,,,,,,,,,
EUR,sleep_duration,SLP,sumher_ldak,insample10,20000,24,0.0574,0.061006,0.048756,0.038781,6.817405,6.938356,1.117401e-05,8.887881074811927e-06,29.20133949504737,23.226937568266862,-0.042442,0.025286,-11.630084,15.284083,-1.821504e-05,1.0852280866251111e-05,-35.16877825064775,20.95309476668362,-0.004919,0.017462,-2.346371,8.959116,-3.602883e-06,1.27902189191585e-05,-5.348056155087572,18.98557599997644,0.005697,0.007742,5.581514,9.38999,8.465214e-06,1.1503986265638531e-05,8.852823479946144,12.03073657977492,-0.011459,0.031098,-2.69998,8.623535,-2.603902e-06,7.0661955817823215e-06,-5.391770660045002,14.631620551001362,0.001405,0.029749,0.354858,7.450708,3.356292e-07,7.105604829991604e-06,0.6730707898257664,14.249579759783204,0.024085,0.023831,8.152035,11.081531,7.625958e-06,7.545484742546366e-06,13.333600618759254,13.192897211347708,-0.009234,0.008591,-4.8793,7.019201,-4.528258e-06,4.213099808929287e-06,-6.398080096199845,5.95278582422067,-0.003301,0.017223,-2.836102,15.507717,-1.837719e-06,9.58971688841751e-06,-2.0495215027353497,10.694959875778622,0.008297,0.021532,4.846489,13.062014,3.112869e-06,8.07827518719188e-06,4.190080170306247,10.873769719229973,0.019601,0.019783,12.270748,17.286895,7.84037e-06,7.913036711655014e-06,10.204612256667728,10.29919141765203,0.004324,0.012727,3.470545,10.702864,2.21161e-06,6.508919265131501e-06,2.5503291580569143,7.505792879080512,0.000567,0.011255,1.151708,22.782961,5.821407e-07,1.1552012811627245e-05,0.4248514159134842,8.430760810351423,-0.009543,0.016746,-9.731951,20.546956,-4.904162e-06,8.606075760763438e-06,-5.028532163180895,8.824326921045929,-0.001206,0.016573,-1.132903,15.67466,-5.698721e-07,7.832625996433125e-06,-0.6083252549542562,8.36114666122717,0.034117,0.012841,35.266887,39.262013,1.772728e-05,6.672028926795806e-06,18.05671855624537,6.796019949494776,-0.00514,0.008372,-18.101194,36.116011,-7.693024e-06,1.253035913292193e-05,-4.271070411340412,6.956698189956507,0.000684,0.014314,1.009268,21.093556,4.283215e-07,8.964661175973133e-06,0.3660745886202462,7.661848989869193,-0.031497,0.013992,-38.291521,44.524535,-1.624344e-05,7.215671832892624e-06,-15.27621735687911,6.786011540362017,-0.003237,0.011622,-3.933421,14.809384,-1.667159e-06,5.986838898784567e-06,-1.5681246567925082,5.631202358880339,0.008142,0.015238,7.91067,16.164243,2.19353e-06,4.1054281140948014e-06,2.3032902489475093,4.310856264992737,-0.001562,0.026419,-0.464032,7.918753,-1.25646e-07,2.1255928584750184e-06,-0.2335767040497434,3.951490489424792,-0.011873,0.030365,-2.04242,5.788483,-5.382663e-07,1.376596890887089e-06,-1.2850038756243,3.286351644088197,0.037136,0.021392,4.425062,5.308812,1.13341e-06,6.52883297381699e-07,3.168755208470869,1.8253124192497805,,,,,,
EUR,vitamin_d,ViTD,sumher_ldak,insample10,20000,8,0.047863,0.05874,0.009416,0.047836,0.865151,3.908271,8.163262e-07,4.147165296922706e-06,3.247007509815233,16.49570583861347,-0.005809,0.041755,-0.676224,5.203562,-5.220006e-07,3.752265982043384e-06,-1.9009428048102737,13.664434524212666,-0.001661,0.032581,-0.258251,5.146836,-1.817239e-07,3.564889900123144e-06,-0.5881361438559313,11.53750606898367,0.029756,0.018375,6.960612,9.061,4.51384e-06,2.7874360979222467e-06,12.216419999294883,7.544017974366354,-0.018175,0.016317,-16.598308,26.663035,-4.149693e-06,3.72550667695013e-06,-5.887707169552803,5.285859067669853,-0.01284,0.028092,-3.808689,10.007117,-9.154753e-07,2.002955066894912e-06,-2.222973266167891,4.863610811829559,0.029259,0.03198,5.287788,8.336437,1.219267e-06,1.3326616224683591e-06,3.699692352298903,4.043772211376537,0.017917,0.020942,2.33177,3.902125,5.162551e-07,6.0340815374007e-07,1.7985037989021797,2.102123265784815,,,,,,,,,,,,,,,,,,,,,,,,,,,,,,,,,,,,,,,,,,,,,,,,,,,,,,,,,,,,,,,,,,,,,,,,,,,,,,,,,,,,,,,,,,,,,,,,,,,,,,,,,,,,,,,,,,,,,,,,,,,,,,,,,,,,,,
EUR,vitamin_d,ViTD,sumher_ldak,insample10,20000,24,0.05027,0.061038,-0.010958,0.038309,-1.749536,7.272165,-2.511367e-06,8.779858768795772e-06,-7.493882997268522,26.1989722513267,0.015461,0.026073,4.837573,9.036252,6.635475e-06,1.1189982126884745e-05,14.62858018205497,24.66945482861369,-0.006261,0.017316,-3.409903,10.698128,-4.585564e-06,1.2683252737369858e-05,-7.772157020485406,21.49707905185489,-0.009195,0.008176,-10.286485,15.751687,-1.366313e-05,1.2148275597795764e-05,-16.315375399782646,14.506462050647018,0.035966,0.031653,9.675873,12.244727,8.172433e-06,7.192512773711285e-06,19.322403717777423,17.005539911911246,-0.008983,0.029653,-2.590418,9.647249,-2.145715e-06,7.082808764889816e-06,-4.913331309711043,16.218456815200966,-0.00723,0.023404,-2.794202,10.024221,-2.289198e-06,7.410244935223126e-06,-4.570244119037248,14.794101836463708,0.027492,0.014098,16.587711,21.319112,1.348209e-05,6.913413050006488e-06,21.750975474114146,11.153573199193284,0.00464,0.017215,4.552696,17.01158,2.583587e-06,9.58519848516451e-06,3.2900270708810404,12.20611595272742,-0.02366,0.021292,-15.780545,24.974881,-8.876723e-06,7.988206306800044e-06,-13.64322882093553,12.277608134501136,-0.004575,0.019286,-3.270025,14.603231,-1.829843e-06,7.714404059938785e-06,-2.719423119598237,11.46476979419548,-0.006614,0.012363,-6.061226,13.705252,-3.38274e-06,6.322527184599525e-06,-4.454093375145358,8.324945590586676,-0.014557,0.01073,-33.7499,49.594008,-1.494016e-05,1.1012606412652727e-05,-12.449942966088203,9.1770316881147,0.012354,0.017272,14.386627,25.626995,6.34923e-06,8.876559017997909e-06,7.43362230418202,10.39259675591801,0.009256,0.017229,9.929572,21.547457,4.374339e-06,8.142652516225901e-06,5.331800555113887,9.924927904790358,0.016924,0.012809,19.975992,28.19908,8.793877e-06,6.655475940907607e-06,10.227750345003663,7.740675284721559,-0.01144,0.008229,-45.999912,66.449717,-1.712159e-05,1.2315620163028735e-05,-10.853923193670584,7.807265290894986,0.000827,0.014482,1.394178,24.368549,5.181778e-07,9.069984564485212e-06,0.5056866845913662,8.851344893025894,0.024982,0.015843,34.678836,46.59729,1.288359e-05,8.170078946986987e-06,13.834954121562006,8.77338283825429,-0.000638,0.012216,-0.884966,17.004921,-3.284964e-07,6.292509038531451e-06,-0.3528069924166057,6.75819031392304,-0.010053,0.014811,-11.152825,22.404378,-2.708398e-06,3.990492450813559e-06,-3.2472863138832118,4.784478323046001,-0.011626,0.026205,-3.944512,10.5374,-9.353865e-07,2.1083863497945533e-06,-1.985523188896238,4.475422714214264,0.011752,0.030574,2.308385,6.448643,5.327918e-07,1.3860602440009596e-06,1.4523382874720268,3.7782645324222575,0.016404,0.020747,2.23186,3.894095,5.00647e-07,6.332129973397577e-07,1.5982189498681532,2.021410318350481,,,,,,
EUR,white_blood_cell_count,WBC,sumher_ldak,insample10,20000,8,0.053917,0.058723,0.034958,0.047871,2.851336,3.37675,3.030701e-06,4.150239752110714e-06,10.701307573444756,14.654362832517585,-0.001663,0.041573,-0.171817,4.364163,-1.494066e-07,3.7359242497673855e-06,-0.4829943242405377,12.077312571400704,-0.048308,0.031984,-6.668082,9.271933,-5.285588e-06,3.499537112247847e-06,-15.18564788485796,10.054271794659073,-0.005305,0.018464,-1.101569,4.154594,-8.046986e-07,2.800982684701925e-06,-1.9333266472852748,6.729494077557585,-0.022662,0.016354,-18.372914,25.272258,-5.174316e-06,3.733912157509869e-06,-6.517144917365963,4.70293013399383,0.023547,0.028529,6.200358,9.487084,1.678845e-06,2.034074482412087e-06,3.618865204105051,4.384586645556375,0.020785,0.031752,3.334672,6.0066,8.66165e-07,1.3231802598285693e-06,2.3331444066565528,3.5641830623696302,0.052564,0.022724,6.072664,7.032135,1.51454e-06,6.547538468768244e-07,4.6838388978001495,2.024879855590445,,,,,,,,,,,,,,,,,,,,,,,,,,,,,,,,,,,,,,,,,,,,,,,,,,,,,,,,,,,,,,,,,,,,,,,,,,,,,,,,,,,,,,,,,,,,,,,,,,,,,,,,,,,,,,,,,,,,,,,,,,,,,,,,,,,,,,
EUR,white_blood_cell_count,WBC,sumher_ldak,insample10,20000,24,0.04176,0.061018,-0.013555,0.03837,-2.605223,9.621095,-3.106599e-06,8.79368523430308e-06,-11.15912951872072,31.58755683512743,0.003213,0.026062,1.209995,9.620885,1.378736e-06,1.118516428131478e-05,3.658976919686388,29.68389738733983,-0.01682,0.017029,-11.028023,20.557566,-1.231973e-05,1.2472437612592016e-05,-25.136128737046477,25.4477003550316,0.002944,0.008254,3.96464,12.289515,4.374615e-06,1.2263824851978276e-05,6.288326796790613,17.628737259814102,0.023881,0.031421,7.733991,12.719804,5.426476e-06,7.139655453871706e-06,15.444578660524469,20.32054878089649,0.014833,0.030263,5.148814,11.699304,3.542927e-06,7.228282645276124e-06,9.765952598033836,19.924504704431463,-0.021589,0.022919,-10.043562,19.098405,-6.835437e-06,7.256751339270211e-06,-16.427471439582284,17.440007913175396,-0.016858,0.013115,-12.244263,20.688468,-8.267161e-06,6.431489718564432e-06,-16.05559140689755,12.4905479715386,0.01671,0.017433,19.736038,32.920494,9.30395e-06,9.706543153976086e-06,14.262384612007368,14.87953522053042,-0.013874,0.02107,-11.138927,24.670609,-5.205076e-06,7.90479854265749e-06,-9.630303308764583,14.625263408348294,-0.029236,0.018878,-25.156814,41.051087,-1.169422e-05,7.551375371414137e-06,-20.92100828847064,13.509441992258418,0.004972,0.012668,5.485034,15.855676,2.542965e-06,6.47860710338264e-06,4.030690729503364,10.268824616815037,-0.002032,0.011202,-5.671557,33.000388,-2.085634e-06,1.1497217054574555e-05,-2.092177882803524,11.533290709382548,0.00203,0.016798,2.846013,23.611007,1.043402e-06,8.632695986770298e-06,1.4705489712120674,12.166741296385863,0.014835,0.017111,19.15845,34.741093,7.011247e-06,8.086974712462009e-06,10.287388028909923,11.865770361118209,0.004672,0.012607,6.63872,20.127366,2.42778e-06,6.550487768097885e-06,3.399049242544288,9.171107137569606,0.00219,0.008798,10.598471,44.402623,3.277051e-06,1.3168401573463654e-05,2.500772854271616,10.049029200053813,-0.010927,0.013967,-22.164937,44.065967,-6.84353e-06,8.747530508663574e-06,-8.039541586771128,10.27629531922122,0.002592,0.015501,4.330895,26.416935,1.336605e-06,7.994046534765731e-06,1.727795363770014,10.333701086356836,0.003117,0.011169,5.20762,20.000276,1.605817e-06,5.753305137049485e-06,2.0761131345220654,7.43827743880013,-0.022755,0.014583,-30.390299,50.295186,-6.130777e-06,3.928931152361925e-06,-8.848548026329164,5.670624782766568,0.028204,0.026734,11.519321,18.997658,2.269226e-06,2.1509470007417665e-06,5.798424571678817,5.496192949261076,0.016211,0.030517,3.832964,8.809487,7.349147e-07,1.3834753340771927e-06,2.411546186844644,4.539730483670382,0.049001,0.022579,8.025602,12.235606,1.495531e-06,6.891073936622651e-07,5.747096276170004,2.648134031322401,,,,,,
EUR,whr,WHR,sumher_ldak,insample10,20000,8,0.188111,0.059234,0.010161,0.048061,0.237552,1.084395,8.809351e-07,4.166678533316435e-06,0.8915571682047592,4.216919173708892,-0.018834,0.04163,-0.557878,1.30282,-1.692514e-06,3.740990510546639e-06,-1.5682526920702045,3.466333772821882,0.083658,0.033567,3.309833,1.479546,9.153519e-06,3.672770071757828e-06,7.537713605913066,3.0244421780606223,0.007556,0.017716,0.449746,1.047989,1.146247e-06,2.6874566043008024e-06,0.7893356730265798,1.850652928631875,0.007605,0.016993,1.767168,3.917326,1.736371e-06,3.879974226718523e-06,0.6268425686555825,1.4006989350741843,0.045117,0.028881,3.40519,2.306158,3.216806e-06,2.0591507958379346e-06,1.9874591123587184,1.2722178499134886,-0.001527,0.031926,-0.070204,1.469859,-6.362053e-08,1.3304157245011802e-06,-0.0491190319540371,1.027164226452168,0.054374,0.022504,1.800485,0.92069,1.566681e-06,6.484222389770419e-07,1.3887155711140575,0.5747654180551488,,,,,,,,,,,,,,,,,,,,,,,,,,,,,,,,,,,,,,,,,,,,,,,,,,,,,,,,,,,,,,,,,,,,,,,,,,,,,,,,,,,,,,,,,,,,,,,,,,,,,,,,,,,,,,,,,,,,,,,,,,,,,,,,,,,,,,
EUR,whr,WHR,sumher_ldak,insample10,20000,24,0.209946,0.061572,0.041755,0.038885,1.596273,1.355386,9.569566e-06,8.911895982337316e-06,6.837388348209655,6.367487694853622,0.013583,0.026174,1.017596,1.923677,5.829318e-06,1.123348565673184e-05,3.077153686500688,5.92988095706307,0.024848,0.018241,3.240582,2.458,1.82e-05,1.336074473972166e-05,7.386207012338734,5.422265191571428,0.002471,0.008949,0.661764,2.394784,3.670995e-06,1.3296770284546543e-05,1.049619629172146,3.80184421260529,-0.01374,0.031193,-0.885075,2.09984,-3.122044e-06,7.087987020304143e-06,-1.7674619909728249,4.012674917745009,-0.027843,0.029614,-1.922395,2.217189,-6.65032e-06,7.073388155615384e-06,-3.646261706601582,3.8782230581008985,0.000484,0.023718,0.044832,2.19327,1.533943e-07,7.5095639021184175e-06,0.0733274433660881,3.5898147567191767,-0.00525,0.009557,-0.758427,1.406577,-2.574436e-06,4.686809149090669e-06,-0.9945002511465112,1.8105064083342668,0.003132,0.017237,0.735755,4.02501,1.743756e-06,9.597085495086516e-06,0.5316959794989838,2.9262877218174537,-0.01081,0.021346,-1.726292,3.49806,-4.055485e-06,8.008580398547548e-06,-1.4924801895566473,2.9472794477858737,0.038391,0.020683,6.570976,3.896597,1.535643e-05,8.27311247354948e-06,5.4645512256357325,2.9439685465409005,0.005754,0.013896,1.262573,3.053877,2.942811e-06,7.106628595895525e-06,0.9277999606134686,2.240554942660748,-0.006144,0.011182,-3.41104,6.366328,-6.306196e-06,1.147701616274892e-05,-1.2582903289395464,2.290036409060205,0.002914,0.017046,0.812488,4.742086,1.497534e-06,8.76051140059757e-06,0.4198144699572492,2.4558971283432016,0.014502,0.017434,3.725365,4.55625,6.85407e-06,8.239703878174264e-06,2.0003743398969744,2.4047744196148253,0.005639,0.011903,1.5936,3.386452,2.929875e-06,6.184649545447179e-06,0.8159247447992877,1.722328973776021,0.01301,0.00916,12.525823,9.320147,1.947113e-05,1.3709365412009411e-05,2.9555280667542365,2.0809482681582203,0.018148,0.014892,7.322274,6.256579,1.136592e-05,9.326491301663235e-06,2.655880870697912,2.1793264283769247,0.014091,0.015667,4.683381,5.328576,7.266575e-06,8.079339081880399e-06,1.8684086473597787,2.0773895549880312,0.005343,0.012099,1.775199,4.042943,2.752001e-06,6.2322355539565415e-06,0.7077118009996087,1.6026980543046236,-9.1e-05,0.01508,-0.024107,4.006868,-2.444923e-08,4.062986586244163e-06,-0.0070189890417158,1.1664194874638705,0.032853,0.026834,2.669022,2.230391,2.643308e-06,2.1589773041882584e-06,1.343485293695854,1.097319819559448,-0.010652,0.030576,-0.500989,1.454793,-4.829198e-07,1.386145735483827e-06,-0.3152002455813897,0.9047329934206432,0.047558,0.022247,1.54936,0.848688,1.451492e-06,6.789834313147855e-07,1.1094828277347806,0.5189973195582149,,,,,,
EUR,chronic_ischaemic_heart_disease_i25,CIHD,sumher_ldak,insample10,20000,8,0.0957962999121273,0.1632016100195428,-0.0415199801924133,0.1325886199352772,-1.906048,8.326602,-3.599573709439472e-06,1.1494795855485652e-05,-19.89386378703154,63.52860684838589,-0.0260215977669398,0.1150545626604503,-1.513608,7.952088,-2.338509849155755e-06,1.0339186935724692e-05,-11.832752003591969,52.3158091351959,-0.0199423829845811,0.0901064218495903,-1.54928,8.019626,-2.181950601674027e-06,9.85912478851414e-06,-9.812038562853417,44.33561078177743,0.0091660987752306,0.0498211952543258,1.071166,5.888458,1.3902752622721975e-06,7.557924342897727e-06,5.228138703344235,28.421621132401945,0.046039067118915,0.0476575954827452,21.007452,39.38197,1.051164925991103e-05,1.0881350453579806e-05,20.72285586170012,21.45169149527808,0.107295638029718,0.080606605885941,15.902026,28.220549,7.65013282730783e-06,5.747218284268484e-06,25.81101572927467,19.39071449914052,0.0338834185307678,0.0886325042674081,3.059662,9.202056,1.4120286171992636e-06,3.6934331896834655e-06,5.9533141712660615,15.57204144515157,-0.01310396159857,0.0596185757109816,-0.852111,4.172,-3.775895966917006e-07,1.717834236632553e-06,-1.827744710900182,8.31527793063641,,,,,,,,,,,,,,,,,,,,,,,,,,,,,,,,,,,,,,,,,,,,,,,,,,,,,,,,,,,,,,,,,,,,,,,,,,,,,,,,,,,,,,,,,,,,,,,,,,,,,,,,,,,,,,,,,,,,,,,,,,,,,,,,,0.109145129224652,0.109145129224652,2.780976570154943,1098.0,8962.0,10060.0
EUR,chronic_ischaemic_heart_disease_i25,CIHD,sumher_ldak,insample10,20000,24,0.1223156924851248,0.1699287923427476,0.0565678444135217,0.1074068770925242,3.711787,6.718909,1.2964239773732368e-05,2.4616206480882288e-05,44.2148154249533,83.95409565164205,0.0207321803305051,0.0721969327377924,2.666136,9.275127,8.898229550040228e-06,3.098558303879964e-05,22.421145715533317,78.07533717654468,-0.0113714131953635,0.0485252601726336,-2.545559,11.781699,-8.329339077966483e-06,3.554230584289479e-05,-16.135535593043482,68.85229855798818,0.0171002249298827,0.0256823186253809,7.861317,15.667101,2.5407099279115516e-05,3.8158352998731214e-05,34.67576026595388,52.07874721122862,-0.0987469160530617,0.0859544238303489,-10.918188,20.104946,-2.2438223246021483e-05,1.9531263922652924e-05,-60.6348467894318,52.77936593148036,-0.0937828728753351,0.0815437949900832,-11.114213,19.645404,-2.240048539396448e-05,1.9477194359359133e-05,-58.62535405930576,50.97467288396352,0.0247367865915282,0.0653223586563694,3.929029,11.130265,7.832264544840417e-06,2.0682743666895835e-05,17.871764183542883,47.19415634740397,-0.0273842762863157,0.0380938170579824,-6.790834,13.693264,-1.3429830871107707e-05,1.868122537588396e-05,-24.7637320909078,34.446961006300555,0.0008871315258794,0.0477938633346828,0.357812,19.208673,4.940677412584132e-07,2.661051364982446e-05,0.719096071827659,38.73055096891377,-0.0114270327267666,0.0595462703201576,-3.132455,17.333213,-4.287381520629613e-06,2.234030676401882e-05,-7.531485836826786,39.24439734928573,0.0376293939707665,0.054276319719714,11.054515,21.315635,1.505147392869646e-05,2.171034153871477e-05,25.56619069247508,36.87683574425957,0.0289277182827517,0.0380103877608777,10.89491,20.445963,1.4794778667364876e-05,1.9439247031281564e-05,22.265026051229917,29.254600646544667,0.0112935458513992,0.0317559714545993,10.761019,32.59093,1.1590787751123664e-05,3.25933301426005e-05,11.039492361087207,31.04308584174959,0.0365781848272479,0.0477132150141483,17.506376,32.075452,1.8799012277527598e-05,2.4521537465898465e-05,25.155821236067325,32.81339486453046,-0.0846056501938238,0.0446652646932585,-37.303404,56.122064,-3.998591008701873e-05,2.110919312459343e-05,-55.7047822202377,29.407433850859423,-0.0149755588302843,0.0308827448115706,-7.264228,18.18565,-7.781050080324445e-06,1.60461384151693e-05,-10.3433680605022,21.33016930421029,-0.0111739638588825,0.0239942658472968,-18.464802,48.435241,-1.6722776884898464e-05,3.591362876318244e-05,-12.116441314947256,26.021119477403342,0.0647800682251892,0.0414337699187385,44.862843,66.942004,4.057177842105327e-05,2.5949834647469305e-05,45.25335652243189,28.94418644440576,0.0707091102727595,0.0437558853548178,40.339854,60.264621,3.64656108956881e-05,2.256507078168825e-05,44.75570040144689,27.69501244149184,0.0165718393815533,0.0332660417321934,9.451722,22.828852,8.536727624709216e-06,1.713591412293136e-05,10.47905286236276,21.03477559941745,0.0508751853744145,0.0432803383613213,23.197376,35.755036,1.3707021929761332e-05,1.1660970023016244e-05,18.783444764429333,15.979633464466612,0.065297329867238,0.0747220594634931,9.105274,15.452531,5.253726383133333e-06,6.011959376219502e-06,12.746042240836022,14.58558793725806,-0.0028532819609789,0.0848948717571199,-0.230309,6.881859,-1.2934093987711888e-07,3.848729909469885e-06,-0.4029677623882466,11.990898482176284,-0.0240498853786999,0.0585562426611824,-1.344819,3.781748,-7.34015405489208e-07,1.7871411004563932e-06,-2.6781436586806344,6.520599662570967,0.109145129224652,0.109145129224652,2.780976570154943,1098.0,8962.0,10060.0
EUR,dyslipidaemia_e78,DYSLIP,sumher_ldak,insample10,20000,8,0.2184524062757614,0.1093283253486817,0.0996694209743701,0.0892845205196364,2.006477,1.494717,8.640931609371915e-06,7.740645119307159e-06,13.982367979917996,12.525564760021988,-0.1187050010676886,0.0766343637525881,-3.027757,2.845143,-1.0667335211227568e-05,6.886672697426269e-06,-15.803547731393536,10.202534984530258,0.0719218879159862,0.0607831398687937,2.450294,2.144973,7.869409447374686e-06,6.650551255799956e-06,10.361164416342854,8.756369265249885,0.0153963158538623,0.0310822874329059,0.789088,1.597438,2.3354941121360315e-06,4.715152684265468e-06,2.571444606250708,5.1915155232456325,-0.0041870106428436,0.031117566014819,-0.837934,6.292579,-9.561288538158086e-07,7.104597483292924e-06,-0.5518833095499289,4.100816282713219,0.0037358161478498,0.0528825942877295,0.242814,3.425137,2.663783598047011e-07,3.77048124265233e-06,0.2631401700200367,3.7246459358647312,0.0504056664839364,0.0592568770091851,1.995926,2.475483,2.100503478012905e-06,2.469347859983439e-06,2.592930039900115,3.0482435816632267,0.1002153106102885,0.0408061786686363,2.857556,1.80593,2.8875389322145514e-06,1.1757301741665176e-06,4.092375301306761,1.6663079663033422,,,,,,,,,,,,,,,,,,,,,,,,,,,,,,,,,,,,,,,,,,,,,,,,,,,,,,,,,,,,,,,,,,,,,,,,,,,,,,,,,,,,,,,,,,,,,,,,,,,,,,,,,,,,,,,,,,,,,,,,,,,,,,,,,0.25,0.25,1.856767469110269,2515.0,7545.0,10060.0
EUR,dyslipidaemia_e78,DYSLIP,sumher_ldak,insample10,20000,24,0.2101080932695798,0.1136731612263997,0.065469620960828,0.0721075646628973,2.500978,2.497691,1.500477558411613e-05,1.6525809400865046e-05,19.890690122335965,21.90700900327768,-0.0524908163517473,0.0477783405151454,-3.929585,4.499611,-2.2528048296666747e-05,2.0505220603237183e-05,-22.06364951500084,20.082520893944437,0.0069758753814472,0.0329724767164601,0.909126,4.270672,5.109840785898683e-06,2.4151113724307203e-05,3.847510356974193,18.184844514757447,-0.0027368752494685,0.0149469781263376,-0.732559,4.039008,-4.066851792847655e-06,2.2207707395437487e-05,-2.1573908798977546,11.78078470491966,0.0194459257039918,0.0580926838060529,1.251679,3.59714,4.418618246638064e-06,1.3200368355423187e-05,4.64108889602015,13.8649866492412,-0.0579125773615492,0.0551274261578838,-3.995441,4.706321,-1.383245159623676e-05,1.3167204682440775e-05,-14.071059327350666,13.39433700331182,0.0262138431288987,0.0433573771711938,2.423918,4.063397,8.299958544879444e-06,1.3727979864092329e-05,7.361318119591263,12.175485741585074,0.0029615441132308,0.0208997746323051,0.427423,3.013928,1.451980648885922e-06,1.0248887181315795e-05,1.0406530643361875,7.34550826104716,0.0049742800497464,0.0319401140036348,1.167627,7.435358,2.7694336670393853e-06,1.7783223756375647e-05,1.5667184959635978,10.060289910015292,-0.0511613708438643,0.0392706319716821,-8.164241,8.021374,-1.9194593659373084e-05,1.4733497251738804e-05,-13.105905744049243,10.0599069554778,0.0401563100544477,0.036960813240109,6.867959,7.085498,1.6062854526388617e-05,1.4784168618215623e-05,10.60496659644316,9.760756663442791,0.0092337046238853,0.0243645027296649,2.024351,5.413279,4.722004767253336e-06,1.2460038669750949e-05,2.762108548024733,7.288425364817381,0.0178602462853716,0.021755744435565,9.90803,12.775215,1.8331692543151062e-05,2.232937935875232e-05,6.786381972832716,8.266323318923174,0.0246151663379948,0.0318936948169071,6.858402,9.367014,1.2650782497685352e-05,1.6391030642195307e-05,6.579917416910488,8.52529304202546,0.0001671090722199,0.0311268498521645,0.042903,7.988755,7.899476083001987e-08,1.471127540451236e-05,0.042774345165448,7.965910211825617,-0.0017175099089269,0.0212934093357565,-0.485113,6.022059,-8.925796874482811e-07,1.1063889829043196e-05,-0.4611798813963884,5.716513013787915,-0.0059527965059675,0.0159737705367556,-5.726691,15.852737,-8.908881722839216e-06,2.3906535531170205e-05,-2.5089353256069127,6.732601618591747,-0.0099151382850488,0.0262324108035898,-3.997459,10.904765,-6.209791691367075e-06,1.642862568398476e-05,-2.692175512107562,7.122419875290249,0.0113485627712019,0.0295708787130501,3.76924,9.951512,5.852731593522233e-06,1.5249531862794331e-05,2.79204914106855,7.274798384114669,0.034738262579584,0.0232300178060385,11.533965,9.754077,1.7894306827825037e-05,1.1966071892138873e-05,8.537782197350142,5.709286006768035,-0.0008671104080744,0.0281467380642425,-0.230408,7.486292,-2.338606054414261e-07,7.583387048034677e-06,-0.1245629226637483,4.039196138274797,0.0071132761741614,0.0493807308409876,0.577388,3.987025,5.722659462008651e-07,3.973111446912266e-06,0.5396415627732469,3.746607821971376,0.0428690473268178,0.0569377744402664,2.014683,2.816619,1.9435175020345702e-06,2.5812614136436945e-06,2.353544058479222,3.1258336789368077,0.0787176568529298,0.0403382732664206,2.562486,1.891576,2.4024732850492463e-06,1.231149829198159e-06,3.407115427515085,1.745979696318507,0.25,0.25,1.856767469110269,2515.0,7545.0,10060.0
EUR,hypertension_i10,HTN,sumher_ldak,insample10,20000,8,0.3087795238759641,0.0952457775633244,0.0240528418400487,0.0771329222903585,0.342574,1.044449,2.0853150836995107e-06,6.6871247315733e-06,2.069112397925604,6.63516645361159,0.0276303520374546,0.067755436046416,0.498585,1.179253,2.4829353061528907e-06,6.0887734119898345e-06,2.2555699112360483,5.531217052005079,0.0466251126582291,0.0531557183177312,1.123771,1.249504,5.101441029102754e-06,5.816130215678486e-06,4.1186181826072055,4.695618261986987,0.0680901738426645,0.0301682438868964,2.468973,1.250623,1.0329054067646272e-05,4.576357469160073e-06,6.973506113210625,3.0896591864483383,0.0140734712893902,0.0272328509044095,1.992287,3.825435,3.21328811670994e-06,6.21784308624761e-06,1.1372939850746722,2.200710078051766,0.0103269828775319,0.0461664575047156,0.474854,2.110765,7.363376970496866e-07,3.2916074320475683e-06,0.4460232358145587,1.9938316396886036,0.005000145831462,0.0513259256526612,0.140067,1.435228,2.0835609289018626e-07,2.138864346668177e-06,0.157712398961262,1.61898518294609,0.1129804434991827,0.0367905805771012,2.279123,1.002402,3.255307366037096e-06,1.0600643735057194e-06,2.828992825601346,0.9212385099518408,,,,,,,,,,,,,,,,,,,,,,,,,,,,,,,,,,,,,,,,,,,,,,,,,,,,,,,,,,,,,,,,,,,,,,,,,,,,,,,,,,,,,,,,,,,,,,,,,,,,,,,,,,,,,,,,,,,,,,,,,,,,,,,,,0.3982107355864811,0.3982107355864811,1.6093163281178096,4006.0,6054.0,10060.0
EUR,hypertension_i10,HTN,sumher_ldak,insample10,20000,24,0.2982674696206986,0.0989246746894017,-0.0095142781318324,0.0618589010201923,-0.256022,1.701907,-2.1805206283546324e-06,1.4177240200745006e-05,-1.764823741466811,11.47447530163116,-0.0296291229169769,0.041951658041375,-1.562459,2.367573,-1.2715967905765686e-05,1.8004704264548584e-05,-7.603682872173176,10.766153426104289,-0.0324566917054799,0.0278234699968288,-2.979438,2.830141,-2.3772852985282845e-05,2.0379333812637077e-05,-10.92885149109393,9.368783497025849,-0.0008931705621053,0.0143647575447795,-0.168542,2.711369,-1.3282744976783857e-06,2.134292642764764e-05,-0.430208629766882,6.912660861668424,0.04264849201145,0.0508350841725853,1.9338,2.20033,9.691008423037405e-06,1.1551106032862744e-05,6.214742904786159,7.407604154951961,0.0387845235076392,0.0490197753544684,1.884872,2.345178,9.263606192615875e-06,1.1708667183952864e-05,5.753452210795692,7.272033773270952,0.0291752957124477,0.0382051696295168,1.900341,2.49262,9.237474114079898e-06,1.209663147798918e-05,5.00211518468253,6.5503560012503845,0.0301344482440059,0.0214055164802949,3.064353,2.347384,1.4777661444401085e-05,1.0497505152219904e-05,6.466535147579778,4.593587847720584,-0.0103495133061256,0.027388954588237,-1.71143,4.641119,-5.762483804040425e-06,1.5249560032217618e-05,-1.9903548508959288,5.267179365063267,0.0098844208872995,0.0352021853612489,1.111105,3.935326,3.708360489412493e-06,1.3207209167100907e-05,1.545933660829782,5.5057940767445865,-0.000833625857965,0.031652033541421,-0.100377,3.815647,-3.33267524851136e-07,1.2660536659902302e-05,-0.1343384600329206,5.10339853497974,0.0083941939674624,0.0216259928172471,1.296518,3.351626,4.293218229377068e-06,1.1059906307124736e-05,1.533268015405775,3.94990417166832,0.0003524402758578,0.0180854968953879,0.13788,7.063408,3.6214380958981947e-07,1.8561732022493925e-05,0.0818535637017124,4.195415948813814,-0.0026537626250662,0.0274452806597211,-0.520748,5.401289,-1.3635970599009777e-06,1.410498054848118e-05,-0.4330219393869872,4.479157525143526,0.0363769862807749,0.028550880977138,6.577409,5.496547,1.7192261960629435e-05,1.3493769537273393e-05,5.6838013624333,4.461071257287165,0.0204688943773304,0.0209468613267814,4.072026,4.343897,1.0636011845438804e-05,1.0884022986521416e-05,3.3552351050163978,3.4334726717931217,-0.0008287979089806,0.0138706974320474,-0.561598,9.413939,-1.240247791299732e-06,2.0760642214442143e-05,-0.2132531850420968,3.5696681798639487,0.0288630883447929,0.0241268703911422,8.197208,7.219003,1.8076854866705952e-05,1.5110821326755043e-05,4.784868421512866,3.9997716595424992,0.0158839521585227,0.0253209831066056,3.716041,6.002328,8.191230210792934e-06,1.305827472025292e-05,2.385801857971334,3.803391589266989,0.040789731652474,0.0211110115922494,9.540024,5.787148,2.1011137420926437e-05,1.0874824549067922e-05,6.120692280445793,3.1679129661200216,0.0141893420650147,0.0245790882793433,2.653285,4.580427,3.8230307150562e-06,6.62200132600199e-06,1.2432552390108669,2.1534846185947667,-0.0065257777105177,0.04278528389934,-0.373148,2.462966,-5.250193355943339e-07,3.442484114945345e-06,-0.3022759376298326,1.981984363381489,-0.0114148807153396,0.0492177212628269,-0.377908,1.642243,-5.175247494542893e-07,2.2312739973770323e-06,-0.3826359678082052,1.6497098666912218,0.0874212815760156,0.0359939689946829,2.004672,1.050518,2.6681128987640948e-06,1.098531632318275e-06,2.310219647637348,0.9511776513311606,0.3982107355864811,0.3982107355864811,1.6093163281178096,4006.0,6054.0,10060.0
EUR,ever_smoked,SMK,sumher_ldak,insample10,20000,8,-0.0721448292250708,0.0943073148412928,-0.0924069806754396,0.0765466236704656,5.632802,6.175982,-8.011294977365843e-06,6.636356879567609e-06,34.16171316133482,28.298710857178165,-0.0891670401970929,0.0664567541708163,6.886612,8.720758,-8.012949690108898e-06,5.972090551326202e-06,31.282958980681496,23.315342161285194,-0.0278651040441948,0.0522010160660907,2.87449,5.829863,-3.0488550910624297e-06,5.711549420776523e-06,10.578399530550715,19.816964042855005,0.0049673700899939,0.0283111008382216,-0.770975,4.623666,7.536077313678243e-07,4.294718972248369e-06,-2.186555479252339,12.460914225991688,0.0279378209127861,0.0275742365698295,-16.927292,29.437724,6.378901465176264e-06,6.295694752714958e-06,-9.702719773636623,9.576157007507533,-0.0145692286048747,0.0458811122202982,2.867064,9.364838,-1.038759175082713e-06,3.2712215346928523e-06,2.704081909172475,8.51559358997143,0.0700829020179035,0.0517065413596697,-8.402739,13.053973,2.9204645719471774e-06,2.154690362689476e-06,-9.500273227304511,7.009209206787844,0.0488754312758476,0.0350026686790364,-4.219781,6.378055,1.4082339075813058e-06,1.0085501867296874e-06,-5.259435856664251,3.766707353639892,,,,,,,,,,,,,,,,,,,,,,,,,,,,,,,,,,,,,,,,,,,,,,,,,,,,,,,,,,,,,,,,,,,,,,,,,,,,,,,,,,,,,,,,,,,,,,,,,,,,,,,,,,,,,,,,,,,,,,,,,,,,,,,,,0.6098484848484849,0.6098484848484849,1.6159304131405023,6118.0,3914.0,10032.0
EUR,ever_smoked,SMK,sumher_ldak,insample10,20000,24,-0.0597264040000861,0.0982049389977877,0.0171337101705287,0.0621680748543414,-2.302556,10.550094,3.926946829771739e-06,1.4247969191021893e-05,-15.937379655430975,57.82489658241663,-0.045763149300139,0.0411755228572331,12.05188,20.63057,-1.9640696932083186e-05,1.767175618854212e-05,58.89144708397682,52.98769682446726,-0.0027341542590337,0.0282593910650011,1.253487,12.890013,-2.002756683229315e-06,2.069851693822766e-05,4.616811774926077,47.71481105224933,0.0163241290335453,0.0143058319475328,-15.368983,29.271181,2.425412978368693e-05,2.1257618326304746e-05,-39.39106655730796,34.52444040703202,-0.0707422016264649,0.0498773081319947,16.018471,25.432649,-1.6074584131704892e-05,1.1333536206026774e-05,51.69097234058997,36.44520453821966,-0.0142298832181152,0.0477669030124332,3.453768,11.911904,-3.399011052285845e-06,1.1409163362593324e-05,10.585753137157251,35.53227247575161,0.0046571114506709,0.0380729364640033,-1.515103,12.921207,1.474772589424068e-06,1.2054927526779134e-05,-4.004481302268912,32.73300048249868,-0.0114569466291661,0.0168169878095532,5.817926,12.536444,-5.618190911677481e-06,8.247232963959468e-06,12.327731932855423,18.096515188933736,-0.0074445914133382,0.027499903770825,6.147652,23.528226,-4.144968161112656e-06,1.5311542256332074e-05,7.178980144763199,26.51920438742379,-0.0380276904124354,0.0337600181913313,21.347032,38.118515,-1.4266771677586436e-05,1.2665956980059489e-05,29.82327812191221,26.476932990378742,-0.0406858959420515,0.0300611534756527,24.478081,43.086706,-1.6274115987258657e-05,1.202459304925796e-05,32.89467014671306,24.305161786574438,-0.0041303181359871,0.019598004050568,3.185082,15.795348,-2.111962876479764e-06,1.0023107177116071e-05,3.782179626634624,17.949743427332884,-0.01349140301931,0.0177105973280199,26.328295,53.16723,-1.3847235744074831e-05,1.8176703304490502e-05,15.694242968133723,20.601194584443952,-0.000736864268392,0.027304376190835,0.72189,26.704172,-3.785216805096012e-07,1.403262377855438e-05,0.6027474248217363,22.34516087593396,0.0155533302264773,0.0277374455415567,-14.044,34.928433,7.350725247499789e-06,1.3109235850083923e-05,-12.185877876766275,21.732215767578055,0.0069727397327012,0.0190227328234899,-6.926337,22.33844,3.622707531237711e-06,9.883921294892348e-06,-5.73057470012218,15.634866690758637,0.008465859434443,0.014410867424387,-28.654317,69.941062,1.2671691614566684e-05,2.1568888075096294e-05,-10.92552760185912,18.59668694391068,0.0001518974588352,0.02307225443882,-0.21519,32.743388,9.502564438784621e-08,1.4449662946302631e-05,-0.1261271873956464,19.1789843465175,-0.0067610528485798,0.0240385808258781,7.899808,30.516657,-3.4869564490906043e-06,1.239667522589424e-05,5.092751945357054,18.105529218495857,0.0081281299780967,0.018988798284814,-9.494462,27.42129,4.187276451189501e-06,9.78125228572597e-06,-6.116505585598938,14.28782764577197,0.0213205858709757,0.0247722132334439,-19.908728,42.224313,5.7441866219204585e-06,6.674332532122152e-06,-9.367027847399951,10.883813985537556,-0.0154563744016889,0.0427898373399605,4.413802,13.522934,-1.243563973167595e-06,3.442744580468851e-06,3.5901878275277186,9.939255199394976,0.0696126662676797,0.0498175187067085,-11.508372,21.18836,3.1558813941855512e-06,2.258496168531315e-06,-11.700275822812252,8.37326401596301,0.043612345920249,0.0344613319906343,-4.994343,9.16658,1.331068867341731e-06,1.0517753294708866e-06,-5.779235018001922,4.566598291257389,0.6098484848484849,0.6098484848484849,1.6159304131405023,6118.0,3914.0,10032.0
EUR,type2_diabetes_e11,T2D,sumher_ldak,insample10,20000,8,0.7469043359310177,0.1949132269777239,0.0722594730701189,0.1578959552537498,0.425455,0.873849,6.264521942665243e-06,1.3688892094916198e-05,5.239148875896773,11.448302725688896,0.2314022430070021,0.1395612172291472,1.726266,0.980583,2.0794611523869115e-05,1.2541603893041671e-05,15.922164498594912,9.602943533329013,0.105162256339753,0.108138206122916,1.047858,1.050084,1.150627523857368e-05,1.1831926305617877e-05,7.82985693150697,8.051457858973114,0.0617435755452707,0.0591744810797618,0.925582,0.890701,9.366475473923912e-06,8.976771902581552e-06,5.330000403409839,5.108239272635761,0.053882080858988,0.0559852603639576,3.153451,3.272763,1.2302707647246533e-05,1.278287641356809e-05,3.670153129100723,3.813397441713964,0.0354062559097149,0.0942132547670796,0.673047,1.779021,2.524522481132547e-06,6.717292185603686e-06,1.2889025951585045,3.429533860430676,0.103974501299505,0.1063664168363581,1.204142,1.247373,4.332763051170085e-06,4.432487149326836e-06,2.764298757073548,2.8279226380311147,0.0830739499006648,0.0717213741016087,0.6928,0.620129,2.3935865966376654e-06,2.066470511664118e-06,1.753272398667406,1.5136639367258553,,,,,,,,,,,,,,,,,,,,,,,,,,,,,,,,,,,,,,,,,,,,,,,,,,,,,,,,,,,,,,,,,,,,,,,,,,,,,,,,,,,,,,,,,,,,,,,,,,,,,,,,,,,,,,,,,,,,,,,,,,,,,,,,,0.0820079522862823,0.0820079522862823,3.281091271403484,825.0,9235.0,10060.0
EUR,type2_diabetes_e11,T2D,sumher_ldak,insample10,20000,24,0.7426192307305647,0.2022234983304109,-0.0243128863210998,0.1259676560917225,-0.262754,1.392856,-5.571768737077469e-06,2.8870036645575076e-05,-3.692757700144496,19.133968970564407,0.1107433925924103,0.0870965677994054,2.345628,1.825967,4.752913350655844e-05,3.737944980152992e-05,23.27292989883035,18.303075413058263,0.0397372963879675,0.0584592031825958,1.465139,2.147549,2.910622271621935e-05,4.281773823962575e-05,10.957100883949176,16.118830742426457,0.0026544028385654,0.0255432955478761,0.200894,1.932554,3.941899772372874e-06,3.7951859522477216e-05,1.0454745211836425,10.06562938012152,0.148065805804625,0.1043747944346162,2.696454,1.820386,3.364421146423318e-05,2.371671864393344e-05,17.66774581205186,12.454473987075737,0.0270033811636506,0.0992694164163124,0.527066,1.915934,6.4494606521779005e-06,2.37106693508077e-05,3.280110054788969,12.058931612691955,-0.0866109662912377,0.0764297400760727,-2.265902,2.156952,-2.742350521440626e-05,2.4199261543830396e-05,-12.16018019484972,10.730480245125216,0.0102337236755074,0.0375980248790125,0.417981,1.533829,5.018612840722827e-06,1.8437812064048604e-05,1.7983168578581792,6.606811345906479,-0.0164284239959172,0.0562936829434695,-1.091015,3.790873,-9.146219097965866e-06,3.134405729232769e-05,-2.5868961042062333,8.865282892421925,0.0086489565914195,0.0714096704308254,0.390417,3.214511,3.2442603656637254e-06,2.6791158029929923e-05,1.1074935393797138,9.1457007411235,0.0026248730171227,0.0656677607058693,0.127058,3.175377,1.0503163609623848e-06,2.6266739235045734e-05,0.34669221716171,8.6702201369713,0.0248083311030817,0.0436877302787373,1.538877,2.724209,1.268727123080265e-05,2.234222956927109e-05,3.710393137943909,6.53398621122932,-0.0246574009045971,0.0362691829140941,-3.869729,5.871862,-2.5305777350739225e-05,3.722334059070244e-05,-4.683740241900731,6.889512060674045,0.08444216496084,0.05697286883665,6.656345,4.706737,4.339643499566219e-05,2.927899771478949e-05,11.284816218610937,7.613715465557387,0.1314011432371667,0.0585477926469237,9.542767,4.850097,6.210298628314029e-05,2.767027160912339e-05,16.812602623043965,7.49093254412762,0.044343948533018,0.0422735799407624,3.543001,3.485942,2.3040905667914825e-05,2.196575801766216e-05,5.951963823264929,5.67422995241786,0.0261338919767287,0.0296971570974729,7.113262,8.190897,3.91121828789398e-05,4.4446823058140496e-05,5.50700804792212,6.258127117153247,0.0165071701864309,0.0476512885345927,1.882781,5.431223,1.0337527560060856e-05,2.9844395704736015e-05,2.240682906609877,6.468841502494582,0.0372699157518721,0.0511489318299089,3.502272,4.861741,1.9221114988298503e-05,2.6377657776016003e-05,4.584377895169617,6.291266209495857,-0.0460927701806761,0.0360099767036532,-4.329699,3.5966,-2.374202893733595e-05,1.8548395220025597e-05,-5.663506519351356,4.4245989898076425,0.0355014075565856,0.050108825896874,2.666136,3.750516,9.564584483799982e-06,1.3500089808746714e-05,2.5470367464073167,3.595056835026841,0.0201688680453172,0.0878544998830996,0.463259,2.008167,1.6228471012746644e-06,7.068652545650596e-06,0.765107528393581,3.332587077382578,0.0648704555269182,0.1021895876478615,0.862513,1.362965,2.9408398097950524e-06,4.632825353737677e-06,1.7805026669565374,2.804898747085668,0.1055625494748642,0.0716688766412663,0.972259,0.708128,3.221831153841538e-06,2.187341901589986e-06,2.284380475195906,1.5508947843564758,0.0820079522862823,0.0820079522862823,3.281091271403484,825.0,9235.0,10060.0
EUR,apo_b,ApoB,sumher_ldak,insample10,20000,8,-0.000395,0.058583,0.006813,0.04777,-75.793267,11536.34223,5.906201e-07,4.141433326760193e-06,-284.6627241171368,1996.0575208074583,-0.013902,0.041582,195.965449,28847.750213,-1.249297e-06,3.7366937257420497e-06,551.2728010540558,1648.8774221589708,0.00195,0.032662,-36.718507,5613.804406,2.133832e-07,3.573754328433895e-06,-83.68138612976624,1401.5007549357222,0.003458,0.017667,-97.953741,14585.438024,5.245965e-07,2.6799638057257417e-06,-172.03864125166257,878.8799234091176,-0.002424,0.016648,268.038409,39534.846916,-5.534199e-07,3.801080109653044e-06,95.145406466974,653.4917014123797,0.007923,0.028206,-284.585125,42308.497629,5.649226e-07,2.011020387763386e-06,-166.2185074915396,591.7072664274492,-0.040805,0.031265,892.954473,132294.092856,-1.700434e-06,1.3028603148457627e-06,625.2150056862142,479.0352457987998,0.036592,0.021958,-576.619189,85469.336614,1.054322e-06,6.326707674612444e-07,-445.064642634882,267.07152940531955,,,,,,,,,,,,,,,,,,,,,,,,,,,,,,,,,,,,,,,,,,,,,,,,,,,,,,,,,,,,,,,,,,,,,,,,,,,,,,,,,,,,,,,,,,,,,,,,,,,,,,,,,,,,,,,,,,,,,,,,,,,,,,,,,,,,,,
EUR,apo_b,ApoB,sumher_ldak,insample10,20000,24,0.000686,0.060904,-0.012595,0.038265,-147.329682,13273.268962,-2.886462e-06,8.769775367704694e-06,-631.1714395523933,1917.6527331332584,-0.004744,0.025861,-108.748547,9787.992033,-2.035899e-06,1.109912158686443e-05,-328.90551662312515,1793.0959834404978,-0.002659,0.017562,-106.106476,9520.658818,-1.947515e-06,1.286348708554566e-05,-241.88803567263983,1597.6891695432437,-0.009283,0.007798,-760.802337,67559.181569,-1.37925e-05,1.1586090798884667e-05,-1206.9092964366168,1013.8380057663696,0.028643,0.031613,564.587641,49931.376853,6.508498e-06,7.183346017003496e-06,1127.652607236923,1244.5757630652968,0.010246,0.030065,216.472624,19104.715931,2.447334e-06,7.181020818797283e-06,410.6596436723984,1204.9664862464078,-0.001722,0.023545,-48.766501,4455.948342,-5.452998e-07,7.4548977189496035e-06,-79.77671488598446,1090.6427066887215,0.013754,0.012737,608.024406,53944.289063,6.74497e-06,6.246386955672855e-06,797.4185029737516,738.4739346783481,-0.001163,0.017012,-83.613192,7689.553758,-6.476158e-07,9.471922719279334e-06,-60.43361674929226,883.892189622059,-0.010831,0.020969,-529.266208,47101.333674,-4.063433e-06,7.866905363610268e-06,-457.65938012351046,886.0397186812714,0.012135,0.019773,635.546458,56349.958982,4.853983e-06,7.909074534988275e-06,528.62290496175,861.3375770464182,-0.01077,0.013846,-723.109828,64236.684684,-5.508085e-06,7.081215997270526e-06,-531.4667530531989,683.2557728752798,-0.006153,0.011085,-1045.150325,92949.370375,-6.314658e-06,1.1377341517243824e-05,-385.60860533911193,694.7645929409267,-0.005787,0.016739,-493.752874,43951.515048,-2.97413e-06,8.602657147649207e-06,-255.1667891775161,738.068747082561,-0.010647,0.01671,-836.880113,74354.26536,-5.031916e-06,7.897587606351701e-06,-449.448164317402,705.4084869879857,0.00036,0.012377,31.15818,2933.78486,1.872114e-07,6.431206729689227e-06,15.955734173101463,548.1216688256299,-0.007285,0.008392,-2146.139516,190663.81154,-1.090268e-05,1.2559820858595078e-05,-506.4781170961599,583.45970160789,-0.005891,0.014165,-727.27076,64672.281096,-3.689309e-06,8.871408005497211e-06,-263.8350657834191,634.4246347275081,0.015333,0.015582,1559.431656,138366.546783,7.907279e-06,8.035490650856363e-06,622.2324552501186,632.3215706467076,0.015599,0.012899,1586.022122,140765.533715,8.035286e-06,6.644390867491165e-06,632.4011896765275,522.9335569732386,0.002146,0.015086,174.409499,15391.664126,5.780773e-07,4.064383102021757e-06,50.79006668437248,357.0980711100777,0.012309,0.026367,305.98299,27096.182644,9.903377e-07,2.1214245214006555e-06,154.04653973327632,329.9865357312892,-0.046857,0.029895,-674.323006,59885.021296,-2.124249e-06,1.3552826273512103e-06,-424.3267846911417,270.72283880642146,0.026545,0.021855,264.621562,23488.273365,8.101738e-07,6.670050974317962e-07,189.5254871819573,156.0337621922729,,,,,,
EUR,urea,UREA,sumher_ldak,insample10,20000,8,0.014782,0.058583,0.003507,0.047675,1.043221,12.381641,3.040105e-07,4.133204567886763e-06,3.91538848827524,53.23204818514647,-0.030928,0.041349,-11.657716,53.524215,-2.779292e-06,3.715781209920735e-06,-32.77169795952375,43.81420142079208,0.014365,0.032849,7.232422,29.62937,1.571786e-06,3.594168888630583e-06,16.471227113923867,37.664397093773374,-0.00898,0.01827,-6.801854,31.725523,-1.362279e-06,2.771436089827799e-06,-11.937972515377652,24.286748799981485,-0.002594,0.016694,-7.671666,61.173851,-5.923548e-07,3.8115259411422086e-06,-2.721315303353677,17.510390517236996,0.013443,0.028439,12.911662,55.092493,9.585028e-07,2.027650857519608e-06,7.53611839414776,15.942172442545807,-0.019768,0.031529,-11.567251,50.671798,-8.237491e-07,1.3138633871145052e-06,-8.093352639044413,12.908736059859748,0.045737,0.022088,19.272486,76.65766,1.317821e-06,6.36428000641078e-07,14.865179121098045,7.17898426813044,,,,,,,,,,,,,,,,,,,,,,,,,,,,,,,,,,,,,,,,,,,,,,,,,,,,,,,,,,,,,,,,,,,,,,,,,,,,,,,,,,,,,,,,,,,,,,,,,,,,,,,,,,,,,,,,,,,,,,,,,,,,,,,,,,,,,,
EUR,urea,UREA,sumher_ldak,insample10,20000,24,0.00934,0.060981,-0.018322,0.038336,-15.744066,120.464799,-4.199076e-06,8.785984862267861e-06,-67.43920919280228,141.10720336837826,-0.009124,0.025854,-15.365171,116.927879,-3.915898e-06,1.1095918168407696e-05,-46.46474297746534,131.66047373911468,0.012168,0.017783,35.669266,232.893733,8.912394e-06,1.302518713877079e-05,81.30274212296854,118.82143350562016,-0.005794,0.008576,-34.885992,235.316624,-8.609613e-06,1.274295884008106e-05,-55.334056582260885,81.89910574174088,0.009405,0.031406,13.617514,86.872517,2.13702e-06,7.136226593936042e-06,27.194456201133324,90.81141100698945,-0.023635,0.029451,-36.680724,251.963541,-5.645331e-06,7.034380569744574e-06,-69.57535524771784,86.69456708342213,0.004396,0.023722,9.144424,72.962511,1.391975e-06,7.510826186246091e-06,14.957171903202022,80.70598854343939,-0.004635,0.012743,-15.052661,107.986003,-2.273178e-06,6.249312762216338e-06,-19.738628350640106,54.26449757137383,0.009604,0.01723,50.713864,330.658025,5.347251e-06,9.593443594455538e-06,36.649576466118816,65.75259784670591,0.000244,0.021221,0.874211,75.769663,9.13685e-08,7.961543192120482e-06,0.7558280397728301,65.8603083608371,-0.007162,0.019472,-27.555364,199.335146,-2.864958e-06,7.788768837242507e-06,-22.91623277958524,62.30082246951917,0.00393,0.015178,19.380173,142.875689,2.009626e-06,7.762095722161637e-06,14.24190053389482,55.00874053659562,-0.00369,0.011168,-46.043866,341.618704,-3.787077e-06,1.1462124584910078e-05,-16.98549695427164,51.40901075591338,-0.001818,0.016758,-11.396485,133.00013,-9.345068e-07,8.612225031895068e-06,-5.888760701470458,54.269623634674296,0.004815,0.017049,27.804028,202.322559,2.275826e-06,8.057824768509178e-06,14.930093327883794,52.8617195750359,-0.010875,0.017366,-69.081738,469.584004,-5.650473e-06,9.023361901198469e-06,-35.370935372697524,56.48460768713559,-0.000171,0.008626,-3.69883,189.7152,-2.558002e-07,1.2910034856653176e-05,-0.8727815151801319,44.04859645621105,-0.005401,0.014227,-48.979955,351.077603,-3.382428e-06,8.910565638611278e-06,-17.76614838943972,46.80260196799775,0.016092,0.015394,120.224975,788.40813,8.298826e-06,7.938868307258913e-06,47.964452951788665,45.88401725906366,0.018584,0.013726,138.799664,911.787867,9.572861e-06,7.070285708512775e-06,55.33632730072223,40.87008513712689,-0.002571,0.015011,-15.352291,141.71563,-6.92708e-07,4.04428856537216e-06,-4.470131611482129,26.09830139398679,0.015859,0.026615,28.960411,189.971152,1.276004e-06,2.141425926806716e-06,14.577998818938138,24.46520906817832,-0.027731,0.03021,-29.316088,196.05629,-1.257201e-06,1.369570735668662e-06,-18.444928722363485,20.09355274108388,0.035174,0.022158,25.756775,168.87152,1.073509e-06,6.762653325433738e-07,18.444732299679835,11.619402373260488,,,,,,
EUR,calcium,Ca,sumher_ldak,insample10,20000,8,-0.011948,0.058358,0.043835,0.047919,-16.133855,89.884264,3.80032e-06,4.154424147821212e-06,-60.55422179386535,66.19651010255865,-0.045556,0.041118,21.243935,98.930144,-4.09379e-06,3.695037212261874e-06,59.72117049326216,53.90407112539713,-0.005864,0.032353,3.652732,23.513351,-6.416489e-07,3.539942089921811e-06,8.318939721405535,45.89513807835699,-0.013267,0.012696,12.432077,60.922928,-2.012577e-06,1.925958462688124e-06,21.82001285092252,20.88090960306008,-0.00192,0.016805,7.023642,66.442866,-4.383536e-07,3.837035313884927e-06,2.491492094575086,21.808747894735507,-0.001239,0.028183,1.4723,33.416747,-8.834409e-08,2.009399412759942e-06,0.8593494679522626,19.54603093720073,-0.00348,0.031593,2.519557,25.1331,-1.450304e-07,1.3165344659369917e-06,1.76291161573489,16.00308557733863,0.015543,0.021471,-8.102692,41.607022,4.47835e-07,6.186473147117023e-07,-6.2498520860833136,8.633657955275432,,,,,,,,,,,,,,,,,,,,,,,,,,,,,,,,,,,,,,,,,,,,,,,,,,,,,,,,,,,,,,,,,,,,,,,,,,,,,,,,,,,,,,,,,,,,,,,,,,,,,,,,,,,,,,,,,,,,,,,,,,,,,,,,,,,,,,
EUR,calcium,Ca,sumher_ldak,insample10,20000,24,-0.018427,0.060834,0.000301,0.038441,-0.131204,16.932694,6.903721e-08,8.810055618439647e-06,-0.5619972704012418,71.71824020185933,-0.013602,0.025819,11.610663,40.268723,-5.837816e-06,1.1080938588404866e-05,35.110321894229365,66.64398479312852,0.010002,0.017836,-14.861684,58.352025,7.326012e-06,1.3063609761470986e-05,-33.874327493695496,60.40407732200077,0.000574,0.008978,-1.752308,28.296559,8.531836e-07,1.3340131183762774e-05,-2.779352420323084,43.45714790230206,0.040184,0.031614,-29.491719,106.742533,9.130828e-06,7.18348592258661e-06,-58.89442614117399,46.33394486282516,-0.031019,0.029524,24.400826,79.650142,-7.408929e-06,7.051830967911809e-06,46.28216806212711,44.0514446828424,-0.00383,0.023608,4.03811,26.797714,-1.212698e-06,7.474839128703708e-06,6.604849884397505,40.711034697104,-0.008903,0.009694,14.653657,50.292569,-4.365819e-06,4.753887882565175e-06,19.215048841317124,20.923035941168305,0.002793,0.017101,-7.475438,54.964538,1.555034e-06,9.521443693054115e-06,-5.402198267167946,33.077557545078825,-0.005199,0.021133,9.460315,46.857231,-1.950676e-06,7.928689677367881e-06,8.179069250922842,33.24452750752507,-0.016897,0.019194,32.950646,112.682608,-6.758892e-06,7.677754228939606e-06,27.40265940484134,31.128013900756557,-0.017448,0.011363,43.618253,146.000861,-8.923296e-06,5.811478297300954e-06,32.05311541204552,20.875244369119358,-0.000422,0.011191,2.666579,70.57724,-4.326993e-07,1.1485860873265007e-05,0.9836770869670368,26.11138535496126,0.000378,0.016759,-1.202373,53.672726,1.945137e-07,8.6128949836858e-06,-0.621274997038211,27.50950861291424,0.011353,0.017179,-33.227731,123.033206,5.365763e-06,8.118972225596044e-06,-17.842150347667676,26.997078163463925,0.006017,0.009622,-19.374067,71.379312,3.12638e-06,4.999684990076875e-06,-9.919636201297095,15.863412708195508,0.007135,0.008868,-78.271208,281.994903,1.067918e-05,1.3272848224853624e-05,-18.468635371681568,22.95414013140452,-0.011424,0.014016,52.516676,182.028737,-7.154953e-06,8.777875027590676e-06,19.04863017167848,23.369335213492928,-0.003661,0.015369,13.863842,72.666947,-1.888013e-06,7.925675365544566e-06,5.53095413826738,23.21835017111776,0.006535,0.012348,-24.740526,95.262757,3.366369e-06,6.360433161349941e-06,-9.863306700268804,18.63577730693063,-0.006449,0.015001,19.519795,74.606336,-1.737608e-06,4.041496010142779e-06,5.683477624261534,13.219179551537948,0.004189,0.026426,-3.877742,28.828083,3.370743e-07,2.1261672088525862e-06,-1.9519278319377449,12.31219630304878,-0.002307,0.030455,1.235923,16.55215,-1.045658e-07,1.380662522124795e-06,0.7775962694034362,10.26720042795426,0.013272,0.021495,-4.926021,18.230677,4.050511e-07,6.560346027459222e-07,-3.527513812174742,5.713281910481938,,,,,,
EUR,albumin,ALB,ldsc,insample10,20000,8,0.2374,0.4031,0.0306949952411885,0.1358844460663322,0.5686120246041573,2.517202865902763,2.97137940981167e-07,1.7338113049928888e-06,0.2382850902143604,1.3904026589828664,0.0164945867215222,0.0700482218207722,0.3871384961561948,1.6440765514133848,2.023058441341941e-07,1.1170991968689852e-06,0.1485339321114148,0.8201796491820114,0.0195849707142952,0.0323653860578198,0.6139777951973227,1.0146366140841816,3.208446004990716e-07,8.965021008679169e-07,0.2093532742666397,0.5849736910382033,0.0095915360086561,0.0173451630765019,0.4523643565479209,0.8180476544361004,2.363907333326151e-07,4.389339218763706e-07,0.1289874461229073,0.2395058588015018,0.0005587363453887,0.0231708314042538,0.1028780411398782,4.2663588401309696,5.376068038265634e-08,2.2034616848842936e-06,0.0153785076019035,0.6303110754979988,0.0666145140892875,0.0925808019228301,3.9838280179976855,5.536721203647965,2.081817484100848e-06,1.3072464269467578e-06,1.0191766421008193,0.6399768634805789,0.0439849672423254,0.0572552498442,1.6026682517148705,2.086193918566868,8.375017125639618e-07,8.586163606720921e-07,0.512355848060972,0.5252730914237715,0.0498756936373359,0.0794981547185165,1.3086435014760798,2.0858806357301103,6.838540493013417e-07,3.667771049625698e-07,0.4803188479987981,0.2576133850606566,,,,,,,,,,,,,,,,,,,,,,,,,,,,,,,,,,,,,,,,,,,,,,,,,,,,,,,,,,,,,,,,,,,,,,,,,,,,,,,,,,,,,,,,,,,,,,,,,,,,,,,,,,,,,,,,,,,,,,,,,,,,,,,,,,,,,,
EUR,albumin,ALB,ldsc,insample10,20000,24,0.1604,0.4143,-0.0304067787065517,0.2172984166213985,-1.5215019183639973,10.87323195060047,-5.373286621771203e-07,1.8933153523537328e-06,-0.5025060021323858,1.7706152592573443,0.003310753726475,0.0367434204039844,0.3246566199214956,3.6031054129214,1.1465467453168805e-07,1.371989772174298e-06,0.0792184692784219,0.9479502694611898,0.0100633713077044,0.0250636391249694,1.7178005959987517,4.27832114212141,6.066528638541284e-07,1.2796511920103156e-06,0.3222504854433607,0.6797432970211028,0.0052206226476244,0.0166719249987078,1.8302974695469816,5.845008191024317,6.46381893330329e-07,1.024546961565458e-06,0.2419026210305989,0.3834275030426375,0.0231481422573697,0.0299676390025813,1.9517322983840728,2.5267171895416825,6.892674219867127e-07,1.9359071420930307e-06,0.5107425689541926,1.4344942985400873,0.0042893586919934,0.0392635886133993,0.3876376794765218,3.548326794499339,1.3689686040391354e-07,1.328833607839332e-06,0.0982430919035769,0.953628314589084,-0.0316017978597031,0.1223752267595252,-3.82767732078712,14.822349100932302,-1.3517700564161934e-06,1.151661975219651e-06,-0.8457916317670643,0.720585617828781,-0.0049976911326165,0.0223900143050605,-0.9450440244432234,4.233864931768516,-3.337486698002805e-07,6.890443057111988e-07,-0.1687506993935816,0.3483960207886706,0.0142908806522743,0.0316942629351846,4.394363497020556,9.745803320048108,1.5518991007996485e-06,2.2975800034893663e-06,0.6193617535661177,0.9169624360155716,-0.0328772865373041,0.117203669519575,-6.8723029319782505,24.498953730992152,-2.42700012135795e-06,1.6685309442574436e-06,-1.1690654198254573,0.8037172358066003,0.0406183487633132,0.1162687043176238,9.099649184366143,26.047450293370098,3.213602469705754e-06,1.6112189633842012e-06,1.496785716826568,0.7504504847154907,0.0055919058985642,0.0187625735037679,1.6059514009532194,5.388463566885221,5.67152566408545e-07,1.2201570334388006e-06,0.2340427116992788,0.5035133008624291,-0.0079048891164865,0.031598937793899,-5.744005349296779,22.96103905388173,-2.0285342217606585e-06,2.7394217708678644e-06,-0.5297841651109158,0.715443821552217,0.0279130514722349,0.0804810654277453,10.18711065650849,29.37226408519551,3.5976468215023697e-06,2.1715083920581884e-06,1.320086773114922,0.7967929172288761,-0.0017686551416994,0.0203082000175871,-0.5946718530391887,6.828190895792624,-2.1001237485886125e-07,1.9051851855917776e-06,-0.0802252106571261,0.7277851267462455,0.0030867209752656,0.0127059557243327,1.1418304939907715,4.700148739583102,4.032451384805428e-07,1.408830155846289e-06,0.1469851274225776,0.5135265381105851,-0.0035637181364012,0.0163216504527829,-4.4910690662651165,20.56887123315208,-1.5860513246779658e-06,3.771324391781232e-06,-0.3151116133287886,0.7492746892801143,0.0004420864675691,0.0154278752746808,0.2334693480946917,8.14758253667279,8.24512745971268e-08,2.710657373811467e-06,0.0252176498611317,0.8290521751213119,-0.0080442514408724,0.034812932804466,-3.4996194739418427,15.14522743141964,-1.2359142156614083e-06,2.374986179386576e-06,-0.4159428627413352,0.7992937842344496,0.0058284719877836,0.0194584724757981,2.5348745860690487,8.46273044907971,8.952080530952115e-07,1.7260238552147511e-06,0.3013249347230961,0.5809755885292244,0.0002727457564782,0.0211731880586976,0.0948352288274106,7.362036207198786,3.34917005480257e-08,2.3643198607682284e-06,0.0125849014347789,0.8884210691359643,0.0551827348757754,0.1387506635858252,5.867883909200272,14.754121702720036,2.0722827705215737e-06,1.3801460303233612e-06,1.3785972357904968,0.918149554422117,0.0410404682063805,0.0963261007980537,2.526410596147603,5.92973941033037,8.922189379805483e-07,8.862660179305849e-07,0.7622303074628057,0.7571446766979452,0.0412654043848285,0.115638570706072,1.7596049038179444,4.930963336438606,6.214163370529532e-07,3.75061959455695e-07,0.6217157157055964,0.3752426523943648,,,,,,
EUR,alka_phos,ALP,ldsc,insample10,20000,8,0.7041,0.4151,0.1466485553683089,0.1065465601253542,0.9159518172473544,0.6654788731001877,1.4198965238723223e-06,1.811417388800279e-06,0.3839209623563336,0.4897829492818269,0.1076270290348293,0.0448599569326894,0.8517117573859746,0.3550014629042266,1.3203124235157744e-06,1.1782973818277536e-06,0.3268438590841349,0.2916879797281663,0.0513040853447124,0.0328101440349643,0.5422855824272401,0.3468041179951773,8.406440152589151e-07,8.475879889246998e-07,0.1849453934099988,0.1864730982626309,0.0379250779186615,0.0211033055937956,0.6030774202536568,0.3355807764884881,9.348827269293006e-07,6.029744347065168e-07,0.171996853564246,0.1109333850779807,0.0652389784306187,0.0286939484243055,4.050133007206337,1.781363081029074,6.278463200646534e-06,2.038007004797264e-06,0.6055488150887616,0.1965628669720473,0.0409918369474933,0.0256563942130918,0.826562062526449,0.5173371992313625,1.281325695573243e-06,1.2026153032151109e-06,0.211501141650687,0.1985088650569746,0.0795186647698652,0.0408861852597967,0.9769105737012928,0.5022990113604381,1.5143939906153272e-06,8.281362735722417e-07,0.3123713839813273,0.1708182121059468,0.17484577218551,0.0913242028248467,1.5467990974170425,0.8079131267293551,2.397827724335625e-06,5.541662799083625e-07,0.5678459775487174,0.1312359056263268,,,,,,,,,,,,,,,,,,,,,,,,,,,,,,,,,,,,,,,,,,,,,,,,,,,,,,,,,,,,,,,,,,,,,,,,,,,,,,,,,,,,,,,,,,,,,,,,,,,,,,,,,,,,,,,,,,,,,,,,,,,,,,,,,,,,,,
EUR,alka_phos,ALP,ldsc,insample10,20000,24,0.6327,0.4178,0.0401109293088384,0.0811681084906568,0.508828401308464,1.029660483867978,7.087522211507924e-07,1.8329535230276727e-06,0.1680359511546051,0.4345694863065688,-0.0083048885480848,0.0418485827637156,-0.2064608563282289,1.0403624544139043,-2.8758141276516205e-07,1.2726890359192944e-06,-0.0503734879127541,0.2229274317527853,-0.0094057921688391,0.023771634801321,-0.4070344422964477,1.0287144283164351,-5.669623871635928e-07,1.1175179324676356e-06,-0.0763508903646658,0.1504923273115912,0.0039757508380221,0.0121698560271662,0.3533662477016465,1.0816614356870238,4.922074166737301e-07,1.4979027577459866e-06,0.0466988380411072,0.1421155308020799,0.0452398139757057,0.0423776323773909,0.96701107145854,0.9058313041062326,1.346959491669883e-06,2.0051473980088924e-06,0.2530319537685797,0.3766752948770346,0.0469731145427367,0.0260975350357501,1.076191373323627,0.5979152616106055,1.4990378372453368e-06,1.4111381453365005e-06,0.2727267006009463,0.256734714032956,0.0444034978418269,0.0257325938550777,1.363475191119901,0.790157420695652,1.899198369637384e-06,1.2950477279199673e-06,0.3012571895622077,0.2054247966401647,0.0203291109764171,0.0152542216121465,0.9745576708523468,0.7312724448326653,1.3574712262128873e-06,8.592628938919519e-07,0.1740055899612054,0.1101434372208148,0.0192681634061449,0.0146170690395325,1.502048086495413,1.1394724093942037,2.09221795568276e-06,2.353530201678708e-06,0.2116870820442417,0.2381262141179637,0.0760306595009641,0.0425277900450589,4.029040337453663,2.2536458670614343,5.612090993610425e-06,1.7884143248856513e-06,0.6853307996374208,0.2183955001357526,0.0194279007880807,0.0208548133437119,1.1034046037941418,1.184445880475005,1.5369434209176863e-06,1.7049752016636922e-06,0.1814813024594785,0.2013223883506968,-0.0089258615591993,0.014488255767108,-0.6498740869436701,1.0548608585970716,-9.052161817328328e-07,1.1016644909574214e-06,-0.0947008894591227,0.1152526979571729,0.0105558623826795,0.0092200318584705,1.9445508412061487,1.6984704855336916,2.708584513563737e-06,2.8643060377183754e-06,0.1793352056670709,0.1896455177216571,-0.0116126354918849,0.0227459486801645,-1.0744371864954652,2.104525981304128,-1.4965944126888932e-06,2.21743677571502e-06,-0.139217747222699,0.2062726881153894,-0.0048342898466698,0.014700817627902,-0.4120723146098006,1.2530899343486963,-5.739796904092078e-07,1.6220634293245857e-06,-0.0555864623308502,0.1570870349926835,0.0181428029561477,0.0162803717455311,1.701434275343036,1.5267752491236066,2.3699449926349987e-06,1.6011472794154357e-06,0.2190024878630525,0.1479592305799748,0.0103323071444169,0.007851444045896,3.3010357213683514,2.5084327147429555,4.598046008441254e-06,3.6314880700258e-06,0.2315938456311862,0.1829103680035077,0.0028910671160214,0.012136559471077,0.3870680752308776,1.6248929982848523,5.39151032746967e-07,2.41197021254362e-06,0.0418046130241334,0.1870189895536097,-0.0021766728005695,0.0135403101803605,-0.240068327837742,1.493379998386948,-3.34393599385204e-07,1.9746453802726387e-06,-0.0285305296738169,0.1684771440623061,0.0310844345897477,0.0229269194930175,3.427293248443032,2.5278657123116,4.773911393551582e-06,1.984830069230566e-06,0.4073727495281685,0.1693717406948148,0.050735676228799,0.0264086498953555,4.472307709850431,2.3279005487404585,6.229522595191621e-06,2.1579646946391507e-06,0.5934360344646191,0.2055717739734626,0.0274174289638506,0.0239436569069463,0.7391142050632405,0.6454688718047873,1.0295196439027078e-06,1.2330968527354109e-06,0.1736319146736873,0.2079658885447947,0.0683985982804544,0.0393820189401467,1.0674446344228798,0.6146050630749941,1.486854416257458e-06,8.41489437537514e-07,0.3220251212387137,0.1822510228178204,0.1426430215743928,0.0840517360589155,1.5420061917108996,0.9086199660969972,2.1478760041557355e-06,5.756037852452044e-07,0.5447847155482958,0.1459954596106164,,,,,,
EUR,asp_at,AST,ldsc,insample10,20000,8,0.3343,0.3546,0.0312916827269717,0.145944207639281,0.4116439391382323,1.9199046932448487,3.029999568752867e-07,1.5692965342875798e-06,0.1725542514283577,0.8936924992849581,0.0991337016825118,0.0499011898093239,1.6523063857520353,0.8317257721560074,1.2162179884774328e-06,1.0340335770095945e-06,0.6341222765402966,0.5391333889850592,0.038546570810728,0.0267273633242369,0.8581433172765881,0.595018123343257,6.316560585635307e-07,7.907777640308751e-07,0.2926914436584978,0.3664239141370582,0.0174771053297925,0.0180746888222106,0.5853478911105364,0.6053623174385122,4.308587322695258e-07,4.033429533773254e-07,0.1669537711870605,0.1562916615229387,0.0028093959715181,0.0180166816657625,0.3673440898889131,2.35578095662729,2.703920374189093e-07,1.8487689292924703e-06,0.0549272266562511,0.3755574719715494,0.0139760787152181,0.0232652872742166,0.5935555816305171,0.9880626319607256,4.369001910088581e-07,9.483008521625782e-07,0.1518914691375535,0.3296835583586358,0.0628729178564134,0.0569156059154321,1.6268492628195903,1.4727026306924624,1.1974796896290449e-06,7.169785081411547e-07,0.5202337074795216,0.3114845209516296,0.0681925469068461,0.067454390080237,1.2706140502688197,1.2568601654568534,9.352645960063608e-07,3.678501394337926e-07,0.4664929006221838,0.183476931845261,,,,,,,,,,,,,,,,,,,,,,,,,,,,,,,,,,,,,,,,,,,,,,,,,,,,,,,,,,,,,,,,,,,,,,,,,,,,,,,,,,,,,,,,,,,,,,,,,,,,,,,,,,,,,,,,,,,,,,,,,,,,,,,,,,,,,,
EUR,asp_at,AST,ldsc,insample10,20000,24,0.3861,0.3637,0.0396118513300795,0.0671450860064086,0.8234396848636036,1.3957925874388977,6.999051285146435e-07,1.7273428353490303e-06,0.2719223997593333,0.67109553832248,0.0680391742270226,0.044435367829377,2.7717942061213585,1.8102173710306728,2.355962453246176e-06,1.34115691610732e-06,0.6762505132221887,0.384962863724507,0.024314419864909,0.0197862063837891,1.7242400407313407,1.403124955917218,1.4655650796063598e-06,1.259793975093779e-06,0.3234171150877688,0.2780080794086726,0.0058742867400842,0.0087195275403792,0.8555769590244605,1.2699800311451417,7.272210854877286e-07,9.684818710478583e-07,0.1130634977103708,0.1505731200523653,0.0030430528691547,0.0588759809298203,0.106590418296806,2.0622761761899606,9.059944740070804e-08,1.6964278252294252e-06,0.0278897367814964,0.5222209061077051,0.0113855056155987,0.0310264187425956,0.4274551011093939,1.1648495383910265,3.633271786333285e-07,1.1707902008335614e-06,0.1083205814849962,0.3490536431330808,0.0013899359523846,0.0244113947248496,0.069939557314259,1.2283459087092927,5.94470436027165e-08,1.0389577920025935e-06,0.0154523802122495,0.2700617197012264,0.0024469068872473,0.0092964580437361,0.192222682548433,0.7303057229840932,1.6338493736159398e-07,6.406779002892903e-07,0.0343196315190838,0.1345768454266173,0.0145743219308849,0.0150698276089405,1.8617866285221296,1.9250846570778009,1.5824765716975008e-06,2.218119329594599e-06,0.2623751823867887,0.3677649793157841,0.000711750073294,0.0211500891129435,0.061807106300376,1.836635997824594,5.253464397389163e-08,1.5525973025633408e-06,0.0105128234791983,0.3106936707183108,0.0147523773092132,0.0167157195621902,1.372995010246456,1.5557221097668856,1.1670147392224442e-06,1.334914083186445e-06,0.2258127091818789,0.2583005642672674,0.0081028963143916,0.0128464933004719,0.966757139783676,1.53271603603715,8.21721727286951e-07,1.2045433494639382e-06,0.1408719584714394,0.206501027133577,-0.0030299487818031,0.0129834564659647,-0.9146583488414324,3.919349041387631,-7.774389320316694e-07,2.70866266307672e-06,-0.0843504652009268,0.2938841191112301,0.0255113036183537,0.0219986845504275,3.867950619836993,3.335377400361784,3.287670639913028e-06,1.9918075444882293e-06,0.5011604822202826,0.3036238537301062,-0.0039917726957309,0.0172168409025632,-0.5575766619577582,2.40487357663814,-4.739275655738559e-07,1.7422539010016646e-06,-0.0752111990101824,0.2764916295084811,0.001100529566112,0.0086485448080717,0.1691260636427017,1.329082275175968,1.437533331037213e-07,1.1355754763504806e-06,0.0217684114947312,0.1719589641423262,0.0121063018675833,0.0123720895167873,6.338149046487651,6.477299858502432,5.387283494433124e-06,3.501862463790849e-06,0.4446533458316337,0.2890352554818829,0.0034946308238726,0.0114404659101974,0.7667053875525527,2.509983827058285,6.516822575738818e-07,2.237417240664117e-06,0.0828033097193637,0.2842881643576913,0.0259585803247702,0.0262593992389657,4.691596861569805,4.745965053361627,3.987751337099848e-06,1.906039403011504e-06,0.5575425032048729,0.2664905331672507,0.0094454664219406,0.0128616592122199,1.7065921143353129,2.323824489795063,1.4505647408817631e-06,1.665244706531149e-06,0.2028396114231684,0.2328593682705534,-0.0062583160283582,0.021505443046243,-0.904011065611951,3.1064520226523875,-7.68388981836111e-07,2.0076913253937306e-06,-0.1199494635683598,0.3134109197094032,0.016452104826517,0.022018979180422,0.7267822682118216,0.9727025083539954,6.177485081001624e-07,1.064726616699332e-06,0.170727961449569,0.2942598847048933,0.0482610910749964,0.0389685939110783,1.2342221205308888,0.996577150240936,1.049060918200555e-06,7.844548916948301e-07,0.3723231550962043,0.2784115919668962,0.0628035498674809,0.0543431512218608,1.112545580295952,0.9626722189877508,9.456386079867144e-07,3.8331921176803867e-07,0.3930419775591969,0.1593214783716394,,,,,,
EUR,blood_mscv,MSCV,ldsc,insample10,20000,8,-0.207,0.3671,-0.1498210270477837,-0.130117046559381,3.182963132236365,2.764350039743764,-1.450885180946766e-06,1.570707779659251e-06,1.3343881401793498,1.4445897307304878,-0.0739427216823542,-0.0679839522137193,1.990355811924656,1.829960425144527,-9.07260823440259e-07,1.0691591160319357e-06,0.7639409257590072,0.9002641619506692,-0.0349998911071839,-0.0391727431684645,1.2583654938151652,1.4083937618640707,-5.735988044286289e-07,7.681053117156618e-07,0.4292434030230425,0.574799206928838,-0.0039427323373565,-0.0165391137400676,0.2132592514100216,0.8945874874064629,-9.720963602654261e-08,4.455267611309209e-07,0.0608326425303719,0.2788053870522827,3.30589085672592e-05,-0.0223148479277325,-0.0069809518752144,4.712160389965693,3.1821165385396077e-09,2.046212244894192e-06,-0.0010439408333111,0.6712904729273669,-0.0126281862943213,-0.0256694404773747,0.8661299703224137,1.7605910461472472,-3.948066900265101e-07,1.187462795531344e-06,0.2216673260766799,0.6667103404030408,0.0119760303075463,-0.0602727108983473,-0.5004522158197956,2.5186652795573807,2.2812036254870286e-07,7.317472033916743e-07,-0.1600517459778803,0.5134018559709438,0.0563254692528862,-0.1333303111211767,-1.6949137073043516,4.01209923176728,7.725899040444225e-07,3.556216220040548e-07,-0.6223369740410926,0.286460492148579,,,,,,,,,,,,,,,,,,,,,,,,,,,,,,,,,,,,,,,,,,,,,,,,,,,,,,,,,,,,,,,,,,,,,,,,,,,,,,,,,,,,,,,,,,,,,,,,,,,,,,,,,,,,,,,,,,,,,,,,,,,,,,,,,,,,,,
EUR,blood_mscv,MSCV,ldsc,insample10,20000,24,-0.3122,0.3745,-0.1387252430736479,-0.0907894076281167,3.5663917829460665,2.3340423860101587,-2.451330771131008e-06,1.7044114941978183e-06,1.1778083483551058,0.818930725522763,-0.024598968433109,-0.0231698295147303,1.2393265300145389,1.1673247393118402,-8.518411446075267e-07,1.2464344808299214e-06,0.3023881435608908,0.442461615190115,-0.0069306664669678,-0.016971490009441,0.6078210219962156,1.488403525332249,-4.1778090160605113e-07,1.1960701255480174e-06,0.114017988818672,0.3264235145188032,-0.0082231075392359,-0.0133110029059627,1.4811764941782508,2.397626994925858,-1.0180747765899625e-06,1.0260672253775067e-06,0.1957503442823488,0.1972870925033991,-0.020000760971988,-0.0390467944119239,0.8664072770890916,1.691456983705446,-5.955180888471774e-07,1.6743604252082648e-06,0.2267152465555955,0.6374332597669216,-0.0382294427883368,-0.0293109265311456,1.7750191925423753,1.3609263789702857,-1.2200451971748612e-06,1.3226456065119678e-06,0.449837771320205,0.4876671399203339,-0.0307794319887135,-0.0328374099197322,1.9153828493589191,2.043449398308805,-1.3165230302464249e-06,1.0946934504788218e-06,0.4232144502965591,0.3519042783481882,-0.0022547824826212,-0.0102388601718927,0.2190578119381034,0.9947311207542996,-1.5056762906091038e-07,7.210714022392989e-07,0.0391137193258523,0.1873163881040935,-0.0326168759923711,-0.0305625018488956,5.152889314775318,4.828334548250726,-3.541797117731843e-06,2.2525331997044776e-06,0.7262331139360779,0.4618740558785543,-0.0143497882541735,-0.0169636565486861,1.5410732647922285,1.8217855983132445,-1.0592443411901055e-06,1.5470685416506076e-06,0.2621420155393775,0.3828688527428916,0.0042470490282038,-0.0218984208971377,-0.488833684882653,2.5204996950049963,3.359959103338723e-07,1.4352343977442874e-06,-0.080403126037673,0.3434486213262824,-0.0033501822623989,-0.0106456516062044,0.4943248512023671,1.5707832392441332,-3.3977021943622057e-07,1.11649412223566e-06,0.0720363991153071,0.2367135540387168,-0.0003319160891666,-0.0109925893599241,0.1239135568500505,4.103840973783328,-8.517098887433529e-08,2.7905245937304096e-06,0.0114282515061443,0.374432859271898,-0.0192932771269076,-0.0217107418026479,3.6176052475694727,4.070894382393281,-2.4865319350434813e-06,1.9337824826613373e-06,0.4687588276381305,0.3645549838730024,-0.0112204228818923,-0.0158370576308468,1.938272849621476,2.735773789176841,-1.3322562882308997e-06,1.7017712778940586e-06,0.2614720212481302,0.3339939767323913,0.0107930314455475,-0.0226561392284762,-2.0512527281737176,4.30587714274355,1.4099121010717915e-06,1.4873170674921131e-06,-0.2640388036033094,0.2785346822549214,-0.0015907903724055,-0.0083779965311725,1.0299847767401586,5.4244789485621725,-7.079517704961675e-07,3.8042431613428346e-06,0.0722640519902523,0.3883174490857904,-0.0217165490584955,-0.0265327546073233,5.89230105404707,7.199070972021858,-4.050025842820221e-06,2.0405576067729973e-06,0.6364092690210499,0.3206472811090632,-0.0075376485178568,-0.0141373263716684,1.6847774270613858,3.1599043512788687,-1.158018243876421e-06,1.9045522734258125e-06,0.200231414638438,0.3293136338546321,0.0008010204332175,-0.0115309684255095,-0.1789850772965975,2.5765525938636813,1.230239564953166e-07,1.6857200447356992e-06,-0.0212751311517702,0.2915197662195598,-0.0033155790704889,-0.0161329278134252,0.592301113143113,2.8820157501899,-4.071134168056764e-07,2.2554235991296483e-06,0.0785958290604149,0.4354238409701757,-0.000781475945606,-0.0344468593539322,0.0426938551750503,1.8819123387753336,-2.934527872940494e-08,1.2549645770568569e-06,0.0100299343713287,0.4289348369218178,0.0105635566461324,-0.0485161698718119,-0.3340975248286982,1.5344389026659386,2.29639252503762e-07,7.91816637742097e-07,-0.1007934627358397,0.3475448552445035,0.0472422517632825,-0.0798491623516068,-1.0349779878139835,1.7493265518628185,7.113838140564262e-07,3.729604990746496e-07,-0.3656660358858344,0.1917094324384109,,,,,,
EUR,blood_platelet,PLT,ldsc,insample10,20000,8,0.0554,0.4095,-0.0770583605807491,4.292814867378779,-6.117009912348273,340.7701759774024,-7.459971698677103e-07,1.75753036088572e-06,-2.5635800844252024,6.039660756002943,-0.0612470432721392,2.950412943750252,-6.160004051226578,296.74176442343173,-7.51240500577273e-07,1.1330937324664732e-06,-2.3635630546099464,3.5649548731862706,0.0052938055635224,0.0930668784102207,0.7111622157744643,12.502470419670257,8.672946552099599e-08,8.360612163629006e-07,0.242506086182062,2.337728385282143,-0.0085221975384049,0.424625415099979,-1.7223553677729553,85.81775530248447,-2.100490678086594e-07,5.171486118144641e-07,-0.4911438434947648,1.209214396970854,0.0091840966509066,0.2935582155621838,7.246414276723013,231.62261081922952,8.837331669533118e-07,2.162130885244793e-06,1.0832820320215433,2.6503447267225373,0.0228791884806186,0.8395561824031216,5.863315762501296,215.1554895384353,7.150580148704632e-07,1.2680919602301363e-06,1.5000959513140109,2.660287103808885,0.0455984519506647,1.7311191138325577,7.119678938709554,270.29453343035107,8.682772162788794e-07,7.29888922831829e-07,2.276225838798696,1.9134350118305288,0.1192720587455809,4.858591382365536,13.410410430349444,546.2780238401374,1.6354605225683866e-06,4.59219133176216e-07,4.922403619173975,1.3821562134625112,,,,,,,,,,,,,,,,,,,,,,,,,,,,,,,,,,,,,,,,,,,,,,,,,,,,,,,,,,,,,,,,,,,,,,,,,,,,,,,,,,,,,,,,,,,,,,,,,,,,,,,,,,,,,,,,,,,,,,,,,,,,,,,,,,,,,,
EUR,blood_platelet,PLT,ldsc,insample10,20000,24,0.0707,0.421,-0.0288477761736744,0.6732122792561251,-3.274910085866177,76.42563745613032,-5.099897444099378e-07,1.9142641935904083e-06,-1.082050771770657,4.0615151005516426,-0.0460561723387777,0.7573795783588201,-10.246373387844336,168.49845660444936,-1.5956301724886666e-06,1.3839589853322097e-06,-2.501219873180381,2.1694160573439927,0.0188819213291214,0.2459987584863549,7.312407508781242,95.26801522746224,1.138734419769058e-06,1.2280153645062614e-06,1.3723368533988107,1.479933083601438,1.227180602584587e-05,0.0246846726533523,0.0097609661876843,19.63413165233217,1.5200394883313487e-09,1.2208863122888604e-06,0.0012905986670395,1.0366008642161106,-0.0284571608510208,0.5818736120578131,-5.443530057539248,111.30578041526634,-8.477009841319038e-07,1.9040828276045752e-06,-1.4250888492098623,3.2009957005889724,-0.0099548998382448,0.2306365880874037,-2.0410585583088325,47.28754579392564,-3.178465683592429e-07,1.3843083767441448e-06,-0.5175007827867494,2.2538568601869167,0.008438591461899,0.0874344460480369,2.318880882615351,24.02652934891928,3.611108206438921e-07,1.088476684960144e-06,0.5126087490369249,1.5451286417792254,-0.0011348375228155,0.0435096518770654,-0.486856828070801,18.666082745288605,-7.581642939866867e-08,8.479839102201895e-07,-0.0869709703283012,0.9727440883140824,-0.0179961099993915,0.2983357119701054,-12.554533369581454,208.12640350571152,-1.955071466533239e-06,2.0398870124523195e-06,-1.7702250809729052,1.847021560903432,0.0003377967239948,0.0363553439224795,0.1601941719331532,17.240884239883666,2.494645124845997e-08,1.577933235329013e-06,0.0272623155681964,1.724418169888607,-0.0254819838366603,0.4145710931808599,-12.951514950515168,210.71058461541776,-2.016891953107694e-06,1.4845180159989243e-06,-2.13125326247762,1.568692789878751,0.0035750107998217,0.0454701370241899,2.329350554660047,29.62673256904475,3.6274122429777377e-07,1.2972377374929328e-06,0.3396073526417666,1.214506221700685,0.0029523115506763,0.0332982496370313,4.867054273054634,54.894067038428645,7.579285231239955e-07,2.7056856442847774e-06,0.4490863304776973,1.6031675815679118,0.0031629373337859,0.0372771745483563,2.6189019851873176,30.86538117086513,4.078320073044401e-07,1.8376734435287177e-06,0.3395081545309261,1.529809108330214,-0.0038561153639697,0.0655894851347833,-2.941502287439788,50.03263708307319,-4.580693699735258e-07,1.6576118548617089e-06,-0.3969923908742103,1.4365930938386404,-0.0080338091170721,0.1174526286504133,-6.742341145118743,98.57163385537793,-1.049960074373848e-06,1.323832421685828e-06,-0.8682843794778102,1.094768306767833,0.0180675956903533,0.2625794843740337,51.6572996950724,750.7444460542816,8.044401946207835e-06,3.4790701709831514e-06,3.625984011726891,1.5681778334817835,0.0178062009886515,0.2487936575541925,21.334323236575624,298.0896549945664,3.322315962669396e-06,2.366739887956493e-06,2.305330094302266,1.6422630328958314,0.0202558200283256,0.2846895254796199,19.99263178327066,280.9904929797383,3.113379270238947e-06,1.921206936697916e-06,2.377181427537254,1.466913296439952,-0.0109907580377163,0.1684446907495554,-10.844620551917744,166.20498321366136,-1.6887930106430675e-06,1.565468772689821e-06,-1.2896517857956025,1.1954748661222292,-0.0066900320539592,0.1355010003273616,-5.277458694580735,106.8905091237671,-8.218392994662555e-07,2.3440113708569105e-06,-0.7006231352949794,1.9982843323304504,0.0075600324977973,0.0637164328783598,1.823840709225027,15.371445051858542,2.840200288723652e-07,1.3266555550976963e-06,0.4286692238043171,2.0023109261599985,0.0292850300270592,0.3940351430410558,4.089990047813942,55.03152334273687,6.369191594376667e-07,8.010414136610882e-07,1.234479945906112,1.5525825316323731,0.1278641348957903,1.8307294556404643,12.369802141775208,177.10799951721205,1.9263039495073405e-06,4.869295992377549e-07,4.372390521114283,1.10524944139872,,,,,,
EUR,blood_rbc_count,RBC,ldsc,insample10,20000,8,-0.0599,0.3833,-0.1940032619635791,-44.25511034242757,14.24332531632221,3249.1202835304243,-1.8794258405217493e-06,1.589461469198082e-06,5.973348389267184,5.051759373597237,-0.0545216607802176,-11.009693575237202,5.071633813674706,1024.127537850604,-6.692088702180482e-07,1.0466598505476385e-06,1.9472998506948327,3.0456269505746376,-0.0003627166581136,-2.1761298132443807,0.045066219966215,270.3761810905801,-5.946548046759912e-09,8.153275304697229e-07,0.0153781413032189,2.1084874574921924,0.0069016062413788,-2.2045885784436647,-1.290043296570769,412.08011843189627,1.702229397364499e-07,5.328378285807956e-07,-0.3681196283047184,1.1523009983704005,0.0232370858421565,-6.416978867427618,-16.957089726756305,4682.742370054887,2.237510686917371e-06,1.950005451975112e-06,-2.5366961266707584,2.210747553490813,0.0744911480647928,-20.570334736058545,-17.65591694723836,4875.587651848763,2.329721874056998e-06,1.1236355511648235e-06,-4.520274197793675,2.1801489895483392,-0.0021731895263372,-1.0259325124980323,0.313827398311036,148.1535445197053,-4.140994527265139e-08,8.385648133718948e-07,0.1004025036636585,2.033183241186062,0.0865309887799193,-22.879702702433427,-8.998248089433519,2379.2313485819664,1.1873308797719415e-06,3.84923525567012e-07,-3.3051552292485846,1.0715058666990762,,,,,,,,,,,,,,,,,,,,,,,,,,,,,,,,,,,,,,,,,,,,,,,,,,,,,,,,,,,,,,,,,,,,,,,,,,,,,,,,,,,,,,,,,,,,,,,,,,,,,,,,,,,,,,,,,,,,,,,,,,,,,,,,,,,,,,
EUR,blood_rbc_count,RBC,ldsc,insample10,20000,24,-0.2274,0.3915,-0.2001197556682896,-0.2825232957356003,7.063272448124533,9.971724201134494,-3.536828335535501e-06,1.7014845205404715e-06,2.33307731565816,1.1223883551067044,-0.0423757603455482,-0.0519495992985683,2.931087569345001,3.593300120041006,-1.4676983856042391e-06,1.3537545474088525e-06,0.7152953481323506,0.6597638450599731,-0.0099513017546307,-0.0171739198578533,1.1981827177617583,2.067819314224874,-5.99972126015605e-07,1.1576719806130775e-06,0.2248010346610933,0.4337632495833783,-0.0045667937228135,-0.0098811817706771,1.1293399079473505,2.4435552793990345,-5.655001157345729e-07,1.1045492701669584e-06,0.1492787512351453,0.2915750698194491,-0.0585216808131131,-0.0596880411938511,3.4804452082138257,3.5498118658659488,-1.7427810300532789e-06,1.7409073292770816e-06,0.9109006920941548,0.9099213634783484,0.0024133575209081,-0.0409400661102375,-0.153839970437267,2.609732915879218,7.703307080062343e-08,1.1338891858918756e-06,-0.0389941670847074,0.5739750981062129,-0.0019870678235039,-0.025363668641948,0.1697657680579128,2.166953053556978,-8.500767643907082e-08,1.154878553609147e-06,0.0375173894131131,0.509695479697796,0.000933064580556,-0.0118782224349135,-0.1244538211415449,1.5843385347595655,6.231839481088678e-08,7.362596352139008e-07,-0.02222573848122,0.2625856162727079,-0.0059125547337812,-0.0155811969692677,1.282407543061907,3.379494215784372,-6.421464511410912e-07,2.220283443984122e-06,0.1807710549168898,0.6250334011350448,-0.0400721824702275,-0.063645163920782,5.908309376299764,9.383949053153644,-2.9584978026375943e-06,1.5351876565392098e-06,1.0052039144800955,0.5216081757569493,0.0161942610038118,-0.0428949319453414,-2.5590420562378107,6.778323186328155,1.2814021436667292e-06,1.5288750318659438e-06,-0.4209851993428673,0.50228865562739,0.0148243005336204,-0.0334327338224843,-3.0030368307020017,6.772645413675884,1.5037259051650706e-06,1.167606692460266e-06,-0.4377012680859758,0.3398644182161833,0.0039274597561136,-0.0163896702989313,-2.0130042903863243,8.400462048887633,1.0079818761179631e-06,2.7873023986995056e-06,-0.1856877533344295,0.5134694705737022,-0.0073404668980485,-0.0153150505217614,1.88964966740582,3.942539422450552,-9.462138883925868e-07,2.1161794991959204e-06,0.2448990918946219,0.5477096077288535,-0.0204831378102069,-0.0342388984836467,4.8578557266049085,8.120222136500214,-2.432498804199704e-06,1.7596462509466111e-06,0.6554393620540724,0.4741385336634269,-0.0045008615255858,-0.0127783463511772,1.1743939877258418,3.3342090270034603,-5.880602742393402e-07,1.4481840567841409e-06,0.1511958944921892,0.3723419068530534,-0.0011918446150508,-0.0070346346899869,1.0594486914212908,6.253193094819059,-5.305031314287998e-07,3.396072315613802e-06,0.0743445312659738,0.4759244375611086,-0.0009121131428062,-0.0127091617143159,0.3397701850038073,4.734274756342907,-1.7013485274954777e-07,2.4159035046064286e-06,0.0367040873550651,0.5211955801026668,-0.0137879038771154,-0.0247973086043733,4.231042017265696,7.609456488476624,-2.1186311876558043e-06,1.969612619564264e-06,0.5029381890186098,0.4675629291797171,-0.0060810058082289,-0.0132702400329254,1.8654820974357085,4.0709376032165006,-9.341123381693576e-07,1.7220013587033188e-06,0.2217808802515485,0.4088448054074879,0.0157135654404496,-0.0439983702164155,-3.853899065939271,10.791012295872772,1.929782479554085e-06,2.0692441560924766e-06,-0.5114873316683082,0.5484515395820899,0.0577855720982238,-0.1383149025214946,-4.334226604129819,10.37435658224989,2.170299330615299e-06,1.1705701712711117e-06,-1.0184082931784364,0.5492875352967219,-0.0031114272775199,-0.0383207230869647,0.1351030600589388,1.663945993572043,-6.765084237418686e-08,8.857064522849411e-07,0.0407663555665441,0.5337261576392052,0.0817242773527875,-0.1718467449709922,-2.4580688932939463,5.168735067592569,1.230841338253747e-06,3.857191728764025e-07,-0.8686106626635681,0.2722038787140121,,,,,,
EUR,bmi,BMI,ldsc,insample10,20000,8,0.8153,0.3221,0.160745795291163,0.0782514388795496,0.8670644157845759,0.4220890382451527,1.5563918044179146e-06,1.329231408763827e-06,0.3634301612851491,0.3103863589496315,0.196998134576354,0.0353569456485932,1.346326227093673,0.2416367207689303,2.416672934300297e-06,9.132802610980652e-07,0.5166523391508563,0.1952471004659284,0.0867469432785446,0.02675955426069,0.791857785751925,0.2442709862010717,1.4213949339549591e-06,7.537033495727513e-07,0.270061737955042,0.143201886840694,0.0503401503849066,0.017153426906409,0.6913182108072055,0.2355669640928682,1.240925100785725e-06,4.5479367973873334e-07,0.1971631907093716,0.0722594562354881,0.0313538451262701,0.0139909271241661,1.6810082493819247,0.750110993325002,3.017431478985941e-06,1.8555846537951528e-06,0.2513333525165113,0.1545587083466291,0.084484739610657,0.0238549915674718,1.4712052278806889,0.4154074270317975,2.6408323506372487e-06,1.154329580426548e-06,0.3764531313523729,0.1645507656172816,0.0835173910225613,0.02855925863599,0.886093503084157,0.3030048379195034,1.590549261441245e-06,6.27196511248373e-07,0.2833324979322378,0.1117256525996323,0.1211130007095429,0.0441262492353944,0.9253082640951472,0.3371263435124809,1.6609402630077032e-06,3.5471305621488305e-07,0.3396905704770525,0.0725448609470752,,,,,,,,,,,,,,,,,,,,,,,,,,,,,,,,,,,,,,,,,,,,,,,,,,,,,,,,,,,,,,,,,,,,,,,,,,,,,,,,,,,,,,,,,,,,,,,,,,,,,,,,,,,,,,,,,,,,,,,,,,,,,,,,,,,,,,
EUR,bmi,BMI,ldsc,insample10,20000,24,0.8447,0.3331,0.0988886156845369,0.0473722229430359,0.9396156852590846,0.450119393569659,1.7473358777892803e-06,1.4484733123606268e-06,0.310298381452933,0.2572252593885522,0.0892630211345417,0.0223526375442482,1.662152386906056,0.4162248753805746,3.090985543938865e-06,1.1146198392683654e-06,0.4055398388330003,0.1462390372104237,0.0030824651301715,0.0176981571658393,0.0999146782414859,0.573666076992616,1.858041588151877e-07,1.095001220666795e-06,0.0187417710565784,0.1104510378845918,0.0048276728029498,0.0069770688431864,0.321394968833037,0.4644877386950647,5.976751652757743e-07,8.929827101274457e-07,0.0424735412256299,0.0634594511466314,0.0630588407331946,0.0327422650594704,1.0096060832663951,0.5242213399359359,1.8774919995500665e-06,1.527737300091253e-06,0.2641765530288021,0.2149635652073911,0.0799892292923248,0.0238670219593362,1.3726727179263858,0.4095752664649616,2.552660972058958e-06,1.161527656938053e-06,0.3478592387337669,0.1582850722964533,0.0374937138569314,0.0195524030505969,0.8623505775076424,0.4497027455504361,1.6036515002364268e-06,1.0874558395551437e-06,0.1905339743935942,0.1292034354455547,0.0088923833461069,0.0094999690304131,0.3193027614182124,0.3411196106526864,5.937844372504201e-07,6.521671436782471e-07,0.0570107453029467,0.0626162165774487,0.0094739700160713,0.014726099611516,0.5531855940940891,0.8598577099638453,1.028719561413297e-06,1.8281214111008536e-06,0.0779614252388842,0.1385440270265095,-0.0040678948291857,0.0207329840802066,-0.1614648205574233,0.8229434866683818,-3.002645426071193e-07,1.4498198030231662e-06,-0.027464704892197,0.1326126378131684,0.0239351382497611,0.0165938887951427,1.0182166519880185,0.7059150323738099,1.893504456442284e-06,1.393335091301982e-06,0.1674694828063845,0.1232324045092322,0.0332716005762556,0.0150646356172051,1.8144629624665216,0.8215481941671279,3.374226593890212e-06,1.3533887974816337e-06,0.2644060166599325,0.1060521962520985,0.0011979486403644,0.0099666892470774,0.1652947736200866,1.3752189261938506,3.0738683154038176e-07,2.5984066632579144e-06,0.0152441692804899,0.1288622249553102,0.02904452389431,0.0139390300126008,2.012842708858248,0.9660022326933856,3.7431391756351855e-06,1.8409252699843216e-06,0.2608085338748497,0.1282690806056652,0.0345413430444734,0.0178799690654514,2.205338766056144,1.141570808788618,4.101110282707666e-06,1.803471201698059e-06,0.2974878944795257,0.1308208786312852,0.0108611762619068,0.0109957039155443,0.762927018855413,0.7723767118967808,1.4187606412863396e-06,1.4946781574645816e-06,0.0982008517495207,0.1034555540118079,0.0035995751964642,0.0073526002352576,0.8613893679848728,1.759499753169533,1.6018640078482544e-06,3.4695642471636787e-06,0.0604330739532665,0.1308952768194757,0.0283410588337905,0.0135549413816555,2.8421080901971667,1.3593214279284174,5.285264510231491e-06,2.5591800658884423e-06,0.3069557927758443,0.1486311885545568,0.0099699716460173,0.0133825433936747,0.8236277688092839,1.105543199887506,1.5316414710416125e-06,2.0661223402145434e-06,0.0978823382974867,0.1320393118706436,0.0097949575956186,0.008633929460219,0.8089211557912991,0.7130371040202342,1.5042926379279951e-06,1.3678696483747317e-06,0.0961491148818114,0.0874294353697558,0.0296703564860049,0.0128203019533829,1.959008535429231,0.8464704819203531,3.64302762560533e-06,2.060058793787585e-06,0.2599422976254206,0.1469921370721471,0.0618020441309441,0.0205123264071041,1.2479092452807965,0.4141856814866428,2.3206472930502805e-06,1.173177184511528e-06,0.2931564105854936,0.1482019320308418,0.0720933488651508,0.0257025000218312,0.8427304705038987,0.3004476873038521,1.5671653948727718e-06,6.840753586063511e-07,0.2542327404307772,0.1109738344457116,0.1056749394112933,0.0409470760035876,0.8556633597453419,0.3315536570937777,1.5912157611337582e-06,3.682540604013184e-07,0.3023013735982502,0.0699614163029231,,,,,,
EUR,cystatin_c,CysC,ldsc,insample10,20000,8,0.8853,0.394,0.2647704327517023,0.065896684202376,1.3152496802250755,0.3273424148018304,2.5636330074917817e-06,1.6938082723082924e-06,0.5512960290459905,0.3642447151210681,0.1306263692137103,0.0440285441850778,0.8221404686246858,0.2771082758180444,1.6024839038929289e-06,1.0992969593241609e-06,0.3155013165673634,0.2164325252333054,0.1280152273888345,0.0328192377713914,1.0761718328119347,0.275897953582119,2.097631859418112e-06,8.935136576025822e-07,0.3670325184078885,0.1563422897632252,0.0315746006924928,0.0161354845939061,0.3993266857837181,0.2040668589652429,7.783518884963734e-07,4.493750726819322e-07,0.1138893803397828,0.0657530987260251,0.0247886971771782,0.0142442337378292,1.2239388382291043,0.7033072681445036,2.3856535013932288e-06,1.919198297126361e-06,0.1829982984015353,0.1472175328328865,0.0770729532705897,0.0244745942873373,1.2360156459457816,0.3924980188720463,2.40919314056068e-06,1.1447779071304791e-06,0.3162777776408714,0.1502859219810552,0.0554742121961947,0.0268772952846586,0.542026793007878,0.2626123669200771,1.0564973315653038e-06,7.309047448255654e-07,0.1733183910486614,0.1199049260212629,0.1729775073092967,0.0665523831462755,1.2170608406619392,0.4682591432840489,2.3722471787354526e-06,4.383586313845312e-07,0.446803323908423,0.0825631052793413,,,,,,,,,,,,,,,,,,,,,,,,,,,,,,,,,,,,,,,,,,,,,,,,,,,,,,,,,,,,,,,,,,,,,,,,,,,,,,,,,,,,,,,,,,,,,,,,,,,,,,,,,,,,,,,,,,,,,,,,,,,,,,,,,,,,,,
EUR,cystatin_c,CysC,ldsc,insample10,20000,24,0.8646,0.408,0.1298575283946438,0.0507210136490008,1.2054754110422086,0.4708462846388864,2.294714080482622e-06,1.864654407606834e-06,0.3981245505968513,0.3235107608224443,0.0602234693897367,0.023065847154428,1.0956006720690412,0.4196197578836225,2.0855591625958304e-06,1.362278731947366e-06,0.2673291562045692,0.1746183136198545,0.0093726334319615,0.017522169448876,0.2968110167308169,0.5548891853292187,5.650023327690429e-07,1.2049760005877158e-06,0.0556791634748057,0.1187465109942588,0.0111581588016464,0.0083667024134847,0.7257399775053519,0.5441803194681532,1.381501215118822e-06,1.0880670741566429e-06,0.0959161626905315,0.0755433418088184,0.0734685336525178,0.0314539147986262,1.1491973375032785,0.4920032202030689,2.187584489460464e-06,1.7507565641050338e-06,0.3007241268620374,0.240674013563846,0.0561289569362119,0.0263704334650572,0.941043554476843,0.4421198574784583,1.7913479404266477e-06,1.3089483509928028e-06,0.2384940867017933,0.1742690152285521,0.0575595881662504,0.0211784935874099,1.2933925016718355,0.4758912576570911,2.462070945612248e-06,1.1226692175929206e-06,0.2857921251419793,0.1303171308280792,0.0058688888682906,0.0106395146297508,0.2058863937543917,0.3732446375415005,3.919204011963456e-07,7.280516018121166e-07,0.0367631775584842,0.0682931795013872,0.0301825055288773,0.013932866411841,1.7217948629434434,0.794815983419037,3.2775674057781543e-06,2.3427228257377887e-06,0.242673116137428,0.1734566457323839,0.0093587588217864,0.0201618497873821,0.3629223518384369,0.7818543122637309,6.908502846735956e-07,1.637799567941208e-06,0.0617365121637976,0.1463588207043108,0.0451670743201734,0.0214333484498196,1.877212675882813,0.8908027363340676,3.573417026967398e-06,1.5297667611754408e-06,0.3087737078296526,0.1321848951292325,-0.0071292850590501,0.0132176814594321,-0.3798460870432639,0.7042339506085766,-7.230659011126738e-07,1.2021305349615432e-06,-0.0553556855573836,0.0920313899325906,0.0247028906146113,0.0115264270228998,3.33008992587072,1.5538278134761787,6.33907931441109e-06,3.0696208975161502e-06,0.3071368692837005,0.1487272371253679,-0.0115585385667574,0.0185124265957153,-0.7825926529995137,1.2534187569928943,-1.4897246046417746e-06,1.952997243510915e-06,-0.101409601554704,0.1329458288362645,0.0202247586984058,0.0157798793429589,1.2615564940218402,0.984298975174428,2.401468685000697e-06,1.9791918803459675e-06,0.1701892171935641,0.1402629644499573,0.0228496584884464,0.0156668993117167,1.5680976728551923,1.0751682947025976,2.984993120981088e-06,1.6298624660886728e-06,0.2018537027242421,0.1102159235807992,0.0019575724228043,0.0074669048851091,0.4576709612069366,1.745726235309805,8.712114650282159e-07,3.449674391943938e-06,0.0321114478086717,0.1271494277112519,0.041689538366454,0.0212796139578519,4.084499698750548,2.084853423810339,7.77515566439184e-06,2.879291081959342e-06,0.4411694817362029,0.1633736235292507,0.0041951976873031,0.0133855517379518,0.338592045377151,1.0803403508663312,6.445356968290367e-07,2.124107368656137e-06,0.0402421760752079,0.1326205874285038,0.0182204808245498,0.0126466361393303,1.4701130405865777,1.0203893567360027,2.7984719250461926e-06,1.70638711502315e-06,0.1747516068764909,0.1065559699330244,0.02217836996222,0.0119183358890492,1.4306402868637074,0.7688054399080201,2.723332537769117e-06,2.0212704343764847e-06,0.189846426462827,0.1409049256965453,0.0395033312889887,0.0237951911117401,0.779293665968784,0.4694146318506734,1.4834447320525858e-06,1.2735095637042971e-06,0.1830833669423906,0.1571736470651692,0.0489423270055734,0.0253165658053715,0.5589402368076849,0.2891249385179472,1.06398522923167e-06,7.754779788853708e-07,0.1686318123062535,0.1229060830829983,0.1504776019543525,0.0623471323893702,1.1903921453769537,0.4932131806938101,2.266001937717473e-06,4.708242144745693e-07,0.4205896570969976,0.0873890668947486,,,,,,
EUR,ggt,GGT,ldsc,insample10,20000,8,0.0972,0.3686,-0.0288287854469736,0.3616097708596369,-1.30433535077457,16.360744998614916,-2.791072660692945e-07,1.5631489899506785e-06,-0.546668880024771,3.061636193434086,-0.0283214064454687,0.2480815159215889,-1.623507078477182,14.221119205839758,-3.474049996795873e-07,1.025656852425096e-06,-0.6229709042937933,1.8392204413859825,0.0226011475539316,0.0722393084471188,1.7305122534739132,5.531179695717435,3.703024254304637e-07,7.833033354096121e-07,0.5901413271141921,1.2483301165371543,0.0027202434954893,0.0207965536763857,0.313344767284782,2.3955543990300967,6.705085565766445e-08,5.488412289078895e-07,0.0893584794781241,0.7314391025897073,-0.0128918884860836,0.0836192124068807,-5.797580045725132,37.60419412661644,-1.2405910147411956e-06,1.9081544606325987e-06,-0.866747337612648,1.3331450726749194,-0.0082098310534801,0.0824083190233902,-1.1991689837673136,12.036971227971929,-2.5660331632937185e-07,1.0450688823906492e-06,-0.3068199004659962,1.249586073406902,0.0696593221994572,0.3243941814132573,6.19916298852959,28.868676002234885,1.3265234532047037e-06,7.532374388000148e-07,1.9820535158706276,1.1254659013017607,0.0804711981831279,0.381876958761496,5.156883517739992,24.47204762578925,1.1034920269695086e-06,4.243489931420474e-07,1.8929966935929703,0.7279538241462964,,,,,,,,,,,,,,,,,,,,,,,,,,,,,,,,,,,,,,,,,,,,,,,,,,,,,,,,,,,,,,,,,,,,,,,,,,,,,,,,,,,,,,,,,,,,,,,,,,,,,,,,,,,,,,,,,,,,,,,,,,,,,,,,,,,,,,
EUR,ggt,GGT,ldsc,insample10,20000,24,0.1209,0.3677,-0.0346541094198889,0.370781567943204,-2.3005670551389006,24.614912174696283,-6.124556059149563e-07,1.644983643821714e-06,-0.7598955888322015,2.0409900775972574,-0.0057458693952989,0.0859101895631944,-0.7475344287556638,11.176868122334405,-1.9900817517279385e-07,1.2129309735222052e-06,-0.1824247085290759,1.111856732109395,-0.0160796962906095,0.112390114326155,-3.641540603065812,25.452791974741213,-9.694487937366074e-07,1.0645402014908534e-06,-0.6832132271663551,0.7502283268676617,0.0200252557604856,0.1086608092401252,9.314413434877563,50.54176154034535,2.479677656540169e-06,1.0942712930870716e-06,1.2311888777311502,0.5433184598473482,0.0052769531049478,0.079368531924147,0.5902899705090201,8.878314329706757,1.571466481474915e-07,1.7195815537312123e-06,0.1544889742666456,1.6904998836147334,-0.0264733725172813,0.2081976299472676,-3.174102549572705,24.96246474072132,-8.450077105522085e-07,1.2310558866607327e-06,-0.804539310391249,1.172099191213143,0.0070472569964555,0.0280136073133234,1.1324569480797733,4.501638617508536,3.014820214692345e-07,1.0681030363085798e-06,0.2502649577194152,0.886649094095397,-0.0283637512915306,0.1837721983900485,-7.11581026711034,46.10420119230909,-1.8943668166437344e-06,7.038431033461607e-07,-1.2707735849297728,0.4721499636759674,-0.0083860443929311,0.0763734385042837,-3.4211507097967893,31.15712618559416,-9.107767262052128e-07,2.2047178324313635e-06,-0.4822485043408406,1.167379278139398,-0.0078904744260791,0.0728430020083565,-2.1882024903563995,20.200970156230024,-5.825419776842494e-07,1.6004780382300494e-06,-0.3722839433668228,1.0228143175413078,0.0403744099163262,0.2262415706351743,12.00014893890809,67.24389407600344,3.194672579976127e-06,1.3660649373629544e-06,1.974112484444248,0.8441446752048406,0.0077817108076586,0.0402230964222836,2.9650068039519533,15.32590422798938,7.893423643531753e-07,1.1209671685577357e-06,0.43215415706467,0.6137142052703628,0.0183775487706341,0.1002635974613744,17.71677624909119,96.6585775024892,4.7165497342313805e-06,2.615580038265526e-06,1.6342523419946051,0.9062806593952644,0.0163092378043328,0.0761459771914453,7.896878126207711,36.86962621405195,2.1023022418840544e-06,2.1580179813566528e-06,1.0234277047484224,1.0505508415794524,-0.0020182481651685,0.0241502796033725,-0.9002991734758126,10.772945141912436,-2.396771155025393e-07,1.72995700446024e-06,-0.1214704422136642,0.8767572235747507,0.0050601552315635,0.0214297457452678,2.483397085826246,10.51718093584085,6.611285089602916e-07,1.4448433863003132e-06,0.3197188197755962,0.6987198645464205,0.0098102011148258,0.053431087795976,16.402209720530607,89.33434670378229,4.366586607546302e-06,3.808023565428894e-06,1.1509787718802666,1.0037483921775132,0.0079773504681524,0.0413208176993595,5.589325279982585,28.95140333605905,1.4879868827821816e-06,2.320410752047132e-06,0.6037878959321855,0.941564701872475,0.0253846513479995,0.1464233503664035,14.651579755537105,84.51301404757636,3.900534929744526e-06,2.184473422419976e-06,1.74159666121744,0.9753717599073126,0.0200116602458389,0.115242326366735,11.546834675633566,66.49543685256147,3.07399152390192e-06,2.041908477341937e-06,1.3727511605491691,0.9118542488524328,-0.0218018378581071,0.1504263088403957,-10.05733375747838,69.39266330479578,-2.6774574670910715e-06,1.9882055559609434e-06,-1.3347909782741318,0.9911787102763728,-0.0165091846564241,0.1374623446196306,-2.329066994176681,19.39278144006587,-6.20042842893306e-07,1.0629692600044667e-06,-0.5472529975914043,0.9381821281421672,0.0430925126585871,0.2159657467879483,3.519423328140195,17.638212311884356,9.369388047579398e-07,7.827169821505621e-07,1.0619499900205454,0.8871511001174136,0.0622936841855111,0.3322278428438431,3.524123650987728,18.79503538426034,9.381901219369592e-07,4.527313034896633e-07,1.245311784837136,0.6009353695137702,,,,,,
EUR,glucose,GLU,ldsc,insample10,20000,8,0.429,0.4069,0.083358895277556,0.1023938252558877,0.8545231684310416,1.049652777836105,8.070578849206877e-07,1.682961237672087e-06,0.3581515760561983,0.7468550038055608,0.1684213192656288,0.0813078193159899,2.187486630906067,1.056040699107334,2.0659806531316986e-06,1.206574257251136e-06,0.8393960519522663,0.4902241782315857,0.0519778265268891,0.0294492249045159,0.9017191152999664,0.5108895619833672,8.516322890609511e-07,8.573352883662972e-07,0.3075109352769977,0.3095701980278321,-0.0038234191717222,0.0222186318874917,-0.099787364442963,0.5798837684287917,-9.424458255124129e-08,4.866614522412413e-07,-0.0284575045312983,0.1469492474523243,0.0250622648509154,0.0202140554518691,2.5536389930275822,2.059646265657801,2.4117947420288687e-06,1.957544920844677e-06,0.3817800246858117,0.3098736120367246,-0.0134135492528075,0.0506249340989559,-0.4439140062893023,1.6754042416697177,-4.1925639027471787e-07,1.2343818431007663e-06,-0.1135821076812325,0.3344103862816762,0.0899973577922458,0.0639443791750292,1.81464861948819,1.2893331786679854,1.7138522755413964e-06,8.987333256909252e-07,0.5802067830770252,0.3042567782445103,0.0274193047112944,0.0269222540407808,0.3981184133776981,0.3909014169440989,3.760045561298479e-07,4.1032516104822e-07,0.1461445875478419,0.1594842414653753,,,,,,,,,,,,,,,,,,,,,,,,,,,,,,,,,,,,,,,,,,,,,,,,,,,,,,,,,,,,,,,,,,,,,,,,,,,,,,,,,,,,,,,,,,,,,,,,,,,,,,,,,,,,,,,,,,,,,,,,,,,,,,,,,,,,,,
EUR,glucose,GLU,ldsc,insample10,20000,24,0.251,0.414,-0.0114009451762027,0.1300655947315585,-0.3645638404236805,4.15905979631417,-2.014299439218918e-07,1.8201324444243848e-06,-0.1203804383685835,1.0877644965916902,0.044975837281547,0.0530068514279019,2.8184302129556547,3.321697173147359,1.5572478035222786e-06,1.415531244413772e-06,0.6875797060401714,0.6250068580756711,0.0117361807353546,0.0179923501532966,1.2802261190365962,1.962672280575312,7.073545063196348e-07,1.1700494979929175e-06,0.2401159973506795,0.3971807624751012,0.0086610589271196,0.0153863228359507,1.94044354566888,3.447187126866413,1.0721398867573763e-06,1.162047104565806e-06,0.2564091313949202,0.2779110192634108,-0.0168340250308571,0.0940505343434876,-0.907032226276143,5.067526357580251,-5.011562591117703e-07,1.8512999339893496e-06,-0.2373111290956285,0.8766409071859813,0.0572266443808781,0.0679618720513166,3.304932114817109,3.924909034165553,1.826051343379549e-06,1.4854715367972167e-06,0.8374370304443334,0.6812452875956596,-0.0071749158906506,0.0386616684097635,-0.5553553819189704,2.9925041565026085,-3.068466782296731e-07,1.1913424674976657e-06,-0.1226909786388676,0.4763518186823151,-0.0053522578729455,0.0171635149649837,-0.6467706447524052,2.0740513449907603,-3.573557228039898e-07,7.307773119113934e-07,-0.1154668775771375,0.2361248722940011,0.0310729478850482,0.0436407835054846,6.105905594701917,8.575514146552317,3.3736538985978992e-06,2.3154760378133857e-06,0.8604231189281973,0.5905434209143088,0.0023218538349834,0.023027726554372,0.3101500441950641,3.076012064558375,1.7136506444791665e-07,1.801860321983688e-06,0.0527499372818613,0.5546522523801934,0.0353105926140231,0.0539202063064913,5.055196410383024,7.719418259195029,2.7931128009684486e-06,1.6695768166835931e-06,0.8313551575878919,0.4969406523996517,-0.0223763099236812,0.0445066488456171,-4.106687490001662,8.168232325150202,-2.269039710176472e-06,1.217986287231595e-06,-0.5983674471391631,0.3211946190596176,0.0062395103658301,0.0112979781887129,2.8973449642360656,5.246267462007986,1.6008500266789958e-06,3.132598502547318e-06,0.2671762959896981,0.5228197837306185,0.0314218852023625,0.0504210193895184,7.328356486213656,11.759421883983595,4.049086256997209e-06,2.509415153299504e-06,0.9494489617062588,0.5884195743355359,0.0034008669645791,0.0165208681592493,0.7307259120159579,3.5497496899167333,4.0374294748648033e-07,2.043722734601368e-06,0.0985601990238638,0.4989058526617387,0.0132837496460804,0.0240589283200684,3.1401875583217893,5.687366096930805,1.735026170016981e-06,1.3974988553659398e-06,0.4041484571796153,0.3255265056324165,-0.0033132142699551,0.0138683014367238,-2.668250210397444,11.16864024218221,-1.47426988267765e-06,4.014135238471355e-06,-0.1871780024893491,0.5096474020716735,-0.0121083892310742,0.0298856572926653,-4.086388610034708,10.085933581548222,-2.2578241100536805e-06,2.3956063058137017e-06,-0.4412939622237729,0.468223629074299,-0.024109003483178,0.0472989852766893,-6.70262758771879,13.14975477140096,-3.7033565851031207e-06,2.1905989962776985e-06,-0.7964738516100346,0.4711279564373332,-0.0161645256461165,0.0305947541882898,-4.492575359838889,8.503140878721673,-2.482251672973212e-06,1.494743253146563e-06,-0.5339339612339036,0.32152025311126,0.0199173997891904,0.0297529932841339,4.425628725788807,6.611088954890974,2.445262111071528e-06,2.046303759224148e-06,0.5871765191341082,0.4913753470403028,-0.0216801389139769,0.0691522401385098,-1.4732314984449368,4.699105423831098,-8.139944372180593e-07,1.322348268552241e-06,-0.3460512852823344,0.5621663945115964,0.0920785344354339,0.1351205254961191,3.622268741582813,5.315493549628944,2.0013871607208733e-06,9.925816456188034e-07,1.0926385716265925,0.5418906510327903,0.0338666633762075,0.0491815207352932,0.9228521147380794,1.3401754377871795,5.098971129551879e-07,4.3016354595986793e-07,0.3260035838093423,0.2750257925452819,,,,,,
EUR,hba1c,HbA1c,ldsc,insample10,20000,8,0.7163,0.3838,0.2494766479193312,0.0506361939330459,1.531666214241254,0.3108817923916183,2.4155950556932403e-06,1.6431366130338205e-06,0.6420201440936035,0.436715087066901,0.0644421250943955,0.0600029071120788,0.5012801842772148,0.4667485482555474,7.905703758418921e-07,1.1029965194536156e-06,0.1923727482788739,0.2683966896221774,0.0754697060225878,0.0281558182526394,0.7841301632094884,0.2925389209165741,1.2366538660037493e-06,8.491588020858918e-07,0.2674354320476499,0.1836367938967141,0.0251873110514808,0.0180750034037782,0.3937021490014655,0.2825298686601137,6.209087565562419e-07,5.523726224225711e-07,0.1122872754660193,0.099892965204514,0.0153563811926069,0.0146426216094264,0.9371096523193504,0.8935531016942639,1.4779182446786548e-06,1.834440327112544e-06,0.1401153155434042,0.1739156994673997,0.0481287588312452,0.0240356242432431,0.95394237897319,0.4764012438197313,1.5044651848022851e-06,1.1426179414212636e-06,0.2441038986333706,0.1853931197391063,0.0966560410420793,0.0414724825043468,1.1672237807264192,0.5008240282028484,1.8408318779865712e-06,7.223518012330936e-07,0.3732380259561414,0.1464605016689469,0.141583028846273,0.0662727184968049,1.2312021537907458,0.5763057508780082,1.9417323484732445e-06,3.825117276565192e-07,0.4520030188526938,0.0890423727983169,,,,,,,,,,,,,,,,,,,,,,,,,,,,,,,,,,,,,,,,,,,,,,,,,,,,,,,,,,,,,,,,,,,,,,,,,,,,,,,,,,,,,,,,,,,,,,,,,,,,,,,,,,,,,,,,,,,,,,,,,,,,,,,,,,,,,,
EUR,hba1c,HbA1c,ldsc,insample10,20000,24,0.7187,0.3984,0.1568843880744703,0.0332128951112586,1.752017896257999,0.370907439138198,2.772090460333444e-06,1.8012358921791288e-06,0.5785825931116679,0.3759486741920576,-0.0037162056473774,0.0389649854414294,-0.0813305752948323,0.8527635397526113,-1.2868345260043814e-07,1.2919772130513337e-06,-0.019843309408313,0.1992261092548606,0.0084406602450545,0.0164115345682672,0.3215602742389234,0.6252233123049398,5.087814288562841e-07,1.1403960989150554e-06,0.0603172173644685,0.1351966001087695,-0.0075373277181255,0.0093363600152624,-0.5897575289051095,0.7305226490720997,-9.33130433929616e-07,8.557780143598417e-07,-0.0779382167666127,0.0714774804915533,0.0745907806060535,0.0291077614866927,1.4036084616965128,0.5477339155296367,2.220827558338612e-06,1.7693931358394894e-06,0.3672703437632869,0.2926141756536537,0.0596658571054147,0.0255300140210991,1.2034172232210163,0.5149219347973901,1.90407952533876e-06,1.326786738799339e-06,0.3049652364559816,0.2125036408091271,0.0548247830280119,0.0260017141780236,1.4820305934588744,0.7028816853596193,2.344909192322927e-06,1.2151601071082034e-06,0.3274487298460521,0.1696878646451981,0.0058666920434979,0.0098541645638794,0.2475897371739492,0.4158714990236758,3.917432293141942e-07,7.019199535683284e-07,0.0442063091158089,0.0792082367226034,0.0033298138301004,0.0195424532676555,0.2285144449132811,1.3411358978490715,3.615617820716692e-07,2.2499993154759345e-06,0.0322047653726138,0.2004102857007189,0.0052827763196724,0.0207137320848246,0.2464479839652797,0.9663209653022804,3.899367162731073e-07,1.6408938317992533e-06,0.0419198640672439,0.1764031021116429,0.020662501005974,0.0163332767218182,1.033099120865695,0.816643339414136,1.6345975823918956e-06,1.4466457303161238e-06,0.1699163025545163,0.1503787208848697,0.0216581039291351,0.0144569728974526,1.3881925094273369,0.92663058367913,2.1964360185526245e-06,1.311763105448724e-06,0.2022881747368592,0.1208112424159005,0.0133148166980883,0.0102266877536695,2.159289954818782,1.6584820233189788,3.416487410106641e-06,3.01863936966002e-06,0.1991375585921644,0.1759481017158272,0.0054778247170404,0.0149131442548416,0.4461784162987247,1.214701716351125,7.059556492374109e-07,2.083865745142128e-06,0.0578120127603443,0.1706516169665024,-0.0082798732542873,0.0174141629490337,-0.6213189933013015,1.3067531181200047,-9.830678429901646e-07,1.7925977192091033e-06,-0.0838119971172265,0.1528289181118126,0.0150123471439335,0.0141497913141111,1.2393945485984137,1.168183366023565,1.961003829981997e-06,1.8153153743239752e-06,0.1595289159162952,0.1476770668595512,0.0141773259818175,0.0098000242934128,3.9874700223171744,2.756323945579053,6.309083733299541e-06,3.616669634411965e-06,0.279750056349595,0.1603661604116136,0.0134230783932025,0.0119834504091247,1.582091127936753,1.412411521335316,2.5032276967596807e-06,2.2708956517629778e-06,0.1708694065845198,0.1550105062093991,0.0047294494391144,0.0123490937749625,0.459200649427099,1.1990215677960112,7.265597813667147e-07,1.928196995872325e-06,0.0545724462662927,0.1448283123380852,-9.482077220687142e-05,0.0133509244171211,-0.0092036897542951,1.2958950176037325,-1.4562328742327589e-08,1.966603867962506e-06,-0.0010939529426614,0.1477354430375983,0.002662052745036,0.01521885468836,0.2065784761117418,1.1810013214613575,3.268540944488457e-07,1.997862862522333e-06,0.0274108982654803,0.1675463658037536,0.0363053456393323,0.0220714027360671,0.8615997960813195,0.5237993403379664,1.3632466771278632e-06,1.2325202508854148e-06,0.2024042158177375,0.1829949773914213,0.0911182879572518,0.0398122114741232,1.251854623329547,0.5469714380743953,1.980718499775604e-06,7.866899162815605e-07,0.3776541424253603,0.1499944114833326,0.1309013424897944,0.0653918863656718,1.245747080170898,0.6223141028003886,1.9710549785511195e-06,3.974794273982005e-07,0.4401134451998671,0.0887524914788953,,,,,,
EUR,hdl,HDL,ldsc,insample10,20000,8,-0.3298,0.4169,-0.2490249041697646,-0.1411036518666824,3.320636323158248,1.881554430392876,-2.411140838216577e-06,1.811556489028959e-06,1.3918466916329193,1.0457327361375073,-0.1487343514918076,-0.1144304260830153,2.512848279599648,1.9332877471308167,-1.8245994193734653e-06,1.1134989998166426e-06,0.9643059470697204,0.5884873666944833,-0.0403307747457072,-0.0322823227170326,0.9101151977431426,0.7284916470975389,-6.608419914749785e-07,8.988695310531473e-07,0.3103935709167182,0.422193697027478,-0.0043693615175227,-0.0186274350384083,0.1483365790517858,0.6323875877575412,-1.07708387413209e-07,5.156173364747421e-07,0.0423054757414365,0.2025231019048868,-0.0388290161004486,-0.0390687517569391,5.146384292868217,5.178158773421931,-3.7368311763478696e-06,1.922819107514891e-06,0.769454557214988,0.3959295604098913,-0.0006356392347854,-0.0404151619986121,0.0273635523338645,1.739827153375636,-1.9868896226523967e-08,1.1733457495536793e-06,0.0070018147286537,0.413487969203892,0.0060481853013246,-0.0511423293065307,-0.1586333561830235,1.3413741373194146,1.1518496040314997e-07,8.388145553124397e-07,-0.0507238061932454,0.3693873469836951,0.1460758619587116,-0.2172354114125264,-2.758931547482231,4.102920371236304,2.003282466551953e-06,6.393442283750523e-07,-1.012834437330576,0.3232444064272969,,,,,,,,,,,,,,,,,,,,,,,,,,,,,,,,,,,,,,,,,,,,,,,,,,,,,,,,,,,,,,,,,,,,,,,,,,,,,,,,,,,,,,,,,,,,,,,,,,,,,,,,,,,,,,,,,,,,,,,,,,,,,,,,,,,,,,
EUR,hdl,HDL,ldsc,insample10,20000,24,-0.1675,0.4474,-0.0549383420370556,-0.0533963453103616,2.6324928014897093,2.558604600054639,-9.710244578924671e-07,1.9953199626516643e-06,0.8696028765991124,1.7869127447350792,-0.0614881048215468,-0.1595580378548771,5.774016841721435,14.983236196332498,-2.1298107901460296e-06,1.3908107142055154e-06,1.409176058558825,0.920221256044596,-0.0454282651091249,-0.1319935199852241,7.425829203642525,21.576023936713568,-2.7391002827390715e-06,1.401604666369143e-06,1.393319814990741,0.7129653363705073,-3.0274525878869e-05,-0.0089016608048248,0.0101640379820825,2.988546175284608,-3.749119262914994e-09,1.0557122553403834e-06,0.0013436006342694,0.3783437005891737,-0.0921299782812278,-0.2287815314282755,7.438658613174704,18.472029854380217,-2.7438325541545967e-06,2.0429895458754304e-06,1.946979870528752,1.4496728364481768,-0.0513764935884419,-0.1412269120416806,4.446186065267991,12.221953747770174,-1.6400255344564405e-06,1.3831626125711309e-06,1.1270643072674609,0.9505420367082326,0.0143698642158313,-0.066077895283934,-1.666731890625181,7.664243285875214,6.147927278777516e-07,1.2360810639099528e-06,-0.368365404644134,0.740622783310933,-0.0063627243625922,-0.0188024577888066,1.1521666237998454,3.404762343161185,-4.249895652682994e-07,8.699254091397664e-07,0.205775590951859,0.421208965534867,-0.0162019073274209,-0.0379799852366515,4.770816168780962,11.18359240028576,-1.759768984505335e-06,2.449881018117846e-06,0.6725523797873307,0.9363009141760282,0.003061733723382,-0.0313758288770416,-0.6128628530615751,6.2804547161973225,2.260613283803781e-07,1.7408332683615756e-06,-0.1042761154822394,0.8030003726314134,-0.0048127664502329,-0.0206786059768197,1.0324920702158402,4.436221228468434,-3.80846265635468e-07,1.7251487922658525e-06,0.1698661062580787,0.7694556426044061,-0.0095653910315634,-0.0325297215649528,2.630660630482484,8.946279097122408,-9.703486410932528e-07,1.6270667836590286e-06,0.3834533835483609,0.6429691731729286,-0.023068153600141,-0.0705482953705182,16.051715008114577,49.09023718261193,-5.920854885216963e-06,3.3257576205014727e-06,1.4807802190582875,0.8317576081989181,-0.0005039849777371,-0.0196319098769771,0.1761371039759858,6.861132581319839,-6.497014381435122e-08,2.221632589774962e-06,0.022829023414505,0.7806309087959442,0.0214016711080166,-0.0899518883829726,-6.890828802290316,28.96236747875312,2.54175939185371e-06,2.130559440941491e-06,-0.929800915885474,0.7793798759571405,0.0128469558989094,-0.0495025554442851,-4.550866021019098,17.535632510744055,1.6786379087155097e-06,1.5080644653421731e-06,-0.5859368771897235,0.5263973718427074,-0.0133420919042112,-0.0414893081487013,16.101260154597103,50.06937060039501,-5.9391301674806695e-06,3.567942588516119e-06,1.1299508901184985,0.6788199265037593,-0.013894832812249,-0.0435820135565289,7.026928387328426,22.040401088333446,-2.5919612483245936e-06,2.560643868957536e-06,0.7591459745894615,0.7499735911301948,0.0335098235442806,-0.108212048224066,-13.960368465777178,45.08170756698155,5.1494382867027065e-06,2.7624003713448044e-06,-1.6595668808861337,0.8902695619966104,0.0519406976896145,-0.188271068679818,-21.63212059087768,78.41062293373015,7.979249993745363e-06,6.498953953940084e-06,-2.571951148187237,2.0948074188619787,-0.0193844358159152,-0.0517470652713314,6.454378235521385,17.23006720500811,-2.3807697113676577e-06,2.135905687031825e-06,0.8566818390173029,0.7685714427552915,0.0242582612776884,-0.1303732163811367,-2.470173820381015,13.275663177053591,9.111512834824426e-07,1.3114019860417114e-06,-0.5804548322618026,0.8354371372076375,-0.0198659971106048,-0.0606874090369597,1.1710934392753425,3.57750110271906,-4.3197093316656105e-07,8.903685599645456e-07,0.3533937406635526,0.7284070566242642,0.1035047362982214,-0.3660078177032254,-4.2264801543247135,14.945449195612907,1.5589845481529872e-06,4.270818379325934e-07,-1.4936214509205723,0.4091757004201599,,,,,,
EUR,height,HT,ldsc,insample10,20000,8,0.5084,0.3881,0.0430882048672809,0.1433524052797409,0.3727194382824819,1.2400198183443027,4.171695602880167e-07,1.6638620731261391e-06,0.1562163706379801,0.6230619849791983,0.1068640291933159,0.0349554795718482,1.1712015476696356,0.3831028278002055,1.3108777929625635e-06,1.0697442694802066e-06,0.4494223109575367,0.3667519156281155,-0.0035939776984761,0.0527787956036934,-0.0526114521489335,0.7726172259108361,-5.8885837723468733e-08,8.057807111556077e-07,-0.0179420082987284,0.2455144524631144,0.0373245248670574,0.0252662280914869,0.8219959486887237,0.5564367451112017,9.200263073296304e-07,5.766979512501402e-07,0.234418787163138,0.1469401833561791,-0.0301424674201418,0.0399136331540496,-2.5916105339260853,3.431722781266906,-2.9006832373908723e-06,1.9117870574075275e-06,-0.3874582505629861,0.2553666181690228,0.0459706037386806,0.025131949787805,1.283769630223186,0.7018318503990164,1.4368706247765544e-06,1.0841824552064454e-06,0.3284729788900419,0.247847394595711,0.0723163608186625,0.041903260655768,1.2304135258414242,0.7129553824894667,1.3771513283905378e-06,7.77570507862682e-07,0.3934076782905005,0.2221267931120741,0.2365727216336204,0.1649308101771669,2.898492915531417,2.0207350262120727,3.24416408396107e-06,4.687703222495747e-07,1.0640062787529545,0.1537451723334529,,,,,,,,,,,,,,,,,,,,,,,,,,,,,,,,,,,,,,,,,,,,,,,,,,,,,,,,,,,,,,,,,,,,,,,,,,,,,,,,,,,,,,,,,,,,,,,,,,,,,,,,,,,,,,,,,,,,,,,,,,,,,,,,,,,,,,
EUR,height,HT,ldsc,insample10,20000,24,0.4171,0.3963,-0.0088649183391384,0.113505461696523,-0.1705850646072575,2.184152834357605,-1.566398839817415e-07,1.7839966444703763e-06,-0.0563336346808767,0.6415927584140615,0.0133580252631987,0.0277888333743034,0.5037369645362819,1.0479290386237898,4.625569059280986e-07,1.2572564717371929e-06,0.1229034358178036,0.3340586598110151,0.0280835742777345,0.0233141433912963,1.8435113125077505,1.5304279525900042,1.692805866533971e-06,1.0781464629481489e-06,0.3457997362238404,0.220239526497798,0.0105853518880332,0.011042080528283,1.4271474640521409,1.488724927662916,1.3104794004600867e-06,1.1671202671391173e-06,0.1886017700779301,0.1679697889176919,0.0008599851085471,0.0604311523612641,0.0278842656569981,1.95942730827846,2.5604751198379044e-08,1.773879319991313e-06,0.007296238783046,0.5054783384024172,0.0525997306744523,0.0312156721976406,1.8280215641884967,1.084851979016726,1.6785823916639977e-06,1.2535891972987149e-06,0.4632499393584173,0.3459616415094867,-0.0337381225878355,0.053769107657642,-1.5714791169990103,2.5044970894178324,-1.4430120663446517e-06,1.0426897311717185e-06,-0.3472119778311698,0.2508879670988934,0.0095493343647625,0.012703170916038,0.6944162934092954,0.9237595548660188,6.376483655535413e-07,7.901057710329036e-07,0.123985661353622,0.1536297932415895,0.0074283771091515,0.0165743846030309,0.8784056150589581,1.959921028176228,8.065967202259487e-07,2.2661717195253985e-06,0.1237945506990029,0.3478066582602109,-0.0146563862009419,0.0329300873840568,-1.1781413600772006,2.6470575629086786,-1.0818293288539897e-06,1.5903187494579634e-06,-0.2003973350259146,0.2945895722486317,-0.0143642442909857,0.0288539446253071,-1.2375117801554316,2.485831879104007,-1.136346268742089e-06,1.4207861397247333e-06,-0.2035365187251324,0.2544839303715143,0.0011735110025549,0.0119534114161672,0.1296056349520257,1.320166128022736,1.1901048704941276e-07,1.2251873128719468e-06,0.0188862018229605,0.1944293770701314,0.0053594737309881,0.0089105085110291,1.4976329066921643,2.4899218526475515,1.375202719485433e-06,2.7093845702076946e-06,0.1381171255148063,0.2721143606313379,0.044200395375227,0.0388745469118435,6.203460703648175,5.455985678239204,5.696333188031055e-06,2.0291834737197058e-06,0.8037916881820053,0.2863317078079766,0.0025922253365839,0.0135218581437778,0.3351746366501628,1.7483757396447113,3.0777440170028924e-07,1.6966570294794872e-06,0.0452129297682063,0.2492437145220761,0.0156819794972989,0.0178069879385434,2.230844607130628,2.53313830813144,2.048475001294857e-06,1.5828996301047882e-06,0.287143569918747,0.2218818634955505,-0.0112162459384406,0.0153122924445916,-5.43573259933709,7.420800833761096,-4.991366188336907e-06,3.108309541345627e-06,-0.381356171616277,0.23748468498579,0.009658954424953,0.0122329505509079,1.961629303135171,2.4843801107987225,1.801267814188259e-06,2.224974939474702e-06,0.2118603569811138,0.2616956685941627,0.0045907902209766,0.0123810583784863,0.7680452534246783,2.071367381702597,7.052582221436193e-07,2.016828779785666e-06,0.0912762272761105,0.2610228655274425,0.0103563454663658,0.0138953303110998,1.732098027141002,2.323992985411121,1.5905005203182765e-06,1.7149001992759486e-06,0.2058775922059292,0.2219801373153587,-0.0231966404468289,0.036148011635753,-3.101708349279276,4.833483958914696,-2.8481463901596126e-06,2.006397430618563e-06,-0.4115656311119536,0.2899304009256542,0.0253313258980158,0.0215833668251457,1.035858392633441,0.8825953981692147,9.511778702149768e-07,1.1485388791613668e-06,0.2433404455293808,0.2938314392236393,0.0598553193878404,0.0458286979740628,1.4169631437145125,1.0849090209159094,1.3011276394498724e-06,8.234783010602574e-07,0.4274633179840505,0.2705397658049274,0.2218718587774861,0.1990064487231061,3.638274429495588,3.2633254063109334,3.3408486601216748e-06,4.994205751221371e-07,1.2853759080605196,0.1921497321666597,,,,,,
EUR,ldl,LDL,ldsc,insample10,20000,8,0.3783,0.3506,0.1277587411933398,0.0488077952613473,1.4851949593562972,0.5673904644203419,1.2369892662443463e-06,1.4715295905480775e-06,0.6225139151668595,0.7405461564571245,0.0723637883124805,0.0345201767876006,1.0658364980221309,0.5084430375524642,8.877139659807782e-07,9.277063223328234e-07,0.4090107053930762,0.4274370257042691,-0.0134591980597744,0.0581460989923658,-0.2647849494392432,1.143917476613817,-2.205341044662273e-07,7.707254327744931e-07,-0.0903036192066364,0.3155942531546015,0.036616987565947,0.0291484512805951,1.0837452381958468,0.8627005490070976,9.026297985637592e-07,4.80494776173408e-07,0.3090800944383621,0.1645318723502414,0.0330857566530806,0.0268987877278464,3.822972800285423,3.108084694041095,3.184077813694411e-06,1.7659380202813072e-06,0.5715806016205763,0.3170073016795666,0.0032719364131388,0.0332752583459858,0.1227950741322147,1.2488133323605808,1.0227356866001093e-07,1.0805131514357225e-06,0.0314206086583241,0.3319565487569518,0.0293196893213354,0.0305802985767585,0.6704140361721924,0.6992386983199318,5.583744823938658e-07,7.736023508673953e-07,0.2143660127574796,0.2969943230648574,0.0893422986004519,0.0735243422359055,1.471071898683603,1.2106202261051902,1.225226450629747e-06,6.648994941292333e-07,0.5400412618579208,0.2930667727861135,,,,,,,,,,,,,,,,,,,,,,,,,,,,,,,,,,,,,,,,,,,,,,,,,,,,,,,,,,,,,,,,,,,,,,,,,,,,,,,,,,,,,,,,,,,,,,,,,,,,,,,,,,,,,,,,,,,,,,,,,,,,,,,,,,,,,,
EUR,ldl,LDL,ldsc,insample10,20000,24,0.3943,0.3589,0.0680392426311665,0.0394390341063401,1.3849661164093434,0.8027973826412534,1.20215810288334e-06,1.6122989977486404e-06,0.4573412991521065,0.6133726641141798,0.0437848827556689,0.0287044287266492,1.746622957660929,1.1450484972239936,1.5160782031822315e-06,1.1561923441334725e-06,0.4261219161894206,0.3249693163133443,-0.0153808344499095,0.030957515023568,-1.0680380779336696,2.149675620724782,-9.27062846060576e-07,1.1364582987983524e-06,-0.2003272785570309,0.2455751507670183,-0.0017376647681205,0.0081401181618417,-0.2478237696804812,1.1609343790137483,-2.151123765979776e-07,9.376182356102272e-07,-0.032748723540458,0.1427430669964533,0.0640943911983333,0.0286826793007885,2.198374713949604,0.9837877499773948,1.908201178524177e-06,1.578312100272565e-06,0.5751962566476972,0.4757565513090589,0.0242798134477715,0.0240548321465933,0.8925993216146813,0.8843283290372644,7.747810537699175e-07,1.1494166103421618e-06,0.226185683660894,0.3355549036162087,0.011314923637989,0.0221986005484962,0.557510103564538,1.09377177316766,4.839217945468849e-07,1.092043245935778e-06,0.1231723793398532,0.2779572370156894,0.0220848978025264,0.0209084617050562,1.6988522465487337,1.6083564188125654,1.474612966766981e-06,1.0563855729622971e-06,0.3033064691527278,0.2172831688178874,0.0136027603513658,0.0149456856956435,1.701537872141592,1.86952130151355,1.4769441043518743e-06,2.0429848927537323e-06,0.2397852962869648,0.3316833293658864,-0.0088438019782107,0.0262667713187048,-0.75200880374322,2.233523921752505,-6.527477215134421e-07,1.5375140522280116e-06,-0.1279063093768223,0.3012768050411923,0.0014040559293491,0.0177022715200581,0.1279570974001976,1.6132771022495938,1.1106745474747456e-07,1.4101645526264402e-06,0.0210441740077682,0.2671867136284787,0.0123266518335698,0.0214236953281219,1.4401086551745426,2.5029058567086744,1.250022125695686e-06,1.4911572956673802e-06,0.2098410770959149,0.2503204116232185,-0.0098200176815882,0.0165580165100007,-2.902745162380435,4.894461892175159,-2.519598549174668e-06,2.387983068834996e-06,-0.2676859463698966,0.2537029194217369,0.0112483233721343,0.0136646057021113,1.6699716068968729,2.0287026596779856,1.4495444148633786e-06,1.974581118751917e-06,0.2163680179203274,0.294738262937271,-0.0126518878614878,0.0222161288450506,-1.7304822255200056,3.038646604136233,-1.50206796011579e-06,1.715122171736967e-06,-0.2334173582190225,0.2665254149478393,0.0056436545242613,0.0115542355320453,0.8492631330559719,1.7386936471444785,7.371650069896548e-07,1.3628688447483462e-06,0.1093066416144542,0.2020858491218417,0.0075993713980098,0.0097521671728397,3.895844764954296,4.9994831726761815,3.3816143920601208e-06,3.633355659304523e-06,0.2733057962596288,0.2936518024917954,-0.0061786266129634,0.01586174666256,-1.3273705781057383,3.407620682737889,-1.152164863163429e-06,2.2610641041940176e-06,-0.1433505786156851,0.2813181151293213,0.028784946281876,0.0262442229629263,5.09422587895801,4.644580485983461,4.421815700578003e-06,2.2086475449723536e-06,0.6053737331787215,0.302377416906172,0.0017238144063594,0.0147392436184062,0.3049789441444065,2.607681511214364,2.64723378115946e-07,2.008714460049684e-06,0.0362477433226383,0.2750469817760576,0.0265897818988303,0.0216386574932873,3.761006258050643,3.0606917558676225,3.264573836530019e-06,2.0020359450442154e-06,0.499018563386535,0.3060286429931332,0.0138077523292559,0.0240683772561074,0.5972812314701879,1.041124555555494,5.184433493388114e-07,1.1503942981957852e-06,0.1403031047933622,0.3113240665142943,0.0080774670790663,0.0326203115704596,0.2022760251839529,0.8168782243427404,1.7557668726536008e-07,7.966890235223874e-07,0.0610181748798244,0.27687337606874,0.0845061024747459,0.0681331319001966,1.4658675032730948,1.181857179823959,1.2723809455943985e-06,6.655849396060142e-07,0.5178499307792516,0.2708883028279484,,,,,,
EUR,triglycerides,TG,ldsc,insample10,20000,8,0.5473,0.4325,0.1645569029125872,0.0686653789086759,1.322269074546515,0.5517490024176667,1.5932328243053354e-06,1.829695655712259e-06,0.5542086132060267,0.6364625913249752,0.0941009628219453,0.0378708201288216,0.9580192896347742,0.385553719214857,1.154339769375063e-06,1.149564373555394e-06,0.3676259622289685,0.3661051279565943,0.0366273188600204,0.0340085761096815,0.4980697136411841,0.4624592323841224,6.001358058212515e-07,8.833089870172143e-07,0.1698594947516,0.2500074429636349,0.0407201222967522,0.0251279914383004,0.8330375085925577,0.5140593446932382,1.003746308611494e-06,6.751242742527686e-07,0.2375725305802109,0.1597923508303918,0.0116636711116262,0.0171779154090594,0.9315502680560872,1.3719601273739066,1.1224466283962702e-06,2.239118103928299e-06,0.1392741130772614,0.2778316403742243,0.0471472740160573,0.025102245659637,1.2230481958724748,0.6511777596284901,1.473679275180613e-06,1.2435423319735898e-06,0.3129428638008883,0.2640721798695006,0.0135622548001358,0.0350265862716557,0.2143514999111556,0.5535953582011804,2.582771178511152e-07,7.927978957691044e-07,0.0685373315901878,0.2103796601046656,0.1389214931808752,0.0969462382579247,1.58109189852268,1.1033635501043977,1.905094476956973e-06,5.012076243641456e-07,0.5804141485534928,0.1527000366976575,,,,,,,,,,,,,,,,,,,,,,,,,,,,,,,,,,,,,,,,,,,,,,,,,,,,,,,,,,,,,,,,,,,,,,,,,,,,,,,,,,,,,,,,,,,,,,,,,,,,,,,,,,,,,,,,,,,,,,,,,,,,,,,,,,,,,,
EUR,triglycerides,TG,ldsc,insample10,20000,24,0.6968,0.4443,0.1401691273733019,0.0364068931078801,1.6145469644109718,0.4193551023144817,2.47703541962641e-06,1.94156108914412e-06,0.5332485520132703,0.4179732882412963,0.0623447197899339,0.0244911583746435,1.4073213800404238,0.5528444256181734,2.159110253215475e-06,1.3821082787943552e-06,0.3434042947140423,0.2198229191820933,-0.0227998691534561,0.0315873700101222,-0.895896476482577,1.2411919253988462,-1.374482968586455e-06,1.227697839773186e-06,-0.1680695018626604,0.1501208593226486,-0.0025171004198024,0.0090403429621519,-0.2031403237483751,0.7295927415847935,-3.1165756597404176e-07,1.0792528242943191e-06,-0.0268488252450583,0.0929759891570459,0.0565634903280894,0.0368552041744925,1.0978336258486034,0.7153179939141914,1.68429462631084e-06,1.986928221142376e-06,0.2872953451009043,0.3389164936268555,0.0563257527654443,0.0248834688391084,1.1717550840486208,0.517655418515396,1.7977048115008867e-06,1.3501679274664384e-06,0.296977219473181,0.2230450262777486,0.0460594356489678,0.0243341421170575,1.2842168457558942,0.6784780315571145,1.970243469863253e-06,1.1711638604936596e-06,0.2837766651144429,0.1686842157921297,0.0184428701771524,0.0161787849779755,0.8027999914279144,0.7042465905183879,1.2316544872810197e-06,1.1430290642433215e-06,0.1433544416107058,0.1330391720580175,0.0340191967204236,0.0159300515914471,2.408004325373788,1.1275878572583375,3.6943564579061673e-06,2.292631425836589e-06,0.3394031908756249,0.2106257017417553,-0.0162599019833748,0.0301195389714152,-0.7823849243996499,1.4492752321137865,-1.200333723476848e-06,1.6302550134030372e-06,-0.1330966873008342,0.180767679434199,0.0379239351204794,0.0206350230172568,1.955743979628804,1.0641517529046889,3.0004993450463284e-06,1.4523823196446543e-06,0.3217045741809097,0.1557200925441132,0.0235525933363094,0.0240917446988728,1.5570677139984337,1.5927111426272291,2.388850843826612e-06,2.1556362925675808e-06,0.2269240236648832,0.2047702820507246,-0.0024338123277789,0.0124843866529787,-0.4071011805879679,2.088249980220263,-6.245739925292391e-07,2.9546949327202987e-06,-0.0375488597006909,0.1776337580720882,0.0117007179478521,0.0132904996731332,0.9829975598390556,1.1165578732824544,1.5081133140131314e-06,1.976213570318257e-06,0.1273837849263583,0.1669221815568294,-0.0091422530049766,0.0189371941174068,-0.7075932475642991,1.46570333133389,-1.085588450221818e-06,1.937069806002279e-06,-0.0954613157960797,0.1703364036638846,0.0010242136401624,0.0126293429285431,0.0872149711281197,1.075427758124074,1.3380507186724182e-07,1.7703475878419615e-06,0.0112272411394841,0.1485453353302363,-0.0002424356990125,0.0084242541932038,-0.0703297671173431,2.4438473292445355,-1.0789981836625713e-07,3.713379650383883e-06,-0.0049347380929711,0.1698293499643528,0.0164248110905276,0.0122008314190323,1.9967295934490188,1.4832293062484152,3.0633794094641765e-06,2.283013634061522e-06,0.2156772053808021,0.1607355585532202,0.0312222981955191,0.0203706965185195,3.126772450124298,2.040033448693761,4.797089387174043e-06,2.1862103991193178e-06,0.3716373733572931,0.1693688453059516,0.0465216289197518,0.0319426302496949,4.6575003748742425,3.197927841672341,7.145529767661915e-06,3.34677776673272e-06,0.553658211585758,0.259318910305306,0.0179370512365004,0.0136524097135361,1.4356843449258754,1.0927409771987642,2.202624669442144e-06,2.394983950932634e-06,0.1905238460793879,0.207162645529463,0.0475448771017349,0.0227096748456371,1.1637997076139566,0.5558856086389193,1.785499685456558e-06,1.324551629712965e-06,0.2734288822741764,0.2028399526344619,0.0009989136043772,0.0361937097932867,0.0141551924169933,0.5128861236484615,2.1716873997103873e-08,7.975868256226822e-07,0.0042707909059863,0.156851605901388,0.1014197395918723,0.0560605825007055,0.9955149154841384,0.5502789326295409,1.5273174214044844e-06,4.607720121428507e-07,0.3517504862252037,0.1061185952826828,,,,,,
EUR,testosterone,TT,ldsc,insample10,20000,8,0.2342,0.3782,0.0507630508993195,0.1036569726714019,0.953213114325134,1.9464390731280288,4.914730373558473e-07,1.596858743388134e-06,0.399514255270522,1.29807290155577,0.0054733443564928,0.0950017134687601,0.1302181486953277,2.260217235575668,6.713997960829419e-08,1.0994570526552654e-06,0.0499680358421235,0.8182562719629879,0.0233503163487713,0.0331800919694121,0.7420212300446641,1.0543896831373667,3.825833092642304e-07,8.403309155455113e-07,0.2530491401587993,0.555813624061643,0.0624708725426156,0.1125463221584346,2.9865625304607586,5.380533599402692,1.5398602222734978e-06,5.337938703806881e-07,0.8517107336016536,0.2952462583017828,-0.0215559529832428,0.0631432360626927,-4.023248102792997,11.785185507266842,-2.0743713398401435e-06,1.9088917205062035e-06,-0.6014918713396017,0.5535088299284111,0.0520884394683463,0.0791883820957652,3.1576710661438816,4.800505937032298,1.6280831290777488e-06,1.1824247711866734e-06,0.8079364653536324,0.5867784470687905,0.0200991488939528,0.0318166893843628,0.7423536569181898,1.1751361134808105,3.827547072892628e-07,8.322861739172734e-07,0.2373560785874733,0.516122150143227,0.0415107804737443,0.0693325961029196,1.1040458943920888,1.8440117772150588,5.692418420840703e-07,4.3468812912703866e-07,0.4052815611451553,0.309483721257888,,,,,,,,,,,,,,,,,,,,,,,,,,,,,,,,,,,,,,,,,,,,,,,,,,,,,,,,,,,,,,,,,,,,,,,,,,,,,,,,,,,,,,,,,,,,,,,,,,,,,,,,,,,,,,,,,,,,,,,,,,,,,,,,,,,,,,
EUR,testosterone,TT,ldsc,insample10,20000,24,0.267,0.3887,0.0733303125208333,0.039449167273397,2.204340750517704,1.1858589443490102,1.295813352418052e-06,1.7665769439284922e-06,0.728009085818599,0.9924917532125282,0.0033743730816003,0.0382258537285604,0.1987849892945718,2.2518926450788164,1.1685500226210017e-07,1.3529305431715184e-06,0.0485037248144074,0.5615692053285892,0.0040808645728632,0.0188712081440154,0.4184798362721976,1.9351830851924643,2.46001785083308e-07,1.2646908624691606e-06,0.0785027172120828,0.4035810923221557,0.0101430275792997,0.0174280464064662,2.1362893979302253,3.670634874418835,1.255809622816695e-06,1.2247176678006216e-06,0.2823373283438586,0.2753470812930865,-0.0081680649255301,0.0795399024218092,-0.4137294065346289,4.028860804220576,-2.432092629733667e-07,1.7679842602207464e-06,-0.1082648599988382,0.7870200586640883,-0.0049179249858635,0.0507224105792157,-0.266998377760327,2.753763300512356,-1.5695398404014225e-07,1.2915062514136604e-06,-0.067666541624994,0.5567986187459331,0.0168850233660504,0.0243316187456876,1.2286220256284408,1.770466173606385,7.222407994364488e-07,1.159234963288719e-06,0.2714786511031454,0.4357376991036594,0.0318561390071423,0.0500433779402753,3.618835719962012,5.684893690262463,2.127318857138057e-06,1.1104147423992014e-06,0.6461773492406216,0.3372906945254697,-0.0086490320820564,0.035310239464005,-1.597708687883751,6.5227502716676975,-9.392069944485032e-07,2.2924032878710345e-06,-0.2251828559233532,0.54962316330917,-0.0025283309996126,0.0282847560303713,-0.3174924194671082,3.551827520801312,-1.86636715008952e-07,1.781207911536161e-06,-0.0540081375346911,0.5154383576645716,-0.0177833422030398,0.046512363134184,-2.393364656525905,6.259849512305123,-1.4069303388794764e-06,1.6505561565881114e-06,-0.3936707749462639,0.4618392988624232,0.0038604184073177,0.0152933769143058,0.666039558892892,2.6385725429861173,3.915288294014178e-07,1.4243329910822897e-06,0.0970626330145501,0.353101738677321,0.0047103387974389,0.0109845461096953,2.0561950123627017,4.795062498711106,1.208726441939264e-06,2.9775231344830567e-06,0.1896434118351022,0.4671591738618457,0.0179565155194826,0.026632388224088,3.936940715726842,5.83911357650069,2.314315672801038e-06,2.130576682695692e-06,0.5101520684770987,0.4696498902462927,0.0288804564224592,0.0482155931629742,5.833529213339042,9.739010600814092,3.4292180301934662e-06,2.079357191430301e-06,0.7869627594027268,0.4771865360394055,0.015650676349203,0.0297469306964281,3.4780072032146903,6.610579436138787,2.044533347520477e-06,1.495206735791917e-06,0.4477045974000038,0.327415021373619,-0.0047821004074949,0.0141251832481791,-3.620413534795519,10.693837488862734,-2.128246369605639e-06,3.7725122527755614e-06,-0.2540166452426304,0.450267845054205,0.0173248821188417,0.0277512494884566,5.49649757032968,8.80437017352199,3.2310952567083063e-06,2.617123875428668e-06,0.5936768319115964,0.4808666064112131,-0.0018071912214762,0.0150857086401367,-0.4723157179273388,3.9427024778198674,-2.7764900399515094e-07,2.1225085289015226e-06,-0.0561351091478323,0.4291290306201598,0.0058759177401963,0.0140891873796249,1.5352198377170696,3.6811270883772687,9.024731608049437e-07,1.824080582593852e-06,0.1824897551166031,0.3688486630822354,-0.0146216447397295,0.039633846889468,-3.054224976774958,8.278869255151022,-1.7954145724812345e-06,2.110317902340104e-06,-0.4052942733731179,0.4763800928903034,0.0377384847496661,0.0436132703542163,2.4107704192550745,2.786057329920996,1.4171622505057448e-06,1.2471093135083562e-06,0.566371074494089,0.4984091565036012,0.0207113229076132,0.0295462650254692,0.7659361540382899,1.0926657220667102,4.502526640989823e-07,8.882291670788174e-07,0.2310809634315634,0.4558614929848943,0.0378788784247948,0.0529346495001225,0.9703295828652696,1.3560078467094006,5.704045662757697e-07,4.609076978634578e-07,0.3428350966293779,0.2770232646732495,,,,,,
EUR,urate,UA,ldsc,insample10,20000,8,0.143,0.4352,-0.0461933059603663,0.3078150350653598,-1.420601246146243,9.466359103450753,-4.4715619128220913e-07,1.892763806393102e-06,-0.5953093240644636,2.5198799975609094,0.0784465171022784,0.1429873926324328,3.056632761528278,5.571438541190595,9.621223883205731e-07,1.1618256857742812e-06,1.1727143712991386,1.4161292733560251,0.0159659269938577,0.0314698621524787,0.8309378744259829,1.637831638308218,2.6155053441520574e-07,8.389738399727553e-07,0.2833252701664375,0.9088205092156564,0.0278632445565582,0.067018508138597,2.1816073108271845,5.247345369959104,6.866946080958754e-07,5.060219951906645e-07,0.6220500232217057,0.4583857076319125,-0.0254203131787368,0.0859168830165847,-7.770363532706498,26.2626746547839,-2.445841978239066e-06,2.1299003827817555e-06,-1.161508806563102,1.0114709264595518,0.0172171391397214,0.0331035249837855,1.7093751403837505,3.286628644116948,5.38052236206333e-07,1.3202293171409628e-06,0.4372964261143736,1.0730028112284753,-0.0111507981306669,0.0718856667700907,-0.6745124833792505,4.348368524322584,-2.12313225726342e-07,9.768031614008304e-07,-0.2156292735285021,0.992059516559229,0.0862715894773541,0.2315107772485112,3.757897074773225,10.084358916663115,1.1828561658273852e-06,3.449439972518792e-07,1.3792494558781416,0.4022161225201019,,,,,,,,,,,,,,,,,,,,,,,,,,,,,,,,,,,,,,,,,,,,,,,,,,,,,,,,,,,,,,,,,,,,,,,,,,,,,,,,,,,,,,,,,,,,,,,,,,,,,,,,,,,,,,,,,,,,,,,,,,,,,,,,,,,,,,
EUR,urate,UA,ldsc,insample10,20000,24,0.1932,0.4377,-0.0105343102033573,0.1220544784446913,-0.4376283372006014,5.070526443450806,-1.8616965024583965e-07,1.966559488652627e-06,-0.1445464303173703,1.5268823555081197,0.0462823596331587,0.0719288836232774,3.767993290364288,5.855957929200456,1.602926349520737e-06,1.2593014483268704e-06,0.9194867819992208,0.7223731998885906,-0.0142022999233744,0.0436916520059339,-2.01272839547076,6.191914627337062,-8.562264130828009e-07,1.1703372975273135e-06,-0.3776062647367683,0.5161329861458928,0.0072015802162546,0.0150443340121582,2.096159958128419,4.378945954363914,8.917186870493298e-07,1.1171012593449862e-06,0.2770617043346832,0.3470892595653554,-0.0138575164491167,0.0879586009285379,-0.9700335408356304,6.1571489681396825,-4.126579329375625e-07,2.008081049587421e-06,-0.2538643659003837,1.2353578633546354,0.0139268853158876,0.026480930292526,1.044924377628773,1.9868455133598584,4.445169322463906e-07,1.3710312887898253e-06,0.2648464062790299,0.8168703673380496,0.0476869299039392,0.0846714541284023,4.795348042185437,8.514473307498191,2.039969060347923e-06,1.1286280920413574e-06,1.0596962182548433,0.5862848335299867,-0.0009424071682917,0.0157214510144892,-0.1479511859615256,2.4681553800634326,-6.293929849265837e-08,9.066251335987256e-07,-0.0264207522063672,0.3805844452122485,-0.0014018535330845,0.0217095292294178,-0.3578795384149952,5.542231136469359,-1.5224404553657097e-07,2.3195115031071144e-06,-0.0504450387248551,0.7685545085497527,0.0222022919825906,0.0340611561390122,3.8530210345580698,5.911027166379402,1.6390976484338895e-06,1.7644389519485076e-06,0.65549756932102,0.7056232710251636,-0.0203176685046245,0.051338120442367,-3.778970461874631,9.548597599951435,-1.607596102384186e-06,1.4786601261829436e-06,-0.6216438825051368,0.5717854256940892,0.0160373780012662,0.0319807244775485,3.8238702864015175,7.625320177502574,1.6266967499376337e-06,1.2378486859797424e-06,0.5573128549081037,0.4240919428615469,0.0009545008894685,0.009476945020551,0.5758278060456066,5.71721673537357,2.4496051133041764e-07,2.843052043466604e-06,0.0531141158399915,0.6164511771945297,0.0053361457546458,0.0143272513449283,1.6168459113803024,4.341140370499989,6.878156925316058e-07,2.1264399148194707e-06,0.2095334070572623,0.64779010582723,0.0095247410634635,0.0194099746827429,2.658793704679465,5.41821747705325,1.1310663684219398e-06,1.99813161439285e-06,0.3587164649365412,0.6337052618697986,0.0065645131094306,0.0157170259130975,2.0160626594176843,4.82693971849567,8.576448284367904e-07,1.5688425686897158e-06,0.2595427895084362,0.4747673664860433,-0.0008800072925858,0.0093252825031504,-0.92072492410758,9.756760082936545,-3.916817594358922e-07,3.8035363241910425e-06,-0.0646067301267988,0.6273818959003811,-0.0008047338463262,0.0133243036364775,-0.3528354061769704,5.842038466586025,-1.5009824222649788e-07,2.3306306078288907e-06,-0.0381136099277311,0.5918040381737384,-0.0094254086103539,0.0274056569077769,-3.404337558954856,9.898574268333226,-1.4482250777533293e-06,2.2617291554623604e-06,-0.4046491704116626,0.631950682606256,0.0255910327618926,0.0509306465361655,9.240315892933053,18.3898503434482,3.930884341157001e-06,1.736262935020638e-06,1.0984962998151326,0.4852033904067888,-0.0226972203772351,0.0585756743122074,-6.552116494127231,16.909323495866346,-2.787308618734453e-06,2.2237845737453856e-06,-0.8695507190741358,0.6937493258440262,0.0207565587405272,0.0318033032259998,1.8324447427049684,2.807681009441501,7.79532694400994e-07,1.3440966629778715e-06,0.430546401457857,0.7423626816593195,0.001519833769274,0.0373394701012408,0.0776756612702187,1.9083455639880191,3.3043679903804604e-08,9.759058649546876e-07,0.0234369138768056,0.6921814330424833,0.0646786747665507,0.1238977731587175,2.289746548104372,4.386213839908598,9.740715529049696e-07,3.69832874594597e-07,0.8090908337167992,0.3071934376373433,,,,,,
EUR,bp_systolic,SBP,ldsc,insample10,20000,8,0.1207,0.3576,0.0502855846651596,0.0433112802782017,1.8321685235081853,1.5780579059975044,4.869925070677698e-07,1.504458686585824e-06,0.7681295680110233,2.372971214640854,0.0467216969182122,0.0954922030266469,2.156835248563737,4.408250620935658,5.732892971106095e-07,1.0778012584524992e-06,0.8278745422586605,1.5564292373576534,-0.0358022151213885,0.2180825219552525,-2.207562869394442,13.446957857216567,-5.867727572448473e-07,8.025297807883244e-07,-0.7530579701916861,1.0299582594402077,0.0250958936498493,0.0938717734747077,2.3279643544507054,8.707804774248507,6.187756108633346e-07,4.4592775128959794e-07,0.6640849350174568,0.4785804361688694,0.0050792117715326,0.0167262959892793,1.839439586654385,6.057438115342632,4.88925164039649e-07,1.8035020305927428e-06,0.275083961436432,1.0147043341665043,0.0187973620883296,0.0538193705417697,2.2110678462008746,6.330584001547609,5.877043841232039e-07,1.0449938959176991e-06,0.5658993369895293,1.0062224629142134,0.0054205284170483,0.0382270255561291,0.3884672677207355,2.739575743976338,1.0325504788110305e-07,7.001033035516238e-07,0.1242426570983195,0.842406220921273,0.0051019376112565,0.023030735010863,0.2632940181388418,1.188539575302168,6.998385374717882e-08,3.392200248204745e-07,0.0966801920380116,0.4686203372174918,,,,,,,,,,,,,,,,,,,,,,,,,,,,,,,,,,,,,,,,,,,,,,,,,,,,,,,,,,,,,,,,,,,,,,,,,,,,,,,,,,,,,,,,,,,,,,,,,,,,,,,,,,,,,,,,,,,,,,,,,,,,,,,,,,,,,,
EUR,bp_systolic,SBP,ldsc,insample10,20000,24,0.1138,0.3585,0.0151153871092569,0.0636739891975313,1.0660644637169594,4.49082624586003,2.6713735456071774e-07,1.629040877560083e-06,0.3521258991473379,2.1473128859192645,0.0319607459143164,0.1067787007668256,4.417498336683184,14.758564593429996,1.1069488380875513e-06,1.2598456778057365e-06,1.0780138266448946,1.2269140301550008,-0.0212202943520241,0.1112377990918904,-5.1055526327818495,26.76355137195763,-1.27936336901852e-06,1.0566338515624653e-06,-0.9578761098540866,0.7911156031075509,-0.0033404535993895,0.0178358466824502,-1.6506953263959234,8.813637994078158,-4.136357581432554e-07,8.925872176139093e-07,-0.2181883556614485,0.470830032127342,0.0081515049013487,0.0412105577614548,0.9687327950058529,4.897502888994012,2.4274771830569245e-07,1.60682712104391e-06,0.2535312880063771,1.678207121555005,0.0025723240657071,0.0415126518246187,0.3276584728405167,5.287814347246789,8.210555797802074e-08,1.2505305742753978e-06,0.083050680002984,1.2649255070636756,-0.0014591047416938,0.0394316132512562,-0.2490990658217488,6.731784048162039,-6.241992649783649e-08,1.0926117861691905e-06,-0.0550485541566515,0.9635817031155128,0.0221884721383145,0.0907265909934588,5.913874832117637,24.181282052023413,1.4819149607021852e-06,7.675193585172566e-07,1.056115514185056,0.54698759609212,0.024357446652299,0.0922233812653807,10.556764855425088,39.970550447616304,2.645343065245025e-06,2.009159875995673e-06,1.4880756360054692,1.1302057187172438,0.0119093386263483,0.0384492316097903,3.508779477669421,11.328074466378425,8.792395763136577e-07,1.6401423557517055e-06,0.5969505363112673,1.1135575391155166,-0.0089790200111409,0.0553723718600349,-2.8352634967800343,17.484676999281795,-7.104680962458943e-07,1.4446106022882614e-06,-0.4664167733840658,0.9483756124673368,0.0059381132245908,0.0302353426809153,2.4037158116992265,12.23910163472315,6.023296947862464e-07,1.2884193980850392e-06,0.3503415087804973,0.7494015317099053,0.0019040692804064,0.0104108142427572,1.9501315185119723,10.662667160850749,4.886692996823098e-07,2.790797024881046e-06,0.1798845202159512,1.0273229445091014,-0.0079400947703136,0.0497096724212728,-4.084430355201583,25.57094100988353,-1.0234877506110475e-06,2.0174690615385063e-06,-0.5293326759547784,1.04340505918374,-0.0057931421944749,0.0364518896816475,-2.7454308686951205,17.274932980189668,-6.879575901399408e-07,1.6005675892116069e-06,-0.3704160092946747,0.8617912898984978,-0.0025316881582577,0.0160731677213709,-1.3200080392426194,8.380459709897886,-3.307712315751434e-07,1.4405207042697492e-06,-0.1699394017937646,0.740092255270757,-0.0091657250432833,0.0456675815721792,-16.280783965555347,81.11786315812145,-4.079683458886707e-06,3.4346576416029387e-06,-1.1424461587784291,0.961817618673543,0.0248115824829494,0.1072453863118055,18.468822857511626,79.82949267501479,4.627968240123304e-06,2.4188733855664035e-06,1.9950772138045936,1.0427554650836,0.0141004088306255,0.0638244751636291,8.64627400283659,39.13673050056486,2.1666070322536443e-06,2.1994058449289115e-06,1.0277502693404077,1.0433086922843176,0.0031728144402499,0.0157740867006466,1.9449504386960563,9.669590650890669,4.873710105047809e-07,1.548717727356628e-06,0.2312239872166107,0.7347599267784813,0.013617049969578,0.0497328741830006,6.673548594037709,24.37346953436364,1.6722760936311942e-06,1.9242133585760583e-06,0.8856919596529316,1.0191261519782495,-0.0024198073103931,0.0467261013838772,-0.3626779723146651,7.003255024186398,-9.08808401171018e-08,1.093799844361728e-06,-0.0852163291323317,1.0256244046811165,-0.0056556355407957,0.0726741672382567,-0.4907215656908015,6.305707090774599,-1.2296635461187146e-07,7.393460137999402e-07,-0.1480686702172355,0.89027589245296,0.0025057080857755,0.0217454665178733,0.1505988427342176,1.3069527575451054,3.7737470685080175e-08,3.49298579193325e-07,0.0532162256987977,0.4925701614117564,,,,,,
EUR,alanine_aminotransferase,ALT,ldsc,insample10,20000,8,0.3055,0.3596,0.0283947235217899,0.1301787168958204,0.4087479745097064,1.873949813760495,2.749039357306092e-07,1.503301244373261e-06,0.1713125646962914,0.9368159499072406,0.1109405211019692,0.0666764846598615,2.023413399362306,1.2160939135947897,1.3608490849696915e-06,1.0523057450979408e-06,0.7764200021609556,0.6003834208413535,0.0161582225806283,0.0371364374238825,0.3936342006509346,0.9046893485610714,2.6473914917111004e-07,8.225788622663453e-07,0.1342371402459548,0.4170921997865783,0.0389257233289995,0.041581106034048,1.4266137578462683,1.5239325788056477,9.59470777243106e-07,4.202061486179556e-07,0.4068349436784372,0.1781758745144182,-0.0060839567941731,0.0267971235632467,-0.8705052303102584,3.8341883429247487,-5.854593265530364e-07,1.963844989973125e-06,-0.1301414568677605,0.4365421071388508,0.0319269839458796,0.0278592795382053,1.4837444628246033,1.294705814466058,9.97894100731002e-07,1.1359135728219128e-06,0.379630210187959,0.4321371457049853,0.0464380935974121,0.0435700446330368,1.3148712923377144,1.2336639266570912,8.84318249347671e-07,7.271415941702329e-07,0.4204013300666404,0.3456801819497,0.0387996887174942,0.0385827190229832,0.7910977433138607,0.7866738873147855,5.320537268605331e-07,3.690605630297896e-07,0.2903963783262734,0.2014342640155957,,,,,,,,,,,,,,,,,,,,,,,,,,,,,,,,,,,,,,,,,,,,,,,,,,,,,,,,,,,,,,,,,,,,,,,,,,,,,,,,,,,,,,,,,,,,,,,,,,,,,,,,,,,,,,,,,,,,,,,,,,,,,,,,,,,,,,
EUR,alanine_aminotransferase,ALT,ldsc,insample10,20000,24,0.4037,0.3747,0.0303580286082385,0.0711467477836563,0.6035611415413502,1.4144993689611571,5.364965884185076e-07,1.6869748424101752e-06,0.199348891636966,0.6268382172666814,0.0734568107367916,0.0469184192326056,2.8620358503393684,1.828042853182474,2.5440214154895825e-06,1.3004631699710746e-06,0.6983948978163981,0.3570083322318074,-0.003519373067419,0.0229149265308612,-0.2386932691927567,1.5541514418004687,-2.1217092318658025e-07,1.209386668715748e-06,-0.0447800741855006,0.2552490413421174,0.0209769157693508,0.0202271751080645,2.922043151378884,2.8176057503467105,2.597361019503333e-06,1.239640425555134e-06,0.3862151668032262,0.1843286051252699,0.0142565416547658,0.0448528382632224,0.4775995493660887,1.502587083252688,4.245311886891394e-07,1.629323532314715e-06,0.1249883459066009,0.4796972723712779,0.0276378065794692,0.0257207956468865,0.992390978729908,0.9235568492865498,8.821216904491911e-07,1.3389164816495057e-06,0.2515258640520961,0.3817751321464439,0.0040853707907214,0.0237722499372933,0.196607745048626,1.144035313885949,1.7476172207818848e-07,1.1065116911627356e-06,0.0434462695195495,0.2750820064549409,-0.0049179067449814,0.0132095641684787,-0.3694949710036573,0.9924684998111798,-3.284386249171355e-07,6.842235290561233e-07,-0.0659820611223372,0.1374578849455139,0.024727740860623,0.0180877645019337,3.021113499424765,2.209873915260341,2.685423189318166e-06,2.075206597855201e-06,0.4258329385511659,0.3290696703523361,0.0157759314816627,0.0181195666442844,1.3102282353008394,1.504872650870224,1.16464253562345e-06,1.589174513119809e-06,0.2228985681197216,0.304148880563717,0.0265473626284811,0.0244545500918217,2.363030797675803,2.176745608178952,2.1004631909260824e-06,1.3575742911074876e-06,0.3887121964673892,0.2512330074831675,0.0156936328736727,0.0178732395728243,1.7907775758444036,2.039489319799421,1.5917957501428491e-06,1.2068028401899134e-06,0.2609925887530591,0.1978687261524881,0.0022384431943549,0.0111585734185296,0.6462651624502874,3.221612807162488,5.744555621703455e-07,2.943126778143101e-06,0.0596099404602933,0.3054015376739995,0.0049442852855589,0.0123588028364286,0.7169565609802484,1.7921143841191352,6.372921027153582e-07,1.7507148852862145e-06,0.0929112074648723,0.2552377994731233,-0.0035358919422987,0.0166259175208724,-0.4723662072856704,2.221086427452649,-4.198793481730298e-07,1.7892897030588927e-06,-0.0637288540137449,0.2715765440017461,0.0078891603988857,0.0130235997151832,1.1595264629404316,1.914171819174996,1.0306859549636889e-06,1.5230210923027113e-06,0.1492712692120885,0.2205747447997547,0.0179395714404763,0.0168235140161827,8.982641457996014,8.423812964114337,7.984537382400967e-06,3.9087626006965885e-06,0.6302930891358833,0.3085546395865245,0.018973580144126,0.0176776673090081,3.98123258614024,3.709310768076504,3.538858871381632e-06,2.371150741946676e-06,0.4300471706136907,0.2881456155030591,0.0278924075127675,0.0271755771442534,4.821329396564491,4.697422009707162,4.285608523923672e-06,2.105096991818657e-06,0.5730644404736707,0.2814900668190036,0.0217972474456122,0.0221582741189164,3.7665959291882674,3.828981861237217,3.348071515671128e-06,1.957259624133108e-06,0.4477663278376549,0.2617611214159848,-0.0188954893546915,0.0328014364915569,-2.610450439684876,4.531585433135144,-2.320390858082736e-06,2.154153942567956e-06,-0.3464330993950235,0.3216140178704398,0.0244298396358469,0.0234568240688848,1.032154055597732,0.9910444135137134,9.174665024596724e-07,1.2397640713450926e-06,0.2425069661344852,0.3276974394797058,0.0307120005632371,0.0295327872516393,0.7511823049738973,0.7223400232202856,6.677148612809374e-07,8.031400751125804e-07,0.2266477607955454,0.2726162171682508,0.0242359835047474,0.0237355404423751,0.4106154828371243,0.4021367813374206,3.649900408289342e-07,3.868185636844404e-07,0.1450894411258756,0.1537666318089857,,,,,,
EUR,heel_bone_mineral_density,BMD,ldsc,insample10,20000,8,-0.4691,0.5881,-0.3712688991087154,-0.2266632577930664,3.4805856165903086,2.124931220411854,-3.594404759638671e-06,2.496380305542925e-06,1.458750512465319,1.0131290974545517,-0.1706528003846442,-0.1073892851012383,2.0269994047380933,1.2755607671530875,-2.093284610913496e-06,1.6754734522154527e-06,0.7777872360947151,0.6225440433444147,-0.0112407044220275,-0.0740845758726955,0.1783358056977711,1.175365175704147,-1.8416759115439328e-07,1.371995223853172e-06,0.0608153922280764,0.4530570615094227,-0.0338412181070395,-0.039427709173975,0.807721205963458,0.9410594116810176,-8.341346161225255e-07,7.272269993591167e-07,0.2303395013695217,0.2008178310516574,-0.0593872958604876,-0.0588364159772592,5.533814485652044,5.482482512483493,-5.714776568453085e-06,3.195578779783974e-06,0.8273018058293136,0.4626091787698242,-0.0550683457754639,-0.0504892676972309,1.6666677414421387,1.5280799264085485,-1.721169688807861e-06,1.786635649643186e-06,0.426428066308403,0.442647572885564,0.0918525655912663,-0.1687919712591191,-1.693736840431859,3.112478984668326,1.7491239783917776e-06,1.2257693811459162e-06,-0.5415291871113352,0.3794984831025131,0.1405066980671118,-0.2076114165709811,-1.8657124681243675,2.756759739926633,1.9267234064229025e-06,6.219824291062693e-07,-0.684858517069697,0.2210851659460403,,,,,,,,,,,,,,,,,,,,,,,,,,,,,,,,,,,,,,,,,,,,,,,,,,,,,,,,,,,,,,,,,,,,,,,,,,,,,,,,,,,,,,,,,,,,,,,,,,,,,,,,,,,,,,,,,,,,,,,,,,,,,,,,,,,,,,
EUR,heel_bone_mineral_density,BMD,ldsc,insample10,20000,24,-0.719,0.5938,-0.3175752297921441,-0.1302351421632402,3.545064860227715,1.453803643161482,-5.612083230349861e-06,2.6657104058450823e-06,1.170848821095131,0.5561471129269343,-0.0430084714773468,-0.0353848198668124,0.9408640351536214,0.7740871335222596,-1.4894529386370017e-06,1.9227746808342627e-06,0.2295815267691303,0.2963729402977398,-0.012308534770399,-0.0276115621384428,0.4687174069096902,1.0514671362330712,-7.420121218662209e-07,1.986019095532142e-06,0.087930552473213,0.2353489264478309,-0.0151467855120284,-0.0150141966680912,1.1846643660921377,1.174294292611591,-1.875405749871577e-06,1.6791102328004862e-06,0.1565748875331031,0.140186461449434,-0.1272751136994465,-0.0512363674733998,2.3939940887778994,0.9637356219647596,-3.789858467730302e-06,2.698208093638045e-06,0.6264880183911729,0.4460311793127934,-0.1052248585472386,-0.0543391602828818,2.1214238358686845,1.0955243032561868,-3.358360877205043e-06,2.0974226065442484e-06,0.5376645086641563,0.3357916961405382,-0.0418257882481042,-0.0354318534019393,1.130168337704177,0.9573987852545216,-1.789134762147787e-06,1.7773193898094863e-06,0.2497348143261384,0.2480855758900367,-0.0079551182444959,-0.0155457496775302,0.3355867003631733,0.6557975228795325,-5.312569918158377e-07,1.0985928456930243e-06,0.0599247416529321,0.1239191078406271,-0.0042003235403319,-0.0304496331612887,0.2881344615382105,2.0887887732263946,-4.561368108736405e-07,3.54839269143024e-06,0.0406117306806395,0.3159279516544764,-0.06934590261127,-0.0460571331556017,3.233721448354494,2.147725153566367,-5.119205043477598e-06,2.316735531727582e-06,0.5501068021665899,0.2489550553260529,0.0158372112666792,-0.0401257460965904,-0.79151029667222,2.0053998562188675,1.2530156253101891e-06,2.553301331894622e-06,-0.1301965385428792,0.2653047484442249,-0.0345434019755417,-0.0314182908571387,2.21316158924595,2.012938811701573,-3.503588095215788e-06,1.6412414040776224e-06,0.3225401141177498,0.1510925871933493,-0.0231857247284381,-0.018818360532609,3.7585056054779553,3.050537103158336,-5.949974714517321e-06,4.6294591568054444e-06,0.3466627902952788,0.269725722521225,-0.0098335473420739,-0.0234415323719036,0.8006254547595058,1.9085571933146013,-1.2674455519435654e-06,3.372407061820721e-06,0.1037501511331184,0.2760574147029511,0.0150345654830054,-0.031399677762262,-1.127718166498084,2.355238471954169,1.785255971412117e-06,2.9919134535024334e-06,-0.1521394871927696,0.2549708197760346,0.0204368482391165,-0.0244231708823948,-1.686528395204611,2.01549528147173,2.66989127065751e-06,1.9472739592385178e-06,-0.2171067378830645,0.1583458853553988,-0.0115036829215222,-0.0124796679626001,3.234139606160616,3.5085275476489035,-5.1198670162492976e-06,5.798704291710383e-06,0.2269244683030706,0.2570121223982666,-0.0239139047279759,-0.0239350313416799,2.817400697116984,2.8198897149856488,-4.460140456908479e-06,3.79668828134783e-06,0.3043205259287661,0.2590524190281265,-0.0161231536440379,-0.0242473515238108,1.5648065441425896,2.353287401476537,-2.4771971490982125e-06,3.4766976891409896e-06,0.1859864881579312,0.2610283940563712,0.0066879010736451,-0.019246451895502,-0.6488840182426202,1.8673594159579563,1.0272283472374965e-06,2.7244238906864297e-06,-0.0771353687397231,0.2045790908872007,-0.0582959181110818,-0.0381676064876164,4.521945399615026,2.960616080222344,-7.158552789950108e-06,3.4283740258688366e-06,0.6000857647323801,0.2873930680500671,-0.0546373794037917,-0.0366601554854585,1.2961152697715654,0.8696571437978806,-2.051840250284773e-06,1.8347975367821584e-06,0.3045140993222072,0.2723027386144116,0.0800016541616795,-0.1147885334433509,-1.0986669689730304,1.5763970311938125,1.7392659134357277e-06,1.2662862943854615e-06,-0.3314791640898097,0.2413360252269364,0.1189046590731436,-0.1283534683723771,-1.1311062545130333,1.2209900940477767,1.7906195494230497e-06,6.808796449926415e-07,-0.3996575062203459,0.1519689992447765,,,,,,
EUR,creatinine,CRT,ldsc,insample10,20000,8,0.5992,0.4009,0.1990537042371788,0.0513728423720371,1.4609240649851885,0.3770430798844782,1.9273615998748462e-06,1.689585716078836e-06,0.6123657201898907,0.536819024471772,0.087617377359408,0.0398935647985235,0.814749456420867,0.3709681939115663,1.0748791490681647e-06,1.1157519857731208e-06,0.3126697006119284,0.324559128020375,0.0543614378841377,0.0276900655369966,0.675195569543065,0.3439241178790196,8.907690990469949e-07,7.672264253253442e-07,0.2302815136673278,0.1983432774425106,0.0272023008279023,0.0176760364486864,0.508293745081159,0.3302889274527121,6.705795798742845e-07,5.591269327052296e-07,0.144969362950186,0.1208749530633851,0.0240126373769369,0.0162397953899882,1.751719385039998,1.1846913750943635,2.311000795593508e-06,2.16769011250229e-06,0.2619138353160231,0.2456719323613596,0.0802668287452953,0.0344792242056943,1.90185206327003,0.8169549578647496,2.5090671878463205e-06,1.1917913032890327e-06,0.4866626437821261,0.2311617278742681,0.0053465055268846,0.0375776929759999,0.0771824021422675,0.5424733213625331,1.0182486663097901e-07,7.696177211322833e-07,0.0246802044871047,0.1865391368817711,0.1213392080422557,0.0665466558853171,1.2613699203643156,0.6917792804889774,1.6640946685836282e-06,3.9317422943924594e-07,0.4630769297779378,0.1094107916297207,,,,,,,,,,,,,,,,,,,,,,,,,,,,,,,,,,,,,,,,,,,,,,,,,,,,,,,,,,,,,,,,,,,,,,,,,,,,,,,,,,,,,,,,,,,,,,,,,,,,,,,,,,,,,,,,,,,,,,,,,,,,,,,,,,,,,,
EUR,creatinine,CRT,ldsc,insample10,20000,24,0.6041,0.4417,0.1086794316559868,0.0405673064791205,1.4439261365411329,0.5389814173825763,1.9204568500760268e-06,1.977393235850889e-06,0.4768714563440289,0.4910094137797032,0.0293735833639506,0.0237589377553318,0.7648034616812566,0.6186142703803681,1.0172071893275734e-06,1.385347673599047e-06,0.1866120267742975,0.2541493413237405,-0.0019891122761663,0.0190730729124758,-0.090153808482744,0.8644610880602209,-1.1990675608647794e-07,1.1319664708931565e-06,-0.0169119042151754,0.1596549615330146,0.0172409906151765,0.0122914768385262,1.604933786995484,1.1441921703070943,2.1346009377856664e-06,1.2777931649513527e-06,0.2121112072367007,0.1269718597134105,0.0620147093484455,0.0276224945791121,1.388335239395932,0.618390104978631,1.8465196059728685e-06,1.863232318921986e-06,0.3632986264388625,0.3665868155481693,0.0450132040070628,0.0252905226611146,1.0801127061733542,0.6068578203797479,1.4365761467506218e-06,1.3684282075988045e-06,0.2737365020025513,0.2607510584364056,0.0349605648065582,0.0223135758087641,1.124339572985546,0.7176095819796446,1.495398954356511e-06,1.1490479527923134e-06,0.2484352189477328,0.1908948638099331,-0.0100426219054438,0.0140091521477815,-0.5042260378018926,0.7033799885078489,-6.706328833433048e-07,6.981472624226459e-07,-0.0900339721131596,0.0937278393544893,0.0214559300160808,0.0137233155539565,1.7517811882699237,1.120447634294826,2.329911549981464e-06,2.304006545871643e-06,0.2468970293704975,0.2441519171963481,0.0179086908408747,0.0178541431068611,0.9939526496551776,0.9909251885617186,1.3219811778281547e-06,1.702758810928886e-06,0.1690790568132775,0.217779843284409,0.0158529217419846,0.0157928469974723,0.9429903080088842,0.9394168404328,1.2542000250158746e-06,1.3558302565720277e-06,0.1551064332222647,0.1676750047497834,0.0022323162814624,0.0120365637911644,0.170225178866361,0.9178476371390252,2.264036244903912e-07,1.3002279351798309e-06,0.0248069929437238,0.1424656751226509,0.0088632180523104,0.0106389266037864,1.7100390008306383,2.052638140241509,2.274393426321092e-06,3.1647948075142723e-06,0.1577167264453836,0.2194611851828452,-0.0074515785568669,0.0205596845747339,-0.7220836637615763,1.9923043486974048,-9.603888199716166e-07,2.2553704390798804e-06,-0.093567834148462,0.2197340522908285,0.0122077669112382,0.0145573395491454,1.0898481184109992,1.2996061631960594,1.4495244816044296e-06,1.7899149113824305e-06,0.1470236035324116,0.1815490139197645,0.0222526677287626,0.0165974223491111,2.1856563323014715,1.6301983069799766,2.9069760350313003e-06,1.8946478568659031e-06,0.2813463159221453,0.1833699996406301,0.003432391687866,0.0065690582246278,1.1485205135995715,2.198087751082292,1.5275601929879617e-06,3.340208776831599e-06,0.0805825549377906,0.1762042232432303,0.0257590203495106,0.018522262218277,3.6119981555510856,2.597240735916467,4.80404532111775e-06,2.484872307162821e-06,0.3901304608695568,0.201793345731775,-0.0182989177766009,0.0219080176123271,-2.113762172081339,2.5306599799822056,-2.8113550548570945e-06,2.004894254150717e-06,-0.2512213671165392,0.1791564087864525,0.0125104950200662,0.0127463843729414,1.444680418608618,1.4719203262629903,1.9214600635553963e-06,1.7456728343388729e-06,0.1717267620801862,0.1560161198134178,0.0209740086766996,0.0145802695032222,1.936371427331072,1.34608589631178,2.5754210536125407e-06,2.4066071265599296e-06,0.2569545952938266,0.2401117127504383,0.0562055351293777,0.0244003293983809,1.586912232832142,0.6889211377187926,2.110631832811286e-06,1.3160652155137809e-06,0.3728175939613915,0.2324670079909657,0.0194852017749242,0.027532426017304,0.3184872588969232,0.4500198147456742,4.235957938095746e-07,7.929145364606334e-07,0.0960864045913322,0.1798608675301321,0.1054595825067382,0.0618344447576234,1.1940173409570922,0.7000918982809204,1.5880720789801211e-06,4.161327118339573e-07,0.4218663809485102,0.1105443534077009,,,,,,
EUR,diastolic_blood_pressure,DBP,ldsc,insample10,20000,8,0.2675,0.348,-0.0003991195431072,0.1641437931671404,-0.0065615794418268,2.6985462309458645,-3.864737926156501e-09,1.4814252158468898e-06,-0.0027505258862557,1.054327222852906,0.0943443995143297,0.0647044808517026,1.9651602593395243,1.347771304131817,1.1574696995713729e-06,9.763251606960591e-07,0.7541952773307322,0.6361633705044831,0.0293906674122853,0.0286644347773409,0.8177039864464953,0.7974988202163006,4.816236146809928e-07,7.752243221080923e-07,0.2789007767340966,0.4489203996409505,-0.0053010749806912,0.025639752440714,-0.2218814992578197,1.0731760506815364,-1.3068710862935422e-07,4.876930965537233e-07,-0.0632858582238163,0.2361677176037881,0.0523101671560386,0.060096725075206,8.547887538710384,9.820271570827051,5.034663597729308e-06,1.8533609564069385e-06,1.278135274996155,0.4705073079267294,0.0222213104206995,0.0256313196176864,1.1793923647097155,1.3603780372184766,6.946562854452029e-07,1.0705733499824485e-06,0.3018100575034746,0.4651362279300622,0.0351476668865237,0.0333578210256439,1.1365611081555425,1.078683320658667,6.694288866005482e-07,7.418654148961287e-07,0.3634522575952352,0.4027801388211009,0.0397859831339215,0.0474189925227108,0.9264445412062824,1.1041845220788662,5.456712650702474e-07,3.427724050672107e-07,0.3401372678265553,0.2136628347671726,,,,,,,,,,,,,,,,,,,,,,,,,,,,,,,,,,,,,,,,,,,,,,,,,,,,,,,,,,,,,,,,,,,,,,,,,,,,,,,,,,,,,,,,,,,,,,,,,,,,,,,,,,,,,,,,,,,,,,,,,,,,,,,,,,,,,,
EUR,diastolic_blood_pressure,DBP,ldsc,insample10,20000,24,0.3042,0.3444,0.029142558741678,0.062219089401589,0.7689089668870729,1.6416134278563213,5.150136892581239e-07,1.5733182952581968e-06,0.2539599151675233,0.7758236123215466,0.0042093223538822,0.0311566346661138,0.2176480227843668,1.6109908820454677,1.4578021066357984e-07,1.1706036790863389e-06,0.0531102576443971,0.4264712110975626,0.0224416764459683,0.0215536657765565,2.0198992261520456,1.9399723958959287,1.3529244646498918e-06,1.0606517502524344e-06,0.3789413800823052,0.2970785498593077,-0.0036526162154709,0.0121779669088877,-0.6752250928421785,2.251227162014489,-4.522644176620489e-07,1.2920704700747828e-06,-0.0892460423897923,0.2549662795472428,-0.0185799874200143,0.072850105476224,-0.8260278238630172,3.2387650612666574,-5.53271785501276e-07,1.5213867847750073e-06,-0.2161712740893911,0.5944277808231325,0.0753856139451711,0.0653015414176613,3.592255764375902,3.111732150259312,2.4060857313967406e-06,1.1400225772571918e-06,0.9104682086314316,0.4313870865740961,-0.0065946682636954,0.0300821317426056,-0.4211740802986213,1.9212208504653687,-2.821015572137908e-07,1.0196274438807816e-06,-0.0930703184003427,0.3363932187718982,0.0019286808527385,0.0135957447603757,0.1923039262412691,1.3555975805338465,1.2880478545242884e-07,8.699343879073107e-07,0.0343402293047742,0.2319304073673467,0.000642444121424,0.0188152532290104,0.1041639642677408,3.050648764114985,6.976881508153798e-08,2.0447879591374035e-06,0.014682073826258,0.4303029618607219,0.0417559280257408,0.0415136032818555,4.6022438162149,4.575535331772293,3.082573709928303e-06,1.607427850254511e-06,0.7829384845672013,0.4082682990113001,0.0063729988636864,0.0159901156979878,0.7528204022582735,1.888857285148209,5.042376008248066e-07,1.4077221808605036e-06,0.1238362692321265,0.3457240449897472,0.0088971282226098,0.0148867459171557,1.3473100456379268,2.2543299162614456,9.0242557579697e-07,1.2181170949292566e-06,0.1963594329077345,0.2650509785965321,0.0023373122472886,0.0098533817921865,0.8955316560407004,3.775283051801932,5.998253133815968e-07,2.730562655028738e-06,0.0826012421914948,0.3760225888359448,-0.0183977776945601,0.0315019459507407,-3.5404154583661818,6.062143931959521,-2.371363198040907e-06,1.7908914149703572e-06,-0.4588039864282695,0.3464961087054831,0.0095007398883505,0.0157044407302088,1.6843673110873572,2.7842091158928897,1.1281858585429771e-06,1.773244705496727e-06,0.2272436655371422,0.3571739742348988,-0.0101837006512273,0.0161157220417105,-1.9863466537888417,3.1433966538563425,-1.330451018740122e-06,1.291578734921733e-06,-0.255710344668228,0.2482391601201082,0.0038396933682563,0.0074071939524007,2.551456007697037,4.92204134483071,1.708960134544566e-06,3.418405683562509e-06,0.1790293596921375,0.3581095710341159,0.0148381576703038,0.0176826692083105,4.131880810855964,4.9239725854076335,2.7675255090194664e-06,2.140456190019897e-06,0.4463176107289908,0.3451904199207291,0.0054250895515724,0.0128888723814071,1.2444780851916568,2.9566183321054744,8.335489342128731e-07,2.009784440507019e-06,0.1479181967410002,0.3566481559461721,-0.0038765772235841,0.0110278397685941,-0.8889868927587982,2.528933242985974,-5.954416440159246e-07,1.5297868388522376e-06,-0.1056806437489292,0.2715108349462709,0.0499629617307645,0.0503174313447827,9.160201416758932,9.22518981912836,6.135484601111921e-06,1.9980151021935272e-06,1.2156446515955832,0.3958735993483845,0.0132511369381185,0.0218819509759608,0.7429790857957325,1.2269009072556445,4.976459067273254e-07,1.09859512331878e-06,0.1745637157262555,0.3853640594904945,0.0318082559056133,0.0282459171081561,1.0324680909385209,0.9168376977349212,6.915450637911912e-07,7.538784688280523e-07,0.3115160416319529,0.3395949863243951,0.0437456285953844,0.0445267719312039,0.9835781534238348,1.0011414059012644,6.587986813566429e-07,3.7081737891891253e-07,0.3475418066058931,0.1956205217729848,,,,,,
EUR,educational_qualification,EA,ldsc,insample10,20000,8,0.2823,0.3275,0.0201484880735586,0.1284960391297455,0.3138779216667549,2.0017417464381984,1.9506415263298854e-07,1.3861310978626435e-06,0.1315485487323049,0.9347875138269254,0.0449317214343772,0.0393953892732724,0.8868451887887916,0.7775711751549422,5.511432736304217e-07,9.470581262315082e-07,0.3402918888748631,0.5847412352994009,0.0081832656059632,0.0390240280872401,0.2157377884100578,1.028801693575501,1.340734915780481e-07,7.298701806565402e-07,0.0735694956335654,0.4004981181356261,-0.0001667337337813,0.0162579181409361,-0.0066129239548732,0.6448147827814035,-4.109700997234444e-09,3.8766098725414233e-07,-0.0018858061962778,0.1778848369531014,-0.0122332841786133,0.0295059708620976,-1.89421235327986,4.568730169794536,-1.177186740747464e-06,1.5838288750796112e-06,-0.2831813406605944,0.38100223923455,0.0898978295660098,0.0900587188206644,4.52116919967778,4.529260691388037,2.809748561358985e-06,1.0548438350842429e-06,1.1567622414795662,0.4342749866887652,0.0527890896566048,0.0487073069788055,1.6175338209927657,1.4924621144293102,1.005240707825718e-06,7.154654497839014e-07,0.5171611560823044,0.3680819292998014,0.0787496235758807,0.0847262809277087,1.7376036783233473,1.8694781092989807,1.0798599255540049e-06,3.4939783283710177e-07,0.6378278334879205,0.2063746023629228,,,,,,,,,,,,,,,,,,,,,,,,,,,,,,,,,,,,,,,,,,,,,,,,,,,,,,,,,,,,,,,,,,,,,,,,,,,,,,,,,,,,,,,,,,,,,,,,,,,,,,,,,,,,,,,,,,,,,,,,,,,,,,,,,,,,,,
EUR,educational_qualification,EA,ldsc,insample10,20000,24,0.3079,0.3398,0.0022064404198662,0.0903467011715956,0.0575160391482651,2.3550984448594265,3.8994857295359764e-08,1.5562384001548285e-06,0.0189977976060609,0.7581795191346858,0.038752958969642,0.0286467421204335,1.9796888169797864,1.463414317940273,1.3421940044992625e-06,1.1389672804583013e-06,0.4831084681724732,0.4099591685823836,-0.0115492093095601,0.0292605240685936,-1.0270135635309812,2.60199242121232,-6.962970319818601e-07,1.1123539649208044e-06,-0.1926826218347021,0.3078158724289243,-0.0049691615139577,0.0106416277722672,-0.907563798701468,1.9435786295611253,-6.153122040544028e-07,8.490215377526576e-07,-0.1199614193712006,0.1655254488281255,0.0450310537652694,0.0237051722710154,1.9779298808669843,1.0412185513211982,1.3410014769238923e-06,1.4584405896604714e-06,0.5176524044513103,0.5629861644290922,-0.0235825677872672,0.0626815960341288,-1.110246432977705,2.950994100303834,-7.527274453834443e-07,1.1796436540692372e-06,-0.2814109292558992,0.4410156942176376,0.020883413315365,0.0220392297893637,1.317709530759371,1.390639676832579,8.933837564203519e-07,1.0624924345713285e-06,0.2912012861681957,0.3463227994326448,0.002323254469781,0.0092334878605809,0.2288622084671478,0.9095845724667035,1.551645296101112e-07,6.376240324937516e-07,0.0408708022220862,0.1679520815071836,-0.0139488271077437,0.0319449994565217,-2.234443370977898,5.117225392512817,-1.5149130864390175e-06,2.002324833525359e-06,-0.314965723914308,0.4163035466182159,0.0197205319053698,0.0191004628430451,2.147433026016845,2.079911683832115,1.4559216114483653e-06,1.4505631070584413e-06,0.3653437517168441,0.363999107828044,-0.0083161368348095,0.0241278727823261,-0.9705517273322386,2.8158926519485843,-6.580169056413043e-07,1.3850027896527125e-06,-0.1596611320929442,0.3360568876757402,0.0182563507496079,0.0212610987399491,2.7313741207457083,3.1809212954655544,1.8518233459045527e-06,1.0519904150111526e-06,0.3980974994665004,0.226152648202034,-0.0032553235037235,0.0125923645021717,-1.2322756936684576,4.766735067679292,-8.354611258830287e-07,2.5198113751269883e-06,-0.1136678267381141,0.3428304129625834,0.013301353318707,0.0168458283832626,2.528914880534963,3.202806891345103,1.7145595618008955e-06,1.990815590437286e-06,0.3277413245087473,0.380548190333646,0.0151824554075715,0.0191961524169174,2.659321907456865,3.362351298969161,1.802973219633332e-06,1.7845318520885915e-06,0.3587979319276096,0.3551280357445063,-0.0154681230681466,0.0206110176541398,-2.9808255347750614,3.9719006275349686,-2.0209469927385287e-06,1.083564648555951e-06,-0.3837548264550298,0.2057565909217263,0.0068205948515853,0.0086317921465496,4.477785798413668,5.6668541571113495,3.0358595757648983e-06,3.3201942683967985e-06,0.3142125495318925,0.3436412916929084,0.0276342632835442,0.029962077125129,7.602653815815989,8.243074825185634,5.154464824143042e-06,2.3473767105757484e-06,0.8212691170098193,0.3740112822875789,0.0009802646386293,0.0117732535497659,0.2221637508421749,2.6682490270066763,1.506230938114552e-07,1.826928723036452e-06,0.0264077614250379,0.3203034583719769,0.0103404287301427,0.0144810300408689,2.342798754406098,3.280921906397272,1.588376119995182e-06,1.5772355911653029e-06,0.2785217498338396,0.2765682581232102,-0.0167678406706963,0.0308251341921963,-3.037270750203303,5.583562027558402,-2.0592158504906453e-06,1.7398206850080238e-06,-0.4030966292465071,0.3405742304542684,0.0643903315350958,0.0590096695294764,3.56692213512823,3.2688587154822746,2.41831012188503e-06,1.1176584659316514e-06,0.8380984854885272,0.3873398449246867,0.0496713821440132,0.0425896595435485,1.592914799376268,1.36581057460049,1.079968061173729e-06,7.457766486426197e-07,0.4806404999698299,0.3319083907720774,0.0702621122917138,0.0703504751771111,1.5607916578136645,1.5627545372360183,1.0581891393344952e-06,3.64804388871611e-07,0.5515274770264811,0.1901358053335183,,,,,,
EUR,fluid_intelligence_score,FI,ldsc,insample10,20000,8,0.5587,0.8231,0.1960147199668784,0.1075275393206512,1.5429050444143275,0.8463894082001926,1.897893951213308e-06,3.4828264299778474e-06,0.6467147171377202,1.1867865999904588,0.1111302863826192,0.0793020059829383,1.1083052663754018,0.7908809895658675,1.363302212774978e-06,2.385066990490455e-06,0.4253157175670967,0.7440804166533529,0.1116811466192834,0.0930110606531778,1.487687266876114,1.2389859416833982,1.829971763539732e-06,1.8853600443430184e-06,0.5073777924429156,0.5227347417691829,0.0028782009482915,0.0347624878448974,0.0576797502931602,0.6966475428523671,7.095060683428944e-08,8.944282998601074e-07,0.0164503504239349,0.2073789022854736,0.0674830424580878,0.0828258736861259,5.279739088305693,6.480131702646704,6.494492267010174e-06,4.737715157280313e-06,0.7893992010884724,0.5758646567553095,0.0044034020351382,0.0821890201946326,0.111897942053867,2.0885629215353494,1.3764322577470433e-07,2.5511713878051555e-06,0.0286327918089263,0.5306992683786631,0.0080122825513452,0.0775444471840134,0.1240502547206716,1.2005827757204417,1.5259152138568674e-07,1.5838494499944587e-06,0.0396660029837834,0.4117199726356293,0.0570969190383555,0.072352436569301,0.6365713987051976,0.8066545887652775,7.830326380043626e-07,7.620295219887054e-07,0.2336942968458313,0.2274259649901379,,,,,,,,,,,,,,,,,,,,,,,,,,,,,,,,,,,,,,,,,,,,,,,,,,,,,,,,,,,,,,,,,,,,,,,,,,,,,,,,,,,,,,,,,,,,,,,,,,,,,,,,,,,,,,,,,,,,,,,,,,,,,,,,,,,,,,
EUR,fluid_intelligence_score,FI,ldsc,insample10,20000,24,0.6485,0.8386,0.1475909127386707,0.0754649527066019,1.826653161644332,0.9339890369736596,2.607964693383898e-06,3.767589957696251e-06,0.6032500093954959,0.8714836834810166,0.0440934704485851,0.0505880333857279,1.0694637087977372,1.2269858837391725,1.526903766935789e-06,2.791717817635664e-06,0.2609400435777765,0.4770902952532567,0.0053129619623399,0.0381524073893907,0.2243160465343117,1.6108146928244342,3.202624021926128e-07,2.4933802507156194e-06,0.0420778623419805,0.3275942172341725,-0.0025151778923704,0.0188311594185128,-0.2181034155657947,1.6329422267507334,-3.11392452188349e-07,2.10438923895195e-06,-0.0288239739575549,0.1947923277967606,0.0642912437267885,0.0694382438273355,1.3407577541793907,1.4480955484970175,1.9142379947668323e-06,3.7922665069926713e-06,0.3508363790177831,0.6950363816938997,0.0413880116930674,0.0624921766510081,0.9251295787029912,1.396862489701672,1.3208338226018963e-06,2.986166112271851e-06,0.2344504652461757,0.5300500504638532,0.0801739194585205,0.0812182683440046,2.4018784583279604,2.4331654293026186,3.429230216578105e-06,2.4885142308893496e-06,0.5307030545907198,0.3851191142959456,0.0068643433148743,0.0223635549472249,0.3210524643636738,1.0459666858708718,4.5837573840817814e-07,1.4975082842812256e-06,0.0573247334655849,0.1872792472765723,0.0070167355051684,0.0390704015995118,0.5336622412800105,2.9715240185336267,7.619247663839642e-07,4.816610618647931e-06,0.0752120413543828,0.4754631074101962,0.0636473251921297,0.0697955936525668,3.2906437599087988,3.6085166820231,4.698145726045158e-06,3.5377165781859257e-06,0.559744562650663,0.4214891862253077,0.0350719815922747,0.0443572468513399,1.943377065755728,2.4578838239909264,2.7746147324763897e-06,3.4352061550599176e-06,0.3196425224323528,0.3957442983438926,-0.0109962326269721,0.0295382801034167,-0.7811075696292679,2.098225361840264,-1.1152095023306242e-06,2.364116902835564e-06,-0.1138272030365375,0.2413006830903007,0.0129736913351173,0.0215815942783419,2.331723222339012,3.8787961925451095,3.3290675900012604e-06,6.280458818961121e-06,0.2150471201112024,0.4056975550905176,-0.0183188250692736,0.0507963989532574,-1.6536199617644185,4.585334429321361,-2.360920270531435e-06,4.235117215751555e-06,-0.2142691552253705,0.3843649442237387,0.004747096448017,0.030317756320662,0.3947813801838349,2.521306616668308,5.636406093634084e-07,3.701836930604097e-06,0.0532552759505261,0.3497660459309845,0.0053529165238793,0.0216276809389385,0.489766547745798,1.9788305276120728,6.99253635743173e-07,2.8864522017203778e-06,0.0630424916586556,0.2602333824931303,0.0437934825754884,0.0530234050964155,13.650553236691067,16.52754637203421,1.948928326075913e-05,7.83144007807179e-06,0.9577175007829788,0.3848426398627049,-0.020886327016119,0.0481521288090826,-2.72821822919916,6.289737563253732,-3.895154792928958e-06,5.40933517725021e-06,-0.2946634988466997,0.4092093163169319,-0.0092117022164102,0.037380380363301,-0.9912186420745116,4.0222891484630585,-1.4151910588363777e-06,4.774442212391523e-06,-0.1178025817540224,0.3974315803814988,0.0368209460721298,0.0524602276173532,3.9608745753633934,5.643211377032712,5.655053331619283e-06,4.48001581979235e-06,0.4708062064546733,0.3729795510822177,0.0286634126412368,0.0369649374409082,2.465096774924583,3.1790404447437703,3.519488805959541e-06,5.153362830309784e-06,0.327104554209645,0.4789583215706396,0.030704972268753,0.0535911617624035,0.8075722471872352,1.409502492138104,1.152993875490353e-06,2.638181135210196e-06,0.1897185388116896,0.4340975964679621,0.0217076533988419,0.0631471352355318,0.3305208718221912,0.9614786917610948,4.718940531451464e-07,1.6700733282897278e-06,0.0997134318485105,0.352894345441585,0.0302131879252617,0.0480763541787348,0.3186544544096178,0.5070548810911538,4.549520313652213e-07,8.021485073555123e-07,0.1125820547935066,0.1984990086463242,,,,,,
EUR,hand_grip_strength,GRIP,ldsc,insample10,20000,8,-0.0012,0.3141,-0.0777907377270403,-0.7355194125275732,285.08595891818703,2695.5170133381703,-7.750828698144601e-07,1.3550219936718674e-06,122.96637388607242,214.97332425575632,-0.0263695811356477,-0.2539402556494926,122.44121204655823,1179.114394316411,-3.3288937265353664e-07,9.25836233014092e-07,48.35224562094911,134.4778915188239,0.0237695776922971,-0.2275749751849103,-147.41805361960272,1411.411693071885,4.007956354480928e-07,7.285400242339254e-07,-51.737742474483575,94.04547560511172,0.000797131466916,-0.0110774454199384,-7.437545545918328,103.35685926685012,2.0220968328224373e-08,3.929025666391349e-07,-2.182822459440012,42.41322833360274,0.0053654894137105,-0.0451865775477582,-195.44500450174976,1645.9804821668313,5.31369821070666e-07,1.7302940538779142e-06,-30.070855866661176,97.91941701970322,0.0322626671541546,-0.3052635916997412,-381.7081681901494,3611.654481202706,1.0377763378986518e-06,1.0752022707096451e-06,-100.51017819113936,104.13493531695649,-0.0030290270470993,-0.0213132333230432,21.83443612812148,153.63429392992185,-5.9362788259317865e-08,6.403270020972274e-07,7.184553016878871,77.49742607456663,0.043794480182709,-0.4168366642572197,-227.32711936472583,2163.703684479572,6.180499268798801e-07,2.952473651602666e-07,-85.87944597391893,41.02529430466381,,,,,,,,,,,,,,,,,,,,,,,,,,,,,,,,,,,,,,,,,,,,,,,,,,,,,,,,,,,,,,,,,,,,,,,,,,,,,,,,,,,,,,,,,,,,,,,,,,,,,,,,,,,,,,,,,,,,,,,,,,,,,,,,,,,,,,
EUR,hand_grip_strength,GRIP,ldsc,insample10,20000,24,-0.1151,0.324,-0.123909393518655,-0.3261273062340021,8.64043012582316,22.74145746031421,-2.1887954175559275e-06,1.5144480687446736e-06,2.852564396111299,1.9737160476534976,-0.00146716171237,-0.0305073203848299,0.2004953993251241,4.168986507298676,-5.0789533031733137e-08,1.0736996015088128e-06,0.0489032745918394,1.033823768549469,0.0041727256703421,-0.032249779746612,-0.9926088108635504,7.671584008605775,2.514478544477316e-07,1.0901639804851889e-06,-0.1861359682123311,0.8070012307860046,-0.0028278644141064,-0.0110911479957888,1.381614871649739,5.4188223941040645,-3.499909444156255e-07,8.831318498750987e-07,0.1825312549274965,0.4605809590110825,-0.0061083530968806,-0.0443146561214537,0.7177236887756845,5.20691550633477,-1.8181390257049186e-07,1.4927274466630004e-06,0.1877458878805754,1.5414301979948477,-0.0392459966217141,-0.105933250045027,4.942629107848503,13.341201911836588,-1.2520677540814775e-06,1.1801416021301732e-06,1.2521760852108788,1.180243710080957,0.0124635751741151,-0.0626104389895534,-2.1037552168846325,10.568158479058658,5.329236752479123e-07,1.017663101552225e-06,-0.4646806803669621,0.8873472963903442,0.0048421221672484,-0.023888492431157,-1.2759904116008245,6.295067789889343,3.232341359268977e-07,7.522743439106132e-07,-0.2277572957303366,0.5300676852247551,0.001188579378844,-0.0215365494670582,-0.5093240897348943,9.228734444314286,1.2902207614998506e-07,1.916996551764801e-06,-0.0717586018734776,1.0661818229541464,-0.0286502503145857,-0.085307136503781,8.345719603114894,24.84967613154683,-2.1141392913890703e-06,1.4664019199525704e-06,1.419160956589935,0.9843534718556178,0.0020700831905831,-0.0242615256870498,-0.6462777797410674,7.574422624889922,1.6371521118350617e-07,1.361709726943039e-06,-0.1062638510085133,0.8838550706111575,0.0042050445236384,-0.0202123209594515,-1.682953757424304,8.08942719006986,4.2632616878640773e-07,1.1974339338668384e-06,-0.245169392764588,0.6886139578941194,0.0045870879887795,-0.0219957520077718,-4.644994075550536,22.273420089890767,1.17667079058415e-06,2.5132699468814383e-06,-0.4282532305085081,0.91471291928441,0.0210070810120321,-0.0829912383196978,-10.684112634683808,42.20899311959016,2.706501462879363e-06,1.920941987779657e-06,-1.3839527384204338,0.982261772549038,-0.0094731474776541,-0.0301982642802147,4.438718065550945,14.14963522156246,-1.1244169121470724e-06,1.50708050946198e-06,0.5985802586097895,0.8022901748933589,-0.0102484839468534,-0.0360449268713807,5.283149855830325,18.58135810052343,-1.3383285353055284e-06,9.918884920890369e-07,0.6798232778712255,0.5038440623406252,-0.0020960094824031,-0.0091098559978202,3.681024178483321,15.998782673459177,-9.324777512750604e-07,3.4316590816590084e-06,0.258175300386214,0.9501241322046864,-0.0027718189378881,-0.0116897134394635,2.0399360242368254,8.603111564110959,-5.16756985119586e-07,2.066994999809357e-06,0.2202534058666359,0.8809995834153301,0.0062989657814216,-0.0306439602948796,-3.818857710325539,18.57843463639186,9.67393768011328e-07,1.81843830343078e-06,-0.4537092928916245,0.8528506013767946,0.0007605154789023,-0.0103895422801703,-0.460934124748339,6.296906125247817,1.1676392093364696e-07,1.4784910395849338e-06,-0.0547707642928351,0.6935197412922811,0.0013917483694687,-0.021607048857899,-0.6743749900267194,10.469747030215178,1.708328018848697e-07,1.9622240326954204e-06,-0.089456710295642,1.0275199194255404,0.0224031183874551,-0.1078500546525362,-3.319829707228038,15.981874003850606,8.409798985041274e-07,1.219859752636563e-06,-0.7796560310067517,1.1309081403933614,-0.0157368983051346,-0.0438504234763312,1.3500187678918691,3.761789237319908,-3.419870133484487e-07,6.43139285509787e-07,0.4071490544457465,0.7656827357517861,0.0420447307054144,-0.1585920472636857,-2.498444311388765,9.424091715407943,6.329063924077995e-07,3.138802093624633e-07,-0.8824247921746725,0.4376250292886142,,,,,,
EUR,haemoglobin_concentration,Hb,ldsc,insample10,20000,8,0.3981,0.4354,0.0056497925832908,0.1876901627741773,0.0624122027170451,2.07337814873089,5.470030874996545e-08,1.833870968924146e-06,0.0261587552202213,0.8769928886660476,0.0721788438504729,0.0356824854816002,1.0102372510574864,0.4994230181700851,8.854084159485846e-07,1.17143405562683e-06,0.3876586082533596,0.512889292088292,0.0729135219761545,0.0443666939443125,1.3630957138256317,0.8294216040185803,1.19466631774003e-06,9.408247608227498e-07,0.4648578605901096,0.3660853068441795,0.0202949217317525,0.0188323949820321,0.5707897086687533,0.5296565016316882,5.002607172356157e-07,5.389918029410214e-07,0.1627803337563924,0.1753830803656249,0.0063156612135399,0.0165803592769126,0.6934627317353338,1.82053166700442,6.077757855221093e-07,1.9876221815030644e-06,0.1036767478194352,0.3390562911205562,0.1224851542488688,0.1081311892310545,4.368212002127318,3.856303741461426,3.8284587756812575e-06,1.2018111819024474e-06,1.117684741945078,0.3508581649732721,0.0451128094407294,0.0361881930875147,0.9802295079408804,0.7863118068505426,8.591085460207487e-07,8.319742762199182e-07,0.3134170150444121,0.3035179843738679,0.0531492949551907,0.0441121102979136,0.8316075989549333,0.6902060725473543,7.288509368573997e-07,4.102811001852597e-07,0.3052765601911004,0.1718447444356944,,,,,,,,,,,,,,,,,,,,,,,,,,,,,,,,,,,,,,,,,,,,,,,,,,,,,,,,,,,,,,,,,,,,,,,,,,,,,,,,,,,,,,,,,,,,,,,,,,,,,,,,,,,,,,,,,,,,,,,,,,,,,,,,,,,,,,
EUR,haemoglobin_concentration,Hb,ldsc,insample10,20000,24,0.2656,0.4355,-0.0855869596739335,0.279123720763694,-2.586342183107841,8.434806611514924,-1.5121862918286848e-06,1.9734443587335032e-06,-0.854049093887077,1.114557363415018,-0.0036207855447558,0.0517948719308365,-0.2144255250988342,3.0673295819140938,-1.2537062643543662e-07,1.404390113732711e-06,-0.052312655908188,0.586001513029008,0.0062499428375074,0.015957676682716,0.6442902963341752,1.645035243684307,3.76704583190165e-07,1.1728822922985289e-06,0.1208455118316869,0.3762565343134865,0.0050696778472608,0.0108684285441106,1.073386261697842,2.3011367264285214,6.275890334148541e-07,1.0302703771324263e-06,0.1418414071173928,0.2328514238189865,0.0305665419850831,0.0276690410881009,1.5564196643001984,1.40888163479096,9.100097025286876e-07,1.8784276297627329e-06,0.407227052074874,0.840591637736034,0.0526200341040493,0.0633767886041521,2.871845278721873,3.4589170119785653,1.6791146550908907e-06,1.2921726747852045e-06,0.7277214552991719,0.5600223764002654,0.0223729705987796,0.0292838050839718,1.6365281246827257,2.1420387787154658,9.56847633116973e-07,1.2668474331361983e-06,0.3615593876019038,0.4786975128084714,0.0097753717103543,0.0160762133694058,1.1163289866758117,1.835873203802953,6.526968480225191e-07,8.330674122831943e-07,0.1993030049312322,0.2543797156081837,0.0021089190286329,0.0185655060276847,0.391627504113927,3.447625389841189,2.2897733605865605e-07,2.1675457226940563e-06,0.0551886402279242,0.5224268179829593,-0.0159325517261971,0.0498892209973627,-2.0112588063279966,6.297806954977907,-1.1759457105533758e-06,1.7188912796439318e-06,-0.3420838584375322,0.500027302194521,0.0269670665474109,0.0409582803827942,3.648483489525717,5.541411390566565,2.133200608511293e-06,1.6074151040320047e-06,0.6000334614196511,0.452138840089519,0.0144857186418124,0.028332045463525,2.5124005684789315,4.913905128825893,1.4689540015432756e-06,1.0785540087304475e-06,0.3660831245915642,0.268790187536153,0.0039822922972694,0.0101850902008536,1.7475454526592311,4.469513219215543,1.021757405156414e-06,3.152725372253553e-06,0.161153863535827,0.4972548981216447,0.0153579054358095,0.0239569888841668,3.384947908473732,5.280222602992901,1.979116243465269e-06,2.0624697969831e-06,0.4385625560434122,0.4570332990362923,0.0136520808061896,0.0217592518105052,2.772103016705121,4.418292598868898,1.620797204939544e-06,1.8247475790975045e-06,0.3739133338057879,0.42096410863433,-0.011333835251534,0.023449081381873,-2.531963570198585,5.238493281035514,-1.48039212570979e-06,1.2510782215704649e-06,-0.325879703590524,0.2754006813015614,0.0045932163699618,0.0088684048323259,3.495743702029861,6.7494469762834175,2.043896488439093e-06,3.554065053035113e-06,0.2452349492490768,0.4264310682262596,0.0186102507974823,0.0298759360870661,5.935416074947908,9.528410618156636,3.470327663314301e-06,2.4617958032151726e-06,0.6409940705310906,0.4547111010296358,-0.020345522916082,0.0445094252578071,-5.345401575080987,11.69401016923324,-3.125357131376876e-06,1.8551018872499817e-06,-0.6352158017003128,0.3770417213171796,-0.0080987528045408,0.0212711639161013,-2.127140616928665,5.586879588412377,-1.243699655335752e-06,1.6232618786478326e-06,-0.2528150349969189,0.3299711525197196,-0.0042582686247358,0.0239131870955693,-0.8941719499107413,5.021407294414609,-5.228057501532728e-07,2.072161269456214e-06,-0.1186394891072569,0.4702323076669609,0.087964462075881,0.134800762186269,5.648873341577874,8.656591695877394,3.302791443143848e-06,1.2412915875160175e-06,1.326923333843699,0.4986989944515109,0.045001914692202,0.0624277641967212,1.673011447960404,2.320842677162467,9.781787553873314e-07,8.561406490105438e-07,0.5046720991601187,0.4417089372804562,0.055398310766092,0.0835245328888942,1.426598863500078,2.150895975813829,8.341058887772269e-07,4.140680646823568e-07,0.5039722914676572,0.2501826616851513,,,,,,
EUR,igf_1,IGF-1,ldsc,insample10,20000,8,0.3259,0.3773,0.0625964607689825,0.1083514651700946,0.8446846500462161,1.4621085332119437,6.061175364865713e-07,1.5924539472354132e-06,0.3540723087639248,0.9302549617129586,0.0776826977499688,0.0400522640091448,1.3281452503887998,0.6847757061975279,9.53032740938236e-07,1.082382650927434e-06,0.50970797008906,0.578887838964173,-0.0030585883839174,0.059230355927451,-0.0698468986748265,1.3526032762995486,-5.0119805247670484e-08,8.455872978473542e-07,-0.0238226873783783,0.4019201939872165,0.0287519959683167,0.0263745191332181,0.987789873025264,0.906110411757585,7.088050722499788e-07,6.090342766581802e-07,0.2817345875336953,0.2420778680145513,-0.0101018637249737,0.0339695503713388,-1.3549199059720358,4.556190941406324,-9.72245340908532e-07,1.979490820181448e-06,-0.2025917052782051,0.41247656735322,0.0083178030649864,0.0326313994536963,0.3623570414637158,1.421555340091643,2.600153291391444e-07,1.1920503984766073e-06,0.0927261262024912,0.4251065352755441,0.027086699697435,0.0281427296339456,0.718938610478498,0.746967890666167,5.158863718483148e-07,7.372562934834125e-07,0.2298986406101182,0.3285495196274093,0.1346247948592016,0.1698682527358677,2.573083103442512,3.2466911565814627,1.8463586283336216e-06,3.963654802341316e-07,0.9446667304752197,0.2027955330779652,,,,,,,,,,,,,,,,,,,,,,,,,,,,,,,,,,,,,,,,,,,,,,,,,,,,,,,,,,,,,,,,,,,,,,,,,,,,,,,,,,,,,,,,,,,,,,,,,,,,,,,,,,,,,,,,,,,,,,,,,,,,,,,,,,,,,,
EUR,igf_1,IGF-1,ldsc,insample10,20000,24,0.1526,0.3708,-0.0393540133005862,0.8760749648385859,-2.0698598920009665,46.07795444533559,-6.95360640237127e-07,1.6932348439832177e-06,-0.6835356669689421,1.6644404952550054,-0.0215859850312399,0.387946496129415,-2.2249440180127684,39.98702095933831,-7.474604937445698e-07,1.1741604370311624e-06,-0.5428411405022818,0.8527308079889866,0.005206320399789,0.0176660555907575,0.9341357079799156,3.169703759905652,3.13818923918244e-07,1.1929345431350866e-06,0.1752194397301834,0.6660698458623463,-0.0152195860205404,0.1734800003401633,-5.608568728179693,63.9291044815088,-1.8841748452214271e-06,9.103524642636078e-07,-0.7411778353391663,0.3581053375008211,0.0041435543255569,0.1631780427082584,0.3672205476857307,14.461577067788904,1.233661834473862e-07,1.6411053722351472e-06,0.0960860331088828,1.278205264402972,0.0403667262541026,0.3373573863949431,3.834484440648642,32.04598859284078,1.2881787631776069e-06,1.2715556730073358e-06,0.97170513874103,0.9591659302072988,-0.0123004144246096,0.1869701755164037,-1.5660048486341016,23.80376719851451,-5.260926782382164e-07,1.1052819882762498e-06,-0.3459972523245858,0.7269147562899069,0.0321639637846923,0.2078004789325715,6.392960525626488,41.302753227649625,2.1476879383429483e-06,1.1891717667255316e-06,1.1414241222169406,0.6320049182969865,0.0210433177678371,0.1853178437227741,6.801442484093363,59.89685986128596,2.284915717509322e-06,2.2871335770949403e-06,0.9585194227136828,0.9594498121689158,0.0214024662893241,0.1722117645308665,4.702404456401565,37.8371986680183,1.5797528065033805e-06,1.7603072642804812e-06,0.7998489562632588,0.8912659767028953,0.0032948754163174,0.0184287196474926,0.7758740264836262,4.339576800089952,2.606515841405366e-07,1.4972641600641916e-06,0.1276079338277994,0.7330198528821943,0.0162023734310642,0.2115647260246697,4.891037718759478,63.86539968037928,1.6431233498865918e-06,1.1912755138328417e-06,0.7127138810681573,0.5167223720263414,0.0043734381440002,0.0377576404234744,3.340349213532778,28.83857055722377,1.1221761321691676e-06,2.7051817708622174e-06,0.3080544539454249,0.7426136319930674,0.0127792980611963,0.1133721859923173,4.902307365278257,43.49106654734397,1.646909339773554e-06,1.942522286841135e-06,0.6351897417577255,0.7492034928327632,-0.0182853990142921,0.2383986402836016,-6.462320513991618,84.25347581467953,-2.170989131869527e-06,1.7766377498547925e-06,-0.8717128736421722,0.7133697610975233,-0.0073522589389806,0.0852087823820262,-2.858741514080411,33.13129822839386,-9.603820708761672e-07,1.227797561121438e-06,-0.3679578961322603,0.4704146622129281,-0.0133673614600836,0.1760022319639771,-17.70687448329308,233.13871173990592,-5.94854928340018e-06,3.1325135221132583e-06,-1.2422473146742297,0.6541689957726324,-0.0054160613261173,0.0903495404360401,-3.0064643124200887,50.15317453195033,-1.0100089176149562e-06,2.216679316666173e-06,-0.324699990046825,0.7126231655044657,-0.0027974934584777,0.0543643328635974,-1.279246088030563,24.859883026139617,-4.297572904482159e-07,1.944826060498054e-06,-0.1520261971913874,0.6879802082423376,-0.0030648176625166,0.0382993360388431,-1.401058392399657,17.50825402660123,-4.7067961677677174e-07,1.658464638792527e-06,-0.166527634231579,0.5867689674903285,-0.0054095235535137,0.1086905538333911,-1.977063145709161,39.72403228212868,-6.641859674185659e-07,2.158402296071309e-06,-0.2623325284445201,0.8525008950874391,-0.0054927839976417,0.139379051331075,-0.6139325274456354,15.57849959026236,-2.0624802528749865e-07,1.2556937199086693e-06,-0.1442208386325746,0.8780554436748952,0.0133557497132512,0.0360792721700458,0.864190980968534,2.334528744449829,2.9032128992678214e-07,7.345284635089113e-07,0.2607014765606377,0.6595887441147819,0.1279136146014681,1.425099740889442,5.733181093950789,63.87400525673007,1.9260378402864144e-06,4.353236579481577e-07,2.0254607166447367,0.4577952466754051,,,,,,
EUR,neuroticism_score,NEURO,ldsc,insample10,20000,8,1.0968,0.4119,0.4739534570763505,0.0467004915035378,1.900366812757787,0.1872505894149514,4.588763260389587e-06,1.7234563245214988e-06,0.7965034928769406,0.2991522779463855,0.1800894226923073,0.0444000630098085,0.914884771731988,0.2255598407965233,2.209146991954308e-06,1.176048472887206e-06,0.3510711454223557,0.1868941659167165,0.1116853318849304,0.0323461017026467,0.7578428375651882,0.2194850575701564,1.8299421705444005e-06,9.751364753846716e-07,0.2584494789676657,0.1377221193337264,0.0027282834100164,0.022094512263799,0.0278511396813899,0.2255474431256105,6.725137782451369e-08,5.322563222177159e-07,0.0079427602817467,0.0628624202592693,0.0490389705213051,0.0197962278131994,1.954386170637841,0.7889536313186769,4.719202312011471e-06,2.428599966204356e-06,0.2921940069038571,0.1503691319792899,0.092770205679303,0.0307813603241024,1.200863126378878,0.3984490529295355,2.899691027064003e-06,1.3398100216841285e-06,0.307264090338476,0.1419721976227162,0.1149128925584838,0.0354106578486983,0.9062779017729038,0.2792715071477614,2.188364220759792e-06,8.444667313050878e-07,0.2897736373460043,0.1118205982471262,0.0716214361773027,0.0282165212588061,0.4067510685145312,0.1602467191996852,9.821705719092574e-07,3.788003930408693e-07,0.1493160169469813,0.0575877220561229,,,,,,,,,,,,,,,,,,,,,,,,,,,,,,,,,,,,,,,,,,,,,,,,,,,,,,,,,,,,,,,,,,,,,,,,,,,,,,,,,,,,,,,,,,,,,,,,,,,,,,,,,,,,,,,,,,,,,,,,,,,,,,,,,,,,,,
EUR,neuroticism_score,NEURO,ldsc,insample10,20000,24,0.9805,0.4071,0.2055729463946515,0.0397376291002303,1.6827702183545097,0.3252825820257104,3.6327442305982015e-06,1.8044491702434776e-06,0.555767099717754,0.2760594796317895,0.0486181248133022,0.0265087159408419,0.779924128677496,0.4252485520968444,1.6836908853354923e-06,1.3304821554814463e-06,0.1903065811826094,0.1503836081429463,0.0084290092191808,0.0211120499047818,0.235376199776312,0.589544268710422,5.081273262570846e-07,1.3871910976637994e-06,0.0441552802203581,0.1205442188825348,-0.0032087189157787,0.0092351085101205,-0.1840296570015301,0.529661181330654,-3.972810235404552e-07,1.0627960956211027e-06,-0.0243223749227505,0.0650665991387318,0.1598185872187374,0.0319870062776573,2.20438861642618,0.4411989477513887,4.758807792634415e-06,1.8368575884468468e-06,0.5768584177676594,0.2226622314471293,0.0585370787856789,0.0275895476759104,0.8654090484107843,0.407882400276779,1.868234708120708e-06,1.3704552461463577e-06,0.2193293421855024,0.1608904097142653,0.0632021829430969,0.0248147246975712,1.2523115115789696,0.4916881656351977,2.703475120357644e-06,1.3204949076304527e-06,0.276719462276317,0.1351618285763155,-0.0129059467081808,0.0124956333190171,-0.3992356008259714,0.3865428696258741,-8.618650423752716e-07,6.541908850339945e-07,-0.0712889256615444,0.0541112158849366,0.0345732319512067,0.0160778744480545,1.7391367484009352,0.8087650679650245,3.7544276218250937e-06,2.3785399335104687e-06,0.2451214993316773,0.1552916538683817,0.041525638912974,0.0201337925761001,1.419970812232588,0.6884758078622858,3.0654160143147115e-06,1.762031053050628e-06,0.2415545399632669,0.1388479078966989,0.0174470746568755,0.0193168992662711,0.6394134546662682,0.7079401868908293,1.3803581220240022e-06,1.709453528734088e-06,0.1051758471246146,0.130251142899888,0.0151282144695263,0.0130308444234724,0.7107501874338854,0.612212044921835,1.5343590079231445e-06,1.3522759061603355e-06,0.1035807313222702,0.0912887574461251,0.0258563188153705,0.0120692887983649,3.0735657877162663,1.4346881084506835,6.635177079380692e-06,3.370103826272703e-06,0.283482280868178,0.1439848112574458,0.0077698797194151,0.0170561884915918,0.4638897419274255,1.0183157479078244,1.0014396292729756e-06,2.373829739827294e-06,0.0601125971888615,0.1424919353838365,0.0138859950611322,0.0159020661879888,0.7637794943371167,0.8746706317053217,1.6488380417235576e-06,1.9855948846593886e-06,0.1030387887781811,0.1240833160942787,0.0116457648848212,0.0116789767806496,0.7047402042027264,0.7067500127880404,1.5213847279704515e-06,1.399524307177307e-06,0.0907193795466022,0.0834529060751683,0.0004713092884777,0.0087324040017713,0.0971648425978257,1.8002672153420805,2.0975830063678534e-07,3.924434952719318e-06,0.0068174677799996,0.1275501792474777,0.0187226775776552,0.0144073326394534,1.6175114879109602,1.2446951541954046,3.491864463456386e-06,2.8059790363330344e-06,0.1747114551355875,0.1403939602032669,0.0157103366627819,0.0155994391344307,1.118091755994422,1.110199269991663,2.41372311654048e-06,2.438136928408771e-06,0.1328891625757553,0.1342332815396194,-0.0159458994016387,0.0142610797851328,-1.1345079659284718,1.014637569914178,-2.449162234297461e-06,1.6635286963371845e-06,-0.1348607003823677,0.0916005652678017,0.0430564118247914,0.0178671487444607,2.449098737475952,1.0163041827642088,5.287085076553679e-06,2.4970714989443947e-06,0.3250017382724768,0.1534971663963819,0.0646478920976656,0.0283681813464711,1.1245775968220115,0.4934765878619805,2.427724672183675e-06,1.3965258540441629e-06,0.2642071613796705,0.1519826922376858,0.0872874992681363,0.031185510206458,0.8790234170694279,0.314051771153686,1.897625244427136e-06,8.534388369087402e-07,0.2652051729622049,0.1192734946058187,0.0706543904601195,0.0280640592061321,0.4928615951009681,0.1957655694892671,1.063983719558125e-06,3.78806118320476e-07,0.1741409572913132,0.0619987494729053,,,,,,
EUR,sleep_duration,SLP,ldsc,insample10,20000,8,0.182,0.3315,0.0634990915950976,0.0430773931745199,1.5343530757960289,1.040895689281049,6.147715353406668e-07,1.381369604950068e-06,0.643075311621966,1.4449671757755094,0.0039840808256918,0.0813703173779746,0.121972629695863,2.491152168845635,4.887095546034059e-08,9.963481219549503e-07,0.0468034002990971,0.9541961999689994,0.0751801748844571,0.1171705237861186,3.07427275846545,4.7913449247012005,1.231773451359795e-06,7.251778492912531e-07,1.048395597917432,0.6172184211836115,0.0230261486981796,0.0364886786863693,1.416546540935279,2.2447484489910154,5.675698153115707e-07,4.819537422115163e-07,0.4039667435185698,0.3430296652772074,0.0109199626278959,0.0164632562741208,2.6226856638028653,3.954037910289869,1.0508353766068792e-06,1.8635872832670176e-06,0.3920969344649853,0.6953580714387079,-0.0010085385202928,0.0354006838139798,-0.0786744171768633,2.761548627729794,-3.152259607180667e-08,9.972390714173682e-07,-0.0201297376033924,0.63681813483111,-0.024884920378834,0.0844523963014566,-1.182728176008034,4.013845618814453,-4.738854623000637e-07,6.81110866608655e-07,-0.378154006670678,0.5435169965857929,0.0312840002678045,0.0547429476695267,1.0706906541669736,1.8735699382931688,4.289952213219507e-07,3.060237569177895e-07,0.393032068687514,0.2803694406625071,,,,,,,,,,,,,,,,,,,,,,,,,,,,,,,,,,,,,,,,,,,,,,,,,,,,,,,,,,,,,,,,,,,,,,,,,,,,,,,,,,,,,,,,,,,,,,,,,,,,,,,,,,,,,,,,,,,,,,,,,,,,,,,,,,,,,,
EUR,sleep_duration,SLP,ldsc,insample10,20000,24,0.1205,0.3755,0.0441097410506747,0.0721104809008669,2.938014373266811,4.803057653558547,7.796951452814913e-07,1.6210366935625498e-06,0.9706069424315098,2.01795468168523,-0.0434482500649509,0.2220879000224847,-5.671357085791446,28.989424972885487,-1.5050741845189082e-06,1.2441574184008577e-06,-1.3842352491452992,1.1442668884700729,0.0056083085971412,0.0193308553822764,1.2743199190293557,4.3923570964100165,3.381811414686571e-07,1.0842299392871918e-06,0.2391222733105036,0.7666409982169021,-0.0041579251181258,0.0202456513204907,-1.940409342370756,9.448186258430813,-5.149490614721154e-07,9.151592898597866e-07,-0.2565269393987241,0.4558956006617624,-0.0179116876843512,0.1406765173726891,-2.0102863862599567,15.788578537345204,-5.334931477035424e-07,1.6788374859928165e-06,-0.5262116599357299,1.6559235372925891,0.0292887927785605,0.085175661509718,3.523322590621573,10.246285486645297,9.350252143639776e-07,1.2736807678320023e-06,0.8932009441365877,1.2167082201414343,0.0446446160841055,0.162408015299917,7.197968435237321,26.184742311504312,1.9102088457803085e-06,1.1382237047151615e-06,1.5909580588760384,0.9479938174407306,-0.0007560406649509,0.0304573116417807,-0.1903027659129659,7.666400653303682,-5.050286481444141e-08,8.172720074233699e-07,-0.0339906421680565,0.550059891856934,0.0039906995564734,0.015101035236918,1.6334405621121362,6.181032457292901,4.3348517555705097e-07,2.009925453325279e-06,0.2302886156387097,1.0677711171748416,0.0167145072424857,0.056999926467444,4.65068819333319,15.859808560146272,1.2342073747338122e-06,1.7240005815580556e-06,0.7913606851129744,1.105410897136469,0.0201558768193651,0.078430063868577,6.010649418623213,23.388494681676267,1.595116148624758e-06,1.2948467602796302e-06,0.9889563116732633,0.8027922464030288,0.0016264976961314,0.0145429197408788,0.6217893993643744,5.55957340252779,1.6501150589431449e-07,1.221064616856683e-06,0.0906414333182836,0.6707353311290768,0.0038745595547797,0.0129669752397216,3.7476472948077935,12.542238412372235,9.945568777935967e-07,2.4485049398220787e-06,0.3457511050015352,0.8512065095998391,-0.0058629803653963,0.0406483323563378,-2.848258906215256,19.747119628791573,-7.558756900196857e-07,1.8533440831119191e-06,-0.3691914612220672,0.9052266387526522,0.0046968349156561,0.0240190198246208,2.102116760524868,10.749959292035545,5.578632452957201e-07,1.8445267837201497e-06,0.2836684568263539,0.9379253261888753,0.0322985744224141,0.1341605707963507,15.903947565181529,66.06120305357123,4.220616080102928e-06,1.967431261537514e-06,2.047846589736311,0.95459935777479,0.0012708411001425,0.006652758959791,2.131841712684546,11.160033345889737,5.657517025828967e-07,3.0203045003874027e-06,0.1496202440801823,0.7987579966287804,0.0117613102369856,0.0472964675686333,8.267908702565837,33.24824087894724,2.1941513750503875e-06,2.262112095525773e-06,0.8932872598583633,0.9209555631767992,-0.0253404986114987,0.1102148364621897,-14.674646917651875,63.82525596538444,-3.894382227848312e-06,1.7597930634961197e-06,-1.7446215819081825,0.7883594312631069,0.0025240063423253,0.0152495561867024,1.4611995260221449,8.828283787721572,3.877755626703394e-07,1.513467474023652e-06,0.1737436114362954,0.6781121092764265,0.0079080623434327,0.0198817967982452,3.660151783278121,9.20205112777124,9.713371732903296e-07,2.1151657191922667e-06,0.485847470124459,1.057972392925586,-0.0180131277295501,0.1080413378893885,-2.5496744870636325,15.292749093922875,-6.766368598126176e-07,1.1190386283120937e-06,-0.5991855847371892,0.990947810668148,-0.0116298506156388,0.0924070423206323,-0.952978451845112,7.572059439171471,-2.529030079711009e-07,7.503720747275155e-07,-0.2875981496828551,0.8533137743066249,0.0171471321137888,0.0618077712238609,0.9732801572184334,3.508241313759157,2.582907083392625e-07,3.272509942930456e-07,0.3439816530585755,0.4358203154335957,,,,,,
EUR,vitamin_d,ViTD,ldsc,insample10,20000,8,0.4112,0.4188,0.1890688499133022,0.0417025895201537,2.022069415079468,0.446004356809618,1.8307061382913083e-06,1.798817001504457e-06,0.8475884024482224,0.8328242292479034,0.0263266154257896,0.0666491022023356,0.356736509089318,0.903122853775848,3.229759137209251e-07,1.124215071190708e-06,0.1369036394878233,0.4765344048103201,0.0586034864841041,0.0330666639954741,1.0606712598402157,0.5984773647947718,9.602921500211437e-07,8.572645896466219e-07,0.3617562224464095,0.3229442202363157,0.0189788908109329,0.0170242218048188,0.5167716165763631,0.4635484081062746,4.678657238499847e-07,5.135311751355034e-07,0.1473892586554502,0.1617750036845031,0.0136655829956171,0.0141532040721492,1.4526852816757536,1.504520608506678,1.3152070064146255e-06,2.018342658346342e-06,0.217205669829054,0.333328112542357,0.0279544895001772,0.0255287337778348,0.9651857283088264,0.8814315676916722,8.738431154880473e-07,1.255609421123185e-06,0.2469834699060806,0.354886095889842,-0.0018489684873069,0.0388193797770888,-0.0388952420883053,0.8166116321143254,-3.521429972204424e-08,7.297000026684483e-07,-0.0124374875449181,0.2577258320157411,0.0784510533573834,0.0671570168860193,1.188389462108543,1.0173055396773665,1.0759234409751031e-06,4.783939539218531e-07,0.436289925069809,0.1939900687740892,,,,,,,,,,,,,,,,,,,,,,,,,,,,,,,,,,,,,,,,,,,,,,,,,,,,,,,,,,,,,,,,,,,,,,,,,,,,,,,,,,,,,,,,,,,,,,,,,,,,,,,,,,,,,,,,,,,,,,,,,,,,,,,,,,,,,,
EUR,vitamin_d,ViTD,ldsc,insample10,20000,24,0.2972,0.4122,0.0459898373546215,0.049751852138878,1.2419940731323562,1.343590432977135,8.127845718546934e-07,1.8570179667279468e-06,0.4102345712170525,0.9372876844655412,-0.0019165824548176,0.0382750827655659,-0.1014332762482693,2.025671806514786,-6.637986749755018e-08,1.2362894274473749e-06,-0.0247529303921479,0.4610100516287217,0.0174954180902661,0.0224032636368501,1.61179252068181,2.063935401968356,1.0547877177360363e-06,1.251560736762193e-06,0.3023945440010113,0.3588069257149665,-0.0098831183105403,0.0184664985579508,-1.8700315313341027,3.4941334801055985,-1.2237842437660246e-06,9.806273160061543e-07,-0.2471791348739122,0.1980664588867434,0.0806984212380024,0.0592706820870254,3.672186280451637,2.6971157831088832,2.4031486287209446e-06,1.941264432437862e-06,0.961059984374916,0.776344643360365,0.0142990911928833,0.0310484435428466,0.6974251664764379,1.5143595921313724,4.56408309506346e-07,1.4187963880601566e-06,0.176773693263371,0.5495208397441276,-0.0039813562313825,0.0305467988610078,-0.2602616176328828,1.9968470096712547,-1.7032015855313154e-07,1.1413907087361413e-06,-0.0575151389758464,0.3854343830840221,0.0289316535137584,0.0380921443279725,2.952646413273731,3.88752869829604,1.932268037961271e-06,7.852934253554298e-07,0.527289310374772,0.2142957501560694,0.0029630136100829,0.01827865608351,0.4917294183929119,3.033449760190873,3.2179709504479124e-07,2.2415782430074435e-06,0.0693136198641277,0.4828256830904298,-0.0120981965150585,0.037203347373683,-1.3648424503344685,4.197047694417961,-8.93178889208752e-07,1.7578826039229157e-06,-0.2322004329116235,0.4569981518487434,0.0130223610132842,0.0203372883804464,1.5745181633965497,2.4589573209175546,1.0303946685398745e-06,1.6093196905235338e-06,0.2590160281774693,0.4045436249179009,0.0036059223761712,0.0112959547621676,0.5589133415302902,1.7508584942423648,3.657635336808583e-07,1.1387150779320513e-06,0.0814612712232461,0.2536096938804189,0.0120215354903706,0.0150172109494788,4.714488221842642,5.889302926648171,3.0852508669709363e-06,2.8852178053385388e-06,0.4348732324272936,0.4066781105862572,-0.0010612181357238,0.0174475843690028,-0.2090277420953339,3.4366442137579645,-1.367917347916394e-07,2.109953677077242e-06,-0.0270893989411221,0.4178423279205793,0.0285433133090167,0.036608000988034,5.179575471018743,6.643023600933979,3.3896128191526435e-06,1.843706709342005e-06,0.6988301479179891,0.3801135708263441,-0.0060462266788983,0.0138355457668808,-1.207102774663418,2.7622063430852783,-7.899510417268019e-07,1.268529580520853e-06,-0.1554032109506649,0.2495516298933088,0.006854054976844,0.0105330326689788,4.661755900146487,7.163996693481092,3.0507418315094235e-06,3.74714545792489e-06,0.3271208215123247,0.4017938482575856,0.0260181662746308,0.032379481298554,7.4157468017430785,9.228860802384084,4.85300591977562e-06,2.4262478677461427e-06,0.8010758082229248,0.4004957965709121,-0.0118513389277792,0.0215423797569915,-2.782647310975482,5.058065208336589,-1.821017388247068e-06,1.8990316926304288e-06,-0.3307615363825787,0.3449317092453968,-0.0102535952963745,0.0204505169926659,-2.4067639331866806,4.800225217624167,-1.57503214814616e-06,1.7037222612531492e-06,-0.2861251756555167,0.3095034167036155,0.0032798807184838,0.0158337781192678,0.6154960961361446,2.9713362942052752,4.027923657594938e-07,2.2715604001895824e-06,0.0816863345100593,0.4606726901583957,-0.0049309869992514,0.0411624008499005,-0.2829877974841195,2.3622972758678933,-1.8519260340602402e-07,1.3030195244347316e-06,-0.0664917223935154,0.4678373266457709,-0.0056133168980796,0.0416628204628466,-0.1864948086726899,1.3841904656480923,-1.2204575408147034e-07,7.690104092561152e-07,-0.0562720853587256,0.3545704618492638,0.0811132672894899,0.1027108677973998,1.866708532120646,2.3637471361453226,1.2216096098032624e-06,5.136012878585173e-07,0.6596251078689468,0.2773261622916219,,,,,,
EUR,white_blood_cell_count,WBC,ldsc,insample10,20000,8,0.1852,0.3551,0.0082056412852904,0.1641772181095452,0.1948501431018796,3.898531916092787,7.94505103275922e-08,1.527898372844515e-06,0.0816723745846561,1.5706266419148078,0.0110871722847867,0.0746656316413501,0.3335688199050958,2.246391234332016,1.3601331027494073e-07,1.0606333923229074e-06,0.1280083773182326,0.9982108310307204,-0.0164726639355472,0.0865785030967459,-0.6619623805179102,3.479201192705894,-2.699163988928495e-07,7.860290062196914e-07,-0.2257636542630324,0.6574509052758353,0.0122729798811678,0.0239920108508388,0.7419761933030214,1.4504628096152514,3.025421807261715e-07,3.877198125796812e-07,0.2116131545721326,0.2711906565662066,-0.0077691476368355,0.0355236062603323,-1.833702471321736,8.384410701759245,-7.476956127217418e-07,1.8882915115818392e-06,-0.2741662550338122,0.6924018321546522,0.0194663323469622,0.0293490671161607,1.4922980907748375,2.2499131342686542,6.08487337938263e-07,1.0165029375547904e-06,0.3818546537399245,0.637903787054617,0.058333924253012,0.1135511980362785,2.7245845310800627,5.303600634056063,1.110954439031594e-06,7.115888680740283e-07,0.8712082407140186,0.5580265617434774,0.1000757615211633,0.1947904611491727,3.3658986902478767,6.55148607503855,1.372451487045319e-06,4.541688165539763e-07,1.2356712450965297,0.4089057808837056,,,,,,,,,,,,,,,,,,,,,,,,,,,,,,,,,,,,,,,,,,,,,,,,,,,,,,,,,,,,,,,,,,,,,,,,,,,,,,,,,,,,,,,,,,,,,,,,,,,,,,,,,,,,,,,,,,,,,,,,,,,,,,,,,,,,,,
EUR,white_blood_cell_count,WBC,ldsc,insample10,20000,24,0.1669,0.3566,0.0071754018446932,0.0900169910011722,0.3450613729853405,4.328870658281791,1.2681491637151246e-07,1.6053782114463353e-06,0.113977627611181,1.442868119892859,0.0107296664479845,0.0251007398279655,1.0111873660505308,2.365548930677873,3.716256043155426e-07,1.2773508055200217e-06,0.2467677130518915,0.8481895041212697,0.0202820965193825,0.0419611101274976,3.327285936326388,6.883736672214384,1.2228244619465602e-06,1.262993917690099e-06,0.6242599501660689,0.6447667221689302,0.0039875853861341,0.0115764803214876,1.343561031749937,3.900532863535638,4.937776094939198e-07,9.234626315488312e-07,0.1775950315854861,0.3321381368143027,-0.019783465495095,0.1103447200737838,-1.6030774445264124,8.941362266217762,-5.891535476887805e-07,1.6193191636697272e-06,-0.4195568623382236,1.1531738544198964,0.0045704192896374,0.0343777863142958,0.3969517229313021,2.9857920342153568,1.458853510943384e-07,1.2607001343472104e-06,0.100616277609917,0.8694975454959257,-0.026627894626844,0.0893857542157281,-3.099619504790033,10.40494680860455,-1.139153840613033e-06,9.78985798782184e-07,-0.6850006252775794,0.588687726271266,-0.0049616737656659,0.0191751584010062,-0.901693337940642,3.484733862147251,-3.313850062509035e-07,6.44244764203266e-07,-0.1610300470614053,0.3130581128953328,0.0025238922189595,0.0188527445387557,0.7458574261189941,5.5713391448830905,2.741131129805425e-07,2.20428428467534e-06,0.1051377651146106,0.8454667522034017,-0.0277710960635445,0.0878610720504246,-5.578884577344753,17.650249694484945,-2.0503186867930074e-06,1.6839851433401592e-06,-0.9491577839527832,0.7795703259000345,-0.0042421848491854,0.02414288558976,-0.9133558210565268,5.198039659856658,-3.3567113311647986e-07,1.3386837857515204e-06,-0.1502551960950038,0.5992299453033352,0.0123464738456748,0.0295849149406613,3.4077169322111853,8.165652545130309,1.2523839861800693e-06,1.1419843751128098e-06,0.4966846664894487,0.4529011347543004,0.0114837700455898,0.0254082430804513,8.019578965271947,17.74359909189889,2.9473082629243127e-06,2.868073775092909e-06,0.7397589421642543,0.7198715005829218,0.0213006386089405,0.0461489399015415,7.471096717193744,16.186519086599674,2.745733308824041e-06,1.7897348483065435e-06,0.9682563020823568,0.6311326888012323,-0.0139224386737184,0.0429723367293936,-4.498809078361513,13.885810031366477,-1.6533757230139289e-06,1.7060588493714536e-06,-0.6069956291834385,0.6263369240782511,0.0015453098451017,0.0096119735099124,0.5493736975790682,3.417156400647307,2.019025743520643e-07,1.160842448312199e-06,0.0707284493437993,0.4066544795927804,0.0083983062682425,0.0192439996952803,10.171526205580944,23.3071813469,3.738179193955142e-06,3.4740258184369834e-06,0.7137651105746755,0.6633278646581934,0.000600354756154,0.0124728140847737,0.3047043345528364,6.330457911333118,1.1198313613038609e-07,2.30149724253172e-06,0.0329160633788391,0.6764967629875248,-0.0067976024644563,0.0257341154585054,-2.84209753225802,10.759509168400715,-1.044510887309008e-06,1.993330445286132e-06,-0.337836327493163,0.6447222765199899,0.0093711178507853,0.0259952943137483,3.916888335122108,10.865370245776356,1.439511650804697e-06,2.004147685206764e-06,0.4656657562263067,0.6483191344087484,-0.0166692582185366,0.0562567816750612,-5.570266779504931,18.79899381113337,-2.047151524664982e-06,2.027924285121745e-06,-0.739282856729416,0.732339370424038,0.0153073604326829,0.026480670776186,1.5643237117410702,2.706171412123469,5.749110048630267e-07,1.0671412920053685e-06,0.3675674423703069,0.6822732423492421,0.066643025453373,0.1554339836134873,3.942705689699668,9.195717742351738,1.4489998923698462e-06,7.313534459304385e-07,1.1896827274424853,0.6004683415510588,0.0914101953437097,0.2090558642091998,3.746034066625516,8.567210541568873,1.3767202998526686e-06,4.768179259533351e-07,1.3237407011270623,0.4584687940455054,,,,,,
EUR,whr,WHR,ldsc,insample10,20000,8,0.7095,0.3314,0.2025423291759029,0.0605962613138623,1.2554302357309544,0.3755974315848223,1.961078749217384e-06,1.4247445580244332e-06,0.5262136477896642,0.3822998088912563,0.0965881744934716,0.043766546333833,0.7585377392567003,0.343712646866343,1.184894388073749e-06,9.75781892261602e-07,0.2910886064031509,0.2397167157096708,0.0984983954196624,0.0309428475300006,1.0332066887096536,0.3245774400639399,1.613948448197155e-06,7.647358277228398e-07,0.3523733019955056,0.1669647435579337,0.0317335871248017,0.0151856700102034,0.5007808329332983,0.2396417539073728,7.82258242258342e-07,4.61789659965421e-07,0.1428221145568982,0.0843120240272151,0.0121348132801398,0.0180011301230492,0.747613571582618,1.1090314183772287,1.1678299965458065e-06,1.9980051446571284e-06,0.111778268088095,0.1912380700628096,0.1014950282958216,0.034424693776866,2.030976045507161,0.6888586525731603,3.1725410537803954e-06,9.893819551156038e-07,0.5196876253956364,0.1620686856835584,0.0785799131969366,0.0310724409309402,0.958030246150656,0.3788288510699308,1.4965170531675663e-06,6.746311018508785e-07,0.3063345480410445,0.1380958628185979,0.0879277590132627,0.0361793786698879,0.7719456489445403,0.3176302257575367,1.2058385759799288e-06,3.097052370679436e-07,0.2833894603468436,0.0727851984068028,,,,,,,,,,,,,,,,,,,,,,,,,,,,,,,,,,,,,,,,,,,,,,,,,,,,,,,,,,,,,,,,,,,,,,,,,,,,,,,,,,,,,,,,,,,,,,,,,,,,,,,,,,,,,,,,,,,,,,,,,,,,,,,,,,,,,,
EUR,whr,WHR,ldsc,insample10,20000,24,0.7103,0.3302,0.1144653737493123,0.0381220553631017,1.293417613453815,0.430765534175295,2.022695166837261e-06,1.4636720125744082e-06,0.4271635943454887,0.3091060917556852,0.045453724282617,0.0231087353763929,1.006536222905699,0.5117243875828498,1.5740592459395084e-06,1.1404317591282448e-06,0.245594312147427,0.177937110154331,0.0179408255067401,0.015599531500917,0.6915669393814067,0.6013168263533982,1.0814984203716797e-06,1.0827159657531885e-06,0.1297304028938905,0.129876452716904,0.0054550019714535,0.0078579210021874,0.4318737795013335,0.6221134401044668,6.753804783502594e-07,1.00983880543952e-06,0.0570771716419279,0.0853426249001808,0.0587264641172676,0.0320438759468697,1.1181511345212352,0.6101149930107039,1.7486068475210712e-06,1.56363256142798e-06,0.2925964336895459,0.2616444695520178,0.0154219139481141,0.0329397460371203,0.3147273208542577,0.6722277179578136,4.921824352334587e-07,1.2210419506097474e-06,0.0797622128274015,0.1978798936405022,0.0176660694219469,0.0196063495490973,0.4831989814645258,0.5362691556386504,7.55644761802127e-07,1.0311281816186138e-06,0.1067679212923925,0.1456920210428885,0.0081731781519361,0.0101889716256675,0.3490086113165252,0.4350864219172004,5.457928081012076e-07,7.145810229636854e-07,0.062318414565735,0.0815905885326367,0.0257797295078592,0.0137803497409969,1.7901024693363654,0.9568850632105002,2.7994296468573685e-06,2.083900235355653e-06,0.2522975359157027,0.1878107188957593,0.0178218707859552,0.0158193242986631,0.8412443649862341,0.7467183206505834,1.3155696145524127e-06,1.3792595175969364e-06,0.143101899956528,0.1500298086227822,0.0437174780594435,0.0205500280817983,2.211668513765991,1.0396265311489663,3.4586905009704807e-06,1.335045684246329e-06,0.3637824371464103,0.1404190899939305,0.0100550639422982,0.0113387529604995,0.6521086036610965,0.7353606503907923,1.0197919891906546e-06,1.2244458197405348e-06,0.0950318896675374,0.1141030732530157,0.0030571265451535,0.0096252683549472,0.5016433029051364,1.5794084208187462,7.844886861815813e-07,2.6251905573445898e-06,0.0462664170763937,0.1548246180863366,0.0136972492500424,0.0136903241498432,1.1288587801773926,1.1282880480529502,1.76535186698859e-06,2.015469288764321e-06,0.1462775855690338,0.1670023902101145,0.0237288968644307,0.0153598842272076,1.8016661541030323,1.1662313550101489,2.8175133725195763e-06,1.6784225347578873e-06,0.2430493787690058,0.1447870872108771,0.0119807280807399,0.0102516558029532,1.0008062865533138,0.8563687871081921,1.565098555714093e-06,1.2250990339667646e-06,0.1288274744530696,0.1008411987376882,0.0060624043190755,0.0071842201415726,1.7252571395454526,2.044506839029873,2.698022078415645e-06,3.466175309552968e-06,0.1210473317691961,0.1555106891163908,0.0236850753076606,0.0135132040303791,2.824619601991812,1.6115490659883216,4.417246493069067e-06,2.126022521201037e-06,0.3050853970554233,0.146837724824076,0.0334571535194069,0.0190027865602906,3.2869017753300565,1.8668740855377108,5.140180762712582e-06,1.776883648256026e-06,0.3906486161263266,0.1350413867239961,0.0015712884606199,0.0082399038420792,0.154319296261675,0.8092569849789482,2.413303263009596e-07,1.2836362277645293e-06,0.0183436409097516,0.0975698428862031,0.006887304426154,0.0163418999412996,0.5407836130922716,1.283148115464285,8.456977770587536e-07,2.1753793487217377e-06,0.071761309864078,0.1845908500060908,0.0803729155550131,0.0297193861344128,1.9299700287685737,0.7136424517729169,3.0181598029323248e-06,1.099135615182538e-06,0.4534121640977785,0.1651209645800296,0.0439697142994061,0.026223625905793,0.6112344454208082,0.3645414506972729,9.558714414408812e-07,7.292147419255949e-07,0.1844067489774523,0.1406801312760505,0.0811534499273518,0.0347691186484589,0.7814453197755318,0.3347998768367961,1.2220536159522517e-06,3.224967083505112e-07,0.276097191265383,0.072861316562224,,,,,,
EUR,chronic_ischaemic_heart_disease_i25,CIHD,ldsc,insample10,20000,8,-1.245043210458368,0.8462511702981492,-0.649308711448596,-0.1232166188640961,2.293485449247165,0.4352252133500148,-6.286532985984571e-06,3.6815535843971943e-06,2.6732746382636776,1.5655376100816518,-0.3618940013261298,-0.1142209706111763,1.6195807075638773,0.511171999876211,-4.439333829175428e-06,2.453836553005314e-06,1.7283379819096765,0.9553367868136076,-0.1651827869272608,-0.0722985774553281,0.9873947595633432,0.432171159182048,-2.706487511495134e-06,1.964245313810556e-06,0.9364501647199884,0.679632859880524,-0.0349878962363085,-0.0375447119937544,0.3146402920720157,0.3376333080356982,-8.624413010685646e-07,1.0557731026568867e-06,0.249539995231188,0.3054788942456631,-0.000592933173034,-0.0510767317752863,0.020816983719793,1.7932265256561162,-5.70601635454628e-08,4.985111770968851e-06,0.0086551792694411,0.756167409537114,0.0484807422094462,-0.108216771000856,-0.552837211327305,1.2340210807932304,1.5153483384992185e-06,2.560538593788987e-06,-0.3933805720170075,0.6647093022149081,-0.0257420103229919,-0.0871304828927152,0.178845538788777,0.605348920397091,-4.902225908435069e-07,1.8703929638558132e-06,0.1590277575445007,0.6067537570171976,-0.0558156132334927,-0.0508510686483024,0.2792443502848956,0.2544068371440385,-7.65419645366427e-07,7.947069028216416e-07,0.2850751956308844,0.2959830299137901,,,,,,,,,,,,,,,,,,,,,,,,,,,,,,,,,,,,,,,,,,,,,,,,,,,,,,,,,,,,,,,,,,,,,,,,,,,,,,,,,,,,,,,,,,,,,,,,,,,,,,,,,,,,,,,,,,,,,,,,,,,,,,,,,0.109145129224652,0.109145129224652,2.780976570154943,1098.0,8962.0,10060.0
EUR,chronic_ischaemic_heart_disease_i25,CIHD,ldsc,insample10,20000,24,-1.028961330957329,0.8924153813627214,-0.2586622163266884,-0.0746265132376297,2.0176247432583283,0.5821039568499267,-4.570614115407541e-06,4.174384093525504e-06,1.853012899463494,1.6923737986417764,-0.0956768784976838,-0.058389998161612,1.4625465375179234,0.8925676817415298,-3.313171030022385e-06,3.0807293042027373e-06,0.9923872495150126,0.922764461295376,-0.0520152458047685,-0.0460842276098554,1.384092824172768,1.226272177617931,-3.1354463808676465e-06,2.891117161565654e-06,0.7220301723285819,0.6657660724562352,0.0034871539556482,-0.0244929690853283,-0.1905793352622697,1.338585513071585,4.317277545119741e-07,2.8596201034549874e-06,-0.070042880913313,0.4639405928164815,-0.2573688684588949,-0.1243601672958787,3.38271515850092,1.6345217879087293,-7.663013503134753e-06,4.117817853805776e-06,2.4615946260153585,1.3227692076611688,-0.1922947505479588,-0.1230195068806565,2.708983492183351,1.7330572592678208,-6.13677951222168e-06,2.953478112245986e-06,1.90920117820931,0.918850657822323,-0.0271670912643308,-0.0585489555746864,0.5129463924966701,1.1054726195849474,-1.1620000348560748e-06,2.973500275616084e-06,0.3151877593883412,0.8065497945773569,-0.0321737018120657,-0.0310019095569305,0.948394377065432,0.9138530864066672,-2.1484395159568096e-06,1.6130445339692078e-06,0.4709250684725006,0.3535696965014829,-0.0381575387110701,-0.035429541548083,1.8290376678169329,1.6982742659481067,-4.143399514736127e-06,4.97656451898331e-06,0.7168699119453645,0.8610198837514683,-0.0459867400595868,-0.0481692103769646,1.498456922294422,1.5695717208328548,-3.3945204048739823e-06,4.258010651064307e-06,0.7088430408990324,0.8891568934884461,0.0109948703158184,-0.0569125867056628,-0.3839704531673024,1.9875406512850724,8.698251639755996e-07,4.019051209434639e-06,-0.1756313684696831,0.811509591923627,0.0136079311418952,-0.0343028504678644,-0.6092141151387892,1.5357059406465865,1.3800795431672354e-06,2.899182826881173e-06,-0.2468891349474952,0.5186489023238788,-0.0056716282947598,-0.0221524153702913,0.6424393347740481,2.509258762122528,-1.455346095265118e-06,6.094836383901846e-06,0.1647728143268602,0.690051216754944,0.0180264947364212,-0.0523678091134727,-1.0255581807374834,2.979294412413473,2.323242075967275e-06,5.475581975409742e-06,-0.3695566803597437,0.8709974387957734,-0.0976237723415016,-0.082430148188952,5.116760830118212,4.320416465762457,-1.1591223468807537e-05,4.187200909074056e-06,1.9195432362792408,0.6934137026677707,-0.0155850812242745,-0.0265870152031137,0.8987080752976181,1.533130621345934,-2.03588295014288e-06,2.91094509992006e-06,0.3217063980450623,0.4599820745767749,-0.0161322932363171,-0.0192443607225338,3.169186550650666,3.780551734605567,-7.179297751558675e-06,9.42998311258806e-06,0.618346315891075,0.8121957771312565,0.0500116376304126,-0.0661884112829062,-4.117172233087183,5.448913532885787,9.326811433588216e-06,6.720433331218915e-06,-1.236639382237045,0.8910604210517942,0.0648983938672775,-0.0712182267503363,-4.401233869012338,4.829827873793101,9.970308757430778e-06,5.063747752832136e-06,-1.4546435863503735,0.7387883736362336,0.0121853042788379,-0.0323036173147432,-0.8261206006280651,2.190071181469071,1.8714473496007e-06,4.291889691606732e-06,-0.2730809116758742,0.6262709715271036,0.0231204268392822,-0.0582622245655376,-1.2531782584451188,3.1579414005509565,2.83887985429892e-06,5.58532723033849e-06,-0.462447325169105,0.909837601599406,0.0185213263006664,-0.0862155421187656,-0.3070122366842521,1.4291215430870672,6.954883296711331e-07,2.738361791726635e-06,-0.2005768811308476,0.7897358505672215,-0.0529000403202288,-0.0716523874924754,0.5076366160802119,0.6875869148787641,-1.1499715646859832e-06,2.078316944439458e-06,0.4258969376677503,0.7697136601646878,-0.0563990231234586,-0.0556407436254286,0.3748918075189364,0.3698514228477555,-8.492589084873798e-07,8.503509782555117e-07,0.3683425836064548,0.3688162386907314,0.109145129224652,0.109145129224652,2.780976570154943,1098.0,8962.0,10060.0
EUR,dyslipidaemia_e78,DYSLIP,ldsc,insample10,20000,8,-0.1901329888368915,0.5807968643376922,-0.0957471121593482,-0.1013341391390365,2.214610693503094,2.343837459878209,-9.272164864072978e-07,2.529724094391088e-06,1.7238547198051872,4.703191631997558,-0.2252512656691268,-0.7147691393722705,6.601086130209186,20.94661993661126,-2.763752521416224e-06,1.6740496508244048e-06,4.70432328634613,2.8494847834050447,0.0168752026597414,-0.1575306473087494,-0.6605443390823245,6.166206084150406,2.7655768257460004e-07,1.2387099843115274e-06,-0.4183613040210447,1.8738525703427855,0.0005508646897658,-0.0345758814162687,-0.0324390697028977,2.036088803909863,1.3581637766168535e-08,7.528336481182033e-07,-0.0171810577415444,0.9523504161122456,-0.0095350519760084,-0.0314704436087861,2.192108609407878,7.235055514147708,-9.177952804983691e-07,3.551619919139732e-06,0.608661754236177,2.355356642485567,-0.0189544491260937,-0.0562371675367882,1.415357412457617,4.199314440599496,-5.925839384951216e-07,1.7511672483554091e-06,0.6725699264858772,1.987536871960916,0.0399032914236931,-0.2226790847575101,-1.815395774536493,10.13076002312952,7.600725926423557e-07,1.2495867546743014e-06,-1.078007604537675,1.77228338070374,0.1020255313204854,-0.4348174124205487,-3.342446840225206,14.245003847660907,1.3994205953618368e-06,7.943359349820157e-07,-2.2787423581331216,1.2934545537131938,,,,,,,,,,,,,,,,,,,,,,,,,,,,,,,,,,,,,,,,,,,,,,,,,,,,,,,,,,,,,,,,,,,,,,,,,,,,,,,,,,,,,,,,,,,,,,,,,,,,,,,,,,,,,,,,,,,,,,,,,,,,,,,,,0.25,0.25,1.856767469110269,2515.0,7545.0,10060.0
EUR,dyslipidaemia_e78,DYSLIP,ldsc,insample10,20000,24,-0.2114858147316596,0.5800541573500481,-0.0549797989104101,-0.0590147589308406,2.0865479004698924,2.2396793692267787,-9.717147665061106e-07,2.6038709752447743e-06,1.2797368880079014,3.4292673668172484,-0.0884204664165849,-0.2383064946189423,6.576174200450061,17.723781441383935,-3.0625539803111017e-06,1.940289928738698e-06,2.9798820400231127,1.8879128819466031,-0.0108887460916569,-0.030730810088399,1.4097115048443385,3.978564305764841,-6.565090048794497e-07,2.040351401218171e-06,0.4911053388066585,1.5262966063411203,-0.0039984828698403,-0.0163673430503563,1.063206779635837,4.352118206388407,-4.951401917918533e-07,1.7491975592521906e-06,0.2609517490447618,0.9218725728158464,-0.0553463542267786,-0.1025826677903939,3.5392907908026623,6.55996038905926,-1.6482636816569272e-06,2.796311777290937e-06,1.719973016580569,2.9179680753822126,-0.0942723777278817,-0.2470964261056393,6.461616847724627,16.936482015394454,-3.0092041045521566e-06,2.138942575112417e-06,3.041170852192532,2.1616645424965637,0.0055126167762981,-0.0602918638601853,-0.5064125406121627,5.538668330248528,2.3583860382303961e-07,1.8409812830010425e-06,-0.2078050497840406,1.6221483716574865,0.0001134185799444,-0.0200506054355246,-0.0162663440830388,2.875631552142921,7.575309792312274e-09,1.2705939629054436e-06,-0.0053939519812347,0.904718488280696,-0.0095708054640826,-0.0253307229785832,2.2320740390025224,5.907553900436472,-1.0394869454687526e-06,3.527066524395679e-06,0.5842255976314898,1.982326528566328,-0.0611312062031979,-0.1769085477117361,9.691531567108212,28.04647382452383,-4.513389954622344e-06,2.614256714830149e-06,3.061628657667172,1.7733640029099902,0.0321999159244,-0.1179489641321971,-5.47117043830122,20.04101151392528,2.547948745280059e-06,2.4035273667212696e-06,-1.6712399362065409,1.57651166667735,0.002593456467998,-0.0234365822233762,-0.564903971554588,5.104931793156531,2.630783269791806e-07,1.940234941023933e-06,-0.1528836106612782,1.1275353873539935,0.0132726816740022,-0.0581575274522332,-7.314773000128178,32.05148153255828,3.4065227720217e-06,5.091723046544161e-06,-1.2528773875840535,1.8726734255969129,0.0216227652717055,-0.0907226702964881,-5.985191662966561,25.11207808425584,2.787330747577913e-06,3.639930618124131e-06,-1.4403004565009796,1.8808653172831025,-0.0071325311332074,-0.0273147362937718,1.818867317254517,6.965533019948564,-8.470547118010301e-07,3.16272096248332e-06,0.4556780221292674,1.701404186356383,-0.0015181081815086,-0.016125052085582,0.4259220323975923,4.524061618575087,-1.98353811176743e-07,1.90176782554956e-06,0.1018182063811366,0.9762080587313378,-0.0067709901790765,-0.0197343247235467,6.471749395803599,18.862175358172504,-3.013922877885112e-06,5.9783453365019375e-06,0.843256984900765,1.6726643870501658,-0.0146442731070752,-0.0464491174314639,5.86561549236983,18.60472423730387,-2.731643585704022e-06,3.641745043200192e-06,1.1765541233443977,1.5685465589911196,0.0082751617500637,-0.0404501959201158,-2.730453597082647,13.346854875909573,1.2715845531020046e-06,3.585254271570712e-06,-0.6026584251928236,1.6992056784188714,0.0297056901673917,-0.1022533907762505,-9.798611345389444,33.72893305352489,4.56325749024261e-06,2.9185810296513446e-06,-2.1630507346634897,1.3834500581790805,-0.0052193235539069,-0.0275605625863698,1.3764138552274603,7.2681334678603635,-6.410021392976053e-07,3.821148242094499e-06,0.3391975742905985,2.022027907962212,-0.0131025079023549,-0.0436913401276622,1.0567100655134305,3.5236825829636333,-4.92114642728211e-07,1.86501803055706e-06,0.4610365052897661,1.747237981669465,0.0267096370707434,-0.1451836984466328,-1.247046752067066,6.778484451938616,5.807552959767471e-07,1.2999992563807446e-06,-0.6986965431124067,1.5640063771683508,0.0755048135533559,-0.2778882518169855,-2.4418940632346824,8.987157777365315,1.1372010769340044e-06,8.187872975106362e-07,-1.6022381972281123,1.1536150554954614,0.25,0.25,1.856767469110269,2515.0,7545.0,10060.0
EUR,hypertension_i10,HTN,ldsc,insample10,20000,8,0.6364846077705937,0.560524877083433,0.1599210082057159,0.114079172264226,1.1049606125612583,0.7882203437800437,1.5485105743541812e-06,2.383339396967516e-06,0.7453961777568643,1.147252144234051,0.0839254329166876,0.0674504395102827,0.7347021646497152,0.5904763573155877,1.0296240952189753e-06,1.575792438988284e-06,0.4537641422008545,0.6944652011198712,0.0454916025364282,0.0529534368754503,0.5319291415407219,0.6191796869814277,7.454545357717758e-07,1.3153663226852253e-06,0.2919714663796451,0.5151882718953436,0.0681576764747503,0.0538713189125488,1.1989685800949716,0.9476558193463378,1.68025493713474e-06,6.088729958844964e-07,0.5503340740722572,0.199424235580047,0.030701933559019,0.0233545332544246,2.108503373773388,1.603909150060402,2.95489244886414e-06,3.00448707546278e-06,0.5073706492696564,0.5158863087507014,0.0498857678646186,0.0386828489309401,1.1127591854017638,0.8628652481049982,1.559439626820949e-06,1.693096020903342e-06,0.4582575224491006,0.4975338412999556,0.0526259666197745,0.0422306375106722,0.7152078226995731,0.5739311645037527,1.0023043932253464e-06,1.1219097070605853e-06,0.3680610447760539,0.4119818906473423,0.1457752195935993,0.1127550786502739,1.4266220022541445,1.1034720202571409,1.999292310497994e-06,5.290447032700831e-07,0.8429013094769847,0.2230451599381887,,,,,,,,,,,,,,,,,,,,,,,,,,,,,,,,,,,,,,,,,,,,,,,,,,,,,,,,,,,,,,,,,,,,,,,,,,,,,,,,,,,,,,,,,,,,,,,,,,,,,,,,,,,,,,,,,,,,,,,,,,,,,,,,,0.3982107355864811,0.3982107355864811,1.6093163281178096,4006.0,6054.0,10060.0
EUR,hypertension_i10,HTN,ldsc,insample10,20000,24,0.6662569598407732,0.5706635699505753,0.070211630790913,0.0902583083730358,0.8458118325027858,1.0873062531611124,1.240543729259672e-06,2.5371087196332437e-06,0.4494872185529205,0.9192726662161852,-0.0112223400576538,0.0630746635565715,-0.2649374890166495,1.4890693828022836,-3.885811571976622e-07,1.8677157119918411e-06,-0.1040208601469548,0.4999763659990008,-0.0275062849815319,0.0472930392346272,-1.1303782574114136,1.94352030140096,-1.6579144498059337e-06,1.7000307745796408e-06,-0.3412082062681043,0.3498759850140605,0.0036356227183831,0.0108732651551431,0.3068603598443543,0.917744858760854,4.50069011256149e-07,1.4061518580448894e-06,0.0652581151406473,0.2038861098243961,0.0921988731871854,0.0395184992999263,1.871510745359617,0.802171366347872,2.7449260345862107e-06,2.605931527291929e-06,0.7880412905626984,0.7481373333962082,0.0712204264341737,0.0425740163104863,1.5495328756670506,0.9262769296004876,2.2726843232996924e-06,1.9286596900166306e-06,0.6319048272823131,0.5362510559921737,0.0437075523086828,0.0336259710802016,1.2745081569089882,0.9805301867061766,1.8693083274388216e-06,1.825473216120488e-06,0.4531536948901732,0.4425272817039434,0.0324329925606556,0.029090660846903,1.4764959351267,1.3243379379893214,2.165561775340604e-06,9.650834990691165e-07,0.424229278017455,0.1890579528594868,0.003517036216838,0.0292066475147695,0.2603613002875442,2.1621275003024487,3.818693070985663e-07,3.404028869433876e-06,0.0590472502731606,0.5263542810437116,0.025360681584688,0.0263927925060349,1.276232661024044,1.328171867122422,1.871837640323562e-06,2.353039890913277e-06,0.3493342885734014,0.4391393241429502,0.0063746483358859,0.0268423518816842,0.3438121512719983,1.447723271837425,5.042658330301268e-07,2.3004952450518383e-06,0.0909978316304038,0.4151383362974447,0.0109578878827341,0.0179622452737018,0.7576384412696927,1.2419261500488852,1.1112207009235638e-06,1.7699302932365652e-06,0.177664053201437,0.2829797802714315,0.0033239814662127,0.0162517322305072,0.5814873242791623,2.8430291762084234,8.52861624841509e-07,4.520154269478913e-06,0.086297701954498,0.4573765715022446,0.0060165940529865,0.0229938420776161,0.5286363497587063,2.0203092706255394,7.753456307313198e-07,3.193742289697481e-06,0.1102258152318822,0.4540334446592539,0.0400203537082432,0.0335182985073218,3.239498251661349,2.713181152888388,4.751339585962722e-06,2.836468397914902e-06,0.703211677818272,0.4198053338618794,0.0195332420447598,0.0239236305236865,1.7395671621008009,2.130560915687932,2.551405704723437e-06,2.312992298563023e-06,0.3603195264291734,0.3266498495749397,0.001378143199799,0.0112527175414936,0.4181223073738866,3.4140227396992167,6.132557934799899e-07,5.1780777110054944e-06,0.0472055274730924,0.3985839061668046,0.0341640710603374,0.0281562847575225,4.343650474812449,3.5798151642984952,6.370788574427556e-06,3.502495465322233e-06,0.7549261201161003,0.4150389361488951,0.0201584233641238,0.0223913298569023,2.1113214244159275,2.3451880930419566,3.0966539516957523e-06,3.0730191920923234e-06,0.4037774377744793,0.4006956653762873,0.0432327679060965,0.0366529379591156,4.526655150386882,3.8377188976152734,6.639199696127387e-06,2.529916519587477e-06,0.86582644291999,0.3299296182214004,0.030728823162149,0.0231090784972123,2.5722917654980813,1.9344474083162648,3.7727545263496015e-06,3.221576744695041e-06,0.54925648167297,0.4690132622921384,0.0191489966473522,0.0363221555955581,0.490215366771718,0.929849179835643,7.189939604366815e-07,1.6919939650748973e-06,0.1853180203914108,0.4361051543902468,0.0233187133155747,0.0453851238305339,0.3455881288184418,0.6726168724889138,5.068706414802843e-07,1.2105155669741993e-06,0.1677706301466507,0.4006721692944828,0.104344122932183,0.0793559051276759,1.0711730963068544,0.81464972072354,1.571078833980203e-06,5.548414403093397e-07,0.6089914277038129,0.2150711177409207,0.3982107355864811,0.3982107355864811,1.6093163281178096,4006.0,6054.0,10060.0
EUR,ever_smoked,SMK,ldsc,insample10,20000,8,-0.4637720285713241,0.5253389773119773,-0.1832026804263072,-0.0581916383924027,1.7372265410188232,0.5518044738505666,-1.773691520474696e-06,2.25046838717094e-06,1.1765643008670446,1.4928304803907064,-0.146315017325348,-0.0763270115256318,1.757883081111788,0.9170211277382528,-1.7947816484114643e-06,1.4764009859970576e-06,1.0900029859220155,0.8966447169656279,-0.1047315698317676,-0.0637858367920175,1.6806741285929343,1.0235997210697578,-1.7159520535636272e-06,1.3041058086747062e-06,0.9261663317563386,0.703876830669034,-0.0276435425577909,-0.0256852947786175,0.6673752201886579,0.6200988611591434,-6.813836543904895e-07,5.925645957264146e-07,0.3075441887480778,0.2674554881075475,0.0279590958756483,-0.0546930009009404,-2.635208908810657,5.154940770072559,2.6905228453945163e-06,2.8988548416215035e-06,-0.636626829381731,0.6859219834607168,-0.0910395083310915,-0.0723793805281627,2.787005231894028,2.215760123391912,-2.8455054252337085e-06,1.6273714251653915e-06,1.1522986312090109,0.6590104693027324,0.0219923372992172,-0.0723464509191928,-0.4101917409038083,1.3493752959041745,4.188018058848866e-07,1.0385172378494625e-06,-0.2119304486145303,0.5255312203019851,0.0392088567261157,-0.0660680010296582,-0.5266144193159534,0.8873597677339359,5.376682361487658e-07,4.679581296337866e-07,-0.312377255097654,0.2718767191506333,,,,,,,,,,,,,,,,,,,,,,,,,,,,,,,,,,,,,,,,,,,,,,,,,,,,,,,,,,,,,,,,,,,,,,,,,,,,,,,,,,,,,,,,,,,,,,,,,,,,,,,,,,,,,,,,,,,,,,,,,,,,,,,,,0.6098484848484849,0.6098484848484849,1.6159304131405023,6118.0,3914.0,10032.0
EUR,ever_smoked,SMK,ldsc,insample10,20000,24,-0.5099876383871426,0.524207826022779,-0.0951083074761265,-0.05398213457113,1.4968051149565376,0.8495654826222365,-1.68036341793486e-06,2.4061833364000363e-06,0.7986782061721824,1.1436610499407316,-0.0407655009273216,-0.0363173040760834,1.2572883290149426,1.1200971781888176,-1.411473873761117e-06,1.7983212946662329e-06,0.4956497526101354,0.6314941575501736,-0.0543033724173709,-0.0441227439613774,2.915417578967145,2.36884410029969,-3.272945154147778e-06,1.7640456347413248e-06,0.8836075647075031,0.4762450923967744,-0.0118807064424069,-0.0146455835733225,1.3100454284960168,1.6149191044232594,-1.4707007558171164e-06,1.432408016601022e-06,0.2797325966146847,0.2724491792845183,-0.0980129738607129,-0.0499206338741066,2.599156246600082,1.3238199215596802,-2.917899618755963e-06,2.4488065831905253e-06,1.098884432865291,0.9222234432154288,-0.0973279676667999,-0.0665758739154926,2.766406456090944,1.892322749923615,-3.105660290377228e-06,1.847833409172057e-06,1.132738997551462,0.6739671335055828,-0.0523411886215135,-0.0418607161176581,1.993938796490314,1.59468495298096,-2.238462293951123e-06,1.7151261244030763e-06,0.7118323393644037,0.5454111265300157,-0.0111182001072586,-0.0148035837133858,0.6612441287669513,0.8804287313371654,-7.423347456535494e-07,9.265599416463346e-07,0.1907625837413613,0.2381041295650077,0.0086327358837368,-0.0345943338684677,-0.8348917214459292,3.345697510580836,9.37277333325479e-07,3.070260826231421e-06,-0.1901150008701527,0.6227640623502477,-0.0220680892635039,-0.0272530992391995,1.450827486542443,1.7917067942574385,-1.628747396544734e-06,2.361747926631786e-06,0.3987402900572285,0.5781891380486709,-0.0039769487067003,-0.0251122799257246,0.2802186841669856,1.7694294184291892,-3.145828546354998e-07,2.1111005037327765e-06,0.0744680353452287,0.4997395904219185,-0.0161275213023913,-0.0195007399960978,1.456749517727133,1.761442012817282,-1.635395666558771e-06,1.5717458636402175e-06,0.3429931381766358,0.3296438025425888,-0.0207692486518856,-0.0198386114185118,4.746620971573724,4.533932381683002,-5.328715248054526e-06,3.5838362285847424e-06,0.7073046567836276,0.4756989134582339,0.0006186524255502,-0.0222950408310777,-0.0710125555225405,2.5591556090418224,7.9721066772016e-08,2.811451978618905e-06,-0.0148670370512403,0.5243025768012232,0.0158380950208182,-0.0360706057011316,-1.6748729972660144,3.814453910299497,1.8802683703913212e-06,3.115720877572975e-06,-0.3650507037235094,0.6049115737278132,0.0118790513190034,-0.0194083565365162,-1.3820722186915848,2.258071765097037,1.5515604363102683e-06,1.8903079281420109e-06,-0.2874354432017101,0.3501903531423588,0.0012710027148347,-0.012532420952032,-0.5037761226355334,4.967365026652777,5.655559022661388e-07,5.3103284409278175e-06,-0.0571070966228846,0.5362112536712782,-0.0014864063574426,-0.0189680294346004,0.2468908064193385,3.1505732331171434,-2.771678658671207e-07,3.601246766331962e-06,0.0430841455088365,0.5597930308712556,0.0118335072459661,-0.0270297652028511,-1.6191734844307248,3.698470639105231,1.817738236822175e-06,3.2467113473603523e-06,-0.3109167083594203,0.5553367281744717,0.0107405306370782,-0.0195204025474383,-1.469170558245234,2.670147470068872,1.6493399415286686e-06,2.178079640046943e-06,-0.2821555754774055,0.3726080347653931,0.0256495270794927,-0.0453323439942552,-2.805018764151981,4.95752124913614,3.14900775712455e-06,3.177166115021835e-06,-0.6013865610610467,0.6067641464235031,-0.0920431961576313,-0.0697266747893707,3.078326621953832,2.3319646451308182,-3.455832287248973e-06,1.7344338533814267e-06,1.168445376555227,0.5864263796602437,-0.001525017252292,-0.049041858445106,0.0295264407866847,0.94951812989132,-3.3147368661420854e-08,1.0836052237762778e-06,0.0143923331602463,0.4704930745505202,0.0224039044977357,-0.0466161366832622,-0.3004674875860779,0.6251871619790454,3.373148376988962e-07,4.967138900914232e-07,-0.1715189042517004,0.2525706332288011,0.6098484848484849,0.6098484848484849,1.6159304131405023,6118.0,3914.0,10032.0
EUR,type2_diabetes_e11,T2D,ldsc,insample10,20000,8,2.2193301359773163,1.1431321989569736,0.6328813181142807,0.1960234846374121,1.2540924389102888,0.3884323377803282,6.127284175205657e-06,4.796102790674095e-06,1.7245821939718646,1.3499085788652354,0.5044467823883978,0.1064671645375677,1.2664821715418526,0.2673002791355375,6.187818319526291e-06,3.4221361206535994e-06,1.594527152703974,0.8818437586333246,0.2246630245533827,0.0784689769094376,0.7533905076543133,0.2631397955513094,3.680938973933684e-06,2.439059434762997e-06,0.8429867640839077,0.5585788938309704,0.0929351305616598,0.0519815741127072,0.4688554125814258,0.2622457431323601,2.290748481400576e-06,1.4717809503941572e-06,0.4387039241819022,0.2818624932927234,0.121416048092417,0.0541702074495497,2.391391388256232,1.066927886635751,1.1683935055630836e-05,5.957136213529047e-06,1.1730477349255382,0.5980866128278776,0.1860468778802982,0.0831124705284978,1.1901807121116974,0.5316878223703064,5.815022255690894e-06,3.6578664280557936e-06,0.9991606159678804,0.6285093870118345,0.2883740001269756,0.1059588226920041,1.1239688282657774,0.4129859617479873,5.491522156725157e-06,2.121942632992303e-06,1.179114146150965,0.4556136722161772,0.1685669542599037,0.0826950322284387,0.4731116565216375,0.2320975890884511,2.3115437715494706e-06,1.114750938414833e-06,0.5698301752198213,0.2748028094391592,,,,,,,,,,,,,,,,,,,,,,,,,,,,,,,,,,,,,,,,,,,,,,,,,,,,,,,,,,,,,,,,,,,,,,,,,,,,,,,,,,,,,,,,,,,,,,,,,,,,,,,,,,,,,,,,,,,,,,,,,,,,,,,,,0.0820079522862823,0.0820079522862823,3.281091271403484,825.0,9235.0,10060.0
EUR,type2_diabetes_e11,T2D,ldsc,insample10,20000,24,1.8255991834088985,1.1526473636440435,0.1454733096685047,0.2011808859102814,0.6395644882164353,0.884479432201955,2.570538133454241e-06,5.015377188191224e-06,0.6930148482901154,1.3521413341265724,0.1399576967341217,0.0697894303079673,1.2058494902252743,0.6012927543373723,4.846551293794568e-06,3.694849815744757e-06,0.9653498571146494,0.7359506844085572,0.0666670085034137,0.0499554889813784,0.9998598995808418,0.7492235112645758,4.018637756376658e-06,3.5309119489718124e-06,0.6153885777211195,0.5407013555497513,0.0037362990813656,0.0268853429012504,0.115090622875765,0.8281593077399826,4.625723290706505e-07,3.365964519524548e-06,0.0499054854098544,0.3631434105812321,0.2874209363424031,0.0827513771712753,2.1292244152785584,0.6130251154046155,8.557780575683149e-06,5.351606409724968e-06,1.828069462283792,1.1431828808019484,0.1285734051659154,0.076409519733379,1.0209011596995543,0.6067084184884918,4.103206806890885e-06,4.0183516467941125e-06,0.8488856324610282,0.8313305031106479,-0.0356586374863579,0.0912111877158277,-0.3794785252039887,0.9706676821218548,-1.525200410335669e-06,3.203318679926998e-06,-0.2751089491684835,0.5778005499569334,0.0235958003354045,0.0307887060869251,0.3920272641383623,0.5115322236180652,1.5756363125032909e-06,2.084728753017609e-06,0.2296673512709263,0.3038735062301349,0.0331893274466731,0.0463897837241078,0.8966735706372959,1.253309307934087,3.6039111755744174e-06,6.292902592425376e-06,0.414640980907175,0.7240176509790573,0.0509452361670281,0.0592316950322914,0.9356401271281272,1.0878259644990178,3.7605255924699096e-06,5.423253961797983e-06,0.5221975233952967,0.7530888217502002,0.0311183496673041,0.0520986321289049,0.6125166136448386,1.0254810447307874,2.4618272930367723e-06,4.625350735551127e-06,0.330553912980296,0.6210540393581858,0.0342936047328812,0.0398224546493183,0.865335684032771,1.0048459851988485,3.477957915155844e-06,4.258525335891385e-06,0.4137488359044283,0.5066075965774368,-0.0018572584820684,0.035176431327573,-0.1185742359482549,2.245793199128607,-4.765736696860545e-07,8.816284140498207e-06,-0.0358809490445302,0.6637728060295575,0.1091111621851918,0.0588109569825574,3.498741206984739,1.885822811307256,1.4062143626396036e-05,6.861838773234034e-06,1.4874854449923356,0.7258413491034437,0.1551706571473935,0.0890313690034403,4.583980405312192,2.630123880845761,1.8423937932705278e-05,5.789838688009955e-06,2.0289235571698465,0.6376020234775004,0.0433924680104335,0.0373687290831006,1.4103196181579658,1.2145391619314,5.668357805392788e-06,4.2710792119484335e-06,0.5956330014679158,0.4488064829111083,0.0364820486651747,0.0261267179409017,4.0394713864296286,2.892878371831562,1.6235446822214285e-05,1.09073437521815e-05,0.9298837543738954,0.6247171309537067,0.0363629231292592,0.0408006201226104,1.6872536194499808,1.8931644668105765,6.781411178253426e-06,7.83168620895729e-06,0.5979220329693006,0.6905255582575412,0.0483749526990985,0.0476349629022607,1.849075618279504,1.820790379436596,7.431806293190307e-06,6.528448560395395e-06,0.7210360402365452,0.6333920063536471,-0.0366945737028336,0.0441006261407631,-1.4021760394570555,1.6851767185090996,-5.635627126971519e-06,5.017223666029589e-06,-0.5468529815951655,0.4868462123704256,0.0710700579438842,0.0440502916368366,2.1711873239136827,1.3457345833616392,8.726437933658188e-06,6.158495747469495e-06,0.945293922579417,0.667120839748372,0.1126712651335644,0.0735492718276232,1.0526655121485946,0.6871564085554701,4.230874119193419e-06,3.755592374667248e-06,0.811401364697726,0.7202513457512933,0.176854115924165,0.0857040101378149,0.9565457141246748,0.4635447874777056,3.844549345456466e-06,2.1492584107254672e-06,0.9468418775373488,0.5293228636353013,0.1653490283969758,0.1004087242674712,0.6194833478097548,0.3761832365242815,2.489827996900892e-06,1.2032462874383523e-06,0.7181179254452164,0.3470411324840133,0.0820079522862823,0.0820079522862823,3.281091271403484,825.0,9235.0,10060.0
EUR,apo_b,ApoB,ldsc,insample10,20000,8,0.0514,0.3231,-0.0312129843132399,12.583201929602746,-2.670553968550569,1076.6070784176693,-3.01983513303798e-07,1.401721183347414e-06,-1.1185092713820957,5.191800447362524,0.0073609401109729,0.5101845579088619,0.7979502222626473,55.30569128955183,9.023139558239477e-08,8.939472069508822e-07,0.3059796331925669,3.031424225579855,-0.0379454271182252,11.100256063134832,-5.494229289252953,1607.2385162582802,-6.212818326100858e-07,7.65639988821918e-07,-1.872368269049444,2.307423049154613,0.0305326348889751,6.661834755197448,6.650925703549438,1451.147867429559,7.520798809284055e-07,5.051987043978586e-07,1.8953899026851413,1.2732005568122235,0.0113393807902536,2.3234555293211896,9.643233856968315,1975.9125687681487,1.0904470286058112e-06,1.7952227039778335e-06,1.4406935249355466,2.3718398579571,-0.0231411314973407,6.471374123236856,-6.391957859365515,1787.4990552070426,-7.227960617881332e-07,1.0795018678478293e-06,-1.6343316205008185,2.440887727928083,0.0279167801311887,5.617529809605954,4.698100282325823,945.3711445396432,5.312563781964445e-07,7.201777960326948e-07,1.5010935078377312,2.034901148450436,0.0665498070074154,15.212137361900282,8.064859396361587,1843.4876742496704,9.119660577899688e-07,5.272923034232059e-07,2.9584380290760977,1.7105478757254509,,,,,,,,,,,,,,,,,,,,,,,,,,,,,,,,,,,,,,,,,,,,,,,,,,,,,,,,,,,,,,,,,,,,,,,,,,,,,,,,,,,,,,,,,,,,,,,,,,,,,,,,,,,,,,,,,,,,,,,,,,,,,,,,,,,,,,
EUR,apo_b,ApoB,ldsc,insample10,20000,24,0.0339,0.3333,-0.0343151462328767,6.827387726409452,-8.124424563479458,1616.446456978685,-6.067101648530332e-07,1.5717114487078057e-06,-2.6846469631765624,6.954705248403671,0.0246962570648231,3.40894676890594,11.458643003125054,1581.6932881375317,8.557006260687936e-07,1.1668204166925705e-06,2.797442676620474,3.814550474975888,-0.0278308074828544,4.478972493403757,-22.478106515059057,3617.5314297572536,-1.6786045094983176e-06,1.097520419474611e-06,-4.218969437726396,2.758484849077357,-0.0035114683105613,0.6050747029750094,-5.82495796153452,1003.721063868562,-4.349921865224458e-07,9.161352559055792e-07,-0.7702602982805823,1.6222420478873971,0.0042757314735603,0.599132951683413,1.7057649835875612,239.01875405754515,1.2738193902925732e-07,1.4679817085075871e-06,0.4466083366981351,5.14682751837588,-0.0123100606490686,2.785591830345257,-5.263789075125618,1191.1206826945954,-3.9308560410256724e-07,1.15393249626521e-06,-1.3347512577230438,3.918263184005068,0.0047695884601091,0.4953225580328401,2.7334372080392475,283.8679104983309,2.041257354471219e-07,1.126341788097525e-06,0.6043144655965802,3.334536109630215,0.0214018250248944,3.266547937440968,19.14864742925961,2922.646769239293,1.4299694640211155e-06,1.08336045687577e-06,3.421034605205429,2.59181311638725,0.0040141114763571,0.5110565854738098,5.84024519857529,743.5507925211765,4.3613379624910194e-07,2.0202211858304123e-06,0.8235790858649171,3.814911689441393,-0.0151897360976372,2.3826205993908305,-15.023157580523293,2356.491547263752,-1.121888983161266e-06,1.3988410826184226e-06,-2.556957829897222,3.188174331567475,-0.0022463193700452,0.3676802142211128,-2.381105032742758,389.7420910830649,-1.7781451666640224e-07,1.47767880926094e-06,-0.3918676000310431,3.256508295597586,0.0067376487362758,1.0073271992054404,9.155573963386017,1368.824502233348,6.837136273773357e-07,1.4345502264028636e-06,1.3349780394044874,2.8010163495156357,-0.0100841881916705,1.613912471578036,-34.67086372297673,5548.859094985289,-2.589126808995258e-06,2.3491755811605468e-06,-3.199444802429989,2.9029314350409345,1.779888969287439e-05,0.1339696793410948,0.0307355709127279,231.3422157558419,2.295249731179365e-09,1.8836429329441857e-06,0.0039849104274999,3.27029702398395,-0.0177158392376109,2.9987041923855067,-28.183869443624417,4770.59462578639,-2.104695531693698e-06,1.7305938637796416e-06,-3.8041700747493903,3.1279932365502576,0.0066715958245514,1.0560735649144528,11.677198371057266,1848.4303960012207,8.720217528478793e-07,1.2631075653586918e-06,1.5039598326624557,2.1784583199072194,0.0013037387032214,0.1693983962710737,7.773947632229455,1010.0906403568652,5.805374907055355e-07,3.6037252595443865e-06,0.5457353792697441,3.38768882766086,-0.009526264270853,1.3680406894441803,-23.80399993657633,3418.427156634708,-1.7776186624467433e-06,2.288693397615883e-06,-2.572471094521976,3.312070093529715,0.0335962498708761,5.210425516569813,69.15612585025698,10725.38881994853,5.164393390248581e-06,2.183110212928484e-06,8.223739242696658,3.4763674593595724,-0.0024637222683709,0.5200537604878126,-5.0698858176924295,1070.1746777968572,-3.786054306005996e-07,2.016947455313498e-06,-0.6029795670363897,3.212257419051809,0.0093988558478034,1.1434438517030543,15.462914290786708,1881.1836846442832,1.154728830967654e-06,2.0372742443338747e-06,2.0530394473971127,3.622152904313126,-0.0115720338299624,2.175364683715176,-5.822274177664388,1094.498150550169,-4.3479176876466434e-07,1.1466806810999938e-06,-1.3685931646116316,3.609404443429295,2.708734627240542e-05,0.1370913424538415,0.0078897411109089,39.93064472356805,5.891846361112967e-10,7.531864738068213e-07,0.002381611150446,3.044541887960301,0.063755097223074,9.646517679457231,12.86318857183606,1946.275378394379,9.605883097290993e-07,5.326715441441762e-07,4.547274187098272,2.5215834279429123,,,,,,
EUR,urea,UREA,ldsc,insample10,20000,8,0.2942,0.3556,0.0946222250345449,0.0539676345303243,1.4144241785505731,0.806714565325468,9.160881106531194e-07,1.502902466656248e-06,0.5928079950710451,0.9725402913597836,0.0285405214529508,0.0550177658815194,0.5405363068108409,1.041995677184981,3.500922082321805e-07,1.012933758653284e-06,0.2074138442229313,0.6001175687010005,0.0258314577578424,0.0300177679185028,0.653456527092545,0.7593573138217363,4.232278862141599e-07,8.088659724219078e-07,0.2228421522241752,0.4258921494227562,0.0051447455895416,0.0142056632203455,0.1957952565541973,0.5406295464646791,1.268118216385285e-07,4.194233865894084e-07,0.055836062351497,0.1846748202390541,0.0107920670986974,0.0157781983499162,1.6034611675657469,2.3442893856075164,1.0385227669158009e-06,1.901014369818564e-06,0.2397195773019014,0.4388063273096196,0.0156415628353281,0.0251612521854579,0.7548313117905902,1.2142329505940723,4.888858666066227e-07,1.0986449644731043e-06,0.1931311553876949,0.4340124880727926,0.0443386674354201,0.0385706474536248,1.3036471025892105,1.13405557059524,8.443404950791868e-07,7.53153506000974e-07,0.4168133869223297,0.3717984220089451,0.0692887527956742,0.075300069324761,1.4670104063236078,1.5942845099559946,9.501469303321916e-07,3.4695558934560577e-07,0.5385115493083951,0.1966428412228689,,,,,,,,,,,,,,,,,,,,,,,,,,,,,,,,,,,,,,,,,,,,,,,,,,,,,,,,,,,,,,,,,,,,,,,,,,,,,,,,,,,,,,,,,,,,,,,,,,,,,,,,,,,,,,,,,,,,,,,,,,,,,,,,,,,,,,
EUR,urea,UREA,ldsc,insample10,20000,24,0.3384,0.3527,0.066475930501339,0.0338054481444817,1.576668988353666,0.8017939925749328,1.1747565444520889e-06,1.55407949592234e-06,0.5207426260866448,0.6888877884323324,0.0275750076894743,0.0234212648568584,1.2817019292977734,1.0886336167764057,9.549802403684264e-07,1.2463822620750887e-06,0.3127541461030921,0.4081877337513785,-0.0084246408159357,0.0246521890122635,-0.6816393526962845,1.994613482996221,-5.078810431682223e-07,1.0388834747548496e-06,-0.1278760876550969,0.2615737603680952,0.0159610523152968,0.0168257079061591,2.652374884414101,2.7960615742116963,1.9762516906350696e-06,1.011135062319495e-06,0.3505642745211058,0.1793637071859902,0.0235626743506456,0.03856602971579,0.9416785915965424,1.5412853399317306,7.016330608516543e-07,1.7036784831123677e-06,0.2464327132655096,0.5983784609804973,0.0130743254094754,0.0330311863019039,0.560050152213226,1.4149197252469894,4.17286435132379e-07,1.2816891891892577e-06,0.1419439252249169,0.4359786926075129,0.0182533457539971,0.0205711335262446,1.047948687316548,1.1810159444725818,7.808135935752566e-07,1.1358789583102583e-06,0.2315698088208327,0.3368733272369204,-0.0063381961300946,0.0129363502473058,-0.5680967589129821,1.159493726103409,-4.232818621693761e-07,5.65070872716678e-07,-0.1014447804915491,0.1354262862838511,0.0077924966173711,0.014641160973298,1.1357627428553374,2.133961163172041,8.462427592410253e-07,1.994111431180058e-06,0.1600847187714638,0.3772283593253166,-0.0183116896206033,0.0351508424003801,-1.814298562239016,3.482700075734376,-1.3518113981589963e-06,1.411341739630328e-06,-0.3086449177237444,0.322236856192756,0.0097923499676086,0.0174702540258251,1.039832341542483,1.855135407854711,7.747662048173442e-07,1.4826450427723707e-06,0.1710456981114574,0.32732462362924,0.0028690335655169,0.0101224765594842,0.3905549827288828,1.377949601349654,2.909976826576687e-07,1.049152203509045e-06,0.056919196379635,0.2052143500191012,0.0150772026178052,0.0150673020424886,5.192946330044666,5.189536336986985,3.869200023131312e-06,2.392816094206608e-06,0.4789738748833906,0.2962101699766746,0.012264389785283,0.016234443402149,2.121600756478349,2.808375141854601,1.580778458761932e-06,2.127335140614842e-06,0.2749343297974915,0.3699933143052006,0.018998972938939,0.0215992193054571,3.027877883460649,3.4422807298688665,2.256034326590848e-06,1.7433099678533384e-06,0.4084940104251988,0.3156564028255524,-0.0088528691788752,0.0130366996204702,-1.552252329373178,2.285840550033325,-1.156563994117897e-06,1.0791279657216366e-06,-0.1998241298050466,0.1864452012991119,0.0048581998477487,0.0080797801830598,2.9019890695427497,4.826362543816042,2.1622361298128504e-06,3.299332831542544e-06,0.2036218138196442,0.3107043334862523,0.0040679925822156,0.0137823965093921,1.018302503250728,3.450018303293935,7.587245888402048e-07,2.57038212041007e-06,0.1099930906391521,0.3726309621514924,-0.0096591314486036,0.0188253710172648,-1.991807087747545,3.8819750638227113,-1.484070803003971e-06,1.9942928787499845e-06,-0.2367412735526724,0.3181326894893662,0.0118463846003362,0.0144002586242287,2.4420896416089373,2.9685615999433743,1.819570759499986e-06,1.6256178277276103e-06,0.290304688243115,0.2593603322195601,0.0073490016006253,0.0150779140936988,1.21119493401255,2.4850032913600817,9.02446351040485e-07,2.1771030746746395e-06,0.1607340996353664,0.3877623330381414,0.0133443314577813,0.022354788793618,0.6725880131329188,1.1267378231929348,5.011370021128929e-07,1.1326716938991165e-06,0.1580224778452191,0.3571629851725831,0.0528977303792899,0.0406594738896526,1.5434859326746162,1.1863897662270977,1.1500322604636111e-06,7.958320015973333e-07,0.4656920335288417,0.322262805933623,0.0639261052133625,0.0619053334571685,1.2920559283604511,1.2512126747516252,9.626948768900922e-07,3.717255654707374e-07,0.4565326569194706,0.1762810461788954,,,,,,
EUR,calcium,Ca,ldsc,insample10,20000,8,0.0427,0.3747,-0.004360470653975,10.886188529719805,-0.4490913362392478,1121.1846934246694,-4.218864396514364e-08,1.5989885269542992e-06,-0.1880992939185291,7.12913676847325,0.0261263160535556,8.725405084975153,3.409227131151235,1138.579495287619,3.202704172316153e-07,1.13382143253609e-06,1.3073350794557,4.628228062416318,-0.0451438326247562,22.01957677282892,-7.868301720155543,3837.881361090624,-7.391658513428227e-07,8.001833775232644e-07,-2.6815120753172152,2.902868666617525,0.0235196893305624,10.382289801598972,6.167151777977367,2722.3640631258377,5.793560232510922e-07,5.121707669736621e-07,1.7575810530211824,1.5537624531679342,-0.0305089323475604,15.385423043076802,-31.23169919110867,15749.908877022664,-2.93397563318434e-06,1.9844616638555564e-06,-4.666150879261366,3.1560580915970715,-0.0197869756877265,11.644950881002131,-6.579061968503852,3871.882933267959,-6.180517872782086e-07,1.1869650255282215e-06,-1.6822266792773666,3.230706996425049,0.0677461802937773,29.83246933931593,13.72388322710898,6043.400879778999,1.2892522668913312e-06,7.731992264319002e-07,4.385072086436185,2.629845556336229,0.0251080256361228,10.995850386302696,3.6626701348374446,1604.0358330329796,3.4407941951055885e-07,3.927941686273415e-07,1.3436239686926184,1.5338541912245651,,,,,,,,,,,,,,,,,,,,,,,,,,,,,,,,,,,,,,,,,,,,,,,,,,,,,,,,,,,,,,,,,,,,,,,,,,,,,,,,,,,,,,,,,,,,,,,,,,,,,,,,,,,,,,,,,,,,,,,,,,,,,,,,,,,,,,
EUR,calcium,Ca,ldsc,insample10,20000,24,-0.076,0.3917,-0.0661683045376244,-0.8768874218587892,6.98783866021117,92.60548339475012,-1.169956599305284e-06,1.798051397431391e-06,2.309201172414052,3.548902922958657,-0.0017682384185307,-0.0954136835158395,0.3659560911550488,19.74689515635232,-6.127112612669809e-08,1.3777245050203214e-06,0.089347275651022,2.009036538135067,-0.0165906075720618,-0.2653702098870675,5.976987043953909,95.60314771216126,-1.0007122053136723e-06,1.2449331611349108e-06,1.1218978003766087,1.39569375458488,-0.0020130070734439,-0.0260304387796722,1.489482650228029,19.26068092438987,-2.493804080090689e-07,1.1892812250729937e-06,0.1969719999273604,0.939348456636457,0.0191036262009819,-0.5661426014092894,-3.3994659057808656,100.74435350928482,5.691641956801344e-07,1.715273862500533e-06,-0.8901078850142543,2.682492682355264,-0.0071997494507707,-0.0749551590868721,1.3732252332199453,14.2963746894121,-2.2991571529638922e-07,1.3433353189056052e-06,0.3482314273987512,2.0346220134392103,-0.0156717788033949,-0.2541863916315232,4.0061996905418935,64.97803831136088,-6.707481374423479e-07,1.0976739624810945e-06,0.8857492820761338,1.449521616159333,0.0051442189531786,-0.1092352061234684,-2.0530184149603885,43.59493477525896,3.437318117767754e-07,8.09305700901619e-07,-0.3668060894290646,0.863633359292201,-0.0118446064989005,-0.1869598154925346,7.686849798032395,121.33218778457244,-1.2869903107929966e-06,2.245632547285944e-06,1.0840441023692375,1.8915175184759303,0.0039574765797958,-0.1438639567529943,-1.745884275096186,63.46716519573889,2.9230909993711534e-07,1.821584235830224e-06,-0.297168056433645,1.8518638219210009,-0.0017805422838644,-0.0212338609941239,0.8418708039715391,10.039732158309118,-1.4095235319001806e-07,1.3021059280719998e-06,0.1385576727441326,1.279984072467206,0.0161635171895502,-0.3048689057422447,-9.797137093138204,184.78914149469912,1.6403105099838187e-06,1.0968887873531157e-06,-1.4286046485535495,0.9553193807033432,0.0056306757080722,-0.1194458296146749,-8.63515903372498,183.18116476842053,1.4457633881964697e-06,2.691530596976686e-06,-0.7969014719573131,1.4835655073715224,0.0081045824309794,-0.1864916172550416,-6.242594461148491,143.6460850193675,1.0451822003552926e-06,2.191461796091136e-06,-0.8094065779551448,1.697104669875351,-0.0225837218837457,-0.388304260914028,16.025829228040735,275.5479281033664,-2.683165078130061e-06,1.9194552362828326e-06,2.163237209986777,1.5475145468592424,0.0074059008197669,-0.1520117841477153,-5.781931303317184,118.6785665412722,9.680545035424898e-07,1.9743997847369065e-06,-0.7447231158541688,1.5189032789480037,-0.0069184483370314,-0.1165053835413059,18.401187922013104,309.8725829886982,-3.080865528135324e-06,3.5993113429044104e-06,1.291845827425581,1.5092367055536062,0.010252689835801,-0.2127321515977022,-11.427500275451198,237.10818915942977,1.9132781981579203e-06,2.454193523183964e-06,-1.2350260869035865,1.5841883456155084,-0.0058773512092894,-0.1031175742555658,5.396443104522746,94.68008678246676,-9.035131647875062e-07,1.9572103380467567e-06,0.6417569867974329,1.3901882761930513,-0.0139148213909164,-0.2548979167692674,12.772331195596076,233.9692707927852,-2.1384399236185007e-06,1.6117117893029664e-06,1.519143907882013,1.1449571806713146,-0.0282056986984892,-0.50407521896443,20.69852165744347,369.9114830746834,-3.465502451691912e-06,2.17660044644936e-06,2.748334572637648,1.7261641973084734,-0.0404347785628464,-0.6663936011391633,9.07452984697452,149.55463683252762,-1.5193261602493515e-06,1.271385762930477e-06,2.1331931212491733,1.785075143767889,0.061686270387219,-1.2598379618003428,-8.014398116066252,163.68055523897263,1.3418309181551986e-06,8.14945273227918e-07,-2.4193758543581088,1.4693795544535595,0.0275226966155649,-0.5596839825611777,-2.476913343839736,50.36892801976237,4.147034946632618e-07,4.091390849605104e-07,-0.8756643028389781,0.8639148119237238,,,,,,
EUR,albumin,ALB,covldsc,insample10,20000,8,0.1646,0.405,-0.0025235002420928,0.214148743719603,-0.0674221664921012,5.721565630270286,-2.4434823338155564e-08,1.747082070696367e-06,-0.0282617367329641,2.020705157127183,0.0012606804766351,0.1012257152193551,0.042675717452867,3.4266256214227298,1.5466332084004053e-08,1.1237914372734888e-06,0.0163777962575121,1.1900188807298042,0.0116275106440708,0.0355344639191117,0.5257355780358891,1.6066837090564987,1.905346066474299e-07,8.853100749262462e-07,0.1793121732271734,0.8331655666557529,0.0078799052436866,0.020088504415896,0.5360090164534944,1.3664656059935631,1.9425785770669415e-07,4.326392675239138e-07,0.152878521815177,0.3404817312364381,-0.0014938034773484,0.0282874792456952,-0.3966980936255087,7.512091958814666,-1.4376945062211834e-07,2.2177614347889843e-06,-0.0593153274398436,0.9149874686084954,0.0612122956514586,0.1408741808229916,5.279846155904499,12.151055505573794,1.913496922221868e-06,1.3209440711636315e-06,1.3510936781637015,0.9327003158618457,0.039315589227643,0.0808525863471956,2.066117582564745,4.248974860341674,7.487925819135625e-07,8.837005365063505e-07,0.6606910305304318,0.7797259645022414,0.0473213224759469,0.1231889254516162,1.7907714473635998,4.661814141865718,6.490029352656443e-07,3.561746129457388e-07,0.6574515458270508,0.3608112338809069,,,,,,,,,,,,,,,,,,,,,,,,,,,,,,,,,,,,,,,,,,,,,,,,,,,,,,,,,,,,,,,,,,,,,,,,,,,,,,,,,,,,,,,,,,,,,,,,,,,,,,,,,,,,,,,,,,,,,,,,,,,,,,,,,,,,,,
EUR,albumin,ALB,covldsc,insample10,20000,24,0.0913,0.4146,-0.0477249167771171,0.8557437417888515,-4.195472289575464,75.22798148438429,-8.430368626422092e-07,1.8969195508029525e-06,-1.3851008558327709,3.1166192247256244,-0.0019414239645031,0.114634708281664,-0.3344655244317339,19.749090628598363,-6.720739571549932e-08,1.3686357394532237e-06,-0.081580306711672,1.6613309028339651,0.0080346845950189,0.0834343809261528,2.409526302217681,25.02118570720835,4.841694460294063e-07,1.261542120560027e-06,0.4518396035096451,1.1773041364736168,0.0048062832258967,0.0557206289575252,2.960344967183855,34.320133822732004,5.948507727424095e-07,1.0310762791226792e-06,0.3911046758344735,0.6779158276079357,0.0126578663551929,0.0396879639175198,1.874986731967656,5.878905944810526,3.767592354122615e-07,1.938333237399946e-06,0.4904692649562586,2.523343262302673,-0.0014494148428254,0.1199586667105041,-0.2301229384187145,19.04578320613833,-4.6240829788950964e-08,1.3290299854993127e-06,-0.058299890528588,1.6756252648894914,-0.0348868725651665,0.4859825719944046,-7.423678464874559,103.41363638371718,-1.491711581040061e-06,1.1156326256194293e-06,-1.639755173483064,1.2263525957816,-0.0057326431292573,0.0820158759666137,-1.904456780146972,27.24671456821444,-3.826809374863606e-07,6.951663452229813e-07,-0.3399354472787816,0.6175162108903128,0.0114815237733016,0.0993606938251094,6.202547544148545,53.67662338538232,1.2463379236231931e-06,2.323228896497874e-06,0.8738769785941668,1.6289452564776647,-0.0354305996566129,0.448057978342355,-13.011231902166909,164.54099897630024,-2.614472785142136e-06,1.6657725421477985e-06,-2.212517571102611,1.409672741635329,0.0393067197356665,0.4479947238093975,15.470443844692262,176.3229611633776,3.10862604787495e-06,1.6400710694732428e-06,2.5437214130621943,1.3420346590786605,0.0047577375945982,0.0577898727427756,2.400527116353718,29.158009203190645,4.823611524945068e-07,1.2161673538687343e-06,0.349704427061103,0.8817026526611238,-0.0090331916165028,0.1211157849317226,-11.531713991684848,154.61562767687158,-2.317178928482683e-06,2.7586399881644887e-06,-1.0631873278704798,1.265742166701726,0.0270185654538363,0.3161020969515438,17.3236571529634,202.6770948397556,3.481010138479867e-06,2.186346042868816e-06,2.243999870122733,1.4094070517081174,-0.0027898284256067,0.0466156868569904,-1.6479548292384787,27.535939332017392,-3.311395173480851e-07,1.921432080431716e-06,-0.2222340382471103,1.2895096721513537,0.0031648149943527,0.0344584424366449,2.0567721261722864,22.39409382269347,4.13287134496528e-07,1.4000467566933449e-06,0.26466086368433,0.8965621063338921,-0.0039074241071752,0.0553407419282462,-8.651083915454343,122.52506746979638,-1.7383460404828705e-06,3.7310761665977726e-06,-0.6067600680476759,1.3023114938076878,-7.310336709570687e-05,0.0245120861092589,-0.0678255956757948,22.742411296050275,-1.3628853544673752e-08,2.732872132398968e-06,-0.007323187398227,1.468453285182687,-0.0084474125366274,0.1268538291232002,-6.45643046105668,96.95547872220976,-1.2973530759054515e-06,2.374187570342947e-06,-0.7670737503196494,1.4037635531670676,0.0073823401563605,0.0871650700810168,5.640653243487407,66.60055278646051,1.133431062209067e-06,1.791091547349473e-06,0.670254576025207,1.0591621720259656,-0.0013155464347661,0.0576067601831452,-0.8036213430644711,35.18995663288873,-1.6147941615363265e-07,2.391223685632636e-06,-0.10660151477294,1.5785793206414014,0.0506040817974313,0.5287834849097168,9.453604475992616,98.7847174025242,1.8996042657470656e-06,1.3851876672747884e-06,2.220164273374971,1.618939389775295,0.037148709365552,0.3615803779196166,4.017620799752197,39.10479992231423,8.072994410486032e-07,9.068539332973356e-07,1.2116662579930606,1.3610864272090064,0.0376690503760486,0.4318083744974755,2.821937017735152,32.34846709428225,5.670391235610052e-07,3.666576461313919e-07,0.996680106483091,0.6444711953808582,,,,,,
EUR,alka_phos,ALP,covldsc,insample10,20000,8,0.5651,0.3992,0.0874338154161074,0.122640262443395,0.6804297707461587,0.9544143219813652,8.465385909502579e-07,1.7459507775993736e-06,0.2851943566601412,0.5882015469829716,0.0768216700659806,0.0493392733257627,0.757467618663219,0.4864890575867498,9.423831792228036e-07,1.1546059108557408e-06,0.2906699812046786,0.35612825632566,0.0357959459468504,0.0340350643798578,0.4714319251562596,0.4482411485154622,5.865194834334052e-07,8.209751090910676e-07,0.1607766122724545,0.225045544995365,0.0342565719684458,0.0221555728919281,0.6787338749492039,0.438973807843629,8.444286873274661e-07,5.960985247450295e-07,0.1935688109977971,0.1366439634323911,0.0591518067489446,0.0323219117081517,4.575506591241563,2.50016234820781,5.692494757226371e-06,1.975904595086546e-06,0.6840809268970081,0.237449256347749,0.0317589729187963,0.0259679772438659,0.7979093855776674,0.6524169663901455,9.92697727249933e-07,1.1896955821579355e-06,0.2041640372215855,0.2446797715463038,0.0684724226176299,0.0423383715583578,1.0481186821744208,0.6480804462106378,1.303988964773826e-06,8.128557985603783e-07,0.3351315516438675,0.2089079220708774,0.1714087943172445,0.1094695925672931,1.889386951474736,1.2066499890145446,2.350630493294381e-06,5.554644571701303e-07,0.6935950405313233,0.1638995979094435,,,,,,,,,,,,,,,,,,,,,,,,,,,,,,,,,,,,,,,,,,,,,,,,,,,,,,,,,,,,,,,,,,,,,,,,,,,,,,,,,,,,,,,,,,,,,,,,,,,,,,,,,,,,,,,,,,,,,,,,,,,,,,,,,,,,,,
EUR,alka_phos,ALP,covldsc,insample10,20000,24,0.4944,0.4,0.0071600193119465,0.0961497295231479,0.1162364095233796,1.5609035184817763,1.265314759099853e-07,1.756913262324896e-06,0.0383906726822965,0.5330616868255316,-0.0194886099030885,0.0500294777105673,-0.6200177898724769,1.5916561700824263,-6.749328060346869e-07,1.2463412525371993e-06,-0.1512937963319743,0.279381440545668,-0.0135877248289125,0.0266392041393956,-0.7524920170916233,1.4752866067698898,-8.191402842147645e-07,1.079886999853151e-06,-0.1411684071535701,0.1861047864606647,0.0030898801313586,0.0124966707018004,0.3514527208446403,1.4214107774194082,3.8258091129447513e-07,1.50051888443973e-06,0.0464515907168984,0.1821875766021209,0.0267966450012109,0.0467817417080756,0.7330108973406742,1.2796947702612225,7.979337204145385e-07,1.939068022674143e-06,0.1918258029994522,0.4661581169007208,0.0354863475595347,0.0265164564172108,1.040449063594959,0.7774545465085718,1.132601705142591e-06,1.3878355562480863e-06,0.2637009212247801,0.3231264027145806,0.0383854401080327,0.0269695948733478,1.5083980225342986,1.05979984757283,1.64199693395191e-06,1.271678264067078e-06,0.3333180294581049,0.2581449966921535,0.0190035829280138,0.016709052033975,1.16585360592687,1.0250860924080214,1.2691133359830237e-06,8.54551886352109e-07,0.2081863963023023,0.1401813948595682,0.0137901839095499,0.0148095305419728,1.375729170731078,1.4774207004821418,1.4975775932756302e-06,2.2883810525253665e-06,0.1939081832798189,0.2963023849579485,0.0710603095223323,0.0490398907750536,4.8190266165537725,3.3256896924098376,5.245848118866795e-06,1.7813026440507437e-06,0.8198051285342294,0.2783765389265292,0.0162603840031057,0.0209237352613687,1.18184108804987,1.520783890628926,1.286516830442312e-06,1.704010540503881e-06,0.1944056361513646,0.2574931359595158,-0.0100014691326635,0.0157927383716541,-0.9318848364029466,1.4714851606910049,-1.014421937254378e-06,1.091415125712723e-06,-0.1358125032327459,0.1461204798964803,0.0085117507368722,0.0092498568707634,2.0066140657024287,2.1806198837806345,2.184340004617876e-06,2.830469827565713e-06,0.1850814000894797,0.239828651899151,-0.0146178697742249,0.0255434353236431,-1.730827144816219,3.0244674438114667,-1.884126618128305e-06,2.176676059789639e-06,-0.2242951794684771,0.2591216231318102,-0.006812048311321,0.016013796916591,-0.7430838853578968,1.7468452788769373,-8.088988736386357e-07,1.6343663097955683e-06,-0.1002503996579869,0.202554214233893,0.0176206547570471,0.0179900407512816,2.1147167638053315,2.15904807640938,2.3020173657554004e-06,1.6009178359791792e-06,0.2722317345637426,0.1893211779658456,0.0091463728812177,0.0083317228387378,3.7395659038186095,3.406489878823141,4.070779500270554e-06,3.5431715706928257e-06,0.2623920381346925,0.2283837800188391,0.0017390815790597,0.0122587290703293,0.2979672317950647,2.1003612541204,3.243582089849295e-07,2.396246258507618e-06,0.0321853348838224,0.2377741218128307,-0.0037675578705339,0.0142443161055467,-0.5317665575140894,2.0104935875917107,-5.788651562598046e-07,1.9616310788959494e-06,-0.0632045959881267,0.2141847690755211,0.0318874061364562,0.0282662378224646,4.499319759286313,3.9883721432550208,4.897824804360869e-06,2.0393435076274423e-06,0.5348601465325394,0.2227036717092484,0.0459310483672055,0.0300288602275727,5.181362220952101,3.387477696513608,5.6402758114224175e-06,2.11355512486794e-06,0.6876047410907002,0.2576630244699395,0.0193696569702432,0.0245669142500191,0.6682302382617185,0.8475294625952958,7.274154341280615e-07,1.222238257330306e-06,0.1569989690658697,0.2637971884439572,0.0589023255951835,0.0418354123052716,1.176386335725849,0.8355291049731134,1.2805789503485275e-06,8.250324520844956e-07,0.3549335365848715,0.2286713255250215,0.1385341903223731,0.1014651787666962,1.9165137122738336,1.4036925178699664,2.086259456998773e-06,5.728168645223385e-07,0.6771788711695648,0.1859306024487225,,,,,,
EUR,asp_at,AST,covldsc,insample10,20000,8,0.2848,0.3515,0.0106870400724165,0.1737701331234712,0.1650238202615749,2.6832697380270423,1.034630704661221e-07,1.551182056028942e-06,0.0691615713257107,1.0369128610225888,0.0888051029018424,0.0557848750831545,1.7374150196964313,1.091395389164637,1.0892869424960629e-06,1.0261494811653697e-06,0.6666536739387459,0.6280129642072747,0.0329337938656824,0.0268987049707762,0.8606215785355867,0.7029134276763274,5.395739286822572e-07,7.880917694016792e-07,0.293478782980149,0.4286497198364034,0.0162998798991422,0.0202841146909395,0.6408042013370004,0.797438140328849,4.017575773777838e-07,3.984792452847874e-07,0.1827350272593019,0.1812439138662733,0.000399878704953,0.0203417360810624,0.0613740482190707,3.122083460896339,3.8478975129867686e-08,1.8643147739720616e-06,0.0091751603126988,0.4445385269954678,0.0109747316021107,0.0237913185660197,0.5470995466563191,1.1860171231269174,3.430086569197327e-07,9.436397206071912e-07,0.1399756912215981,0.385082473842801,0.0580645523798975,0.0649482744772675,1.7635637891995477,1.9726394218920584,1.105681133209955e-06,7.153438375048802e-07,0.5638409609794233,0.3647888569813109,0.0666350205739547,0.0804940229719278,1.457389613444132,1.760502990967391,9.137226615730852e-07,3.722318906432043e-07,0.534960026733157,0.2179317538503389,,,,,,,,,,,,,,,,,,,,,,,,,,,,,,,,,,,,,,,,,,,,,,,,,,,,,,,,,,,,,,,,,,,,,,,,,,,,,,,,,,,,,,,,,,,,,,,,,,,,,,,,,,,,,,,,,,,,,,,,,,,,,,,,,,,,,,
EUR,asp_at,AST,covldsc,insample10,20000,24,0.3349,0.3614,0.0265112800525928,0.0763669372152682,0.6353631233646123,1.8301921165114288,4.684453898004774e-07,1.7147696004230766e-06,0.2098212315523685,0.7680619282913179,0.0645994370055842,0.051350161866995,3.033998318233845,2.411728522216545,2.236929517269819e-06,1.33397043129872e-06,0.7402462179777469,0.4414383909012153,0.0226999490705686,0.0209298459779664,1.8558520509388223,1.7111358912432018,1.368296813970354e-06,1.2607329567815795e-06,0.3481150987197419,0.3207492506218469,0.0054882003558195,0.0090305394693842,0.9215492505327988,1.5163598885549745,6.794468895205931e-07,9.676360620684045e-07,0.1217856512530486,0.173441353272049,-0.0027776334087721,0.0656224057236775,-0.112167812415917,2.649997538281502,-8.26999438242305e-08,1.6847770537996256e-06,-0.0293500425607721,0.5979239640056851,0.0070378701429153,0.0338854011210825,0.3046239784142834,1.4666803294259314,2.245954999011816e-07,1.1663429471637882e-06,0.0771967115799275,0.4008888875115521,-0.0007764267139837,0.0259545347582992,-0.0450415382462395,1.5056568107774693,-3.3208570288497084e-08,1.0302448454478882e-06,-0.0099517614441054,0.3087381010939828,0.0022784450197685,0.0092886850158926,0.2063528149770931,0.8412519432484149,1.5214138386954758e-07,6.380257856423287e-07,0.0368436473408779,0.1545088945736725,0.012578380192895,0.0152043400770252,1.8524688764439008,2.2392045992907312,1.3658024411672178e-06,2.193409163559556e-06,0.2610706215393665,0.4192661225083625,-0.0013898592672832,0.0228420574666282,-0.1391446048882656,2.286813590301008,-1.0258959999180117e-07,1.5593807435025544e-06,-0.0236680004781518,0.3597579499850745,0.0131384798709787,0.0169963344711523,1.4097325308607302,1.8236725895739512,1.039378397405822e-06,1.3375568491944368e-06,0.2318624284940481,0.2983794738058044,0.0074700435050435,0.0132932993312094,1.027507242419654,1.828498231536121,7.57568409304532e-07,1.203251051204014e-06,0.1497291269779388,0.237815789596424,-0.0033608832543548,0.0138541494286703,-1.169665543700412,4.821566236493005,-8.62379970454301e-07,2.69771460335357e-06,-0.1078709521466581,0.3374441114748904,0.0247098022065284,0.0249598642638426,4.319188843555534,4.362898835206659,3.1844846309724257e-06,1.989807686874606e-06,0.5596446114391144,0.3496908538759232,-0.0041327784180385,0.0180483284619065,-0.6655268162654009,2.9064337269418847,-4.906847083241983e-07,1.7456441600566444e-06,-0.0897754768041985,0.3193823531505017,0.0009710145221309,0.0086378650800215,0.1720359482425646,1.5303821683033043,1.2683998153278957e-07,1.1299025829891655e-06,0.0221436719800157,0.19725792975314,0.0114384297683183,0.0134352255617489,6.904019559045234,8.109247679730789,5.090248417944612e-06,3.502676566247031e-06,0.4843679137982819,0.3333008532790364,0.0030170729970541,0.0114268173868455,0.7631285186997049,2.890261599367888,5.626452390202645e-07,2.2277486659024904e-06,0.0824197136676065,0.3263342412472859,0.024830263173469,0.0294458118182629,5.17375342124854,6.135471403257552,3.8145445478702975e-06,1.8991426534027728e-06,0.614861438087721,0.3061203161611795,0.0096153357034431,0.0140377740041049,2.002882314213875,2.924079839842198,1.4767004125733274e-06,1.681991798750728e-06,0.2380634392261666,0.2711590983190852,-0.0081329987312963,0.0246978729745008,-1.3544145639558145,4.113016608089732,-9.985931430893347e-07,2.0305677330134444e-06,-0.1797175192060121,0.365442721174689,0.0137111889330416,0.0220719072120929,0.6983009362242372,1.124106271580623,5.148486625023734e-07,1.060737691181615e-06,0.1640428071431091,0.3379757998363846,0.0442262422506919,0.0413703753976745,1.3039498366780509,1.2197485361140603,9.613861224558118e-07,7.845120684312627e-07,0.3933705482141583,0.3209989568510892,0.0611491450228844,0.061841587908082,1.2488453578539238,1.2629870777820502,9.207582702666208e-07,3.8751033292630993e-07,0.4412086554841841,0.1856870782459957,,,,,,
EUR,blood_mscv,MSCV,covldsc,insample10,20000,8,-0.1557,0.3711,-0.1259875822662259,-0.2105090520274983,3.558511003383761,5.945814376918573,-1.2199786670314838e-06,1.5876900617945706e-06,1.4917055235330503,1.9413175810691212,-0.0642819572966352,-0.1104557628766783,2.300414593933128,3.952805104128776,-7.886604052250143e-07,1.07949696888706e-06,0.8828753453520759,1.208455823188895,-0.0297532050990222,-0.0554708525451767,1.4221833717512815,2.651469777594149,-4.875728563136772e-07,7.704118706629325e-07,0.4850836588994905,0.7664787000372915,-0.0022206478424886,-0.0196231768778344,0.1596879003442296,1.4111124932771828,-5.47464463697768e-08,4.4863490023804363e-07,0.0455475511528898,0.3732520085330107,0.002328168623342,-0.0309980215904317,-0.6536154322955849,8.702456118944667,2.240816125297733e-07,2.061000144455393e-06,-0.0977344691440624,0.8989169291943582,-0.0097948226729705,-0.0263126844658425,0.8931417628455594,2.3993244363549464,-3.061993896521241e-07,1.191641865618136e-06,0.2285615817366866,0.8894973630704228,0.0158811924251939,-0.0939212073616871,-0.8822965294361417,5.217892528284546,3.0248127457930696e-07,7.349039683967708e-07,-0.2821477493211547,0.6855019403720769,0.0581288541288066,-0.2272771271743258,-2.325499595334315,9.092435679214908,7.972603973404813e-07,3.612238644038881e-07,-0.853804618832747,0.3868429999652181,,,,,,,,,,,,,,,,,,,,,,,,,,,,,,,,,,,,,,,,,,,,,,,,,,,,,,,,,,,,,,,,,,,,,,,,,,,,,,,,,,,,,,,,,,,,,,,,,,,,,,,,,,,,,,,,,,,,,,,,,,,,,,,,,,,,,,
EUR,blood_mscv,MSCV,covldsc,insample10,20000,24,-0.2556,0.3787,-0.1241257002755981,-0.1187975502539211,3.897690198328526,3.730380140309888,-2.193248534518428e-06,1.7173164914528724e-06,1.287160217565999,1.0078481457886892,-0.020470947000573,-0.0233863897829887,1.2597339523054645,1.4391434470841005,-7.088581965703445e-07,1.2626735334643325e-06,0.3073530735760291,0.547481278076546,-0.0056385418949164,-0.0170583676553735,0.60400367083009,1.827301609925788,-3.3987569521557645e-07,1.200829749918355e-06,0.1132966194425241,0.400293263410517,-0.0078492030638276,-0.0164315039083403,1.7269050335803295,3.615099084310173,-9.717375526091808e-07,1.0261565896584108e-06,0.2282148456641889,0.2409952842795716,-0.0111868956943123,-0.0493199839262002,0.5919120886865805,2.609579591824409,-3.330717052967178e-07,1.6954687965814534e-06,0.1548800782789609,0.7884018238659403,-0.0340683682110911,-0.0334200255114828,1.93209495693168,1.8953259619356408,-1.0871988837537871e-06,1.3297262053193194e-06,0.4896221383433731,0.5988447907633315,-0.0283137152002269,-0.039596409019404,2.15210720720726,3.0096974779735994,-1.2110008076983712e-06,1.0948341653485848e-06,0.4754977970439094,0.4298851251314152,-0.0017394093958012,-0.0103904087546843,0.206408678898509,1.2329877885257134,-1.1614713060062513e-07,7.202670343939387e-07,0.0368534404455621,0.2285404565715189,-0.0300889868547719,-0.0390041853520821,5.806147509107065,7.526476538402493,-3.2671464040440773e-06,2.26684570837556e-06,0.8182631861710049,0.5677359268618897,-0.0133024342482607,-0.0181167141352183,1.7449418700881143,2.3764532455473586,-9.818869650111752e-07,1.5541731274220032e-06,0.2968069222995618,0.4697988252299075,0.0054211501922848,-0.0253141704016621,-0.7621445337686304,3.5588493058117665,4.288622996502162e-07,1.4283119277748112e-06,-0.12535130574907,0.4174784431029987,-0.0028792605582455,-0.0109288440782772,0.5189159581476536,1.9696555701027576,-2.919964406698181e-07,1.1204097097968726e-06,0.0756164512678762,0.2901453388492199,-0.0002023216171462,-0.0114854445862758,0.0922581741574161,5.237335297444617,-5.191410680994399e-08,2.8164325820341364e-06,0.0085083536961974,0.4615933133005571,-0.0181853573000379,-0.0271478464792311,4.164942979629472,6.2175975286169445,-2.343632926583666e-06,1.929467670731768e-06,0.5396560599859207,0.4442883991116967,-0.0103151128005685,-0.0177482497990654,2.176465152471516,3.744840017929485,-1.2247071376107949e-06,1.7021754723756358e-06,0.2935903275625393,0.4080504139778259,0.0112745893329653,-0.0301830199007324,-2.617269899979567,7.006650720811106,1.4727500341179094e-06,1.50064071926196e-06,-0.3368812259825874,0.3432610243103122,-0.0009749049626753,-0.0085400242095966,0.7709961018828118,6.75381255370271,-4.3384311849593764e-07,3.827489256333897e-06,0.0540907994029351,0.4772046501486338,-0.0201771128380631,-0.0330443180035834,6.686905514051936,10.951231429375222,-3.76275305960616e-06,2.0292309335788567e-06,0.7221983115008138,0.3894773668802125,-0.0068625062178891,-0.0152901183153524,1.8735334569305704,4.17435661472541,-1.0542460533539485e-06,1.8989038629736089e-06,0.222654177190785,0.4010438320634084,0.0013511576186091,-0.012041049123239,-0.3687663566793992,3.2863181575702547,2.075065565020109e-07,1.6904741493336936e-06,-0.0438315096316855,0.3570780374735637,-0.0013658939630066,-0.0177255917522845,0.2980383800008313,3.867728237686972,-1.67707592678194e-07,2.2686316239907382e-06,0.0395465733456508,0.534958527993217,0.0011265873623579,-0.0390579662653729,-0.0751772927938061,2.606342183456513,4.230261484604031e-08,1.2597782294173066e-06,-0.0176603422121527,0.5259276459363355,0.0143298686888941,-0.0604464322715569,-0.5535761267245478,2.335101777808997,3.114998799041714e-07,7.973959631251781e-07,-0.1669998856644436,0.427496263279973,0.0486433189019009,-0.1063720007786148,-1.3016546423406703,2.846426020144329,7.324471652434177e-07,3.775539684076402e-07,-0.4598635587542266,0.2370455095911486,,,,,,
EUR,blood_platelet,PLT,covldsc,insample10,20000,8,0.082,0.4138,-0.0644744701780501,3.844175530320888,-3.457825824271984,206.16671040599468,-6.240704152587821e-07,1.77556485600771e-06,-1.4489026821782711,4.122324371335986,-0.0562655423055228,2.7385473183870994,-3.8232640347000233,186.0852848953322,-6.900249159546837e-07,1.1390755569197226e-06,-1.4667256420629893,2.421233333683068,0.0085532615459823,0.0649291809219161,0.7762977957693721,5.893001138784354,1.401066775456422e-07,8.385214144498624e-07,0.2646736577786986,1.5840396316293646,-0.0073636171347561,0.3677379569458782,-1.005444906236478,50.21177077442992,-1.814632812764461e-07,5.192993905859027e-07,-0.2866636445392507,0.8203547013215469,0.0096948194072505,0.2664178188109847,5.167998148619514,142.01881814783542,9.327233107077146e-07,2.172378891180228e-06,0.7724477781370591,1.7990857829968634,0.0241372253434887,0.7128702786399433,4.179130419643781,123.42669152433412,7.542518880218063e-07,1.2758757837325207e-06,1.0690304564400352,1.808348236318808,0.047408195742144,1.784567914947032,5.001032195514921,188.25187202387755,9.025891984118764e-07,7.328488725269961e-07,1.5986117028665,1.297977846528105,0.1203101275794636,4.2402391378210815,9.139058426922327,322.09917821818,1.6494225786414487e-06,4.661338611295698e-07,3.3540150233896697,0.94785896190831,,,,,,,,,,,,,,,,,,,,,,,,,,,,,,,,,,,,,,,,,,,,,,,,,,,,,,,,,,,,,,,,,,,,,,,,,,,,,,,,,,,,,,,,,,,,,,,,,,,,,,,,,,,,,,,,,,,,,,,,,,,,,,,,,,,,,,
EUR,blood_platelet,PLT,covldsc,insample10,20000,24,0.0972,0.4243,-0.0209460534501769,0.5193616482991333,-1.7295869399910635,42.88545936193166,-3.700783108865168e-07,1.9203002960051096e-06,-0.5711273768173704,2.963524309576003,-0.0439467627588187,0.6169917997751875,-7.111518997061182,99.84236903210189,-1.5216459360426112e-06,1.3924681443740892e-06,-1.7349477098886563,1.5876619921568147,0.0201093318072019,0.2158803443647098,5.664544476119074,60.81076307746057,1.212037974612902e-06,1.2374494599721797e-06,1.0624479286570585,1.0847231218024602,0.0001132885194458,0.0147251024842335,0.0655425563824134,8.519140902629383,1.4024087483751002e-08,1.2166113751505086e-06,0.0086609215130122,0.751348395695985,-0.0252961457774,0.4835229092738154,-3.519626353474336,67.2758604794701,-7.530915883605032e-07,1.92886022146104e-06,-0.9208739765860188,2.3585938415303827,-0.008136649313166,0.1762480449671598,-1.213437235307448,26.28427651013951,-2.596381783570274e-07,1.3854183547668875e-06,-0.3074788063414816,1.6406939253037327,0.0099139243874338,0.0748885201361755,1.9815600113161145,14.96845154443406,4.239927840296501e-07,1.0845580417170662e-06,0.437781219118014,1.1198283546116674,-0.0006126956708712,0.021232891556615,-0.1911901609537275,6.625671025959212,-4.0908803245382e-08,8.496580183685619e-07,-0.0341335070178173,0.7089380678962295,-0.0172581109317304,0.2553367079257773,-8.757261964575367,129.5651910758749,-1.873784220328083e-06,2.0532009274439373e-06,-1.2340665435037728,1.3522296453141422,0.001102963791524,0.0330012073596637,0.3804570909028339,11.383459225791569,8.140609431685822e-08,1.5869687044558352e-06,0.0647089025437761,1.261465791946111,-0.0256503554768086,0.3439913544903951,-9.482740638230284,127.17097817124656,-2.029014302102284e-06,1.4806746908083233e-06,-1.5595190532170005,1.1380601849574177,0.0040821834129644,0.0320919476604874,1.934653337519868,15.20921217103966,4.139562011864024e-07,1.2978747375429948e-06,0.2818952198842915,0.8838246255844896,0.0036376354532715,0.0350862757353124,4.3619062419127,42.07212270203913,9.33313531068144e-07,2.71926932178489e-06,0.4022372583836316,1.1719442613777025,0.0032431529366764,0.0256767368935214,1.9532113323184328,15.463992743055975,4.1792704024033813e-07,1.8302554348515423e-06,0.2530594286474276,1.108239836206885,-0.0033989535780542,0.0437077401790438,-1.8858951958901669,24.25105707800235,-4.0352346127661874e-07,1.6552726266727289e-06,-0.2543740878529305,1.043454730551988,-0.0080086591252854,0.0880946638417973,-4.888798890580299,53.776429751650085,-1.04605232258471e-06,1.3235762761822542e-06,-0.6292102084272955,0.7961434496395551,0.017811470115763,0.2096817937649722,37.04113214908569,436.05895423713895,7.925660920594548e-06,3.5040843814895364e-06,2.5984882627213164,1.1488407374615015,0.0183694581213732,0.2017461757327267,16.008737881369434,175.81910280282565,3.42537662465976e-06,2.363140524962929e-06,1.7288354746202184,1.1927100633713132,0.0205884608698156,0.2448118376199539,14.780773702850729,175.7541952514094,3.1626301280785018e-06,1.918563263472299e-06,1.7564340666399674,1.0655150107654487,-0.011126364046817,0.1437821801904358,-7.985334781045811,103.1917380680831,-1.7086155886723191e-06,1.5685065728029773e-06,-0.949059747795724,0.8712354389538561,-0.0059128887601312,0.1077309601355599,-3.392731583898437,61.81449471535541,-7.259400177171536e-07,2.343139338492606e-06,-0.4501439895891145,1.452943857963786,0.0084581349225858,0.0495587621544393,1.484195123535192,8.696346628574725,3.175720234952438e-07,1.3336870109143917e-06,0.3486331841786415,1.4641325901295672,0.0309757595262794,0.3263855848416362,3.146673556797458,33.1558904397399,6.732911817759723e-07,8.026209901243408e-07,0.9491957855666512,1.1315230049854557,0.1290878750249249,1.424937019741542,9.083487209918628,100.26810954369412,1.943586370757016e-06,4.93240600084923e-07,3.2088626102997204,0.8143406144990806,,,,,,
EUR,blood_rbc_count,RBC,covldsc,insample10,20000,8,0.0367,0.3872,-0.1529261546232466,16.39113244047588,-18.32503816380215,1964.138366387697,-1.4809226906169998e-06,1.6096539297790754e-06,-7.682203317904892,8.34998939402807,-0.0353474388153306,4.1069376380916855,-5.366578938297674,623.530466935153,-4.336956054154998e-07,1.0524830346011594e-06,-2.0597614294439115,4.998584105408768,0.0108094968669271,0.9126956945941536,2.1920470360698845,185.084645178088,1.771484547861966e-07,8.120898390393576e-07,0.7477166327237049,3.4277074595344312,0.009589277632567,0.828544723885954,2.9255044254876243,252.77308148955012,2.364222025885353e-07,5.405542476412951e-07,0.8344876343041748,1.9079673160490715,0.0270913604445154,2.549946377236537,32.26719610221806,3037.1165734900947,2.6076465676756044e-06,1.954566101199364e-06,4.825172163877553,3.616716337587316,0.0812523537745521,7.623330062900015,31.432745661618046,2949.1108113196783,2.540211150590311e-06,1.1242360855190295e-06,8.044355938924346,3.560237592531005,0.0047486682050281,0.3884544878371178,1.1192467378765742,91.55754825423402,9.0450992554799e-08,8.437319489681693e-07,0.357943088551703,3.3389132743949195,0.0914824365149874,8.817631724395248,15.526900772681064,1496.5768080772514,1.2547935487874094e-06,3.8883406651872324e-07,5.701027470664745,1.7666282209497497,,,,,,,,,,,,,,,,,,,,,,,,,,,,,,,,,,,,,,,,,,,,,,,,,,,,,,,,,,,,,,,,,,,,,,,,,,,,,,,,,,,,,,,,,,,,,,,,,,,,,,,,,,,,,,,,,,,,,,,,,,,,,,,,,,,,,,
EUR,blood_rbc_count,RBC,covldsc,insample10,20000,24,-0.1247,0.3972,-0.1748166781212634,-1.439541026574627,11.25182230138106,92.65397329727216,-3.0900581410040805e-06,1.7329903410987771e-06,3.7171133750050425,2.084660314371835,-0.0354816794906169,-0.2694342708858416,4.475478398256497,33.98506712227237,-1.2290887723780483e-06,1.3632768658593172e-06,1.0923349827504316,1.211592722363962,-0.0065810116534188,-0.0294381662615454,1.444973299745736,6.463651256309625,-3.968291880920298e-07,1.1605860622103956e-06,0.2711407837263724,0.7929916042784942,-0.0036934876572304,-0.0130205838951358,1.6656123745672975,5.871752574392461,-4.574227125109404e-07,1.1134185692484266e-06,0.2201947839599759,0.5359789853172604,-0.0450067313194753,-0.2928128362453335,4.8811200565859885,31.75646322052405,-1.3404890660440432e-06,1.7627423681484055e-06,1.2776605658819142,1.6801229257609769,0.0101763603686769,-0.1781372290525527,-1.1829435168501312,20.70743100509528,3.248686432012069e-07,1.1492876571980051e-06,-0.29988465186661,1.0609018019629397,0.0026645349868144,-0.0787952404183783,-0.4151288016192174,12.276128438938388,1.1400572268647385e-07,1.1543858403530482e-06,-0.091754024935961,0.9290721964261602,0.001564341851891,-0.032844012055033,-0.3804978463286796,7.988711570061517,1.0449511520797325e-07,7.378853839332685e-07,-0.0679610277018075,0.4799023276680532,-0.0022569191619732,-0.0249085372005803,0.8926699194168943,9.851970894781198,-2.4515157437076325e-07,2.231222038217561e-06,0.1258500809385544,1.1454116695856496,-0.036170031941865,-0.3100308716903873,9.725078846184374,83.35836354212582,-2.670772631813613e-06,1.5384232919860485e-06,1.6547936444080629,0.9531972342621736,0.0182665707992594,-0.1981243106732775,-5.2637750366825,57.09236901346611,1.4455765891822149e-06,1.5289776995880306e-06,-0.866057036358537,0.9160233398028488,0.0156194339189834,-0.1666373304229718,-5.769999090750619,61.55775234959587,1.5845995596439223e-06,1.167984561009858e-06,-0.8411097380187714,0.6199693683757735,0.0050535642640135,-0.0670764193127667,-4.723400340781531,62.69412345193019,1.2971749184540483e-06,2.801840811909714e-06,-0.4357657449925287,0.9412348569053522,-0.0053437674990893,-0.0351928064244771,2.508587026658932,16.520969080935348,-6.889266073099293e-07,2.1053045608367347e-06,0.3251582829060422,0.9936576824473968,-0.0190291209884581,-0.1680920706392603,8.229829916953502,72.69748048733871,-2.260136380827817e-06,1.752648733074227e-06,1.110551074510211,0.86118959469235,-0.0041271855589137,-0.0249330457526103,1.9637950898302663,11.863627676671836,-5.393118414115937e-07,1.4611818187124712e-06,0.2528611562161344,0.6850880988530931,-6.001730783779586e-05,-0.0113049976290342,0.0972883432604495,18.325455264743105,-2.6718039892956057e-08,3.40247498146545e-06,0.0068279396942241,0.8695208959051443,0.0003214945437769,-0.0206786611837781,-0.2183907132362486,14.046980429719584,5.997606283495318e-08,2.4210792278680107e-06,-0.0235951694172337,0.9524762355824236,-0.0123096528836496,-0.11502864425577,6.888408668527727,64.36934637473837,-1.891745418174136e-06,1.9713886252602496e-06,0.8189284334241121,0.8534056343124081,-0.0049160489633225,-0.0470621765837848,2.7501467832228927,26.327624990921105,-7.552655231153994e-07,1.7441061985358182e-06,0.327000684261098,0.7551303520286512,0.0187248229070697,-0.2195152371159751,-8.374662685682809,98.17802146047931,2.2999114202933107e-06,2.0815420058046564e-06,-1.1116335335114194,1.0060873973876705,0.06380488278119,-0.7063271244810557,-8.727103333662374,96.610001210315,2.3967012614709784e-06,1.1753965432762016e-06,-2.0508797743229272,1.005797858985036,0.0030093417814242,-0.1191148590330128,-0.2382873858155854,9.431819458318692,6.544023329871226e-08,8.940642585867828e-07,-0.071911363797204,0.9824748005379864,0.0858869843440147,-0.8847614554779366,-4.71079627341518,48.52808605588567,1.2937134968343366e-06,3.883748997648394e-07,-1.6648886721040634,0.4998022921846591,,,,,,
EUR,bmi,BMI,covldsc,insample10,20000,8,0.8717,0.3257,0.1848053358455208,0.0743042177535744,0.9323449958946712,0.3748656134816479,1.7894298885392745e-06,1.3424746480121905e-06,0.3908113021765709,0.2931963239738647,0.2073472724791612,0.0351995027976516,1.325369327341011,0.2249961660351734,2.543753115145296e-06,9.172959127770052e-07,0.5086345727436358,0.1834173339766762,0.0933777893020615,0.0267133857432254,0.7972361716862979,0.2280721951321489,1.5301184005081048e-06,7.64200664871871e-07,0.271909091685313,0.1358019801484781,0.0522566978654683,0.0168436805175865,0.6712060276050666,0.2163470014803403,1.2882314298385651e-06,4.58837863857161e-07,0.1914364162230397,0.0681851678585868,0.0331225761316014,0.0140291249513893,1.6609384511075618,0.7034933809065566,3.1878037856404893e-06,1.873249293608744e-06,0.2483445798575036,0.145934737540993,0.0878577613260663,0.0238810338783258,1.4309534923103784,0.3889542404950202,2.746398553673495e-06,1.1492815406120704e-06,0.3661710795881872,0.1532310967444266,0.0874296480289106,0.0282551084842639,0.8675844503510738,0.2803819221120971,1.6651363530946826e-06,6.300984720976284e-07,0.277427472257765,0.1049803675612774,0.1255029190212093,0.0429526022350557,0.8968088800222586,0.3069273241202641,1.7212261783840325e-06,3.605385820070868e-07,0.329243960675924,0.0689654574205585,,,,,,,,,,,,,,,,,,,,,,,,,,,,,,,,,,,,,,,,,,,,,,,,,,,,,,,,,,,,,,,,,,,,,,,,,,,,,,,,,,,,,,,,,,,,,,,,,,,,,,,,,,,,,,,,,,,,,,,,,,,,,,,,,,,,,,
EUR,bmi,BMI,covldsc,insample10,20000,24,0.9078,0.338,0.1153440721900124,0.0451384443532755,1.0197918958534575,0.3990826651851865,2.0381143838286995e-06,1.4694110297637543e-06,0.3367782111058093,0.2428056157738078,0.0942591141146787,0.0222965330424362,1.633183281674062,0.3863215281219105,3.264013325996053e-06,1.113003131175334e-06,0.3984747338706493,0.1358767818011129,0.0052325130904505,0.0175072312673084,0.1578169918398925,0.5280328068541894,3.154065867647196e-07,1.1103112975608372e-06,0.0296031736221584,0.1042106902506009,0.0052971509815485,0.0069806295939436,0.3281375365156539,0.4324223731329833,6.558022629577482e-07,8.940562292748277e-07,0.0433649138703354,0.0591194534811139,0.0710029667975993,0.032097164635061,1.0577786272872214,0.4781729028910776,2.114033111997253e-06,1.5455974559008691e-06,0.2767835500337088,0.2023600994419368,0.0835487713406276,0.0238167254455808,1.3340984301986514,0.38030309147073,2.666274571397342e-06,1.167196022233852e-06,0.338086313814826,0.1480016367742508,0.039808335146909,0.0195012732366953,0.8519453340531847,0.417350252925333,1.7026631086496247e-06,1.0899631905292942e-06,0.1882363416662515,0.1204998701703415,0.0096008324617372,0.0095085546973563,0.3207788342212638,0.3176956897334689,6.41095461449036e-07,6.559366153163304e-07,0.0572747135644073,0.0586006047737964,0.0107421190353529,0.0146948704347253,0.5836347366501429,0.7983933903593268,1.1664285198827102e-06,1.8430542502691293e-06,0.0822532785293326,0.1299670335626746,-0.0025726662538727,0.0205773519190103,-0.0950175796682369,0.759993711731007,-1.8989824946231122e-07,1.4682091757200245e-06,-0.0161623372002878,0.1249600343643677,0.0257879976692322,0.0165671131202452,1.0207847963002954,0.6557879137669761,2.040098754062116e-06,1.4066942083853034e-06,0.1678931022601464,0.1157660893164775,0.0338173297724191,0.0147592091294817,1.7160346083259062,0.748944811082241,3.429596599657093e-06,1.3540449541467348e-06,0.2500647320293209,0.0987284885482485,0.0023672512616298,0.0097604471606939,0.30393281713054,1.2531496973248966,6.074277005240542e-07,2.5861735796056776e-06,0.0280301494525962,0.1193406752510001,0.0305524077879071,0.0138200396472877,1.970168335328753,0.8911835916530002,3.9374978749334825e-06,1.840302899868373e-06,0.2552809872925468,0.1193129129507584,0.0354557642277577,0.0176341277558364,2.106372898584725,1.0476166458145388,4.209710745661173e-06,1.802682381311058e-06,0.2841400297577398,0.1216744466344633,0.0110223395530489,0.0109829453319273,0.7204307398686263,0.7178558955959983,1.4398234183355337e-06,1.5011749443144403e-06,0.0927315825501164,0.0966829171536787,0.0038454469528133,0.0072971553500771,0.856263431458604,1.6248533282645303,1.7112930815573748e-06,3.442608865942048e-06,0.0600738896382172,0.1208506639271521,0.0290340929649597,0.0135053800588591,2.709225147017429,1.2602121002935038,5.414546598789708e-06,2.5454671386189274e-06,0.2926061958432853,0.1375589705409245,0.0106351295610428,0.0133511009637124,0.8175082763761881,1.0262813888558509,1.6338386133054188e-06,2.0720252335915947e-06,0.0971557906143089,0.1232124446704811,0.0109843477258509,0.0086070165311951,0.8440928508694506,0.6614066945640317,1.6869694568461383e-06,1.3761434945549024e-06,0.1003303889667365,0.0818444053758171,0.0314682203373459,0.0128298547854504,1.9332947075418592,0.7882203089129008,3.8638037501988296e-06,2.0889529334235784e-06,0.2565321873443751,0.1386932929093572,0.0650845889179152,0.0204864687339548,1.222842838125802,0.384910344926665,2.4439236943144387e-06,1.1735754499774551e-06,0.287269960513667,0.1379474219915871,0.0760355489200214,0.0256060161754797,0.8270323517035024,0.2785145116482316,1.6528730408157712e-06,6.862200476754995e-07,0.2494987978949525,0.1035839249347024,0.1094463254430103,0.0399400181205247,0.8246020856444055,0.3009203105682103,1.6480160104434804e-06,3.727795861079981e-07,0.2913297196987131,0.0658984934867354,,,,,,
EUR,cystatin_c,CysC,covldsc,insample10,20000,8,0.9491,0.3992,0.2902973531582145,0.06365178222411,1.3451176970493777,0.2949359950647576,2.8106804406860643e-06,1.7096767662098072e-06,0.563792081603532,0.3429426586308551,0.142997774659959,0.0433170322665839,0.8395043297003693,0.254303510834637,1.7541798792299108e-06,1.1082320360094137e-06,0.3221514689585723,0.2035244974444206,0.1360997720369706,0.0324489743631861,1.0672247231294991,0.2544482416265952,2.2300112932099587e-06,9.111867179459566e-07,0.3639660088088537,0.1487171809489146,0.03390041334155,0.0161426694564208,0.3999207618745781,0.1904339219306445,8.356513825450647e-07,4.533539233253497e-07,0.1140540925276764,0.061876126096095,0.0271106539209019,0.0141760739435873,1.2486033560598155,0.6528906884119343,2.6090096344360817e-06,1.931740307059658e-06,0.1866783094666969,0.1382187363706378,0.0815434767856727,0.0244253824231252,1.2198029607098224,0.3653775258382504,2.5488299876499166e-06,1.1473252992812526e-06,0.3121162781035488,0.1404954053117841,0.060092317077181,0.0270037780689249,0.5476802150016131,0.2461119107730448,1.1444010226261e-06,7.438633772176137e-07,0.1751188805339069,0.113827687421667,0.1770582390195499,0.0641874343278083,1.1620298546090309,0.4212609104930401,2.428110633744029e-06,4.402840494112762e-07,0.4265828763357731,0.0773513503019498,,,,,,,,,,,,,,,,,,,,,,,,,,,,,,,,,,,,,,,,,,,,,,,,,,,,,,,,,,,,,,,,,,,,,,,,,,,,,,,,,,,,,,,,,,,,,,,,,,,,,,,,,,,,,,,,,,,,,,,,,,,,,,,,,,,,,,
EUR,cystatin_c,CysC,covldsc,insample10,20000,24,0.9314,0.4134,0.1452630119868533,0.0489250478664315,1.2517720956233955,0.4216008525403605,2.566800074582158e-06,1.881437805633684e-06,0.4133913831104826,0.303011591907434,0.0642472751212818,0.0230881010698043,1.084976244754239,0.3899004455820865,2.224779666915432e-06,1.3702971862578057e-06,0.2647218672865262,0.1630487887308742,0.0121813912810544,0.0173846734450655,0.3580917172538481,0.511050620098133,7.342789072931715e-07,1.2312580459110046e-06,0.0671711078919423,0.1126342677465594,0.0116473934129137,0.0083687281572055,0.7032281570189894,0.5052740188255,1.4419925897019487e-06,1.0843201813096996e-06,0.0929356948992835,0.0698838886295268,0.082801554854023,0.0303318283521666,1.202294135970265,0.440423847418788,2.465343882219457e-06,1.7578649279113135e-06,0.3146008855916423,0.2243199689341185,0.0615297351938405,0.0261870762530572,0.9576058629581266,0.4075573813971093,1.9636024872699608e-06,1.31132941606509e-06,0.2426779054412089,0.1620647142673783,0.0604881928884048,0.0210081470694385,1.2617179116716717,0.4382070976635907,2.587194299268707e-06,1.1255710621064656e-06,0.2787775120572071,0.121283469288071,0.0068608852859694,0.0106993404723576,0.223424562595691,0.3484237624534309,4.581394536107658e-07,7.3342577714044e-07,0.0398925558665174,0.0638631503091997,0.0313629677766811,0.0140132054526681,1.6608188613629502,0.7420661236418341,3.405563993732311e-06,2.3707338887588e-06,0.2340658622822643,0.1629415488698439,0.0118831432432011,0.0198930992911332,0.4277655353186905,0.7161053345282332,8.771473751480951e-07,1.64841287213089e-06,0.0727628522853895,0.136742383000284,0.0465417518751318,0.0208711277074521,1.795615071597339,0.8052234813438232,3.681968080141276e-06,1.5470807981090326e-06,0.2953354823103138,0.1240933771661119,-0.0066556795082865,0.0130372195916539,-0.3291797231697184,0.6448009299035969,-6.749939073870945e-07,1.2021103319663998e-06,-0.0479692803281874,0.0854294636861624,0.0254849973881984,0.0112837657419962,3.1891267258548903,1.412021290327853,6.539409806622704e-06,3.0683982758914907e-06,0.2941191615482161,0.13800553182754,-0.010472568115209,0.0181068174942802,-0.6582108414949177,1.138030657675717,-1.349683095626567e-06,1.9712401398730206e-06,-0.0852872068882652,0.1245637336501986,0.0213344344816853,0.0157618488704294,1.2353314203853396,0.912661039584703,2.533087926360634e-06,1.986048855572372e-06,0.1666419639660841,0.1306543994707175,0.0232021963321349,0.0153175506840263,1.478092086350282,0.9758020371964242,3.0308766993194283e-06,1.6369618103658197e-06,0.1902570034370551,0.1027568851121628,0.002583179265749,0.0074071194506647,0.560620614548831,1.607547688822191,1.1495711082452251e-06,3.4645987132169905e-06,0.0393324630091344,0.1185409060402663,0.0430863374850964,0.0207276839966241,3.918594807464829,1.8851311023601929,8.035208229377302e-06,2.882851825295888e-06,0.4232261588951683,0.1518440182076596,0.0048868929491806,0.0134382221673972,0.3661306979699233,1.00680446917687,7.507631030774771e-07,2.14122011475244e-06,0.0435127368225844,0.1241008607782261,0.0189141759706626,0.0125805226946482,1.4166328859017163,0.9422552797814118,2.9048525765204817e-06,1.7111570980905233e-06,0.1683849675880317,0.0991902772722247,0.0240592765017937,0.0118389819994941,1.4406629511990965,0.7089150309782859,2.9541270200179715e-06,2.0269636765094515e-06,0.1911656748531496,0.1311676432655198,0.0429270708792881,0.0237526724410952,0.7860997868285143,0.4349695975077947,1.6119236069530557e-06,1.2734656157715886e-06,0.1846719662252068,0.1458961194999001,0.0531853937316453,0.02535911494292,0.5638351366962653,0.2688399772404072,1.15616259220355e-06,7.843267083629354e-07,0.1700990232334509,0.1153931184835936,0.1540569897187046,0.059863895758194,1.1313021072517817,0.4396045355891002,2.3197723798298035e-06,4.729970601136391e-07,0.3996894476974525,0.0814958982023958,,,,,,
EUR,ggt,GGT,covldsc,insample10,20000,8,0.1958,0.3663,0.0125266051517033,0.8557319134006226,0.2813519209720685,19.220037253240207,1.2129256478551668e-07,1.5576887450996372e-06,0.1179345260157076,1.514563437240994,-0.0078326240162694,0.5616867067608268,-0.2228949490484411,15.9840597001195,-9.609140024498521e-08,1.0166153188058564e-06,-0.0855401088655097,0.9049861363586088,0.0331703500540709,0.2266290020992225,1.2608047037106962,8.614166307506093,5.435407573488567e-07,7.841738266661797e-07,0.4300165445021978,0.6203908624567569,0.0056388725484018,0.1285609330523331,0.3224486196711104,7.351521966585988,1.3900960745649692e-07,5.430186336539937e-07,0.0919665384417327,0.3592524643460043,-0.0088126401744922,0.1981455958933254,-1.967387142176852,44.235222353437024,-8.481528456468881e-07,1.907813020212549e-06,-0.2941653977280807,0.661688018571225,-0.0016665411625567,0.1751961928242167,-0.1208414114862711,12.703529743855306,-5.2095484832061726e-08,1.0356851204844329e-06,-0.0309225230189443,0.6147557140853773,0.0781349698930848,0.8010877509866963,3.451857328395765,35.39056363258729,1.4881171850124645e-06,7.484921631872486e-07,1.10380193999299,0.5551895442889564,0.0846410077060575,0.8885515510164341,2.6926583745248567,28.26721750939433,1.1608217893409855e-06,4.272593128410121e-07,0.9885526046548468,0.3638528415389297,,,,,,,,,,,,,,,,,,,,,,,,,,,,,,,,,,,,,,,,,,,,,,,,,,,,,,,,,,,,,,,,,,,,,,,,,,,,,,,,,,,,,,,,,,,,,,,,,,,,,,,,,,,,,,,,,,,,,,,,,,,,,,,,,,,,,,
EUR,ggt,GGT,covldsc,insample10,20000,24,0.2266,0.3646,-0.0087618995032304,0.157820523999597,-0.3103450457796884,5.58997711941017,-1.5481430644889908e-07,1.6323908320925483e-06,-0.1024841718733292,1.080612163294094,0.0019411848030907,0.0417777355687656,0.1347437802525934,2.899924835577594,6.721636182623863e-08,1.2083414735993636e-06,0.0328741203662094,0.5909746074813889,-0.0128173919931985,0.0479249178586281,-1.5487216763005474,5.790753623043289,-7.725732228026364e-07,1.064642183827429e-06,-0.2904941815197617,0.4003146247813564,0.0207670046372926,0.0457408127935605,5.153682913219513,11.351355164028988,2.5708928069501657e-06,1.090682492530333e-06,0.6810512890162417,0.2889310341672403,0.0185116932334733,0.0460604424553067,1.1048280953421574,2.7490122198273546,5.511387974502306e-07,1.7221486984128469e-06,0.2890811322846627,0.9032945929463444,-0.0181077923870632,0.0899031769977673,-1.1583600872031028,5.751129111761341,-5.778430039632085e-07,1.2224906173460715e-06,-0.2935370004249724,0.6210099047704079,0.0114466874490589,0.0225393115113517,0.9814039715892954,1.9324516313186613,4.895691981358374e-07,1.0676383321429837e-06,0.2168298683791034,0.4728562987960226,-0.0272580718311514,0.0818138614178788,-3.648566095658644,10.95100500039946,-1.8200716825147687e-06,7.008466707998421e-07,-0.6514168516089432,0.2508381049708124,-0.0050024496665878,0.0359912727193708,-1.0888402638617012,7.833911282751266,-5.431633356991003e-07,2.197483005491172e-06,-0.1534460831910368,0.6207988240544392,-0.0039417732116102,0.0339572958349805,-0.5832334452249113,5.024396274758451,-2.909435241456854e-07,1.589598452097517e-06,-0.0992023979083916,0.5420020212602482,0.0428026665983415,0.0988250142122861,6.787622332482706,15.671614102220998,3.385976538469825e-06,1.3701259422740546e-06,1.1163384431154495,0.4517232307703827,0.0086221355854871,0.0190265120349137,1.7527979255371102,3.867908419479983,8.743757919684399e-07,1.116814510557464e-06,0.2554099448700639,0.3262276188244071,0.0201332590300749,0.0447830124940177,10.35565546298345,23.03439534005756,5.16587469375502e-06,2.6028627304488493e-06,0.955003494113755,0.4811853073560054,0.0182529783789636,0.0328297843687264,4.715436545444962,8.481178346750442,2.352275469881636e-06,2.1490765910088945e-06,0.6109653646030386,0.5581877547070088,-0.0008605178250226,0.0161920971628753,-0.2048040550659511,3.8537344172871473,-1.0216563200904337e-07,1.7320466661492885e-06,-0.0276258255148412,0.4683494639211671,0.005302516741254,0.0135751652712743,1.3884516817168828,3.554625467533706,6.926232174990147e-07,1.4367379000813048e-06,0.1787087252207938,0.3707031357208228,0.0105893736553103,0.0238046988172198,9.446286604867218,21.235062137715392,4.712239905670044e-06,3.798881771136187e-06,0.6627031325150645,0.5342535397565574,0.0092453514738143,0.0209141834525641,3.456133693632063,7.818222412629108,1.7240775970181071e-06,2.313370038808888e-06,0.3732574662901455,0.5008374569513488,0.0262346757783687,0.0641681248566802,8.078957943130085,19.760548458315085,4.0301538168693634e-06,2.165191603689432e-06,0.9600888572872422,0.5158057054529295,0.0209921824622612,0.0518121274714263,6.4625484902366335,15.950622893468582,3.223814834532941e-06,2.0403045530249456e-06,0.7681139253001276,0.4861279010954001,-0.0182538383395186,0.0644937813770685,-4.492730341213483,15.87354741632856,-2.241179426884259e-06,1.986886948078688e-06,-0.5961200162096661,0.5284820418604568,-0.0106442158227653,0.0603656900188886,-0.8011916654946197,4.543734224321689,-3.99671055532944e-07,1.0537379241956975e-06,-0.1882069007318564,0.4962099360236133,0.0513742944798641,0.1011393821431311,2.23862812970717,4.407135283883223,1.1167301234885516e-06,7.78853470582757e-07,0.6753166625274959,0.4709935868021713,0.0660319462734923,0.140050168710162,1.9930932340325216,4.2272424096848304,9.942460848361088e-07,4.552463827876761e-07,0.704121372442216,0.3224037919150087,,,,,,
EUR,glucose,GLU,covldsc,insample10,20000,8,0.4091,0.4054,0.0759994447402431,0.1057689562218262,0.8169775519901188,1.1369933454908705,7.357612696007217e-07,1.6760939431518142e-06,0.3423946083574579,0.7799887721015887,0.16323579829636,0.0839102244240417,2.2232666974757955,1.1428547505308584,2.002250274822214e-06,1.2032371677153782e-06,0.8530742766787736,0.5126485382118148,0.0486090512237937,0.0293521189196545,0.8842969314074686,0.5339743944282614,7.963883846887517e-07,8.55842468661793e-07,0.3015512791293458,0.324063479729234,-0.003695696176851,0.0222799454229546,-0.1011457670265957,0.6097693266104978,-9.109079898333237e-08,4.86345325215966e-07,-0.0288431535953908,0.1539972540823928,0.0235377761152006,0.0199594614388766,2.514967784781735,2.13263148883257,2.264953162823628e-06,1.955599531990878e-06,0.3759758033771467,0.3246239777460232,-0.0143866092263573,0.0520265909228844,-0.4992768157264899,1.8055450203994547,-4.496433750551458e-07,1.2311977248376929e-06,-0.1277398036488411,0.3497726517251106,0.089185906689398,0.0668701248587472,1.8857617736214043,1.413913138710136,1.69829694015996e-06,9.010179284497528e-07,0.602907735599508,0.319867901855275,0.0266143283382126,0.0272405294775534,0.4052277235063667,0.4147622140607578,3.6494376571078747e-07,4.128554827383392e-07,0.1487453473781277,0.1682734107740468,,,,,,,,,,,,,,,,,,,,,,,,,,,,,,,,,,,,,,,,,,,,,,,,,,,,,,,,,,,,,,,,,,,,,,,,,,,,,,,,,,,,,,,,,,,,,,,,,,,,,,,,,,,,,,,,,,,,,,,,,,,,,,,,,,,,,,
EUR,glucose,GLU,covldsc,insample10,20000,24,0.2257,0.4125,-0.0182022338090605,0.1478131303170129,-0.6472910234486747,5.256393990193978,-3.216362409784444e-07,1.812146627760926e-06,-0.2137661959422238,1.204390680377164,0.0422574771324426,0.0571700468739306,2.9449217274169803,3.984178058448938,1.4633194653861132e-06,1.410702088777443e-06,0.7185328616501026,0.692696183411716,0.0105556319555414,0.0180468618535782,1.280519793873639,2.189292305580842,6.362850064035645e-07,1.172121238103136e-06,0.2402026655582702,0.442485117386629,0.0084587991102554,0.0167284209385441,2.1075645842482427,4.167994423431527,1.0472401531003973e-06,1.1610377119589712e-06,0.2785290398399477,0.3087951872094612,-0.0181447537831156,0.1017019484785325,-1.0872464309924317,6.094052409306042,-5.402482691919545e-07,1.8504603497003249e-06,-0.2844988357436271,0.974466453852598,0.0552502618039913,0.0761814132579511,3.548466954422333,4.892777312912248,1.7632186004617533e-06,1.4789869465240729e-06,0.8992645999201143,0.7543027304752458,-0.008739608318535,0.0430947570528692,-0.7522952200355268,3.709546075504256,-3.7381239336384e-07,1.1897793033297656e-06,-0.1662214485507002,0.5290537252536347,-0.0052577365837622,0.0181239577107142,-0.706568475298406,2.4356140635841563,-3.510909624206615e-07,7.300748539367901e-07,-0.1261590741467885,0.2623410383322841,0.029749174860065,0.0477473783273785,6.501068100226135,10.434203959392471,3.2303539371845004e-06,2.3090068166760903e-06,0.9162285403195072,0.6549059286905303,0.0012380783352958,0.0243780601196302,0.1839192796446269,3.621414839848795,9.138873181523688e-08,1.807034277363391e-06,0.0312848784614345,0.6185975734651169,0.034533879367604,0.0599988994163018,5.49820030577211,9.55253140271764,2.732033064622435e-06,1.6713545998589172e-06,0.9043285329930116,0.5532340266937503,-0.022201880168167,0.0493022626420248,-4.5314282028787,10.062646123193105,-2.251647992385884e-06,1.2210733162506883e-06,-0.6603413927327824,0.3581044892489705,0.0061076080225592,0.0117752845898551,3.1540096304640493,6.080835715173391,1.5672143824078649e-06,3.13189599061343e-06,0.2908826700950177,0.5812952448852815,0.0310206749776226,0.0566058836216227,8.045772630877964,14.681758843676162,3.997911250144243e-06,2.5101477663450924e-06,1.0425332300020025,0.6545699228655072,0.0030627157688179,0.016574777004653,0.7318359195374352,3.960542892626862,3.6364625129346977e-07,2.0295144387412943e-06,0.0987228989932391,0.5509737780288104,0.0132027583816015,0.0267868473428096,3.4708971471769896,7.042042983501535,1.7246744830369688e-06,1.3945555920776069e-06,0.4467701981663244,0.3612541870100325,-0.0035892465162572,0.0151797473518524,-3.214566978212184,13.595141585803368,-1.597305078845398e-06,4.0053125669034086e-06,-0.2255318330240794,0.5655309665083327,-0.0123348065869414,0.0330892672294471,-4.629432949399196,12.418884958086778,-2.3003461468897947e-06,2.40273554082901e-06,-0.5000037176053966,0.5222590975977468,-0.0239261308444138,0.0525446423487956,-7.397423214391653,16.24562532197464,-3.675749098028812e-06,2.207787533475984e-06,-0.8791520905649614,0.528050466398688,-0.0162299199186662,0.0342213962338571,-5.016385982086434,10.57723841000037,-2.492621513548886e-06,1.4862011742536447e-06,-0.5962662592146879,0.35551791950596,0.0184451663725062,0.0312249778082241,4.557923962906133,7.715900833806337,2.264813626309999e-06,2.044037247532317e-06,0.6048085098253733,0.5458511496691097,-0.0228988717368275,0.0764587954211171,-1.7304744125580598,5.778013458997821,-8.598656014093312e-07,1.3169739796782654e-06,-0.4065292207834948,0.6226419627360772,0.0905977802601433,0.1527670278618482,3.9635285371712072,6.683347789875604,1.969460989763939e-06,9.922224706574862e-07,1.1957350606824466,0.6024161952577306,0.0327451819172998,0.0536884093380312,0.9923143473534446,1.6269806961911066,4.930769082062632e-07,4.338904141855782e-07,0.3505876779024429,0.3085048807635863,,,,,,
EUR,hba1c,HbA1c,covldsc,insample10,20000,8,0.7114,0.3869,0.2481883330500825,0.0506047395302105,1.534251954176805,0.3128286473448633,2.402882005299059e-06,1.653619841431957e-06,0.6430401025896587,0.442528542863826,0.0619315253351127,0.0609662940888642,0.4850690334966957,0.4775090099838703,7.59695074035212e-07,1.1067126042150582e-06,0.1861330156551138,0.2711558380810632,0.0748796788433803,0.0281666427252468,0.783358509222439,0.2946671192487494,1.2268637236433851e-06,8.556219695072429e-07,0.2671457083519477,0.1863089866629242,0.0245744095976186,0.0181074998766932,0.386767668804451,0.284987335600698,6.057395391100046e-07,5.561837857143909e-07,0.1102985422535763,0.1012749817842617,0.0146518466655884,0.0149372239420144,0.9002745691585171,0.9178094171845642,1.4099728249784416e-06,1.863502099397636e-06,0.1345944125863004,0.1778878046288568,0.0473030843996348,0.0240613670492963,0.944034858513657,0.4801963661845914,1.4785083817048878e-06,1.1468005681578468e-06,0.2415446678620531,0.1873533933032455,0.0969842557598431,0.0418581488618661,1.179254255528727,0.5089630248454099,1.84689928050486e-06,7.24212972547307e-07,0.3770474949437901,0.1478492573943257,0.1428868663487391,0.0679040040762055,1.2510986914476674,0.5945585680103866,1.95941906695878e-06,3.8481272099464817e-07,0.4592618698586898,0.0901950035954867,,,,,,,,,,,,,,,,,,,,,,,,,,,,,,,,,,,,,,,,,,,,,,,,,,,,,,,,,,,,,,,,,,,,,,,,,,,,,,,,,,,,,,,,,,,,,,,,,,,,,,,,,,,,,,,,,,,,,,,,,,,,,,,,,,,,,,
EUR,hba1c,HbA1c,covldsc,insample10,20000,24,0.7133,0.402,0.1559242254167106,0.0332813850941125,1.7544775929141143,0.3744860316138433,2.755434103937821e-06,1.817562749303568e-06,0.5794599378217544,0.3822282653007147,-0.0043014297311325,0.0393887921166233,-0.0948510971474371,0.868564728730407,-1.4896511014533178e-07,1.2941990282229729e-06,-0.0231446907622443,0.2010795431480206,0.0085844173821851,0.0164382141518073,0.3295127450862146,0.6309806278429486,5.175048454079468e-07,1.1477039959677362e-06,0.061815856135885,0.1370930257578465,-0.0079043507600382,0.0095481630072222,-0.6231573477466272,0.7527509995525858,-9.786782202493202e-07,8.557382041319462e-07,-0.0823613497183506,0.0720152467272743,0.0739497646826266,0.0291164756235122,1.4020808019542923,0.5520457254664883,2.2019895117409264e-06,1.7785279142527792e-06,0.3669118095976436,0.2963515002950598,0.0584064942062309,0.025497959449747,1.1869348974419769,0.5181687121572938,1.8640995523535657e-06,1.3296933641801531e-06,0.3008221258986264,0.2145814498485011,0.0541836707944323,0.0258812729591829,1.475788398792224,0.7049223837943048,2.3177484287352447e-06,1.223294130617562e-06,0.3261061560149056,0.1721169310980721,0.005885344700465,0.009886505905345,0.2502572524715022,0.4203950542131266,3.9303287257856173e-07,7.062268031217215e-07,0.0446876023127153,0.0802975647136882,0.0035102868217276,0.0193680840282323,0.2427234462493074,1.3392319036382592,3.812009137773011e-07,2.238435411450139e-06,0.0342110950065973,0.2008896719801425,0.0045098802758185,0.0210119711412833,0.2119841943936388,0.9876549936126344,3.329244449100299e-07,1.647888803335185e-06,0.036061753526331,0.1784962347259701,0.0204341720958385,0.0164047520858737,1.0294175588251933,0.8264264275630655,1.6167161440164416e-06,1.4496139668313833e-06,0.1693297989533165,0.1518280388749439,0.0216397819015296,0.0144777058916032,1.3975184929043198,0.9349845488468256,2.194824335052566e-06,1.3101230969872852e-06,0.2036700295574129,0.1215736519892645,0.0132478925145065,0.0101939505885696,2.1647013554792576,1.6656882317396389,3.3996968464104853e-06,3.0187931853087265e-06,0.1996590346526029,0.1772891408923647,0.0055381443790947,0.0148515055634959,0.454506523241506,1.2188389641928523,7.138095007082597e-07,2.079707434382958e-06,0.0588977110201237,0.1716004162947575,-0.0082055057865441,0.0174635336465953,-0.6203998984169753,1.3203786313960086,-9.743476035726014e-07,1.7938700755032029e-06,-0.0836974143031184,0.154095198022592,0.0148257333711581,0.0141511331980624,1.233254160923539,1.1771386589377475,1.9368446696362496e-06,1.8155082551898167e-06,0.1587563793284555,0.1488108580689576,0.0141160008337114,0.0097925546575973,4.000278259810125,2.775073759647083,6.282498669027707e-06,3.6288905743632535e-06,0.2806801612978389,0.1621261930011868,0.0129879759851302,0.0118499980173089,1.542397335549713,1.4072558641232638,2.4223587906514527e-06,2.256657219367796e-06,0.1666010929802365,0.1552047370849252,0.0046920742210455,0.0123486692316752,0.4590206259112721,1.2080571646694178,7.208989685334319e-07,1.9267705939943924e-06,0.054557177360292,0.1458167782414747,-0.0002949735801723,0.0133974905292897,-0.0288480872612259,1.3102596362848629,-4.5306365720481145e-08,1.9640401837219075e-06,-0.0034292761345585,0.1486598190396618,0.0020331503148732,0.015645529589084,0.1589693220522947,1.223303173273118,2.496637707040868e-07,2.022900447370156e-06,0.0210960081400474,0.1709303844281313,0.0357914440972786,0.0221090189396786,0.8558342329436669,0.5286642029293152,1.3441008550320562e-06,1.2390870115183756e-06,0.2010723642477816,0.1853626935671996,0.0914362165336785,0.0402300887152037,1.2657327425838425,0.5568968451918689,1.987852782772472e-06,7.897307051137202e-07,0.3818837106383303,0.1517140980899146,0.1323095893298444,0.0672000261726121,1.26868124477622,0.6443630676014314,1.992483450915072e-06,3.991642662957212e-07,0.4482662497279111,0.0898034403224777,,,,,,
EUR,hdl,HDL,covldsc,insample10,20000,8,-0.3661,0.4202,-0.2673627439663519,-0.1310081861597325,3.2116657826259303,1.5737215383533525,-2.5889829103693684e-06,1.840814143596065e-06,1.346321957065936,0.9572595054508598,-0.1558932048534059,-0.1062325094653763,2.3726467928406825,1.6168262312360555,-1.912634257349397e-06,1.1216713293645082e-06,0.910605282682871,0.5340277860382651,-0.0451670661001371,-0.0323649452862314,0.9181900990183404,0.6579389560349993,-7.401699416198926e-07,9.016774703013224e-07,0.3131824756304045,0.3815199273711486,-0.0049304137327717,-0.0190307511815144,0.1507872311460782,0.5820189608463752,-1.2155236284266296e-07,5.147607520373418e-07,0.0430092022655871,0.1821391932250386,-0.0398348438762507,-0.0357572168944218,4.7561973733599805,4.269337206397481,-3.83405825867245e-06,1.952269723641736e-06,0.7111957107174146,0.3621347825054247,-0.0031627899113028,-0.0389674490398588,0.1226543761421037,1.5111747178503847,-9.887395053114365e-08,1.178581430393391e-06,0.0313884364469582,0.3741514132563732,0.0046604793165741,-0.0486855582255779,-0.1101161279022577,1.1503248469518803,8.876663781058125e-08,8.331386948215385e-07,-0.0352141127251696,0.3305097572553226,0.1455905831236463,-0.2013976330312464,-2.4771178879340034,3.426634255222248,1.9968503302942714e-06,6.403539411385044e-07,-0.9094790642998792,0.2916535577914653,,,,,,,,,,,,,,,,,,,,,,,,,,,,,,,,,,,,,,,,,,,,,,,,,,,,,,,,,,,,,,,,,,,,,,,,,,,,,,,,,,,,,,,,,,,,,,,,,,,,,,,,,,,,,,,,,,,,,,,,,,,,,,,,,,,,,,
EUR,hdl,HDL,covldsc,insample10,20000,24,-0.1952,0.4509,-0.0621555399954513,-0.0480949318311097,2.55568006479282,1.9775430879907407,-1.0982057025274663e-06,2.031570096952449e-06,0.8439359576536166,1.5611966422739785,-0.0631784220972866,-0.1431195682382283,5.090854817937218,11.532433373925162,-2.187600032107817e-06,1.398332126816933e-06,1.242015890299301,0.7939068823971619,-0.0464242194435074,-0.1205972633208039,6.511760410308302,16.915749888687962,-2.798179832682969e-06,1.4116211127871849e-06,1.2213875841323427,0.6161635790949866,0.0001382891447078,-0.0088342578667464,-0.0398393292114148,2.5450364035105,1.711942708618798e-08,1.0606010594011334e-06,-0.0052645974477518,0.3261579725942474,-0.0973876884385705,-0.2119259930191247,6.74734186237419,14.682935259574675,-2.8994119460576267e-06,2.058632657913289e-06,1.7654229945780318,1.2534808779453024,-0.0534087913857597,-0.1305074467754083,3.966166307089787,9.691554981769318,-1.7043081861545155e-06,1.382809937833038e-06,1.0050350658125589,0.8154466945394867,0.0131020435224933,-0.0585288806277401,-1.3040286001337256,5.825300010746822,5.603563860180838e-07,1.231117308046036e-06,-0.2881040996564823,0.6329720735879485,-0.0068440906625984,-0.0179318959032645,1.0634643420683587,2.7863353685562253,-4.569831024560461e-07,8.675319783226789e-07,0.1898675430004809,0.3604425728505275,-0.0175172014567378,-0.036445246859186,4.426151360561231,9.208787109640124,-1.901969159356454e-06,2.466212184050078e-06,0.6237476511703357,0.8087902211881256,0.0015786038842708,-0.0270685704597428,-0.271146526930154,4.64939237908537,1.1651484322993769e-07,1.7473665129983309e-06,-0.0461184627090208,0.6916359764538516,-0.0056690589023667,-0.0208820407523292,1.0436092148540057,3.844146008959181,-4.484511213870548e-07,1.7328791046881742e-06,0.1716355091591113,0.6632240912329792,-0.0106699587456443,-0.0321082438680967,2.51802382534941,7.577285440114804,-1.0820243747227106e-06,1.6202760165787372e-06,0.3669076902878546,0.5494254517362975,-0.02407147634198,-0.0662870631051538,14.3729637747586,39.57968938880397,-6.176231132021679e-06,3.34730840272274e-06,1.3254541993823663,0.7183513512008838,-0.0007419093317388,-0.0196881398391014,0.2224944035384566,5.9043615478130445,-9.560845510847952e-08,2.23969309958717e-06,0.0288273555198471,0.675300413168391,0.0202857558085607,-0.0819417124779187,-5.6046689586765694,22.63934243711947,2.408391995535739e-06,2.133578720656562e-06,-0.755992880961794,0.6697291498966027,0.0133347179895724,-0.0478884053370234,-4.053336412160804,14.55657459157829,1.7417662028279254e-06,1.5114356786319671e-06,-0.521697388628065,0.4527083171905386,-0.0139870966387647,-0.0390878498085875,14.48433339854651,40.47741022184662,-6.224087965753384e-06,3.582596770055169e-06,1.0161257212457422,0.584883881290764,-0.0141709027484119,-0.0401924967698878,6.149569550456714,17.441835476616365,-2.6425421716267577e-06,2.559201351626593e-06,0.6641309413173547,0.6431854980123587,0.0334056634456403,-0.0957339494728257,-11.94207624299361,34.223601800567884,5.131650244779971e-06,2.761236457587225e-06,-1.4191455780157989,0.7636133254847215,0.0549599053919085,-0.1830688294341447,-19.641393244615195,65.42454620521968,8.440137075048747e-06,6.563443664091741e-06,-2.3344530365020497,1.8153794014608,-0.0194191587138313,-0.0449398951169072,5.548385856537497,12.840096841236017,-2.3842064863334845e-06,2.1624983474343734e-06,0.7361749487417439,0.6677178001158799,0.0227008909992272,-0.1216451440102494,-1.9835618490189664,10.629127587342827,8.523597941376697e-07,1.316831288760071e-06,-0.4659463281126161,0.7198517667792029,-0.0202056809718058,-0.056640505819057,1.0220912483474058,2.865123198787913,-4.392045987687166e-07,8.879138834759144e-07,0.3083232003378582,0.6233187242237265,0.1011453256880745,-0.328341729316583,-3.5440466189761413,11.504816339628592,1.522918404615839e-06,4.230488582973843e-07,-1.2520174004715732,0.3477957389132529,,,,,,
EUR,height,HT,covldsc,insample10,20000,8,0.4573,0.3959,0.0191096392958522,0.1635513234222451,0.1837724782680787,1.5728309448443465,1.850404913212625e-07,1.6903095164760617e-06,0.0770344605058464,0.7036950710618294,0.0973398489211631,0.0351888139751042,1.1860284345774943,0.4287548667486967,1.194211920759237e-06,1.090705909249247e-06,0.4551747525648399,0.4157233600950007,-0.0098268123033905,0.0590838879480719,-0.1599270449414978,0.9615642704327914,-1.610305267166476e-07,8.160603188242644e-07,-0.0545472360412948,0.276431032938052,0.0363986979808813,0.0270793141330798,0.8911803015242846,0.6630058950697832,8.973293629382825e-07,5.814952417842569e-07,0.2541841046768067,0.164718612263801,-0.0322572684281328,0.0450116820027263,-3.0833502804265205,4.302496432231505,-3.104625111347696e-06,1.90925825496691e-06,-0.4610394775016662,0.2835264795959792,0.042189698915129,0.0254686533215019,1.3098382139231513,0.7907099655954513,1.3188759760976954e-06,1.1002035284747583e-06,0.335189403673514,0.279614286189434,0.0685969506593493,0.0449645118580027,1.2975487528965586,0.8505282774986156,1.3065017189299983e-06,7.812312724730815e-07,0.4149306272354169,0.2481104901788091,0.2357492449591482,0.1895320498730728,3.211162089676817,2.5816334361393665,3.233318810225904e-06,4.768398267122206e-07,1.1789469090611815,0.1738674324479511,,,,,,,,,,,,,,,,,,,,,,,,,,,,,,,,,,,,,,,,,,,,,,,,,,,,,,,,,,,,,,,,,,,,,,,,,,,,,,,,,,,,,,,,,,,,,,,,,,,,,,,,,,,,,,,,,,,,,,,,,,,,,,,,,,,,,,
EUR,height,HT,covldsc,insample10,20000,24,0.3592,0.4048,-0.0253237489890859,0.1382602575547325,-0.5658458393758463,3.089352667414908,-4.475434244033007e-07,1.814750078359621e-06,-0.1868979176810765,0.7578549750992212,0.0100243036164874,0.0297498624234783,0.4389546300800872,1.3027179098558967,3.471815901667158e-07,1.2767074892670711e-06,0.1071172475032643,0.39390738446535,0.0261800913027732,0.0258363472925573,1.9955767927023345,1.9693749142793748,1.5783579365908149e-06,1.0838362922910105e-06,0.3743922606098093,0.2570899225040504,0.0099019343821745,0.0117138658988504,1.5501990136157413,1.83386625897203,1.2260960968193748e-06,1.1728902923728524e-06,0.2049009337441922,0.19600936395616,-0.0062945671587607,0.0700531340000434,-0.2369943617347638,2.637543990098398,-1.874455210840564e-07,1.8013575051093728e-06,-0.0620236625317657,0.596049397978762,0.0478252624348078,0.0336347325932491,1.9300075939062225,1.3573430864590466,1.5264974090008948e-06,1.2785745444063718e-06,0.4891844477720856,0.4097345850395153,-0.0360014205906173,0.0638542096785314,-1.9472028752083,3.453672067390434,-1.5400976416826411e-06,1.054236195967059e-06,-0.4303054570332645,0.2945550826446205,0.0090258416429924,0.0132649647602649,0.7621463491748837,1.1200999157589442,6.028030309146443e-07,7.905566257535561e-07,0.1361035650985447,0.1784954117003611,0.0052565534317028,0.0174426248286165,0.7217820965042708,2.3950625597004342,5.708778056914416e-07,2.2865383488791497e-06,0.1017400852221347,0.4074998259861962,-0.0169893819016246,0.0385657456260134,-1.585812888287966,3.599781134728569,-1.2542641141801784e-06,1.5990513991335875e-06,-0.2697901249620599,0.3439532965311598,-0.0161341949424615,0.0338277444262822,-1.614052738995987,3.384102134628556,-1.276599808128987e-06,1.426288716757054e-06,-0.2655157503853352,0.2966490488909914,0.0018391261143638,0.0118422720649259,0.2358588036031396,1.518712664325567,1.8654737614868557e-07,1.2280601512048269e-06,0.0343757672822197,0.2262991355758194,0.0044430882185739,0.0089124179589117,1.441690463235256,2.891895758903852,1.1402736256885682e-06,2.712421915567702e-06,0.1329822723995844,0.3163311172972288,0.0436562158739179,0.0470752707618426,7.114720301621364,7.671928908380363,5.627232836016905e-06,2.045097204434312e-06,0.9220338684382078,0.3350934538673615,0.0016304414620702,0.0137268054410214,0.2447977765448287,2.060970313376819,1.936174618196959e-07,1.6989377212195711e-06,0.0330277157792562,0.2898087375783855,0.0152770748343587,0.0199134250828417,2.523553440219715,3.289411940389452,1.9959495496979194e-06,1.5846931736884774e-06,0.324879156304741,0.2579392757435745,-0.011712646278426,0.0181315916085047,-6.591275286356891,10.20352777933571,-5.213225418596103e-06,3.1290042084686964e-06,-0.4625106232155188,0.2776012104407642,0.0089759541667172,0.0127414147294275,2.11675849675173,3.004749956184025,1.6742039621887352e-06,2.249563169459281e-06,0.2286565455417291,0.3072369645058073,0.0036358395596224,0.0124529017029218,0.7063304581772424,2.419211194889577,5.586566693884028e-07,2.0171243339908657e-06,0.0839572824452089,0.3031419594817974,0.0101382286400312,0.0151086163835729,1.968937275543748,2.9342323038609384,1.5572879915563953e-06,1.709472759332223e-06,0.2340712430345011,0.2569456747114598,-0.0251101615920927,0.0431600481854751,-3.898784561037349,6.701339969558289,-3.0836586081149805e-06,2.006434526451536e-06,-0.5174244494581182,0.3366709523197113,0.0216529717189075,0.0215176964676161,1.0281674181380491,1.021744022418338,8.132065929493603e-07,1.1650790536116643e-06,0.2415779625230245,0.3461081432320438,0.0565057281783374,0.0520225490479478,1.5532885445130549,1.430050228492134,1.2285396938936389e-06,8.279436591294014e-07,0.4686752338587973,0.3158519744971097,0.2207974658752299,0.2421554432737634,4.204275614836173,4.610959736879576,3.3252800937346463e-06,5.075488305388696e-07,1.485612166294165,0.2267540466914695,,,,,,
EUR,ldl,LDL,covldsc,insample10,20000,8,0.4849,0.3547,0.1718641060760192,0.0456381776187045,1.5586987359551308,0.413909404294725,1.6640883346380544e-06,1.491821409337245e-06,0.6533466460027031,0.5857120045478298,0.0932381076175428,0.0343720223359238,1.0713883039937386,0.3949649307167147,1.1438289756815154e-06,9.333866698486788e-07,0.4111562288162602,0.3355114718734015,-0.0018076242418834,0.0486873669692343,-0.027743830721482,0.7472648552564705,-2.9619697505881732e-08,7.74594013093979e-07,-0.0094622446368343,0.2474501316114755,0.039964181396508,0.0251462544759216,0.9227831770263728,0.580633451874787,9.851760862235235e-07,4.816302550573254e-07,0.2631839422983572,0.1286646631284456,0.0372349334106099,0.0236990880742039,3.356563561613048,2.1363673353761072,3.583513695434357e-06,1.7733173559831194e-06,0.5018651447343115,0.2483501521577029,0.0119299143987712,0.0293615989286427,0.3492991873795091,0.8596861891141767,3.729166448964937e-07,1.0863055602577008e-06,0.0893813909589426,0.2603678417444103,0.0379317084897299,0.0304100518790404,0.6766596748473525,0.5424816502039185,7.224112302519196e-07,7.751468494688937e-07,0.216370980466038,0.2321659420580405,0.0945446728527021,0.0626779949325269,1.214501339637155,0.8051485770110113,1.2966184324606118e-06,6.735873251174931e-07,0.445868640271665,0.2316267124048369,,,,,,,,,,,,,,,,,,,,,,,,,,,,,,,,,,,,,,,,,,,,,,,,,,,,,,,,,,,,,,,,,,,,,,,,,,,,,,,,,,,,,,,,,,,,,,,,,,,,,,,,,,,,,,,,,,,,,,,,,,,,,,,,,,,,,,
EUR,ldl,LDL,covldsc,insample10,20000,24,0.5056,0.363,0.0942470725703931,0.0361572649439291,1.496122860305361,0.573977622576298,1.665350627297521e-06,1.6271151542806205e-06,0.4940879130881432,0.4827439445813338,0.0523766785252463,0.0267293998779932,1.6294184855981118,0.8315414321118633,1.8137234375037573e-06,1.1655212336288292e-06,0.3975603317444778,0.2554772126308537,-0.0123387589975972,0.0259097652737985,-0.6681870158953801,1.4031045378405107,-7.437662344430143e-07,1.1365975686192411e-06,-0.1253392481162916,0.1915390590004739,-0.000826297128974,0.0076912870228044,-0.0919036835871925,0.8554520936066906,-1.0229898972444417e-07,9.377707842641946e-07,-0.0121456296728625,0.1113385058286768,0.0789628217196194,0.0273554125545068,2.112146629466703,0.7317195759522472,2.351053384485282e-06,1.600383232080276e-06,0.5526804387329061,0.3762145567105264,0.0322346761069561,0.0238562963839413,0.9241750283158016,0.6839650974926772,1.0287092751355304e-06,1.1511960453967244e-06,0.2342062542141395,0.262092818812172,0.0158649105486782,0.0218150352187232,0.6096189443774457,0.8382561440097647,6.785734770633892e-07,1.0952313644751069e-06,0.1346960131520571,0.2174020990509529,0.0229466147470017,0.0185705389673161,1.3765707936739815,1.1140493640148883,1.5322759217090734e-06,1.054917441738423e-06,0.2457877951813849,0.1692161499307978,0.0169639800469419,0.014789529311621,1.654862968820522,1.4427418752181005,1.8420459685070288e-06,2.0670956199361264e-06,0.2332269133477304,0.2617211184056704,-0.0056539939057548,0.0232911161060523,-0.3749375722915669,1.5445213904238149,-4.173470894534218e-07,1.536671554511896e-06,-0.063776943850663,0.2348266417225227,0.0044983266144493,0.0172095746724431,0.3197059134793473,1.2231221213620107,3.558681293425929e-07,1.4100362205566992e-06,0.0525840305803268,0.208350739016987,0.0135101122422634,0.0194581242194139,1.230917085883892,1.7728451941354928,1.3701471954713582e-06,1.4929255943168213e-06,0.1793741039031825,0.1954477530296152,-0.0081504713426138,0.0136407313539799,-1.8788801436813245,3.1445174406397727,-2.0914019222043827e-06,2.4088245988226674e-06,-0.1732811957390009,0.1995809616401032,0.0130146067219485,0.0133915629939065,1.5068570521197786,1.550501799047296,1.6772989729487763e-06,1.9669865837629697e-06,0.1952503102258175,0.2289721432396475,-0.0110399098336078,0.0192374322588601,-1.177597966605305,2.052005990282411,-1.31079710391576e-06,1.714612542837004e-06,-0.1588542183567037,0.2077922162501794,0.0062388582718898,0.0111986461740744,0.7321611534356123,1.314217015743164,8.149765427072024e-07,1.3666792597889697e-06,0.0942424700764615,0.1580404128159753,0.0082969726987144,0.0091234767064304,3.317136525357461,3.647573509050827,3.6923407427970673e-06,3.6033445090259424e-06,0.2327267171676635,0.2271173211859292,-0.0045774755933637,0.0141387376675702,-0.7669127985270578,2.3688119469159523,-8.536589768094711e-07,2.2684002760626994e-06,-0.0828302451939795,0.220102120599266,0.0294981674104815,0.0214934006900321,4.071247662988966,2.966454021068642,4.531750051635748e-06,2.2127880068963338e-06,0.4838476053617566,0.2362557877444168,0.0020671164656888,0.0142492380154073,0.2852095141483879,1.9660325476652367,3.174698120723164e-07,2.021070263784416e-06,0.0339008684939118,0.2158190625504387,0.0302318615349668,0.0194086136748795,3.3348314040440354,2.140935129551486,3.7120371047085656e-06,2.0189824320885927e-06,0.4425091205422788,0.2406813604531513,0.0213660901601641,0.0229582999957743,0.7207765488695347,0.7744891140503624,8.023042155483339e-07,1.1525930016463104e-06,0.169326433107087,0.2432549374797634,0.0163701963029594,0.0305446881560181,0.3197001303736551,0.5965194677559393,3.558616921047512e-07,7.986337111464408e-07,0.0964480194625015,0.2164510578828706,0.089497844113548,0.0579328680016491,1.2107066581692087,0.7837027775489945,1.3476507485781331e-06,6.72244287792835e-07,0.4277439094658337,0.2133701183930378,,,,,,
EUR,triglycerides,TG,covldsc,insample10,20000,8,0.5777,0.4353,0.1780191844792596,0.0663707502947965,1.3551695148969032,0.5052467673270459,1.7236705529215653e-06,1.841805400240524e-06,0.5680301247720257,0.6069610863463086,0.0993192275700362,0.0379637616391784,0.9579362332955604,0.3661613538095681,1.2184206173157427e-06,1.15805034700904e-06,0.3676146715666101,0.3494001102108784,0.0390248537347017,0.0338861539452191,0.5027468631796509,0.4365463536903085,6.394550306146587e-07,8.859432082799205e-07,0.1714641686316673,0.23755777715373,0.0416620788901411,0.024514894005951,0.8074571794754973,0.4751257665605878,1.0270229279123808e-06,6.79154085120418e-07,0.2302902134853571,0.1522872907713475,0.0130296390413611,0.0169131033954389,0.9858855365990408,1.2797272406116835,1.2539699641312572e-06,2.2451833528148502e-06,0.1474059168742977,0.2639244321149792,0.0489151597198437,0.025046897307392,1.2021358264349218,0.6155509409905408,1.5290235663215475e-06,1.2403581723761033e-06,0.3076092113887771,0.2495354601774663,0.0169667661447011,0.0338951452265273,0.2540485859516249,0.5075223906538935,3.231301042434481e-07,7.936241734960514e-07,0.0812347337986248,0.1995166888614421,0.140763090419955,0.0929222097058337,1.5177475637815487,1.0019136194116558,1.930457225978644e-06,5.072958647754193e-07,0.5571918255878149,0.1464218451481463,,,,,,,,,,,,,,,,,,,,,,,,,,,,,,,,,,,,,,,,,,,,,,,,,,,,,,,,,,,,,,,,,,,,,,,,,,,,,,,,,,,,,,,,,,,,,,,,,,,,,,,,,,,,,,,,,,,,,,,,,,,,,,,,,,,,,,
EUR,triglycerides,TG,covldsc,insample10,20000,24,0.7332,0.448,0.150962640869442,0.0355229546696129,1.6525457175975768,0.3888598283495226,2.6676081407749466e-06,1.95492113751063e-06,0.5457643805790836,0.3999561657449815,0.0648707172420145,0.024218834578315,1.3916434941098592,0.5195562036117923,2.2464489026911e-06,1.394714271372551e-06,0.339557347870922,0.2108151574058346,-0.0217011968764788,0.0302848903747945,-0.8103914429189972,1.1309337521413048,-1.308167627270152e-06,1.2218679269813944e-06,-0.1520192667366097,0.1419905694320732,-0.0022910948318167,0.0090181226864677,-0.1757212765273576,0.6916675854442184,-2.836566049459788e-07,1.0852182020678285e-06,-0.0232234212483139,0.0888485549552382,0.0608830947088327,0.0364869143257131,1.123007699333811,0.6730125317819047,1.8128058116606567e-06,2.0027532102390005e-06,0.2938647518090039,0.3246561607844953,0.0585908788633905,0.0249284409462165,1.158365302214034,0.4928453300336414,1.8698815271928663e-06,1.357087523161073e-06,0.2935651736063782,0.2130582224286225,0.0475323443025787,0.0239864023868583,1.2594898446382592,0.6355804801745507,2.033120976323009e-06,1.1820647340355168e-06,0.2782951839765541,0.1618019421675314,0.0187101825595451,0.0160536207674378,0.7740028516178828,0.6641062006340521,1.2494276472789757e-06,1.1440877997743258e-06,0.1382035050178422,0.1265515008582632,0.0345899633554099,0.0156591828692697,2.3268532588661537,1.0533870856166332,3.756103464879517e-06,2.295454238985625e-06,0.3279445036230385,0.200415565767086,-0.0154128562813732,0.0293609801178572,-0.7048088760785319,1.3426375371085462,-1.1377318494104029e-06,1.6350116839445795e-06,-0.1198921752857587,0.1722946470271808,0.037976446152419,0.0200152852026322,1.861223870128844,0.9809482023952576,3.004465107917469e-06,1.4533619387032363e-06,0.3061375132702114,0.1480891252901194,0.0236372009093863,0.0238174143549115,1.4850822194644335,1.4964047015418998,2.397281585723833e-06,2.1648814245813007e-06,0.2164193940952389,0.195439004323081,-0.0022874917167551,0.012429935380468,-0.3636306573874374,1.975922159881908,-5.869877556502742e-07,2.9683478316742403e-06,-0.0335372605132567,0.1695951126178713,0.0124199019550226,0.0132640471989031,0.9916165861985418,1.0590139318478022,1.6007088032131851e-06,1.9824431282166016e-06,0.1284926227541298,0.1591353258594701,-0.0088657102607785,0.0187115905766255,-0.6521232191637221,1.3763434991198311,-1.0526844671858782e-06,1.937019246916921e-06,-0.0879723315945653,0.1618757612624121,0.001640900017998,0.0126545008538302,0.132790893007477,1.0240736489199007,2.143565914306419e-07,1.7846297222846391e-06,0.0170931853989452,0.1423096276530867,0.0003604336418645,0.0082579473698916,0.099369616644944,2.276671678523657,1.604065748287454e-07,3.728044570516666e-06,0.0069719015417303,0.1620355008301487,0.0170946387582677,0.0122415245917556,1.974988107721258,1.4142951969313624,3.1881080795453696e-06,2.282847000634994e-06,0.2133153854723198,0.1527446296564153,0.0312502836546424,0.0197786482692196,2.974206092735624,1.8824077515100903,4.801087377393853e-06,2.179094570594517e-06,0.3534816443428261,0.1604365576888116,0.0465430069462987,0.0308951852417429,4.428310953576464,2.9395068388391787,7.148364020341196e-06,3.346979469746404e-06,0.5263803380859863,0.2464597745496284,0.0190202778597009,0.0136163501190735,1.4468065254063665,1.03574849693616,2.33549536584754e-06,2.3990898452223325e-06,0.1919877577888118,0.1972154973431065,0.0492872528435748,0.0227299685795436,1.146554788833092,0.5287605378943102,1.850816504478981e-06,1.3244976906111803e-06,0.2693603442769434,0.1927620339853608,0.0049026820718942,0.0347588575920934,0.0660248261293229,0.4681004183665416,1.0658002486725909e-07,8.027291756810502e-07,0.0199192279089015,0.1500257240456647,0.1034855032549189,0.0545164757858962,0.965362627800017,0.5085559490726757,1.5583285698522066e-06,4.662275646147232e-07,0.3410751819675633,0.1020443663266355,,,,,,
EUR,testosterone,TT,covldsc,insample10,20000,8,0.2705,0.3846,0.0660602905959912,0.0901298242128458,1.0739953330843783,1.465313120832469,6.395295655701842e-07,1.6231854042004194e-06,0.4501039572920849,1.1424056262324316,0.0118512459785101,0.0852120439046333,0.24411944700834,1.755251479394614,1.453652535380353e-07,1.1146260154668777e-06,0.093668012406093,0.7182239283721795,0.0273985428167723,0.0330086497973604,0.753825195946342,0.9081779300389335,4.488785800352706e-07,8.431517787290544e-07,0.2570557658652344,0.4828410974852077,0.0635677606990285,0.0960987244267559,2.631180090955953,3.9776932158286193,1.566782842224675e-06,5.367047971808598e-07,0.7503074319953512,0.2570194077059026,-0.02006531859615,0.0534650352331024,-3.2424647888988063,8.639708029048228,-1.93078315514259e-06,1.928809044177503e-06,-0.484726074079795,0.4842304704925377,0.055747356709482,0.0695915661131483,2.92596712590159,3.6525971221958407,1.7423190094565063e-06,1.1937107546176282e-06,0.74859673792611,0.5128842491438012,0.022145922694869,0.0317419169246589,0.708184774835598,1.0150465437752147,4.217011819719391e-07,8.368212171053271e-07,0.2264145108949217,0.449295554950575,0.0437941991014966,0.0613943704228414,1.0084687334706504,1.4137557999190573,6.005105898881302e-07,4.4122760658918213e-07,0.3701692353004666,0.27198335628852,,,,,,,,,,,,,,,,,,,,,,,,,,,,,,,,,,,,,,,,,,,,,,,,,,,,,,,,,,,,,,,,,,,,,,,,,,,,,,,,,,,,,,,,,,,,,,,,,,,,,,,,,,,,,,,,,,,,,,,,,,,,,,,,,,,,,,
EUR,testosterone,TT,covldsc,insample10,20000,24,0.3054,0.3951,0.0836203171930433,0.0388960806176374,2.197602966555737,1.0222173871378517,1.4777934607681874e-06,1.790349210503061e-06,0.7258557439421214,0.8793754287086667,0.0052498843886362,0.0364514334936601,0.2703849142453091,1.8773590025402649,1.818222236878068e-07,1.3619430493082283e-06,0.0659807087977298,0.4942298356761582,0.005264320483843,0.0186194642552193,0.4719618597526797,1.6692898930569335,3.173740483102924e-07,1.2714307305077106e-06,0.0885441903181664,0.3547164778525756,0.0105481274016734,0.016086537925924,1.9422721104441287,2.962083484331755,1.306094443595193e-06,1.2303049747777536e-06,0.2567209461961853,0.2418240570455339,-0.004395461552473,0.0725077670323033,-0.1946453008044796,3.210879211700329,-1.308905917382058e-07,1.7900927117002423e-06,-0.050939897496916,0.6966668729435503,-0.0018118406360485,0.0461308249639106,-0.0859981179786086,2.1895767479577266,-5.783003496138373e-08,1.3076814250584824e-06,-0.0217970299067565,0.4928852481161932,0.0182755912247311,0.0235641313347459,1.1625999364493098,1.4990298948679743,7.817984457251711e-07,1.1655222780815818e-06,0.2569157303185237,0.3830156083235587,0.0321577254800898,0.0441453948637051,3.193767393841332,4.3843313107217385,2.147671186133554e-06,1.112160095020564e-06,0.5703338651481815,0.2953443570654687,-0.0068008408464995,0.0311203372893936,-1.0983352673792506,5.02593205004515,-7.385832202474726e-07,2.3167636350116585e-06,-0.1548159385877269,0.4856215613997646,-0.0013984675601775,0.0266116662890414,-0.1535302850179405,2.921552724212054,-1.032425122655267e-07,1.7827207187004737e-06,-0.026119382880717,0.4510115455285422,-0.0171451248826663,0.0415037814100214,-2.017336606064789,4.883434684876247,-1.3565720878522589e-06,1.6417369621123557e-06,-0.3318529525357959,0.4016117263821132,0.0043864868139545,0.0150932965158312,0.6616444952006102,2.276627510280195,4.449274610750901e-07,1.4218557319812048e-06,0.0964316865198824,0.3081669670188534,0.0048691251133656,0.0107558658032099,1.8582550363800507,4.1048733261296535,1.2495965754478062e-06,2.989456386259297e-06,0.1714043313379263,0.4100569599969034,0.0188423073248905,0.0244575196602943,3.611712077782528,4.688041524139702,2.428721007366338e-06,2.1444832310526217e-06,0.4680550263185697,0.4132776684130138,0.0300335682565679,0.0439967696222137,5.303669909767517,7.76945120802552,3.5664898664618057e-06,2.075674614337263e-06,0.7155538219302869,0.416447812550825,0.0155496087126689,0.0262849950802639,3.021057979899897,5.106784074519071,2.0315315346951627e-06,1.4940602786036568e-06,0.3889225748349929,0.2860274431331497,-0.0050078939342219,0.013526756329829,-3.314643610065817,8.953140186774041,-2.228955241814872e-06,3.784331908762364e-06,-0.2325861507449132,0.3948859875192114,0.0175637381591508,0.0246805240116142,4.8716371617324965,6.845613209245433,3.2759664281518817e-06,2.637274618188626e-06,0.5262377635194461,0.423640939948558,-0.0019076022485574,0.0148777715906675,-0.4358713709437124,3.399448026817704,-2.9310474709005925e-07,2.116649615160597e-06,-0.0518087999075724,0.3741361321336814,0.0062154266131952,0.0136108934183376,1.419737448850896,3.109021520310092,9.547123615362805e-07,1.824341525374391e-06,0.1687792170221946,0.3225169659878389,-0.0128460933756484,0.0341708141682833,-2.345946479203243,6.240255215764834,-1.5775480917338748e-06,2.1191507157104222e-06,-0.3113368720850486,0.4182248127731722,0.0412411638247149,0.0409135996466544,2.303268332037629,2.284974275127807,1.548848873649958e-06,1.2556386766472744e-06,0.5411688154557719,0.4387209797172434,0.0229070755420273,0.0296030846853444,0.7406219968621086,0.9571145671874542,4.980364335689214e-07,8.954780399059932e-07,0.2234658797145562,0.4017954801392396,0.0399888585037398,0.0487230021727363,0.8955779591025446,1.0911851070499352,6.022376524382493e-07,4.671790095902696e-07,0.3164553298694735,0.2454866230788213,,,,,,
EUR,urate,UA,covldsc,insample10,20000,8,0.0735,0.4372,-0.0748450066568273,1.116251148314752,-4.478212275641022,66.78881889878916,-7.243196609930241e-07,1.9015485014524293e-06,-1.876127756517865,4.925377724869204,0.0629961484595618,0.5046824503857541,4.775647832962717,38.25925408862376,7.724277918242458e-07,1.1626476131419902e-06,1.8317597686579823,2.75713943157072,0.0070531453072685,0.0442427576509238,0.7141771406230557,4.479868877769084,1.1551318082861817e-07,8.438963174447184e-07,0.2434500909748352,1.7785557784964583,0.025879299668653,0.2431107767002619,3.9422676970943273,37.03375957123955,6.376343563334934e-07,5.042185833727142e-07,1.1237820240916383,0.8886468782288283,-0.0272902014278,0.3089578356293846,-16.229901360107934,183.74196357485692,-2.6250735622890653e-06,2.155011366249909e-06,-2.4254051137591506,1.9910968069610488,0.0115758112655914,0.0684995776900046,2.236024357922171,13.2316189948184,3.616613740514341e-07,1.316438685515655e-06,0.5718765830955452,2.08161698025407,-0.0159202757302765,0.2352798269661322,-1.8736278001508049,27.689647596999183,-3.030462536164785e-07,9.794282713916984e-07,-0.5988089582901517,1.9353165264805496,0.0840510791138291,0.8487085970119659,7.123100525586442,71.92574702412118,1.1521119233173183e-06,3.515870785570976e-07,2.6136910627106245,0.797613483890772,,,,,,,,,,,,,,,,,,,,,,,,,,,,,,,,,,,,,,,,,,,,,,,,,,,,,,,,,,,,,,,,,,,,,,,,,,,,,,,,,,,,,,,,,,,,,,,,,,,,,,,,,,,,,,,,,,,,,,,,,,,,,,,,,,,,,,
EUR,urate,UA,covldsc,insample10,20000,24,0.1226,0.4405,-0.0270454791660403,0.205938094040656,-1.770560066571046,13.4819488039236,-4.778671462936094e-07,1.9828756163438494e-06,-0.5846854863160951,2.4261106942346724,0.0408334851421243,0.1167202592799857,5.238750660448414,14.974679071905546,1.413918045209562e-06,1.2656548954638149e-06,1.2781234750258608,1.1440997154357302,-0.0164788242363586,0.0733124455234479,-3.680182597031255,16.372720668135077,-9.9326670056927e-07,1.171714148785546e-06,-0.6902924093786702,0.8143083649181945,0.0066342027287704,0.0225045200382874,3.0430003940727217,10.322455635542212,8.212937487639371e-07,1.1237790141321177e-06,0.4021275266306301,0.5502324547246078,-0.0230167578504182,0.1443704895877217,-2.538996773292697,15.925622957155616,-6.85265168581265e-07,2.0108080141202583e-06,-0.664334575075518,1.949390321975209,0.0079028741125685,0.0287124618858453,0.9343994577934834,3.394829328659282,2.521907111905095e-07,1.368965724827742e-06,0.2367835427304781,1.285331060256386,0.043838123254265,0.1397532691708357,6.94687325498537,22.14620918575013,1.874933565203646e-06,1.134471549068616e-06,1.5348302128999525,0.9286842166041224,-0.0014568073014743,0.0197695883013915,-0.3604114927711256,4.890960406337996,-9.727363380306236e-08,9.064883290386796e-07,-0.0643480027474254,0.599655952049503,-0.0043465061724154,0.0326272126708023,-1.7486028447721225,13.125953266838533,-4.719409791334587e-07,2.327801741816792e-06,-0.2464237062127231,1.2154603179409698,0.0190875706882168,0.0537646058597356,5.220004537151198,14.70336330957075,1.4088585408113533e-06,1.7675826958660097e-06,0.887871875564312,1.1139421864808203,-0.0218731020697182,0.086620885920917,-6.411013014292475,25.38860858320382,-1.7303070095352815e-06,1.4760013439769983e-06,-1.0543979154198209,0.8994315642656868,0.0158409828526609,0.0544818289768028,5.952077286380111,20.470955608590995,1.6064420750604015e-06,1.2393536075266123e-06,0.8673096607158037,0.6691205201472313,0.0004991098229619,0.0101979078351339,0.4744921855187375,9.694915535212584,1.2806356074187361e-07,2.8585312049324053e-06,0.043757862716037,0.9767276133064838,0.0042542111716368,0.0163470761164429,2.031312049592328,7.805445322583009,5.482430733064079e-07,2.125382635677291e-06,0.2631909792683888,1.0203166523023308,0.0082980463745751,0.0264894191502597,3.6502614624021663,11.65253862425686,9.851911048924962e-07,2.0120767154515483e-06,0.4923799454653765,1.0055980190100202,0.0057706806270136,0.021782698452385,2.7928344774113785,10.54216567870584,7.537749591154165e-07,1.558268877629257e-06,0.3594676831551132,0.7431227270158479,-0.0016139787845979,0.0120973829715777,-2.6610810492143613,19.945811480274983,-7.182152309053247e-07,3.813768706571616e-06,-0.1866876877916058,0.9913235350138264,-0.0018618027642103,0.0177650189734661,-1.2863827686640457,12.274455023783952,-3.471896120944697e-07,2.3351515979812696e-06,-0.1389273824140511,0.9344072741417542,-0.0106664352647194,0.0456976052562774,-6.071113935457427,26.010130020295687,-1.6385695949751e-06,2.274486968124152e-06,-0.7214797309014841,1.0014809567646603,0.025414663058876,0.0881531732785661,14.461056197258484,50.15954725800669,3.902981767096199e-06,1.739058605140049e-06,1.71878481053624,0.7658420391163931,-0.0239064365227565,0.0977145294067077,-10.8752796459124,44.45132722959859,-2.9351948841824847e-06,2.25011182591257e-06,-1.4429904424229287,1.1061922588758435,0.015945301341466,0.0411563904886444,2.2183236921413148,5.725711552816939,5.987167746147385e-07,1.3426087745338829e-06,0.5211031604755583,1.1685620068721552,-0.0021883951070589,0.047706333999309,-0.1762508646698252,3.842214136964352,-4.756940999729192e-08,9.770581038484169e-07,-0.053168748079551,1.0920664390320935,0.0627352740646326,0.2120311708012289,3.499892874779257,11.828853782543373,9.446072189141344e-07,3.7610385200019226e-07,1.2364436625377553,0.4923011543319015,,,,,,
EUR,bp_systolic,SBP,covldsc,insample10,20000,8,0.1875,0.3572,0.0790251299885495,0.0409266556233501,1.853502305878875,0.9599180739187844,7.652576545358853e-07,1.5047502874617072e-06,0.7770087047491225,1.527856748509875,0.0613228484117412,0.0535249277740185,1.822328561882095,1.5905980752941429,7.523869145651754e-07,1.0697923533685553e-06,0.6994198050611881,0.9944802930037786,-0.0284808523148391,0.1067156219790382,-1.130478124407989,4.23581692170915,-4.667418191197644e-07,8.048010975943008e-07,-0.3856036887258817,0.6648949359375272,0.0268865324208586,0.0470518067399138,1.605515317873274,2.80967419941214,6.628709781370122e-07,4.4649111229622514e-07,0.4579577825321272,0.3084673887551288,0.0074247279268022,0.0156541169195481,1.7309150341380413,3.649419425106186,7.146449049586133e-07,1.8009342129466017e-06,0.2588327219885082,0.6522689817346364,0.0223963351671397,0.0320652297247603,1.6958526643762692,2.427982295172834,7.001686635418859e-07,1.0491662515905293e-06,0.4339991934921577,0.6503251726892524,0.0107535118905001,0.0289567029680956,0.4960998813154241,1.335881435947342,2.048253354672557e-07,7.015607254039409e-07,0.158653300495104,0.5434138522422599,0.0081717665092474,0.020444050757196,0.2714737211328205,0.6791704740711396,1.1208367124405794e-07,3.412553685091713e-07,0.0996754020854587,0.3034765518690691,,,,,,,,,,,,,,,,,,,,,,,,,,,,,,,,,,,,,,,,,,,,,,,,,,,,,,,,,,,,,,,,,,,,,,,,,,,,,,,,,,,,,,,,,,,,,,,,,,,,,,,,,,,,,,,,,,,,,,,,,,,,,,,,,,,,,,
EUR,bp_systolic,SBP,covldsc,insample10,20000,24,0.1786,0.3568,0.0301365455074766,0.0422827315499149,1.3543111959459744,1.900150656584746,5.324898262277002e-07,1.6178601470719806e-06,0.4472346772934878,1.3588300191717206,0.0364394910873382,0.0534807241268338,3.2091690760969427,4.709963858269786,1.2617852446184306e-06,1.2464999491970486e-06,0.7829662361103944,0.7734813651508089,-0.0190943542161148,0.0552344316760002,-2.9272319463702625,8.467633474880197,-1.150932839599041e-06,1.0609734594143146e-06,-0.5490681087019541,0.5061517672451967,-0.0030508273305529,0.0107364149071479,-0.9605940979664106,3.380504917417162,-3.7768762883497074e-07,8.911996635228861e-07,-0.1269425040214942,0.299536199318142,0.0171443688141303,0.0309768889478536,1.2982206612127216,2.3456586642636075,5.104360772942682e-07,1.61562088993686e-06,0.3396867260417964,1.075168850792256,0.0076991466587537,0.0309096307947456,0.6248835928902332,2.508709341699644,2.456925386031697e-07,1.2484500271199376e-06,0.1583519482692244,0.8046418309451167,0.0009503790461642,0.0265385692010187,0.1033816096913426,2.886848162298563,4.0647714900733184e-08,1.0926257095610118e-06,0.0228412363217995,0.6139809360576589,0.0229551582675129,0.0466770048257557,3.898394887788824,7.926993788038684,1.5327759399608734e-06,7.645370621055406e-07,0.6960294603328322,0.3471742378441511,0.0268394404430822,0.0472093394488101,7.411964879609271,13.037304809919084,2.914245930007361e-06,2.0096341409600025e-06,1.044551868056781,0.7203122682391985,0.0153261442971547,0.025936599766085,2.8771476380384606,4.869028067913605,1.131240626524108e-06,1.6263331149929442e-06,0.4893807921139442,0.7035604710395573,-0.007357434945841,0.0309286224960451,-1.480306769975,6.222800419428352,-5.82028928851239e-07,1.444239086281658e-06,-0.2434641150722633,0.6041287188049872,0.0065046283599814,0.0181582287868475,1.6777140513107924,4.683482882747986,6.596457788405468e-07,1.2881591635075985e-06,0.2444718825359754,0.4774057620170019,0.0032382134719039,0.0100515842943913,2.11323326272037,6.559586777784712,8.308837852134649e-07,2.79356100270933e-06,0.1948856346869167,0.6552359291856412,-0.0065317717161437,0.0268382174873942,-2.140906074811145,8.796710196385646,-8.417642172334898e-07,2.013290438953037e-06,-0.2773941657027443,0.663457783304394,-0.0047244012257301,0.0193926082126484,-1.4266055358234997,5.855895997898657,-5.609146082082852e-07,1.594629518158317e-06,-0.1924356983413303,0.547077292036842,-0.0024694266099736,0.0119956942442945,-0.8203955521947818,3.9852223847270514,-3.225641834268675e-07,1.4522257896852542e-06,-0.1055949880373909,0.4754023315926284,-0.0085908613868413,0.0225379735392656,-9.723128107435684,25.50845533835896,-3.822952074690396e-06,3.438338410852045e-06,-0.6821328038232213,0.6135058391694664,0.0251255920731384,0.0510598466355132,11.916860716138167,24.217263369220284,4.685486696788156e-06,2.4067618320298503e-06,1.287018694427287,0.6610940701165183,0.0144448653759766,0.0325514635710316,5.643799745125248,12.718286880761,2.219036477392872e-06,2.1926564290849545e-06,0.6707067849621813,0.6627333795819604,0.0035700079527064,0.0113421224878497,1.394420814061211,4.430155865815133,5.482601777127763e-07,1.5443805788688477e-06,0.165737469122644,0.4668617910053291,0.0152732928789936,0.0268300150708557,4.769438831911005,8.378292536751802,1.8752541235797688e-06,1.9124973488769154e-06,0.6328425291500783,0.6454110107197976,0.0005775834527808,0.0309166127683755,0.0551589441929785,2.952521769999309,2.1687464960892363e-08,1.098454323706742e-06,0.0129574662718745,0.6562862407520066,-0.0010073586643357,0.0390961223477678,-0.0556927499941505,2.161465071718755,-2.1897347415645948e-08,7.406463936470691e-07,-0.0168007702917864,0.5682619767092647,0.0052015784084386,0.0203644045482451,0.1991989831094799,0.7798726384782362,7.832131360814132e-08,3.5000053559975e-07,0.0703739699395993,0.3144856238542471,,,,,,
EUR,alanine_aminotransferase,ALT,covldsc,insample10,20000,8,0.2708,0.3628,0.0144240538703504,0.1480528723975134,0.2342436677394964,2.4043481923656067,1.396349976653804e-07,1.51242347832675e-06,0.0981669043636212,1.063271625570468,0.1023686139619897,0.0732194194318745,2.106317314724988,1.5065489797559708,1.2555968584442651e-06,1.060688232984717e-06,0.8081640443210104,0.6827112431571013,0.0119573884580247,0.0398061246101211,0.328623132735048,1.0939858161621183,1.9589554251378922e-07,8.239570451194817e-07,0.1120576811651926,0.4713262725174766,0.0382664396036946,0.0479487459574819,1.5821597333677082,1.982483238709279,9.431412716810364e-07,4.203009457068373e-07,0.4511550267858355,0.2010524723199777,-0.0075614048480127,0.0302154395521232,-1.2205352020351825,4.877269285220849,-7.275732647604916e-07,1.993405172779945e-06,-0.1824560304598412,0.4998930177062943,0.0298876869400637,0.0289628977789767,1.5669533869325805,1.5184684870783445,9.340766161902016e-07,1.14203832477853e-06,0.4008864384315394,0.4901393190208727,0.0435908765975958,0.0471482444228654,1.3924096297400743,1.5060415087719812,8.300293334470585e-07,7.254773834055291e-07,0.4451552392721778,0.3890827048909838,0.0378663454162934,0.0430298835224488,0.8709993904376578,0.9897707821185592,5.192114648134971e-07,3.7685408166298907e-07,0.3196999249685656,0.232044609560061,,,,,,,,,,,,,,,,,,,,,,,,,,,,,,,,,,,,,,,,,,,,,,,,,,,,,,,,,,,,,,,,,,,,,,,,,,,,,,,,,,,,,,,,,,,,,,,,,,,,,,,,,,,,,,,,,,,,,,,,,,,,,,,,,,,,,,
EUR,alanine_aminotransferase,ALT,covldsc,insample10,20000,24,0.3692,0.3781,0.0224626361437588,0.0767916160164831,0.4883210938500848,1.6693929284031783,3.968951472725451e-07,1.6911452199990851e-06,0.1612574198523466,0.6871077075311623,0.0708436014633814,0.0510649537732597,3.018149089276037,2.1755196029150388,2.453075941967119e-06,1.3079302319760137e-06,0.736356873972377,0.3926105182946402,-0.0044469185448883,0.0241883585548695,-0.3297851517080614,1.7938177673067517,-2.680411065667646e-07,1.2152904251948476e-06,-0.0618582175909643,0.2804633234089168,0.0206394770183238,0.0218597546918256,3.1436974034391647,3.329563728940354,2.555118465354184e-06,1.244495128119826e-06,0.4154369333990652,0.2023425710652952,0.0102565172603458,0.048190637824869,0.3757047564401711,1.7652631382671058,3.053634105023857e-07,1.651450735402278e-06,0.0983046301188569,0.5316460588259211,0.0234728604365221,0.0265960685568191,0.9215996649363114,1.0442241556742855,7.490531114625984e-07,1.3510142697623162e-06,0.2335413669885474,0.4212220930038548,0.0021098030896402,0.0250098077058775,0.111021764068001,1.3160626146307688,9.023570751943545e-08,1.1067570972779194e-06,0.0245291026935272,0.3008538331687924,-0.0052042111317311,0.0138327774869435,-0.4275434003422472,1.1364090682036316,-3.4749656113838885e-07,6.831396155026815e-07,-0.0763342109486703,0.1500645742977811,0.0227169003378402,0.0184049464373549,3.034790601752885,2.4587491093936937,2.466601746255565e-06,2.0731865849335908e-06,0.427683611057456,0.3594694305176274,0.0147849769196859,0.0181914445217821,1.342671129819576,1.6520233681656786,1.0912894456530194e-06,1.587870253445793e-06,0.2283766210602326,0.3322972146468519,0.0260036327155968,0.0263548214192005,2.5309238596737367,2.565104925024097,2.057071485691733e-06,1.3574178276770304e-06,0.4162550673919081,0.2746778871171199,0.0154223931074704,0.0189869701080335,1.9242743221363543,2.369031756580098,1.5640019448177945e-06,1.2046827725042892e-06,0.2803981733336307,0.2159785350497431,0.0022256020152846,0.0112068798607534,0.702601755883267,3.537907233217178,5.710570992881339e-07,2.9561754083561705e-06,0.0647946041885949,0.3354204259701357,0.0041540028323086,0.0124242642485331,0.6586476811028724,1.9699584153046328,5.353323288391455e-07,1.749313863895556e-06,0.0853395003440863,0.2788652264165547,-0.0041279253513915,0.0170450086875859,-0.6029880822371314,2.489855369302584,-4.900936017655799e-07,1.7809065566763438e-06,-0.0813369128101702,0.2955628084137491,0.0079733983840634,0.0135298004107956,1.281416758543136,2.1743944239371698,1.0415034277745586e-06,1.5247399698270455e-06,0.1649330264612581,0.2414586174981431,0.0175003943259253,0.018163659549124,9.581574765626575,9.944716601585323,7.787663845776344e-06,3.901692004340059e-06,0.672197728850388,0.3367773129310836,0.0189669231231408,0.0191411991935154,4.351732634707843,4.391718185235667,3.5369792267735973e-06,2.378051759987829e-06,0.4699832903507583,0.3159884520449948,0.0267356084803639,0.0287465354986611,5.0532168064988845,5.433296063455607,4.107127981719332e-06,2.0965992169957525e-06,0.6005183139975362,0.3065514959657478,0.0228427895985659,0.0252883393297655,4.316120637579175,4.778204640914722,3.5080346879792284e-06,2.004008860267828e-06,0.5130003264468217,0.2930578774042631,-0.0199851800553742,0.0363468710049045,-3.0189952594267977,5.490620097230308,-2.453763687859798e-06,2.2005888268070166e-06,-0.4005788596076965,0.3592478636264508,0.0223618516415929,0.0235181879103037,1.033067564519547,1.0864877155888268,8.3965142674822e-07,1.2462164157776997e-06,0.2426778222782469,0.3601840909620959,0.0289414105101396,0.0298353821638553,0.7740232255157466,0.7979320402808809,6.291066799128594e-07,8.031392965368626e-07,0.2334972359778342,0.2980906288779438,0.0225494556794335,0.0238145633478741,0.4177416644098797,0.4411785132006072,3.395299558137417e-07,3.943830945480488e-07,0.1475808296373099,0.1714234143165257,,,,,,
EUR,heel_bone_mineral_density,BMD,covldsc,insample10,20000,8,-0.5141,0.5946,-0.3893342779599375,-0.2092216110239862,3.3304599980469303,1.789732488733042,-3.769707050536511e-06,2.5109217620013675e-06,1.3959808859785827,0.9298332042652246,-0.181330709574535,-0.1023845252778723,1.9653024333439733,1.109666184715728,-2.2245018537252947e-06,1.690351659269054e-06,0.7541941028240666,0.5730960623766821,-0.0190798788208167,-0.0685212163695663,0.276209404368072,0.9919457318232312,-3.126380559086179e-07,1.3825903251259886e-06,0.0942019677872578,0.4165926918012879,-0.0356449262271973,-0.0383090319041666,0.7763026118424625,0.8343235537872813,-8.786874578672546e-07,7.301998113931094e-07,0.2214035266680446,0.1839889848970612,-0.0601127578643473,-0.0544761086501173,5.111113525964887,4.631854961502033,-5.785207060352406e-06,3.1990747126132143e-06,0.7641901816495827,0.422578044353275,-0.0564558318988463,-0.0475971246737026,1.559098807433775,1.3144544650233538,-1.764724923978309e-06,1.8144042349724324e-06,0.3989485953902973,0.4101795192990407,0.0867981095268224,-0.1537071876055107,-1.4604366998928402,2.586227039277079,1.6530504878235549e-06,1.229735155372996e-06,-0.4669874643798989,0.3474007033037176,0.1410602728188578,-0.1951619315994516,-1.7091108627577123,2.3646159944815373,1.934521739719001e-06,6.370151367048847e-07,-0.627441053840799,0.2066089206858488,,,,,,,,,,,,,,,,,,,,,,,,,,,,,,,,,,,,,,,,,,,,,,,,,,,,,,,,,,,,,,,,,,,,,,,,,,,,,,,,,,,,,,,,,,,,,,,,,,,,,,,,,,,,,,,,,,,,,,,,,,,,,,,,,,,,,,
EUR,heel_bone_mineral_density,BMD,covldsc,insample10,20000,24,-0.7717,0.6013,-0.3282102854361217,-0.1228026517387856,3.4135804402586976,1.277219967163418,-5.799905993131472e-06,2.687416416085941e-06,1.1274000878309995,0.5223866571495791,-0.0477548730895853,-0.0353353869527975,0.9733542851711589,0.720216557672882,-1.65379531867032e-06,1.945885769413215e-06,0.2375047514862956,0.2794524273153627,-0.0146175288211771,-0.0273298939712824,0.5186317192331938,0.9696679972508304,-8.811906645389371e-07,2.004653207890395e-06,0.0972924364448186,0.2213341591908794,-0.0156104769190634,-0.0148559202033802,1.1375524009516955,1.0825670338786697,-1.9327791166042737e-06,1.674280634690193e-06,0.150345169777164,0.130237337580181,-0.1343305292688277,-0.050632330542562,2.3541530605882213,0.8873355637045585,-3.999866616244047e-06,2.7156908597507444e-06,0.6160495961792353,0.4182640117804894,-0.1107898872782572,-0.0535592489556827,2.081083971116343,1.0060601851390767,-3.5359036084038457e-06,2.114934125395406e-06,0.5274299833842548,0.3154723075495926,-0.0456525757098828,-0.0356880812518429,1.149329826247966,0.8984679524976855,-1.952789765468409e-06,1.7757038404927044e-06,0.2539638580317957,0.2309335116497972,-0.0086091583430413,-0.0155786388168362,0.338375715693736,0.6123052741203155,-5.749234200655072e-07,1.0988200144498742e-06,0.0604215555723524,0.1154804487866077,-0.0066291479907591,-0.0293373994172705,0.423692293039636,1.875056952756228,-7.19882104040287e-07,3.5369340276459057e-06,0.0597170221563831,0.2934024425793696,-0.0709269179777117,-0.0441810281649353,3.081578820998644,1.919543729868433,-5.235812597655544e-06,2.322822597599488e-06,0.5242144328553375,0.2325631614793493,0.0143064932925903,-0.0388784738158549,-0.6661797764170589,1.8103704705538777,1.1318848772907394e-06,2.5657511975494465e-06,-0.1095785625196457,0.2483921586473415,-0.0354914265208205,-0.0302970262274329,2.118614124468272,1.8085412164870385,-3.5996698987135303e-06,1.6556007679972051e-06,0.3087548297226951,0.1420060026599735,-0.0244476972084893,-0.0187324794322957,3.6924351373966,2.829242553051152,-6.273699143006801e-06,4.655264608915248e-06,0.3405619991112951,0.2527067660506907,-0.0098352493881116,-0.0234903227078252,0.7460792259699623,1.7819214431738806,-1.2676394916670365e-06,3.363385666368004e-06,0.0966797630132288,0.2565171969507875,0.0144532318944112,-0.0307197596500388,-1.0100783358826273,2.1468806376810408,1.716191985613188e-06,3.001510482079778e-06,-0.1362660645336751,0.2383206683624327,0.0208044307026564,-0.0238092841208639,-1.5996168267216822,1.8306548281116013,2.7178580913458503e-06,1.9474677752810994e-06,-0.2059144829326685,0.1475470044782455,-0.0122391649517349,-0.0125986932118612,3.205930021064296,3.3001049461596885,-5.4470937680091e-06,5.744749928235657e-06,0.2249406197518293,0.2372324884080179,-0.0250335583029695,-0.023623156829587,2.747901102613908,2.5930831691451166,-4.668871395447518e-06,3.810891936056279e-06,0.2968075963003124,0.242264474537468,-0.0174653535034902,-0.0242916153782557,1.5793138048048414,2.196582136183049,-2.683361872330358e-06,3.4804723350764385e-06,0.1877069950635757,0.2434666043949341,0.0056534765450345,-0.0188451343893063,-0.5110615669236512,1.7035577724903763,8.683284594386211e-07,2.7238762136415405e-06,-0.0607506584937157,0.1905699068542275,-0.0586446187915442,-0.0361916769982039,4.238339341040195,2.6156297304097085,-7.201227618693815e-06,3.4549872969485257e-06,0.562438473881283,0.2698453493582828,-0.055677156092176,-0.0359014063558349,1.2305838194920664,0.7934976004406318,-2.090845841963448e-06,1.8668102397583817e-06,0.2891120973951049,0.2581335328616923,0.0753719229988103,-0.1078675129908312,-0.9643997450439932,1.3801877129833775,1.6385809442449295e-06,1.2710440652358538e-06,-0.290963518250325,0.225699837637645,0.1196760501602619,-0.1246110895755719,-1.060699023585272,1.10443869816648,1.8021999866318352e-06,6.950070249066183e-07,-0.3747727666013242,0.1445287467893091,,,,,,
EUR,creatinine,CRT,covldsc,insample10,20000,8,0.6098,0.4044,0.2006379271845448,0.0522502954513966,1.4469542382647067,0.3768170231565539,1.942597308355805e-06,1.70233851330897e-06,0.6064776998557897,0.5314690499604303,0.0909469399541964,0.0393340945426421,0.8310101070329835,0.3594076956562657,1.1156662418534753e-06,1.1249450725431574e-06,0.3188928900045222,0.3215450748815869,0.0548384935425991,0.0277602652344341,0.6692810813650496,0.338802529661943,8.985381795850261e-07,7.725114066765551e-07,0.2282521371677493,0.1962380492744578,0.0280184973144346,0.0177050737045399,0.5144442891679765,0.3250807477068471,6.906632324704544e-07,5.63227487061659e-07,0.1467157126998176,0.1196448837746891,0.0241270108011141,0.0162451741074916,1.72946818348801,1.164483739230256,2.3218842374448283e-06,2.175038784212312e-06,0.2585730707837791,0.2422198524963968,0.0822115758693492,0.0346719188604532,1.914070742641052,0.8072404011265356,2.5697209865574767e-06,1.2003345432124147e-06,0.4897631168237272,0.2287717577862214,0.0051855254441637,0.0379041758745711,0.0735572399560504,0.53767483935117,9.875370800950297e-08,7.764147881177567e-07,0.0235197499355828,0.1849154024784663,0.1238340298895976,0.0674783361001668,1.264927705921664,0.6892710909811485,1.6982189842679582e-06,3.970467702786223e-07,0.4643582782056882,0.1085678327245803,,,,,,,,,,,,,,,,,,,,,,,,,,,,,,,,,,,,,,,,,,,,,,,,,,,,,,,,,,,,,,,,,,,,,,,,,,,,,,,,,,,,,,,,,,,,,,,,,,,,,,,,,,,,,,,,,,,,,,,,,,,,,,,,,,,,,,
EUR,creatinine,CRT,covldsc,insample10,20000,24,0.6167,0.4448,0.1104861468882046,0.0406287178281755,1.4379385750934706,0.5287685584767046,1.952488372994452e-06,1.9849434637157747e-06,0.474919627027948,0.4828139427092699,0.0301220298759472,0.0236823652652091,0.7682667482997144,0.6040221668087766,1.0431821771774507e-06,1.3910746834206415e-06,0.1874671834759276,0.2499859167562974,-0.0019955438675986,0.0190487836113057,-0.0885973937856784,0.8457206128872883,-1.2030095321206857e-07,1.1350331453186284e-06,-0.0166208340052669,0.1568166917643709,0.0173544596107179,0.0121474852368251,1.5824896808957625,1.107684737370748,2.148765431188068e-06,1.2798512926299098e-06,0.2091562350993339,0.1245779897461775,0.0631754862843605,0.0277509402009395,1.3854253040151967,0.6085723597209883,1.881183831212081e-06,1.8789378892737043e-06,0.362556718372215,0.3621238625686927,0.04652230416047,0.0253071991856521,1.093516277000574,0.594850894301161,1.484818512769236e-06,1.3745841076408075e-06,0.277148366495294,0.2565725957528177,0.0356940044737411,0.0223198421351019,1.1244734802072165,0.7031452742097776,1.5268533954605686e-06,1.1506035504445682e-06,0.2484782139400075,0.1872477842453611,-0.0096173026747612,0.0136983083815254,-0.4730056494888126,0.6737208416976829,-6.422652865596591e-07,6.981143421627692e-07,-0.0844638558067079,0.091808525802295,0.0212031129585841,0.0136511261216358,1.6957703156345387,1.091781876428735,2.3025822395301865e-06,2.307578778794858e-06,0.239015721533422,0.239534378985483,0.0185393369977711,0.0178393093677371,1.0079313251631945,0.9698728025269292,1.3686079692452113e-06,1.7001392994102538e-06,0.1714661894733502,0.213002126097906,0.0156933560115332,0.0156870120142068,0.9144261301386868,0.9140564758135932,1.2416430145091842e-06,1.356506749041717e-06,0.1504162103908091,0.1643311339701514,0.0026269486052777,0.0120242815202219,0.1962250894980554,0.8981773426076706,2.66441983246638e-07,1.3051028378112003e-06,0.0285975147642,0.1400781409082839,0.0085098992893683,0.0106449511122584,1.6083252835119832,2.011838616819287,2.183846007362329e-06,3.1803455662970847e-06,0.1483436843721418,0.2160336293358619,-0.0063874520435453,0.0202156160844485,-0.6063198341572663,1.918938711108734,-8.232844204983053e-07,2.281598699934871e-06,-0.0785713590953221,0.2177477264242386,0.0123593926733976,0.0145426186676359,1.0808408941714254,1.2717661279711283,1.4676073898284958e-06,1.7858697759503389e-06,0.1458163709908906,0.1774378158601564,0.0220327356345567,0.0162411236665226,2.119840099246172,1.56261055259575,2.8784005228571806e-06,1.89519762166214e-06,0.2728889142472107,0.1796756278886135,0.0032749029708685,0.0065918750467874,1.0734337339895648,2.160656699880476,1.4575496624801283e-06,3.341641065708613e-06,0.0753183762970175,0.1726781499906796,0.0258238429285858,0.0183182625694781,3.5471041178628915,2.516154732352532,4.816394571985001e-06,2.482458377862882e-06,0.3831419546261651,0.1974784127332177,-0.0182891884719467,0.0216246959797235,-2.0694743049339133,2.446896577761718,-2.810011907728109e-06,2.008044955206261e-06,-0.2459710101879357,0.1757717982534126,0.0133177627565273,0.0129525368636019,1.5064802878908972,1.4651666214457009,2.045556950206383e-06,1.754466837232772e-06,0.1790824723545815,0.153598392283367,0.0213147865627555,0.014559794470859,1.9276274306502537,1.3167318905129786,2.617406759231798e-06,2.409484477652481e-06,0.2558080776838982,0.235487124904642,0.0581375031537903,0.0245835460024762,1.607922395745118,0.6799128280354233,2.1832989508370707e-06,1.3228075100980815e-06,0.3777739514120778,0.2288840105271576,0.0194280778035598,0.0278174706885411,0.311065521778665,0.4453892001970592,4.223767447596405e-07,7.998800751372797e-07,0.093852358331426,0.1777338178896947,0.1073733974178332,0.0620949424299838,1.1908475532291285,0.688677196018094,1.6169786679084157e-06,4.18063074501627e-07,0.4207691444297421,0.1087881031870733,,,,,,
EUR,diastolic_blood_pressure,DBP,covldsc,insample10,20000,8,0.281,0.3508,0.0046222102696902,0.1556502409469636,0.0723390101965661,2.435974070845301,4.474645787324596e-08,1.487149910951544e-06,0.0303159942683607,1.0075530068617198,0.0976172068387254,0.0626218666086834,1.935644918054424,1.2417247100753332,1.1973242866875222e-06,9.847266927698084e-07,0.7426829197507951,0.6108117103062578,0.0306838313567414,0.0286440556946014,0.8126690501696824,0.7586450747854487,5.026895076321445e-07,7.765107511970042e-07,0.2771144917694875,0.4280622111750258,-0.00465795440963,0.0245333615801213,-0.1855965267541541,0.9775335476578724,-1.1480371577187753e-07,4.926714325027159e-07,-0.0529233510742633,0.2271165441928016,0.0533068951516918,0.0574248342667027,8.29227213331154,8.932847272285743,5.129318256891629e-06,1.863202273600277e-06,1.239605448288043,0.4502812213912446,0.0211864024796573,0.0249941822028118,1.0704424672758164,1.2628304446877487,6.621393994407252e-07,1.0787154319504969e-06,0.2738612811102456,0.4461573958548301,0.0372399488164402,0.0336460108252918,1.1463647704161664,1.0357318605692551,7.091023607789873e-07,7.426213082141999e-07,0.366496068173511,0.3838201713267212,0.0410014594966835,0.0457700003827508,0.9088790967060056,1.0145833127592168,5.622017788482216e-07,3.472518396672646e-07,0.3336052036360963,0.2060559483154565,,,,,,,,,,,,,,,,,,,,,,,,,,,,,,,,,,,,,,,,,,,,,,,,,,,,,,,,,,,,,,,,,,,,,,,,,,,,,,,,,,,,,,,,,,,,,,,,,,,,,,,,,,,,,,,,,,,,,,,,,,,,,,,,,,,,,,
EUR,diastolic_blood_pressure,DBP,covldsc,insample10,20000,24,0.3153,0.3474,0.0305251512147313,0.061249074037484,0.7770345113365751,1.559128863268861,5.394585492769929e-07,1.5781662860391584e-06,0.2566490845682826,0.7508175246296919,0.0047053068933169,0.0311310214938638,0.2347284516587585,1.552998909420548,1.629609343709318e-07,1.1853084996576897e-06,0.0572794157931098,0.4166260991144056,0.0226839130145038,0.0209692958768495,1.9698248793858424,1.8209310137545869,1.3675568539875683e-06,1.0643858817649564e-06,0.3695550248764633,0.2876291028536504,-0.0035529857590983,0.0121132536405826,-0.6336847215526754,2.1604318960956004,-4.399375260691986e-07,1.29803459496777e-06,-0.0837573239463387,0.2471257795070869,-0.0173230673651573,0.0705458080724462,-0.74303503871423,3.0259079484772555,-5.158543130308006e-07,1.5285382753809366e-06,-0.1944561860979407,0.5761970304928973,0.0760824518486494,0.0628934671024618,3.497828508134817,2.8914757195792915,2.428377974322411e-06,1.1437509825668391e-06,0.8865540381453273,0.4175614599330452,-0.0066171912190812,0.0297499977104611,-0.4077346368532804,1.833119840617958,-2.83070999392944e-07,1.0168396885936118e-06,-0.0901023946457616,0.3236632898093294,0.0019800436543774,0.0134446026987507,0.1904749141843504,1.2933348916957972,1.322377827244812e-07,8.690636858875946e-07,0.0340143354081414,0.2235414349347205,0.0017871210232225,0.0180131027102561,0.2795576255604664,2.8177723596892585,1.940837233403733e-07,2.0619382077283987e-06,0.0394049164013744,0.4186363560113935,0.0427927304139014,0.0412531374726895,4.550474859011121,4.386758290698382,3.159180873113456e-06,1.6026250519776463e-06,0.7741478305372892,0.3927184789297909,0.0070637092512728,0.0160116341509211,0.8050365404188344,1.8248132963551509,5.588990422861697e-07,1.409875082844332e-06,0.1324284318430585,0.3340630993961847,0.0093167312292478,0.0148157245562753,1.361182962181928,2.164590921660676,9.45005370245592e-07,1.219204268334971e-06,0.1983854831164764,0.25594820453607,0.0025336222851943,0.0098014134445984,0.936572317000422,3.623165360255208,6.502181512542785e-07,2.7373382645162487e-06,0.0863885365131727,0.3636850896224667,-0.0175431970864546,0.029738968290912,-3.2571131269255185,5.521410010056883,-2.261260596083365e-06,1.7871174737653565e-06,-0.4220996198312166,0.3335933981145936,0.0098073771718151,0.0156584843558482,1.6775191743215252,2.6783315546624933,1.1646227380650355e-06,1.7673935768830191e-06,0.2263245358144934,0.343462752199184,-0.0102084066137599,0.0158564031837943,-1.921067467627416,2.9839348551136435,-1.3337068740575148e-06,1.2962361920582968e-06,-0.247311912399321,0.2403636494755942,0.0042692254237317,0.0074736954051271,2.7370067402650924,4.791397189947552,1.900175171016576e-06,3.441735095558073e-06,0.1920530481661155,0.3478604110633643,0.0143710602606469,0.0167784885670441,3.860929336292025,4.507709073110856,2.680461817628203e-06,2.142147315051524e-06,0.4170587671583717,0.3333012663756307,0.0053895991761036,0.0127751992123032,1.192812134955801,2.827374012241382,8.281134164509802e-07,2.013423853210484e-06,0.141780192919276,0.3447156110087638,-0.0032525960550904,0.0107471468970353,-0.7196350173284944,2.377800105665058,-4.996087777223545e-07,1.537190792088074e-06,-0.0855503014071543,0.2632202263998633,0.0503819273154535,0.0486683091800729,8.911829403503447,8.608715304877483,6.187064398399168e-06,2.004488678225532e-06,1.1827083109312315,0.3831745180344807,0.0122466007406121,0.0224365390962873,0.6624822478423555,1.213708944149704,4.599302954100031e-07,1.1105675457209647e-06,0.1556541835103238,0.3758493108355943,0.0334861034007999,0.0285884840754913,1.048664664940715,0.8952887923493634,7.280386013407353e-07,7.530399961696204e-07,0.3164095445888246,0.3272752870608925,0.0443747697810607,0.0432959646519789,0.9625993506540036,0.9391973787258122,6.682874977400526e-07,3.745342767474408e-07,0.3401362415846145,0.1906255640997177,,,,,,
EUR,educational_qualification,EA,covldsc,insample10,20000,8,0.236,0.3229,-6.0061554695258e-05,0.1512007382420937,-0.0011192155890075,2.8175465015614094,-5.815586445053332e-10,1.3709087253031208e-06,-0.0004691384045431,1.105900390682115,0.0348210163908619,0.0418888424790277,0.8221197383515635,0.9889902072974978,4.271838646214377e-07,9.378347665972646e-07,0.3155010446278643,0.6926475296813388,0.0020417962451448,0.0451584249603418,0.0643888770400853,1.4240893424157892,3.345727884817658e-08,7.294491192486012e-07,0.0219606075191844,0.4787940431654782,-0.001790725862187,0.0176058452150298,-0.0849567781032658,0.8352679306406946,-4.414462164441963e-08,3.8457503420886594e-07,-0.0242305630869977,0.2110895796806588,-0.0132723990431941,0.0330077581690843,-2.45829447917448,6.113649040607704,-1.2773610546037331e-06,1.5592246169875788e-06,-0.3675630255755011,0.4486697912905676,0.0870046773733669,0.1059474695760826,5.234112221874972,6.37369118679879,2.719711232436922e-06,1.0466939931669796e-06,1.3393630596785022,0.5154603373017284,0.0485916635354753,0.053495414888146,1.7810242795712552,1.9607608760290145,9.254428512535102e-07,7.172109970411163e-07,0.5695138766865465,0.4413688157770619,0.0786640329152272,0.1034027223556574,2.076238900693771,2.7291857108802704,1.0788401203626737e-06,3.487319389995987e-07,0.7622404757918634,0.246392022404129,,,,,,,,,,,,,,,,,,,,,,,,,,,,,,,,,,,,,,,,,,,,,,,,,,,,,,,,,,,,,,,,,,,,,,,,,,,,,,,,,,,,,,,,,,,,,,,,,,,,,,,,,,,,,,,,,,,,,,,,,,,,,,,,,,,,,,
EUR,educational_qualification,EA,covldsc,insample10,20000,24,0.2638,0.3345,-0.0078150879950402,0.1010742301883765,-0.2377746417216737,3.075191077258146,-1.3811784936234288e-07,1.5352835259917729e-06,-0.078538142619364,0.8730103826709089,0.035729161636237,0.0310928824259569,2.130344232931679,1.85390699719582,1.2374682250532564e-06,1.1224805211311436e-06,0.519874253150632,0.4715666315990227,-0.0132745649086704,0.0330867834417238,-1.377777601349163,3.434103448235962,-8.003194866368623e-07,1.113487506207711e-06,-0.2584915152448488,0.3596402155536144,-0.0054845931793075,0.0117704018401643,-1.1691584375075978,2.5091131054538094,-6.791373873308506e-07,8.445834274809847e-07,-0.154539180161866,0.1921867841412552,0.0388324196240133,0.0238553530376723,1.9908022880810448,1.222980485640695,1.1564115018507526e-06,1.438171140622803e-06,0.5210222616278203,0.6479693250161589,-0.0277790722139798,0.0713087031378532,-1.5264441875426291,3.918372600334747,-8.866765052339858e-07,1.170208432683301e-06,-0.3869040783146251,0.5106241254964299,0.0188920450774997,0.0224197810805254,1.3913361654784815,1.6511421665300028,8.081953463350339e-07,1.0619400016565203e-06,0.3074726423481183,0.4040081396226439,0.0021022448832238,0.0092656298328879,0.2417104933986375,1.0653373336421277,1.4040409555367446e-07,6.36002471740333e-07,0.0431653619593553,0.195530456511656,-0.016318376884732,0.0371894807989701,-3.05100920642516,6.953231261988511,-1.772261444386565e-06,2.015183190915614e-06,-0.4300691239893713,0.4890181820183787,0.0182178815859655,0.0197652999692059,2.3154413026092,2.512113809237612,1.3449868780181772e-06,1.4538972235405215e-06,0.393927805369399,0.4258261190963379,-0.0097039515759964,0.0266457360188525,-1.3218451398854754,3.629607627300525,-7.678295994438058e-07,1.3825459933119086e-06,-0.2174512459465741,0.3915404525195318,0.0181875261621158,0.0240544600796437,3.1759652940700343,4.200468480406797,1.844845576846092e-06,1.0549899789000118e-06,0.462897474950647,0.2647116937374933,-0.0039423492520867,0.0137154418964527,-1.7418218002325934,6.059801952457478,-1.011784432850398e-06,2.5064787524834674e-06,-0.1606697805598106,0.398024893509003,0.0123089988976351,0.0174260792061008,2.731467344532158,3.866989240192422,1.5866468875678377e-06,1.9955714766331443e-06,0.353992295374192,0.4452263027972753,0.014449307543749,0.0204650684259355,2.9540023032224387,4.18385857472952,1.7159123537238856e-06,1.7791139811165852e-06,0.3985571951044583,0.4132371193354397,-0.0162005952051562,0.0241159126168202,-3.643886218231548,5.424223030801935,-2.116650136192157e-06,1.0932572895645423e-06,-0.4691188722287091,0.2423015584705839,0.0067939620180353,0.0094773357757234,5.205938988191464,7.262100036480339,3.0240108522684186e-06,3.298412619793225e-06,0.3653087631749677,0.3984572455067415,0.0268037414786237,0.0333049745533487,8.60691755123259,10.694520772601132,4.999561489011756e-06,2.35716337729246e-06,0.9297554301944893,0.4383555347223958,0.0004559660168364,0.0119418419386483,0.120613865498199,3.158901462399038,7.006183495963457e-08,1.8283025997022944e-06,0.0143369387297432,0.3741304001881196,0.0097667329577204,0.0153045475447484,2.5827397692103675,4.047173580429147,1.5002544417814326e-06,1.5799654373856605e-06,0.3070475135056436,0.3233614548729994,-0.0177044945934733,0.0343611113480142,-3.7430428629521617,7.264545842596485,-2.174247962518937e-06,1.723118205575164e-06,-0.4967653132426659,0.3936926099978955,0.0625365603803551,0.0675843651227315,4.043354838549325,4.369724974754504,2.348692318346372e-06,1.1063838906964831e-06,0.9500448045488754,0.4475317005050774,0.0461114536491305,0.0457120450694194,1.7259571667939015,1.711007256390366,1.002569030250659e-06,7.456331222949655e-07,0.520785199765265,0.3873196586262961,0.0708350838973017,0.0841664024055923,1.8365681295135752,2.18221428886899,1.0668204078413035e-06,3.652344785366353e-07,0.6489781373450142,0.2221828433658374,,,,,,
EUR,fluid_intelligence_score,FI,covldsc,insample10,20000,8,0.5486,0.8315,0.1931035071006951,0.1070361372543591,1.547973572422108,0.8580326388245956,1.8696478981829409e-06,3.5133022047524167e-06,0.6488189059027392,1.2192118605907158,0.1069252399604834,0.0804769716629413,1.0860005995839823,0.8173752007566905,1.311675324831668e-06,2.407007092844269e-06,0.4167431878969952,0.7647500796672617,0.1131454438359932,0.0972683075121125,1.5349411183008306,1.3195504798610034,1.853907254485848e-06,1.898973859190298e-06,0.5234774014480917,0.536202606048101,0.0022611914759695,0.0352203475680896,0.0461490183397385,0.7188177043497791,5.5738945857513835e-08,9.006743273165658e-07,0.0131613566679797,0.2126716944703053,0.0656003213288011,0.082116592783444,5.226929490355955,6.542919787176274,6.313103731030382e-06,4.773037066454615e-06,0.7814789276840325,0.5908389989150872,0.0044297676027124,0.0822756902505736,0.1146403679349732,2.129257389632357,1.384630375964166e-07,2.555470127072482e-06,0.0293336142422587,0.5413804017044043,0.005489483044738,0.0796810790329431,0.0865557094297725,1.256375558065921,1.0454228876652905e-07,1.5867280088884943e-06,0.0276759736965948,0.4200619974536865,0.0576450456506068,0.0746562728268178,0.6545145463899966,0.8476637669884143,7.905249597210378e-07,7.693479306018133e-07,0.2402739589176704,0.2338373643964975,,,,,,,,,,,,,,,,,,,,,,,,,,,,,,,,,,,,,,,,,,,,,,,,,,,,,,,,,,,,,,,,,,,,,,,,,,,,,,,,,,,,,,,,,,,,,,,,,,,,,,,,,,,,,,,,,,,,,,,,,,,,,,,,,,,,,,
EUR,fluid_intelligence_score,FI,covldsc,insample10,20000,24,0.6318,0.8479,0.141190387211246,0.0761850986383076,1.7936262963383731,0.9678250694387012,2.494798357295385e-06,3.80503705223486e-06,0.5923268751820486,0.903409969191083,0.0416370917295731,0.0513336146081413,1.0365792617072445,1.2779797560519226,1.4418032589023938e-06,2.828024690340217e-06,0.2529096646539421,0.4960696070360542,0.005704250066884,0.0380046987231351,0.2472023246685901,1.646991236802537,3.438397144164377e-07,2.5126977316649827e-06,0.0463696809738923,0.3388584486200879,-0.0032783501982055,0.0195068943858297,-0.2917960860643886,1.7362499699306395,-4.058662596912136e-07,2.1091768844152127e-06,-0.0385619585317959,0.2003960408409448,0.064485894975358,0.0684063761563454,1.3803638605957338,1.4642843914412562,1.919981603143536e-06,3.811699132085981e-06,0.3611903296481753,0.7170635717465647,0.0410764720815554,0.0618749918359555,0.9424352003920224,1.419624601995895,1.3108559985963797e-06,2.9808509663306888e-06,0.2388296609740196,0.5430921676104258,0.0805797023656491,0.0849081529042738,2.477843822199671,2.610944641785225,3.4464931239456234e-06,2.4907326222871214e-06,0.5474730188866956,0.3956511325930097,0.006851022083768,0.0222569527253541,0.3288991399723435,1.0684964258278888,4.574737980782094e-07,1.4952699872868504e-06,0.0587241859505287,0.191942168378933,0.0079681995148962,0.0381188124133613,0.6220451786764377,2.9757818481169824,8.652177396671735e-07,4.837489005161083e-06,0.0876659734707064,0.4901461948230735,0.061580214825291,0.0699442076945829,3.2679264262126058,3.711785113678357,4.5454381977567385e-06,3.5522265532967298e-06,0.5558652387725898,0.4344045998023036,0.0364673775380712,0.045961127653044,2.074109404794163,2.614073551644964,2.8849291217991847e-06,3.457517803894372e-06,0.3411358546754487,0.4088430742282857,-0.0109629222627871,0.0302280475699591,-0.79932541369194,2.20397865183934,-1.1118011221702686e-06,2.377296807965292e-06,-0.1164788489155838,0.2490596476301109,0.0128156751361543,0.0215218796182475,2.364205839366238,3.970306123323476,3.2884312949693347e-06,6.316724451773324e-06,0.2180369757759067,0.4188256870019908,-0.0191053853608081,0.0528599754033924,-1.7702078062573254,4.897736388484814,-2.462225010939008e-06,4.258252412567615e-06,-0.2293699044883382,0.3966798098543333,0.0032777593229856,0.0307673605371081,0.2797924722576397,2.6263294590153925,3.891701418500444e-07,3.696389763815729e-06,0.0377424627552634,0.3584829306959238,0.0055190172553834,0.0217826351707171,0.5183113968003965,2.045688125057955,7.20931904234951e-07,2.8868642375404625e-06,0.0667149616385577,0.2671501090905653,0.043997360659379,0.055056280749741,14.076599472163554,17.614811455193166,1.957948392658576e-05,7.973063519466821e-06,0.9875819759697176,0.4021583947059721,-0.0213583280791351,0.0497915838186266,-2.863615108747676,6.675800239756818,-3.983071771312937e-06,5.429648056424903e-06,-0.3092787711679479,0.4216029675538567,-0.0099556764477506,0.0383626869099962,-1.0995898031910225,4.237102277341718,-1.5294461506836624e-06,4.778633316677722e-06,-0.1306785425353592,0.4082947522246656,0.0363286624374801,0.0533319108528076,4.011214756234374,5.88862164025757,5.579295979904968e-06,4.490562891216699e-06,0.4767769316750992,0.3837395980567475,0.0262073808732642,0.0362554499000476,2.3134496762265395,3.200440335427746,3.217833315511719e-06,5.1698520487645454e-06,0.3069735136249199,0.4931913783973822,0.0306647699357674,0.0532976282161794,0.8278330210102022,1.4388347498219738,1.1514530452342943e-06,2.640106845382744e-06,0.1944730216927105,0.445897084503972,0.019407130182269,0.0639960467767149,0.3033036864547766,1.00016008155826,4.218724604304424e-07,1.675489312639742e-06,0.0914999157127623,0.3633968681618827,0.0307022941537105,0.0487386395979929,0.3323721519236904,0.5276272334541587,4.623044947114913e-07,8.082890513174047e-07,0.1174253969935608,0.2053055157850614,,,,,,
EUR,hand_grip_strength,GRIP,covldsc,insample10,20000,8,0.0368,0.3106,-0.0640382387676113,3.233739869727172,-7.652806708795709,386.4438911156416,-6.195465313140616e-07,1.3350141389515216e-06,-3.205129526607952,6.906492117899615,-0.0201830495592798,1.12444427685966,-3.055938448945774,170.25338461662426,-2.473989136270199e-07,9.15718619361832e-07,-1.1717849983329447,4.337227375541553,0.0287761272288937,0.9775441065809992,5.819624712478431,197.69650707146693,4.7113803358205974e-07,7.291411004890434e-07,1.9831980355896983,3.0692304485872537,0.0018078630145654,0.034236698955372,0.5500455206796585,10.416576229248426,4.4529910053816894e-08,3.922681430734302e-07,0.1567478923544186,1.3808068462350582,0.0075385985220611,0.2061606502266058,8.95445739757499,244.88063054534007,7.249239699326136e-07,1.7414453763450355e-06,1.337749481523881,3.2136027306757207,0.0352752713954785,1.3830240557548,13.609274596779391,533.5736169879939,1.1017629467165897e-06,1.0651071608101916e-06,3.479588354324871,3.363822030780739,-0.0001107712846956,0.1838211351646532,-0.0260375099816016,43.20835182898856,-2.107912770698358e-09,6.42549321039949e-07,-0.0083190076719527,2.535860499373721,0.0477341994505879,1.9563457453408408,8.07969456648935,331.1394402909644,6.541059944702668e-07,2.9483267115149375e-07,2.963788654666586,1.3359023356627595,,,,,,,,,,,,,,,,,,,,,,,,,,,,,,,,,,,,,,,,,,,,,,,,,,,,,,,,,,,,,,,,,,,,,,,,,,,,,,,,,,,,,,,,,,,,,,,,,,,,,,,,,,,,,,,,,,,,,,,,,,,,,,,,,,,,,,
EUR,hand_grip_strength,GRIP,covldsc,insample10,20000,24,-0.0761,0.3208,-0.1152681428070822,-0.8881270074844893,12.15713092753831,93.66921377697729,-2.036898132168437e-06,1.500341011817067e-06,4.015043577715277,2.9574058951421427,0.0004233783109611,-0.0537829956055137,-0.0875075851811693,11.116346651208888,1.4661686039946836e-08,1.063666668450868e-06,-0.0213519873336622,1.5490303891464348,0.0051786624496144,-0.0779905938591944,-1.8632304081714857,28.06022741270228,3.1217978656518617e-07,1.0919552522940472e-06,-0.349524654149018,1.2225816607270477,-0.0025199209192302,-0.0234367511649593,1.8621128422130768,17.318747977755315,-3.119925410689564e-07,8.843156073556783e-07,0.2461020946501894,0.6975548920382236,-0.0001553273712472,-0.1069030965465727,0.0276039864771777,18.998271893379425,-4.624981735485132e-09,1.4692269163365233e-06,0.0072234393982989,2.2946840008208667,-0.0356085321300233,-0.2771034075150835,6.782774809352,52.78313650267495,-1.1364376531302003e-06,1.1599981382652006e-06,1.71899200089086,1.7546299308491116,0.0145662396681472,-0.1613173448698888,-3.718696086551712,41.183599386489405,6.230586112749084e-07,1.0202358138106618e-06,-0.8216922141681272,1.345491113762678,0.0052551099875068,-0.0577980521278446,-2.094518233056417,23.03644915229449,3.50931506959532e-07,7.524932087264511e-07,-0.3739969896547856,0.8019519171637568,0.0027088405899951,-0.0406820058755772,-1.7556588971623015,26.366898751319123,2.941564378692525e-07,1.9007306808757897e-06,-0.2474451620057949,1.59889960140103,-0.0279809630462165,-0.2331053638823066,12.327888376868003,102.7018584472503,-2.065508133300006e-06,1.4773734086620153e-06,2.097083065011673,1.4999576646807062,0.0031799202932786,-0.0535441984096185,-1.5015449116015702,25.28334400006407,2.515802489944535e-07,1.362240313062568e-06,-0.246981103975387,1.33733716277301,0.0044402598215935,-0.0450457370847941,-2.6878228081265747,27.26753938059652,4.503382656734567e-07,1.1948392951073446e-06,-0.3917001860603664,1.0392605067790257,0.0049405781362652,-0.0502240543185279,-7.566874527420945,76.92199309572213,1.2678116804963626e-06,2.50998722947636e-06,-0.6978966127740125,1.3816812169389106,0.0221703464418867,-0.2244676215231608,-17.05437836901379,172.67009151539392,2.857420196606542e-06,1.928546912494743e-06,-2.209926196607588,1.491536438487514,-0.0092663186573273,-0.0775378218783922,6.566911449908096,54.94997842444263,-1.1002702649301688e-06,1.5033479627129855e-06,0.8859007380320106,1.2104453897705585,-0.0103141990355979,-0.0969429173606002,8.041915011551605,75.5857725544291,-1.347403574389543e-06,9.914718325108744e-07,1.0351937833556375,0.7617357537829644,-0.0018548729293529,-0.01518282161784,4.926973845826296,40.32910493930155,-8.25502652198421e-07,3.438918814643188e-06,0.3456888344750622,1.4400872410554326,-0.002238649526643,-0.0170619513535517,2.4918876876505647,18.99201549827364,-4.175098061213972e-07,2.06503374961697e-06,0.269149528999764,1.3312330702872548,0.0062155417674502,-0.0717988284444812,-5.699462282121159,65.8373364591966,9.549312371490427e-07,1.819422326207827e-06,-0.6773874654578623,1.2906205496291774,0.0012877928834789,-0.0160573280702369,-1.1805040781613425,14.7195574028024,1.977906272587097e-07,1.484320418100536e-06,-0.1403254700733116,1.053072955458764,0.0032005654188967,-0.0543751483926702,-2.345622450975777,39.85032397461587,3.930034164839225e-07,1.962704962934416e-06,-0.3112638264226348,1.5544879033555532,0.0239144888093981,-0.282111910517719,-5.359929800971554,63.22945259020983,8.980433841855158e-07,1.2078768575509902e-06,-1.2592310158443936,1.693677643122265,-0.0126830875324612,-0.0826603879055416,1.6456456432773263,10.72528332554772,-2.757239810101692e-07,6.442516563936035e-07,0.4964883054510579,1.1600855754186297,0.044308289376709,-0.4371865426363647,-3.982297937467855,39.29303278281532,6.67224469236591e-07,3.130061214728557e-07,-1.40702187980922,0.6600574195524097,,,,,,
EUR,haemoglobin_concentration,Hb,covldsc,insample10,20000,8,0.4489,0.4427,0.0251034311318762,0.1707206249327291,0.2459306531806147,1.672497858183051,2.430528644532312e-07,1.8635446177268703e-06,0.1030790986313049,0.7903321768563991,0.0827016293585043,0.034926293799027,1.0265263346017175,0.4335193953594228,1.0145143065121987e-06,1.1862559020324576e-06,0.3939186423917837,0.4606029816024558,0.079899883642111,0.0426613329871783,1.3246678455370493,0.7072863373493035,1.3091670767466929e-06,9.50757655664466e-07,0.4517635702304999,0.328084688788783,0.021557894980905,0.0181173893394571,0.5376970793859998,0.4518839776589458,5.31405148820241e-07,5.475761662668499e-07,0.1533464983469726,0.1580129358206225,0.0083679721873235,0.0160475059619671,0.8148301700433733,1.5626237419347777,8.052953314709701e-07,2.0032426526015254e-06,0.121824805263949,0.3030498706652628,0.1260939814335362,0.0971562723576841,3.988018684400871,3.072795585199391,3.941352378000524e-06,1.2163175020004583e-06,1.020429920350694,0.3149088568216617,0.0487366427982309,0.0351374931476905,0.9391307909555652,0.6770819620998635,9.281414329036192e-07,8.402463793793151e-07,0.3002833576971727,0.2718465043668769,0.0564385644675124,0.0414942421764965,0.7831401181768054,0.5757730734002616,7.73976104765285e-07,4.175646427795685e-07,0.2874914068299147,0.155103298223314,,,,,,,,,,,,,,,,,,,,,,,,,,,,,,,,,,,,,,,,,,,,,,,,,,,,,,,,,,,,,,,,,,,,,,,,,,,,,,,,,,,,,,,,,,,,,,,,,,,,,,,,,,,,,,,,,,,,,,,,,,,,,,,,,,,,,,
EUR,haemoglobin_concentration,Hb,covldsc,insample10,20000,24,0.3215,0.4429,-0.0715292022107155,0.2254285590726276,-1.785701480788329,5.627745023104228,-1.2640348686084788e-06,2.004038620500245e-06,-0.5897713711460127,0.9350411403944284,0.0004072081209581,0.0439801660193748,0.0199221957705483,2.151679773471793,1.4102217186996068e-08,1.4175545262714637e-06,0.0048612221282189,0.4886499292765178,0.008170837053136,0.015969670788436,0.6958556988275325,1.3600303560413989,4.925716175413668e-07,1.1846671615503491e-06,0.1305407485050716,0.3139590924261358,0.005564554834779,0.0099007736655533,0.9733144910410364,1.7317767130213004,6.889748751592265e-07,1.032844020240095e-06,0.1286406314299844,0.1928455038388205,0.0359035370719671,0.0279258144283438,1.5103052386377378,1.1747172357924516,1.0690916171707231e-06,1.9027378568046924e-06,0.3952324689301179,0.7034231386659812,0.0573133521938371,0.0536796023996891,2.584120832865327,2.420283817840972,1.8292076657725224e-06,1.3052290884291694e-06,0.6549300739710426,0.4673246233489043,0.0252845888273916,0.0269512080280234,1.5279277214891078,1.6286402027240303,1.0815659489866732e-06,1.2719240853199928e-06,0.3376268326194058,0.3970499447225251,0.0100470538044593,0.0144540224937073,0.9478611926797826,1.3636243287385323,6.709573862363209e-07,8.379705717565096e-07,0.1692561129603744,0.2113869593809556,0.0035491867095931,0.0174309967224344,0.5444891366850966,2.674130479330868,3.85424586221796e-07,2.1940747351980725e-06,0.0767438713804942,0.4368735033948664,-0.0145516253106963,0.0421271775005222,-1.5175437435076746,4.393312312718944,-1.0742154985420671e-06,1.7262967530995796e-06,-0.2581569474701574,0.4148660122784284,0.0286306501889587,0.0348941933149946,3.2000516099317853,3.900128664838415,2.2652032603538805e-06,1.6119496023521763e-06,0.5263783791877146,0.3745780495150195,0.014811224425374,0.0235917697584803,2.12220285003292,3.3803093910990456,1.5022322765379838e-06,1.0829481848476025e-06,0.3092827478827631,0.2229596552113811,0.0046539296311193,0.0101745819964256,1.6871832389806,3.688578377553663,1.194297292547336e-06,3.169708456644908e-06,0.1556153626307965,0.4130088328866823,0.0169177260679546,0.0215222781000866,3.080413957301767,3.918820152669178,2.180516000949217e-06,2.065728531106605e-06,0.3991780180114125,0.3781643521248187,0.0146139721042919,0.0193411095709536,2.4514660476261936,3.2444343740526054,1.7353060389698117e-06,1.8305520179456253e-06,0.330723796662577,0.3488762787471927,-0.0111878392806079,0.0197468956993005,-2.0647804029841,3.6444037348980345,-1.461584958891986e-06,1.2583921486882318e-06,-0.2657979975266389,0.2288461653834624,0.0051405725808794,0.0084376557379784,3.232073800482609,5.3050755765316175,2.287870635534416e-06,3.5505572134569726e-06,0.2267785756080869,0.3519387394448152,0.0188413389686692,0.0244610020355837,4.964297489413361,6.444960795817586,3.514050468275241e-06,2.4714434151273783e-06,0.5362145791603731,0.3771215020174841,-0.0197754987146753,0.0366038608008479,-4.292259978680829,7.944845743085599,-3.038338902978365e-06,1.860850528634167e-06,-0.5101582920687889,0.3124497818701923,-0.0070940531707022,0.0176244376580553,-1.5392869578555874,3.8241984340664112,-1.0896067503201956e-06,1.6411488769312457e-06,-0.1829802693705355,0.2756020587150223,-0.002542666406812,0.0205071418737685,-0.4410872111628687,3.5574615662472144,-3.122300233301017e-07,2.0977274718025418e-06,-0.0585343320932032,0.3932647961458473,0.091737739328671,0.1101269913378705,4.866869632438736,5.842456046729901,3.4450847370403894e-06,1.2552010141813071e-06,1.1434355285246551,0.4166055538848882,0.0485546980071697,0.0534393447873055,1.491235629031208,1.6412552895941357,1.0555929155496866e-06,8.64064390443177e-07,0.4499193062390121,0.3682852029104303,0.0580387151749995,0.0694754459061672,1.2347249803650775,1.4780318331253963,8.740181072338942e-07,4.205004985977416e-07,0.4362676351349578,0.2098935440558493,,,,,,
EUR,igf_1,IGF-1,covldsc,insample10,20000,8,0.3803,0.3794,0.0873679896961614,0.0897020378995839,1.0103112787034343,1.037301887428164,8.458507539100899e-07,1.5926284082634469e-06,0.4234351330274271,0.7972740093909938,0.0876438559535854,0.0388915707225692,1.2841057353532834,0.5698162007864729,1.075076392043007e-06,1.089778785248003e-06,0.4927322222005276,0.4994706669558783,0.0026629417354489,0.052617929429255,0.0521129660364579,1.0297169978423106,4.362991143382855e-08,8.502330342905216e-07,0.0177714859798196,0.346319851494312,0.0303993586082346,0.0243157808805899,0.8949917379319621,0.7158842813083857,7.493031625308315e-07,6.103846146526878e-07,0.2552283723819344,0.2079098014194883,-0.0089357112621904,0.0302873470560593,-1.0270681930181578,3.481219334358316,-8.598799436312078e-07,1.9924876209657408e-06,-0.1535471089492047,0.3557946851561672,0.0122223158548408,0.0311068321014464,0.4562885904127657,1.1612932230150057,3.82013005631804e-07,1.198296574407245e-06,0.1167452845579888,0.36620605189257,0.0302894219065236,0.0280604490760219,0.6889452889501219,0.6382463903210521,5.767973735868029e-07,7.327044723054704e-07,0.2202742124853237,0.2798138618730613,0.1386498275073953,0.1421788311713528,2.270942442517752,2.3287439150789364,1.901273812913568e-06,4.034695176996224e-07,0.8336145031060977,0.1769014222103092,,,,,,,,,,,,,,,,,,,,,,,,,,,,,,,,,,,,,,,,,,,,,,,,,,,,,,,,,,,,,,,,,,,,,,,,,,,,,,,,,,,,,,,,,,,,,,,,,,,,,,,,,,,,,,,,,,,,,,,,,,,,,,,,,,,,,,
EUR,igf_1,IGF-1,covldsc,insample10,20000,24,0.2069,0.3712,-0.0267614128357428,0.2144540123306208,-1.0381377934979534,8.319172703406101,-4.729051292275245e-07,1.6849236120770978e-06,-0.3428618340592321,1.2215896258729693,-0.0173761751473481,0.0939094647182297,-1.320977574900739,7.139217688113943,-6.017477397294344e-07,1.1875496251983912e-06,-0.32232428018725,0.6361072137982914,0.0067337078169652,0.0173093745219996,0.8911019482505256,2.2906276569783537,4.059255761919666e-07,1.1958596804889107e-06,0.1671643320090661,0.4924673299495834,-0.0149670036262123,0.0432311532550023,-4.067973483622174,11.75005963115816,-1.8530926607386629e-06,9.128960759111058e-07,-0.5376410257047626,0.2648601405711991,0.013476726841525,0.0442045237486065,0.880911755469298,2.8894467531303505,4.0128361588164747e-07,1.6423220641688384e-06,0.2305205281081543,0.9434448219972524,0.0447735088457001,0.0841220058717844,3.13688519244286,5.893687615308126,1.4289520202377867e-06,1.2648859933782604e-06,0.7950053551090136,0.7037263141772699,-0.0105758105498863,0.0518168344631692,-0.9930727475209802,4.865621025022277,-4.523765524577906e-07,1.10088289278282e-06,-0.2194343041406601,0.5340052887482383,0.0324628912614448,0.0596246989827729,4.758978013520865,8.740830545146816,2.167867432021652e-06,1.1889450689419588e-06,0.8497724212999644,0.4660491297132834,0.0234165564728351,0.0475269345306844,5.582180683383344,11.329758762155402,2.542862704720513e-06,2.259987953667379e-06,0.7867698114251552,0.6992474634313522,0.0221780976639258,0.0420938444706841,3.593970377351128,6.821325813824774,1.637169012038748e-06,1.7520119938009405e-06,0.6113732118745026,0.6542593904577159,0.0046511786231106,0.0175503768858222,0.8078100963236745,3.0481245274496063,3.679834607562617e-07,1.5073399403889389e-06,0.1328738902938163,0.5442802278752129,0.0172345614220682,0.0538520756848567,3.837219595278009,11.989991216122748,1.747976848492332e-06,1.185766064551535e-06,0.559209794227068,0.3793482719929816,0.0049517043747332,0.012353799059446,2.7894439240784465,6.95926636927193,1.2706813562238849e-06,2.708765249996716e-06,0.2572747505702306,0.5484434792662727,0.0130067368117632,0.0284257912220077,3.680068757559105,8.04266801880707,1.6763895913043794e-06,1.9638149521494143e-06,0.4768730526008631,0.5586353171317633,-0.0170108497111693,0.0577102266489843,-4.4340859067704,15.04287598830335,-2.019868635821257e-06,1.782155372317243e-06,-0.5981815021083963,0.5277830244489297,-0.0071043844303828,0.0229153901437237,-2.0373919748878544,6.571664644241543,-9.280975234752028e-07,1.232366579950542e-06,-0.2622658475113144,0.3482475250285315,-0.0128783707655473,0.0423260212419759,-12.582043552419208,41.35211296228961,-5.7315252073181335e-06,3.1442834998740834e-06,-0.8827978205594003,0.4842980743355304,-0.0048551857582613,0.0243671847762802,-1.987798567567576,9.976354645448126,-9.05506132578426e-07,2.217728377249077e-06,-0.2147051718503445,0.5258470762630739,-0.0027405847360273,0.0190631133239325,-0.9243198833639196,6.429436190202386,-4.210574132138525e-07,1.9304421060498308e-06,-0.1098577095993807,0.5036699073081706,-0.0030445622761416,0.0148244784899884,-1.0265272887704782,4.998331560177242,-4.6761617117886025e-07,1.657189812393902e-06,-0.1220237832081282,0.4324413543964578,-0.0046648194799573,0.0320260218350718,-1.2574490855828822,8.632936825185846,-5.728084711288162e-07,2.1600161250976434e-06,-0.1668652580116483,0.6292358898140028,-0.0020884915685377,0.0423489677720931,-0.172168974341445,3.4911217529333243,-7.842850108131808e-08,1.255792651827049e-06,-0.0404488496874621,0.647664656496558,0.016438875416511,0.0271399640224013,0.7845264763808653,1.2952236575874565,3.573770235695008e-07,7.307567474670961e-07,0.2366929249670856,0.4839845333923198,0.131643105334632,0.3462048009439695,4.351821263558713,11.444742286079478,1.9823944469683533e-06,4.422159182618971e-07,1.5375991303227592,0.3429947114582631,,,,,,
EUR,neuroticism_score,NEURO,covldsc,insample10,20000,8,1.0864,0.4157,0.4674216170247415,0.0466214134361639,1.8921180137757017,0.1887230136076078,4.525674788742256e-06,1.7420337814152694e-06,0.7930728082467272,0.3052715202878345,0.1780595248743941,0.0446469014036104,0.9132319307166564,0.2289850879816578,2.184319738530181e-06,1.187129778137362e-06,0.3504486710952103,0.1904611517385883,0.1121834638394982,0.0322449827680396,0.76851003285262,0.2208934536185489,1.838165724999478e-06,9.807257797270158e-07,0.2620961516182932,0.1398374744798235,0.0019547008894984,0.0224104563284264,0.0201451954198271,0.2309627138398076,4.8184416808054976e-08,5.351043529151661e-07,0.0057453244706896,0.0638037842280604,0.0486638944348694,0.0197470664377634,1.9580040358983928,0.7945281862725275,4.683264699667615e-06,2.430386052686825e-06,0.2927447382538725,0.1519202467672098,0.0921419523950134,0.0309251506803134,1.2041486005326896,0.4041424773953156,2.8801506690671338e-06,1.342443433634067e-06,0.3081150948856479,0.1436130027415361,0.1141481972656785,0.0356185046680882,0.908864992585395,0.2835998531428272,2.173874649132608e-06,8.435238709230204e-07,0.2906105989516866,0.1127650011728117,0.071826649276306,0.0286131366750005,0.4118214552649964,0.1640547582815073,9.850178286907206e-07,3.834066565161126e-07,0.1511824068210703,0.0588459817020481,,,,,,,,,,,,,,,,,,,,,,,,,,,,,,,,,,,,,,,,,,,,,,,,,,,,,,,,,,,,,,,,,,,,,,,,,,,,,,,,,,,,,,,,,,,,,,,,,,,,,,,,,,,,,,,,,,,,,,,,,,,,,,,,,,,,,,
EUR,neuroticism_score,NEURO,covldsc,insample10,20000,24,0.9684,0.4114,0.2014381469580897,0.0399554430665619,1.6695267875294366,0.33115218499856,3.5596090495201416e-06,1.8240313000209624e-06,0.5513826947512994,0.2825420655821331,0.047208483536983,0.0268536691212182,0.7667733663498684,0.4361647892119089,1.634842539920546e-06,1.3490739588693185e-06,0.1870941436471069,0.1543903041962282,0.007906875657467,0.0213036608973987,0.2235546688305501,0.6023280323497603,4.766423804491809e-07,1.3949014588666157e-06,0.0419368268162401,0.1227287864144237,-0.003323130281332,0.0092938883357525,-0.1929729016841855,0.5396925333183252,-4.114387934821178e-07,1.0642657630328845e-06,-0.0255038774351252,0.0659706960276473,0.1576066734029612,0.0320675379108551,2.201041809257665,0.4478363138931739,4.692855724824737e-06,1.8551338230810424e-06,0.5759716271440779,0.2276874699125567,0.0583366929390801,0.0275987560822838,0.8732226837385708,0.4131166619126843,1.8618038299833364e-06,1.380900606651713e-06,0.2213054129454416,0.1641423086955425,0.0643885605201334,0.0250301855808907,1.2917599854520998,0.502154294189023,2.754169965028026e-06,1.330421203533496e-06,0.2854308317164696,0.1378793739964149,-0.0136470206387135,0.012791691426268,-0.4274349789404065,0.4006454229202693,-9.113369312086557e-07,6.542296562778851e-07,-0.076322852129428,0.0547905737217964,0.0344795504158493,0.0160771881250828,1.7560956360789954,0.8188355000679213,3.744183061153432e-06,2.396051726569113e-06,0.2475070417530528,0.1583896046331998,0.0412921086214979,0.0201590918426587,1.4296277601135696,0.697954119541847,3.048118754581976e-06,1.7663981825204883e-06,0.243192671081229,0.1409312191509738,0.0170805945746627,0.0193656202123327,0.6338039664125164,0.7185936560324491,1.3513376073481983e-06,1.7123628594065942e-06,0.1042511667434879,0.132103054788554,0.0152745772405326,0.0130364018898517,0.7265931953472811,0.6201258965022828,1.549174132932165e-06,1.3519954742120126e-06,0.10588758410676,0.0924102277751186,0.0250489749307185,0.0119563634191633,3.0148006108652856,1.439023027469934,6.427876220432136e-06,3.3709983351683126e-06,0.278056929670419,0.1458225726285034,0.007156946325461,0.0170116344474339,0.4326344021070625,1.0283461637607496,9.224226555555536e-07,2.3587224239662864e-06,0.0560613429570634,0.1433541836316335,0.0139135963405808,0.0159256575744501,0.7748599330712563,0.8869133227807198,1.6520839620384846e-06,1.9764458043038536e-06,0.1045316193947092,0.1250548309390027,0.011724707730441,0.0117178404423957,0.7183827126782354,0.7179619481587176,1.5316685088068328e-06,1.3993235600763789e-06,0.0924737819319905,0.0844835165068469,0.0004765742530438,0.0087359937794911,0.0994778855869954,1.823510573922955,2.1209745444492002e-07,3.927033689083742e-06,0.0069796269621831,0.1292294162108779,0.0190664210702004,0.0144638143448568,1.6677901807201898,1.2651880209345736,3.5559064187149177e-06,2.7933969901901395e-06,0.1801387492218477,0.141510765650233,0.0157334454203905,0.0156114501639957,1.1337273107599692,1.1249365246185756,2.417227459429527e-06,2.4405469628818948e-06,0.1347449356325751,0.1360448484642846,-0.016267027352722,0.014568847637896,-1.1718163245610702,1.049485755568777,-2.4984372963883767e-06,1.6704959155263796e-06,-0.1392929474992531,0.0931335359888743,0.0426649315576,0.017845855216639,2.457153740922233,1.027776403351807,5.238913659595793e-06,2.498181760941945e-06,0.3260644439353006,0.155484189978747,0.0636369155406002,0.0284592531088937,1.1208229041445867,0.5012465241019645,2.389713889171228e-06,1.4044118088522616e-06,0.2633200192018867,0.154750636111751,0.0863731903121223,0.0313230577867514,0.88068413277163,0.3193782686849456,1.8777124345645869e-06,8.535952866012477e-07,0.2657011543541536,0.1207859354959258,0.0708292109243507,0.0285844438796521,0.5002545472206107,0.2018870158788156,1.0665960119065712e-06,3.825687182596842e-07,0.1767497131178723,0.0633969285891108,,,,,,
EUR,sleep_duration,SLP,covldsc,insample10,20000,8,0.2054,0.3343,0.073665689051499,0.0411001721615999,1.5772262630163627,0.8799791569512293,7.131028290597852e-07,1.395800827911661e-06,0.6609539373428661,1.2937265361449,0.0095738331057149,0.0718705476185837,0.2597114206670681,1.9496477346153456,1.174219280768475e-07,1.0047298685327338e-06,0.0996429856706667,0.8526029637971679,0.0762845980895229,0.1002452015025705,2.7640562460979368,3.632232223723043,1.249697887355278e-06,7.22926590318781e-07,0.9424760735374932,0.5452045819981398,0.0242687420769048,0.0332116323547219,1.3229022583127523,1.8103840448378865,5.981166843926791e-07,4.841331400191325e-07,0.3772099922836884,0.3053248016251627,0.0114560141808147,0.0159211813527188,2.437976873021112,3.388217866743522,1.102269373836598e-06,1.861670927846856e-06,0.3644327946791189,0.6155064770117374,0.0002736625926983,0.0332358267493096,0.0189159183116385,2.2973040546412933,8.552352429445511e-09,1.004245178542101e-06,0.0048391900070914,0.5682335091733149,-0.0227340821263794,0.0729952917970141,-0.9574080192805684,3.0740751857799404,-4.328677394756365e-07,6.793514744958559e-07,-0.3060705115436579,0.4803533143143553,0.0326115430292245,0.0487278835913403,0.988972072443549,1.4777134580209963,4.4713862510245124e-07,3.1073940183844497e-07,0.3629849915751088,0.2522567562409494,,,,,,,,,,,,,,,,,,,,,,,,,,,,,,,,,,,,,,,,,,,,,,,,,,,,,,,,,,,,,,,,,,,,,,,,,,,,,,,,,,,,,,,,,,,,,,,,,,,,,,,,,,,,,,,,,,,,,,,,,,,,,,,,,,,,,,
EUR,sleep_duration,SLP,covldsc,insample10,20000,24,0.1442,0.3809,0.0508940674145992,0.0583791035065879,2.8327506974066687,3.2493658804095724,8.990596460207788e-07,1.6517376176984108e-06,0.935252450322195,1.7182304434183011,-0.0413102997050395,0.15724041694523,-4.506037851903716,17.151443481730396,-1.430128249477648e-06,1.2622233265645154e-06,-1.0991292602106832,0.9700854392983632,0.0060281809615556,0.0170530772901009,1.144602358783313,3.2379572901419174,3.632743934947628e-07,1.0894134676986098e-06,0.2146481837573129,0.6437024640043447,-0.0037158802995598,0.0149237354181403,-1.4491061357098902,5.819906675868945,-4.599179343987427e-07,9.155217477372394e-07,-0.191456819613619,0.3811177364457938,-0.0155216442839564,0.1041093561090514,-1.455730349305813,9.76411690424341,-4.620203301853429e-07,1.6948533965163706e-06,-0.3808153924384977,1.3969650665830764,0.0316327957810931,0.064001167360151,3.1798768512663425,6.43369722837487,1.0092306954178694e-06,1.2779900139937934e-06,0.8056345605039996,1.0201759894214175,0.0450498382660401,0.1141205780159866,6.069541257435384,15.375406066941444,1.926353639031505e-06,1.1411104983571084e-06,1.3407125762014074,0.7941953984897627,-0.0002400029211998,0.0208264993642101,-0.050482198407147,4.380644484552289,-1.6022062044439997e-08,8.183508980557043e-07,-0.0090112191301456,0.4602615597965759,0.0046842500456264,0.0140916289300351,1.6021979045056487,4.8198917911851495,5.085062664352381e-07,2.023479360896942e-06,0.2257440513158011,0.898294591106989,0.0174884067870672,0.0410627159730506,4.066265000830538,9.547575535796522,1.2905529511016332e-06,1.7345141320912836e-06,0.691486886271926,0.9293642507040376,0.0204725939255761,0.0563894826692149,5.101693470936414,14.052047171395284,1.619177688416307e-06,1.2840809131626022e-06,0.838882417863867,0.6652715812927683,0.0014726740346317,0.0129147786708214,0.4704552045192788,4.125709218755924,1.4931327703173976e-07,1.22684329624324e-06,0.0685382088340339,0.5631491299107954,0.0042575781252725,0.0111236152246192,3.44128611956509,8.990919613345733,1.0921968824665148e-06,2.469839641404437e-06,0.3172902090118082,0.7175042784201402,-0.005520468466381,0.0298173737094561,-2.241087144032933,12.104648961593298,-7.112772106138901e-07,1.861051465729636e-06,-0.2903099697467806,0.7595938498393127,0.0046397635453267,0.0190563492531173,1.7352784519444748,7.127102902683279,5.507434283507352e-07,1.8359209600438008e-06,0.2340207718368502,0.7801157816581105,0.0327439965244176,0.0956184753119294,13.473333293502614,39.34460431344949,4.276172369374392e-06,1.979540162038825e-06,1.7337982470389883,0.802615742870139,0.0014833450554093,0.0064331544029615,2.079350391621887,9.017984101798149,6.599451299248459e-07,3.037808581274584e-06,0.1458458594785754,0.6713464246911529,0.0119299511565641,0.0337271803966974,7.00810207155811,19.81261446119628,2.2242344776406545e-06,2.274189163977301e-06,0.7567055315299034,0.7737005866181955,-0.0249748328780415,0.0787347779254565,-12.0858411526605,38.10139686795328,-3.835809511413001e-06,1.7641047788044854e-06,-1.435957162544399,0.6604026829450022,0.0023038114259324,0.0125785417520155,1.1145198175652036,6.085148246462391,3.537267835043323e-07,1.5143190481358617e-06,0.1324396850659034,0.5669797911188025,0.0082644700483587,0.0169745203012879,3.196434487183942,6.565205243283105,1.0144857650929546e-06,2.119180601699927e-06,0.4240310703150465,0.8857674002427901,-0.0167917118917496,0.0780023390056997,-1.986151489647763,9.226245829545237,-6.303656219592876e-07,1.1304295853773033e-06,-0.4664660179697494,0.8365097475448968,-0.0096723943531729,0.0652660858590672,-0.6623152056279994,4.469081749350141,-2.102058874687498e-07,7.518071050368702e-07,-0.1997555041935787,0.7144310234663666,0.0186015117016295,0.0476187642059516,0.8823002485561511,2.2586361887548807,2.8002483588730053e-07,3.320279179579334e-07,0.3116339997958086,0.3695071824227356,,,,,,
EUR,vitamin_d,ViTD,covldsc,insample10,20000,8,0.468,0.4223,0.212780430375254,0.0412554443031044,1.999470558729444,0.3876721469445479,2.0600929085975543e-06,1.8125260964701764e-06,0.8380316635320116,0.7373231826006046,0.0359926396438522,0.061452925822646,0.4285223520235572,0.7316482640013168,4.415148073699291e-07,1.1210941197667303e-06,0.1644361819915499,0.4175362493633418,0.0654753675293607,0.0325029976961182,1.0412201040054685,0.5168779637085017,1.0727890656784223e-06,8.629214483521756e-07,0.3550865501627971,0.2856216659545147,0.020399865723787,0.0166850058375834,0.4880478306966784,0.3991732599837091,5.028450509986702e-07,5.172463377757245e-07,0.1391829502110539,0.1431690957970252,0.0162013428156033,0.0141480270767156,1.5132184813630525,1.3214371358584034,1.559098056735432e-06,2.0367109556135326e-06,0.2262339233092105,0.2955382492747798,0.0334270975624848,0.0251761357210314,1.0140637257714251,0.7637577848951101,1.0448093277528507e-06,1.2654025270026645e-06,0.2594649581901482,0.3142464419499517,0.0014062385939216,0.0366014702216149,0.0259916132012438,0.6765077140601329,2.6779658147563842e-08,7.324002947618163e-07,0.0083104757044435,0.2272842626297333,0.0823170177557359,0.0613724350644443,1.0956122864516562,0.8168468166034396,1.1288303756398648e-06,4.881070667504687e-07,0.4021885986638414,0.1739066394833788,,,,,,,,,,,,,,,,,,,,,,,,,,,,,,,,,,,,,,,,,,,,,,,,,,,,,,,,,,,,,,,,,,,,,,,,,,,,,,,,,,,,,,,,,,,,,,,,,,,,,,,,,,,,,,,,,,,,,,,,,,,,,,,,,,,,,,
EUR,vitamin_d,ViTD,covldsc,insample10,20000,24,0.3544,0.4156,0.0586366363203874,0.0462300874210865,1.327950206149035,1.0469777595304282,1.03616698945958e-06,1.8685038432532413e-06,0.4385727552541489,0.7908714397145032,0.0014630287372895,0.0344111217821878,0.0649323160322152,1.52723851393622,5.066509430112444e-08,1.230504133560053e-06,0.015843611573862,0.3847941033384106,0.0197934371336747,0.0215281130496139,1.5291888360326304,1.6632053298267229,1.1931885587352386e-06,1.2563784588036292e-06,0.2868620245755808,0.3020539089878494,-0.0094760736508844,0.0159403109723899,-1.5036212490149443,2.5293376958667264,-1.1732387974074498e-06,9.797791150768126e-07,-0.1987231480923075,0.1659549535980279,0.0895156067469109,0.0522890432766454,3.4159658231896173,1.9953792556566388,2.665394385061728e-06,1.956483963051828e-06,0.8938948468093353,0.6561471511453763,0.0182906811221645,0.0301308150766608,0.7481249678926254,1.2324098217692812,5.837435712057478e-07,1.4165182201679852e-06,0.1896012933059786,0.4600884699776347,-0.0019144865790771,0.0283116779616481,-0.1049509816529647,1.5520288451172106,-8.189067797620078e-08,1.1497720520591306e-06,-0.0231902632865998,0.3255989236598383,0.029122804177654,0.0320532335935592,2.492450079914925,2.7432483542604467,1.944797691754637e-06,7.856271158755906e-07,0.4450523710664456,0.1797848754021646,0.0044117802721179,0.0175980305863758,0.613990301609539,2.449129249647705,4.790815795880344e-07,2.250757147699786e-06,0.0865368386588142,0.4065558277530861,-0.0101945363415467,0.0327359735082681,-0.964460526291821,3.097007375390761,-7.525449036816091e-07,1.7553656349077197e-06,-0.1640635430819903,0.3826901279357717,0.0141312268865144,0.0196676116880468,1.4328241908331123,1.9941813990290056,1.1179975885886376e-06,1.611636610138287e-06,0.2356779735571844,0.339738881608373,0.0043206985967655,0.0111978856280637,0.5616130189301203,1.4555235021296928,4.382128700093894e-07,1.1359351582532712e-06,0.0818447824764646,0.212157999678593,0.0130170540955424,0.0138368239029647,4.280972260289111,4.550573337432932,3.340337701190819e-06,2.882455047939833e-06,0.3948368338442821,0.3407138818393432,-0.0006406257693259,0.0169578563538647,-0.1058178083182187,2.801078693773461,-8.256704157173366e-08,2.1126421358164347e-06,-0.0137120165079494,0.3508492406929333,0.0299891788775105,0.0324225376061521,4.563619712807908,4.933917409444407,3.5608805789272704e-06,1.8364072845338337e-06,0.6156502211993002,0.3175013949150336,-0.0059462417422157,0.0128268254210823,-0.9955371616415782,2.1475045795595213,-7.767932403615442e-07,1.2729515436902245e-06,-0.1281505107433407,0.2100036174355748,0.0070451379429773,0.0096482927619276,4.0183386849206375,5.503101339178212,3.1354111611289585e-06,3.752107540395112e-06,0.2819371614539658,0.3373906945678279,0.0272296401698429,0.0281382206564296,6.508414478349798,6.725582915272293,5.0783562553474256e-06,2.4275660824466145e-06,0.7029768956350547,0.3360384310947724,-0.0118899338324043,0.0196302781953173,-2.341128630116451,3.865202863867823,-1.8267252743158565e-06,1.908486405179729e-06,-0.2782461970799422,0.2907000258256731,-0.0095813608524391,0.0178434434606498,-1.8859909799737435,3.512295793544824,-1.4715925241913763e-06,1.6981488754288768e-06,-0.2241864265019494,0.2587006401516584,0.0056564296324679,0.0149273223521241,0.8901531511774924,2.3491148823128096,6.94564680620281e-07,2.288256797438026e-06,0.118123407057565,0.389159853182606,-0.0006021769713364,0.0362991374040235,-0.0289809812864691,1.7469691999117305,-2.2613149191992385e-08,1.3129352736772824e-06,-0.0068086355170265,0.3953141448817602,-0.0023485102594391,0.0374280833039558,-0.0654326847218244,1.0427972220801769,-5.1055519722447814e-08,7.702325285487355e-07,-0.0197409536124197,0.2978154898729203,0.0843706052868487,0.0882140754509277,1.6282866934905402,1.7024626615746905,1.2705121873988674e-06,5.225046103814134e-07,0.5753056842049605,0.2365973938362185,,,,,,
EUR,white_blood_cell_count,WBC,covldsc,insample10,20000,8,0.1903,0.363,0.0101776387827403,0.1616072575990371,0.2352000602746582,3.734661598776188,9.856057097187404e-08,1.5601767132912542e-06,0.0986015850373653,1.5608259504990547,0.0128998744054369,0.0723405057662633,0.3777046472805867,2.1181093982612444,1.5827710950087677e-07,1.074508915446397e-06,0.1449697153985389,0.9841679075178844,-0.0153403134308451,0.0838050081173365,-0.5999373465686041,3.27749197731387,-2.5140370863894574e-07,7.94738511864937e-07,-0.2046438176394333,0.646920938333079,0.0127525922013228,0.024221791878242,0.7503097929967085,1.4251100767017273,3.144172731809119e-07,3.9119530223472724e-07,0.2140254009804992,0.266288587059593,-0.008348086098038,0.036506174103454,-1.917540782989716,8.385404373194913,-8.035453486390283e-07,1.898065181000946e-06,-0.2867488950534331,0.6773333879827035,0.0194186039504465,0.0287277438453537,1.4487439917849363,2.1432615032315963,6.070960817597211e-07,1.03397357261627e-06,0.370771348409499,0.6314779278882783,0.0581950102410326,0.1099495460301286,2.645251907375016,4.997752301212656,1.1084926511109888e-06,7.219372048036356e-07,0.8459812516162986,0.5509692278934201,0.1005446799479038,0.192128796580552,3.291042013980352,6.288785661953503,1.379110956058197e-06,4.604183667789281e-07,1.2083906078227526,0.4034231093885023,,,,,,,,,,,,,,,,,,,,,,,,,,,,,,,,,,,,,,,,,,,,,,,,,,,,,,,,,,,,,,,,,,,,,,,,,,,,,,,,,,,,,,,,,,,,,,,,,,,,,,,,,,,,,,,,,,,,,,,,,,,,,,,,,,,,,,
EUR,white_blood_cell_count,WBC,covldsc,insample10,20000,24,0.1764,0.3641,0.0088328568832056,0.0867474202518712,0.4018917283296557,3.94697560643719,1.5612158498947604e-07,1.631114760454582e-06,0.1327608367770075,1.387048181017863,0.0121117798753591,0.024612188353672,1.07996862481303,2.1945900176101403,4.19531932506991e-07,1.2956701884024817e-06,0.2635757714153604,0.8140197275743215,0.0209612135810172,0.0407589498308495,3.253504848578422,6.326420003550113,1.2638785471950887e-06,1.2720793124276536e-06,0.6104701785975885,0.6144312574744087,0.0043040122977005,0.0117229557452361,1.3720775641744556,3.7371651034645432,5.330065511368448e-07,9.22648155888717e-07,0.1813801353956755,0.3139737158590761,-0.0172713204170855,0.1017897546900434,-1.3241446522096922,7.803940640764365,-5.143862072442191e-07,1.6518735168182276e-06,-0.3465847124516278,1.1130043919725237,0.0051283852165739,0.0337390099434391,0.4214247547606846,2.7725011657335648,1.6370951684049477e-07,1.2668067776143191e-06,0.1068287738958407,0.8266557584879729,-0.0257031114432714,0.0833537673922137,-2.830837959438273,9.180250776908832,-1.099686502413803e-06,9.857261675322908e-07,-0.6256554610155327,0.5608188864997282,-0.0050523975734619,0.0190396952069803,-0.8687322198560142,3.273771796863599,-3.374736067822148e-07,6.520515626273844e-07,-0.1551570930464548,0.2997876661772624,0.0019678873221032,0.0198471837787864,0.5502283929273473,5.54934416827474,2.137454512115941e-07,2.2386162686651235e-06,0.0775681737047234,0.8123933145793053,-0.0274946603396256,0.0834116115420425,-5.225892483195048,15.853991589069397,-2.030085617467027e-06,1.6933087289988334e-06,-0.8891789114460735,0.7416704002227985,-0.0044289973192432,0.0239485898953934,-0.9022223591832786,4.878520287347241,-3.504834133164815e-07,1.3498250007849948e-06,-0.1484365085811289,0.5716770115198548,0.0127702114829188,0.0291387765193853,3.334850863921501,7.609386436494407,1.2954787717150685e-06,1.1403158646258649e-06,0.4861063605357977,0.4278841204635565,0.0117577346612147,0.0245248674212113,7.768702518517282,16.204345887304083,3.017882840096152e-06,2.891971251536076e-06,0.7166791887950057,0.6867780230008257,0.0217803185231393,0.0443245312113393,7.227926325510351,14.709355405798105,2.807809254536897e-06,1.791918803296848e-06,0.936822552537617,0.5978717908035321,-0.0139860149562324,0.0411008665300016,-4.275963540598419,12.565824312305148,-1.6610697813811583e-06,1.694887008183231e-06,-0.5769785138961083,0.588725048257912,0.0014547865799052,0.0095161654180843,0.4893384402610796,3.200899435885028,1.9009172745942402e-07,1.160043229106972e-06,0.0630047443185664,0.3844892569771083,0.0085639840056007,0.0184986626375016,9.813592432217243,21.197883548918576,3.8122546371537966e-06,3.4701091229939164e-06,0.6887075702496651,0.6268968497819476,0.0006925978152616,0.0123893252651195,0.3325902778058475,5.949439979386069,1.2920027376265748e-07,2.3033539774266065e-06,0.0359315915093894,0.6405804864659753,-0.0067031390545456,0.0246737487336695,-2.651668316700193,9.760590857342352,-1.0300850485035031e-06,1.988277236902273e-06,-0.3152275855875893,0.608454451191207,0.0096128892945896,0.0250654640609459,3.801556834942597,9.912502193854118,1.4767785367604925e-06,2.006522522044235e-06,0.4519935586302077,0.6141308480822824,-0.0172668824097077,0.0553260872045078,-5.459230212931771,17.49232082916928,-2.1207295736284285e-06,2.043617108313922e-06,-0.7246089515179226,0.6982612345174443,0.0154884480556668,0.0254350255476079,1.4975867170293402,2.459326865448152,5.817626874122305e-07,1.082273643912498e-06,0.3519168274016812,0.654683284760514,0.066924303214965,0.1458310296808136,3.746116409144191,8.162954069091162,1.455241773154751e-06,7.455601705113979e-07,1.1304613321531356,0.5791662657741802,0.0919551147039518,0.1986640161543625,3.565420291986125,7.702896318107499,1.385047334644135e-06,4.818688023008569e-07,1.2600262067770778,0.4383729739340381,,,,,,
EUR,whr,WHR,covldsc,insample10,20000,8,0.7326,0.3318,0.2105184461842855,0.0605054499394993,1.263724558436369,0.3632091362713818,2.0382351363711336e-06,1.4306272096370832e-06,0.5296717902935604,0.3717740224615462,0.101512343857567,0.0432257698108973,0.7720715969583268,0.3287618811607689,1.2452582694616292e-06,9.753070153940325e-07,0.2962719147532233,0.2320450977996458,0.1015261132197377,0.0310812574701836,1.0313861589353062,0.3157490988320425,1.6635013494632929e-06,7.623616140500912e-07,0.3517401791704326,0.1611980722499296,0.0325402741565697,0.0151388551115068,0.4973191976108671,0.231370001388933,8.021158216760318e-07,4.615275942556471e-07,0.1418299269724786,0.0816071983872428,0.0135855892586268,0.0178690050921498,0.8106026964304909,1.0661785392215577,1.3074042808395749e-06,2.008320230994321e-06,0.1211917727389807,0.1861642130049185,0.1033423000514013,0.0342937220011801,2.0027357064255327,0.6645996994825265,3.230170893214563e-06,9.805788863524843e-07,0.5124436428767465,0.1555618675488796,0.0801194364153836,0.0308963857336622,0.9459998050208066,0.364805048407456,1.5257834697613316e-06,6.747343815647212e-07,0.3024772386274776,0.1337619633371965,0.089455496856428,0.0353943769471704,0.7605945983434883,0.3009403878328209,1.226747256376791e-06,3.155672749434396e-07,0.2792126572078938,0.0718243932536247,,,,,,,,,,,,,,,,,,,,,,,,,,,,,,,,,,,,,,,,,,,,,,,,,,,,,,,,,,,,,,,,,,,,,,,,,,,,,,,,,,,,,,,,,,,,,,,,,,,,,,,,,,,,,,,,,,,,,,,,,,,,,,,,,,,,,,
EUR,whr,WHR,covldsc,insample10,20000,24,0.7363,0.331,0.1207798339144079,0.0377469177727963,1.3165764497187702,0.4114652370225372,2.1342705672185283e-06,1.4731927533172469e-06,0.4348107621547868,0.300130674015519,0.046974029568064,0.023129639868645,1.0034708625297772,0.4941010997441017,1.6267025947609584e-06,1.142296901101078e-06,0.2448456560856288,0.171934584167657,0.0193814983450248,0.0155965529911458,0.7207193195531192,0.5799725521240865,1.1683408367790262e-06,1.0805691738213087e-06,0.1351986790430309,0.1250418716151502,0.0055256010436563,0.0078582178947876,0.4220155607123303,0.6001682359742049,6.841193235143659e-07,1.0093234612364722e-06,0.0557741310440028,0.0822870178605726,0.06119036452107,0.0319543585237005,1.1239233922964196,0.5869265743342154,1.82196530744496e-06,1.5646538992591722e-06,0.294106058584649,0.2525702270399126,0.0175300599536458,0.0324190031847614,0.3451171846080743,0.6382382682381017,5.594612067591469e-07,1.2203743500502404e-06,0.0874637462720391,0.1907880496808972,0.0185076931465105,0.0195819892585384,0.4883434668250127,0.5166898135896424,7.916419043958412e-07,1.0337040277505604e-06,0.1079043369168616,0.1408984883990425,0.0084712066709136,0.0101669326525249,0.3489614628551059,0.4188149137425995,5.656930742033735e-07,7.156609007102546e-07,0.0623098151954219,0.0788284327656689,0.0256073969078238,0.0138661168390499,1.7153469813035451,0.9288410590066484,2.7807079304398355e-06,2.089572031386184e-06,0.2417607760168008,0.1816719225780109,0.01909157529937,0.0157598585042686,0.8693560013563785,0.7176425913719836,1.4092922036741918e-06,1.3752010166711913e-06,0.1478834689363821,0.1443061249469534,0.0439234630089041,0.0203763945420962,2.1436235620117934,0.9944416140510434,3.4749768435970275e-06,1.3296016688554576e-06,0.3525891599159412,0.1349082760963985,0.0106699712470578,0.0113579960944584,0.6675523924942967,0.7105977411970409,1.0821532040021088e-06,1.226162778963756e-06,0.097282233458663,0.1102282498266694,0.0035508813213314,0.0095598748470312,0.5620885960704046,1.5132853354168307,9.11188368148695e-07,2.63272045712706e-06,0.0518411187518141,0.1497859044618334,0.014525797406477,0.0136704371328589,1.1548704083396557,1.086865173182629,1.8721327743614653e-06,2.0258760545993704e-06,0.1496477400571659,0.1619371111699734,0.0245107909659507,0.0153344931152013,1.79531686948732,1.123189953886107,2.910345201903141e-06,1.688275185324078e-06,0.242192141971027,0.1404943245573723,0.0118332642594334,0.0101196527417269,0.9535827600382084,0.815491497571463,1.5458301860034717e-06,1.2170921824372515e-06,0.1227483322312093,0.0966445324450921,0.0064472687484255,0.0072085756329021,1.7699937136313235,1.9789982475274748,2.869294440115564e-06,3.479469646947871e-06,0.1241857751636749,0.1505947347973449,0.0237853267284829,0.013297327128708,2.7364110433322497,1.529806725682883,4.435930439773005e-06,2.121596150683096e-06,0.2955571890589993,0.1413577158451512,0.0334877803752176,0.0186217132165355,3.173738306762305,1.76483612561547,5.1448711980406826e-06,1.7715532516303507e-06,0.3771980327950985,0.1298820467577903,0.0020609025291324,0.0083372362773137,0.1952579743077873,0.7899024062622475,3.1652802818160644e-07,1.3047023522339605e-06,0.0232098763400817,0.0956691905924674,0.0080771977089228,0.0162248031376498,0.6118176069538106,1.2289683361356447,9.918028773084288e-07,2.1867489811136204e-06,0.0811871967708793,0.1790033320935624,0.0822535237298833,0.0297571280481086,1.9053833606013613,0.6893168106493087,3.0887713559422004e-06,1.0884036250568892e-06,0.4476346657430006,0.1577349491921822,0.0456994267908443,0.0262879504163771,0.6128468294583689,0.3525314910265616,9.934713252736547e-07,7.315770843612411e-07,0.1848926622162031,0.1361521276989641,0.0824151458094482,0.0339420989863515,0.7655713157818069,0.3152951696701184,1.2410493342250597e-06,3.271033024796212e-07,0.2704878664576443,0.0712924715875292,,,,,,
EUR,chronic_ischaemic_heart_disease_i25,CIHD,covldsc,insample10,20000,8,-1.1610577180396888,0.8520912210954746,-0.6164056854088368,-0.1293113745993567,2.33475874017973,0.4897924681701436,-5.967740206333937e-06,3.70104845412086e-06,2.7212779508885383,1.6876709114581774,-0.3400101719924917,-0.1162093867729856,1.6317128545019066,0.5576902276189899,-4.170725753982333e-06,2.458385726924991e-06,1.7412178797357,1.026340602453089,-0.1558778543042545,-0.0725215478824482,0.9991738569448086,0.4648616381893295,-2.553929832916385e-06,1.972472064471437e-06,0.9475850901905476,0.7318466995532745,-0.0323634114867753,-0.0376984218649626,0.3120911233167761,0.3635383998968581,-7.977178594967264e-07,1.0644863103864071e-06,0.2475087439253524,0.3302792666265405,0.001247048962653,-0.0522615917246601,-0.046948981359012,1.9675478422702068,1.2000354421246565e-07,5.027198410059458e-06,-0.0195194574817341,0.8177107289736518,0.0567575242380915,-0.1160140689645212,-0.6940361076262488,1.4186304623904216,1.773985085846529e-06,2.565889011048682e-06,-0.4938340248883611,0.7142806937062426,-0.0216569015062605,-0.0887624737963383,0.1613476287626112,0.661295645916959,-4.124112332433777e-07,1.882373568220852e-06,0.143463266404627,0.6548111179389966,-0.0527482665418142,-0.0514943233053468,0.2829876620520901,0.2762604179529381,-7.233282050353071e-07,8.067816371744184e-07,0.2888855645591417,0.3222155131081941,,,,,,,,,,,,,,,,,,,,,,,,,,,,,,,,,,,,,,,,,,,,,,,,,,,,,,,,,,,,,,,,,,,,,,,,,,,,,,,,,,,,,,,,,,,,,,,,,,,,,,,,,,,,,,,,,,,,,,,,,,,,,,,,,0.109145129224652,0.109145129224652,2.780976570154943,1098.0,8962.0,10060.0
EUR,chronic_ischaemic_heart_disease_i25,CIHD,covldsc,insample10,20000,24,-0.9374672017992314,0.8993678227881087,-0.234418721514544,-0.0747552234241631,2.0069782471629143,0.640017598870791,-4.142280973205045e-06,4.196729784735173e-06,1.8432592059375636,1.8674881932405687,-0.0887702383582616,-0.0589677779182644,1.4894058446731482,0.9893738566342088,-3.074043029859089e-06,3.089638070509644e-06,1.0106254586157428,1.0157524997653002,-0.0476445936895015,-0.0464010449792347,1.3915254738358531,1.3552059342136034,-2.8720239006818176e-06,2.898946557274049e-06,0.7259170370591863,0.7327218603402722,0.0040456317376852,-0.0250180504505492,-0.2426800106705701,1.5007250150182565,5.008767744239034e-07,2.868973690545344e-06,-0.0891924096425083,0.5108854906578941,-0.249033932240904,-0.137124895388305,3.5926169461515656,1.978193166201668,-7.41494275839535e-06,4.148760580734246e-06,2.614374016547634,1.462777558311985,-0.183536586442362,-0.1312608738239035,2.83794877129721,2.029631490966675,-5.857353568676136e-06,2.9514832243449963e-06,2.000117849683456,1.007846668438006,-0.0233726417389955,-0.0588063914935408,0.4843726488685309,1.2186986792597914,-9.997156721480777e-07,2.9739892541258644e-06,0.2976340910009914,0.8854123356859391,-0.0307529491486035,-0.0320960402794826,0.9949876257872192,1.0384422892431289,-2.0535939124896258e-06,1.6244808870281684e-06,0.4940674214990264,0.3908285266367202,-0.0362620454100569,-0.0357234637464046,1.9078207371199665,1.879484848867414,-3.93762590642397e-06,4.993138382114844e-06,0.7477578262628546,0.9482003602090822,-0.0411625131875781,-0.0483041385367248,1.4721650144959426,1.727583116343618,-3.038459005514904e-06,4.262612678434175e-06,0.6964148275485169,0.9769908588431988,0.0118029472399596,-0.058420213147095,-0.4524193093803932,2.2393078566327884,9.337659238739351e-07,4.027373900892883e-06,-0.2069431761140987,0.8925551095204889,0.0140949212317437,-0.0355231522952241,-0.6926015814482086,1.745550120726281,1.4294875178145145e-06,2.905334572817986e-06,-0.2806862889634534,0.5704754810928792,-0.0044259527319503,-0.0222837198768215,0.5502678079957194,2.770480037459835,-1.135719270724557e-06,6.079913797130389e-06,0.1411345168885808,0.7555438378137053,0.0213324593015222,-0.0564527488312577,-1.3320879953081295,3.52514578639779,2.749348561898892e-06,5.498695905019153e-06,-0.4800200384568704,0.9600398641221825,-0.0973040676164832,-0.0906793392272599,5.597750005411162,5.216639798150511,-1.15534153760516e-05,4.191319243308205e-06,2.1000129805898857,0.7618374766467928,-0.0154071760189621,-0.0273913884642744,0.9751593512248146,1.7336706331578604,-2.012669560385939e-06,2.930636594450635e-06,0.3490778904549428,0.5082903126356799,-0.0163058155989046,-0.0197227560046273,3.5159055092734204,4.25267574468235,-7.256615020734642e-06,9.426655953784245e-06,0.6860043460357603,0.8911492389223084,0.0516828867735065,-0.0717215853871972,-4.670008750750983,6.480683496720626,9.63861388148199e-06,6.717529728947672e-06,-1.402708507766093,0.9776028190183876,0.0657373662841238,-0.0779718423143086,-4.893231575064065,5.803917959372753,1.009933220727564e-05,5.092258181257124e-06,-1.6172740513781407,0.8154575817926076,0.0125962035184936,-0.0332508479059377,-0.9373239504340924,2.4743023617169952,1.9345795955193323e-06,4.289620308848719e-06,-0.3098441529899434,0.6870297682876646,0.0253712204583303,-0.06222738475459,-1.509389535240675,3.7020435618474217,3.115288151139951e-06,5.63772426238661e-06,-0.5570016141222297,1.0080035495195925,0.0259118181073911,-0.0937686701743491,-0.4714378642040086,1.7060208362467535,9.730190637099466e-07,2.750358158091697e-06,-0.308003284518364,0.8706091975877707,-0.0486632564818609,-0.071819052397,0.5125557110374948,0.756448871873273,-1.0578837974649229e-06,2.0887099410044405e-06,0.4300296025558833,0.8490602729119168,-0.0529821662730189,-0.0567060642732302,0.3865512224109871,0.4137203139256276,-7.978182005837196e-07,8.60954262310179e-07,0.3798032965701071,0.4098593724513276,0.109145129224652,0.109145129224652,2.780976570154943,1098.0,8962.0,10060.0
EUR,dyslipidaemia_e78,DYSLIP,covldsc,insample10,20000,8,-0.1654379814977249,0.5878525807203112,-0.089892858213734,-0.1711660307861968,2.389566661968073,4.550001512418334,-8.708394756762721e-07,2.549056319213308e-06,1.8607150807008976,5.446546312146421,-0.2183553352480496,-1.0991733772820234,7.354179399478942,37.02001693011233,-2.68011344240835e-06,1.6824677701975672e-06,5.242922488006234,3.2912965429507848,0.0199872766958892,-0.245314431971128,-0.8991431813718471,11.03566044314142,3.2767839838326985e-07,1.2497400031572909e-06,-0.5696863917660488,2.172739724550356,0.0017051757652881,-0.0483205619740556,-0.1154024050867403,3.270225381139238,4.20565667980768e-08,7.562100486568188e-07,-0.0611439967895482,1.099417006844482,-0.0069911974565998,-0.0309071890998335,1.8471953384744653,8.16621415501082,-6.731808932686933e-07,3.5833522897893978e-06,0.5130789848966233,2.7311273593118743,-0.0168097986170435,-0.0710271705408589,1.4425793790439017,6.095393163734292,-5.257250572090458e-07,1.7736738826230696e-06,0.6857542339149469,2.313575048239501,0.0409375776615555,-0.3425021600654216,-2.140459397715259,17.90804461638364,7.800563044671444e-07,1.254016687539824e-06,-1.2714958751992855,2.0440537901006297,0.1039811779149691,-0.6864447943859897,-3.915007777181035,25.845415127190087,1.4267621716570516e-06,8.084733106928561e-07,-2.6700586608670087,1.512985981951139,,,,,,,,,,,,,,,,,,,,,,,,,,,,,,,,,,,,,,,,,,,,,,,,,,,,,,,,,,,,,,,,,,,,,,,,,,,,,,,,,,,,,,,,,,,,,,,,,,,,,,,,,,,,,,,,,,,,,,,,,,,,,,,,,0.25,0.25,1.856767469110269,2515.0,7545.0,10060.0
EUR,dyslipidaemia_e78,DYSLIP,covldsc,insample10,20000,24,-0.186605130645582,0.5854387830104679,-0.0514810534866286,-0.0705592140586261,2.214268592368136,3.034845657010032,-9.098834950194396e-07,2.603635420156199e-06,1.358079943657783,3.886151429349308,-0.0855354630188879,-0.3113358449438578,7.209819305958423,26.24262623115087,-2.9626467227935205e-06,1.9546191141560976e-06,3.267027953096672,2.1554359601754243,-0.0094721256965311,-0.0310794796308464,1.3898165792745574,4.560198782201024,-5.711010719046742e-07,2.0575831158403662e-06,0.4841775021659766,1.7444118082355196,-0.0037070751339812,-0.0177378530297567,1.1171501498156502,5.345412340838918,-4.5905744509912586e-07,1.74456488092983e-06,0.2741932309731124,1.042021835069208,-0.0538505742587225,-0.1414536593652676,3.902790408597465,10.251775262031812,-1.6037280163492554e-06,2.8200910082341545e-06,1.896633087726848,3.335152757880764,-0.0915203421809249,-0.3251297698145276,7.109385086334467,25.256382150246463,-2.9213764635819853e-06,2.140214118267064e-06,3.3460649148630126,2.4513428723414945,0.0067436701348922,-0.075264343800656,-0.7021026794710484,7.835984915343916,2.8850684242258417e-07,1.8465302495452632e-06,-0.2881077771757276,1.8439761123758456,0.0013189339413043,-0.0242593467020617,-0.21438108082091,3.943142869500949,8.809311018351127e-08,1.2741858417260114e-06,-0.0710896348531729,1.0282462048926435,-0.0085696545901777,-0.0262141138847099,2.2650671795427293,6.928719048852605,-9.30757564316984e-07,3.5588744899169937e-06,0.5928649540538118,2.266897462709582,-0.0603845409181395,-0.2371359550645844,10.84957885827858,42.60734958793961,-4.458290545729007e-06,2.6074858433929225e-06,3.427485977150189,2.0046071632564506,0.0326111462075211,-0.1577123854010289,-6.279849449806813,30.37029211993636,2.5805050865464977e-06,2.4086237346804872e-06,-1.9182733768765328,1.790501715822621,0.0023065476129646,-0.025257579782902,-0.5693977566172647,6.235123517559083,2.339759605645032e-07,1.9401832455682657e-06,-0.1541007529801418,1.2778393914493644,0.0133514996276907,-0.074500010005499,-8.33930551776662,46.532476638355234,3.4267732815671312e-06,5.110163536129326e-06,-1.4283686474654869,2.1300496935970124,0.0219947138084217,-0.1187722978883778,-6.899900153202448,37.25972538376161,2.835295270103906e-06,3.6495336669912576e-06,-1.66042991206319,2.13727117935476,-0.0072575513742529,-0.0312572056751534,2.0975152370983388,9.033689434888736,-8.619074042623037e-07,3.142563101652394e-06,0.5254905299455437,1.9159681672395312,-0.001892659544975,-0.0177010995938353,0.601807432323807,5.628404392198419,-2.4729368954551053e-07,1.900147734381649e-06,0.1438651455134215,1.1054266318166828,-0.0057993351373598,-0.0215579755611071,6.282107693133336,23.3525948946049,-2.5814330400647044e-06,5.993883213277448e-06,0.8185521221535308,1.9006132438925087,-0.0146668032743848,-0.0621835589795558,6.657925019437708,28.22792843009822,-2.7358632584787094e-06,3.642615744726688e-06,1.335487802941891,1.7781111255507738,0.0082471617048304,-0.0486839786348028,-3.0840434011057547,18.20547582573734,1.2672898844618615e-06,3.5923554577015434e-06,-0.6807060639881989,1.9295807329014731,0.0296555688486173,-0.1356944284713753,-11.08635564325039,50.72762894957616,4.555586460683571e-06,2.928592171438265e-06,-2.447336495160503,1.573288217106246,-0.0037180188388972,-0.0284516068877183,1.1112302714708546,8.503530567101247,-4.566248587286119e-07,3.839709970530463e-06,0.2738485665993042,2.302763530033231,-0.0108701699763316,-0.0442480437677478,0.9935630029934426,4.044391149190192,-4.082732243060165e-07,1.88803589132352e-06,0.4334885073928573,2.0046425082741206,0.0280574245435195,-0.1911977233980282,-1.4846367772220046,10.117078687587366,6.100644268491562e-07,1.3021172532139895e-06,-0.8318188921863577,1.7754284357462071,0.0778335703548511,-0.3772666193423202,-2.8528359232837084,13.82796342771767,1.1722824997568457e-06,8.311733225548407e-07,-1.871887580337744,1.3272082624462789,0.25,0.25,1.856767469110269,2515.0,7545.0,10060.0
EUR,hypertension_i10,HTN,covldsc,insample10,20000,8,0.7047196200827889,0.560524877083433,0.1913353560998379,0.103399400783692,1.1940102361571163,0.6452542042664593,1.8524187734764737e-06,2.379034271946517e-06,0.8053482187219148,1.0342969098692565,0.0960093255741362,0.0656912177333939,0.7591064662101207,0.5193935886585345,1.1776976666471194e-06,1.5750239414714095e-06,0.4687667870101241,0.6269171905634771,0.0531103268489158,0.0516598149713832,0.5608840168676731,0.5455655472468939,8.70170163643266e-07,1.315412646213351e-06,0.3078186862015522,0.4653211630182908,0.0699373680132958,0.0493237625841541,1.1111529725137508,0.7836475258909678,1.723871843103539e-06,6.163257584998885e-07,0.509950170971812,0.1823194845827484,0.0336235813979519,0.0233433916218943,2.08556670821635,1.4479183477594917,3.235602850501133e-06,3.010666813458431e-06,0.5017766110852474,0.4668935776620472,0.0533453707397142,0.0385258167777192,1.0747137536978824,0.7761540427843572,1.6673390840188425e-06,1.6903073407424224e-06,0.4425236747368201,0.4486196137482889,0.0577246974983353,0.0421784349842835,0.7085416403189462,0.5177190839451716,1.0992500705361798e-06,1.1202803128671496e-06,0.364576159284513,0.3715510280458201,0.1496335939106012,0.1028137548687981,1.3225919133954742,0.9087574335515785,2.0519037574645702e-06,5.357133626722108e-07,0.7813200375820238,0.2039879225005373,,,,,,,,,,,,,,,,,,,,,,,,,,,,,,,,,,,,,,,,,,,,,,,,,,,,,,,,,,,,,,,,,,,,,,,,,,,,,,,,,,,,,,,,,,,,,,,,,,,,,,,,,,,,,,,,,,,,,,,,,,,,,,,,,0.3982107355864811,0.3982107355864811,1.6093163281178096,4006.0,6054.0,10060.0
EUR,hypertension_i10,HTN,covldsc,insample10,20000,24,0.7396417844029453,0.5705026383177635,0.0909082156630972,0.0807912183754272,0.9864796954610228,0.8766963020622671,1.606485516788638e-06,2.5258121586819927e-06,0.5243272204093196,0.8243784675290258,-0.0071499973676435,0.0591566675681878,-0.152049919457771,1.2580097693235357,-2.476138075235624e-07,1.862833492695904e-06,-0.0597081867857299,0.4491930851716205,-0.0247148015791492,0.0433513641897991,-0.9148908967506142,1.6047779437739274,-1.4899029162326062e-06,1.7062555291622303e-06,-0.2762076114559965,0.3163164251233065,0.0040117834362045,0.0108778242607163,0.3050140068202184,0.827035859738788,4.96716340568322e-07,1.4114803504264206e-06,0.0648760175911664,0.1843531540337052,0.1013106532035354,0.0392064229126484,1.8524314608256232,0.7168763498535023,3.016690892222794e-06,2.606845480755692e-06,0.7801344573277215,0.6741459622891881,0.0767680937171721,0.0418243686724561,1.5045177047327205,0.8196830233769773,2.4501121650310726e-06,1.9310776855172723e-06,0.6136473238057739,0.4836515938704764,0.0457282411302245,0.0329900038726776,1.201132592492682,0.8665404113201739,1.956048484789644e-06,1.8133177078192035e-06,0.4271343723503102,0.3959668316117189,0.0327246972736014,0.0267042661162088,1.341965009131019,1.0950808932733465,2.185394551074462e-06,9.673658574262005e-07,0.3856383693915823,0.1707029935072895,0.0069142284033972,0.0279659150313458,0.4610665697554119,1.864871647462272,7.508484665174273e-07,3.425208239120672e-06,0.1045821447815962,0.4770811154909913,0.0273866997448105,0.0263532469843978,1.2414492058199371,1.194602410820122,2.021704225799026e-06,2.349756275890566e-06,0.3398685505020882,0.3950173568067221,0.0086843885081921,0.0263638817825526,0.4219146013428509,1.2808393661387751,6.870893536862695e-07,2.294366174459017e-06,0.1116876211556185,0.3729533847532897,0.012459569863221,0.0180065996899175,0.775994280076741,1.1214687598689983,1.2637093067298374e-06,1.7717394148000708e-06,0.1819980553449391,0.2551640051666796,0.0036155129573745,0.016196482286685,0.5697336907791793,2.5522468705334846,9.278132402264448e-07,4.502837881095522e-06,0.084567120730052,0.4104188410002852,0.0076620211181912,0.0227465981135528,0.6064150599138746,1.8002925657719049,9.87548973786907e-07,3.1865182384728165e-06,0.1264640071620674,0.4080606390455727,0.040948573069972,0.0312913068061785,2.985767049040727,2.2816070446133287,4.8623317265004975e-06,2.8392945091991992e-06,0.6482386310474295,0.3785304025540931,0.0192897588803582,0.0225999935476491,1.5474406078293996,1.8129904043499951,2.5200122577350703e-06,2.321535017287991e-06,0.3205761804758028,0.2953274637449212,0.0022569748483578,0.011120140641069,0.6168165704719033,3.0390622289743665,1.0044878688711976e-06,5.221481872462979e-06,0.069649212818099,0.3620472814367584,0.0348245753095495,0.026103955550998,3.988332932499624,2.9895918232203904,6.49501365478937e-06,3.521952929577472e-06,0.6932847529207035,0.3759370489975742,0.0206718767253778,0.0216369682031787,1.9502847294728225,2.0413361224694144,3.1760452708029706e-06,3.0712191258316328e-06,0.3730408371394593,0.3607285337747393,0.043885774696157,0.0335042685647513,4.1391242096805305,3.1599836189320847,6.740577759112852e-06,2.532954936948237e-06,0.7918311048726702,0.2975520167547744,0.0329776766816856,0.0227461943767307,2.4866500816872863,1.7151549713744525,4.049518058944934e-06,3.2098130499500478e-06,0.5310559792386127,0.4209366121108783,0.0223455845640558,0.0357021415425219,0.5152914533617237,0.8232950161064343,8.391538726640571e-07,1.6810978758374226e-06,0.1948293287661263,0.3903064520214476,0.0283942502474913,0.0445577356546388,0.3790573824449041,0.5948365777473432,6.172962279218151e-07,1.2085254187556635e-06,0.1840486951936649,0.3603254262206984,0.1077374333077097,0.0729364506958491,0.996273570630556,0.6744606394727732,1.6224348755899245e-06,5.602559733396615e-07,0.5665011503781444,0.1956230466802203,0.3982107355864811,0.3982107355864811,1.6093163281178096,4006.0,6054.0,10060.0
EUR,ever_smoked,SMK,covldsc,insample10,20000,8,-0.3614836334195304,0.5295403963861426,-0.1430147905818148,-0.05853557405983,1.739888827845155,0.7121318775762425,-1.3846416044280544e-06,2.265361803077095e-06,1.178394933394197,1.9279291208019576,-0.1250471579196639,-0.0896580677490711,1.927484176021096,1.3819946787594015,-1.5339340877893489e-06,1.4854925595249305e-06,1.1951947551865827,1.157450590704069,-0.0910506191153941,-0.0750901896469646,1.8745831863508569,1.5459840728122844,-1.4918343225396627e-06,1.3158088022735263e-06,1.0330476352760756,0.9111555828465484,-0.024986335341512,-0.0295411211345145,0.773917837328548,0.914996147622368,-6.159007511423944e-07,5.91406815518876e-07,0.3566501905649379,0.342466465684574,0.0311414390986837,-0.0679244634201791,-3.7657069293695833,8.213609581899211,2.9968319820444222e-06,2.891196055347647e-06,-0.9097594188774066,0.8776911281423772,-0.0841354434518875,-0.0901060557184391,3.3044773630403657,3.538977263068743,-2.629775399743877e-06,1.6509062340394674e-06,1.3662815354091626,0.8577168622383807,0.0312420887975312,-0.0896075426309392,-0.7476037980796959,2.144252890439643,5.94959462859258e-07,1.0250725000065272e-06,-0.3862674395295521,0.6655111055916485,0.0443671850945272,-0.0866145580968608,-0.7645156067150715,1.4925035539824567,6.084182502644672e-07,4.82236694976783e-07,-0.453506137985264,0.359452237073157,,,,,,,,,,,,,,,,,,,,,,,,,,,,,,,,,,,,,,,,,,,,,,,,,,,,,,,,,,,,,,,,,,,,,,,,,,,,,,,,,,,,,,,,,,,,,,,,,,,,,,,,,,,,,,,,,,,,,,,,,,,,,,,,,0.6098484848484849,0.6098484848484849,1.6159304131405023,6118.0,3914.0,10032.0
EUR,ever_smoked,SMK,covldsc,insample10,20000,24,-0.4115774762268859,0.5280860590143162,-0.0750492615094541,-0.0552201333933665,1.4635288169200915,1.0768427945847645,-1.3262348284556104e-06,2.4151227140404644e-06,0.7810828351453042,1.4223807550758247,-0.0338762711123469,-0.0365150320918113,1.294630249652857,1.3954742821701518,-1.1731806761926903e-06,1.818225413535154e-06,0.5104756143621675,0.791148161454048,-0.05182277428702,-0.053521147355777,3.447487300064818,3.560470822577205,-3.1240776916345475e-06,1.771001755586519e-06,1.0450824934253566,0.5924445911012746,-0.0113045466033876,-0.0162600606135692,1.544561797491868,2.221643143219479,-1.3996660857328116e-06,1.428026769089343e-06,0.3298764029840435,0.3365605116490926,-0.0839607188550801,-0.0544220284278324,2.758881321743311,1.7882638425248032,-2.500070004888332e-06,2.4551616368663914e-06,1.166653512634538,1.1456970973353504,-0.0900261839659199,-0.0802111966790543,3.1707005345276,2.8250190442555345,-2.873256358793598e-06,1.8522801311942027e-06,1.298548962194672,0.8371255960835853,-0.0467772820632685,-0.046290867250887,2.208062064235397,2.1851014720990447,-2.00092323371072e-06,1.7210196863904665e-06,0.788435931086594,0.6781438368033859,-0.0103551764166406,-0.0156888201963717,0.7631201030102622,1.1561806001803223,-6.915316235704175e-07,9.326071776180088e-07,0.220198066932407,0.2969615426384941,0.0111559728404751,-0.0399031707521137,-1.3368946908841397,4.7818633023556245,1.2114802800803006e-06,3.1327802028876086e-06,-0.3044897449072209,0.7873833858561962,-0.0178178887290423,-0.0274457856551527,1.4514943008696262,2.2358093075533896,-1.3153292732350969e-06,2.355619838132172e-06,0.3990055358083497,0.7145779956398113,-0.0005316230520267,-0.0267590950994464,0.0464150640106793,2.336289043850735,-4.206085575103545e-08,2.126869856330824e-06,0.0123373248777564,0.6238552193416684,-0.0150638303696698,-0.021417137471942,1.6860122467064995,2.39710320555624,-1.5278470344646043e-06,1.5768645353303808e-06,0.3970548582246263,0.4097934612508164,-0.0189138462729452,-0.0222424098247723,5.3561369438118085,6.2987396250691,-4.853676455657287e-06,3.581895133863093e-06,0.7982940212687247,0.5891215651264962,0.0028591614364715,-0.02365378336704,-0.4066634577146089,3.3643183659973714,3.685142614521865e-07,2.789562602918364e-06,-0.0851556898440006,0.6446076927347366,0.0181770806217004,-0.0417462349024916,-2.381831966786775,5.47021377376949,2.1583917401293102e-06,3.1150671061992564e-06,-0.5192442183022529,0.7493915744973104,0.0121961130618421,-0.0217145507304224,-1.758241271110188,3.130457965111534,1.593300236808192e-06,1.8557393363671624e-06,-0.3657440693559494,0.4259872940874625,0.002197232252489,-0.0134813498937491,-1.0791333543917558,6.621136348280966,9.778995962336562e-07,5.336519379231646e-06,-0.1223536298510595,0.6676989328294016,-0.0007238558215019,-0.0192506493296737,0.1489798336943876,3.962057706040071,-1.3500399985209826e-07,3.600968005552162e-06,0.0260033493982936,0.6935885553245268,0.0127601450066783,-0.0299030417319933,-2.163433555657312,5.069945824703123,1.9604813361997136e-06,3.2374540713982955e-06,-0.4155119132888243,0.6861583992424015,0.0108388472658411,-0.021819283667383,-1.8371204199645328,3.698239359887981,1.6647797138366777e-06,2.179062067898569e-06,-0.3528931959588384,0.4619086663191052,0.0277116540070709,-0.053919287693586,-3.755146685372611,7.306486809071665,3.402875476399121e-06,3.178468251645308e-06,-0.80525623270746,0.7521525215517371,-0.0863276240756134,-0.0841524172806821,3.577509907742501,3.487366990645193,-3.241902847378084e-06,1.7602595551663457e-06,1.3582002373761122,0.7374634769219156,0.0060284126161924,-0.0547513018611507,-0.1446263286206058,1.313526508472148,1.3105889813086385e-07,1.0706489368843084e-06,-0.0705109729096408,0.5760196313340364,0.0270487877982705,-0.057578383624488,-0.4494999308297412,0.9568443380723524,4.073322347757639e-07,5.099808112887369e-07,-0.2566453369104523,0.321320499476589,0.6098484848484849,0.6098484848484849,1.6159304131405023,6118.0,3914.0,10032.0
EUR,type2_diabetes_e11,T2D,covldsc,insample10,20000,8,2.271499487192632,1.1336170342699037,0.6571333562763947,0.1931673297720667,1.2722429512828384,0.3739815843669837,6.362180015216601e-06,4.776179325179188e-06,1.749569082298024,1.3134264762799324,0.5143923047645245,0.1061729218168555,1.261791084902877,0.2604394446917821,6.309912753419432e-06,3.401967404418023e-06,1.588645463226314,0.8565126483157323,0.2294229818763245,0.0782034570556721,0.7516830029698722,0.256226333392886,3.7589853215148494e-06,2.4065516849312183e-06,0.8410891594445814,0.5384763069580247,0.0945871107923468,0.0520875100213367,0.4662300350670267,0.2567449351224592,2.3315039070220274e-06,1.4636305212220394e-06,0.4362541051592827,0.2738639302282339,0.1219822580748091,0.0535475064955884,2.347364345167428,1.0304408977515334,1.1738602686065173e-05,5.934590836010213e-06,1.151468923990384,0.5821388718076197,0.1895700742428281,0.0832544138059489,1.184866904463056,0.5203637755755802,5.925233488356368e-06,3.6285101814236495e-06,0.9947149882138392,0.609146199798083,0.2932185864631468,0.1056046921703625,1.116603354508932,0.4021523838296336,5.583863946597109e-06,2.105115054960584e-06,1.171405354410476,0.4416194718593947,0.1711928147022565,0.0824218932958251,0.4694463949538025,0.2260180179891749,2.347588146728567e-06,1.1228933313042715e-06,0.5654243365839631,0.2704525569325443,,,,,,,,,,,,,,,,,,,,,,,,,,,,,,,,,,,,,,,,,,,,,,,,,,,,,,,,,,,,,,,,,,,,,,,,,,,,,,,,,,,,,,,,,,,,,,,,,,,,,,,,,,,,,,,,,,,,,,,,,,,,,,,,,0.0820079522862823,0.0820079522862823,3.281091271403484,825.0,9235.0,10060.0
EUR,type2_diabetes_e11,T2D,covldsc,insample10,20000,24,1.884658826294161,1.1447727445926754,0.1614282151457749,0.1958416152095749,0.6874690596465827,0.8340242808620195,2.852386548073838e-06,5.011509568677266e-06,0.7449027173394571,1.3087591856024103,0.1436916615967403,0.0696210249993652,1.1992247258271975,0.5810445344489377,4.975718438624045e-06,3.6892923223415888e-06,0.9600202860770276,0.7118158944089246,0.0683949762706582,0.0500190855624827,0.9936308716930508,0.7266689791960738,4.122686384788239e-06,3.5168283705428e-06,0.6115381566847237,0.5216682857647813,0.0035055330591444,0.0268467625884085,0.104598405587567,0.8010560775087215,4.33990564173648e-07,3.355405568254467e-06,0.0453546282465903,0.3506600943144679,0.2972214862218526,0.0824330214175319,2.132828469529659,0.5915302327013728,8.84934550940056e-06,5.347051593401467e-06,1.831114024581391,1.1064164183031122,0.1336223620466462,0.0762591751027479,1.0277426646566328,0.5865396077735479,4.264220055307202e-06,3.991390627267169e-06,0.8545511738678759,0.7998760621303519,-0.0329906658616561,0.0891091060241792,-0.3400840238348532,0.918580530144778,-1.4110469135877131e-06,3.193962983783781e-06,-0.24654258645037,0.5580593298961536,0.0251614107283339,0.0310232396118725,0.4049386553238251,0.4992768119346338,1.6801360832654435e-06,2.0776025893256094e-06,0.237224986029428,0.2933448368477214,0.035031727797506,0.0457933641246403,0.916790627981623,1.198425818329435,3.803867560235076e-06,6.22018444228047e-06,0.4239320218946156,0.6932248101220515,0.0516616201707587,0.0594377075592515,0.9190644583173664,1.057401690481427,3.813301938366377e-06,5.419148248451557e-06,0.512932412702089,0.7289369766138594,0.0307756921053534,0.0524569213653503,0.5867888255524052,1.000176866037545,2.4346529186726965e-06,4.63733851668227e-06,0.3166609190529205,0.6031512193749077,0.0351017536938692,0.0395167314677662,0.8579717333681427,0.9658844652073474,3.5598213425706557e-06,4.257013989611837e-06,0.4102167173094676,0.4905578500459219,-0.002267917633814,0.0353496682336174,-0.1402548707625434,2.186130164377534,-5.819332536515589e-07,8.824913786855083e-06,-0.0424404267636341,0.6436014867963973,0.1113009844110171,0.0578447792334428,3.457119039791487,1.796716252769068,1.4343976220923445e-05,6.859169445269907e-06,1.4697499096617503,0.7028221127301246,0.1560704749085806,0.0877046215658674,4.46608099649355,2.509737629166683,1.853027300393028e-05,5.723122543096303e-06,1.9766862012982669,0.6105046243451488,0.0425871239391464,0.0367698788954946,1.3407697311855948,1.1576254999723612,5.5630046060028205e-06,4.263961024962673e-06,0.5662439895846494,0.4340176708829226,0.0369786827579238,0.0259491903079041,3.966152826431006,2.783183358829539,1.64560147267321e-05,1.0852779155363362e-05,0.912981068859406,0.6021130922581744,0.0356477797458602,0.0405667406196404,1.6022369998123225,1.8233262561078776,6.647861748775025e-06,7.798724283150162e-06,0.5677787685502068,0.6660713229431273,0.0506979879186351,0.0477862430141777,1.8771437524811487,1.769333482673339,7.788480824330711e-06,6.528741112838854e-06,0.7319611598630166,0.6135708651256189,-0.0355037849027217,0.0428436422334213,-1.3141593784603125,1.5858414645851688,-5.452595255810221e-06,4.999798134491603e-06,-0.5125122907933656,0.4699519907849684,0.071592711418263,0.0435143356792136,2.1186154059550515,1.287702897733305,8.790373908019735e-06,6.1629123556458295e-06,0.9223800484255662,0.6466786801704679,0.1172835512737023,0.073715206129987,1.0614194009949338,0.6671246656925944,4.403948626893801e-06,3.733703066027572e-06,0.8181266957663876,0.6936143927129486,0.1803756692408126,0.085184525957828,0.9450204444782616,0.4462969918401953,3.920996247991583e-06,2.1350195156781973e-06,0.9354081192641848,0.5093385617942984,0.167289790241772,0.0986504761096495,0.607113815900802,0.358013880612813,2.518983592535025e-06,1.2113251550796711e-06,0.7037597915639113,0.3384229818651106,0.0820079522862823,0.0820079522862823,3.281091271403484,825.0,9235.0,10060.0
EUR,apo_b,ApoB,covldsc,insample10,20000,8,0.1697,0.3256,0.0175461163087295,0.1251281095306177,0.4547035505230497,3.2426660505779163,1.6992676394469105e-07,1.4141615208035396e-06,0.1906335864398988,1.5864874741204826,0.0318539790068452,0.0354145248528694,1.0458935432415388,1.1628005051621195,3.9085972614298346e-07,8.960905689542267e-07,0.4014551607738165,0.9203818131311396,-0.0254641332199615,0.0958003480477158,-1.1167539788568737,4.201416122591337,-4.1734090162968026e-07,7.639002174098229e-07,-0.3809560235993717,0.6973013862642348,0.033938013545473,0.0630078067545051,2.239161959142045,4.157128519753344,8.367947539168695e-07,5.061959728532952e-07,0.638755742116868,0.3863977191336431,0.0161252778998971,0.029822897512405,4.153572963071205,7.681826109102835,1.5522271854067543e-06,1.801626374511095e-06,0.6211601595976173,0.7209631018241274,-0.0140673116926053,0.0612864967533927,-1.1769057913349887,5.127378601955337,-4.398201693373026e-07,1.0814575769823871e-06,-0.3012179329007478,0.7406536547637533,0.0376932704384014,0.0596939624546431,1.921330396845964,3.0427666063022487,7.180182702093362e-07,7.187605416209715e-07,0.6144978409274184,0.615133095208203,0.0720747877132204,0.1370168889189291,2.645541925598389,5.029274946911779,9.886625643890862e-07,5.3683354369401e-07,0.9714337063587168,0.5274784520344413,,,,,,,,,,,,,,,,,,,,,,,,,,,,,,,,,,,,,,,,,,,,,,,,,,,,,,,,,,,,,,,,,,,,,,,,,,,,,,,,,,,,,,,,,,,,,,,,,,,,,,,,,,,,,,,,,,,,,,,,,,,,,,,,,,,,,,
EUR,apo_b,ApoB,covldsc,insample10,20000,24,0.1568,0.3355,-0.0055384256006743,0.1142603258199714,-0.2834958609203105,5.848652987849777,-9.784000924206749e-08,1.5744274268830745e-06,-0.093600040541402,1.5061984573320046,0.0344177795297586,0.0612075415671229,3.452538579109172,6.1398905298409865,1.1915391123949742e-06,1.1705387963659595e-06,0.8421729514125278,0.8273300495331235,-0.0245346701372878,0.0719320217493827,-4.284180705190953,12.560583775517085,-1.478555201581568e-06,1.0926663290859898e-06,-0.803432095968743,0.5937439454630997,-0.0025309123608161,0.0106179789485905,-0.9076842270294714,3.808022815716399,-3.1325971699603e-07,9.187157730498264e-07,-0.1199262485268844,0.3517149832761247,0.0204033853015769,0.0263873765978572,1.7598053878814466,2.275928568842794,6.073435247189014e-07,1.4890031231417085e-06,0.4603700004943654,1.1286732148072682,-0.0028723919096541,0.0443458663690199,-0.2655434665310008,4.099633842572686,-9.164428410073629e-08,1.1553529287259954e-06,-0.0672778683288485,0.8481672695128031,0.0096628048104993,0.0236014943954896,1.1972505372218514,2.9242960401658222,4.13194757929053e-07,1.1264293354086048e-06,0.2644683286719365,0.7209793396113348,0.0224305774374366,0.0516422737868249,4.33891745005528,9.989558383825258,1.4974459310829484e-06,1.0842965804670066e-06,0.7745250950465774,0.5608315429709944,0.0075239517282408,0.0165220277606661,2.3666895452132937,5.197070871696689,8.167912089618224e-07,2.044371789861053e-06,0.3334650036778452,0.8346397940440659,-0.0114018397597375,0.0401644810603849,-2.4380329290802054,8.588291843077995,-8.414132168960446e-07,1.3931619639237604e-06,-0.4146070205455904,0.6864816470683478,0.001008291904877,0.0184917241902236,0.2310718126566614,4.237776984139325,7.974743692030152e-08,1.4742141559038286e-06,0.03799640578372,0.7024030043223412,0.0077544313264536,0.0227801447960887,2.2781420690007885,6.692483821587102,7.862317296704175e-07,1.4384249813421202e-06,0.3318975845969334,0.6072125544099644,-0.0078920924993404,0.025349656389505,-5.866371007931129,18.842973434084456,-2.0246002596655814e-06,2.3747296029151813e-06,-0.5408965712683828,0.6344378816381844,0.0021989776866001,0.0138163617201825,0.8209615841918901,5.158170669346928,2.8333002366935896e-07,1.875907106059422e-06,0.1063493540382187,0.7041311978921739,-0.0161741180419665,0.0465232973630828,-5.563052211324178,16.00158547144639,-1.9199189646125338e-06,1.7237514254612789e-06,-0.7502520386845307,0.6735951073844857,0.0073076813797325,0.0201271047022333,2.765299487833224,7.6162970759801665,9.543593566706058e-07,1.2631069734371967e-06,0.3558561651578717,0.4709802451349201,0.0024347715793133,0.0096230397115562,3.1387947385776536,12.405577045660715,1.0832599292083308e-06,3.5880730899181063e-06,0.22015986808393,0.7292337479234384,-0.007789477654628,0.0263820902643475,-4.20813138596679,14.252470703584091,-1.452309082602651e-06,2.3025008867280524e-06,-0.4543856377346497,0.7203861397916819,0.0346053766144363,0.0790166375986565,15.400579864215976,35.16511470163464,5.3150436530417e-06,2.190936948239617e-06,1.8298289330909432,0.7542816353300367,-0.002333258274177,0.0173250532953386,-1.0380610216728374,7.707874744658868,-3.58255318524208e-07,2.0280993527735138e-06,-0.1233565012106108,0.6983266607073131,0.0132846365461138,0.0288086654930243,4.725194358452147,10.24691516321496,1.6307577056000738e-06,2.0531595030752058e-06,0.6268452855422342,0.7892118801887517,-0.0037793971153945,0.0406850969187128,-0.4111110267670422,4.425597908258535,-1.4188251824145608e-07,1.1437448447576472e-06,-0.0965551806761082,0.778351635576444,0.0092618710387981,0.0291217884746515,0.5832418282663302,1.8338675934042328,2.0128825049752185e-07,7.512879499968142e-07,0.1759103961294173,0.6565676862138785,0.0693520464698392,0.1540453790976677,3.0251481267976272,6.719485779295703,1.0440382435343626e-06,5.406458713154102e-07,1.068523041905573,0.5533251052719864,,,,,,
EUR,urea,UREA,covldsc,insample10,20000,8,0.3224,0.3568,0.1065306636680271,0.0515165563271377,1.45314443586382,0.7027178335707043,1.0315407470989335e-06,1.5053761562115625e-06,0.6091311771677339,0.8889339104560279,0.0328459203827324,0.0535414521778041,0.5676648944848476,0.9253387466973534,4.029671482798239e-07,1.0120953136110115e-06,0.2178575287395937,0.5471726040533385,0.0291369312012599,0.0295607038807339,0.6726036634817507,0.6823861300953008,4.774598232673309e-07,8.088872813167871e-07,0.2294074603600873,0.3886500347916424,0.0060982770221337,0.0141403792277539,0.2117839512772684,0.4910740155856235,1.5033865177638178e-07,4.220339550253624e-07,0.0604050612227136,0.1695704104709548,0.011847898504988,0.0157295458940706,1.606359589508974,2.1326403897639983,1.140303283125883e-06,1.9130885738676145e-06,0.2401903148638394,0.4029676610770129,0.0181908382201866,0.0246778901363091,0.8010693406404824,1.086739431168914,5.68653497703495e-07,1.093647593672577e-06,0.2049935546941754,0.3942483581215382,0.0471413414405403,0.0373491576153245,1.2648149169750935,1.0020879814780022,8.97851646538344e-07,7.597050554756331e-07,0.4044606344470714,0.3422289082110624,0.0706081295601315,0.0692451588656846,1.364183501170232,1.3378502425847665,9.683902255323055e-07,3.522170680803673e-07,0.500843780221582,0.1821638872273485,,,,,,,,,,,,,,,,,,,,,,,,,,,,,,,,,,,,,,,,,,,,,,,,,,,,,,,,,,,,,,,,,,,,,,,,,,,,,,,,,,,,,,,,,,,,,,,,,,,,,,,,,,,,,,,,,,,,,,,,,,,,,,,,,,,,,,
EUR,urea,UREA,covldsc,insample10,20000,24,0.3672,0.3551,0.0727434638528734,0.0336440572498673,1.5900023252031623,0.735380560991039,1.2854370096007178e-06,1.5708761209274776e-06,0.5251141695473969,0.6417189668118359,0.0287402280781919,0.0233234839143247,1.2310885383516563,0.9990621383809408,9.952732421886676e-07,1.2541746924640047e-06,0.3003853169420297,0.3785248578249804,-0.0075530259253792,0.0235019910164097,-0.5631860887567336,1.7524095017406025,-4.55307662325386e-07,1.0427502245270214e-06,-0.1056476834361686,0.2419553957453403,0.0161517011153306,0.0158542673342728,2.473542274241621,2.4279919618639547,1.9997346756809533e-06,1.0115610465038155e-06,0.3269079336385495,0.1653656034889752,0.0277607790118155,0.0366639893754702,1.022439094040949,1.3503474115415706,8.265906475167778e-07,1.6989459171783434e-06,0.2675509411186098,0.5499149795805779,0.0154734486212238,0.0324306222494012,0.6108329114521173,1.2802376440914427,4.938277250395733e-07,1.2807490227242505e-06,0.1548052533030052,0.4014895616978892,0.019117676403057,0.0205266271639931,1.0114870473859845,1.086032479322665,8.177364679486024e-07,1.1373613347988063e-06,0.2234990180785212,0.310857044404172,-0.0060851356711104,0.0123892846603091,-0.5026371508374695,1.023364979705654,-4.063568875625293e-07,5.665731373317546e-07,-0.0897501854605154,0.1251364150795804,0.0090650347980586,0.0143886184808962,1.2176098511313047,1.9326703092481383,9.843764006436978e-07,1.98161277456334e-06,0.1716104724400536,0.3454628780349534,-0.018160237242804,0.0334842600545229,-1.6581718478824388,3.0573751117477808,-1.34054864433846e-06,1.4020510065787175e-06,-0.2820676535290113,0.2950084946367666,0.0103256204131654,0.0174270368892506,1.0104625732111132,1.7054053736184938,8.169082320404622e-07,1.483178500248272e-06,0.1662043712191901,0.3017606389200587,0.003577333879845,0.0101451070183529,0.4487802242182491,1.2727141372143185,3.62816267777052e-07,1.0506090701975366e-06,0.0654008906373762,0.1893817201847379,0.0155011692404189,0.014380847063235,4.92022771076276,4.564626134154656,3.9777569471600215e-06,2.37934643033608e-06,0.4537917216811537,0.2714413493436305,0.0129332411937933,0.016039012151305,2.0618296255403763,2.556954588756385,1.6668856806999576e-06,2.1314567772156487e-06,0.267172319023702,0.3416348563438142,0.0202679620650917,0.0214626467358532,2.976774907694262,3.152239384049043,2.4065729810250685e-06,1.7439810061051071e-06,0.4015750369819198,0.2910110113195561,-0.0090130926342118,0.0126656749396346,-1.456397048544841,2.046606237008378,-1.1774238547944158e-06,1.0822472679198223e-06,-0.1874730197183023,0.1723187130723096,0.0048621783985513,0.0079281675048163,2.676572229289062,4.364363302437799,2.1638741955663748e-06,3.3287474219568287e-06,0.1877936363907257,0.2888881360461473,0.0048634424128863,0.013817324087493,1.1219360906684377,3.187485993284436,9.070289712737884e-07,2.5639347196684026e-06,0.1211797597483983,0.3425436266976851,-0.0091655265319616,0.0180486986962855,-1.741784004409637,3.429910390851384,-1.4081448728149531e-06,2.008350840580649e-06,-0.207011455347968,0.2952477677433903,0.0119692830161459,0.0137631546134718,2.2739012021028486,2.61469745331313,1.838334897393991e-06,1.625396375172321e-06,0.2702946276379433,0.2389857846979157,0.0084323441842712,0.0149528817156606,1.280742172922162,2.2711105952820185,1.0354157114960394e-06,2.1804906622572824e-06,0.1699530884471014,0.3579056395090333,0.0150872842958387,0.0220168097564908,0.7007951024734197,1.0226673102258297,5.665576374243087e-07,1.1360915568802903e-06,0.1646395525019715,0.3301440015465824,0.0551156181255249,0.0388708387060043,1.482067559554107,1.0452429096889573,1.1981771734428378e-06,8.03167792785977e-07,0.4471338084602663,0.299724850365089,0.0651892088993828,0.0579551435806005,1.2142453818266663,1.0795002214931275,9.816563962177329e-07,3.7683739119194443e-07,0.4290129195668872,0.1646891010134742,,,,,,
EUR,calcium,Ca,covldsc,insample10,20000,8,-0.1306,0.3625,-0.0788819196157455,-0.1024134944256447,2.6562165459266187,3.4486029212359712,-7.640278747272577e-07,1.5631739737137875e-06,1.1137443159039184,2.278681427185055,-0.0109269768408898,-0.0815687864989486,0.4661894922029962,3.4800578157409814,-1.340936481606702e-07,1.0918873628932712e-06,0.1789628937845145,1.4572451777580568,-0.0643148553246865,-0.2129377444593769,3.6650387706871608,12.134445226478409,-1.0542031247622804e-06,7.904715356173551e-07,1.2503939379920046,0.9375809965598926,0.0182133034308715,-0.0999481730442808,-1.5614442293177704,8.568654150148236,4.491301425933346e-07,5.022654935253671e-07,-0.4454784878262278,0.4981818215340044,-0.037624645364676,-0.141893818580181,12.592898891588064,47.491597419789954,-3.6221917943963694e-06,1.9810635824205915e-06,1.8834687345074863,1.030114232032925,-0.0316870466740909,-0.0946438521999252,3.4446969343548632,10.28872746904458,-9.90824517628524e-07,1.1758693849251484e-06,0.8817411154389535,1.0464137338425592,0.0551706529569906,-0.2710583339774542,-3.654138655736875,17.953108818900578,1.0510678413560682e-06,7.679254625811117e-07,-1.16883788592493,0.8539699712182127,0.0194514874322267,-0.1015181273571047,-0.9277324742370712,4.841874627895187,2.668507850739033e-07,3.8356411357374313e-07,-0.3407000745606143,0.489713088373185,,,,,,,,,,,,,,,,,,,,,,,,,,,,,,,,,,,,,,,,,,,,,,,,,,,,,,,,,,,,,,,,,,,,,,,,,,,,,,,,,,,,,,,,,,,,,,,,,,,,,,,,,,,,,,,,,,,,,,,,,,,,,,,,,,,,,,
EUR,calcium,Ca,covldsc,insample10,20000,24,-0.2472,0.3773,-0.1085341877190869,-0.0911844727829876,3.5239078950398697,2.960594171273367,-1.917493189079708e-06,1.7541925051705752e-06,1.163565869489439,1.0644723742201572,-0.0150357772595407,-0.0266192482038598,0.9567074749644306,1.6937490689685868,-5.205811621149609e-07,1.3351089495792326e-06,0.2333882709836322,0.5985594408586371,-0.0215217645598078,-0.0299066756463383,2.3837627312735234,3.312480192965336,-1.2970965580663418e-06,1.215147815704014e-06,0.4470761811015895,0.4188305346587024,-0.0030290861629168,-0.0093046237332635,0.6890756458968955,2.116674555949964,-3.7495243835056265e-07,1.182192598263875e-06,0.0910507382379951,0.2870751002045267,-0.003443944269939,-0.0585018653826356,0.1884152795684084,3.200587598805088,-1.02523966588203e-07,1.672597918650122e-06,0.0492941749779765,0.8041957135827952,-0.0200305884693195,-0.027468464139213,1.1745816884194886,1.6107342545799406,-6.391348623873811e-07,1.3087551654844488e-06,0.2976164546339028,0.6094286124220326,-0.0231529088356953,-0.0332605654011641,1.8196379567559764,2.614020885955134,-9.901346722431927e-07,1.0863934512194605e-06,0.4019858149868061,0.4410660177119014,0.0034172639559359,-0.0155974687853532,-0.4192924587456466,1.913782816179332,2.2815307829382565e-07,8.191428674817431e-07,-0.0748528375339741,0.2687457405144463,-0.0179643255243715,-0.0223905877322695,3.5842954406535124,4.46743638738054,-1.9503523644237587e-06,2.2124571714543008e-06,0.5050680317855216,0.5729433354604822,-0.0027512920956184,-0.0232436848585699,0.3731633010839205,3.1525879004237733,-2.030524376786592e-07,1.787782695676773e-06,0.0634648300897819,0.5587784432223223,-0.0054321915895446,-0.0151769639216217,0.7896476759044112,2.206191385270743,-4.29677530008825e-07,1.3154639335737637e-06,0.1298571951563105,0.3975596693168192,0.0142483918199147,-0.0302075365353156,-2.655181974564633,5.629162049886148,1.4447861589008103e-06,1.0943789695369396e-06,-0.386860768029977,0.2930345685156728,0.0031268936331138,-0.0146657302174868,-1.4743074462886112,6.914784384069032,8.022271214429469e-07,2.6561409354669326e-06,-0.1359470764739192,0.4501151671735282,0.0043990527171073,-0.0220054051792316,-1.0417386352247309,5.211094804531875,5.668498716031315e-07,2.1737722094600835e-06,-0.1349608805051652,0.517551870615561,-0.025729843587458,-0.0391267547240097,5.61341648468479,8.536187529217429,-3.054474803953144e-06,1.925348302616148e-06,0.7571090276442888,0.47723378807503,0.0063808748343718,-0.0268703370361988,-1.5315824713713406,6.449607345813699,8.333926552116043e-07,1.917302731082434e-06,-0.19711052703244,0.4534723811652007,-0.0081279086986551,-0.0136383048411378,6.646317755371185,11.15225465485575,-3.616515927196103e-06,3.5611631522945363e-06,0.4662227394141556,0.4590869427335112,0.0080025724717443,-0.0233700378264919,-2.742257057238448,8.008256268082004,1.4921670448202773e-06,2.4325409658809925e-06,-0.2961287533954518,0.4827511278380149,-0.0077460785453198,-0.0156101243667544,2.1866183155375283,4.406537275404591,-1.1898227343177243e-06,1.943312047225363e-06,0.2598265395897762,0.4243691350066753,-0.0126824036423997,-0.0242486569671469,3.5789796798966167,6.842981267372823,-1.947459855496249e-06,1.6643363907592623e-06,0.4253392905150618,0.3635030820409673,-0.0341157789265512,-0.0499015897294224,7.697024751326888,11.258537350263916,-4.188245827202659e-06,2.1750898847936164e-06,1.0211761920598774,0.5303294261084515,-0.0501637057265092,-0.0672239615073911,3.4611769409455864,4.638294202524162,-1.8833588754702145e-06,1.2625551285558286e-06,0.8129753314467725,0.5449976568333167,0.0513927615516707,-0.121040651764954,-2.0528134274394705,4.834802950981823,1.1170143723413125e-06,8.045168181187224e-07,-0.6191978424810571,0.4459701596987355,0.0212939746288756,-0.0541599289086354,-0.5891714423722364,1.4985217175288543,3.205907366475732e-07,4.004348229219232e-07,-0.2081210679928872,0.259954245339497,,,,,,
