estimate,se,method,run,window,h2,pcausal
0.00239569,0.00103732,rhe,0,-1,0.1,1.0
0.00236076,0.00122581,rhe,1,-1,0.1,1.0
0.116376,0.00346982,rhe,2,-1,0.1,1.0
0.00148575,0.00103509,rhe,3,-1,0.1,1.0
0.224091,0.00584149,rhe,4,-1,0.1,1.0
0.00581636,0.00148575,rhe,5,-1,0.1,1.0
0.012737,0.00145364,rhe,6,-1,0.1,1.0
0.0478528,0.00277794,rhe,7,-1,0.1,1.0
0.00982049,0.00133592,rhe,8,-1,0.1,1.0
0.110968,0.00342974,rhe,9,-1,0.1,1.0
0.0097037,0.000930908,rhe,10,-1,0.1,1.0
0.222001,0.00517759,rhe,11,-1,0.1,1.0
0.0351288,0.00181276,rhe,12,-1,0.1,1.0
-0.00201276,0.000742178,rhe,13,-1,0.1,1.0
0.0723006,0.00335732,rhe,14,-1,0.1,1.0
0.447287,0.00929848,rhe,15,-1,0.1,1.0
0.0456071,0.00240497,rhe,16,-1,0.1,1.0
0.145049,0.0037636,rhe,17,-1,0.1,1.0
0.0298298,0.00229803,rhe,18,-1,0.1,1.0
0.135285,0.0037961,rhe,19,-1,0.1,1.0
-0.00319849,0.000738375,rhe,20,-1,0.1,1.0
0.162958,0.0039787,rhe,21,-1,0.1,1.0
0.0927876,0.00283222,rhe,22,-1,0.1,1.0
0.0150341,0.00121893,rhe,23,-1,0.1,1.0
0.178239,0.00470762,rhe,24,-1,0.1,1.0
0.0256949,0.00176187,rhe,25,-1,0.1,1.0
0.291358,0.00607061,rhe,26,-1,0.1,1.0
0.0694655,0.00285871,rhe,27,-1,0.1,1.0
-0.00332645,0.000698496,rhe,28,-1,0.1,1.0
0.0720817,0.0026553,rhe,29,-1,0.1,1.0
0.0724684,0.00260778,rhe,30,-1,0.1,1.0
0.00121688,0.00130177,rhe,31,-1,0.1,1.0
0.00760405,0.00123841,rhe,32,-1,0.1,1.0
0.0425465,0.00210705,rhe,33,-1,0.1,1.0
0.00236001,0.000965532,rhe,34,-1,0.1,1.0
0.102408,0.00389818,rhe,35,-1,0.1,1.0
0.0375625,0.00216391,rhe,36,-1,0.1,1.0
0.204056,0.00553276,rhe,37,-1,0.1,1.0
-0.00230927,0.000665797,rhe,38,-1,0.1,1.0
0.0371823,0.00236248,rhe,39,-1,0.1,1.0
0.0190082,0.00153811,rhe,40,-1,0.1,1.0
0.0175405,0.00165963,rhe,41,-1,0.1,1.0
0.029551,0.00182781,rhe,42,-1,0.1,1.0
0.468135,0.00837581,rhe,43,-1,0.1,1.0
0.330802,0.00720054,rhe,44,-1,0.1,1.0
0.0934703,0.00346454,rhe,45,-1,0.1,1.0
0.0736128,0.00284317,rhe,46,-1,0.1,1.0
0.0688553,0.00264654,rhe,47,-1,0.1,1.0
0.106777,0.00439754,rhe,48,-1,0.1,1.0
0.000414082,0.000678034,rhe,49,-1,0.1,1.0
0.0217761,0.00153056,rhe,50,-1,0.1,1.0
-0.00236515,0.000740439,rhe,51,-1,0.1,1.0
-0.000234924,0.000618303,rhe,52,-1,0.1,1.0
0.189404,0.00517977,rhe,53,-1,0.1,1.0
0.240369,0.00558252,rhe,54,-1,0.1,1.0
0.0739606,0.0031685,rhe,55,-1,0.1,1.0
0.00909339,0.00126971,rhe,56,-1,0.1,1.0
-0.0012783,0.000637071,rhe,57,-1,0.1,1.0
0.216724,0.00554612,rhe,58,-1,0.1,1.0
0.0497173,0.00312128,rhe,59,-1,0.1,1.0
0.0453503,0.0023524,rhe,60,-1,0.1,1.0
0.52883,0.00850379,rhe,61,-1,0.1,1.0
0.290273,0.0074563,rhe,62,-1,0.1,1.0
0.109378,0.00369745,rhe,63,-1,0.1,1.0
0.03203,0.002078,rhe,64,-1,0.1,1.0
0.152841,0.00387061,rhe,65,-1,0.1,1.0
0.159641,0.00406682,rhe,66,-1,0.1,1.0
0.0152115,0.00143553,rhe,67,-1,0.1,1.0
0.0122985,0.00153577,rhe,68,-1,0.1,1.0
-0.0014148,0.000686784,rhe,69,-1,0.1,1.0
0.0608435,0.00265186,rhe,70,-1,0.1,1.0
0.0254544,0.00173193,rhe,71,-1,0.1,1.0
0.032627,0.00211188,rhe,72,-1,0.1,1.0
0.148139,0.00377319,rhe,73,-1,0.1,1.0
0.0487619,0.00222714,rhe,74,-1,0.1,1.0
0.170574,0.00447262,rhe,75,-1,0.1,1.0
0.0230179,0.00156533,rhe,76,-1,0.1,1.0
0.0025708,0.00112656,rhe,77,-1,0.1,1.0
0.225286,0.00512331,rhe,78,-1,0.1,1.0
0.257131,0.00754073,rhe,79,-1,0.1,1.0
-0.00135492,0.000752152,rhe,80,-1,0.1,1.0
0.0432474,0.00218825,rhe,81,-1,0.1,1.0
-0.0016229,0.000893489,rhe,82,-1,0.1,1.0
0.195554,0.00483865,rhe,83,-1,0.1,1.0
0.064864,0.00242202,rhe,84,-1,0.1,1.0
0.147591,0.00418293,rhe,85,-1,0.1,1.0
0.0193308,0.00178507,rhe,86,-1,0.1,1.0
0.0213032,0.00200923,rhe,87,-1,0.1,1.0
0.00218255,0.000807477,rhe,88,-1,0.1,1.0
0.765013,0.0123091,rhe,89,-1,0.1,1.0
0.057285,0.00292041,rhe,90,-1,0.1,1.0
0.183169,0.00498403,rhe,91,-1,0.1,1.0
0.0478581,0.00219072,rhe,92,-1,0.1,1.0
0.00974766,0.00145526,rhe,93,-1,0.1,1.0
0.00784947,0.000836601,rhe,94,-1,0.1,1.0
0.0617624,0.00314214,rhe,95,-1,0.1,1.0
0.133335,0.00418786,rhe,96,-1,0.1,1.0
0.0547101,0.00191757,rhe,97,-1,0.1,1.0
0.00401777,0.000956638,rhe,98,-1,0.1,1.0
0.403974,0.00820482,rhe,99,-1,0.1,1.0
0.0165284,0.00134473,rhe,0,-1,0.1,0.1
0.135627,0.00415991,rhe,1,-1,0.1,0.1
0.0912039,0.00265071,rhe,2,-1,0.1,0.1
0.208569,0.00540041,rhe,3,-1,0.1,0.1
0.00612769,0.00133354,rhe,4,-1,0.1,0.1
0.068542,0.00355138,rhe,5,-1,0.1,0.1
0.0523982,0.00215375,rhe,6,-1,0.1,0.1
0.0393672,0.00225888,rhe,7,-1,0.1,0.1
0.023278,0.00209006,rhe,8,-1,0.1,0.1
0.0801538,0.00258149,rhe,9,-1,0.1,0.1
0.0711848,0.0025665,rhe,10,-1,0.1,0.1
0.181899,0.0043819,rhe,11,-1,0.1,0.1
0.0547765,0.00215691,rhe,12,-1,0.1,0.1
0.000888534,0.000836638,rhe,13,-1,0.1,0.1
0.0386867,0.00200472,rhe,14,-1,0.1,0.1
0.501236,0.0102455,rhe,15,-1,0.1,0.1
0.0885212,0.00354124,rhe,16,-1,0.1,0.1
0.0431225,0.0019274,rhe,17,-1,0.1,0.1
0.257649,0.00601641,rhe,18,-1,0.1,0.1
-0.0016122,0.000578004,rhe,19,-1,0.1,0.1
0.0345743,0.00201497,rhe,20,-1,0.1,0.1
0.111449,0.00300989,rhe,21,-1,0.1,0.1
0.0213771,0.00158162,rhe,22,-1,0.1,0.1
0.00406945,0.00103351,rhe,23,-1,0.1,0.1
0.0886578,0.0032098,rhe,24,-1,0.1,0.1
-0.000582257,0.000814901,rhe,25,-1,0.1,0.1
0.0174511,0.00178229,rhe,26,-1,0.1,0.1
0.000729082,0.000742376,rhe,27,-1,0.1,0.1
0.495559,0.00984488,rhe,28,-1,0.1,0.1
-0.00278613,0.000675677,rhe,29,-1,0.1,0.1
0.0204281,0.00160816,rhe,30,-1,0.1,0.1
0.178462,0.00510736,rhe,31,-1,0.1,0.1
0.0486791,0.00251213,rhe,32,-1,0.1,0.1
0.0167173,0.00109372,rhe,33,-1,0.1,0.1
-0.00199771,0.000667605,rhe,34,-1,0.1,0.1
0.0526825,0.00279083,rhe,35,-1,0.1,0.1
0.0619896,0.00222174,rhe,36,-1,0.1,0.1
0.10092,0.00394354,rhe,37,-1,0.1,0.1
0.134364,0.00485799,rhe,38,-1,0.1,0.1
0.485129,0.0122112,rhe,39,-1,0.1,0.1
0.712834,0.0123595,rhe,40,-1,0.1,0.1
0.0458459,0.00257846,rhe,41,-1,0.1,0.1
0.196438,0.00470567,rhe,42,-1,0.1,0.1
0.00312982,0.00110889,rhe,43,-1,0.1,0.1
0.134722,0.00362543,rhe,44,-1,0.1,0.1
0.175259,0.00456294,rhe,45,-1,0.1,0.1
0.166926,0.00442245,rhe,46,-1,0.1,0.1
0.181529,0.00423934,rhe,47,-1,0.1,0.1
0.169917,0.00537869,rhe,48,-1,0.1,0.1
0.00329188,0.000798734,rhe,49,-1,0.1,0.1
0.922158,0.0127922,rhe,50,-1,0.1,0.1
0.136547,0.00412475,rhe,51,-1,0.1,0.1
0.00284137,0.000875573,rhe,52,-1,0.1,0.1
0.573942,0.00889563,rhe,53,-1,0.1,0.1
0.0959432,0.00350405,rhe,54,-1,0.1,0.1
0.0049642,0.00100572,rhe,55,-1,0.1,0.1
0.218286,0.00513275,rhe,56,-1,0.1,0.1
0.0484906,0.00278248,rhe,57,-1,0.1,0.1
0.0297696,0.00210368,rhe,58,-1,0.1,0.1
0.0324118,0.00252106,rhe,59,-1,0.1,0.1
0.0330799,0.00191937,rhe,60,-1,0.1,0.1
-0.000481832,0.000792305,rhe,61,-1,0.1,0.1
0.147377,0.00552632,rhe,62,-1,0.1,0.1
0.0694563,0.00321652,rhe,63,-1,0.1,0.1
0.0130795,0.00150555,rhe,64,-1,0.1,0.1
0.0572696,0.00238733,rhe,65,-1,0.1,0.1
0.403842,0.00850957,rhe,66,-1,0.1,0.1
0.0884629,0.00365378,rhe,67,-1,0.1,0.1
0.0306388,0.00195679,rhe,68,-1,0.1,0.1
0.188414,0.00484254,rhe,69,-1,0.1,0.1
0.0543145,0.0025761,rhe,70,-1,0.1,0.1
0.0714469,0.00281774,rhe,71,-1,0.1,0.1
0.103524,0.00306015,rhe,72,-1,0.1,0.1
0.00746805,0.000972132,rhe,73,-1,0.1,0.1
0.0465038,0.00198746,rhe,74,-1,0.1,0.1
0.042749,0.00241993,rhe,75,-1,0.1,0.1
0.0725729,0.00243286,rhe,76,-1,0.1,0.1
0.236691,0.00531679,rhe,77,-1,0.1,0.1
0.0468177,0.00214947,rhe,78,-1,0.1,0.1
0.0954941,0.00296314,rhe,79,-1,0.1,0.1
0.0325392,0.00213538,rhe,80,-1,0.1,0.1
0.00840255,0.00110899,rhe,81,-1,0.1,0.1
0.0121592,0.00126186,rhe,82,-1,0.1,0.1
-0.0028185,0.000623758,rhe,83,-1,0.1,0.1
3.33041e-05,0.000678605,rhe,84,-1,0.1,0.1
0.000560663,0.000968811,rhe,85,-1,0.1,0.1
0.303075,0.0070765,rhe,86,-1,0.1,0.1
-0.00188775,0.000724251,rhe,87,-1,0.1,0.1
0.100555,0.00308791,rhe,88,-1,0.1,0.1
0.00721086,0.00118893,rhe,89,-1,0.1,0.1
0.182806,0.00495646,rhe,90,-1,0.1,0.1
0.17585,0.00422935,rhe,91,-1,0.1,0.1
-0.00119639,0.000730393,rhe,92,-1,0.1,0.1
0.0959814,0.00364051,rhe,93,-1,0.1,0.1
0.0495053,0.00236386,rhe,94,-1,0.1,0.1
0.389485,0.00868505,rhe,95,-1,0.1,0.1
-0.0026128,0.000774511,rhe,96,-1,0.1,0.1
0.164324,0.00412906,rhe,97,-1,0.1,0.1
-0.00320031,0.000712338,rhe,98,-1,0.1,0.1
-0.00115485,0.000647298,rhe,99,-1,0.1,0.1
-0.00157278,0.000751397,rhe,0,-1,0.1,0.01
0.182179,0.00654763,rhe,1,-1,0.1,0.01
0.0371313,0.001806,rhe,2,-1,0.1,0.01
0.13055,0.00378818,rhe,3,-1,0.1,0.01
0.0362405,0.00232403,rhe,4,-1,0.1,0.01
0.00697203,0.00132518,rhe,5,-1,0.1,0.01
0.0216273,0.00153131,rhe,6,-1,0.1,0.01
-0.00230495,0.000829216,rhe,7,-1,0.1,0.01
0.000118747,0.00114369,rhe,8,-1,0.1,0.01
0.005534,0.000924414,rhe,9,-1,0.1,0.01
0.00215037,0.000755138,rhe,10,-1,0.1,0.01
0.207099,0.00482382,rhe,11,-1,0.1,0.01
0.0352914,0.00179431,rhe,12,-1,0.1,0.01
0.00432149,0.000876733,rhe,13,-1,0.1,0.01
0.000972025,0.000917051,rhe,14,-1,0.1,0.01
0.83342,0.0133145,rhe,15,-1,0.1,0.01
0.0679505,0.00267346,rhe,16,-1,0.1,0.01
0.0930128,0.00314769,rhe,17,-1,0.1,0.01
-0.00271747,0.00097771,rhe,18,-1,0.1,0.01
0.096699,0.00318594,rhe,19,-1,0.1,0.01
0.0874665,0.00387217,rhe,20,-1,0.1,0.01
0.038232,0.00188889,rhe,21,-1,0.1,0.01
-0.00240123,0.000577536,rhe,22,-1,0.1,0.01
0.405178,0.00848007,rhe,23,-1,0.1,0.01
0.0113099,0.00133285,rhe,24,-1,0.1,0.01
0.14102,0.00380332,rhe,25,-1,0.1,0.01
0.265653,0.00573125,rhe,26,-1,0.1,0.01
0.0246584,0.00168516,rhe,27,-1,0.1,0.01
0.128216,0.00420098,rhe,28,-1,0.1,0.01
0.028634,0.00149673,rhe,29,-1,0.1,0.01
0.00759947,0.0012747,rhe,30,-1,0.1,0.01
0.080384,0.00322672,rhe,31,-1,0.1,0.01
0.0167709,0.00154234,rhe,32,-1,0.1,0.01
0.0236111,0.00150947,rhe,33,-1,0.1,0.01
1.20597,0.0191829,rhe,34,-1,0.1,0.01
-0.00133948,0.0007539,rhe,35,-1,0.1,0.01
0.440176,0.00898609,rhe,36,-1,0.1,0.01
0.00620786,0.00115636,rhe,37,-1,0.1,0.01
0.299725,0.00697711,rhe,38,-1,0.1,0.01
0.0635511,0.00263956,rhe,39,-1,0.1,0.01
0.0997882,0.00263348,rhe,40,-1,0.1,0.01
0.365406,0.00759694,rhe,41,-1,0.1,0.01
0.164544,0.00457165,rhe,42,-1,0.1,0.01
0.0109963,0.00141149,rhe,43,-1,0.1,0.01
0.0250269,0.00214074,rhe,44,-1,0.1,0.01
0.141288,0.00398719,rhe,45,-1,0.1,0.01
0.0780039,0.00281392,rhe,46,-1,0.1,0.01
0.250663,0.00595673,rhe,47,-1,0.1,0.01
0.0323297,0.00243115,rhe,48,-1,0.1,0.01
0.280504,0.00520959,rhe,49,-1,0.1,0.01
0.00722413,0.000929164,rhe,50,-1,0.1,0.01
0.0729837,0.00269435,rhe,51,-1,0.1,0.01
0.0789979,0.00285382,rhe,52,-1,0.1,0.01
0.00224792,0.000886892,rhe,53,-1,0.1,0.01
0.123748,0.00411669,rhe,54,-1,0.1,0.01
0.197155,0.00452544,rhe,55,-1,0.1,0.01
-0.000871743,0.000695097,rhe,56,-1,0.1,0.01
0.202867,0.00589275,rhe,57,-1,0.1,0.01
0.120656,0.00387343,rhe,58,-1,0.1,0.01
0.0304487,0.00228921,rhe,59,-1,0.1,0.01
-0.000332232,0.000812032,rhe,60,-1,0.1,0.01
-0.00189015,0.00062217,rhe,61,-1,0.1,0.01
0.0286848,0.00222296,rhe,62,-1,0.1,0.01
0.00801876,0.00137172,rhe,63,-1,0.1,0.01
-0.00201927,0.000683432,rhe,64,-1,0.1,0.01
0.0538593,0.002431,rhe,65,-1,0.1,0.01
0.0479393,0.00206431,rhe,66,-1,0.1,0.01
0.0324431,0.00206761,rhe,67,-1,0.1,0.01
0.00040256,0.00118507,rhe,68,-1,0.1,0.01
0.0615335,0.00229883,rhe,69,-1,0.1,0.01
0.214081,0.00531651,rhe,70,-1,0.1,0.01
0.327452,0.00645923,rhe,71,-1,0.1,0.01
0.00125987,0.000797356,rhe,72,-1,0.1,0.01
-0.00040286,0.000838083,rhe,73,-1,0.1,0.01
0.2395,0.00512269,rhe,74,-1,0.1,0.01
0.274098,0.00534082,rhe,75,-1,0.1,0.01
0.0151161,0.00140031,rhe,76,-1,0.1,0.01
0.00990048,0.00154009,rhe,77,-1,0.1,0.01
0.0957315,0.0033465,rhe,78,-1,0.1,0.01
0.0895827,0.00289655,rhe,79,-1,0.1,0.01
0.00845478,0.0013201,rhe,80,-1,0.1,0.01
-0.00191244,0.000656963,rhe,81,-1,0.1,0.01
-0.00112354,0.000732714,rhe,82,-1,0.1,0.01
0.0186147,0.00153249,rhe,83,-1,0.1,0.01
0.0486222,0.00226507,rhe,84,-1,0.1,0.01
0.0934413,0.00329149,rhe,85,-1,0.1,0.01
0.135867,0.00534962,rhe,86,-1,0.1,0.01
0.0221534,0.00169401,rhe,87,-1,0.1,0.01
0.0384664,0.00184473,rhe,88,-1,0.1,0.01
0.0588435,0.00279317,rhe,89,-1,0.1,0.01
0.126007,0.00399921,rhe,90,-1,0.1,0.01
0.0172771,0.0015048,rhe,91,-1,0.1,0.01
0.837789,0.0123695,rhe,92,-1,0.1,0.01
0.19378,0.00539473,rhe,93,-1,0.1,0.01
-0.000514184,0.000842558,rhe,94,-1,0.1,0.01
0.0059912,0.001423,rhe,95,-1,0.1,0.01
0.132991,0.00384898,rhe,96,-1,0.1,0.01
0.0700646,0.00283538,rhe,97,-1,0.1,0.01
0.0560309,0.00233392,rhe,98,-1,0.1,0.01
0.000925687,0.000935925,rhe,99,-1,0.1,0.01
0.0925455,0.00327734,rhe,0,-1,0.25,1.0
0.0186018,0.00195552,rhe,1,-1,0.25,1.0
0.49351,0.00918935,rhe,2,-1,0.25,1.0
0.014909,0.00184987,rhe,3,-1,0.25,1.0
0.00687569,0.00152202,rhe,4,-1,0.25,1.0
0.0363051,0.00240878,rhe,5,-1,0.25,1.0
0.000532816,0.000997984,rhe,6,-1,0.25,1.0
0.63207,0.0109695,rhe,7,-1,0.25,1.0
0.186037,0.0062339,rhe,8,-1,0.25,1.0
0.152677,0.00343668,rhe,9,-1,0.25,1.0
0.142645,0.00365455,rhe,10,-1,0.25,1.0
0.322905,0.00544924,rhe,11,-1,0.25,1.0
0.000136174,0.00065179,rhe,12,-1,0.25,1.0
0.12123,0.00384732,rhe,13,-1,0.25,1.0
0.0762707,0.00285443,rhe,14,-1,0.25,1.0
0.00157683,0.00124209,rhe,15,-1,0.25,1.0
0.0487628,0.00247146,rhe,16,-1,0.25,1.0
0.0044958,0.000809279,rhe,17,-1,0.25,1.0
0.023789,0.00225218,rhe,18,-1,0.25,1.0
0.30949,0.00642584,rhe,19,-1,0.25,1.0
0.590029,0.0105858,rhe,20,-1,0.25,1.0
0.675954,0.00940146,rhe,21,-1,0.25,1.0
0.379395,0.00835872,rhe,22,-1,0.25,1.0
0.0302939,0.00236276,rhe,23,-1,0.25,1.0
0.00110977,0.000741339,rhe,24,-1,0.25,1.0
-0.00175436,0.000741141,rhe,25,-1,0.25,1.0
1.21324,0.0207955,rhe,26,-1,0.25,1.0
0.0367938,0.00220437,rhe,27,-1,0.25,1.0
0.301499,0.00735826,rhe,28,-1,0.25,1.0
0.163523,0.00415729,rhe,29,-1,0.25,1.0
-0.000977117,0.000639938,rhe,30,-1,0.25,1.0
0.00525409,0.00151703,rhe,31,-1,0.25,1.0
0.0481505,0.00263718,rhe,32,-1,0.25,1.0
0.00215871,0.000721196,rhe,33,-1,0.25,1.0
0.0607215,0.00300158,rhe,34,-1,0.25,1.0
0.228623,0.00523331,rhe,35,-1,0.25,1.0
0.000648785,0.000934061,rhe,36,-1,0.25,1.0
0.0723835,0.00340831,rhe,37,-1,0.25,1.0
0.663258,0.0125391,rhe,38,-1,0.25,1.0
0.74992,0.0148498,rhe,39,-1,0.25,1.0
0.00846155,0.00104113,rhe,40,-1,0.25,1.0
0.102943,0.00374126,rhe,41,-1,0.25,1.0
0.0480614,0.00220375,rhe,42,-1,0.25,1.0
0.0486981,0.00261442,rhe,43,-1,0.25,1.0
0.0351481,0.00235588,rhe,44,-1,0.25,1.0
-0.00149513,0.000858667,rhe,45,-1,0.25,1.0
0.103187,0.00413308,rhe,46,-1,0.25,1.0
0.278526,0.005209,rhe,47,-1,0.25,1.0
0.518303,0.0133079,rhe,48,-1,0.25,1.0
1.81182,0.0213889,rhe,49,-1,0.25,1.0
0.625297,0.0104653,rhe,50,-1,0.25,1.0
0.28281,0.00606628,rhe,51,-1,0.25,1.0
0.154125,0.00479638,rhe,52,-1,0.25,1.0
0.261022,0.00667399,rhe,53,-1,0.25,1.0
0.0845139,0.00395376,rhe,54,-1,0.25,1.0
0.198959,0.0054006,rhe,55,-1,0.25,1.0
0.0145265,0.00151941,rhe,56,-1,0.25,1.0
0.248769,0.00645853,rhe,57,-1,0.25,1.0
0.00901517,0.00140986,rhe,58,-1,0.25,1.0
0.594857,0.0127304,rhe,59,-1,0.25,1.0
0.109754,0.00432887,rhe,60,-1,0.25,1.0
0.00115868,0.000815436,rhe,61,-1,0.25,1.0
0.00448861,0.00122071,rhe,62,-1,0.25,1.0
0.00763862,0.00118806,rhe,63,-1,0.25,1.0
0.981491,0.0169287,rhe,64,-1,0.25,1.0
0.0529129,0.00241444,rhe,65,-1,0.25,1.0
0.00102681,0.000817327,rhe,66,-1,0.25,1.0
0.518835,0.0111312,rhe,67,-1,0.25,1.0
0.137316,0.00424844,rhe,68,-1,0.25,1.0
0.330494,0.00722405,rhe,69,-1,0.25,1.0
0.0759174,0.00324231,rhe,70,-1,0.25,1.0
0.129659,0.00352536,rhe,71,-1,0.25,1.0
0.00794833,0.00112498,rhe,72,-1,0.25,1.0
1.25758,0.0195831,rhe,73,-1,0.25,1.0
0.350915,0.00704613,rhe,74,-1,0.25,1.0
0.265999,0.00603952,rhe,75,-1,0.25,1.0
0.0228529,0.00176631,rhe,76,-1,0.25,1.0
0.162648,0.0045845,rhe,77,-1,0.25,1.0
0.0650004,0.00277411,rhe,78,-1,0.25,1.0
1.19259,0.0218521,rhe,79,-1,0.25,1.0
0.0348245,0.00222544,rhe,80,-1,0.25,1.0
0.072011,0.00304712,rhe,81,-1,0.25,1.0
0.0503204,0.00269164,rhe,82,-1,0.25,1.0
0.0196676,0.00189556,rhe,83,-1,0.25,1.0
0.00256539,0.000935147,rhe,84,-1,0.25,1.0
0.0717985,0.0034577,rhe,85,-1,0.25,1.0
1.0148,0.0192409,rhe,86,-1,0.25,1.0
0.0701717,0.00268077,rhe,87,-1,0.25,1.0
-0.000643394,0.00045523,rhe,88,-1,0.25,1.0
0.0852032,0.00296818,rhe,89,-1,0.25,1.0
0.706856,0.013006,rhe,90,-1,0.25,1.0
0.660147,0.0119667,rhe,91,-1,0.25,1.0
0.0302628,0.00183289,rhe,92,-1,0.25,1.0
0.0142932,0.00165909,rhe,93,-1,0.25,1.0
0.0235657,0.00150762,rhe,94,-1,0.25,1.0
0.00934615,0.00142732,rhe,95,-1,0.25,1.0
0.0974693,0.00348775,rhe,96,-1,0.25,1.0
0.0463104,0.00216347,rhe,97,-1,0.25,1.0
0.440155,0.00797227,rhe,98,-1,0.25,1.0
0.0583802,0.00261384,rhe,99,-1,0.25,1.0
0.0455833,0.00239265,rhe,0,-1,0.25,0.1
0.387943,0.00933486,rhe,1,-1,0.25,0.1
0.321068,0.00538571,rhe,2,-1,0.25,0.1
0.291335,0.00726596,rhe,3,-1,0.25,0.1
0.750697,0.0137502,rhe,4,-1,0.25,0.1
0.38051,0.00844638,rhe,5,-1,0.25,0.1
0.00126213,0.000838478,rhe,6,-1,0.25,0.1
0.437547,0.00857724,rhe,7,-1,0.25,0.1
0.00650686,0.00107894,rhe,8,-1,0.25,0.1
0.144654,0.00385738,rhe,9,-1,0.25,0.1
0.04462,0.00223636,rhe,10,-1,0.25,0.1
0.0230005,0.00164193,rhe,11,-1,0.25,0.1
0.419261,0.00658245,rhe,12,-1,0.25,0.1
0.16289,0.00456803,rhe,13,-1,0.25,0.1
0.165459,0.00447485,rhe,14,-1,0.25,0.1
0.386506,0.00949812,rhe,15,-1,0.25,0.1
0.833624,0.0138916,rhe,16,-1,0.25,0.1
0.83828,0.0145789,rhe,17,-1,0.25,0.1
0.443779,0.00868104,rhe,18,-1,0.25,0.1
0.0393803,0.0019034,rhe,19,-1,0.25,0.1
0.0380269,0.00254312,rhe,20,-1,0.25,0.1
0.0129996,0.00118548,rhe,21,-1,0.25,0.1
0.336208,0.00577326,rhe,22,-1,0.25,0.1
0.112597,0.00366898,rhe,23,-1,0.25,0.1
0.131551,0.00375238,rhe,24,-1,0.25,0.1
0.349649,0.00794895,rhe,25,-1,0.25,0.1
0.130615,0.0042771,rhe,26,-1,0.25,0.1
0.565722,0.0115876,rhe,27,-1,0.25,0.1
0.083054,0.00400648,rhe,28,-1,0.25,0.1
0.451276,0.00891119,rhe,29,-1,0.25,0.1
1.36074,0.0189736,rhe,30,-1,0.25,0.1
0.968668,0.0181823,rhe,31,-1,0.25,0.1
0.219591,0.00508652,rhe,32,-1,0.25,0.1
0.188223,0.00422255,rhe,33,-1,0.25,0.1
0.351063,0.00734077,rhe,34,-1,0.25,0.1
0.341874,0.00745683,rhe,35,-1,0.25,0.1
0.0152291,0.00144814,rhe,36,-1,0.25,0.1
0.509152,0.0104008,rhe,37,-1,0.25,0.1
0.026265,0.00182609,rhe,38,-1,0.25,0.1
0.111864,0.00445116,rhe,39,-1,0.25,0.1
0.845205,0.0128598,rhe,40,-1,0.25,0.1
0.000776809,0.00103929,rhe,41,-1,0.25,0.1
0.660337,0.0105216,rhe,42,-1,0.25,0.1
-0.000377696,0.000875996,rhe,43,-1,0.25,0.1
0.444445,0.0096018,rhe,44,-1,0.25,0.1
0.276478,0.00581203,rhe,45,-1,0.25,0.1
0.0510387,0.00265716,rhe,46,-1,0.25,0.1
0.198946,0.00419204,rhe,47,-1,0.25,0.1
0.110574,0.00400285,rhe,48,-1,0.25,0.1
-0.00109048,0.000552102,rhe,49,-1,0.25,0.1
0.882504,0.0137241,rhe,50,-1,0.25,0.1
0.481459,0.0106432,rhe,51,-1,0.25,0.1
0.299581,0.00634515,rhe,52,-1,0.25,0.1
0.446994,0.00864105,rhe,53,-1,0.25,0.1
0.496388,0.00861733,rhe,54,-1,0.25,0.1
1.81027,0.0246175,rhe,55,-1,0.25,0.1
0.208307,0.00552109,rhe,56,-1,0.25,0.1
1.10554,0.0197161,rhe,57,-1,0.25,0.1
0.933698,0.0157496,rhe,58,-1,0.25,0.1
-0.00125771,0.00109699,rhe,59,-1,0.25,0.1
0.0604495,0.00277116,rhe,60,-1,0.25,0.1
0.0473969,0.00246492,rhe,61,-1,0.25,0.1
0.0629478,0.00335515,rhe,62,-1,0.25,0.1
0.0183,0.00180407,rhe,63,-1,0.25,0.1
0.848369,0.0174181,rhe,64,-1,0.25,0.1
0.0162562,0.00153324,rhe,65,-1,0.25,0.1
0.00282012,0.00105801,rhe,66,-1,0.25,0.1
0.115127,0.00422809,rhe,67,-1,0.25,0.1
0.0302342,0.00196711,rhe,68,-1,0.25,0.1
0.263373,0.00584178,rhe,69,-1,0.25,0.1
0.347571,0.00829341,rhe,70,-1,0.25,0.1
0.192296,0.00566352,rhe,71,-1,0.25,0.1
0.0195383,0.00185806,rhe,72,-1,0.25,0.1
0.0613823,0.00214985,rhe,73,-1,0.25,0.1
0.0163989,0.00130607,rhe,74,-1,0.25,0.1
0.554065,0.00958295,rhe,75,-1,0.25,0.1
0.289955,0.00628878,rhe,76,-1,0.25,0.1
0.254132,0.00678784,rhe,77,-1,0.25,0.1
0.140432,0.00477388,rhe,78,-1,0.25,0.1
0.00689765,0.00121234,rhe,79,-1,0.25,0.1
0.196802,0.00576141,rhe,80,-1,0.25,0.1
-0.0013186,0.000693378,rhe,81,-1,0.25,0.1
0.0603066,0.00264202,rhe,82,-1,0.25,0.1
0.000393625,0.000782075,rhe,83,-1,0.25,0.1
0.00293196,0.000782618,rhe,84,-1,0.25,0.1
0.228957,0.00535343,rhe,85,-1,0.25,0.1
0.0157313,0.00170399,rhe,86,-1,0.25,0.1
0.131136,0.00426156,rhe,87,-1,0.25,0.1
0.0437874,0.00229718,rhe,88,-1,0.25,0.1
0.0569025,0.00231062,rhe,89,-1,0.25,0.1
0.0277959,0.00234781,rhe,90,-1,0.25,0.1
0.483573,0.0099785,rhe,91,-1,0.25,0.1
0.124062,0.00396374,rhe,92,-1,0.25,0.1
0.105501,0.00391248,rhe,93,-1,0.25,0.1
0.514956,0.00803736,rhe,94,-1,0.25,0.1
0.0615085,0.00330584,rhe,95,-1,0.25,0.1
0.0338761,0.00207617,rhe,96,-1,0.25,0.1
0.153022,0.00436085,rhe,97,-1,0.25,0.1
0.0125136,0.00137205,rhe,98,-1,0.25,0.1
0.387507,0.00912806,rhe,99,-1,0.25,0.1
1.0763,0.0170444,rhe,0,-1,0.25,0.01
0.0317535,0.00188699,rhe,1,-1,0.25,0.01
0.138022,0.00372373,rhe,2,-1,0.25,0.01
0.838106,0.0152992,rhe,3,-1,0.25,0.01
0.191594,0.00664342,rhe,4,-1,0.25,0.01
0.195401,0.00614594,rhe,5,-1,0.25,0.01
0.0484032,0.00217006,rhe,6,-1,0.25,0.01
0.125397,0.00392671,rhe,7,-1,0.25,0.01
0.437707,0.0101358,rhe,8,-1,0.25,0.01
0.407987,0.00829169,rhe,9,-1,0.25,0.01
0.490707,0.00794106,rhe,10,-1,0.25,0.01
0.329967,0.00674421,rhe,11,-1,0.25,0.01
0.0334696,0.00181399,rhe,12,-1,0.25,0.01
0.00398193,0.0010422,rhe,13,-1,0.25,0.01
0.208867,0.00464669,rhe,14,-1,0.25,0.01
0.536601,0.0112472,rhe,15,-1,0.25,0.01
0.21192,0.00472404,rhe,16,-1,0.25,0.01
0.00666147,0.000963141,rhe,17,-1,0.25,0.01
0.0814562,0.00384803,rhe,18,-1,0.25,0.01
0.0229426,0.00183281,rhe,19,-1,0.25,0.01
0.00177054,0.000920072,rhe,20,-1,0.25,0.01
0.000790134,0.000781464,rhe,21,-1,0.25,0.01
0.00368045,0.000835679,rhe,22,-1,0.25,0.01
0.00464858,0.000969022,rhe,23,-1,0.25,0.01
0.0737582,0.00355875,rhe,24,-1,0.25,0.01
0.313795,0.00664561,rhe,25,-1,0.25,0.01
0.690086,0.0126318,rhe,26,-1,0.25,0.01
0.0266883,0.00181954,rhe,27,-1,0.25,0.01
0.646657,0.0105456,rhe,28,-1,0.25,0.01
-0.000423298,0.000764492,rhe,29,-1,0.25,0.01
0.019351,0.00154907,rhe,30,-1,0.25,0.01
-0.00206971,0.00100989,rhe,31,-1,0.25,0.01
0.00170637,0.000951069,rhe,32,-1,0.25,0.01
0.203985,0.00548785,rhe,33,-1,0.25,0.01
4.31852e-06,0.000861867,rhe,34,-1,0.25,0.01
0.0050088,0.00113622,rhe,35,-1,0.25,0.01
0.850881,0.0149593,rhe,36,-1,0.25,0.01
0.0138352,0.00178772,rhe,37,-1,0.25,0.01
0.184812,0.0053854,rhe,38,-1,0.25,0.01
0.507902,0.0116315,rhe,39,-1,0.25,0.01
0.691534,0.0117174,rhe,40,-1,0.25,0.01
0.104473,0.00410679,rhe,41,-1,0.25,0.01
0.00277992,0.000880461,rhe,42,-1,0.25,0.01
1.28076,0.0189815,rhe,43,-1,0.25,0.01
-0.00178329,0.00071596,rhe,44,-1,0.25,0.01
0.216079,0.00510643,rhe,45,-1,0.25,0.01
0.0292778,0.00183111,rhe,46,-1,0.25,0.01
0.0120971,0.00105831,rhe,47,-1,0.25,0.01
0.329315,0.00985256,rhe,48,-1,0.25,0.01
0.780426,0.0117489,rhe,49,-1,0.25,0.01
0.0307258,0.00167042,rhe,50,-1,0.25,0.01
0.441778,0.00878491,rhe,51,-1,0.25,0.01
1.24192,0.018499,rhe,52,-1,0.25,0.01
0.13928,0.00437996,rhe,53,-1,0.25,0.01
0.306905,0.00693415,rhe,54,-1,0.25,0.01
0.559243,0.0101376,rhe,55,-1,0.25,0.01
0.162188,0.00564811,rhe,56,-1,0.25,0.01
0.638339,0.00944223,rhe,57,-1,0.25,0.01
0.467224,0.00934337,rhe,58,-1,0.25,0.01
0.077595,0.00373271,rhe,59,-1,0.25,0.01
0.0870885,0.00341908,rhe,60,-1,0.25,0.01
0.131735,0.00411109,rhe,61,-1,0.25,0.01
0.0173582,0.00199562,rhe,62,-1,0.25,0.01
2.55681,0.0406253,rhe,63,-1,0.25,0.01
7.14161e-05,0.000919798,rhe,64,-1,0.25,0.01
0.126237,0.00330944,rhe,65,-1,0.25,0.01
0.0506735,0.0026044,rhe,66,-1,0.25,0.01
0.00189104,0.00108495,rhe,67,-1,0.25,0.01
0.207048,0.00489987,rhe,68,-1,0.25,0.01
-0.0011681,0.000644009,rhe,69,-1,0.25,0.01
0.100112,0.00404201,rhe,70,-1,0.25,0.01
0.0850544,0.00266288,rhe,71,-1,0.25,0.01
0.292259,0.00872371,rhe,72,-1,0.25,0.01
0.0124484,0.00139048,rhe,73,-1,0.25,0.01
1.70603e-05,0.00065433,rhe,74,-1,0.25,0.01
0.0180153,0.00139622,rhe,75,-1,0.25,0.01
0.89276,0.0134983,rhe,76,-1,0.25,0.01
0.33214,0.00765832,rhe,77,-1,0.25,0.01
1.24373,0.0216837,rhe,78,-1,0.25,0.01
0.662098,0.0133889,rhe,79,-1,0.25,0.01
0.0164986,0.00135509,rhe,80,-1,0.25,0.01
0.989428,0.0144672,rhe,81,-1,0.25,0.01
0.00756215,0.00140502,rhe,82,-1,0.25,0.01
0.2134,0.00531705,rhe,83,-1,0.25,0.01
0.0179846,0.00160814,rhe,84,-1,0.25,0.01
0.35854,0.0081994,rhe,85,-1,0.25,0.01
0.137166,0.00437054,rhe,86,-1,0.25,0.01
0.0454205,0.00250095,rhe,87,-1,0.25,0.01
0.0924026,0.00316354,rhe,88,-1,0.25,0.01
0.751724,0.0134573,rhe,89,-1,0.25,0.01
0.304688,0.00782647,rhe,90,-1,0.25,0.01
0.0612811,0.00301392,rhe,91,-1,0.25,0.01
1.44568,0.0210708,rhe,92,-1,0.25,0.01
0.30776,0.00649513,rhe,93,-1,0.25,0.01
0.334723,0.00599696,rhe,94,-1,0.25,0.01
0.0073368,0.00129761,rhe,95,-1,0.25,0.01
0.00620238,0.00114636,rhe,96,-1,0.25,0.01
0.570891,0.00994175,rhe,97,-1,0.25,0.01
0.0165273,0.00155511,rhe,98,-1,0.25,0.01
0.664366,0.0152345,rhe,99,-1,0.25,0.01
0.00809109,0.00120289,rhe,0,-1,0.4,1.0
0.0153573,0.00209017,rhe,1,-1,0.4,1.0
0.00999373,0.0011409,rhe,2,-1,0.4,1.0
0.00541543,0.00112134,rhe,3,-1,0.4,1.0
0.0051401,0.00130284,rhe,4,-1,0.4,1.0
0.960168,0.0198149,rhe,5,-1,0.4,1.0
1.03917,0.0204568,rhe,6,-1,0.4,1.0
0.0542599,0.00319262,rhe,7,-1,0.4,1.0
0.000427159,0.000992402,rhe,8,-1,0.4,1.0
0.179094,0.00475615,rhe,9,-1,0.4,1.0
0.758587,0.0117971,rhe,10,-1,0.4,1.0
0.00380482,0.000933655,rhe,11,-1,0.4,1.0
1.15258,0.0162118,rhe,12,-1,0.4,1.0
0.401418,0.00832383,rhe,13,-1,0.4,1.0
0.00384192,0.00100341,rhe,14,-1,0.4,1.0
0.142655,0.00511949,rhe,15,-1,0.4,1.0
0.0565558,0.0025102,rhe,16,-1,0.4,1.0
0.254559,0.00605403,rhe,17,-1,0.4,1.0
0.0530738,0.00280455,rhe,18,-1,0.4,1.0
0.176235,0.00545871,rhe,19,-1,0.4,1.0
0.327981,0.00774681,rhe,20,-1,0.4,1.0
-0.000435335,0.000584821,rhe,21,-1,0.4,1.0
0.495673,0.00838106,rhe,22,-1,0.4,1.0
0.187003,0.00476898,rhe,23,-1,0.4,1.0
0.0836533,0.00349462,rhe,24,-1,0.4,1.0
0.765429,0.0139783,rhe,25,-1,0.4,1.0
0.00268372,0.00107776,rhe,26,-1,0.4,1.0
1.74083,0.0265376,rhe,27,-1,0.4,1.0
0.537448,0.00979736,rhe,28,-1,0.4,1.0
0.912468,0.0154239,rhe,29,-1,0.4,1.0
0.616398,0.0134994,rhe,30,-1,0.4,1.0
0.892883,0.0186841,rhe,31,-1,0.4,1.0
0.0494088,0.00217581,rhe,32,-1,0.4,1.0
0.316274,0.00586953,rhe,33,-1,0.4,1.0
0.0585472,0.00273472,rhe,34,-1,0.4,1.0
0.166796,0.00514789,rhe,35,-1,0.4,1.0
0.00733588,0.00125045,rhe,36,-1,0.4,1.0
0.00227253,0.0014744,rhe,37,-1,0.4,1.0
0.0221023,0.00159858,rhe,38,-1,0.4,1.0
0.129582,0.00547548,rhe,39,-1,0.4,1.0
0.662071,0.0121578,rhe,40,-1,0.4,1.0
0.184838,0.00499747,rhe,41,-1,0.4,1.0
0.170799,0.00538603,rhe,42,-1,0.4,1.0
0.0589211,0.00281752,rhe,43,-1,0.4,1.0
0.0295213,0.00205347,rhe,44,-1,0.4,1.0
0.0763085,0.0034544,rhe,45,-1,0.4,1.0
0.378413,0.00799375,rhe,46,-1,0.4,1.0
1.06881,0.014887,rhe,47,-1,0.4,1.0
1.07717,0.022332,rhe,48,-1,0.4,1.0
1.81403,0.0228034,rhe,49,-1,0.4,1.0
0.116425,0.00421724,rhe,50,-1,0.4,1.0
0.533525,0.0102399,rhe,51,-1,0.4,1.0
0.156972,0.00453155,rhe,52,-1,0.4,1.0
0.415795,0.00805921,rhe,53,-1,0.4,1.0
0.390124,0.00854153,rhe,54,-1,0.4,1.0
0.360348,0.00694453,rhe,55,-1,0.4,1.0
0.26731,0.00672137,rhe,56,-1,0.4,1.0
0.0936697,0.00367311,rhe,57,-1,0.4,1.0
0.29316,0.0075473,rhe,58,-1,0.4,1.0
0.806865,0.0175084,rhe,59,-1,0.4,1.0
-0.000588233,0.00078431,rhe,60,-1,0.4,1.0
0.434472,0.00745704,rhe,61,-1,0.4,1.0
0.00104066,0.0009547,rhe,62,-1,0.4,1.0
0.485663,0.0101192,rhe,63,-1,0.4,1.0
0.00123005,0.000803771,rhe,64,-1,0.4,1.0
0.345087,0.00758133,rhe,65,-1,0.4,1.0
0.25206,0.00760363,rhe,66,-1,0.4,1.0
0.0329891,0.00239102,rhe,67,-1,0.4,1.0
0.814835,0.0128727,rhe,68,-1,0.4,1.0
0.547497,0.00886033,rhe,69,-1,0.4,1.0
0.00142754,0.00107533,rhe,70,-1,0.4,1.0
0.0206323,0.00155705,rhe,71,-1,0.4,1.0
0.589358,0.013145,rhe,72,-1,0.4,1.0
0.925841,0.0164905,rhe,73,-1,0.4,1.0
0.209731,0.00510538,rhe,74,-1,0.4,1.0
0.824864,0.0144257,rhe,75,-1,0.4,1.0
0.585728,0.0108828,rhe,76,-1,0.4,1.0
0.412942,0.0108828,rhe,77,-1,0.4,1.0
0.646467,0.012412,rhe,78,-1,0.4,1.0
0.155011,0.00417092,rhe,79,-1,0.4,1.0
0.0148095,0.00198712,rhe,80,-1,0.4,1.0
1.01677,0.0163534,rhe,81,-1,0.4,1.0
0.434578,0.00893865,rhe,82,-1,0.4,1.0
0.00224298,0.000757189,rhe,83,-1,0.4,1.0
0.305764,0.00735376,rhe,84,-1,0.4,1.0
0.00127049,0.000830581,rhe,85,-1,0.4,1.0
0.546581,0.0130584,rhe,86,-1,0.4,1.0
0.115625,0.00485927,rhe,87,-1,0.4,1.0
0.0901198,0.00311573,rhe,88,-1,0.4,1.0
0.0157406,0.00155687,rhe,89,-1,0.4,1.0
0.587346,0.0101596,rhe,90,-1,0.4,1.0
0.0057336,0.00104419,rhe,91,-1,0.4,1.0
0.459905,0.00859072,rhe,92,-1,0.4,1.0
0.909877,0.0151445,rhe,93,-1,0.4,1.0
0.365807,0.00784244,rhe,94,-1,0.4,1.0
0.0446777,0.00318775,rhe,95,-1,0.4,1.0
0.00378718,0.000946978,rhe,96,-1,0.4,1.0
0.125119,0.00361698,rhe,97,-1,0.4,1.0
0.437116,0.00899791,rhe,98,-1,0.4,1.0
0.394022,0.00818174,rhe,99,-1,0.4,1.0
0.0280671,0.00188336,rhe,0,-1,0.4,0.1
0.450831,0.00990561,rhe,1,-1,0.4,0.1
0.885672,0.0128591,rhe,2,-1,0.4,0.1
0.135945,0.00478228,rhe,3,-1,0.4,0.1
2.18126,0.0316128,rhe,4,-1,0.4,0.1
1.29814,0.026043,rhe,5,-1,0.4,0.1
0.377698,0.00915237,rhe,6,-1,0.4,0.1
2.7771,0.0413917,rhe,7,-1,0.4,0.1
2.10982,0.0336379,rhe,8,-1,0.4,0.1
0.186707,0.00451378,rhe,9,-1,0.4,0.1
0.000231342,0.000501341,rhe,10,-1,0.4,0.1
0.11024,0.00313598,rhe,11,-1,0.4,0.1
0.419229,0.00680123,rhe,12,-1,0.4,0.1
0.358309,0.00772812,rhe,13,-1,0.4,0.1
1.15449,0.0174778,rhe,14,-1,0.4,0.1
0.0345111,0.00240758,rhe,15,-1,0.4,0.1
0.954359,0.0150644,rhe,16,-1,0.4,0.1
0.11431,0.00356408,rhe,17,-1,0.4,0.1
0.00777867,0.00157234,rhe,18,-1,0.4,0.1
1.10232,0.0155542,rhe,19,-1,0.4,0.1
1.18742,0.0194003,rhe,20,-1,0.4,0.1
0.09071,0.00294089,rhe,21,-1,0.4,0.1
0.016281,0.00137495,rhe,22,-1,0.4,0.1
0.0061005,0.00102964,rhe,23,-1,0.4,0.1
0.0779308,0.00321405,rhe,24,-1,0.4,0.1
0.0844112,0.00334247,rhe,25,-1,0.4,0.1
0.0183902,0.00174718,rhe,26,-1,0.4,0.1
0.55536,0.0114093,rhe,27,-1,0.4,0.1
0.540685,0.0110233,rhe,28,-1,0.4,0.1
0.12145,0.00432255,rhe,29,-1,0.4,0.1
0.04547,0.00295189,rhe,30,-1,0.4,0.1
0.0354232,0.00277271,rhe,31,-1,0.4,0.1
0.0156415,0.00162036,rhe,32,-1,0.4,0.1
0.0645912,0.00251672,rhe,33,-1,0.4,0.1
0.0164964,0.00185911,rhe,34,-1,0.4,0.1
0.257312,0.00607479,rhe,35,-1,0.4,0.1
0.00323032,0.00110158,rhe,36,-1,0.4,0.1
1.3155,0.023398,rhe,37,-1,0.4,0.1
0.100817,0.00392797,rhe,38,-1,0.4,0.1
0.646124,0.0146898,rhe,39,-1,0.4,0.1
0.320796,0.00673985,rhe,40,-1,0.4,0.1
-0.000904572,0.000772969,rhe,41,-1,0.4,0.1
0.0153602,0.00135663,rhe,42,-1,0.4,0.1
0.0747513,0.00318815,rhe,43,-1,0.4,0.1
-0.000526702,0.000646411,rhe,44,-1,0.4,0.1
0.230273,0.00673735,rhe,45,-1,0.4,0.1
1.15006,0.0183912,rhe,46,-1,0.4,0.1
0.266175,0.00606631,rhe,47,-1,0.4,0.1
0.116022,0.00480313,rhe,48,-1,0.4,0.1
0.427974,0.00760511,rhe,49,-1,0.4,0.1
0.0667345,0.00333231,rhe,50,-1,0.4,0.1
0.20644,0.00529696,rhe,51,-1,0.4,0.1
0.00459585,0.00124072,rhe,52,-1,0.4,0.1
0.781917,0.013897,rhe,53,-1,0.4,0.1
0.339314,0.00755952,rhe,54,-1,0.4,0.1
1.34186,0.0212996,rhe,55,-1,0.4,0.1
0.602843,0.0105429,rhe,56,-1,0.4,0.1
0.57626,0.0101873,rhe,57,-1,0.4,0.1
0.0134334,0.00181097,rhe,58,-1,0.4,0.1
0.162386,0.0065228,rhe,59,-1,0.4,0.1
0.04357,0.00265473,rhe,60,-1,0.4,0.1
0.724084,0.0127514,rhe,61,-1,0.4,0.1
0.0847078,0.00337388,rhe,62,-1,0.4,0.1
0.0161238,0.00176966,rhe,63,-1,0.4,0.1
0.670233,0.0148765,rhe,64,-1,0.4,0.1
0.858221,0.0157925,rhe,65,-1,0.4,0.1
0.0648492,0.00301889,rhe,66,-1,0.4,0.1
0.00404391,0.000857125,rhe,67,-1,0.4,0.1
0.997898,0.0152927,rhe,68,-1,0.4,0.1
0.54298,0.00994078,rhe,69,-1,0.4,0.1
0.0376862,0.00287727,rhe,70,-1,0.4,0.1
0.000978811,0.000723976,rhe,71,-1,0.4,0.1
0.360564,0.00890023,rhe,72,-1,0.4,0.1
0.00962645,0.00124992,rhe,73,-1,0.4,0.1
0.0845181,0.00326042,rhe,74,-1,0.4,0.1
0.882062,0.0131977,rhe,75,-1,0.4,0.1
0.0231755,0.00151906,rhe,76,-1,0.4,0.1
0.228768,0.0053123,rhe,77,-1,0.4,0.1
0.316503,0.00783709,rhe,78,-1,0.4,0.1
0.20902,0.0053246,rhe,79,-1,0.4,0.1
0.0170227,0.00248268,rhe,80,-1,0.4,0.1
0.247422,0.00618255,rhe,81,-1,0.4,0.1
0.351709,0.0085924,rhe,82,-1,0.4,0.1
0.00242758,0.000770206,rhe,83,-1,0.4,0.1
0.0509723,0.002277,rhe,84,-1,0.4,0.1
0.0662472,0.00361234,rhe,85,-1,0.4,0.1
0.251643,0.00725366,rhe,86,-1,0.4,0.1
0.303432,0.00598873,rhe,87,-1,0.4,0.1
0.0778477,0.00283912,rhe,88,-1,0.4,0.1
0.0106773,0.00122482,rhe,89,-1,0.4,0.1
0.00187726,0.00119155,rhe,90,-1,0.4,0.1
0.312001,0.00735147,rhe,91,-1,0.4,0.1
0.168477,0.00468121,rhe,92,-1,0.4,0.1
0.738361,0.0144353,rhe,93,-1,0.4,0.1
0.151694,0.00429929,rhe,94,-1,0.4,0.1
2.00042,0.0337646,rhe,95,-1,0.4,0.1
0.500619,0.0105679,rhe,96,-1,0.4,0.1
0.696958,0.0106574,rhe,97,-1,0.4,0.1
0.289306,0.00584012,rhe,98,-1,0.4,0.1
0.00355925,0.000899045,rhe,99,-1,0.4,0.1
0.0474667,0.00270315,rhe,0,-1,0.4,0.01
0.796323,0.0165531,rhe,1,-1,0.4,0.01
0.00052798,0.000777196,rhe,2,-1,0.4,0.01
0.650021,0.0131682,rhe,3,-1,0.4,0.01
0.00095703,0.00115563,rhe,4,-1,0.4,0.01
0.288565,0.00766365,rhe,5,-1,0.4,0.01
0.00754815,0.00118693,rhe,6,-1,0.4,0.01
2.31137,0.0341879,rhe,7,-1,0.4,0.01
0.129308,0.00492928,rhe,8,-1,0.4,0.01
0.226837,0.00485616,rhe,9,-1,0.4,0.01
0.333531,0.00749091,rhe,10,-1,0.4,0.01
1.58842,0.0212201,rhe,11,-1,0.4,0.01
0.240834,0.00531918,rhe,12,-1,0.4,0.01
-0.00124475,0.000604468,rhe,13,-1,0.4,0.01
0.94927,0.0170158,rhe,14,-1,0.4,0.01
0.0129442,0.00183423,rhe,15,-1,0.4,0.01
0.190958,0.00535115,rhe,16,-1,0.4,0.01
0.379851,0.00728808,rhe,17,-1,0.4,0.01
1.72687,0.0294927,rhe,18,-1,0.4,0.01
1.6794,0.0243399,rhe,19,-1,0.4,0.01
0.36626,0.00923506,rhe,20,-1,0.4,0.01
1.50182,0.0165378,rhe,21,-1,0.4,0.01
1.69006,0.0213282,rhe,22,-1,0.4,0.01
0.372855,0.00839735,rhe,23,-1,0.4,0.01
0.105643,0.00424682,rhe,24,-1,0.4,0.01
2.40897,0.0325164,rhe,25,-1,0.4,0.01
0.806346,0.0143024,rhe,26,-1,0.4,0.01
0.296943,0.00656984,rhe,27,-1,0.4,0.01
0.259006,0.00694978,rhe,28,-1,0.4,0.01
0.479196,0.010198,rhe,29,-1,0.4,0.01
0.0233743,0.00179622,rhe,30,-1,0.4,0.01
1.35891,0.0213535,rhe,31,-1,0.4,0.01
0.299842,0.00735368,rhe,32,-1,0.4,0.01
0.00616521,0.00106904,rhe,33,-1,0.4,0.01
0.00122698,0.000860092,rhe,34,-1,0.4,0.01
-9.53853e-05,0.000704981,rhe,35,-1,0.4,0.01
1.52833,0.0235055,rhe,36,-1,0.4,0.01
0.300867,0.00809922,rhe,37,-1,0.4,0.01
0.0148358,0.00157008,rhe,38,-1,0.4,0.01
0.632618,0.0117758,rhe,39,-1,0.4,0.01
0.640956,0.0125025,rhe,40,-1,0.4,0.01
0.282099,0.00648484,rhe,41,-1,0.4,0.01
0.0851677,0.00320665,rhe,42,-1,0.4,0.01
0.753689,0.013686,rhe,43,-1,0.4,0.01
0.323839,0.00886225,rhe,44,-1,0.4,0.01
0.0913927,0.00367664,rhe,45,-1,0.4,0.01
0.00502547,0.00101586,rhe,46,-1,0.4,0.01
2.19156,0.0279079,rhe,47,-1,0.4,0.01
0.281044,0.00847089,rhe,48,-1,0.4,0.01
0.272446,0.00591383,rhe,49,-1,0.4,0.01
0.00667944,0.00116773,rhe,50,-1,0.4,0.01
0.354678,0.00790679,rhe,51,-1,0.4,0.01
-0.000218303,0.000720512,rhe,52,-1,0.4,0.01
0.00965267,0.00120992,rhe,53,-1,0.4,0.01
0.330475,0.00782925,rhe,54,-1,0.4,0.01
2.33291,0.029253,rhe,55,-1,0.4,0.01
0.405493,0.00899369,rhe,56,-1,0.4,0.01
0.00952268,0.00142576,rhe,57,-1,0.4,0.01
0.116054,0.00438875,rhe,58,-1,0.4,0.01
0.0205446,0.00240882,rhe,59,-1,0.4,0.01
0.0987392,0.00419032,rhe,60,-1,0.4,0.01
0.00673554,0.00106935,rhe,61,-1,0.4,0.01
2.69267,0.0373293,rhe,62,-1,0.4,0.01
1.10381,0.019092,rhe,63,-1,0.4,0.01
0.107619,0.00428684,rhe,64,-1,0.4,0.01
0.528826,0.00954639,rhe,65,-1,0.4,0.01
0.312798,0.00818114,rhe,66,-1,0.4,0.01
0.0102911,0.00150507,rhe,67,-1,0.4,0.01
0.163814,0.00562031,rhe,68,-1,0.4,0.01
2.02897,0.0285109,rhe,69,-1,0.4,0.01
1.2953,0.0197212,rhe,70,-1,0.4,0.01
0.1146,0.00332294,rhe,71,-1,0.4,0.01
0.39907,0.00839898,rhe,72,-1,0.4,0.01
0.801306,0.0125246,rhe,73,-1,0.4,0.01
0.081598,0.0034475,rhe,74,-1,0.4,0.01
0.12489,0.00407201,rhe,75,-1,0.4,0.01
0.0181334,0.00164533,rhe,76,-1,0.4,0.01
0.212775,0.0055015,rhe,77,-1,0.4,0.01
0.461006,0.0102126,rhe,78,-1,0.4,0.01
0.0820489,0.00306716,rhe,79,-1,0.4,0.01
0.288009,0.00825509,rhe,80,-1,0.4,0.01
0.0741604,0.00299274,rhe,81,-1,0.4,0.01
0.855642,0.0145572,rhe,82,-1,0.4,0.01
0.339594,0.00679347,rhe,83,-1,0.4,0.01
1.24801,0.017779,rhe,84,-1,0.4,0.01
0.835464,0.0158963,rhe,85,-1,0.4,0.01
0.281081,0.00797404,rhe,86,-1,0.4,0.01
0.261983,0.00705529,rhe,87,-1,0.4,0.01
0.968077,0.0146892,rhe,88,-1,0.4,0.01
0.384275,0.00758137,rhe,89,-1,0.4,0.01
2.36374,0.037575,rhe,90,-1,0.4,0.01
0.290128,0.00756502,rhe,91,-1,0.4,0.01
0.13018,0.00470254,rhe,92,-1,0.4,0.01
0.855626,0.0157103,rhe,93,-1,0.4,0.01
0.0752909,0.00292763,rhe,94,-1,0.4,0.01
0.133231,0.00506074,rhe,95,-1,0.4,0.01
0.151567,0.00449158,rhe,96,-1,0.4,0.01
0.0285861,0.00185169,rhe,97,-1,0.4,0.01
0.0333766,0.00252885,rhe,98,-1,0.4,0.01
0.00296179,0.000840006,rhe,99,-1,0.4,0.01
-0.00035,0.00103,sumrhe,0,-1,0.1,1.0
-0.00068,0.00105,sumrhe,1,-1,0.1,1.0
0.14477,0.015,sumrhe,2,-1,0.1,1.0
-0.00132,0.00098,sumrhe,3,-1,0.1,1.0
0.19697,0.02007,sumrhe,4,-1,0.1,1.0
0.00184,0.00116,sumrhe,5,-1,0.1,1.0
0.01146,0.00196,sumrhe,6,-1,0.1,1.0
0.03751,0.00441,sumrhe,7,-1,0.1,1.0
0.00539,0.00122,sumrhe,8,-1,0.1,1.0
0.14332,0.01481,sumrhe,9,-1,0.1,1.0
0.01139,0.00175,sumrhe,10,-1,0.1,1.0
0.26742,0.02708,sumrhe,11,-1,0.1,1.0
0.04782,0.00535,sumrhe,12,-1,0.1,1.0
-0.00496,0.00096,sumrhe,13,-1,0.1,1.0
0.07372,0.00799,sumrhe,14,-1,0.1,1.0
0.36917,0.03718,sumrhe,15,-1,0.1,1.0
0.04607,0.00521,sumrhe,16,-1,0.1,1.0
0.1709,0.01747,sumrhe,17,-1,0.1,1.0
0.02132,0.00282,sumrhe,18,-1,0.1,1.0
0.16248,0.01664,sumrhe,19,-1,0.1,1.0
-0.00591,0.00094,sumrhe,20,-1,0.1,1.0
0.20552,0.0209,sumrhe,21,-1,0.1,1.0
0.1142,0.01191,sumrhe,22,-1,0.1,1.0
0.01293,0.00176,sumrhe,23,-1,0.1,1.0
0.18028,0.01843,sumrhe,24,-1,0.1,1.0
0.02342,0.00292,sumrhe,25,-1,0.1,1.0
0.28722,0.02905,sumrhe,26,-1,0.1,1.0
0.07294,0.00775,sumrhe,27,-1,0.1,1.0
-0.00584,0.00088,sumrhe,28,-1,0.1,1.0
0.07327,0.00778,sumrhe,29,-1,0.1,1.0
0.07913,0.00837,sumrhe,30,-1,0.1,1.0
-0.00172,0.00109,sumrhe,31,-1,0.1,1.0
0.00542,0.00141,sumrhe,32,-1,0.1,1.0
0.05606,0.00621,sumrhe,33,-1,0.1,1.0
-0.00029,0.001,sumrhe,34,-1,0.1,1.0
0.10307,0.01094,sumrhe,35,-1,0.1,1.0
0.03584,0.00419,sumrhe,36,-1,0.1,1.0
0.18275,0.01876,sumrhe,37,-1,0.1,1.0
-0.00525,0.0009,sumrhe,38,-1,0.1,1.0
0.02686,0.00327,sumrhe,39,-1,0.1,1.0
0.02064,0.00275,sumrhe,40,-1,0.1,1.0
0.01272,0.00192,sumrhe,41,-1,0.1,1.0
0.03236,0.00387,sumrhe,42,-1,0.1,1.0
0.44831,0.04506,sumrhe,43,-1,0.1,1.0
0.35865,0.03633,sumrhe,44,-1,0.1,1.0
0.08406,0.00885,sumrhe,45,-1,0.1,1.0
0.07474,0.00797,sumrhe,46,-1,0.1,1.0
0.09071,0.00964,sumrhe,47,-1,0.1,1.0
0.08154,0.00866,sumrhe,48,-1,0.1,1.0
-0.00218,0.00086,sumrhe,49,-1,0.1,1.0
0.02329,0.00295,sumrhe,50,-1,0.1,1.0
-0.00541,0.001,sumrhe,51,-1,0.1,1.0
-0.00294,0.00076,sumrhe,52,-1,0.1,1.0
0.19439,0.01988,sumrhe,53,-1,0.1,1.0
0.22315,0.02266,sumrhe,54,-1,0.1,1.0
0.07963,0.00855,sumrhe,55,-1,0.1,1.0
0.00718,0.00153,sumrhe,56,-1,0.1,1.0
-0.00412,0.00082,sumrhe,57,-1,0.1,1.0
0.18825,0.01925,sumrhe,58,-1,0.1,1.0
0.03264,0.00391,sumrhe,59,-1,0.1,1.0
0.04323,0.00484,sumrhe,60,-1,0.1,1.0
0.59407,0.05949,sumrhe,61,-1,0.1,1.0
0.23311,0.02389,sumrhe,62,-1,0.1,1.0
0.10432,0.01086,sumrhe,63,-1,0.1,1.0
0.03008,0.0037,sumrhe,64,-1,0.1,1.0
0.18701,0.01904,sumrhe,65,-1,0.1,1.0
0.16023,0.01643,sumrhe,66,-1,0.1,1.0
0.01223,0.00183,sumrhe,67,-1,0.1,1.0
0.00924,0.00174,sumrhe,68,-1,0.1,1.0
-0.00429,0.00088,sumrhe,69,-1,0.1,1.0
0.05316,0.00575,sumrhe,70,-1,0.1,1.0
0.02806,0.00346,sumrhe,71,-1,0.1,1.0
0.02899,0.00353,sumrhe,72,-1,0.1,1.0
0.17437,0.01779,sumrhe,73,-1,0.1,1.0
0.05527,0.006,sumrhe,74,-1,0.1,1.0
0.18047,0.01851,sumrhe,75,-1,0.1,1.0
0.02632,0.00325,sumrhe,76,-1,0.1,1.0
-3e-05,0.00118,sumrhe,77,-1,0.1,1.0
0.22756,0.02316,sumrhe,78,-1,0.1,1.0
0.26369,0.02697,sumrhe,79,-1,0.1,1.0
-0.00409,0.00087,sumrhe,80,-1,0.1,1.0
0.04257,0.00476,sumrhe,81,-1,0.1,1.0
-0.00429,0.00096,sumrhe,82,-1,0.1,1.0
0.20318,0.02073,sumrhe,83,-1,0.1,1.0
0.07181,0.00761,sumrhe,84,-1,0.1,1.0
0.13451,0.01389,sumrhe,85,-1,0.1,1.0
0.01401,0.00207,sumrhe,86,-1,0.1,1.0
0.019,0.00272,sumrhe,87,-1,0.1,1.0
0.00032,0.00113,sumrhe,88,-1,0.1,1.0
0.89139,0.08929,sumrhe,89,-1,0.1,1.0
0.05067,0.00568,sumrhe,90,-1,0.1,1.0
0.20723,0.02127,sumrhe,91,-1,0.1,1.0
0.05226,0.00571,sumrhe,92,-1,0.1,1.0
0.00664,0.00154,sumrhe,93,-1,0.1,1.0
0.00782,0.00136,sumrhe,94,-1,0.1,1.0
0.04987,0.00554,sumrhe,95,-1,0.1,1.0
0.13492,0.01391,sumrhe,96,-1,0.1,1.0
0.06426,0.00684,sumrhe,97,-1,0.1,1.0
0.00193,0.00112,sumrhe,98,-1,0.1,1.0
0.43017,0.04329,sumrhe,99,-1,0.1,1.0
0.01375,0.00193,sumrhe,0,-1,0.1,0.1
0.11342,0.01175,sumrhe,1,-1,0.1,0.1
0.1129,0.01165,sumrhe,2,-1,0.1,0.1
0.19344,0.01978,sumrhe,3,-1,0.1,0.1
0.00275,0.00121,sumrhe,4,-1,0.1,0.1
0.05098,0.00568,sumrhe,5,-1,0.1,0.1
0.05562,0.00598,sumrhe,6,-1,0.1,0.1
0.03038,0.00355,sumrhe,7,-1,0.1,0.1
0.01645,0.00233,sumrhe,8,-1,0.1,0.1
0.10273,0.01071,sumrhe,9,-1,0.1,0.1
0.10076,0.01067,sumrhe,10,-1,0.1,0.1
0.21859,0.02233,sumrhe,11,-1,0.1,0.1
0.07609,0.00812,sumrhe,12,-1,0.1,0.1
-0.0017,0.00094,sumrhe,13,-1,0.1,0.1
0.03818,0.00428,sumrhe,14,-1,0.1,0.1
0.41417,0.04168,sumrhe,15,-1,0.1,0.1
0.09204,0.00984,sumrhe,16,-1,0.1,0.1
0.04891,0.00536,sumrhe,17,-1,0.1,0.1
0.20497,0.02086,sumrhe,18,-1,0.1,0.1
-0.00468,0.00085,sumrhe,19,-1,0.1,0.1
0.0317,0.00372,sumrhe,20,-1,0.1,0.1
0.13968,0.01437,sumrhe,21,-1,0.1,0.1
0.0242,0.00312,sumrhe,22,-1,0.1,0.1
0.0015,0.00109,sumrhe,23,-1,0.1,0.1
0.08829,0.00936,sumrhe,24,-1,0.1,0.1
-0.00326,0.00089,sumrhe,25,-1,0.1,0.1
0.01464,0.00224,sumrhe,26,-1,0.1,0.1
-0.0019,0.00083,sumrhe,27,-1,0.1,0.1
0.46753,0.04694,sumrhe,28,-1,0.1,0.1
-0.00564,0.00091,sumrhe,29,-1,0.1,0.1
0.02035,0.00271,sumrhe,30,-1,0.1,0.1
0.14575,0.01487,sumrhe,31,-1,0.1,0.1
0.04946,0.00551,sumrhe,32,-1,0.1,0.1
0.02038,0.00252,sumrhe,33,-1,0.1,0.1
-0.00476,0.00084,sumrhe,34,-1,0.1,0.1
0.05173,0.00582,sumrhe,35,-1,0.1,0.1
0.06089,0.00648,sumrhe,36,-1,0.1,0.1
0.08895,0.00945,sumrhe,37,-1,0.1,0.1
0.14488,0.01512,sumrhe,38,-1,0.1,0.1
0.38378,0.03881,sumrhe,39,-1,0.1,0.1
0.87626,0.08765,sumrhe,40,-1,0.1,0.1
0.03761,0.00435,sumrhe,41,-1,0.1,0.1
0.23058,0.02344,sumrhe,42,-1,0.1,0.1
0.00028,0.00107,sumrhe,43,-1,0.1,0.1
0.14429,0.01483,sumrhe,44,-1,0.1,0.1
0.16001,0.01644,sumrhe,45,-1,0.1,0.1
0.17295,0.01767,sumrhe,46,-1,0.1,0.1
0.24374,0.02475,sumrhe,47,-1,0.1,0.1
0.13143,0.01352,sumrhe,48,-1,0.1,0.1
0.00134,0.00099,sumrhe,49,-1,0.1,0.1
1.10323,0.11015,sumrhe,50,-1,0.1,0.1
0.1513,0.01563,sumrhe,51,-1,0.1,0.1
0.00051,0.00099,sumrhe,52,-1,0.1,0.1
0.59568,0.0597,sumrhe,53,-1,0.1,0.1
0.08738,0.00921,sumrhe,54,-1,0.1,0.1
0.00285,0.00116,sumrhe,55,-1,0.1,0.1
0.23529,0.02387,sumrhe,56,-1,0.1,0.1
0.05099,0.00594,sumrhe,57,-1,0.1,0.1
0.0235,0.00296,sumrhe,58,-1,0.1,0.1
0.02031,0.0027,sumrhe,59,-1,0.1,0.1
0.03081,0.00364,sumrhe,60,-1,0.1,0.1
-0.00325,0.00094,sumrhe,61,-1,0.1,0.1
0.11694,0.01229,sumrhe,62,-1,0.1,0.1
0.06522,0.00706,sumrhe,63,-1,0.1,0.1
0.01073,0.00185,sumrhe,64,-1,0.1,0.1
0.06836,0.00734,sumrhe,65,-1,0.1,0.1
0.40983,0.04117,sumrhe,66,-1,0.1,0.1
0.0842,0.00905,sumrhe,67,-1,0.1,0.1
0.02705,0.00331,sumrhe,68,-1,0.1,0.1
0.20844,0.02129,sumrhe,69,-1,0.1,0.1
0.04715,0.00522,sumrhe,70,-1,0.1,0.1
0.08366,0.00893,sumrhe,71,-1,0.1,0.1
0.09785,0.01017,sumrhe,72,-1,0.1,0.1
0.00623,0.00131,sumrhe,73,-1,0.1,0.1
0.0526,0.00577,sumrhe,74,-1,0.1,0.1
0.04312,0.00496,sumrhe,75,-1,0.1,0.1
0.08892,0.00933,sumrhe,76,-1,0.1,0.1
0.24617,0.02485,sumrhe,77,-1,0.1,0.1
0.04507,0.00491,sumrhe,78,-1,0.1,0.1
0.09611,0.00997,sumrhe,79,-1,0.1,0.1
0.03078,0.00373,sumrhe,80,-1,0.1,0.1
0.00612,0.00128,sumrhe,81,-1,0.1,0.1
0.00903,0.0015,sumrhe,82,-1,0.1,0.1
-0.00567,0.00087,sumrhe,83,-1,0.1,0.1
-0.00264,0.00083,sumrhe,84,-1,0.1,0.1
-0.00218,0.00092,sumrhe,85,-1,0.1,0.1
0.25984,0.02632,sumrhe,86,-1,0.1,0.1
-0.00464,0.00087,sumrhe,87,-1,0.1,0.1
0.13771,0.01416,sumrhe,88,-1,0.1,0.1
0.00571,0.00148,sumrhe,89,-1,0.1,0.1
0.16765,0.01716,sumrhe,90,-1,0.1,0.1
0.19884,0.02029,sumrhe,91,-1,0.1,0.1
-0.00409,0.00093,sumrhe,92,-1,0.1,0.1
0.0892,0.00949,sumrhe,93,-1,0.1,0.1
0.06361,0.00703,sumrhe,94,-1,0.1,0.1
0.32918,0.03321,sumrhe,95,-1,0.1,0.1
-0.00541,0.00096,sumrhe,96,-1,0.1,0.1
0.1985,0.02024,sumrhe,97,-1,0.1,0.1
-0.00644,0.00105,sumrhe,98,-1,0.1,0.1
-0.00391,0.0008,sumrhe,99,-1,0.1,0.1
-0.00425,0.00086,sumrhe,0,-1,0.1,0.01
0.15325,0.01605,sumrhe,1,-1,0.1,0.01
0.04436,0.00495,sumrhe,2,-1,0.1,0.01
0.12,0.01237,sumrhe,3,-1,0.1,0.01
0.02955,0.0036,sumrhe,4,-1,0.1,0.01
0.00276,0.00107,sumrhe,5,-1,0.1,0.01
0.02138,0.00272,sumrhe,6,-1,0.1,0.01
-0.00462,0.00084,sumrhe,7,-1,0.1,0.01
-0.00261,0.00098,sumrhe,8,-1,0.1,0.01
0.00456,0.00128,sumrhe,9,-1,0.1,0.01
0.00044,0.0011,sumrhe,10,-1,0.1,0.01
0.24925,0.0253,sumrhe,11,-1,0.1,0.01
0.04804,0.00536,sumrhe,12,-1,0.1,0.01
0.00208,0.00098,sumrhe,13,-1,0.1,0.01
-0.00168,0.00098,sumrhe,14,-1,0.1,0.01
0.69123,0.06927,sumrhe,15,-1,0.1,0.01
0.07005,0.00742,sumrhe,16,-1,0.1,0.01
0.1086,0.01129,sumrhe,17,-1,0.1,0.01
-0.00491,0.00093,sumrhe,18,-1,0.1,0.01
0.11533,0.01209,sumrhe,19,-1,0.1,0.01
0.08437,0.00914,sumrhe,20,-1,0.1,0.01
0.04611,0.00515,sumrhe,21,-1,0.1,0.01
-0.0057,0.00093,sumrhe,22,-1,0.1,0.01
0.41867,0.04208,sumrhe,23,-1,0.1,0.01
0.00892,0.00164,sumrhe,24,-1,0.1,0.01
0.14071,0.01442,sumrhe,25,-1,0.1,0.01
0.26161,0.02655,sumrhe,26,-1,0.1,0.01
0.02417,0.00297,sumrhe,27,-1,0.1,0.01
0.11871,0.01229,sumrhe,28,-1,0.1,0.01
0.02744,0.00316,sumrhe,29,-1,0.1,0.01
0.00593,0.00153,sumrhe,30,-1,0.1,0.01
0.06414,0.0069,sumrhe,31,-1,0.1,0.01
0.01527,0.0022,sumrhe,32,-1,0.1,0.01
0.02991,0.00362,sumrhe,33,-1,0.1,0.01
1.24966,0.12488,sumrhe,34,-1,0.1,0.01
-0.00407,0.00088,sumrhe,35,-1,0.1,0.01
0.44984,0.04535,sumrhe,36,-1,0.1,0.01
0.00291,0.00106,sumrhe,37,-1,0.1,0.01
0.32679,0.0331,sumrhe,38,-1,0.1,0.01
0.04784,0.00516,sumrhe,39,-1,0.1,0.01
0.11993,0.01229,sumrhe,40,-1,0.1,0.01
0.31898,0.03216,sumrhe,41,-1,0.1,0.01
0.19262,0.0197,sumrhe,42,-1,0.1,0.01
0.00782,0.00153,sumrhe,43,-1,0.1,0.01
0.02458,0.00337,sumrhe,44,-1,0.1,0.01
0.12844,0.01321,sumrhe,45,-1,0.1,0.01
0.07935,0.00837,sumrhe,46,-1,0.1,0.01
0.33774,0.0342,sumrhe,47,-1,0.1,0.01
0.02281,0.00289,sumrhe,48,-1,0.1,0.01
0.34137,0.03446,sumrhe,49,-1,0.1,0.01
0.00593,0.00123,sumrhe,50,-1,0.1,0.01
0.07956,0.00842,sumrhe,51,-1,0.1,0.01
0.0868,0.00915,sumrhe,52,-1,0.1,0.01
-0.00036,0.00092,sumrhe,53,-1,0.1,0.01
0.11352,0.01181,sumrhe,54,-1,0.1,0.01
0.21691,0.02199,sumrhe,55,-1,0.1,0.01
-0.00362,0.00084,sumrhe,56,-1,0.1,0.01
0.22224,0.02269,sumrhe,57,-1,0.1,0.01
0.10351,0.01072,sumrhe,58,-1,0.1,0.01
0.01894,0.00245,sumrhe,59,-1,0.1,0.01
-0.00306,0.00088,sumrhe,60,-1,0.1,0.01
-0.00482,0.00085,sumrhe,61,-1,0.1,0.01
0.02057,0.0027,sumrhe,62,-1,0.1,0.01
0.00512,0.00144,sumrhe,63,-1,0.1,0.01
-0.00476,0.00084,sumrhe,64,-1,0.1,0.01
0.06407,0.00702,sumrhe,65,-1,0.1,0.01
0.04622,0.00506,sumrhe,66,-1,0.1,0.01
0.02917,0.00353,sumrhe,67,-1,0.1,0.01
-0.00228,0.00118,sumrhe,68,-1,0.1,0.01
0.06617,0.00703,sumrhe,69,-1,0.1,0.01
0.19409,0.01973,sumrhe,70,-1,0.1,0.01
0.39371,0.03966,sumrhe,71,-1,0.1,0.01
-0.00149,0.00079,sumrhe,72,-1,0.1,0.01
-0.00321,0.00105,sumrhe,73,-1,0.1,0.01
0.28229,0.02848,sumrhe,74,-1,0.1,0.01
0.29176,0.02943,sumrhe,75,-1,0.1,0.01
0.01637,0.00238,sumrhe,76,-1,0.1,0.01
0.00769,0.00177,sumrhe,77,-1,0.1,0.01
0.09508,0.00998,sumrhe,78,-1,0.1,0.01
0.09003,0.00935,sumrhe,79,-1,0.1,0.01
0.00601,0.00147,sumrhe,80,-1,0.1,0.01
-0.0047,0.00083,sumrhe,81,-1,0.1,0.01
-0.00378,0.0008,sumrhe,82,-1,0.1,0.01
0.01688,0.0023,sumrhe,83,-1,0.1,0.01
0.05314,0.00586,sumrhe,84,-1,0.1,0.01
0.08418,0.00889,sumrhe,85,-1,0.1,0.01
0.11493,0.01202,sumrhe,86,-1,0.1,0.01
0.01988,0.00259,sumrhe,87,-1,0.1,0.01
0.05097,0.00563,sumrhe,88,-1,0.1,0.01
0.06584,0.00722,sumrhe,89,-1,0.1,0.01
0.11467,0.01188,sumrhe,90,-1,0.1,0.01
0.01708,0.00234,sumrhe,91,-1,0.1,0.01
0.96337,0.09621,sumrhe,92,-1,0.1,0.01
0.18291,0.01867,sumrhe,93,-1,0.1,0.01
-0.00342,0.00118,sumrhe,94,-1,0.1,0.01
0.00242,0.00122,sumrhe,95,-1,0.1,0.01
0.13462,0.01379,sumrhe,96,-1,0.1,0.01
0.08304,0.00886,sumrhe,97,-1,0.1,0.01
0.06213,0.00666,sumrhe,98,-1,0.1,0.01
-0.00172,0.00102,sumrhe,99,-1,0.1,0.01
0.08947,0.00941,sumrhe,0,-1,0.25,1.0
0.01322,0.00211,sumrhe,1,-1,0.25,1.0
0.62426,0.06272,sumrhe,2,-1,0.25,1.0
0.01132,0.00203,sumrhe,3,-1,0.25,1.0
0.00342,0.00139,sumrhe,4,-1,0.25,1.0
0.02574,0.00314,sumrhe,5,-1,0.25,1.0
-0.00214,0.00113,sumrhe,6,-1,0.25,1.0
0.52984,0.05311,sumrhe,7,-1,0.25,1.0
0.15052,0.01559,sumrhe,8,-1,0.25,1.0
0.1982,0.02018,sumrhe,9,-1,0.25,1.0
0.20472,0.02102,sumrhe,10,-1,0.25,1.0
0.39044,0.03923,sumrhe,11,-1,0.25,1.0
-0.00246,0.00097,sumrhe,12,-1,0.25,1.0
0.13145,0.01378,sumrhe,13,-1,0.25,1.0
0.07802,0.00831,sumrhe,14,-1,0.25,1.0
-0.00139,0.00104,sumrhe,15,-1,0.25,1.0
0.04948,0.00552,sumrhe,16,-1,0.25,1.0
0.00269,0.001,sumrhe,17,-1,0.25,1.0
0.01647,0.00243,sumrhe,18,-1,0.25,1.0
0.3756,0.03791,sumrhe,19,-1,0.25,1.0
0.58612,0.05885,sumrhe,20,-1,0.25,1.0
0.86384,0.08643,sumrhe,21,-1,0.25,1.0
0.47624,0.04809,sumrhe,22,-1,0.25,1.0
0.02877,0.00367,sumrhe,23,-1,0.25,1.0
-0.00157,0.00078,sumrhe,24,-1,0.25,1.0
-0.0045,0.00088,sumrhe,25,-1,0.25,1.0
1.20985,0.12116,sumrhe,26,-1,0.25,1.0
0.03734,0.00437,sumrhe,27,-1,0.25,1.0
0.28313,0.02878,sumrhe,28,-1,0.25,1.0
0.16976,0.01738,sumrhe,29,-1,0.25,1.0
-0.00378,0.00082,sumrhe,30,-1,0.25,1.0
0.00168,0.00127,sumrhe,31,-1,0.25,1.0
0.04892,0.00555,sumrhe,32,-1,0.25,1.0
0.0003,0.00099,sumrhe,33,-1,0.25,1.0
0.06004,0.00665,sumrhe,34,-1,0.25,1.0
0.23353,0.02373,sumrhe,35,-1,0.25,1.0
-0.00204,0.00098,sumrhe,36,-1,0.25,1.0
0.06305,0.00693,sumrhe,37,-1,0.25,1.0
0.72784,0.07296,sumrhe,38,-1,0.25,1.0
0.59534,0.05965,sumrhe,39,-1,0.25,1.0
0.00768,0.00148,sumrhe,40,-1,0.25,1.0
0.08788,0.00931,sumrhe,41,-1,0.25,1.0
0.05434,0.00598,sumrhe,42,-1,0.25,1.0
0.04415,0.00502,sumrhe,43,-1,0.25,1.0
0.03566,0.00438,sumrhe,44,-1,0.25,1.0
-0.00408,0.0009,sumrhe,45,-1,0.25,1.0
0.1059,0.01117,sumrhe,46,-1,0.25,1.0
0.37567,0.0379,sumrhe,47,-1,0.25,1.0
0.40696,0.04105,sumrhe,48,-1,0.25,1.0
2.23941,0.22339,sumrhe,49,-1,0.25,1.0
0.74598,0.07478,sumrhe,50,-1,0.25,1.0
0.31656,0.03194,sumrhe,51,-1,0.25,1.0
0.17207,0.0178,sumrhe,52,-1,0.25,1.0
0.26903,0.02744,sumrhe,53,-1,0.25,1.0
0.0767,0.00848,sumrhe,54,-1,0.25,1.0
0.21895,0.02243,sumrhe,55,-1,0.25,1.0
0.01312,0.00209,sumrhe,56,-1,0.25,1.0
0.27327,0.02789,sumrhe,57,-1,0.25,1.0
0.00524,0.00135,sumrhe,58,-1,0.25,1.0
0.42099,0.04254,sumrhe,59,-1,0.25,1.0
0.10858,0.01154,sumrhe,60,-1,0.25,1.0
-0.00136,0.00093,sumrhe,61,-1,0.25,1.0
0.00097,0.00098,sumrhe,62,-1,0.25,1.0
0.00482,0.00124,sumrhe,63,-1,0.25,1.0
1.00708,0.1008,sumrhe,64,-1,0.25,1.0
0.0629,0.00683,sumrhe,65,-1,0.25,1.0
-0.00162,0.00085,sumrhe,66,-1,0.25,1.0
0.50786,0.05111,sumrhe,67,-1,0.25,1.0
0.13071,0.01368,sumrhe,68,-1,0.25,1.0
0.36789,0.03704,sumrhe,69,-1,0.25,1.0
0.06708,0.00725,sumrhe,70,-1,0.25,1.0
0.15413,0.01578,sumrhe,71,-1,0.25,1.0
0.00507,0.00119,sumrhe,72,-1,0.25,1.0
1.51023,0.15089,sumrhe,73,-1,0.25,1.0
0.41528,0.04183,sumrhe,74,-1,0.25,1.0
0.2831,0.02877,sumrhe,75,-1,0.25,1.0
0.02617,0.00339,sumrhe,76,-1,0.25,1.0
0.16822,0.01734,sumrhe,77,-1,0.25,1.0
0.06372,0.00688,sumrhe,78,-1,0.25,1.0
1.23833,0.12378,sumrhe,79,-1,0.25,1.0
0.03313,0.00398,sumrhe,80,-1,0.25,1.0
0.07273,0.0078,sumrhe,81,-1,0.25,1.0
0.04589,0.00525,sumrhe,82,-1,0.25,1.0
0.01799,0.00265,sumrhe,83,-1,0.25,1.0
0.00024,0.00106,sumrhe,84,-1,0.25,1.0
0.06405,0.0071,sumrhe,85,-1,0.25,1.0
0.87885,0.08789,sumrhe,86,-1,0.25,1.0
0.06885,0.00733,sumrhe,87,-1,0.25,1.0
-0.00358,0.00073,sumrhe,88,-1,0.25,1.0
0.09649,0.01013,sumrhe,89,-1,0.25,1.0
0.65748,0.06615,sumrhe,90,-1,0.25,1.0
0.75581,0.07585,sumrhe,91,-1,0.25,1.0
0.03204,0.00379,sumrhe,92,-1,0.25,1.0
0.01098,0.0019,sumrhe,93,-1,0.25,1.0
0.02889,0.00345,sumrhe,94,-1,0.25,1.0
0.00528,0.00133,sumrhe,95,-1,0.25,1.0
0.09794,0.01034,sumrhe,96,-1,0.25,1.0
0.05399,0.00594,sumrhe,97,-1,0.25,1.0
0.50753,0.05102,sumrhe,98,-1,0.25,1.0
0.05975,0.00655,sumrhe,99,-1,0.25,1.0
0.04268,0.00485,sumrhe,0,-1,0.25,0.1
0.32978,0.03339,sumrhe,1,-1,0.25,0.1
0.40477,0.04065,sumrhe,2,-1,0.25,0.1
0.27135,0.02757,sumrhe,3,-1,0.25,0.1
0.66769,0.06687,sumrhe,4,-1,0.25,0.1
0.29579,0.03,sumrhe,5,-1,0.25,0.1
-0.00129,0.00094,sumrhe,6,-1,0.25,0.1
0.36564,0.03696,sumrhe,7,-1,0.25,0.1
0.0027,0.00094,sumrhe,8,-1,0.25,0.1
0.18764,0.01918,sumrhe,9,-1,0.25,0.1
0.06218,0.00692,sumrhe,10,-1,0.25,0.1
0.02524,0.0032,sumrhe,11,-1,0.25,0.1
0.60195,0.06039,sumrhe,12,-1,0.25,0.1
0.17759,0.01818,sumrhe,13,-1,0.25,0.1
0.17243,0.01767,sumrhe,14,-1,0.25,0.1
0.31861,0.03231,sumrhe,15,-1,0.25,0.1
0.89271,0.08939,sumrhe,16,-1,0.25,0.1
1.00468,0.10056,sumrhe,17,-1,0.25,0.1
0.3552,0.03588,sumrhe,18,-1,0.25,0.1
0.04537,0.00503,sumrhe,19,-1,0.25,0.1
0.03518,0.00427,sumrhe,20,-1,0.25,0.1
0.01392,0.00202,sumrhe,21,-1,0.25,0.1
0.4216,0.04236,sumrhe,22,-1,0.25,0.1
0.11427,0.01191,sumrhe,23,-1,0.25,0.1
0.13237,0.01359,sumrhe,24,-1,0.25,0.1
0.3532,0.0358,sumrhe,25,-1,0.25,0.1
0.1272,0.01326,sumrhe,26,-1,0.25,0.1
0.61465,0.06188,sumrhe,27,-1,0.25,0.1
0.07597,0.00835,sumrhe,28,-1,0.25,0.1
0.47386,0.04772,sumrhe,29,-1,0.25,0.1
1.54423,0.15438,sumrhe,30,-1,0.25,0.1
0.80563,0.08088,sumrhe,31,-1,0.25,0.1
0.23271,0.02364,sumrhe,32,-1,0.25,0.1
0.25752,0.02613,sumrhe,33,-1,0.25,0.1
0.36038,0.03645,sumrhe,34,-1,0.25,0.1
0.3508,0.03549,sumrhe,35,-1,0.25,0.1
0.01297,0.00196,sumrhe,36,-1,0.25,0.1
0.46057,0.04649,sumrhe,37,-1,0.25,0.1
0.02616,0.00325,sumrhe,38,-1,0.25,0.1
0.08634,0.00913,sumrhe,39,-1,0.25,0.1
1.04031,0.10426,sumrhe,40,-1,0.25,0.1
-0.00203,0.00093,sumrhe,41,-1,0.25,0.1
0.78338,0.0784,sumrhe,42,-1,0.25,0.1
-0.00304,0.0009,sumrhe,43,-1,0.25,0.1
0.48309,0.04863,sumrhe,44,-1,0.25,0.1
0.2541,0.02572,sumrhe,45,-1,0.25,0.1
0.051,0.00573,sumrhe,46,-1,0.25,0.1
0.26742,0.02713,sumrhe,47,-1,0.25,0.1
0.08459,0.00894,sumrhe,48,-1,0.25,0.1
-0.00404,0.00079,sumrhe,49,-1,0.25,0.1
1.05542,0.1055,sumrhe,50,-1,0.25,0.1
0.54128,0.05453,sumrhe,51,-1,0.25,0.1
0.33729,0.03414,sumrhe,52,-1,0.25,0.1
0.46306,0.04667,sumrhe,53,-1,0.25,0.1
0.46427,0.04678,sumrhe,54,-1,0.25,0.1
2.03085,0.20264,sumrhe,55,-1,0.25,0.1
0.2244,0.02287,sumrhe,56,-1,0.25,0.1
1.22888,0.1229,sumrhe,57,-1,0.25,0.1
0.82251,0.08227,sumrhe,58,-1,0.25,0.1
-0.00355,0.00086,sumrhe,59,-1,0.25,0.1
0.05854,0.00638,sumrhe,60,-1,0.25,0.1
0.05063,0.0057,sumrhe,61,-1,0.25,0.1
0.04841,0.00542,sumrhe,62,-1,0.25,0.1
0.01521,0.00232,sumrhe,63,-1,0.25,0.1
0.86954,0.08719,sumrhe,64,-1,0.25,0.1
0.01747,0.00256,sumrhe,65,-1,0.25,0.1
0.00018,0.00107,sumrhe,66,-1,0.25,0.1
0.1104,0.01159,sumrhe,67,-1,0.25,0.1
0.02668,0.00324,sumrhe,68,-1,0.25,0.1
0.29253,0.02969,sumrhe,69,-1,0.25,0.1
0.31685,0.03207,sumrhe,70,-1,0.25,0.1
0.22997,0.02359,sumrhe,71,-1,0.25,0.1
0.0163,0.00239,sumrhe,72,-1,0.25,0.1
0.07068,0.0074,sumrhe,73,-1,0.25,0.1
0.01678,0.00227,sumrhe,74,-1,0.25,0.1
0.59338,0.05951,sumrhe,75,-1,0.25,0.1
0.3639,0.03674,sumrhe,76,-1,0.25,0.1
0.26452,0.02691,sumrhe,77,-1,0.25,0.1
0.14078,0.01466,sumrhe,78,-1,0.25,0.1
0.00445,0.00132,sumrhe,79,-1,0.25,0.1
0.1999,0.02049,sumrhe,80,-1,0.25,0.1
-0.00405,0.00084,sumrhe,81,-1,0.25,0.1
0.05552,0.00602,sumrhe,82,-1,0.25,0.1
-0.00225,0.00085,sumrhe,83,-1,0.25,0.1
0.00068,0.00091,sumrhe,84,-1,0.25,0.1
0.21027,0.0214,sumrhe,85,-1,0.25,0.1
0.01093,0.00181,sumrhe,86,-1,0.25,0.1
0.13107,0.01362,sumrhe,87,-1,0.25,0.1
0.05842,0.0066,sumrhe,88,-1,0.25,0.1
0.0636,0.00686,sumrhe,89,-1,0.25,0.1
0.0232,0.00314,sumrhe,90,-1,0.25,0.1
0.55242,0.05558,sumrhe,91,-1,0.25,0.1
0.13983,0.01437,sumrhe,92,-1,0.25,0.1
0.09837,0.01049,sumrhe,93,-1,0.25,0.1
0.68939,0.06899,sumrhe,94,-1,0.25,0.1
0.04965,0.00553,sumrhe,95,-1,0.25,0.1
0.03232,0.00382,sumrhe,96,-1,0.25,0.1
0.18464,0.01893,sumrhe,97,-1,0.25,0.1
0.01176,0.00196,sumrhe,98,-1,0.25,0.1
0.41255,0.04173,sumrhe,99,-1,0.25,0.1
1.07354,0.10716,sumrhe,0,-1,0.25,0.01
0.0245,0.00293,sumrhe,1,-1,0.25,0.01
0.17226,0.01762,sumrhe,2,-1,0.25,0.01
0.78759,0.07902,sumrhe,3,-1,0.25,0.01
0.16801,0.01741,sumrhe,4,-1,0.25,0.01
0.15046,0.01543,sumrhe,5,-1,0.25,0.01
0.05119,0.00556,sumrhe,6,-1,0.25,0.01
0.10272,0.01071,sumrhe,7,-1,0.25,0.01
0.35806,0.03632,sumrhe,8,-1,0.25,0.01
0.53499,0.05384,sumrhe,9,-1,0.25,0.01
0.71256,0.07139,sumrhe,10,-1,0.25,0.01
0.3991,0.04014,sumrhe,11,-1,0.25,0.01
0.04541,0.00515,sumrhe,12,-1,0.25,0.01
0.00171,0.00116,sumrhe,13,-1,0.25,0.01
0.21847,0.02219,sumrhe,14,-1,0.25,0.01
0.44366,0.04468,sumrhe,15,-1,0.25,0.01
0.22426,0.02281,sumrhe,16,-1,0.25,0.01
0.0053,0.00126,sumrhe,17,-1,0.25,0.01
0.0629,0.007,sumrhe,18,-1,0.25,0.01
0.02531,0.00334,sumrhe,19,-1,0.25,0.01
-0.00089,0.00092,sumrhe,20,-1,0.25,0.01
-0.00166,0.00101,sumrhe,21,-1,0.25,0.01
0.00197,0.00107,sumrhe,22,-1,0.25,0.01
0.00219,0.00103,sumrhe,23,-1,0.25,0.01
0.07304,0.00807,sumrhe,24,-1,0.25,0.01
0.31662,0.03207,sumrhe,25,-1,0.25,0.01
0.6853,0.0687,sumrhe,26,-1,0.25,0.01
0.02636,0.00324,sumrhe,27,-1,0.25,0.01
0.61124,0.06135,sumrhe,28,-1,0.25,0.01
-0.0031,0.00086,sumrhe,29,-1,0.25,0.01
0.0192,0.00256,sumrhe,30,-1,0.25,0.01
-0.00442,0.00095,sumrhe,31,-1,0.25,0.01
-0.00084,0.00102,sumrhe,32,-1,0.25,0.01
0.2793,0.02864,sumrhe,33,-1,0.25,0.01
-0.0027,0.00093,sumrhe,34,-1,0.25,0.01
0.00249,0.0012,sumrhe,35,-1,0.25,0.01
0.87384,0.08756,sumrhe,36,-1,0.25,0.01
0.00987,0.00187,sumrhe,37,-1,0.25,0.01
0.20037,0.02066,sumrhe,38,-1,0.25,0.01
0.40202,0.04049,sumrhe,39,-1,0.25,0.01
0.84991,0.08518,sumrhe,40,-1,0.25,0.01
0.08921,0.0095,sumrhe,41,-1,0.25,0.01
0.00064,0.00105,sumrhe,42,-1,0.25,0.01
1.23577,0.12335,sumrhe,43,-1,0.25,0.01
-0.00465,0.00091,sumrhe,44,-1,0.25,0.01
0.19797,0.02009,sumrhe,45,-1,0.25,0.01
0.02812,0.00337,sumrhe,46,-1,0.25,0.01
0.01371,0.00197,sumrhe,47,-1,0.25,0.01
0.25751,0.02633,sumrhe,48,-1,0.25,0.01
0.95741,0.09579,sumrhe,49,-1,0.25,0.01
0.03399,0.00389,sumrhe,50,-1,0.25,0.01
0.49638,0.04999,sumrhe,51,-1,0.25,0.01
1.41361,0.1412,sumrhe,52,-1,0.25,0.01
0.14221,0.01475,sumrhe,53,-1,0.25,0.01
0.28577,0.0289,sumrhe,54,-1,0.25,0.01
0.62137,0.0623,sumrhe,55,-1,0.25,0.01
0.17411,0.01801,sumrhe,56,-1,0.25,0.01
0.7067,0.07076,sumrhe,57,-1,0.25,0.01
0.40957,0.04132,sumrhe,58,-1,0.25,0.01
0.05244,0.00584,sumrhe,59,-1,0.25,0.01
0.08563,0.00912,sumrhe,60,-1,0.25,0.01
0.14571,0.01517,sumrhe,61,-1,0.25,0.01
0.0114,0.00195,sumrhe,62,-1,0.25,0.01
2.52637,0.25181,sumrhe,63,-1,0.25,0.01
-0.00263,0.00098,sumrhe,64,-1,0.25,0.01
0.15401,0.01576,sumrhe,65,-1,0.25,0.01
0.049,0.00549,sumrhe,66,-1,0.25,0.01
-0.00084,0.00107,sumrhe,67,-1,0.25,0.01
0.1985,0.0202,sumrhe,68,-1,0.25,0.01
-0.00398,0.00082,sumrhe,69,-1,0.25,0.01
0.08925,0.00956,sumrhe,70,-1,0.25,0.01
0.10017,0.01046,sumrhe,71,-1,0.25,0.01
0.28142,0.02872,sumrhe,72,-1,0.25,0.01
0.01218,0.00203,sumrhe,73,-1,0.25,0.01
-0.00265,0.00082,sumrhe,74,-1,0.25,0.01
0.01667,0.00221,sumrhe,75,-1,0.25,0.01
1.13006,0.11294,sumrhe,76,-1,0.25,0.01
0.34663,0.0352,sumrhe,77,-1,0.25,0.01
1.27443,0.12727,sumrhe,78,-1,0.25,0.01
0.68455,0.06858,sumrhe,79,-1,0.25,0.01
0.01431,0.00199,sumrhe,80,-1,0.25,0.01
1.03795,0.1037,sumrhe,81,-1,0.25,0.01
0.00462,0.00141,sumrhe,82,-1,0.25,0.01
0.22189,0.02256,sumrhe,83,-1,0.25,0.01
0.01799,0.00258,sumrhe,84,-1,0.25,0.01
0.331,0.03357,sumrhe,85,-1,0.25,0.01
0.11608,0.01198,sumrhe,86,-1,0.25,0.01
0.04359,0.00498,sumrhe,87,-1,0.25,0.01
0.1263,0.01324,sumrhe,88,-1,0.25,0.01
0.87582,0.08772,sumrhe,89,-1,0.25,0.01
0.28134,0.02867,sumrhe,90,-1,0.25,0.01
0.06747,0.00745,sumrhe,91,-1,0.25,0.01
1.66982,0.16674,sumrhe,92,-1,0.25,0.01
0.29231,0.0297,sumrhe,93,-1,0.25,0.01
0.44667,0.04496,sumrhe,94,-1,0.25,0.01
0.00356,0.00116,sumrhe,95,-1,0.25,0.01
0.00372,0.00124,sumrhe,96,-1,0.25,0.01
0.69788,0.07001,sumrhe,97,-1,0.25,0.01
0.01642,0.00241,sumrhe,98,-1,0.25,0.01
0.71017,0.07154,sumrhe,99,-1,0.25,0.01
0.00543,0.00131,sumrhe,0,-1,0.4,1.0
0.01046,0.00207,sumrhe,1,-1,0.4,1.0
0.01002,0.00176,sumrhe,2,-1,0.4,1.0
0.00241,0.00107,sumrhe,3,-1,0.4,1.0
0.00191,0.00116,sumrhe,4,-1,0.4,1.0
0.75192,0.07553,sumrhe,5,-1,0.4,1.0
1.16058,0.11624,sumrhe,6,-1,0.4,1.0
0.04292,0.00498,sumrhe,7,-1,0.4,1.0
-0.0023,0.00085,sumrhe,8,-1,0.4,1.0
0.23301,0.02376,sumrhe,9,-1,0.4,1.0
1.10506,0.11045,sumrhe,10,-1,0.4,1.0
0.00194,0.00115,sumrhe,11,-1,0.4,1.0
1.66768,0.16668,sumrhe,12,-1,0.4,1.0
0.44211,0.04458,sumrhe,13,-1,0.4,1.0
0.00141,0.00107,sumrhe,14,-1,0.4,1.0
0.11581,0.01218,sumrhe,15,-1,0.4,1.0
0.05784,0.00638,sumrhe,16,-1,0.4,1.0
0.30223,0.03071,sumrhe,17,-1,0.4,1.0
0.04003,0.00464,sumrhe,18,-1,0.4,1.0
0.21259,0.02187,sumrhe,19,-1,0.4,1.0
0.32417,0.03287,sumrhe,20,-1,0.4,1.0
-0.00324,0.00081,sumrhe,21,-1,0.4,1.0
0.62343,0.0628,sumrhe,22,-1,0.4,1.0
0.19166,0.01943,sumrhe,23,-1,0.4,1.0
0.0832,0.00903,sumrhe,24,-1,0.4,1.0
0.77783,0.07794,sumrhe,25,-1,0.4,1.0
-1e-05,0.00107,sumrhe,26,-1,0.4,1.0
1.90844,0.19056,sumrhe,27,-1,0.4,1.0
0.50736,0.05092,sumrhe,28,-1,0.4,1.0
0.96298,0.09632,sumrhe,29,-1,0.4,1.0
0.69533,0.07002,sumrhe,30,-1,0.4,1.0
0.74218,0.07463,sumrhe,31,-1,0.4,1.0
0.05025,0.00549,sumrhe,32,-1,0.4,1.0
0.43489,0.04378,sumrhe,33,-1,0.4,1.0
0.05777,0.00637,sumrhe,34,-1,0.4,1.0
0.16966,0.01756,sumrhe,35,-1,0.4,1.0
0.00485,0.00137,sumrhe,36,-1,0.4,1.0
-0.00063,0.00134,sumrhe,37,-1,0.4,1.0
0.02159,0.00277,sumrhe,38,-1,0.4,1.0
0.10039,0.01068,sumrhe,39,-1,0.4,1.0
0.81347,0.08149,sumrhe,40,-1,0.4,1.0
0.15995,0.01639,sumrhe,41,-1,0.4,1.0
0.20015,0.02077,sumrhe,42,-1,0.4,1.0
0.05402,0.00597,sumrhe,43,-1,0.4,1.0
0.02952,0.00366,sumrhe,44,-1,0.4,1.0
0.06816,0.00739,sumrhe,45,-1,0.4,1.0
0.39609,0.03998,sumrhe,46,-1,0.4,1.0
1.45649,0.14549,sumrhe,47,-1,0.4,1.0
0.8506,0.08519,sumrhe,48,-1,0.4,1.0
2.24217,0.22357,sumrhe,49,-1,0.4,1.0
0.13633,0.01435,sumrhe,50,-1,0.4,1.0
0.60033,0.06031,sumrhe,51,-1,0.4,1.0
0.17534,0.01815,sumrhe,52,-1,0.4,1.0
0.43057,0.04345,sumrhe,53,-1,0.4,1.0
0.3642,0.03696,sumrhe,54,-1,0.4,1.0
0.39906,0.04015,sumrhe,55,-1,0.4,1.0
0.28892,0.02951,sumrhe,56,-1,0.4,1.0
0.10116,0.01086,sumrhe,57,-1,0.4,1.0
0.2557,0.02606,sumrhe,58,-1,0.4,1.0
0.57228,0.05762,sumrhe,59,-1,0.4,1.0
-0.00326,0.00086,sumrhe,60,-1,0.4,1.0
0.48742,0.04907,sumrhe,61,-1,0.4,1.0
-0.00184,0.0008,sumrhe,62,-1,0.4,1.0
0.47317,0.0477,sumrhe,63,-1,0.4,1.0
-0.00141,0.00084,sumrhe,64,-1,0.4,1.0
0.42615,0.04315,sumrhe,65,-1,0.4,1.0
0.25464,0.02602,sumrhe,66,-1,0.4,1.0
0.02972,0.0037,sumrhe,67,-1,0.4,1.0
0.7913,0.07917,sumrhe,68,-1,0.4,1.0
0.61191,0.06142,sumrhe,69,-1,0.4,1.0
-0.00135,0.001,sumrhe,70,-1,0.4,1.0
0.02225,0.00285,sumrhe,71,-1,0.4,1.0
0.57102,0.05751,sumrhe,72,-1,0.4,1.0
1.10916,0.11095,sumrhe,73,-1,0.4,1.0
0.24694,0.02526,sumrhe,74,-1,0.4,1.0
0.88603,0.08878,sumrhe,75,-1,0.4,1.0
0.73916,0.0742,sumrhe,76,-1,0.4,1.0
0.43187,0.04402,sumrhe,77,-1,0.4,1.0
0.65931,0.06619,sumrhe,78,-1,0.4,1.0
0.15783,0.01616,sumrhe,79,-1,0.4,1.0
0.01255,0.00235,sumrhe,80,-1,0.4,1.0
1.06684,0.10673,sumrhe,81,-1,0.4,1.0
0.41764,0.04217,sumrhe,82,-1,0.4,1.0
-0.00028,0.0008,sumrhe,83,-1,0.4,1.0
0.34902,0.03539,sumrhe,84,-1,0.4,1.0
-0.00148,0.00079,sumrhe,85,-1,0.4,1.0
0.47132,0.04753,sumrhe,86,-1,0.4,1.0
0.11526,0.01234,sumrhe,87,-1,0.4,1.0
0.12309,0.01287,sumrhe,88,-1,0.4,1.0
0.01567,0.00237,sumrhe,89,-1,0.4,1.0
0.54558,0.05492,sumrhe,90,-1,0.4,1.0
0.00389,0.00125,sumrhe,91,-1,0.4,1.0
0.52656,0.05289,sumrhe,92,-1,0.4,1.0
0.87183,0.08743,sumrhe,93,-1,0.4,1.0
0.48861,0.04946,sumrhe,94,-1,0.4,1.0
0.03536,0.00436,sumrhe,95,-1,0.4,1.0
0.0013,0.00097,sumrhe,96,-1,0.4,1.0
0.15045,0.01545,sumrhe,97,-1,0.4,1.0
0.50404,0.05075,sumrhe,98,-1,0.4,1.0
0.41956,0.04219,sumrhe,99,-1,0.4,1.0
0.0253,0.00314,sumrhe,0,-1,0.4,0.1
0.38372,0.03868,sumrhe,1,-1,0.4,0.1
1.12514,0.11249,sumrhe,2,-1,0.4,0.1
0.12513,0.01306,sumrhe,3,-1,0.4,0.1
1.95702,0.19525,sumrhe,4,-1,0.4,0.1
1.01883,0.1019,sumrhe,5,-1,0.4,0.1
0.41864,0.04247,sumrhe,6,-1,0.4,0.1
2.35681,0.23495,sumrhe,7,-1,0.4,0.1
1.74739,0.1744,sumrhe,8,-1,0.4,0.1
0.243,0.02469,sumrhe,9,-1,0.4,0.1
-0.00231,0.00077,sumrhe,10,-1,0.4,0.1
0.13138,0.01351,sumrhe,11,-1,0.4,0.1
0.60191,0.06036,sumrhe,12,-1,0.4,0.1
0.39428,0.03982,sumrhe,13,-1,0.4,0.1
1.22525,0.12248,sumrhe,14,-1,0.4,0.1
0.02605,0.00324,sumrhe,15,-1,0.4,0.1
1.02308,0.10229,sumrhe,16,-1,0.4,0.1
0.13409,0.01392,sumrhe,17,-1,0.4,0.1
0.00361,0.00133,sumrhe,18,-1,0.4,0.1
1.35076,0.13502,sumrhe,19,-1,0.4,0.1
1.18556,0.11888,sumrhe,20,-1,0.4,0.1
0.11319,0.01177,sumrhe,21,-1,0.4,0.1
0.01787,0.00245,sumrhe,22,-1,0.4,0.1
0.00367,0.00114,sumrhe,23,-1,0.4,0.1
0.07732,0.00829,sumrhe,24,-1,0.4,0.1
0.08313,0.00893,sumrhe,25,-1,0.4,0.1
0.0156,0.00232,sumrhe,26,-1,0.4,0.1
0.60337,0.06067,sumrhe,27,-1,0.4,0.1
0.51041,0.05138,sumrhe,28,-1,0.4,0.1
0.12536,0.01311,sumrhe,29,-1,0.4,0.1
0.04871,0.00575,sumrhe,30,-1,0.4,0.1
0.02681,0.0035,sumrhe,31,-1,0.4,0.1
0.01407,0.0022,sumrhe,32,-1,0.4,0.1
0.08657,0.00928,sumrhe,33,-1,0.4,0.1
0.01438,0.00239,sumrhe,34,-1,0.4,0.1
0.26329,0.02691,sumrhe,35,-1,0.4,0.1
0.00069,0.00112,sumrhe,36,-1,0.4,0.1
1.19831,0.11974,sumrhe,37,-1,0.4,0.1
0.10803,0.01139,sumrhe,38,-1,0.4,0.1
0.51242,0.0516,sumrhe,39,-1,0.4,0.1
0.39201,0.03948,sumrhe,40,-1,0.4,0.1
-0.00347,0.00077,sumrhe,41,-1,0.4,0.1
0.01557,0.00224,sumrhe,42,-1,0.4,0.1
0.06921,0.0075,sumrhe,43,-1,0.4,0.1
-0.00324,0.00078,sumrhe,44,-1,0.4,0.1
0.21118,0.02161,sumrhe,45,-1,0.4,0.1
1.2138,0.12142,sumrhe,46,-1,0.4,0.1
0.35889,0.0363,sumrhe,47,-1,0.4,0.1
0.08893,0.0095,sumrhe,48,-1,0.4,0.1
0.52275,0.05267,sumrhe,49,-1,0.4,0.1
0.077,0.00853,sumrhe,50,-1,0.4,0.1
0.23028,0.02344,sumrhe,51,-1,0.4,0.1
0.00252,0.00142,sumrhe,52,-1,0.4,0.1
0.81338,0.08152,sumrhe,53,-1,0.4,0.1
0.31632,0.0321,sumrhe,54,-1,0.4,0.1
1.50109,0.14996,sumrhe,55,-1,0.4,0.1
0.65587,0.0659,sumrhe,56,-1,0.4,0.1
0.63744,0.06402,sumrhe,57,-1,0.4,0.1
0.00915,0.00184,sumrhe,58,-1,0.4,0.1
0.11284,0.01189,sumrhe,59,-1,0.4,0.1
0.04149,0.00488,sumrhe,60,-1,0.4,0.1
0.81522,0.08174,sumrhe,61,-1,0.4,0.1
0.06612,0.00704,sumrhe,62,-1,0.4,0.1
0.01309,0.00214,sumrhe,63,-1,0.4,0.1
0.68585,0.06892,sumrhe,64,-1,0.4,0.1
1.06696,0.10694,sumrhe,65,-1,0.4,0.1
0.06347,0.00696,sumrhe,66,-1,0.4,0.1
0.00137,0.00085,sumrhe,67,-1,0.4,0.1
0.97043,0.09704,sumrhe,68,-1,0.4,0.1
0.60681,0.06103,sumrhe,69,-1,0.4,0.1
0.03194,0.00407,sumrhe,70,-1,0.4,0.1
-0.00149,0.00089,sumrhe,71,-1,0.4,0.1
0.34801,0.03535,sumrhe,72,-1,0.4,0.1
0.00886,0.00174,sumrhe,73,-1,0.4,0.1
0.09781,0.01038,sumrhe,74,-1,0.4,0.1
0.94786,0.09498,sumrhe,75,-1,0.4,0.1
0.02661,0.00325,sumrhe,76,-1,0.4,0.1
0.23787,0.02411,sumrhe,77,-1,0.4,0.1
0.3209,0.03253,sumrhe,78,-1,0.4,0.1
0.21378,0.0218,sumrhe,79,-1,0.4,0.1
0.01485,0.00289,sumrhe,80,-1,0.4,0.1
0.2566,0.02617,sumrhe,81,-1,0.4,0.1
0.33737,0.03406,sumrhe,82,-1,0.4,0.1
-0.0001,0.00081,sumrhe,83,-1,0.4,0.1
0.05583,0.00606,sumrhe,84,-1,0.4,0.1
0.0589,0.00659,sumrhe,85,-1,0.4,0.1
0.2153,0.02213,sumrhe,86,-1,0.4,0.1
0.30707,0.03109,sumrhe,87,-1,0.4,0.1
0.10597,0.01115,sumrhe,88,-1,0.4,0.1
0.00976,0.0017,sumrhe,89,-1,0.4,0.1
-0.00095,0.00112,sumrhe,90,-1,0.4,0.1
0.35513,0.03587,sumrhe,91,-1,0.4,0.1
0.19089,0.01949,sumrhe,92,-1,0.4,0.1
0.70641,0.07116,sumrhe,93,-1,0.4,0.1
0.20072,0.0207,sumrhe,94,-1,0.4,0.1
1.71281,0.1709,sumrhe,95,-1,0.4,0.1
0.51511,0.05187,sumrhe,96,-1,0.4,0.1
0.8532,0.08557,sumrhe,97,-1,0.4,0.1
0.33242,0.03348,sumrhe,98,-1,0.4,0.1
0.00113,0.00097,sumrhe,99,-1,0.4,0.1
0.04458,0.00514,sumrhe,0,-1,0.4,0.01
0.68084,0.0685,sumrhe,1,-1,0.4,0.01
-0.00199,0.001,sumrhe,2,-1,0.4,0.01
0.60979,0.06146,sumrhe,3,-1,0.4,0.01
-0.00182,0.00104,sumrhe,4,-1,0.4,0.01
0.2236,0.02287,sumrhe,5,-1,0.4,0.01
0.00572,0.00141,sumrhe,6,-1,0.4,0.01
1.95762,0.19527,sumrhe,7,-1,0.4,0.01
0.10376,0.01105,sumrhe,8,-1,0.4,0.01
0.29593,0.02988,sumrhe,9,-1,0.4,0.01
0.48301,0.04899,sumrhe,10,-1,0.4,0.01
1.94526,0.1942,sumrhe,11,-1,0.4,0.01
0.34424,0.0349,sumrhe,12,-1,0.4,0.01
-0.00407,0.00078,sumrhe,13,-1,0.4,0.01
1.00592,0.10053,sumrhe,14,-1,0.4,0.01
0.00808,0.00169,sumrhe,15,-1,0.4,0.01
0.20181,0.02065,sumrhe,16,-1,0.4,0.01
0.45262,0.04563,sumrhe,17,-1,0.4,0.01
1.39667,0.13965,sumrhe,18,-1,0.4,0.01
2.06612,0.2061,sumrhe,19,-1,0.4,0.01
0.36243,0.03678,sumrhe,20,-1,0.4,0.01
1.93205,0.19275,sumrhe,21,-1,0.4,0.01
2.14719,0.21414,sumrhe,22,-1,0.4,0.01
0.38517,0.03889,sumrhe,23,-1,0.4,0.01
0.10577,0.01119,sumrhe,24,-1,0.4,0.01
2.47322,0.24662,sumrhe,25,-1,0.4,0.01
0.8017,0.08033,sumrhe,26,-1,0.4,0.01
0.32093,0.03239,sumrhe,27,-1,0.4,0.01
0.24276,0.02476,sumrhe,28,-1,0.4,0.01
0.50343,0.05072,sumrhe,29,-1,0.4,0.01
0.02369,0.0031,sumrhe,30,-1,0.4,0.01
1.13293,0.11328,sumrhe,31,-1,0.4,0.01
0.31888,0.03233,sumrhe,32,-1,0.4,0.01
0.00585,0.00158,sumrhe,33,-1,0.4,0.01
-0.00138,0.0009,sumrhe,34,-1,0.4,0.01
-0.00274,0.00078,sumrhe,35,-1,0.4,0.01
1.57685,0.1575,sumrhe,36,-1,0.4,0.01
0.27084,0.02756,sumrhe,37,-1,0.4,0.01
0.01368,0.00219,sumrhe,38,-1,0.4,0.01
0.50161,0.0504,sumrhe,39,-1,0.4,0.01
0.78742,0.07901,sumrhe,40,-1,0.4,0.01
0.24562,0.02511,sumrhe,41,-1,0.4,0.01
0.09842,0.01042,sumrhe,42,-1,0.4,0.01
0.72438,0.07274,sumrhe,43,-1,0.4,0.01
0.35113,0.03593,sumrhe,44,-1,0.4,0.01
0.08216,0.00874,sumrhe,45,-1,0.4,0.01
0.00262,0.0011,sumrhe,46,-1,0.4,0.01
3.01087,0.30013,sumrhe,47,-1,0.4,0.01
0.2193,0.02229,sumrhe,48,-1,0.4,0.01
0.33153,0.0335,sumrhe,49,-1,0.4,0.01
0.00529,0.00148,sumrhe,50,-1,0.4,0.01
0.39783,0.04032,sumrhe,51,-1,0.4,0.01
-0.00293,0.00087,sumrhe,52,-1,0.4,0.01
0.00738,0.00144,sumrhe,53,-1,0.4,0.01
0.30801,0.03129,sumrhe,54,-1,0.4,0.01
2.6251,0.26169,sumrhe,55,-1,0.4,0.01
0.43983,0.04435,sumrhe,56,-1,0.4,0.01
0.00786,0.00175,sumrhe,57,-1,0.4,0.01
0.09956,0.01056,sumrhe,58,-1,0.4,0.01
0.01195,0.00207,sumrhe,59,-1,0.4,0.01
0.09746,0.01055,sumrhe,60,-1,0.4,0.01
0.00491,0.00129,sumrhe,61,-1,0.4,0.01
2.2049,0.21996,sumrhe,62,-1,0.4,0.01
1.08194,0.10823,sumrhe,63,-1,0.4,0.01
0.10762,0.0115,sumrhe,64,-1,0.4,0.01
0.65509,0.06589,sumrhe,65,-1,0.4,0.01
0.31681,0.03221,sumrhe,66,-1,0.4,0.01
0.00744,0.00164,sumrhe,67,-1,0.4,0.01
0.15656,0.01643,sumrhe,68,-1,0.4,0.01
2.29279,0.22907,sumrhe,69,-1,0.4,0.01
1.19344,0.11953,sumrhe,70,-1,0.4,0.01
0.13591,0.01413,sumrhe,71,-1,0.4,0.01
0.38552,0.03898,sumrhe,72,-1,0.4,0.01
0.95891,0.09591,sumrhe,73,-1,0.4,0.01
0.09435,0.01021,sumrhe,74,-1,0.4,0.01
0.1314,0.0137,sumrhe,75,-1,0.4,0.01
0.02023,0.00287,sumrhe,76,-1,0.4,0.01
0.22103,0.02267,sumrhe,77,-1,0.4,0.01
0.469,0.04741,sumrhe,78,-1,0.4,0.01
0.08226,0.00869,sumrhe,79,-1,0.4,0.01
0.29399,0.03011,sumrhe,80,-1,0.4,0.01
0.07497,0.00806,sumrhe,81,-1,0.4,0.01
0.8264,0.08285,sumrhe,82,-1,0.4,0.01
0.35496,0.03578,sumrhe,83,-1,0.4,0.01
1.44016,0.14381,sumrhe,84,-1,0.4,0.01
0.77643,0.07786,sumrhe,85,-1,0.4,0.01
0.24083,0.02461,sumrhe,86,-1,0.4,0.01
0.26474,0.02722,sumrhe,87,-1,0.4,0.01
1.35624,0.13535,sumrhe,88,-1,0.4,0.01
0.44551,0.0449,sumrhe,89,-1,0.4,0.01
2.2211,0.22163,sumrhe,90,-1,0.4,0.01
0.33004,0.0336,sumrhe,91,-1,0.4,0.01
0.14687,0.01532,sumrhe,92,-1,0.4,0.01
0.81943,0.08209,sumrhe,93,-1,0.4,0.01
0.0982,0.01049,sumrhe,94,-1,0.4,0.01
0.11076,0.01169,sumrhe,95,-1,0.4,0.01
0.15386,0.01587,sumrhe,96,-1,0.4,0.01
0.03231,0.00391,sumrhe,97,-1,0.4,0.01
0.03596,0.0046,sumrhe,98,-1,0.4,0.01
0.00052,0.0009,sumrhe,99,-1,0.4,0.01
-0.06606,0.09143,covsumrhe,0,-1,0.1,1.0
0.19693,0.0979,covsumrhe,1,-1,0.1,1.0
0.02126,0.09875,covsumrhe,2,-1,0.1,1.0
0.07475,0.0892,covsumrhe,3,-1,0.1,1.0
-0.05843,0.08355,covsumrhe,4,-1,0.1,1.0
-0.0834,0.09705,covsumrhe,5,-1,0.1,1.0
0.14413,0.10167,covsumrhe,6,-1,0.1,1.0
0.29283,0.09579,covsumrhe,7,-1,0.1,1.0
0.02791,0.08537,covsumrhe,8,-1,0.1,1.0
0.15815,0.08828,covsumrhe,9,-1,0.1,1.0
0.13793,0.0853,covsumrhe,10,-1,0.1,1.0
0.11302,0.09341,covsumrhe,11,-1,0.1,1.0
0.10256,0.08788,covsumrhe,12,-1,0.1,1.0
0.00638,0.10111,covsumrhe,13,-1,0.1,1.0
0.02206,0.0895,covsumrhe,14,-1,0.1,1.0
0.0287,0.08877,covsumrhe,15,-1,0.1,1.0
0.09673,0.08054,covsumrhe,16,-1,0.1,1.0
-0.00948,0.08234,covsumrhe,17,-1,0.1,1.0
0.24787,0.10065,covsumrhe,18,-1,0.1,1.0
0.23554,0.07923,covsumrhe,19,-1,0.1,1.0
-0.11396,0.09066,covsumrhe,20,-1,0.1,1.0
-0.12395,0.08805,covsumrhe,21,-1,0.1,1.0
0.05529,0.09008,covsumrhe,22,-1,0.1,1.0
0.16625,0.09176,covsumrhe,23,-1,0.1,1.0
-0.04416,0.09012,covsumrhe,24,-1,0.1,1.0
0.19829,0.09291,covsumrhe,25,-1,0.1,1.0
0.06602,0.08858,covsumrhe,26,-1,0.1,1.0
0.35414,0.09776,covsumrhe,27,-1,0.1,1.0
0.08524,0.08832,covsumrhe,28,-1,0.1,1.0
0.08658,0.09315,covsumrhe,29,-1,0.1,1.0
0.14575,0.07058,covsumrhe,30,-1,0.1,1.0
-0.016,0.09268,covsumrhe,31,-1,0.1,1.0
-0.03841,0.09159,covsumrhe,32,-1,0.1,1.0
0.23384,0.10203,covsumrhe,33,-1,0.1,1.0
-0.05969,0.08278,covsumrhe,34,-1,0.1,1.0
0.24827,0.11774,covsumrhe,35,-1,0.1,1.0
0.1988,0.08535,covsumrhe,36,-1,0.1,1.0
0.17586,0.09683,covsumrhe,37,-1,0.1,1.0
0.12453,0.09122,covsumrhe,38,-1,0.1,1.0
0.18697,0.09572,covsumrhe,39,-1,0.1,1.0
0.06862,0.10265,covsumrhe,40,-1,0.1,1.0
0.24182,0.09191,covsumrhe,41,-1,0.1,1.0
0.16407,0.09772,covsumrhe,42,-1,0.1,1.0
0.19579,0.09172,covsumrhe,43,-1,0.1,1.0
0.25927,0.10655,covsumrhe,44,-1,0.1,1.0
-0.01374,0.0939,covsumrhe,45,-1,0.1,1.0
0.10714,0.07849,covsumrhe,46,-1,0.1,1.0
0.0406,0.08749,covsumrhe,47,-1,0.1,1.0
0.03396,0.0926,covsumrhe,48,-1,0.1,1.0
0.26265,0.09366,covsumrhe,49,-1,0.1,1.0
0.0839,0.08837,covsumrhe,50,-1,0.1,1.0
-0.04507,0.09495,covsumrhe,51,-1,0.1,1.0
0.33227,0.09618,covsumrhe,52,-1,0.1,1.0
0.24471,0.08424,covsumrhe,53,-1,0.1,1.0
0.10024,0.07949,covsumrhe,54,-1,0.1,1.0
0.10736,0.09073,covsumrhe,55,-1,0.1,1.0
-0.04433,0.09581,covsumrhe,56,-1,0.1,1.0
0.07076,0.08393,covsumrhe,57,-1,0.1,1.0
0.00631,0.08809,covsumrhe,58,-1,0.1,1.0
0.17518,0.08952,covsumrhe,59,-1,0.1,1.0
0.07087,0.09089,covsumrhe,60,-1,0.1,1.0
0.08323,0.08843,covsumrhe,61,-1,0.1,1.0
0.17598,0.10917,covsumrhe,62,-1,0.1,1.0
0.13599,0.08455,covsumrhe,63,-1,0.1,1.0
0.0112,0.08296,covsumrhe,64,-1,0.1,1.0
0.07835,0.09016,covsumrhe,65,-1,0.1,1.0
0.03309,0.08964,covsumrhe,66,-1,0.1,1.0
0.08358,0.09335,covsumrhe,67,-1,0.1,1.0
0.27648,0.10673,covsumrhe,68,-1,0.1,1.0
0.12544,0.09499,covsumrhe,69,-1,0.1,1.0
0.06364,0.08574,covsumrhe,70,-1,0.1,1.0
0.0705,0.08327,covsumrhe,71,-1,0.1,1.0
0.20735,0.09752,covsumrhe,72,-1,0.1,1.0
-0.05841,0.0859,covsumrhe,73,-1,0.1,1.0
0.12899,0.09425,covsumrhe,74,-1,0.1,1.0
0.22582,0.09658,covsumrhe,75,-1,0.1,1.0
0.05993,0.08816,covsumrhe,76,-1,0.1,1.0
0.00827,0.09065,covsumrhe,77,-1,0.1,1.0
0.27318,0.09671,covsumrhe,78,-1,0.1,1.0
0.3351,0.10969,covsumrhe,79,-1,0.1,1.0
0.1499,0.08454,covsumrhe,80,-1,0.1,1.0
0.05642,0.08781,covsumrhe,81,-1,0.1,1.0
-0.03936,0.08145,covsumrhe,82,-1,0.1,1.0
0.21809,0.09575,covsumrhe,83,-1,0.1,1.0
0.07157,0.09373,covsumrhe,84,-1,0.1,1.0
0.13894,0.09111,covsumrhe,85,-1,0.1,1.0
0.00135,0.08914,covsumrhe,86,-1,0.1,1.0
0.07148,0.08121,covsumrhe,87,-1,0.1,1.0
0.00449,0.10046,covsumrhe,88,-1,0.1,1.0
0.03459,0.09368,covsumrhe,89,-1,0.1,1.0
0.10911,0.09943,covsumrhe,90,-1,0.1,1.0
0.25685,0.10985,covsumrhe,91,-1,0.1,1.0
0.01329,0.09434,covsumrhe,92,-1,0.1,1.0
0.01918,0.08517,covsumrhe,93,-1,0.1,1.0
0.03479,0.09514,covsumrhe,94,-1,0.1,1.0
0.15014,0.0864,covsumrhe,95,-1,0.1,1.0
-0.03015,0.09067,covsumrhe,96,-1,0.1,1.0
0.08498,0.091,covsumrhe,97,-1,0.1,1.0
0.10253,0.09154,covsumrhe,98,-1,0.1,1.0
-0.02894,0.09319,covsumrhe,99,-1,0.1,1.0
0.199,0.07957,covsumrhe,0,-1,0.1,0.1
0.06772,0.08487,covsumrhe,1,-1,0.1,0.1
0.11956,0.0969,covsumrhe,2,-1,0.1,0.1
0.17766,0.09328,covsumrhe,3,-1,0.1,0.1
0.06158,0.08171,covsumrhe,4,-1,0.1,0.1
0.00448,0.09288,covsumrhe,5,-1,0.1,0.1
0.07776,0.0882,covsumrhe,6,-1,0.1,0.1
0.09424,0.09704,covsumrhe,7,-1,0.1,0.1
0.14211,0.09887,covsumrhe,8,-1,0.1,0.1
0.12434,0.08992,covsumrhe,9,-1,0.1,0.1
0.07721,0.08611,covsumrhe,10,-1,0.1,0.1
0.10652,0.085,covsumrhe,11,-1,0.1,0.1
0.12707,0.1017,covsumrhe,12,-1,0.1,0.1
0.40176,0.11527,covsumrhe,13,-1,0.1,0.1
-0.0603,0.07831,covsumrhe,14,-1,0.1,0.1
0.20573,0.09149,covsumrhe,15,-1,0.1,0.1
0.20818,0.10046,covsumrhe,16,-1,0.1,0.1
0.06725,0.08532,covsumrhe,17,-1,0.1,0.1
0.21872,0.08214,covsumrhe,18,-1,0.1,0.1
-0.00826,0.07911,covsumrhe,19,-1,0.1,0.1
0.04842,0.0807,covsumrhe,20,-1,0.1,0.1
0.1175,0.07962,covsumrhe,21,-1,0.1,0.1
0.2139,0.10011,covsumrhe,22,-1,0.1,0.1
-0.0262,0.09059,covsumrhe,23,-1,0.1,0.1
0.13896,0.0805,covsumrhe,24,-1,0.1,0.1
0.29082,0.10593,covsumrhe,25,-1,0.1,0.1
-0.00987,0.07845,covsumrhe,26,-1,0.1,0.1
0.19617,0.07813,covsumrhe,27,-1,0.1,0.1
0.11597,0.08191,covsumrhe,28,-1,0.1,0.1
-0.05907,0.08345,covsumrhe,29,-1,0.1,0.1
0.28985,0.10428,covsumrhe,30,-1,0.1,0.1
-0.02293,0.09414,covsumrhe,31,-1,0.1,0.1
0.35787,0.0944,covsumrhe,32,-1,0.1,0.1
-0.01972,0.09082,covsumrhe,33,-1,0.1,0.1
0.13245,0.08262,covsumrhe,34,-1,0.1,0.1
0.28797,0.09008,covsumrhe,35,-1,0.1,0.1
0.02558,0.08059,covsumrhe,36,-1,0.1,0.1
0.15087,0.09045,covsumrhe,37,-1,0.1,0.1
0.13101,0.09438,covsumrhe,38,-1,0.1,0.1
0.10218,0.08377,covsumrhe,39,-1,0.1,0.1
0.08016,0.09106,covsumrhe,40,-1,0.1,0.1
0.23275,0.10081,covsumrhe,41,-1,0.1,0.1
0.23304,0.09258,covsumrhe,42,-1,0.1,0.1
0.04389,0.09587,covsumrhe,43,-1,0.1,0.1
-0.06244,0.08557,covsumrhe,44,-1,0.1,0.1
0.17008,0.09369,covsumrhe,45,-1,0.1,0.1
0.04934,0.08958,covsumrhe,46,-1,0.1,0.1
0.25011,0.09463,covsumrhe,47,-1,0.1,0.1
-0.03181,0.09663,covsumrhe,48,-1,0.1,0.1
0.07084,0.08848,covsumrhe,49,-1,0.1,0.1
-0.00125,0.0842,covsumrhe,50,-1,0.1,0.1
0.14162,0.09804,covsumrhe,51,-1,0.1,0.1
0.03369,0.08438,covsumrhe,52,-1,0.1,0.1
0.01358,0.08209,covsumrhe,53,-1,0.1,0.1
0.04037,0.08152,covsumrhe,54,-1,0.1,0.1
0.20392,0.09927,covsumrhe,55,-1,0.1,0.1
0.01873,0.08753,covsumrhe,56,-1,0.1,0.1
0.15922,0.10594,covsumrhe,57,-1,0.1,0.1
0.13248,0.09604,covsumrhe,58,-1,0.1,0.1
-0.08226,0.088,covsumrhe,59,-1,0.1,0.1
0.14228,0.08663,covsumrhe,60,-1,0.1,0.1
0.13462,0.09552,covsumrhe,61,-1,0.1,0.1
0.21027,0.09361,covsumrhe,62,-1,0.1,0.1
0.02108,0.10168,covsumrhe,63,-1,0.1,0.1
0.26232,0.101,covsumrhe,64,-1,0.1,0.1
0.11115,0.09724,covsumrhe,65,-1,0.1,0.1
-0.23783,0.08553,covsumrhe,66,-1,0.1,0.1
0.39141,0.10266,covsumrhe,67,-1,0.1,0.1
0.20487,0.10153,covsumrhe,68,-1,0.1,0.1
0.22351,0.09966,covsumrhe,69,-1,0.1,0.1
0.06151,0.09619,covsumrhe,70,-1,0.1,0.1
0.1033,0.08014,covsumrhe,71,-1,0.1,0.1
0.03237,0.08225,covsumrhe,72,-1,0.1,0.1
0.16489,0.08988,covsumrhe,73,-1,0.1,0.1
0.1219,0.09271,covsumrhe,74,-1,0.1,0.1
-0.06108,0.09483,covsumrhe,75,-1,0.1,0.1
0.09866,0.08633,covsumrhe,76,-1,0.1,0.1
0.07381,0.08113,covsumrhe,77,-1,0.1,0.1
-0.00098,0.08456,covsumrhe,78,-1,0.1,0.1
-0.02219,0.08135,covsumrhe,79,-1,0.1,0.1
0.03546,0.08825,covsumrhe,80,-1,0.1,0.1
0.12029,0.1074,covsumrhe,81,-1,0.1,0.1
-0.12638,0.08521,covsumrhe,82,-1,0.1,0.1
0.10739,0.07871,covsumrhe,83,-1,0.1,0.1
0.08374,0.08511,covsumrhe,84,-1,0.1,0.1
0.16199,0.08439,covsumrhe,85,-1,0.1,0.1
0.06264,0.08446,covsumrhe,86,-1,0.1,0.1
0.06873,0.08649,covsumrhe,87,-1,0.1,0.1
0.1762,0.08546,covsumrhe,88,-1,0.1,0.1
0.1951,0.09605,covsumrhe,89,-1,0.1,0.1
0.2084,0.11163,covsumrhe,90,-1,0.1,0.1
0.13955,0.08449,covsumrhe,91,-1,0.1,0.1
-0.09223,0.09189,covsumrhe,92,-1,0.1,0.1
0.16134,0.09968,covsumrhe,93,-1,0.1,0.1
0.06024,0.09562,covsumrhe,94,-1,0.1,0.1
0.11448,0.09517,covsumrhe,95,-1,0.1,0.1
-0.00239,0.09063,covsumrhe,96,-1,0.1,0.1
0.1539,0.08704,covsumrhe,97,-1,0.1,0.1
-0.02914,0.10166,covsumrhe,98,-1,0.1,0.1
0.30892,0.0979,covsumrhe,99,-1,0.1,0.1
0.19249,0.10473,covsumrhe,0,-1,0.1,0.01
0.04716,0.10099,covsumrhe,1,-1,0.1,0.01
0.1904,0.08661,covsumrhe,2,-1,0.1,0.01
0.05741,0.08441,covsumrhe,3,-1,0.1,0.01
0.15207,0.09909,covsumrhe,4,-1,0.1,0.01
0.04532,0.08857,covsumrhe,5,-1,0.1,0.01
0.0922,0.09128,covsumrhe,6,-1,0.1,0.01
0.04433,0.09356,covsumrhe,7,-1,0.1,0.01
0.02126,0.09069,covsumrhe,8,-1,0.1,0.01
0.02307,0.10701,covsumrhe,9,-1,0.1,0.01
0.31227,0.10395,covsumrhe,10,-1,0.1,0.01
0.04969,0.09053,covsumrhe,11,-1,0.1,0.01
0.1509,0.08804,covsumrhe,12,-1,0.1,0.01
0.32019,0.1024,covsumrhe,13,-1,0.1,0.01
0.07069,0.10438,covsumrhe,14,-1,0.1,0.01
0.16309,0.09053,covsumrhe,15,-1,0.1,0.01
0.05132,0.08626,covsumrhe,16,-1,0.1,0.01
0.1301,0.09262,covsumrhe,17,-1,0.1,0.01
0.15774,0.10294,covsumrhe,18,-1,0.1,0.01
0.05605,0.10266,covsumrhe,19,-1,0.1,0.01
0.15643,0.0998,covsumrhe,20,-1,0.1,0.01
0.02823,0.08573,covsumrhe,21,-1,0.1,0.01
0.08502,0.09382,covsumrhe,22,-1,0.1,0.01
0.10032,0.08781,covsumrhe,23,-1,0.1,0.01
0.09599,0.08957,covsumrhe,24,-1,0.1,0.01
0.33516,0.09646,covsumrhe,25,-1,0.1,0.01
0.1532,0.10375,covsumrhe,26,-1,0.1,0.01
0.24569,0.1093,covsumrhe,27,-1,0.1,0.01
-0.1499,0.08344,covsumrhe,28,-1,0.1,0.01
0.01615,0.08042,covsumrhe,29,-1,0.1,0.01
0.35669,0.10893,covsumrhe,30,-1,0.1,0.01
0.10477,0.08452,covsumrhe,31,-1,0.1,0.01
0.21005,0.09683,covsumrhe,32,-1,0.1,0.01
0.13508,0.08766,covsumrhe,33,-1,0.1,0.01
0.0952,0.09645,covsumrhe,34,-1,0.1,0.01
0.15797,0.08724,covsumrhe,35,-1,0.1,0.01
0.05476,0.0973,covsumrhe,36,-1,0.1,0.01
-0.08904,0.07469,covsumrhe,37,-1,0.1,0.01
0.15905,0.08997,covsumrhe,38,-1,0.1,0.01
0.05998,0.08047,covsumrhe,39,-1,0.1,0.01
0.17738,0.09703,covsumrhe,40,-1,0.1,0.01
0.07552,0.08899,covsumrhe,41,-1,0.1,0.01
-0.01943,0.10286,covsumrhe,42,-1,0.1,0.01
-0.13153,0.08216,covsumrhe,43,-1,0.1,0.01
0.18933,0.11118,covsumrhe,44,-1,0.1,0.01
0.08723,0.08496,covsumrhe,45,-1,0.1,0.01
0.1104,0.09143,covsumrhe,46,-1,0.1,0.01
0.13017,0.09656,covsumrhe,47,-1,0.1,0.01
0.10286,0.08901,covsumrhe,48,-1,0.1,0.01
0.24757,0.08615,covsumrhe,49,-1,0.1,0.01
0.23935,0.08322,covsumrhe,50,-1,0.1,0.01
0.02653,0.09599,covsumrhe,51,-1,0.1,0.01
0.09682,0.08595,covsumrhe,52,-1,0.1,0.01
0.1155,0.0892,covsumrhe,53,-1,0.1,0.01
0.06046,0.10116,covsumrhe,54,-1,0.1,0.01
0.09451,0.08767,covsumrhe,55,-1,0.1,0.01
0.23835,0.09694,covsumrhe,56,-1,0.1,0.01
0.13386,0.08673,covsumrhe,57,-1,0.1,0.01
-0.21372,0.10054,covsumrhe,58,-1,0.1,0.01
0.04215,0.08288,covsumrhe,59,-1,0.1,0.01
-0.02673,0.08606,covsumrhe,60,-1,0.1,0.01
0.14721,0.08749,covsumrhe,61,-1,0.1,0.01
0.09614,0.10405,covsumrhe,62,-1,0.1,0.01
-0.02491,0.0968,covsumrhe,63,-1,0.1,0.01
0.15732,0.0897,covsumrhe,64,-1,0.1,0.01
0.02946,0.08464,covsumrhe,65,-1,0.1,0.01
0.16699,0.09025,covsumrhe,66,-1,0.1,0.01
0.08793,0.08519,covsumrhe,67,-1,0.1,0.01
0.14972,0.10083,covsumrhe,68,-1,0.1,0.01
-0.07008,0.0867,covsumrhe,69,-1,0.1,0.01
0.12044,0.08638,covsumrhe,70,-1,0.1,0.01
-0.04673,0.09004,covsumrhe,71,-1,0.1,0.01
0.04944,0.09181,covsumrhe,72,-1,0.1,0.01
0.10892,0.10303,covsumrhe,73,-1,0.1,0.01
-0.12467,0.08193,covsumrhe,74,-1,0.1,0.01
-0.05666,0.0834,covsumrhe,75,-1,0.1,0.01
0.14243,0.08979,covsumrhe,76,-1,0.1,0.01
0.21734,0.10652,covsumrhe,77,-1,0.1,0.01
0.07293,0.08481,covsumrhe,78,-1,0.1,0.01
-0.01209,0.09001,covsumrhe,79,-1,0.1,0.01
0.16141,0.08489,covsumrhe,80,-1,0.1,0.01
0.21159,0.0936,covsumrhe,81,-1,0.1,0.01
0.28021,0.08838,covsumrhe,82,-1,0.1,0.01
0.20262,0.09824,covsumrhe,83,-1,0.1,0.01
0.0449,0.10929,covsumrhe,84,-1,0.1,0.01
0.05457,0.10601,covsumrhe,85,-1,0.1,0.01
0.04009,0.10068,covsumrhe,86,-1,0.1,0.01
-0.00912,0.09928,covsumrhe,87,-1,0.1,0.01
0.19173,0.08716,covsumrhe,88,-1,0.1,0.01
0.18684,0.08575,covsumrhe,89,-1,0.1,0.01
0.19748,0.08781,covsumrhe,90,-1,0.1,0.01
0.06527,0.08405,covsumrhe,91,-1,0.1,0.01
-0.08724,0.07851,covsumrhe,92,-1,0.1,0.01
0.07886,0.10759,covsumrhe,93,-1,0.1,0.01
-0.00272,0.10433,covsumrhe,94,-1,0.1,0.01
0.28378,0.09086,covsumrhe,95,-1,0.1,0.01
0.07637,0.09597,covsumrhe,96,-1,0.1,0.01
0.10298,0.09603,covsumrhe,97,-1,0.1,0.01
0.07011,0.08418,covsumrhe,98,-1,0.1,0.01
0.09393,0.09957,covsumrhe,99,-1,0.1,0.01
0.45701,0.10506,covsumrhe,0,-1,0.25,1.0
0.30329,0.10885,covsumrhe,1,-1,0.25,1.0
0.19553,0.10565,covsumrhe,2,-1,0.25,1.0
0.35094,0.09497,covsumrhe,3,-1,0.25,1.0
0.30128,0.10645,covsumrhe,4,-1,0.25,1.0
0.29136,0.11279,covsumrhe,5,-1,0.25,1.0
-0.08955,0.09178,covsumrhe,6,-1,0.25,1.0
0.21262,0.0901,covsumrhe,7,-1,0.25,1.0
0.42638,0.11789,covsumrhe,8,-1,0.25,1.0
0.15984,0.09182,covsumrhe,9,-1,0.25,1.0
0.32834,0.10588,covsumrhe,10,-1,0.25,1.0
0.1166,0.08746,covsumrhe,11,-1,0.25,1.0
0.39158,0.11797,covsumrhe,12,-1,0.25,1.0
0.41074,0.11539,covsumrhe,13,-1,0.25,1.0
0.16843,0.09408,covsumrhe,14,-1,0.25,1.0
0.33831,0.11238,covsumrhe,15,-1,0.25,1.0
0.23977,0.09297,covsumrhe,16,-1,0.25,1.0
0.1461,0.08768,covsumrhe,17,-1,0.25,1.0
0.04662,0.10024,covsumrhe,18,-1,0.25,1.0
0.30421,0.10049,covsumrhe,19,-1,0.25,1.0
0.41395,0.10587,covsumrhe,20,-1,0.25,1.0
0.19499,0.08083,covsumrhe,21,-1,0.25,1.0
0.26504,0.10212,covsumrhe,22,-1,0.25,1.0
0.28352,0.10409,covsumrhe,23,-1,0.25,1.0
0.17136,0.09397,covsumrhe,24,-1,0.25,1.0
0.05942,0.08297,covsumrhe,25,-1,0.25,1.0
0.16575,0.09415,covsumrhe,26,-1,0.25,1.0
0.1745,0.08474,covsumrhe,27,-1,0.25,1.0
0.21061,0.10258,covsumrhe,28,-1,0.25,1.0
0.14538,0.09402,covsumrhe,29,-1,0.25,1.0
0.25404,0.0949,covsumrhe,30,-1,0.25,1.0
0.08757,0.10031,covsumrhe,31,-1,0.25,1.0
0.33177,0.11289,covsumrhe,32,-1,0.25,1.0
0.22767,0.09023,covsumrhe,33,-1,0.25,1.0
0.27478,0.10676,covsumrhe,34,-1,0.25,1.0
0.27726,0.09974,covsumrhe,35,-1,0.25,1.0
0.12193,0.09847,covsumrhe,36,-1,0.25,1.0
0.24114,0.10753,covsumrhe,37,-1,0.25,1.0
0.28906,0.10111,covsumrhe,38,-1,0.25,1.0
0.23104,0.0911,covsumrhe,39,-1,0.25,1.0
0.09464,0.08494,covsumrhe,40,-1,0.25,1.0
0.31339,0.1144,covsumrhe,41,-1,0.25,1.0
0.17334,0.09438,covsumrhe,42,-1,0.25,1.0
0.37216,0.10967,covsumrhe,43,-1,0.25,1.0
0.30133,0.11163,covsumrhe,44,-1,0.25,1.0
0.20523,0.09832,covsumrhe,45,-1,0.25,1.0
0.30437,0.08797,covsumrhe,46,-1,0.25,1.0
0.23986,0.09383,covsumrhe,47,-1,0.25,1.0
0.18795,0.0984,covsumrhe,48,-1,0.25,1.0
0.17293,0.0996,covsumrhe,49,-1,0.25,1.0
0.24625,0.08378,covsumrhe,50,-1,0.25,1.0
0.20138,0.08674,covsumrhe,51,-1,0.25,1.0
0.22485,0.09288,covsumrhe,52,-1,0.25,1.0
0.29396,0.10397,covsumrhe,53,-1,0.25,1.0
0.29199,0.1055,covsumrhe,54,-1,0.25,1.0
0.33718,0.09206,covsumrhe,55,-1,0.25,1.0
0.28715,0.10394,covsumrhe,56,-1,0.25,1.0
0.45905,0.10903,covsumrhe,57,-1,0.25,1.0
0.22842,0.10277,covsumrhe,58,-1,0.25,1.0
0.38216,0.09679,covsumrhe,59,-1,0.25,1.0
0.38598,0.11882,covsumrhe,60,-1,0.25,1.0
0.3406,0.10379,covsumrhe,61,-1,0.25,1.0
0.25,0.08693,covsumrhe,62,-1,0.25,1.0
0.40773,0.10793,covsumrhe,63,-1,0.25,1.0
0.16531,0.10178,covsumrhe,64,-1,0.25,1.0
0.0203,0.11158,covsumrhe,65,-1,0.25,1.0
0.16416,0.08415,covsumrhe,66,-1,0.25,1.0
0.11725,0.10243,covsumrhe,67,-1,0.25,1.0
0.37466,0.09547,covsumrhe,68,-1,0.25,1.0
0.29213,0.10395,covsumrhe,69,-1,0.25,1.0
0.41093,0.09855,covsumrhe,70,-1,0.25,1.0
0.21593,0.09345,covsumrhe,71,-1,0.25,1.0
0.38232,0.10125,covsumrhe,72,-1,0.25,1.0
0.15864,0.10247,covsumrhe,73,-1,0.25,1.0
0.19867,0.09433,covsumrhe,74,-1,0.25,1.0
0.18942,0.0999,covsumrhe,75,-1,0.25,1.0
0.28687,0.10519,covsumrhe,76,-1,0.25,1.0
0.19939,0.10866,covsumrhe,77,-1,0.25,1.0
0.24044,0.1065,covsumrhe,78,-1,0.25,1.0
0.16678,0.10282,covsumrhe,79,-1,0.25,1.0
0.18505,0.09207,covsumrhe,80,-1,0.25,1.0
0.38481,0.10584,covsumrhe,81,-1,0.25,1.0
0.19596,0.09573,covsumrhe,82,-1,0.25,1.0
0.3548,0.10249,covsumrhe,83,-1,0.25,1.0
0.34199,0.09974,covsumrhe,84,-1,0.25,1.0
0.15114,0.10389,covsumrhe,85,-1,0.25,1.0
0.17813,0.0912,covsumrhe,86,-1,0.25,1.0
0.01178,0.08453,covsumrhe,87,-1,0.25,1.0
0.33153,0.0921,covsumrhe,88,-1,0.25,1.0
0.1554,0.08699,covsumrhe,89,-1,0.25,1.0
0.4594,0.11328,covsumrhe,90,-1,0.25,1.0
0.4511,0.13819,covsumrhe,91,-1,0.25,1.0
0.25923,0.10183,covsumrhe,92,-1,0.25,1.0
0.19969,0.09766,covsumrhe,93,-1,0.25,1.0
0.13444,0.09072,covsumrhe,94,-1,0.25,1.0
0.30325,0.11311,covsumrhe,95,-1,0.25,1.0
0.38038,0.09975,covsumrhe,96,-1,0.25,1.0
0.14776,0.08498,covsumrhe,97,-1,0.25,1.0
0.21206,0.08726,covsumrhe,98,-1,0.25,1.0
0.14141,0.09768,covsumrhe,99,-1,0.25,1.0
0.20553,0.08192,covsumrhe,0,-1,0.25,0.1
0.28804,0.10174,covsumrhe,1,-1,0.25,0.1
0.08291,0.0893,covsumrhe,2,-1,0.25,0.1
0.11329,0.09405,covsumrhe,3,-1,0.25,0.1
0.21931,0.09056,covsumrhe,4,-1,0.25,0.1
0.42458,0.11473,covsumrhe,5,-1,0.25,0.1
0.26829,0.07971,covsumrhe,6,-1,0.25,0.1
0.15411,0.08969,covsumrhe,7,-1,0.25,0.1
0.28896,0.08878,covsumrhe,8,-1,0.25,0.1
0.24689,0.09189,covsumrhe,9,-1,0.25,0.1
0.32183,0.10812,covsumrhe,10,-1,0.25,0.1
0.27823,0.08931,covsumrhe,11,-1,0.25,0.1
0.07783,0.08437,covsumrhe,12,-1,0.25,0.1
0.22007,0.09752,covsumrhe,13,-1,0.25,0.1
0.24919,0.08897,covsumrhe,14,-1,0.25,0.1
0.15324,0.08958,covsumrhe,15,-1,0.25,0.1
0.31236,0.0922,covsumrhe,16,-1,0.25,0.1
0.38755,0.11002,covsumrhe,17,-1,0.25,0.1
0.23524,0.10274,covsumrhe,18,-1,0.25,0.1
0.09879,0.08559,covsumrhe,19,-1,0.25,0.1
0.28944,0.1086,covsumrhe,20,-1,0.25,0.1
0.41514,0.10319,covsumrhe,21,-1,0.25,0.1
0.21213,0.08244,covsumrhe,22,-1,0.25,0.1
0.168,0.10045,covsumrhe,23,-1,0.25,0.1
0.15546,0.08072,covsumrhe,24,-1,0.25,0.1
0.3025,0.11018,covsumrhe,25,-1,0.25,0.1
0.11954,0.0893,covsumrhe,26,-1,0.25,0.1
0.35626,0.11021,covsumrhe,27,-1,0.25,0.1
0.28358,0.11377,covsumrhe,28,-1,0.25,0.1
0.18907,0.09767,covsumrhe,29,-1,0.25,0.1
0.46241,0.11168,covsumrhe,30,-1,0.25,0.1
0.41385,0.1218,covsumrhe,31,-1,0.25,0.1
0.19952,0.09452,covsumrhe,32,-1,0.25,0.1
0.18576,0.1039,covsumrhe,33,-1,0.25,0.1
0.15144,0.09463,covsumrhe,34,-1,0.25,0.1
0.35193,0.1021,covsumrhe,35,-1,0.25,0.1
0.51179,0.10472,covsumrhe,36,-1,0.25,0.1
0.32826,0.10929,covsumrhe,37,-1,0.25,0.1
0.23931,0.10412,covsumrhe,38,-1,0.25,0.1
0.3035,0.10304,covsumrhe,39,-1,0.25,0.1
0.23724,0.10534,covsumrhe,40,-1,0.25,0.1
0.00372,0.07795,covsumrhe,41,-1,0.25,0.1
0.27317,0.10182,covsumrhe,42,-1,0.25,0.1
0.21813,0.10299,covsumrhe,43,-1,0.25,0.1
0.29754,0.10519,covsumrhe,44,-1,0.25,0.1
0.13191,0.09505,covsumrhe,45,-1,0.25,0.1
0.21058,0.09658,covsumrhe,46,-1,0.25,0.1
0.13103,0.0996,covsumrhe,47,-1,0.25,0.1
0.1424,0.09031,covsumrhe,48,-1,0.25,0.1
0.22227,0.08868,covsumrhe,49,-1,0.25,0.1
0.15097,0.09997,covsumrhe,50,-1,0.25,0.1
0.45624,0.10423,covsumrhe,51,-1,0.25,0.1
0.28581,0.09425,covsumrhe,52,-1,0.25,0.1
0.40749,0.10585,covsumrhe,53,-1,0.25,0.1
0.10585,0.08671,covsumrhe,54,-1,0.25,0.1
0.22987,0.09427,covsumrhe,55,-1,0.25,0.1
0.09552,0.09198,covsumrhe,56,-1,0.25,0.1
0.32245,0.11201,covsumrhe,57,-1,0.25,0.1
0.17902,0.08181,covsumrhe,58,-1,0.25,0.1
0.22368,0.09548,covsumrhe,59,-1,0.25,0.1
0.09778,0.08551,covsumrhe,60,-1,0.25,0.1
0.19469,0.10544,covsumrhe,61,-1,0.25,0.1
0.29105,0.09783,covsumrhe,62,-1,0.25,0.1
0.35151,0.10757,covsumrhe,63,-1,0.25,0.1
0.21489,0.12175,covsumrhe,64,-1,0.25,0.1
0.23183,0.09407,covsumrhe,65,-1,0.25,0.1
0.16939,0.08778,covsumrhe,66,-1,0.25,0.1
0.26878,0.09752,covsumrhe,67,-1,0.25,0.1
0.3359,0.10576,covsumrhe,68,-1,0.25,0.1
0.26702,0.09054,covsumrhe,69,-1,0.25,0.1
0.1378,0.09198,covsumrhe,70,-1,0.25,0.1
0.24695,0.10074,covsumrhe,71,-1,0.25,0.1
0.41031,0.09866,covsumrhe,72,-1,0.25,0.1
0.10929,0.09396,covsumrhe,73,-1,0.25,0.1
0.09774,0.09299,covsumrhe,74,-1,0.25,0.1
0.07801,0.09838,covsumrhe,75,-1,0.25,0.1
0.28202,0.10627,covsumrhe,76,-1,0.25,0.1
0.28684,0.09917,covsumrhe,77,-1,0.25,0.1
0.41094,0.09857,covsumrhe,78,-1,0.25,0.1
0.27047,0.10788,covsumrhe,79,-1,0.25,0.1
0.25515,0.09795,covsumrhe,80,-1,0.25,0.1
0.33461,0.10239,covsumrhe,81,-1,0.25,0.1
0.04881,0.09394,covsumrhe,82,-1,0.25,0.1
0.2847,0.09459,covsumrhe,83,-1,0.25,0.1
0.16294,0.08449,covsumrhe,84,-1,0.25,0.1
0.13116,0.0914,covsumrhe,85,-1,0.25,0.1
0.23034,0.09425,covsumrhe,86,-1,0.25,0.1
0.28619,0.09539,covsumrhe,87,-1,0.25,0.1
0.31449,0.11253,covsumrhe,88,-1,0.25,0.1
0.29329,0.09671,covsumrhe,89,-1,0.25,0.1
0.40206,0.10508,covsumrhe,90,-1,0.25,0.1
0.24111,0.09584,covsumrhe,91,-1,0.25,0.1
0.11465,0.08844,covsumrhe,92,-1,0.25,0.1
0.47505,0.11325,covsumrhe,93,-1,0.25,0.1
0.12525,0.08704,covsumrhe,94,-1,0.25,0.1
0.06166,0.09176,covsumrhe,95,-1,0.25,0.1
0.3841,0.10162,covsumrhe,96,-1,0.25,0.1
0.26922,0.10496,covsumrhe,97,-1,0.25,0.1
0.09863,0.09234,covsumrhe,98,-1,0.25,0.1
0.26533,0.10934,covsumrhe,99,-1,0.25,0.1
0.15192,0.09197,covsumrhe,0,-1,0.25,0.01
0.26454,0.09766,covsumrhe,1,-1,0.25,0.01
0.20683,0.08801,covsumrhe,2,-1,0.25,0.01
0.32788,0.09719,covsumrhe,3,-1,0.25,0.01
0.38907,0.12008,covsumrhe,4,-1,0.25,0.01
0.27437,0.0878,covsumrhe,5,-1,0.25,0.01
0.1732,0.08849,covsumrhe,6,-1,0.25,0.01
-0.05379,0.08791,covsumrhe,7,-1,0.25,0.01
0.19142,0.09619,covsumrhe,8,-1,0.25,0.01
0.32062,0.10815,covsumrhe,9,-1,0.25,0.01
0.23618,0.09813,covsumrhe,10,-1,0.25,0.01
0.30025,0.09845,covsumrhe,11,-1,0.25,0.01
0.08746,0.09657,covsumrhe,12,-1,0.25,0.01
0.16761,0.09906,covsumrhe,13,-1,0.25,0.01
0.16413,0.09306,covsumrhe,14,-1,0.25,0.01
0.18356,0.08179,covsumrhe,15,-1,0.25,0.01
0.30055,0.10056,covsumrhe,16,-1,0.25,0.01
0.57636,0.12952,covsumrhe,17,-1,0.25,0.01
0.23453,0.11359,covsumrhe,18,-1,0.25,0.01
0.2761,0.10663,covsumrhe,19,-1,0.25,0.01
0.46906,0.1097,covsumrhe,20,-1,0.25,0.01
0.25845,0.10643,covsumrhe,21,-1,0.25,0.01
0.43241,0.10531,covsumrhe,22,-1,0.25,0.01
0.54911,0.11419,covsumrhe,23,-1,0.25,0.01
0.38959,0.11382,covsumrhe,24,-1,0.25,0.01
0.30784,0.10272,covsumrhe,25,-1,0.25,0.01
0.22816,0.0906,covsumrhe,26,-1,0.25,0.01
0.2867,0.0919,covsumrhe,27,-1,0.25,0.01
0.16902,0.10768,covsumrhe,28,-1,0.25,0.01
0.35543,0.09868,covsumrhe,29,-1,0.25,0.01
0.18387,0.093,covsumrhe,30,-1,0.25,0.01
0.21366,0.10281,covsumrhe,31,-1,0.25,0.01
0.21198,0.10122,covsumrhe,32,-1,0.25,0.01
0.3414,0.11508,covsumrhe,33,-1,0.25,0.01
0.25717,0.11084,covsumrhe,34,-1,0.25,0.01
0.32367,0.09858,covsumrhe,35,-1,0.25,0.01
0.35595,0.09423,covsumrhe,36,-1,0.25,0.01
0.34208,0.10615,covsumrhe,37,-1,0.25,0.01
0.3348,0.09206,covsumrhe,38,-1,0.25,0.01
0.20138,0.09223,covsumrhe,39,-1,0.25,0.01
0.49989,0.11763,covsumrhe,40,-1,0.25,0.01
0.43173,0.11073,covsumrhe,41,-1,0.25,0.01
0.5515,0.1127,covsumrhe,42,-1,0.25,0.01
0.14719,0.08004,covsumrhe,43,-1,0.25,0.01
0.09717,0.10198,covsumrhe,44,-1,0.25,0.01
0.25204,0.08525,covsumrhe,45,-1,0.25,0.01
0.23724,0.08968,covsumrhe,46,-1,0.25,0.01
0.18294,0.10473,covsumrhe,47,-1,0.25,0.01
0.45206,0.11518,covsumrhe,48,-1,0.25,0.01
0.19816,0.08992,covsumrhe,49,-1,0.25,0.01
0.26043,0.10209,covsumrhe,50,-1,0.25,0.01
0.34232,0.1121,covsumrhe,51,-1,0.25,0.01
0.22522,0.09349,covsumrhe,52,-1,0.25,0.01
0.23062,0.10249,covsumrhe,53,-1,0.25,0.01
0.11314,0.09377,covsumrhe,54,-1,0.25,0.01
0.34354,0.11172,covsumrhe,55,-1,0.25,0.01
0.2033,0.09817,covsumrhe,56,-1,0.25,0.01
0.19494,0.09909,covsumrhe,57,-1,0.25,0.01
0.3176,0.08872,covsumrhe,58,-1,0.25,0.01
0.11628,0.09227,covsumrhe,59,-1,0.25,0.01
0.24385,0.10125,covsumrhe,60,-1,0.25,0.01
0.41075,0.1113,covsumrhe,61,-1,0.25,0.01
0.35173,0.10052,covsumrhe,62,-1,0.25,0.01
-0.07945,0.08308,covsumrhe,63,-1,0.25,0.01
0.10897,0.0861,covsumrhe,64,-1,0.25,0.01
0.1923,0.09038,covsumrhe,65,-1,0.25,0.01
0.19778,0.09628,covsumrhe,66,-1,0.25,0.01
0.14087,0.11105,covsumrhe,67,-1,0.25,0.01
0.19737,0.09656,covsumrhe,68,-1,0.25,0.01
0.32722,0.0995,covsumrhe,69,-1,0.25,0.01
0.27657,0.10441,covsumrhe,70,-1,0.25,0.01
0.21061,0.08537,covsumrhe,71,-1,0.25,0.01
0.22971,0.10364,covsumrhe,72,-1,0.25,0.01
0.34884,0.0963,covsumrhe,73,-1,0.25,0.01
0.44066,0.10023,covsumrhe,74,-1,0.25,0.01
0.29472,0.11244,covsumrhe,75,-1,0.25,0.01
0.27015,0.08698,covsumrhe,76,-1,0.25,0.01
0.20139,0.1024,covsumrhe,77,-1,0.25,0.01
0.18429,0.09098,covsumrhe,78,-1,0.25,0.01
0.10015,0.08524,covsumrhe,79,-1,0.25,0.01
0.36882,0.09654,covsumrhe,80,-1,0.25,0.01
0.22991,0.09771,covsumrhe,81,-1,0.25,0.01
0.42156,0.10634,covsumrhe,82,-1,0.25,0.01
0.07062,0.08842,covsumrhe,83,-1,0.25,0.01
0.3939,0.11219,covsumrhe,84,-1,0.25,0.01
0.21169,0.10812,covsumrhe,85,-1,0.25,0.01
0.18763,0.07834,covsumrhe,86,-1,0.25,0.01
0.03433,0.08076,covsumrhe,87,-1,0.25,0.01
0.26899,0.10478,covsumrhe,88,-1,0.25,0.01
0.43437,0.09794,covsumrhe,89,-1,0.25,0.01
0.28234,0.09861,covsumrhe,90,-1,0.25,0.01
0.35284,0.11889,covsumrhe,91,-1,0.25,0.01
0.32218,0.10244,covsumrhe,92,-1,0.25,0.01
0.25059,0.10818,covsumrhe,93,-1,0.25,0.01
0.32513,0.09879,covsumrhe,94,-1,0.25,0.01
0.18105,0.09169,covsumrhe,95,-1,0.25,0.01
0.20441,0.0969,covsumrhe,96,-1,0.25,0.01
0.28391,0.10238,covsumrhe,97,-1,0.25,0.01
0.20628,0.10512,covsumrhe,98,-1,0.25,0.01
0.314,0.11042,covsumrhe,99,-1,0.25,0.01
0.43178,0.11591,covsumrhe,0,-1,0.4,1.0
0.3214,0.10322,covsumrhe,1,-1,0.4,1.0
0.57264,0.10215,covsumrhe,2,-1,0.4,1.0
0.26471,0.09229,covsumrhe,3,-1,0.4,1.0
0.52936,0.12326,covsumrhe,4,-1,0.4,1.0
0.4306,0.10664,covsumrhe,5,-1,0.4,1.0
0.45295,0.10567,covsumrhe,6,-1,0.4,1.0
0.37456,0.09449,covsumrhe,7,-1,0.4,1.0
0.42781,0.10638,covsumrhe,8,-1,0.4,1.0
0.34984,0.10559,covsumrhe,9,-1,0.4,1.0
0.32754,0.10559,covsumrhe,10,-1,0.4,1.0
0.30066,0.10158,covsumrhe,11,-1,0.4,1.0
0.44711,0.11516,covsumrhe,12,-1,0.4,1.0
0.2763,0.10197,covsumrhe,13,-1,0.4,1.0
0.35395,0.10207,covsumrhe,14,-1,0.4,1.0
0.29288,0.09229,covsumrhe,15,-1,0.4,1.0
0.36196,0.09496,covsumrhe,16,-1,0.4,1.0
0.39544,0.12068,covsumrhe,17,-1,0.4,1.0
0.27409,0.09701,covsumrhe,18,-1,0.4,1.0
0.36387,0.10968,covsumrhe,19,-1,0.4,1.0
0.42614,0.09365,covsumrhe,20,-1,0.4,1.0
0.32652,0.09727,covsumrhe,21,-1,0.4,1.0
0.40132,0.10609,covsumrhe,22,-1,0.4,1.0
0.30127,0.08907,covsumrhe,23,-1,0.4,1.0
0.44627,0.10552,covsumrhe,24,-1,0.4,1.0
0.25398,0.10229,covsumrhe,25,-1,0.4,1.0
0.45321,0.11525,covsumrhe,26,-1,0.4,1.0
0.43416,0.10585,covsumrhe,27,-1,0.4,1.0
0.43005,0.10657,covsumrhe,28,-1,0.4,1.0
0.22515,0.10206,covsumrhe,29,-1,0.4,1.0
0.46063,0.1036,covsumrhe,30,-1,0.4,1.0
0.56924,0.12672,covsumrhe,31,-1,0.4,1.0
0.14969,0.09039,covsumrhe,32,-1,0.4,1.0
0.32347,0.09434,covsumrhe,33,-1,0.4,1.0
0.38834,0.09758,covsumrhe,34,-1,0.4,1.0
0.33286,0.10653,covsumrhe,35,-1,0.4,1.0
0.5139,0.12042,covsumrhe,36,-1,0.4,1.0
0.38249,0.148,covsumrhe,37,-1,0.4,1.0
0.33154,0.10538,covsumrhe,38,-1,0.4,1.0
0.24596,0.10073,covsumrhe,39,-1,0.4,1.0
0.30235,0.08767,covsumrhe,40,-1,0.4,1.0
0.2532,0.08366,covsumrhe,41,-1,0.4,1.0
0.72004,0.13339,covsumrhe,42,-1,0.4,1.0
0.5308,0.10599,covsumrhe,43,-1,0.4,1.0
0.51329,0.11617,covsumrhe,44,-1,0.4,1.0
0.29735,0.09652,covsumrhe,45,-1,0.4,1.0
0.50662,0.12178,covsumrhe,46,-1,0.4,1.0
0.44723,0.10911,covsumrhe,47,-1,0.4,1.0
0.51902,0.11334,covsumrhe,48,-1,0.4,1.0
0.37631,0.09219,covsumrhe,49,-1,0.4,1.0
0.37467,0.10775,covsumrhe,50,-1,0.4,1.0
0.42825,0.11203,covsumrhe,51,-1,0.4,1.0
0.35776,0.11681,covsumrhe,52,-1,0.4,1.0
0.49935,0.11453,covsumrhe,53,-1,0.4,1.0
0.48481,0.10861,covsumrhe,54,-1,0.4,1.0
0.30682,0.08946,covsumrhe,55,-1,0.4,1.0
0.43736,0.10686,covsumrhe,56,-1,0.4,1.0
0.46943,0.12131,covsumrhe,57,-1,0.4,1.0
0.10647,0.09686,covsumrhe,58,-1,0.4,1.0
0.40895,0.10906,covsumrhe,59,-1,0.4,1.0
0.35635,0.1036,covsumrhe,60,-1,0.4,1.0
0.37283,0.10476,covsumrhe,61,-1,0.4,1.0
0.41658,0.099,covsumrhe,62,-1,0.4,1.0
0.41552,0.09908,covsumrhe,63,-1,0.4,1.0
0.51426,0.11778,covsumrhe,64,-1,0.4,1.0
0.39946,0.10589,covsumrhe,65,-1,0.4,1.0
0.27215,0.10175,covsumrhe,66,-1,0.4,1.0
0.28109,0.09884,covsumrhe,67,-1,0.4,1.0
0.21022,0.0861,covsumrhe,68,-1,0.4,1.0
0.18182,0.10294,covsumrhe,69,-1,0.4,1.0
0.65841,0.13982,covsumrhe,70,-1,0.4,1.0
0.21883,0.09542,covsumrhe,71,-1,0.4,1.0
0.3217,0.11257,covsumrhe,72,-1,0.4,1.0
0.27958,0.08958,covsumrhe,73,-1,0.4,1.0
0.41253,0.09608,covsumrhe,74,-1,0.4,1.0
0.30835,0.09882,covsumrhe,75,-1,0.4,1.0
0.35245,0.10736,covsumrhe,76,-1,0.4,1.0
0.52326,0.1137,covsumrhe,77,-1,0.4,1.0
0.40246,0.09708,covsumrhe,78,-1,0.4,1.0
0.17843,0.09068,covsumrhe,79,-1,0.4,1.0
0.43665,0.12052,covsumrhe,80,-1,0.4,1.0
0.39521,0.0977,covsumrhe,81,-1,0.4,1.0
0.41126,0.10676,covsumrhe,82,-1,0.4,1.0
0.52116,0.11195,covsumrhe,83,-1,0.4,1.0
0.47482,0.11257,covsumrhe,84,-1,0.4,1.0
0.4379,0.10839,covsumrhe,85,-1,0.4,1.0
0.35947,0.10118,covsumrhe,86,-1,0.4,1.0
0.43197,0.13886,covsumrhe,87,-1,0.4,1.0
0.41598,0.10575,covsumrhe,88,-1,0.4,1.0
0.42597,0.10807,covsumrhe,89,-1,0.4,1.0
0.41329,0.09823,covsumrhe,90,-1,0.4,1.0
0.30016,0.1015,covsumrhe,91,-1,0.4,1.0
0.25157,0.09928,covsumrhe,92,-1,0.4,1.0
0.26395,0.10762,covsumrhe,93,-1,0.4,1.0
0.51937,0.11326,covsumrhe,94,-1,0.4,1.0
0.41837,0.11103,covsumrhe,95,-1,0.4,1.0
0.63293,0.12324,covsumrhe,96,-1,0.4,1.0
0.23463,0.09985,covsumrhe,97,-1,0.4,1.0
0.17794,0.08761,covsumrhe,98,-1,0.4,1.0
0.45906,0.11175,covsumrhe,99,-1,0.4,1.0
0.45538,0.09941,covsumrhe,0,-1,0.4,0.1
0.16449,0.09762,covsumrhe,1,-1,0.4,0.1
0.37905,0.10659,covsumrhe,2,-1,0.4,0.1
0.33662,0.1008,covsumrhe,3,-1,0.4,0.1
0.33962,0.09932,covsumrhe,4,-1,0.4,0.1
0.35539,0.10194,covsumrhe,5,-1,0.4,0.1
0.4928,0.09853,covsumrhe,6,-1,0.4,0.1
0.54374,0.10737,covsumrhe,7,-1,0.4,0.1
0.31783,0.10624,covsumrhe,8,-1,0.4,0.1
0.24872,0.10181,covsumrhe,9,-1,0.4,0.1
0.48266,0.10229,covsumrhe,10,-1,0.4,0.1
0.31506,0.0885,covsumrhe,11,-1,0.4,0.1
0.45909,0.10549,covsumrhe,12,-1,0.4,0.1
0.4027,0.09751,covsumrhe,13,-1,0.4,0.1
0.38511,0.10983,covsumrhe,14,-1,0.4,0.1
0.47868,0.10609,covsumrhe,15,-1,0.4,0.1
0.32352,0.09552,covsumrhe,16,-1,0.4,0.1
0.32815,0.10747,covsumrhe,17,-1,0.4,0.1
0.41797,0.11733,covsumrhe,18,-1,0.4,0.1
0.50618,0.10982,covsumrhe,19,-1,0.4,0.1
0.60488,0.12073,covsumrhe,20,-1,0.4,0.1
0.37123,0.10448,covsumrhe,21,-1,0.4,0.1
0.50852,0.1137,covsumrhe,22,-1,0.4,0.1
0.37251,0.10575,covsumrhe,23,-1,0.4,0.1
0.29944,0.10226,covsumrhe,24,-1,0.4,0.1
0.37499,0.09389,covsumrhe,25,-1,0.4,0.1
0.42654,0.11004,covsumrhe,26,-1,0.4,0.1
0.30414,0.10688,covsumrhe,27,-1,0.4,0.1
0.37243,0.1113,covsumrhe,28,-1,0.4,0.1
0.35612,0.11336,covsumrhe,29,-1,0.4,0.1
0.48857,0.11148,covsumrhe,30,-1,0.4,0.1
0.55983,0.1202,covsumrhe,31,-1,0.4,0.1
0.33673,0.10976,covsumrhe,32,-1,0.4,0.1
0.42208,0.11725,covsumrhe,33,-1,0.4,0.1
0.45803,0.12027,covsumrhe,34,-1,0.4,0.1
0.48817,0.11248,covsumrhe,35,-1,0.4,0.1
0.46643,0.11685,covsumrhe,36,-1,0.4,0.1
0.22174,0.10216,covsumrhe,37,-1,0.4,0.1
0.43449,0.11593,covsumrhe,38,-1,0.4,0.1
0.36329,0.10511,covsumrhe,39,-1,0.4,0.1
0.36066,0.10872,covsumrhe,40,-1,0.4,0.1
0.31882,0.09025,covsumrhe,41,-1,0.4,0.1
0.37341,0.0995,covsumrhe,42,-1,0.4,0.1
0.34076,0.09508,covsumrhe,43,-1,0.4,0.1
0.43656,0.10275,covsumrhe,44,-1,0.4,0.1
0.4516,0.11243,covsumrhe,45,-1,0.4,0.1
0.45688,0.0991,covsumrhe,46,-1,0.4,0.1
0.51466,0.12285,covsumrhe,47,-1,0.4,0.1
0.37032,0.1023,covsumrhe,48,-1,0.4,0.1
0.31141,0.10004,covsumrhe,49,-1,0.4,0.1
0.43749,0.12735,covsumrhe,50,-1,0.4,0.1
0.43313,0.10061,covsumrhe,51,-1,0.4,0.1
0.42153,0.11055,covsumrhe,52,-1,0.4,0.1
0.41594,0.12057,covsumrhe,53,-1,0.4,0.1
0.35836,0.11831,covsumrhe,54,-1,0.4,0.1
0.48458,0.09665,covsumrhe,55,-1,0.4,0.1
0.42568,0.10637,covsumrhe,56,-1,0.4,0.1
0.30768,0.10373,covsumrhe,57,-1,0.4,0.1
0.36884,0.1111,covsumrhe,58,-1,0.4,0.1
0.5585,0.12789,covsumrhe,59,-1,0.4,0.1
0.53552,0.12228,covsumrhe,60,-1,0.4,0.1
0.16911,0.08268,covsumrhe,61,-1,0.4,0.1
0.42798,0.11283,covsumrhe,62,-1,0.4,0.1
0.36483,0.0981,covsumrhe,63,-1,0.4,0.1
0.62239,0.12444,covsumrhe,64,-1,0.4,0.1
0.54972,0.11407,covsumrhe,65,-1,0.4,0.1
0.37595,0.11022,covsumrhe,66,-1,0.4,0.1
0.52998,0.1127,covsumrhe,67,-1,0.4,0.1
0.31651,0.09467,covsumrhe,68,-1,0.4,0.1
0.36795,0.11822,covsumrhe,69,-1,0.4,0.1
0.31097,0.11614,covsumrhe,70,-1,0.4,0.1
0.22417,0.09344,covsumrhe,71,-1,0.4,0.1
0.45253,0.09959,covsumrhe,72,-1,0.4,0.1
0.34503,0.10656,covsumrhe,73,-1,0.4,0.1
0.25317,0.09558,covsumrhe,74,-1,0.4,0.1
0.32825,0.09018,covsumrhe,75,-1,0.4,0.1
0.45506,0.10405,covsumrhe,76,-1,0.4,0.1
0.40104,0.09649,covsumrhe,77,-1,0.4,0.1
0.45195,0.10011,covsumrhe,78,-1,0.4,0.1
0.42007,0.1026,covsumrhe,79,-1,0.4,0.1
0.35575,0.10706,covsumrhe,80,-1,0.4,0.1
0.29925,0.09581,covsumrhe,81,-1,0.4,0.1
0.43477,0.09833,covsumrhe,82,-1,0.4,0.1
0.38486,0.10714,covsumrhe,83,-1,0.4,0.1
0.21353,0.08944,covsumrhe,84,-1,0.4,0.1
0.26927,0.0945,covsumrhe,85,-1,0.4,0.1
0.42277,0.10656,covsumrhe,86,-1,0.4,0.1
0.2808,0.08295,covsumrhe,87,-1,0.4,0.1
0.30378,0.10245,covsumrhe,88,-1,0.4,0.1
0.36578,0.10831,covsumrhe,89,-1,0.4,0.1
0.38785,0.11124,covsumrhe,90,-1,0.4,0.1
0.24596,0.08387,covsumrhe,91,-1,0.4,0.1
0.05868,0.10098,covsumrhe,92,-1,0.4,0.1
0.57211,0.12236,covsumrhe,93,-1,0.4,0.1
0.37715,0.11438,covsumrhe,94,-1,0.4,0.1
0.29788,0.08582,covsumrhe,95,-1,0.4,0.1
0.32284,0.10064,covsumrhe,96,-1,0.4,0.1
0.37762,0.10347,covsumrhe,97,-1,0.4,0.1
0.35484,0.10375,covsumrhe,98,-1,0.4,0.1
0.21771,0.09647,covsumrhe,99,-1,0.4,0.1
0.40312,0.11527,covsumrhe,0,-1,0.4,0.01
0.37311,0.10345,covsumrhe,1,-1,0.4,0.01
0.42317,0.10117,covsumrhe,2,-1,0.4,0.01
0.50067,0.11173,covsumrhe,3,-1,0.4,0.01
0.537,0.12926,covsumrhe,4,-1,0.4,0.01
0.46701,0.10418,covsumrhe,5,-1,0.4,0.01
0.43409,0.11254,covsumrhe,6,-1,0.4,0.01
0.61633,0.12126,covsumrhe,7,-1,0.4,0.01
0.55403,0.1165,covsumrhe,8,-1,0.4,0.01
0.17178,0.10281,covsumrhe,9,-1,0.4,0.01
0.59632,0.13416,covsumrhe,10,-1,0.4,0.01
0.42852,0.12046,covsumrhe,11,-1,0.4,0.01
0.72218,0.1372,covsumrhe,12,-1,0.4,0.01
0.22012,0.08926,covsumrhe,13,-1,0.4,0.01
0.35225,0.10267,covsumrhe,14,-1,0.4,0.01
0.35485,0.10563,covsumrhe,15,-1,0.4,0.01
0.43384,0.10035,covsumrhe,16,-1,0.4,0.01
0.40381,0.10144,covsumrhe,17,-1,0.4,0.01
0.52831,0.12187,covsumrhe,18,-1,0.4,0.01
0.35293,0.10724,covsumrhe,19,-1,0.4,0.01
0.46889,0.10643,covsumrhe,20,-1,0.4,0.01
0.43415,0.11003,covsumrhe,21,-1,0.4,0.01
0.15408,0.0881,covsumrhe,22,-1,0.4,0.01
0.41603,0.10849,covsumrhe,23,-1,0.4,0.01
0.34169,0.11717,covsumrhe,24,-1,0.4,0.01
0.37618,0.11473,covsumrhe,25,-1,0.4,0.01
0.50207,0.12743,covsumrhe,26,-1,0.4,0.01
0.27545,0.09612,covsumrhe,27,-1,0.4,0.01
0.2881,0.08911,covsumrhe,28,-1,0.4,0.01
0.56269,0.11612,covsumrhe,29,-1,0.4,0.01
0.29051,0.09014,covsumrhe,30,-1,0.4,0.01
0.29222,0.10653,covsumrhe,31,-1,0.4,0.01
0.33341,0.10499,covsumrhe,32,-1,0.4,0.01
0.43514,0.1065,covsumrhe,33,-1,0.4,0.01
0.50525,0.12411,covsumrhe,34,-1,0.4,0.01
0.41881,0.10357,covsumrhe,35,-1,0.4,0.01
0.32899,0.092,covsumrhe,36,-1,0.4,0.01
0.59589,0.12238,covsumrhe,37,-1,0.4,0.01
0.42325,0.10204,covsumrhe,38,-1,0.4,0.01
0.27938,0.0942,covsumrhe,39,-1,0.4,0.01
0.5832,0.11604,covsumrhe,40,-1,0.4,0.01
0.46316,0.10797,covsumrhe,41,-1,0.4,0.01
0.30393,0.09571,covsumrhe,42,-1,0.4,0.01
0.28296,0.10924,covsumrhe,43,-1,0.4,0.01
0.58864,0.12461,covsumrhe,44,-1,0.4,0.01
0.44962,0.1029,covsumrhe,45,-1,0.4,0.01
0.38333,0.09477,covsumrhe,46,-1,0.4,0.01
0.40546,0.10542,covsumrhe,47,-1,0.4,0.01
0.31169,0.10061,covsumrhe,48,-1,0.4,0.01
0.25084,0.08924,covsumrhe,49,-1,0.4,0.01
0.32051,0.09525,covsumrhe,50,-1,0.4,0.01
0.3988,0.09222,covsumrhe,51,-1,0.4,0.01
0.43166,0.11222,covsumrhe,52,-1,0.4,0.01
0.39696,0.09607,covsumrhe,53,-1,0.4,0.01
0.31427,0.09514,covsumrhe,54,-1,0.4,0.01
0.27556,0.11068,covsumrhe,55,-1,0.4,0.01
0.30605,0.09854,covsumrhe,56,-1,0.4,0.01
0.35599,0.10343,covsumrhe,57,-1,0.4,0.01
0.25353,0.09598,covsumrhe,58,-1,0.4,0.01
0.3473,0.09305,covsumrhe,59,-1,0.4,0.01
0.70573,0.13994,covsumrhe,60,-1,0.4,0.01
0.45917,0.10748,covsumrhe,61,-1,0.4,0.01
0.46227,0.11524,covsumrhe,62,-1,0.4,0.01
0.37619,0.10309,covsumrhe,63,-1,0.4,0.01
0.39902,0.10352,covsumrhe,64,-1,0.4,0.01
0.25082,0.11059,covsumrhe,65,-1,0.4,0.01
0.4235,0.1127,covsumrhe,66,-1,0.4,0.01
0.30455,0.11242,covsumrhe,67,-1,0.4,0.01
0.56147,0.11226,covsumrhe,68,-1,0.4,0.01
0.54705,0.11207,covsumrhe,69,-1,0.4,0.01
0.51757,0.11568,covsumrhe,70,-1,0.4,0.01
0.45472,0.12777,covsumrhe,71,-1,0.4,0.01
0.44251,0.10721,covsumrhe,72,-1,0.4,0.01
0.34577,0.10423,covsumrhe,73,-1,0.4,0.01
0.50917,0.12005,covsumrhe,74,-1,0.4,0.01
0.38729,0.1109,covsumrhe,75,-1,0.4,0.01
0.42613,0.10976,covsumrhe,76,-1,0.4,0.01
0.22541,0.10749,covsumrhe,77,-1,0.4,0.01
0.41654,0.11057,covsumrhe,78,-1,0.4,0.01
0.36056,0.09287,covsumrhe,79,-1,0.4,0.01
0.41514,0.11746,covsumrhe,80,-1,0.4,0.01
0.26183,0.10626,covsumrhe,81,-1,0.4,0.01
0.1539,0.09167,covsumrhe,82,-1,0.4,0.01
0.26587,0.0899,covsumrhe,83,-1,0.4,0.01
0.25657,0.1013,covsumrhe,84,-1,0.4,0.01
0.41307,0.11557,covsumrhe,85,-1,0.4,0.01
0.36568,0.10954,covsumrhe,86,-1,0.4,0.01
0.39606,0.12993,covsumrhe,87,-1,0.4,0.01
0.37865,0.08441,covsumrhe,88,-1,0.4,0.01
0.25901,0.08253,covsumrhe,89,-1,0.4,0.01
0.42163,0.11297,covsumrhe,90,-1,0.4,0.01
0.56974,0.11479,covsumrhe,91,-1,0.4,0.01
0.39505,0.1157,covsumrhe,92,-1,0.4,0.01
0.26648,0.09716,covsumrhe,93,-1,0.4,0.01
0.35367,0.12939,covsumrhe,94,-1,0.4,0.01
0.52597,0.11034,covsumrhe,95,-1,0.4,0.01
0.48335,0.12782,covsumrhe,96,-1,0.4,0.01
0.50691,0.11718,covsumrhe,97,-1,0.4,0.01
0.6082,0.11678,covsumrhe,98,-1,0.4,0.01
0.61451,0.11629,covsumrhe,99,-1,0.4,0.01
-0.0954,0.1737,ldsc,0,1000,0.1,1.0
-0.158,0.2193,ldsc,1,1000,0.1,1.0
23.8942,0.8558,ldsc,2,1000,0.1,1.0
-0.1743,0.1672,ldsc,3,1000,0.1,1.0
32.6762,0.9548,ldsc,4,1000,0.1,1.0
0.4373,0.21,ldsc,5,1000,0.1,1.0
1.9397,0.3081,ldsc,6,1000,0.1,1.0
6.4847,0.4076,ldsc,7,1000,0.1,1.0
0.772,0.2131,ldsc,8,1000,0.1,1.0
23.5582,0.7683,ldsc,9,1000,0.1,1.0
1.9179,0.2611,ldsc,10,1000,0.1,1.0
44.083,1.2348,ldsc,11,1000,0.1,1.0
7.684,0.4717,ldsc,12,1000,0.1,1.0
-0.8097,0.175,ldsc,13,1000,0.1,1.0
12.0719,0.5731,ldsc,14,1000,0.1,1.0
61.562,1.3093,ldsc,15,1000,0.1,1.0
7.5317,0.4637,ldsc,16,1000,0.1,1.0
28.2308,0.8489,ldsc,17,1000,0.1,1.0
3.3142,0.3585,ldsc,18,1000,0.1,1.0
26.8676,0.8345,ldsc,19,1000,0.1,1.0
-0.9343,0.1585,ldsc,20,1000,0.1,1.0
33.9873,0.9806,ldsc,21,1000,0.1,1.0
19.0472,0.6837,ldsc,22,1000,0.1,1.0
1.9722,0.2111,ldsc,23,1000,0.1,1.0
29.8949,0.9513,ldsc,24,1000,0.1,1.0
3.6688,0.3419,ldsc,25,1000,0.1,1.0
47.4319,1.298,ldsc,26,1000,0.1,1.0
11.6783,0.4901,ldsc,27,1000,0.1,1.0
-1.125,0.1436,ldsc,28,1000,0.1,1.0
12.0224,0.5443,ldsc,29,1000,0.1,1.0
13.0137,0.4968,ldsc,30,1000,0.1,1.0
-0.1995,0.1903,ldsc,31,1000,0.1,1.0
0.9494,0.2336,ldsc,32,1000,0.1,1.0
9.5034,0.501,ldsc,33,1000,0.1,1.0
-0.1376,0.1784,ldsc,34,1000,0.1,1.0
16.9124,0.7095,ldsc,35,1000,0.1,1.0
5.7169,0.3991,ldsc,36,1000,0.1,1.0
30.0315,0.9762,ldsc,37,1000,0.1,1.0
-0.9498,0.1582,ldsc,38,1000,0.1,1.0
4.2972,0.378,ldsc,39,1000,0.1,1.0
3.415,0.345,ldsc,40,1000,0.1,1.0
1.8325,0.2823,ldsc,41,1000,0.1,1.0
5.2714,0.3985,ldsc,42,1000,0.1,1.0
73.7581,1.493,ldsc,43,1000,0.1,1.0
59.0376,1.5176,ldsc,44,1000,0.1,1.0
13.7096,0.5403,ldsc,45,1000,0.1,1.0
12.3118,0.5695,ldsc,46,1000,0.1,1.0
14.6436,0.6217,ldsc,47,1000,0.1,1.0
13.4974,0.5734,ldsc,48,1000,0.1,1.0
-0.5199,0.1752,ldsc,49,1000,0.1,1.0
3.8407,0.3393,ldsc,50,1000,0.1,1.0
-0.8791,0.153,ldsc,51,1000,0.1,1.0
-0.5608,0.168,ldsc,52,1000,0.1,1.0
32.4217,1.0163,ldsc,53,1000,0.1,1.0
36.8672,1.0099,ldsc,54,1000,0.1,1.0
13.1541,0.6352,ldsc,55,1000,0.1,1.0
1.1694,0.2396,ldsc,56,1000,0.1,1.0
-0.7087,0.1659,ldsc,57,1000,0.1,1.0
31.3309,0.9122,ldsc,58,1000,0.1,1.0
5.4058,0.4091,ldsc,59,1000,0.1,1.0
7.1538,0.4327,ldsc,60,1000,0.1,1.0
97.0324,1.7706,ldsc,61,1000,0.1,1.0
38.8023,1.1615,ldsc,62,1000,0.1,1.0
16.8612,0.679,ldsc,63,1000,0.1,1.0
4.8225,0.4229,ldsc,64,1000,0.1,1.0
31.078,0.8876,ldsc,65,1000,0.1,1.0
26.4165,0.8767,ldsc,66,1000,0.1,1.0
2.116,0.2713,ldsc,67,1000,0.1,1.0
1.4795,0.2738,ldsc,68,1000,0.1,1.0
-0.8698,0.1532,ldsc,69,1000,0.1,1.0
9.0323,0.454,ldsc,70,1000,0.1,1.0
4.6112,0.3664,ldsc,71,1000,0.1,1.0
4.8209,0.3393,ldsc,72,1000,0.1,1.0
28.8237,0.8005,ldsc,73,1000,0.1,1.0
8.8391,0.4456,ldsc,74,1000,0.1,1.0
29.4079,0.9489,ldsc,75,1000,0.1,1.0
4.3081,0.3619,ldsc,76,1000,0.1,1.0
0.2392,0.2161,ldsc,77,1000,0.1,1.0
37.4873,1.0594,ldsc,78,1000,0.1,1.0
43.4218,1.2722,ldsc,79,1000,0.1,1.0
-0.4348,0.1569,ldsc,80,1000,0.1,1.0
6.9519,0.4252,ldsc,81,1000,0.1,1.0
-0.8111,0.1664,ldsc,82,1000,0.1,1.0
33.3122,1.0087,ldsc,83,1000,0.1,1.0
11.9001,0.5155,ldsc,84,1000,0.1,1.0
21.9997,0.7973,ldsc,85,1000,0.1,1.0
2.04,0.2671,ldsc,86,1000,0.1,1.0
3.0659,0.364,ldsc,87,1000,0.1,1.0
0.2307,0.2099,ldsc,88,1000,0.1,1.0
138.3087,2.8793,ldsc,89,1000,0.1,1.0
8.0947,0.4677,ldsc,90,1000,0.1,1.0
34.2975,1.046,ldsc,91,1000,0.1,1.0
8.7565,0.4424,ldsc,92,1000,0.1,1.0
1.0007,0.264,ldsc,93,1000,0.1,1.0
1.1045,0.2413,ldsc,94,1000,0.1,1.0
8.3456,0.4734,ldsc,95,1000,0.1,1.0
22.3197,0.7371,ldsc,96,1000,0.1,1.0
10.2211,0.4876,ldsc,97,1000,0.1,1.0
0.1589,0.2283,ldsc,98,1000,0.1,1.0
70.5565,1.5267,ldsc,99,1000,0.1,1.0
-0.074,0.1402,ldsc,0,2000,0.1,1.0
-0.1493,0.1679,ldsc,1,2000,0.1,1.0
20.2993,0.6625,ldsc,2,2000,0.1,1.0
-0.158,0.1306,ldsc,3,2000,0.1,1.0
27.6432,0.709,ldsc,4,2000,0.1,1.0
0.3546,0.17,ldsc,5,2000,0.1,1.0
1.6313,0.2482,ldsc,6,2000,0.1,1.0
5.4156,0.3338,ldsc,7,2000,0.1,1.0
0.6658,0.1667,ldsc,8,2000,0.1,1.0
19.9787,0.5976,ldsc,9,2000,0.1,1.0
1.5767,0.2098,ldsc,10,2000,0.1,1.0
37.3343,0.8957,ldsc,11,2000,0.1,1.0
6.576,0.374,ldsc,12,2000,0.1,1.0
-0.6796,0.1315,ldsc,13,2000,0.1,1.0
10.3214,0.4609,ldsc,14,2000,0.1,1.0
51.5877,0.8657,ldsc,15,2000,0.1,1.0
6.4415,0.3754,ldsc,16,2000,0.1,1.0
23.9135,0.6167,ldsc,17,2000,0.1,1.0
2.8071,0.2859,ldsc,18,2000,0.1,1.0
22.778,0.6124,ldsc,19,2000,0.1,1.0
-0.8153,0.1179,ldsc,20,2000,0.1,1.0
28.8373,0.7271,ldsc,21,2000,0.1,1.0
16.0758,0.5518,ldsc,22,2000,0.1,1.0
1.6455,0.1704,ldsc,23,2000,0.1,1.0
25.3396,0.7086,ldsc,24,2000,0.1,1.0
3.1461,0.2735,ldsc,25,2000,0.1,1.0
40.113,0.9218,ldsc,26,2000,0.1,1.0
9.9524,0.3941,ldsc,27,2000,0.1,1.0
-0.9615,0.1077,ldsc,28,2000,0.1,1.0
10.2042,0.4323,ldsc,29,2000,0.1,1.0
11.0173,0.4031,ldsc,30,2000,0.1,1.0
-0.1545,0.1516,ldsc,31,2000,0.1,1.0
0.8382,0.1884,ldsc,32,2000,0.1,1.0
8.032,0.3963,ldsc,33,2000,0.1,1.0
-0.0956,0.1428,ldsc,34,2000,0.1,1.0
14.3218,0.5679,ldsc,35,2000,0.1,1.0
4.8682,0.3159,ldsc,36,2000,0.1,1.0
25.4671,0.7359,ldsc,37,2000,0.1,1.0
-0.8158,0.1194,ldsc,38,2000,0.1,1.0
3.6574,0.3005,ldsc,39,2000,0.1,1.0
2.8933,0.2768,ldsc,40,2000,0.1,1.0
1.5715,0.2239,ldsc,41,2000,0.1,1.0
4.4767,0.3169,ldsc,42,2000,0.1,1.0
61.6974,1.022,ldsc,43,2000,0.1,1.0
49.6682,1.0813,ldsc,44,2000,0.1,1.0
11.6235,0.4294,ldsc,45,2000,0.1,1.0
10.4234,0.4489,ldsc,46,2000,0.1,1.0
12.5091,0.5098,ldsc,47,2000,0.1,1.0
11.4858,0.4588,ldsc,48,2000,0.1,1.0
-0.4677,0.1295,ldsc,49,2000,0.1,1.0
3.2537,0.2721,ldsc,50,2000,0.1,1.0
-0.7482,0.1172,ldsc,51,2000,0.1,1.0
-0.5246,0.1224,ldsc,52,2000,0.1,1.0
27.3751,0.7371,ldsc,53,2000,0.1,1.0
31.2187,0.7386,ldsc,54,2000,0.1,1.0
11.172,0.5012,ldsc,55,2000,0.1,1.0
1.0134,0.1909,ldsc,56,2000,0.1,1.0
-0.62,0.126,ldsc,57,2000,0.1,1.0
26.5046,0.6911,ldsc,58,2000,0.1,1.0
4.5788,0.322,ldsc,59,2000,0.1,1.0
6.0849,0.3459,ldsc,60,2000,0.1,1.0
79.7089,1.0209,ldsc,61,2000,0.1,1.0
32.772,0.8677,ldsc,62,2000,0.1,1.0
14.3407,0.5155,ldsc,63,2000,0.1,1.0
4.0932,0.3426,ldsc,64,2000,0.1,1.0
26.2842,0.6468,ldsc,65,2000,0.1,1.0
22.3945,0.6573,ldsc,66,2000,0.1,1.0
1.7701,0.2174,ldsc,67,2000,0.1,1.0
1.2363,0.2216,ldsc,68,2000,0.1,1.0
-0.7328,0.1136,ldsc,69,2000,0.1,1.0
7.6475,0.3518,ldsc,70,2000,0.1,1.0
3.8835,0.2944,ldsc,71,2000,0.1,1.0
4.0526,0.281,ldsc,72,2000,0.1,1.0
24.4426,0.591,ldsc,73,2000,0.1,1.0
7.5404,0.3547,ldsc,74,2000,0.1,1.0
25.0019,0.7031,ldsc,75,2000,0.1,1.0
3.6694,0.2882,ldsc,76,2000,0.1,1.0
0.1704,0.1723,ldsc,77,2000,0.1,1.0
31.6954,0.7583,ldsc,78,2000,0.1,1.0
36.6645,0.9479,ldsc,79,2000,0.1,1.0
-0.4437,0.1211,ldsc,80,2000,0.1,1.0
5.949,0.3414,ldsc,81,2000,0.1,1.0
-0.6984,0.1286,ldsc,82,2000,0.1,1.0
28.2611,0.745,ldsc,83,2000,0.1,1.0
10.0979,0.4032,ldsc,84,2000,0.1,1.0
18.6803,0.6032,ldsc,85,2000,0.1,1.0
1.7706,0.2183,ldsc,86,2000,0.1,1.0
2.6364,0.2927,ldsc,87,2000,0.1,1.0
0.174,0.1648,ldsc,88,2000,0.1,1.0
109.6409,2.2848,ldsc,89,2000,0.1,1.0
6.9133,0.3804,ldsc,90,2000,0.1,1.0
28.9536,0.8126,ldsc,91,2000,0.1,1.0
7.3965,0.3488,ldsc,92,2000,0.1,1.0
0.8486,0.2115,ldsc,93,2000,0.1,1.0
0.9664,0.1893,ldsc,94,2000,0.1,1.0
7.0251,0.3774,ldsc,95,2000,0.1,1.0
18.9504,0.5592,ldsc,96,2000,0.1,1.0
8.7716,0.3783,ldsc,97,2000,0.1,1.0
0.1586,0.1783,ldsc,98,2000,0.1,1.0
59.1506,1.0051,ldsc,99,2000,0.1,1.0
-0.0583,0.1161,ldsc,0,3000,0.1,1.0
-0.1321,0.135,ldsc,1,3000,0.1,1.0
17.042,0.5442,ldsc,2,3000,0.1,1.0
-0.1343,0.1061,ldsc,3,3000,0.1,1.0
23.1609,0.5735,ldsc,4,3000,0.1,1.0
0.292,0.14,ldsc,5,3000,0.1,1.0
1.3699,0.2044,ldsc,6,3000,0.1,1.0
4.5185,0.2777,ldsc,7,3000,0.1,1.0
0.5634,0.1358,ldsc,8,3000,0.1,1.0
16.7528,0.4926,ldsc,9,3000,0.1,1.0
1.3064,0.1733,ldsc,10,3000,0.1,1.0
31.266,0.7145,ldsc,11,3000,0.1,1.0
5.5377,0.3074,ldsc,12,3000,0.1,1.0
-0.5646,0.105,ldsc,13,3000,0.1,1.0
8.6932,0.3807,ldsc,14,3000,0.1,1.0
42.9954,0.6818,ldsc,15,3000,0.1,1.0
5.4231,0.3111,ldsc,16,3000,0.1,1.0
20.0503,0.4915,ldsc,17,3000,0.1,1.0
2.3541,0.2354,ldsc,18,3000,0.1,1.0
19.0947,0.4897,ldsc,19,3000,0.1,1.0
-0.6897,0.093,ldsc,20,3000,0.1,1.0
24.1836,0.5862,ldsc,21,3000,0.1,1.0
13.4682,0.4615,ldsc,22,3000,0.1,1.0
1.3753,0.1411,ldsc,23,3000,0.1,1.0
21.2243,0.5695,ldsc,24,3000,0.1,1.0
2.638,0.2251,ldsc,25,3000,0.1,1.0
33.5568,0.7325,ldsc,26,3000,0.1,1.0
8.3718,0.3281,ldsc,27,3000,0.1,1.0
-0.8078,0.0858,ldsc,28,3000,0.1,1.0
8.5673,0.3539,ldsc,29,3000,0.1,1.0
9.2394,0.3334,ldsc,30,3000,0.1,1.0
-0.1222,0.125,ldsc,31,3000,0.1,1.0
0.7209,0.1561,ldsc,32,3000,0.1,1.0
6.7341,0.3244,ldsc,33,3000,0.1,1.0
-0.0728,0.1177,ldsc,34,3000,0.1,1.0
12.0066,0.4692,ldsc,35,3000,0.1,1.0
4.0926,0.2591,ldsc,36,3000,0.1,1.0
21.362,0.5929,ldsc,37,3000,0.1,1.0
-0.6879,0.0952,ldsc,38,3000,0.1,1.0
3.0632,0.2457,ldsc,39,3000,0.1,1.0
2.4213,0.2285,ldsc,40,3000,0.1,1.0
1.3268,0.1844,ldsc,41,3000,0.1,1.0
3.7472,0.2601,ldsc,42,3000,0.1,1.0
51.3762,0.8297,ldsc,43,3000,0.1,1.0
41.4577,0.8667,ldsc,44,3000,0.1,1.0
9.7625,0.3569,ldsc,45,3000,0.1,1.0
8.7452,0.367,ldsc,46,3000,0.1,1.0
10.5311,0.4235,ldsc,47,3000,0.1,1.0
9.6555,0.3799,ldsc,48,3000,0.1,1.0
-0.4024,0.1024,ldsc,49,3000,0.1,1.0
2.7285,0.2242,ldsc,50,3000,0.1,1.0
-0.628,0.0949,ldsc,51,3000,0.1,1.0
-0.4525,0.0961,ldsc,52,3000,0.1,1.0
22.8987,0.5846,ldsc,53,3000,0.1,1.0
26.146,0.593,ldsc,54,3000,0.1,1.0
9.3751,0.4103,ldsc,55,3000,0.1,1.0
0.8589,0.1576,ldsc,56,3000,0.1,1.0
-0.5262,0.1012,ldsc,57,3000,0.1,1.0
22.2062,0.5623,ldsc,58,3000,0.1,1.0
3.8404,0.2623,ldsc,59,3000,0.1,1.0
5.1202,0.2838,ldsc,60,3000,0.1,1.0
66.4234,0.7978,ldsc,61,3000,0.1,1.0
27.4462,0.7034,ldsc,62,3000,0.1,1.0
12.0533,0.4137,ldsc,63,3000,0.1,1.0
3.4353,0.2839,ldsc,64,3000,0.1,1.0
22.0094,0.5151,ldsc,65,3000,0.1,1.0
18.775,0.5289,ldsc,66,3000,0.1,1.0
1.4738,0.1784,ldsc,67,3000,0.1,1.0
1.0352,0.1835,ldsc,68,3000,0.1,1.0
-0.6127,0.09,ldsc,69,3000,0.1,1.0
6.4112,0.2857,ldsc,70,3000,0.1,1.0
3.2535,0.2432,ldsc,71,3000,0.1,1.0
3.3936,0.2353,ldsc,72,3000,0.1,1.0
20.4924,0.4768,ldsc,73,3000,0.1,1.0
6.3337,0.2931,ldsc,74,3000,0.1,1.0
20.9784,0.5649,ldsc,75,3000,0.1,1.0
3.0836,0.2364,ldsc,76,3000,0.1,1.0
0.1333,0.1411,ldsc,77,3000,0.1,1.0
26.5394,0.5974,ldsc,78,3000,0.1,1.0
30.6871,0.7649,ldsc,79,3000,0.1,1.0
-0.4012,0.098,ldsc,80,3000,0.1,1.0
5.0095,0.282,ldsc,81,3000,0.1,1.0
-0.5849,0.1047,ldsc,82,3000,0.1,1.0
23.6973,0.5986,ldsc,83,3000,0.1,1.0
8.4673,0.3301,ldsc,84,3000,0.1,1.0
15.6792,0.4859,ldsc,85,3000,0.1,1.0
1.4956,0.1816,ldsc,86,3000,0.1,1.0
2.2235,0.241,ldsc,87,3000,0.1,1.0
0.1407,0.1337,ldsc,88,3000,0.1,1.0
88.0953,12.6426,ldsc,89,3000,0.1,1.0
5.8198,0.3159,ldsc,90,3000,0.1,1.0
24.2393,0.6691,ldsc,91,3000,0.1,1.0
6.1879,0.2859,ldsc,92,3000,0.1,1.0
0.7084,0.1745,ldsc,93,3000,0.1,1.0
0.8176,0.1546,ldsc,94,3000,0.1,1.0
5.8792,0.3116,ldsc,95,3000,0.1,1.0
15.9053,0.4549,ldsc,96,3000,0.1,1.0
7.385,0.3072,ldsc,97,3000,0.1,1.0
0.1465,0.145,ldsc,98,3000,0.1,1.0
49.2834,0.7992,ldsc,99,3000,0.1,1.0
-0.0431,0.0867,ldsc,0,5000,0.1,1.0
-0.1048,0.0981,ldsc,1,5000,0.1,1.0
12.864,0.409,ldsc,2,5000,0.1,1.0
-0.1014,0.078,ldsc,3,5000,0.1,1.0
17.4584,0.4256,ldsc,4,5000,0.1,1.0
0.2145,0.1047,ldsc,5,5000,0.1,1.0
1.0288,0.1513,ldsc,6,5000,0.1,1.0
3.3896,0.2084,ldsc,7,5000,0.1,1.0
0.4276,0.1002,ldsc,8,5000,0.1,1.0
12.6352,0.3708,ldsc,9,5000,0.1,1.0
0.9737,0.1295,ldsc,10,5000,0.1,1.0
23.6021,0.5219,ldsc,11,5000,0.1,1.0
4.185,0.2292,ldsc,12,5000,0.1,1.0
-0.4246,0.0761,ldsc,13,5000,0.1,1.0
6.5729,0.2842,ldsc,14,5000,0.1,1.0
32.4502,0.5054,ldsc,15,5000,0.1,1.0
4.1012,0.2331,ldsc,16,5000,0.1,1.0
15.1118,0.3594,ldsc,17,5000,0.1,1.0
1.7744,0.1748,ldsc,18,5000,0.1,1.0
14.4037,0.3633,ldsc,19,5000,0.1,1.0
-0.5223,0.0664,ldsc,20,5000,0.1,1.0
18.2593,0.4322,ldsc,21,5000,0.1,1.0
10.1459,0.3507,ldsc,22,5000,0.1,1.0
1.0348,0.1065,ldsc,23,5000,0.1,1.0
15.9877,0.415,ldsc,24,5000,0.1,1.0
1.9828,0.1675,ldsc,25,5000,0.1,1.0
25.3209,0.5363,ldsc,26,5000,0.1,1.0
6.3258,0.2485,ldsc,27,5000,0.1,1.0
-0.6093,0.0623,ldsc,28,5000,0.1,1.0
6.4602,0.2626,ldsc,29,5000,0.1,1.0
6.9672,0.2493,ldsc,30,5000,0.1,1.0
-0.0915,0.0927,ldsc,31,5000,0.1,1.0
0.5524,0.1169,ldsc,32,5000,0.1,1.0
5.0654,0.2398,ldsc,33,5000,0.1,1.0
-0.0487,0.0876,ldsc,34,5000,0.1,1.0
9.0577,0.3502,ldsc,35,5000,0.1,1.0
3.0831,0.1933,ldsc,36,5000,0.1,1.0
16.127,0.434,ldsc,37,5000,0.1,1.0
-0.5157,0.0685,ldsc,38,5000,0.1,1.0
2.3008,0.1824,ldsc,39,5000,0.1,1.0
1.8234,0.1706,ldsc,40,5000,0.1,1.0
1.0003,0.1375,ldsc,41,5000,0.1,1.0
2.8139,0.193,ldsc,42,5000,0.1,1.0
38.8778,0.6305,ldsc,43,5000,0.1,1.0
31.2897,0.6442,ldsc,44,5000,0.1,1.0
7.3728,0.2704,ldsc,45,5000,0.1,1.0
6.5954,0.2703,ldsc,46,5000,0.1,1.0
7.9684,0.3167,ldsc,47,5000,0.1,1.0
7.2953,0.2837,ldsc,48,5000,0.1,1.0
-0.3038,0.0733,ldsc,49,5000,0.1,1.0
2.054,0.1675,ldsc,50,5000,0.1,1.0
-0.4719,0.0702,ldsc,51,5000,0.1,1.0
-0.3538,0.0682,ldsc,52,5000,0.1,1.0
17.2324,0.4269,ldsc,53,5000,0.1,1.0
19.7151,0.4393,ldsc,54,5000,0.1,1.0
7.0744,0.3041,ldsc,55,5000,0.1,1.0
0.6535,0.1182,ldsc,56,5000,0.1,1.0
-0.3963,0.0739,ldsc,57,5000,0.1,1.0
16.7408,0.4177,ldsc,58,5000,0.1,1.0
2.8901,0.1942,ldsc,59,5000,0.1,1.0
3.8745,0.2088,ldsc,60,5000,0.1,1.0
50.4637,0.626,ldsc,61,5000,0.1,1.0
20.7107,0.5233,ldsc,62,5000,0.1,1.0
9.1034,0.3024,ldsc,63,5000,0.1,1.0
2.5866,0.2124,ldsc,64,5000,0.1,1.0
16.5912,0.3749,ldsc,65,5000,0.1,1.0
14.1584,0.3913,ldsc,66,5000,0.1,1.0
1.1025,0.1326,ldsc,67,5000,0.1,1.0
0.7863,0.1379,ldsc,68,5000,0.1,1.0
-0.4585,0.064,ldsc,69,5000,0.1,1.0
4.8261,0.2109,ldsc,70,5000,0.1,1.0
2.4491,0.1814,ldsc,71,5000,0.1,1.0
2.5605,0.1777,ldsc,72,5000,0.1,1.0
15.4571,0.3514,ldsc,73,5000,0.1,1.0
4.7742,0.22,ldsc,74,5000,0.1,1.0
15.8266,0.4193,ldsc,75,5000,0.1,1.0
2.3233,0.1754,ldsc,76,5000,0.1,1.0
0.096,0.1039,ldsc,77,5000,0.1,1.0
20.0091,0.4344,ldsc,78,5000,0.1,1.0
23.1372,0.5638,ldsc,79,5000,0.1,1.0
-0.3185,0.0722,ldsc,80,5000,0.1,1.0
3.7952,0.2126,ldsc,81,5000,0.1,1.0
-0.4372,0.0771,ldsc,82,5000,0.1,1.0
17.8725,0.4437,ldsc,83,5000,0.1,1.0
6.378,0.2457,ldsc,84,5000,0.1,1.0
11.8293,0.3563,ldsc,85,5000,0.1,1.0
1.1331,0.1372,ldsc,86,5000,0.1,1.0
1.6813,0.18,ldsc,87,5000,0.1,1.0
0.1006,0.0979,ldsc,88,5000,0.1,1.0
60.2028,3.3893,ldsc,89,5000,0.1,1.0
4.4042,0.2374,ldsc,90,5000,0.1,1.0
18.2717,0.5006,ldsc,91,5000,0.1,1.0
4.6538,0.2131,ldsc,92,5000,0.1,1.0
0.5342,0.1304,ldsc,93,5000,0.1,1.0
0.6246,0.1143,ldsc,94,5000,0.1,1.0
4.4245,0.2331,ldsc,95,5000,0.1,1.0
12.0028,0.3392,ldsc,96,5000,0.1,1.0
5.5849,0.2271,ldsc,97,5000,0.1,1.0
0.1206,0.1067,ldsc,98,5000,0.1,1.0
37.2647,0.6007,ldsc,99,5000,0.1,1.0
-0.0268,0.0561,ldsc,0,10000,0.1,1.0
-0.0678,0.062,ldsc,1,10000,0.1,1.0
8.3507,0.2709,ldsc,2,10000,0.1,1.0
-0.0711,0.0499,ldsc,3,10000,0.1,1.0
11.3287,0.2833,ldsc,4,10000,0.1,1.0
0.1316,0.0678,ldsc,5,10000,0.1,1.0
0.6676,0.0973,ldsc,6,10000,0.1,1.0
2.1878,0.1341,ldsc,7,10000,0.1,1.0
0.2791,0.0642,ldsc,8,10000,0.1,1.0
8.1912,0.2465,ldsc,9,10000,0.1,1.0
0.6241,0.0842,ldsc,10,10000,0.1,1.0
15.351,0.3409,ldsc,11,10000,0.1,1.0
2.7198,0.1483,ldsc,12,10000,0.1,1.0
-0.2705,0.0483,ldsc,13,10000,0.1,1.0
4.2645,0.1839,ldsc,14,10000,0.1,1.0
21.1529,0.3513,ldsc,15,10000,0.1,1.0
2.6603,0.1507,ldsc,16,10000,0.1,1.0
9.7909,0.2336,ldsc,17,10000,0.1,1.0
1.1468,0.1125,ldsc,18,10000,0.1,1.0
9.354,0.2495,ldsc,19,10000,0.1,1.0
-0.3311,0.0414,ldsc,20,10000,0.1,1.0
11.869,0.2833,ldsc,21,10000,0.1,1.0
6.5669,0.2299,ldsc,22,10000,0.1,1.0
0.6711,0.0698,ldsc,23,10000,0.1,1.0
10.3549,0.2681,ldsc,24,10000,0.1,1.0
1.2763,0.1086,ldsc,25,10000,0.1,1.0
16.4682,0.357,ldsc,26,10000,0.1,1.0
4.1067,0.1645,ldsc,27,10000,0.1,1.0
-0.393,0.0403,ldsc,28,10000,0.1,1.0
4.1824,0.1698,ldsc,29,10000,0.1,1.0
4.5146,0.1605,ldsc,30,10000,0.1,1.0
-0.0603,0.0596,ldsc,31,10000,0.1,1.0
0.3662,0.0756,ldsc,32,10000,0.1,1.0
3.2758,0.1532,ldsc,33,10000,0.1,1.0
-0.0293,0.0562,ldsc,34,10000,0.1,1.0
5.8795,0.2257,ldsc,35,10000,0.1,1.0
1.9875,0.1261,ldsc,36,10000,0.1,1.0
10.4768,0.2795,ldsc,37,10000,0.1,1.0
-0.3306,0.0429,ldsc,38,10000,0.1,1.0
1.4811,0.1184,ldsc,39,10000,0.1,1.0
1.1834,0.1109,ldsc,40,10000,0.1,1.0
0.6534,0.0892,ldsc,41,10000,0.1,1.0
1.8057,0.1246,ldsc,42,10000,0.1,1.0
25.4482,0.4369,ldsc,43,10000,0.1,1.0
20.3957,0.4374,ldsc,44,10000,0.1,1.0
4.7907,0.1787,ldsc,45,10000,0.1,1.0
4.2666,0.1722,ldsc,46,10000,0.1,1.0
5.1776,0.2029,ldsc,47,10000,0.1,1.0
4.7378,0.182,ldsc,48,10000,0.1,1.0
-0.1964,0.0459,ldsc,49,10000,0.1,1.0
1.3229,0.1082,ldsc,50,10000,0.1,1.0
-0.2996,0.0449,ldsc,51,10000,0.1,1.0
-0.236,0.042,ldsc,52,10000,0.1,1.0
11.1632,0.2861,ldsc,53,10000,0.1,1.0
12.809,0.2981,ldsc,54,10000,0.1,1.0
4.5902,0.1977,ldsc,55,10000,0.1,1.0
0.4299,0.0766,ldsc,56,10000,0.1,1.0
-0.2509,0.0473,ldsc,57,10000,0.1,1.0
10.8605,0.2725,ldsc,58,10000,0.1,1.0
1.8684,0.1268,ldsc,59,10000,0.1,1.0
2.5091,0.1318,ldsc,60,10000,0.1,1.0
33.4172,0.4787,ldsc,61,10000,0.1,1.0
13.4703,0.3496,ldsc,62,10000,0.1,1.0
5.9057,0.1997,ldsc,63,10000,0.1,1.0
1.6729,0.1369,ldsc,64,10000,0.1,1.0
10.7623,0.2455,ldsc,65,10000,0.1,1.0
9.1822,0.2626,ldsc,66,10000,0.1,1.0
0.715,0.0854,ldsc,67,10000,0.1,1.0
0.5084,0.089,ldsc,68,10000,0.1,1.0
-0.299,0.0392,ldsc,69,10000,0.1,1.0
3.1197,0.1371,ldsc,70,10000,0.1,1.0
1.5812,0.1171,ldsc,71,10000,0.1,1.0
1.6634,0.1144,ldsc,72,10000,0.1,1.0
10.028,0.2283,ldsc,73,10000,0.1,1.0
3.0883,0.1441,ldsc,74,10000,0.1,1.0
10.2765,0.287,ldsc,75,10000,0.1,1.0
1.5055,0.1142,ldsc,76,10000,0.1,1.0
0.065,0.0663,ldsc,77,10000,0.1,1.0
12.983,0.2895,ldsc,78,10000,0.1,1.0
15.0362,0.3737,ldsc,79,10000,0.1,1.0
-0.2121,0.0463,ldsc,80,10000,0.1,1.0
2.4725,0.1407,ldsc,81,10000,0.1,1.0
-0.2809,0.0494,ldsc,82,10000,0.1,1.0
11.6045,0.2996,ldsc,83,10000,0.1,1.0
4.1263,0.1608,ldsc,84,10000,0.1,1.0
7.6802,0.2338,ldsc,85,10000,0.1,1.0
0.738,0.0898,ldsc,86,10000,0.1,1.0
1.0904,0.1168,ldsc,87,10000,0.1,1.0
0.0631,0.062,ldsc,88,10000,0.1,1.0
48.4857,0.7833,ldsc,89,10000,0.1,1.0
2.8661,0.1538,ldsc,90,10000,0.1,1.0
11.8635,0.3277,ldsc,91,10000,0.1,1.0
3.0081,0.1385,ldsc,92,10000,0.1,1.0
0.3468,0.084,ldsc,93,10000,0.1,1.0
0.4077,0.0731,ldsc,94,10000,0.1,1.0
2.8586,0.1521,ldsc,95,10000,0.1,1.0
7.7906,0.2265,ldsc,96,10000,0.1,1.0
3.6209,0.1488,ldsc,97,10000,0.1,1.0
0.0877,0.0676,ldsc,98,10000,0.1,1.0
24.3736,0.4266,ldsc,99,10000,0.1,1.0
-0.0152,0.0363,ldsc,0,20000,0.1,1.0
-0.0428,0.0389,ldsc,1,20000,0.1,1.0
5.3787,0.1813,ldsc,2,20000,0.1,1.0
-0.0463,0.0319,ldsc,3,20000,0.1,1.0
7.3007,0.1981,ldsc,4,20000,0.1,1.0
0.0835,0.0436,ldsc,5,20000,0.1,1.0
0.4289,0.0617,ldsc,6,20000,0.1,1.0
1.4028,0.0863,ldsc,7,20000,0.1,1.0
0.1775,0.0412,ldsc,8,20000,0.1,1.0
5.2733,0.1721,ldsc,9,20000,0.1,1.0
0.3978,0.0551,ldsc,10,20000,0.1,1.0
9.9171,0.2512,ldsc,11,20000,0.1,1.0
1.7569,0.0977,ldsc,12,20000,0.1,1.0
-0.1688,0.0311,ldsc,13,20000,0.1,1.0
2.7389,0.1194,ldsc,14,20000,0.1,1.0
13.6674,0.2769,ldsc,15,20000,0.1,1.0
1.713,0.0978,ldsc,16,20000,0.1,1.0
6.2947,0.1642,ldsc,17,20000,0.1,1.0
0.7402,0.0734,ldsc,18,20000,0.1,1.0
6.0395,0.1817,ldsc,19,20000,0.1,1.0
-0.2076,0.0262,ldsc,20,20000,0.1,1.0
7.6535,0.2003,ldsc,21,20000,0.1,1.0
4.2168,0.149,ldsc,22,20000,0.1,1.0
0.4343,0.0454,ldsc,23,20000,0.1,1.0
6.6443,0.1837,ldsc,24,20000,0.1,1.0
0.8171,0.0712,ldsc,25,20000,0.1,1.0
10.6339,0.2583,ldsc,26,20000,0.1,1.0
2.6461,0.1104,ldsc,27,20000,0.1,1.0
-0.2504,0.026,ldsc,28,20000,0.1,1.0
2.6891,0.1105,ldsc,29,20000,0.1,1.0
2.902,0.1051,ldsc,30,20000,0.1,1.0
-0.0346,0.0381,ldsc,31,20000,0.1,1.0
0.239,0.0484,ldsc,32,20000,0.1,1.0
2.101,0.0982,ldsc,33,20000,0.1,1.0
-0.0184,0.036,ldsc,34,20000,0.1,1.0
3.7858,0.1489,ldsc,35,20000,0.1,1.0
1.271,0.0831,ldsc,36,20000,0.1,1.0
6.7534,0.1874,ldsc,37,20000,0.1,1.0
-0.2062,0.0277,ldsc,38,20000,0.1,1.0
0.9409,0.0778,ldsc,39,20000,0.1,1.0
0.7617,0.071,ldsc,40,20000,0.1,1.0
0.4239,0.0579,ldsc,41,20000,0.1,1.0
1.1487,0.0815,ldsc,42,20000,0.1,1.0
16.4739,0.3272,ldsc,43,20000,0.1,1.0
13.1968,0.3308,ldsc,44,20000,0.1,1.0
3.0846,0.12,ldsc,45,20000,0.1,1.0
2.7378,0.1117,ldsc,46,20000,0.1,1.0
3.3331,0.1341,ldsc,47,20000,0.1,1.0
3.049,0.1194,ldsc,48,20000,0.1,1.0
-0.1259,0.0288,ldsc,49,20000,0.1,1.0
0.8506,0.07,ldsc,50,20000,0.1,1.0
-0.1855,0.0283,ldsc,51,20000,0.1,1.0
-0.1571,0.0264,ldsc,52,20000,0.1,1.0
7.1867,0.2011,ldsc,53,20000,0.1,1.0
8.2542,0.2064,ldsc,54,20000,0.1,1.0
2.9572,0.1306,ldsc,55,20000,0.1,1.0
0.2773,0.0493,ldsc,56,20000,0.1,1.0
-0.1554,0.0305,ldsc,57,20000,0.1,1.0
6.9881,0.1891,ldsc,58,20000,0.1,1.0
1.2126,0.0854,ldsc,59,20000,0.1,1.0
1.6125,0.0854,ldsc,60,20000,0.1,1.0
21.782,0.4073,ldsc,61,20000,0.1,1.0
8.6989,0.2487,ldsc,62,20000,0.1,1.0
3.8021,0.1377,ldsc,63,20000,0.1,1.0
1.0727,0.0884,ldsc,64,20000,0.1,1.0
6.9255,0.1719,ldsc,65,20000,0.1,1.0
5.9263,0.1893,ldsc,66,20000,0.1,1.0
0.4596,0.0551,ldsc,67,20000,0.1,1.0
0.3245,0.0572,ldsc,68,20000,0.1,1.0
-0.195,0.0246,ldsc,69,20000,0.1,1.0
2.0026,0.0936,ldsc,70,20000,0.1,1.0
1.0069,0.0756,ldsc,71,20000,0.1,1.0
1.0697,0.0732,ldsc,72,20000,0.1,1.0
6.449,0.1526,ldsc,73,20000,0.1,1.0
1.9866,0.0978,ldsc,74,20000,0.1,1.0
6.6339,0.203,ldsc,75,20000,0.1,1.0
0.9706,0.0736,ldsc,76,20000,0.1,1.0
0.0448,0.0426,ldsc,77,20000,0.1,1.0
8.3626,0.2097,ldsc,78,20000,0.1,1.0
9.7012,0.2693,ldsc,79,20000,0.1,1.0
-0.1406,0.0298,ldsc,80,20000,0.1,1.0
1.6031,0.0919,ldsc,81,20000,0.1,1.0
-0.1769,0.0312,ldsc,82,20000,0.1,1.0
7.483,0.2107,ldsc,83,20000,0.1,1.0
2.652,0.1064,ldsc,84,20000,0.1,1.0
4.9466,0.1579,ldsc,85,20000,0.1,1.0
0.4726,0.0585,ldsc,86,20000,0.1,1.0
0.7013,0.0757,ldsc,87,20000,0.1,1.0
0.0382,0.039,ldsc,88,20000,0.1,1.0
32.2337,0.678,ldsc,89,20000,0.1,1.0
1.8472,0.1025,ldsc,90,20000,0.1,1.0
7.6371,0.2229,ldsc,91,20000,0.1,1.0
1.9326,0.0923,ldsc,92,20000,0.1,1.0
0.2195,0.0537,ldsc,93,20000,0.1,1.0
0.2626,0.0467,ldsc,94,20000,0.1,1.0
1.8372,0.0996,ldsc,95,20000,0.1,1.0
5.0162,0.1558,ldsc,96,20000,0.1,1.0
2.3313,0.1019,ldsc,97,20000,0.1,1.0
0.0596,0.0432,ldsc,98,20000,0.1,1.0
15.7861,0.3338,ldsc,99,20000,0.1,1.0
-0.0105,0.0265,ldsc,0,30000,0.1,1.0
-0.0345,0.0278,ldsc,1,30000,0.1,1.0
4.0303,0.1588,ldsc,2,30000,0.1,1.0
-0.0362,0.0231,ldsc,3,30000,0.1,1.0
5.4856,0.1875,ldsc,4,30000,0.1,1.0
0.0622,0.0315,ldsc,5,30000,0.1,1.0
0.3152,0.0454,ldsc,6,30000,0.1,1.0
1.0382,0.0676,ldsc,7,30000,0.1,1.0
0.1308,0.0304,ldsc,8,30000,0.1,1.0
3.9575,0.1588,ldsc,9,30000,0.1,1.0
0.2891,0.0421,ldsc,10,30000,0.1,1.0
7.4715,0.251,ldsc,11,30000,0.1,1.0
1.3103,0.0756,ldsc,12,30000,0.1,1.0
-0.1194,0.023,ldsc,13,30000,0.1,1.0
2.0488,0.0999,ldsc,14,30000,0.1,1.0
10.2691,0.289,ldsc,15,30000,0.1,1.0
1.2817,0.0772,ldsc,16,30000,0.1,1.0
4.7368,0.1707,ldsc,17,30000,0.1,1.0
0.5497,0.0568,ldsc,18,30000,0.1,1.0
4.5049,0.155,ldsc,19,30000,0.1,1.0
-0.1503,0.0198,ldsc,20,30000,0.1,1.0
5.745,0.1903,ldsc,21,30000,0.1,1.0
3.1603,0.1287,ldsc,22,30000,0.1,1.0
0.3234,0.034,ldsc,23,30000,0.1,1.0
4.9678,0.1703,ldsc,24,30000,0.1,1.0
0.5969,0.0512,ldsc,25,30000,0.1,1.0
7.9854,0.2565,ldsc,26,30000,0.1,1.0
1.9627,0.0831,ldsc,27,30000,0.1,1.0
-0.1808,0.0194,ldsc,28,30000,0.1,1.0
2.0081,0.0896,ldsc,29,30000,0.1,1.0
2.1689,0.0896,ldsc,30,30000,0.1,1.0
-0.0271,0.0277,ldsc,31,30000,0.1,1.0
0.175,0.0349,ldsc,32,30000,0.1,1.0
1.5735,0.0804,ldsc,33,30000,0.1,1.0
-0.0109,0.026,ldsc,34,30000,0.1,1.0
2.8439,0.1295,ldsc,35,30000,0.1,1.0
0.9528,0.0674,ldsc,36,30000,0.1,1.0
5.0693,0.1801,ldsc,37,30000,0.1,1.0
-0.1507,0.0204,ldsc,38,30000,0.1,1.0
0.7008,0.0624,ldsc,39,30000,0.1,1.0
0.5654,0.0526,ldsc,40,30000,0.1,1.0
0.3115,0.0434,ldsc,41,30000,0.1,1.0
0.8566,0.0648,ldsc,42,30000,0.1,1.0
12.3999,0.3536,ldsc,43,30000,0.1,1.0
9.9423,0.3283,ldsc,44,30000,0.1,1.0
2.3246,0.102,ldsc,45,30000,0.1,1.0
2.0412,0.0923,ldsc,46,30000,0.1,1.0
2.4991,0.1156,ldsc,47,30000,0.1,1.0
2.2813,0.0995,ldsc,48,30000,0.1,1.0
-0.0927,0.021,ldsc,49,30000,0.1,1.0
0.6335,0.0543,ldsc,50,30000,0.1,1.0
-0.1303,0.0202,ldsc,51,30000,0.1,1.0
-0.1158,0.0195,ldsc,52,30000,0.1,1.0
5.4023,0.1987,ldsc,53,30000,0.1,1.0
6.1736,0.1886,ldsc,54,30000,0.1,1.0
2.2257,0.1077,ldsc,55,30000,0.1,1.0
0.2041,0.0362,ldsc,56,30000,0.1,1.0
-0.1108,0.0223,ldsc,57,30000,0.1,1.0
5.2323,0.1778,ldsc,58,30000,0.1,1.0
0.9051,0.0648,ldsc,59,30000,0.1,1.0
1.2156,0.0731,ldsc,60,30000,0.1,1.0
16.4485,0.453,ldsc,61,30000,0.1,1.0
6.5358,0.2325,ldsc,62,30000,0.1,1.0
2.8658,0.1261,ldsc,63,30000,0.1,1.0
0.8029,0.0674,ldsc,64,30000,0.1,1.0
5.1947,0.1707,ldsc,65,30000,0.1,1.0
4.4446,0.1707,ldsc,66,30000,0.1,1.0
0.3376,0.041,ldsc,67,30000,0.1,1.0
0.2406,0.0425,ldsc,68,30000,0.1,1.0
-0.1412,0.019,ldsc,69,30000,0.1,1.0
1.4908,0.0794,ldsc,70,30000,0.1,1.0
0.7566,0.0597,ldsc,71,30000,0.1,1.0
0.8007,0.0601,ldsc,72,30000,0.1,1.0
4.8291,0.1514,ldsc,73,30000,0.1,1.0
1.4822,0.0763,ldsc,74,30000,0.1,1.0
4.9665,0.1807,ldsc,75,30000,0.1,1.0
0.7182,0.0539,ldsc,76,30000,0.1,1.0
0.0325,0.031,ldsc,77,30000,0.1,1.0
6.2778,0.2116,ldsc,78,30000,0.1,1.0
7.2808,0.2493,ldsc,79,30000,0.1,1.0
-0.1026,0.0213,ldsc,80,30000,0.1,1.0
1.1999,0.0725,ldsc,81,30000,0.1,1.0
-0.1298,0.0223,ldsc,82,30000,0.1,1.0
5.6003,0.1913,ldsc,83,30000,0.1,1.0
1.9773,0.0857,ldsc,84,30000,0.1,1.0
3.7043,0.1424,ldsc,85,30000,0.1,1.0
0.344,0.0441,ldsc,86,30000,0.1,1.0
0.5156,0.0563,ldsc,87,30000,0.1,1.0
0.0264,0.0281,ldsc,88,30000,0.1,1.0
24.4716,0.6995,ldsc,89,30000,0.1,1.0
1.3772,0.0806,ldsc,90,30000,0.1,1.0
5.733,0.2075,ldsc,91,30000,0.1,1.0
1.4568,0.079,ldsc,92,30000,0.1,1.0
0.1596,0.04,ldsc,93,30000,0.1,1.0
0.1958,0.0349,ldsc,94,30000,0.1,1.0
1.3757,0.0787,ldsc,95,30000,0.1,1.0
3.7584,0.1384,ldsc,96,30000,0.1,1.0
1.7497,0.0871,ldsc,97,30000,0.1,1.0
0.0446,0.0313,ldsc,98,30000,0.1,1.0
11.883,0.3465,ldsc,99,30000,0.1,1.0
-0.0038,0.0108,ldsc,0,50000,0.1,1.0
-0.0128,0.0111,ldsc,1,50000,0.1,1.0
2.2919,0.147,ldsc,2,50000,0.1,1.0
-0.014,0.0089,ldsc,3,50000,0.1,1.0
3.2124,0.2008,ldsc,4,50000,0.1,1.0
0.0307,0.013,ldsc,5,50000,0.1,1.0
0.149,0.0259,ldsc,6,50000,0.1,1.0
0.5592,0.0504,ldsc,7,50000,0.1,1.0
0.0497,0.0146,ldsc,8,50000,0.1,1.0
2.3042,0.146,ldsc,9,50000,0.1,1.0
0.134,0.022,ldsc,10,50000,0.1,1.0
4.4022,0.2679,ldsc,11,50000,0.1,1.0
0.7232,0.0583,ldsc,12,50000,0.1,1.0
-0.0413,0.0102,ldsc,13,50000,0.1,1.0
1.1665,0.0807,ldsc,14,50000,0.1,1.0
5.9382,0.335,ldsc,15,50000,0.1,1.0
0.7377,0.0589,ldsc,16,50000,0.1,1.0
2.7424,0.171,ldsc,17,50000,0.1,1.0
0.277,0.0345,ldsc,18,50000,0.1,1.0
2.6218,0.1635,ldsc,19,50000,0.1,1.0
-0.0617,0.0087,ldsc,20,50000,0.1,1.0
3.3036,0.1963,ldsc,21,50000,0.1,1.0
1.8619,0.1245,ldsc,22,50000,0.1,1.0
0.1514,0.0214,ldsc,23,50000,0.1,1.0
2.8383,0.1706,ldsc,24,50000,0.1,1.0
0.2973,0.0323,ldsc,25,50000,0.1,1.0
4.6962,0.2801,ldsc,26,50000,0.1,1.0
1.1671,0.0813,ldsc,27,50000,0.1,1.0
-0.069,0.0098,ldsc,28,50000,0.1,1.0
1.1319,0.0722,ldsc,29,50000,0.1,1.0
1.297,0.0865,ldsc,30,50000,0.1,1.0
-0.0135,0.0116,ldsc,31,50000,0.1,1.0
0.0886,0.0172,ldsc,32,50000,0.1,1.0
0.8812,0.0655,ldsc,33,50000,0.1,1.0
-0.005,0.0104,ldsc,34,50000,0.1,1.0
1.7063,0.1225,ldsc,35,50000,0.1,1.0
0.5105,0.0482,ldsc,36,50000,0.1,1.0
2.975,0.1898,ldsc,37,50000,0.1,1.0
-0.0557,0.0094,ldsc,38,50000,0.1,1.0
0.329,0.0397,ldsc,39,50000,0.1,1.0
0.2601,0.0289,ldsc,40,50000,0.1,1.0
0.1412,0.0218,ldsc,41,50000,0.1,1.0
0.4396,0.042,ldsc,42,50000,0.1,1.0
7.2592,0.4146,ldsc,43,50000,0.1,1.0
5.7745,0.3399,ldsc,44,50000,0.1,1.0
1.347,0.0879,ldsc,45,50000,0.1,1.0
1.226,0.09,ldsc,46,50000,0.1,1.0
1.4425,0.1021,ldsc,47,50000,0.1,1.0
1.3547,0.0934,ldsc,48,50000,0.1,1.0
-0.0364,0.0081,ldsc,49,50000,0.1,1.0
0.3337,0.0356,ldsc,50,50000,0.1,1.0
-0.0483,0.0094,ldsc,51,50000,0.1,1.0
-0.049,0.0086,ldsc,52,50000,0.1,1.0
3.1648,0.2009,ldsc,53,50000,0.1,1.0
3.5607,0.2049,ldsc,54,50000,0.1,1.0
1.2951,0.0894,ldsc,55,50000,0.1,1.0
0.0913,0.0175,ldsc,56,50000,0.1,1.0
-0.0398,0.0091,ldsc,57,50000,0.1,1.0
3.0142,0.1821,ldsc,58,50000,0.1,1.0
0.4731,0.0441,ldsc,59,50000,0.1,1.0
0.7002,0.0623,ldsc,60,50000,0.1,1.0
9.623,0.5389,ldsc,61,50000,0.1,1.0
3.8223,0.2339,ldsc,62,50000,0.1,1.0
1.6837,0.1139,ldsc,63,50000,0.1,1.0
0.4265,0.0463,ldsc,64,50000,0.1,1.0
3.0468,0.1812,ldsc,65,50000,0.1,1.0
2.6164,0.1742,ldsc,66,50000,0.1,1.0
0.1605,0.0223,ldsc,67,50000,0.1,1.0
0.1145,0.0222,ldsc,68,50000,0.1,1.0
-0.0522,0.0091,ldsc,69,50000,0.1,1.0
0.8147,0.0646,ldsc,70,50000,0.1,1.0
0.4,0.0422,ldsc,71,50000,0.1,1.0
0.4165,0.045,ldsc,72,50000,0.1,1.0
2.823,0.1747,ldsc,73,50000,0.1,1.0
0.8215,0.0608,ldsc,74,50000,0.1,1.0
2.8722,0.1821,ldsc,75,50000,0.1,1.0
0.3781,0.0371,ldsc,76,50000,0.1,1.0
0.0131,0.0124,ldsc,77,50000,0.1,1.0
3.6329,0.2239,ldsc,78,50000,0.1,1.0
4.2256,0.2548,ldsc,79,50000,0.1,1.0
-0.0401,0.0083,ldsc,80,50000,0.1,1.0
0.6462,0.0546,ldsc,81,50000,0.1,1.0
-0.0507,0.0094,ldsc,82,50000,0.1,1.0
3.2506,0.1982,ldsc,83,50000,0.1,1.0
1.1617,0.083,ldsc,84,50000,0.1,1.0
2.1888,0.1434,ldsc,85,50000,0.1,1.0
0.1564,0.0249,ldsc,86,50000,0.1,1.0
0.2444,0.0357,ldsc,87,50000,0.1,1.0
0.013,0.0112,ldsc,88,50000,0.1,1.0
14.3822,0.8109,ldsc,89,50000,0.1,1.0
0.8138,0.0639,ldsc,90,50000,0.1,1.0
3.3435,0.2117,ldsc,91,50000,0.1,1.0
0.8837,0.0707,ldsc,92,50000,0.1,1.0
0.069,0.0191,ldsc,93,50000,0.1,1.0
0.0834,0.0168,ldsc,94,50000,0.1,1.0
0.7669,0.0595,ldsc,95,50000,0.1,1.0
2.1485,0.1346,ldsc,96,50000,0.1,1.0
0.9463,0.0655,ldsc,97,50000,0.1,1.0
0.0134,0.0127,ldsc,98,50000,0.1,1.0
6.9582,0.4035,ldsc,99,50000,0.1,1.0
2.4639,0.2407,ldsc,0,1000,0.1,0.1
18.3747,0.6473,ldsc,1,1000,0.1,0.1
18.7731,0.6754,ldsc,2,1000,0.1,0.1
31.716,1.0156,ldsc,3,1000,0.1,0.1
0.2466,0.2268,ldsc,4,1000,0.1,0.1
8.4897,0.4732,ldsc,5,1000,0.1,0.1
8.9381,0.4675,ldsc,6,1000,0.1,0.1
4.9304,0.3536,ldsc,7,1000,0.1,0.1
2.6045,0.2802,ldsc,8,1000,0.1,0.1
16.8586,0.6026,ldsc,9,1000,0.1,0.1
16.5746,0.7245,ldsc,10,1000,0.1,0.1
35.9952,1.1137,ldsc,11,1000,0.1,0.1
12.551,0.5599,ldsc,12,1000,0.1,0.1
-0.318,0.1906,ldsc,13,1000,0.1,0.1
6.2785,0.3871,ldsc,14,1000,0.1,0.1
68.2666,1.5396,ldsc,15,1000,0.1,0.1
15.2405,0.7354,ldsc,16,1000,0.1,0.1
8.0065,0.4331,ldsc,17,1000,0.1,0.1
33.8588,1.03,ldsc,18,1000,0.1,0.1
-0.7699,0.1522,ldsc,19,1000,0.1,0.1
5.1513,0.3959,ldsc,20,1000,0.1,0.1
23.0574,0.7385,ldsc,21,1000,0.1,0.1
3.666,0.36,ldsc,22,1000,0.1,0.1
0.4522,0.2037,ldsc,23,1000,0.1,0.1
14.3923,0.647,ldsc,24,1000,0.1,0.1
-0.5993,0.1692,ldsc,25,1000,0.1,0.1
2.2641,0.3215,ldsc,26,1000,0.1,0.1
-0.4939,0.1725,ldsc,27,1000,0.1,0.1
76.3232,1.6574,ldsc,28,1000,0.1,0.1
-0.9002,0.1572,ldsc,29,1000,0.1,0.1
3.1754,0.3212,ldsc,30,1000,0.1,0.1
24.0164,0.7089,ldsc,31,1000,0.1,0.1
7.9933,0.4581,ldsc,32,1000,0.1,0.1
3.1169,0.2736,ldsc,33,1000,0.1,0.1
-0.9023,0.1312,ldsc,34,1000,0.1,0.1
8.3678,0.4963,ldsc,35,1000,0.1,0.1
9.908,0.4423,ldsc,36,1000,0.1,0.1
14.5163,0.6446,ldsc,37,1000,0.1,0.1
24.0702,0.8694,ldsc,38,1000,0.1,0.1
63.4211,1.5329,ldsc,39,1000,0.1,0.1
136.3781,2.4316,ldsc,40,1000,0.1,0.1
6.1791,0.4347,ldsc,41,1000,0.1,0.1
37.8414,1.0579,ldsc,42,1000,0.1,0.1
0.0495,0.2159,ldsc,43,1000,0.1,0.1
23.6741,0.7899,ldsc,44,1000,0.1,0.1
26.1464,0.8802,ldsc,45,1000,0.1,0.1
28.6191,0.9541,ldsc,46,1000,0.1,0.1
40.4311,1.0335,ldsc,47,1000,0.1,0.1
21.3997,0.682,ldsc,48,1000,0.1,0.1
0.1188,0.2058,ldsc,49,1000,0.1,0.1
163.4773,3.0093,ldsc,50,1000,0.1,0.1
24.6355,0.8711,ldsc,51,1000,0.1,0.1
0.1803,0.2032,ldsc,52,1000,0.1,0.1
96.9488,1.805,ldsc,53,1000,0.1,0.1
14.577,0.59,ldsc,54,1000,0.1,0.1
0.4909,0.2115,ldsc,55,1000,0.1,0.1
38.7439,1.1454,ldsc,56,1000,0.1,0.1
8.445,0.5588,ldsc,57,1000,0.1,0.1
3.9202,0.3303,ldsc,58,1000,0.1,0.1
3.3979,0.3309,ldsc,59,1000,0.1,0.1
5.2235,0.3795,ldsc,60,1000,0.1,0.1
-0.6372,0.1959,ldsc,61,1000,0.1,0.1
19.2113,0.7804,ldsc,62,1000,0.1,0.1
10.6698,0.5567,ldsc,63,1000,0.1,0.1
1.7713,0.2856,ldsc,64,1000,0.1,0.1
11.1125,0.5594,ldsc,65,1000,0.1,0.1
67.7749,1.5064,ldsc,66,1000,0.1,0.1
13.6237,0.6705,ldsc,67,1000,0.1,0.1
4.3786,0.3606,ldsc,68,1000,0.1,0.1
34.3342,1.0837,ldsc,69,1000,0.1,0.1
7.8165,0.3872,ldsc,70,1000,0.1,0.1
13.7044,0.6053,ldsc,71,1000,0.1,0.1
16.354,0.6242,ldsc,72,1000,0.1,0.1
1.1482,0.2257,ldsc,73,1000,0.1,0.1
8.6825,0.4329,ldsc,74,1000,0.1,0.1
7.4271,0.4596,ldsc,75,1000,0.1,0.1
14.5961,0.6118,ldsc,76,1000,0.1,0.1
40.9896,0.906,ldsc,77,1000,0.1,0.1
7.3571,0.396,ldsc,78,1000,0.1,0.1
16.1373,0.5554,ldsc,79,1000,0.1,0.1
4.9826,0.4044,ldsc,80,1000,0.1,0.1
0.7711,0.213,ldsc,81,1000,0.1,0.1
1.2825,0.2189,ldsc,82,1000,0.1,0.1
-0.9841,0.1361,ldsc,83,1000,0.1,0.1
-0.609,0.1606,ldsc,84,1000,0.1,0.1
-0.5214,0.1682,ldsc,85,1000,0.1,0.1
42.6147,1.1843,ldsc,86,1000,0.1,0.1
-0.6978,0.1415,ldsc,87,1000,0.1,0.1
22.4536,0.7865,ldsc,88,1000,0.1,0.1
0.87,0.2523,ldsc,89,1000,0.1,0.1
27.7937,0.7661,ldsc,90,1000,0.1,0.1
32.8419,1.0516,ldsc,91,1000,0.1,0.1
-0.8654,0.1564,ldsc,92,1000,0.1,0.1
14.4113,0.6685,ldsc,93,1000,0.1,0.1
10.6376,0.5493,ldsc,94,1000,0.1,0.1
54.097,1.3986,ldsc,95,1000,0.1,0.1
-0.8143,0.1812,ldsc,96,1000,0.1,0.1
32.72,1.0249,ldsc,97,1000,0.1,0.1
-0.9084,0.1689,ldsc,98,1000,0.1,0.1
-0.7167,0.1425,ldsc,99,1000,0.1,0.1
2.0459,0.1958,ldsc,0,2000,0.1,0.1
15.6364,0.5109,ldsc,1,2000,0.1,0.1
15.8798,0.5012,ldsc,2,2000,0.1,0.1
26.9162,0.7325,ldsc,3,2000,0.1,0.1
0.2227,0.1776,ldsc,4,2000,0.1,0.1
7.1964,0.3776,ldsc,5,2000,0.1,0.1
7.6305,0.3554,ldsc,6,2000,0.1,0.1
4.1602,0.2856,ldsc,7,2000,0.1,0.1
2.2243,0.2318,ldsc,8,2000,0.1,0.1
14.321,0.4761,ldsc,9,2000,0.1,0.1
14.0822,0.5643,ldsc,10,2000,0.1,0.1
30.4451,0.8204,ldsc,11,2000,0.1,0.1
10.6457,0.4389,ldsc,12,2000,0.1,0.1
-0.3388,0.1455,ldsc,13,2000,0.1,0.1
5.3676,0.3087,ldsc,14,2000,0.1,0.1
57.1289,1.0252,ldsc,15,2000,0.1,0.1
12.9305,0.5604,ldsc,16,2000,0.1,0.1
6.7798,0.3395,ldsc,17,2000,0.1,0.1
28.6719,0.7567,ldsc,18,2000,0.1,0.1
-0.6764,0.1128,ldsc,19,2000,0.1,0.1
4.3827,0.3092,ldsc,20,2000,0.1,0.1
19.5678,0.5497,ldsc,21,2000,0.1,0.1
3.1357,0.2917,ldsc,22,2000,0.1,0.1
0.3593,0.1664,ldsc,23,2000,0.1,0.1
12.2665,0.499,ldsc,24,2000,0.1,0.1
-0.5717,0.1302,ldsc,25,2000,0.1,0.1
1.9395,0.2635,ldsc,26,2000,0.1,0.1
-0.4274,0.1339,ldsc,27,2000,0.1,0.1
64.0569,1.0776,ldsc,28,2000,0.1,0.1
-0.7896,0.1174,ldsc,29,2000,0.1,0.1
2.7336,0.2626,ldsc,30,2000,0.1,0.1
20.3279,0.5184,ldsc,31,2000,0.1,0.1
6.7764,0.3623,ldsc,32,2000,0.1,0.1
2.7197,0.2233,ldsc,33,2000,0.1,0.1
-0.755,0.1004,ldsc,34,2000,0.1,0.1
7.0704,0.4015,ldsc,35,2000,0.1,0.1
8.4517,0.3516,ldsc,36,2000,0.1,0.1
12.3421,0.5076,ldsc,37,2000,0.1,0.1
20.3887,0.6785,ldsc,38,2000,0.1,0.1
53.2908,1.0437,ldsc,39,2000,0.1,0.1
121.0222,16.7376,ldsc,40,2000,0.1,0.1
5.2454,0.3476,ldsc,41,2000,0.1,0.1
32.0226,0.7533,ldsc,42,2000,0.1,0.1
0.0581,0.1686,ldsc,43,2000,0.1,0.1
20.1336,0.597,ldsc,44,2000,0.1,0.1
22.2289,0.6588,ldsc,45,2000,0.1,0.1
24.225,0.6805,ldsc,46,2000,0.1,0.1
34.1371,0.7611,ldsc,47,2000,0.1,0.1
18.248,0.5182,ldsc,48,2000,0.1,0.1
0.1241,0.1623,ldsc,49,2000,0.1,0.1
56.751,31.0588,ldsc,50,2000,0.1,0.1
20.9625,0.6712,ldsc,51,2000,0.1,0.1
0.1351,0.1588,ldsc,52,2000,0.1,0.1
79.7859,1.1022,ldsc,53,2000,0.1,0.1
12.3267,0.455,ldsc,54,2000,0.1,0.1
0.329,0.1649,ldsc,55,2000,0.1,0.1
32.8525,0.8147,ldsc,56,2000,0.1,0.1
7.1967,0.4543,ldsc,57,2000,0.1,0.1
3.3362,0.2722,ldsc,58,2000,0.1,0.1
2.8702,0.2682,ldsc,59,2000,0.1,0.1
4.4159,0.3064,ldsc,60,2000,0.1,0.1
-0.5601,0.1491,ldsc,61,2000,0.1,0.1
16.3313,0.6098,ldsc,62,2000,0.1,0.1
9.1055,0.439,ldsc,63,2000,0.1,0.1
1.4547,0.2311,ldsc,64,2000,0.1,0.1
9.4082,0.4461,ldsc,65,2000,0.1,0.1
56.8008,0.9887,ldsc,66,2000,0.1,0.1
11.6354,0.5267,ldsc,67,2000,0.1,0.1
3.7256,0.2865,ldsc,68,2000,0.1,0.1
29.1249,0.7797,ldsc,69,2000,0.1,0.1
6.6148,0.319,ldsc,70,2000,0.1,0.1
11.6311,0.4774,ldsc,71,2000,0.1,0.1
13.86,0.4806,ldsc,72,2000,0.1,0.1
0.8967,0.1814,ldsc,73,2000,0.1,0.1
7.3474,0.3532,ldsc,74,2000,0.1,0.1
6.2904,0.3686,ldsc,75,2000,0.1,0.1
12.3868,0.4689,ldsc,76,2000,0.1,0.1
34.5401,0.6323,ldsc,77,2000,0.1,0.1
6.2453,0.3055,ldsc,78,2000,0.1,0.1
13.6015,0.4301,ldsc,79,2000,0.1,0.1
4.2085,0.3233,ldsc,80,2000,0.1,0.1
0.623,0.1691,ldsc,81,2000,0.1,0.1
1.1548,0.1759,ldsc,82,2000,0.1,0.1
-0.8635,0.1032,ldsc,83,2000,0.1,0.1
-0.5295,0.1211,ldsc,84,2000,0.1,0.1
-0.451,0.1317,ldsc,85,2000,0.1,0.1
36.1095,0.8629,ldsc,86,2000,0.1,0.1
-0.6596,0.1062,ldsc,87,2000,0.1,0.1
19.1096,0.5866,ldsc,88,2000,0.1,0.1
0.6942,0.2059,ldsc,89,2000,0.1,0.1
23.4676,0.5714,ldsc,90,2000,0.1,0.1
27.824,0.7506,ldsc,91,2000,0.1,0.1
-0.7147,0.1178,ldsc,92,2000,0.1,0.1
12.3068,0.5261,ldsc,93,2000,0.1,0.1
9.0171,0.4386,ldsc,94,2000,0.1,0.1
45.7127,0.9598,ldsc,95,2000,0.1,0.1
-0.7509,0.1343,ldsc,96,2000,0.1,0.1
27.7,0.7462,ldsc,97,2000,0.1,0.1
-0.8089,0.1266,ldsc,98,2000,0.1,0.1
-0.6511,0.1059,ldsc,99,2000,0.1,0.1
1.6982,0.1629,ldsc,0,3000,0.1,0.1
13.1328,0.4233,ldsc,1,3000,0.1,0.1
13.3149,0.3993,ldsc,2,3000,0.1,0.1
22.5722,0.5812,ldsc,3,3000,0.1,0.1
0.1955,0.1442,ldsc,4,3000,0.1,0.1
6.0454,0.3133,ldsc,5,3000,0.1,0.1
6.4195,0.2877,ldsc,6,3000,0.1,0.1
3.4836,0.2365,ldsc,7,3000,0.1,0.1
1.8721,0.1939,ldsc,8,3000,0.1,0.1
12.025,0.3943,ldsc,9,3000,0.1,0.1
11.8228,0.461,ldsc,10,3000,0.1,0.1
25.4873,0.6557,ldsc,11,3000,0.1,0.1
8.9297,0.3586,ldsc,12,3000,0.1,0.1
-0.3107,0.1171,ldsc,13,3000,0.1,0.1
4.5227,0.2547,ldsc,14,3000,0.1,0.1
47.593,0.8085,ldsc,15,3000,0.1,0.1
10.8612,0.4519,ldsc,16,3000,0.1,0.1
5.6887,0.2767,ldsc,17,3000,0.1,0.1
24.0261,0.6051,ldsc,18,3000,0.1,0.1
-0.5783,0.0896,ldsc,19,3000,0.1,0.1
3.6845,0.2515,ldsc,20,3000,0.1,0.1
16.4138,0.4439,ldsc,21,3000,0.1,0.1
2.6392,0.2421,ldsc,22,3000,0.1,0.1
0.2958,0.1388,ldsc,23,3000,0.1,0.1
10.3082,0.4074,ldsc,24,3000,0.1,0.1
-0.5057,0.1057,ldsc,25,3000,0.1,0.1
1.6326,0.219,ldsc,26,3000,0.1,0.1
-0.3671,0.1082,ldsc,27,3000,0.1,0.1
53.3578,0.8523,ldsc,28,3000,0.1,0.1
-0.6659,0.0934,ldsc,29,3000,0.1,0.1
2.3139,0.2183,ldsc,30,3000,0.1,0.1
17.0428,0.4141,ldsc,31,3000,0.1,0.1
5.6913,0.2967,ldsc,32,3000,0.1,0.1
2.3088,0.1853,ldsc,33,3000,0.1,0.1
-0.6308,0.0813,ldsc,34,3000,0.1,0.1
5.9291,0.3339,ldsc,35,3000,0.1,0.1
7.1142,0.2915,ldsc,36,3000,0.1,0.1
10.3695,0.4152,ldsc,37,3000,0.1,0.1
17.0971,0.5592,ldsc,38,3000,0.1,0.1
44.4458,0.8265,ldsc,39,3000,0.1,0.1
105.5706,10.2509,ldsc,40,3000,0.1,0.1
4.3971,0.2847,ldsc,41,3000,0.1,0.1
26.8112,0.6007,ldsc,42,3000,0.1,0.1
0.0585,0.137,ldsc,43,3000,0.1,0.1
16.9032,0.4862,ldsc,44,3000,0.1,0.1
18.6603,0.5292,ldsc,45,3000,0.1,0.1
20.2928,0.5335,ldsc,46,3000,0.1,0.1
28.5629,0.6144,ldsc,47,3000,0.1,0.1
15.3349,0.4201,ldsc,48,3000,0.1,0.1
0.1149,0.133,ldsc,49,3000,0.1,0.1
110.5646,16.6321,ldsc,50,3000,0.1,0.1
17.6035,0.5487,ldsc,51,3000,0.1,0.1
0.1059,0.1294,ldsc,52,3000,0.1,0.1
66.5064,0.8819,ldsc,53,3000,0.1,0.1
10.3249,0.3727,ldsc,54,3000,0.1,0.1
0.248,0.1339,ldsc,55,3000,0.1,0.1
27.5273,0.6395,ldsc,56,3000,0.1,0.1
6.0488,0.376,ldsc,57,3000,0.1,0.1
2.8091,0.2275,ldsc,58,3000,0.1,0.1
2.4079,0.2224,ldsc,59,3000,0.1,0.1
3.7025,0.2531,ldsc,60,3000,0.1,0.1
-0.4793,0.1205,ldsc,61,3000,0.1,0.1
13.7144,0.5006,ldsc,62,3000,0.1,0.1
7.66,0.3593,ldsc,63,3000,0.1,0.1
1.2042,0.1905,ldsc,64,3000,0.1,0.1
7.8936,0.3673,ldsc,65,3000,0.1,0.1
47.3365,0.7826,ldsc,66,3000,0.1,0.1
9.7953,0.4295,ldsc,67,3000,0.1,0.1
3.1354,0.2359,ldsc,68,3000,0.1,0.1
24.4238,0.6162,ldsc,69,3000,0.1,0.1
5.5525,0.2678,ldsc,70,3000,0.1,0.1
9.7618,0.3921,ldsc,71,3000,0.1,0.1
11.6368,0.3917,ldsc,72,3000,0.1,0.1
0.7261,0.1504,ldsc,73,3000,0.1,0.1
6.1713,0.295,ldsc,74,3000,0.1,0.1
5.2828,0.3043,ldsc,75,3000,0.1,0.1
10.4017,0.378,ldsc,76,3000,0.1,0.1
28.8772,0.5022,ldsc,77,3000,0.1,0.1
5.2446,0.2477,ldsc,78,3000,0.1,0.1
11.3892,0.3499,ldsc,79,3000,0.1,0.1
3.528,0.2655,ldsc,80,3000,0.1,0.1
0.506,0.1387,ldsc,81,3000,0.1,0.1
0.9932,0.1445,ldsc,82,3000,0.1,0.1
-0.7365,0.0827,ldsc,83,3000,0.1,0.1
-0.4498,0.0964,ldsc,84,3000,0.1,0.1
-0.3831,0.1072,ldsc,85,3000,0.1,0.1
30.2461,0.6899,ldsc,86,3000,0.1,0.1
-0.584,0.0847,ldsc,87,3000,0.1,0.1
16.0493,0.471,ldsc,88,3000,0.1,0.1
0.5652,0.1701,ldsc,89,3000,0.1,0.1
19.6464,0.4654,ldsc,90,3000,0.1,0.1
23.3246,0.5868,ldsc,91,3000,0.1,0.1
-0.5935,0.0941,ldsc,92,3000,0.1,0.1
10.3497,0.4294,ldsc,93,3000,0.1,0.1
7.5645,0.3621,ldsc,94,3000,0.1,0.1
38.218,0.7527,ldsc,95,3000,0.1,0.1
-0.6571,0.1065,ldsc,96,3000,0.1,0.1
23.2075,0.5902,ldsc,97,3000,0.1,0.1
-0.6956,0.1004,ldsc,98,3000,0.1,0.1
-0.5615,0.0842,ldsc,99,3000,0.1,0.1
1.2677,0.1218,ldsc,0,5000,0.1,0.1
9.9197,0.3178,ldsc,1,5000,0.1,0.1
10.0339,0.2896,ldsc,2,5000,0.1,0.1
17.0301,0.429,ldsc,3,5000,0.1,0.1
0.1558,0.1053,ldsc,4,5000,0.1,0.1
4.5637,0.2365,ldsc,5,5000,0.1,0.1
4.8439,0.2138,ldsc,6,5000,0.1,0.1
2.62,0.1772,ldsc,7,5000,0.1,0.1
1.4097,0.1479,ldsc,8,5000,0.1,0.1
9.0673,0.2953,ldsc,9,5000,0.1,0.1
8.9203,0.3426,ldsc,10,5000,0.1,0.1
19.2076,0.478,ldsc,11,5000,0.1,0.1
6.732,0.2662,ldsc,12,5000,0.1,0.1
-0.2494,0.0849,ldsc,13,5000,0.1,0.1
3.4274,0.1909,ldsc,14,5000,0.1,0.1
35.9615,0.5986,ldsc,15,5000,0.1,0.1
8.196,0.3319,ldsc,16,5000,0.1,0.1
4.2867,0.2049,ldsc,17,5000,0.1,0.1
18.1252,0.4431,ldsc,18,5000,0.1,0.1
-0.4452,0.0647,ldsc,19,5000,0.1,0.1
2.7796,0.186,ldsc,20,5000,0.1,0.1
12.373,0.3289,ldsc,21,5000,0.1,0.1
1.9988,0.1826,ldsc,22,5000,0.1,0.1
0.2219,0.1051,ldsc,23,5000,0.1,0.1
7.7849,0.3043,ldsc,24,5000,0.1,0.1
-0.4032,0.0776,ldsc,25,5000,0.1,0.1
1.2342,0.1635,ldsc,26,5000,0.1,0.1
-0.2847,0.0793,ldsc,27,5000,0.1,0.1
40.4243,0.6408,ldsc,28,5000,0.1,0.1
-0.5055,0.0676,ldsc,29,5000,0.1,0.1
1.7588,0.1641,ldsc,30,5000,0.1,0.1
12.8466,0.303,ldsc,31,5000,0.1,0.1
4.2873,0.2215,ldsc,32,5000,0.1,0.1
1.7616,0.1392,ldsc,33,5000,0.1,0.1
-0.471,0.0594,ldsc,34,5000,0.1,0.1
4.4676,0.2514,ldsc,35,5000,0.1,0.1
5.3842,0.22,ldsc,36,5000,0.1,0.1
7.8255,0.3092,ldsc,37,5000,0.1,0.1
12.899,0.4211,ldsc,38,5000,0.1,0.1
33.5704,0.6164,ldsc,39,5000,0.1,0.1
52.9516,16.9897,ldsc,40,5000,0.1,0.1
3.3104,0.2104,ldsc,41,5000,0.1,0.1
20.2151,0.4442,ldsc,42,5000,0.1,0.1
0.053,0.1008,ldsc,43,5000,0.1,0.1
12.7695,0.3638,ldsc,44,5000,0.1,0.1
14.0878,0.3881,ldsc,45,5000,0.1,0.1
15.2797,0.3838,ldsc,46,5000,0.1,0.1
21.5402,0.4563,ldsc,47,5000,0.1,0.1
11.5783,0.3121,ldsc,48,5000,0.1,0.1
0.0957,0.0981,ldsc,49,5000,0.1,0.1
124.129,14.4514,ldsc,50,5000,0.1,0.1
13.2986,0.411,ldsc,51,5000,0.1,0.1
0.0762,0.0948,ldsc,52,5000,0.1,0.1
50.556,0.7066,ldsc,53,5000,0.1,0.1
7.7714,0.2797,ldsc,54,5000,0.1,0.1
0.1658,0.0983,ldsc,55,5000,0.1,0.1
20.7651,0.4597,ldsc,56,5000,0.1,0.1
4.5664,0.2795,ldsc,57,5000,0.1,0.1
2.1254,0.1716,ldsc,58,5000,0.1,0.1
1.8104,0.1665,ldsc,59,5000,0.1,0.1
2.7929,0.1886,ldsc,60,5000,0.1,0.1
-0.3682,0.0878,ldsc,61,5000,0.1,0.1
10.3536,0.3739,ldsc,62,5000,0.1,0.1
5.7857,0.2665,ldsc,63,5000,0.1,0.1
0.8938,0.1418,ldsc,64,5000,0.1,0.1
5.9535,0.2724,ldsc,65,5000,0.1,0.1
35.7916,0.5884,ldsc,66,5000,0.1,0.1
7.4097,0.319,ldsc,67,5000,0.1,0.1
2.3711,0.1762,ldsc,68,5000,0.1,0.1
18.4363,0.4501,ldsc,69,5000,0.1,0.1
4.1964,0.2029,ldsc,70,5000,0.1,0.1
7.3635,0.2922,ldsc,71,5000,0.1,0.1
8.7904,0.2892,ldsc,72,5000,0.1,0.1
0.5294,0.1124,ldsc,73,5000,0.1,0.1
4.6601,0.2213,ldsc,74,5000,0.1,0.1
3.9933,0.227,ldsc,75,5000,0.1,0.1
7.8489,0.277,ldsc,76,5000,0.1,0.1
21.7586,0.373,ldsc,77,5000,0.1,0.1
3.9533,0.1821,ldsc,78,5000,0.1,0.1
8.5704,0.2557,ldsc,79,5000,0.1,0.1
2.6539,0.1973,ldsc,80,5000,0.1,0.1
0.3713,0.1024,ldsc,81,5000,0.1,0.1
0.7668,0.1082,ldsc,82,5000,0.1,0.1
-0.5632,0.0601,ldsc,83,5000,0.1,0.1
-0.3454,0.0696,ldsc,84,5000,0.1,0.1
-0.2893,0.079,ldsc,85,5000,0.1,0.1
22.8241,0.5037,ldsc,86,5000,0.1,0.1
-0.4597,0.0616,ldsc,87,5000,0.1,0.1
12.1146,0.3458,ldsc,88,5000,0.1,0.1
0.4144,0.1272,ldsc,89,5000,0.1,0.1
14.8008,0.3496,ldsc,90,5000,0.1,0.1
17.5927,0.4212,ldsc,91,5000,0.1,0.1
-0.443,0.0684,ldsc,92,5000,0.1,0.1
7.8218,0.3191,ldsc,93,5000,0.1,0.1
5.7003,0.2711,ldsc,94,5000,0.1,0.1
28.8497,0.547,ldsc,95,5000,0.1,0.1
-0.514,0.0764,ldsc,96,5000,0.1,0.1
17.4946,0.4273,ldsc,97,5000,0.1,0.1
-0.5392,0.0714,ldsc,98,5000,0.1,0.1
-0.4336,0.0602,ldsc,99,5000,0.1,0.1
0.812,0.078,ldsc,0,10000,0.1,0.1
6.4455,0.208,ldsc,1,10000,0.1,0.1
6.5051,0.1868,ldsc,2,10000,0.1,0.1
11.0561,0.2936,ldsc,3,10000,0.1,0.1
0.108,0.0664,ldsc,4,10000,0.1,0.1
2.9683,0.157,ldsc,5,10000,0.1,0.1
3.1402,0.1424,ldsc,6,10000,0.1,0.1
1.6818,0.1142,ldsc,7,10000,0.1,0.1
0.9139,0.0984,ldsc,8,10000,0.1,0.1
5.8754,0.1938,ldsc,9,10000,0.1,0.1
5.78,0.2243,ldsc,10,10000,0.1,0.1
12.4632,0.3108,ldsc,11,10000,0.1,0.1
4.3637,0.1732,ldsc,12,10000,0.1,0.1
-0.1716,0.0533,ldsc,13,10000,0.1,0.1
2.2278,0.1259,ldsc,14,10000,0.1,0.1
23.4865,0.4125,ldsc,15,10000,0.1,0.1
5.3224,0.214,ldsc,16,10000,0.1,0.1
2.7767,0.1326,ldsc,17,10000,0.1,0.1
11.7733,0.2924,ldsc,18,10000,0.1,0.1
-0.294,0.0408,ldsc,19,10000,0.1,0.1
1.7979,0.1213,ldsc,20,10000,0.1,0.1
8.0172,0.2189,ldsc,21,10000,0.1,0.1
1.3027,0.1196,ldsc,22,10000,0.1,0.1
0.1454,0.0687,ldsc,23,10000,0.1,0.1
5.0515,0.203,ldsc,24,10000,0.1,0.1
-0.274,0.0496,ldsc,25,10000,0.1,0.1
0.8013,0.1051,ldsc,26,10000,0.1,0.1
-0.1864,0.0504,ldsc,27,10000,0.1,0.1
26.528,0.4616,ldsc,28,10000,0.1,0.1
-0.3269,0.0432,ldsc,29,10000,0.1,0.1
1.151,0.1069,ldsc,30,10000,0.1,0.1
8.3307,0.1985,ldsc,31,10000,0.1,0.1
2.7781,0.146,ldsc,32,10000,0.1,0.1
1.1535,0.0915,ldsc,33,10000,0.1,0.1
-0.3016,0.0378,ldsc,34,10000,0.1,0.1
2.893,0.1633,ldsc,35,10000,0.1,0.1
3.5024,0.1452,ldsc,36,10000,0.1,0.1
5.0765,0.203,ldsc,37,10000,0.1,0.1
8.3723,0.279,ldsc,38,10000,0.1,0.1
21.919,0.4321,ldsc,39,10000,0.1,0.1
47.6487,0.6658,ldsc,40,10000,0.1,0.1
2.1348,0.1357,ldsc,41,10000,0.1,0.1
13.1252,0.3007,ldsc,42,10000,0.1,0.1
0.036,0.0646,ldsc,43,10000,0.1,0.1
8.2966,0.2428,ldsc,44,10000,0.1,0.1
9.1489,0.2543,ldsc,45,10000,0.1,0.1
9.8907,0.2502,ldsc,46,10000,0.1,0.1
13.996,0.3086,ldsc,47,10000,0.1,0.1
7.5226,0.2078,ldsc,48,10000,0.1,0.1
0.0704,0.0626,ldsc,49,10000,0.1,0.1
58.0165,0.8033,ldsc,50,10000,0.1,0.1
8.6427,0.2729,ldsc,51,10000,0.1,0.1
0.0496,0.0604,ldsc,52,10000,0.1,0.1
33.5041,0.5381,ldsc,53,10000,0.1,0.1
5.0315,0.1864,ldsc,54,10000,0.1,0.1
0.0922,0.0623,ldsc,55,10000,0.1,0.1
13.4978,0.3051,ldsc,56,10000,0.1,0.1
2.9651,0.1784,ldsc,57,10000,0.1,0.1
1.3785,0.1107,ldsc,58,10000,0.1,0.1
1.1658,0.1075,ldsc,59,10000,0.1,0.1
1.8098,0.121,ldsc,60,10000,0.1,0.1
-0.2416,0.0555,ldsc,61,10000,0.1,0.1
6.7138,0.2433,ldsc,62,10000,0.1,0.1
3.7574,0.1721,ldsc,63,10000,0.1,0.1
0.574,0.0921,ldsc,64,10000,0.1,0.1
3.8535,0.1747,ldsc,65,10000,0.1,0.1
23.4173,0.4188,ldsc,66,10000,0.1,0.1
4.8174,0.2088,ldsc,67,10000,0.1,0.1
1.5413,0.1151,ldsc,68,10000,0.1,0.1
11.9782,0.302,ldsc,69,10000,0.1,0.1
2.7235,0.1308,ldsc,70,10000,0.1,0.1
4.7675,0.1904,ldsc,71,10000,0.1,0.1
5.7079,0.1882,ldsc,72,10000,0.1,0.1
0.33,0.0724,ldsc,73,10000,0.1,0.1
3.0239,0.1415,ldsc,74,10000,0.1,0.1
2.595,0.1459,ldsc,75,10000,0.1,0.1
5.0802,0.1769,ldsc,76,10000,0.1,0.1
14.121,0.2571,ldsc,77,10000,0.1,0.1
2.5567,0.1169,ldsc,78,10000,0.1,0.1
5.5429,0.1618,ldsc,79,10000,0.1,0.1
1.7208,0.1284,ldsc,80,10000,0.1,0.1
0.2325,0.065,ldsc,81,10000,0.1,0.1
0.5076,0.0703,ldsc,82,10000,0.1,0.1
-0.3694,0.0376,ldsc,83,10000,0.1,0.1
-0.2289,0.0439,ldsc,84,10000,0.1,0.1
-0.1848,0.0506,ldsc,85,10000,0.1,0.1
14.8351,0.3249,ldsc,86,10000,0.1,0.1
-0.3108,0.0391,ldsc,87,10000,0.1,0.1
7.8592,0.227,ldsc,88,10000,0.1,0.1
0.2626,0.0813,ldsc,89,10000,0.1,0.1
9.5961,0.232,ldsc,90,10000,0.1,0.1
11.4228,0.2767,ldsc,91,10000,0.1,0.1
-0.2801,0.0438,ldsc,92,10000,0.1,0.1
5.0734,0.2072,ldsc,93,10000,0.1,0.1
3.6845,0.1761,ldsc,94,10000,0.1,0.1
18.7886,0.3661,ldsc,95,10000,0.1,0.1
-0.3429,0.0484,ldsc,96,10000,0.1,0.1
11.3473,0.2824,ldsc,97,10000,0.1,0.1
-0.359,0.0442,ldsc,98,10000,0.1,0.1
-0.282,0.0377,ldsc,99,10000,0.1,0.1
0.5164,0.0509,ldsc,0,20000,0.1,0.1
4.1523,0.1379,ldsc,1,20000,0.1,0.1
4.194,0.1325,ldsc,2,20000,0.1,0.1
7.1321,0.2162,ldsc,3,20000,0.1,0.1
0.0708,0.042,ldsc,4,20000,0.1,0.1
1.9154,0.105,ldsc,5,20000,0.1,0.1
2.0287,0.0988,ldsc,6,20000,0.1,0.1
1.0702,0.0744,ldsc,7,20000,0.1,0.1
0.5904,0.0653,ldsc,8,20000,0.1,0.1
3.7729,0.1316,ldsc,9,20000,0.1,0.1
3.7183,0.155,ldsc,10,20000,0.1,0.1
8.02,0.216,ldsc,11,20000,0.1,0.1
2.8152,0.1186,ldsc,12,20000,0.1,0.1
-0.1139,0.0335,ldsc,13,20000,0.1,0.1
1.4345,0.0836,ldsc,14,20000,0.1,0.1
15.1852,0.3193,ldsc,15,20000,0.1,0.1
3.4356,0.1414,ldsc,16,20000,0.1,0.1
1.7836,0.0865,ldsc,17,20000,0.1,0.1
7.599,0.2104,ldsc,18,20000,0.1,0.1
-0.1892,0.0259,ldsc,19,20000,0.1,0.1
1.157,0.0816,ldsc,20,20000,0.1,0.1
5.159,0.1539,ldsc,21,20000,0.1,0.1
0.8405,0.0767,ldsc,22,20000,0.1,0.1
0.101,0.0445,ldsc,23,20000,0.1,0.1
3.263,0.1382,ldsc,24,20000,0.1,0.1
-0.1793,0.0317,ldsc,25,20000,0.1,0.1
0.514,0.0676,ldsc,26,20000,0.1,0.1
-0.1249,0.0318,ldsc,27,20000,0.1,0.1
17.2373,0.3754,ldsc,28,20000,0.1,0.1
-0.2065,0.0276,ldsc,29,20000,0.1,0.1
0.7469,0.0696,ldsc,30,20000,0.1,0.1
5.3622,0.1378,ldsc,31,20000,0.1,0.1
1.7909,0.0971,ldsc,32,20000,0.1,0.1
0.7517,0.0599,ldsc,33,20000,0.1,0.1
-0.1929,0.0242,ldsc,34,20000,0.1,0.1
1.8565,0.1053,ldsc,35,20000,0.1,0.1
2.2674,0.0978,ldsc,36,20000,0.1,0.1
3.2697,0.1366,ldsc,37,20000,0.1,0.1
5.3894,0.1815,ldsc,38,20000,0.1,0.1
14.1795,0.3297,ldsc,39,20000,0.1,0.1
31.5819,0.5854,ldsc,40,20000,0.1,0.1
1.3689,0.0883,ldsc,41,20000,0.1,0.1
8.4602,0.2161,ldsc,42,20000,0.1,0.1
0.0236,0.0412,ldsc,43,20000,0.1,0.1
5.3526,0.1661,ldsc,44,20000,0.1,0.1
5.8997,0.1783,ldsc,45,20000,0.1,0.1
6.3606,0.1811,ldsc,46,20000,0.1,0.1
9.0391,0.2319,ldsc,47,20000,0.1,0.1
4.8547,0.1488,ldsc,48,20000,0.1,0.1
0.0497,0.0397,ldsc,49,20000,0.1,0.1
39.3846,0.721,ldsc,50,20000,0.1,0.1
5.5744,0.1884,ldsc,51,20000,0.1,0.1
0.0342,0.0384,ldsc,52,20000,0.1,0.1
21.8645,0.4554,ldsc,53,20000,0.1,0.1
3.2395,0.1295,ldsc,54,20000,0.1,0.1
0.0509,0.0394,ldsc,55,20000,0.1,0.1
8.7208,0.2269,ldsc,56,20000,0.1,0.1
1.9089,0.1177,ldsc,57,20000,0.1,0.1
0.8869,0.0701,ldsc,58,20000,0.1,0.1
0.7494,0.0699,ldsc,59,20000,0.1,0.1
1.1674,0.0781,ldsc,60,20000,0.1,0.1
-0.1548,0.0351,ldsc,61,20000,0.1,0.1
4.3231,0.1626,ldsc,62,20000,0.1,0.1
2.423,0.1129,ldsc,63,20000,0.1,0.1
0.3637,0.0593,ldsc,64,20000,0.1,0.1
2.4687,0.114,ldsc,65,20000,0.1,0.1
15.1747,0.3221,ldsc,66,20000,0.1,0.1
3.1157,0.1414,ldsc,67,20000,0.1,0.1
0.994,0.0762,ldsc,68,20000,0.1,0.1
7.7337,0.2229,ldsc,69,20000,0.1,0.1
1.7471,0.0835,ldsc,70,20000,0.1,0.1
3.06,0.1252,ldsc,71,20000,0.1,0.1
3.6772,0.1286,ldsc,72,20000,0.1,0.1
0.2056,0.0465,ldsc,73,20000,0.1,0.1
1.9488,0.0905,ldsc,74,20000,0.1,0.1
1.6715,0.0912,ldsc,75,20000,0.1,0.1
3.2608,0.1181,ldsc,76,20000,0.1,0.1
9.1002,0.1934,ldsc,77,20000,0.1,0.1
1.6373,0.0772,ldsc,78,20000,0.1,0.1
3.5524,0.1044,ldsc,79,20000,0.1,0.1
1.1136,0.0859,ldsc,80,20000,0.1,0.1
0.1431,0.041,ldsc,81,20000,0.1,0.1
0.3315,0.0458,ldsc,82,20000,0.1,0.1
-0.2412,0.0241,ldsc,83,20000,0.1,0.1
-0.1485,0.0281,ldsc,84,20000,0.1,0.1
-0.1201,0.0325,ldsc,85,20000,0.1,0.1
9.5615,0.2306,ldsc,86,20000,0.1,0.1
-0.2041,0.0253,ldsc,87,20000,0.1,0.1
5.0599,0.1613,ldsc,88,20000,0.1,0.1
0.1653,0.0517,ldsc,89,20000,0.1,0.1
6.1763,0.164,ldsc,90,20000,0.1,0.1
7.3719,0.203,ldsc,91,20000,0.1,0.1
-0.1767,0.0288,ldsc,92,20000,0.1,0.1
3.2608,0.1368,ldsc,93,20000,0.1,0.1
2.3654,0.1169,ldsc,94,20000,0.1,0.1
12.1372,0.2766,ldsc,95,20000,0.1,0.1
-0.22,0.0312,ldsc,96,20000,0.1,0.1
7.3165,0.2082,ldsc,97,20000,0.1,0.1
-0.2346,0.0282,ldsc,98,20000,0.1,0.1
-0.18,0.0242,ldsc,99,20000,0.1,0.1
0.3817,0.0404,ldsc,0,30000,0.1,0.1
3.101,0.1159,ldsc,1,30000,0.1,0.1
3.1511,0.1239,ldsc,2,30000,0.1,0.1
5.3507,0.1998,ldsc,3,30000,0.1,0.1
0.0521,0.0303,ldsc,4,30000,0.1,0.1
1.4396,0.0861,ldsc,5,30000,0.1,0.1
1.5217,0.084,ldsc,6,30000,0.1,0.1
0.801,0.0598,ldsc,7,30000,0.1,0.1
0.4394,0.0509,ldsc,8,30000,0.1,0.1
2.8189,0.1128,ldsc,9,30000,0.1,0.1
2.8023,0.1369,ldsc,10,30000,0.1,0.1
6.0092,0.2094,ldsc,11,30000,0.1,0.1
2.1142,0.1019,ldsc,12,30000,0.1,0.1
-0.0844,0.0238,ldsc,13,30000,0.1,0.1
1.0748,0.0675,ldsc,14,30000,0.1,0.1
11.4461,0.3484,ldsc,15,30000,0.1,0.1
2.5685,0.1149,ldsc,16,30000,0.1,0.1
1.3421,0.0734,ldsc,17,30000,0.1,0.1
5.7198,0.2026,ldsc,18,30000,0.1,0.1
-0.1347,0.0189,ldsc,19,30000,0.1,0.1
0.8564,0.0613,ldsc,20,30000,0.1,0.1
3.8678,0.1405,ldsc,21,30000,0.1,0.1
0.6303,0.0595,ldsc,22,30000,0.1,0.1
0.0732,0.0324,ldsc,23,30000,0.1,0.1
2.4592,0.1175,ldsc,24,30000,0.1,0.1
-0.132,0.0232,ldsc,25,30000,0.1,0.1
0.373,0.0491,ldsc,26,30000,0.1,0.1
-0.0933,0.023,ldsc,27,30000,0.1,0.1
13.0257,0.4036,ldsc,28,30000,0.1,0.1
-0.1486,0.0209,ldsc,29,30000,0.1,0.1
0.5569,0.0541,ldsc,30,30000,0.1,0.1
4.0158,0.1301,ldsc,31,30000,0.1,0.1
1.3415,0.0748,ldsc,32,30000,0.1,0.1
0.5598,0.0471,ldsc,33,30000,0.1,0.1
-0.1387,0.0179,ldsc,34,30000,0.1,0.1
1.4005,0.087,ldsc,35,30000,0.1,0.1
1.7006,0.08,ldsc,36,30000,0.1,0.1
2.4583,0.1163,ldsc,37,30000,0.1,0.1
4.0292,0.1548,ldsc,38,30000,0.1,0.1
10.6721,0.3342,ldsc,39,30000,0.1,0.1
23.9893,0.6435,ldsc,40,30000,0.1,0.1
1.0174,0.0689,ldsc,41,30000,0.1,0.1
6.3383,0.2044,ldsc,42,30000,0.1,0.1
0.0161,0.0295,ldsc,43,30000,0.1,0.1
4.0062,0.1424,ldsc,44,30000,0.1,0.1
4.4156,0.1573,ldsc,45,30000,0.1,0.1
4.7613,0.1728,ldsc,46,30000,0.1,0.1
6.7929,0.2249,ldsc,47,30000,0.1,0.1
3.6374,0.1314,ldsc,48,30000,0.1,0.1
0.0353,0.0285,ldsc,49,30000,0.1,0.1
30.1156,0.7849,ldsc,50,30000,0.1,0.1
4.1853,0.1689,ldsc,51,30000,0.1,0.1
0.027,0.0277,ldsc,52,30000,0.1,0.1
16.5242,0.4742,ldsc,53,30000,0.1,0.1
2.4337,0.1134,ldsc,54,30000,0.1,0.1
0.0355,0.028,ldsc,55,30000,0.1,0.1
6.5538,0.2176,ldsc,56,30000,0.1,0.1
1.4428,0.0966,ldsc,57,30000,0.1,0.1
0.6556,0.0531,ldsc,58,30000,0.1,0.1
0.5523,0.0542,ldsc,59,30000,0.1,0.1
0.8715,0.0592,ldsc,60,30000,0.1,0.1
-0.1145,0.025,ldsc,61,30000,0.1,0.1
3.2504,0.1444,ldsc,62,30000,0.1,0.1
1.8026,0.0923,ldsc,63,30000,0.1,0.1
0.266,0.0452,ldsc,64,30000,0.1,0.1
1.839,0.0928,ldsc,65,30000,0.1,0.1
11.386,0.321,ldsc,66,30000,0.1,0.1
2.3607,0.1223,ldsc,67,30000,0.1,0.1
0.7507,0.0614,ldsc,68,30000,0.1,0.1
5.8034,0.2057,ldsc,69,30000,0.1,0.1
1.3094,0.0664,ldsc,70,30000,0.1,0.1
2.298,0.1064,ldsc,71,30000,0.1,0.1
2.7544,0.1091,ldsc,72,30000,0.1,0.1
0.1482,0.0345,ldsc,73,30000,0.1,0.1
1.4603,0.0738,ldsc,74,30000,0.1,0.1
1.2493,0.0693,ldsc,75,30000,0.1,0.1
2.4437,0.1044,ldsc,76,30000,0.1,0.1
6.8244,0.2041,ldsc,77,30000,0.1,0.1
1.2234,0.0655,ldsc,78,30000,0.1,0.1
2.6561,0.0954,ldsc,79,30000,0.1,0.1
0.8327,0.0672,ldsc,80,30000,0.1,0.1
0.1066,0.0301,ldsc,81,30000,0.1,0.1
0.2477,0.0352,ldsc,82,30000,0.1,0.1
-0.1717,0.0198,ldsc,83,30000,0.1,0.1
-0.1096,0.0207,ldsc,84,30000,0.1,0.1
-0.0903,0.0237,ldsc,85,30000,0.1,0.1
7.1924,0.232,ldsc,86,30000,0.1,0.1
-0.1492,0.0201,ldsc,87,30000,0.1,0.1
3.7942,0.1433,ldsc,88,30000,0.1,0.1
0.1159,0.0368,ldsc,89,30000,0.1,0.1
4.6285,0.156,ldsc,90,30000,0.1,0.1
5.56,0.2035,ldsc,91,30000,0.1,0.1
-0.1241,0.0221,ldsc,92,30000,0.1,0.1
2.4597,0.1195,ldsc,93,30000,0.1,0.1
1.7744,0.0994,ldsc,94,30000,0.1,0.1
9.1091,0.2816,ldsc,95,30000,0.1,0.1
-0.1583,0.0236,ldsc,96,30000,0.1,0.1
5.5038,0.2079,ldsc,97,30000,0.1,0.1
-0.1718,0.0222,ldsc,98,30000,0.1,0.1
-0.1311,0.0178,ldsc,99,30000,0.1,0.1
0.1853,0.0265,ldsc,0,50000,0.1,0.1
1.7996,0.1131,ldsc,1,50000,0.1,0.1
1.8556,0.1252,ldsc,2,50000,0.1,0.1
3.0783,0.1828,ldsc,3,50000,0.1,0.1
0.0163,0.0131,ldsc,4,50000,0.1,0.1
0.7917,0.0586,ldsc,5,50000,0.1,0.1
0.8806,0.0683,ldsc,6,50000,0.1,0.1
0.4317,0.0455,ldsc,7,50000,0.1,0.1
0.2065,0.0275,ldsc,8,50000,0.1,0.1
1.6472,0.1107,ldsc,9,50000,0.1,0.1
1.6261,0.1179,ldsc,10,50000,0.1,0.1
3.5159,0.2188,ldsc,11,50000,0.1,0.1
1.2215,0.0885,ldsc,12,50000,0.1,0.1
-0.0306,0.0105,ldsc,13,50000,0.1,0.1
0.5676,0.0475,ldsc,14,50000,0.1,0.1
6.6929,0.3904,ldsc,15,50000,0.1,0.1
1.4963,0.1043,ldsc,16,50000,0.1,0.1
0.7638,0.0617,ldsc,17,50000,0.1,0.1
3.3115,0.2044,ldsc,18,50000,0.1,0.1
-0.0464,0.0097,ldsc,19,50000,0.1,0.1
0.4305,0.0415,ldsc,20,50000,0.1,0.1
2.2709,0.1414,ldsc,21,50000,0.1,0.1
0.3339,0.039,ldsc,22,50000,0.1,0.1
0.0271,0.0134,ldsc,23,50000,0.1,0.1
1.4194,0.1043,ldsc,24,50000,0.1,0.1
-0.0528,0.0101,ldsc,25,50000,0.1,0.1
0.1626,0.024,ldsc,26,50000,0.1,0.1
-0.0351,0.0107,ldsc,27,50000,0.1,0.1
7.6419,0.4451,ldsc,28,50000,0.1,0.1
-0.0506,0.01,ldsc,29,50000,0.1,0.1
0.2593,0.0285,ldsc,30,50000,0.1,0.1
2.3329,0.1402,ldsc,31,50000,0.1,0.1
0.7567,0.0604,ldsc,32,50000,0.1,0.1
0.2638,0.0317,ldsc,33,50000,0.1,0.1
-0.0534,0.0085,ldsc,34,50000,0.1,0.1
0.8203,0.0719,ldsc,35,50000,0.1,0.1
1.0041,0.0676,ldsc,36,50000,0.1,0.1
1.4382,0.0989,ldsc,37,50000,0.1,0.1
2.3506,0.1481,ldsc,38,50000,0.1,0.1
6.138,0.3464,ldsc,39,50000,0.1,0.1
14.1553,0.7794,ldsc,40,50000,0.1,0.1
0.5157,0.0454,ldsc,41,50000,0.1,0.1
3.6623,0.2224,ldsc,42,50000,0.1,0.1
0.0066,0.0112,ldsc,43,50000,0.1,0.1
2.2765,0.1408,ldsc,44,50000,0.1,0.1
2.5852,0.1637,ldsc,45,50000,0.1,0.1
2.7873,0.1811,ldsc,46,50000,0.1,0.1
4.0245,0.2479,ldsc,47,50000,0.1,0.1
2.0789,0.1319,ldsc,48,50000,0.1,0.1
0.0146,0.0114,ldsc,49,50000,0.1,0.1
17.8034,0.9642,ldsc,50,50000,0.1,0.1
2.4026,0.157,ldsc,51,50000,0.1,0.1
0.0116,0.0112,ldsc,52,50000,0.1,0.1
9.7041,0.5413,ldsc,53,50000,0.1,0.1
1.4058,0.0913,ldsc,54,50000,0.1,0.1
0.0197,0.0112,ldsc,55,50000,0.1,0.1
3.8337,0.2322,ldsc,56,50000,0.1,0.1
0.8047,0.0648,ldsc,57,50000,0.1,0.1
0.3414,0.0343,ldsc,58,50000,0.1,0.1
0.2789,0.0361,ldsc,59,50000,0.1,0.1
0.4862,0.0451,ldsc,60,50000,0.1,0.1
-0.0434,0.011,ldsc,61,50000,0.1,0.1
1.8976,0.131,ldsc,62,50000,0.1,0.1
1.0203,0.0768,ldsc,63,50000,0.1,0.1
0.1192,0.022,ldsc,64,50000,0.1,0.1
1.0631,0.0801,ldsc,65,50000,0.1,0.1
6.6859,0.3827,ldsc,66,50000,0.1,0.1
1.3732,0.0998,ldsc,67,50000,0.1,0.1
0.3968,0.0399,ldsc,68,50000,0.1,0.1
3.4041,0.2162,ldsc,69,50000,0.1,0.1
0.7604,0.0588,ldsc,70,50000,0.1,0.1
1.314,0.0901,ldsc,71,50000,0.1,0.1
1.6391,0.1085,ldsc,72,50000,0.1,0.1
0.0665,0.0163,ldsc,73,50000,0.1,0.1
0.8407,0.0598,ldsc,74,50000,0.1,0.1
0.7398,0.0584,ldsc,75,50000,0.1,0.1
1.4235,0.0988,ldsc,76,50000,0.1,0.1
3.9838,0.2333,ldsc,77,50000,0.1,0.1
0.6796,0.0561,ldsc,78,50000,0.1,0.1
1.5822,0.0958,ldsc,79,50000,0.1,0.1
0.4135,0.04,ldsc,80,50000,0.1,0.1
0.0484,0.0134,ldsc,81,50000,0.1,0.1
0.1154,0.0193,ldsc,82,50000,0.1,0.1
-0.0646,0.0103,ldsc,83,50000,0.1,0.1
-0.0451,0.0096,ldsc,84,50000,0.1,0.1
-0.0352,0.0093,ldsc,85,50000,0.1,0.1
4.2103,0.2585,ldsc,86,50000,0.1,0.1
-0.0556,0.0101,ldsc,87,50000,0.1,0.1
2.2114,0.143,ldsc,88,50000,0.1,0.1
0.0442,0.017,ldsc,89,50000,0.1,0.1
2.7148,0.1687,ldsc,90,50000,0.1,0.1
3.2302,0.2042,ldsc,91,50000,0.1,0.1
-0.042,0.0094,ldsc,92,50000,0.1,0.1
1.4429,0.1071,ldsc,93,50000,0.1,0.1
1.0283,0.0772,ldsc,94,50000,0.1,0.1
5.3361,0.3156,ldsc,95,50000,0.1,0.1
-0.0658,0.0099,ldsc,96,50000,0.1,0.1
3.2193,0.2046,ldsc,97,50000,0.1,0.1
-0.0685,0.0097,ldsc,98,50000,0.1,0.1
-0.0464,0.0086,ldsc,99,50000,0.1,0.1
-0.7699,0.1646,ldsc,0,1000,0.1,0.01
25.2469,1.0737,ldsc,1,1000,0.1,0.01
7.0253,0.4362,ldsc,2,1000,0.1,0.01
19.7982,0.693,ldsc,3,1000,0.1,0.01
4.6657,0.3869,ldsc,4,1000,0.1,0.01
0.4148,0.2004,ldsc,5,1000,0.1,0.01
3.3793,0.3044,ldsc,6,1000,0.1,0.01
-1.1001,0.147,ldsc,7,1000,0.1,0.01
-0.3319,0.1824,ldsc,8,1000,0.1,0.01
0.8955,0.2363,ldsc,9,1000,0.1,0.01
-0.1422,0.2026,ldsc,10,1000,0.1,0.01
40.9287,1.2039,ldsc,11,1000,0.1,0.01
7.7176,0.4491,ldsc,12,1000,0.1,0.01
0.2407,0.1834,ldsc,13,1000,0.1,0.01
-0.2543,0.1747,ldsc,14,1000,0.1,0.01
110.9487,2.248,ldsc,15,1000,0.1,0.01
11.3556,0.4913,ldsc,16,1000,0.1,0.01
17.5758,0.6582,ldsc,17,1000,0.1,0.01
-0.8396,0.1652,ldsc,18,1000,0.1,0.01
19.1276,0.7458,ldsc,19,1000,0.1,0.01
13.8645,0.6517,ldsc,20,1000,0.1,0.01
7.7431,0.4457,ldsc,21,1000,0.1,0.01
-1.0325,0.1503,ldsc,22,1000,0.1,0.01
68.9334,1.6022,ldsc,23,1000,0.1,0.01
1.3765,0.2462,ldsc,24,1000,0.1,0.01
22.9193,0.7249,ldsc,25,1000,0.1,0.01
43.0949,1.2604,ldsc,26,1000,0.1,0.01
3.8536,0.3242,ldsc,27,1000,0.1,0.01
19.661,0.6926,ldsc,28,1000,0.1,0.01
4.2866,0.3368,ldsc,29,1000,0.1,0.01
1.0619,0.2549,ldsc,30,1000,0.1,0.01
10.5051,0.5202,ldsc,31,1000,0.1,0.01
2.4015,0.2746,ldsc,32,1000,0.1,0.01
4.7772,0.3741,ldsc,33,1000,0.1,0.01
179.774,3.6719,ldsc,34,1000,0.1,0.01
-0.7533,0.1654,ldsc,35,1000,0.1,0.01
73.7016,1.7677,ldsc,36,1000,0.1,0.01
0.4437,0.1974,ldsc,37,1000,0.1,0.01
54.1651,1.4928,ldsc,38,1000,0.1,0.01
7.8724,0.3779,ldsc,39,1000,0.1,0.01
19.7163,0.6175,ldsc,40,1000,0.1,0.01
52.6682,1.3158,ldsc,41,1000,0.1,0.01
32.0126,0.9689,ldsc,42,1000,0.1,0.01
1.2651,0.2424,ldsc,43,1000,0.1,0.01
3.9485,0.4162,ldsc,44,1000,0.1,0.01
21.1565,0.6819,ldsc,45,1000,0.1,0.01
13.058,0.477,ldsc,46,1000,0.1,0.01
55.6642,1.4356,ldsc,47,1000,0.1,0.01
3.7438,0.3242,ldsc,48,1000,0.1,0.01
56.5723,1.3242,ldsc,49,1000,0.1,0.01
1.0266,0.2181,ldsc,50,1000,0.1,0.01
12.8215,0.5858,ldsc,51,1000,0.1,0.01
14.1867,0.5991,ldsc,52,1000,0.1,0.01
-0.291,0.1754,ldsc,53,1000,0.1,0.01
18.8157,0.6904,ldsc,54,1000,0.1,0.01
35.799,0.9436,ldsc,55,1000,0.1,0.01
-0.5639,0.1615,ldsc,56,1000,0.1,0.01
36.7107,1.1387,ldsc,57,1000,0.1,0.01
17.3703,0.5799,ldsc,58,1000,0.1,0.01
3.1227,0.2833,ldsc,59,1000,0.1,0.01
-0.471,0.1734,ldsc,60,1000,0.1,0.01
-0.7209,0.1504,ldsc,61,1000,0.1,0.01
3.2591,0.324,ldsc,62,1000,0.1,0.01
0.7475,0.2556,ldsc,63,1000,0.1,0.01
-0.7752,0.1548,ldsc,64,1000,0.1,0.01
10.6453,0.5984,ldsc,65,1000,0.1,0.01
7.6997,0.4025,ldsc,66,1000,0.1,0.01
4.6021,0.369,ldsc,67,1000,0.1,0.01
-0.3654,0.2115,ldsc,68,1000,0.1,0.01
10.8327,0.4944,ldsc,69,1000,0.1,0.01
31.9434,0.9721,ldsc,70,1000,0.1,0.01
65.5064,1.4184,ldsc,71,1000,0.1,0.01
-0.4197,0.1555,ldsc,72,1000,0.1,0.01
-0.5437,0.1966,ldsc,73,1000,0.1,0.01
47.0187,1.1059,ldsc,74,1000,0.1,0.01
48.1366,1.114,ldsc,75,1000,0.1,0.01
2.6095,0.3247,ldsc,76,1000,0.1,0.01
1.0619,0.2985,ldsc,77,1000,0.1,0.01
15.3921,0.6352,ldsc,78,1000,0.1,0.01
14.7279,0.5474,ldsc,79,1000,0.1,0.01
0.8865,0.2518,ldsc,80,1000,0.1,0.01
-0.854,0.1571,ldsc,81,1000,0.1,0.01
-0.4818,0.147,ldsc,82,1000,0.1,0.01
2.5146,0.2926,ldsc,83,1000,0.1,0.01
8.6285,0.4853,ldsc,84,1000,0.1,0.01
13.6826,0.5854,ldsc,85,1000,0.1,0.01
18.8164,0.7201,ldsc,86,1000,0.1,0.01
3.2133,0.2991,ldsc,87,1000,0.1,0.01
8.1936,0.4813,ldsc,88,1000,0.1,0.01
10.5129,0.5653,ldsc,89,1000,0.1,0.01
18.8285,0.6335,ldsc,90,1000,0.1,0.01
2.7259,0.2885,ldsc,91,1000,0.1,0.01
147.2964,2.615,ldsc,92,1000,0.1,0.01
30.2553,0.905,ldsc,93,1000,0.1,0.01
-0.3635,0.2197,ldsc,94,1000,0.1,0.01
0.5789,0.2161,ldsc,95,1000,0.1,0.01
22.0449,0.6775,ldsc,96,1000,0.1,0.01
13.5746,0.6148,ldsc,97,1000,0.1,0.01
9.9005,0.4645,ldsc,98,1000,0.1,0.01
-0.0925,0.1965,ldsc,99,1000,0.1,0.01
-0.6808,0.1228,ldsc,0,2000,0.1,0.01
21.5064,0.8144,ldsc,1,2000,0.1,0.01
5.9915,0.3471,ldsc,2,2000,0.1,0.01
16.8346,0.5215,ldsc,3,2000,0.1,0.01
3.9898,0.3082,ldsc,4,2000,0.1,0.01
0.3468,0.1585,ldsc,5,2000,0.1,0.01
2.883,0.2508,ldsc,6,2000,0.1,0.01
-0.9337,0.1077,ldsc,7,2000,0.1,0.01
-0.2982,0.1412,ldsc,8,2000,0.1,0.01
0.7674,0.1859,ldsc,9,2000,0.1,0.01
-0.1307,0.158,ldsc,10,2000,0.1,0.01
34.7814,0.8417,ldsc,11,2000,0.1,0.01
6.5385,0.362,ldsc,12,2000,0.1,0.01
0.1963,0.1442,ldsc,13,2000,0.1,0.01
-0.2302,0.133,ldsc,14,2000,0.1,0.01
48.1347,39.1494,ldsc,15,2000,0.1,0.01
9.6592,0.4018,ldsc,16,2000,0.1,0.01
14.9225,0.5133,ldsc,17,2000,0.1,0.01
-0.7196,0.123,ldsc,18,2000,0.1,0.01
16.2031,0.5709,ldsc,19,2000,0.1,0.01
11.7362,0.52,ldsc,20,2000,0.1,0.01
6.5463,0.3552,ldsc,21,2000,0.1,0.01
-0.9099,0.1111,ldsc,22,2000,0.1,0.01
57.8725,1.0739,ldsc,23,2000,0.1,0.01
1.1558,0.1999,ldsc,24,2000,0.1,0.01
19.4519,0.5608,ldsc,25,2000,0.1,0.01
36.4988,0.9098,ldsc,26,2000,0.1,0.01
3.2483,0.2651,ldsc,27,2000,0.1,0.01
16.6753,0.5391,ldsc,28,2000,0.1,0.01
3.7129,0.2635,ldsc,29,2000,0.1,0.01
0.8324,0.2028,ldsc,30,2000,0.1,0.01
8.9367,0.4135,ldsc,31,2000,0.1,0.01
2.0352,0.2233,ldsc,32,2000,0.1,0.01
4.0401,0.3037,ldsc,33,2000,0.1,0.01
147.0284,2.4742,ldsc,34,2000,0.1,0.01
-0.6726,0.125,ldsc,35,2000,0.1,0.01
61.8376,1.1636,ldsc,36,2000,0.1,0.01
0.4232,0.1568,ldsc,37,2000,0.1,0.01
45.6179,1.0221,ldsc,38,2000,0.1,0.01
6.6889,0.299,ldsc,39,2000,0.1,0.01
16.7079,0.4729,ldsc,40,2000,0.1,0.01
44.4778,0.9243,ldsc,41,2000,0.1,0.01
27.1008,0.7306,ldsc,42,2000,0.1,0.01
1.103,0.1936,ldsc,43,2000,0.1,0.01
3.3471,0.339,ldsc,44,2000,0.1,0.01
17.9226,0.5276,ldsc,45,2000,0.1,0.01
11.0974,0.3915,ldsc,46,2000,0.1,0.01
46.921,1.0228,ldsc,47,2000,0.1,0.01
3.1475,0.2555,ldsc,48,2000,0.1,0.01
47.5339,0.9262,ldsc,49,2000,0.1,0.01
0.8048,0.174,ldsc,50,2000,0.1,0.01
10.9853,0.4545,ldsc,51,2000,0.1,0.01
12.1172,0.4734,ldsc,52,2000,0.1,0.01
-0.2405,0.1363,ldsc,53,2000,0.1,0.01
15.9956,0.5335,ldsc,54,2000,0.1,0.01
30.2928,0.6921,ldsc,55,2000,0.1,0.01
-0.5484,0.1236,ldsc,56,2000,0.1,0.01
31.0501,0.8401,ldsc,57,2000,0.1,0.01
14.7447,0.4623,ldsc,58,2000,0.1,0.01
2.6252,0.2272,ldsc,59,2000,0.1,0.01
-0.3977,0.1321,ldsc,60,2000,0.1,0.01
-0.6576,0.1094,ldsc,61,2000,0.1,0.01
2.7822,0.2591,ldsc,62,2000,0.1,0.01
0.6731,0.2037,ldsc,63,2000,0.1,0.01
-0.7104,0.1132,ldsc,64,2000,0.1,0.01
9.0809,0.4724,ldsc,65,2000,0.1,0.01
6.4762,0.3162,ldsc,66,2000,0.1,0.01
3.9444,0.2926,ldsc,67,2000,0.1,0.01
-0.3623,0.1646,ldsc,68,2000,0.1,0.01
9.1965,0.3777,ldsc,69,2000,0.1,0.01
27.0952,0.6915,ldsc,70,2000,0.1,0.01
54.7668,0.9662,ldsc,71,2000,0.1,0.01
-0.3382,0.12,ldsc,72,2000,0.1,0.01
-0.4748,0.1558,ldsc,73,2000,0.1,0.01
39.587,0.767,ldsc,74,2000,0.1,0.01
40.7231,0.7962,ldsc,75,2000,0.1,0.01
2.209,0.2598,ldsc,76,2000,0.1,0.01
0.8927,0.2398,ldsc,77,2000,0.1,0.01
13.1178,0.4948,ldsc,78,2000,0.1,0.01
12.5584,0.4278,ldsc,79,2000,0.1,0.01
0.7349,0.1991,ldsc,80,2000,0.1,0.01
-0.747,0.1176,ldsc,81,2000,0.1,0.01
-0.4703,0.1087,ldsc,82,2000,0.1,0.01
2.1553,0.2362,ldsc,83,2000,0.1,0.01
7.3119,0.3766,ldsc,84,2000,0.1,0.01
11.6649,0.453,ldsc,85,2000,0.1,0.01
16.0466,0.5761,ldsc,86,2000,0.1,0.01
2.7043,0.2389,ldsc,87,2000,0.1,0.01
7.0388,0.3786,ldsc,88,2000,0.1,0.01
8.9938,0.4543,ldsc,89,2000,0.1,0.01
16.0104,0.4988,ldsc,90,2000,0.1,0.01
2.293,0.2366,ldsc,91,2000,0.1,0.01
106.6763,10.9411,ldsc,92,2000,0.1,0.01
25.6238,0.6651,ldsc,93,2000,0.1,0.01
-0.3421,0.169,ldsc,94,2000,0.1,0.01
0.4309,0.1722,ldsc,95,2000,0.1,0.01
18.7175,0.5213,ldsc,96,2000,0.1,0.01
11.5757,0.4735,ldsc,97,2000,0.1,0.01
8.4677,0.3727,ldsc,98,2000,0.1,0.01
-0.1219,0.1508,ldsc,99,2000,0.1,0.01
-0.581,0.0975,ldsc,0,3000,0.1,0.01
18.0516,0.6545,ldsc,1,3000,0.1,0.01
5.0394,0.2856,ldsc,2,3000,0.1,0.01
14.1325,0.4187,ldsc,3,3000,0.1,0.01
3.3542,0.2517,ldsc,4,3000,0.1,0.01
0.2874,0.1301,ldsc,5,3000,0.1,0.01
2.4253,0.2096,ldsc,6,3000,0.1,0.01
-0.7845,0.0846,ldsc,7,3000,0.1,0.01
-0.2572,0.1154,ldsc,8,3000,0.1,0.01
0.6507,0.1523,ldsc,9,3000,0.1,0.01
-0.1078,0.1287,ldsc,10,3000,0.1,0.01
29.1523,0.6562,ldsc,11,3000,0.1,0.01
5.4812,0.3002,ldsc,12,3000,0.1,0.01
0.1619,0.1183,ldsc,13,3000,0.1,0.01
-0.1985,0.107,ldsc,14,3000,0.1,0.01
74.0801,12.2446,ldsc,15,3000,0.1,0.01
8.1205,0.3339,ldsc,16,3000,0.1,0.01
12.5253,0.4217,ldsc,17,3000,0.1,0.01
-0.61,0.0977,ldsc,18,3000,0.1,0.01
13.5863,0.4615,ldsc,19,3000,0.1,0.01
9.8478,0.429,ldsc,20,3000,0.1,0.01
5.4832,0.2916,ldsc,21,3000,0.1,0.01
-0.7822,0.0878,ldsc,22,3000,0.1,0.01
48.2355,0.8438,ldsc,23,3000,0.1,0.01
0.9634,0.1655,ldsc,24,3000,0.1,0.01
16.3246,0.4581,ldsc,25,3000,0.1,0.01
30.5711,0.7214,ldsc,26,3000,0.1,0.01
2.7233,0.2206,ldsc,27,3000,0.1,0.01
13.992,0.4423,ldsc,28,3000,0.1,0.01
3.1399,0.2131,ldsc,29,3000,0.1,0.01
0.6701,0.1669,ldsc,30,3000,0.1,0.01
7.5158,0.3407,ldsc,31,3000,0.1,0.01
1.6973,0.1845,ldsc,32,3000,0.1,0.01
3.3826,0.2522,ldsc,33,3000,0.1,0.01
198.1098,79.74,ldsc,34,3000,0.1,0.01
-0.5813,0.1005,ldsc,35,3000,0.1,0.01
51.494,0.9087,ldsc,36,3000,0.1,0.01
0.3732,0.1293,ldsc,37,3000,0.1,0.01
38.1148,0.7976,ldsc,38,3000,0.1,0.01
5.6132,0.2453,ldsc,39,3000,0.1,0.01
14.0098,0.3885,ldsc,40,3000,0.1,0.01
37.1844,0.7307,ldsc,41,3000,0.1,0.01
22.7207,0.5902,ldsc,42,3000,0.1,0.01
0.9359,0.1596,ldsc,43,3000,0.1,0.01
2.8055,0.2819,ldsc,44,3000,0.1,0.01
15.0224,0.4293,ldsc,45,3000,0.1,0.01
9.3304,0.3277,ldsc,46,3000,0.1,0.01
39.2013,0.8211,ldsc,47,3000,0.1,0.01
2.6362,0.2097,ldsc,48,3000,0.1,0.01
39.6635,0.743,ldsc,49,3000,0.1,0.01
0.6547,0.1427,ldsc,50,3000,0.1,0.01
9.2594,0.3692,ldsc,51,3000,0.1,0.01
10.2015,0.3899,ldsc,52,3000,0.1,0.01
-0.2063,0.1107,ldsc,53,3000,0.1,0.01
13.4249,0.4339,ldsc,54,3000,0.1,0.01
25.3695,0.5573,ldsc,55,3000,0.1,0.01
-0.4976,0.0985,ldsc,56,3000,0.1,0.01
25.9965,0.6758,ldsc,57,3000,0.1,0.01
12.3761,0.3824,ldsc,58,3000,0.1,0.01
2.1984,0.1868,ldsc,59,3000,0.1,0.01
-0.3301,0.106,ldsc,60,3000,0.1,0.01
-0.5705,0.0857,ldsc,61,3000,0.1,0.01
2.3459,0.213,ldsc,62,3000,0.1,0.01
0.5772,0.168,ldsc,63,3000,0.1,0.01
-0.6192,0.0883,ldsc,64,3000,0.1,0.01
7.631,0.385,ldsc,65,3000,0.1,0.01
5.4144,0.2596,ldsc,66,3000,0.1,0.01
3.3251,0.2408,ldsc,67,3000,0.1,0.01
-0.3236,0.1334,ldsc,68,3000,0.1,0.01
7.7169,0.3056,ldsc,69,3000,0.1,0.01
22.7216,0.544,ldsc,70,3000,0.1,0.01
45.6237,0.771,ldsc,71,3000,0.1,0.01
-0.2741,0.0972,ldsc,72,3000,0.1,0.01
-0.4012,0.1275,ldsc,73,3000,0.1,0.01
33.0793,0.6087,ldsc,74,3000,0.1,0.01
34.0867,0.6454,ldsc,75,3000,0.1,0.01
1.8509,0.214,ldsc,76,3000,0.1,0.01
0.7451,0.1975,ldsc,77,3000,0.1,0.01
11.0223,0.4034,ldsc,78,3000,0.1,0.01
10.5641,0.352,ldsc,79,3000,0.1,0.01
0.6098,0.164,ldsc,80,3000,0.1,0.01
-0.6292,0.0937,ldsc,81,3000,0.1,0.01
-0.4227,0.0854,ldsc,82,3000,0.1,0.01
1.8184,0.1951,ldsc,83,3000,0.1,0.01
6.1278,0.3064,ldsc,84,3000,0.1,0.01
9.8066,0.3709,ldsc,85,3000,0.1,0.01
13.4975,0.475,ldsc,86,3000,0.1,0.01
2.27,0.1976,ldsc,87,3000,0.1,0.01
5.9398,0.3092,ldsc,88,3000,0.1,0.01
7.5725,0.3762,ldsc,89,3000,0.1,0.01
13.4393,0.4124,ldsc,90,3000,0.1,0.01
1.9182,0.1982,ldsc,91,3000,0.1,0.01
157.8383,25.3186,ldsc,92,3000,0.1,0.01
21.4627,0.5321,ldsc,93,3000,0.1,0.01
-0.302,0.1366,ldsc,94,3000,0.1,0.01
0.3406,0.1418,ldsc,95,3000,0.1,0.01
15.7198,0.4271,ldsc,96,3000,0.1,0.01
9.7319,0.3826,ldsc,97,3000,0.1,0.01
7.1313,0.3114,ldsc,98,3000,0.1,0.01
-0.1258,0.1216,ldsc,99,3000,0.1,0.01
-0.4441,0.0699,ldsc,0,5000,0.1,0.01
13.622,0.4799,ldsc,1,5000,0.1,0.01
3.8082,0.2135,ldsc,2,5000,0.1,0.01
10.6627,0.307,ldsc,3,5000,0.1,0.01
2.5329,0.1856,ldsc,4,5000,0.1,0.01
0.217,0.0967,ldsc,5,5000,0.1,0.01
1.8365,0.1577,ldsc,6,5000,0.1,0.01
-0.5908,0.0602,ldsc,7,5000,0.1,0.01
-0.1961,0.0853,ldsc,8,5000,0.1,0.01
0.4851,0.1129,ldsc,9,5000,0.1,0.01
-0.0804,0.0949,ldsc,10,5000,0.1,0.01
22.0047,0.4742,ldsc,11,5000,0.1,0.01
4.1282,0.2249,ldsc,12,5000,0.1,0.01
0.1236,0.0874,ldsc,13,5000,0.1,0.01
-0.1527,0.0775,ldsc,14,5000,0.1,0.01
57.4927,0.8322,ldsc,15,5000,0.1,0.01
6.1388,0.2481,ldsc,16,5000,0.1,0.01
9.449,0.318,ldsc,17,5000,0.1,0.01
-0.457,0.0703,ldsc,18,5000,0.1,0.01
10.2339,0.3409,ldsc,19,5000,0.1,0.01
7.4267,0.3186,ldsc,20,5000,0.1,0.01
4.1322,0.2167,ldsc,21,5000,0.1,0.01
-0.6033,0.0632,ldsc,22,5000,0.1,0.01
36.4795,0.6238,ldsc,23,5000,0.1,0.01
0.7215,0.1245,ldsc,24,5000,0.1,0.01
12.3248,0.341,ldsc,25,5000,0.1,0.01
23.0725,0.5256,ldsc,26,5000,0.1,0.01
2.0533,0.1648,ldsc,27,5000,0.1,0.01
10.5573,0.3294,ldsc,28,5000,0.1,0.01
2.3768,0.155,ldsc,29,5000,0.1,0.01
0.4851,0.1243,ldsc,30,5000,0.1,0.01
5.6776,0.2527,ldsc,31,5000,0.1,0.01
1.2693,0.1374,ldsc,32,5000,0.1,0.01
2.5391,0.1898,ldsc,33,5000,0.1,0.01
144.725,9.9729,ldsc,34,5000,0.1,0.01
-0.4515,0.0729,ldsc,35,5000,0.1,0.01
38.9729,0.6671,ldsc,36,5000,0.1,0.01
0.2969,0.0964,ldsc,37,5000,0.1,0.01
28.7644,0.581,ldsc,38,5000,0.1,0.01
4.2313,0.1825,ldsc,39,5000,0.1,0.01
10.5658,0.2938,ldsc,40,5000,0.1,0.01
28.0629,0.5383,ldsc,41,5000,0.1,0.01
17.1351,0.4331,ldsc,42,5000,0.1,0.01
0.7105,0.1194,ldsc,43,5000,0.1,0.01
2.117,0.2111,ldsc,44,5000,0.1,0.01
11.3285,0.318,ldsc,45,5000,0.1,0.01
7.0537,0.2465,ldsc,46,5000,0.1,0.01
29.6016,0.6096,ldsc,47,5000,0.1,0.01
1.9832,0.1564,ldsc,48,5000,0.1,0.01
29.9207,0.5528,ldsc,49,5000,0.1,0.01
0.4824,0.1063,ldsc,50,5000,0.1,0.01
7.0111,0.2727,ldsc,51,5000,0.1,0.01
7.7143,0.2912,ldsc,52,5000,0.1,0.01
-0.1628,0.081,ldsc,53,5000,0.1,0.01
10.1236,0.3185,ldsc,54,5000,0.1,0.01
19.1267,0.4091,ldsc,55,5000,0.1,0.01
-0.4027,0.0707,ldsc,56,5000,0.1,0.01
19.5981,0.5011,ldsc,57,5000,0.1,0.01
9.3414,0.2847,ldsc,58,5000,0.1,0.01
1.6569,0.1381,ldsc,59,5000,0.1,0.01
-0.2507,0.0768,ldsc,60,5000,0.1,0.01
-0.4381,0.0603,ldsc,61,5000,0.1,0.01
1.7851,0.1586,ldsc,62,5000,0.1,0.01
0.4455,0.1251,ldsc,63,5000,0.1,0.01
-0.4816,0.0627,ldsc,64,5000,0.1,0.01
5.7523,0.2841,ldsc,65,5000,0.1,0.01
4.0648,0.1932,ldsc,66,5000,0.1,0.01
2.5171,0.1796,ldsc,67,5000,0.1,0.01
-0.2651,0.0968,ldsc,68,5000,0.1,0.01
5.8137,0.2248,ldsc,69,5000,0.1,0.01
17.1378,0.3967,ldsc,70,5000,0.1,0.01
34.4461,0.579,ldsc,71,5000,0.1,0.01
-0.1958,0.0709,ldsc,72,5000,0.1,0.01
-0.3049,0.0942,ldsc,73,5000,0.1,0.01
24.9432,0.4513,ldsc,74,5000,0.1,0.01
25.7346,0.4887,ldsc,75,5000,0.1,0.01
1.3991,0.1598,ldsc,76,5000,0.1,0.01
0.5553,0.1471,ldsc,77,5000,0.1,0.01
8.3229,0.2993,ldsc,78,5000,0.1,0.01
7.9918,0.2639,ldsc,79,5000,0.1,0.01
0.457,0.122,ldsc,80,5000,0.1,0.01
-0.4753,0.0671,ldsc,81,5000,0.1,0.01
-0.3387,0.0613,ldsc,82,5000,0.1,0.01
1.3798,0.1457,ldsc,83,5000,0.1,0.01
4.6069,0.2264,ldsc,84,5000,0.1,0.01
7.405,0.2764,ldsc,85,5000,0.1,0.01
10.2013,0.3544,ldsc,86,5000,0.1,0.01
1.7118,0.1484,ldsc,87,5000,0.1,0.01
4.5046,0.228,ldsc,88,5000,0.1,0.01
5.7331,0.2829,ldsc,89,5000,0.1,0.01
10.1422,0.311,ldsc,90,5000,0.1,0.01
1.4381,0.1493,ldsc,91,5000,0.1,0.01
77.5302,17.5962,ldsc,92,5000,0.1,0.01
16.1709,0.3902,ldsc,93,5000,0.1,0.01
-0.2327,0.1003,ldsc,94,5000,0.1,0.01
0.2387,0.1053,ldsc,95,5000,0.1,0.01
11.8601,0.3209,ldsc,96,5000,0.1,0.01
7.3531,0.2802,ldsc,97,5000,0.1,0.01
5.3981,0.2362,ldsc,98,5000,0.1,0.01
-0.1128,0.0888,ldsc,99,5000,0.1,0.01
-0.2925,0.0438,ldsc,0,10000,0.1,0.01
8.8336,0.3113,ldsc,1,10000,0.1,0.01
2.4695,0.1391,ldsc,2,10000,0.1,0.01
6.9209,0.203,ldsc,3,10000,0.1,0.01
1.6367,0.1194,ldsc,4,10000,0.1,0.01
0.1397,0.0622,ldsc,5,10000,0.1,0.01
1.1925,0.1028,ldsc,6,10000,0.1,0.01
-0.3798,0.0376,ldsc,7,10000,0.1,0.01
-0.1262,0.0547,ldsc,8,10000,0.1,0.01
0.3102,0.0723,ldsc,9,10000,0.1,0.01
-0.0504,0.0605,ldsc,10,10000,0.1,0.01
14.3027,0.3225,ldsc,11,10000,0.1,0.01
2.6685,0.1452,ldsc,12,10000,0.1,0.01
0.0777,0.0559,ldsc,13,10000,0.1,0.01
-0.1037,0.0492,ldsc,14,10000,0.1,0.01
38.3957,0.6379,ldsc,15,10000,0.1,0.01
3.9884,0.1568,ldsc,16,10000,0.1,0.01
6.1333,0.2127,ldsc,17,10000,0.1,0.01
-0.2938,0.0441,ldsc,18,10000,0.1,0.01
6.6299,0.2222,ldsc,19,10000,0.1,0.01
4.8039,0.2034,ldsc,20,10000,0.1,0.01
2.682,0.14,ldsc,21,10000,0.1,0.01
-0.3996,0.0393,ldsc,22,10000,0.1,0.01
23.8646,0.4361,ldsc,23,10000,0.1,0.01
0.4652,0.0803,ldsc,24,10000,0.1,0.01
7.9979,0.2227,ldsc,25,10000,0.1,0.01
14.9983,0.3443,ldsc,26,10000,0.1,0.01
1.3267,0.1068,ldsc,27,10000,0.1,0.01
6.8502,0.2155,ldsc,28,10000,0.1,0.01
1.5424,0.0987,ldsc,29,10000,0.1,0.01
0.3014,0.0799,ldsc,30,10000,0.1,0.01
3.6868,0.1618,ldsc,31,10000,0.1,0.01
0.817,0.0894,ldsc,32,10000,0.1,0.01
1.6382,0.1246,ldsc,33,10000,0.1,0.01
63.3355,0.9381,ldsc,34,10000,0.1,0.01
-0.299,0.0464,ldsc,35,10000,0.1,0.01
25.5369,0.4657,ldsc,36,10000,0.1,0.01
0.2029,0.0622,ldsc,37,10000,0.1,0.01
18.7398,0.3984,ldsc,38,10000,0.1,0.01
2.7384,0.118,ldsc,39,10000,0.1,0.01
6.8542,0.197,ldsc,40,10000,0.1,0.01
18.2856,0.3697,ldsc,41,10000,0.1,0.01
11.1187,0.28,ldsc,42,10000,0.1,0.01
0.4636,0.0777,ldsc,43,10000,0.1,0.01
1.3707,0.1359,ldsc,44,10000,0.1,0.01
7.3404,0.2057,ldsc,45,10000,0.1,0.01
4.5747,0.158,ldsc,46,10000,0.1,0.01
19.2888,0.4035,ldsc,47,10000,0.1,0.01
1.2839,0.1022,ldsc,48,10000,0.1,0.01
19.4898,0.3805,ldsc,49,10000,0.1,0.01
0.307,0.0682,ldsc,50,10000,0.1,0.01
4.5619,0.1776,ldsc,51,10000,0.1,0.01
5.0168,0.19,ldsc,52,10000,0.1,0.01
-0.1088,0.0517,ldsc,53,10000,0.1,0.01
6.5596,0.2003,ldsc,54,10000,0.1,0.01
12.4105,0.2661,ldsc,55,10000,0.1,0.01
-0.2792,0.0442,ldsc,56,10000,0.1,0.01
12.722,0.3337,ldsc,57,10000,0.1,0.01
6.0557,0.1832,ldsc,58,10000,0.1,0.01
1.0701,0.0887,ldsc,59,10000,0.1,0.01
-0.164,0.0488,ldsc,60,10000,0.1,0.01
-0.2881,0.0367,ldsc,61,10000,0.1,0.01
1.1649,0.1024,ldsc,62,10000,0.1,0.01
0.2979,0.0807,ldsc,63,10000,0.1,0.01
-0.3216,0.0388,ldsc,64,10000,0.1,0.01
3.7228,0.1833,ldsc,65,10000,0.1,0.01
2.6247,0.125,ldsc,66,10000,0.1,0.01
1.6385,0.1162,ldsc,67,10000,0.1,0.01
-0.1802,0.0612,ldsc,68,10000,0.1,0.01
3.7525,0.1442,ldsc,69,10000,0.1,0.01
11.1305,0.2712,ldsc,70,10000,0.1,0.01
22.488,0.4066,ldsc,71,10000,0.1,0.01
-0.1178,0.0448,ldsc,72,10000,0.1,0.01
-0.1985,0.06,ldsc,73,10000,0.1,0.01
16.2194,0.3074,ldsc,74,10000,0.1,0.01
16.7607,0.3407,ldsc,75,10000,0.1,0.01
0.9102,0.1032,ldsc,76,10000,0.1,0.01
0.3603,0.0949,ldsc,77,10000,0.1,0.01
5.3987,0.195,ldsc,78,10000,0.1,0.01
5.1999,0.1744,ldsc,79,10000,0.1,0.01
0.2958,0.0783,ldsc,80,10000,0.1,0.01
-0.3034,0.042,ldsc,81,10000,0.1,0.01
-0.2283,0.0381,ldsc,82,10000,0.1,0.01
0.8983,0.0936,ldsc,83,10000,0.1,0.01
2.9737,0.148,ldsc,84,10000,0.1,0.01
4.807,0.1833,ldsc,85,10000,0.1,0.01
6.6272,0.2299,ldsc,86,10000,0.1,0.01
1.1137,0.0974,ldsc,87,10000,0.1,0.01
2.9401,0.1467,ldsc,88,10000,0.1,0.01
3.7267,0.1853,ldsc,89,10000,0.1,0.01
6.5811,0.2062,ldsc,90,10000,0.1,0.01
0.9278,0.0968,ldsc,91,10000,0.1,0.01
51.8726,0.6843,ldsc,92,10000,0.1,0.01
10.4912,0.2584,ldsc,93,10000,0.1,0.01
-0.1564,0.0634,ldsc,94,10000,0.1,0.01
0.1493,0.0676,ldsc,95,10000,0.1,0.01
7.6958,0.2151,ldsc,96,10000,0.1,0.01
4.7707,0.1804,ldsc,97,10000,0.1,0.01
3.5161,0.1574,ldsc,98,10000,0.1,0.01
-0.0806,0.0561,ldsc,99,10000,0.1,0.01
-0.1858,0.028,ldsc,0,20000,0.1,0.01
5.6959,0.2093,ldsc,1,20000,0.1,0.01
1.593,0.0939,ldsc,2,20000,0.1,0.01
4.4614,0.1436,ldsc,3,20000,0.1,0.01
1.0482,0.077,ldsc,4,20000,0.1,0.01
0.0863,0.0396,ldsc,5,20000,0.1,0.01
0.7677,0.0668,ldsc,6,20000,0.1,0.01
-0.243,0.0241,ldsc,7,20000,0.1,0.01
-0.0805,0.0352,ldsc,8,20000,0.1,0.01
0.1939,0.0465,ldsc,9,20000,0.1,0.01
-0.0289,0.0387,ldsc,10,20000,0.1,0.01
9.2308,0.2405,ldsc,11,20000,0.1,0.01
1.7082,0.094,ldsc,12,20000,0.1,0.01
0.0479,0.0358,ldsc,13,20000,0.1,0.01
-0.0701,0.0313,ldsc,14,20000,0.1,0.01
25.1497,0.5264,ldsc,15,20000,0.1,0.01
2.5659,0.1011,ldsc,16,20000,0.1,0.01
3.9609,0.1412,ldsc,17,20000,0.1,0.01
-0.1874,0.0284,ldsc,18,20000,0.1,0.01
4.2673,0.1514,ldsc,19,20000,0.1,0.01
3.0795,0.1289,ldsc,20,20000,0.1,0.01
1.7257,0.0903,ldsc,21,20000,0.1,0.01
-0.2562,0.0252,ldsc,22,20000,0.1,0.01
15.4588,0.3391,ldsc,23,20000,0.1,0.01
0.296,0.0515,ldsc,24,20000,0.1,0.01
5.1539,0.1514,ldsc,25,20000,0.1,0.01
9.6742,0.2484,ldsc,26,20000,0.1,0.01
0.8508,0.0698,ldsc,27,20000,0.1,0.01
4.3992,0.143,ldsc,28,20000,0.1,0.01
0.9908,0.0647,ldsc,29,20000,0.1,0.01
0.1864,0.0508,ldsc,30,20000,0.1,0.01
2.3712,0.101,ldsc,31,20000,0.1,0.01
0.5231,0.0584,ldsc,32,20000,0.1,0.01
1.0441,0.0797,ldsc,33,20000,0.1,0.01
44.1958,0.8582,ldsc,34,20000,0.1,0.01
-0.1943,0.0297,ldsc,35,20000,0.1,0.01
16.5761,0.3697,ldsc,36,20000,0.1,0.01
0.1336,0.0397,ldsc,37,20000,0.1,0.01
12.1244,0.3085,ldsc,38,20000,0.1,0.01
1.7634,0.077,ldsc,39,20000,0.1,0.01
4.419,0.1367,ldsc,40,20000,0.1,0.01
11.8358,0.294,ldsc,41,20000,0.1,0.01
7.1625,0.1943,ldsc,42,20000,0.1,0.01
0.2988,0.05,ldsc,43,20000,0.1,0.01
0.8801,0.0861,ldsc,44,20000,0.1,0.01
4.7177,0.1402,ldsc,45,20000,0.1,0.01
2.9404,0.1041,ldsc,46,20000,0.1,0.01
12.4562,0.2862,ldsc,47,20000,0.1,0.01
0.8279,0.0662,ldsc,48,20000,0.1,0.01
12.5945,0.2919,ldsc,49,20000,0.1,0.01
0.1942,0.0437,ldsc,50,20000,0.1,0.01
2.9522,0.1217,ldsc,51,20000,0.1,0.01
3.2371,0.1284,ldsc,52,20000,0.1,0.01
-0.068,0.0331,ldsc,53,20000,0.1,0.01
4.2183,0.1341,ldsc,54,20000,0.1,0.01
7.9942,0.1943,ldsc,55,20000,0.1,0.01
-0.1835,0.0279,ldsc,56,20000,0.1,0.01
8.2067,0.2354,ldsc,57,20000,0.1,0.01
3.8965,0.1251,ldsc,58,20000,0.1,0.01
0.6887,0.0572,ldsc,59,20000,0.1,0.01
-0.1069,0.0311,ldsc,60,20000,0.1,0.01
-0.1849,0.0231,ldsc,61,20000,0.1,0.01
0.7524,0.0664,ldsc,62,20000,0.1,0.01
0.1933,0.0518,ldsc,63,20000,0.1,0.01
-0.2082,0.0247,ldsc,64,20000,0.1,0.01
2.3901,0.1204,ldsc,65,20000,0.1,0.01
1.6802,0.0804,ldsc,66,20000,0.1,0.01
1.0603,0.0757,ldsc,67,20000,0.1,0.01
-0.1189,0.0387,ldsc,68,20000,0.1,0.01
2.3972,0.0934,ldsc,69,20000,0.1,0.01
7.1816,0.1977,ldsc,70,20000,0.1,0.01
14.5584,0.3222,ldsc,71,20000,0.1,0.01
-0.0687,0.0282,ldsc,72,20000,0.1,0.01
-0.1259,0.0379,ldsc,73,20000,0.1,0.01
10.464,0.2301,ldsc,74,20000,0.1,0.01
10.8235,0.2468,ldsc,75,20000,0.1,0.01
0.5871,0.0656,ldsc,76,20000,0.1,0.01
0.2325,0.0607,ldsc,77,20000,0.1,0.01
3.4743,0.1302,ldsc,78,20000,0.1,0.01
3.3589,0.1228,ldsc,79,20000,0.1,0.01
0.1939,0.0498,ldsc,80,20000,0.1,0.01
-0.1908,0.0269,ldsc,81,20000,0.1,0.01
-0.1493,0.0243,ldsc,82,20000,0.1,0.01
0.5763,0.0595,ldsc,83,20000,0.1,0.01
1.9098,0.1,ldsc,84,20000,0.1,0.01
3.0948,0.1209,ldsc,85,20000,0.1,0.01
4.2699,0.1522,ldsc,86,20000,0.1,0.01
0.7206,0.0637,ldsc,87,20000,0.1,0.01
1.9073,0.0983,ldsc,88,20000,0.1,0.01
2.4096,0.1222,ldsc,89,20000,0.1,0.01
4.2499,0.1426,ldsc,90,20000,0.1,0.01
0.5996,0.0625,ldsc,91,20000,0.1,0.01
34.6514,0.6358,ldsc,92,20000,0.1,0.01
6.7548,0.1825,ldsc,93,20000,0.1,0.01
-0.1002,0.0408,ldsc,94,20000,0.1,0.01
0.0942,0.043,ldsc,95,20000,0.1,0.01
4.9569,0.1487,ldsc,96,20000,0.1,0.01
3.0714,0.1239,ldsc,97,20000,0.1,0.01
2.2736,0.1067,ldsc,98,20000,0.1,0.01
-0.0531,0.0354,ldsc,99,20000,0.1,0.01
-0.1348,0.021,ldsc,0,30000,0.1,0.01
4.2588,0.1764,ldsc,1,30000,0.1,0.01
1.2156,0.0786,ldsc,2,30000,0.1,0.01
3.3678,0.1382,ldsc,3,30000,0.1,0.01
0.7836,0.0613,ldsc,4,30000,0.1,0.01
0.0624,0.0285,ldsc,5,30000,0.1,0.01
0.5733,0.0523,ldsc,6,30000,0.1,0.01
-0.1737,0.0183,ldsc,7,30000,0.1,0.01
-0.0575,0.0255,ldsc,8,30000,0.1,0.01
0.1403,0.034,ldsc,9,30000,0.1,0.01
-0.0224,0.0283,ldsc,10,30000,0.1,0.01
6.9264,0.2315,ldsc,11,30000,0.1,0.01
1.2824,0.0769,ldsc,12,30000,0.1,0.01
0.0308,0.0262,ldsc,13,30000,0.1,0.01
-0.0507,0.0221,ldsc,14,30000,0.1,0.01
19.0186,0.5441,ldsc,15,30000,0.1,0.01
1.9323,0.0887,ldsc,16,30000,0.1,0.01
2.9671,0.117,ldsc,17,30000,0.1,0.01
-0.1359,0.0205,ldsc,18,30000,0.1,0.01
3.2098,0.1389,ldsc,19,30000,0.1,0.01
2.3042,0.1061,ldsc,20,30000,0.1,0.01
1.2997,0.0741,ldsc,21,30000,0.1,0.01
-0.1847,0.0183,ldsc,22,30000,0.1,0.01
11.6331,0.3461,ldsc,23,30000,0.1,0.01
0.2177,0.0389,ldsc,24,30000,0.1,0.01
3.8622,0.1372,ldsc,25,30000,0.1,0.01
7.2712,0.2454,ldsc,26,30000,0.1,0.01
0.6263,0.053,ldsc,27,30000,0.1,0.01
3.301,0.1281,ldsc,28,30000,0.1,0.01
0.7348,0.0495,ldsc,29,30000,0.1,0.01
0.1331,0.0373,ldsc,30,30000,0.1,0.01
1.7828,0.0837,ldsc,31,30000,0.1,0.01
0.3906,0.0443,ldsc,32,30000,0.1,0.01
0.7766,0.0599,ldsc,33,30000,0.1,0.01
33.9193,0.9126,ldsc,34,30000,0.1,0.01
-0.1454,0.0214,ldsc,35,30000,0.1,0.01
12.4704,0.372,ldsc,36,30000,0.1,0.01
0.0966,0.0292,ldsc,37,30000,0.1,0.01
9.1153,0.2986,ldsc,38,30000,0.1,0.01
1.3247,0.0652,ldsc,39,30000,0.1,0.01
3.3264,0.1273,ldsc,40,30000,0.1,0.01
8.909,0.2814,ldsc,41,30000,0.1,0.01
5.3764,0.1862,ldsc,42,30000,0.1,0.01
0.2203,0.038,ldsc,43,30000,0.1,0.01
0.6542,0.0663,ldsc,44,30000,0.1,0.01
3.5385,0.131,ldsc,45,30000,0.1,0.01
2.2045,0.0874,ldsc,46,30000,0.1,0.01
9.3655,0.292,ldsc,47,30000,0.1,0.01
0.6147,0.0505,ldsc,48,30000,0.1,0.01
9.4642,0.2974,ldsc,49,30000,0.1,0.01
0.1411,0.0327,ldsc,50,30000,0.1,0.01
2.2195,0.1041,ldsc,51,30000,0.1,0.01
2.4416,0.1132,ldsc,52,30000,0.1,0.01
-0.0464,0.0242,ldsc,53,30000,0.1,0.01
3.154,0.1174,ldsc,54,30000,0.1,0.01
5.9886,0.1921,ldsc,55,30000,0.1,0.01
-0.1321,0.021,ldsc,56,30000,0.1,0.01
6.1675,0.2161,ldsc,57,30000,0.1,0.01
2.9286,0.1167,ldsc,58,30000,0.1,0.01
0.5083,0.0426,ldsc,59,30000,0.1,0.01
-0.0754,0.0223,ldsc,60,30000,0.1,0.01
-0.1334,0.0175,ldsc,61,30000,0.1,0.01
0.5682,0.0524,ldsc,62,30000,0.1,0.01
0.1414,0.0381,ldsc,63,30000,0.1,0.01
-0.1531,0.0192,ldsc,64,30000,0.1,0.01
1.8002,0.1021,ldsc,65,30000,0.1,0.01
1.2533,0.0652,ldsc,66,30000,0.1,0.01
0.7957,0.0591,ldsc,67,30000,0.1,0.01
-0.0861,0.0288,ldsc,68,30000,0.1,0.01
1.7852,0.0799,ldsc,69,30000,0.1,0.01
5.4006,0.1898,ldsc,70,30000,0.1,0.01
10.9594,0.3298,ldsc,71,30000,0.1,0.01
-0.0489,0.0201,ldsc,72,30000,0.1,0.01
-0.0901,0.0283,ldsc,73,30000,0.1,0.01
7.8634,0.2337,ldsc,74,30000,0.1,0.01
8.1186,0.2455,ldsc,75,30000,0.1,0.01
0.4336,0.0493,ldsc,76,30000,0.1,0.01
0.1694,0.0454,ldsc,77,30000,0.1,0.01
2.6078,0.1144,ldsc,78,30000,0.1,0.01
2.5198,0.1033,ldsc,79,30000,0.1,0.01
0.1433,0.0363,ldsc,80,30000,0.1,0.01
-0.1403,0.0196,ldsc,81,30000,0.1,0.01
-0.11,0.0181,ldsc,82,30000,0.1,0.01
0.4272,0.0462,ldsc,83,30000,0.1,0.01
1.4315,0.0842,ldsc,84,30000,0.1,0.01
2.3168,0.1026,ldsc,85,30000,0.1,0.01
3.2078,0.1362,ldsc,86,30000,0.1,0.01
0.5355,0.0492,ldsc,87,30000,0.1,0.01
1.4413,0.0799,ldsc,88,30000,0.1,0.01
1.8101,0.0991,ldsc,89,30000,0.1,0.01
3.1982,0.123,ldsc,90,30000,0.1,0.01
0.4414,0.0478,ldsc,91,30000,0.1,0.01
26.3657,0.6998,ldsc,92,30000,0.1,0.01
5.0586,0.1717,ldsc,93,30000,0.1,0.01
-0.0711,0.0294,ldsc,94,30000,0.1,0.01
0.0684,0.0314,ldsc,95,30000,0.1,0.01
3.7146,0.1331,ldsc,96,30000,0.1,0.01
2.3144,0.1102,ldsc,97,30000,0.1,0.01
1.7078,0.0887,ldsc,98,30000,0.1,0.01
-0.0412,0.025,ldsc,99,30000,0.1,0.01
-0.0474,0.0093,ldsc,0,50000,0.1,0.01
2.4043,0.159,ldsc,1,50000,0.1,0.01
0.6561,0.0513,ldsc,2,50000,0.1,0.01
1.9565,0.1252,ldsc,3,50000,0.1,0.01
0.4178,0.0451,ldsc,4,50000,0.1,0.01
0.0216,0.0126,ldsc,5,50000,0.1,0.01
0.2918,0.0353,ldsc,6,50000,0.1,0.01
-0.0634,0.009,ldsc,7,50000,0.1,0.01
-0.0246,0.0105,ldsc,8,50000,0.1,0.01
0.0561,0.0163,ldsc,9,50000,0.1,0.01
-0.013,0.0106,ldsc,10,50000,0.1,0.01
3.9808,0.2333,ldsc,11,50000,0.1,0.01
0.7318,0.0604,ldsc,12,50000,0.1,0.01
0.0114,0.0106,ldsc,13,50000,0.1,0.01
-0.0156,0.0085,ldsc,14,50000,0.1,0.01
11.0373,0.6076,ldsc,15,50000,0.1,0.01
1.1423,0.0783,ldsc,16,50000,0.1,0.01
1.7604,0.1131,ldsc,17,50000,0.1,0.01
-0.0553,0.0092,ldsc,18,50000,0.1,0.01
1.8575,0.1293,ldsc,19,50000,0.1,0.01
1.3914,0.1029,ldsc,20,50000,0.1,0.01
0.7298,0.0569,ldsc,21,50000,0.1,0.01
-0.0709,0.0091,ldsc,22,50000,0.1,0.01
6.7837,0.386,ldsc,23,50000,0.1,0.01
0.0946,0.0206,ldsc,24,50000,0.1,0.01
2.2546,0.1409,ldsc,25,50000,0.1,0.01
4.2112,0.2534,ldsc,26,50000,0.1,0.01
0.3164,0.0385,ldsc,27,50000,0.1,0.01
1.9399,0.1277,ldsc,28,50000,0.1,0.01
0.3707,0.0323,ldsc,29,50000,0.1,0.01
0.0527,0.0171,ldsc,30,50000,0.1,0.01
1.0065,0.0614,ldsc,31,50000,0.1,0.01
0.1867,0.0271,ldsc,32,50000,0.1,0.01
0.4127,0.0405,ldsc,33,50000,0.1,0.01
20.1555,1.1117,ldsc,34,50000,0.1,0.01
-0.0559,0.0107,ldsc,35,50000,0.1,0.01
7.3677,0.4436,ldsc,36,50000,0.1,0.01
0.0447,0.0126,ldsc,37,50000,0.1,0.01
5.2781,0.3056,ldsc,38,50000,0.1,0.01
0.7449,0.0568,ldsc,39,50000,0.1,0.01
1.9323,0.1222,ldsc,40,50000,0.1,0.01
5.2537,0.3112,ldsc,41,50000,0.1,0.01
3.1487,0.1911,ldsc,42,50000,0.1,0.01
0.0953,0.0193,ldsc,43,50000,0.1,0.01
0.3162,0.0332,ldsc,44,50000,0.1,0.01
2.0764,0.1281,ldsc,45,50000,0.1,0.01
1.2909,0.0773,ldsc,46,50000,0.1,0.01
5.445,0.3181,ldsc,47,50000,0.1,0.01
0.3156,0.0354,ldsc,48,50000,0.1,0.01
5.5305,0.3211,ldsc,49,50000,0.1,0.01
0.063,0.0159,ldsc,50,50000,0.1,0.01
1.2981,0.0931,ldsc,51,50000,0.1,0.01
1.4596,0.093,ldsc,52,50000,0.1,0.01
-0.0149,0.0096,ldsc,53,50000,0.1,0.01
1.8637,0.1218,ldsc,54,50000,0.1,0.01
3.4643,0.2035,ldsc,55,50000,0.1,0.01
-0.0535,0.0095,ldsc,56,50000,0.1,0.01
3.6112,0.2249,ldsc,57,50000,0.1,0.01
1.7316,0.1124,ldsc,58,50000,0.1,0.01
0.2514,0.0275,ldsc,59,50000,0.1,0.01
-0.03,0.0089,ldsc,60,50000,0.1,0.01
-0.048,0.009,ldsc,61,50000,0.1,0.01
0.2904,0.0356,ldsc,62,50000,0.1,0.01
0.0591,0.0171,ldsc,63,50000,0.1,0.01
-0.06,0.0103,ldsc,64,50000,0.1,0.01
1.0536,0.0855,ldsc,65,50000,0.1,0.01
0.6968,0.0562,ldsc,66,50000,0.1,0.01
0.4219,0.0442,ldsc,67,50000,0.1,0.01
-0.0304,0.0111,ldsc,68,50000,0.1,0.01
1.015,0.0708,ldsc,69,50000,0.1,0.01
3.1146,0.1868,ldsc,70,50000,0.1,0.01
6.426,0.3835,ldsc,71,50000,0.1,0.01
-0.0171,0.0082,ldsc,72,50000,0.1,0.01
-0.0387,0.0121,ldsc,73,50000,0.1,0.01
4.5996,0.2696,ldsc,74,50000,0.1,0.01
4.7396,0.2847,ldsc,75,50000,0.1,0.01
0.2084,0.0277,ldsc,76,50000,0.1,0.01
0.0702,0.0206,ldsc,77,50000,0.1,0.01
1.5283,0.1083,ldsc,78,50000,0.1,0.01
1.4807,0.0936,ldsc,79,50000,0.1,0.01
0.0646,0.0169,ldsc,80,50000,0.1,0.01
-0.0561,0.009,ldsc,81,50000,0.1,0.01
-0.0402,0.0084,ldsc,82,50000,0.1,0.01
0.2069,0.0276,ldsc,83,50000,0.1,0.01
0.8062,0.0668,ldsc,84,50000,0.1,0.01
1.3362,0.0947,ldsc,85,50000,0.1,0.01
1.8911,0.126,ldsc,86,50000,0.1,0.01
0.2713,0.0322,ldsc,87,50000,0.1,0.01
0.8212,0.0619,ldsc,88,50000,0.1,0.01
1.0229,0.076,ldsc,89,50000,0.1,0.01
1.8799,0.1149,ldsc,90,50000,0.1,0.01
0.2202,0.0294,ldsc,91,50000,0.1,0.01
15.4999,0.8349,ldsc,92,50000,0.1,0.01
2.9481,0.179,ldsc,93,50000,0.1,0.01
-0.0253,0.0113,ldsc,94,50000,0.1,0.01
0.0319,0.0136,ldsc,95,50000,0.1,0.01
2.1403,0.1311,ldsc,96,50000,0.1,0.01
1.3214,0.0869,ldsc,97,50000,0.1,0.01
0.9795,0.0683,ldsc,98,50000,0.1,0.01
-0.0139,0.0093,ldsc,99,50000,0.1,0.01
14.4157,0.6287,ldsc,0,1000,0.25,1.0
2.1403,0.2924,ldsc,1,1000,0.25,1.0
101.5447,1.9969,ldsc,2,1000,0.25,1.0
1.7109,0.3194,ldsc,3,1000,0.25,1.0
0.5087,0.2386,ldsc,4,1000,0.25,1.0
4.0752,0.3204,ldsc,5,1000,0.25,1.0
-0.3242,0.1985,ldsc,6,1000,0.25,1.0
86.6337,1.7742,ldsc,7,1000,0.25,1.0
24.7868,0.8938,ldsc,8,1000,0.25,1.0
32.5753,0.8972,ldsc,9,1000,0.25,1.0
33.7144,1.1323,ldsc,10,1000,0.25,1.0
64.5247,1.4111,ldsc,11,1000,0.25,1.0
-0.3202,0.1968,ldsc,12,1000,0.25,1.0
21.7251,0.8681,ldsc,13,1000,0.25,1.0
12.7326,0.593,ldsc,14,1000,0.25,1.0
-0.2703,0.2039,ldsc,15,1000,0.25,1.0
7.8243,0.4861,ldsc,16,1000,0.25,1.0
0.3245,0.1881,ldsc,17,1000,0.25,1.0
2.5506,0.3171,ldsc,18,1000,0.25,1.0
61.7682,1.5103,ldsc,19,1000,0.25,1.0
95.2627,1.9805,ldsc,20,1000,0.25,1.0
135.2881,2.3894,ldsc,21,1000,0.25,1.0
78.2416,1.9581,ldsc,22,1000,0.25,1.0
4.8699,0.4299,ldsc,23,1000,0.25,1.0
-0.2476,0.1548,ldsc,24,1000,0.25,1.0
-0.7915,0.1542,ldsc,25,1000,0.25,1.0
174.262,3.6538,ldsc,26,1000,0.25,1.0
6.1299,0.4178,ldsc,27,1000,0.25,1.0
46.6716,1.3473,ldsc,28,1000,0.25,1.0
27.8343,0.8659,ldsc,29,1000,0.25,1.0
-0.583,0.1444,ldsc,30,1000,0.25,1.0
0.2709,0.2431,ldsc,31,1000,0.25,1.0
7.9498,0.4668,ldsc,32,1000,0.25,1.0
-0.0696,0.1816,ldsc,33,1000,0.25,1.0
9.6694,0.5348,ldsc,34,1000,0.25,1.0
38.6716,1.0782,ldsc,35,1000,0.25,1.0
-0.1426,0.21,ldsc,36,1000,0.25,1.0
10.1402,0.5621,ldsc,37,1000,0.25,1.0
115.4005,2.457,ldsc,38,1000,0.25,1.0
97.21,1.7484,ldsc,39,1000,0.25,1.0
1.0848,0.2365,ldsc,40,1000,0.25,1.0
14.4625,0.614,ldsc,41,1000,0.25,1.0
8.8867,0.476,ldsc,42,1000,0.25,1.0
7.1923,0.451,ldsc,43,1000,0.25,1.0
5.9527,0.4714,ldsc,44,1000,0.25,1.0
-0.6004,0.1641,ldsc,45,1000,0.25,1.0
17.4926,0.7408,ldsc,46,1000,0.25,1.0
61.9857,1.4801,ldsc,47,1000,0.25,1.0
67.1206,1.5126,ldsc,48,1000,0.25,1.0
287.6319,5.713,ldsc,49,1000,0.25,1.0
119.1945,2.1115,ldsc,50,1000,0.25,1.0
51.7306,1.3287,ldsc,51,1000,0.25,1.0
28.6923,0.8684,ldsc,52,1000,0.25,1.0
44.282,1.3115,ldsc,53,1000,0.25,1.0
12.371,0.6437,ldsc,54,1000,0.25,1.0
36.0856,1.1406,ldsc,55,1000,0.25,1.0
2.0234,0.2999,ldsc,56,1000,0.25,1.0
45.1595,1.2584,ldsc,57,1000,0.25,1.0
0.7509,0.2566,ldsc,58,1000,0.25,1.0
69.3601,1.7421,ldsc,59,1000,0.25,1.0
17.8464,0.7964,ldsc,60,1000,0.25,1.0
-0.3714,0.1733,ldsc,61,1000,0.25,1.0
0.016,0.185,ldsc,62,1000,0.25,1.0
0.476,0.1939,ldsc,63,1000,0.25,1.0
151.241,3.0782,ldsc,64,1000,0.25,1.0
10.1993,0.5324,ldsc,65,1000,0.25,1.0
-0.7103,0.1616,ldsc,66,1000,0.25,1.0
83.3333,1.9752,ldsc,67,1000,0.25,1.0
21.5384,0.8669,ldsc,68,1000,0.25,1.0
60.4463,1.3843,ldsc,69,1000,0.25,1.0
10.6705,0.5438,ldsc,70,1000,0.25,1.0
25.0964,0.7889,ldsc,71,1000,0.25,1.0
0.5114,0.2068,ldsc,72,1000,0.25,1.0
208.0142,4.1513,ldsc,73,1000,0.25,1.0
68.0142,1.6156,ldsc,74,1000,0.25,1.0
46.449,1.3797,ldsc,75,1000,0.25,1.0
4.1295,0.4169,ldsc,76,1000,0.25,1.0
27.49,0.9571,ldsc,77,1000,0.25,1.0
10.4324,0.5304,ldsc,78,1000,0.25,1.0
178.0968,3.4534,ldsc,79,1000,0.25,1.0
5.7268,0.4195,ldsc,80,1000,0.25,1.0
11.8709,0.5782,ldsc,81,1000,0.25,1.0
7.405,0.4804,ldsc,82,1000,0.25,1.0
2.9185,0.3497,ldsc,83,1000,0.25,1.0
0.076,0.209,ldsc,84,1000,0.25,1.0
10.4786,0.602,ldsc,85,1000,0.25,1.0
136.9823,2.4889,ldsc,86,1000,0.25,1.0
11.3872,0.5012,ldsc,87,1000,0.25,1.0
-0.7888,0.1435,ldsc,88,1000,0.25,1.0
15.4544,0.6406,ldsc,89,1000,0.25,1.0
105.8793,2.15,ldsc,90,1000,0.25,1.0
121.036,2.2225,ldsc,91,1000,0.25,1.0
5.1248,0.3748,ldsc,92,1000,0.25,1.0
1.8344,0.2776,ldsc,93,1000,0.25,1.0
4.5691,0.3465,ldsc,94,1000,0.25,1.0
0.6411,0.2183,ldsc,95,1000,0.25,1.0
15.985,0.6695,ldsc,96,1000,0.25,1.0
8.9054,0.4927,ldsc,97,1000,0.25,1.0
83.5128,1.6657,ldsc,98,1000,0.25,1.0
9.8077,0.5192,ldsc,99,1000,0.25,1.0
12.2512,0.486,ldsc,0,2000,0.25,1.0
1.8071,0.2348,ldsc,1,2000,0.25,1.0
83.0254,1.1715,ldsc,2,2000,0.25,1.0
1.445,0.2607,ldsc,3,2000,0.25,1.0
0.4374,0.1936,ldsc,4,2000,0.25,1.0
3.4959,0.2609,ldsc,5,2000,0.25,1.0
-0.2537,0.1554,ldsc,6,2000,0.25,1.0
71.9666,1.1065,ldsc,7,2000,0.25,1.0
21.0433,0.6856,ldsc,8,2000,0.25,1.0
27.609,0.6548,ldsc,9,2000,0.25,1.0
28.5817,0.8566,ldsc,10,2000,0.25,1.0
54.0984,0.9415,ldsc,11,2000,0.25,1.0
-0.3704,0.1481,ldsc,12,2000,0.25,1.0
18.4401,0.6757,ldsc,13,2000,0.25,1.0
10.8311,0.4633,ldsc,14,2000,0.25,1.0
-0.2605,0.1604,ldsc,15,2000,0.25,1.0
6.6947,0.3889,ldsc,16,2000,0.25,1.0
0.2663,0.1492,ldsc,17,2000,0.25,1.0
2.1908,0.2522,ldsc,18,2000,0.25,1.0
51.9405,1.0232,ldsc,19,2000,0.25,1.0
78.5938,1.2393,ldsc,20,2000,0.25,1.0
55.9111,28.3707,ldsc,21,2000,0.25,1.0
65.1995,1.2918,ldsc,22,2000,0.25,1.0
4.0977,0.3477,ldsc,23,2000,0.25,1.0
-0.2244,0.1168,ldsc,24,2000,0.25,1.0
-0.6912,0.1138,ldsc,25,2000,0.25,1.0
143.8611,26.5472,ldsc,26,2000,0.25,1.0
5.1934,0.3372,ldsc,27,2000,0.25,1.0
39.5054,0.9804,ldsc,28,2000,0.25,1.0
23.6261,0.6623,ldsc,29,2000,0.25,1.0
-0.5325,0.1085,ldsc,30,2000,0.25,1.0
0.2044,0.1902,ldsc,31,2000,0.25,1.0
6.7564,0.3794,ldsc,32,2000,0.25,1.0
-0.078,0.141,ldsc,33,2000,0.25,1.0
8.2099,0.4318,ldsc,34,2000,0.25,1.0
32.6325,0.7814,ldsc,35,2000,0.25,1.0
-0.1708,0.161,ldsc,36,2000,0.25,1.0
8.6034,0.4428,ldsc,37,2000,0.25,1.0
69.3571,6.1332,ldsc,38,2000,0.25,1.0
79.7057,1.0527,ldsc,39,2000,0.25,1.0
0.93,0.1887,ldsc,40,2000,0.25,1.0
12.2284,0.4848,ldsc,41,2000,0.25,1.0
7.5,0.3757,ldsc,42,2000,0.25,1.0
6.074,0.3572,ldsc,43,2000,0.25,1.0
5.0048,0.3829,ldsc,44,2000,0.25,1.0
-0.5536,0.1205,ldsc,45,2000,0.25,1.0
14.8305,0.5854,ldsc,46,2000,0.25,1.0
52.0413,1.0143,ldsc,47,2000,0.25,1.0
56.2916,1.0192,ldsc,48,2000,0.25,1.0
253.9176,3.748,ldsc,49,2000,0.25,1.0
101.503,1.4994,ldsc,50,2000,0.25,1.0
43.8132,0.9082,ldsc,51,2000,0.25,1.0
24.2292,0.7049,ldsc,52,2000,0.25,1.0
37.4877,0.9644,ldsc,53,2000,0.25,1.0
10.5076,0.5199,ldsc,54,2000,0.25,1.0
30.5677,0.8653,ldsc,55,2000,0.25,1.0
1.71,0.2446,ldsc,56,2000,0.25,1.0
38.0795,0.9314,ldsc,57,2000,0.25,1.0
0.6372,0.2036,ldsc,58,2000,0.25,1.0
58.1434,1.1884,ldsc,59,2000,0.25,1.0
15.148,0.6146,ldsc,60,2000,0.25,1.0
-0.3421,0.1289,ldsc,61,2000,0.25,1.0
-0.0361,0.1452,ldsc,62,2000,0.25,1.0
0.3852,0.1579,ldsc,63,2000,0.25,1.0
118.9594,1.8382,ldsc,64,2000,0.25,1.0
8.7336,0.418,ldsc,65,2000,0.25,1.0
-0.6109,0.1202,ldsc,66,2000,0.25,1.0
69.2147,1.2797,ldsc,67,2000,0.25,1.0
18.2277,0.6813,ldsc,68,2000,0.25,1.0
50.8776,0.9246,ldsc,69,2000,0.25,1.0
9.1166,0.429,ldsc,70,2000,0.25,1.0
21.3347,0.603,ldsc,71,2000,0.25,1.0
0.4068,0.1644,ldsc,72,2000,0.25,1.0
134.6612,38.6735,ldsc,73,2000,0.25,1.0
57.2235,1.0522,ldsc,74,2000,0.25,1.0
39.3156,1.012,ldsc,75,2000,0.25,1.0
3.4769,0.3328,ldsc,76,2000,0.25,1.0
23.338,0.7208,ldsc,77,2000,0.25,1.0
8.8348,0.4119,ldsc,78,2000,0.25,1.0
146.4833,2.3704,ldsc,79,2000,0.25,1.0
4.7944,0.3414,ldsc,80,2000,0.25,1.0
10.0589,0.4528,ldsc,81,2000,0.25,1.0
6.3184,0.3827,ldsc,82,2000,0.25,1.0
2.4712,0.283,ldsc,83,2000,0.25,1.0
0.0345,0.1677,ldsc,84,2000,0.25,1.0
8.9329,0.477,ldsc,85,2000,0.25,1.0
108.3468,2.1988,ldsc,86,2000,0.25,1.0
9.652,0.3984,ldsc,87,2000,0.25,1.0
-0.7145,0.1106,ldsc,88,2000,0.25,1.0
13.1795,0.4972,ldsc,89,2000,0.25,1.0
86.7724,1.2683,ldsc,90,2000,0.25,1.0
46.282,28.449,ldsc,91,2000,0.25,1.0
4.4037,0.3003,ldsc,92,2000,0.25,1.0
1.5298,0.2217,ldsc,93,2000,0.25,1.0
3.842,0.2844,ldsc,94,2000,0.25,1.0
0.5121,0.175,ldsc,95,2000,0.25,1.0
13.5886,0.5219,ldsc,96,2000,0.25,1.0
7.5156,0.3934,ldsc,97,2000,0.25,1.0
69.1479,1.121,ldsc,98,2000,0.25,1.0
8.3183,0.4094,ldsc,99,2000,0.25,1.0
10.2863,0.3948,ldsc,0,3000,0.25,1.0
1.5126,0.1938,ldsc,1,3000,0.25,1.0
70.0698,0.8914,ldsc,2,3000,0.25,1.0
1.207,0.2175,ldsc,3,3000,0.25,1.0
0.37,0.1607,ldsc,4,3000,0.25,1.0
2.9519,0.2171,ldsc,5,3000,0.25,1.0
-0.2021,0.1268,ldsc,6,3000,0.25,1.0
59.8775,0.8793,ldsc,7,3000,0.25,1.0
17.656,0.5547,ldsc,8,3000,0.25,1.0
23.1399,0.5255,ldsc,9,3000,0.25,1.0
23.9499,0.6906,ldsc,10,3000,0.25,1.0
45.0832,0.7344,ldsc,11,3000,0.25,1.0
-0.3432,0.1177,ldsc,12,3000,0.25,1.0
15.462,0.552,ldsc,13,3000,0.25,1.0
9.0984,0.3778,ldsc,14,3000,0.25,1.0
-0.2321,0.1309,ldsc,15,3000,0.25,1.0
5.635,0.32,ldsc,16,3000,0.25,1.0
0.218,0.1221,ldsc,17,3000,0.25,1.0
1.8471,0.207,ldsc,18,3000,0.25,1.0
43.3315,0.7982,ldsc,19,3000,0.25,1.0
65.4667,0.9972,ldsc,20,3000,0.25,1.0
117.0718,36.2633,ldsc,21,3000,0.25,1.0
54.2402,1.0138,ldsc,22,3000,0.25,1.0
3.4242,0.2871,ldsc,23,3000,0.25,1.0
-0.1911,0.0942,ldsc,24,3000,0.25,1.0
-0.5855,0.0898,ldsc,25,3000,0.25,1.0
129.2267,24.2154,ldsc,26,3000,0.25,1.0
4.3561,0.2782,ldsc,27,3000,0.25,1.0
33.0745,0.7804,ldsc,28,3000,0.25,1.0
19.8312,0.5366,ldsc,29,3000,0.25,1.0
-0.4584,0.0872,ldsc,30,3000,0.25,1.0
0.159,0.1557,ldsc,31,3000,0.25,1.0
5.6678,0.3152,ldsc,32,3000,0.25,1.0
-0.0694,0.1145,ldsc,33,3000,0.25,1.0
6.8964,0.3591,ldsc,34,3000,0.25,1.0
27.311,0.6237,ldsc,35,3000,0.25,1.0
-0.1639,0.1296,ldsc,36,3000,0.25,1.0
7.2201,0.3622,ldsc,37,3000,0.25,1.0
60.8116,5.5718,ldsc,38,3000,0.25,1.0
66.4089,0.8465,ldsc,39,3000,0.25,1.0
0.7911,0.1558,ldsc,40,3000,0.25,1.0
10.2559,0.4007,ldsc,41,3000,0.25,1.0
6.2904,0.3066,ldsc,42,3000,0.25,1.0
5.0854,0.2929,ldsc,43,3000,0.25,1.0
4.1855,0.3177,ldsc,44,3000,0.25,1.0
-0.4833,0.0953,ldsc,45,3000,0.25,1.0
12.4485,0.4798,ldsc,46,3000,0.25,1.0
43.3943,0.8044,ldsc,47,3000,0.25,1.0
46.9052,0.8154,ldsc,48,3000,0.25,1.0
158.9706,5.9492,ldsc,49,3000,0.25,1.0
78.6623,1.9845,ldsc,50,3000,0.25,1.0
36.6711,0.7084,ldsc,51,3000,0.25,1.0
20.2981,0.592,ldsc,52,3000,0.25,1.0
31.3883,0.7798,ldsc,53,3000,0.25,1.0
8.822,0.4332,ldsc,54,3000,0.25,1.0
25.6157,0.7021,ldsc,55,3000,0.25,1.0
1.4297,0.203,ldsc,56,3000,0.25,1.0
31.8421,0.7567,ldsc,57,3000,0.25,1.0
0.5333,0.1668,ldsc,58,3000,0.25,1.0
48.4497,0.9452,ldsc,59,3000,0.25,1.0
12.7083,0.4997,ldsc,60,3000,0.25,1.0
-0.2935,0.1021,ldsc,61,3000,0.25,1.0
-0.0541,0.1184,ldsc,62,3000,0.25,1.0
0.316,0.1311,ldsc,63,3000,0.25,1.0
132.163,41.64,ldsc,64,3000,0.25,1.0
7.3571,0.3413,ldsc,65,3000,0.25,1.0
-0.5113,0.0963,ldsc,66,3000,0.25,1.0
57.5871,1.0127,ldsc,67,3000,0.25,1.0
15.294,0.5598,ldsc,68,3000,0.25,1.0
42.4651,0.719,ldsc,69,3000,0.25,1.0
7.6794,0.3519,ldsc,70,3000,0.25,1.0
17.9168,0.4882,ldsc,71,3000,0.25,1.0
0.3281,0.1362,ldsc,72,3000,0.25,1.0
134.7617,79.4627,ldsc,73,3000,0.25,1.0
47.7191,0.8234,ldsc,74,3000,0.25,1.0
32.9073,0.8119,ldsc,75,3000,0.25,1.0
2.9084,0.2734,ldsc,76,3000,0.25,1.0
19.5849,0.5837,ldsc,77,3000,0.25,1.0
7.401,0.3339,ldsc,78,3000,0.25,1.0
161.5207,50.4833,ldsc,79,3000,0.25,1.0
4.0005,0.2843,ldsc,80,3000,0.25,1.0
8.4322,0.3709,ldsc,81,3000,0.25,1.0
5.3208,0.3151,ldsc,82,3000,0.25,1.0
2.0725,0.2332,ldsc,83,3000,0.25,1.0
0.0176,0.1377,ldsc,84,3000,0.25,1.0
7.5171,0.392,ldsc,85,3000,0.25,1.0
81.6234,16.1078,ldsc,86,3000,0.25,1.0
8.0983,0.3313,ldsc,87,3000,0.25,1.0
-0.6109,0.0896,ldsc,88,3000,0.25,1.0
11.0906,0.4052,ldsc,89,3000,0.25,1.0
84.643,13.3189,ldsc,90,3000,0.25,1.0
115.5723,24.6654,ldsc,91,3000,0.25,1.0
3.7157,0.2475,ldsc,92,3000,0.25,1.0
1.2787,0.1825,ldsc,93,3000,0.25,1.0
3.2143,0.2371,ldsc,94,3000,0.25,1.0
0.4289,0.1446,ldsc,95,3000,0.25,1.0
11.408,0.4263,ldsc,96,3000,0.25,1.0
6.2966,0.3258,ldsc,97,3000,0.25,1.0
57.5182,0.9136,ldsc,98,3000,0.25,1.0
6.9819,0.3347,ldsc,99,3000,0.25,1.0
7.7657,0.2936,ldsc,0,5000,0.25,1.0
1.1344,0.1443,ldsc,1,5000,0.25,1.0
52.6995,0.7584,ldsc,2,5000,0.25,1.0
0.9056,0.1638,ldsc,3,5000,0.25,1.0
0.2813,0.1203,ldsc,4,5000,0.25,1.0
2.2403,0.1632,ldsc,5,5000,0.25,1.0
-0.1402,0.0934,ldsc,6,5000,0.25,1.0
45.4578,0.6665,ldsc,7,5000,0.25,1.0
13.3231,0.4078,ldsc,8,5000,0.25,1.0
17.4614,0.3889,ldsc,9,5000,0.25,1.0
18.0649,0.5063,ldsc,10,5000,0.25,1.0
34.0362,0.5376,ldsc,11,5000,0.25,1.0
-0.2886,0.0847,ldsc,12,5000,0.25,1.0
11.6612,0.41,ldsc,13,5000,0.25,1.0
6.8589,0.2788,ldsc,14,5000,0.25,1.0
-0.1856,0.0961,ldsc,15,5000,0.25,1.0
4.2631,0.237,ldsc,16,5000,0.25,1.0
0.1624,0.091,ldsc,17,5000,0.25,1.0
1.4035,0.1537,ldsc,18,5000,0.25,1.0
32.7075,0.5808,ldsc,19,5000,0.25,1.0
49.7961,0.7768,ldsc,20,5000,0.25,1.0
60.2419,10.2204,ldsc,21,5000,0.25,1.0
41.0775,0.7539,ldsc,22,5000,0.25,1.0
2.5767,0.2142,ldsc,23,5000,0.25,1.0
-0.1475,0.0689,ldsc,24,5000,0.25,1.0
-0.4412,0.0648,ldsc,25,5000,0.25,1.0
113.0446,37.7955,ldsc,26,5000,0.25,1.0
3.2862,0.2074,ldsc,27,5000,0.25,1.0
24.9656,0.5698,ldsc,28,5000,0.25,1.0
14.9736,0.3946,ldsc,29,5000,0.25,1.0
-0.3508,0.0636,ldsc,30,5000,0.25,1.0
0.113,0.1146,ldsc,31,5000,0.25,1.0
4.2759,0.2372,ldsc,32,5000,0.25,1.0
-0.057,0.0843,ldsc,33,5000,0.25,1.0
5.2114,0.2712,ldsc,34,5000,0.25,1.0
20.5895,0.457,ldsc,35,5000,0.25,1.0
-0.138,0.0946,ldsc,36,5000,0.25,1.0
5.4473,0.2687,ldsc,37,5000,0.25,1.0
60.1085,0.8841,ldsc,38,5000,0.25,1.0
50.4479,0.6709,ldsc,39,5000,0.25,1.0
0.6027,0.1166,ldsc,40,5000,0.25,1.0
7.744,0.3016,ldsc,41,5000,0.25,1.0
4.7407,0.2255,ldsc,42,5000,0.25,1.0
3.8268,0.2168,ldsc,43,5000,0.25,1.0
3.1514,0.2379,ldsc,44,5000,0.25,1.0
-0.3787,0.0677,ldsc,45,5000,0.25,1.0
9.3935,0.3538,ldsc,46,5000,0.25,1.0
32.7583,0.5937,ldsc,47,5000,0.25,1.0
35.4502,0.612,ldsc,48,5000,0.25,1.0
222.0987,27.1935,ldsc,49,5000,0.25,1.0
61.5672,0.7435,ldsc,50,5000,0.25,1.0
27.6962,0.5178,ldsc,51,5000,0.25,1.0
15.3092,0.449,ldsc,52,5000,0.25,1.0
23.6851,0.5836,ldsc,53,5000,0.25,1.0
6.6568,0.3274,ldsc,54,5000,0.25,1.0
19.3323,0.5212,ldsc,55,5000,0.25,1.0
1.0713,0.1517,ldsc,56,5000,0.25,1.0
24.0069,0.5663,ldsc,57,5000,0.25,1.0
0.4018,0.1234,ldsc,58,5000,0.25,1.0
36.6266,0.6972,ldsc,59,5000,0.25,1.0
9.5859,0.3709,ldsc,60,5000,0.25,1.0
-0.228,0.0731,ldsc,61,5000,0.25,1.0
-0.0566,0.0871,ldsc,62,5000,0.25,1.0
0.2294,0.0978,ldsc,63,5000,0.25,1.0
35.5497,11.6837,ldsc,64,5000,0.25,1.0
5.5648,0.2532,ldsc,65,5000,0.25,1.0
-0.3873,0.0694,ldsc,66,5000,0.25,1.0
43.6823,0.7554,ldsc,67,5000,0.25,1.0
11.5419,0.4162,ldsc,68,5000,0.25,1.0
32.0538,0.5194,ldsc,69,5000,0.25,1.0
5.8137,0.2622,ldsc,70,5000,0.25,1.0
13.5249,0.3579,ldsc,71,5000,0.25,1.0
0.2362,0.102,ldsc,72,5000,0.25,1.0
124.9474,43.1635,ldsc,73,5000,0.25,1.0
36.0834,0.6138,ldsc,74,5000,0.25,1.0
24.8342,0.5987,ldsc,75,5000,0.25,1.0
2.1829,0.2036,ldsc,76,5000,0.25,1.0
14.7797,0.4344,ldsc,77,5000,0.25,1.0
5.5687,0.2466,ldsc,78,5000,0.25,1.0
60.2363,11.0995,ldsc,79,5000,0.25,1.0
2.9985,0.2141,ldsc,80,5000,0.25,1.0
6.3461,0.2756,ldsc,81,5000,0.25,1.0
4.0343,0.2353,ldsc,82,5000,0.25,1.0
1.5595,0.1736,ldsc,83,5000,0.25,1.0
0.003,0.1018,ldsc,84,5000,0.25,1.0
5.6846,0.292,ldsc,85,5000,0.25,1.0
60.3955,9.1557,ldsc,86,5000,0.25,1.0
6.1096,0.2493,ldsc,87,5000,0.25,1.0
-0.4659,0.066,ldsc,88,5000,0.25,1.0
8.3776,0.3003,ldsc,89,5000,0.25,1.0
55.0573,0.8661,ldsc,90,5000,0.25,1.0
73.2065,1.0602,ldsc,91,5000,0.25,1.0
2.8133,0.1852,ldsc,92,5000,0.25,1.0
0.9573,0.1358,ldsc,93,5000,0.25,1.0
2.4159,0.1782,ldsc,94,5000,0.25,1.0
0.3191,0.1089,ldsc,95,5000,0.25,1.0
8.5995,0.3173,ldsc,96,5000,0.25,1.0
4.7423,0.2446,ldsc,97,5000,0.25,1.0
43.6259,0.7099,ldsc,98,5000,0.25,1.0
5.259,0.248,ldsc,99,5000,0.25,1.0
5.037,0.1944,ldsc,0,10000,0.25,1.0
0.7323,0.093,ldsc,1,10000,0.25,1.0
34.995,0.5528,ldsc,2,10000,0.25,1.0
0.5833,0.107,ldsc,3,10000,0.25,1.0
0.187,0.0777,ldsc,4,10000,0.25,1.0
1.4647,0.1069,ldsc,5,10000,0.25,1.0
-0.0822,0.0595,ldsc,6,10000,0.25,1.0
29.9497,0.4819,ldsc,7,10000,0.25,1.0
8.65,0.266,ldsc,8,10000,0.25,1.0
11.3469,0.2621,ldsc,9,10000,0.25,1.0
11.7211,0.3294,ldsc,10,10000,0.25,1.0
22.205,0.3787,ldsc,11,10000,0.25,1.0
-0.2006,0.053,ldsc,12,10000,0.25,1.0
7.5572,0.27,ldsc,13,10000,0.25,1.0
4.4525,0.1818,ldsc,14,10000,0.25,1.0
-0.1256,0.0611,ldsc,15,10000,0.25,1.0
2.7656,0.1527,ldsc,16,10000,0.25,1.0
0.1035,0.0584,ldsc,17,10000,0.25,1.0
0.9185,0.0987,ldsc,18,10000,0.25,1.0
21.3284,0.4012,ldsc,19,10000,0.25,1.0
32.9503,0.5618,ldsc,20,10000,0.25,1.0
47.1643,0.6551,ldsc,21,10000,0.25,1.0
26.9504,0.5354,ldsc,22,10000,0.25,1.0
1.6672,0.1378,ldsc,23,10000,0.25,1.0
-0.0963,0.044,ldsc,24,10000,0.25,1.0
-0.2831,0.0409,ldsc,25,10000,0.25,1.0
62.5015,1.0166,ldsc,26,10000,0.25,1.0
2.1343,0.1336,ldsc,27,10000,0.25,1.0
16.2443,0.3775,ldsc,28,10000,0.25,1.0
9.7208,0.2557,ldsc,29,10000,0.25,1.0
-0.2296,0.0406,ldsc,30,10000,0.25,1.0
0.0698,0.0735,ldsc,31,10000,0.25,1.0
2.7688,0.1541,ldsc,32,10000,0.25,1.0
-0.0374,0.0537,ldsc,33,10000,0.25,1.0
3.3824,0.1775,ldsc,34,10000,0.25,1.0
13.3683,0.3003,ldsc,35,10000,0.25,1.0
-0.097,0.0591,ldsc,36,10000,0.25,1.0
3.5417,0.1731,ldsc,37,10000,0.25,1.0
40.3111,0.6903,ldsc,38,10000,0.25,1.0
33.3948,0.4804,ldsc,39,10000,0.25,1.0
0.3955,0.0755,ldsc,40,10000,0.25,1.0
5.0277,0.1961,ldsc,41,10000,0.25,1.0
3.0681,0.143,ldsc,42,10000,0.25,1.0
2.4764,0.1396,ldsc,43,10000,0.25,1.0
2.0354,0.153,ldsc,44,10000,0.25,1.0
-0.2501,0.0419,ldsc,45,10000,0.25,1.0
6.0903,0.2259,ldsc,46,10000,0.25,1.0
21.3637,0.4038,ldsc,47,10000,0.25,1.0
23.1608,0.4279,ldsc,48,10000,0.25,1.0
109.0055,8.5978,ldsc,49,10000,0.25,1.0
41.2693,0.6236,ldsc,50,10000,0.25,1.0
18.0527,0.3633,ldsc,51,10000,0.25,1.0
9.9409,0.2899,ldsc,52,10000,0.25,1.0
15.3969,0.3974,ldsc,53,10000,0.25,1.0
4.3149,0.2154,ldsc,54,10000,0.25,1.0
12.559,0.3416,ldsc,55,10000,0.25,1.0
0.6961,0.0982,ldsc,56,10000,0.25,1.0
15.6036,0.3778,ldsc,57,10000,0.25,1.0
0.2523,0.079,ldsc,58,10000,0.25,1.0
23.948,0.4745,ldsc,59,10000,0.25,1.0
6.2227,0.2458,ldsc,60,10000,0.25,1.0
-0.148,0.0457,ldsc,61,10000,0.25,1.0
-0.0476,0.0556,ldsc,62,10000,0.25,1.0
0.1387,0.0625,ldsc,63,10000,0.25,1.0
53.8703,0.8443,ldsc,64,10000,0.25,1.0
3.613,0.1648,ldsc,65,10000,0.25,1.0
-0.2477,0.0435,ldsc,66,10000,0.25,1.0
28.7322,0.5213,ldsc,67,10000,0.25,1.0
7.4872,0.2665,ldsc,68,10000,0.25,1.0
20.8865,0.3571,ldsc,69,10000,0.25,1.0
3.7803,0.171,ldsc,70,10000,0.25,1.0
8.785,0.2299,ldsc,71,10000,0.25,1.0
0.1487,0.0663,ldsc,72,10000,0.25,1.0
66.0683,13.6736,ldsc,73,10000,0.25,1.0
23.5937,0.4363,ldsc,74,10000,0.25,1.0
16.1584,0.3962,ldsc,75,10000,0.25,1.0
1.4103,0.1316,ldsc,76,10000,0.25,1.0
9.5937,0.2892,ldsc,77,10000,0.25,1.0
3.5988,0.161,ldsc,78,10000,0.25,1.0
63.2061,0.9342,ldsc,79,10000,0.25,1.0
1.9361,0.1401,ldsc,80,10000,0.25,1.0
4.0993,0.1791,ldsc,81,10000,0.25,1.0
2.6282,0.1545,ldsc,82,10000,0.25,1.0
1.0109,0.1111,ldsc,83,10000,0.25,1.0
-0.0041,0.064,ldsc,84,10000,0.25,1.0
3.6989,0.1888,ldsc,85,10000,0.25,1.0
47.8071,0.6989,ldsc,86,10000,0.25,1.0
3.9613,0.1616,ldsc,87,10000,0.25,1.0
-0.3001,0.0422,ldsc,88,10000,0.25,1.0
5.4257,0.197,ldsc,89,10000,0.25,1.0
36.6596,0.6372,ldsc,90,10000,0.25,1.0
41.8136,0.6326,ldsc,91,10000,0.25,1.0
1.8311,0.1212,ldsc,92,10000,0.25,1.0
0.6152,0.0878,ldsc,93,10000,0.25,1.0
1.5556,0.1147,ldsc,94,10000,0.25,1.0
0.2023,0.0711,ldsc,95,10000,0.25,1.0
5.5829,0.2099,ldsc,96,10000,0.25,1.0
3.0719,0.1597,ldsc,97,10000,0.25,1.0
28.6781,0.517,ldsc,98,10000,0.25,1.0
3.4013,0.1599,ldsc,99,10000,0.25,1.0
3.2506,0.1345,ldsc,0,20000,0.25,1.0
0.4693,0.0601,ldsc,1,20000,0.25,1.0
22.8569,0.4579,ldsc,2,20000,0.25,1.0
0.3727,0.0694,ldsc,3,20000,0.25,1.0
0.1221,0.0495,ldsc,4,20000,0.25,1.0
0.9578,0.0712,ldsc,5,20000,0.25,1.0
-0.0513,0.0375,ldsc,6,20000,0.25,1.0
19.4825,0.3951,ldsc,7,20000,0.25,1.0
5.5787,0.1853,ldsc,8,20000,0.25,1.0
7.323,0.1933,ldsc,9,20000,0.25,1.0
7.5361,0.2228,ldsc,10,20000,0.25,1.0
14.3664,0.2979,ldsc,11,20000,0.25,1.0
-0.1318,0.0335,ldsc,12,20000,0.25,1.0
4.8672,0.184,ldsc,13,20000,0.25,1.0
2.8695,0.1241,ldsc,14,20000,0.25,1.0
-0.0842,0.0387,ldsc,15,20000,0.25,1.0
1.7781,0.1005,ldsc,16,20000,0.25,1.0
0.0639,0.0375,ldsc,17,20000,0.25,1.0
0.5969,0.0639,ldsc,18,20000,0.25,1.0
13.7962,0.3168,ldsc,19,20000,0.25,1.0
21.4824,0.4563,ldsc,20,20000,0.25,1.0
31.2674,0.5953,ldsc,21,20000,0.25,1.0
17.4992,0.4029,ldsc,22,20000,0.25,1.0
1.0777,0.0902,ldsc,23,20000,0.25,1.0
-0.0615,0.0279,ldsc,24,20000,0.25,1.0
-0.1791,0.0261,ldsc,25,20000,0.25,1.0
42.8755,0.8634,ldsc,26,20000,0.25,1.0
1.3756,0.0867,ldsc,27,20000,0.25,1.0
10.4907,0.275,ldsc,28,20000,0.25,1.0
6.2636,0.177,ldsc,29,20000,0.25,1.0
-0.1461,0.0263,ldsc,30,20000,0.25,1.0
0.0435,0.0469,ldsc,31,20000,0.25,1.0
1.7835,0.1003,ldsc,32,20000,0.25,1.0
-0.0219,0.0345,ldsc,33,20000,0.25,1.0
2.1795,0.1162,ldsc,34,20000,0.25,1.0
8.6099,0.2142,ldsc,35,20000,0.25,1.0
-0.0647,0.0375,ldsc,36,20000,0.25,1.0
2.2869,0.113,ldsc,37,20000,0.25,1.0
26.4754,0.5707,ldsc,38,20000,0.25,1.0
21.7523,0.3911,ldsc,39,20000,0.25,1.0
0.2581,0.0487,ldsc,40,20000,0.25,1.0
3.2407,0.1303,ldsc,41,20000,0.25,1.0
1.971,0.0927,ldsc,42,20000,0.25,1.0
1.5916,0.0916,ldsc,43,20000,0.25,1.0
1.3042,0.0973,ldsc,44,20000,0.25,1.0
-0.1591,0.0267,ldsc,45,20000,0.25,1.0
3.9157,0.148,ldsc,46,20000,0.25,1.0
13.8168,0.311,ldsc,47,20000,0.25,1.0
14.999,0.3407,ldsc,48,20000,0.25,1.0
72.9823,1.5204,ldsc,49,20000,0.25,1.0
27.1102,0.5043,ldsc,50,20000,0.25,1.0
11.6873,0.2895,ldsc,51,20000,0.25,1.0
6.399,0.1894,ldsc,52,20000,0.25,1.0
9.9373,0.284,ldsc,53,20000,0.25,1.0
2.7806,0.1418,ldsc,54,20000,0.25,1.0
8.1016,0.2379,ldsc,55,20000,0.25,1.0
0.447,0.0638,ldsc,56,20000,0.25,1.0
10.061,0.2601,ldsc,57,20000,0.25,1.0
0.158,0.0502,ldsc,58,20000,0.25,1.0
15.5114,0.3593,ldsc,59,20000,0.25,1.0
4.0182,0.1673,ldsc,60,20000,0.25,1.0
-0.0911,0.0287,ldsc,61,20000,0.25,1.0
-0.0365,0.0357,ldsc,62,20000,0.25,1.0
0.0869,0.0397,ldsc,63,20000,0.25,1.0
36.0609,0.699,ldsc,64,20000,0.25,1.0
2.3303,0.112,ldsc,65,20000,0.25,1.0
-0.1546,0.028,ldsc,66,20000,0.25,1.0
18.6662,0.4016,ldsc,67,20000,0.25,1.0
4.8133,0.173,ldsc,68,20000,0.25,1.0
13.504,0.2909,ldsc,69,20000,0.25,1.0
2.4403,0.1113,ldsc,70,20000,0.25,1.0
5.6641,0.158,ldsc,71,20000,0.25,1.0
0.09,0.0431,ldsc,72,20000,0.25,1.0
52.4205,0.9551,ldsc,73,20000,0.25,1.0
15.2963,0.3486,ldsc,74,20000,0.25,1.0
10.4349,0.2777,ldsc,75,20000,0.25,1.0
0.9081,0.0853,ldsc,76,20000,0.25,1.0
6.1765,0.2046,ldsc,77,20000,0.25,1.0
2.3107,0.1084,ldsc,78,20000,0.25,1.0
43.7999,0.8239,ldsc,79,20000,0.25,1.0
1.2473,0.0932,ldsc,80,20000,0.25,1.0
2.6333,0.1196,ldsc,81,20000,0.25,1.0
1.7005,0.1033,ldsc,82,20000,0.25,1.0
0.6522,0.0718,ldsc,83,20000,0.25,1.0
-0.0066,0.0403,ldsc,84,20000,0.25,1.0
2.3919,0.1227,ldsc,85,20000,0.25,1.0
31.7622,0.6125,ldsc,86,20000,0.25,1.0
2.5442,0.1069,ldsc,87,20000,0.25,1.0
-0.1869,0.0272,ldsc,88,20000,0.25,1.0
3.4891,0.1324,ldsc,89,20000,0.25,1.0
23.9612,0.5102,ldsc,90,20000,0.25,1.0
27.5104,0.5522,ldsc,91,20000,0.25,1.0
1.1877,0.081,ldsc,92,20000,0.25,1.0
0.3922,0.0561,ldsc,93,20000,0.25,1.0
0.9946,0.0737,ldsc,94,20000,0.25,1.0
0.1233,0.0461,ldsc,95,20000,0.25,1.0
3.6022,0.1412,ldsc,96,20000,0.25,1.0
1.9738,0.1041,ldsc,97,20000,0.25,1.0
18.6105,0.3903,ldsc,98,20000,0.25,1.0
2.1832,0.1064,ldsc,99,20000,0.25,1.0
2.4412,0.1114,ldsc,0,30000,0.25,1.0
0.3444,0.0455,ldsc,1,30000,0.25,1.0
17.2998,0.5048,ldsc,2,30000,0.25,1.0
0.2688,0.0518,ldsc,3,30000,0.25,1.0
0.0909,0.0362,ldsc,4,30000,0.25,1.0
0.7127,0.0536,ldsc,5,30000,0.25,1.0
-0.039,0.0267,ldsc,6,30000,0.25,1.0
14.693,0.4206,ldsc,7,30000,0.25,1.0
4.195,0.1686,ldsc,8,30000,0.25,1.0
5.5237,0.1968,ldsc,9,30000,0.25,1.0
5.6342,0.198,ldsc,10,30000,0.25,1.0
10.7795,0.3164,ldsc,11,30000,0.25,1.0
-0.0962,0.024,ldsc,12,30000,0.25,1.0
3.6486,0.1588,ldsc,13,30000,0.25,1.0
2.1569,0.1068,ldsc,14,30000,0.25,1.0
-0.0619,0.0278,ldsc,15,30000,0.25,1.0
1.3343,0.0816,ldsc,16,30000,0.25,1.0
0.0446,0.0269,ldsc,17,30000,0.25,1.0
0.443,0.0481,ldsc,18,30000,0.25,1.0
10.3945,0.3332,ldsc,19,30000,0.25,1.0
16.268,0.4862,ldsc,20,30000,0.25,1.0
23.7621,0.6512,ldsc,21,30000,0.25,1.0
13.1533,0.396,ldsc,22,30000,0.25,1.0
0.8116,0.0735,ldsc,23,30000,0.25,1.0
-0.0453,0.0204,ldsc,24,30000,0.25,1.0
-0.1233,0.0193,ldsc,25,30000,0.25,1.0
32.7186,0.8576,ldsc,26,30000,0.25,1.0
1.0252,0.0669,ldsc,27,30000,0.25,1.0
7.907,0.2803,ldsc,28,30000,0.25,1.0
4.7069,0.1677,ldsc,29,30000,0.25,1.0
-0.1053,0.0193,ldsc,30,30000,0.25,1.0
0.0338,0.0334,ldsc,31,30000,0.25,1.0
1.3399,0.0803,ldsc,32,30000,0.25,1.0
-0.0193,0.0251,ldsc,33,30000,0.25,1.0
1.6325,0.0939,ldsc,34,30000,0.25,1.0
6.4804,0.2182,ldsc,35,30000,0.25,1.0
-0.047,0.027,ldsc,36,30000,0.25,1.0
1.715,0.0891,ldsc,37,30000,0.25,1.0
20.0129,0.5733,ldsc,38,30000,0.25,1.0
16.3774,0.4113,ldsc,39,30000,0.25,1.0
0.1921,0.0363,ldsc,40,30000,0.25,1.0
2.4406,0.1113,ldsc,41,30000,0.25,1.0
1.484,0.0796,ldsc,42,30000,0.25,1.0
1.2039,0.0754,ldsc,43,30000,0.25,1.0
0.9786,0.0768,ldsc,44,30000,0.25,1.0
-0.1146,0.0202,ldsc,45,30000,0.25,1.0
2.9354,0.1282,ldsc,46,30000,0.25,1.0
10.4019,0.3261,ldsc,47,30000,0.25,1.0
11.2935,0.3516,ldsc,48,30000,0.25,1.0
58.7936,1.5321,ldsc,49,30000,0.25,1.0
20.5538,0.5631,ldsc,50,30000,0.25,1.0
8.7531,0.2658,ldsc,51,30000,0.25,1.0
4.7884,0.1653,ldsc,52,30000,0.25,1.0
7.4441,0.2528,ldsc,53,30000,0.25,1.0
2.0903,0.1163,ldsc,54,30000,0.25,1.0
6.1049,0.2286,ldsc,55,30000,0.25,1.0
0.3307,0.0485,ldsc,56,30000,0.25,1.0
7.5323,0.2413,ldsc,57,30000,0.25,1.0
0.1142,0.0374,ldsc,58,30000,0.25,1.0
11.6996,0.3771,ldsc,59,30000,0.25,1.0
3.0082,0.1372,ldsc,60,30000,0.25,1.0
-0.0694,0.0208,ldsc,61,30000,0.25,1.0
-0.0311,0.0259,ldsc,62,30000,0.25,1.0
0.0609,0.0289,ldsc,63,30000,0.25,1.0
27.434,0.7245,ldsc,64,30000,0.25,1.0
1.7456,0.0924,ldsc,65,30000,0.25,1.0
-0.1104,0.0211,ldsc,66,30000,0.25,1.0
14.0877,0.4202,ldsc,67,30000,0.25,1.0
3.6041,0.1476,ldsc,68,30000,0.25,1.0
10.17,0.3135,ldsc,69,30000,0.25,1.0
1.8376,0.0915,ldsc,70,30000,0.25,1.0
4.2623,0.1515,ldsc,71,30000,0.25,1.0
0.0641,0.0318,ldsc,72,30000,0.25,1.0
40.5911,1.0157,ldsc,73,30000,0.25,1.0
11.5238,0.3575,ldsc,74,30000,0.25,1.0
7.8252,0.2543,ldsc,75,30000,0.25,1.0
0.6761,0.0651,ldsc,76,30000,0.25,1.0
4.6345,0.1861,ldsc,77,30000,0.25,1.0
1.7151,0.0842,ldsc,78,30000,0.25,1.0
33.5459,0.8812,ldsc,79,30000,0.25,1.0
0.9415,0.075,ldsc,80,30000,0.25,1.0
1.9723,0.1029,ldsc,81,30000,0.25,1.0
1.2748,0.083,ldsc,82,30000,0.25,1.0
0.4816,0.0532,ldsc,83,30000,0.25,1.0
-0.0101,0.0285,ldsc,84,30000,0.25,1.0
1.7942,0.101,ldsc,85,30000,0.25,1.0
24.1689,0.6747,ldsc,86,30000,0.25,1.0
1.9036,0.0912,ldsc,87,30000,0.25,1.0
-0.1309,0.0201,ldsc,88,30000,0.25,1.0
2.6064,0.1135,ldsc,89,30000,0.25,1.0
18.1327,0.5375,ldsc,90,30000,0.25,1.0
20.8848,0.6066,ldsc,91,30000,0.25,1.0
0.8986,0.0654,ldsc,92,30000,0.25,1.0
0.284,0.0401,ldsc,93,30000,0.25,1.0
0.7388,0.0577,ldsc,94,30000,0.25,1.0
0.0893,0.0338,ldsc,95,30000,0.25,1.0
2.6819,0.1092,ldsc,96,30000,0.25,1.0
1.4699,0.0837,ldsc,97,30000,0.25,1.0
14.0156,0.4021,ldsc,98,30000,0.25,1.0
1.6474,0.0917,ldsc,99,30000,0.25,1.0
1.401,0.0921,ldsc,0,50000,0.25,1.0
0.1659,0.0255,ldsc,1,50000,0.25,1.0
10.1772,0.5818,ldsc,2,50000,0.25,1.0
0.1139,0.024,ldsc,3,50000,0.25,1.0
0.0421,0.0154,ldsc,4,50000,0.25,1.0
0.3641,0.0384,ldsc,5,50000,0.25,1.0
-0.0119,0.0099,ldsc,6,50000,0.25,1.0
8.6115,0.4853,ldsc,7,50000,0.25,1.0
2.4552,0.1617,ldsc,8,50000,0.25,1.0
3.2776,0.2021,ldsc,9,50000,0.25,1.0
3.2461,0.2011,ldsc,10,50000,0.25,1.0
6.24,0.3564,ldsc,11,50000,0.25,1.0
-0.0305,0.0107,ldsc,12,50000,0.25,1.0
2.0603,0.1282,ldsc,13,50000,0.25,1.0
1.2402,0.0929,ldsc,14,50000,0.25,1.0
-0.0245,0.0111,ldsc,15,50000,0.25,1.0
0.7251,0.0587,ldsc,16,50000,0.25,1.0
0.0135,0.0112,ldsc,17,50000,0.25,1.0
0.2102,0.0257,ldsc,18,50000,0.25,1.0
6.0361,0.3547,ldsc,19,50000,0.25,1.0
9.5117,0.5336,ldsc,20,50000,0.25,1.0
14.0086,0.7735,ldsc,21,50000,0.25,1.0
7.6132,0.4355,ldsc,22,50000,0.25,1.0
0.4023,0.0426,ldsc,23,50000,0.25,1.0
-0.017,0.0084,ldsc,24,50000,0.25,1.0
-0.0483,0.008,ldsc,25,50000,0.25,1.0
19.0782,1.0149,ldsc,26,50000,0.25,1.0
0.5684,0.0528,ldsc,27,50000,0.25,1.0
4.5358,0.2716,ldsc,28,50000,0.25,1.0
2.7416,0.1683,ldsc,29,50000,0.25,1.0
-0.039,0.0094,ldsc,30,50000,0.25,1.0
0.0196,0.0135,ldsc,31,50000,0.25,1.0
0.7557,0.0662,ldsc,32,50000,0.25,1.0
-0.0147,0.0105,ldsc,33,50000,0.25,1.0
0.9615,0.0737,ldsc,34,50000,0.25,1.0
3.7657,0.2258,ldsc,35,50000,0.25,1.0
-0.0155,0.0106,ldsc,36,50000,0.25,1.0
1.0225,0.0729,ldsc,37,50000,0.25,1.0
11.6951,0.6484,ldsc,38,50000,0.25,1.0
9.7053,0.5398,ldsc,39,50000,0.25,1.0
0.0805,0.0167,ldsc,40,50000,0.25,1.0
1.4308,0.0958,ldsc,41,50000,0.25,1.0
0.8609,0.0672,ldsc,42,50000,0.25,1.0
0.6706,0.0598,ldsc,43,50000,0.25,1.0
0.5416,0.0579,ldsc,44,50000,0.25,1.0
-0.0427,0.0085,ldsc,45,50000,0.25,1.0
1.7413,0.1202,ldsc,46,50000,0.25,1.0
6.1493,0.3654,ldsc,47,50000,0.25,1.0
6.6208,0.3812,ldsc,48,50000,0.25,1.0
35.4588,1.9183,ldsc,49,50000,0.25,1.0
12.1779,0.6891,ldsc,50,50000,0.25,1.0
5.0246,0.2861,ldsc,51,50000,0.25,1.0
2.8489,0.1742,ldsc,52,50000,0.25,1.0
4.3177,0.2622,ldsc,53,50000,0.25,1.0
1.2363,0.0972,ldsc,54,50000,0.25,1.0
3.6561,0.2304,ldsc,55,50000,0.25,1.0
0.1464,0.0258,ldsc,56,50000,0.25,1.0
4.3721,0.2631,ldsc,57,50000,0.25,1.0
0.0509,0.0154,ldsc,58,50000,0.25,1.0
7.0197,0.4264,ldsc,59,50000,0.25,1.0
1.7233,0.1197,ldsc,60,50000,0.25,1.0
-0.0303,0.0085,ldsc,61,50000,0.25,1.0
-0.0163,0.0104,ldsc,62,50000,0.25,1.0
0.0254,0.0128,ldsc,63,50000,0.25,1.0
16.1257,0.8752,ldsc,64,50000,0.25,1.0
0.9829,0.0736,ldsc,65,50000,0.25,1.0
-0.0432,0.0086,ldsc,66,50000,0.25,1.0
8.2564,0.4781,ldsc,67,50000,0.25,1.0
2.0879,0.1373,ldsc,68,50000,0.25,1.0
5.974,0.3545,ldsc,69,50000,0.25,1.0
1.0526,0.0792,ldsc,70,50000,0.25,1.0
2.4784,0.1491,ldsc,71,50000,0.25,1.0
0.0261,0.0134,ldsc,72,50000,0.25,1.0
24.2532,1.3141,ldsc,73,50000,0.25,1.0
6.7137,0.3904,ldsc,74,50000,0.25,1.0
4.5805,0.2797,ldsc,75,50000,0.25,1.0
0.3571,0.0431,ldsc,76,50000,0.25,1.0
2.7087,0.1757,ldsc,77,50000,0.25,1.0
1.0087,0.0759,ldsc,78,50000,0.25,1.0
19.7471,1.0707,ldsc,79,50000,0.25,1.0
0.4898,0.0516,ldsc,80,50000,0.25,1.0
1.1192,0.0831,ldsc,81,50000,0.25,1.0
0.7119,0.0604,ldsc,82,50000,0.25,1.0
0.2326,0.0302,ldsc,83,50000,0.25,1.0
6.373e-05,0.0113,ldsc,84,50000,0.25,1.0
1.0638,0.0841,ldsc,85,50000,0.25,1.0
14.3172,0.7955,ldsc,86,50000,0.25,1.0
1.1203,0.0793,ldsc,87,50000,0.25,1.0
-0.0489,0.0097,ldsc,88,50000,0.25,1.0
1.4933,0.1061,ldsc,89,50000,0.25,1.0
10.5715,0.5969,ldsc,90,50000,0.25,1.0
12.3241,0.6962,ldsc,91,50000,0.25,1.0
0.4782,0.043,ldsc,92,50000,0.25,1.0
0.1206,0.0206,ldsc,93,50000,0.25,1.0
0.3617,0.0394,ldsc,94,50000,0.25,1.0
0.0353,0.0144,ldsc,95,50000,0.25,1.0
1.5169,0.097,ldsc,96,50000,0.25,1.0
0.8625,0.0717,ldsc,97,50000,0.25,1.0
8.1737,0.4679,ldsc,98,50000,0.25,1.0
0.9563,0.0748,ldsc,99,50000,0.25,1.0
7.0975,0.4282,ldsc,0,1000,0.25,0.1
54.3718,1.2993,ldsc,1,1000,0.25,0.1
66.5912,1.548,ldsc,2,1000,0.25,0.1
44.7489,1.2632,ldsc,3,1000,0.25,0.1
107.8704,2.0388,ldsc,4,1000,0.25,0.1
48.572,1.2695,ldsc,5,1000,0.25,0.1
-0.393,0.1895,ldsc,6,1000,0.25,0.1
60.2044,1.6653,ldsc,7,1000,0.25,0.1
0.0354,0.1655,ldsc,8,1000,0.25,0.1
31.0104,0.9906,ldsc,9,1000,0.25,0.1
9.9058,0.6107,ldsc,10,1000,0.25,0.1
3.8081,0.3592,ldsc,11,1000,0.25,0.1
97.6912,1.8338,ldsc,12,1000,0.25,0.1
29.4476,0.7968,ldsc,13,1000,0.25,0.1
28.436,0.9325,ldsc,14,1000,0.25,0.1
52.5148,1.4444,ldsc,15,1000,0.25,0.1
137.6338,2.7753,ldsc,16,1000,0.25,0.1
151.7947,2.9754,ldsc,17,1000,0.25,0.1
58.7399,1.3861,ldsc,18,1000,0.25,0.1
7.3095,0.4194,ldsc,19,1000,0.25,0.1
5.5539,0.4296,ldsc,20,1000,0.25,0.1
1.998,0.2857,ldsc,21,1000,0.25,0.1
69.5515,1.478,ldsc,22,1000,0.25,0.1
18.6618,0.728,ldsc,23,1000,0.25,0.1
21.9685,0.7102,ldsc,24,1000,0.25,0.1
58.0229,1.4929,ldsc,25,1000,0.25,0.1
20.8655,0.7788,ldsc,26,1000,0.25,0.1
99.548,2.2,ldsc,27,1000,0.25,0.1
12.4974,0.6563,ldsc,28,1000,0.25,0.1
77.6584,1.6364,ldsc,29,1000,0.25,0.1
211.4889,4.2765,ldsc,30,1000,0.25,0.1
127.0999,2.314,ldsc,31,1000,0.25,0.1
38.4229,1.1046,ldsc,32,1000,0.25,0.1
42.5306,1.1442,ldsc,33,1000,0.25,0.1
59.3097,1.549,ldsc,34,1000,0.25,0.1
58.2094,1.4607,ldsc,35,1000,0.25,0.1
1.825,0.289,ldsc,36,1000,0.25,0.1
75.9234,1.7507,ldsc,37,1000,0.25,0.1
4.1595,0.343,ldsc,38,1000,0.25,0.1
14.2523,0.5657,ldsc,39,1000,0.25,0.1
155.5778,2.8945,ldsc,40,1000,0.25,0.1
-0.5866,0.1798,ldsc,41,1000,0.25,0.1
124.3091,2.2598,ldsc,42,1000,0.25,0.1
-0.5184,0.1515,ldsc,43,1000,0.25,0.1
79.0599,1.869,ldsc,44,1000,0.25,0.1
41.5469,1.1452,ldsc,45,1000,0.25,0.1
8.2679,0.5041,ldsc,46,1000,0.25,0.1
44.2013,1.216,ldsc,47,1000,0.25,0.1
13.7191,0.6064,ldsc,48,1000,0.25,0.1
-0.6774,0.1389,ldsc,49,1000,0.25,0.1
158.6471,2.8266,ldsc,50,1000,0.25,0.1
88.2914,1.9879,ldsc,51,1000,0.25,0.1
55.4578,1.593,ldsc,52,1000,0.25,0.1
76.0414,1.705,ldsc,53,1000,0.25,0.1
76.5455,1.8391,ldsc,54,1000,0.25,0.1
264.116,5.3007,ldsc,55,1000,0.25,0.1
37.1356,1.0806,ldsc,56,1000,0.25,0.1
178.4396,3.43,ldsc,57,1000,0.25,0.1
129.209,2.4258,ldsc,58,1000,0.25,0.1
-0.6183,0.1488,ldsc,59,1000,0.25,0.1
9.4713,0.5051,ldsc,60,1000,0.25,0.1
8.6493,0.5058,ldsc,61,1000,0.25,0.1
7.8817,0.4631,ldsc,62,1000,0.25,0.1
2.5375,0.3143,ldsc,63,1000,0.25,0.1
134.904,2.5676,ldsc,64,1000,0.25,0.1
2.7545,0.3194,ldsc,65,1000,0.25,0.1
-0.2579,0.222,ldsc,66,1000,0.25,0.1
18.1433,0.706,ldsc,67,1000,0.25,0.1
4.3722,0.3209,ldsc,68,1000,0.25,0.1
48.1699,1.3405,ldsc,69,1000,0.25,0.1
52.5826,1.2893,ldsc,70,1000,0.25,0.1
37.757,1.2064,ldsc,71,1000,0.25,0.1
2.5167,0.3423,ldsc,72,1000,0.25,0.1
11.8948,0.4477,ldsc,73,1000,0.25,0.1
2.5371,0.2989,ldsc,74,1000,0.25,0.1
96.762,1.981,ldsc,75,1000,0.25,0.1
59.9901,1.5593,ldsc,76,1000,0.25,0.1
43.4985,1.2471,ldsc,77,1000,0.25,0.1
23.1945,0.7979,ldsc,78,1000,0.25,0.1
0.4794,0.2096,ldsc,79,1000,0.25,0.1
33.1094,1.006,ldsc,80,1000,0.25,0.1
-0.4132,0.1691,ldsc,81,1000,0.25,0.1
9.098,0.4328,ldsc,82,1000,0.25,0.1
-0.5171,0.1832,ldsc,83,1000,0.25,0.1
0.1066,0.1688,ldsc,84,1000,0.25,0.1
34.8199,0.9787,ldsc,85,1000,0.25,0.1
1.7127,0.26,ldsc,86,1000,0.25,0.1
21.8011,0.8236,ldsc,87,1000,0.25,0.1
9.7973,0.5697,ldsc,88,1000,0.25,0.1
10.3377,0.4827,ldsc,89,1000,0.25,0.1
3.5298,0.3885,ldsc,90,1000,0.25,0.1
90.2758,1.885,ldsc,91,1000,0.25,0.1
22.8241,0.7646,ldsc,92,1000,0.25,0.1
16.2177,0.7336,ldsc,93,1000,0.25,0.1
111.2912,1.9821,ldsc,94,1000,0.25,0.1
8.0109,0.4808,ldsc,95,1000,0.25,0.1
4.9946,0.3588,ldsc,96,1000,0.25,0.1
30.4762,1.0057,ldsc,97,1000,0.25,0.1
2.0595,0.294,ldsc,98,1000,0.25,0.1
68.0602,1.4835,ldsc,99,1000,0.25,0.1
5.9468,0.3448,ldsc,0,2000,0.25,0.1
45.8417,0.9379,ldsc,1,2000,0.25,0.1
55.9347,1.0299,ldsc,2,2000,0.25,0.1
37.8886,0.9152,ldsc,3,2000,0.25,0.1
86.88,1.2347,ldsc,4,2000,0.25,0.1
41.0707,0.9448,ldsc,5,2000,0.25,0.1
-0.3475,0.1473,ldsc,6,2000,0.25,0.1
50.7795,1.1485,ldsc,7,2000,0.25,0.1
0.0165,0.1338,ldsc,8,2000,0.25,0.1
26.2317,0.7306,ldsc,9,2000,0.25,0.1
8.459,0.4857,ldsc,10,2000,0.25,0.1
3.2602,0.2942,ldsc,11,2000,0.25,0.1
80.4927,1.1542,ldsc,12,2000,0.25,0.1
24.8625,0.6029,ldsc,13,2000,0.25,0.1
24.0982,0.6969,ldsc,14,2000,0.25,0.1
44.3526,1.0441,ldsc,15,2000,0.25,0.1
116.6045,15.123,ldsc,16,2000,0.25,0.1
182.0279,29.9813,ldsc,17,2000,0.25,0.1
49.3555,0.9681,ldsc,18,2000,0.25,0.1
6.2761,0.3309,ldsc,19,2000,0.25,0.1
4.6889,0.3503,ldsc,20,2000,0.25,0.1
1.6705,0.2291,ldsc,21,2000,0.25,0.1
58.2388,0.9643,ldsc,22,2000,0.25,0.1
15.8566,0.5561,ldsc,23,2000,0.25,0.1
18.59,0.5273,ldsc,24,2000,0.25,0.1
48.9295,1.0777,ldsc,25,2000,0.25,0.1
17.7348,0.6017,ldsc,26,2000,0.25,0.1
81.7945,1.4017,ldsc,27,2000,0.25,0.1
10.5762,0.5348,ldsc,28,2000,0.25,0.1
64.7684,1.0547,ldsc,29,2000,0.25,0.1
147.4713,41.0714,ldsc,30,2000,0.25,0.1
105.8237,14.8687,ldsc,31,2000,0.25,0.1
32.4635,0.8102,ldsc,32,2000,0.25,0.1
35.9936,0.8276,ldsc,33,2000,0.25,0.1
49.9689,1.0984,ldsc,34,2000,0.25,0.1
48.8642,1.0138,ldsc,35,2000,0.25,0.1
1.5459,0.2323,ldsc,36,2000,0.25,0.1
63.1799,1.1763,ldsc,37,2000,0.25,0.1
3.5565,0.2794,ldsc,38,2000,0.25,0.1
12.0734,0.455,ldsc,39,2000,0.25,0.1
125.2738,13.4209,ldsc,40,2000,0.25,0.1
-0.459,0.1403,ldsc,41,2000,0.25,0.1
98.4802,1.9152,ldsc,42,2000,0.25,0.1
-0.4816,0.1186,ldsc,43,2000,0.25,0.1
66.0262,1.2076,ldsc,44,2000,0.25,0.1
35.255,0.8222,ldsc,45,2000,0.25,0.1
7.007,0.4012,ldsc,46,2000,0.25,0.1
37.4244,0.8689,ldsc,47,2000,0.25,0.1
11.6683,0.4722,ldsc,48,2000,0.25,0.1
-0.6278,0.1042,ldsc,49,2000,0.25,0.1
88.5031,31.0667,ldsc,50,2000,0.25,0.1
73.1531,1.2505,ldsc,51,2000,0.25,0.1
46.747,1.1205,ldsc,52,2000,0.25,0.1
63.4782,1.1587,ldsc,53,2000,0.25,0.1
63.8896,1.2181,ldsc,54,2000,0.25,0.1
232.5915,3.2922,ldsc,55,2000,0.25,0.1
31.4436,0.8231,ldsc,56,2000,0.25,0.1
184.2973,45.0198,ldsc,57,2000,0.25,0.1
45.2087,46.5843,ldsc,58,2000,0.25,0.1
-0.5729,0.1118,ldsc,59,2000,0.25,0.1
8.0909,0.404,ldsc,60,2000,0.25,0.1
7.3157,0.4043,ldsc,61,2000,0.25,0.1
6.6796,0.3732,ldsc,62,2000,0.25,0.1
2.1034,0.2565,ldsc,63,2000,0.25,0.1
107.9181,2.3665,ldsc,64,2000,0.25,0.1
2.3412,0.2581,ldsc,65,2000,0.25,0.1
-0.1954,0.1757,ldsc,66,2000,0.25,0.1
15.4071,0.559,ldsc,67,2000,0.25,0.1
3.6603,0.2586,ldsc,68,2000,0.25,0.1
40.7305,0.9502,ldsc,69,2000,0.25,0.1
44.268,0.9175,ldsc,70,2000,0.25,0.1
32.0019,0.9048,ldsc,71,2000,0.25,0.1
2.1328,0.2706,ldsc,72,2000,0.25,0.1
10.0566,0.3466,ldsc,73,2000,0.25,0.1
2.1854,0.2355,ldsc,74,2000,0.25,0.1
79.5119,1.2253,ldsc,75,2000,0.25,0.1
50.4506,1.1026,ldsc,76,2000,0.25,0.1
36.7547,0.8899,ldsc,77,2000,0.25,0.1
19.6232,0.6357,ldsc,78,2000,0.25,0.1
0.4157,0.1692,ldsc,79,2000,0.25,0.1
28.0392,0.7805,ldsc,80,2000,0.25,0.1
-0.4337,0.1256,ldsc,81,2000,0.25,0.1
7.7485,0.3444,ldsc,82,2000,0.25,0.1
-0.4797,0.1382,ldsc,83,2000,0.25,0.1
0.0525,0.1325,ldsc,84,2000,0.25,0.1
29.4209,0.7353,ldsc,85,2000,0.25,0.1
1.4304,0.2108,ldsc,86,2000,0.25,0.1
18.3877,0.6232,ldsc,87,2000,0.25,0.1
8.2248,0.4609,ldsc,88,2000,0.25,0.1
8.7712,0.3841,ldsc,89,2000,0.25,0.1
2.9821,0.3168,ldsc,90,2000,0.25,0.1
74.5815,1.2318,ldsc,91,2000,0.25,0.1
19.429,0.5744,ldsc,92,2000,0.25,0.1
13.6916,0.5773,ldsc,93,2000,0.25,0.1
85.4145,4.008,ldsc,94,2000,0.25,0.1
6.8319,0.382,ldsc,95,2000,0.25,0.1
4.2475,0.2919,ldsc,96,2000,0.25,0.1
25.8537,0.7385,ldsc,97,2000,0.25,0.1
1.6803,0.2338,ldsc,98,2000,0.25,0.1
56.9354,1.0558,ldsc,99,2000,0.25,0.1
4.9715,0.285,ldsc,0,3000,0.25,0.1
38.3132,0.7603,ldsc,1,3000,0.25,0.1
46.651,0.8019,ldsc,2,3000,0.25,0.1
31.7186,0.7274,ldsc,3,3000,0.25,0.1
60.2293,16.5155,ldsc,4,3000,0.25,0.1
34.3785,0.7706,ldsc,5,3000,0.25,0.1
-0.2976,0.1193,ldsc,6,3000,0.25,0.1
42.3844,0.9012,ldsc,7,3000,0.25,0.1
0.0081,0.1111,ldsc,8,3000,0.25,0.1
21.9732,0.5835,ldsc,9,3000,0.25,0.1
7.1157,0.3967,ldsc,10,3000,0.25,0.1
2.7425,0.245,ldsc,11,3000,0.25,0.1
67.0723,0.9297,ldsc,12,3000,0.25,0.1
20.8373,0.4955,ldsc,13,3000,0.25,0.1
20.1995,0.5608,ldsc,14,3000,0.25,0.1
37.0871,0.8335,ldsc,15,3000,0.25,0.1
86.1679,8.8507,ldsc,16,3000,0.25,0.1
70.5475,22.9841,ldsc,17,3000,0.25,0.1
41.1909,0.7757,ldsc,18,3000,0.25,0.1
5.299,0.2714,ldsc,19,3000,0.25,0.1
3.9283,0.2922,ldsc,20,3000,0.25,0.1
1.3925,0.1894,ldsc,21,3000,0.25,0.1
48.5148,0.7593,ldsc,22,3000,0.25,0.1
13.3156,0.4498,ldsc,23,3000,0.25,0.1
15.5858,0.4234,ldsc,24,3000,0.25,0.1
40.8918,0.8727,ldsc,25,3000,0.25,0.1
14.8834,0.4904,ldsc,26,3000,0.25,0.1
68.167,1.1128,ldsc,27,3000,0.25,0.1
8.8769,0.4448,ldsc,28,3000,0.25,0.1
53.9209,0.8354,ldsc,29,3000,0.25,0.1
253.8713,31.2991,ldsc,30,3000,0.25,0.1
106.0591,14.8497,ldsc,31,3000,0.25,0.1
27.1755,0.6451,ldsc,32,3000,0.25,0.1
30.1423,0.665,ldsc,33,3000,0.25,0.1
41.7239,0.8736,ldsc,34,3000,0.25,0.1
40.7636,0.8103,ldsc,35,3000,0.25,0.1
1.2978,0.1918,ldsc,36,3000,0.25,0.1
52.5503,0.9287,ldsc,37,3000,0.25,0.1
2.9937,0.2317,ldsc,38,3000,0.25,0.1
10.1197,0.3776,ldsc,39,3000,0.25,0.1
131.6059,10.4701,ldsc,40,3000,0.25,0.1
-0.3713,0.1146,ldsc,41,3000,0.25,0.1
129.5881,31.86,ldsc,42,3000,0.25,0.1
-0.4219,0.096,ldsc,43,3000,0.25,0.1
54.9266,0.9395,ldsc,44,3000,0.25,0.1
29.561,0.6546,ldsc,45,3000,0.25,0.1
5.8825,0.3287,ldsc,46,3000,0.25,0.1
31.3242,0.6925,ldsc,47,3000,0.25,0.1
9.805,0.387,ldsc,48,3000,0.25,0.1
-0.5451,0.0833,ldsc,49,3000,0.25,0.1
81.6825,60.0896,ldsc,50,3000,0.25,0.1
60.85,0.9775,ldsc,51,3000,0.25,0.1
39.0486,0.8851,ldsc,52,3000,0.25,0.1
52.8365,0.9272,ldsc,53,3000,0.25,0.1
53.1602,0.9733,ldsc,54,3000,0.25,0.1
121.8206,46.1116,ldsc,55,3000,0.25,0.1
26.3428,0.6758,ldsc,56,3000,0.25,0.1
71.7649,13.2002,ldsc,57,3000,0.25,0.1
84.3813,10.0533,ldsc,58,3000,0.25,0.1
-0.4963,0.0889,ldsc,59,3000,0.25,0.1
6.8152,0.3328,ldsc,60,3000,0.25,0.1
6.1305,0.3334,ldsc,61,3000,0.25,0.1
5.6094,0.308,ldsc,62,3000,0.25,0.1
1.7527,0.2138,ldsc,63,3000,0.25,0.1
95.8262,10.5711,ldsc,64,3000,0.25,0.1
1.9694,0.2137,ldsc,65,3000,0.25,0.1
-0.1551,0.1439,ldsc,66,3000,0.25,0.1
12.94,0.4616,ldsc,67,3000,0.25,0.1
3.0501,0.2136,ldsc,68,3000,0.25,0.1
34.0773,0.7548,ldsc,69,3000,0.25,0.1
36.9709,0.7313,ldsc,70,3000,0.25,0.1
26.827,0.7306,ldsc,71,3000,0.25,0.1
1.7931,0.2211,ldsc,72,3000,0.25,0.1
8.4306,0.2824,ldsc,73,3000,0.25,0.1
1.8423,0.1934,ldsc,74,3000,0.25,0.1
66.2406,0.9732,ldsc,75,3000,0.25,0.1
42.1016,0.8789,ldsc,76,3000,0.25,0.1
30.7629,0.7055,ldsc,77,3000,0.25,0.1
16.436,0.5267,ldsc,78,3000,0.25,0.1
0.3575,0.1401,ldsc,79,3000,0.25,0.1
23.5104,0.6398,ldsc,80,3000,0.25,0.1
-0.3931,0.0996,ldsc,81,3000,0.25,0.1
6.5118,0.284,ldsc,82,3000,0.25,0.1
-0.4197,0.1105,ldsc,83,3000,0.25,0.1
0.0256,0.1078,ldsc,84,3000,0.25,0.1
24.6511,0.6014,ldsc,85,3000,0.25,0.1
1.1951,0.1749,ldsc,86,3000,0.25,0.1
15.3984,0.4989,ldsc,87,3000,0.25,0.1
6.8778,0.3821,ldsc,88,3000,0.25,0.1
7.3615,0.3173,ldsc,89,3000,0.25,0.1
2.5008,0.2627,ldsc,90,3000,0.25,0.1
62.0624,0.9958,ldsc,91,3000,0.25,0.1
16.3145,0.4657,ldsc,92,3000,0.25,0.1
11.4699,0.4728,ldsc,93,3000,0.25,0.1
76.02,0.8501,ldsc,94,3000,0.25,0.1
5.7504,0.3133,ldsc,95,3000,0.25,0.1
3.5752,0.242,ldsc,96,3000,0.25,0.1
21.6831,0.5862,ldsc,97,3000,0.25,0.1
1.3949,0.1919,ldsc,98,3000,0.25,0.1
47.4278,0.8587,ldsc,99,3000,0.25,0.1
3.7463,0.2127,ldsc,0,5000,0.25,0.1
28.9275,0.5735,ldsc,1,5000,0.25,0.1
35.2694,0.583,ldsc,2,5000,0.25,0.1
23.9353,0.5279,ldsc,3,5000,0.25,0.1
55.9086,0.7514,ldsc,4,5000,0.25,0.1
25.955,0.5814,ldsc,5,5000,0.25,0.1
-0.2262,0.0874,ldsc,6,5000,0.25,0.1
31.9952,0.6642,ldsc,7,5000,0.25,0.1
0.001,0.0833,ldsc,8,5000,0.25,0.1
16.5642,0.426,ldsc,9,5000,0.25,0.1
5.3723,0.2928,ldsc,10,5000,0.25,0.1
2.0715,0.1847,ldsc,11,5000,0.25,0.1
51.0354,0.7429,ldsc,12,5000,0.25,0.1
15.7145,0.3727,ldsc,13,5000,0.25,0.1
15.2276,0.4109,ldsc,14,5000,0.25,0.1
27.9947,0.6183,ldsc,15,5000,0.25,0.1
69.9144,0.9039,ldsc,16,5000,0.25,0.1
56.7168,11.8854,ldsc,17,5000,0.25,0.1
31.0857,0.5834,ldsc,18,5000,0.25,0.1
4.0199,0.2014,ldsc,19,5000,0.25,0.1
2.9532,0.2205,ldsc,20,5000,0.25,0.1
1.039,0.1409,ldsc,21,5000,0.25,0.1
36.6726,0.5648,ldsc,22,5000,0.25,0.1
10.0491,0.331,ldsc,23,5000,0.25,0.1
11.765,0.3125,ldsc,24,5000,0.25,0.1
30.8852,0.6589,ldsc,25,5000,0.25,0.1
11.2313,0.3655,ldsc,26,5000,0.25,0.1
51.8887,0.8908,ldsc,27,5000,0.25,0.1
6.7066,0.3344,ldsc,28,5000,0.25,0.1
40.8558,0.636,ldsc,29,5000,0.25,0.1
126.071,15.6529,ldsc,30,5000,0.25,0.1
63.9238,0.9366,ldsc,31,5000,0.25,0.1
20.4756,0.468,ldsc,32,5000,0.25,0.1
22.7484,0.4914,ldsc,33,5000,0.25,0.1
31.5066,0.6452,ldsc,34,5000,0.25,0.1
30.7554,0.6081,ldsc,35,5000,0.25,0.1
0.9863,0.1427,ldsc,36,5000,0.25,0.1
39.7453,0.6886,ldsc,37,5000,0.25,0.1
2.2709,0.175,ldsc,38,5000,0.25,0.1
7.625,0.2824,ldsc,39,5000,0.25,0.1
111.8994,12.1653,ldsc,40,5000,0.25,0.1
-0.2643,0.0849,ldsc,41,5000,0.25,0.1
65.6738,0.7385,ldsc,42,5000,0.25,0.1
-0.3328,0.0701,ldsc,43,5000,0.25,0.1
41.5917,0.6879,ldsc,44,5000,0.25,0.1
22.3278,0.4838,ldsc,45,5000,0.25,0.1
4.4335,0.2436,ldsc,46,5000,0.25,0.1
23.631,0.5118,ldsc,47,5000,0.25,0.1
7.4087,0.2892,ldsc,48,5000,0.25,0.1
-0.4224,0.06,ldsc,49,5000,0.25,0.1
89.8548,10.7531,ldsc,50,5000,0.25,0.1
46.186,0.7304,ldsc,51,5000,0.25,0.1
29.448,0.6438,ldsc,52,5000,0.25,0.1
39.998,0.6991,ldsc,53,5000,0.25,0.1
40.2533,0.7338,ldsc,54,5000,0.25,0.1
226.26,10.1023,ldsc,55,5000,0.25,0.1
19.877,0.5068,ldsc,56,5000,0.25,0.1
112.1793,14.0019,ldsc,57,5000,0.25,0.1
61.2235,14.5614,ldsc,58,5000,0.25,0.1
-0.3866,0.0644,ldsc,59,5000,0.25,0.1
5.1571,0.2468,ldsc,60,5000,0.25,0.1
4.6091,0.2493,ldsc,61,5000,0.25,0.1
4.2359,0.2295,ldsc,62,5000,0.25,0.1
1.3116,0.1611,ldsc,63,5000,0.25,0.1
68.4584,1.0582,ldsc,64,5000,0.25,0.1
1.4914,0.1597,ldsc,65,5000,0.25,0.1
-0.1147,0.1061,ldsc,66,5000,0.25,0.1
9.7727,0.3447,ldsc,67,5000,0.25,0.1
2.2851,0.1594,ldsc,68,5000,0.25,0.1
25.722,0.5573,ldsc,69,5000,0.25,0.1
27.8814,0.5396,ldsc,70,5000,0.25,0.1
20.2555,0.5417,ldsc,71,5000,0.25,0.1
1.3567,0.1632,ldsc,72,5000,0.25,0.1
6.3575,0.2089,ldsc,73,5000,0.25,0.1
1.3931,0.144,ldsc,74,5000,0.25,0.1
50.3534,0.764,ldsc,75,5000,0.25,0.1
31.7895,0.6505,ldsc,76,5000,0.25,0.1
23.1998,0.5165,ldsc,77,5000,0.25,0.1
12.3828,0.3958,ldsc,78,5000,0.25,0.1
0.2747,0.1044,ldsc,79,5000,0.25,0.1
17.7461,0.4734,ldsc,80,5000,0.25,0.1
-0.3127,0.0716,ldsc,81,5000,0.25,0.1
4.9203,0.2121,ldsc,82,5000,0.25,0.1
-0.3268,0.0798,ldsc,83,5000,0.25,0.1
0.0056,0.0798,ldsc,84,5000,0.25,0.1
18.5993,0.4495,ldsc,85,5000,0.25,0.1
0.895,0.1308,ldsc,86,5000,0.25,0.1
11.5984,0.3632,ldsc,87,5000,0.25,0.1
5.1773,0.2865,ldsc,88,5000,0.25,0.1
5.5456,0.2372,ldsc,89,5000,0.25,0.1
1.8848,0.1961,ldsc,90,5000,0.25,0.1
47.1253,0.7665,ldsc,91,5000,0.25,0.1
12.3213,0.3483,ldsc,92,5000,0.25,0.1
8.6417,0.3505,ldsc,93,5000,0.25,0.1
57.4471,0.6865,ldsc,94,5000,0.25,0.1
4.3423,0.2327,ldsc,95,5000,0.25,0.1
2.6993,0.1818,ldsc,96,5000,0.25,0.1
16.3577,0.427,ldsc,97,5000,0.25,0.1
1.0439,0.1419,ldsc,98,5000,0.25,0.1
35.8265,0.6532,ldsc,99,5000,0.25,0.1
2.4267,0.1364,ldsc,0,10000,0.25,0.1
18.8587,0.3948,ldsc,1,10000,0.25,0.1
23.0542,0.398,ldsc,2,10000,0.25,0.1
15.5686,0.3467,ldsc,3,10000,0.25,0.1
37.2913,0.5932,ldsc,4,10000,0.25,0.1
16.8944,0.395,ldsc,5,10000,0.25,0.1
-0.1475,0.0553,ldsc,6,10000,0.25,0.1
20.8773,0.4619,ldsc,7,10000,0.25,0.1
0.0017,0.0544,ldsc,8,10000,0.25,0.1
10.7488,0.2784,ldsc,9,10000,0.25,0.1
3.4803,0.1905,ldsc,10,10000,0.25,0.1
1.3375,0.1203,ldsc,11,10000,0.25,0.1
33.821,0.5458,ldsc,12,10000,0.25,0.1
10.1944,0.2457,ldsc,13,10000,0.25,0.1
9.8779,0.2648,ldsc,14,10000,0.25,0.1
18.2397,0.4209,ldsc,15,10000,0.25,0.1
48.484,0.7509,ldsc,16,10000,0.25,0.1
53.7342,0.7781,ldsc,17,10000,0.25,0.1
20.258,0.4083,ldsc,18,10000,0.25,0.1
2.6204,0.1312,ldsc,19,10000,0.25,0.1
1.9028,0.144,ldsc,20,10000,0.25,0.1
0.6675,0.0909,ldsc,21,10000,0.25,0.1
23.9752,0.3979,ldsc,22,10000,0.25,0.1
6.5152,0.2135,ldsc,23,10000,0.25,0.1
7.6465,0.2041,ldsc,24,10000,0.25,0.1
20.1562,0.4579,ldsc,25,10000,0.25,0.1
7.2895,0.242,ldsc,26,10000,0.25,0.1
34.4164,0.6361,ldsc,27,10000,0.25,0.1
4.3613,0.2155,ldsc,28,10000,0.25,0.1
26.8049,0.4585,ldsc,29,10000,0.25,0.1
72.4213,12.6373,ldsc,30,10000,0.25,0.1
44.2369,0.6898,ldsc,31,10000,0.25,0.1
13.2865,0.3033,ldsc,32,10000,0.25,0.1
14.8076,0.3301,ldsc,33,10000,0.25,0.1
20.5538,0.4369,ldsc,34,10000,0.25,0.1
20.0463,0.4176,ldsc,35,10000,0.25,0.1
0.6463,0.0923,ldsc,36,10000,0.25,0.1
26.0179,0.4764,ldsc,37,10000,0.25,0.1
1.4827,0.1151,ldsc,38,10000,0.25,0.1
4.9406,0.1833,ldsc,39,10000,0.25,0.1
55.2641,0.8622,ldsc,40,10000,0.25,0.1
-0.1569,0.0548,ldsc,41,10000,0.25,0.1
43.0273,0.6023,ldsc,42,10000,0.25,0.1
-0.2247,0.0437,ldsc,43,10000,0.25,0.1
27.2729,0.4747,ldsc,44,10000,0.25,0.1
14.5338,0.3327,ldsc,45,10000,0.25,0.1
2.865,0.158,ldsc,46,10000,0.25,0.1
15.3626,0.3466,ldsc,47,10000,0.25,0.1
4.8106,0.1892,ldsc,48,10000,0.25,0.1
-0.2789,0.0381,ldsc,49,10000,0.25,0.1
55.845,0.7375,ldsc,50,10000,0.25,0.1
30.418,0.5269,ldsc,51,10000,0.25,0.1
19.165,0.4222,ldsc,52,10000,0.25,0.1
26.2112,0.4927,ldsc,53,10000,0.25,0.1
26.3928,0.5145,ldsc,54,10000,0.25,0.1
85.7647,14.4447,ldsc,55,10000,0.25,0.1
12.9095,0.3362,ldsc,56,10000,0.25,0.1
62.4781,0.8321,ldsc,57,10000,0.25,0.1
45.0827,0.6137,ldsc,58,10000,0.25,0.1
-0.2586,0.0408,ldsc,59,10000,0.25,0.1
3.3509,0.1585,ldsc,60,10000,0.25,0.1
2.9773,0.1607,ldsc,61,10000,0.25,0.1
2.749,0.1479,ldsc,62,10000,0.25,0.1
0.8378,0.1042,ldsc,63,10000,0.25,0.1
47.4811,0.7767,ldsc,64,10000,0.25,0.1
0.9744,0.103,ldsc,65,10000,0.25,0.1
-0.0755,0.0676,ldsc,66,10000,0.25,0.1
6.343,0.2224,ldsc,67,10000,0.25,0.1
1.4695,0.1032,ldsc,68,10000,0.25,0.1
16.7527,0.3756,ldsc,69,10000,0.25,0.1
18.1348,0.3668,ldsc,70,10000,0.25,0.1
13.1722,0.3588,ldsc,71,10000,0.25,0.1
0.8828,0.1048,ldsc,72,10000,0.25,0.1
4.1227,0.1336,ldsc,73,10000,0.25,0.1
0.9025,0.0934,ldsc,74,10000,0.25,0.1
33.351,0.5562,ldsc,75,10000,0.25,0.1
20.7251,0.4434,ldsc,76,10000,0.25,0.1
15.0847,0.3418,ldsc,77,10000,0.25,0.1
8.0185,0.258,ldsc,78,10000,0.25,0.1
0.1807,0.0673,ldsc,79,10000,0.25,0.1
11.5258,0.3026,ldsc,80,10000,0.25,0.1
-0.2066,0.0449,ldsc,81,10000,0.25,0.1
3.2018,0.137,ldsc,82,10000,0.25,0.1
-0.2164,0.0498,ldsc,83,10000,0.25,0.1
-0.0064,0.0515,ldsc,84,10000,0.25,0.1
12.0795,0.2966,ldsc,85,10000,0.25,0.1
0.5759,0.0843,ldsc,86,10000,0.25,0.1
7.5119,0.2344,ldsc,87,10000,0.25,0.1
3.3532,0.1851,ldsc,88,10000,0.25,0.1
3.5916,0.1542,ldsc,89,10000,0.25,0.1
1.2169,0.1264,ldsc,90,10000,0.25,0.1
31.0698,0.5462,ldsc,91,10000,0.25,0.1
8.0088,0.2332,ldsc,92,10000,0.25,0.1
5.5935,0.2263,ldsc,93,10000,0.25,0.1
38.3825,0.5315,ldsc,94,10000,0.25,0.1
2.8141,0.1505,ldsc,95,10000,0.25,0.1
1.7547,0.1196,ldsc,96,10000,0.25,0.1
10.6264,0.2799,ldsc,97,10000,0.25,0.1
0.6758,0.0909,ldsc,98,10000,0.25,0.1
23.4023,0.4506,ldsc,99,10000,0.25,0.1
1.5576,0.0866,ldsc,0,20000,0.25,0.1
12.1844,0.2955,ldsc,1,20000,0.25,0.1
14.9271,0.3052,ldsc,2,20000,0.25,0.1
10.0353,0.2521,ldsc,3,20000,0.25,0.1
24.4235,0.5043,ldsc,4,20000,0.25,0.1
10.9128,0.2848,ldsc,5,20000,0.25,0.1
-0.094,0.0348,ldsc,6,20000,0.25,0.1
13.5186,0.3552,ldsc,7,20000,0.25,0.1
0.0039,0.035,ldsc,8,20000,0.25,0.1
6.9328,0.1991,ldsc,9,20000,0.25,0.1
2.243,0.127,ldsc,10,20000,0.25,0.1
0.8569,0.0781,ldsc,11,20000,0.25,0.1
22.0546,0.4429,ldsc,12,20000,0.25,0.1
6.5658,0.1704,ldsc,13,20000,0.25,0.1
6.3535,0.1804,ldsc,14,20000,0.25,0.1
11.792,0.3109,ldsc,15,20000,0.25,0.1
32.1789,0.6373,ldsc,16,20000,0.25,0.1
36.08,0.6737,ldsc,17,20000,0.25,0.1
13.0917,0.308,ldsc,18,20000,0.25,0.1
1.698,0.087,ldsc,19,20000,0.25,0.1
1.2189,0.0931,ldsc,20,20000,0.25,0.1
0.4271,0.0578,ldsc,21,20000,0.25,0.1
15.5346,0.315,ldsc,22,20000,0.25,0.1
4.1912,0.1444,ldsc,23,20000,0.25,0.1
4.9336,0.1423,ldsc,24,20000,0.25,0.1
13.0546,0.3368,ldsc,25,20000,0.25,0.1
4.7022,0.1656,ldsc,26,20000,0.25,0.1
22.4576,0.5027,ldsc,27,20000,0.25,0.1
2.8073,0.1369,ldsc,28,20000,0.25,0.1
17.397,0.3699,ldsc,29,20000,0.25,0.1
53.4593,0.9911,ldsc,30,20000,0.25,0.1
29.1607,0.5689,ldsc,31,20000,0.25,0.1
8.5536,0.2146,ldsc,32,20000,0.25,0.1
9.5596,0.2357,ldsc,33,20000,0.25,0.1
13.3085,0.3275,ldsc,34,20000,0.25,0.1
12.966,0.3098,ldsc,35,20000,0.25,0.1
0.4161,0.0597,ldsc,36,20000,0.25,0.1
16.8547,0.375,ldsc,37,20000,0.25,0.1
0.9659,0.0759,ldsc,38,20000,0.25,0.1
3.1811,0.1227,ldsc,39,20000,0.25,0.1
37.1966,0.7348,ldsc,40,20000,0.25,0.1
-0.0954,0.035,ldsc,41,20000,0.25,0.1
28.3161,0.515,ldsc,42,20000,0.25,0.1
-0.149,0.0273,ldsc,43,20000,0.25,0.1
17.7,0.3812,ldsc,44,20000,0.25,0.1
9.3958,0.2452,ldsc,45,20000,0.25,0.1
1.8404,0.105,ldsc,46,20000,0.25,0.1
9.9268,0.2544,ldsc,47,20000,0.25,0.1
3.1009,0.1261,ldsc,48,20000,0.25,0.1
-0.1827,0.0245,ldsc,49,20000,0.25,0.1
37.7128,0.6813,ldsc,50,20000,0.25,0.1
19.7835,0.429,ldsc,51,20000,0.25,0.1
12.3712,0.3085,ldsc,52,20000,0.25,0.1
17.0072,0.386,ldsc,53,20000,0.25,0.1
17.1183,0.3897,ldsc,54,20000,0.25,0.1
67.4684,1.3547,ldsc,55,20000,0.25,0.1
8.3162,0.2296,ldsc,56,20000,0.25,0.1
43.4717,0.7643,ldsc,57,20000,0.25,0.1
29.796,0.5424,ldsc,58,20000,0.25,0.1
-0.1672,0.0262,ldsc,59,20000,0.25,0.1
2.1588,0.1075,ldsc,60,20000,0.25,0.1
1.9123,0.105,ldsc,61,20000,0.25,0.1
1.7719,0.097,ldsc,62,20000,0.25,0.1
0.5291,0.0666,ldsc,63,20000,0.25,0.1
31.4735,0.6418,ldsc,64,20000,0.25,0.1
0.6292,0.0672,ldsc,65,20000,0.25,0.1
-0.0498,0.0429,ldsc,66,20000,0.25,0.1
4.0788,0.1476,ldsc,67,20000,0.25,0.1
0.9396,0.0673,ldsc,68,20000,0.25,0.1
10.8282,0.2806,ldsc,69,20000,0.25,0.1
11.6843,0.2557,ldsc,70,20000,0.25,0.1
8.5079,0.2551,ldsc,71,20000,0.25,0.1
0.5655,0.0676,ldsc,72,20000,0.25,0.1
2.6559,0.0893,ldsc,73,20000,0.25,0.1
0.5774,0.0609,ldsc,74,20000,0.25,0.1
21.7464,0.444,ldsc,75,20000,0.25,0.1
13.404,0.3353,ldsc,76,20000,0.25,0.1
9.7324,0.2391,ldsc,77,20000,0.25,0.1
5.1516,0.1697,ldsc,78,20000,0.25,0.1
0.1135,0.0427,ldsc,79,20000,0.25,0.1
7.4163,0.2009,ldsc,80,20000,0.25,0.1
-0.1326,0.0288,ldsc,81,20000,0.25,0.1
2.067,0.091,ldsc,82,20000,0.25,0.1
-0.141,0.0312,ldsc,83,20000,0.25,0.1
-0.0058,0.033,ldsc,84,20000,0.25,0.1
7.781,0.1998,ldsc,85,20000,0.25,0.1
0.3687,0.0544,ldsc,86,20000,0.25,0.1
4.8398,0.164,ldsc,87,20000,0.25,0.1
2.158,0.1196,ldsc,88,20000,0.25,0.1
2.308,0.1033,ldsc,89,20000,0.25,0.1
0.7806,0.081,ldsc,90,20000,0.25,0.1
20.1934,0.4177,ldsc,91,20000,0.25,0.1
5.1703,0.1604,ldsc,92,20000,0.25,0.1
3.594,0.1513,ldsc,93,20000,0.25,0.1
25.1478,0.4588,ldsc,94,20000,0.25,0.1
1.8125,0.1004,ldsc,95,20000,0.25,0.1
1.1314,0.0791,ldsc,96,20000,0.25,0.1
6.8595,0.1945,ldsc,97,20000,0.25,0.1
0.4307,0.058,ldsc,98,20000,0.25,0.1
15.1335,0.3336,ldsc,99,20000,0.25,0.1
1.1624,0.0647,ldsc,0,30000,0.25,0.1
9.1719,0.2938,ldsc,1,30000,0.25,0.1
11.2085,0.3134,ldsc,2,30000,0.25,0.1
7.5361,0.2485,ldsc,3,30000,0.25,0.1
18.4645,0.5268,ldsc,4,30000,0.25,0.1
8.1875,0.2665,ldsc,5,30000,0.25,0.1
-0.0742,0.0246,ldsc,6,30000,0.25,0.1
10.1937,0.3525,ldsc,7,30000,0.25,0.1
0.0028,0.0256,ldsc,8,30000,0.25,0.1
5.2372,0.1987,ldsc,9,30000,0.25,0.1
1.6839,0.1038,ldsc,10,30000,0.25,0.1
0.6491,0.0616,ldsc,11,30000,0.25,0.1
16.6549,0.4686,ldsc,12,30000,0.25,0.1
4.9354,0.1691,ldsc,13,30000,0.25,0.1
4.7771,0.1762,ldsc,14,30000,0.25,0.1
8.8812,0.311,ldsc,15,30000,0.25,0.1
24.4416,0.6784,ldsc,16,30000,0.25,0.1
27.4653,0.7082,ldsc,17,30000,0.25,0.1
9.8381,0.3054,ldsc,18,30000,0.25,0.1
1.273,0.0682,ldsc,19,30000,0.25,0.1
0.9018,0.0704,ldsc,20,30000,0.25,0.1
0.3099,0.0436,ldsc,21,30000,0.25,0.1
11.6953,0.3359,ldsc,22,30000,0.25,0.1
3.1225,0.1228,ldsc,23,30000,0.25,0.1
3.7095,0.1354,ldsc,24,30000,0.25,0.1
9.8068,0.3196,ldsc,25,30000,0.25,0.1
3.5435,0.1488,ldsc,26,30000,0.25,0.1
16.9731,0.5084,ldsc,27,30000,0.25,0.1
2.1053,0.1058,ldsc,28,30000,0.25,0.1
13.1274,0.3924,ldsc,29,30000,0.25,0.1
41.4758,1.0692,ldsc,30,30000,0.25,0.1
22.0994,0.6029,ldsc,31,30000,0.25,0.1
6.4497,0.22,ldsc,32,30000,0.25,0.1
7.1655,0.2242,ldsc,33,30000,0.25,0.1
9.9948,0.3107,ldsc,34,30000,0.25,0.1
9.744,0.3064,ldsc,35,30000,0.25,0.1
0.3042,0.0429,ldsc,36,30000,0.25,0.1
12.6948,0.3984,ldsc,37,30000,0.25,0.1
0.7162,0.057,ldsc,38,30000,0.25,0.1
2.3911,0.1065,ldsc,39,30000,0.25,0.1
28.4271,0.7922,ldsc,40,30000,0.25,0.1
-0.0692,0.0251,ldsc,41,30000,0.25,0.1
21.4644,0.5788,ldsc,42,30000,0.25,0.1
-0.1057,0.0202,ldsc,43,30000,0.25,0.1
13.3871,0.4157,ldsc,44,30000,0.25,0.1
7.0693,0.2383,ldsc,45,30000,0.25,0.1
1.3859,0.089,ldsc,46,30000,0.25,0.1
7.4782,0.2502,ldsc,47,30000,0.25,0.1
2.3309,0.1108,ldsc,48,30000,0.25,0.1
-0.1372,0.0179,ldsc,49,30000,0.25,0.1
28.8142,0.7687,ldsc,50,30000,0.25,0.1
14.9187,0.4464,ldsc,51,30000,0.25,0.1
9.3145,0.3127,ldsc,52,30000,0.25,0.1
12.855,0.4098,ldsc,53,30000,0.25,0.1
12.893,0.3923,ldsc,54,30000,0.25,0.1
53.7226,1.368,ldsc,55,30000,0.25,0.1
6.2483,0.2201,ldsc,56,30000,0.25,0.1
33.3126,0.8306,ldsc,57,30000,0.25,0.1
22.6394,0.6241,ldsc,58,30000,0.25,0.1
-0.1221,0.0191,ldsc,59,30000,0.25,0.1
1.628,0.0909,ldsc,60,30000,0.25,0.1
1.4269,0.0843,ldsc,61,30000,0.25,0.1
1.3358,0.0814,ldsc,62,30000,0.25,0.1
0.3835,0.0514,ldsc,63,30000,0.25,0.1
23.9102,0.6701,ldsc,64,30000,0.25,0.1
0.4702,0.0512,ldsc,65,30000,0.25,0.1
-0.0324,0.0314,ldsc,66,30000,0.25,0.1
3.0525,0.1288,ldsc,67,30000,0.25,0.1
0.6998,0.0548,ldsc,68,30000,0.25,0.1
8.1367,0.2659,ldsc,69,30000,0.25,0.1
8.7496,0.2555,ldsc,70,30000,0.25,0.1
6.4125,0.2392,ldsc,71,30000,0.25,0.1
0.4135,0.0503,ldsc,72,30000,0.25,0.1
1.9978,0.0804,ldsc,73,30000,0.25,0.1
0.4221,0.0475,ldsc,74,30000,0.25,0.1
16.4222,0.4686,ldsc,75,30000,0.25,0.1
10.1135,0.3445,ldsc,76,30000,0.25,0.1
7.2853,0.2286,ldsc,77,30000,0.25,0.1
3.835,0.1401,ldsc,78,30000,0.25,0.1
0.079,0.0314,ldsc,79,30000,0.25,0.1
5.5618,0.183,ldsc,80,30000,0.25,0.1
-0.0949,0.0208,ldsc,81,30000,0.25,0.1
1.559,0.0776,ldsc,82,30000,0.25,0.1
-0.1055,0.0225,ldsc,83,30000,0.25,0.1
-0.0086,0.0236,ldsc,84,30000,0.25,0.1
5.8404,0.1913,ldsc,85,30000,0.25,0.1
0.2734,0.0409,ldsc,86,30000,0.25,0.1
3.6461,0.1492,ldsc,87,30000,0.25,0.1
1.6232,0.0982,ldsc,88,30000,0.25,0.1
1.7332,0.0873,ldsc,89,30000,0.25,0.1
0.5685,0.0582,ldsc,90,30000,0.25,0.1
15.1742,0.4117,ldsc,91,30000,0.25,0.1
3.8684,0.1381,ldsc,92,30000,0.25,0.1
2.6969,0.1293,ldsc,93,30000,0.25,0.1
19.0281,0.5074,ldsc,94,30000,0.25,0.1
1.3677,0.0812,ldsc,95,30000,0.25,0.1
0.8402,0.0605,ldsc,96,30000,0.25,0.1
5.1459,0.1796,ldsc,97,30000,0.25,0.1
0.3175,0.0432,ldsc,98,30000,0.25,0.1
11.3723,0.3446,ldsc,99,30000,0.25,0.1
0.6596,0.0543,ldsc,0,50000,0.25,0.1
5.4317,0.3272,ldsc,1,50000,0.25,0.1
6.6048,0.3841,ldsc,2,50000,0.25,0.1
4.3741,0.2539,ldsc,3,50000,0.25,0.1
10.7924,0.6014,ldsc,4,50000,0.25,0.1
4.7356,0.281,ldsc,5,50000,0.25,0.1
-0.0304,0.0095,ldsc,6,50000,0.25,0.1
5.8943,0.3535,ldsc,7,50000,0.25,0.1
0.0038,0.0105,ldsc,8,50000,0.25,0.1
3.0802,0.1941,ldsc,9,50000,0.25,0.1
0.9495,0.0802,ldsc,10,50000,0.25,0.1
0.3435,0.0405,ldsc,11,50000,0.25,0.1
9.7511,0.545,ldsc,12,50000,0.25,0.1
2.9514,0.1846,ldsc,13,50000,0.25,0.1
2.7775,0.1775,ldsc,14,50000,0.25,0.1
5.1121,0.3098,ldsc,15,50000,0.25,0.1
14.3632,0.8029,ldsc,16,50000,0.25,0.1
16.1516,0.8702,ldsc,17,50000,0.25,0.1
5.764,0.3416,ldsc,18,50000,0.25,0.1
0.7042,0.0514,ldsc,19,50000,0.25,0.1
0.4896,0.05,ldsc,20,50000,0.25,0.1
0.1405,0.0226,ldsc,21,50000,0.25,0.1
6.8647,0.3996,ldsc,22,50000,0.25,0.1
1.8171,0.1271,ldsc,23,50000,0.25,0.1
2.1907,0.1372,ldsc,24,50000,0.25,0.1
5.7235,0.3409,ldsc,25,50000,0.25,0.1
2.0623,0.1308,ldsc,26,50000,0.25,0.1
9.9353,0.5747,ldsc,27,50000,0.25,0.1
1.2347,0.0865,ldsc,28,50000,0.25,0.1
7.7166,0.4459,ldsc,29,50000,0.25,0.1
24.6293,1.3293,ldsc,30,50000,0.25,0.1
13.045,0.7335,ldsc,31,50000,0.25,0.1
3.7345,0.2183,ldsc,32,50000,0.25,0.1
4.176,0.2514,ldsc,33,50000,0.25,0.1
5.8548,0.3458,ldsc,34,50000,0.25,0.1
5.7762,0.3483,ldsc,35,50000,0.25,0.1
0.1325,0.0239,ldsc,36,50000,0.25,0.1
7.4809,0.4548,ldsc,37,50000,0.25,0.1
0.3703,0.0392,ldsc,38,50000,0.25,0.1
1.3961,0.1005,ldsc,39,50000,0.25,0.1
16.9595,0.9671,ldsc,40,50000,0.25,0.1
-0.0252,0.0099,ldsc,41,50000,0.25,0.1
12.7026,0.7108,ldsc,42,50000,0.25,0.1
-0.0392,0.0091,ldsc,43,50000,0.25,0.1
7.9058,0.4716,ldsc,44,50000,0.25,0.1
4.0377,0.2343,ldsc,45,50000,0.25,0.1
0.8078,0.0693,ldsc,46,50000,0.25,0.1
4.381,0.2647,ldsc,47,50000,0.25,0.1
1.3575,0.0914,ldsc,48,50000,0.25,0.1
-0.0494,0.0091,ldsc,49,50000,0.25,0.1
17.1873,0.949,ldsc,50,50000,0.25,0.1
8.6842,0.4925,ldsc,51,50000,0.25,0.1
5.3942,0.3174,ldsc,52,50000,0.25,0.1
7.4703,0.4283,ldsc,53,50000,0.25,0.1
7.4362,0.4205,ldsc,54,50000,0.25,0.1
32.2609,1.7424,ldsc,55,50000,0.25,0.1
3.6519,0.2219,ldsc,56,50000,0.25,0.1
19.9123,1.082,ldsc,57,50000,0.25,0.1
13.3267,0.739,ldsc,58,50000,0.25,0.1
-0.0441,0.0092,ldsc,59,50000,0.25,0.1
0.9478,0.0744,ldsc,60,50000,0.25,0.1
0.8295,0.0724,ldsc,61,50000,0.25,0.1
0.7776,0.0638,ldsc,62,50000,0.25,0.1
0.1691,0.0295,ldsc,63,50000,0.25,0.1
14.1788,0.7975,ldsc,64,50000,0.25,0.1
0.2252,0.029,ldsc,65,50000,0.25,0.1
-0.0085,0.012,ldsc,66,50000,0.25,0.1
1.7502,0.1172,ldsc,67,50000,0.25,0.1
0.3598,0.0388,ldsc,68,50000,0.25,0.1
4.7223,0.2854,ldsc,69,50000,0.25,0.1
5.0595,0.291,ldsc,70,50000,0.25,0.1
3.8052,0.244,ldsc,71,50000,0.25,0.1
0.1986,0.0271,ldsc,72,50000,0.25,0.1
1.1943,0.0787,ldsc,73,50000,0.25,0.1
0.1993,0.0293,ldsc,74,50000,0.25,0.1
9.7193,0.5596,ldsc,75,50000,0.25,0.1
5.9324,0.3596,ldsc,76,50000,0.25,0.1
4.2604,0.2574,ldsc,77,50000,0.25,0.1
2.203,0.1467,ldsc,78,50000,0.25,0.1
0.0278,0.0141,ldsc,79,50000,0.25,0.1
3.2057,0.1877,ldsc,80,50000,0.25,0.1
-0.033,0.0091,ldsc,81,50000,0.25,0.1
0.9004,0.0661,ldsc,82,50000,0.25,0.1
-0.0423,0.0095,ldsc,83,50000,0.25,0.1
-0.0057,0.0093,ldsc,84,50000,0.25,0.1
3.4532,0.2075,ldsc,85,50000,0.25,0.1
0.1266,0.0213,ldsc,86,50000,0.25,0.1
2.1617,0.149,ldsc,87,50000,0.25,0.1
0.9288,0.0742,ldsc,88,50000,0.25,0.1
1.0353,0.0761,ldsc,89,50000,0.25,0.1
0.2796,0.0382,ldsc,90,50000,0.25,0.1
8.8453,0.5007,ldsc,91,50000,0.25,0.1
2.2637,0.1415,ldsc,92,50000,0.25,0.1
1.6053,0.1122,ldsc,93,50000,0.25,0.1
11.23,0.6291,ldsc,94,50000,0.25,0.1
0.7765,0.0622,ldsc,95,50000,0.25,0.1
0.4414,0.0456,ldsc,96,50000,0.25,0.1
2.9807,0.1848,ldsc,97,50000,0.25,0.1
0.1403,0.0241,ldsc,98,50000,0.25,0.1
6.6609,0.3906,ldsc,99,50000,0.25,0.1
159.196,2.914,ldsc,0,1000,0.25,0.01
3.9677,0.3051,ldsc,1,1000,0.25,0.01
28.2119,0.8335,ldsc,2,1000,0.25,0.01
124.284,2.5096,ldsc,3,1000,0.25,0.01
27.5816,0.9176,ldsc,4,1000,0.25,0.01
24.7578,0.7441,ldsc,5,1000,0.25,0.01
8.3679,0.4468,ldsc,6,1000,0.25,0.01
16.8286,0.6643,ldsc,7,1000,0.25,0.01
59.0735,1.4919,ldsc,8,1000,0.25,0.01
87.5642,2.0164,ldsc,9,1000,0.25,0.01
113.9176,2.1279,ldsc,10,1000,0.25,0.01
65.6845,1.5015,ldsc,11,1000,0.25,0.01
7.388,0.4699,ldsc,12,1000,0.25,0.01
0.1508,0.2206,ldsc,13,1000,0.25,0.01
35.8065,1.0023,ldsc,14,1000,0.25,0.01
72.5436,1.7729,ldsc,15,1000,0.25,0.01
36.8487,1.1234,ldsc,16,1000,0.25,0.01
0.9011,0.2244,ldsc,17,1000,0.25,0.01
10.0387,0.6353,ldsc,18,1000,0.25,0.01
4.0553,0.3918,ldsc,19,1000,0.25,0.01
-0.3832,0.1854,ldsc,20,1000,0.25,0.01
-0.4811,0.1841,ldsc,21,1000,0.25,0.01
0.1277,0.1962,ldsc,22,1000,0.25,0.01
0.1435,0.192,ldsc,23,1000,0.25,0.01
11.8033,0.6615,ldsc,24,1000,0.25,0.01
51.933,1.2829,ldsc,25,1000,0.25,0.01
110.1696,2.185,ldsc,26,1000,0.25,0.01
4.1522,0.3438,ldsc,27,1000,0.25,0.01
99.4558,2.1419,ldsc,28,1000,0.25,0.01
-0.7446,0.1707,ldsc,29,1000,0.25,0.01
2.8995,0.3069,ldsc,30,1000,0.25,0.01
-0.757,0.1753,ldsc,31,1000,0.25,0.01
-0.1191,0.1985,ldsc,32,1000,0.25,0.01
45.6755,1.4645,ldsc,33,1000,0.25,0.01
-0.6342,0.192,ldsc,34,1000,0.25,0.01
0.3556,0.2145,ldsc,35,1000,0.25,0.01
135.3385,2.5755,ldsc,36,1000,0.25,0.01
1.5325,0.2923,ldsc,37,1000,0.25,0.01
32.9718,1.1975,ldsc,38,1000,0.25,0.01
66.4304,1.5707,ldsc,39,1000,0.25,0.01
132.0306,2.6296,ldsc,40,1000,0.25,0.01
14.4632,0.6417,ldsc,41,1000,0.25,0.01
0.0732,0.2124,ldsc,42,1000,0.25,0.01
178.3042,3.4293,ldsc,43,1000,0.25,0.01
-0.9102,0.1579,ldsc,44,1000,0.25,0.01
32.7964,0.9375,ldsc,45,1000,0.25,0.01
4.3964,0.3705,ldsc,46,1000,0.25,0.01
2.2927,0.2711,ldsc,47,1000,0.25,0.01
42.0491,1.2523,ldsc,48,1000,0.25,0.01
146.2071,2.8338,ldsc,49,1000,0.25,0.01
5.3786,0.3628,ldsc,50,1000,0.25,0.01
81.5769,1.7483,ldsc,51,1000,0.25,0.01
198.092,3.8751,ldsc,52,1000,0.25,0.01
23.669,0.811,ldsc,53,1000,0.25,0.01
47.1392,1.2102,ldsc,54,1000,0.25,0.01
100.574,2.1886,ldsc,55,1000,0.25,0.01
28.3918,1.0736,ldsc,56,1000,0.25,0.01
113.8019,2.0433,ldsc,57,1000,0.25,0.01
67.9351,1.507,ldsc,58,1000,0.25,0.01
8.6132,0.5044,ldsc,59,1000,0.25,0.01
13.7104,0.6656,ldsc,60,1000,0.25,0.01
23.911,0.8407,ldsc,61,1000,0.25,0.01
1.8665,0.2939,ldsc,62,1000,0.25,0.01
319.7104,6.3901,ldsc,63,1000,0.25,0.01
-0.4505,0.1762,ldsc,64,1000,0.25,0.01
25.087,0.8199,ldsc,65,1000,0.25,0.01
8.1109,0.4801,ldsc,66,1000,0.25,0.01
-0.1848,0.1963,ldsc,67,1000,0.25,0.01
32.6762,0.8616,ldsc,68,1000,0.25,0.01
-0.6527,0.1571,ldsc,69,1000,0.25,0.01
14.7394,0.7074,ldsc,70,1000,0.25,0.01
16.5139,0.5974,ldsc,71,1000,0.25,0.01
46.5377,1.3249,ldsc,72,1000,0.25,0.01
1.921,0.3041,ldsc,73,1000,0.25,0.01
-0.5547,0.1498,ldsc,74,1000,0.25,0.01
2.7061,0.25,ldsc,75,1000,0.25,0.01
166.1422,3.0445,ldsc,76,1000,0.25,0.01
57.2791,1.6259,ldsc,77,1000,0.25,0.01
182.0412,3.5118,ldsc,78,1000,0.25,0.01
110.6491,2.0456,ldsc,79,1000,0.25,0.01
2.1414,0.2655,ldsc,80,1000,0.25,0.01
156.1134,2.6052,ldsc,81,1000,0.25,0.01
0.7582,0.24,ldsc,82,1000,0.25,0.01
36.5952,0.946,ldsc,83,1000,0.25,0.01
2.9343,0.3535,ldsc,84,1000,0.25,0.01
54.7402,1.5155,ldsc,85,1000,0.25,0.01
18.8903,0.6822,ldsc,86,1000,0.25,0.01
7.1369,0.4373,ldsc,87,1000,0.25,0.01
20.6796,0.8555,ldsc,88,1000,0.25,0.01
135.9133,2.3675,ldsc,89,1000,0.25,0.01
46.7142,1.2529,ldsc,90,1000,0.25,0.01
11.1915,0.6443,ldsc,91,1000,0.25,0.01
225.3488,4.4992,ldsc,92,1000,0.25,0.01
48.4281,1.3909,ldsc,93,1000,0.25,0.01
73.6831,1.6283,ldsc,94,1000,0.25,0.01
0.597,0.1949,ldsc,95,1000,0.25,0.01
0.631,0.228,ldsc,96,1000,0.25,0.01
113.1903,2.0104,ldsc,97,1000,0.25,0.01
2.8107,0.3268,ldsc,98,1000,0.25,0.01
113.6586,2.4153,ldsc,99,1000,0.25,0.01
89.3358,15.8072,ldsc,0,2000,0.25,0.01
3.3346,0.2434,ldsc,1,2000,0.25,0.01
23.9818,0.6401,ldsc,2,2000,0.25,0.01
131.242,28.966,ldsc,3,2000,0.25,0.01
23.3435,0.6923,ldsc,4,2000,0.25,0.01
20.9667,0.5675,ldsc,5,2000,0.25,0.01
7.1095,0.3505,ldsc,6,2000,0.25,0.01
14.325,0.5096,ldsc,7,2000,0.25,0.01
49.7145,1.0752,ldsc,8,2000,0.25,0.01
72.5591,1.2763,ldsc,9,2000,0.25,0.01
80.3479,12.6876,ldsc,10,2000,0.25,0.01
55.1562,1.0047,ldsc,11,2000,0.25,0.01
6.3024,0.3688,ldsc,12,2000,0.25,0.01
0.1168,0.1726,ldsc,13,2000,0.25,0.01
30.4265,0.7393,ldsc,14,2000,0.25,0.01
60.9413,1.1622,ldsc,15,2000,0.25,0.01
31.2012,0.8206,ldsc,16,2000,0.25,0.01
0.7003,0.1812,ldsc,17,2000,0.25,0.01
8.5903,0.5053,ldsc,18,2000,0.25,0.01
3.4304,0.3119,ldsc,19,2000,0.25,0.01
-0.3908,0.1455,ldsc,20,2000,0.25,0.01
-0.4157,0.1431,ldsc,21,2000,0.25,0.01
0.0667,0.1547,ldsc,22,2000,0.25,0.01
0.0636,0.1521,ldsc,23,2000,0.25,0.01
10.0409,0.5239,ldsc,24,2000,0.25,0.01
43.9074,0.9503,ldsc,25,2000,0.25,0.01
199.1437,37.6732,ldsc,26,2000,0.25,0.01
3.5156,0.2908,ldsc,27,2000,0.25,0.01
81.5457,1.2425,ldsc,28,2000,0.25,0.01
-0.6785,0.1303,ldsc,29,2000,0.25,0.01
2.4492,0.245,ldsc,30,2000,0.25,0.01
-0.6935,0.1296,ldsc,31,2000,0.25,0.01
-0.1617,0.1536,ldsc,32,2000,0.25,0.01
38.7533,1.0871,ldsc,33,2000,0.25,0.01
-0.5457,0.1482,ldsc,34,2000,0.25,0.01
0.2515,0.1709,ldsc,35,2000,0.25,0.01
124.3405,24.0176,ldsc,36,2000,0.25,0.01
1.2842,0.2362,ldsc,37,2000,0.25,0.01
27.9667,0.8957,ldsc,38,2000,0.25,0.01
55.6501,1.0364,ldsc,39,2000,0.25,0.01
120.0568,25.1047,ldsc,40,2000,0.25,0.01
12.2529,0.5081,ldsc,41,2000,0.25,0.01
-0.0227,0.1678,ldsc,42,2000,0.25,0.01
145.5546,2.332,ldsc,43,2000,0.25,0.01
-0.7991,0.117,ldsc,44,2000,0.25,0.01
27.7206,0.674,ldsc,45,2000,0.25,0.01
3.7499,0.2983,ldsc,46,2000,0.25,0.01
1.9254,0.2161,ldsc,47,2000,0.25,0.01
35.5553,0.9384,ldsc,48,2000,0.25,0.01
151.814,25.4558,ldsc,49,2000,0.25,0.01
4.5649,0.2835,ldsc,50,2000,0.25,0.01
67.78,1.1852,ldsc,51,2000,0.25,0.01
162.9772,3.9949,ldsc,52,2000,0.25,0.01
20.0294,0.6236,ldsc,53,2000,0.25,0.01
39.7903,0.8395,ldsc,54,2000,0.25,0.01
82.5232,1.2918,ldsc,55,2000,0.25,0.01
24.1107,0.8236,ldsc,56,2000,0.25,0.01
49.0815,26.2793,ldsc,57,2000,0.25,0.01
56.8287,1.0224,ldsc,58,2000,0.25,0.01
7.3243,0.401,ldsc,59,2000,0.25,0.01
11.632,0.5263,ldsc,60,2000,0.25,0.01
20.253,0.679,ldsc,61,2000,0.25,0.01
1.5557,0.2378,ldsc,62,2000,0.25,0.01
281.9196,4.4578,ldsc,63,2000,0.25,0.01
-0.4107,0.1383,ldsc,64,2000,0.25,0.01
21.3086,0.5999,ldsc,65,2000,0.25,0.01
6.8744,0.3864,ldsc,66,2000,0.25,0.01
-0.1956,0.1495,ldsc,67,2000,0.25,0.01
27.6538,0.6364,ldsc,68,2000,0.25,0.01
-0.6218,0.12,ldsc,69,2000,0.25,0.01
12.5132,0.5651,ldsc,70,2000,0.25,0.01
13.9532,0.4673,ldsc,71,2000,0.25,0.01
39.3123,0.9819,ldsc,72,2000,0.25,0.01
1.6401,0.2444,ldsc,73,2000,0.25,0.01
-0.5269,0.1178,ldsc,74,2000,0.25,0.01
2.2343,0.2059,ldsc,75,2000,0.25,0.01
137.6302,13.9675,ldsc,76,2000,0.25,0.01
48.1618,1.1261,ldsc,77,2000,0.25,0.01
128.3393,26.6291,ldsc,78,2000,0.25,0.01
81.3243,18.9647,ldsc,79,2000,0.25,0.01
1.7637,0.2132,ldsc,80,2000,0.25,0.01
146.1879,14.9255,ldsc,81,2000,0.25,0.01
0.595,0.1934,ldsc,82,2000,0.25,0.01
30.9627,0.7223,ldsc,83,2000,0.25,0.01
2.4381,0.2817,ldsc,84,2000,0.25,0.01
46.1549,1.0861,ldsc,85,2000,0.25,0.01
16.0222,0.5117,ldsc,86,2000,0.25,0.01
6.04,0.343,ldsc,87,2000,0.25,0.01
17.5936,0.6819,ldsc,88,2000,0.25,0.01
118.4561,13.6703,ldsc,89,2000,0.25,0.01
39.3739,0.9561,ldsc,90,2000,0.25,0.01
9.5132,0.5084,ldsc,91,2000,0.25,0.01
220.2653,26.3162,ldsc,92,2000,0.25,0.01
40.8695,0.9789,ldsc,93,2000,0.25,0.01
61.5399,1.0889,ldsc,94,2000,0.25,0.01
0.4754,0.152,ldsc,95,2000,0.25,0.01
0.4734,0.1812,ldsc,96,2000,0.25,0.01
89.5121,1.4393,ldsc,97,2000,0.25,0.01
2.3583,0.2665,ldsc,98,2000,0.25,0.01
59.7202,11.918,ldsc,99,2000,0.25,0.01
100.3957,63.501,ldsc,0,3000,0.25,0.01
2.7871,0.2004,ldsc,1,3000,0.25,0.01
20.1248,0.5235,ldsc,2,3000,0.25,0.01
93.4335,16.7238,ldsc,3,3000,0.25,0.01
19.5666,0.5623,ldsc,4,3000,0.25,0.01
17.5875,0.4635,ldsc,5,3000,0.25,0.01
5.9663,0.2861,ldsc,6,3000,0.25,0.01
12.0469,0.4153,ldsc,7,3000,0.25,0.01
41.4972,0.8718,ldsc,8,3000,0.25,0.01
60.3706,1.0032,ldsc,9,3000,0.25,0.01
75.9465,1.2937,ldsc,10,3000,0.25,0.01
45.9923,0.7875,ldsc,11,3000,0.25,0.01
5.2947,0.3004,ldsc,12,3000,0.25,0.01
0.0938,0.1405,ldsc,13,3000,0.25,0.01
25.5279,0.5961,ldsc,14,3000,0.25,0.01
50.7745,0.9085,ldsc,15,3000,0.25,0.01
26.1358,0.6497,ldsc,16,3000,0.25,0.01
0.5622,0.149,ldsc,17,3000,0.25,0.01
7.2288,0.414,ldsc,18,3000,0.25,0.01
2.874,0.2568,ldsc,19,3000,0.25,0.01
-0.3462,0.1191,ldsc,20,3000,0.25,0.01
-0.3476,0.1162,ldsc,21,3000,0.25,0.01
0.0324,0.1262,ldsc,22,3000,0.25,0.01
0.0232,0.1247,ldsc,23,3000,0.25,0.01
8.4412,0.43,ldsc,24,3000,0.25,0.01
36.742,0.7744,ldsc,25,3000,0.25,0.01
95.0193,18.7248,ldsc,26,3000,0.25,0.01
2.9576,0.2465,ldsc,27,3000,0.25,0.01
68.1819,0.9502,ldsc,28,3000,0.25,0.01
-0.5879,0.1044,ldsc,29,3000,0.25,0.01
2.0542,0.2019,ldsc,30,3000,0.25,0.01
-0.6038,0.1024,ldsc,31,3000,0.25,0.01
-0.1551,0.1242,ldsc,32,3000,0.25,0.01
32.463,0.869,ldsc,33,3000,0.25,0.01
-0.4569,0.1197,ldsc,34,3000,0.25,0.01
0.1907,0.14,ldsc,35,3000,0.25,0.01
77.1635,19.2061,ldsc,36,3000,0.25,0.01
1.0666,0.1945,ldsc,37,3000,0.25,0.01
23.4549,0.7199,ldsc,38,3000,0.25,0.01
46.3822,0.8066,ldsc,39,3000,0.25,0.01
86.2099,1.3587,ldsc,40,3000,0.25,0.01
10.2829,0.4175,ldsc,41,3000,0.25,0.01
-0.0499,0.1369,ldsc,42,3000,0.25,0.01
180.7154,46.8431,ldsc,43,3000,0.25,0.01
-0.6808,0.0924,ldsc,44,3000,0.25,0.01
23.2162,0.5349,ldsc,45,3000,0.25,0.01
3.1638,0.246,ldsc,46,3000,0.25,0.01
1.6083,0.1783,ldsc,47,3000,0.25,0.01
29.7785,0.759,ldsc,48,3000,0.25,0.01
108.8579,58.8027,ldsc,49,3000,0.25,0.01
3.8305,0.23,ldsc,50,3000,0.25,0.01
56.3967,0.9554,ldsc,51,3000,0.25,0.01
211.8304,60.4299,ldsc,52,3000,0.25,0.01
16.7904,0.5106,ldsc,53,3000,0.25,0.01
33.2846,0.6635,ldsc,54,3000,0.25,0.01
68.9427,0.9821,ldsc,55,3000,0.25,0.01
20.2279,0.6702,ldsc,56,3000,0.25,0.01
71.6204,11.6434,ldsc,57,3000,0.25,0.01
47.3353,0.8138,ldsc,58,3000,0.25,0.01
6.1601,0.3295,ldsc,59,3000,0.25,0.01
9.7621,0.4312,ldsc,60,3000,0.25,0.01
16.9925,0.5674,ldsc,61,3000,0.25,0.01
1.3027,0.1968,ldsc,62,3000,0.25,0.01
212.955,38.2146,ldsc,63,3000,0.25,0.01
-0.3508,0.113,ldsc,64,3000,0.25,0.01
17.8851,0.478,ldsc,65,3000,0.25,0.01
5.7701,0.3183,ldsc,66,3000,0.25,0.01
-0.1818,0.1199,ldsc,67,3000,0.25,0.01
23.1846,0.5162,ldsc,68,3000,0.25,0.01
-0.5476,0.0968,ldsc,69,3000,0.25,0.01
10.5058,0.464,ldsc,70,3000,0.25,0.01
11.6981,0.3847,ldsc,71,3000,0.25,0.01
32.8871,0.7939,ldsc,72,3000,0.25,0.01
1.3832,0.2012,ldsc,73,3000,0.25,0.01
-0.4622,0.0966,ldsc,74,3000,0.25,0.01
1.8507,0.1717,ldsc,75,3000,0.25,0.01
83.0763,31.9617,ldsc,76,3000,0.25,0.01
40.1901,0.8847,ldsc,77,3000,0.25,0.01
104.0971,29.9234,ldsc,78,3000,0.25,0.01
67.2884,6.1916,ldsc,79,3000,0.25,0.01
1.4603,0.1757,ldsc,80,3000,0.25,0.01
174.3421,70.6586,ldsc,81,3000,0.25,0.01
0.4831,0.1592,ldsc,82,3000,0.25,0.01
25.9459,0.5954,ldsc,83,3000,0.25,0.01
2.0271,0.2315,ldsc,84,3000,0.25,0.01
38.5671,0.8611,ldsc,85,3000,0.25,0.01
13.4393,0.4112,ldsc,86,3000,0.25,0.01
5.0732,0.2802,ldsc,87,3000,0.25,0.01
14.7937,0.5619,ldsc,88,3000,0.25,0.01
107.9461,14.5457,ldsc,89,3000,0.25,0.01
32.914,0.7852,ldsc,90,3000,0.25,0.01
7.9857,0.4159,ldsc,91,3000,0.25,0.01
280.1395,32.0146,ldsc,92,3000,0.25,0.01
34.1489,0.7723,ldsc,93,3000,0.25,0.01
51.2429,0.8652,ldsc,94,3000,0.25,0.01
0.3865,0.1241,ldsc,95,3000,0.25,0.01
0.3782,0.1476,ldsc,96,3000,0.25,0.01
45.8311,1.7233,ldsc,97,3000,0.25,0.01
1.9715,0.2205,ldsc,98,3000,0.25,0.01
75.7633,1.2466,ldsc,99,3000,0.25,0.01
100.8682,14.0005,ldsc,0,5000,0.25,0.01
2.0996,0.15,ldsc,1,5000,0.25,0.01
15.1862,0.3926,ldsc,2,5000,0.25,0.01
59.9535,17.6883,ldsc,3,5000,0.25,0.01
14.7535,0.4187,ldsc,4,5000,0.25,0.01
13.2607,0.3448,ldsc,5,5000,0.25,0.01
4.5018,0.2126,ldsc,6,5000,0.25,0.01
9.1056,0.3087,ldsc,7,5000,0.25,0.01
31.3341,0.6536,ldsc,8,5000,0.25,0.01
45.8184,0.7464,ldsc,9,5000,0.25,0.01
59.026,0.8017,ldsc,10,5000,0.25,0.01
34.7496,0.5734,ldsc,11,5000,0.25,0.01
3.9836,0.2215,ldsc,12,5000,0.25,0.01
0.0704,0.1034,ldsc,13,5000,0.25,0.01
19.2804,0.4456,ldsc,14,5000,0.25,0.01
38.4318,0.6754,ldsc,15,5000,0.25,0.01
19.7104,0.4684,ldsc,16,5000,0.25,0.01
0.4081,0.1109,ldsc,17,5000,0.25,0.01
5.4755,0.3061,ldsc,18,5000,0.25,0.01
2.1612,0.1914,ldsc,19,5000,0.25,0.01
-0.2745,0.0883,ldsc,20,5000,0.25,0.01
-0.2583,0.0854,ldsc,21,5000,0.25,0.01
0.0075,0.0929,ldsc,22,5000,0.25,0.01
-0.0011,0.0924,ldsc,23,5000,0.25,0.01
6.3786,0.3194,ldsc,24,5000,0.25,0.01
27.7499,0.5843,ldsc,25,5000,0.25,0.01
57.1362,0.8021,ldsc,26,5000,0.25,0.01
2.2411,0.188,ldsc,27,5000,0.25,0.01
51.7277,0.7716,ldsc,28,5000,0.25,0.01
-0.4562,0.0761,ldsc,29,5000,0.25,0.01
1.5537,0.1509,ldsc,30,5000,0.25,0.01
-0.4671,0.0731,ldsc,31,5000,0.25,0.01
-0.1313,0.0903,ldsc,32,5000,0.25,0.01
24.5049,0.6367,ldsc,33,5000,0.25,0.01
-0.3388,0.0877,ldsc,34,5000,0.25,0.01
0.1272,0.1035,ldsc,35,5000,0.25,0.01
128.4855,28.7035,ldsc,36,5000,0.25,0.01
0.8027,0.1449,ldsc,37,5000,0.25,0.01
17.7054,0.5288,ldsc,38,5000,0.25,0.01
35.0445,0.5946,ldsc,39,5000,0.25,0.01
67.4601,0.939,ldsc,40,5000,0.25,0.01
7.7546,0.3113,ldsc,41,5000,0.25,0.01
-0.0579,0.101,ldsc,42,5000,0.25,0.01
104.661,17.8504,ldsc,43,5000,0.25,0.01
-0.5207,0.0657,ldsc,44,5000,0.25,0.01
17.5069,0.3933,ldsc,45,5000,0.25,0.01
2.404,0.1829,ldsc,46,5000,0.25,0.01
1.2043,0.1331,ldsc,47,5000,0.25,0.01
22.4619,0.5624,ldsc,48,5000,0.25,0.01
47.7575,29.7295,ldsc,49,5000,0.25,0.01
2.8799,0.169,ldsc,50,5000,0.25,0.01
42.7609,0.7209,ldsc,51,5000,0.25,0.01
100.6854,21.1523,ldsc,52,5000,0.25,0.01
12.6497,0.3828,ldsc,53,5000,0.25,0.01
25.0998,0.4883,ldsc,54,5000,0.25,0.01
52.3503,0.7903,ldsc,55,5000,0.25,0.01
15.2685,0.4982,ldsc,56,5000,0.25,0.01
58.602,0.7305,ldsc,57,5000,0.25,0.01
35.772,0.618,ldsc,58,5000,0.25,0.01
4.65,0.2453,ldsc,59,5000,0.25,0.01
7.3668,0.3206,ldsc,60,5000,0.25,0.01
12.8168,0.429,ldsc,61,5000,0.25,0.01
0.9799,0.1469,ldsc,62,5000,0.25,0.01
222.6361,20.5022,ldsc,63,5000,0.25,0.01
-0.2727,0.0835,ldsc,64,5000,0.25,0.01
13.5019,0.3516,ldsc,65,5000,0.25,0.01
4.3557,0.2358,ldsc,66,5000,0.25,0.01
-0.1522,0.0869,ldsc,67,5000,0.25,0.01
17.4949,0.3823,ldsc,68,5000,0.25,0.01
-0.4294,0.0709,ldsc,69,5000,0.25,0.01
7.9235,0.3428,ldsc,70,5000,0.25,0.01
8.8196,0.2877,ldsc,71,5000,0.25,0.01
24.8113,0.5954,ldsc,72,5000,0.25,0.01
1.0554,0.1496,ldsc,73,5000,0.25,0.01
-0.3651,0.0715,ldsc,74,5000,0.25,0.01
1.3844,0.1295,ldsc,75,5000,0.25,0.01
67.0507,11.9592,ldsc,76,5000,0.25,0.01
30.3246,0.6496,ldsc,77,5000,0.25,0.01
89.9098,1.4268,ldsc,78,5000,0.25,0.01
57.0759,0.7048,ldsc,79,5000,0.25,0.01
1.0893,0.1305,ldsc,80,5000,0.25,0.01
107.8561,14.1191,ldsc,81,5000,0.25,0.01
0.3513,0.1185,ldsc,82,5000,0.25,0.01
19.586,0.4472,ldsc,83,5000,0.25,0.01
1.5223,0.172,ldsc,84,5000,0.25,0.01
29.1102,0.6279,ldsc,85,5000,0.25,0.01
10.1374,0.3035,ldsc,86,5000,0.25,0.01
3.8246,0.208,ldsc,87,5000,0.25,0.01
11.1827,0.4191,ldsc,88,5000,0.25,0.01
118.099,75.598,ldsc,89,5000,0.25,0.01
24.8123,0.5865,ldsc,90,5000,0.25,0.01
6.0195,0.3096,ldsc,91,5000,0.25,0.01
178.3279,29.8334,ldsc,92,5000,0.25,0.01
25.7309,0.5635,ldsc,93,5000,0.25,0.01
38.7876,0.6432,ldsc,94,5000,0.25,0.01
0.2856,0.0918,ldsc,95,5000,0.25,0.01
0.2704,0.1091,ldsc,96,5000,0.25,0.01
57.9218,0.7242,ldsc,97,5000,0.25,0.01
1.4799,0.1645,ldsc,98,5000,0.25,0.01
58.885,0.9466,ldsc,99,5000,0.25,0.01
56.8906,0.7702,ldsc,0,10000,0.25,0.01
1.3597,0.0982,ldsc,1,10000,0.25,0.01
9.8605,0.2657,ldsc,2,10000,0.25,0.01
43.4044,0.7284,ldsc,3,10000,0.25,0.01
9.5676,0.2751,ldsc,4,10000,0.25,0.01
8.6026,0.2275,ldsc,5,10000,0.25,0.01
2.9125,0.1388,ldsc,6,10000,0.25,0.01
5.9186,0.2036,ldsc,7,10000,0.25,0.01
20.4266,0.4384,ldsc,8,10000,0.25,0.01
30.1737,0.5243,ldsc,9,10000,0.25,0.01
39.5131,0.6262,ldsc,10,10000,0.25,0.01
22.6853,0.392,ldsc,11,10000,0.25,0.01
2.5684,0.1417,ldsc,12,10000,0.25,0.01
0.0428,0.0656,ldsc,13,10000,0.25,0.01
12.5389,0.3012,ldsc,14,10000,0.25,0.01
25.1736,0.4766,ldsc,15,10000,0.25,0.01
12.7974,0.3079,ldsc,16,10000,0.25,0.01
0.2549,0.0712,ldsc,17,10000,0.25,0.01
3.5587,0.1954,ldsc,18,10000,0.25,0.01
1.3974,0.1247,ldsc,19,10000,0.25,0.01
-0.1868,0.0573,ldsc,20,10000,0.25,0.01
-0.1672,0.0547,ldsc,21,10000,0.25,0.01
-0.0113,0.059,ldsc,22,10000,0.25,0.01
-0.0059,0.0589,ldsc,23,10000,0.25,0.01
4.1461,0.2063,ldsc,24,10000,0.25,0.01
18.0818,0.3991,ldsc,25,10000,0.25,0.01
38.1579,0.6176,ldsc,26,10000,0.25,0.01
1.4618,0.1222,ldsc,27,10000,0.25,0.01
34.3292,0.5622,ldsc,28,10000,0.25,0.01
-0.2971,0.0485,ldsc,29,10000,0.25,0.01
1.0056,0.0973,ldsc,30,10000,0.25,0.01
-0.3061,0.0459,ldsc,31,10000,0.25,0.01
-0.0938,0.0568,ldsc,32,10000,0.25,0.01
15.9323,0.4272,ldsc,33,10000,0.25,0.01
-0.2188,0.0554,ldsc,34,10000,0.25,0.01
0.0708,0.066,ldsc,35,10000,0.25,0.01
47.5603,0.7343,ldsc,36,10000,0.25,0.01
0.5123,0.0935,ldsc,37,10000,0.25,0.01
11.5044,0.3445,ldsc,38,10000,0.25,0.01
22.8895,0.418,ldsc,39,10000,0.25,0.01
46.4063,0.7716,ldsc,40,10000,0.25,0.01
5.0266,0.2026,ldsc,41,10000,0.25,0.01
-0.0457,0.0647,ldsc,42,10000,0.25,0.01
62.8909,0.8381,ldsc,43,10000,0.25,0.01
-0.3413,0.041,ldsc,44,10000,0.25,0.01
11.37,0.2662,ldsc,45,10000,0.25,0.01
1.5697,0.1174,ldsc,46,10000,0.25,0.01
0.7752,0.0857,ldsc,47,10000,0.25,0.01
14.5948,0.3733,ldsc,48,10000,0.25,0.01
51.5609,0.7962,ldsc,49,10000,0.25,0.01
1.8508,0.1077,ldsc,50,10000,0.25,0.01
28.0967,0.5026,ldsc,51,10000,0.25,0.01
62.8836,7.1993,ldsc,52,10000,0.25,0.01
8.196,0.2539,ldsc,53,10000,0.25,0.01
16.3294,0.3332,ldsc,54,10000,0.25,0.01
34.7258,0.5639,ldsc,55,10000,0.25,0.01
9.9245,0.3262,ldsc,56,10000,0.25,0.01
39.2206,0.5829,ldsc,57,10000,0.25,0.01
23.3789,0.4427,ldsc,58,10000,0.25,0.01
3.0137,0.1597,ldsc,59,10000,0.25,0.01
4.7773,0.2078,ldsc,60,10000,0.25,0.01
8.3141,0.2822,ldsc,61,10000,0.25,0.01
0.6304,0.0949,ldsc,62,10000,0.25,0.01
140.0646,22.0018,ldsc,63,10000,0.25,0.01
-0.1783,0.0532,ldsc,64,10000,0.25,0.01
8.7682,0.2323,ldsc,65,10000,0.25,0.01
2.8265,0.1513,ldsc,66,10000,0.25,0.01
-0.1094,0.0547,ldsc,67,10000,0.25,0.01
11.3528,0.2452,ldsc,68,10000,0.25,0.01
-0.2819,0.0448,ldsc,69,10000,0.25,0.01
5.1279,0.2204,ldsc,70,10000,0.25,0.01
5.7204,0.1901,ldsc,71,10000,0.25,0.01
16.1389,0.4072,ldsc,72,10000,0.25,0.01
0.6882,0.0966,ldsc,73,10000,0.25,0.01
-0.2439,0.0461,ldsc,74,10000,0.25,0.01
0.8884,0.0848,ldsc,75,10000,0.25,0.01
59.1301,0.7817,ldsc,76,10000,0.25,0.01
19.7636,0.4455,ldsc,77,10000,0.25,0.01
64.393,0.918,ldsc,78,10000,0.25,0.01
38.1082,0.5521,ldsc,79,10000,0.25,0.01
0.7011,0.0833,ldsc,80,10000,0.25,0.01
55.2064,0.7242,ldsc,81,10000,0.25,0.01
0.2171,0.0764,ldsc,82,10000,0.25,0.01
12.7317,0.2939,ldsc,83,10000,0.25,0.01
0.9844,0.1097,ldsc,84,10000,0.25,0.01
18.9671,0.4209,ldsc,85,10000,0.25,0.01
6.5804,0.2026,ldsc,86,10000,0.25,0.01
2.4738,0.1347,ldsc,87,10000,0.25,0.01
7.2682,0.2703,ldsc,88,10000,0.25,0.01
47.6617,0.6989,ldsc,89,10000,0.25,0.01
16.1244,0.3876,ldsc,90,10000,0.25,0.01
3.9062,0.2033,ldsc,91,10000,0.25,0.01
77.2609,1.1019,ldsc,92,10000,0.25,0.01
16.7197,0.3765,ldsc,93,10000,0.25,0.01
25.4026,0.4345,ldsc,94,10000,0.25,0.01
0.1741,0.0591,ldsc,95,10000,0.25,0.01
0.1669,0.0698,ldsc,96,10000,0.25,0.01
38.7117,0.5707,ldsc,97,10000,0.25,0.01
0.9617,0.1049,ldsc,98,10000,0.25,0.01
39.4321,0.7194,ldsc,99,10000,0.25,0.01
38.3229,0.6931,ldsc,0,20000,0.25,0.01
0.8786,0.065,ldsc,1,20000,0.25,0.01
6.3509,0.1873,ldsc,2,20000,0.25,0.01
28.63,0.6206,ldsc,3,20000,0.25,0.01
6.1615,0.1929,ldsc,4,20000,0.25,0.01
5.5387,0.1573,ldsc,5,20000,0.25,0.01
1.8688,0.0914,ldsc,6,20000,0.25,0.01
3.8145,0.1389,ldsc,7,20000,0.25,0.01
13.1984,0.3164,ldsc,8,20000,0.25,0.01
19.621,0.4258,ldsc,9,20000,0.25,0.01
25.919,0.526,ldsc,10,20000,0.25,0.01
14.6798,0.3007,ldsc,11,20000,0.25,0.01
1.6405,0.0919,ldsc,12,20000,0.25,0.01
0.0271,0.0419,ldsc,13,20000,0.25,0.01
8.0941,0.2137,ldsc,14,20000,0.25,0.01
16.3412,0.3795,ldsc,15,20000,0.25,0.01
8.2465,0.2196,ldsc,16,20000,0.25,0.01
0.1601,0.0458,ldsc,17,20000,0.25,0.01
2.2929,0.1272,ldsc,18,20000,0.25,0.01
0.8967,0.0819,ldsc,19,20000,0.25,0.01
-0.1193,0.0371,ldsc,20,20000,0.25,0.01
-0.1026,0.0348,ldsc,21,20000,0.25,0.01
-0.0141,0.0374,ldsc,22,20000,0.25,0.01
-0.0032,0.0374,ldsc,23,20000,0.25,0.01
2.6783,0.1364,ldsc,24,20000,0.25,0.01
11.6802,0.2837,ldsc,25,20000,0.25,0.01
24.9961,0.5182,ldsc,26,20000,0.25,0.01
0.9429,0.0788,ldsc,27,20000,0.25,0.01
22.4271,0.466,ldsc,28,20000,0.25,0.01
-0.1885,0.0309,ldsc,29,20000,0.25,0.01
0.6497,0.0628,ldsc,30,20000,0.25,0.01
-0.1995,0.0294,ldsc,31,20000,0.25,0.01
-0.0601,0.0366,ldsc,32,20000,0.25,0.01
10.289,0.3126,ldsc,33,20000,0.25,0.01
-0.1425,0.035,ldsc,34,20000,0.25,0.01
0.0394,0.0419,ldsc,35,20000,0.25,0.01
31.5056,0.6274,ldsc,36,20000,0.25,0.01
0.3281,0.0599,ldsc,37,20000,0.25,0.01
7.4149,0.2366,ldsc,38,20000,0.25,0.01
14.812,0.3287,ldsc,39,20000,0.25,0.01
30.6863,0.6417,ldsc,40,20000,0.25,0.01
3.2375,0.1371,ldsc,41,20000,0.25,0.01
-0.0319,0.0413,ldsc,42,20000,0.25,0.01
43.7056,0.8008,ldsc,43,20000,0.25,0.01
-0.2207,0.0256,ldsc,44,20000,0.25,0.01
7.346,0.1979,ldsc,45,20000,0.25,0.01
1.0173,0.0752,ldsc,46,20000,0.25,0.01
0.4959,0.0549,ldsc,47,20000,0.25,0.01
9.4086,0.2538,ldsc,48,20000,0.25,0.01
34.4178,0.6961,ldsc,49,20000,0.25,0.01
1.1827,0.0706,ldsc,50,20000,0.25,0.01
18.2374,0.3901,ldsc,51,20000,0.25,0.01
49.3933,0.9426,ldsc,52,20000,0.25,0.01
5.274,0.1758,ldsc,53,20000,0.25,0.01
10.5342,0.2453,ldsc,54,20000,0.25,0.01
22.6588,0.4592,ldsc,55,20000,0.25,0.01
6.4083,0.2228,ldsc,56,20000,0.25,0.01
25.7133,0.4943,ldsc,57,20000,0.25,0.01
15.1397,0.3382,ldsc,58,20000,0.25,0.01
1.9383,0.105,ldsc,59,20000,0.25,0.01
3.0661,0.1338,ldsc,60,20000,0.25,0.01
5.3474,0.1847,ldsc,61,20000,0.25,0.01
0.4029,0.0603,ldsc,62,20000,0.25,0.01
66.9859,26.3203,ldsc,63,20000,0.25,0.01
-0.1126,0.0334,ldsc,64,20000,0.25,0.01
5.6624,0.1672,ldsc,65,20000,0.25,0.01
1.8253,0.0996,ldsc,66,20000,0.25,0.01
-0.0767,0.0348,ldsc,67,20000,0.25,0.01
7.3058,0.1689,ldsc,68,20000,0.25,0.01
-0.181,0.0281,ldsc,69,20000,0.25,0.01
3.3002,0.1475,ldsc,70,20000,0.25,0.01
3.6895,0.1334,ldsc,71,20000,0.25,0.01
10.4042,0.2831,ldsc,72,20000,0.25,0.01
0.4445,0.0618,ldsc,73,20000,0.25,0.01
-0.1584,0.0297,ldsc,74,20000,0.25,0.01
0.5656,0.0555,ldsc,75,20000,0.25,0.01
40.1768,0.7312,ldsc,76,20000,0.25,0.01
12.7818,0.3351,ldsc,77,20000,0.25,0.01
45.0034,0.8578,ldsc,78,20000,0.25,0.01
24.9557,0.4611,ldsc,79,20000,0.25,0.01
0.4458,0.0527,ldsc,80,20000,0.25,0.01
37.1367,0.6576,ldsc,81,20000,0.25,0.01
0.1344,0.0484,ldsc,82,20000,0.25,0.01
8.204,0.2104,ldsc,83,20000,0.25,0.01
0.6297,0.0696,ldsc,84,20000,0.25,0.01
12.2707,0.3152,ldsc,85,20000,0.25,0.01
4.2481,0.1395,ldsc,86,20000,0.25,0.01
1.5877,0.0902,ldsc,87,20000,0.25,0.01
4.683,0.1775,ldsc,88,20000,0.25,0.01
31.5373,0.5909,ldsc,89,20000,0.25,0.01
10.3916,0.2711,ldsc,90,20000,0.25,0.01
2.5238,0.1381,ldsc,91,20000,0.25,0.01
57.1738,1.1093,ldsc,92,20000,0.25,0.01
10.7925,0.2813,ldsc,93,20000,0.25,0.01
16.4471,0.3104,ldsc,94,20000,0.25,0.01
0.1099,0.0382,ldsc,95,20000,0.25,0.01
0.1061,0.0445,ldsc,96,20000,0.25,0.01
25.3586,0.4634,ldsc,97,20000,0.25,0.01
0.6202,0.0673,ldsc,98,20000,0.25,0.01
25.8627,0.5767,ldsc,99,20000,0.25,0.01
29.202,0.7526,ldsc,0,30000,0.25,0.01
0.6581,0.0527,ldsc,1,30000,0.25,0.01
4.7203,0.1516,ldsc,2,30000,0.25,0.01
21.7481,0.6476,ldsc,3,30000,0.25,0.01
4.6459,0.1825,ldsc,4,30000,0.25,0.01
4.1439,0.1426,ldsc,5,30000,0.25,0.01
1.4084,0.0769,ldsc,6,30000,0.25,0.01
2.8521,0.1178,ldsc,7,30000,0.25,0.01
9.911,0.3044,ldsc,8,30000,0.25,0.01
14.8354,0.4561,ldsc,9,30000,0.25,0.01
19.6615,0.5669,ldsc,10,30000,0.25,0.01
11.0603,0.3286,ldsc,11,30000,0.25,0.01
1.2324,0.0761,ldsc,12,30000,0.25,0.01
0.0152,0.0303,ldsc,13,30000,0.25,0.01
6.0907,0.2097,ldsc,14,30000,0.25,0.01
12.3116,0.3776,ldsc,15,30000,0.25,0.01
6.1878,0.2141,ldsc,16,30000,0.25,0.01
0.1144,0.0331,ldsc,17,30000,0.25,0.01
1.7246,0.1032,ldsc,18,30000,0.25,0.01
0.6656,0.0619,ldsc,19,30000,0.25,0.01
-0.0862,0.0274,ldsc,20,30000,0.25,0.01
-0.0742,0.0247,ldsc,21,30000,0.25,0.01
-0.0088,0.0272,ldsc,22,30000,0.25,0.01
-0.0052,0.0272,ldsc,23,30000,0.25,0.01
2.0171,0.114,ldsc,24,30000,0.25,0.01
8.7946,0.2855,ldsc,25,30000,0.25,0.01
18.9153,0.5462,ldsc,26,30000,0.25,0.01
0.7146,0.0623,ldsc,27,30000,0.25,0.01
16.9661,0.4978,ldsc,28,30000,0.25,0.01
-0.1368,0.0226,ldsc,29,30000,0.25,0.01
0.4753,0.0465,ldsc,30,30000,0.25,0.01
-0.1472,0.0214,ldsc,31,30000,0.25,0.01
-0.0407,0.0273,ldsc,32,30000,0.25,0.01
7.7046,0.2775,ldsc,33,30000,0.25,0.01
-0.1028,0.0261,ldsc,34,30000,0.25,0.01
0.0244,0.03,ldsc,35,30000,0.25,0.01
23.8867,0.6552,ldsc,36,30000,0.25,0.01
0.2426,0.0426,ldsc,37,30000,0.25,0.01
5.5787,0.2206,ldsc,38,30000,0.25,0.01
11.1596,0.3436,ldsc,39,30000,0.25,0.01
23.3027,0.6781,ldsc,40,30000,0.25,0.01
2.4406,0.1173,ldsc,41,30000,0.25,0.01
-0.0266,0.0296,ldsc,42,30000,0.25,0.01
33.5078,0.8664,ldsc,43,30000,0.25,0.01
-0.1596,0.0188,ldsc,44,30000,0.25,0.01
5.5227,0.194,ldsc,45,30000,0.25,0.01
0.7586,0.0582,ldsc,46,30000,0.25,0.01
0.3678,0.0419,ldsc,47,30000,0.25,0.01
7.0765,0.2508,ldsc,48,30000,0.25,0.01
26.2287,0.755,ldsc,49,30000,0.25,0.01
0.8761,0.0566,ldsc,50,30000,0.25,0.01
13.73,0.3983,ldsc,51,30000,0.25,0.01
38.1666,0.9984,ldsc,52,30000,0.25,0.01
3.9663,0.159,ldsc,53,30000,0.25,0.01
7.9048,0.2505,ldsc,54,30000,0.25,0.01
17.0808,0.473,ldsc,55,30000,0.25,0.01
4.8101,0.1934,ldsc,56,30000,0.25,0.01
19.4568,0.5406,ldsc,57,30000,0.25,0.01
11.3554,0.3194,ldsc,58,30000,0.25,0.01
1.4606,0.0857,ldsc,59,30000,0.25,0.01
2.29,0.1111,ldsc,60,30000,0.25,0.01
4.0131,0.1633,ldsc,61,30000,0.25,0.01
0.299,0.0452,ldsc,62,30000,0.25,0.01
65.0941,1.7097,ldsc,63,30000,0.25,0.01
-0.0821,0.0239,ldsc,64,30000,0.25,0.01
4.2623,0.1612,ldsc,65,30000,0.25,0.01
1.3744,0.0807,ldsc,66,30000,0.25,0.01
-0.0556,0.0244,ldsc,67,30000,0.25,0.01
5.4699,0.1676,ldsc,68,30000,0.25,0.01
-0.1282,0.021,ldsc,69,30000,0.25,0.01
2.4879,0.1308,ldsc,70,30000,0.25,0.01
2.7638,0.1117,ldsc,71,30000,0.25,0.01
7.8358,0.2787,ldsc,72,30000,0.25,0.01
0.3294,0.047,ldsc,73,30000,0.25,0.01
-0.1123,0.022,ldsc,74,30000,0.25,0.01
0.4208,0.0429,ldsc,75,30000,0.25,0.01
30.6904,0.8032,ldsc,76,30000,0.25,0.01
9.6061,0.3279,ldsc,77,30000,0.25,0.01
34.5026,0.9046,ldsc,78,30000,0.25,0.01
18.9161,0.5346,ldsc,79,30000,0.25,0.01
0.3276,0.039,ldsc,80,30000,0.25,0.01
28.3161,0.7267,ldsc,81,30000,0.25,0.01
0.096,0.0345,ldsc,82,30000,0.25,0.01
6.1625,0.2089,ldsc,83,30000,0.25,0.01
0.4664,0.0532,ldsc,84,30000,0.25,0.01
9.2208,0.3002,ldsc,85,30000,0.25,0.01
3.1737,0.1177,ldsc,86,30000,0.25,0.01
1.1954,0.0746,ldsc,87,30000,0.25,0.01
3.5241,0.1576,ldsc,88,30000,0.25,0.01
23.9468,0.6505,ldsc,89,30000,0.25,0.01
7.8244,0.2694,ldsc,90,30000,0.25,0.01
1.8794,0.1065,ldsc,91,30000,0.25,0.01
44.7148,1.1625,ldsc,92,30000,0.25,0.01
8.0868,0.2557,ldsc,93,30000,0.25,0.01
12.3694,0.3386,ldsc,94,30000,0.25,0.01
0.0793,0.0279,ldsc,95,30000,0.25,0.01
0.0739,0.0328,ldsc,96,30000,0.25,0.01
19.1888,0.5139,ldsc,97,30000,0.25,0.01
0.4623,0.0531,ldsc,98,30000,0.25,0.01
19.6074,0.6062,ldsc,99,30000,0.25,0.01
17.2451,0.9405,ldsc,0,50000,0.25,0.01
0.3428,0.0366,ldsc,1,50000,0.25,0.01
2.703,0.1609,ldsc,2,50000,0.25,0.01
12.7344,0.7179,ldsc,3,50000,0.25,0.01
2.7636,0.1798,ldsc,4,50000,0.25,0.01
2.419,0.1485,ldsc,5,50000,0.25,0.01
0.7934,0.0638,ldsc,6,50000,0.25,0.01
1.6335,0.1031,ldsc,7,50000,0.25,0.01
5.8169,0.3377,ldsc,8,50000,0.25,0.01
8.6808,0.5067,ldsc,9,50000,0.25,0.01
11.5374,0.6405,ldsc,10,50000,0.25,0.01
6.5175,0.3839,ldsc,11,50000,0.25,0.01
0.6791,0.0624,ldsc,12,50000,0.25,0.01
0.0063,0.0123,ldsc,13,50000,0.25,0.01
3.5172,0.2056,ldsc,14,50000,0.25,0.01
7.2593,0.433,ldsc,15,50000,0.25,0.01
3.5563,0.2113,ldsc,16,50000,0.25,0.01
0.0492,0.0142,ldsc,17,50000,0.25,0.01
0.9879,0.0762,ldsc,18,50000,0.25,0.01
0.3202,0.0371,ldsc,19,50000,0.25,0.01
-0.0309,0.0111,ldsc,20,50000,0.25,0.01
-0.0352,0.0094,ldsc,21,50000,0.25,0.01
-0.0061,0.0105,ldsc,22,50000,0.25,0.01
-0.0023,0.0112,ldsc,23,50000,0.25,0.01
1.206,0.094,ldsc,24,50000,0.25,0.01
5.1733,0.3153,ldsc,25,50000,0.25,0.01
11.1114,0.6258,ldsc,26,50000,0.25,0.01
0.3802,0.0442,ldsc,27,50000,0.25,0.01
10.0147,0.5753,ldsc,28,50000,0.25,0.01
-0.0523,0.0107,ldsc,29,50000,0.25,0.01
0.2421,0.0293,ldsc,30,50000,0.25,0.01
-0.0529,0.0099,ldsc,31,50000,0.25,0.01
-0.0148,0.0111,ldsc,32,50000,0.25,0.01
4.4884,0.2878,ldsc,33,50000,0.25,0.01
-0.0412,0.0106,ldsc,34,50000,0.25,0.01
0.0036,0.0122,ldsc,35,50000,0.25,0.01
14.1173,0.7974,ldsc,36,50000,0.25,0.01
0.1057,0.0198,ldsc,37,50000,0.25,0.01
3.2621,0.2099,ldsc,38,50000,0.25,0.01
6.5243,0.3886,ldsc,39,50000,0.25,0.01
13.6967,0.7802,ldsc,40,50000,0.25,0.01
1.4488,0.1,ldsc,41,50000,0.25,0.01
-0.0089,0.0113,ldsc,42,50000,0.25,0.01
19.7999,1.0699,ldsc,43,50000,0.25,0.01
-0.063,0.0091,ldsc,44,50000,0.25,0.01
3.2258,0.2039,ldsc,45,50000,0.25,0.01
0.3772,0.0374,ldsc,46,50000,0.25,0.01
0.1791,0.0252,ldsc,47,50000,0.25,0.01
4.1482,0.2628,ldsc,48,50000,0.25,0.01
15.529,0.8866,ldsc,49,50000,0.25,0.01
0.455,0.0453,ldsc,50,50000,0.25,0.01
8.0236,0.4563,ldsc,51,50000,0.25,0.01
22.8347,1.2499,ldsc,52,50000,0.25,0.01
2.3374,0.1578,ldsc,53,50000,0.25,0.01
4.6297,0.2749,ldsc,54,50000,0.25,0.01
9.9754,0.5591,ldsc,55,50000,0.25,0.01
2.8057,0.1841,ldsc,56,50000,0.25,0.01
11.4976,0.6489,ldsc,57,50000,0.25,0.01
6.6375,0.3831,ldsc,58,50000,0.25,0.01
0.8197,0.0647,ldsc,59,50000,0.25,0.01
1.3218,0.0954,ldsc,60,50000,0.25,0.01
2.3411,0.1521,ldsc,61,50000,0.25,0.01
0.1343,0.025,ldsc,62,50000,0.25,0.01
40.0562,2.1912,ldsc,63,50000,0.25,0.01
-0.0298,0.0099,ldsc,64,50000,0.25,0.01
2.4905,0.1603,ldsc,65,50000,0.25,0.01
0.773,0.0608,ldsc,66,50000,0.25,0.01
-0.0225,0.0095,ldsc,67,50000,0.25,0.01
3.2017,0.1924,ldsc,68,50000,0.25,0.01
-0.0469,0.0101,ldsc,69,50000,0.25,0.01
1.4645,0.1106,ldsc,70,50000,0.25,0.01
1.6243,0.1038,ldsc,71,50000,0.25,0.01
4.6526,0.2949,ldsc,72,50000,0.25,0.01
0.1444,0.0214,ldsc,73,50000,0.25,0.01
-0.0414,0.0098,ldsc,74,50000,0.25,0.01
0.2071,0.0238,ldsc,75,50000,0.25,0.01
18.2189,1.0084,ldsc,76,50000,0.25,0.01
5.5207,0.3361,ldsc,77,50000,0.25,0.01
20.4469,1.1189,ldsc,78,50000,0.25,0.01
11.2252,0.6514,ldsc,79,50000,0.25,0.01
0.1495,0.021,ldsc,80,50000,0.25,0.01
16.8099,0.9119,ldsc,81,50000,0.25,0.01
0.0372,0.0139,ldsc,82,50000,0.25,0.01
3.6106,0.2229,ldsc,83,50000,0.25,0.01
0.2374,0.0329,ldsc,84,50000,0.25,0.01
5.3528,0.309,ldsc,85,50000,0.25,0.01
1.812,0.1121,ldsc,86,50000,0.25,0.01
0.6495,0.0555,ldsc,87,50000,0.25,0.01
2.1145,0.144,ldsc,88,50000,0.25,0.01
14.1928,0.784,ldsc,89,50000,0.25,0.01
4.5924,0.2789,ldsc,90,50000,0.25,0.01
1.0607,0.0766,ldsc,91,50000,0.25,0.01
26.734,1.4508,ldsc,92,50000,0.25,0.01
4.703,0.278,ldsc,93,50000,0.25,0.01
7.314,0.418,ldsc,94,50000,0.25,0.01
0.0277,0.0122,ldsc,95,50000,0.25,0.01
0.031,0.0135,ldsc,96,50000,0.25,0.01
11.2998,0.6303,ldsc,97,50000,0.25,0.01
0.2387,0.0325,ldsc,98,50000,0.25,0.01
11.6424,0.696,ldsc,99,50000,0.25,0.01
0.6305,0.2347,ldsc,0,1000,0.4,1.0
1.6248,0.3289,ldsc,1,1000,0.4,1.0
1.4427,0.2761,ldsc,2,1000,0.4,1.0
0.2805,0.1957,ldsc,3,1000,0.4,1.0
0.334,0.2319,ldsc,4,1000,0.4,1.0
119.4717,2.3867,ldsc,5,1000,0.4,1.0
168.8904,3.5182,ldsc,6,1000,0.4,1.0
7.0302,0.4631,ldsc,7,1000,0.4,1.0
-0.5844,0.1798,ldsc,8,1000,0.4,1.0
38.1286,1.1668,ldsc,9,1000,0.4,1.0
163.551,3.0983,ldsc,10,1000,0.4,1.0
0.1379,0.2002,ldsc,11,1000,0.4,1.0
224.6723,4.4009,ldsc,12,1000,0.4,1.0
72.7064,1.6523,ldsc,13,1000,0.4,1.0
0.135,0.2077,ldsc,14,1000,0.4,1.0
18.9669,0.8469,ldsc,15,1000,0.4,1.0
9.3627,0.5299,ldsc,16,1000,0.4,1.0
49.8935,1.2926,ldsc,17,1000,0.4,1.0
6.4114,0.4548,ldsc,18,1000,0.4,1.0
35.1429,1.1781,ldsc,19,1000,0.4,1.0
53.2804,1.5534,ldsc,20,1000,0.4,1.0
-0.6294,0.1506,ldsc,21,1000,0.4,1.0
100.8802,2.1541,ldsc,22,1000,0.4,1.0
31.2924,0.8351,ldsc,23,1000,0.4,1.0
13.6507,0.6776,ldsc,24,1000,0.4,1.0
123.0324,2.4465,ldsc,25,1000,0.4,1.0
0.0643,0.2029,ldsc,26,1000,0.4,1.0
250.0583,5.1657,ldsc,27,1000,0.4,1.0
82.9819,1.8423,ldsc,28,1000,0.4,1.0
146.6579,2.8,ldsc,29,1000,0.4,1.0
111.2645,2.3887,ldsc,30,1000,0.4,1.0
118.1148,2.5291,ldsc,31,1000,0.4,1.0
8.1034,0.4408,ldsc,32,1000,0.4,1.0
71.9384,1.399,ldsc,33,1000,0.4,1.0
9.2662,0.5066,ldsc,34,1000,0.4,1.0
27.7182,1.0053,ldsc,35,1000,0.4,1.0
0.5639,0.2307,ldsc,36,1000,0.4,1.0
-0.2256,0.2328,ldsc,37,1000,0.4,1.0
3.3551,0.3226,ldsc,38,1000,0.4,1.0
16.5124,0.7026,ldsc,39,1000,0.4,1.0
127.6877,2.5471,ldsc,40,1000,0.4,1.0
26.3538,0.7772,ldsc,41,1000,0.4,1.0
32.7698,1.2206,ldsc,42,1000,0.4,1.0
8.7912,0.4683,ldsc,43,1000,0.4,1.0
4.6959,0.4194,ldsc,44,1000,0.4,1.0
10.7942,0.5242,ldsc,45,1000,0.4,1.0
65.1499,1.5907,ldsc,46,1000,0.4,1.0
202.0325,3.9386,ldsc,47,1000,0.4,1.0
132.3297,2.5195,ldsc,48,1000,0.4,1.0
287.5189,5.1906,ldsc,49,1000,0.4,1.0
22.5524,0.9214,ldsc,50,1000,0.4,1.0
97.1762,2.1428,ldsc,51,1000,0.4,1.0
28.4906,1.0888,ldsc,52,1000,0.4,1.0
70.6057,1.6085,ldsc,53,1000,0.4,1.0
59.8518,1.7023,ldsc,54,1000,0.4,1.0
65.3106,1.4935,ldsc,55,1000,0.4,1.0
47.8586,1.353,ldsc,56,1000,0.4,1.0
16.393,0.7879,ldsc,57,1000,0.4,1.0
42.199,1.1936,ldsc,58,1000,0.4,1.0
93.6385,1.9351,ldsc,59,1000,0.4,1.0
-0.6239,0.1501,ldsc,60,1000,0.4,1.0
79.2104,1.9205,ldsc,61,1000,0.4,1.0
-0.3054,0.1716,ldsc,62,1000,0.4,1.0
77.1106,1.8331,ldsc,63,1000,0.4,1.0
-0.3005,0.171,ldsc,64,1000,0.4,1.0
70.2815,1.7235,ldsc,65,1000,0.4,1.0
42.068,1.269,ldsc,66,1000,0.4,1.0
4.5965,0.3913,ldsc,67,1000,0.4,1.0
125.1362,2.237,ldsc,68,1000,0.4,1.0
98.8955,2.107,ldsc,69,1000,0.4,1.0
-0.1207,0.1906,ldsc,70,1000,0.4,1.0
3.7334,0.314,ldsc,71,1000,0.4,1.0
92.8493,2.0509,ldsc,72,1000,0.4,1.0
163.813,3.1653,ldsc,73,1000,0.4,1.0
40.4341,1.2076,ldsc,74,1000,0.4,1.0
137.3007,2.6702,ldsc,75,1000,0.4,1.0
117.3958,2.3604,ldsc,76,1000,0.4,1.0
70.9465,2.0328,ldsc,77,1000,0.4,1.0
106.3196,2.1358,ldsc,78,1000,0.4,1.0
25.9164,0.8732,ldsc,79,1000,0.4,1.0
2.0695,0.36,ldsc,80,1000,0.4,1.0
159.5644,2.8819,ldsc,81,1000,0.4,1.0
68.246,1.6521,ldsc,82,1000,0.4,1.0
-0.3274,0.1625,ldsc,83,1000,0.4,1.0
57.7853,1.5233,ldsc,84,1000,0.4,1.0
-0.5379,0.1619,ldsc,85,1000,0.4,1.0
77.9297,1.6878,ldsc,86,1000,0.4,1.0
18.6171,0.8681,ldsc,87,1000,0.4,1.0
20.0009,0.7635,ldsc,88,1000,0.4,1.0
2.5106,0.3316,ldsc,89,1000,0.4,1.0
88.9918,1.9824,ldsc,90,1000,0.4,1.0
0.594,0.2179,ldsc,91,1000,0.4,1.0
86.214,1.849,ldsc,92,1000,0.4,1.0
135.4349,2.7065,ldsc,93,1000,0.4,1.0
79.5583,2.0795,ldsc,94,1000,0.4,1.0
5.7493,0.4983,ldsc,95,1000,0.4,1.0
-0.0862,0.1893,ldsc,96,1000,0.4,1.0
24.758,0.8127,ldsc,97,1000,0.4,1.0
82.4641,1.9211,ldsc,98,1000,0.4,1.0
68.3103,1.4874,ldsc,99,1000,0.4,1.0
0.4904,0.1836,ldsc,0,2000,0.4,1.0
1.3395,0.2606,ldsc,1,2000,0.4,1.0
1.1983,0.2187,ldsc,2,2000,0.4,1.0
0.2093,0.1565,ldsc,3,2000,0.4,1.0
0.2147,0.1834,ldsc,4,2000,0.4,1.0
94.8239,1.5355,ldsc,5,2000,0.4,1.0
184.925,40.3772,ldsc,6,2000,0.4,1.0
5.9622,0.3771,ldsc,7,2000,0.4,1.0
-0.5427,0.1359,ldsc,8,2000,0.4,1.0
32.374,0.8404,ldsc,9,2000,0.4,1.0
121.6225,9.3659,ldsc,10,2000,0.4,1.0
0.1175,0.1615,ldsc,11,2000,0.4,1.0
212.9519,15.4508,ldsc,12,2000,0.4,1.0
60.7847,1.1185,ldsc,13,2000,0.4,1.0
0.0764,0.1638,ldsc,14,2000,0.4,1.0
16.1134,0.644,ldsc,15,2000,0.4,1.0
7.9567,0.4197,ldsc,16,2000,0.4,1.0
42.0558,0.9122,ldsc,17,2000,0.4,1.0
5.4612,0.3644,ldsc,18,2000,0.4,1.0
29.6722,0.8737,ldsc,19,2000,0.4,1.0
44.9163,1.1003,ldsc,20,2000,0.4,1.0
-0.5917,0.1161,ldsc,21,2000,0.4,1.0
82.8176,1.4144,ldsc,22,2000,0.4,1.0
26.616,0.593,ldsc,23,2000,0.4,1.0
11.5585,0.5592,ldsc,24,2000,0.4,1.0
62.6772,16.8764,ldsc,25,2000,0.4,1.0
-0.0145,0.1621,ldsc,26,2000,0.4,1.0
218.5283,3.1356,ldsc,27,2000,0.4,1.0
69.0442,1.1387,ldsc,28,2000,0.4,1.0
138.8289,13.4784,ldsc,29,2000,0.4,1.0
98.8446,14.7517,ldsc,30,2000,0.4,1.0
75.1002,13.1205,ldsc,31,2000,0.4,1.0
6.8857,0.3484,ldsc,32,2000,0.4,1.0
59.9921,0.9675,ldsc,33,2000,0.4,1.0
7.8776,0.4131,ldsc,34,2000,0.4,1.0
23.512,0.7551,ldsc,35,2000,0.4,1.0
0.4264,0.1839,ldsc,36,2000,0.4,1.0
-0.1982,0.1878,ldsc,37,2000,0.4,1.0
2.8438,0.2621,ldsc,38,2000,0.4,1.0
14.008,0.5662,ldsc,39,2000,0.4,1.0
100.5171,1.5813,ldsc,40,2000,0.4,1.0
22.2568,0.6062,ldsc,41,2000,0.4,1.0
27.7984,0.9463,ldsc,42,2000,0.4,1.0
7.3944,0.3737,ldsc,43,2000,0.4,1.0
3.9365,0.3366,ldsc,44,2000,0.4,1.0
9.1305,0.4255,ldsc,45,2000,0.4,1.0
54.7186,1.1012,ldsc,46,2000,0.4,1.0
152.9668,3.8586,ldsc,47,2000,0.4,1.0
73.1317,13.9501,ldsc,48,2000,0.4,1.0
254.0956,3.2547,ldsc,49,2000,0.4,1.0
19.0419,0.7239,ldsc,50,2000,0.4,1.0
80.1366,1.3187,ldsc,51,2000,0.4,1.0
24.2268,0.8092,ldsc,52,2000,0.4,1.0
59.1697,1.1343,ldsc,53,2000,0.4,1.0
50.361,1.1913,ldsc,54,2000,0.4,1.0
54.9399,0.9864,ldsc,55,2000,0.4,1.0
40.2598,1.0082,ldsc,56,2000,0.4,1.0
13.9193,0.6162,ldsc,57,2000,0.4,1.0
35.6801,0.8928,ldsc,58,2000,0.4,1.0
76.9587,1.2539,ldsc,59,2000,0.4,1.0
-0.5955,0.1132,ldsc,60,2000,0.4,1.0
66.3945,1.2902,ldsc,61,2000,0.4,1.0
-0.3115,0.1347,ldsc,62,2000,0.4,1.0
64.5247,1.2495,ldsc,63,2000,0.4,1.0
-0.3067,0.1284,ldsc,64,2000,0.4,1.0
58.7518,1.1664,ldsc,65,2000,0.4,1.0
35.5174,0.9431,ldsc,66,2000,0.4,1.0
3.9083,0.3231,ldsc,67,2000,0.4,1.0
98.7129,2.6724,ldsc,68,2000,0.4,1.0
81.5926,1.2776,ldsc,69,2000,0.4,1.0
-0.2118,0.1431,ldsc,70,2000,0.4,1.0
3.1252,0.2567,ldsc,71,2000,0.4,1.0
76.714,1.3009,ldsc,72,2000,0.4,1.0
87.92,20.8854,ldsc,73,2000,0.4,1.0
34.2019,0.9155,ldsc,74,2000,0.4,1.0
154.1605,31.6859,ldsc,75,2000,0.4,1.0
93.9027,2.1444,ldsc,76,2000,0.4,1.0
59.3715,1.4122,ldsc,77,2000,0.4,1.0
89.0518,1.1854,ldsc,78,2000,0.4,1.0
21.9996,0.6497,ldsc,79,2000,0.4,1.0
1.7294,0.2967,ldsc,80,2000,0.4,1.0
145.4925,20.3721,ldsc,81,2000,0.4,1.0
57.379,1.1372,ldsc,82,2000,0.4,1.0
-0.3219,0.1211,ldsc,83,2000,0.4,1.0
48.5524,1.0765,ldsc,84,2000,0.4,1.0
-0.5009,0.122,ldsc,85,2000,0.4,1.0
64.6918,1.1571,ldsc,86,2000,0.4,1.0
15.8522,0.675,ldsc,87,2000,0.4,1.0
17.0209,0.6057,ldsc,88,2000,0.4,1.0
2.0792,0.2705,ldsc,89,2000,0.4,1.0
73.6564,1.2531,ldsc,90,2000,0.4,1.0
0.4578,0.175,ldsc,91,2000,0.4,1.0
71.4375,1.201,ldsc,92,2000,0.4,1.0
107.1634,1.6341,ldsc,93,2000,0.4,1.0
66.561,1.4263,ldsc,94,2000,0.4,1.0
4.8421,0.3979,ldsc,95,2000,0.4,1.0
-0.1512,0.1455,ldsc,96,2000,0.4,1.0
20.974,0.6081,ldsc,97,2000,0.4,1.0
68.6258,1.2672,ldsc,98,2000,0.4,1.0
57.4361,1.022,ldsc,99,2000,0.4,1.0
0.3968,0.1501,ldsc,0,3000,0.4,1.0
1.1155,0.213,ldsc,1,3000,0.4,1.0
0.9968,0.1794,ldsc,2,3000,0.4,1.0
0.1629,0.1295,ldsc,3,3000,0.4,1.0
0.1553,0.1501,ldsc,4,3000,0.4,1.0
74.3658,10.4785,ldsc,5,3000,0.4,1.0
143.211,5.055,ldsc,6,3000,0.4,1.0
5.0111,0.3122,ldsc,7,3000,0.4,1.0
-0.4709,0.1084,ldsc,8,3000,0.4,1.0
27.1332,0.6662,ldsc,9,3000,0.4,1.0
89.3624,82.2401,ldsc,10,3000,0.4,1.0
0.098,0.1336,ldsc,11,3000,0.4,1.0
214.2146,23.9595,ldsc,12,3000,0.4,1.0
50.6122,0.8939,ldsc,13,3000,0.4,1.0
0.0484,0.1337,ldsc,14,3000,0.4,1.0
13.534,0.5181,ldsc,15,3000,0.4,1.0
6.6884,0.3446,ldsc,16,3000,0.4,1.0
35.1496,0.7266,ldsc,17,3000,0.4,1.0
4.5968,0.301,ldsc,18,3000,0.4,1.0
24.847,0.7011,ldsc,19,3000,0.4,1.0
37.5448,0.8699,ldsc,20,3000,0.4,1.0
-0.5149,0.0947,ldsc,21,3000,0.4,1.0
69.1098,1.118,ldsc,22,3000,0.4,1.0
22.3357,0.4693,ldsc,23,3000,0.4,1.0
9.6925,0.4667,ldsc,24,3000,0.4,1.0
103.8937,15.1641,ldsc,25,3000,0.4,1.0
-0.0362,0.133,ldsc,26,3000,0.4,1.0
123.7562,16.1099,ldsc,27,3000,0.4,1.0
57.458,0.8845,ldsc,28,3000,0.4,1.0
110.4407,29.4887,ldsc,29,3000,0.4,1.0
67.2758,12.6778,ldsc,30,3000,0.4,1.0
78.6018,8.4403,ldsc,31,3000,0.4,1.0
5.7853,0.2854,ldsc,32,3000,0.4,1.0
49.942,0.7933,ldsc,33,3000,0.4,1.0
6.6198,0.3447,ldsc,34,3000,0.4,1.0
19.7257,0.6122,ldsc,35,3000,0.4,1.0
0.3489,0.1516,ldsc,36,3000,0.4,1.0
-0.1634,0.1567,ldsc,37,3000,0.4,1.0
2.393,0.2164,ldsc,38,3000,0.4,1.0
11.7646,0.4674,ldsc,39,3000,0.4,1.0
126.8901,20.9063,ldsc,40,3000,0.4,1.0
18.6598,0.504,ldsc,41,3000,0.4,1.0
23.3229,0.7736,ldsc,42,3000,0.4,1.0
6.1805,0.3073,ldsc,43,3000,0.4,1.0
3.2869,0.2779,ldsc,44,3000,0.4,1.0
7.6622,0.3545,ldsc,45,3000,0.4,1.0
45.6513,0.8742,ldsc,46,3000,0.4,1.0
156.6175,29.1339,ldsc,47,3000,0.4,1.0
105.693,10.129,ldsc,48,3000,0.4,1.0
131.9945,28.2207,ldsc,49,3000,0.4,1.0
15.9561,0.5901,ldsc,50,3000,0.4,1.0
66.7572,1.036,ldsc,51,3000,0.4,1.0
20.329,0.6424,ldsc,52,3000,0.4,1.0
49.3202,0.92,ldsc,53,3000,0.4,1.0
42.0383,0.9366,ldsc,54,3000,0.4,1.0
45.8367,0.7724,ldsc,55,3000,0.4,1.0
33.6298,0.8193,ldsc,56,3000,0.4,1.0
11.6918,0.5035,ldsc,57,3000,0.4,1.0
29.8653,0.7257,ldsc,58,3000,0.4,1.0
64.0676,1.0043,ldsc,59,3000,0.4,1.0
-0.5312,0.0898,ldsc,60,3000,0.4,1.0
55.3156,1.037,ldsc,61,3000,0.4,1.0
-0.2851,0.1092,ldsc,62,3000,0.4,1.0
53.7448,1.0059,ldsc,63,3000,0.4,1.0
-0.2777,0.1028,ldsc,64,3000,0.4,1.0
48.929,0.9212,ldsc,65,3000,0.4,1.0
29.7247,0.7588,ldsc,66,3000,0.4,1.0
3.2814,0.2694,ldsc,67,3000,0.4,1.0
78.1853,18.2009,ldsc,68,3000,0.4,1.0
67.9858,1.0165,ldsc,69,3000,0.4,1.0
-0.2256,0.114,ldsc,70,3000,0.4,1.0
2.6113,0.2137,ldsc,71,3000,0.4,1.0
63.8706,1.0568,ldsc,72,3000,0.4,1.0
200.3489,72.7204,ldsc,73,3000,0.4,1.0
28.6408,0.7461,ldsc,74,3000,0.4,1.0
133.6866,31.7973,ldsc,75,3000,0.4,1.0
56.9318,6.8516,ldsc,76,3000,0.4,1.0
49.4524,1.1196,ldsc,77,3000,0.4,1.0
76.8638,0.9907,ldsc,78,3000,0.4,1.0
18.4533,0.5204,ldsc,79,3000,0.4,1.0
1.441,0.247,ldsc,80,3000,0.4,1.0
119.1305,8.8808,ldsc,81,3000,0.4,1.0
47.8657,0.9035,ldsc,82,3000,0.4,1.0
-0.2848,0.0962,ldsc,83,3000,0.4,1.0
40.5068,0.8548,ldsc,84,3000,0.4,1.0
-0.4371,0.0982,ldsc,85,3000,0.4,1.0
53.8009,0.9369,ldsc,86,3000,0.4,1.0
13.3191,0.5505,ldsc,87,3000,0.4,1.0
14.2893,0.5031,ldsc,88,3000,0.4,1.0
1.7323,0.2248,ldsc,89,3000,0.4,1.0
61.3004,0.9841,ldsc,90,3000,0.4,1.0
0.3671,0.1446,ldsc,91,3000,0.4,1.0
59.4384,0.962,ldsc,92,3000,0.4,1.0
112.7829,23.7605,ldsc,93,3000,0.4,1.0
55.4262,1.1467,ldsc,94,3000,0.4,1.0
4.0536,0.327,ldsc,95,3000,0.4,1.0
-0.154,0.1173,ldsc,96,3000,0.4,1.0
17.5905,0.4911,ldsc,97,3000,0.4,1.0
57.098,1.0036,ldsc,98,3000,0.4,1.0
47.9239,0.8194,ldsc,99,3000,0.4,1.0
0.2885,0.1112,ldsc,0,5000,0.4,1.0
0.8422,0.1578,ldsc,1,5000,0.4,1.0
0.7427,0.1339,ldsc,2,5000,0.4,1.0
0.1092,0.0969,ldsc,3,5000,0.4,1.0
0.099,0.1107,ldsc,4,5000,0.4,1.0
61.6745,0.8653,ldsc,5,5000,0.4,1.0
87.3936,11.8443,ldsc,6,5000,0.4,1.0
3.7824,0.2336,ldsc,7,5000,0.4,1.0
-0.3609,0.0781,ldsc,8,5000,0.4,1.0
20.4626,0.4884,ldsc,9,5000,0.4,1.0
90.2376,25.2358,ldsc,10,5000,0.4,1.0
0.0692,0.0995,ldsc,11,5000,0.4,1.0
151.0328,26.3726,ldsc,12,5000,0.4,1.0
38.2768,0.664,ldsc,13,5000,0.4,1.0
0.0278,0.0985,ldsc,14,5000,0.4,1.0
10.2038,0.3801,ldsc,15,5000,0.4,1.0
5.0621,0.2564,ldsc,16,5000,0.4,1.0
26.5158,0.5405,ldsc,17,5000,0.4,1.0
3.4716,0.2255,ldsc,18,5000,0.4,1.0
18.741,0.5174,ldsc,19,5000,0.4,1.0
28.3284,0.6333,ldsc,20,5000,0.4,1.0
-0.3983,0.0694,ldsc,21,5000,0.4,1.0
52.5868,0.9312,ldsc,22,5000,0.4,1.0
16.8588,0.3478,ldsc,23,5000,0.4,1.0
7.3078,0.3481,ldsc,24,5000,0.4,1.0
117.4024,32.9269,ldsc,25,5000,0.4,1.0
-0.0376,0.0988,ldsc,26,5000,0.4,1.0
222.8648,32.7907,ldsc,27,5000,0.4,1.0
43.5823,0.6579,ldsc,28,5000,0.4,1.0
75.139,9.1753,ldsc,29,5000,0.4,1.0
57.8271,0.9194,ldsc,30,5000,0.4,1.0
61.0296,0.9222,ldsc,31,5000,0.4,1.0
4.3651,0.2116,ldsc,32,5000,0.4,1.0
37.7633,0.605,ldsc,33,5000,0.4,1.0
4.9972,0.2603,ldsc,34,5000,0.4,1.0
14.8893,0.4557,ldsc,35,5000,0.4,1.0
0.261,0.1132,ldsc,36,5000,0.4,1.0
-0.1192,0.1174,ldsc,37,5000,0.4,1.0
1.8121,0.1624,ldsc,38,5000,0.4,1.0
8.8735,0.3475,ldsc,39,5000,0.4,1.0
63.9552,0.9465,ldsc,40,5000,0.4,1.0
14.0759,0.3815,ldsc,41,5000,0.4,1.0
17.6156,0.5764,ldsc,42,5000,0.4,1.0
4.641,0.2282,ldsc,43,5000,0.4,1.0
2.4675,0.2078,ldsc,44,5000,0.4,1.0
5.7834,0.2678,ldsc,45,5000,0.4,1.0
34.509,0.6511,ldsc,46,5000,0.4,1.0
98.335,20.4565,ldsc,47,5000,0.4,1.0
67.5562,0.889,ldsc,48,5000,0.4,1.0
223.1747,28.9158,ldsc,49,5000,0.4,1.0
12.016,0.4337,ldsc,50,5000,0.4,1.0
50.773,0.8018,ldsc,51,5000,0.4,1.0
15.3358,0.4652,ldsc,52,5000,0.4,1.0
37.3097,0.6988,ldsc,53,5000,0.4,1.0
31.7314,0.6773,ldsc,54,5000,0.4,1.0
34.6401,0.5733,ldsc,55,5000,0.4,1.0
25.3408,0.609,ldsc,56,5000,0.4,1.0
8.8281,0.3743,ldsc,57,5000,0.4,1.0
22.5267,0.5365,ldsc,58,5000,0.4,1.0
48.6498,0.7816,ldsc,59,5000,0.4,1.0
-0.4183,0.0645,ldsc,60,5000,0.4,1.0
41.9478,0.7904,ldsc,61,5000,0.4,1.0
-0.2337,0.0794,ldsc,62,5000,0.4,1.0
40.7108,0.7666,ldsc,63,5000,0.4,1.0
-0.2247,0.0748,ldsc,64,5000,0.4,1.0
36.968,0.6825,ldsc,65,5000,0.4,1.0
22.4211,0.5629,ldsc,66,5000,0.4,1.0
2.478,0.203,ldsc,67,5000,0.4,1.0
63.781,0.8614,ldsc,68,5000,0.4,1.0
51.7687,0.8062,ldsc,69,5000,0.4,1.0
-0.2072,0.0822,ldsc,70,5000,0.4,1.0
1.9623,0.1599,ldsc,71,5000,0.4,1.0
48.5397,0.8312,ldsc,72,5000,0.4,1.0
84.6378,4.7523,ldsc,73,5000,0.4,1.0
21.5972,0.5533,ldsc,74,5000,0.4,1.0
67.9517,1.0268,ldsc,75,5000,0.4,1.0
60.9013,0.8939,ldsc,76,5000,0.4,1.0
37.3939,0.8328,ldsc,77,5000,0.4,1.0
55.212,0.8276,ldsc,78,5000,0.4,1.0
13.9256,0.3805,ldsc,79,5000,0.4,1.0
1.0807,0.1854,ldsc,80,5000,0.4,1.0
86.632,16.6326,ldsc,81,5000,0.4,1.0
36.2006,0.6714,ldsc,82,5000,0.4,1.0
-0.2251,0.0695,ldsc,83,5000,0.4,1.0
30.5536,0.6293,ldsc,84,5000,0.4,1.0
-0.3398,0.0712,ldsc,85,5000,0.4,1.0
40.7409,0.7159,ldsc,86,5000,0.4,1.0
10.0548,0.4079,ldsc,87,5000,0.4,1.0
10.7808,0.3844,ldsc,88,5000,0.4,1.0
1.3001,0.1692,ldsc,89,5000,0.4,1.0
46.5498,0.7427,ldsc,90,5000,0.4,1.0
0.272,0.1087,ldsc,91,5000,0.4,1.0
45.1055,0.7275,ldsc,92,5000,0.4,1.0
85.435,14.8414,ldsc,93,5000,0.4,1.0
42.0221,0.8622,ldsc,94,5000,0.4,1.0
3.0483,0.2436,ldsc,95,5000,0.4,1.0
-0.1367,0.085,ldsc,96,5000,0.4,1.0
13.2709,0.3623,ldsc,97,5000,0.4,1.0
43.3005,0.7529,ldsc,98,5000,0.4,1.0
36.2472,0.6104,ldsc,99,5000,0.4,1.0
0.1792,0.072,ldsc,0,10000,0.4,1.0
0.5474,0.1011,ldsc,1,10000,0.4,1.0
0.4773,0.0868,ldsc,2,10000,0.4,1.0
0.06,0.0629,ldsc,3,10000,0.4,1.0
0.054,0.0703,ldsc,4,10000,0.4,1.0
41.5123,0.7046,ldsc,5,10000,0.4,1.0
60.7828,0.9877,ldsc,6,10000,0.4,1.0
2.4502,0.1516,ldsc,7,10000,0.4,1.0
-0.2363,0.0493,ldsc,8,10000,0.4,1.0
13.2914,0.3277,ldsc,9,10000,0.4,1.0
58.0866,0.7898,ldsc,10,10000,0.4,1.0
0.036,0.0632,ldsc,11,10000,0.4,1.0
83.5049,1.2074,ldsc,12,10000,0.4,1.0
25.0511,0.4477,ldsc,13,10000,0.4,1.0
0.0158,0.0629,ldsc,14,10000,0.4,1.0
6.619,0.2472,ldsc,15,10000,0.4,1.0
3.295,0.1672,ldsc,16,10000,0.4,1.0
17.2565,0.3696,ldsc,17,10000,0.4,1.0
2.2491,0.1472,ldsc,18,10000,0.4,1.0
12.1792,0.3448,ldsc,19,10000,0.4,1.0
18.4491,0.4222,ldsc,20,10000,0.4,1.0
-0.2629,0.044,ldsc,21,10000,0.4,1.0
34.9149,0.6735,ldsc,22,10000,0.4,1.0
10.9626,0.2419,ldsc,23,10000,0.4,1.0
4.7332,0.2206,ldsc,24,10000,0.4,1.0
42.803,0.6514,ldsc,25,10000,0.4,1.0
-0.0271,0.0635,ldsc,26,10000,0.4,1.0
105.5271,21.1603,ldsc,27,10000,0.4,1.0
28.6677,0.4792,ldsc,28,10000,0.4,1.0
51.8826,0.8155,ldsc,29,10000,0.4,1.0
38.6536,0.6712,ldsc,30,10000,0.4,1.0
41.0728,0.7209,ldsc,31,10000,0.4,1.0
2.8268,0.1373,ldsc,32,10000,0.4,1.0
24.6992,0.4248,ldsc,33,10000,0.4,1.0
3.2389,0.1704,ldsc,34,10000,0.4,1.0
9.678,0.3032,ldsc,35,10000,0.4,1.0
0.1677,0.0732,ldsc,36,10000,0.4,1.0
-0.072,0.0759,ldsc,37,10000,0.4,1.0
1.1857,0.1064,ldsc,38,10000,0.4,1.0
5.7535,0.2211,ldsc,39,10000,0.4,1.0
44.6171,0.6839,ldsc,40,10000,0.4,1.0
9.1399,0.2554,ldsc,41,10000,0.4,1.0
11.454,0.3808,ldsc,42,10000,0.4,1.0
2.9909,0.1468,ldsc,43,10000,0.4,1.0
1.5946,0.1353,ldsc,44,10000,0.4,1.0
3.7565,0.1751,ldsc,45,10000,0.4,1.0
22.5562,0.4548,ldsc,46,10000,0.4,1.0
123.4314,28.6455,ldsc,47,10000,0.4,1.0
46.4475,0.7015,ldsc,48,10000,0.4,1.0
122.15,15.7823,ldsc,49,10000,0.4,1.0
7.778,0.275,ldsc,50,10000,0.4,1.0
33.6325,0.5894,ldsc,51,10000,0.4,1.0
9.949,0.3059,ldsc,52,10000,0.4,1.0
24.4159,0.4858,ldsc,53,10000,0.4,1.0
20.6919,0.4493,ldsc,54,10000,0.4,1.0
22.6287,0.411,ldsc,55,10000,0.4,1.0
16.4614,0.3991,ldsc,56,10000,0.4,1.0
5.7287,0.2444,ldsc,57,10000,0.4,1.0
14.6337,0.3474,ldsc,58,10000,0.4,1.0
32.1573,0.5608,ldsc,59,10000,0.4,1.0
-0.2795,0.0402,ldsc,60,10000,0.4,1.0
27.5607,0.5633,ldsc,61,10000,0.4,1.0
-0.1588,0.0501,ldsc,62,10000,0.4,1.0
26.6967,0.5392,ldsc,63,10000,0.4,1.0
-0.1502,0.0471,ldsc,64,10000,0.4,1.0
24.1542,0.4602,ldsc,65,10000,0.4,1.0
14.5712,0.3734,ldsc,66,10000,0.4,1.0
1.6021,0.1327,ldsc,67,10000,0.4,1.0
43.536,0.6617,ldsc,68,10000,0.4,1.0
34.3399,0.5979,ldsc,69,10000,0.4,1.0
-0.1569,0.0519,ldsc,70,10000,0.4,1.0
1.2636,0.1021,ldsc,71,10000,0.4,1.0
32.0781,0.612,ldsc,72,10000,0.4,1.0
58.2963,0.8816,ldsc,73,10000,0.4,1.0
14.0228,0.3595,ldsc,74,10000,0.4,1.0
48.1658,0.7485,ldsc,75,10000,0.4,1.0
40.8774,0.6904,ldsc,76,10000,0.4,1.0
24.4676,0.5754,ldsc,77,10000,0.4,1.0
36.7856,0.6152,ldsc,78,10000,0.4,1.0
9.0494,0.25,ldsc,79,10000,0.4,1.0
0.6998,0.1204,ldsc,80,10000,0.4,1.0
56.4464,0.7987,ldsc,81,10000,0.4,1.0
23.6772,0.4667,ldsc,82,10000,0.4,1.0
-0.1499,0.0436,ldsc,83,10000,0.4,1.0
19.8882,0.4229,ldsc,84,10000,0.4,1.0
-0.2278,0.0445,ldsc,85,10000,0.4,1.0
26.7215,0.502,ldsc,86,10000,0.4,1.0
6.5303,0.2642,ldsc,87,10000,0.4,1.0
7.0001,0.2608,ldsc,88,10000,0.4,1.0
0.8358,0.1095,ldsc,89,10000,0.4,1.0
30.6998,0.5307,ldsc,90,10000,0.4,1.0
0.1755,0.0707,ldsc,91,10000,0.4,1.0
29.6969,0.5104,ldsc,92,10000,0.4,1.0
47.5153,0.7488,ldsc,93,10000,0.4,1.0
27.5967,0.5903,ldsc,94,10000,0.4,1.0
1.9729,0.1582,ldsc,95,10000,0.4,1.0
-0.0982,0.0534,ldsc,96,10000,0.4,1.0
8.6041,0.2412,ldsc,97,10000,0.4,1.0
28.4622,0.5294,ldsc,98,10000,0.4,1.0
23.6932,0.4174,ldsc,99,10000,0.4,1.0
0.1117,0.0465,ldsc,0,20000,0.4,1.0
0.3518,0.0645,ldsc,1,20000,0.4,1.0
0.2997,0.0561,ldsc,2,20000,0.4,1.0
0.0294,0.0408,ldsc,3,20000,0.4,1.0
0.0316,0.0443,ldsc,4,20000,0.4,1.0
27.2887,0.5546,ldsc,5,20000,0.4,1.0
41.2109,0.8295,ldsc,6,20000,0.4,1.0
1.5742,0.0975,ldsc,7,20000,0.4,1.0
-0.1519,0.0314,ldsc,8,20000,0.4,1.0
8.5815,0.2429,ldsc,9,20000,0.4,1.0
39.2971,0.7113,ldsc,10,20000,0.4,1.0
0.0186,0.0399,ldsc,11,20000,0.4,1.0
57.3252,1.1551,ldsc,12,20000,0.4,1.0
16.2441,0.3468,ldsc,13,20000,0.4,1.0
0.0117,0.0399,ldsc,14,20000,0.4,1.0
4.2654,0.1645,ldsc,15,20000,0.4,1.0
2.1335,0.1113,ldsc,16,20000,0.4,1.0
11.1491,0.2739,ldsc,17,20000,0.4,1.0
1.4493,0.0969,ldsc,18,20000,0.4,1.0
7.8639,0.2474,ldsc,19,20000,0.4,1.0
11.9139,0.3125,ldsc,20,20000,0.4,1.0
-0.1677,0.0279,ldsc,21,20000,0.4,1.0
22.7946,0.5231,ldsc,22,20000,0.4,1.0
7.0825,0.181,ldsc,23,20000,0.4,1.0
3.0346,0.1381,ldsc,24,20000,0.4,1.0
28.1935,0.5675,ldsc,25,20000,0.4,1.0
-0.0181,0.0404,ldsc,26,20000,0.4,1.0
64.2119,1.2701,ldsc,27,20000,0.4,1.0
18.6416,0.3959,ldsc,28,20000,0.4,1.0
34.6567,0.6822,ldsc,29,20000,0.4,1.0
25.3144,0.5211,ldsc,30,20000,0.4,1.0
27.0147,0.601,ldsc,31,20000,0.4,1.0
1.8215,0.0902,ldsc,32,20000,0.4,1.0
15.9986,0.3309,ldsc,33,20000,0.4,1.0
2.0873,0.1131,ldsc,34,20000,0.4,1.0
6.2468,0.2114,ldsc,35,20000,0.4,1.0
0.1109,0.0471,ldsc,36,20000,0.4,1.0
-0.0447,0.0487,ldsc,37,20000,0.4,1.0
0.7682,0.0695,ldsc,38,20000,0.4,1.0
3.697,0.1411,ldsc,39,20000,0.4,1.0
29.448,0.5902,ldsc,40,20000,0.4,1.0
5.8883,0.179,ldsc,41,20000,0.4,1.0
7.3987,0.2606,ldsc,42,20000,0.4,1.0
1.9134,0.0952,ldsc,43,20000,0.4,1.0
1.025,0.0882,ldsc,44,20000,0.4,1.0
2.4157,0.1153,ldsc,45,20000,0.4,1.0
14.6225,0.355,ldsc,46,20000,0.4,1.0
50.8301,0.9899,ldsc,47,20000,0.4,1.0
30.7325,0.6092,ldsc,48,20000,0.4,1.0
72.8953,1.4215,ldsc,49,20000,0.4,1.0
4.9939,0.1809,ldsc,50,20000,0.4,1.0
21.9488,0.4694,ldsc,51,20000,0.4,1.0
6.4152,0.2153,ldsc,52,20000,0.4,1.0
15.8259,0.365,ldsc,53,20000,0.4,1.0
13.382,0.3319,ldsc,54,20000,0.4,1.0
14.6502,0.3263,ldsc,55,20000,0.4,1.0
10.6,0.2764,ldsc,56,20000,0.4,1.0
3.6947,0.1662,ldsc,57,20000,0.4,1.0
9.4277,0.2402,ldsc,58,20000,0.4,1.0
20.9403,0.4389,ldsc,59,20000,0.4,1.0
-0.1799,0.0266,ldsc,60,20000,0.4,1.0
17.8926,0.4205,ldsc,61,20000,0.4,1.0
-0.103,0.0315,ldsc,62,20000,0.4,1.0
17.3026,0.3872,ldsc,63,20000,0.4,1.0
-0.0923,0.0298,ldsc,64,20000,0.4,1.0
15.624,0.3434,ldsc,65,20000,0.4,1.0
9.3955,0.2597,ldsc,66,20000,0.4,1.0
1.0299,0.0878,ldsc,67,20000,0.4,1.0
28.6771,0.5508,ldsc,68,20000,0.4,1.0
22.4269,0.4791,ldsc,69,20000,0.4,1.0
-0.1112,0.0329,ldsc,70,20000,0.4,1.0
0.8057,0.064,ldsc,71,20000,0.4,1.0
20.8949,0.4697,ldsc,72,20000,0.4,1.0
39.4943,0.7655,ldsc,73,20000,0.4,1.0
9.0306,0.2446,ldsc,74,20000,0.4,1.0
31.9606,0.6334,ldsc,75,20000,0.4,1.0
26.8312,0.5465,ldsc,76,20000,0.4,1.0
15.8569,0.4229,ldsc,77,20000,0.4,1.0
24.0663,0.4933,ldsc,78,20000,0.4,1.0
5.8451,0.1785,ldsc,79,20000,0.4,1.0
0.4465,0.0774,ldsc,80,20000,0.4,1.0
38.0569,0.7127,ldsc,81,20000,0.4,1.0
15.343,0.3654,ldsc,82,20000,0.4,1.0
-0.097,0.0277,ldsc,83,20000,0.4,1.0
12.8391,0.313,ldsc,84,20000,0.4,1.0
-0.1506,0.0281,ldsc,85,20000,0.4,1.0
17.3242,0.3811,ldsc,86,20000,0.4,1.0
4.2152,0.1743,ldsc,87,20000,0.4,1.0
4.5177,0.1791,ldsc,88,20000,0.4,1.0
0.5324,0.0701,ldsc,89,20000,0.4,1.0
19.9604,0.4153,ldsc,90,20000,0.4,1.0
0.1098,0.0452,ldsc,91,20000,0.4,1.0
19.3036,0.3929,ldsc,92,20000,0.4,1.0
31.4774,0.6192,ldsc,93,20000,0.4,1.0
17.9237,0.4413,ldsc,94,20000,0.4,1.0
1.2717,0.1017,ldsc,95,20000,0.4,1.0
-0.0653,0.034,ldsc,96,20000,0.4,1.0
5.5496,0.1716,ldsc,97,20000,0.4,1.0
18.504,0.4092,ldsc,98,20000,0.4,1.0
15.3399,0.3126,ldsc,99,20000,0.4,1.0
0.0831,0.0342,ldsc,0,30000,0.4,1.0
0.2618,0.0479,ldsc,1,30000,0.4,1.0
0.2162,0.0414,ldsc,2,30000,0.4,1.0
0.0158,0.0296,ldsc,3,30000,0.4,1.0
0.024,0.0318,ldsc,4,30000,0.4,1.0
20.6588,0.5801,ldsc,5,30000,0.4,1.0
31.4785,0.8649,ldsc,6,30000,0.4,1.0
1.1841,0.0789,ldsc,7,30000,0.4,1.0
-0.1079,0.0221,ldsc,8,30000,0.4,1.0
6.4591,0.235,ldsc,9,30000,0.4,1.0
29.9734,0.7704,ldsc,10,30000,0.4,1.0
0.0108,0.0284,ldsc,11,30000,0.4,1.0
44.7611,1.2304,ldsc,12,30000,0.4,1.0
12.2409,0.3705,ldsc,13,30000,0.4,1.0
0.0093,0.0285,ldsc,14,30000,0.4,1.0
3.204,0.1452,ldsc,15,30000,0.4,1.0
1.6157,0.0947,ldsc,16,30000,0.4,1.0
8.4069,0.2854,ldsc,17,30000,0.4,1.0
1.0819,0.0755,ldsc,18,30000,0.4,1.0
5.9149,0.2292,ldsc,19,30000,0.4,1.0
8.9508,0.3066,ldsc,20,30000,0.4,1.0
-0.1212,0.0199,ldsc,21,30000,0.4,1.0
17.1822,0.5122,ldsc,22,30000,0.4,1.0
5.302,0.1723,ldsc,23,30000,0.4,1.0
2.2718,0.1155,ldsc,24,30000,0.4,1.0
21.403,0.6155,ldsc,25,30000,0.4,1.0
-0.0121,0.0293,ldsc,26,30000,0.4,1.0
50.7178,1.3079,ldsc,27,30000,0.4,1.0
14.0915,0.4329,ldsc,28,30000,0.4,1.0
26.2956,0.6781,ldsc,29,30000,0.4,1.0
19.1779,0.5622,ldsc,30,30000,0.4,1.0
20.5303,0.6264,ldsc,31,30000,0.4,1.0
1.3542,0.0712,ldsc,32,30000,0.4,1.0
12.054,0.3563,ldsc,33,30000,0.4,1.0
1.5659,0.0917,ldsc,34,30000,0.4,1.0
4.6831,0.1839,ldsc,35,30000,0.4,1.0
0.0815,0.0343,ldsc,36,30000,0.4,1.0
-0.0334,0.0345,ldsc,37,30000,0.4,1.0
0.5713,0.0536,ldsc,38,30000,0.4,1.0
2.7495,0.117,ldsc,39,30000,0.4,1.0
22.3615,0.6382,ldsc,40,30000,0.4,1.0
4.4116,0.1642,ldsc,41,30000,0.4,1.0
5.5857,0.2384,ldsc,42,30000,0.4,1.0
1.4264,0.075,ldsc,43,30000,0.4,1.0
0.7635,0.0693,ldsc,44,30000,0.4,1.0
1.8167,0.0998,ldsc,45,30000,0.4,1.0
10.9742,0.3267,ldsc,46,30000,0.4,1.0
39.2624,1.0507,ldsc,47,30000,0.4,1.0
23.3461,0.6592,ldsc,48,30000,0.4,1.0
58.7599,1.4619,ldsc,49,30000,0.4,1.0
3.7307,0.1563,ldsc,50,30000,0.4,1.0
16.5578,0.4857,ldsc,51,30000,0.4,1.0
4.8324,0.2016,ldsc,52,30000,0.4,1.0
11.9433,0.3706,ldsc,53,30000,0.4,1.0
10.0423,0.313,ldsc,54,30000,0.4,1.0
11.0268,0.3353,ldsc,55,30000,0.4,1.0
7.9455,0.2617,ldsc,56,30000,0.4,1.0
2.805,0.1487,ldsc,57,30000,0.4,1.0
7.0601,0.2256,ldsc,58,30000,0.4,1.0
15.8076,0.4658,ldsc,59,30000,0.4,1.0
-0.1297,0.0208,ldsc,60,30000,0.4,1.0
13.4664,0.405,ldsc,61,30000,0.4,1.0
-0.0773,0.0224,ldsc,62,30000,0.4,1.0
13.013,0.3864,ldsc,63,30000,0.4,1.0
-0.0627,0.0216,ldsc,64,30000,0.4,1.0
11.7512,0.3516,ldsc,65,30000,0.4,1.0
7.0568,0.2449,ldsc,66,30000,0.4,1.0
0.7709,0.0688,ldsc,67,30000,0.4,1.0
21.7372,0.5952,ldsc,68,30000,0.4,1.0
16.9608,0.4951,ldsc,69,30000,0.4,1.0
-0.0858,0.024,ldsc,70,30000,0.4,1.0
0.5961,0.0497,ldsc,71,30000,0.4,1.0
15.7682,0.4806,ldsc,72,30000,0.4,1.0
30.1607,0.8088,ldsc,73,30000,0.4,1.0
6.7652,0.2307,ldsc,74,30000,0.4,1.0
24.2688,0.6704,ldsc,75,30000,0.4,1.0
20.3251,0.5747,ldsc,76,30000,0.4,1.0
11.9314,0.4021,ldsc,77,30000,0.4,1.0
18.1681,0.5131,ldsc,78,30000,0.4,1.0
4.3836,0.1621,ldsc,79,30000,0.4,1.0
0.3279,0.0572,ldsc,80,30000,0.4,1.0
29.0144,0.7525,ldsc,81,30000,0.4,1.0
11.5669,0.3732,ldsc,82,30000,0.4,1.0
-0.0709,0.0202,ldsc,83,30000,0.4,1.0
9.6306,0.3042,ldsc,84,30000,0.4,1.0
-0.1075,0.0206,ldsc,85,30000,0.4,1.0
13.0512,0.3947,ldsc,86,30000,0.4,1.0
3.1567,0.1442,ldsc,87,30000,0.4,1.0
3.3746,0.1456,ldsc,88,30000,0.4,1.0
0.3858,0.0513,ldsc,89,30000,0.4,1.0
15.0391,0.4329,ldsc,90,30000,0.4,1.0
0.0796,0.033,ldsc,91,30000,0.4,1.0
14.5349,0.4022,ldsc,92,30000,0.4,1.0
23.8628,0.6409,ldsc,93,30000,0.4,1.0
13.5559,0.4518,ldsc,94,30000,0.4,1.0
0.9529,0.0797,ldsc,95,30000,0.4,1.0
-0.0488,0.0246,ldsc,96,30000,0.4,1.0
4.1732,0.1602,ldsc,97,30000,0.4,1.0
13.9358,0.4133,ldsc,98,30000,0.4,1.0
11.5374,0.3264,ldsc,99,30000,0.4,1.0
0.03,0.0151,ldsc,0,50000,0.4,1.0
0.1215,0.0243,ldsc,1,50000,0.4,1.0
0.0945,0.0196,ldsc,2,50000,0.4,1.0
0.0052,0.0121,ldsc,3,50000,0.4,1.0
0.0102,0.0123,ldsc,4,50000,0.4,1.0
12.0926,0.6702,ldsc,5,50000,0.4,1.0
18.5765,1.0341,ldsc,6,50000,0.4,1.0
0.6451,0.058,ldsc,7,50000,0.4,1.0
-0.0441,0.0088,ldsc,8,50000,0.4,1.0
3.7971,0.2387,ldsc,9,50000,0.4,1.0
17.7654,0.9826,ldsc,10,50000,0.4,1.0
0.0051,0.0112,ldsc,11,50000,0.4,1.0
26.6404,1.4665,ldsc,12,50000,0.4,1.0
7.2159,0.4289,ldsc,13,50000,0.4,1.0
0.0081,0.0112,ldsc,14,50000,0.4,1.0
1.886,0.1285,ldsc,15,50000,0.4,1.0
0.9563,0.0747,ldsc,16,50000,0.4,1.0
4.8926,0.2961,ldsc,17,50000,0.4,1.0
0.5895,0.0537,ldsc,18,50000,0.4,1.0
3.424,0.2169,ldsc,19,50000,0.4,1.0
5.1455,0.3044,ldsc,20,50000,0.4,1.0
-0.0451,0.0095,ldsc,21,50000,0.4,1.0
9.9663,0.5559,ldsc,22,50000,0.4,1.0
3.0266,0.1786,ldsc,23,50000,0.4,1.0
1.332,0.102,ldsc,24,50000,0.4,1.0
12.5733,0.7125,ldsc,25,50000,0.4,1.0
-0.0082,0.0115,ldsc,26,50000,0.4,1.0
30.1866,1.6325,ldsc,27,50000,0.4,1.0
8.2789,0.4785,ldsc,28,50000,0.4,1.0
15.4802,0.841,ldsc,29,50000,0.4,1.0
11.344,0.6537,ldsc,30,50000,0.4,1.0
12.0929,0.6904,ldsc,31,50000,0.4,1.0
0.7337,0.0581,ldsc,32,50000,0.4,1.0
7.0365,0.4034,ldsc,33,50000,0.4,1.0
0.917,0.0686,ldsc,34,50000,0.4,1.0
2.7215,0.1728,ldsc,35,50000,0.4,1.0
0.0372,0.0142,ldsc,36,50000,0.4,1.0
-0.0106,0.0131,ldsc,37,50000,0.4,1.0
0.2913,0.0344,ldsc,38,50000,0.4,1.0
1.6398,0.1169,ldsc,39,50000,0.4,1.0
13.1616,0.7359,ldsc,40,50000,0.4,1.0
2.5693,0.1567,ldsc,41,50000,0.4,1.0
3.265,0.2116,ldsc,42,50000,0.4,1.0
0.8034,0.0652,ldsc,43,50000,0.4,1.0
0.3997,0.0487,ldsc,44,50000,0.4,1.0
1.0701,0.0838,ldsc,45,50000,0.4,1.0
6.3618,0.3644,ldsc,46,50000,0.4,1.0
23.2407,1.2765,ldsc,47,50000,0.4,1.0
13.7276,0.7751,ldsc,48,50000,0.4,1.0
35.3854,1.8765,ldsc,49,50000,0.4,1.0
2.172,0.1489,ldsc,50,50000,0.4,1.0
9.5613,0.5285,ldsc,51,50000,0.4,1.0
2.7911,0.1867,ldsc,52,50000,0.4,1.0
7.0789,0.415,ldsc,53,50000,0.4,1.0
5.86,0.3446,ldsc,54,50000,0.4,1.0
6.3066,0.3544,ldsc,55,50000,0.4,1.0
4.6486,0.2792,ldsc,56,50000,0.4,1.0
1.6676,0.1265,ldsc,57,50000,0.4,1.0
4.047,0.2412,ldsc,58,50000,0.4,1.0
9.3134,0.5398,ldsc,59,50000,0.4,1.0
-0.0534,0.0095,ldsc,60,50000,0.4,1.0
7.8019,0.4359,ldsc,61,50000,0.4,1.0
-0.0296,0.0087,ldsc,62,50000,0.4,1.0
7.5105,0.4295,ldsc,63,50000,0.4,1.0
-0.0207,0.0095,ldsc,64,50000,0.4,1.0
6.8415,0.3984,ldsc,65,50000,0.4,1.0
4.1861,0.2668,ldsc,66,50000,0.4,1.0
0.3951,0.0402,ldsc,67,50000,0.4,1.0
12.8294,0.7151,ldsc,68,50000,0.4,1.0
9.9045,0.5529,ldsc,69,50000,0.4,1.0
-0.0323,0.0096,ldsc,70,50000,0.4,1.0
0.31,0.0364,ldsc,71,50000,0.4,1.0
9.2063,0.5298,ldsc,72,50000,0.4,1.0
17.893,1.005,ldsc,73,50000,0.4,1.0
3.9894,0.2507,ldsc,74,50000,0.4,1.0
14.154,0.7694,ldsc,75,50000,0.4,1.0
11.9346,0.6782,ldsc,76,50000,0.4,1.0
6.9552,0.4194,ldsc,77,50000,0.4,1.0
10.5726,0.5895,ldsc,78,50000,0.4,1.0
2.5037,0.1531,ldsc,79,50000,0.4,1.0
0.1586,0.0315,ldsc,80,50000,0.4,1.0
17.2575,0.9607,ldsc,81,50000,0.4,1.0
6.6715,0.3895,ldsc,82,50000,0.4,1.0
-0.0287,0.0078,ldsc,83,50000,0.4,1.0
5.5384,0.3168,ldsc,84,50000,0.4,1.0
-0.037,0.0091,ldsc,85,50000,0.4,1.0
7.7809,0.4615,ldsc,86,50000,0.4,1.0
1.8397,0.1284,ldsc,87,50000,0.4,1.0
1.8841,0.1143,ldsc,88,50000,0.4,1.0
0.1846,0.0308,ldsc,89,50000,0.4,1.0
8.8427,0.5122,ldsc,90,50000,0.4,1.0
0.0325,0.0143,ldsc,91,50000,0.4,1.0
8.4172,0.4683,ldsc,92,50000,0.4,1.0
14.2144,0.7958,ldsc,93,50000,0.4,1.0
7.9596,0.4829,ldsc,94,50000,0.4,1.0
0.5118,0.0504,ldsc,95,50000,0.4,1.0
-0.0164,0.0107,ldsc,96,50000,0.4,1.0
2.4349,0.1567,ldsc,97,50000,0.4,1.0
8.085,0.4559,ldsc,98,50000,0.4,1.0
6.7082,0.3811,ldsc,99,50000,0.4,1.0
3.9537,0.3329,ldsc,0,1000,0.4,0.1
63.0187,1.6142,ldsc,1,1000,0.4,0.1
165.6215,3.0432,ldsc,2,1000,0.4,0.1
20.3838,0.7602,ldsc,3,1000,0.4,0.1
256.1296,5.1786,ldsc,4,1000,0.4,0.1
153.1123,2.9953,ldsc,5,1000,0.4,0.1
68.6729,1.5916,ldsc,6,1000,0.4,0.1
300.1091,5.6332,ldsc,7,1000,0.4,0.1
233.6909,4.418,ldsc,8,1000,0.4,0.1
40.2382,1.1175,ldsc,9,1000,0.4,0.1
-0.5343,0.1608,ldsc,10,1000,0.4,0.1
21.4976,0.6965,ldsc,11,1000,0.4,0.1
97.5979,2.1378,ldsc,12,1000,0.4,0.1
64.362,1.6731,ldsc,13,1000,0.4,0.1
176.2121,3.4307,ldsc,14,1000,0.4,0.1
3.7558,0.338,ldsc,15,1000,0.4,0.1
152.9725,3.0479,ldsc,16,1000,0.4,0.1
22.1166,0.823,ldsc,17,1000,0.4,0.1
0.2465,0.251,ldsc,18,1000,0.4,0.1
189.9617,3.774,ldsc,19,1000,0.4,0.1
171.1804,3.6126,ldsc,20,1000,0.4,0.1
18.4167,0.717,ldsc,21,1000,0.4,0.1
2.415,0.3192,ldsc,22,1000,0.4,0.1
0.6333,0.2015,ldsc,23,1000,0.4,0.1
12.4919,0.6336,ldsc,24,1000,0.4,0.1
13.2434,0.6616,ldsc,25,1000,0.4,0.1
2.4193,0.3155,ldsc,26,1000,0.4,0.1
97.6277,2.1219,ldsc,27,1000,0.4,0.1
84.3109,1.8168,ldsc,28,1000,0.4,0.1
20.3399,0.8361,ldsc,29,1000,0.4,0.1
7.9305,0.5698,ldsc,30,1000,0.4,0.1
4.1966,0.3922,ldsc,31,1000,0.4,0.1
2.0983,0.3244,ldsc,32,1000,0.4,0.1
13.9013,0.6148,ldsc,33,1000,0.4,0.1
2.2503,0.3596,ldsc,34,1000,0.4,0.1
43.19,1.277,ldsc,35,1000,0.4,0.1
-0.0769,0.2114,ldsc,36,1000,0.4,0.1
173.7897,3.1584,ldsc,37,1000,0.4,0.1
17.7656,0.7877,ldsc,38,1000,0.4,0.1
84.0971,1.6505,ldsc,39,1000,0.4,0.1
64.4855,1.5285,ldsc,40,1000,0.4,0.1
-0.7056,0.1378,ldsc,41,1000,0.4,0.1
2.2515,0.3046,ldsc,42,1000,0.4,0.1
11.1161,0.558,ldsc,43,1000,0.4,0.1
-0.6736,0.1499,ldsc,44,1000,0.4,0.1
34.4556,1.051,ldsc,45,1000,0.4,0.1
175.9607,3.3431,ldsc,46,1000,0.4,0.1
59.4003,1.4556,ldsc,47,1000,0.4,0.1
14.3779,0.6665,ldsc,48,1000,0.4,0.1
85.8426,1.8143,ldsc,49,1000,0.4,0.1
12.4557,0.6924,ldsc,50,1000,0.4,0.1
37.8419,1.0504,ldsc,51,1000,0.4,0.1
0.2884,0.2591,ldsc,52,1000,0.4,0.1
127.7524,2.4696,ldsc,53,1000,0.4,0.1
51.7198,1.395,ldsc,54,1000,0.4,0.1
207.0443,3.7278,ldsc,55,1000,0.4,0.1
105.6417,2.1099,ldsc,56,1000,0.4,0.1
103.0452,2.122,ldsc,57,1000,0.4,0.1
1.4852,0.3046,ldsc,58,1000,0.4,0.1
18.4336,0.7537,ldsc,59,1000,0.4,0.1
6.8645,0.4769,ldsc,60,1000,0.4,0.1
128.423,2.4745,ldsc,61,1000,0.4,0.1
10.4708,0.475,ldsc,62,1000,0.4,0.1
2.2086,0.3005,ldsc,63,1000,0.4,0.1
110.2299,2.1346,ldsc,64,1000,0.4,0.1
158.2911,3.4575,ldsc,65,1000,0.4,0.1
10.2624,0.572,ldsc,66,1000,0.4,0.1
-0.2458,0.159,ldsc,67,1000,0.4,0.1
147.7365,2.8036,ldsc,68,1000,0.4,0.1
97.8191,2.2873,ldsc,69,1000,0.4,0.1
5.0294,0.4792,ldsc,70,1000,0.4,0.1
-0.3486,0.1797,ldsc,71,1000,0.4,0.1
57.3732,1.5827,ldsc,72,1000,0.4,0.1
1.1863,0.2648,ldsc,73,1000,0.4,0.1
16.0852,0.6855,ldsc,74,1000,0.4,0.1
144.337,3.2197,ldsc,75,1000,0.4,0.1
4.147,0.3466,ldsc,76,1000,0.4,0.1
39.0364,1.0647,ldsc,77,1000,0.4,0.1
53.0311,1.3173,ldsc,78,1000,0.4,0.1
35.2402,1.0607,ldsc,79,1000,0.4,0.1
2.3602,0.4669,ldsc,80,1000,0.4,0.1
42.3663,1.1767,ldsc,81,1000,0.4,0.1
55.4573,1.3515,ldsc,82,1000,0.4,0.1
-0.3085,0.1772,ldsc,83,1000,0.4,0.1
9.0741,0.4778,ldsc,84,1000,0.4,0.1
9.2572,0.5304,ldsc,85,1000,0.4,0.1
35.7853,1.1278,ldsc,86,1000,0.4,0.1
50.499,1.4511,ldsc,87,1000,0.4,0.1
17.4536,0.6444,ldsc,88,1000,0.4,0.1
1.4921,0.2563,ldsc,89,1000,0.4,0.1
-0.2844,0.1926,ldsc,90,1000,0.4,0.1
58.3064,1.4799,ldsc,91,1000,0.4,0.1
31.9023,0.7913,ldsc,92,1000,0.4,0.1
113.0024,2.6284,ldsc,93,1000,0.4,0.1
33.1311,1.2121,ldsc,94,1000,0.4,0.1
229.8707,4.5534,ldsc,95,1000,0.4,0.1
84.3422,1.9642,ldsc,96,1000,0.4,0.1
132.7302,2.5884,ldsc,97,1000,0.4,0.1
54.0147,1.3024,ldsc,98,1000,0.4,0.1
0.0392,0.167,ldsc,99,1000,0.4,0.1
3.3371,0.2719,ldsc,0,2000,0.4,0.1
52.9997,1.0718,ldsc,1,2000,0.4,0.1
134.6944,2.6381,ldsc,2,2000,0.4,0.1
17.3202,0.5852,ldsc,3,2000,0.4,0.1
223.721,3.0736,ldsc,4,2000,0.4,0.1
150.9998,26.0376,ldsc,5,2000,0.4,0.1
57.5958,1.158,ldsc,6,2000,0.4,0.1
264.9824,3.7077,ldsc,7,2000,0.4,0.1
254.9617,17.7803,ldsc,8,2000,0.4,0.1
33.9614,0.8213,ldsc,9,2000,0.4,0.1
-0.5186,0.1212,ldsc,10,2000,0.4,0.1
18.2594,0.5334,ldsc,11,2000,0.4,0.1
80.4093,1.2566,ldsc,12,2000,0.4,0.1
54.2733,1.1629,ldsc,13,2000,0.4,0.1
145.5281,2.7247,ldsc,14,2000,0.4,0.1
3.152,0.2766,ldsc,15,2000,0.4,0.1
140.9253,23.653,ldsc,16,2000,0.4,0.1
18.767,0.6296,ldsc,17,2000,0.4,0.1
0.1802,0.2006,ldsc,18,2000,0.4,0.1
49.129,107.4327,ldsc,19,2000,0.4,0.1
141.0096,2.5717,ldsc,20,2000,0.4,0.1
15.6317,0.5515,ldsc,21,2000,0.4,0.1
2.0471,0.2566,ldsc,22,2000,0.4,0.1
0.4966,0.161,ldsc,23,2000,0.4,0.1
10.6072,0.4996,ldsc,24,2000,0.4,0.1
11.2554,0.5218,ldsc,25,2000,0.4,0.1
2.0085,0.2542,ldsc,26,2000,0.4,0.1
80.5449,1.2893,ldsc,27,2000,0.4,0.1
69.6705,1.1807,ldsc,28,2000,0.4,0.1
17.3162,0.64,ldsc,29,2000,0.4,0.1
6.6785,0.4583,ldsc,30,2000,0.4,0.1
3.5313,0.3262,ldsc,31,2000,0.4,0.1
1.7906,0.2606,ldsc,32,2000,0.4,0.1
11.7363,0.5008,ldsc,33,2000,0.4,0.1
1.8667,0.2856,ldsc,34,2000,0.4,0.1
36.5595,0.971,ldsc,35,2000,0.4,0.1
-0.1145,0.1644,ldsc,36,2000,0.4,0.1
138.8362,1.9563,ldsc,37,2000,0.4,0.1
15.063,0.6047,ldsc,38,2000,0.4,0.1
69.7238,1.1333,ldsc,39,2000,0.4,0.1
54.2143,1.063,ldsc,40,2000,0.4,0.1
-0.6375,0.105,ldsc,41,2000,0.4,0.1
1.8986,0.2469,ldsc,42,2000,0.4,0.1
9.4998,0.4463,ldsc,43,2000,0.4,0.1
-0.6264,0.1122,ldsc,44,2000,0.4,0.1
29.1965,0.7945,ldsc,45,2000,0.4,0.1
142.0584,2.1962,ldsc,46,2000,0.4,0.1
49.8467,1.0098,ldsc,47,2000,0.4,0.1
12.2038,0.5222,ldsc,48,2000,0.4,0.1
70.9776,1.2256,ldsc,49,2000,0.4,0.1
10.5833,0.5626,ldsc,50,2000,0.4,0.1
32.0437,0.7723,ldsc,51,2000,0.4,0.1
0.2164,0.2075,ldsc,52,2000,0.4,0.1
63.3033,27.0685,ldsc,53,2000,0.4,0.1
43.6291,1.0152,ldsc,54,2000,0.4,0.1
125.4364,8.6038,ldsc,55,2000,0.4,0.1
86.4786,1.242,ldsc,56,2000,0.4,0.1
84.2861,1.2631,ldsc,57,2000,0.4,0.1
1.2285,0.2426,ldsc,58,2000,0.4,0.1
15.6141,0.5831,ldsc,59,2000,0.4,0.1
5.7745,0.3902,ldsc,60,2000,0.4,0.1
103.0512,15.9977,ldsc,61,2000,0.4,0.1
8.8747,0.3761,ldsc,62,2000,0.4,0.1
1.8097,0.2445,ldsc,63,2000,0.4,0.1
108.3193,26.0248,ldsc,64,2000,0.4,0.1
128.9934,17.9742,ldsc,65,2000,0.4,0.1
8.7312,0.4491,ldsc,66,2000,0.4,0.1
-0.2755,0.1212,ldsc,67,2000,0.4,0.1
78.3595,20.4541,ldsc,68,2000,0.4,0.1
80.8922,1.4228,ldsc,69,2000,0.4,0.1
4.1896,0.3864,ldsc,70,2000,0.4,0.1
-0.3504,0.1404,ldsc,71,2000,0.4,0.1
48.2811,1.1353,ldsc,72,2000,0.4,0.1
0.9468,0.2144,ldsc,73,2000,0.4,0.1
13.668,0.5457,ldsc,74,2000,0.4,0.1
53.1398,18.9671,ldsc,75,2000,0.4,0.1
3.4747,0.2798,ldsc,76,2000,0.4,0.1
33.0746,0.7478,ldsc,77,2000,0.4,0.1
44.6214,0.9378,ldsc,78,2000,0.4,0.1
29.8396,0.7636,ldsc,79,2000,0.4,0.1
1.9508,0.3756,ldsc,80,2000,0.4,0.1
35.7311,0.8881,ldsc,81,2000,0.4,0.1
46.7126,0.9486,ldsc,82,2000,0.4,0.1
-0.3273,0.1334,ldsc,83,2000,0.4,0.1
7.7287,0.3735,ldsc,84,2000,0.4,0.1
7.9214,0.4297,ldsc,85,2000,0.4,0.1
30.1813,0.8383,ldsc,86,2000,0.4,0.1
42.7124,1.0256,ldsc,87,2000,0.4,0.1
14.8468,0.5071,ldsc,88,2000,0.4,0.1
1.2502,0.2024,ldsc,89,2000,0.4,0.1
-0.2477,0.1472,ldsc,90,2000,0.4,0.1
49.1254,1.0101,ldsc,91,2000,0.4,0.1
26.8839,0.6034,ldsc,92,2000,0.4,0.1
83.5074,18.5992,ldsc,93,2000,0.4,0.1
28.0303,0.9132,ldsc,94,2000,0.4,0.1
192.9181,47.8723,ldsc,95,2000,0.4,0.1
70.1166,1.2839,ldsc,96,2000,0.4,0.1
163.7263,34.5612,ldsc,97,2000,0.4,0.1
45.6733,0.8935,ldsc,98,2000,0.4,0.1
0.0189,0.1313,ldsc,99,2000,0.4,0.1
2.7941,0.2259,ldsc,0,3000,0.4,0.1
44.2218,0.8325,ldsc,1,3000,0.4,0.1
104.0264,23.4292,ldsc,2,3000,0.4,0.1
14.5492,0.4764,ldsc,3,3000,0.4,0.1
190.8178,28.8365,ldsc,4,3000,0.4,0.1
71.0597,13.6838,ldsc,5,3000,0.4,0.1
48.0197,0.9469,ldsc,6,3000,0.4,0.1
164.0326,6.081,ldsc,7,3000,0.4,0.1
211.1028,18.511,ldsc,8,3000,0.4,0.1
28.4161,0.661,ldsc,9,3000,0.4,0.1
-0.4622,0.0967,ldsc,10,3000,0.4,0.1
15.3224,0.4339,ldsc,11,3000,0.4,0.1
66.9908,0.9772,ldsc,12,3000,0.4,0.1
45.3215,0.9258,ldsc,13,3000,0.4,0.1
127.0956,19.3519,ldsc,14,3000,0.4,0.1
2.635,0.2313,ldsc,15,3000,0.4,0.1
95.3282,31.8063,ldsc,16,3000,0.4,0.1
15.746,0.5096,ldsc,17,3000,0.4,0.1
0.1447,0.1648,ldsc,18,3000,0.4,0.1
189.3194,61.0936,ldsc,19,3000,0.4,0.1
144.7463,16.8454,ldsc,20,3000,0.4,0.1
13.121,0.448,ldsc,21,3000,0.4,0.1
1.7153,0.212,ldsc,22,3000,0.4,0.1
0.4049,0.1329,ldsc,23,3000,0.4,0.1
8.9069,0.4084,ldsc,24,3000,0.4,0.1
9.4514,0.4282,ldsc,25,3000,0.4,0.1
1.6758,0.2103,ldsc,26,3000,0.4,0.1
67.0952,1.0162,ldsc,27,3000,0.4,0.1
57.924,0.9501,ldsc,28,3000,0.4,0.1
14.5462,0.5166,ldsc,29,3000,0.4,0.1
5.5969,0.3797,ldsc,30,3000,0.4,0.1
2.9586,0.2741,ldsc,31,3000,0.4,0.1
1.5051,0.2143,ldsc,32,3000,0.4,0.1
9.832,0.4178,ldsc,33,3000,0.4,0.1
1.5546,0.2343,ldsc,34,3000,0.4,0.1
30.6239,0.8012,ldsc,35,3000,0.4,0.1
-0.1087,0.1341,ldsc,36,3000,0.4,0.1
126.0752,3.075,ldsc,37,3000,0.4,0.1
12.6334,0.4893,ldsc,38,3000,0.4,0.1
58.0038,0.9199,ldsc,39,3000,0.4,0.1
45.2193,0.8456,ldsc,40,3000,0.4,0.1
-0.5515,0.0847,ldsc,41,3000,0.4,0.1
1.5861,0.2039,ldsc,42,3000,0.4,0.1
7.9988,0.3689,ldsc,43,3000,0.4,0.1
-0.546,0.0894,ldsc,44,3000,0.4,0.1
24.4662,0.6484,ldsc,45,3000,0.4,0.1
152.0942,53.5358,ldsc,46,3000,0.4,0.1
41.578,0.8052,ldsc,47,3000,0.4,0.1
10.2472,0.4262,ldsc,48,3000,0.4,0.1
59.0495,0.996,ldsc,49,3000,0.4,0.1
8.8891,0.4644,ldsc,50,3000,0.4,0.1
26.8416,0.6229,ldsc,51,3000,0.4,0.1
0.1736,0.1709,ldsc,52,3000,0.4,0.1
52.168,45.5167,ldsc,53,3000,0.4,0.1
36.4927,0.8192,ldsc,54,3000,0.4,0.1
173.751,28.5801,ldsc,55,3000,0.4,0.1
90.3765,31.5207,ldsc,56,3000,0.4,0.1
71.1482,0.9624,ldsc,57,3000,0.4,0.1
1.0213,0.1988,ldsc,58,3000,0.4,0.1
13.088,0.477,ldsc,59,3000,0.4,0.1
4.8275,0.3259,ldsc,60,3000,0.4,0.1
101.996,19.7807,ldsc,61,3000,0.4,0.1
7.4503,0.3101,ldsc,62,3000,0.4,0.1
1.4927,0.2028,ldsc,63,3000,0.4,0.1
73.7463,1.2365,ldsc,64,3000,0.4,0.1
121.1009,13.4265,ldsc,65,3000,0.4,0.1
7.3468,0.3672,ldsc,66,3000,0.4,0.1
-0.2602,0.0979,ldsc,67,3000,0.4,0.1
96.606,16.7316,ldsc,68,3000,0.4,0.1
67.3781,1.1293,ldsc,69,3000,0.4,0.1
3.4898,0.3185,ldsc,70,3000,0.4,0.1
-0.3136,0.1141,ldsc,71,3000,0.4,0.1
40.338,0.9092,ldsc,72,3000,0.4,0.1
0.7666,0.1777,ldsc,73,3000,0.4,0.1
11.4822,0.4492,ldsc,74,3000,0.4,0.1
105.5622,16.5384,ldsc,75,3000,0.4,0.1
2.8967,0.2311,ldsc,76,3000,0.4,0.1
27.6973,0.5816,ldsc,77,3000,0.4,0.1
37.2538,0.7509,ldsc,78,3000,0.4,0.1
24.9883,0.6044,ldsc,79,3000,0.4,0.1
1.6245,0.3105,ldsc,80,3000,0.4,0.1
29.8902,0.7279,ldsc,81,3000,0.4,0.1
39.025,0.76,ldsc,82,3000,0.4,0.1
-0.2987,0.1067,ldsc,83,3000,0.4,0.1
6.5077,0.3038,ldsc,84,3000,0.4,0.1
6.6734,0.3575,ldsc,85,3000,0.4,0.1
25.2478,0.6831,ldsc,86,3000,0.4,0.1
35.7475,0.808,ldsc,87,3000,0.4,0.1
12.4777,0.4193,ldsc,88,3000,0.4,0.1
1.041,0.1656,ldsc,89,3000,0.4,0.1
-0.2086,0.119,ldsc,90,3000,0.4,0.1
41.0239,0.7958,ldsc,91,3000,0.4,0.1
22.4969,0.4971,ldsc,92,3000,0.4,0.1
104.5476,11.5752,ldsc,93,3000,0.4,0.1
23.4731,0.7354,ldsc,94,3000,0.4,0.1
153.9897,40.3193,ldsc,95,3000,0.4,0.1
58.3489,1.0257,ldsc,96,3000,0.4,0.1
92.2713,16.8573,ldsc,97,3000,0.4,0.1
38.2097,0.6999,ldsc,98,3000,0.4,0.1
0.0101,0.1075,ldsc,99,3000,0.4,0.1
2.1021,0.1693,ldsc,0,5000,0.4,0.1
33.3897,0.6102,ldsc,1,5000,0.4,0.1
108.5212,11.6918,ldsc,2,5000,0.4,0.1
10.9784,0.3526,ldsc,3,5000,0.4,0.1
128.6279,68.6533,ldsc,4,5000,0.4,0.1
124.2539,13.7102,ldsc,5,5000,0.4,0.1
36.3103,0.725,ldsc,6,5000,0.4,0.1
234.7012,16.9291,ldsc,7,5000,0.4,0.1
215.1125,50.5427,ldsc,8,5000,0.4,0.1
21.4283,0.4933,ldsc,9,5000,0.4,0.1
-0.369,0.0694,ldsc,10,5000,0.4,0.1
11.5593,0.3206,ldsc,11,5000,0.4,0.1
50.9483,0.7483,ldsc,12,5000,0.4,0.1
34.2681,0.6879,ldsc,13,5000,0.4,0.1
93.0197,18.6593,ldsc,14,5000,0.4,0.1
1.9748,0.1747,ldsc,15,5000,0.4,0.1
55.1405,17.7334,ldsc,16,5000,0.4,0.1
11.8797,0.3762,ldsc,17,5000,0.4,0.1
0.107,0.1218,ldsc,18,5000,0.4,0.1
118.5704,13.0881,ldsc,19,5000,0.4,0.1
18.863,65.3907,ldsc,20,5000,0.4,0.1
9.8903,0.3322,ldsc,21,5000,0.4,0.1
1.2846,0.1583,ldsc,22,5000,0.4,0.1
0.2955,0.1005,ldsc,23,5000,0.4,0.1
6.7224,0.3027,ldsc,24,5000,0.4,0.1
7.1317,0.3185,ldsc,25,5000,0.4,0.1
1.2582,0.1572,ldsc,26,5000,0.4,0.1
51.0517,0.7874,ldsc,27,5000,0.4,0.1
43.914,0.7288,ldsc,28,5000,0.4,0.1
10.9843,0.3793,ldsc,29,5000,0.4,0.1
4.223,0.2842,ldsc,30,5000,0.4,0.1
2.2269,0.208,ldsc,31,5000,0.4,0.1
1.1404,0.159,ldsc,32,5000,0.4,0.1
7.4069,0.3159,ldsc,33,5000,0.4,0.1
1.1664,0.1743,ldsc,34,5000,0.4,0.1
23.1208,0.6055,ldsc,35,5000,0.4,0.1
-0.0911,0.098,ldsc,36,5000,0.4,0.1
83.2113,7.2089,ldsc,37,5000,0.4,0.1
9.5206,0.3594,ldsc,38,5000,0.4,0.1
43.9964,0.7095,ldsc,39,5000,0.4,0.1
34.1575,0.624,ldsc,40,5000,0.4,0.1
-0.4248,0.062,ldsc,41,5000,0.4,0.1
1.186,0.1521,ldsc,42,5000,0.4,0.1
6.0476,0.2763,ldsc,43,5000,0.4,0.1
-0.4252,0.0645,ldsc,44,5000,0.4,0.1
18.4611,0.4863,ldsc,45,5000,0.4,0.1
90.9061,6.2702,ldsc,46,5000,0.4,0.1
31.3807,0.6027,ldsc,47,5000,0.4,0.1
7.7445,0.3167,ldsc,48,5000,0.4,0.1
44.8068,0.7596,ldsc,49,5000,0.4,0.1
6.707,0.345,ldsc,50,5000,0.4,0.1
20.2582,0.4692,ldsc,51,5000,0.4,0.1
0.1249,0.1271,ldsc,52,5000,0.4,0.1
92.2505,104.7923,ldsc,53,5000,0.4,0.1
27.5556,0.6066,ldsc,54,5000,0.4,0.1
161.1813,9.8389,ldsc,55,5000,0.4,0.1
54.9597,0.8307,ldsc,56,5000,0.4,0.1
53.5531,0.8137,ldsc,57,5000,0.4,0.1
0.7619,0.1472,ldsc,58,5000,0.4,0.1
9.8613,0.3591,ldsc,59,5000,0.4,0.1
3.6227,0.2474,ldsc,60,5000,0.4,0.1
56.7413,10.2295,ldsc,61,5000,0.4,0.1
5.6188,0.2344,ldsc,62,5000,0.4,0.1
1.1135,0.1517,ldsc,63,5000,0.4,0.1
57.142,0.8331,ldsc,64,5000,0.4,0.1
90.792,19.857,ldsc,65,5000,0.4,0.1
5.5552,0.2732,ldsc,66,5000,0.4,0.1
-0.2197,0.0712,ldsc,67,5000,0.4,0.1
96.2466,10.7383,ldsc,68,5000,0.4,0.1
51.2785,0.8852,ldsc,69,5000,0.4,0.1
2.6132,0.237,ldsc,70,5000,0.4,0.1
-0.2507,0.0841,ldsc,71,5000,0.4,0.1
30.4718,0.6726,ldsc,72,5000,0.4,0.1
0.5551,0.1328,ldsc,73,5000,0.4,0.1
8.673,0.3348,ldsc,74,5000,0.4,0.1
54.0082,12.2812,ldsc,75,5000,0.4,0.1
2.1786,0.172,ldsc,76,5000,0.4,0.1
20.8883,0.4144,ldsc,77,5000,0.4,0.1
28.0894,0.559,ldsc,78,5000,0.4,0.1
18.8378,0.4421,ldsc,79,5000,0.4,0.1
1.2217,0.233,ldsc,80,5000,0.4,0.1
22.5284,0.5438,ldsc,81,5000,0.4,0.1
29.4486,0.5664,ldsc,82,5000,0.4,0.1
-0.2406,0.0772,ldsc,83,5000,0.4,0.1
4.9167,0.2233,ldsc,84,5000,0.4,0.1
5.0526,0.2702,ldsc,85,5000,0.4,0.1
19.0211,0.5126,ldsc,86,5000,0.4,0.1
26.989,0.5856,ldsc,87,5000,0.4,0.1
9.4252,0.317,ldsc,88,5000,0.4,0.1
0.783,0.1239,ldsc,89,5000,0.4,0.1
-0.1585,0.0872,ldsc,90,5000,0.4,0.1
30.9623,0.5846,ldsc,91,5000,0.4,0.1
16.946,0.3717,ldsc,92,5000,0.4,0.1
58.5663,0.9722,ldsc,93,5000,0.4,0.1
17.6932,0.5369,ldsc,94,5000,0.4,0.1
145.1454,18.811,ldsc,95,5000,0.4,0.1
44.2806,0.7761,ldsc,96,5000,0.4,0.1
68.1477,0.8758,ldsc,97,5000,0.4,0.1
28.855,0.5109,ldsc,98,5000,0.4,0.1
0.0019,0.0795,ldsc,99,5000,0.4,0.1
1.3644,0.1093,ldsc,0,10000,0.4,0.1
21.7857,0.43,ldsc,1,10000,0.4,0.1
59.0982,0.8136,ldsc,2,10000,0.4,0.1
7.1217,0.2291,ldsc,3,10000,0.4,0.1
96.3206,12.8291,ldsc,4,10000,0.4,0.1
54.3938,0.764,ldsc,5,10000,0.4,0.1
23.7469,0.5028,ldsc,6,10000,0.4,0.1
133.5601,31.0914,ldsc,7,10000,0.4,0.1
80.2748,1.0776,ldsc,8,10000,0.4,0.1
13.9202,0.335,ldsc,9,10000,0.4,0.1
-0.2479,0.0438,ldsc,10,10000,0.4,0.1
7.4967,0.2103,ldsc,11,10000,0.4,0.1
33.7472,0.5361,ldsc,12,10000,0.4,0.1
22.3992,0.4733,ldsc,13,10000,0.4,0.1
63.2539,0.8887,ldsc,14,10000,0.4,0.1
1.2662,0.1145,ldsc,15,10000,0.4,0.1
54.6965,0.8932,ldsc,16,10000,0.4,0.1
7.7081,0.2464,ldsc,17,10000,0.4,0.1
0.0708,0.0776,ldsc,18,10000,0.4,0.1
70.426,1.0789,ldsc,19,10000,0.4,0.1
61.6344,1.018,ldsc,20,10000,0.4,0.1
6.4068,0.2174,ldsc,21,10000,0.4,0.1
0.8308,0.104,ldsc,22,10000,0.4,0.1
0.1896,0.0663,ldsc,23,10000,0.4,0.1
4.3584,0.1951,ldsc,24,10000,0.4,0.1
4.6225,0.2047,ldsc,25,10000,0.4,0.1
0.8115,0.1011,ldsc,26,10000,0.4,0.1
33.8311,0.5722,ldsc,27,10000,0.4,0.1
28.8709,0.5206,ldsc,28,10000,0.4,0.1
7.1239,0.2446,ldsc,29,10000,0.4,0.1
2.7374,0.1839,ldsc,30,10000,0.4,0.1
1.4418,0.1366,ldsc,31,10000,0.4,0.1
0.7477,0.1018,ldsc,32,10000,0.4,0.1
4.7973,0.2076,ldsc,33,10000,0.4,0.1
0.7562,0.1122,ldsc,34,10000,0.4,0.1
15.0452,0.4052,ldsc,35,10000,0.4,0.1
-0.0621,0.0615,ldsc,36,10000,0.4,0.1
61.7853,0.8627,ldsc,37,10000,0.4,0.1
6.1763,0.2322,ldsc,38,10000,0.4,0.1
28.9324,0.5127,ldsc,39,10000,0.4,0.1
22.2938,0.418,ldsc,40,10000,0.4,0.1
-0.2767,0.04,ldsc,41,10000,0.4,0.1
0.7616,0.0977,ldsc,42,10000,0.4,0.1
3.9275,0.1793,ldsc,43,10000,0.4,0.1
-0.2855,0.0403,ldsc,44,10000,0.4,0.1
11.9859,0.3265,ldsc,45,10000,0.4,0.1
62.3867,0.8887,ldsc,46,10000,0.4,0.1
20.4694,0.4143,ldsc,47,10000,0.4,0.1
5.0333,0.2049,ldsc,48,10000,0.4,0.1
29.4937,0.5242,ldsc,49,10000,0.4,0.1
4.3483,0.2229,ldsc,50,10000,0.4,0.1
13.1682,0.3221,ldsc,51,10000,0.4,0.1
0.0747,0.0818,ldsc,52,10000,0.4,0.1
44.6097,0.7432,ldsc,53,10000,0.4,0.1
17.9467,0.4027,ldsc,54,10000,0.4,0.1
58.0085,15.133,ldsc,55,10000,0.4,0.1
36.5754,0.6036,ldsc,56,10000,0.4,0.1
35.579,0.5993,ldsc,57,10000,0.4,0.1
0.4828,0.0937,ldsc,58,10000,0.4,0.1
6.4052,0.2411,ldsc,59,10000,0.4,0.1
2.3436,0.1634,ldsc,60,10000,0.4,0.1
44.7242,0.731,ldsc,61,10000,0.4,0.1
3.6444,0.1564,ldsc,62,10000,0.4,0.1
0.7172,0.098,ldsc,63,10000,0.4,0.1
38.1664,0.6422,ldsc,64,10000,0.4,0.1
56.6589,0.9283,ldsc,65,10000,0.4,0.1
3.6148,0.1782,ldsc,66,10000,0.4,0.1
-0.1582,0.045,ldsc,67,10000,0.4,0.1
52.087,0.7478,ldsc,68,10000,0.4,0.1
33.9826,0.6502,ldsc,69,10000,0.4,0.1
1.6818,0.1522,ldsc,70,10000,0.4,0.1
-0.1728,0.0541,ldsc,71,10000,0.4,0.1
19.8745,0.4501,ldsc,72,10000,0.4,0.1
0.3465,0.0855,ldsc,73,10000,0.4,0.1
5.6268,0.2186,ldsc,74,10000,0.4,0.1
51.1183,0.8544,ldsc,75,10000,0.4,0.1
1.4066,0.1101,ldsc,76,10000,0.4,0.1
13.5621,0.2759,ldsc,77,10000,0.4,0.1
18.2663,0.3766,ldsc,78,10000,0.4,0.1
12.2271,0.3036,ldsc,79,10000,0.4,0.1
0.7949,0.151,ldsc,80,10000,0.4,0.1
14.616,0.3583,ldsc,81,10000,0.4,0.1
19.1715,0.3847,ldsc,82,10000,0.4,0.1
-0.1609,0.0486,ldsc,83,10000,0.4,0.1
3.1819,0.1446,ldsc,84,10000,0.4,0.1
3.2886,0.1769,ldsc,85,10000,0.4,0.1
12.3416,0.3403,ldsc,86,10000,0.4,0.1
17.5772,0.3888,ldsc,87,10000,0.4,0.1
6.1201,0.2106,ldsc,88,10000,0.4,0.1
0.5086,0.0803,ldsc,89,10000,0.4,0.1
-0.1044,0.0556,ldsc,90,10000,0.4,0.1
20.182,0.3962,ldsc,91,10000,0.4,0.1
10.978,0.2377,ldsc,92,10000,0.4,0.1
39.1831,0.7232,ldsc,93,10000,0.4,0.1
11.4692,0.3408,ldsc,94,10000,0.4,0.1
115.6791,24.784,ldsc,95,10000,0.4,0.1
29.1507,0.5474,ldsc,96,10000,0.4,0.1
46.5541,0.726,ldsc,97,10000,0.4,0.1
18.7982,0.3472,ldsc,98,10000,0.4,0.1
-0.0038,0.0508,ldsc,99,10000,0.4,0.1
0.8779,0.0726,ldsc,0,20000,0.4,0.1
14.1015,0.3371,ldsc,1,20000,0.4,0.1
40.0181,0.7149,ldsc,2,20000,0.4,0.1
4.5904,0.1569,ldsc,3,20000,0.4,0.1
65.6864,1.3371,ldsc,4,20000,0.4,0.1
36.4915,0.6592,ldsc,5,20000,0.4,0.1
15.3714,0.372,ldsc,6,20000,0.4,0.1
75.7783,1.5929,ldsc,7,20000,0.4,0.1
59.5237,1.1066,ldsc,8,20000,0.4,0.1
8.9791,0.246,ldsc,9,20000,0.4,0.1
-0.1595,0.0279,ldsc,10,20000,0.4,0.1
4.8363,0.1456,ldsc,11,20000,0.4,0.1
22.0092,0.4387,ldsc,12,20000,0.4,0.1
14.5136,0.3606,ldsc,13,20000,0.4,0.1
43.2643,0.8143,ldsc,14,20000,0.4,0.1
0.8123,0.0759,ldsc,15,20000,0.4,0.1
36.6966,0.7847,ldsc,16,20000,0.4,0.1
4.9713,0.1708,ldsc,17,20000,0.4,0.1
0.0438,0.0491,ldsc,18,20000,0.4,0.1
47.4638,0.8636,ldsc,19,20000,0.4,0.1
42.0392,0.8609,ldsc,20,20000,0.4,0.1
4.1251,0.1484,ldsc,21,20000,0.4,0.1
0.5349,0.0681,ldsc,22,20000,0.4,0.1
0.12,0.0434,ldsc,23,20000,0.4,0.1
2.8041,0.1296,ldsc,24,20000,0.4,0.1
2.9678,0.1325,ldsc,25,20000,0.4,0.1
0.5215,0.0642,ldsc,26,20000,0.4,0.1
22.0791,0.4708,ldsc,27,20000,0.4,0.1
18.7319,0.3731,ldsc,28,20000,0.4,0.1
4.5896,0.1646,ldsc,29,20000,0.4,0.1
1.7605,0.12,ldsc,30,20000,0.4,0.1
0.9322,0.0891,ldsc,31,20000,0.4,0.1
0.4801,0.0643,ldsc,32,20000,0.4,0.1
3.0843,0.1365,ldsc,33,20000,0.4,0.1
0.486,0.0717,ldsc,34,20000,0.4,0.1
9.7171,0.2808,ldsc,35,20000,0.4,0.1
-0.0412,0.038,ldsc,36,20000,0.4,0.1
42.4786,0.7899,ldsc,37,20000,0.4,0.1
3.9787,0.1532,ldsc,38,20000,0.4,0.1
18.7968,0.4023,ldsc,39,20000,0.4,0.1
14.4253,0.3126,ldsc,40,20000,0.4,0.1
-0.1716,0.0266,ldsc,41,20000,0.4,0.1
0.4851,0.0628,ldsc,42,20000,0.4,0.1
2.5275,0.1157,ldsc,43,20000,0.4,0.1
-0.1834,0.0255,ldsc,44,20000,0.4,0.1
7.7233,0.2273,ldsc,45,20000,0.4,0.1
42.9872,0.7764,ldsc,46,20000,0.4,0.1
13.2325,0.306,ldsc,47,20000,0.4,0.1
3.2532,0.1359,ldsc,48,20000,0.4,0.1
19.1522,0.391,ldsc,49,20000,0.4,0.1
2.7956,0.1459,ldsc,50,20000,0.4,0.1
8.4978,0.2366,ldsc,51,20000,0.4,0.1
0.0513,0.0522,ldsc,52,20000,0.4,0.1
29.4087,0.59,ldsc,53,20000,0.4,0.1
11.5956,0.2914,ldsc,54,20000,0.4,0.1
52.1219,0.9343,ldsc,55,20000,0.4,0.1
23.8956,0.484,ldsc,56,20000,0.4,0.1
23.2355,0.4816,ldsc,57,20000,0.4,0.1
0.3031,0.0598,ldsc,58,20000,0.4,0.1
4.1377,0.1717,ldsc,59,20000,0.4,0.1
1.5108,0.108,ldsc,60,20000,0.4,0.1
29.5214,0.5827,ldsc,61,20000,0.4,0.1
2.3499,0.1071,ldsc,62,20000,0.4,0.1
0.4576,0.0628,ldsc,63,20000,0.4,0.1
25.0184,0.5409,ldsc,64,20000,0.4,0.1
38.1311,0.8051,ldsc,65,20000,0.4,0.1
2.3379,0.1181,ldsc,66,20000,0.4,0.1
-0.1074,0.0287,ldsc,67,20000,0.4,0.1
34.814,0.647,ldsc,68,20000,0.4,0.1
22.1792,0.5171,ldsc,69,20000,0.4,0.1
1.0789,0.0986,ldsc,70,20000,0.4,0.1
-0.1124,0.0352,ldsc,71,20000,0.4,0.1
12.855,0.3204,ldsc,72,20000,0.4,0.1
0.2143,0.0548,ldsc,73,20000,0.4,0.1
3.6262,0.1489,ldsc,74,20000,0.4,0.1
34.0767,0.7251,ldsc,75,20000,0.4,0.1
0.9083,0.0699,ldsc,76,20000,0.4,0.1
8.7494,0.2136,ldsc,77,20000,0.4,0.1
11.7874,0.2852,ldsc,78,20000,0.4,0.1
7.8819,0.2193,ldsc,79,20000,0.4,0.1
0.5136,0.097,ldsc,80,20000,0.4,0.1
9.4097,0.2517,ldsc,81,20000,0.4,0.1
12.3811,0.2826,ldsc,82,20000,0.4,0.1
-0.1047,0.0309,ldsc,83,20000,0.4,0.1
2.0411,0.0952,ldsc,84,20000,0.4,0.1
2.1266,0.1163,ldsc,85,20000,0.4,0.1
7.9505,0.2368,ldsc,86,20000,0.4,0.1
11.3687,0.286,ldsc,87,20000,0.4,0.1
3.9515,0.1467,ldsc,88,20000,0.4,0.1
0.3275,0.0513,ldsc,89,20000,0.4,0.1
-0.0686,0.0357,ldsc,90,20000,0.4,0.1
13.0512,0.2901,ldsc,91,20000,0.4,0.1
7.0506,0.1646,ldsc,92,20000,0.4,0.1
25.6743,0.561,ldsc,93,20000,0.4,0.1
7.3738,0.2213,ldsc,94,20000,0.4,0.1
58.5363,1.1258,ldsc,95,20000,0.4,0.1
18.9515,0.4288,ldsc,96,20000,0.4,0.1
30.7839,0.5992,ldsc,97,20000,0.4,0.1
12.1565,0.2651,ldsc,98,20000,0.4,0.1
-0.0052,0.0322,ldsc,99,20000,0.4,0.1
0.6529,0.0558,ldsc,0,30000,0.4,0.1
10.6173,0.3462,ldsc,1,30000,0.4,0.1
30.5227,0.7595,ldsc,2,30000,0.4,0.1
3.4556,0.1408,ldsc,3,30000,0.4,0.1
52.0815,1.3734,ldsc,4,30000,0.4,0.1
27.7704,0.715,ldsc,5,30000,0.4,0.1
11.5902,0.3741,ldsc,6,30000,0.4,0.1
61.3458,1.5651,ldsc,7,30000,0.4,0.1
46.6793,1.1811,ldsc,8,30000,0.4,0.1
6.7431,0.2378,ldsc,9,30000,0.4,0.1
-0.1153,0.0205,ldsc,10,30000,0.4,0.1
3.645,0.1394,ldsc,11,30000,0.4,0.1
16.6328,0.4794,ldsc,12,30000,0.4,0.1
10.9334,0.3602,ldsc,13,30000,0.4,0.1
33.1684,0.9108,ldsc,14,30000,0.4,0.1
0.599,0.0596,ldsc,15,30000,0.4,0.1
27.995,0.8191,ldsc,16,30000,0.4,0.1
3.7362,0.1545,ldsc,17,30000,0.4,0.1
0.0312,0.0353,ldsc,18,30000,0.4,0.1
36.4782,0.9324,ldsc,19,30000,0.4,0.1
32.145,0.8991,ldsc,20,30000,0.4,0.1
3.102,0.1329,ldsc,21,30000,0.4,0.1
0.396,0.0519,ldsc,22,30000,0.4,0.1
0.0873,0.0324,ldsc,23,30000,0.4,0.1
2.0998,0.107,ldsc,24,30000,0.4,0.1
2.226,0.112,ldsc,25,30000,0.4,0.1
0.3867,0.0488,ldsc,26,30000,0.4,0.1
16.6615,0.4826,ldsc,27,30000,0.4,0.1
14.0559,0.365,ldsc,28,30000,0.4,0.1
3.4358,0.1384,ldsc,29,30000,0.4,0.1
1.321,0.0957,ldsc,30,30000,0.4,0.1
0.6954,0.0674,ldsc,31,30000,0.4,0.1
0.3601,0.0488,ldsc,32,30000,0.4,0.1
2.3055,0.1133,ldsc,33,30000,0.4,0.1
0.3613,0.0534,ldsc,34,30000,0.4,0.1
7.298,0.2532,ldsc,35,30000,0.4,0.1
-0.0299,0.0267,ldsc,36,30000,0.4,0.1
32.5077,0.8427,ldsc,37,30000,0.4,0.1
2.9916,0.1348,ldsc,38,30000,0.4,0.1
14.1762,0.4186,ldsc,39,30000,0.4,0.1
10.8521,0.3253,ldsc,40,30000,0.4,0.1
-0.1219,0.0204,ldsc,41,30000,0.4,0.1
0.3597,0.0481,ldsc,42,30000,0.4,0.1
1.8855,0.0936,ldsc,43,30000,0.4,0.1
-0.1349,0.0206,ldsc,44,30000,0.4,0.1
5.8003,0.2111,ldsc,45,30000,0.4,0.1
32.9207,0.8509,ldsc,46,30000,0.4,0.1
9.9406,0.3023,ldsc,47,30000,0.4,0.1
2.4618,0.1164,ldsc,48,30000,0.4,0.1
14.4409,0.4164,ldsc,49,30000,0.4,0.1
2.0877,0.1159,ldsc,50,30000,0.4,0.1
6.3982,0.2304,ldsc,51,30000,0.4,0.1
0.0372,0.0371,ldsc,52,30000,0.4,0.1
22.2902,0.6173,ldsc,53,30000,0.4,0.1
8.6887,0.2704,ldsc,54,30000,0.4,0.1
40.3572,1.0208,ldsc,55,30000,0.4,0.1
18.0638,0.5204,ldsc,56,30000,0.4,0.1
17.5101,0.4781,ldsc,57,30000,0.4,0.1
0.2232,0.0438,ldsc,58,30000,0.4,0.1
3.1186,0.1501,ldsc,59,30000,0.4,0.1
1.1286,0.0831,ldsc,60,30000,0.4,0.1
22.362,0.6029,ldsc,61,30000,0.4,0.1
1.773,0.0905,ldsc,62,30000,0.4,0.1
0.3383,0.0479,ldsc,63,30000,0.4,0.1
18.9086,0.5468,ldsc,64,30000,0.4,0.1
29.0701,0.8381,ldsc,65,30000,0.4,0.1
1.7708,0.098,ldsc,66,30000,0.4,0.1
-0.0777,0.0213,ldsc,67,30000,0.4,0.1
26.4714,0.6799,ldsc,68,30000,0.4,0.1
16.7836,0.5307,ldsc,69,30000,0.4,0.1
0.8062,0.0791,ldsc,70,30000,0.4,0.1
-0.0845,0.0256,ldsc,71,30000,0.4,0.1
9.6645,0.3074,ldsc,72,30000,0.4,0.1
0.1499,0.041,ldsc,73,30000,0.4,0.1
2.7291,0.1282,ldsc,74,30000,0.4,0.1
25.8487,0.7076,ldsc,75,30000,0.4,0.1
0.6746,0.0534,ldsc,76,30000,0.4,0.1
6.5902,0.2223,ldsc,77,30000,0.4,0.1
8.8443,0.2767,ldsc,78,30000,0.4,0.1
5.8845,0.1914,ldsc,79,30000,0.4,0.1
0.3807,0.073,ldsc,80,30000,0.4,0.1
7.0564,0.2354,ldsc,81,30000,0.4,0.1
9.2981,0.2809,ldsc,82,30000,0.4,0.1
-0.0783,0.0224,ldsc,83,30000,0.4,0.1
1.5232,0.0786,ldsc,84,30000,0.4,0.1
1.6086,0.0944,ldsc,85,30000,0.4,0.1
5.9613,0.2202,ldsc,86,30000,0.4,0.1
8.5597,0.2851,ldsc,87,30000,0.4,0.1
2.9601,0.118,ldsc,88,30000,0.4,0.1
0.243,0.0379,ldsc,89,30000,0.4,0.1
-0.0531,0.0257,ldsc,90,30000,0.4,0.1
9.8256,0.3009,ldsc,91,30000,0.4,0.1
5.2727,0.1594,ldsc,92,30000,0.4,0.1
19.4596,0.588,ldsc,93,30000,0.4,0.1
5.505,0.1919,ldsc,94,30000,0.4,0.1
45.854,1.1969,ldsc,95,30000,0.4,0.1
14.2632,0.416,ldsc,96,30000,0.4,0.1
23.3555,0.6447,ldsc,97,30000,0.4,0.1
9.1318,0.2693,ldsc,98,30000,0.4,0.1
-0.0047,0.024,ldsc,99,30000,0.4,0.1
0.3427,0.0387,ldsc,0,50000,0.4,0.1
6.1699,0.3717,ldsc,1,50000,0.4,0.1
17.9718,0.9546,ldsc,2,50000,0.4,0.1
1.9792,0.1292,ldsc,3,50000,0.4,0.1
30.9924,1.6812,ldsc,4,50000,0.4,0.1
16.4818,0.912,ldsc,5,50000,0.4,0.1
6.7883,0.4025,ldsc,6,50000,0.4,0.1
37.1738,2.0299,ldsc,7,50000,0.4,0.1
27.8752,1.5205,ldsc,8,50000,0.4,0.1
3.9932,0.2582,ldsc,9,50000,0.4,0.1
-0.0403,0.0088,ldsc,10,50000,0.4,0.1
2.1681,0.1355,ldsc,11,50000,0.4,0.1
9.8478,0.5691,ldsc,12,50000,0.4,0.1
6.3475,0.38,ldsc,13,50000,0.4,0.1
19.7026,1.1076,ldsc,14,50000,0.4,0.1
0.2858,0.0374,ldsc,15,50000,0.4,0.1
16.5315,0.9269,ldsc,16,50000,0.4,0.1
2.1624,0.1451,ldsc,17,50000,0.4,0.1
0.0146,0.0144,ldsc,18,50000,0.4,0.1
21.6193,1.1578,ldsc,19,50000,0.4,0.1
18.9268,1.0583,ldsc,20,50000,0.4,0.1
1.7721,0.1134,ldsc,21,50000,0.4,0.1
0.1823,0.0288,ldsc,22,50000,0.4,0.1
0.0365,0.0144,ldsc,23,50000,0.4,0.1
1.2146,0.093,ldsc,24,50000,0.4,0.1
1.3019,0.0957,ldsc,25,50000,0.4,0.1
0.1833,0.0292,ldsc,26,50000,0.4,0.1
9.7706,0.5653,ldsc,27,50000,0.4,0.1
8.1947,0.4607,ldsc,28,50000,0.4,0.1
1.9829,0.1331,ldsc,29,50000,0.4,0.1
0.7268,0.0696,ldsc,30,50000,0.4,0.1
0.3477,0.0375,ldsc,31,50000,0.4,0.1
0.1697,0.0258,ldsc,32,50000,0.4,0.1
1.3169,0.0949,ldsc,33,50000,0.4,0.1
0.1649,0.0302,ldsc,34,50000,0.4,0.1
4.3192,0.2595,ldsc,35,50000,0.4,0.1
-0.0076,0.0101,ldsc,36,50000,0.4,0.1
19.3108,1.0583,ldsc,37,50000,0.4,0.1
1.763,0.1275,ldsc,38,50000,0.4,0.1
8.3712,0.483,ldsc,39,50000,0.4,0.1
6.3256,0.3614,ldsc,40,50000,0.4,0.1
-0.0467,0.0099,ldsc,41,50000,0.4,0.1
0.1691,0.0255,ldsc,42,50000,0.4,0.1
1.0703,0.0761,ldsc,43,50000,0.4,0.1
-0.0516,0.0092,ldsc,44,50000,0.4,0.1
3.3474,0.205,ldsc,45,50000,0.4,0.1
19.5389,1.0754,ldsc,46,50000,0.4,0.1
5.8004,0.3356,ldsc,47,50000,0.4,0.1
1.4173,0.0964,ldsc,48,50000,0.4,0.1
8.461,0.471,ldsc,49,50000,0.4,0.1
1.1582,0.0865,ldsc,50,50000,0.4,0.1
3.7386,0.2343,ldsc,51,50000,0.4,0.1
0.0153,0.0146,ldsc,52,50000,0.4,0.1
13.2048,0.7457,ldsc,53,50000,0.4,0.1
4.9646,0.2815,ldsc,54,50000,0.4,0.1
23.9738,1.294,ldsc,55,50000,0.4,0.1
10.5763,0.605,ldsc,56,50000,0.4,0.1
10.2805,0.5749,ldsc,57,50000,0.4,0.1
0.0972,0.0205,ldsc,58,50000,0.4,0.1
1.7855,0.1204,ldsc,59,50000,0.4,0.1
0.5953,0.0549,ldsc,60,50000,0.4,0.1
13.1405,0.7256,ldsc,61,50000,0.4,0.1
1.0688,0.0747,ldsc,62,50000,0.4,0.1
0.16,0.0261,ldsc,63,50000,0.4,0.1
11.1174,0.6327,ldsc,64,50000,0.4,0.1
17.1072,0.9711,ldsc,65,50000,0.4,0.1
1.0373,0.0786,ldsc,66,50000,0.4,0.1
-0.0275,0.0096,ldsc,67,50000,0.4,0.1
15.5047,0.8257,ldsc,68,50000,0.4,0.1
9.7376,0.549,ldsc,69,50000,0.4,0.1
0.4175,0.0518,ldsc,70,50000,0.4,0.1
-0.034,0.0103,ldsc,71,50000,0.4,0.1
5.7358,0.3489,ldsc,72,50000,0.4,0.1
0.0575,0.0188,ldsc,73,50000,0.4,0.1
1.6299,0.1141,ldsc,74,50000,0.4,0.1
15.2066,0.8465,ldsc,75,50000,0.4,0.1
0.3317,0.0364,ldsc,76,50000,0.4,0.1
3.856,0.2336,ldsc,77,50000,0.4,0.1
5.1691,0.3099,ldsc,78,50000,0.4,0.1
3.3387,0.1937,ldsc,79,50000,0.4,0.1
0.1861,0.0403,ldsc,80,50000,0.4,0.1
4.1216,0.2479,ldsc,81,50000,0.4,0.1
5.4441,0.3173,ldsc,82,50000,0.4,0.1
-0.0279,0.0096,ldsc,83,50000,0.4,0.1
0.8867,0.0684,ldsc,84,50000,0.4,0.1
0.9015,0.0735,ldsc,85,50000,0.4,0.1
3.4618,0.2219,ldsc,86,50000,0.4,0.1
4.9906,0.2952,ldsc,87,50000,0.4,0.1
1.7763,0.1185,ldsc,88,50000,0.4,0.1
0.1104,0.0201,ldsc,89,50000,0.4,0.1
-0.0247,0.0103,ldsc,90,50000,0.4,0.1
5.7937,0.3431,ldsc,91,50000,0.4,0.1
3.0993,0.1896,ldsc,92,50000,0.4,0.1
11.286,0.6273,ldsc,93,50000,0.4,0.1
3.2133,0.2075,ldsc,94,50000,0.4,0.1
27.2687,1.4807,ldsc,95,50000,0.4,0.1
8.4345,0.4973,ldsc,96,50000,0.4,0.1
13.7798,0.7723,ldsc,97,50000,0.4,0.1
5.3087,0.3038,ldsc,98,50000,0.4,0.1
-0.0011,0.0099,ldsc,99,50000,0.4,0.1
7.1901,0.5003,ldsc,0,1000,0.4,0.01
109.2449,2.2595,ldsc,1,1000,0.4,0.01
-0.4076,0.1976,ldsc,2,1000,0.4,0.01
98.9821,2.0604,ldsc,3,1000,0.4,0.01
-0.4303,0.2327,ldsc,4,1000,0.4,0.01
36.5561,1.1667,ldsc,5,1000,0.4,0.01
0.9893,0.2564,ldsc,6,1000,0.4,0.01
256.0132,5.0183,ldsc,7,1000,0.4,0.01
16.8641,0.7573,ldsc,8,1000,0.4,0.01
48.2748,1.3643,ldsc,9,1000,0.4,0.01
79.2093,1.891,ldsc,10,1000,0.4,0.01
254.9505,5.1518,ldsc,11,1000,0.4,0.01
56.3238,1.4821,ldsc,12,1000,0.4,0.01
-0.8852,0.1357,ldsc,13,1000,0.4,0.01
152.2739,3.0743,ldsc,14,1000,0.4,0.01
1.2088,0.2814,ldsc,15,1000,0.4,0.01
33.4112,0.9368,ldsc,16,1000,0.4,0.01
74.7123,1.658,ldsc,17,1000,0.4,0.01
194.6844,4.0738,ldsc,18,1000,0.4,0.01
268.242,5.4402,ldsc,19,1000,0.4,0.01
59.4726,1.6784,ldsc,20,1000,0.4,0.01
254.128,4.7087,ldsc,21,1000,0.4,0.01
277.0419,5.5311,ldsc,22,1000,0.4,0.01
63.0128,1.7132,ldsc,23,1000,0.4,0.01
17.0951,0.7406,ldsc,24,1000,0.4,0.01
313.2901,5.8694,ldsc,25,1000,0.4,0.01
125.9463,2.3996,ldsc,26,1000,0.4,0.01
52.778,1.4266,ldsc,27,1000,0.4,0.01
39.6042,1.2793,ldsc,28,1000,0.4,0.01
82.7439,1.7992,ldsc,29,1000,0.4,0.01
3.6295,0.3625,ldsc,30,1000,0.4,0.01
166.1329,3.2983,ldsc,31,1000,0.4,0.01
52.6103,1.3943,ldsc,32,1000,0.4,0.01
0.9341,0.2626,ldsc,33,1000,0.4,0.01
-0.5055,0.1735,ldsc,34,1000,0.4,0.01
-0.6113,0.1685,ldsc,35,1000,0.4,0.01
214.5538,4.4918,ldsc,36,1000,0.4,0.01
44.7176,1.2615,ldsc,37,1000,0.4,0.01
2.0791,0.3223,ldsc,38,1000,0.4,0.01
82.7097,1.7237,ldsc,39,1000,0.4,0.01
123.5399,2.6108,ldsc,40,1000,0.4,0.01
40.2287,1.2209,ldsc,41,1000,0.4,0.01
15.5102,0.7194,ldsc,42,1000,0.4,0.01
115.4883,2.442,ldsc,43,1000,0.4,0.01
58.4471,1.6327,ldsc,44,1000,0.4,0.01
13.5995,0.6122,ldsc,45,1000,0.4,0.01
0.328,0.1823,ldsc,46,1000,0.4,0.01
375.4704,6.5813,ldsc,47,1000,0.4,0.01
35.818,1.0635,ldsc,48,1000,0.4,0.01
54.6393,1.3534,ldsc,49,1000,0.4,0.01
0.5786,0.2762,ldsc,50,1000,0.4,0.01
65.2659,1.6355,ldsc,51,1000,0.4,0.01
-0.3793,0.1534,ldsc,52,1000,0.4,0.01
1.0247,0.2286,ldsc,53,1000,0.4,0.01
50.8343,1.3283,ldsc,54,1000,0.4,0.01
330.8027,6.4125,ldsc,55,1000,0.4,0.01
72.3974,1.6594,ldsc,56,1000,0.4,0.01
1.2679,0.2911,ldsc,57,1000,0.4,0.01
16.0771,0.7382,ldsc,58,1000,0.4,0.01
1.4713,0.3056,ldsc,59,1000,0.4,0.01
15.6642,0.7849,ldsc,60,1000,0.4,0.01
0.5497,0.2214,ldsc,61,1000,0.4,0.01
283.9205,5.1531,ldsc,62,1000,0.4,0.01
160.8702,2.9034,ldsc,63,1000,0.4,0.01
17.6559,0.8082,ldsc,64,1000,0.4,0.01
105.0353,2.1422,ldsc,65,1000,0.4,0.01
51.9949,1.6357,ldsc,66,1000,0.4,0.01
1.0908,0.2774,ldsc,67,1000,0.4,0.01
25.1907,1.0921,ldsc,68,1000,0.4,0.01
292.9333,6.2782,ldsc,69,1000,0.4,0.01
172.7342,3.5048,ldsc,70,1000,0.4,0.01
22.2401,0.8183,ldsc,71,1000,0.4,0.01
63.7272,1.6385,ldsc,72,1000,0.4,0.01
146.0356,2.9091,ldsc,73,1000,0.4,0.01
15.394,0.7665,ldsc,74,1000,0.4,0.01
21.4931,0.8424,ldsc,75,1000,0.4,0.01
3.249,0.3853,ldsc,76,1000,0.4,0.01
36.7179,1.154,ldsc,77,1000,0.4,0.01
77.206,1.8354,ldsc,78,1000,0.4,0.01
13.5056,0.5395,ldsc,79,1000,0.4,0.01
48.0666,1.4897,ldsc,80,1000,0.4,0.01
12.1357,0.5986,ldsc,81,1000,0.4,0.01
129.4581,2.73,ldsc,82,1000,0.4,0.01
58.6294,1.439,ldsc,83,1000,0.4,0.01
200.4106,3.9858,ldsc,84,1000,0.4,0.01
122.4629,2.585,ldsc,85,1000,0.4,0.01
39.5247,1.0966,ldsc,86,1000,0.4,0.01
43.593,1.4857,ldsc,87,1000,0.4,0.01
190.9094,3.6743,ldsc,88,1000,0.4,0.01
73.1299,1.6635,ldsc,89,1000,0.4,0.01
285.1155,5.4839,ldsc,90,1000,0.4,0.01
54.9721,1.4534,ldsc,91,1000,0.4,0.01
23.8316,0.9451,ldsc,92,1000,0.4,0.01
129.1028,2.4376,ldsc,93,1000,0.4,0.01
16.1094,0.7088,ldsc,94,1000,0.4,0.01
18.0833,0.7541,ldsc,95,1000,0.4,0.01
25.2419,0.8281,ldsc,96,1000,0.4,0.01
5.1514,0.4305,ldsc,97,1000,0.4,0.01
5.9387,0.5205,ldsc,98,1000,0.4,0.01
-0.1621,0.1742,ldsc,99,1000,0.4,0.01
6.0902,0.4027,ldsc,0,2000,0.4,0.01
154.9491,79.0676,ldsc,1,2000,0.4,0.01
-0.3957,0.1531,ldsc,2,2000,0.4,0.01
81.2615,1.2666,ldsc,3,2000,0.4,0.01
-0.4101,0.1756,ldsc,4,2000,0.4,0.01
30.9143,0.868,ldsc,5,2000,0.4,0.01
0.7924,0.2051,ldsc,6,2000,0.4,0.01
224.2003,2.9402,ldsc,7,2000,0.4,0.01
14.3144,0.5951,ldsc,8,2000,0.4,0.01
40.9838,0.9523,ldsc,9,2000,0.4,0.01
65.9898,1.3309,ldsc,10,2000,0.4,0.01
222.1584,3.1114,ldsc,11,2000,0.4,0.01
47.532,1.0685,ldsc,12,2000,0.4,0.01
-0.7399,0.0992,ldsc,13,2000,0.4,0.01
104.9527,15.546,ldsc,14,2000,0.4,0.01
0.9836,0.2285,ldsc,15,2000,0.4,0.01
28.2267,0.7095,ldsc,16,2000,0.4,0.01
62.3038,1.1323,ldsc,17,2000,0.4,0.01
283.9067,31.0696,ldsc,18,2000,0.4,0.01
236.2599,3.3363,ldsc,19,2000,0.4,0.01
50.1092,1.1631,ldsc,20,2000,0.4,0.01
215.2861,2.4161,ldsc,21,2000,0.4,0.01
244.6511,3.5615,ldsc,22,2000,0.4,0.01
53.1251,1.1758,ldsc,23,2000,0.4,0.01
14.5454,0.5869,ldsc,24,2000,0.4,0.01
276.4536,4.0131,ldsc,25,2000,0.4,0.01
52.7845,44.1908,ldsc,26,2000,0.4,0.01
44.5742,0.9804,ldsc,27,2000,0.4,0.01
33.5847,0.9262,ldsc,28,2000,0.4,0.01
68.5501,1.192,ldsc,29,2000,0.4,0.01
3.1079,0.2941,ldsc,30,2000,0.4,0.01
131.9257,2.0254,ldsc,31,2000,0.4,0.01
44.3627,1.0132,ldsc,32,2000,0.4,0.01
0.7455,0.2104,ldsc,33,2000,0.4,0.01
-0.4834,0.1298,ldsc,34,2000,0.4,0.01
-0.6131,0.1216,ldsc,35,2000,0.4,0.01
181.2321,44.8816,ldsc,36,2000,0.4,0.01
37.739,0.8927,ldsc,37,2000,0.4,0.01
1.6482,0.2615,ldsc,38,2000,0.4,0.01
68.5594,1.0892,ldsc,39,2000,0.4,0.01
116.0287,16.6469,ldsc,40,2000,0.4,0.01
34.0876,0.8617,ldsc,41,2000,0.4,0.01
13.2822,0.5638,ldsc,42,2000,0.4,0.01
115.3017,15.3282,ldsc,43,2000,0.4,0.01
48.9198,1.1984,ldsc,44,2000,0.4,0.01
11.4823,0.4756,ldsc,45,2000,0.4,0.01
0.2379,0.146,ldsc,46,2000,0.4,0.01
328.4212,4.7185,ldsc,47,2000,0.4,0.01
30.4215,0.7563,ldsc,48,2000,0.4,0.01
46.139,0.9359,ldsc,49,2000,0.4,0.01
0.4908,0.2209,ldsc,50,2000,0.4,0.01
54.856,1.1722,ldsc,51,2000,0.4,0.01
-0.3785,0.1171,ldsc,52,2000,0.4,0.01
0.8308,0.1854,ldsc,53,2000,0.4,0.01
42.8537,0.9814,ldsc,54,2000,0.4,0.01
291.3806,4.4899,ldsc,55,2000,0.4,0.01
60.5453,1.0973,ldsc,56,2000,0.4,0.01
1.081,0.2358,ldsc,57,2000,0.4,0.01
13.651,0.5794,ldsc,58,2000,0.4,0.01
1.2581,0.2438,ldsc,59,2000,0.4,0.01
13.3405,0.6326,ldsc,60,2000,0.4,0.01
0.4256,0.1778,ldsc,61,2000,0.4,0.01
250.6053,3.4119,ldsc,62,2000,0.4,0.01
152.8335,48.721,ldsc,63,2000,0.4,0.01
14.9849,0.6263,ldsc,64,2000,0.4,0.01
86.1203,1.3461,ldsc,65,2000,0.4,0.01
43.8909,1.1635,ldsc,66,2000,0.4,0.01
0.8969,0.2227,ldsc,67,2000,0.4,0.01
21.4662,0.8255,ldsc,68,2000,0.4,0.01
258.8105,4.2374,ldsc,69,2000,0.4,0.01
163.675,28.5389,ldsc,70,2000,0.4,0.01
18.9108,0.6376,ldsc,71,2000,0.4,0.01
53.4255,1.1054,ldsc,72,2000,0.4,0.01
53.0564,14.2538,ldsc,73,2000,0.4,0.01
13.1199,0.5971,ldsc,74,2000,0.4,0.01
18.2501,0.6551,ldsc,75,2000,0.4,0.01
2.6905,0.3049,ldsc,76,2000,0.4,0.01
30.9908,0.8618,ldsc,77,2000,0.4,0.01
64.3086,1.2827,ldsc,78,2000,0.4,0.01
11.4081,0.4319,ldsc,79,2000,0.4,0.01
40.5338,1.0953,ldsc,80,2000,0.4,0.01
10.3512,0.4776,ldsc,81,2000,0.4,0.01
137.9911,28.171,ldsc,82,2000,0.4,0.01
49.2739,0.9738,ldsc,83,2000,0.4,0.01
80.5707,70.8545,ldsc,84,2000,0.4,0.01
91.0747,5.7448,ldsc,85,2000,0.4,0.01
33.3993,0.8392,ldsc,86,2000,0.4,0.01
36.865,1.113,ldsc,87,2000,0.4,0.01
83.4047,39.6003,ldsc,88,2000,0.4,0.01
61.2626,1.153,ldsc,89,2000,0.4,0.01
251.9793,3.596,ldsc,90,2000,0.4,0.01
46.0978,1.1024,ldsc,91,2000,0.4,0.01
20.154,0.7382,ldsc,92,2000,0.4,0.01
152.8966,20.7312,ldsc,93,2000,0.4,0.01
13.716,0.5571,ldsc,94,2000,0.4,0.01
15.3155,0.5969,ldsc,95,2000,0.4,0.01
21.377,0.628,ldsc,96,2000,0.4,0.01
4.3294,0.3432,ldsc,97,2000,0.4,0.01
4.984,0.4282,ldsc,98,2000,0.4,0.01
-0.2114,0.1362,ldsc,99,2000,0.4,0.01
5.1124,0.3335,ldsc,0,3000,0.4,0.01
37.681,15.8745,ldsc,1,3000,0.4,0.01
-0.346,0.1246,ldsc,2,3000,0.4,0.01
67.7453,0.9927,ldsc,3,3000,0.4,0.01
-0.3587,0.1396,ldsc,4,3000,0.4,0.01
25.8908,0.6963,ldsc,5,3000,0.4,0.01
0.6477,0.169,ldsc,6,3000,0.4,0.01
270.1693,48.7471,ldsc,7,3000,0.4,0.01
12.0139,0.4895,ldsc,8,3000,0.4,0.01
34.3301,0.7472,ldsc,9,3000,0.4,0.01
54.908,1.0852,ldsc,10,3000,0.4,0.01
170.5995,27.0724,ldsc,11,3000,0.4,0.01
39.7231,0.8597,ldsc,12,3000,0.4,0.01
-0.6148,0.0792,ldsc,13,3000,0.4,0.01
97.4094,52.9206,ldsc,14,3000,0.4,0.01
0.8111,0.1895,ldsc,15,3000,0.4,0.01
23.6329,0.5791,ldsc,16,3000,0.4,0.01
51.8506,0.9109,ldsc,17,3000,0.4,0.01
141.1839,27.1868,ldsc,18,3000,0.4,0.01
146.6946,30.7624,ldsc,19,3000,0.4,0.01
41.8242,0.9194,ldsc,20,3000,0.4,0.01
185.4165,27.3092,ldsc,21,3000,0.4,0.01
227.5313,29.5616,ldsc,22,3000,0.4,0.01
44.3579,0.9256,ldsc,23,3000,0.4,0.01
12.2308,0.4847,ldsc,24,3000,0.4,0.01
230.7995,9.4605,ldsc,25,3000,0.4,0.01
70.9943,31.3383,ldsc,26,3000,0.4,0.01
37.2631,0.7639,ldsc,27,3000,0.4,0.01
28.1426,0.7355,ldsc,28,3000,0.4,0.01
57.0069,0.9621,ldsc,29,3000,0.4,0.01
2.6145,0.2431,ldsc,30,3000,0.4,0.01
189.088,25.4302,ldsc,31,3000,0.4,0.01
37.0661,0.8169,ldsc,32,3000,0.4,0.01
0.6101,0.1737,ldsc,33,3000,0.4,0.01
-0.4228,0.104,ldsc,34,3000,0.4,0.01
-0.5495,0.0947,ldsc,35,3000,0.4,0.01
192.4424,26.5862,ldsc,36,3000,0.4,0.01
31.5595,0.7053,ldsc,37,3000,0.4,0.01
1.345,0.2171,ldsc,38,3000,0.4,0.01
57.0292,0.8596,ldsc,39,3000,0.4,0.01
94.0248,10.3449,ldsc,40,3000,0.4,0.01
28.5354,0.6799,ldsc,41,3000,0.4,0.01
11.1912,0.4608,ldsc,42,3000,0.4,0.01
38.7082,22.8448,ldsc,43,3000,0.4,0.01
40.7834,0.9787,ldsc,44,3000,0.4,0.01
9.6211,0.3894,ldsc,45,3000,0.4,0.01
0.1805,0.1204,ldsc,46,3000,0.4,0.01
279.5634,3.1913,ldsc,47,3000,0.4,0.01
25.507,0.5911,ldsc,48,3000,0.4,0.01
38.5643,0.7414,ldsc,49,3000,0.4,0.01
0.4136,0.1814,ldsc,50,3000,0.4,0.01
45.7716,0.9543,ldsc,51,3000,0.4,0.01
-0.3423,0.0945,ldsc,52,3000,0.4,0.01
0.6884,0.1542,ldsc,53,3000,0.4,0.01
35.807,0.7919,ldsc,54,3000,0.4,0.01
274.6832,15.1177,ldsc,55,3000,0.4,0.01
50.4077,0.8589,ldsc,56,3000,0.4,0.01
0.9112,0.1955,ldsc,57,3000,0.4,0.01
11.4646,0.4739,ldsc,58,3000,0.4,0.01
1.0624,0.2006,ldsc,59,3000,0.4,0.01
11.2174,0.5214,ldsc,60,3000,0.4,0.01
0.3381,0.1473,ldsc,61,3000,0.4,0.01
208.0143,19.7872,ldsc,62,3000,0.4,0.01
133.1427,31.6082,ldsc,63,3000,0.4,0.01
12.5754,0.5078,ldsc,64,3000,0.4,0.01
71.8001,1.0569,ldsc,65,3000,0.4,0.01
36.6979,0.9154,ldsc,66,3000,0.4,0.01
0.7481,0.1849,ldsc,67,3000,0.4,0.01
18.032,0.6602,ldsc,68,3000,0.4,0.01
167.951,12.361,ldsc,69,3000,0.4,0.01
146.3409,23.5761,ldsc,70,3000,0.4,0.01
15.8725,0.5206,ldsc,71,3000,0.4,0.01
44.5383,0.86,ldsc,72,3000,0.4,0.01
122.5243,10.2225,ldsc,73,3000,0.4,0.01
11.0287,0.4856,ldsc,74,3000,0.4,0.01
15.3137,0.533,ldsc,75,3000,0.4,0.01
2.2402,0.2492,ldsc,76,3000,0.4,0.01
25.9281,0.6943,ldsc,77,3000,0.4,0.01
53.5139,1.0491,ldsc,78,3000,0.4,0.01
9.5615,0.3586,ldsc,79,3000,0.4,0.01
33.8772,0.8855,ldsc,80,3000,0.4,0.01
8.707,0.3922,ldsc,81,3000,0.4,0.01
89.3795,19.629,ldsc,82,3000,0.4,0.01
41.1256,0.7696,ldsc,83,3000,0.4,0.01
138.3042,33.6158,ldsc,84,3000,0.4,0.01
110.3077,11.2413,ldsc,85,3000,0.4,0.01
27.9693,0.6936,ldsc,86,3000,0.4,0.01
30.8499,0.8988,ldsc,87,3000,0.4,0.01
195.7017,87.4779,ldsc,88,3000,0.4,0.01
51.0481,0.92,ldsc,89,3000,0.4,0.01
140.9878,30.8474,ldsc,90,3000,0.4,0.01
38.4656,0.9104,ldsc,91,3000,0.4,0.01
16.8967,0.6038,ldsc,92,3000,0.4,0.01
93.8246,36.2722,ldsc,93,3000,0.4,0.01
11.5147,0.4571,ldsc,94,3000,0.4,0.01
12.8539,0.4915,ldsc,95,3000,0.4,0.01
17.9228,0.5103,ldsc,96,3000,0.4,0.01
3.6142,0.2819,ldsc,97,3000,0.4,0.01
4.172,0.3571,ldsc,98,3000,0.4,0.01
-0.2061,0.1106,ldsc,99,3000,0.4,0.01
3.8517,0.2496,ldsc,0,5000,0.4,0.01
56.6511,0.8483,ldsc,1,5000,0.4,0.01
-0.2728,0.092,ldsc,2,5000,0.4,0.01
51.5472,0.7984,ldsc,3,5000,0.4,0.01
-0.286,0.0996,ldsc,4,5000,0.4,0.01
19.5172,0.5104,ldsc,5,5000,0.4,0.01
0.4756,0.1251,ldsc,6,5000,0.4,0.01
161.7241,16.5352,ldsc,7,5000,0.4,0.01
9.0581,0.3677,ldsc,8,5000,0.4,0.01
25.9365,0.5437,ldsc,9,5000,0.4,0.01
41.6047,0.8334,ldsc,10,5000,0.4,0.01
214.4212,6.3139,ldsc,11,5000,0.4,0.01
29.9755,0.6344,ldsc,12,5000,0.4,0.01
-0.4546,0.0574,ldsc,13,5000,0.4,0.01
76.4162,1.3641,ldsc,14,5000,0.4,0.01
0.5991,0.1413,ldsc,15,5000,0.4,0.01
17.8187,0.4327,ldsc,16,5000,0.4,0.01
39.226,0.6787,ldsc,17,5000,0.4,0.01
160.7908,42.4499,ldsc,18,5000,0.4,0.01
178.7685,9.4965,ldsc,19,5000,0.4,0.01
31.5584,0.6774,ldsc,20,5000,0.4,0.01
161.7262,32.8924,ldsc,21,5000,0.4,0.01
163.0153,8.7873,ldsc,22,5000,0.4,0.01
33.5111,0.6761,ldsc,23,5000,0.4,0.01
9.2435,0.3649,ldsc,24,5000,0.4,0.01
264.2138,40.4623,ldsc,25,5000,0.4,0.01
65.4016,0.7418,ldsc,26,5000,0.4,0.01
28.1129,0.5522,ldsc,27,5000,0.4,0.01
21.2362,0.5368,ldsc,28,5000,0.4,0.01
43.2151,0.7332,ldsc,29,5000,0.4,0.01
1.9691,0.1819,ldsc,30,5000,0.4,0.01
97.5644,24.4915,ldsc,31,5000,0.4,0.01
27.9609,0.6061,ldsc,32,5000,0.4,0.01
0.45,0.1303,ldsc,33,5000,0.4,0.01
-0.3259,0.0749,ldsc,34,5000,0.4,0.01
-0.4391,0.0672,ldsc,35,5000,0.4,0.01
129.0464,17.854,ldsc,36,5000,0.4,0.01
23.7907,0.5113,ldsc,37,5000,0.4,0.01
0.9877,0.1638,ldsc,38,5000,0.4,0.01
43.2442,0.6503,ldsc,39,5000,0.4,0.01
64.3163,0.893,ldsc,40,5000,0.4,0.01
21.503,0.506,ldsc,41,5000,0.4,0.01
8.4668,0.3416,ldsc,42,5000,0.4,0.01
59.8361,0.8499,ldsc,43,5000,0.4,0.01
30.7545,0.7366,ldsc,44,5000,0.4,0.01
7.2478,0.2898,ldsc,45,5000,0.4,0.01
0.123,0.0903,ldsc,46,5000,0.4,0.01
274.7522,28.3993,ldsc,47,5000,0.4,0.01
19.2406,0.4272,ldsc,48,5000,0.4,0.01
29.114,0.5485,ldsc,49,5000,0.4,0.01
0.3122,0.1346,ldsc,50,5000,0.4,0.01
34.6001,0.7194,ldsc,51,5000,0.4,0.01
-0.2777,0.0688,ldsc,52,5000,0.4,0.01
0.5108,0.1159,ldsc,53,5000,0.4,0.01
26.9974,0.5858,ldsc,54,5000,0.4,0.01
144.8785,102.2441,ldsc,55,5000,0.4,0.01
38.1261,0.6319,ldsc,56,5000,0.4,0.01
0.6979,0.1465,ldsc,57,5000,0.4,0.01
8.6542,0.3521,ldsc,58,5000,0.4,0.01
0.8085,0.1499,ldsc,59,5000,0.4,0.01
8.4782,0.3883,ldsc,60,5000,0.4,0.01
0.2479,0.11,ldsc,61,5000,0.4,0.01
205.6071,22.2133,ldsc,62,5000,0.4,0.01
97.1204,13.8595,ldsc,63,5000,0.4,0.01
9.4866,0.3711,ldsc,64,5000,0.4,0.01
54.7809,0.8856,ldsc,65,5000,0.4,0.01
27.688,0.6626,ldsc,66,5000,0.4,0.01
0.5637,0.1389,ldsc,67,5000,0.4,0.01
13.6106,0.4788,ldsc,68,5000,0.4,0.01
193.7385,31.7401,ldsc,69,5000,0.4,0.01
73.5489,25.4904,ldsc,70,5000,0.4,0.01
11.9732,0.3852,ldsc,71,5000,0.4,0.01
33.6254,0.6199,ldsc,72,5000,0.4,0.01
75.7504,15.1351,ldsc,73,5000,0.4,0.01
8.329,0.3583,ldsc,74,5000,0.4,0.01
11.5577,0.3943,ldsc,75,5000,0.4,0.01
1.6705,0.1831,ldsc,76,5000,0.4,0.01
19.5342,0.5091,ldsc,77,5000,0.4,0.01
40.5199,0.8027,ldsc,78,5000,0.4,0.01
7.2051,0.2687,ldsc,79,5000,0.4,0.01
25.5349,0.6585,ldsc,80,5000,0.4,0.01
6.5848,0.2906,ldsc,81,5000,0.4,0.01
62.7659,0.9693,ldsc,82,5000,0.4,0.01
31.0354,0.5692,ldsc,83,5000,0.4,0.01
117.56,14.8263,ldsc,84,5000,0.4,0.01
63.9427,0.8447,ldsc,85,5000,0.4,0.01
21.1044,0.5268,ldsc,86,5000,0.4,0.01
23.2719,0.6639,ldsc,87,5000,0.4,0.01
142.0319,23.2514,ldsc,88,5000,0.4,0.01
38.6466,0.6872,ldsc,89,5000,0.4,0.01
202.6387,7.7689,ldsc,90,5000,0.4,0.01
29.0099,0.6912,ldsc,91,5000,0.4,0.01
12.7414,0.4463,ldsc,92,5000,0.4,0.01
86.1497,25.2139,ldsc,93,5000,0.4,0.01
8.6835,0.3416,ldsc,94,5000,0.4,0.01
9.6931,0.3665,ldsc,95,5000,0.4,0.01
13.5115,0.3776,ldsc,96,5000,0.4,0.01
2.7077,0.209,ldsc,97,5000,0.4,0.01
3.1431,0.2696,ldsc,98,5000,0.4,0.01
-0.1761,0.0808,ldsc,99,5000,0.4,0.01
2.4894,0.163,ldsc,0,10000,0.4,0.01
37.7649,0.6196,ldsc,1,10000,0.4,0.01
-0.1811,0.0589,ldsc,2,10000,0.4,0.01
34.1976,0.5931,ldsc,3,10000,0.4,0.01
-0.1952,0.0615,ldsc,4,10000,0.4,0.01
12.6701,0.3322,ldsc,5,10000,0.4,0.01
0.2968,0.0796,ldsc,6,10000,0.4,0.01
92.9869,6.0644,ldsc,7,10000,0.4,0.01
5.8755,0.2413,ldsc,8,10000,0.4,0.01
16.8899,0.3672,ldsc,9,10000,0.4,0.01
27.3071,0.582,ldsc,10,10000,0.4,0.01
120.0757,16.1137,ldsc,11,10000,0.4,0.01
19.5156,0.4175,ldsc,12,10000,0.4,0.01
-0.2883,0.0363,ldsc,13,10000,0.4,0.01
53.7969,0.7822,ldsc,14,10000,0.4,0.01
0.3833,0.091,ldsc,15,10000,0.4,0.01
11.5659,0.2839,ldsc,16,10000,0.4,0.01
25.6762,0.4476,ldsc,17,10000,0.4,0.01
185.0321,77.5009,ldsc,18,10000,0.4,0.01
91.879,10.2031,ldsc,19,10000,0.4,0.01
20.5669,0.4592,ldsc,20,10000,0.4,0.01
99.0997,10.9162,ldsc,21,10000,0.4,0.01
108.1773,12.4459,ldsc,22,10000,0.4,0.01
21.8754,0.453,ldsc,23,10000,0.4,0.01
6.0049,0.2412,ldsc,24,10000,0.4,0.01
190.9809,42.2294,ldsc,25,10000,0.4,0.01
43.9644,0.6101,ldsc,26,10000,0.4,0.01
18.3021,0.3708,ldsc,27,10000,0.4,0.01
13.8045,0.3537,ldsc,28,10000,0.4,0.01
28.3881,0.5169,ldsc,29,10000,0.4,0.01
1.2701,0.1186,ldsc,30,10000,0.4,0.01
59.3255,0.8463,ldsc,31,10000,0.4,0.01
18.2006,0.4033,ldsc,32,10000,0.4,0.01
0.2846,0.0844,ldsc,33,10000,0.4,0.01
-0.2132,0.0475,ldsc,34,10000,0.4,0.01
-0.2953,0.0415,ldsc,35,10000,0.4,0.01
76.4018,1.0903,ldsc,36,10000,0.4,0.01
15.4615,0.3347,ldsc,37,10000,0.4,0.01
0.6239,0.1073,ldsc,38,10000,0.4,0.01
28.4365,0.4756,ldsc,39,10000,0.4,0.01
43.3958,0.7611,ldsc,40,10000,0.4,0.01
13.9639,0.3567,ldsc,41,10000,0.4,0.01
5.4951,0.2228,ldsc,42,10000,0.4,0.01
40.1337,0.6694,ldsc,43,10000,0.4,0.01
20.0321,0.4891,ldsc,44,10000,0.4,0.01
4.6989,0.191,ldsc,45,10000,0.4,0.01
0.0712,0.0584,ldsc,46,10000,0.4,0.01
212.0511,97.9046,ldsc,47,10000,0.4,0.01
12.4941,0.2892,ldsc,48,10000,0.4,0.01
18.971,0.3807,ldsc,49,10000,0.4,0.01
0.2028,0.0866,ldsc,50,10000,0.4,0.01
22.6122,0.4836,ldsc,51,10000,0.4,0.01
-0.1919,0.0433,ldsc,52,10000,0.4,0.01
0.3236,0.0749,ldsc,53,10000,0.4,0.01
17.5489,0.3923,ldsc,54,10000,0.4,0.01
151.3264,25.1509,ldsc,55,10000,0.4,0.01
24.9603,0.4367,ldsc,56,10000,0.4,0.01
0.4636,0.0946,ldsc,57,10000,0.4,0.01
5.6131,0.2265,ldsc,58,10000,0.4,0.01
0.5293,0.0971,ldsc,59,10000,0.4,0.01
5.4973,0.2498,ldsc,60,10000,0.4,0.01
0.1532,0.0714,ldsc,61,10000,0.4,0.01
185.1821,30.958,ldsc,62,10000,0.4,0.01
57.1537,0.7922,ldsc,63,10000,0.4,0.01
6.158,0.2365,ldsc,64,10000,0.4,0.01
36.409,0.6456,ldsc,65,10000,0.4,0.01
18.0263,0.4344,ldsc,66,10000,0.4,0.01
0.3629,0.0901,ldsc,67,10000,0.4,0.01
8.8279,0.3117,ldsc,68,10000,0.4,0.01
113.4329,21.3528,ldsc,69,10000,0.4,0.01
61.7711,0.9953,ldsc,70,10000,0.4,0.01
7.7617,0.2495,ldsc,71,10000,0.4,0.01
21.9441,0.4157,ldsc,72,10000,0.4,0.01
51.7482,0.8144,ldsc,73,10000,0.4,0.01
5.4112,0.2323,ldsc,74,10000,0.4,0.01
7.5041,0.2574,ldsc,75,10000,0.4,0.01
1.0676,0.1152,ldsc,76,10000,0.4,0.01
12.6734,0.3298,ldsc,77,10000,0.4,0.01
26.5641,0.5539,ldsc,78,10000,0.4,0.01
4.6678,0.1731,ldsc,79,10000,0.4,0.01
16.5984,0.4357,ldsc,80,10000,0.4,0.01
4.2764,0.1861,ldsc,81,10000,0.4,0.01
45.2984,0.7378,ldsc,82,10000,0.4,0.01
20.2185,0.3894,ldsc,83,10000,0.4,0.01
60.0199,11.8962,ldsc,84,10000,0.4,0.01
42.8177,0.723,ldsc,85,10000,0.4,0.01
13.717,0.354,ldsc,86,10000,0.4,0.01
15.136,0.4352,ldsc,87,10000,0.4,0.01
87.0501,19.0547,ldsc,88,10000,0.4,0.01
25.3142,0.4742,ldsc,89,10000,0.4,0.01
108.913,54.7663,ldsc,90,10000,0.4,0.01
18.8828,0.456,ldsc,91,10000,0.4,0.01
8.2604,0.2867,ldsc,92,10000,0.4,0.01
44.9403,0.6972,ldsc,93,10000,0.4,0.01
5.6261,0.2242,ldsc,94,10000,0.4,0.01
6.288,0.2386,ldsc,95,10000,0.4,0.01
8.7584,0.246,ldsc,96,10000,0.4,0.01
1.7431,0.1337,ldsc,97,10000,0.4,0.01
2.0394,0.1764,ldsc,98,10000,0.4,0.01
-0.1241,0.0509,ldsc,99,10000,0.4,0.01
1.601,0.1069,ldsc,0,20000,0.4,0.01
24.7128,0.5177,ldsc,1,20000,0.4,0.01
-0.1175,0.0374,ldsc,2,20000,0.4,0.01
22.3261,0.4925,ldsc,3,20000,0.4,0.01
-0.1294,0.0387,ldsc,4,20000,0.4,0.01
8.1548,0.2279,ldsc,5,20000,0.4,0.01
0.1809,0.0503,ldsc,6,20000,0.4,0.01
65.6496,1.2804,ldsc,7,20000,0.4,0.01
3.7735,0.1596,ldsc,8,20000,0.4,0.01
10.9186,0.2691,ldsc,9,20000,0.4,0.01
17.7152,0.4216,ldsc,10,20000,0.4,0.01
65.1188,1.3028,ldsc,11,20000,0.4,0.01
12.5992,0.2973,ldsc,12,20000,0.4,0.01
-0.1823,0.0232,ldsc,13,20000,0.4,0.01
36.0916,0.7018,ldsc,14,20000,0.4,0.01
0.2453,0.0578,ldsc,15,20000,0.4,0.01
7.4467,0.1939,ldsc,16,20000,0.4,0.01
16.6315,0.3413,ldsc,17,20000,0.4,0.01
49.0159,1.0204,ldsc,18,20000,0.4,0.01
68.2617,1.3314,ldsc,19,20000,0.4,0.01
13.2954,0.3424,ldsc,20,20000,0.4,0.01
64.3683,1.208,ldsc,21,20000,0.4,0.01
70.404,1.3959,ldsc,22,20000,0.4,0.01
14.1558,0.3397,ldsc,23,20000,0.4,0.01
3.8742,0.1636,ldsc,24,20000,0.4,0.01
76.6103,1.5883,ldsc,25,20000,0.4,0.01
28.9722,0.53,ldsc,26,20000,0.4,0.01
11.8275,0.2747,ldsc,27,20000,0.4,0.01
8.9127,0.2525,ldsc,28,20000,0.4,0.01
18.4115,0.3739,ldsc,29,20000,0.4,0.01
0.8115,0.0769,ldsc,30,20000,0.4,0.01
40.2348,0.7507,ldsc,31,20000,0.4,0.01
11.7472,0.2872,ldsc,32,20000,0.4,0.01
0.178,0.0541,ldsc,33,20000,0.4,0.01
-0.1341,0.0299,ldsc,34,20000,0.4,0.01
-0.1949,0.0262,ldsc,35,20000,0.4,0.01
54.5158,1.0666,ldsc,36,20000,0.4,0.01
9.9666,0.2398,ldsc,37,20000,0.4,0.01
0.3926,0.0692,ldsc,38,20000,0.4,0.01
18.4777,0.3834,ldsc,39,20000,0.4,0.01
28.5884,0.6323,ldsc,40,20000,0.4,0.01
9.0211,0.2707,ldsc,41,20000,0.4,0.01
3.5427,0.1493,ldsc,42,20000,0.4,0.01
26.3496,0.5638,ldsc,43,20000,0.4,0.01
12.9435,0.3463,ldsc,44,20000,0.4,0.01
3.0324,0.1301,ldsc,45,20000,0.4,0.01
0.0371,0.0378,ldsc,46,20000,0.4,0.01
92.9555,10.1323,ldsc,47,20000,0.4,0.01
8.0653,0.2224,ldsc,48,20000,0.4,0.01
12.2703,0.2918,ldsc,49,20000,0.4,0.01
0.1293,0.0552,ldsc,50,20000,0.4,0.01
14.6234,0.3437,ldsc,51,20000,0.4,0.01
-0.1276,0.0278,ldsc,52,20000,0.4,0.01
0.2052,0.0486,ldsc,53,20000,0.4,0.01
11.3124,0.2882,ldsc,54,20000,0.4,0.01
85.5671,13.6011,ldsc,55,20000,0.4,0.01
16.185,0.3569,ldsc,56,20000,0.4,0.01
0.3064,0.0604,ldsc,57,20000,0.4,0.01
3.6114,0.1497,ldsc,58,20000,0.4,0.01
0.3396,0.063,ldsc,59,20000,0.4,0.01
3.5369,0.1622,ldsc,60,20000,0.4,0.01
0.0953,0.0462,ldsc,61,20000,0.4,0.01
71.8643,1.4384,ldsc,62,20000,0.4,0.01
38.6157,0.7188,ldsc,63,20000,0.4,0.01
3.972,0.1565,ldsc,64,20000,0.4,0.01
23.7734,0.503,ldsc,65,20000,0.4,0.01
11.6417,0.3082,ldsc,66,20000,0.4,0.01
0.2294,0.0575,ldsc,67,20000,0.4,0.01
5.6981,0.2192,ldsc,68,20000,0.4,0.01
74.4672,1.5161,ldsc,69,20000,0.4,0.01
42.2988,0.8623,ldsc,70,20000,0.4,0.01
4.9932,0.169,ldsc,71,20000,0.4,0.01
14.2047,0.3152,ldsc,72,20000,0.4,0.01
34.5217,0.6967,ldsc,73,20000,0.4,0.01
3.4972,0.1579,ldsc,74,20000,0.4,0.01
4.8403,0.1768,ldsc,75,20000,0.4,0.01
0.6852,0.0733,ldsc,76,20000,0.4,0.01
8.1645,0.2289,ldsc,77,20000,0.4,0.01
17.2105,0.3924,ldsc,78,20000,0.4,0.01
2.9997,0.1152,ldsc,79,20000,0.4,0.01
10.704,0.3025,ldsc,80,20000,0.4,0.01
2.764,0.1237,ldsc,81,20000,0.4,0.01
29.958,0.6234,ldsc,82,20000,0.4,0.01
13.0617,0.2885,ldsc,83,20000,0.4,0.01
50.2936,0.9162,ldsc,84,20000,0.4,0.01
28.2125,0.6004,ldsc,85,20000,0.4,0.01
8.8521,0.2508,ldsc,86,20000,0.4,0.01
9.7854,0.308,ldsc,87,20000,0.4,0.01
47.5994,0.8576,ldsc,88,20000,0.4,0.01
16.4062,0.3679,ldsc,89,20000,0.4,0.01
72.1749,1.413,ldsc,90,20000,0.4,0.01
12.1707,0.2996,ldsc,91,20000,0.4,0.01
5.3105,0.1892,ldsc,92,20000,0.4,0.01
29.6714,0.5989,ldsc,93,20000,0.4,0.01
3.6214,0.1525,ldsc,94,20000,0.4,0.01
4.0544,0.1584,ldsc,95,20000,0.4,0.01
5.6296,0.1645,ldsc,96,20000,0.4,0.01
1.1129,0.086,ldsc,97,20000,0.4,0.01
1.3167,0.1133,ldsc,98,20000,0.4,0.01
-0.0831,0.0321,ldsc,99,20000,0.4,0.01
1.1837,0.0819,ldsc,0,30000,0.4,0.01
18.7697,0.5739,ldsc,1,30000,0.4,0.01
-0.0885,0.0266,ldsc,2,30000,0.4,0.01
16.9132,0.5251,ldsc,3,30000,0.4,0.01
-0.0954,0.0276,ldsc,4,30000,0.4,0.01
6.1317,0.2199,ldsc,5,30000,0.4,0.01
0.1312,0.0366,ldsc,6,30000,0.4,0.01
51.9442,1.2926,ldsc,7,30000,0.4,0.01
2.832,0.138,ldsc,8,30000,0.4,0.01
8.2011,0.2623,ldsc,9,30000,0.4,0.01
13.3635,0.4206,ldsc,10,30000,0.4,0.01
51.6022,1.3344,ldsc,11,30000,0.4,0.01
9.4805,0.3086,ldsc,12,30000,0.4,0.01
-0.1325,0.0169,ldsc,13,30000,0.4,0.01
27.5186,0.7623,ldsc,14,30000,0.4,0.01
0.1811,0.0413,ldsc,15,30000,0.4,0.01
5.5809,0.1821,ldsc,16,30000,0.4,0.01
12.5387,0.3727,ldsc,17,30000,0.4,0.01
37.752,1.0484,ldsc,18,30000,0.4,0.01
54.5223,1.3894,ldsc,19,30000,0.4,0.01
10.0046,0.3377,ldsc,20,30000,0.4,0.01
51.2786,1.3006,ldsc,21,30000,0.4,0.01
56.4774,1.4127,ldsc,22,30000,0.4,0.01
10.6556,0.3422,ldsc,23,30000,0.4,0.01
2.916,0.1399,ldsc,24,30000,0.4,0.01
63.9372,1.6047,ldsc,25,30000,0.4,0.01
21.9632,0.5853,ldsc,26,30000,0.4,0.01
8.8915,0.2771,ldsc,27,30000,0.4,0.01
6.699,0.2399,ldsc,28,30000,0.4,0.01
13.8209,0.3714,ldsc,29,30000,0.4,0.01
0.6022,0.0584,ldsc,30,30000,0.4,0.01
30.7667,0.8184,ldsc,31,30000,0.4,0.01
8.8131,0.2765,ldsc,32,30000,0.4,0.01
0.1304,0.0394,ldsc,33,30000,0.4,0.01
-0.0972,0.0217,ldsc,34,30000,0.4,0.01
-0.1434,0.0192,ldsc,35,30000,0.4,0.01
42.3726,1.1098,ldsc,36,30000,0.4,0.01
7.4832,0.2338,ldsc,37,30000,0.4,0.01
0.2846,0.0517,ldsc,38,30000,0.4,0.01
13.934,0.4046,ldsc,39,30000,0.4,0.01
21.673,0.654,ldsc,40,30000,0.4,0.01
6.7944,0.2561,ldsc,41,30000,0.4,0.01
2.6505,0.124,ldsc,42,30000,0.4,0.01
19.92,0.5789,ldsc,43,30000,0.4,0.01
9.7084,0.3139,ldsc,44,30000,0.4,0.01
2.2891,0.1148,ldsc,45,30000,0.4,0.01
0.0244,0.0275,ldsc,46,30000,0.4,0.01
74.724,1.8813,ldsc,47,30000,0.4,0.01
6.0655,0.2176,ldsc,48,30000,0.4,0.01
9.1937,0.2763,ldsc,49,30000,0.4,0.01
0.0914,0.0404,ldsc,50,30000,0.4,0.01
11.0103,0.3526,ldsc,51,30000,0.4,0.01
-0.0951,0.021,ldsc,52,30000,0.4,0.01
0.1477,0.0358,ldsc,53,30000,0.4,0.01
8.5169,0.29,ldsc,54,30000,0.4,0.01
66.9906,1.7568,ldsc,55,30000,0.4,0.01
12.2088,0.3772,ldsc,56,30000,0.4,0.01
0.2311,0.0446,ldsc,57,30000,0.4,0.01
2.712,0.1263,ldsc,58,30000,0.4,0.01
0.2442,0.046,ldsc,59,30000,0.4,0.01
2.6628,0.1362,ldsc,60,30000,0.4,0.01
0.0678,0.0335,ldsc,61,30000,0.4,0.01
57.7743,1.426,ldsc,62,30000,0.4,0.01
29.5006,0.802,ldsc,63,30000,0.4,0.01
2.9942,0.138,ldsc,64,30000,0.4,0.01
17.9686,0.5284,ldsc,65,30000,0.4,0.01
8.7325,0.2909,ldsc,66,30000,0.4,0.01
0.1716,0.0424,ldsc,67,30000,0.4,0.01
4.2898,0.1916,ldsc,68,30000,0.4,0.01
59.8988,1.5451,ldsc,69,30000,0.4,0.01
32.3898,0.8939,ldsc,70,30000,0.4,0.01
3.7434,0.152,ldsc,71,30000,0.4,0.01
10.6734,0.319,ldsc,72,30000,0.4,0.01
26.2611,0.7325,ldsc,73,30000,0.4,0.01
2.6032,0.1214,ldsc,74,30000,0.4,0.01
3.6379,0.1565,ldsc,75,30000,0.4,0.01
0.5072,0.0562,ldsc,76,30000,0.4,0.01
6.1389,0.2232,ldsc,77,30000,0.4,0.01
12.9669,0.3997,ldsc,78,30000,0.4,0.01
2.2492,0.0963,ldsc,79,30000,0.4,0.01
8.0212,0.2755,ldsc,80,30000,0.4,0.01
2.0739,0.1031,ldsc,81,30000,0.4,0.01
22.7409,0.6604,ldsc,82,30000,0.4,0.01
9.8227,0.2986,ldsc,83,30000,0.4,0.01
38.8068,0.9742,ldsc,84,30000,0.4,0.01
21.3658,0.6216,ldsc,85,30000,0.4,0.01
6.6705,0.24,ldsc,86,30000,0.4,0.01
7.3641,0.2831,ldsc,87,30000,0.4,0.01
36.621,0.931,ldsc,88,30000,0.4,0.01
12.3409,0.3739,ldsc,89,30000,0.4,0.01
58.1343,1.4349,ldsc,90,30000,0.4,0.01
9.1234,0.2839,ldsc,91,30000,0.4,0.01
3.9679,0.1624,ldsc,92,30000,0.4,0.01
22.541,0.646,ldsc,93,30000,0.4,0.01
2.7158,0.1291,ldsc,94,30000,0.4,0.01
3.0371,0.1343,ldsc,95,30000,0.4,0.01
4.2154,0.1517,ldsc,96,30000,0.4,0.01
0.8245,0.0654,ldsc,97,30000,0.4,0.01
0.9936,0.0867,ldsc,98,30000,0.4,0.01
-0.0626,0.0232,ldsc,99,30000,0.4,0.01
0.6802,0.0653,ldsc,0,50000,0.4,0.01
10.9714,0.6314,ldsc,1,50000,0.4,0.01
-0.0397,0.0105,ldsc,2,50000,0.4,0.01
10.0079,0.5813,ldsc,3,50000,0.4,0.01
-0.0361,0.0114,ldsc,4,50000,0.4,0.01
3.6374,0.2335,ldsc,5,50000,0.4,0.01
0.0489,0.0168,ldsc,6,50000,0.4,0.01
31.0627,1.6619,ldsc,7,50000,0.4,0.01
1.65,0.1201,ldsc,8,50000,0.4,0.01
4.7849,0.2818,ldsc,9,50000,0.4,0.01
7.9237,0.4762,ldsc,10,50000,0.4,0.01
30.7511,1.636,ldsc,11,50000,0.4,0.01
5.61,0.3473,ldsc,12,50000,0.4,0.01
-0.0523,0.0088,ldsc,13,50000,0.4,0.01
16.2886,0.9084,ldsc,14,50000,0.4,0.01
0.0756,0.0193,ldsc,15,50000,0.4,0.01
3.2763,0.1946,ldsc,16,50000,0.4,0.01
7.4278,0.4363,ldsc,17,50000,0.4,0.01
22.3416,1.234,ldsc,18,50000,0.4,0.01
32.6403,1.7459,ldsc,19,50000,0.4,0.01
5.8571,0.3621,ldsc,20,50000,0.4,0.01
30.7315,1.6309,ldsc,21,50000,0.4,0.01
33.9415,1.8072,ldsc,22,50000,0.4,0.01
6.2455,0.3796,ldsc,23,50000,0.4,0.01
1.6863,0.1238,ldsc,24,50000,0.4,0.01
39.0312,2.079,ldsc,25,50000,0.4,0.01
13.0032,0.7431,ldsc,26,50000,0.4,0.01
5.1687,0.3059,ldsc,27,50000,0.4,0.01
3.872,0.2418,ldsc,28,50000,0.4,0.01
8.1046,0.458,ldsc,29,50000,0.4,0.01
0.3017,0.0359,ldsc,30,50000,0.4,0.01
18.0898,0.9715,ldsc,31,50000,0.4,0.01
5.1947,0.3103,ldsc,32,50000,0.4,0.01
0.0484,0.0187,ldsc,33,50000,0.4,0.01
-0.0363,0.0091,ldsc,34,50000,0.4,0.01
-0.0574,0.0088,ldsc,35,50000,0.4,0.01
25.2652,1.3729,ldsc,36,50000,0.4,0.01
4.3937,0.2625,ldsc,37,50000,0.4,0.01
0.1224,0.0268,ldsc,38,50000,0.4,0.01
8.0885,0.4583,ldsc,39,50000,0.4,0.01
12.6394,0.716,ldsc,40,50000,0.4,0.01
3.8657,0.2328,ldsc,41,50000,0.4,0.01
1.5172,0.1076,ldsc,42,50000,0.4,0.01
11.5415,0.6386,ldsc,43,50000,0.4,0.01
5.7484,0.3569,ldsc,44,50000,0.4,0.01
1.3557,0.1004,ldsc,45,50000,0.4,0.01
0.0063,0.0113,ldsc,46,50000,0.4,0.01
47.269,2.5265,ldsc,47,50000,0.4,0.01
3.5461,0.2267,ldsc,48,50000,0.4,0.01
5.3232,0.3174,ldsc,49,50000,0.4,0.01
0.034,0.0171,ldsc,50,50000,0.4,0.01
6.449,0.3913,ldsc,51,50000,0.4,0.01
-0.0331,0.0105,ldsc,52,50000,0.4,0.01
0.0613,0.0162,ldsc,53,50000,0.4,0.01
4.9056,0.286,ldsc,54,50000,0.4,0.01
41.3248,2.2133,ldsc,55,50000,0.4,0.01
7.1327,0.4165,ldsc,56,50000,0.4,0.01
0.1078,0.0231,ldsc,57,50000,0.4,0.01
1.6026,0.1156,ldsc,58,50000,0.4,0.01
0.1012,0.0215,ldsc,59,50000,0.4,0.01
1.5768,0.1166,ldsc,60,50000,0.4,0.01
0.0296,0.0136,ldsc,61,50000,0.4,0.01
34.953,1.8596,ldsc,62,50000,0.4,0.01
17.5533,0.9839,ldsc,63,50000,0.4,0.01
1.7892,0.1254,ldsc,64,50000,0.4,0.01
10.6272,0.6233,ldsc,65,50000,0.4,0.01
4.9979,0.283,ldsc,66,50000,0.4,0.01
0.0761,0.0191,ldsc,67,50000,0.4,0.01
2.4736,0.1712,ldsc,68,50000,0.4,0.01
35.9125,1.9556,ldsc,69,50000,0.4,0.01
19.0402,1.0466,ldsc,70,50000,0.4,0.01
2.22,0.1508,ldsc,71,50000,0.4,0.01
6.2574,0.3735,ldsc,72,50000,0.4,0.01
15.3879,0.8423,ldsc,73,50000,0.4,0.01
1.5165,0.1055,ldsc,74,50000,0.4,0.01
2.1373,0.1458,ldsc,75,50000,0.4,0.01
0.245,0.0347,ldsc,76,50000,0.4,0.01
3.6513,0.2382,ldsc,77,50000,0.4,0.01
7.5573,0.445,ldsc,78,50000,0.4,0.01
1.3318,0.0869,ldsc,79,50000,0.4,0.01
4.6207,0.283,ldsc,80,50000,0.4,0.01
1.2025,0.089,ldsc,81,50000,0.4,0.01
13.286,0.7471,ldsc,82,50000,0.4,0.01
5.6914,0.3261,ldsc,83,50000,0.4,0.01
23.1652,1.2598,ldsc,84,50000,0.4,0.01
12.5602,0.7157,ldsc,85,50000,0.4,0.01
3.9175,0.2475,ldsc,86,50000,0.4,0.01
4.2277,0.2452,ldsc,87,50000,0.4,0.01
21.8204,1.2012,ldsc,88,50000,0.4,0.01
7.2468,0.4279,ldsc,89,50000,0.4,0.01
35.1839,1.9133,ldsc,90,50000,0.4,0.01
5.39,0.3209,ldsc,91,50000,0.4,0.01
2.3063,0.153,ldsc,92,50000,0.4,0.01
13.2637,0.7483,ldsc,93,50000,0.4,0.01
1.5568,0.1091,ldsc,94,50000,0.4,0.01
1.7524,0.1193,ldsc,95,50000,0.4,0.01
2.4559,0.1517,ldsc,96,50000,0.4,0.01
0.4253,0.0436,ldsc,97,50000,0.4,0.01
0.556,0.0583,ldsc,98,50000,0.4,0.01
-0.029,0.0091,ldsc,99,50000,0.4,0.01
-0.0906,0.1385,covldsc,0,20000,0.1,1.0
0.0914,0.1737,covldsc,1,20000,0.1,1.0
0.2296,0.1557,covldsc,2,20000,0.1,1.0
0.0413,0.1272,covldsc,3,20000,0.1,1.0
-0.1052,0.1293,covldsc,4,20000,0.1,1.0
0.0525,0.1369,covldsc,5,20000,0.1,1.0
0.2973,0.1798,covldsc,6,20000,0.1,1.0
0.5784,0.1539,covldsc,7,20000,0.1,1.0
-0.0066,0.1401,covldsc,8,20000,0.1,1.0
0.2074,0.1417,covldsc,9,20000,0.1,1.0
0.244,0.147,covldsc,10,20000,0.1,1.0
0.1878,0.1463,covldsc,11,20000,0.1,1.0
0.0594,0.1554,covldsc,12,20000,0.1,1.0
-0.0359,0.171,covldsc,13,20000,0.1,1.0
-0.0399,0.1545,covldsc,14,20000,0.1,1.0
0.2122,0.1473,covldsc,15,20000,0.1,1.0
0.0864,0.1567,covldsc,16,20000,0.1,1.0
0.0276,0.124,covldsc,17,20000,0.1,1.0
0.1565,0.1577,covldsc,18,20000,0.1,1.0
0.4378,0.1329,covldsc,19,20000,0.1,1.0
-0.1367,0.1555,covldsc,20,20000,0.1,1.0
-0.0735,0.1459,covldsc,21,20000,0.1,1.0
0.1902,0.1385,covldsc,22,20000,0.1,1.0
-0.0166,0.1423,covldsc,23,20000,0.1,1.0
-0.0738,0.161,covldsc,24,20000,0.1,1.0
0.1496,0.1509,covldsc,25,20000,0.1,1.0
0.0917,0.1462,covldsc,26,20000,0.1,1.0
0.1864,0.1554,covldsc,27,20000,0.1,1.0
-0.0553,0.1463,covldsc,28,20000,0.1,1.0
0.0988,0.1449,covldsc,29,20000,0.1,1.0
0.0381,0.1325,covldsc,30,20000,0.1,1.0
-0.0098,0.153,covldsc,31,20000,0.1,1.0
0.001,0.1579,covldsc,32,20000,0.1,1.0
0.5041,0.1943,covldsc,33,20000,0.1,1.0
-0.084,0.1338,covldsc,34,20000,0.1,1.0
0.2355,0.1805,covldsc,35,20000,0.1,1.0
0.0032,0.1405,covldsc,36,20000,0.1,1.0
0.1539,0.1506,covldsc,37,20000,0.1,1.0
0.0481,0.159,covldsc,38,20000,0.1,1.0
0.0542,0.1698,covldsc,39,20000,0.1,1.0
0.2576,0.1755,covldsc,40,20000,0.1,1.0
0.0421,0.1489,covldsc,41,20000,0.1,1.0
0.1035,0.1522,covldsc,42,20000,0.1,1.0
0.0609,0.1353,covldsc,43,20000,0.1,1.0
0.3888,0.158,covldsc,44,20000,0.1,1.0
-0.141,0.1527,covldsc,45,20000,0.1,1.0
0.11,0.1411,covldsc,46,20000,0.1,1.0
0.0228,0.1455,covldsc,47,20000,0.1,1.0
0.0955,0.1482,covldsc,48,20000,0.1,1.0
0.164,0.1661,covldsc,49,20000,0.1,1.0
0.0499,0.1522,covldsc,50,20000,0.1,1.0
-0.1085,0.1454,covldsc,51,20000,0.1,1.0
0.452,0.1561,covldsc,52,20000,0.1,1.0
0.2981,0.1301,covldsc,53,20000,0.1,1.0
0.2317,0.1485,covldsc,54,20000,0.1,1.0
0.2274,0.1651,covldsc,55,20000,0.1,1.0
-0.1035,0.146,covldsc,56,20000,0.1,1.0
0.0977,0.1664,covldsc,57,20000,0.1,1.0
0.1726,0.1492,covldsc,58,20000,0.1,1.0
0.2361,0.1659,covldsc,59,20000,0.1,1.0
0.1624,0.1393,covldsc,60,20000,0.1,1.0
-0.0224,0.1549,covldsc,61,20000,0.1,1.0
0.3881,0.1757,covldsc,62,20000,0.1,1.0
-0.0145,0.1276,covldsc,63,20000,0.1,1.0
-0.0493,0.1562,covldsc,64,20000,0.1,1.0
0.1934,0.1669,covldsc,65,20000,0.1,1.0
0.1197,0.1563,covldsc,66,20000,0.1,1.0
0.1978,0.1541,covldsc,67,20000,0.1,1.0
0.4036,0.1656,covldsc,68,20000,0.1,1.0
0.0089,0.1553,covldsc,69,20000,0.1,1.0
0.2769,0.1489,covldsc,70,20000,0.1,1.0
0.2268,0.1265,covldsc,71,20000,0.1,1.0
0.257,0.1342,covldsc,72,20000,0.1,1.0
-0.1727,0.1411,covldsc,73,20000,0.1,1.0
-0.0304,0.1551,covldsc,74,20000,0.1,1.0
0.2659,0.1598,covldsc,75,20000,0.1,1.0
0.1284,0.1599,covldsc,76,20000,0.1,1.0
0.1643,0.156,covldsc,77,20000,0.1,1.0
0.2579,0.1425,covldsc,78,20000,0.1,1.0
0.3797,0.1749,covldsc,79,20000,0.1,1.0
0.3722,0.1324,covldsc,80,20000,0.1,1.0
0.0035,0.1345,covldsc,81,20000,0.1,1.0
-0.1382,0.1324,covldsc,82,20000,0.1,1.0
0.2207,0.1515,covldsc,83,20000,0.1,1.0
0.0378,0.1442,covldsc,84,20000,0.1,1.0
0.0081,0.1321,covldsc,85,20000,0.1,1.0
-0.2128,0.1349,covldsc,86,20000,0.1,1.0
0.1548,0.1435,covldsc,87,20000,0.1,1.0
0.1272,0.1593,covldsc,88,20000,0.1,1.0
0.087,0.1358,covldsc,89,20000,0.1,1.0
0.0408,0.1687,covldsc,90,20000,0.1,1.0
0.3271,0.1714,covldsc,91,20000,0.1,1.0
0.0785,0.1355,covldsc,92,20000,0.1,1.0
0.0059,0.1421,covldsc,93,20000,0.1,1.0
-0.0286,0.1717,covldsc,94,20000,0.1,1.0
0.2714,0.1471,covldsc,95,20000,0.1,1.0
0.1132,0.1612,covldsc,96,20000,0.1,1.0
-0.0642,0.1505,covldsc,97,20000,0.1,1.0
-0.0003,0.1552,covldsc,98,20000,0.1,1.0
-0.1284,0.1505,covldsc,99,20000,0.1,1.0
0.4367,0.1349,covldsc,0,20000,0.1,0.1
-0.0827,0.1371,covldsc,1,20000,0.1,0.1
0.3179,0.1629,covldsc,2,20000,0.1,0.1
0.2363,0.1624,covldsc,3,20000,0.1,0.1
-0.0431,0.145,covldsc,4,20000,0.1,0.1
0.1562,0.159,covldsc,5,20000,0.1,0.1
-0.0263,0.163,covldsc,6,20000,0.1,0.1
0.0297,0.1706,covldsc,7,20000,0.1,0.1
0.1373,0.1626,covldsc,8,20000,0.1,0.1
0.0562,0.1422,covldsc,9,20000,0.1,0.1
0.0129,0.1395,covldsc,10,20000,0.1,0.1
0.137,0.1397,covldsc,11,20000,0.1,0.1
0.2419,0.1796,covldsc,12,20000,0.1,0.1
0.5408,0.1892,covldsc,13,20000,0.1,0.1
-0.0013,0.1561,covldsc,14,20000,0.1,0.1
-0.0748,0.1632,covldsc,15,20000,0.1,0.1
0.3733,0.1408,covldsc,16,20000,0.1,0.1
0.1323,0.1364,covldsc,17,20000,0.1,0.1
0.2376,0.134,covldsc,18,20000,0.1,0.1
-0.028,0.1457,covldsc,19,20000,0.1,0.1
0.0791,0.1357,covldsc,20,20000,0.1,0.1
0.1508,0.1375,covldsc,21,20000,0.1,0.1
0.0543,0.1509,covldsc,22,20000,0.1,0.1
0.1632,0.143,covldsc,23,20000,0.1,0.1
0.1452,0.1405,covldsc,24,20000,0.1,0.1
0.4369,0.1676,covldsc,25,20000,0.1,0.1
-0.0717,0.1303,covldsc,26,20000,0.1,0.1
0.1257,0.1348,covldsc,27,20000,0.1,0.1
-0.092,0.143,covldsc,28,20000,0.1,0.1
-0.0425,0.155,covldsc,29,20000,0.1,0.1
0.1931,0.1643,covldsc,30,20000,0.1,0.1
0.0328,0.1882,covldsc,31,20000,0.1,0.1
0.4667,0.1439,covldsc,32,20000,0.1,0.1
-0.1701,0.155,covldsc,33,20000,0.1,0.1
0.0166,0.123,covldsc,34,20000,0.1,0.1
0.1895,0.1478,covldsc,35,20000,0.1,0.1
0.0829,0.1349,covldsc,36,20000,0.1,0.1
0.0848,0.1439,covldsc,37,20000,0.1,0.1
0.2972,0.1439,covldsc,38,20000,0.1,0.1
0.1532,0.1334,covldsc,39,20000,0.1,0.1
0.0436,0.1517,covldsc,40,20000,0.1,0.1
0.2158,0.1637,covldsc,41,20000,0.1,0.1
0.1056,0.1783,covldsc,42,20000,0.1,0.1
-0.0062,0.1521,covldsc,43,20000,0.1,0.1
-0.0796,0.142,covldsc,44,20000,0.1,0.1
0.0817,0.153,covldsc,45,20000,0.1,0.1
0.072,0.1569,covldsc,46,20000,0.1,0.1
0.436,0.1656,covldsc,47,20000,0.1,0.1
-0.0056,0.1512,covldsc,48,20000,0.1,0.1
0.082,0.1696,covldsc,49,20000,0.1,0.1
0.0819,0.1293,covldsc,50,20000,0.1,0.1
0.213,0.1727,covldsc,51,20000,0.1,0.1
0.1439,0.1459,covldsc,52,20000,0.1,0.1
-0.08,0.1383,covldsc,53,20000,0.1,0.1
0.2305,0.1619,covldsc,54,20000,0.1,0.1
0.3987,0.1551,covldsc,55,20000,0.1,0.1
-0.0082,0.146,covldsc,56,20000,0.1,0.1
0.1888,0.1864,covldsc,57,20000,0.1,0.1
0.207,0.1582,covldsc,58,20000,0.1,0.1
-0.109,0.1413,covldsc,59,20000,0.1,0.1
0.2971,0.1556,covldsc,60,20000,0.1,0.1
0.0248,0.1755,covldsc,61,20000,0.1,0.1
0.2921,0.1477,covldsc,62,20000,0.1,0.1
-0.0656,0.1638,covldsc,63,20000,0.1,0.1
0.3295,0.1715,covldsc,64,20000,0.1,0.1
0.0627,0.1741,covldsc,65,20000,0.1,0.1
-0.2875,0.1376,covldsc,66,20000,0.1,0.1
0.5176,0.1523,covldsc,67,20000,0.1,0.1
0.2517,0.1674,covldsc,68,20000,0.1,0.1
0.264,0.1647,covldsc,69,20000,0.1,0.1
0.0915,0.1542,covldsc,70,20000,0.1,0.1
-0.0416,0.1342,covldsc,71,20000,0.1,0.1
0.1493,0.1456,covldsc,72,20000,0.1,0.1
0.3184,0.1529,covldsc,73,20000,0.1,0.1
0.1635,0.1644,covldsc,74,20000,0.1,0.1
0.0111,0.156,covldsc,75,20000,0.1,0.1
-0.0293,0.1489,covldsc,76,20000,0.1,0.1
0.1212,0.1451,covldsc,77,20000,0.1,0.1
-0.0429,0.1389,covldsc,78,20000,0.1,0.1
0.0539,0.1381,covldsc,79,20000,0.1,0.1
0.0638,0.1551,covldsc,80,20000,0.1,0.1
0.0423,0.1855,covldsc,81,20000,0.1,0.1
-0.2987,0.131,covldsc,82,20000,0.1,0.1
0.0509,0.1335,covldsc,83,20000,0.1,0.1
0.0395,0.1555,covldsc,84,20000,0.1,0.1
0.098,0.1378,covldsc,85,20000,0.1,0.1
-0.1056,0.1539,covldsc,86,20000,0.1,0.1
0.1573,0.1386,covldsc,87,20000,0.1,0.1
0.0953,0.1505,covldsc,88,20000,0.1,0.1
0.1421,0.1443,covldsc,89,20000,0.1,0.1
0.2029,0.1906,covldsc,90,20000,0.1,0.1
0.1548,0.1529,covldsc,91,20000,0.1,0.1
-0.3809,0.1486,covldsc,92,20000,0.1,0.1
0.1301,0.1539,covldsc,93,20000,0.1,0.1
0.1522,0.1611,covldsc,94,20000,0.1,0.1
-0.0319,0.1502,covldsc,95,20000,0.1,0.1
0.0549,0.1693,covldsc,96,20000,0.1,0.1
0.1185,0.1667,covldsc,97,20000,0.1,0.1
-0.0158,0.1654,covldsc,98,20000,0.1,0.1
0.213,0.1544,covldsc,99,20000,0.1,0.1
0.1871,0.1741,covldsc,0,20000,0.1,0.01
0.2484,0.185,covldsc,1,20000,0.1,0.01
0.0204,0.1386,covldsc,2,20000,0.1,0.01
0.0007,0.1523,covldsc,3,20000,0.1,0.01
0.0583,0.1475,covldsc,4,20000,0.1,0.01
0.088,0.1497,covldsc,5,20000,0.1,0.01
0.0662,0.1445,covldsc,6,20000,0.1,0.01
-0.0557,0.1522,covldsc,7,20000,0.1,0.01
0.1398,0.1605,covldsc,8,20000,0.1,0.01
0.1333,0.1811,covldsc,9,20000,0.1,0.01
0.2051,0.1725,covldsc,10,20000,0.1,0.01
0.0291,0.152,covldsc,11,20000,0.1,0.01
0.1258,0.1433,covldsc,12,20000,0.1,0.01
0.3963,0.1644,covldsc,13,20000,0.1,0.01
0.066,0.1576,covldsc,14,20000,0.1,0.01
0.19,0.1472,covldsc,15,20000,0.1,0.01
0.0959,0.1477,covldsc,16,20000,0.1,0.01
0.1086,0.1735,covldsc,17,20000,0.1,0.01
0.2102,0.1797,covldsc,18,20000,0.1,0.01
-0.0174,0.1576,covldsc,19,20000,0.1,0.01
0.1128,0.1598,covldsc,20,20000,0.1,0.01
0.0688,0.1437,covldsc,21,20000,0.1,0.01
0.0056,0.1578,covldsc,22,20000,0.1,0.01
0.1795,0.145,covldsc,23,20000,0.1,0.01
0.1185,0.1362,covldsc,24,20000,0.1,0.01
0.1594,0.1508,covldsc,25,20000,0.1,0.01
0.3549,0.1533,covldsc,26,20000,0.1,0.01
0.2499,0.1608,covldsc,27,20000,0.1,0.01
-0.2068,0.1483,covldsc,28,20000,0.1,0.01
-0.1054,0.1463,covldsc,29,20000,0.1,0.01
0.5173,0.1658,covldsc,30,20000,0.1,0.01
0.0845,0.1456,covldsc,31,20000,0.1,0.01
0.198,0.1511,covldsc,32,20000,0.1,0.01
-0.003,0.1458,covldsc,33,20000,0.1,0.01
0.1156,0.1512,covldsc,34,20000,0.1,0.01
0.1064,0.15,covldsc,35,20000,0.1,0.01
0.0843,0.1665,covldsc,36,20000,0.1,0.01
-0.1776,0.1318,covldsc,37,20000,0.1,0.01
0.2988,0.1423,covldsc,38,20000,0.1,0.01
0.0211,0.1403,covldsc,39,20000,0.1,0.01
0.2538,0.1421,covldsc,40,20000,0.1,0.01
0.1,0.148,covldsc,41,20000,0.1,0.01
-0.0045,0.166,covldsc,42,20000,0.1,0.01
-0.2323,0.1399,covldsc,43,20000,0.1,0.01
0.1432,0.1723,covldsc,44,20000,0.1,0.01
-0.095,0.1505,covldsc,45,20000,0.1,0.01
0.2004,0.1695,covldsc,46,20000,0.1,0.01
0.1212,0.1745,covldsc,47,20000,0.1,0.01
0.1619,0.1672,covldsc,48,20000,0.1,0.01
0.1621,0.1365,covldsc,49,20000,0.1,0.01
0.3264,0.1506,covldsc,50,20000,0.1,0.01
-0.0463,0.1562,covldsc,51,20000,0.1,0.01
0.1564,0.1448,covldsc,52,20000,0.1,0.01
-0.1731,0.1544,covldsc,53,20000,0.1,0.01
0.1147,0.1632,covldsc,54,20000,0.1,0.01
0.0567,0.1502,covldsc,55,20000,0.1,0.01
0.3623,0.1631,covldsc,56,20000,0.1,0.01
0.1751,0.1626,covldsc,57,20000,0.1,0.01
-0.1275,0.1693,covldsc,58,20000,0.1,0.01
-0.0771,0.138,covldsc,59,20000,0.1,0.01
-0.0271,0.1497,covldsc,60,20000,0.1,0.01
0.2664,0.1558,covldsc,61,20000,0.1,0.01
0.002,0.1654,covldsc,62,20000,0.1,0.01
-0.0558,0.1695,covldsc,63,20000,0.1,0.01
0.1941,0.15,covldsc,64,20000,0.1,0.01
0.0417,0.1384,covldsc,65,20000,0.1,0.01
0.2605,0.1413,covldsc,66,20000,0.1,0.01
-0.0247,0.1485,covldsc,67,20000,0.1,0.01
0.2295,0.1503,covldsc,68,20000,0.1,0.01
-0.18,0.1636,covldsc,69,20000,0.1,0.01
0.1813,0.1432,covldsc,70,20000,0.1,0.01
-0.1217,0.135,covldsc,71,20000,0.1,0.01
-0.1348,0.1429,covldsc,72,20000,0.1,0.01
0.0691,0.1826,covldsc,73,20000,0.1,0.01
-0.0394,0.1487,covldsc,74,20000,0.1,0.01
-0.0802,0.1315,covldsc,75,20000,0.1,0.01
0.1218,0.1371,covldsc,76,20000,0.1,0.01
0.0611,0.1763,covldsc,77,20000,0.1,0.01
-0.127,0.1373,covldsc,78,20000,0.1,0.01
0.0511,0.1648,covldsc,79,20000,0.1,0.01
0.2484,0.1739,covldsc,80,20000,0.1,0.01
0.1513,0.1667,covldsc,81,20000,0.1,0.01
0.5264,0.1443,covldsc,82,20000,0.1,0.01
0.0284,0.1729,covldsc,83,20000,0.1,0.01
0.0179,0.169,covldsc,84,20000,0.1,0.01
-0.0744,0.1572,covldsc,85,20000,0.1,0.01
0.0407,0.1536,covldsc,86,20000,0.1,0.01
-0.0025,0.1633,covldsc,87,20000,0.1,0.01
0.373,0.1378,covldsc,88,20000,0.1,0.01
-0.0223,0.1358,covldsc,89,20000,0.1,0.01
0.2893,0.1402,covldsc,90,20000,0.1,0.01
0.0941,0.1406,covldsc,91,20000,0.1,0.01
-0.3324,0.1265,covldsc,92,20000,0.1,0.01
0.0768,0.1866,covldsc,93,20000,0.1,0.01
0.1101,0.1777,covldsc,94,20000,0.1,0.01
0.5278,0.1272,covldsc,95,20000,0.1,0.01
0.0761,0.1586,covldsc,96,20000,0.1,0.01
0.1379,0.1669,covldsc,97,20000,0.1,0.01
-0.0937,0.1533,covldsc,98,20000,0.1,0.01
0.2939,0.1781,covldsc,99,20000,0.1,0.01
0.3478,0.1642,covldsc,0,20000,0.25,1.0
0.3813,0.1679,covldsc,1,20000,0.25,1.0
0.2077,0.1838,covldsc,2,20000,0.25,1.0
0.3355,0.1482,covldsc,3,20000,0.25,1.0
0.4226,0.1659,covldsc,4,20000,0.25,1.0
0.2184,0.1652,covldsc,5,20000,0.25,1.0
-0.0754,0.1494,covldsc,6,20000,0.25,1.0
0.2613,0.1446,covldsc,7,20000,0.25,1.0
0.613,0.1724,covldsc,8,20000,0.25,1.0
0.0923,0.1628,covldsc,9,20000,0.25,1.0
0.3634,0.1555,covldsc,10,20000,0.25,1.0
-0.002,0.1422,covldsc,11,20000,0.25,1.0
0.643,0.1955,covldsc,12,20000,0.25,1.0
0.4402,0.1954,covldsc,13,20000,0.25,1.0
0.2226,0.1564,covldsc,14,20000,0.25,1.0
0.3739,0.1846,covldsc,15,20000,0.25,1.0
0.2381,0.1556,covldsc,16,20000,0.25,1.0
0.2376,0.1528,covldsc,17,20000,0.25,1.0
-0.0059,0.1589,covldsc,18,20000,0.25,1.0
0.2493,0.1686,covldsc,19,20000,0.25,1.0
0.3121,0.1733,covldsc,20,20000,0.25,1.0
0.4214,0.1416,covldsc,21,20000,0.25,1.0
0.2594,0.164,covldsc,22,20000,0.25,1.0
0.4662,0.1646,covldsc,23,20000,0.25,1.0
0.1583,0.1456,covldsc,24,20000,0.25,1.0
0.0212,0.1521,covldsc,25,20000,0.25,1.0
0.0141,0.1711,covldsc,26,20000,0.25,1.0
0.168,0.1526,covldsc,27,20000,0.25,1.0
0.1613,0.1571,covldsc,28,20000,0.25,1.0
0.0741,0.1596,covldsc,29,20000,0.25,1.0
0.3067,0.1434,covldsc,30,20000,0.25,1.0
0.16,0.1646,covldsc,31,20000,0.25,1.0
0.5065,0.184,covldsc,32,20000,0.25,1.0
0.2795,0.147,covldsc,33,20000,0.25,1.0
0.2812,0.1607,covldsc,34,20000,0.25,1.0
0.339,0.1583,covldsc,35,20000,0.25,1.0
0.2839,0.1827,covldsc,36,20000,0.25,1.0
0.2751,0.1846,covldsc,37,20000,0.25,1.0
0.3132,0.1333,covldsc,38,20000,0.25,1.0
0.1903,0.1514,covldsc,39,20000,0.25,1.0
-0.0635,0.1451,covldsc,40,20000,0.25,1.0
0.4517,0.1999,covldsc,41,20000,0.25,1.0
0.1348,0.1471,covldsc,42,20000,0.25,1.0
0.3895,0.1728,covldsc,43,20000,0.25,1.0
0.363,0.1815,covldsc,44,20000,0.25,1.0
0.4113,0.1591,covldsc,45,20000,0.25,1.0
0.3791,0.1409,covldsc,46,20000,0.25,1.0
0.1548,0.1562,covldsc,47,20000,0.25,1.0
0.1009,0.1562,covldsc,48,20000,0.25,1.0
-0.0147,0.1561,covldsc,49,20000,0.25,1.0
0.1652,0.1367,covldsc,50,20000,0.25,1.0
0.2539,0.1527,covldsc,51,20000,0.25,1.0
0.3215,0.159,covldsc,52,20000,0.25,1.0
0.3859,0.1528,covldsc,53,20000,0.25,1.0
0.2226,0.1566,covldsc,54,20000,0.25,1.0
0.4122,0.1481,covldsc,55,20000,0.25,1.0
0.1538,0.1499,covldsc,56,20000,0.25,1.0
0.5067,0.164,covldsc,57,20000,0.25,1.0
0.2372,0.1636,covldsc,58,20000,0.25,1.0
0.4263,0.1612,covldsc,59,20000,0.25,1.0
0.5496,0.1688,covldsc,60,20000,0.25,1.0
0.3367,0.1572,covldsc,61,20000,0.25,1.0
0.2843,0.1268,covldsc,62,20000,0.25,1.0
0.2402,0.1751,covldsc,63,20000,0.25,1.0
0.0244,0.1773,covldsc,64,20000,0.25,1.0
0.0531,0.1921,covldsc,65,20000,0.25,1.0
-0.0834,0.1375,covldsc,66,20000,0.25,1.0
0.2172,0.1645,covldsc,67,20000,0.25,1.0
0.6132,0.1649,covldsc,68,20000,0.25,1.0
0.2052,0.1713,covldsc,69,20000,0.25,1.0
0.2821,0.1388,covldsc,70,20000,0.25,1.0
0.0709,0.1415,covldsc,71,20000,0.25,1.0
0.3078,0.1696,covldsc,72,20000,0.25,1.0
0.1492,0.1686,covldsc,73,20000,0.25,1.0
0.1699,0.1664,covldsc,74,20000,0.25,1.0
0.2175,0.1775,covldsc,75,20000,0.25,1.0
0.1715,0.1551,covldsc,76,20000,0.25,1.0
0.0657,0.1849,covldsc,77,20000,0.25,1.0
0.2426,0.1721,covldsc,78,20000,0.25,1.0
0.0424,0.1478,covldsc,79,20000,0.25,1.0
0.508,0.1592,covldsc,80,20000,0.25,1.0
0.3959,0.1554,covldsc,81,20000,0.25,1.0
0.1317,0.1349,covldsc,82,20000,0.25,1.0
0.4476,0.1673,covldsc,83,20000,0.25,1.0
0.4751,0.161,covldsc,84,20000,0.25,1.0
0.2551,0.1863,covldsc,85,20000,0.25,1.0
0.2251,0.1433,covldsc,86,20000,0.25,1.0
-0.0172,0.1502,covldsc,87,20000,0.25,1.0
0.2695,0.145,covldsc,88,20000,0.25,1.0
0.0184,0.1322,covldsc,89,20000,0.25,1.0
0.4159,0.1815,covldsc,90,20000,0.25,1.0
0.6806,0.2021,covldsc,91,20000,0.25,1.0
0.2156,0.1772,covldsc,92,20000,0.25,1.0
0.2973,0.1404,covldsc,93,20000,0.25,1.0
0.1091,0.149,covldsc,94,20000,0.25,1.0
0.1791,0.1631,covldsc,95,20000,0.25,1.0
0.4632,0.1538,covldsc,96,20000,0.25,1.0
0.0923,0.146,covldsc,97,20000,0.25,1.0
0.0909,0.1242,covldsc,98,20000,0.25,1.0
0.1753,0.1703,covldsc,99,20000,0.25,1.0
0.3021,0.1453,covldsc,0,20000,0.25,0.1
0.4994,0.1647,covldsc,1,20000,0.25,0.1
0.1112,0.1392,covldsc,2,20000,0.25,0.1
0.1879,0.1814,covldsc,3,20000,0.25,0.1
0.3433,0.153,covldsc,4,20000,0.25,0.1
0.459,0.1935,covldsc,5,20000,0.25,0.1
0.1763,0.1377,covldsc,6,20000,0.25,0.1
0.2169,0.1511,covldsc,7,20000,0.25,0.1
0.0099,0.1306,covldsc,8,20000,0.25,0.1
0.4213,0.1522,covldsc,9,20000,0.25,0.1
0.3579,0.1645,covldsc,10,20000,0.25,0.1
0.0442,0.1441,covldsc,11,20000,0.25,0.1
-0.0909,0.1278,covldsc,12,20000,0.25,0.1
0.1574,0.153,covldsc,13,20000,0.25,0.1
0.1929,0.1526,covldsc,14,20000,0.25,0.1
0.221,0.1312,covldsc,15,20000,0.25,0.1
0.4759,0.1554,covldsc,16,20000,0.25,0.1
0.5795,0.1624,covldsc,17,20000,0.25,0.1
0.3204,0.1557,covldsc,18,20000,0.25,0.1
0.1234,0.1486,covldsc,19,20000,0.25,0.1
0.2311,0.1831,covldsc,20,20000,0.25,0.1
0.3033,0.1496,covldsc,21,20000,0.25,0.1
0.1365,0.1308,covldsc,22,20000,0.25,0.1
0.1518,0.1761,covldsc,23,20000,0.25,0.1
0.2718,0.1473,covldsc,24,20000,0.25,0.1
0.2531,0.1776,covldsc,25,20000,0.25,0.1
0.1261,0.1386,covldsc,26,20000,0.25,0.1
0.3243,0.1627,covldsc,27,20000,0.25,0.1
0.3513,0.19,covldsc,28,20000,0.25,0.1
0.0261,0.1644,covldsc,29,20000,0.25,0.1
0.4887,0.1684,covldsc,30,20000,0.25,0.1
0.3005,0.1784,covldsc,31,20000,0.25,0.1
0.3344,0.1378,covldsc,32,20000,0.25,0.1
0.2887,0.1708,covldsc,33,20000,0.25,0.1
0.0507,0.1625,covldsc,34,20000,0.25,0.1
0.4219,0.1471,covldsc,35,20000,0.25,0.1
0.4365,0.153,covldsc,36,20000,0.25,0.1
0.3596,0.1763,covldsc,37,20000,0.25,0.1
0.3562,0.1628,covldsc,38,20000,0.25,0.1
0.3627,0.1564,covldsc,39,20000,0.25,0.1
0.3208,0.1711,covldsc,40,20000,0.25,0.1
-0.0781,0.1294,covldsc,41,20000,0.25,0.1
0.1303,0.155,covldsc,42,20000,0.25,0.1
0.2283,0.1425,covldsc,43,20000,0.25,0.1
0.2201,0.1559,covldsc,44,20000,0.25,0.1
0.154,0.1594,covldsc,45,20000,0.25,0.1
0.1858,0.1722,covldsc,46,20000,0.25,0.1
0.2541,0.1742,covldsc,47,20000,0.25,0.1
0.0301,0.1571,covldsc,48,20000,0.25,0.1
0.3165,0.1445,covldsc,49,20000,0.25,0.1
0.2237,0.1619,covldsc,50,20000,0.25,0.1
0.486,0.1841,covldsc,51,20000,0.25,0.1
0.0036,0.1409,covldsc,52,20000,0.25,0.1
0.3147,0.1707,covldsc,53,20000,0.25,0.1
0.2076,0.1516,covldsc,54,20000,0.25,0.1
0.1728,0.1519,covldsc,55,20000,0.25,0.1
0.0513,0.1525,covldsc,56,20000,0.25,0.1
0.4502,0.1894,covldsc,57,20000,0.25,0.1
0.0801,0.1367,covldsc,58,20000,0.25,0.1
0.2389,0.1564,covldsc,59,20000,0.25,0.1
0.0726,0.1338,covldsc,60,20000,0.25,0.1
0.4045,0.1627,covldsc,61,20000,0.25,0.1
0.2974,0.1717,covldsc,62,20000,0.25,0.1
0.5082,0.171,covldsc,63,20000,0.25,0.1
0.3658,0.1905,covldsc,64,20000,0.25,0.1
0.2739,0.1361,covldsc,65,20000,0.25,0.1
-0.0625,0.1623,covldsc,66,20000,0.25,0.1
0.3084,0.1462,covldsc,67,20000,0.25,0.1
0.3685,0.1823,covldsc,68,20000,0.25,0.1
0.4347,0.1478,covldsc,69,20000,0.25,0.1
0.3239,0.1357,covldsc,70,20000,0.25,0.1
0.3003,0.1497,covldsc,71,20000,0.25,0.1
0.3933,0.1709,covldsc,72,20000,0.25,0.1
0.3256,0.15,covldsc,73,20000,0.25,0.1
-0.0435,0.1594,covldsc,74,20000,0.25,0.1
0.0041,0.1437,covldsc,75,20000,0.25,0.1
0.3467,0.1573,covldsc,76,20000,0.25,0.1
0.4313,0.1595,covldsc,77,20000,0.25,0.1
0.5087,0.1468,covldsc,78,20000,0.25,0.1
0.0572,0.156,covldsc,79,20000,0.25,0.1
0.4424,0.146,covldsc,80,20000,0.25,0.1
0.6775,0.1687,covldsc,81,20000,0.25,0.1
0.1836,0.1552,covldsc,82,20000,0.25,0.1
0.2715,0.1625,covldsc,83,20000,0.25,0.1
0.223,0.1374,covldsc,84,20000,0.25,0.1
0.1943,0.1651,covldsc,85,20000,0.25,0.1
0.3177,0.15,covldsc,86,20000,0.25,0.1
0.4091,0.1628,covldsc,87,20000,0.25,0.1
0.4463,0.1886,covldsc,88,20000,0.25,0.1
0.3056,0.1663,covldsc,89,20000,0.25,0.1
0.2378,0.1641,covldsc,90,20000,0.25,0.1
0.0299,0.173,covldsc,91,20000,0.25,0.1
-0.0371,0.1506,covldsc,92,20000,0.25,0.1
0.5273,0.1722,covldsc,93,20000,0.25,0.1
0.1308,0.1482,covldsc,94,20000,0.25,0.1
0.0668,0.1721,covldsc,95,20000,0.25,0.1
0.3246,0.1478,covldsc,96,20000,0.25,0.1
0.3598,0.1575,covldsc,97,20000,0.25,0.1
0.1963,0.1641,covldsc,98,20000,0.25,0.1
0.1819,0.1698,covldsc,99,20000,0.25,0.1
0.0588,0.1442,covldsc,0,20000,0.25,0.01
0.247,0.152,covldsc,1,20000,0.25,0.01
0.1771,0.132,covldsc,2,20000,0.25,0.01
0.3422,0.159,covldsc,3,20000,0.25,0.01
0.2877,0.1962,covldsc,4,20000,0.25,0.01
0.3065,0.141,covldsc,5,20000,0.25,0.01
0.1429,0.1549,covldsc,6,20000,0.25,0.01
0.0345,0.1419,covldsc,7,20000,0.25,0.01
0.11,0.1738,covldsc,8,20000,0.25,0.01
0.3281,0.1592,covldsc,9,20000,0.25,0.01
0.262,0.1586,covldsc,10,20000,0.25,0.01
0.4434,0.1591,covldsc,11,20000,0.25,0.01
-0.0998,0.1583,covldsc,12,20000,0.25,0.01
0.2249,0.1706,covldsc,13,20000,0.25,0.01
0.3377,0.1483,covldsc,14,20000,0.25,0.01
0.2058,0.1471,covldsc,15,20000,0.25,0.01
0.3188,0.171,covldsc,16,20000,0.25,0.01
0.7575,0.1936,covldsc,17,20000,0.25,0.01
0.1748,0.1941,covldsc,18,20000,0.25,0.01
0.2602,0.1634,covldsc,19,20000,0.25,0.01
0.4445,0.1571,covldsc,20,20000,0.25,0.01
0.1526,0.1736,covldsc,21,20000,0.25,0.01
0.3751,0.1655,covldsc,22,20000,0.25,0.01
0.4658,0.15,covldsc,23,20000,0.25,0.01
0.3955,0.1937,covldsc,24,20000,0.25,0.01
0.3149,0.1697,covldsc,25,20000,0.25,0.01
0.2989,0.1593,covldsc,26,20000,0.25,0.01
0.2015,0.1344,covldsc,27,20000,0.25,0.01
0.497,0.1747,covldsc,28,20000,0.25,0.01
0.2476,0.168,covldsc,29,20000,0.25,0.01
0.0331,0.1618,covldsc,30,20000,0.25,0.01
0.1738,0.1641,covldsc,31,20000,0.25,0.01
0.3469,0.1619,covldsc,32,20000,0.25,0.01
0.2725,0.1588,covldsc,33,20000,0.25,0.01
0.1527,0.1885,covldsc,34,20000,0.25,0.01
0.4276,0.1545,covldsc,35,20000,0.25,0.01
0.2437,0.1411,covldsc,36,20000,0.25,0.01
0.4067,0.1543,covldsc,37,20000,0.25,0.01
0.3854,0.1506,covldsc,38,20000,0.25,0.01
-0.0002,0.1351,covldsc,39,20000,0.25,0.01
0.3199,0.1533,covldsc,40,20000,0.25,0.01
0.3358,0.1752,covldsc,41,20000,0.25,0.01
0.681,0.1671,covldsc,42,20000,0.25,0.01
-0.0609,0.1525,covldsc,43,20000,0.25,0.01
-0.0289,0.1577,covldsc,44,20000,0.25,0.01
0.359,0.1451,covldsc,45,20000,0.25,0.01
0.1672,0.1902,covldsc,46,20000,0.25,0.01
0.2778,0.1628,covldsc,47,20000,0.25,0.01
0.3494,0.1624,covldsc,48,20000,0.25,0.01
-0.0104,0.1546,covldsc,49,20000,0.25,0.01
0.3116,0.1524,covldsc,50,20000,0.25,0.01
0.3549,0.1647,covldsc,51,20000,0.25,0.01
0.3277,0.1638,covldsc,52,20000,0.25,0.01
0.4473,0.1596,covldsc,53,20000,0.25,0.01
0.021,0.1891,covldsc,54,20000,0.25,0.01
0.3103,0.151,covldsc,55,20000,0.25,0.01
0.3361,0.1621,covldsc,56,20000,0.25,0.01
0.0011,0.1808,covldsc,57,20000,0.25,0.01
0.5775,0.1584,covldsc,58,20000,0.25,0.01
0.135,0.1582,covldsc,59,20000,0.25,0.01
0.1273,0.1464,covldsc,60,20000,0.25,0.01
0.5656,0.1626,covldsc,61,20000,0.25,0.01
0.4918,0.1495,covldsc,62,20000,0.25,0.01
-0.2173,0.1302,covldsc,63,20000,0.25,0.01
0.1466,0.1567,covldsc,64,20000,0.25,0.01
0.1341,0.1491,covldsc,65,20000,0.25,0.01
0.302,0.1611,covldsc,66,20000,0.25,0.01
0.0783,0.1629,covldsc,67,20000,0.25,0.01
0.0016,0.1566,covldsc,68,20000,0.25,0.01
0.4099,0.1616,covldsc,69,20000,0.25,0.01
0.3539,0.168,covldsc,70,20000,0.25,0.01
0.1922,0.1459,covldsc,71,20000,0.25,0.01
0.2404,0.1516,covldsc,72,20000,0.25,0.01
0.4349,0.1481,covldsc,73,20000,0.25,0.01
0.4155,0.1488,covldsc,74,20000,0.25,0.01
0.4145,0.1751,covldsc,75,20000,0.25,0.01
0.2418,0.1472,covldsc,76,20000,0.25,0.01
0.3412,0.1628,covldsc,77,20000,0.25,0.01
0.1341,0.1566,covldsc,78,20000,0.25,0.01
0.0774,0.1473,covldsc,79,20000,0.25,0.01
0.3653,0.1432,covldsc,80,20000,0.25,0.01
0.4841,0.157,covldsc,81,20000,0.25,0.01
0.5803,0.152,covldsc,82,20000,0.25,0.01
0.0717,0.1546,covldsc,83,20000,0.25,0.01
0.4016,0.1754,covldsc,84,20000,0.25,0.01
0.4133,0.1675,covldsc,85,20000,0.25,0.01
0.1005,0.1463,covldsc,86,20000,0.25,0.01
-0.0026,0.1373,covldsc,87,20000,0.25,0.01
0.2453,0.1644,covldsc,88,20000,0.25,0.01
0.3949,0.157,covldsc,89,20000,0.25,0.01
0.3162,0.154,covldsc,90,20000,0.25,0.01
0.6021,0.1959,covldsc,91,20000,0.25,0.01
0.319,0.1704,covldsc,92,20000,0.25,0.01
0.454,0.1765,covldsc,93,20000,0.25,0.01
0.4736,0.1626,covldsc,94,20000,0.25,0.01
0.3075,0.145,covldsc,95,20000,0.25,0.01
0.3186,0.1522,covldsc,96,20000,0.25,0.01
0.2213,0.1697,covldsc,97,20000,0.25,0.01
0.3538,0.1662,covldsc,98,20000,0.25,0.01
0.3567,0.1705,covldsc,99,20000,0.25,0.01
0.4735,0.188,covldsc,0,20000,0.4,1.0
0.4668,0.1608,covldsc,1,20000,0.4,1.0
0.5342,0.1499,covldsc,2,20000,0.4,1.0
0.2228,0.1511,covldsc,3,20000,0.4,1.0
0.7877,0.2018,covldsc,4,20000,0.4,1.0
0.5237,0.1936,covldsc,5,20000,0.4,1.0
0.5029,0.1869,covldsc,6,20000,0.4,1.0
0.444,0.1566,covldsc,7,20000,0.4,1.0
0.407,0.1775,covldsc,8,20000,0.4,1.0
0.4095,0.1702,covldsc,9,20000,0.4,1.0
0.1844,0.1615,covldsc,10,20000,0.4,1.0
0.2581,0.1362,covldsc,11,20000,0.4,1.0
0.512,0.1654,covldsc,12,20000,0.4,1.0
0.4347,0.1604,covldsc,13,20000,0.4,1.0
0.4073,0.1576,covldsc,14,20000,0.4,1.0
0.4494,0.1559,covldsc,15,20000,0.4,1.0
0.2758,0.1537,covldsc,16,20000,0.4,1.0
0.3173,0.1727,covldsc,17,20000,0.4,1.0
0.2767,0.1495,covldsc,18,20000,0.4,1.0
0.5286,0.1692,covldsc,19,20000,0.4,1.0
0.3869,0.1492,covldsc,20,20000,0.4,1.0
0.36,0.1535,covldsc,21,20000,0.4,1.0
0.3251,0.1701,covldsc,22,20000,0.4,1.0
0.1997,0.1318,covldsc,23,20000,0.4,1.0
0.4093,0.1578,covldsc,24,20000,0.4,1.0
0.1642,0.161,covldsc,25,20000,0.4,1.0
0.6256,0.1669,covldsc,26,20000,0.4,1.0
0.3494,0.1602,covldsc,27,20000,0.4,1.0
0.4502,0.1699,covldsc,28,20000,0.4,1.0
0.1437,0.1655,covldsc,29,20000,0.4,1.0
0.6377,0.1589,covldsc,30,20000,0.4,1.0
0.7171,0.1738,covldsc,31,20000,0.4,1.0
0.0789,0.158,covldsc,32,20000,0.4,1.0
0.4667,0.1359,covldsc,33,20000,0.4,1.0
0.3093,0.1574,covldsc,34,20000,0.4,1.0
0.1513,0.1753,covldsc,35,20000,0.4,1.0
0.4027,0.1706,covldsc,36,20000,0.4,1.0
0.4983,0.2194,covldsc,37,20000,0.4,1.0
0.3809,0.1753,covldsc,38,20000,0.4,1.0
0.208,0.1433,covldsc,39,20000,0.4,1.0
0.2769,0.1444,covldsc,40,20000,0.4,1.0
0.178,0.1406,covldsc,41,20000,0.4,1.0
0.8236,0.1887,covldsc,42,20000,0.4,1.0
0.6593,0.1417,covldsc,43,20000,0.4,1.0
0.4429,0.168,covldsc,44,20000,0.4,1.0
0.1619,0.1462,covldsc,45,20000,0.4,1.0
0.8122,0.1629,covldsc,46,20000,0.4,1.0
0.4161,0.1642,covldsc,47,20000,0.4,1.0
0.5094,0.1824,covldsc,48,20000,0.4,1.0
0.3419,0.1466,covldsc,49,20000,0.4,1.0
0.3576,0.1625,covldsc,50,20000,0.4,1.0
0.4943,0.1672,covldsc,51,20000,0.4,1.0
0.2833,0.1659,covldsc,52,20000,0.4,1.0
0.4651,0.1705,covldsc,53,20000,0.4,1.0
0.5542,0.1653,covldsc,54,20000,0.4,1.0
0.1643,0.1423,covldsc,55,20000,0.4,1.0
0.4521,0.1701,covldsc,56,20000,0.4,1.0
0.4783,0.1697,covldsc,57,20000,0.4,1.0
0.0706,0.147,covldsc,58,20000,0.4,1.0
0.4676,0.1875,covldsc,59,20000,0.4,1.0
0.3653,0.1533,covldsc,60,20000,0.4,1.0
0.2804,0.1525,covldsc,61,20000,0.4,1.0
0.4821,0.1631,covldsc,62,20000,0.4,1.0
0.1876,0.1585,covldsc,63,20000,0.4,1.0
0.6074,0.1736,covldsc,64,20000,0.4,1.0
0.448,0.1809,covldsc,65,20000,0.4,1.0
0.2912,0.1675,covldsc,66,20000,0.4,1.0
0.1694,0.1599,covldsc,67,20000,0.4,1.0
0.2221,0.1426,covldsc,68,20000,0.4,1.0
0.297,0.1537,covldsc,69,20000,0.4,1.0
0.9662,0.2027,covldsc,70,20000,0.4,1.0
0.3136,0.1565,covldsc,71,20000,0.4,1.0
0.2097,0.1606,covldsc,72,20000,0.4,1.0
0.0912,0.1593,covldsc,73,20000,0.4,1.0
0.4082,0.155,covldsc,74,20000,0.4,1.0
0.2447,0.1452,covldsc,75,20000,0.4,1.0
0.2987,0.1684,covldsc,76,20000,0.4,1.0
0.7127,0.1561,covldsc,77,20000,0.4,1.0
0.3582,0.1439,covldsc,78,20000,0.4,1.0
0.2659,0.1504,covldsc,79,20000,0.4,1.0
0.5618,0.1785,covldsc,80,20000,0.4,1.0
0.4522,0.1682,covldsc,81,20000,0.4,1.0
0.2173,0.167,covldsc,82,20000,0.4,1.0
0.4485,0.1874,covldsc,83,20000,0.4,1.0
0.5198,0.19,covldsc,84,20000,0.4,1.0
0.407,0.1683,covldsc,85,20000,0.4,1.0
0.34,0.1723,covldsc,86,20000,0.4,1.0
0.369,0.1845,covldsc,87,20000,0.4,1.0
0.5144,0.1576,covldsc,88,20000,0.4,1.0
0.4499,0.1656,covldsc,89,20000,0.4,1.0
0.4705,0.1528,covldsc,90,20000,0.4,1.0
0.2562,0.1559,covldsc,91,20000,0.4,1.0
0.2263,0.156,covldsc,92,20000,0.4,1.0
0.3218,0.1568,covldsc,93,20000,0.4,1.0
0.4388,0.1618,covldsc,94,20000,0.4,1.0
0.4388,0.1664,covldsc,95,20000,0.4,1.0
0.5917,0.1687,covldsc,96,20000,0.4,1.0
0.1525,0.1538,covldsc,97,20000,0.4,1.0
0.0479,0.1482,covldsc,98,20000,0.4,1.0
0.3186,0.1582,covldsc,99,20000,0.4,1.0
0.4305,0.1559,covldsc,0,20000,0.4,0.1
-0.0471,0.1619,covldsc,1,20000,0.4,0.1
0.2659,0.178,covldsc,2,20000,0.4,0.1
0.4032,0.1619,covldsc,3,20000,0.4,0.1
0.2519,0.1506,covldsc,4,20000,0.4,0.1
0.3967,0.1375,covldsc,5,20000,0.4,0.1
0.4542,0.126,covldsc,6,20000,0.4,0.1
0.4109,0.1788,covldsc,7,20000,0.4,0.1
0.2763,0.1682,covldsc,8,20000,0.4,0.1
0.2578,0.1555,covldsc,9,20000,0.4,0.1
0.4589,0.1553,covldsc,10,20000,0.4,0.1
0.3062,0.1503,covldsc,11,20000,0.4,0.1
0.5204,0.1634,covldsc,12,20000,0.4,0.1
0.204,0.156,covldsc,13,20000,0.4,0.1
0.2059,0.1544,covldsc,14,20000,0.4,0.1
0.4284,0.1638,covldsc,15,20000,0.4,0.1
0.2987,0.1466,covldsc,16,20000,0.4,0.1
0.3918,0.1546,covldsc,17,20000,0.4,0.1
0.3406,0.1774,covldsc,18,20000,0.4,0.1
0.6709,0.1686,covldsc,19,20000,0.4,0.1
0.8491,0.1804,covldsc,20,20000,0.4,0.1
0.4409,0.1566,covldsc,21,20000,0.4,0.1
0.3609,0.1769,covldsc,22,20000,0.4,0.1
0.5564,0.1553,covldsc,23,20000,0.4,0.1
0.2167,0.1637,covldsc,24,20000,0.4,0.1
0.0366,0.1563,covldsc,25,20000,0.4,0.1
0.4082,0.1696,covldsc,26,20000,0.4,0.1
0.3908,0.1759,covldsc,27,20000,0.4,0.1
0.4981,0.1537,covldsc,28,20000,0.4,0.1
0.233,0.1738,covldsc,29,20000,0.4,0.1
0.6555,0.1742,covldsc,30,20000,0.4,0.1
0.5131,0.1766,covldsc,31,20000,0.4,0.1
0.204,0.1701,covldsc,32,20000,0.4,0.1
0.3708,0.1743,covldsc,33,20000,0.4,0.1
0.4839,0.1804,covldsc,34,20000,0.4,0.1
0.3485,0.1768,covldsc,35,20000,0.4,0.1
0.4363,0.1729,covldsc,36,20000,0.4,0.1
0.0584,0.1661,covldsc,37,20000,0.4,0.1
0.4729,0.176,covldsc,38,20000,0.4,0.1
0.1728,0.1563,covldsc,39,20000,0.4,0.1
0.5025,0.1529,covldsc,40,20000,0.4,0.1
0.264,0.1439,covldsc,41,20000,0.4,0.1
0.1883,0.1542,covldsc,42,20000,0.4,0.1
0.2909,0.1448,covldsc,43,20000,0.4,0.1
0.4529,0.1538,covldsc,44,20000,0.4,0.1
0.4333,0.1637,covldsc,45,20000,0.4,0.1
0.5477,0.1636,covldsc,46,20000,0.4,0.1
0.597,0.1937,covldsc,47,20000,0.4,0.1
0.3694,0.1481,covldsc,48,20000,0.4,0.1
0.5795,0.149,covldsc,49,20000,0.4,0.1
0.2853,0.1795,covldsc,50,20000,0.4,0.1
0.348,0.1545,covldsc,51,20000,0.4,0.1
0.4879,0.1557,covldsc,52,20000,0.4,0.1
0.4292,0.2043,covldsc,53,20000,0.4,0.1
0.2842,0.1812,covldsc,54,20000,0.4,0.1
0.4415,0.1558,covldsc,55,20000,0.4,0.1
0.5067,0.1654,covldsc,56,20000,0.4,0.1
0.2865,0.1568,covldsc,57,20000,0.4,0.1
0.4411,0.1769,covldsc,58,20000,0.4,0.1
0.7138,0.1813,covldsc,59,20000,0.4,0.1
0.8011,0.1736,covldsc,60,20000,0.4,0.1
0.2447,0.1549,covldsc,61,20000,0.4,0.1
0.4345,0.176,covldsc,62,20000,0.4,0.1
0.5042,0.1309,covldsc,63,20000,0.4,0.1
0.625,0.1893,covldsc,64,20000,0.4,0.1
0.5826,0.1708,covldsc,65,20000,0.4,0.1
0.2666,0.1619,covldsc,66,20000,0.4,0.1
0.7964,0.1571,covldsc,67,20000,0.4,0.1
0.5773,0.1537,covldsc,68,20000,0.4,0.1
0.165,0.1847,covldsc,69,20000,0.4,0.1
0.1989,0.1999,covldsc,70,20000,0.4,0.1
0.3047,0.1627,covldsc,71,20000,0.4,0.1
0.5314,0.1678,covldsc,72,20000,0.4,0.1
0.2665,0.1623,covldsc,73,20000,0.4,0.1
0.2783,0.1635,covldsc,74,20000,0.4,0.1
0.0668,0.1437,covldsc,75,20000,0.4,0.1
0.3118,0.1729,covldsc,76,20000,0.4,0.1
0.3149,0.1465,covldsc,77,20000,0.4,0.1
0.4773,0.151,covldsc,78,20000,0.4,0.1
0.4782,0.1526,covldsc,79,20000,0.4,0.1
0.3711,0.1669,covldsc,80,20000,0.4,0.1
0.1623,0.1548,covldsc,81,20000,0.4,0.1
0.3478,0.1607,covldsc,82,20000,0.4,0.1
0.4452,0.1767,covldsc,83,20000,0.4,0.1
0.2538,0.1533,covldsc,84,20000,0.4,0.1
0.0342,0.1499,covldsc,85,20000,0.4,0.1
0.4894,0.1724,covldsc,86,20000,0.4,0.1
0.3247,0.1472,covldsc,87,20000,0.4,0.1
0.2649,0.1682,covldsc,88,20000,0.4,0.1
0.4751,0.1622,covldsc,89,20000,0.4,0.1
0.3518,0.1647,covldsc,90,20000,0.4,0.1
0.2516,0.1401,covldsc,91,20000,0.4,0.1
0.1285,0.1555,covldsc,92,20000,0.4,0.1
0.621,0.2005,covldsc,93,20000,0.4,0.1
0.4398,0.177,covldsc,94,20000,0.4,0.1
0.3243,0.1466,covldsc,95,20000,0.4,0.1
0.5657,0.1467,covldsc,96,20000,0.4,0.1
0.2893,0.1566,covldsc,97,20000,0.4,0.1
0.3159,0.181,covldsc,98,20000,0.4,0.1
0.1419,0.1533,covldsc,99,20000,0.4,0.1
0.4444,0.183,covldsc,0,20000,0.4,0.01
0.4454,0.1567,covldsc,1,20000,0.4,0.01
0.5524,0.1571,covldsc,2,20000,0.4,0.01
0.6476,0.1743,covldsc,3,20000,0.4,0.01
0.4958,0.2079,covldsc,4,20000,0.4,0.01
0.4274,0.1512,covldsc,5,20000,0.4,0.01
0.679,0.1805,covldsc,6,20000,0.4,0.01
0.7602,0.1744,covldsc,7,20000,0.4,0.01
0.5532,0.173,covldsc,8,20000,0.4,0.01
0.1207,0.1952,covldsc,9,20000,0.4,0.01
0.8358,0.2004,covldsc,10,20000,0.4,0.01
0.3522,0.176,covldsc,11,20000,0.4,0.01
0.7924,0.184,covldsc,12,20000,0.4,0.01
0.0536,0.1555,covldsc,13,20000,0.4,0.01
0.3788,0.1587,covldsc,14,20000,0.4,0.01
0.3234,0.1751,covldsc,15,20000,0.4,0.01
0.6774,0.1557,covldsc,16,20000,0.4,0.01
0.5877,0.1595,covldsc,17,20000,0.4,0.01
0.5977,0.1651,covldsc,18,20000,0.4,0.01
0.4333,0.1636,covldsc,19,20000,0.4,0.01
0.3912,0.1655,covldsc,20,20000,0.4,0.01
0.5208,0.1609,covldsc,21,20000,0.4,0.01
0.1235,0.1551,covldsc,22,20000,0.4,0.01
0.5357,0.1719,covldsc,23,20000,0.4,0.01
0.2008,0.2049,covldsc,24,20000,0.4,0.01
0.499,0.1786,covldsc,25,20000,0.4,0.01
0.596,0.1804,covldsc,26,20000,0.4,0.01
0.2671,0.1715,covldsc,27,20000,0.4,0.01
0.2388,0.1497,covldsc,28,20000,0.4,0.01
0.6416,0.1749,covldsc,29,20000,0.4,0.01
0.2195,0.1464,covldsc,30,20000,0.4,0.01
0.2896,0.1563,covldsc,31,20000,0.4,0.01
0.3576,0.1765,covldsc,32,20000,0.4,0.01
0.5934,0.1718,covldsc,33,20000,0.4,0.01
0.4585,0.1968,covldsc,34,20000,0.4,0.01
0.4864,0.1631,covldsc,35,20000,0.4,0.01
0.0973,0.154,covldsc,36,20000,0.4,0.01
0.7332,0.1951,covldsc,37,20000,0.4,0.01
0.584,0.1721,covldsc,38,20000,0.4,0.01
0.4689,0.1582,covldsc,39,20000,0.4,0.01
0.7647,0.1611,covldsc,40,20000,0.4,0.01
0.6889,0.1596,covldsc,41,20000,0.4,0.01
0.1477,0.156,covldsc,42,20000,0.4,0.01
0.1717,0.1812,covldsc,43,20000,0.4,0.01
0.7946,0.1741,covldsc,44,20000,0.4,0.01
0.6878,0.1424,covldsc,45,20000,0.4,0.01
0.4029,0.1281,covldsc,46,20000,0.4,0.01
0.3744,0.1612,covldsc,47,20000,0.4,0.01
0.4014,0.1567,covldsc,48,20000,0.4,0.01
0.3142,0.1249,covldsc,49,20000,0.4,0.01
0.2227,0.1934,covldsc,50,20000,0.4,0.01
0.0865,0.1526,covldsc,51,20000,0.4,0.01
0.6854,0.1618,covldsc,52,20000,0.4,0.01
0.4218,0.1586,covldsc,53,20000,0.4,0.01
0.2819,0.1444,covldsc,54,20000,0.4,0.01
0.3353,0.1547,covldsc,55,20000,0.4,0.01
0.3396,0.1465,covldsc,56,20000,0.4,0.01
0.4094,0.162,covldsc,57,20000,0.4,0.01
0.2319,0.14,covldsc,58,20000,0.4,0.01
0.0491,0.1555,covldsc,59,20000,0.4,0.01
0.7876,0.2056,covldsc,60,20000,0.4,0.01
0.3189,0.1585,covldsc,61,20000,0.4,0.01
0.5081,0.1699,covldsc,62,20000,0.4,0.01
0.3807,0.1417,covldsc,63,20000,0.4,0.01
0.4848,0.1507,covldsc,64,20000,0.4,0.01
0.2678,0.1815,covldsc,65,20000,0.4,0.01
0.4583,0.1727,covldsc,66,20000,0.4,0.01
0.18,0.1695,covldsc,67,20000,0.4,0.01
0.577,0.1697,covldsc,68,20000,0.4,0.01
0.2724,0.1557,covldsc,69,20000,0.4,0.01
0.7154,0.1613,covldsc,70,20000,0.4,0.01
0.5092,0.1894,covldsc,71,20000,0.4,0.01
0.5101,0.1639,covldsc,72,20000,0.4,0.01
0.4265,0.1584,covldsc,73,20000,0.4,0.01
0.6521,0.1828,covldsc,74,20000,0.4,0.01
0.5015,0.1688,covldsc,75,20000,0.4,0.01
0.571,0.1974,covldsc,76,20000,0.4,0.01
0.2481,0.1633,covldsc,77,20000,0.4,0.01
0.5338,0.1817,covldsc,78,20000,0.4,0.01
0.3313,0.1418,covldsc,79,20000,0.4,0.01
0.5199,0.178,covldsc,80,20000,0.4,0.01
0.2273,0.168,covldsc,81,20000,0.4,0.01
0.2822,0.1708,covldsc,82,20000,0.4,0.01
0.1782,0.145,covldsc,83,20000,0.4,0.01
0.2566,0.1408,covldsc,84,20000,0.4,0.01
0.5447,0.1786,covldsc,85,20000,0.4,0.01
0.4742,0.1785,covldsc,86,20000,0.4,0.01
0.4816,0.1982,covldsc,87,20000,0.4,0.01
0.1883,0.1311,covldsc,88,20000,0.4,0.01
0.3384,0.1185,covldsc,89,20000,0.4,0.01
0.4843,0.1528,covldsc,90,20000,0.4,0.01
0.7204,0.1802,covldsc,91,20000,0.4,0.01
0.249,0.1859,covldsc,92,20000,0.4,0.01
0.5232,0.1696,covldsc,93,20000,0.4,0.01
0.4913,0.1776,covldsc,94,20000,0.4,0.01
0.5927,0.1536,covldsc,95,20000,0.4,0.01
0.4017,0.2,covldsc,96,20000,0.4,0.01
0.6192,0.1986,covldsc,97,20000,0.4,0.01
0.7855,0.1889,covldsc,98,20000,0.4,0.01
0.7247,0.1671,covldsc,99,20000,0.4,0.01
-0.04059,0.096252,sumher,0,2000,0.1,1.0
-0.078583,0.095489,sumher,1,2000,0.1,1.0
14.89044,0.190726,sumher,2,2000,0.1,1.0
-0.152864,0.094955,sumher,3,2000,0.1,1.0
19.807349,0.218002,sumher,4,2000,0.1,1.0
0.212829,0.097925,sumher,5,2000,0.1,1.0
1.30045,0.106192,sumher,6,2000,0.1,1.0
4.113708,0.125444,sumher,7,2000,0.1,1.0
0.620417,0.101283,sumher,8,2000,0.1,1.0
14.789949,0.190304,sumher,9,2000,0.1,1.0
1.304265,0.106527,sumher,10,2000,0.1,1.0
26.37969,0.25374,sumher,11,2000,0.1,1.0
5.272916,0.133744,sumher,12,2000,0.1,1.0
-0.581673,0.091616,sumher,13,2000,0.1,1.0
7.896892,0.14977,sumher,14,2000,0.1,1.0
35.130528,0.29934,sumher,15,2000,0.1,1.0
5.058724,0.132145,sumher,16,2000,0.1,1.0
17.323779,0.204405,sumher,17,2000,0.1,1.0
2.415345,0.114663,sumher,18,2000,0.1,1.0
16.567221,0.20016,sumher,19,2000,0.1,1.0
-0.692193,0.090442,sumher,20,2000,0.1,1.0
20.596425,0.22228,sumher,21,2000,0.1,1.0
11.906427,0.17344,sumher,22,2000,0.1,1.0
1.495197,0.108524,sumher,23,2000,0.1,1.0
18.177501,0.208891,sumher,24,2000,0.1,1.0
2.6458,0.116228,sumher,25,2000,0.1,1.0
28.116859,0.262867,sumher,26,2000,0.1,1.0
7.920822,0.15055,sumher,27,2000,0.1,1.0
-0.682861,0.090191,sumher,28,2000,0.1,1.0
7.871365,0.149742,sumher,29,2000,0.1,1.0
8.476826,0.153455,sumher,30,2000,0.1,1.0
-0.200654,0.094739,sumher,31,2000,0.1,1.0
0.620139,0.101029,sumher,32,2000,0.1,1.0
6.049321,0.137912,sumher,33,2000,0.1,1.0
-0.033582,0.09569,sumher,34,2000,0.1,1.0
10.899349,0.167948,sumher,35,2000,0.1,1.0
3.99713,0.125452,sumher,36,2000,0.1,1.0
18.601873,0.211674,sumher,37,2000,0.1,1.0
-0.617948,0.091373,sumher,38,2000,0.1,1.0
3.027081,0.118938,sumher,39,2000,0.1,1.0
2.329608,0.113878,sumher,40,2000,0.1,1.0
1.465578,0.108126,sumher,41,2000,0.1,1.0
3.603197,0.122545,sumher,42,2000,0.1,1.0
42.506499,0.338107,sumher,43,2000,0.1,1.0
34.6113,0.297377,sumher,44,2000,0.1,1.0
9.0237,0.156987,sumher,45,2000,0.1,1.0
8.011079,0.15048,sumher,46,2000,0.1,1.0
9.747128,0.161476,sumher,47,2000,0.1,1.0
8.680489,0.154442,sumher,48,2000,0.1,1.0
-0.254837,0.094473,sumher,49,2000,0.1,1.0
2.63671,0.116169,sumher,50,2000,0.1,1.0
-0.633676,0.091041,sumher,51,2000,0.1,1.0
-0.344824,0.09385,sumher,52,2000,0.1,1.0
19.451002,0.215883,sumher,53,2000,0.1,1.0
22.207446,0.231213,sumher,54,2000,0.1,1.0
8.518096,0.153515,sumher,55,2000,0.1,1.0
0.819001,0.102518,sumher,56,2000,0.1,1.0
-0.480504,0.092208,sumher,57,2000,0.1,1.0
18.919006,0.212907,sumher,58,2000,0.1,1.0
3.655037,0.123087,sumher,59,2000,0.1,1.0
4.756874,0.130018,sumher,60,2000,0.1,1.0
55.007976,0.401566,sumher,61,2000,0.1,1.0
23.044454,0.235458,sumher,62,2000,0.1,1.0
11.073274,0.169262,sumher,63,2000,0.1,1.0
3.368122,0.121103,sumher,64,2000,0.1,1.0
18.826556,0.212565,sumher,65,2000,0.1,1.0
16.403981,0.199318,sumher,66,2000,0.1,1.0
1.386849,0.106783,sumher,67,2000,0.1,1.0
1.060771,0.104766,sumher,68,2000,0.1,1.0
-0.506308,0.092593,sumher,69,2000,0.1,1.0
5.730704,0.135834,sumher,70,2000,0.1,1.0
3.14333,0.119516,sumher,71,2000,0.1,1.0
3.253321,0.120321,sumher,72,2000,0.1,1.0
17.683807,0.206288,sumher,73,2000,0.1,1.0
6.071227,0.138933,sumher,74,2000,0.1,1.0
18.381079,0.210724,sumher,75,2000,0.1,1.0
2.937958,0.117841,sumher,76,2000,0.1,1.0
-0.003691,0.095989,sumher,77,2000,0.1,1.0
22.659838,0.23385,sumher,78,2000,0.1,1.0
26.035575,0.252168,sumher,79,2000,0.1,1.0
-0.469659,0.091431,sumher,80,2000,0.1,1.0
4.710302,0.129931,sumher,81,2000,0.1,1.0
-0.498822,0.091905,sumher,82,2000,0.1,1.0
20.535795,0.222394,sumher,83,2000,0.1,1.0
7.673845,0.148221,sumher,84,2000,0.1,1.0
13.932497,0.18552,sumher,85,2000,0.1,1.0
1.621873,0.109524,sumher,86,2000,0.1,1.0
2.158857,0.112792,sumher,87,2000,0.1,1.0
0.036389,0.096239,sumher,88,2000,0.1,1.0
80.041152,0.526788,sumher,89,2000,0.1,1.0
5.608385,0.136039,sumher,90,2000,0.1,1.0
20.770431,0.22345,sumher,91,2000,0.1,1.0
5.689131,0.135907,sumher,92,2000,0.1,1.0
0.765998,0.102594,sumher,93,2000,0.1,1.0
0.899225,0.103585,sumher,94,2000,0.1,1.0
5.447496,0.134488,sumher,95,2000,0.1,1.0
13.905534,0.185041,sumher,96,2000,0.1,1.0
7.040611,0.145143,sumher,97,2000,0.1,1.0
0.226352,0.098914,sumher,98,2000,0.1,1.0
40.969229,0.33052,sumher,99,2000,0.1,1.0
-0.012052,0.052378,sumher,0,20000,0.1,1.0
-0.023595,0.052208,sumher,1,20000,0.1,1.0
4.403019,0.110097,sumher,2,20000,0.1,1.0
-0.045609,0.051636,sumher,3,20000,0.1,1.0
5.865161,0.12493,sumher,4,20000,0.1,1.0
0.063314,0.05373,sumher,5,20000,0.1,1.0
0.385152,0.059436,sumher,6,20000,0.1,1.0
1.230714,0.072665,sumher,7,20000,0.1,1.0
0.18477,0.056145,sumher,8,20000,0.1,1.0
4.419381,0.110776,sumher,9,20000,0.1,1.0
0.391081,0.060082,sumher,10,20000,0.1,1.0
7.759354,0.142787,sumher,11,20000,0.1,1.0
1.584546,0.078009,sumher,12,20000,0.1,1.0
-0.169989,0.048583,sumher,13,20000,0.1,1.0
2.311341,0.086382,sumher,14,20000,0.1,1.0
10.177251,0.163523,sumher,15,20000,0.1,1.0
1.503067,0.076513,sumher,16,20000,0.1,1.0
5.117477,0.117515,sumher,17,20000,0.1,1.0
0.724098,0.065622,sumher,18,20000,0.1,1.0
4.97201,0.116357,sumher,19,20000,0.1,1.0
-0.204625,0.048031,sumher,20,20000,0.1,1.0
6.043965,0.126254,sumher,21,20000,0.1,1.0
3.53395,0.100975,sumher,22,20000,0.1,1.0
0.449275,0.061459,sumher,23,20000,0.1,1.0
5.361243,0.119826,sumher,24,20000,0.1,1.0
0.798378,0.06693,sumher,25,20000,0.1,1.0
8.227143,0.14685,sumher,26,20000,0.1,1.0
2.386246,0.088541,sumher,27,20000,0.1,1.0
-0.20396,0.048282,sumher,28,20000,0.1,1.0
2.355596,0.087588,sumher,29,20000,0.1,1.0
2.542708,0.08999,sumher,30,20000,0.1,1.0
-0.058915,0.051034,sumher,31,20000,0.1,1.0
0.184589,0.055959,sumher,32,20000,0.1,1.0
1.820435,0.08069,sumher,33,20000,0.1,1.0
-0.010024,0.052232,sumher,34,20000,0.1,1.0
3.252105,0.098174,sumher,35,20000,0.1,1.0
1.199223,0.072752,sumher,36,20000,0.1,1.0
5.521002,0.121868,sumher,37,20000,0.1,1.0
-0.181878,0.048553,sumher,38,20000,0.1,1.0
0.907846,0.068419,sumher,39,20000,0.1,1.0
0.706524,0.065439,sumher,40,20000,0.1,1.0
0.438809,0.061076,sumher,41,20000,0.1,1.0
1.080097,0.070845,sumher,42,20000,0.1,1.0
12.266911,0.18193,sumher,43,20000,0.1,1.0
10.19724,0.164896,sumher,44,20000,0.1,1.0
2.698098,0.091948,sumher,45,20000,0.1,1.0
2.382063,0.087754,sumher,46,20000,0.1,1.0
2.894279,0.094178,sumher,47,20000,0.1,1.0
2.564383,0.089559,sumher,48,20000,0.1,1.0
-0.076463,0.051345,sumher,49,20000,0.1,1.0
0.786304,0.066475,sumher,50,20000,0.1,1.0
-0.185375,0.048231,sumher,51,20000,0.1,1.0
-0.104132,0.050991,sumher,52,20000,0.1,1.0
5.78609,0.124173,sumher,53,20000,0.1,1.0
6.55587,0.131517,sumher,54,20000,0.1,1.0
2.5639,0.09019,sumher,55,20000,0.1,1.0
0.242758,0.056904,sumher,56,20000,0.1,1.0
-0.142848,0.049511,sumher,57,20000,0.1,1.0
5.564315,0.121631,sumher,58,20000,0.1,1.0
1.106524,0.07161,sumher,59,20000,0.1,1.0
1.403445,0.074891,sumher,60,20000,0.1,1.0
15.770855,0.210235,sumher,61,20000,0.1,1.0
6.80397,0.133486,sumher,62,20000,0.1,1.0
3.327254,0.099362,sumher,63,20000,0.1,1.0
0.999557,0.069423,sumher,64,20000,0.1,1.0
5.570758,0.121967,sumher,65,20000,0.1,1.0
4.899742,0.115612,sumher,66,20000,0.1,1.0
0.413076,0.060059,sumher,67,20000,0.1,1.0
0.315199,0.058517,sumher,68,20000,0.1,1.0
-0.150868,0.049714,sumher,69,20000,0.1,1.0
1.70855,0.078898,sumher,70,20000,0.1,1.0
0.943487,0.068876,sumher,71,20000,0.1,1.0
0.966735,0.069084,sumher,72,20000,0.1,1.0
5.205808,0.118237,sumher,73,20000,0.1,1.0
1.826224,0.081362,sumher,74,20000,0.1,1.0
5.51527,0.122141,sumher,75,20000,0.1,1.0
0.873418,0.067401,sumher,76,20000,0.1,1.0
-0.001089,0.052156,sumher,77,20000,0.1,1.0
6.734224,0.133653,sumher,78,20000,0.1,1.0
7.705607,0.142755,sumher,79,20000,0.1,1.0
-0.142228,0.049592,sumher,80,20000,0.1,1.0
1.416036,0.075606,sumher,81,20000,0.1,1.0
-0.147523,0.049207,sumher,82,20000,0.1,1.0
6.12315,0.128036,sumher,83,20000,0.1,1.0
2.292844,0.086599,sumher,84,20000,0.1,1.0
4.159697,0.107948,sumher,85,20000,0.1,1.0
0.481708,0.061761,sumher,86,20000,0.1,1.0
0.645763,0.06419,sumher,87,20000,0.1,1.0
0.01082,0.052529,sumher,88,20000,0.1,1.0
22.492707,0.261881,sumher,89,20000,0.1,1.0
1.676846,0.079323,sumher,90,20000,0.1,1.0
6.158756,0.127967,sumher,91,20000,0.1,1.0
1.700088,0.079172,sumher,92,20000,0.1,1.0
0.229029,0.057166,sumher,93,20000,0.1,1.0
0.268966,0.057858,sumher,94,20000,0.1,1.0
1.635799,0.078562,sumher,95,20000,0.1,1.0
4.127605,0.107206,sumher,96,20000,0.1,1.0
2.105326,0.084833,sumher,97,20000,0.1,1.0
0.066809,0.054072,sumher,98,20000,0.1,1.0
11.907672,0.179224,sumher,99,20000,0.1,1.0
-0.00745,0.041166,sumher,0,50000,0.1,1.0
-0.0146,0.041033,sumher,1,50000,0.1,1.0
2.878672,0.091889,sumher,2,50000,0.1,1.0
-0.028137,0.040486,sumher,3,50000,0.1,1.0
3.854965,0.10465,sumher,4,50000,0.1,1.0
0.039523,0.042545,sumher,5,50000,0.1,1.0
0.239982,0.047394,sumher,6,50000,0.1,1.0
0.779228,0.059072,sumher,7,50000,0.1,1.0
0.115631,0.044659,sumher,8,50000,0.1,1.0
2.882892,0.092452,sumher,9,50000,0.1,1.0
0.244719,0.048004,sumher,10,50000,0.1,1.0
5.13729,0.120001,sumher,11,50000,0.1,1.0
1.018497,0.064025,sumher,12,50000,0.1,1.0
-0.103691,0.03767,sumher,13,50000,0.1,1.0
1.490309,0.071267,sumher,14,50000,0.1,1.0
6.758677,0.137292,sumher,15,50000,0.1,1.0
0.961596,0.062647,sumher,16,50000,0.1,1.0
3.360252,0.098376,sumher,17,50000,0.1,1.0
0.461084,0.05319,sumher,18,50000,0.1,1.0
3.275374,0.097613,sumher,19,50000,0.1,1.0
-0.125446,0.037275,sumher,20,50000,0.1,1.0
3.97676,0.105735,sumher,21,50000,0.1,1.0
2.285705,0.083801,sumher,22,50000,0.1,1.0
0.281058,0.049166,sumher,23,50000,0.1,1.0
3.532522,0.100524,sumher,24,50000,0.1,1.0
0.511858,0.054514,sumher,25,50000,0.1,1.0
5.426259,0.12307,sumher,26,50000,0.1,1.0
1.540098,0.073225,sumher,27,50000,0.1,1.0
-0.125132,0.037477,sumher,28,50000,0.1,1.0
1.52771,0.072565,sumher,29,50000,0.1,1.0
1.651509,0.074676,sumher,30,50000,0.1,1.0
-0.036067,0.039844,sumher,31,50000,0.1,1.0
0.114806,0.044381,sumher,32,50000,0.1,1.0
1.179143,0.066664,sumher,33,50000,0.1,1.0
-0.006227,0.04117,sumher,34,50000,0.1,1.0
2.100973,0.081333,sumher,35,50000,0.1,1.0
0.765782,0.059384,sumher,36,50000,0.1,1.0
3.61701,0.101977,sumher,37,50000,0.1,1.0
-0.112108,0.037834,sumher,38,50000,0.1,1.0
0.57901,0.055637,sumher,39,50000,0.1,1.0
0.448444,0.052959,sumher,40,50000,0.1,1.0
0.277698,0.049132,sumher,41,50000,0.1,1.0
0.692641,0.057874,sumher,42,50000,0.1,1.0
8.128647,0.152247,sumher,43,50000,0.1,1.0
6.782531,0.138719,sumher,44,50000,0.1,1.0
1.73741,0.075971,sumher,45,50000,0.1,1.0
1.54207,0.072661,sumher,46,50000,0.1,1.0
1.860449,0.077709,sumher,47,50000,0.1,1.0
1.645449,0.073717,sumher,48,50000,0.1,1.0
-0.047159,0.040205,sumher,49,50000,0.1,1.0
0.495456,0.053657,sumher,50,50000,0.1,1.0
-0.113143,0.037396,sumher,51,50000,0.1,1.0
-0.064565,0.03999,sumher,52,50000,0.1,1.0
3.820406,0.104329,sumher,53,50000,0.1,1.0
4.352975,0.11082,sumher,54,50000,0.1,1.0
1.6534,0.074553,sumher,55,50000,0.1,1.0
0.151308,0.045236,sumher,56,50000,0.1,1.0
-0.08787,0.038611,sumher,57,50000,0.1,1.0
3.645585,0.101696,sumher,58,50000,0.1,1.0
0.708502,0.058462,sumher,59,50000,0.1,1.0
0.899381,0.061301,sumher,60,50000,0.1,1.0
10.54597,0.176132,sumher,61,50000,0.1,1.0
4.487095,0.111906,sumher,62,50000,0.1,1.0
2.179912,0.083,sumher,63,50000,0.1,1.0
0.633004,0.056286,sumher,64,50000,0.1,1.0
3.667877,0.102274,sumher,65,50000,0.1,1.0
3.221311,0.096873,sumher,66,50000,0.1,1.0
0.258523,0.048021,sumher,67,50000,0.1,1.0
0.195255,0.046459,sumher,68,50000,0.1,1.0
-0.093041,0.038795,sumher,69,50000,0.1,1.0
1.100091,0.064876,sumher,70,50000,0.1,1.0
0.595224,0.055705,sumher,71,50000,0.1,1.0
0.606928,0.055772,sumher,72,50000,0.1,1.0
3.401378,0.098619,sumher,73,50000,0.1,1.0
1.166897,0.066712,sumher,74,50000,0.1,1.0
3.661358,0.102921,sumher,75,50000,0.1,1.0
0.56139,0.055004,sumher,76,50000,0.1,1.0
-0.000683,0.041131,sumher,77,50000,0.1,1.0
4.485965,0.112885,sumher,78,50000,0.1,1.0
5.108714,0.120076,sumher,79,50000,0.1,1.0
-0.088032,0.038786,sumher,80,50000,0.1,1.0
0.910171,0.062029,sumher,81,50000,0.1,1.0
-0.090812,0.038373,sumher,82,50000,0.1,1.0
4.051073,0.10772,sumher,83,50000,0.1,1.0
1.484025,0.071641,sumher,84,50000,0.1,1.0
2.734366,0.090427,sumher,85,50000,0.1,1.0
0.304807,0.049711,sumher,86,50000,0.1,1.0
0.409086,0.051842,sumher,87,50000,0.1,1.0
0.006751,0.041491,sumher,88,50000,0.1,1.0
15.052391,0.217499,sumher,89,50000,0.1,1.0
1.067515,0.064853,sumher,90,50000,0.1,1.0
4.0477,0.107242,sumher,91,50000,0.1,1.0
1.092623,0.06507,sumher,92,50000,0.1,1.0
0.142931,0.045465,sumher,93,50000,0.1,1.0
0.167594,0.046011,sumher,94,50000,0.1,1.0
1.052968,0.064596,sumher,95,50000,0.1,1.0
2.697655,0.0894,sumher,96,50000,0.1,1.0
1.372296,0.070373,sumher,97,50000,0.1,1.0
0.041625,0.042774,sumher,98,50000,0.1,1.0
7.914107,0.150284,sumher,99,50000,0.1,1.0
1.564032,0.10828,sumher,0,2000,0.1,0.1
11.946647,0.1743,sumher,1,2000,0.1,0.1
11.769071,0.172693,sumher,2,2000,0.1,0.1
19.51499,0.216787,sumher,3,2000,0.1,0.1
0.318466,0.099034,sumher,4,2000,0.1,0.1
5.579933,0.135344,sumher,5,2000,0.1,0.1
6.091526,0.138929,sumher,6,2000,0.1,0.1
3.392487,0.121161,sumher,7,2000,0.1,0.1
1.861143,0.110473,sumher,8,2000,0.1,0.1
10.841681,0.16751,sumher,9,2000,0.1,0.1
10.622967,0.166162,sumher,10,2000,0.1,0.1
21.901103,0.229765,sumher,11,2000,0.1,0.1
8.144318,0.151276,sumher,12,2000,0.1,0.1
-0.199723,0.095127,sumher,13,2000,0.1,0.1
4.215954,0.126551,sumher,14,2000,0.1,0.1
39.426896,0.322387,sumher,15,2000,0.1,0.1
9.746841,0.160843,sumher,16,2000,0.1,0.1
5.354169,0.134007,sumher,17,2000,0.1,0.1
20.556857,0.222236,sumher,18,2000,0.1,0.1
-0.55111,0.092156,sumher,19,2000,0.1,0.1
3.520594,0.121911,sumher,20,2000,0.1,0.1
14.42259,0.188109,sumher,21,2000,0.1,0.1
2.748556,0.117274,sumher,22,2000,0.1,0.1
0.171534,0.097146,sumher,23,2000,0.1,0.1
9.417562,0.159203,sumher,24,2000,0.1,0.1
-0.382775,0.093466,sumher,25,2000,0.1,0.1
1.683209,0.109687,sumher,26,2000,0.1,0.1
-0.224096,0.095207,sumher,27,2000,0.1,0.1
44.446341,0.348357,sumher,28,2000,0.1,0.1
-0.662359,0.090869,sumher,29,2000,0.1,0.1
2.317328,0.114099,sumher,30,2000,0.1,0.1
14.954318,0.191175,sumher,31,2000,0.1,0.1
5.428331,0.134603,sumher,32,2000,0.1,0.1
2.328144,0.114327,sumher,33,2000,0.1,0.1
-0.558549,0.091826,sumher,34,2000,0.1,0.1
5.669853,0.136232,sumher,35,2000,0.1,0.1
6.636532,0.142231,sumher,36,2000,0.1,0.1
9.472954,0.159502,sumher,37,2000,0.1,0.1
14.858838,0.190371,sumher,38,2000,0.1,0.1
36.614867,0.307428,sumher,39,2000,0.1,0.1
78.794428,0.520913,sumher,40,2000,0.1,0.1
4.161199,0.126179,sumher,41,2000,0.1,0.1
23.032033,0.236031,sumher,42,2000,0.1,0.1
0.032907,0.09655,sumher,43,2000,0.1,0.1
14.903298,0.190938,sumher,44,2000,0.1,0.1
16.451456,0.199844,sumher,45,2000,0.1,0.1
17.502035,0.205332,sumher,46,2000,0.1,0.1
24.103012,0.241352,sumher,47,2000,0.1,0.1
13.671557,0.184036,sumher,48,2000,0.1,0.1
0.15501,0.097721,sumher,49,2000,0.1,0.1
97.540404,0.613139,sumher,50,2000,0.1,0.1
15.67376,0.195618,sumher,51,2000,0.1,0.1
0.058637,0.096167,sumher,52,2000,0.1,0.1
55.173932,0.402605,sumher,53,2000,0.1,0.1
9.223868,0.157594,sumher,54,2000,0.1,0.1
0.330216,0.099188,sumher,55,2000,0.1,0.1
23.410967,0.23782,sumher,56,2000,0.1,0.1
5.541985,0.13487,sumher,57,2000,0.1,0.1
2.626273,0.115619,sumher,58,2000,0.1,0.1
2.279697,0.113186,sumher,59,2000,0.1,0.1
3.433408,0.121223,sumher,60,2000,0.1,0.1
-0.378367,0.093086,sumher,61,2000,0.1,0.1
12.225269,0.175548,sumher,62,2000,0.1,0.1
7.074234,0.144926,sumher,63,2000,0.1,0.1
1.232112,0.106148,sumher,64,2000,0.1,0.1
7.433748,0.147333,sumher,65,2000,0.1,0.1
38.921909,0.319329,sumher,66,2000,0.1,0.1
9.062322,0.157341,sumher,67,2000,0.1,0.1
3.045841,0.118975,sumher,68,2000,0.1,0.1
20.94726,0.224466,sumher,69,2000,0.1,0.1
5.162538,0.132619,sumher,70,2000,0.1,0.1
8.949583,0.156336,sumher,71,2000,0.1,0.1
10.321223,0.164108,sumher,72,2000,0.1,0.1
0.714423,0.101872,sumher,73,2000,0.1,0.1
5.739164,0.136466,sumher,74,2000,0.1,0.1
4.674101,0.128892,sumher,75,2000,0.1,0.1
9.457675,0.159328,sumher,76,2000,0.1,0.1
24.271021,0.242174,sumher,77,2000,0.1,0.1
4.955597,0.131399,sumher,78,2000,0.1,0.1
10.085262,0.162581,sumher,79,2000,0.1,0.1
3.456971,0.121842,sumher,80,2000,0.1,0.1
0.710115,0.102401,sumher,81,2000,0.1,0.1
1.0515,0.105261,sumher,82,2000,0.1,0.1
-0.668899,0.091013,sumher,83,2000,0.1,0.1
-0.309889,0.094154,sumher,84,2000,0.1,0.1
-0.255876,0.094636,sumher,85,2000,0.1,0.1
25.772294,0.25076,sumher,86,2000,0.1,0.1
-0.539199,0.091497,sumher,87,2000,0.1,0.1
14.33743,0.187983,sumher,88,2000,0.1,0.1
0.652768,0.101285,sumher,89,2000,0.1,0.1
17.003721,0.202605,sumher,90,2000,0.1,0.1
19.978867,0.219073,sumher,91,2000,0.1,0.1
-0.477652,0.092383,sumher,92,2000,0.1,0.1
9.515873,0.159855,sumher,93,2000,0.1,0.1
6.874952,0.143356,sumher,94,2000,0.1,0.1
31.992325,0.283685,sumher,95,2000,0.1,0.1
-0.627345,0.090575,sumher,96,2000,0.1,0.1
19.976405,0.219171,sumher,97,2000,0.1,0.1
-0.739854,0.088826,sumher,98,2000,0.1,0.1
-0.463939,0.093212,sumher,99,2000,0.1,0.1
0.467916,0.061226,sumher,0,20000,0.1,0.1
3.570726,0.101855,sumher,1,20000,0.1,0.1
3.506672,0.100682,sumher,2,20000,0.1,0.1
5.819309,0.124792,sumher,3,20000,0.1,0.1
0.095135,0.054571,sumher,4,20000,0.1,0.1
1.675057,0.078957,sumher,5,20000,0.1,0.1
1.832515,0.081271,sumher,6,20000,0.1,0.1
1.004376,0.069465,sumher,7,20000,0.1,0.1
0.561301,0.062935,sumher,8,20000,0.1,0.1
3.229161,0.097775,sumher,9,20000,0.1,0.1
3.176576,0.097203,sumher,10,20000,0.1,0.1
6.477571,0.131258,sumher,11,20000,0.1,0.1
2.43901,0.088545,sumher,12,20000,0.1,0.1
-0.059867,0.051743,sumher,13,20000,0.1,0.1
1.25504,0.072964,sumher,14,20000,0.1,0.1
11.45986,0.175369,sumher,15,20000,0.1,0.1
2.930752,0.094363,sumher,16,20000,0.1,0.1
1.612053,0.078289,sumher,17,20000,0.1,0.1
6.086959,0.127147,sumher,18,20000,0.1,0.1
-0.162724,0.049142,sumher,19,20000,0.1,0.1
1.048893,0.070065,sumher,20,20000,0.1,0.1
4.306225,0.109491,sumher,21,20000,0.1,0.1
0.724815,0.064984,sumher,22,20000,0.1,0.1
0.050649,0.053034,sumher,23,20000,0.1,0.1
2.836836,0.093512,sumher,24,20000,0.1,0.1
-0.115255,0.050644,sumher,25,20000,0.1,0.1
0.499745,0.061869,sumher,26,20000,0.1,0.1
-0.067121,0.051737,sumher,27,20000,0.1,0.1
12.920449,0.187547,sumher,28,20000,0.1,0.1
-0.197002,0.048482,sumher,29,20000,0.1,0.1
0.691781,0.06504,sumher,30,20000,0.1,0.1
4.458427,0.111003,sumher,31,20000,0.1,0.1
1.643838,0.078984,sumher,32,20000,0.1,0.1
0.693421,0.065088,sumher,33,20000,0.1,0.1
-0.16571,0.049105,sumher,34,20000,0.1,0.1
1.702644,0.079638,sumher,35,20000,0.1,0.1
1.982496,0.082938,sumher,36,20000,0.1,0.1
2.830644,0.093336,sumher,37,20000,0.1,0.1
4.429293,0.110507,sumher,38,20000,0.1,0.1
10.629776,0.167719,sumher,39,20000,0.1,0.1
22.147185,0.259783,sumher,40,20000,0.1,0.1
1.253713,0.073397,sumher,41,20000,0.1,0.1
6.865902,0.135104,sumher,42,20000,0.1,0.1
0.00968,0.052412,sumher,43,20000,0.1,0.1
4.428523,0.110573,sumher,44,20000,0.1,0.1
4.881376,0.115457,sumher,45,20000,0.1,0.1
5.182277,0.118222,sumher,46,20000,0.1,0.1
7.139932,0.137057,sumher,47,20000,0.1,0.1
4.08619,0.107217,sumher,48,20000,0.1,0.1
0.045946,0.053429,sumher,49,20000,0.1,0.1
27.009196,0.295263,sumher,50,20000,0.1,0.1
4.668637,0.113475,sumher,51,20000,0.1,0.1
0.017731,0.052966,sumher,52,20000,0.1,0.1
15.81336,0.210439,sumher,53,20000,0.1,0.1
2.775206,0.092517,sumher,54,20000,0.1,0.1
0.099828,0.055058,sumher,55,20000,0.1,0.1
6.924769,0.135155,sumher,56,20000,0.1,0.1
1.644945,0.078137,sumher,57,20000,0.1,0.1
0.778148,0.065793,sumher,58,20000,0.1,0.1
0.675276,0.064213,sumher,59,20000,0.1,0.1
1.028595,0.069942,sumher,60,20000,0.1,0.1
-0.111693,0.050004,sumher,61,20000,0.1,0.1
3.646538,0.102347,sumher,62,20000,0.1,0.1
2.101751,0.084325,sumher,63,20000,0.1,0.1
0.371139,0.059925,sumher,64,20000,0.1,0.1
2.227573,0.08644,sumher,65,20000,0.1,0.1
11.275903,0.173036,sumher,66,20000,0.1,0.1
2.734693,0.092641,sumher,67,20000,0.1,0.1
0.911173,0.068416,sumher,68,20000,0.1,0.1
6.230156,0.128658,sumher,69,20000,0.1,0.1
1.525003,0.076593,sumher,70,20000,0.1,0.1
2.658688,0.091205,sumher,71,20000,0.1,0.1
3.06565,0.095504,sumher,72,20000,0.1,0.1
0.21493,0.056904,sumher,73,20000,0.1,0.1
1.708386,0.079323,sumher,74,20000,0.1,0.1
1.375775,0.073943,sumher,75,20000,0.1,0.1
2.81308,0.092898,sumher,76,20000,0.1,0.1
7.188783,0.137617,sumher,77,20000,0.1,0.1
1.477333,0.076166,sumher,78,20000,0.1,0.1
2.988771,0.094637,sumher,79,20000,0.1,0.1
1.042097,0.070607,sumher,80,20000,0.1,0.1
0.214416,0.0573,sumher,81,20000,0.1,0.1
0.310684,0.058621,sumher,82,20000,0.1,0.1
-0.20019,0.048661,sumher,83,20000,0.1,0.1
-0.093246,0.051126,sumher,84,20000,0.1,0.1
-0.076434,0.051318,sumher,85,20000,0.1,0.1
7.559514,0.141162,sumher,86,20000,0.1,0.1
-0.161562,0.049209,sumher,87,20000,0.1,0.1
4.278774,0.109492,sumher,88,20000,0.1,0.1
0.197433,0.056613,sumher,89,20000,0.1,0.1
5.056979,0.117143,sumher,90,20000,0.1,0.1
5.94829,0.125817,sumher,91,20000,0.1,0.1
-0.141272,0.04949,sumher,92,20000,0.1,0.1
2.824789,0.093089,sumher,93,20000,0.1,0.1
2.039694,0.083409,sumher,94,20000,0.1,0.1
9.348987,0.157103,sumher,95,20000,0.1,0.1
-0.188053,0.048569,sumher,96,20000,0.1,0.1
5.953446,0.126176,sumher,97,20000,0.1,0.1
-0.218703,0.047206,sumher,98,20000,0.1,0.1
-0.139348,0.050338,sumher,99,20000,0.1,0.1
0.292205,0.048949,sumher,0,50000,0.1,0.1
2.323262,0.084817,sumher,1,50000,0.1,0.1
2.291623,0.083916,sumher,2,50000,0.1,0.1
3.854537,0.104955,sumher,3,50000,0.1,0.1
0.059164,0.043172,sumher,4,50000,0.1,0.1
1.072503,0.064768,sumher,5,50000,0.1,0.1
1.185172,0.067009,sumher,6,50000,0.1,0.1
0.633958,0.056214,sumher,7,50000,0.1,0.1
0.356734,0.050846,sumher,8,50000,0.1,0.1
2.098829,0.081283,sumher,9,50000,0.1,0.1
2.068422,0.080875,sumher,10,50000,0.1,0.1
4.279168,0.110296,sumher,11,50000,0.1,0.1
1.583334,0.07342,sumher,12,50000,0.1,0.1
-0.037133,0.04066,sumher,13,50000,0.1,0.1
0.806283,0.059728,sumher,14,50000,0.1,0.1
7.644375,0.147491,sumher,15,50000,0.1,0.1
1.919586,0.078732,sumher,16,50000,0.1,0.1
1.034728,0.064282,sumher,17,50000,0.1,0.1
4.016191,0.106723,sumher,18,50000,0.1,0.1
-0.099658,0.038202,sumher,19,50000,0.1,0.1
0.666575,0.0569,sumher,20,50000,0.1,0.1
2.826244,0.091689,sumher,21,50000,0.1,0.1
0.518172,0.054254,sumher,22,50000,0.1,0.1
0.031217,0.041706,sumher,23,50000,0.1,0.1
1.848344,0.077748,sumher,24,50000,0.1,0.1
-0.070981,0.039556,sumher,25,50000,0.1,0.1
0.313372,0.049569,sumher,26,50000,0.1,0.1
-0.041574,0.040607,sumher,27,50000,0.1,0.1
8.602466,0.157224,sumher,28,50000,0.1,0.1
-0.12104,0.037674,sumher,29,50000,0.1,0.1
0.435699,0.052393,sumher,30,50000,0.1,0.1
2.914554,0.092699,sumher,31,50000,0.1,0.1
1.061848,0.065068,sumher,32,50000,0.1,0.1
0.438063,0.05251,sumher,33,50000,0.1,0.1
-0.102069,0.038276,sumher,34,50000,0.1,0.1
1.087191,0.065245,sumher,35,50000,0.1,0.1
1.270839,0.06817,sumher,36,50000,0.1,0.1
1.832046,0.077298,sumher,37,50000,0.1,0.1
2.898605,0.092359,sumher,38,50000,0.1,0.1
7.069255,0.140805,sumher,39,50000,0.1,0.1
14.770352,0.215441,sumher,40,50000,0.1,0.1
0.808392,0.060241,sumher,41,50000,0.1,0.1
4.552023,0.113782,sumher,42,50000,0.1,0.1
0.005996,0.041259,sumher,43,50000,0.1,0.1
2.899808,0.092386,sumher,44,50000,0.1,0.1
3.207479,0.096698,sumher,45,50000,0.1,0.1
3.40945,0.099058,sumher,46,50000,0.1,0.1
4.68235,0.114603,sumher,47,50000,0.1,0.1
2.675978,0.08954,sumher,48,50000,0.1,0.1
0.028397,0.042068,sumher,49,50000,0.1,0.1
18.015346,0.243348,sumher,50,50000,0.1,0.1
3.055025,0.094843,sumher,51,50000,0.1,0.1
0.011044,0.041827,sumher,52,50000,0.1,0.1
10.546076,0.175816,sumher,53,50000,0.1,0.1
1.8004,0.076759,sumher,54,50000,0.1,0.1
0.062013,0.043541,sumher,55,50000,0.1,0.1
4.577007,0.113518,sumher,56,50000,0.1,0.1
1.048145,0.063852,sumher,57,50000,0.1,0.1
0.491184,0.053127,sumher,58,50000,0.1,0.1
0.425117,0.051678,sumher,59,50000,0.1,0.1
0.654957,0.056914,sumher,60,50000,0.1,0.1
-0.068719,0.039057,sumher,61,50000,0.1,0.1
2.376516,0.085281,sumher,62,50000,0.1,0.1
1.353385,0.069459,sumher,63,50000,0.1,0.1
0.233081,0.047974,sumher,64,50000,0.1,0.1
1.43469,0.071381,sumher,65,50000,0.1,0.1
7.494204,0.145073,sumher,66,50000,0.1,0.1
1.789416,0.077201,sumher,67,50000,0.1,0.1
0.575144,0.05532,sumher,68,50000,0.1,0.1
4.119704,0.108133,sumher,69,50000,0.1,0.1
0.969011,0.062483,sumher,70,50000,0.1,0.1
1.711919,0.075344,sumher,71,50000,0.1,0.1
1.987673,0.079245,sumher,72,50000,0.1,0.1
0.133826,0.045209,sumher,73,50000,0.1,0.1
1.087759,0.064874,sumher,74,50000,0.1,0.1
0.881717,0.060515,sumher,75,50000,0.1,0.1
1.82719,0.077077,sumher,76,50000,0.1,0.1
4.761697,0.11577,sumher,77,50000,0.1,0.1
0.944644,0.062305,sumher,78,50000,0.1,0.1
1.932315,0.078429,sumher,79,50000,0.1,0.1
0.662919,0.057418,sumher,80,50000,0.1,0.1
0.134368,0.04565,sumher,81,50000,0.1,0.1
0.194678,0.046797,sumher,82,50000,0.1,0.1
-0.123809,0.037932,sumher,83,50000,0.1,0.1
-0.057886,0.040137,sumher,84,50000,0.1,0.1
-0.047477,0.040324,sumher,85,50000,0.1,0.1
4.990269,0.118472,sumher,86,50000,0.1,0.1
-0.09952,0.038364,sumher,87,50000,0.1,0.1
2.797739,0.091444,sumher,88,50000,0.1,0.1
0.123306,0.045008,sumher,89,50000,0.1,0.1
3.320415,0.098123,sumher,90,50000,0.1,0.1
3.94614,0.10591,sumher,91,50000,0.1,0.1
-0.086957,0.038607,sumher,92,50000,0.1,0.1
1.829989,0.077143,sumher,93,50000,0.1,0.1
1.306506,0.068511,sumher,94,50000,0.1,0.1
6.197393,0.1319,sumher,95,50000,0.1,0.1
-0.114911,0.037654,sumher,96,50000,0.1,0.1
3.929352,0.10598,sumher,97,50000,0.1,0.1
-0.13392,0.036587,sumher,98,50000,0.1,0.1
-0.085977,0.039281,sumher,99,50000,0.1,0.1
-0.491015,0.091421,sumher,0,2000,0.1,0.01
15.683544,0.1951,sumher,1,2000,0.1,0.01
4.946701,0.132006,sumher,2,2000,0.1,0.01
12.464518,0.176851,sumher,3,2000,0.1,0.01
3.327929,0.121033,sumher,4,2000,0.1,0.01
0.319343,0.099067,sumher,5,2000,0.1,0.01
2.432182,0.114906,sumher,6,2000,0.1,0.01
-0.54865,0.092501,sumher,7,2000,0.1,0.01
-0.302888,0.093631,sumher,8,2000,0.1,0.01
0.527668,0.100659,sumher,9,2000,0.1,0.01
0.051298,0.09731,sumher,10,2000,0.1,0.01
24.6874,0.244776,sumher,11,2000,0.1,0.01
5.282978,0.133838,sumher,12,2000,0.1,0.01
0.243374,0.098869,sumher,13,2000,0.1,0.01
-0.195822,0.09491,sumher,14,2000,0.1,0.01
63.291819,0.443548,sumher,15,2000,0.1,0.01
7.621582,0.148556,sumher,16,2000,0.1,0.01
11.480203,0.171661,sumher,17,2000,0.1,0.01
-0.573801,0.091421,sumher,18,2000,0.1,0.01
11.98521,0.173985,sumher,19,2000,0.1,0.01
9.001557,0.156587,sumher,20,2000,0.1,0.01
5.039353,0.131745,sumher,21,2000,0.1,0.01
-0.676708,0.091204,sumher,22,2000,0.1,0.01
39.838293,0.324279,sumher,23,2000,0.1,0.01
1.029122,0.104698,sumher,24,2000,0.1,0.01
14.585658,0.189469,sumher,25,2000,0.1,0.01
25.88657,0.251136,sumher,26,2000,0.1,0.01
2.734089,0.116902,sumher,27,2000,0.1,0.01
12.343532,0.176034,sumher,28,2000,0.1,0.01
3.095402,0.119404,sumher,29,2000,0.1,0.01
0.687417,0.102176,sumher,30,2000,0.1,0.01
6.973594,0.144312,sumher,31,2000,0.1,0.01
1.736317,0.109651,sumher,32,2000,0.1,0.01
3.361472,0.121234,sumher,33,2000,0.1,0.01
109.478161,0.671993,sumher,34,2000,0.1,0.01
-0.480784,0.092958,sumher,35,2000,0.1,0.01
42.596592,0.338601,sumher,36,2000,0.1,0.01
0.338676,0.099358,sumher,37,2000,0.1,0.01
31.566913,0.281034,sumher,38,2000,0.1,0.01
5.241428,0.133206,sumher,39,2000,0.1,0.01
12.508541,0.177283,sumher,40,2000,0.1,0.01
31.052573,0.27843,sumher,41,2000,0.1,0.01
19.318759,0.215204,sumher,42,2000,0.1,0.01
0.89951,0.103478,sumher,43,2000,0.1,0.01
2.776749,0.117178,sumher,44,2000,0.1,0.01
13.328344,0.181913,sumher,45,2000,0.1,0.01
8.485737,0.153392,sumher,46,2000,0.1,0.01
32.697057,0.287252,sumher,47,2000,0.1,0.01
2.564147,0.115447,sumher,48,2000,0.1,0.01
32.878717,0.288042,sumher,49,2000,0.1,0.01
0.683693,0.101925,sumher,50,2000,0.1,0.01
8.552234,0.154051,sumher,51,2000,0.1,0.01
9.283996,0.15842,sumher,52,2000,0.1,0.01
-0.041757,0.096232,sumher,53,2000,0.1,0.01
11.817232,0.17284,sumher,54,2000,0.1,0.01
21.724054,0.22867,sumher,55,2000,0.1,0.01
-0.422166,0.092741,sumher,56,2000,0.1,0.01
22.182441,0.231125,sumher,57,2000,0.1,0.01
10.78603,0.166573,sumher,58,2000,0.1,0.01
2.13434,0.112323,sumher,59,2000,0.1,0.01
-0.352662,0.092887,sumher,60,2000,0.1,0.01
-0.563032,0.091458,sumher,61,2000,0.1,0.01
2.341846,0.114257,sumher,62,2000,0.1,0.01
0.586348,0.100753,sumher,63,2000,0.1,0.01
-0.54805,0.090836,sumher,64,2000,0.1,0.01
6.909519,0.143513,sumher,65,2000,0.1,0.01
5.072739,0.132117,sumher,66,2000,0.1,0.01
3.273057,0.120567,sumher,67,2000,0.1,0.01
-0.267211,0.094384,sumher,68,2000,0.1,0.01
7.147743,0.145247,sumher,69,2000,0.1,0.01
19.616663,0.217212,sumher,70,2000,0.1,0.01
37.344535,0.310966,sumher,71,2000,0.1,0.01
-0.173985,0.095184,sumher,72,2000,0.1,0.01
-0.372899,0.093058,sumher,73,2000,0.1,0.01
27.483976,0.259301,sumher,74,2000,0.1,0.01
28.546994,0.265213,sumher,75,2000,0.1,0.01
1.863827,0.110711,sumher,76,2000,0.1,0.01
0.888123,0.103613,sumher,77,2000,0.1,0.01
10.134481,0.163651,sumher,78,2000,0.1,0.01
9.585139,0.160061,sumher,79,2000,0.1,0.01
0.692553,0.101925,sumher,80,2000,0.1,0.01
-0.545235,0.09133,sumher,81,2000,0.1,0.01
-0.433783,0.091798,sumher,82,2000,0.1,0.01
1.934071,0.111516,sumher,83,2000,0.1,0.01
5.813685,0.137051,sumher,84,2000,0.1,0.01
9.003003,0.156741,sumher,85,2000,0.1,0.01
12.060821,0.174667,sumher,86,2000,0.1,0.01
2.260305,0.113602,sumher,87,2000,0.1,0.01
5.628285,0.136112,sumher,88,2000,0.1,0.01
7.197294,0.146085,sumher,89,2000,0.1,0.01
11.986947,0.174175,sumher,90,2000,0.1,0.01
1.949441,0.111407,sumher,91,2000,0.1,0.01
86.090812,0.556826,sumher,92,2000,0.1,0.01
18.479997,0.210815,sumher,93,2000,0.1,0.01
-0.389974,0.091753,sumher,94,2000,0.1,0.01
0.278945,0.098515,sumher,95,2000,0.1,0.01
13.970878,0.185726,sumher,96,2000,0.1,0.01
8.871041,0.15577,sumher,97,2000,0.1,0.01
6.826765,0.143821,sumher,98,2000,0.1,0.01
-0.199084,0.094457,sumher,99,2000,0.1,0.01
-0.148975,0.049658,sumher,0,20000,0.1,0.01
4.649891,0.112671,sumher,1,20000,0.1,0.01
1.48472,0.077001,sumher,2,20000,0.1,0.01
3.706443,0.102783,sumher,3,20000,0.1,0.01
0.986279,0.069404,sumher,4,20000,0.1,0.01
0.095367,0.0546,sumher,5,20000,0.1,0.01
0.730601,0.065819,sumher,6,20000,0.1,0.01
-0.165505,0.049884,sumher,7,20000,0.1,0.01
-0.090297,0.050648,sumher,8,20000,0.1,0.01
0.155692,0.055442,sumher,9,20000,0.1,0.01
0.015346,0.053302,sumher,10,20000,0.1,0.01
7.260774,0.13812,sumher,11,20000,0.1,0.01
1.577353,0.077859,sumher,12,20000,0.1,0.01
0.072723,0.054413,sumher,13,20000,0.1,0.01
-0.058145,0.051407,sumher,14,20000,0.1,0.01
18.035546,0.228239,sumher,15,20000,0.1,0.01
2.271718,0.08685,sumher,16,20000,0.1,0.01
3.470153,0.101077,sumher,17,20000,0.1,0.01
-0.16961,0.048797,sumher,18,20000,0.1,0.01
3.573842,0.101419,sumher,19,20000,0.1,0.01
2.668122,0.09123,sumher,20,20000,0.1,0.01
1.507295,0.076534,sumher,21,20000,0.1,0.01
-0.201739,0.048648,sumher,22,20000,0.1,0.01
11.557176,0.175779,sumher,23,20000,0.1,0.01
0.305404,0.058444,sumher,24,20000,0.1,0.01
4.374742,0.110577,sumher,25,20000,0.1,0.01
7.614114,0.14155,sumher,26,20000,0.1,0.01
0.813506,0.06687,sumher,27,20000,0.1,0.01
3.648265,0.101946,sumher,28,20000,0.1,0.01
0.915621,0.068248,sumher,29,20000,0.1,0.01
0.209427,0.057425,sumher,30,20000,0.1,0.01
2.074509,0.084022,sumher,31,20000,0.1,0.01
0.530194,0.062852,sumher,32,20000,0.1,0.01
1.01566,0.070271,sumher,33,20000,0.1,0.01
30.131214,0.318288,sumher,34,20000,0.1,0.01
-0.144509,0.050146,sumher,35,20000,0.1,0.01
12.298439,0.182027,sumher,36,20000,0.1,0.01
0.100048,0.054495,sumher,37,20000,0.1,0.01
9.23309,0.155677,sumher,38,20000,0.1,0.01
1.563754,0.077399,sumher,39,20000,0.1,0.01
3.763782,0.103944,sumher,40,20000,0.1,0.01
9.128689,0.155118,sumher,41,20000,0.1,0.01
5.681607,0.122786,sumher,42,20000,0.1,0.01
0.264813,0.057341,sumher,43,20000,0.1,0.01
0.826996,0.067056,sumher,44,20000,0.1,0.01
3.965709,0.105848,sumher,45,20000,0.1,0.01
2.512357,0.089225,sumher,46,20000,0.1,0.01
9.498617,0.15822,sumher,47,20000,0.1,0.01
0.770871,0.066195,sumher,48,20000,0.1,0.01
9.615332,0.159298,sumher,49,20000,0.1,0.01
0.204114,0.056658,sumher,50,20000,0.1,0.01
2.559828,0.09005,sumher,51,20000,0.1,0.01
2.754402,0.092247,sumher,52,20000,0.1,0.01
-0.012436,0.05246,sumher,53,20000,0.1,0.01
3.492784,0.100232,sumher,54,20000,0.1,0.01
6.403021,0.130335,sumher,55,20000,0.1,0.01
-0.128184,0.0504,sumher,56,20000,0.1,0.01
6.568977,0.131871,sumher,57,20000,0.1,0.01
3.176534,0.096339,sumher,58,20000,0.1,0.01
0.635393,0.063799,sumher,59,20000,0.1,0.01
-0.104569,0.050052,sumher,60,20000,0.1,0.01
-0.170572,0.049423,sumher,61,20000,0.1,0.01
0.691226,0.064762,sumher,62,20000,0.1,0.01
0.173187,0.055555,sumher,63,20000,0.1,0.01
-0.165845,0.049119,sumher,64,20000,0.1,0.01
2.047287,0.083378,sumher,65,20000,0.1,0.01
1.522928,0.077095,sumher,66,20000,0.1,0.01
0.977674,0.069359,sumher,67,20000,0.1,0.01
-0.081358,0.051647,sumher,68,20000,0.1,0.01
2.114526,0.084311,sumher,69,20000,0.1,0.01
5.857779,0.125268,sumher,70,20000,0.1,0.01
10.858153,0.169621,sumher,71,20000,0.1,0.01
-0.051448,0.051495,sumher,72,20000,0.1,0.01
-0.110305,0.050026,sumher,73,20000,0.1,0.01
8.051744,0.14507,sumher,74,20000,0.1,0.01
8.357747,0.14791,sumher,75,20000,0.1,0.01
0.55691,0.062798,sumher,76,20000,0.1,0.01
0.262412,0.057533,sumher,77,20000,0.1,0.01
3.030712,0.095783,sumher,78,20000,0.1,0.01
2.862992,0.093485,sumher,79,20000,0.1,0.01
0.20864,0.056925,sumher,80,20000,0.1,0.01
-0.164849,0.049354,sumher,81,20000,0.1,0.01
-0.132144,0.049975,sumher,82,20000,0.1,0.01
0.57622,0.063247,sumher,83,20000,0.1,0.01
1.744833,0.080121,sumher,84,20000,0.1,0.01
2.695143,0.091763,sumher,85,20000,0.1,0.01
3.573618,0.101356,sumher,86,20000,0.1,0.01
0.682689,0.065153,sumher,87,20000,0.1,0.01
1.690561,0.079443,sumher,88,20000,0.1,0.01
2.166217,0.085753,sumher,89,20000,0.1,0.01
3.607143,0.102117,sumher,90,20000,0.1,0.01
0.582195,0.063267,sumher,91,20000,0.1,0.01
24.096162,0.274166,sumher,92,20000,0.1,0.01
5.497812,0.121574,sumher,93,20000,0.1,0.01
-0.115884,0.049494,sumher,94,20000,0.1,0.01
0.084511,0.054642,sumher,95,20000,0.1,0.01
4.17989,0.108288,sumher,96,20000,0.1,0.01
2.644309,0.090988,sumher,97,20000,0.1,0.01
2.051278,0.084283,sumher,98,20000,0.1,0.01
-0.059476,0.051308,sumher,99,20000,0.1,0.01
-0.092009,0.038785,sumher,0,50000,0.1,0.01
3.070741,0.094565,sumher,1,50000,0.1,0.01
0.949555,0.063018,sumher,2,50000,0.1,0.01
2.419669,0.085659,sumher,3,50000,0.1,0.01
0.62643,0.056377,sumher,4,50000,0.1,0.01
0.059058,0.043103,sumher,5,50000,0.1,0.01
0.460917,0.053132,sumher,6,50000,0.1,0.01
-0.101854,0.038851,sumher,7,50000,0.1,0.01
-0.055822,0.039687,sumher,8,50000,0.1,0.01
0.097256,0.044027,sumher,9,50000,0.1,0.01
0.009509,0.041968,sumher,10,50000,0.1,0.01
4.827835,0.116323,sumher,11,50000,0.1,0.01
1.00754,0.063727,sumher,12,50000,0.1,0.01
0.045276,0.043038,sumher,13,50000,0.1,0.01
-0.035983,0.040355,sumher,14,50000,0.1,0.01
12.027033,0.190219,sumher,15,50000,0.1,0.01
1.458007,0.071583,sumher,16,50000,0.1,0.01
2.265147,0.084301,sumher,17,50000,0.1,0.01
-0.103817,0.037922,sumher,18,50000,0.1,0.01
2.336962,0.084587,sumher,19,50000,0.1,0.01
1.724966,0.075546,sumher,20,50000,0.1,0.01
0.966628,0.062725,sumher,21,50000,0.1,0.01
-0.123545,0.037744,sumher,22,50000,0.1,0.01
7.671174,0.147284,sumher,23,50000,0.1,0.01
0.189365,0.046408,sumher,24,50000,0.1,0.01
2.86453,0.092461,sumher,25,50000,0.1,0.01
5.038891,0.119031,sumher,26,50000,0.1,0.01
0.515047,0.054118,sumher,27,50000,0.1,0.01
2.372397,0.084779,sumher,28,50000,0.1,0.01
0.581414,0.055361,sumher,29,50000,0.1,0.01
0.131607,0.045815,sumher,30,50000,0.1,0.01
1.330286,0.069085,sumher,31,50000,0.1,0.01
0.333743,0.05052,sumher,32,50000,0.1,0.01
0.653012,0.057475,sumher,33,50000,0.1,0.01
20.036841,0.260806,sumher,34,50000,0.1,0.01
-0.089216,0.039169,sumher,35,50000,0.1,0.01
8.183987,0.152578,sumher,36,50000,0.1,0.01
0.062276,0.043133,sumher,37,50000,0.1,0.01
6.130257,0.130751,sumher,38,50000,0.1,0.01
1.004018,0.063504,sumher,39,50000,0.1,0.01
2.449514,0.086571,sumher,40,50000,0.1,0.01
6.040971,0.13015,sumher,41,50000,0.1,0.01
3.729938,0.102735,sumher,42,50000,0.1,0.01
0.163941,0.045452,sumher,43,50000,0.1,0.01
0.525115,0.054347,sumher,44,50000,0.1,0.01
2.577247,0.088066,sumher,45,50000,0.1,0.01
1.616201,0.073561,sumher,46,50000,0.1,0.01
6.283587,0.13264,sumher,47,50000,0.1,0.01
0.489139,0.053599,sumher,48,50000,0.1,0.01
6.352342,0.133475,sumher,49,50000,0.1,0.01
0.126702,0.044911,sumher,50,50000,0.1,0.01
1.662575,0.074641,sumher,51,50000,0.1,0.01
1.788708,0.07653,sumher,52,50000,0.1,0.01
-0.007686,0.041224,sumher,53,50000,0.1,0.01
2.275327,0.083381,sumher,54,50000,0.1,0.01
4.212643,0.109278,sumher,55,50000,0.1,0.01
-0.079533,0.039489,sumher,56,50000,0.1,0.01
4.323047,0.110502,sumher,57,50000,0.1,0.01
2.043944,0.07953,sumher,58,50000,0.1,0.01
0.401211,0.051437,sumher,59,50000,0.1,0.01
-0.06443,0.039134,sumher,60,50000,0.1,0.01
-0.104543,0.038405,sumher,61,50000,0.1,0.01
0.433609,0.052075,sumher,62,50000,0.1,0.01
0.108323,0.04416,sumher,63,50000,0.1,0.01
-0.102372,0.038322,sumher,64,50000,0.1,0.01
1.31828,0.068697,sumher,65,50000,0.1,0.01
0.977625,0.063302,sumher,66,50000,0.1,0.01
0.62436,0.056488,sumher,67,50000,0.1,0.01
-0.050006,0.040363,sumher,68,50000,0.1,0.01
1.359627,0.06942,sumher,69,50000,0.1,0.01
3.887265,0.105558,sumher,70,50000,0.1,0.01
7.211159,0.1423,sumher,71,50000,0.1,0.01
-0.031964,0.040515,sumher,72,50000,0.1,0.01
-0.068446,0.039242,sumher,73,50000,0.1,0.01
5.322479,0.121682,sumher,74,50000,0.1,0.01
5.521936,0.124064,sumher,75,50000,0.1,0.01
0.348052,0.05031,sumher,76,50000,0.1,0.01
0.164794,0.045928,sumher,77,50000,0.1,0.01
1.972781,0.079645,sumher,78,50000,0.1,0.01
1.84348,0.077233,sumher,79,50000,0.1,0.01
0.129835,0.045195,sumher,80,50000,0.1,0.01
-0.10164,0.038494,sumher,81,50000,0.1,0.01
-0.08198,0.039146,sumher,82,50000,0.1,0.01
0.360591,0.050722,sumher,83,50000,0.1,0.01
1.126377,0.065999,sumher,84,50000,0.1,0.01
1.753167,0.07624,sumher,85,50000,0.1,0.01
2.326057,0.084329,sumher,86,50000,0.1,0.01
0.429934,0.05251,sumher,87,50000,0.1,0.01
1.094369,0.065489,sumher,88,50000,0.1,0.01
1.397427,0.070795,sumher,89,50000,0.1,0.01
2.353311,0.085133,sumher,90,50000,0.1,0.01
0.364623,0.050764,sumher,91,50000,0.1,0.01
16.049612,0.226601,sumher,92,50000,0.1,0.01
3.608826,0.10181,sumher,93,50000,0.1,0.01
-0.071154,0.038612,sumher,94,50000,0.1,0.01
0.052377,0.043137,sumher,95,50000,0.1,0.01
2.748031,0.090728,sumher,96,50000,0.1,0.01
1.714075,0.075358,sumher,97,50000,0.1,0.01
1.31368,0.069239,sumher,98,50000,0.1,0.01
-0.036535,0.040123,sumher,99,50000,0.1,0.01
9.5879,0.160598,sumher,0,2000,0.25,1.0
1.50734,0.107957,sumher,1,2000,0.25,1.0
57.546096,0.414306,sumher,2,2000,0.25,1.0
1.30454,0.106893,sumher,3,2000,0.25,1.0
0.398656,0.100003,sumher,4,2000,0.25,1.0
2.903017,0.118036,sumher,5,2000,0.25,1.0
-0.24978,0.094432,sumher,6,2000,0.25,1.0
49.610646,0.374379,sumher,7,2000,0.25,1.0
15.508352,0.194338,sumher,8,2000,0.25,1.0
20.004399,0.219398,sumher,9,2000,0.25,1.0
20.571596,0.22242,sumher,10,2000,0.25,1.0
37.269211,0.310992,sumher,11,2000,0.25,1.0
-0.284555,0.093591,sumher,12,2000,0.25,1.0
13.606809,0.183367,sumher,13,2000,0.25,1.0
8.416318,0.15326,sumher,14,2000,0.25,1.0
-0.163252,0.095473,sumher,15,2000,0.25,1.0
5.503732,0.135543,sumher,16,2000,0.25,1.0
0.311142,0.098873,sumher,17,2000,0.25,1.0
1.884364,0.111064,sumher,18,2000,0.25,1.0
36.166418,0.305572,sumher,19,2000,0.25,1.0
54.535063,0.399499,sumher,20,2000,0.25,1.0
77.658447,0.514762,sumher,21,2000,0.25,1.0
44.791786,0.349733,sumher,22,2000,0.25,1.0
3.207204,0.119648,sumher,23,2000,0.25,1.0
-0.181543,0.094508,sumher,24,2000,0.25,1.0
-0.532206,0.09242,sumher,25,2000,0.25,1.0
106.815405,0.659437,sumher,26,2000,0.25,1.0
4.162375,0.126462,sumher,27,2000,0.25,1.0
27.771271,0.261121,sumher,28,2000,0.25,1.0
17.346656,0.204764,sumher,29,2000,0.25,1.0
-0.437601,0.092303,sumher,30,2000,0.25,1.0
0.193437,0.097576,sumher,31,2000,0.25,1.0
5.389573,0.134369,sumher,32,2000,0.25,1.0
0.034954,0.097124,sumher,33,2000,0.25,1.0
6.588999,0.142259,sumher,34,2000,0.25,1.0
23.176731,0.236497,sumher,35,2000,0.25,1.0
-0.235866,0.093948,sumher,36,2000,0.25,1.0
6.885181,0.144095,sumher,37,2000,0.25,1.0
66.793185,0.461552,sumher,38,2000,0.25,1.0
54.996964,0.401561,sumher,39,2000,0.25,1.0
0.883914,0.103485,sumher,40,2000,0.25,1.0
9.387589,0.159055,sumher,41,2000,0.25,1.0
5.953391,0.138004,sumher,42,2000,0.25,1.0
4.858533,0.130912,sumher,43,2000,0.25,1.0
3.944582,0.124758,sumher,44,2000,0.25,1.0
-0.472477,0.091884,sumher,45,2000,0.25,1.0
11.130441,0.169142,sumher,46,2000,0.25,1.0
36.030753,0.304654,sumher,47,2000,0.25,1.0
38.741771,0.31861,sumher,48,2000,0.25,1.0
189.912403,1.064471,sumher,49,2000,0.25,1.0
67.802144,0.465892,sumher,50,2000,0.25,1.0
30.972087,0.278505,sumher,51,2000,0.25,1.0
17.4117,0.2046,sumher,52,2000,0.25,1.0
26.497397,0.254423,sumher,53,2000,0.25,1.0
8.286659,0.152644,sumher,54,2000,0.25,1.0
21.931691,0.229807,sumher,55,2000,0.25,1.0
1.491108,0.10781,sumher,56,2000,0.25,1.0
26.890613,0.256505,sumher,57,2000,0.25,1.0
0.609858,0.101647,sumher,58,2000,0.25,1.0
40.111187,0.32563,sumher,59,2000,0.25,1.0
11.455277,0.171208,sumher,60,2000,0.25,1.0
-0.158966,0.095444,sumher,61,2000,0.25,1.0
0.113762,0.097697,sumher,62,2000,0.25,1.0
0.561908,0.101389,sumher,63,2000,0.25,1.0
90.115913,0.577182,sumher,64,2000,0.25,1.0
6.82553,0.143333,sumher,65,2000,0.25,1.0
-0.193315,0.095935,sumher,66,2000,0.25,1.0
47.525446,0.363647,sumher,67,2000,0.25,1.0
13.599962,0.183543,sumher,68,2000,0.25,1.0
35.408334,0.30163,sumher,69,2000,0.25,1.0
7.328054,0.147011,sumher,70,2000,0.25,1.0
15.933995,0.197052,sumher,71,2000,0.25,1.0
0.599316,0.102374,sumher,72,2000,0.25,1.0
130.911395,0.777026,sumher,73,2000,0.25,1.0
39.719947,0.324018,sumher,74,2000,0.25,1.0
27.887226,0.262009,sumher,75,2000,0.25,1.0
2.947092,0.118361,sumher,76,2000,0.25,1.0
17.223957,0.204231,sumher,77,2000,0.25,1.0
6.927991,0.144103,sumher,78,2000,0.25,1.0
108.844587,0.669058,sumher,79,2000,0.25,1.0
3.656726,0.122494,sumher,80,2000,0.25,1.0
7.826717,0.149564,sumher,81,2000,0.25,1.0
5.088672,0.132635,sumher,82,2000,0.25,1.0
2.036759,0.111817,sumher,83,2000,0.25,1.0
0.027754,0.096584,sumher,84,2000,0.25,1.0
6.936854,0.144076,sumher,85,2000,0.25,1.0
78.778146,0.520531,sumher,86,2000,0.25,1.0
7.413416,0.14679,sumher,87,2000,0.25,1.0
-0.424298,0.09364,sumher,88,2000,0.25,1.0
10.31256,0.164906,sumher,89,2000,0.25,1.0
60.507222,0.429609,sumher,90,2000,0.25,1.0
68.426186,0.468751,sumher,91,2000,0.25,1.0
3.567897,0.122275,sumher,92,2000,0.25,1.0
1.240728,0.105572,sumher,93,2000,0.25,1.0
3.263418,0.120706,sumher,94,2000,0.25,1.0
0.618461,0.102055,sumher,95,2000,0.25,1.0
10.405843,0.165134,sumher,96,2000,0.25,1.0
5.91047,0.13761,sumher,97,2000,0.25,1.0
47.484763,0.363584,sumher,98,2000,0.25,1.0
6.475935,0.141054,sumher,99,2000,0.25,1.0
2.915327,0.09503,sumher,0,20000,0.25,1.0
0.447059,0.060736,sumher,1,20000,0.25,1.0
16.407132,0.215016,sumher,2,20000,0.25,1.0
0.393432,0.060465,sumher,3,20000,0.25,1.0
0.118518,0.055113,sumher,4,20000,0.25,1.0
0.867894,0.067657,sumher,5,20000,0.25,1.0
-0.073023,0.050679,sumher,6,20000,0.25,1.0
14.291723,0.19844,sumher,7,20000,0.25,1.0
4.631416,0.112953,sumher,8,20000,0.25,1.0
5.945129,0.12604,sumher,9,20000,0.25,1.0
6.082435,0.127217,sumher,10,20000,0.25,1.0
10.916663,0.170717,sumher,11,20000,0.25,1.0
-0.087166,0.051336,sumher,12,20000,0.25,1.0
4.091777,0.107258,sumher,13,20000,0.25,1.0
2.529116,0.090041,sumher,14,20000,0.25,1.0
-0.048525,0.051793,sumher,15,20000,0.25,1.0
1.654231,0.079253,sumher,16,20000,0.25,1.0
0.094204,0.054857,sumher,17,20000,0.25,1.0
0.565774,0.063194,sumher,18,20000,0.25,1.0
10.593202,0.168274,sumher,19,20000,0.25,1.0
15.681684,0.2098,sumher,20,20000,0.25,1.0
21.895906,0.257525,sumher,21,20000,0.25,1.0
13.061442,0.188599,sumher,22,20000,0.25,1.0
0.967652,0.069184,sumher,23,20000,0.25,1.0
-0.054742,0.051627,sumher,24,20000,0.25,1.0
-0.156978,0.049315,sumher,25,20000,0.25,1.0
29.598688,0.315119,sumher,26,20000,0.25,1.0
1.248214,0.073356,sumher,27,20000,0.25,1.0
8.154813,0.14629,sumher,28,20000,0.25,1.0
5.143447,0.118043,sumher,29,20000,0.25,1.0
-0.132612,0.050089,sumher,30,20000,0.25,1.0
0.058274,0.053838,sumher,31,20000,0.25,1.0
1.627187,0.07866,sumher,32,20000,0.25,1.0
0.010533,0.053366,sumher,33,20000,0.25,1.0
1.987064,0.083579,sumher,34,20000,0.25,1.0
6.85011,0.134487,sumher,35,20000,0.25,1.0
-0.070425,0.050976,sumher,36,20000,0.25,1.0
2.074336,0.084663,sumher,37,20000,0.25,1.0
19.091457,0.23684,sumher,38,20000,0.25,1.0
15.689203,0.209594,sumher,39,20000,0.25,1.0
0.262153,0.05754,sumher,40,20000,0.25,1.0
2.82685,0.093589,sumher,41,20000,0.25,1.0
1.790133,0.080781,sumher,42,20000,0.25,1.0
1.469518,0.076577,sumher,43,20000,0.25,1.0
1.183143,0.072271,sumher,44,20000,0.25,1.0
-0.142127,0.049653,sumher,45,20000,0.25,1.0
3.297886,0.098359,sumher,46,20000,0.25,1.0
10.507836,0.167179,sumher,47,20000,0.25,1.0
11.246554,0.173247,sumher,48,20000,0.25,1.0
50.487649,0.462729,sumher,49,20000,0.25,1.0
19.209439,0.237084,sumher,50,20000,0.25,1.0
9.168696,0.155895,sumher,51,20000,0.25,1.0
5.141285,0.117504,sumher,52,20000,0.25,1.0
7.81501,0.143392,sumher,53,20000,0.25,1.0
2.506502,0.090008,sumher,54,20000,0.25,1.0
6.496027,0.131179,sumher,55,20000,0.25,1.0
0.446811,0.0609,sumher,56,20000,0.25,1.0
7.966309,0.145061,sumher,57,20000,0.25,1.0
0.182148,0.056454,sumher,58,20000,0.25,1.0
11.697943,0.177344,sumher,59,20000,0.25,1.0
3.459627,0.100728,sumher,60,20000,0.25,1.0
-0.048085,0.052249,sumher,61,20000,0.25,1.0
0.034434,0.05393,sumher,62,20000,0.25,1.0
0.17388,0.057268,sumher,63,20000,0.25,1.0
25.170308,0.282548,sumher,64,20000,0.25,1.0
2.040446,0.083556,sumher,65,20000,0.25,1.0
-0.058073,0.052267,sumher,66,20000,0.25,1.0
13.664598,0.193168,sumher,67,20000,0.25,1.0
4.038713,0.106683,sumher,68,20000,0.25,1.0
10.348678,0.166033,sumher,69,20000,0.25,1.0
2.217835,0.086601,sumher,70,20000,0.25,1.0
4.752157,0.114454,sumher,71,20000,0.25,1.0
0.182824,0.057462,sumher,72,20000,0.25,1.0
35.537106,0.357311,sumher,73,20000,0.25,1.0
11.616449,0.176855,sumher,74,20000,0.25,1.0
8.237747,0.147512,sumher,75,20000,0.25,1.0
0.886614,0.068263,sumher,76,20000,0.25,1.0
5.120263,0.118018,sumher,77,20000,0.25,1.0
2.10073,0.084956,sumher,78,20000,0.25,1.0
30.042394,0.318003,sumher,79,20000,0.25,1.0
1.099527,0.070913,sumher,80,20000,0.25,1.0
2.353621,0.087822,sumher,81,20000,0.25,1.0
1.530745,0.077407,sumher,82,20000,0.25,1.0
0.610791,0.063658,sumher,83,20000,0.25,1.0
0.00829,0.052831,sumher,84,20000,0.25,1.0
2.074258,0.084096,sumher,85,20000,0.25,1.0
22.035831,0.258209,sumher,86,20000,0.25,1.0
2.19215,0.085228,sumher,87,20000,0.25,1.0
-0.127,0.050518,sumher,88,20000,0.25,1.0
3.094145,0.096771,sumher,89,20000,0.25,1.0
17.246227,0.222082,sumher,90,20000,0.25,1.0
19.403907,0.23833,sumher,91,20000,0.25,1.0
1.073384,0.070711,sumher,92,20000,0.25,1.0
0.375768,0.059695,sumher,93,20000,0.25,1.0
0.988082,0.070051,sumher,94,20000,0.25,1.0
0.186634,0.056984,sumher,95,20000,0.25,1.0
3.1514,0.097445,sumher,96,20000,0.25,1.0
1.784611,0.080672,sumher,97,20000,0.25,1.0
13.743766,0.194238,sumher,98,20000,0.25,1.0
1.940232,0.082444,sumher,99,20000,0.25,1.0
1.908331,0.079324,sumher,0,50000,0.25,1.0
0.278905,0.048535,sumher,1,50000,0.25,1.0
10.94777,0.179595,sumher,2,50000,0.25,1.0
0.249136,0.048617,sumher,3,50000,0.25,1.0
0.072938,0.043398,sumher,4,50000,0.25,1.0
0.549731,0.054769,sumher,5,50000,0.25,1.0
-0.044923,0.039646,sumher,6,50000,0.25,1.0
9.510095,0.166015,sumher,7,50000,0.25,1.0
3.044372,0.09464,sumher,8,50000,0.25,1.0
3.908168,0.105582,sumher,9,50000,0.25,1.0
4.017034,0.106929,sumher,10,50000,0.25,1.0
7.294319,0.14384,sumher,11,50000,0.25,1.0
-0.054369,0.040403,sumher,12,50000,0.25,1.0
2.68545,0.0898,sumher,13,50000,0.25,1.0
1.636615,0.074583,sumher,14,50000,0.25,1.0
-0.030006,0.040655,sumher,15,50000,0.25,1.0
1.057246,0.064912,sumher,16,50000,0.25,1.0
0.059306,0.043662,sumher,17,50000,0.25,1.0
0.358594,0.050998,sumher,18,50000,0.25,1.0
7.042447,0.141416,sumher,19,50000,0.25,1.0
10.446781,0.175333,sumher,20,50000,0.25,1.0
14.596455,0.213599,sumher,21,50000,0.25,1.0
8.750823,0.158698,sumher,22,50000,0.25,1.0
0.620169,0.056429,sumher,23,50000,0.25,1.0
-0.033967,0.040576,sumher,24,50000,0.25,1.0
-0.09636,0.038393,sumher,25,50000,0.25,1.0
19.80555,0.259668,sumher,26,50000,0.25,1.0
0.795231,0.059824,sumher,27,50000,0.25,1.0
5.395014,0.122806,sumher,28,50000,0.25,1.0
3.374805,0.09879,sumher,29,50000,0.25,1.0
-0.081859,0.039129,sumher,30,50000,0.25,1.0
0.036562,0.042733,sumher,31,50000,0.25,1.0
1.046436,0.064642,sumher,32,50000,0.25,1.0
0.006518,0.041996,sumher,33,50000,0.25,1.0
1.278082,0.068849,sumher,34,50000,0.25,1.0
4.518374,0.112838,sumher,35,50000,0.25,1.0
-0.043165,0.039804,sumher,36,50000,0.25,1.0
1.336692,0.069844,sumher,37,50000,0.25,1.0
12.797326,0.197851,sumher,38,50000,0.25,1.0
10.438841,0.175039,sumher,39,50000,0.25,1.0
0.164314,0.045891,sumher,40,50000,0.25,1.0
1.830287,0.077628,sumher,41,50000,0.25,1.0
1.152607,0.066524,sumher,42,50000,0.25,1.0
0.941634,0.062737,sumher,43,50000,0.25,1.0
0.753016,0.058881,sumher,44,50000,0.25,1.0
-0.087134,0.038646,sumher,45,50000,0.25,1.0
2.147791,0.081843,sumher,46,50000,0.25,1.0
6.995682,0.140614,sumher,47,50000,0.25,1.0
7.450322,0.145069,sumher,48,50000,0.25,1.0
33.379978,0.37071,sumher,49,50000,0.25,1.0
12.804121,0.197324,sumher,50,50000,0.25,1.0
6.116305,0.131446,sumher,51,50000,0.25,1.0
3.341418,0.097849,sumher,52,50000,0.25,1.0
5.174532,0.120544,sumher,53,50000,0.25,1.0
1.628381,0.074686,sumher,54,50000,0.25,1.0
4.263935,0.109798,sumher,55,50000,0.25,1.0
0.282923,0.049008,sumher,56,50000,0.25,1.0
5.266362,0.121924,sumher,57,50000,0.25,1.0
0.11544,0.045186,sumher,58,50000,0.25,1.0
7.77658,0.148879,sumher,59,50000,0.25,1.0
2.261239,0.084005,sumher,60,50000,0.25,1.0
-0.029803,0.041053,sumher,61,50000,0.25,1.0
0.021375,0.04255,sumher,62,50000,0.25,1.0
0.109157,0.045629,sumher,63,50000,0.25,1.0
16.828519,0.233849,sumher,64,50000,0.25,1.0
1.31751,0.068889,sumher,65,50000,0.25,1.0
-0.035776,0.040939,sumher,66,50000,0.25,1.0
9.117317,0.161961,sumher,67,50000,0.25,1.0
2.636862,0.089076,sumher,68,50000,0.25,1.0
6.876719,0.139478,sumher,69,50000,0.25,1.0
1.449158,0.072057,sumher,70,50000,0.25,1.0
3.116519,0.095845,sumher,71,50000,0.25,1.0
0.114717,0.045769,sumher,72,50000,0.25,1.0
23.583973,0.290816,sumher,73,50000,0.25,1.0
7.745533,0.148686,sumher,74,50000,0.25,1.0
5.482434,0.124372,sumher,75,50000,0.25,1.0
0.56384,0.055458,sumher,76,50000,0.25,1.0
3.357135,0.098739,sumher,77,50000,0.25,1.0
1.367826,0.07051,sumher,78,50000,0.25,1.0
20.066087,0.261554,sumher,79,50000,0.25,1.0
0.695745,0.057548,sumher,80,50000,0.25,1.0
1.521354,0.07262,sumher,81,50000,0.25,1.0
0.98437,0.063562,sumher,82,50000,0.25,1.0
0.386005,0.05133,sumher,83,50000,0.25,1.0
0.005165,0.041709,sumher,84,50000,0.25,1.0
1.33835,0.069385,sumher,85,50000,0.25,1.0
14.656893,0.213625,sumher,86,50000,0.25,1.0
1.409961,0.070213,sumher,87,50000,0.25,1.0
-0.078215,0.039444,sumher,88,50000,0.25,1.0
2.027794,0.08082,sumher,89,50000,0.25,1.0
11.466498,0.18501,sumher,90,50000,0.25,1.0
12.951648,0.19839,sumher,91,50000,0.25,1.0
0.683676,0.057573,sumher,92,50000,0.25,1.0
0.237105,0.047906,sumher,93,50000,0.25,1.0
0.626129,0.056838,sumher,94,50000,0.25,1.0
0.116992,0.045377,sumher,95,50000,0.25,1.0
2.056359,0.081235,sumher,96,50000,0.25,1.0
1.142717,0.066227,sumher,97,50000,0.25,1.0
9.143893,0.162702,sumher,98,50000,0.25,1.0
1.247935,0.067834,sumher,99,50000,0.25,1.0
4.691437,0.12967,sumher,0,2000,0.25,0.1
32.012268,0.283653,sumher,1,2000,0.25,0.1
38.743008,0.318775,sumher,2,2000,0.25,0.1
26.666385,0.255224,sumher,3,2000,0.25,0.1
61.199677,0.432867,sumher,4,2000,0.25,0.1
29.058215,0.268239,sumher,5,2000,0.25,0.1
-0.149972,0.095259,sumher,6,2000,0.25,0.1
35.104371,0.299734,sumher,7,2000,0.25,0.1
0.318751,0.099945,sumher,8,2000,0.25,0.1
18.994717,0.213759,sumher,9,2000,0.25,0.1
6.812002,0.143729,sumher,10,2000,0.25,0.1
2.877389,0.118253,sumher,11,2000,0.25,0.1
55.85491,0.406047,sumher,12,2000,0.25,0.1
17.984207,0.208063,sumher,13,2000,0.25,0.1
17.496778,0.20543,sumher,14,2000,0.25,0.1
30.952744,0.277978,sumher,15,2000,0.25,0.1
80.3692,0.528747,sumher,16,2000,0.25,0.1
89.39068,0.573088,sumher,17,2000,0.25,0.1
34.163543,0.294761,sumher,18,2000,0.25,0.1
5.033705,0.132286,sumher,19,2000,0.25,0.1
3.927271,0.125052,sumher,20,2000,0.25,0.1
1.597903,0.109055,sumher,21,2000,0.25,0.1
40.0878,0.325535,sumher,22,2000,0.25,0.1
12.024413,0.174627,sumher,23,2000,0.25,0.1
13.740998,0.184144,sumher,24,2000,0.25,0.1
34.155205,0.295046,sumher,25,2000,0.25,0.1
13.24201,0.181503,sumher,26,2000,0.25,0.1
56.85068,0.411104,sumher,27,2000,0.25,0.1
8.182358,0.151694,sumher,28,2000,0.25,0.1
44.7115,0.349661,sumher,29,2000,0.25,0.1
133.620037,0.790386,sumher,30,2000,0.25,0.1
72.934498,0.491612,sumher,31,2000,0.25,0.1
23.166429,0.236532,sumher,32,2000,0.25,0.1
25.509048,0.248987,sumher,33,2000,0.25,0.1
34.711541,0.297807,sumher,34,2000,0.25,0.1
33.751185,0.292483,sumher,35,2000,0.25,0.1
1.493661,0.108419,sumher,36,2000,0.25,0.1
43.356381,0.342447,sumher,37,2000,0.25,0.1
2.937339,0.118187,sumher,38,2000,0.25,0.1
9.177154,0.157598,sumher,39,2000,0.25,0.1
92.422609,0.588028,sumher,40,2000,0.25,0.1
-0.238753,0.094973,sumher,41,2000,0.25,0.1
70.891866,0.481557,sumher,42,2000,0.25,0.1
-0.357226,0.093766,sumher,43,2000,0.25,0.1
45.609546,0.354199,sumher,44,2000,0.25,0.1
25.276168,0.248191,sumher,45,2000,0.25,0.1
5.617824,0.135925,sumher,46,2000,0.25,0.1
26.305688,0.253195,sumher,47,2000,0.25,0.1
9.110621,0.157593,sumher,48,2000,0.25,0.1
-0.47707,0.093014,sumher,49,2000,0.25,0.1
93.188633,0.591469,sumher,50,2000,0.25,0.1
50.56158,0.379426,sumher,51,2000,0.25,0.1
32.720667,0.287565,sumher,52,2000,0.25,0.1
43.760495,0.344647,sumher,53,2000,0.25,0.1
43.749517,0.344107,sumher,54,2000,0.25,0.1
173.309476,0.983745,sumher,55,2000,0.25,0.1
22.320274,0.231761,sumher,56,2000,0.25,0.1
107.4388,0.661638,sumher,57,2000,0.25,0.1
74.317068,0.498599,sumher,58,2000,0.25,0.1
-0.415407,0.092949,sumher,59,2000,0.25,0.1
6.412356,0.140977,sumher,60,2000,0.25,0.1
5.476251,0.134123,sumher,61,2000,0.25,0.1
5.354547,0.134326,sumher,62,2000,0.25,0.1
1.7473,0.110191,sumher,63,2000,0.25,0.1
78.493022,0.519186,sumher,64,2000,0.25,0.1
1.997138,0.111904,sumher,65,2000,0.25,0.1
0.02113,0.097062,sumher,66,2000,0.25,0.1
11.604023,0.17201,sumher,67,2000,0.25,0.1
2.990265,0.118397,sumher,68,2000,0.25,0.1
28.653822,0.265956,sumher,69,2000,0.25,0.1
30.637247,0.276117,sumher,70,2000,0.25,0.1
23.00217,0.235746,sumher,71,2000,0.25,0.1
1.864555,0.110886,sumher,72,2000,0.25,0.1
7.596031,0.147764,sumher,73,2000,0.25,0.1
1.905825,0.110975,sumher,74,2000,0.25,0.1
54.891347,0.400985,sumher,75,2000,0.25,0.1
35.012841,0.299392,sumher,76,2000,0.25,0.1
26.108937,0.252557,sumher,77,2000,0.25,0.1
14.513358,0.188724,sumher,78,2000,0.25,0.1
0.518319,0.100952,sumher,79,2000,0.25,0.1
20.103283,0.219667,sumher,80,2000,0.25,0.1
-0.461386,0.091024,sumher,81,2000,0.25,0.1
6.068497,0.138564,sumher,82,2000,0.25,0.1
-0.262956,0.094212,sumher,83,2000,0.25,0.1
0.079807,0.097493,sumher,84,2000,0.25,0.1
21.040619,0.224839,sumher,85,2000,0.25,0.1
1.255453,0.106352,sumher,86,2000,0.25,0.1
13.549047,0.182993,sumher,87,2000,0.25,0.1
6.320677,0.140007,sumher,88,2000,0.25,0.1
6.927483,0.144164,sumher,89,2000,0.25,0.1
2.640206,0.116534,sumher,90,2000,0.25,0.1
51.467127,0.383841,sumher,91,2000,0.25,0.1
14.498385,0.18878,sumher,92,2000,0.25,0.1
10.399366,0.165008,sumher,93,2000,0.25,0.1
62.974389,0.441724,sumher,94,2000,0.25,0.1
5.491676,0.135239,sumher,95,2000,0.25,0.1
3.647877,0.12352,sumher,96,2000,0.25,0.1
18.670334,0.211897,sumher,97,2000,0.25,0.1
1.339936,0.10662,sumher,98,2000,0.25,0.1
39.192418,0.321054,sumher,99,2000,0.25,0.1
1.404291,0.075365,sumher,0,20000,0.25,0.1
9.354808,0.157055,sumher,1,20000,0.25,0.1
11.264114,0.173511,sumher,2,20000,0.25,0.1
7.820355,0.14318,sumher,3,20000,0.25,0.1
17.518207,0.223938,sumher,4,20000,0.25,0.1
8.577432,0.150568,sumher,5,20000,0.25,0.1
-0.044904,0.05189,sumher,6,20000,0.25,0.1
10.2834,0.165045,sumher,7,20000,0.25,0.1
0.096321,0.055427,sumher,8,20000,0.25,0.1
5.655462,0.123282,sumher,9,20000,0.25,0.1
2.055324,0.084531,sumher,10,20000,0.25,0.1
0.859913,0.067916,sumher,11,20000,0.25,0.1
15.960923,0.211766,sumher,12,20000,0.25,0.1
5.329986,0.119778,sumher,13,20000,0.25,0.1
5.179917,0.118176,sumher,14,20000,0.25,0.1
9.093729,0.1547,sumher,15,20000,0.25,0.1
22.671662,0.263726,sumher,16,20000,0.25,0.1
24.96835,0.280269,sumher,17,20000,0.25,0.1
10.07561,0.163678,sumher,18,20000,0.25,0.1
1.507062,0.076945,sumher,19,20000,0.25,0.1
1.179645,0.072552,sumher,20,20000,0.25,0.1
0.484134,0.062134,sumher,21,20000,0.25,0.1
11.668506,0.176964,sumher,22,20000,0.25,0.1
3.61042,0.102371,sumher,23,20000,0.25,0.1
4.081659,0.10694,sumher,24,20000,0.25,0.1
10.046258,0.163239,sumher,25,20000,0.25,0.1
3.959895,0.105921,sumher,26,20000,0.25,0.1
16.330941,0.214962,sumher,27,20000,0.25,0.1
2.442881,0.088693,sumher,28,20000,0.25,0.1
12.923569,0.187423,sumher,29,20000,0.25,0.1
36.330322,0.363218,sumher,30,20000,0.25,0.1
20.63586,0.248228,sumher,31,20000,0.25,0.1
6.881716,0.13515,sumher,32,20000,0.25,0.1
7.499474,0.140256,sumher,33,20000,0.25,0.1
10.152369,0.164052,sumher,34,20000,0.25,0.1
9.914108,0.161988,sumher,35,20000,0.25,0.1
0.458581,0.062104,sumher,36,20000,0.25,0.1
12.653357,0.185533,sumher,37,20000,0.25,0.1
0.890496,0.068293,sumher,38,20000,0.25,0.1
2.767329,0.092727,sumher,39,20000,0.25,0.1
25.633145,0.285299,sumher,40,20000,0.25,0.1
-0.070151,0.051111,sumher,41,20000,0.25,0.1
20.114659,0.244551,sumher,42,20000,0.25,0.1
-0.108082,0.050952,sumher,43,20000,0.25,0.1
13.239219,0.19044,sumher,44,20000,0.25,0.1
7.462875,0.140286,sumher,45,20000,0.25,0.1
1.684716,0.079446,sumher,46,20000,0.25,0.1
7.759569,0.142738,sumher,47,20000,0.25,0.1
2.726855,0.092334,sumher,48,20000,0.25,0.1
-0.14261,0.050048,sumher,49,20000,0.25,0.1
25.902276,0.287116,sumher,50,20000,0.25,0.1
14.667615,0.202054,sumher,51,20000,0.25,0.1
9.619863,0.159884,sumher,52,20000,0.25,0.1
12.700298,0.185764,sumher,53,20000,0.25,0.1
12.615414,0.184394,sumher,54,20000,0.25,0.1
46.342565,0.433835,sumher,55,20000,0.25,0.1
6.564074,0.131433,sumher,56,20000,0.25,0.1
29.564636,0.313937,sumher,57,20000,0.25,0.1
20.932928,0.25018,sumher,58,20000,0.25,0.1
-0.127379,0.050773,sumher,59,20000,0.25,0.1
1.907622,0.082111,sumher,60,20000,0.25,0.1
1.62956,0.077852,sumher,61,20000,0.25,0.1
1.588666,0.077954,sumher,62,20000,0.25,0.1
0.525062,0.062607,sumher,63,20000,0.25,0.1
22.004282,0.25816,sumher,64,20000,0.25,0.1
0.603101,0.063993,sumher,65,20000,0.25,0.1
0.006353,0.053254,sumher,66,20000,0.25,0.1
3.449708,0.100232,sumher,67,20000,0.25,0.1
0.908108,0.068612,sumher,68,20000,0.25,0.1
8.452542,0.149153,sumher,69,20000,0.25,0.1
8.952073,0.153287,sumher,70,20000,0.25,0.1
6.797467,0.134068,sumher,71,20000,0.25,0.1
0.564194,0.063383,sumher,72,20000,0.25,0.1
2.268369,0.086374,sumher,73,20000,0.25,0.1
0.57144,0.063056,sumher,74,20000,0.25,0.1
15.716666,0.209671,sumher,75,20000,0.25,0.1
10.25457,0.165114,sumher,76,20000,0.25,0.1
7.710497,0.142633,sumher,77,20000,0.25,0.1
4.334873,0.109874,sumher,78,20000,0.25,0.1
0.153511,0.055684,sumher,79,20000,0.25,0.1
5.897686,0.125082,sumher,80,20000,0.25,0.1
-0.141364,0.049699,sumher,81,20000,0.25,0.1
1.810998,0.080715,sumher,82,20000,0.25,0.1
-0.079683,0.051455,sumher,83,20000,0.25,0.1
0.023725,0.053279,sumher,84,20000,0.25,0.1
6.20997,0.128245,sumher,85,20000,0.25,0.1
0.378114,0.060071,sumher,86,20000,0.25,0.1
4.06776,0.107108,sumher,87,20000,0.25,0.1
1.898996,0.081955,sumher,88,20000,0.25,0.1
2.09123,0.084808,sumher,89,20000,0.25,0.1
0.793465,0.066927,sumher,90,20000,0.25,0.1
14.832996,0.203099,sumher,91,20000,0.25,0.1
4.328485,0.109752,sumher,92,20000,0.25,0.1
3.139328,0.09725,sumher,93,20000,0.25,0.1
17.894534,0.226764,sumher,94,20000,0.25,0.1
1.643162,0.078834,sumher,95,20000,0.25,0.1
1.107924,0.072018,sumher,96,20000,0.25,0.1
5.559405,0.12213,sumher,97,20000,0.25,0.1
0.395663,0.059666,sumher,98,20000,0.25,0.1
11.415612,0.17496,sumher,99,20000,0.25,0.1
0.896854,0.061626,sumher,0,50000,0.25,0.1
6.181102,0.13162,sumher,1,50000,0.25,0.1
7.493918,0.14567,sumher,2,50000,0.25,0.1
5.168681,0.120134,sumher,3,50000,0.25,0.1
11.72156,0.187204,sumher,4,50000,0.25,0.1
5.667672,0.126333,sumher,5,50000,0.25,0.1
-0.027947,0.040867,sumher,6,50000,0.25,0.1
6.837551,0.138662,sumher,7,50000,0.25,0.1
0.059965,0.043871,sumher,8,50000,0.25,0.1
3.70785,0.103133,sumher,9,50000,0.25,0.1
1.337622,0.070091,sumher,10,50000,0.25,0.1
0.541358,0.054858,sumher,11,50000,0.25,0.1
10.621,0.176795,sumher,12,50000,0.25,0.1
3.493921,0.100241,sumher,13,50000,0.25,0.1
3.422068,0.099247,sumher,14,50000,0.25,0.1
6.05467,0.13025,sumher,15,50000,0.25,0.1
15.232684,0.21971,sumher,16,50000,0.25,0.1
16.715344,0.232097,sumher,17,50000,0.25,0.1
6.707496,0.13781,sumher,18,50000,0.25,0.1
0.967432,0.063107,sumher,19,50000,0.25,0.1
0.749494,0.059077,sumher,20,50000,0.25,0.1
0.305293,0.049961,sumher,21,50000,0.25,0.1
7.779262,0.148769,sumher,22,50000,0.25,0.1
2.362258,0.085494,sumher,23,50000,0.25,0.1
2.659597,0.089116,sumher,24,50000,0.25,0.1
6.677664,0.137215,sumher,25,50000,0.25,0.1
2.597832,0.088602,sumher,26,50000,0.25,0.1
10.893627,0.179706,sumher,27,50000,0.25,0.1
1.56646,0.073053,sumher,28,50000,0.25,0.1
8.59548,0.156982,sumher,29,50000,0.25,0.1
24.169301,0.295917,sumher,30,50000,0.25,0.1
13.736337,0.205998,sumher,31,50000,0.25,0.1
4.543024,0.113493,sumher,32,50000,0.25,0.1
4.954737,0.117749,sumher,33,50000,0.25,0.1
6.718311,0.137474,sumher,34,50000,0.25,0.1
6.585724,0.13619,sumher,35,50000,0.25,0.1
0.290725,0.050045,sumher,36,50000,0.25,0.1
8.467294,0.156244,sumher,37,50000,0.25,0.1
0.568949,0.055593,sumher,38,50000,0.25,0.1
1.801346,0.077094,sumher,39,50000,0.25,0.1
17.063514,0.235256,sumher,40,50000,0.25,0.1
-0.043431,0.040113,sumher,41,50000,0.25,0.1
13.45965,0.203934,sumher,42,50000,0.25,0.1
-0.067073,0.039966,sumher,43,50000,0.25,0.1
8.869853,0.160322,sumher,44,50000,0.25,0.1
4.91145,0.117483,sumher,45,50000,0.25,0.1
1.076746,0.065094,sumher,46,50000,0.25,0.1
5.14793,0.120112,sumher,47,50000,0.25,0.1
1.762663,0.076406,sumher,48,50000,0.25,0.1
-0.088445,0.039188,sumher,49,50000,0.25,0.1
17.275512,0.23703,sumher,50,50000,0.25,0.1
9.803937,0.169533,sumher,51,50000,0.25,0.1
6.422579,0.134883,sumher,52,50000,0.25,0.1
8.44095,0.155696,sumher,53,50000,0.25,0.1
8.395574,0.154598,sumher,54,50000,0.25,0.1
30.764274,0.34974,sumher,55,50000,0.25,0.1
4.31569,0.11005,sumher,56,50000,0.25,0.1
19.643932,0.257321,sumher,57,50000,0.25,0.1
13.993602,0.208007,sumher,58,50000,0.25,0.1
-0.078791,0.039723,sumher,59,50000,0.25,0.1
1.222813,0.067457,sumher,60,50000,0.25,0.1
1.047796,0.063951,sumher,61,50000,0.25,0.1
1.009526,0.063585,sumher,62,50000,0.25,0.1
0.328965,0.050206,sumher,63,50000,0.25,0.1
14.637699,0.213621,sumher,64,50000,0.25,0.1
0.380797,0.051587,sumher,65,50000,0.25,0.1
0.003974,0.042119,sumher,66,50000,0.25,0.1
2.240491,0.083323,sumher,67,50000,0.25,0.1
0.576604,0.055662,sumher,68,50000,0.25,0.1
5.655573,0.126088,sumher,69,50000,0.25,0.1
5.937423,0.128809,sumher,70,50000,0.25,0.1
4.474678,0.112384,sumher,71,50000,0.25,0.1
0.358677,0.05122,sumher,72,50000,0.25,0.1
1.457886,0.071193,sumher,73,50000,0.25,0.1
0.35958,0.050705,sumher,74,50000,0.25,0.1
10.494243,0.175438,sumher,75,50000,0.25,0.1
6.830561,0.138931,sumher,76,50000,0.25,0.1
5.113942,0.12001,sumher,77,50000,0.25,0.1
2.839926,0.091898,sumher,78,50000,0.25,0.1
0.09608,0.044254,sumher,79,50000,0.25,0.1
3.864228,0.104577,sumher,80,50000,0.25,0.1
-0.087859,0.038955,sumher,81,50000,0.25,0.1
1.156742,0.066168,sumher,82,50000,0.25,0.1
-0.049606,0.040472,sumher,83,50000,0.25,0.1
0.014657,0.041908,sumher,84,50000,0.25,0.1
4.060228,0.107086,sumher,85,50000,0.25,0.1
0.238176,0.048164,sumher,86,50000,0.25,0.1
2.669396,0.089633,sumher,87,50000,0.25,0.1
1.213993,0.067266,sumher,88,50000,0.25,0.1
1.351127,0.070072,sumher,89,50000,0.25,0.1
0.503478,0.054234,sumher,90,50000,0.25,0.1
9.905115,0.170227,sumher,91,50000,0.25,0.1
2.830166,0.09157,sumher,92,50000,0.25,0.1
2.042445,0.080976,sumher,93,50000,0.25,0.1
11.939312,0.189052,sumher,94,50000,0.25,0.1
1.061087,0.064911,sumher,95,50000,0.25,0.1
0.707879,0.058765,sumher,96,50000,0.25,0.1
3.670563,0.102601,sumher,97,50000,0.25,0.1
0.247056,0.047623,sumher,98,50000,0.25,0.1
7.593046,0.146952,sumher,99,50000,0.25,0.1
95.594293,0.604222,sumher,0,2000,0.25,0.01
2.758502,0.117043,sumher,1,2000,0.25,0.01
17.579674,0.206079,sumher,2,2000,0.25,0.01
71.48728,0.484264,sumher,3,2000,0.25,0.01
17.129538,0.203602,sumher,4,2000,0.25,0.01
15.48331,0.194257,sumher,5,2000,0.25,0.01
5.615761,0.135801,sumher,6,2000,0.25,0.01
10.886936,0.167881,sumher,7,2000,0.25,0.01
34.481322,0.296456,sumher,8,2000,0.25,0.01
49.973657,0.376251,sumher,9,2000,0.25,0.01
65.240385,0.453386,sumher,10,2000,0.25,0.01
38.17554,0.315823,sumher,11,2000,0.25,0.01
4.985868,0.131522,sumher,12,2000,0.25,0.01
0.199208,0.098283,sumher,13,2000,0.25,0.01
21.970473,0.230173,sumher,14,2000,0.25,0.01
42.17132,0.336555,sumher,15,2000,0.25,0.01
22.415044,0.232603,sumher,16,2000,0.25,0.01
0.614385,0.101563,sumher,17,2000,0.25,0.01
6.904317,0.144338,sumher,18,2000,0.25,0.01
2.850009,0.117568,sumher,19,2000,0.25,0.01
-0.105464,0.096446,sumher,20,2000,0.25,0.01
-0.194039,0.094955,sumher,21,2000,0.25,0.01
0.22949,0.098479,sumher,22,2000,0.25,0.01
0.254159,0.098708,sumher,23,2000,0.25,0.01
7.902011,0.150256,sumher,24,2000,0.25,0.01
30.918656,0.278057,sumher,25,2000,0.25,0.01
62.827577,0.441129,sumher,26,2000,0.25,0.01
2.987363,0.118876,sumher,27,2000,0.25,0.01
56.356771,0.408277,sumher,28,2000,0.25,0.01
-0.364497,0.093641,sumher,29,2000,0.25,0.01
2.189672,0.113289,sumher,30,2000,0.25,0.01
-0.503613,0.090597,sumher,31,2000,0.25,0.01
-0.097255,0.095447,sumher,32,2000,0.25,0.01
27.5293,0.260196,sumher,33,2000,0.25,0.01
-0.314231,0.0937,sumher,34,2000,0.25,0.01
0.285663,0.098425,sumher,35,2000,0.25,0.01
78.854909,0.521235,sumher,36,2000,0.25,0.01
1.136929,0.105508,sumher,37,2000,0.25,0.01
20.207219,0.220419,sumher,38,2000,0.25,0.01
38.287045,0.316188,sumher,39,2000,0.25,0.01
76.899743,0.511647,sumher,40,2000,0.25,0.01
9.549366,0.160237,sumher,41,2000,0.25,0.01
0.074815,0.097027,sumher,42,2000,0.25,0.01
108.428165,0.666933,sumher,43,2000,0.25,0.01
-0.546043,0.091913,sumher,44,2000,0.25,0.01
19.907406,0.218676,sumher,45,2000,0.25,0.01
3.15818,0.119878,sumher,46,2000,0.25,0.01
1.557168,0.108194,sumher,47,2000,0.25,0.01
25.657005,0.250539,sumher,48,2000,0.25,0.01
85.636571,0.554654,sumher,49,2000,0.25,0.01
3.804869,0.124233,sumher,50,2000,0.25,0.01
46.594445,0.358965,sumher,51,2000,0.25,0.01
122.326981,0.734358,sumher,52,2000,0.25,0.01
14.585876,0.188761,sumher,53,2000,0.25,0.01
27.966434,0.262299,sumher,54,2000,0.25,0.01
57.371558,0.413789,sumher,55,2000,0.25,0.01
17.813588,0.207518,sumher,56,2000,0.25,0.01
64.419472,0.449052,sumher,57,2000,0.25,0.01
38.805748,0.318588,sumher,58,2000,0.25,0.01
5.740065,0.136496,sumher,59,2000,0.25,0.01
9.197396,0.158293,sumher,60,2000,0.25,0.01
15.053555,0.191923,sumher,61,2000,0.25,0.01
1.308662,0.106709,sumher,62,2000,0.25,0.01
212.530181,1.173947,sumher,63,2000,0.25,0.01
-0.306531,0.093896,sumher,64,2000,0.25,0.01
15.933767,0.19712,sumher,65,2000,0.25,0.01
5.361883,0.134022,sumher,66,2000,0.25,0.01
-0.096742,0.09528,sumher,67,2000,0.25,0.01
20.044462,0.219675,sumher,68,2000,0.25,0.01
-0.465084,0.092435,sumher,69,2000,0.25,0.01
9.450492,0.159148,sumher,70,2000,0.25,0.01
10.580806,0.166005,sumher,71,2000,0.25,0.01
27.589251,0.260006,sumher,72,2000,0.25,0.01
1.409413,0.107871,sumher,73,2000,0.25,0.01
-0.313083,0.094461,sumher,74,2000,0.25,0.01
1.889372,0.11079,sumher,75,2000,0.25,0.01
99.852142,0.624814,sumher,76,2000,0.25,0.01
33.327261,0.290471,sumher,77,2000,0.25,0.01
111.79102,0.683667,sumher,78,2000,0.25,0.01
62.592459,0.439812,sumher,79,2000,0.25,0.01
1.651982,0.109691,sumher,80,2000,0.25,0.01
92.003351,0.585789,sumher,81,2000,0.25,0.01
0.535414,0.100847,sumher,82,2000,0.25,0.01
22.225146,0.231442,sumher,83,2000,0.25,0.01
2.048383,0.112054,sumher,84,2000,0.25,0.01
32.010739,0.28339,sumher,85,2000,0.25,0.01
12.231065,0.176013,sumher,86,2000,0.25,0.01
4.793563,0.130306,sumher,87,2000,0.25,0.01
13.228577,0.181506,sumher,88,2000,0.25,0.01
78.933298,0.521612,sumher,89,2000,0.25,0.01
27.405978,0.258954,sumher,90,2000,0.25,0.01
7.261913,0.145813,sumher,91,2000,0.25,0.01
143.50406,0.838339,sumher,92,2000,0.25,0.01
28.52003,0.264903,sumher,93,2000,0.25,0.01
42.16995,0.336171,sumher,94,2000,0.25,0.01
0.411551,0.099785,sumher,95,2000,0.25,0.01
0.428235,0.09978,sumher,96,2000,0.25,0.01
63.303866,0.44317,sumher,97,2000,0.25,0.01
1.877333,0.110857,sumher,98,2000,0.25,0.01
64.936882,0.451721,sumher,99,2000,0.25,0.01
26.644438,0.293483,sumher,0,20000,0.25,0.01
0.832405,0.06738,sumher,1,20000,0.25,0.01
5.243011,0.119271,sumher,2,20000,0.25,0.01
20.197587,0.244488,sumher,3,20000,0.25,0.01
5.094554,0.117715,sumher,4,20000,0.25,0.01
4.622215,0.112951,sumher,5,20000,0.25,0.01
1.684152,0.079281,sumher,6,20000,0.25,0.01
3.220807,0.097544,sumher,7,20000,0.25,0.01
10.020775,0.162811,sumher,8,20000,0.25,0.01
14.391076,0.199366,sumher,9,20000,0.25,0.01
18.584895,0.232684,sumher,10,20000,0.25,0.01
11.115634,0.172417,sumher,11,20000,0.25,0.01
1.480711,0.076173,sumher,12,20000,0.25,0.01
0.059654,0.054078,sumher,13,20000,0.25,0.01
6.535507,0.13172,sumher,14,20000,0.25,0.01
12.261441,0.182035,sumher,15,20000,0.25,0.01
6.662046,0.133023,sumher,16,20000,0.25,0.01
0.187011,0.056933,sumher,17,20000,0.25,0.01
2.061142,0.084292,sumher,18,20000,0.25,0.01
0.859992,0.067825,sumher,19,20000,0.25,0.01
-0.032008,0.05296,sumher,20,20000,0.25,0.01
-0.058694,0.051932,sumher,21,20000,0.25,0.01
0.070099,0.054792,sumher,22,20000,0.25,0.01
0.077875,0.055028,sumher,23,20000,0.25,0.01
2.38682,0.088484,sumher,24,20000,0.25,0.01
9.042252,0.154384,sumher,25,20000,0.25,0.01
17.929499,0.227253,sumher,26,20000,0.25,0.01
0.890553,0.068192,sumher,27,20000,0.25,0.01
16.072004,0.212228,sumher,28,20000,0.25,0.01
-0.11104,0.051089,sumher,29,20000,0.25,0.01
0.656741,0.06467,sumher,30,20000,0.25,0.01
-0.151951,0.04905,sumher,31,20000,0.25,0.01
-0.029631,0.052529,sumher,32,20000,0.25,0.01
8.129583,0.146577,sumher,33,20000,0.25,0.01
-0.093759,0.050704,sumher,34,20000,0.25,0.01
0.086888,0.054694,sumher,35,20000,0.25,0.01
22.184305,0.260152,sumher,36,20000,0.25,0.01
0.342806,0.059504,sumher,37,20000,0.25,0.01
5.960002,0.125886,sumher,38,20000,0.25,0.01
11.171069,0.172694,sumher,39,20000,0.25,0.01
21.728413,0.256826,sumher,40,20000,0.25,0.01
2.869494,0.094197,sumher,41,20000,0.25,0.01
0.022759,0.053628,sumher,42,20000,0.25,0.01
29.900957,0.316989,sumher,43,20000,0.25,0.01
-0.161672,0.049133,sumher,44,20000,0.25,0.01
5.945539,0.125958,sumher,45,20000,0.25,0.01
0.951192,0.069121,sumher,46,20000,0.25,0.01
0.466936,0.061251,sumher,47,20000,0.25,0.01
7.639163,0.142735,sumher,48,20000,0.25,0.01
24.044775,0.273981,sumher,49,20000,0.25,0.01
1.145624,0.072115,sumher,50,20000,0.25,0.01
13.450143,0.191642,sumher,51,20000,0.25,0.01
33.413995,0.341607,sumher,52,20000,0.25,0.01
4.347461,0.109616,sumher,53,20000,0.25,0.01
8.203676,0.146872,sumher,54,20000,0.25,0.01
16.377417,0.215267,sumher,55,20000,0.25,0.01
5.329295,0.120266,sumher,56,20000,0.25,0.01
18.295915,0.23008,sumher,57,20000,0.25,0.01
11.362804,0.174134,sumher,58,20000,0.25,0.01
1.71177,0.079366,sumher,59,20000,0.25,0.01
2.771455,0.09319,sumher,60,20000,0.25,0.01
4.510757,0.111946,sumher,61,20000,0.25,0.01
0.395008,0.060377,sumher,62,20000,0.25,0.01
55.946995,0.500173,sumher,63,20000,0.25,0.01
-0.091534,0.050811,sumher,64,20000,0.25,0.01
4.781213,0.114903,sumher,65,20000,0.25,0.01
1.610704,0.078173,sumher,66,20000,0.25,0.01
-0.029438,0.052415,sumher,67,20000,0.25,0.01
5.904741,0.125564,sumher,68,20000,0.25,0.01
-0.141244,0.050203,sumher,69,20000,0.25,0.01
2.829043,0.093211,sumher,70,20000,0.25,0.01
3.189684,0.097614,sumher,71,20000,0.25,0.01
8.122419,0.146066,sumher,72,20000,0.25,0.01
0.422572,0.060924,sumher,73,20000,0.25,0.01
-0.094575,0.051376,sumher,74,20000,0.25,0.01
0.573742,0.063414,sumher,75,20000,0.25,0.01
27.641209,0.300558,sumher,76,20000,0.25,0.01
9.776979,0.160742,sumher,77,20000,0.25,0.01
30.807953,0.323523,sumher,78,20000,0.25,0.01
17.839863,0.226497,sumher,79,20000,0.25,0.01
0.498132,0.062437,sumher,80,20000,0.25,0.01
25.612185,0.285136,sumher,81,20000,0.25,0.01
0.162966,0.056439,sumher,82,20000,0.25,0.01
6.542144,0.131501,sumher,83,20000,0.25,0.01
0.615751,0.063973,sumher,84,20000,0.25,0.01
9.399834,0.157367,sumher,85,20000,0.25,0.01
3.684289,0.103414,sumher,86,20000,0.25,0.01
1.438629,0.075807,sumher,87,20000,0.25,0.01
3.914874,0.105235,sumher,88,20000,0.25,0.01
22.331919,0.261592,sumher,89,20000,0.25,0.01
8.049966,0.145274,sumher,90,20000,0.25,0.01
2.178014,0.085297,sumher,91,20000,0.25,0.01
38.822022,0.380749,sumher,92,20000,0.25,0.01
8.434945,0.149107,sumher,93,20000,0.25,0.01
12.172393,0.180827,sumher,94,20000,0.25,0.01
0.124249,0.055438,sumher,95,20000,0.25,0.01
0.129946,0.055586,sumher,96,20000,0.25,0.01
17.968761,0.22725,sumher,97,20000,0.25,0.01
0.556569,0.062687,sumher,98,20000,0.25,0.01
18.451397,0.231368,sumher,99,20000,0.25,0.01
17.800127,0.242407,sumher,0,50000,0.25,0.01
0.525415,0.054446,sumher,1,50000,0.25,0.01
3.468273,0.100345,sumher,2,50000,0.25,0.01
13.446367,0.202885,sumher,3,50000,0.25,0.01
3.345444,0.098594,sumher,4,50000,0.25,0.01
3.030497,0.094553,sumher,5,50000,0.25,0.01
1.086821,0.065276,sumher,6,50000,0.25,0.01
2.082326,0.080818,sumher,7,50000,0.25,0.01
6.637627,0.136582,sumher,8,50000,0.25,0.01
9.580873,0.166844,sumher,9,50000,0.25,0.01
12.392742,0.193861,sumher,10,50000,0.25,0.01
7.39817,0.144894,sumher,11,50000,0.25,0.01
0.95735,0.062707,sumher,12,50000,0.25,0.01
0.036803,0.04256,sumher,13,50000,0.25,0.01
4.307771,0.110544,sumher,14,50000,0.25,0.01
8.176396,0.152869,sumher,15,50000,0.25,0.01
4.420884,0.112076,sumher,16,50000,0.25,0.01
0.117936,0.045476,sumher,17,50000,0.25,0.01
1.328062,0.069451,sumher,18,50000,0.25,0.01
0.549883,0.055198,sumher,19,50000,0.25,0.01
-0.019823,0.041629,sumher,20,50000,0.25,0.01
-0.036211,0.040699,sumher,21,50000,0.25,0.01
0.044121,0.043579,sumher,22,50000,0.25,0.01
0.048543,0.043564,sumher,23,50000,0.25,0.01
1.544309,0.073206,sumher,24,50000,0.25,0.01
5.986728,0.12956,sumher,25,50000,0.25,0.01
11.93957,0.189234,sumher,26,50000,0.25,0.01
0.558643,0.054993,sumher,27,50000,0.25,0.01
10.684429,0.176888,sumher,28,50000,0.25,0.01
-0.06872,0.04001,sumher,29,50000,0.25,0.01
0.416148,0.052273,sumher,30,50000,0.25,0.01
-0.093739,0.038291,sumher,31,50000,0.25,0.01
-0.018519,0.041482,sumher,32,50000,0.25,0.01
5.41143,0.123606,sumher,33,50000,0.25,0.01
-0.057963,0.039723,sumher,34,50000,0.25,0.01
0.054301,0.043364,sumher,35,50000,0.25,0.01
14.805776,0.215922,sumher,36,50000,0.25,0.01
0.216184,0.047689,sumher,37,50000,0.25,0.01
3.921477,0.105546,sumher,38,50000,0.25,0.01
7.465623,0.145509,sumher,39,50000,0.25,0.01
14.455891,0.212787,sumher,40,50000,0.25,0.01
1.856512,0.078088,sumher,41,50000,0.25,0.01
0.014026,0.042134,sumher,42,50000,0.25,0.01
19.887174,0.259954,sumher,43,50000,0.25,0.01
-0.099566,0.038293,sumher,44,50000,0.25,0.01
3.924396,0.105798,sumher,45,50000,0.25,0.01
0.604098,0.056088,sumher,46,50000,0.25,0.01
0.292914,0.049084,sumher,47,50000,0.25,0.01
5.085688,0.120544,sumher,48,50000,0.25,0.01
16.087666,0.227247,sumher,49,50000,0.25,0.01
0.736047,0.058994,sumher,50,50000,0.25,0.01
8.911799,0.160085,sumher,51,50000,0.25,0.01
22.251055,0.279292,sumher,52,50000,0.25,0.01
2.841757,0.09154,sumher,53,50000,0.25,0.01
5.434619,0.123425,sumher,54,50000,0.25,0.01
10.926657,0.179966,sumher,55,50000,0.25,0.01
3.501496,0.100794,sumher,56,50000,0.25,0.01
12.154487,0.191198,sumher,57,50000,0.25,0.01
7.607234,0.146812,sumher,58,50000,0.25,0.01
1.101213,0.065263,sumher,59,50000,0.25,0.01
1.801435,0.077465,sumher,60,50000,0.25,0.01
2.951428,0.093616,sumher,61,50000,0.25,0.01
0.245209,0.048081,sumher,62,50000,0.25,0.01
36.977254,0.398945,sumher,63,50000,0.25,0.01
-0.056724,0.03986,sumher,64,50000,0.25,0.01
3.167604,0.096692,sumher,65,50000,0.25,0.01
1.043357,0.064471,sumher,66,50000,0.25,0.01
-0.018253,0.041229,sumher,67,50000,0.25,0.01
3.881024,0.105227,sumher,68,50000,0.25,0.01
-0.087438,0.03927,sumher,69,50000,0.25,0.01
1.831899,0.077242,sumher,70,50000,0.25,0.01
2.078611,0.081277,sumher,71,50000,0.25,0.01
5.396925,0.123,sumher,72,50000,0.25,0.01
0.268713,0.049119,sumher,73,50000,0.25,0.01
-0.058571,0.040279,sumher,74,50000,0.25,0.01
0.364153,0.051236,sumher,75,50000,0.25,0.01
18.358772,0.24692,sumher,76,50000,0.25,0.01
6.533339,0.135527,sumher,77,50000,0.25,0.01
20.486767,0.264946,sumher,78,50000,0.25,0.01
11.900075,0.188869,sumher,79,50000,0.25,0.01
0.316208,0.050378,sumher,80,50000,0.25,0.01
17.021857,0.234849,sumher,81,50000,0.25,0.01
0.102378,0.044964,sumher,82,50000,0.25,0.01
4.302167,0.110153,sumher,83,50000,0.25,0.01
0.386029,0.051385,sumher,84,50000,0.25,0.01
6.232562,0.132106,sumher,85,50000,0.25,0.01
2.415675,0.086494,sumher,86,50000,0.25,0.01
0.925575,0.062208,sumher,87,50000,0.25,0.01
2.542213,0.087488,sumher,88,50000,0.25,0.01
14.883561,0.216972,sumher,89,50000,0.25,0.01
5.331582,0.122121,sumher,90,50000,0.25,0.01
1.410171,0.07052,sumher,91,50000,0.25,0.01
25.826694,0.309554,sumher,92,50000,0.25,0.01
5.587229,0.125285,sumher,93,50000,0.25,0.01
8.091991,0.151588,sumher,94,50000,0.25,0.01
0.077329,0.04391,sumher,95,50000,0.25,0.01
0.08093,0.044047,sumher,96,50000,0.25,0.01
11.977991,0.189382,sumher,97,50000,0.25,0.01
0.347772,0.050219,sumher,98,50000,0.25,0.01
12.310852,0.192869,sumher,99,50000,0.25,0.01
0.63367,0.102092,sumher,0,2000,0.4,1.0
1.200887,0.105951,sumher,1,2000,0.4,1.0
1.171039,0.106443,sumher,2,2000,0.4,1.0
0.280491,0.098965,sumher,3,2000,0.4,1.0
0.222007,0.098349,sumher,4,2000,0.4,1.0
68.34085,0.468763,sumher,5,2000,0.4,1.0
102.859972,0.640206,sumher,6,2000,0.4,1.0
4.775552,0.130557,sumher,7,2000,0.4,1.0
-0.271665,0.09482,sumher,8,2000,0.4,1.0
23.31098,0.237577,sumher,9,2000,0.4,1.0
97.711765,0.614326,sumher,10,2000,0.4,1.0
0.226193,0.098559,sumher,11,2000,0.4,1.0
143.671792,0.839529,sumher,12,2000,0.4,1.0
41.969094,0.335483,sumher,13,2000,0.4,1.0
0.163516,0.097742,sumher,14,2000,0.4,1.0
12.158799,0.17531,sumher,15,2000,0.4,1.0
6.341148,0.140678,sumher,16,2000,0.4,1.0
29.472817,0.27027,sumher,17,2000,0.4,1.0
4.44022,0.128288,sumher,18,2000,0.4,1.0
21.298204,0.226367,sumher,19,2000,0.4,1.0
31.494575,0.281178,sumher,20,2000,0.4,1.0
-0.378044,0.093228,sumher,21,2000,0.4,1.0
57.680183,0.415368,sumher,22,2000,0.4,1.0
19.49781,0.216799,sumher,23,2000,0.4,1.0
8.885096,0.155943,sumher,24,2000,0.4,1.0
70.607926,0.480223,sumher,25,2000,0.4,1.0
-0.001001,0.096269,sumher,26,2000,0.4,1.0
163.703427,0.937049,sumher,27,2000,0.4,1.0
47.558903,0.36408,sumher,28,2000,0.4,1.0
86.13608,0.557169,sumher,29,2000,0.4,1.0
63.810136,0.446108,sumher,30,2000,0.4,1.0
67.595266,0.464959,sumher,31,2000,0.4,1.0
5.539634,0.13548,sumher,32,2000,0.4,1.0
41.176553,0.33119,sumher,33,2000,0.4,1.0
6.3338,0.140546,sumher,34,2000,0.4,1.0
17.393407,0.20526,sumher,35,2000,0.4,1.0
0.566627,0.101519,sumher,36,2000,0.4,1.0
-0.073086,0.09593,sumher,37,2000,0.4,1.0
2.468973,0.115403,sumher,38,2000,0.4,1.0
10.613724,0.166162,sumher,39,2000,0.4,1.0
73.657099,0.495185,sumher,40,2000,0.4,1.0
16.459647,0.199861,sumher,41,2000,0.4,1.0
20.295703,0.221145,sumher,42,2000,0.4,1.0
5.916374,0.137811,sumher,43,2000,0.4,1.0
3.317288,0.120947,sumher,44,2000,0.4,1.0
7.464183,0.147988,sumher,45,2000,0.4,1.0
37.937658,0.314523,sumher,46,2000,0.4,1.0
126.485906,0.755527,sumher,47,2000,0.4,1.0
76.986493,0.512168,sumher,48,2000,0.4,1.0
189.905388,1.064259,sumher,49,2000,0.4,1.0
14.089593,0.186248,sumher,50,2000,0.4,1.0
55.678791,0.405366,sumher,51,2000,0.4,1.0
17.959133,0.208499,sumher,52,2000,0.4,1.0
41.107435,0.331237,sumher,53,2000,0.4,1.0
35.126428,0.300134,sumher,54,2000,0.4,1.0
38.287284,0.31675,sumher,55,2000,0.4,1.0
28.214631,0.263485,sumher,56,2000,0.4,1.0
10.770335,0.167455,sumher,57,2000,0.4,1.0
25.229049,0.247579,sumher,58,2000,0.4,1.0
52.929974,0.391066,sumher,59,2000,0.4,1.0
-0.38035,0.093126,sumher,60,2000,0.4,1.0
46.212709,0.357575,sumher,61,2000,0.4,1.0
-0.211435,0.094077,sumher,62,2000,0.4,1.0
44.86413,0.350761,sumher,63,2000,0.4,1.0
-0.165884,0.095653,sumher,64,2000,0.4,1.0
40.498776,0.327789,sumher,65,2000,0.4,1.0
25.114839,0.246997,sumher,66,2000,0.4,1.0
3.377893,0.12177,sumher,67,2000,0.4,1.0
71.766605,0.485681,sumher,68,2000,0.4,1.0
56.914999,0.411688,sumher,69,2000,0.4,1.0
-0.155879,0.094728,sumher,70,2000,0.4,1.0
2.508409,0.115049,sumher,71,2000,0.4,1.0
53.156408,0.392629,sumher,72,2000,0.4,1.0
98.161561,0.616527,sumher,73,2000,0.4,1.0
24.61062,0.244686,sumher,74,2000,0.4,1.0
79.698183,0.52539,sumher,75,2000,0.4,1.0
67.70195,0.465904,sumher,76,2000,0.4,1.0
40.908297,0.329892,sumher,77,2000,0.4,1.0
60.572991,0.429811,sumher,78,2000,0.4,1.0
16.272009,0.198703,sumher,79,2000,0.4,1.0
1.433595,0.107525,sumher,80,2000,0.4,1.0
94.388706,0.597705,sumher,81,2000,0.4,1.0
39.975477,0.32546,sumher,82,2000,0.4,1.0
-0.033306,0.096553,sumher,83,2000,0.4,1.0
33.573792,0.291615,sumher,84,2000,0.4,1.0
-0.174263,0.095657,sumher,85,2000,0.4,1.0
44.24681,0.34679,sumher,86,2000,0.4,1.0
12.208561,0.175994,sumher,87,2000,0.4,1.0
12.92451,0.180009,sumher,88,2000,0.4,1.0
1.782075,0.110105,sumher,89,2000,0.4,1.0
50.809744,0.380643,sumher,90,2000,0.4,1.0
0.45068,0.100195,sumher,91,2000,0.4,1.0
49.267876,0.37287,sumher,92,2000,0.4,1.0
78.57403,0.519799,sumher,93,2000,0.4,1.0
46.22139,0.357516,sumher,94,2000,0.4,1.0
3.939932,0.125026,sumher,95,2000,0.4,1.0
0.151733,0.09802,sumher,96,2000,0.4,1.0
15.465282,0.194191,sumher,97,2000,0.4,1.0
47.414123,0.363482,sumher,98,2000,0.4,1.0
40.310943,0.327518,sumher,99,2000,0.4,1.0
0.193847,0.057434,sumher,0,20000,0.4,1.0
0.360073,0.059636,sumher,1,20000,0.4,1.0
0.356413,0.06037,sumher,2,20000,0.4,1.0
0.08434,0.054698,sumher,3,20000,0.4,1.0
0.067514,0.054576,sumher,4,20000,0.4,1.0
19.333247,0.238009,sumher,5,20000,0.4,1.0
28.751456,0.309396,sumher,6,20000,0.4,1.0
1.428959,0.075933,sumher,7,20000,0.4,1.0
-0.082827,0.051906,sumher,8,20000,0.4,1.0
6.912792,0.135472,sumher,9,20000,0.4,1.0
27.172111,0.297334,sumher,10,20000,0.4,1.0
0.068146,0.054445,sumher,11,20000,0.4,1.0
38.976546,0.382133,sumher,12,20000,0.4,1.0
12.165212,0.181224,sumher,13,20000,0.4,1.0
0.049597,0.054081,sumher,14,20000,0.4,1.0
3.648231,0.102663,sumher,15,20000,0.4,1.0
1.91575,0.082616,sumher,16,20000,0.4,1.0
8.658376,0.150998,sumher,17,20000,0.4,1.0
1.335394,0.074592,sumher,18,20000,0.4,1.0
6.358763,0.130064,sumher,19,20000,0.4,1.0
9.242103,0.156322,sumher,20,20000,0.4,1.0
-0.114788,0.050735,sumher,21,20000,0.4,1.0
16.498791,0.216217,sumher,22,20000,0.4,1.0
5.845573,0.125406,sumher,23,20000,0.4,1.0
2.648774,0.091127,sumher,24,20000,0.4,1.0
20.00576,0.243483,sumher,25,20000,0.4,1.0
-0.000303,0.053009,sumher,26,20000,0.4,1.0
44.008992,0.417545,sumher,27,20000,0.4,1.0
13.733664,0.193942,sumher,28,20000,0.4,1.0
24.134822,0.274407,sumher,29,20000,0.4,1.0
18.103716,0.228658,sumher,30,20000,0.4,1.0
19.232503,0.237297,sumher,31,20000,0.4,1.0
1.669279,0.079273,sumher,32,20000,0.4,1.0
11.974009,0.179523,sumher,33,20000,0.4,1.0
1.900385,0.082279,sumher,34,20000,0.4,1.0
5.202726,0.119026,sumher,35,20000,0.4,1.0
0.170087,0.05646,sumher,36,20000,0.4,1.0
-0.021766,0.052236,sumher,37,20000,0.4,1.0
0.745706,0.066392,sumher,38,20000,0.4,1.0
3.14613,0.09672,sumher,39,20000,0.4,1.0
20.795708,0.249448,sumher,40,20000,0.4,1.0
4.929033,0.116333,sumher,41,20000,0.4,1.0
6.073382,0.127568,sumher,42,20000,0.4,1.0
1.793685,0.081231,sumher,43,20000,0.4,1.0
1.004583,0.07021,sumher,44,20000,0.4,1.0
2.252439,0.087154,sumher,45,20000,0.4,1.0
11.164669,0.172999,sumher,46,20000,0.4,1.0
34.665588,0.351427,sumher,47,20000,0.4,1.0
21.84494,0.257924,sumher,48,20000,0.4,1.0
50.615193,0.463775,sumher,49,20000,0.4,1.0
4.180165,0.108157,sumher,50,20000,0.4,1.0
16.049359,0.212875,sumher,51,20000,0.4,1.0
5.390389,0.121184,sumher,52,20000,0.4,1.0
12.015505,0.1803,sumher,53,20000,0.4,1.0
10.309532,0.165779,sumher,54,20000,0.4,1.0
11.18234,0.173199,sumher,55,20000,0.4,1.0
8.323786,0.148352,sumher,56,20000,0.4,1.0
3.24689,0.098551,sumher,57,20000,0.4,1.0
7.400082,0.139441,sumher,58,20000,0.4,1.0
15.153138,0.205232,sumher,59,20000,0.4,1.0
-0.116366,0.050874,sumher,60,20000,0.4,1.0
13.465729,0.192356,sumher,61,20000,0.4,1.0
-0.064135,0.051493,sumher,62,20000,0.4,1.0
13.018891,0.188724,sumher,63,20000,0.4,1.0
-0.050443,0.052474,sumher,64,20000,0.4,1.0
11.808973,0.178535,sumher,65,20000,0.4,1.0
7.397206,0.139513,sumher,66,20000,0.4,1.0
1.015438,0.070494,sumher,67,20000,0.4,1.0
20.299669,0.245659,sumher,68,20000,0.4,1.0
16.363708,0.215278,sumher,69,20000,0.4,1.0
-0.047636,0.052106,sumher,70,20000,0.4,1.0
0.745898,0.065653,sumher,71,20000,0.4,1.0
15.281257,0.206649,sumher,72,20000,0.4,1.0
27.278651,0.29785,sumher,73,20000,0.4,1.0
7.286533,0.139174,sumher,74,20000,0.4,1.0
22.415775,0.26163,sumher,75,20000,0.4,1.0
19.293956,0.238448,sumher,76,20000,0.4,1.0
11.965515,0.179645,sumher,77,20000,0.4,1.0
17.273342,0.222053,sumher,78,20000,0.4,1.0
4.868379,0.115528,sumher,79,20000,0.4,1.0
0.425376,0.060394,sumher,80,20000,0.4,1.0
26.321448,0.290845,sumher,81,20000,0.4,1.0
11.672685,0.177401,sumher,82,20000,0.4,1.0
-0.010199,0.053383,sumher,83,20000,0.4,1.0
9.846887,0.161531,sumher,84,20000,0.4,1.0
-0.052503,0.052217,sumher,85,20000,0.4,1.0
12.791341,0.18609,sumher,86,20000,0.4,1.0
3.669068,0.103313,sumher,87,20000,0.4,1.0
3.910403,0.105933,sumher,88,20000,0.4,1.0
0.541464,0.062938,sumher,89,20000,0.4,1.0
14.606167,0.201083,sumher,90,20000,0.4,1.0
0.134915,0.05548,sumher,91,20000,0.4,1.0
14.190304,0.19777,sumher,92,20000,0.4,1.0
22.135338,0.259584,sumher,93,20000,0.4,1.0
13.45514,0.192264,sumher,94,20000,0.4,1.0
1.196037,0.072919,sumher,95,20000,0.4,1.0
0.047263,0.054954,sumher,96,20000,0.4,1.0
4.618124,0.112845,sumher,97,20000,0.4,1.0
13.799842,0.194932,sumher,98,20000,0.4,1.0
11.746974,0.178453,sumher,99,20000,0.4,1.0
0.122092,0.045868,sumher,0,50000,0.4,1.0
0.225331,0.047645,sumher,1,50000,0.4,1.0
0.222702,0.048192,sumher,2,50000,0.4,1.0
0.052594,0.043314,sumher,3,50000,0.4,1.0
0.042209,0.043254,sumher,4,50000,0.4,1.0
12.883716,0.197955,sumher,5,50000,0.4,1.0
19.290163,0.255821,sumher,6,50000,0.4,1.0
0.910479,0.062019,sumher,7,50000,0.4,1.0
-0.051092,0.040635,sumher,8,50000,0.4,1.0
4.583511,0.114078,sumher,9,50000,0.4,1.0
18.121608,0.245216,sumher,10,50000,0.4,1.0
0.042734,0.043211,sumher,11,50000,0.4,1.0
25.837203,0.309672,sumher,12,50000,0.4,1.0
8.084652,0.151921,sumher,13,50000,0.4,1.0
0.030607,0.042552,sumher,14,50000,0.4,1.0
2.393502,0.085874,sumher,15,50000,0.4,1.0
1.228408,0.0679,sumher,16,50000,0.4,1.0
5.751555,0.127024,sumher,17,50000,0.4,1.0
0.849012,0.060786,sumher,18,50000,0.4,1.0
4.202191,0.109328,sumher,19,50000,0.4,1.0
6.159907,0.131777,sumher,20,50000,0.4,1.0
-0.071021,0.039719,sumher,21,50000,0.4,1.0
10.976121,0.180329,sumher,22,50000,0.4,1.0
3.884116,0.10581,sumher,23,50000,0.4,1.0
1.712232,0.075457,sumher,24,50000,0.4,1.0
13.370696,0.202752,sumher,25,50000,0.4,1.0
-0.000185,0.041804,sumher,26,50000,0.4,1.0
29.294362,0.337979,sumher,27,50000,0.4,1.0
9.149356,0.162428,sumher,28,50000,0.4,1.0
16.131709,0.22732,sumher,29,50000,0.4,1.0
12.062133,0.190538,sumher,30,50000,0.4,1.0
12.792574,0.197087,sumher,31,50000,0.4,1.0
1.073682,0.065165,sumher,32,50000,0.4,1.0
7.941903,0.150365,sumher,33,50000,0.4,1.0
1.225115,0.067821,sumher,34,50000,0.4,1.0
3.428676,0.099895,sumher,35,50000,0.4,1.0
0.105474,0.044691,sumher,36,50000,0.4,1.0
-0.013552,0.041183,sumher,37,50000,0.4,1.0
0.46981,0.053565,sumher,38,50000,0.4,1.0
2.040299,0.080261,sumher,39,50000,0.4,1.0
13.855727,0.207135,sumher,40,50000,0.4,1.0
3.223744,0.097295,sumher,41,50000,0.4,1.0
3.992945,0.106982,sumher,42,50000,0.4,1.0
1.161469,0.067149,sumher,43,50000,0.4,1.0
0.638267,0.05709,sumher,44,50000,0.4,1.0
1.445359,0.071824,sumher,45,50000,0.4,1.0
7.420223,0.14526,sumher,46,50000,0.4,1.0
23.142245,0.287568,sumher,47,50000,0.4,1.0
14.647999,0.21492,sumher,48,50000,0.4,1.0
33.601216,0.372732,sumher,49,50000,0.4,1.0
2.737336,0.090419,sumher,50,50000,0.4,1.0
10.749928,0.178497,sumher,51,50000,0.4,1.0
3.561157,0.101968,sumher,52,50000,0.4,1.0
7.967418,0.15099,sumher,53,50000,0.4,1.0
6.875521,0.139596,sumher,54,50000,0.4,1.0
7.458364,0.145744,sumher,55,50000,0.4,1.0
5.488241,0.124527,sumher,56,50000,0.4,1.0
2.127428,0.082315,sumher,57,50000,0.4,1.0
4.862287,0.116677,sumher,58,50000,0.4,1.0
10.105031,0.171737,sumher,59,50000,0.4,1.0
-0.072164,0.039865,sumher,60,50000,0.4,1.0
9.013776,0.161821,sumher,61,50000,0.4,1.0
-0.039876,0.040504,sumher,62,50000,0.4,1.0
8.702149,0.158698,sumher,63,50000,0.4,1.0
-0.031365,0.041298,sumher,64,50000,0.4,1.0
7.89963,0.150531,sumher,65,50000,0.4,1.0
4.915475,0.117565,sumher,66,50000,0.4,1.0
0.642469,0.057161,sumher,67,50000,0.4,1.0
13.547756,0.204337,sumher,68,50000,0.4,1.0
10.909468,0.179822,sumher,69,50000,0.4,1.0
-0.029554,0.040968,sumher,70,50000,0.4,1.0
0.466794,0.052809,sumher,71,50000,0.4,1.0
10.179333,0.172796,sumher,72,50000,0.4,1.0
18.273915,0.246327,sumher,73,50000,0.4,1.0
4.813067,0.116982,sumher,74,50000,0.4,1.0
14.964788,0.217018,sumher,75,50000,0.4,1.0
12.893264,0.198844,sumher,76,50000,0.4,1.0
8.012697,0.151381,sumher,77,50000,0.4,1.0
11.532852,0.185422,sumher,78,50000,0.4,1.0
3.205236,0.09691,sumher,79,50000,0.4,1.0
0.266296,0.048314,sumher,80,50000,0.4,1.0
17.560053,0.240167,sumher,81,50000,0.4,1.0
7.786436,0.149133,sumher,82,50000,0.4,1.0
-0.006336,0.042064,sumher,83,50000,0.4,1.0
6.541579,0.135854,sumher,84,50000,0.4,1.0
-0.032477,0.040989,sumher,85,50000,0.4,1.0
8.487963,0.155665,sumher,86,50000,0.4,1.0
2.408103,0.086444,sumher,87,50000,0.4,1.0
2.560051,0.088584,sumher,88,50000,0.4,1.0
0.33974,0.050541,sumher,89,50000,0.4,1.0
9.749406,0.168477,sumher,90,50000,0.4,1.0
0.083614,0.043863,sumher,91,50000,0.4,1.0
9.456903,0.165657,sumher,92,50000,0.4,1.0
14.752969,0.215286,sumher,93,50000,0.4,1.0
8.980453,0.161496,sumher,94,50000,0.4,1.0
0.765409,0.059601,sumher,95,50000,0.4,1.0
0.02962,0.043579,sumher,96,50000,0.4,1.0
3.008656,0.094069,sumher,97,50000,0.4,1.0
9.235672,0.163842,sumher,98,50000,0.4,1.0
7.81044,0.149881,sumher,99,50000,0.4,1.0
2.855492,0.117812,sumher,0,2000,0.4,0.1
36.811233,0.308925,sumher,1,2000,0.4,0.1
99.722523,0.624651,sumher,2,2000,0.4,0.1
13.079043,0.180763,sumher,3,2000,0.4,0.1
167.313246,0.954526,sumher,4,2000,0.4,0.1
90.92803,0.580965,sumher,5,2000,0.4,0.1
39.867663,0.324698,sumher,6,2000,0.4,0.1
199.068645,1.108983,sumher,7,2000,0.4,0.1
149.92979,0.869839,sumher,8,2000,0.4,0.1
24.021276,0.241012,sumher,9,2000,0.4,0.1
-0.2667,0.093607,sumher,10,2000,0.4,0.1
13.661249,0.183989,sumher,11,2000,0.4,0.1
55.857169,0.406239,sumher,12,2000,0.4,0.1
38.015914,0.315427,sumher,13,2000,0.4,0.1
108.128999,0.66606,sumher,14,2000,0.4,0.1
2.994108,0.119656,sumher,15,2000,0.4,0.1
91.519976,0.584201,sumher,16,2000,0.4,0.1
13.862946,0.184858,sumher,17,2000,0.4,0.1
0.42103,0.100325,sumher,18,2000,0.4,0.1
118.039992,0.714113,sumher,19,2000,0.4,0.1
104.755424,0.649168,sumher,20,2000,0.4,0.1
11.938532,0.174289,sumher,21,2000,0.4,0.1
2.05979,0.112913,sumher,22,2000,0.4,0.1
0.42534,0.100047,sumher,23,2000,0.4,0.1
8.314912,0.152727,sumher,24,2000,0.4,0.1
8.976356,0.157061,sumher,25,2000,0.4,0.1
1.780242,0.110253,sumher,26,2000,0.4,0.1
56.009782,0.407011,sumher,27,2000,0.4,0.1
47.544183,0.36343,sumher,28,2000,0.4,0.1
13.116808,0.18103,sumher,29,2000,0.4,0.1
5.358686,0.1343,sumher,30,2000,0.4,0.1
3.039069,0.119345,sumher,31,2000,0.4,0.1
1.613471,0.109106,sumher,32,2000,0.4,0.1
9.279598,0.158824,sumher,33,2000,0.4,0.1
1.653274,0.109511,sumher,34,2000,0.4,0.1
26.080856,0.252402,sumher,35,2000,0.4,0.1
0.081503,0.097966,sumher,36,2000,0.4,0.1
105.530697,0.652963,sumher,37,2000,0.4,0.1
11.32842,0.170343,sumher,38,2000,0.4,0.1
48.022819,0.366349,sumher,39,2000,0.4,0.1
37.598525,0.312846,sumher,40,2000,0.4,0.1
-0.408304,0.093335,sumher,41,2000,0.4,0.1
1.780635,0.110341,sumher,42,2000,0.4,0.1
7.532342,0.148051,sumher,43,2000,0.4,0.1
-0.381237,0.093649,sumher,44,2000,0.4,0.1
21.339945,0.227078,sumher,45,2000,0.4,0.1
106.668897,0.658285,sumher,46,2000,0.4,0.1
34.522009,0.296689,sumher,47,2000,0.4,0.1
9.521931,0.160059,sumher,48,2000,0.4,0.1
48.844114,0.370526,sumher,49,2000,0.4,0.1
8.321572,0.152827,sumher,50,2000,0.4,0.1
22.968154,0.235627,sumher,51,2000,0.4,0.1
0.296875,0.09958,sumher,52,2000,0.4,0.1
73.694423,0.495527,sumher,53,2000,0.4,0.1
30.986032,0.278786,sumher,54,2000,0.4,0.1
129.828217,0.771528,sumher,55,2000,0.4,0.1
60.377603,0.428892,sumher,56,2000,0.4,0.1
58.816912,0.421199,sumher,57,2000,0.4,0.1
1.053456,0.104801,sumher,58,2000,0.4,0.1
11.894877,0.173997,sumher,59,2000,0.4,0.1
4.605066,0.129367,sumher,60,2000,0.4,0.1
73.690531,0.495293,sumher,61,2000,0.4,0.1
7.226722,0.146548,sumher,62,2000,0.4,0.1
1.493795,0.107955,sumher,63,2000,0.4,0.1
62.819726,0.441109,sumher,64,2000,0.4,0.1
95.017108,0.60133,sumher,65,2000,0.4,0.1
6.910021,0.14408,sumher,66,2000,0.4,0.1
0.162789,0.098972,sumher,67,2000,0.4,0.1
86.457457,0.558619,sumher,68,2000,0.4,0.1
56.485789,0.409602,sumher,69,2000,0.4,0.1
3.577204,0.122714,sumher,70,2000,0.4,0.1
-0.174331,0.095255,sumher,71,2000,0.4,0.1
33.629278,0.292179,sumher,72,2000,0.4,0.1
1.027421,0.105006,sumher,73,2000,0.4,0.1
10.334223,0.164483,sumher,74,2000,0.4,0.1
84.972546,0.551586,sumher,75,2000,0.4,0.1
3.005634,0.118943,sumher,76,2000,0.4,0.1
23.705901,0.239654,sumher,77,2000,0.4,0.1
31.097956,0.278816,sumher,78,2000,0.4,0.1
21.407066,0.226969,sumher,79,2000,0.4,0.1
1.694357,0.109467,sumher,80,2000,0.4,0.1
25.358404,0.248385,sumher,81,2000,0.4,0.1
32.82525,0.288131,sumher,82,2000,0.4,0.1
-0.011368,0.096382,sumher,83,2000,0.4,0.1
6.122624,0.139145,sumher,84,2000,0.4,0.1
6.509292,0.142044,sumher,85,2000,0.4,0.1
21.507113,0.227331,sumher,86,2000,0.4,0.1
30.020946,0.273146,sumher,87,2000,0.4,0.1
11.137205,0.16915,sumher,88,2000,0.4,0.1
1.129694,0.105654,sumher,89,2000,0.4,0.1
-0.111294,0.095913,sumher,90,2000,0.4,0.1
34.385678,0.296323,sumher,91,2000,0.4,0.1
19.131516,0.214124,sumher,92,2000,0.4,0.1
64.586449,0.449995,sumher,93,2000,0.4,0.1
20.188215,0.220266,sumher,94,2000,0.4,0.1
147.048478,0.855713,sumher,95,2000,0.4,0.1
48.245431,0.367419,sumher,96,2000,0.4,0.1
77.015033,0.51215,sumher,97,2000,0.4,0.1
32.547423,0.287301,sumher,98,2000,0.4,0.1
0.131561,0.09769,sumher,99,2000,0.4,0.1
0.870914,0.068388,sumher,0,20000,0.4,0.1
10.790002,0.169864,sumher,1,20000,0.4,0.1
27.767331,0.30185,sumher,2,20000,0.4,0.1
3.918074,0.105656,sumher,3,20000,0.4,0.1
45.116437,0.425417,sumher,4,20000,0.4,0.1
25.325268,0.283319,sumher,5,20000,0.4,0.1
11.604969,0.176623,sumher,6,20000,0.4,0.1
52.854237,0.479529,sumher,7,20000,0.4,0.1
40.601157,0.393587,sumher,8,20000,0.4,0.1
7.111545,0.136851,sumher,9,20000,0.4,0.1
-0.082554,0.051687,sumher,10,20000,0.4,0.1
4.106996,0.107724,sumher,11,20000,0.4,0.1
16.025759,0.21258,sumher,12,20000,0.4,0.1
11.132198,0.172889,sumher,13,20000,0.4,0.1
30.0086,0.318786,sumher,14,20000,0.4,0.1
0.922385,0.070064,sumher,15,20000,0.4,0.1
25.580149,0.285527,sumher,16,20000,0.4,0.1
4.120514,0.107257,sumher,17,20000,0.4,0.1
0.127742,0.055892,sumher,18,20000,0.4,0.1
32.505439,0.335803,sumher,19,20000,0.4,0.1
29.067778,0.311167,sumher,20,20000,0.4,0.1
3.602262,0.102635,sumher,21,20000,0.4,0.1
0.631967,0.065185,sumher,22,20000,0.4,0.1
0.129598,0.055851,sumher,23,20000,0.4,0.1
2.508301,0.089915,sumher,24,20000,0.4,0.1
2.685335,0.092147,sumher,25,20000,0.4,0.1
0.53096,0.062422,sumher,26,20000,0.4,0.1
16.002774,0.212169,sumher,27,20000,0.4,0.1
13.746847,0.193899,sumher,28,20000,0.4,0.1
3.927344,0.105791,sumher,29,20000,0.4,0.1
1.630039,0.078952,sumher,30,20000,0.4,0.1
0.931233,0.069545,sumher,31,20000,0.4,0.1
0.484225,0.061802,sumher,32,20000,0.4,0.1
2.826704,0.094112,sumher,33,20000,0.4,0.1
0.501394,0.062448,sumher,34,20000,0.4,0.1
7.698649,0.142548,sumher,35,20000,0.4,0.1
0.024771,0.05414,sumher,36,20000,0.4,0.1
29.177811,0.311808,sumher,37,20000,0.4,0.1
3.410922,0.100027,sumher,38,20000,0.4,0.1
13.918232,0.195722,sumher,39,20000,0.4,0.1
10.959978,0.171176,sumher,40,20000,0.4,0.1
-0.122149,0.050379,sumher,41,20000,0.4,0.1
0.538167,0.06292,sumher,42,20000,0.4,0.1
2.259435,0.086789,sumher,43,20000,0.4,0.1
-0.116047,0.051015,sumher,44,20000,0.4,0.1
6.37564,0.130745,sumher,45,20000,0.4,0.1
29.529265,0.314366,sumher,46,20000,0.4,0.1
10.128895,0.163966,sumher,47,20000,0.4,0.1
2.875228,0.094199,sumher,48,20000,0.4,0.1
14.087175,0.19692,sumher,49,20000,0.4,0.1
2.508532,0.089953,sumher,50,20000,0.4,0.1
6.809126,0.134269,sumher,51,20000,0.4,0.1
0.088657,0.054878,sumher,52,20000,0.4,0.1
20.840369,0.249937,sumher,53,20000,0.4,0.1
9.123426,0.155727,sumher,54,20000,0.4,0.1
35.491846,0.357325,sumher,55,20000,0.4,0.1
17.226542,0.221944,sumher,56,20000,0.4,0.1
16.810169,0.218772,sumher,57,20000,0.4,0.1
0.319885,0.059245,sumher,58,20000,0.4,0.1
3.627403,0.103027,sumher,59,20000,0.4,0.1
1.401452,0.075925,sumher,60,20000,0.4,0.1
20.72491,0.248561,sumher,61,20000,0.4,0.1
2.198839,0.08669,sumher,62,20000,0.4,0.1
0.45068,0.061255,sumher,63,20000,0.4,0.1
17.962422,0.227654,sumher,64,20000,0.4,0.1
26.666896,0.293806,sumher,65,20000,0.4,0.1
2.079427,0.084438,sumher,66,20000,0.4,0.1
0.050807,0.05557,sumher,67,20000,0.4,0.1
24.140457,0.27424,sumher,68,20000,0.4,0.1
16.20502,0.214148,sumher,69,20000,0.4,0.1
1.083064,0.071372,sumher,70,20000,0.4,0.1
-0.052647,0.052061,sumher,71,20000,0.4,0.1
9.83753,0.161297,sumher,72,20000,0.4,0.1
0.312436,0.059391,sumher,73,20000,0.4,0.1
3.090223,0.096173,sumher,74,20000,0.4,0.1
23.94346,0.273445,sumher,75,20000,0.4,0.1
0.92285,0.069437,sumher,76,20000,0.4,0.1
7.052724,0.136807,sumher,77,20000,0.4,0.1
9.153496,0.155724,sumher,78,20000,0.4,0.1
6.401489,0.130559,sumher,79,20000,0.4,0.1
0.507626,0.062043,sumher,80,20000,0.4,0.1
7.495736,0.140745,sumher,81,20000,0.4,0.1
9.660778,0.160345,sumher,82,20000,0.4,0.1
-0.003521,0.053631,sumher,83,20000,0.4,0.1
1.816476,0.080809,sumher,84,20000,0.4,0.1
1.954056,0.083196,sumher,85,20000,0.4,0.1
6.380816,0.130151,sumher,86,20000,0.4,0.1
8.829042,0.152487,sumher,87,20000,0.4,0.1
3.326488,0.098783,sumher,88,20000,0.4,0.1
0.341076,0.059637,sumher,89,20000,0.4,0.1
-0.033632,0.052545,sumher,90,20000,0.4,0.1
10.136564,0.164516,sumher,91,20000,0.4,0.1
5.628741,0.122418,sumher,92,20000,0.4,0.1
18.444473,0.231626,sumher,93,20000,0.4,0.1
5.981172,0.126312,sumher,94,20000,0.4,0.1
39.7704,0.387445,sumher,95,20000,0.4,0.1
13.89523,0.195029,sumher,96,20000,0.4,0.1
21.684852,0.256258,sumher,97,20000,0.4,0.1
9.637802,0.160707,sumher,98,20000,0.4,0.1
0.039487,0.053719,sumher,99,20000,0.4,0.1
0.553474,0.055501,sumher,0,50000,0.4,0.1
7.215005,0.14317,sumher,1,50000,0.4,0.1
18.552168,0.249056,sumher,2,50000,0.4,0.1
2.566734,0.088314,sumher,3,50000,0.4,0.1
30.019228,0.34406,sumher,4,50000,0.4,0.1
16.919783,0.234323,sumher,5,50000,0.4,0.1
7.717968,0.148314,sumher,6,50000,0.4,0.1
35.040229,0.384497,sumher,7,50000,0.4,0.1
27.108532,0.320343,sumher,8,50000,0.4,0.1
4.689798,0.114791,sumher,9,50000,0.4,0.1
-0.05152,0.040693,sumher,10,50000,0.4,0.1
2.690717,0.090118,sumher,11,50000,0.4,0.1
10.721931,0.178164,sumher,12,50000,0.4,0.1
7.413196,0.145301,sumher,13,50000,0.4,0.1
20.037599,0.262495,sumher,14,50000,0.4,0.1
0.589473,0.0571,sumher,15,50000,0.4,0.1
17.044309,0.235711,sumher,16,50000,0.4,0.1
2.688378,0.089387,sumher,17,50000,0.4,0.1
0.079611,0.044309,sumher,18,50000,0.4,0.1
21.770001,0.276066,sumher,19,50000,0.4,0.1
19.465428,0.256737,sumher,20,50000,0.4,0.1
2.346048,0.085562,sumher,21,50000,0.4,0.1
0.40034,0.052669,sumher,22,50000,0.4,0.1
0.081156,0.044376,sumher,23,50000,0.4,0.1
1.631617,0.074664,sumher,24,50000,0.4,0.1
1.744305,0.076522,sumher,25,50000,0.4,0.1
0.335274,0.050249,sumher,26,50000,0.4,0.1
10.667245,0.177236,sumher,27,50000,0.4,0.1
9.198646,0.162952,sumher,28,50000,0.4,0.1
2.578933,0.088512,sumher,29,50000,0.4,0.1
1.040845,0.06468,sumher,30,50000,0.4,0.1
0.596993,0.05677,sumher,31,50000,0.4,0.1
0.305676,0.049722,sumher,32,50000,0.4,0.1
1.824801,0.077954,sumher,33,50000,0.4,0.1
0.315651,0.050189,sumher,34,50000,0.4,0.1
5.078612,0.119605,sumher,35,50000,0.4,0.1
0.015345,0.042643,sumher,36,50000,0.4,0.1
19.4344,0.256225,sumher,37,50000,0.4,0.1
2.235664,0.083601,sumher,38,50000,0.4,0.1
9.248052,0.163751,sumher,39,50000,0.4,0.1
7.273433,0.143595,sumher,40,50000,0.4,0.1
-0.075426,0.039396,sumher,41,50000,0.4,0.1
0.342336,0.05085,sumher,42,50000,0.4,0.1
1.471408,0.072076,sumher,43,50000,0.4,0.1
-0.072156,0.040039,sumher,44,50000,0.4,0.1
4.210089,0.109941,sumher,45,50000,0.4,0.1
19.714813,0.258735,sumher,46,50000,0.4,0.1
6.738765,0.137956,sumher,47,50000,0.4,0.1
1.874919,0.078366,sumher,48,50000,0.4,0.1
9.378136,0.164874,sumher,49,50000,0.4,0.1
1.629233,0.074621,sumher,50,50000,0.4,0.1
4.519508,0.113138,sumher,51,50000,0.4,0.1
0.055357,0.043492,sumher,52,50000,0.4,0.1
13.910305,0.207811,sumher,53,50000,0.4,0.1
6.055062,0.130977,sumher,54,50000,0.4,0.1
23.674811,0.29215,sumher,55,50000,0.4,0.1
11.502132,0.185395,sumher,56,50000,0.4,0.1
11.212071,0.182717,sumher,57,50000,0.4,0.1
0.202979,0.047611,sumher,58,50000,0.4,0.1
2.370454,0.085967,sumher,59,50000,0.4,0.1
0.891995,0.061988,sumher,60,50000,0.4,0.1
13.79231,0.206114,sumher,61,50000,0.4,0.1
1.433938,0.072021,sumher,62,50000,0.4,0.1
0.28318,0.049113,sumher,63,50000,0.4,0.1
12.001391,0.190077,sumher,64,50000,0.4,0.1
17.909095,0.243652,sumher,65,50000,0.4,0.1
1.341421,0.069629,sumher,66,50000,0.4,0.1
0.032044,0.044218,sumher,67,50000,0.4,0.1
16.117552,0.226946,sumher,68,50000,0.4,0.1
10.790596,0.178832,sumher,69,50000,0.4,0.1
0.69024,0.05815,sumher,70,50000,0.4,0.1
-0.032511,0.04083,sumher,71,50000,0.4,0.1
6.530595,0.135509,sumher,72,50000,0.4,0.1
0.197746,0.04768,sumher,73,50000,0.4,0.1
1.982021,0.079275,sumher,74,50000,0.4,0.1
16.020478,0.226813,sumher,75,50000,0.4,0.1
0.58712,0.056489,sumher,76,50000,0.4,0.1
4.687233,0.115359,sumher,77,50000,0.4,0.1
6.0784,0.131061,sumher,78,50000,0.4,0.1
4.253403,0.110115,sumher,79,50000,0.4,0.1
0.315762,0.049553,sumher,80,50000,0.4,0.1
4.948031,0.118207,sumher,81,50000,0.4,0.1
6.441887,0.135218,sumher,82,50000,0.4,0.1
-0.002185,0.042293,sumher,83,50000,0.4,0.1
1.161875,0.066249,sumher,84,50000,0.4,0.1
1.24849,0.068249,sumher,85,50000,0.4,0.1
4.205845,0.109253,sumher,86,50000,0.4,0.1
5.866453,0.128226,sumher,87,50000,0.4,0.1
2.154692,0.081951,sumher,88,50000,0.4,0.1
0.210892,0.047342,sumher,89,50000,0.4,0.1
-0.020779,0.041252,sumher,90,50000,0.4,0.1
6.735197,0.138342,sumher,91,50000,0.4,0.1
3.681177,0.102311,sumher,92,50000,0.4,0.1
12.373537,0.193835,sumher,93,50000,0.4,0.1
3.951177,0.106189,sumher,94,50000,0.4,0.1
26.442767,0.31441,sumher,95,50000,0.4,0.1
9.2855,0.163634,sumher,96,50000,0.4,0.1
14.485256,0.212936,sumher,97,50000,0.4,0.1
6.411442,0.135342,sumher,98,50000,0.4,0.1
0.024727,0.042561,sumher,99,50000,0.4,0.1
4.947263,0.131764,sumher,0,2000,0.4,0.01
62.378589,0.438946,sumher,1,2000,0.4,0.01
-0.234221,0.094869,sumher,2,2000,0.4,0.01
56.290973,0.407986,sumher,3,2000,0.4,0.01
-0.210365,0.094299,sumher,4,2000,0.4,0.01
22.525873,0.233538,sumher,5,2000,0.4,0.01
0.655333,0.101366,sumher,6,2000,0.4,0.01
167.544099,0.955863,sumher,7,2000,0.4,0.01
10.97853,0.168619,sumher,8,2000,0.4,0.01
29.169411,0.269053,sumher,9,2000,0.4,0.01
45.504403,0.353486,sumher,10,2000,0.4,0.01
166.230867,0.949298,sumher,11,2000,0.4,0.01
33.533167,0.291975,sumher,12,2000,0.4,0.01
-0.482338,0.0931,sumher,13,2000,0.4,0.01
89.456006,0.573487,sumher,14,2000,0.4,0.01
0.933964,0.104057,sumher,15,2000,0.4,0.01
20.244723,0.22053,sumher,16,2000,0.4,0.01
42.731744,0.339104,sumher,17,2000,0.4,0.01
121.965537,0.733431,sumher,18,2000,0.4,0.01
175.582228,0.994575,sumher,19,2000,0.4,0.01
34.978356,0.299384,sumher,20,2000,0.4,0.01
164.264252,0.939406,sumher,21,2000,0.4,0.01
182.563938,1.0287,sumher,22,2000,0.4,0.01
37.143789,0.31068,sumher,23,2000,0.4,0.01
11.216122,0.170089,sumher,24,2000,0.4,0.01
208.020455,1.152102,sumher,25,2000,0.4,0.01
72.660836,0.490415,sumher,26,2000,0.4,0.01
31.263031,0.279819,sumher,27,2000,0.4,0.01
24.222064,0.242694,sumher,28,2000,0.4,0.01
47.214841,0.362311,sumher,29,2000,0.4,0.01
2.693182,0.116817,sumher,30,2000,0.4,0.01
100.226326,0.626909,sumher,31,2000,0.4,0.01
31.021769,0.278431,sumher,32,2000,0.4,0.01
0.669339,0.101442,sumher,33,2000,0.4,0.01
-0.163442,0.095711,sumher,34,2000,0.4,0.01
-0.323083,0.094209,sumher,35,2000,0.4,0.01
136.586,0.804907,sumher,36,2000,0.4,0.01
26.642999,0.255219,sumher,37,2000,0.4,0.01
1.583893,0.109315,sumher,38,2000,0.4,0.01
46.868581,0.36014,sumher,39,2000,0.4,0.01
71.827442,0.486478,sumher,40,2000,0.4,0.01
24.431553,0.243695,sumher,41,2000,0.4,0.01
10.542451,0.16652,sumher,42,2000,0.4,0.01
66.200475,0.458139,sumher,43,2000,0.4,0.01
33.61926,0.291712,sumher,44,2000,0.4,0.01
8.806052,0.155464,sumher,45,2000,0.4,0.01
0.304913,0.099227,sumher,46,2000,0.4,0.01
251.142171,1.361108,sumher,47,2000,0.4,0.01
22.020395,0.230584,sumher,48,2000,0.4,0.01
32.135791,0.284252,sumher,49,2000,0.4,0.01
0.618879,0.102084,sumher,50,2000,0.4,0.01
38.13147,0.315766,sumher,51,2000,0.4,0.01
-0.343634,0.093769,sumher,52,2000,0.4,0.01
0.859883,0.103796,sumher,53,2000,0.4,0.01
29.995705,0.272979,sumher,54,2000,0.4,0.01
220.124475,1.210727,sumher,55,2000,0.4,0.01
41.593191,0.333299,sumher,56,2000,0.4,0.01
0.899024,0.103313,sumher,57,2000,0.4,0.01
10.649346,0.166963,sumher,58,2000,0.4,0.01
1.403653,0.108502,sumher,59,2000,0.4,0.01
10.368099,0.165142,sumher,60,2000,0.4,0.01
0.572944,0.101512,sumher,61,2000,0.4,0.01
186.924083,1.049583,sumher,62,2000,0.4,0.01
95.73574,0.604333,sumher,63,2000,0.4,0.01
11.351908,0.170631,sumher,64,2000,0.4,0.01
60.6775,0.430976,sumher,65,2000,0.4,0.01
30.914444,0.278059,sumher,66,2000,0.4,0.01
0.856723,0.103254,sumher,67,2000,0.4,0.01
16.243198,0.199136,sumher,68,2000,0.4,0.01
194.146218,1.085004,sumher,69,2000,0.4,0.01
105.009599,0.650144,sumher,70,2000,0.4,0.01
14.108018,0.186528,sumher,71,2000,0.4,0.01
36.875314,0.308952,sumher,72,2000,0.4,0.01
85.906938,0.555937,sumher,73,2000,0.4,0.01
10.04962,0.162993,sumher,74,2000,0.4,0.01
13.700861,0.184211,sumher,75,2000,0.4,0.01
2.267135,0.113193,sumher,76,2000,0.4,0.01
21.963527,0.229727,sumher,77,2000,0.4,0.01
44.195826,0.346731,sumher,78,2000,0.4,0.01
8.827991,0.155699,sumher,79,2000,0.4,0.01
28.992866,0.268318,sumher,80,2000,0.4,0.01
8.087442,0.151278,sumher,81,2000,0.4,0.01
74.660057,0.500239,sumher,82,2000,0.4,0.01
34.208645,0.295132,sumher,83,2000,0.4,0.01
125.314067,0.749596,sumher,84,2000,0.4,0.01
70.611331,0.480106,sumher,85,2000,0.4,0.01
23.977833,0.241206,sumher,86,2000,0.4,0.01
26.167577,0.252692,sumher,87,2000,0.4,0.01
118.465888,0.716085,sumher,88,2000,0.4,0.01
42.303915,0.337165,sumher,89,2000,0.4,0.01
188.250366,1.056007,sumher,90,2000,0.4,0.01
31.845488,0.282353,sumher,91,2000,0.4,0.01
15.243252,0.19343,sumher,92,2000,0.4,0.01
74.038233,0.497104,sumher,93,2000,0.4,0.01
10.355491,0.164576,sumher,94,2000,0.4,0.01
11.709505,0.172965,sumher,95,2000,0.4,0.01
15.808036,0.196187,sumher,96,2000,0.4,0.01
3.605377,0.122715,sumher,97,2000,0.4,0.01
4.016376,0.125533,sumher,98,2000,0.4,0.01
0.061493,0.097662,sumher,99,2000,0.4,0.01
1.498596,0.077197,sumher,0,20000,0.4,0.01
17.803749,0.226798,sumher,1,20000,0.4,0.01
-0.07067,0.051729,sumher,2,20000,0.4,0.01
16.105701,0.212775,sumher,3,20000,0.4,0.01
-0.06382,0.051616,sumher,4,20000,0.4,0.01
6.722353,0.13422,sumher,5,20000,0.4,0.01
0.196573,0.056443,sumher,6,20000,0.4,0.01
45.051975,0.425011,sumher,7,20000,0.4,0.01
3.282724,0.0987,sumher,8,20000,0.4,0.01
8.60398,0.150852,sumher,9,20000,0.4,0.01
13.247538,0.190359,sumher,10,20000,0.4,0.01
44.645189,0.421961,sumher,11,20000,0.4,0.01
9.885507,0.162625,sumher,12,20000,0.4,0.01
-0.143489,0.049969,sumher,13,20000,0.4,0.01
25.00835,0.280922,sumher,14,20000,0.4,0.01
0.282472,0.058566,sumher,15,20000,0.4,0.01
6.005828,0.126448,sumher,16,20000,0.4,0.01
12.359112,0.182599,sumher,17,20000,0.4,0.01
33.500065,0.343149,sumher,18,20000,0.4,0.01
46.946074,0.438166,sumher,19,20000,0.4,0.01
10.270676,0.165613,sumher,20,20000,0.4,0.01
43.950654,0.416737,sumher,21,20000,0.4,0.01
48.662516,0.450215,sumher,22,20000,0.4,0.01
10.875685,0.170673,sumher,23,20000,0.4,0.01
3.355474,0.099486,sumher,24,20000,0.4,0.01
54.871257,0.492977,sumher,25,20000,0.4,0.01
20.624913,0.248487,sumher,26,20000,0.4,0.01
9.227532,0.156373,sumher,27,20000,0.4,0.01
7.176501,0.137992,sumher,28,20000,0.4,0.01
13.772593,0.194939,sumher,29,20000,0.4,0.01
0.806601,0.067031,sumher,30,20000,0.4,0.01
27.82001,0.30209,sumher,31,20000,0.4,0.01
9.106722,0.155095,sumher,32,20000,0.4,0.01
0.20262,0.05677,sumher,33,20000,0.4,0.01
-0.049873,0.0526,sumher,34,20000,0.4,0.01
-0.098675,0.051517,sumher,35,20000,0.4,0.01
37.074672,0.368491,sumher,36,20000,0.4,0.01
7.864738,0.144112,sumher,37,20000,0.4,0.01
0.49116,0.063088,sumher,38,20000,0.4,0.01
13.550007,0.19214,sumher,39,20000,0.4,0.01
20.480395,0.24734,sumher,40,20000,0.4,0.01
7.351111,0.140011,sumher,41,20000,0.4,0.01
3.162888,0.097633,sumher,42,20000,0.4,0.01
18.808652,0.234248,sumher,43,20000,0.4,0.01
9.85855,0.161435,sumher,44,20000,0.4,0.01
2.675286,0.092008,sumher,45,20000,0.4,0.01
0.092437,0.0551,sumher,46,20000,0.4,0.01
65.33629,0.564777,sumher,47,20000,0.4,0.01
6.583257,0.132455,sumher,48,20000,0.4,0.01
9.446807,0.157846,sumher,49,20000,0.4,0.01
0.185236,0.05674,sumher,50,20000,0.4,0.01
11.043219,0.171705,sumher,51,20000,0.4,0.01
-0.103028,0.050789,sumher,52,20000,0.4,0.01
0.260801,0.058422,sumher,53,20000,0.4,0.01
8.793967,0.152312,sumher,54,20000,0.4,0.01
57.784484,0.512715,sumher,55,20000,0.4,0.01
12.058543,0.180141,sumher,56,20000,0.4,0.01
0.269041,0.05776,sumher,57,20000,0.4,0.01
3.216986,0.098457,sumher,58,20000,0.4,0.01
0.422576,0.061418,sumher,59,20000,0.4,0.01
3.122393,0.097056,sumher,60,20000,0.4,0.01
0.173603,0.056739,sumher,61,20000,0.4,0.01
49.694771,0.456929,sumher,62,20000,0.4,0.01
26.711803,0.293733,sumher,63,20000,0.4,0.01
3.40792,0.100136,sumher,64,20000,0.4,0.01
17.487466,0.225099,sumher,65,20000,0.4,0.01
9.136594,0.155698,sumher,66,20000,0.4,0.01
0.256452,0.057676,sumher,67,20000,0.4,0.01
4.907098,0.116611,sumher,68,20000,0.4,0.01
51.720473,0.471859,sumher,69,20000,0.4,0.01
29.128822,0.311391,sumher,70,20000,0.4,0.01
4.212367,0.108752,sumher,71,20000,0.4,0.01
10.8014,0.169717,sumher,72,20000,0.4,0.01
24.170614,0.274898,sumher,73,20000,0.4,0.01
3.016411,0.09566,sumher,74,20000,0.4,0.01
4.11231,0.107744,sumher,75,20000,0.4,0.01
0.685598,0.064969,sumher,76,20000,0.4,0.01
6.508504,0.13117,sumher,77,20000,0.4,0.01
12.830071,0.186743,sumher,78,20000,0.4,0.01
2.640576,0.091284,sumher,79,20000,0.4,0.01
8.640018,0.152137,sumher,80,20000,0.4,0.01
2.41989,0.08856,sumher,81,20000,0.4,0.01
21.055423,0.251109,sumher,82,20000,0.4,0.01
9.999846,0.162878,sumher,83,20000,0.4,0.01
34.272956,0.348469,sumher,84,20000,0.4,0.01
20.064694,0.243804,sumher,85,20000,0.4,0.01
7.116036,0.137337,sumher,86,20000,0.4,0.01
7.769719,0.143247,sumher,87,20000,0.4,0.01
32.496956,0.335815,sumher,88,20000,0.4,0.01
12.297029,0.182291,sumher,89,20000,0.4,0.01
50.009479,0.459252,sumher,90,20000,0.4,0.01
9.335557,0.156844,sumher,91,20000,0.4,0.01
4.574239,0.112967,sumher,92,20000,0.4,0.01
21.02808,0.251317,sumher,93,20000,0.4,0.01
3.100567,0.096369,sumher,94,20000,0.4,0.01
3.531401,0.101781,sumher,95,20000,0.4,0.01
4.727365,0.11411,sumher,96,20000,0.4,0.01
1.094935,0.071525,sumher,97,20000,0.4,0.01
1.213359,0.073156,sumher,98,20000,0.4,0.01
0.018736,0.054011,sumher,99,20000,0.4,0.01
0.969355,0.063611,sumher,0,50000,0.4,0.01
11.904261,0.189611,sumher,1,50000,0.4,0.01
-0.043595,0.040516,sumher,2,50000,0.4,0.01
10.733339,0.177744,sumher,3,50000,0.4,0.01
-0.039575,0.040551,sumher,4,50000,0.4,0.01
4.47705,0.113457,sumher,5,50000,0.4,0.01
0.12247,0.044825,sumher,6,50000,0.4,0.01
29.879454,0.342791,sumher,7,50000,0.4,0.01
2.141907,0.08227,sumher,8,50000,0.4,0.01
5.727099,0.127069,sumher,9,50000,0.4,0.01
8.862558,0.160179,sumher,10,50000,0.4,0.01
29.764576,0.341759,sumher,11,50000,0.4,0.01
6.59134,0.137203,sumher,12,50000,0.4,0.01
-0.088739,0.039066,sumher,13,50000,0.4,0.01
16.687747,0.232256,sumher,14,50000,0.4,0.01
0.177249,0.046777,sumher,15,50000,0.4,0.01
3.96585,0.106303,sumher,16,50000,0.4,0.01
8.207534,0.152957,sumher,17,50000,0.4,0.01
22.305728,0.280684,sumher,18,50000,0.4,0.01
31.151841,0.35307,sumher,19,50000,0.4,0.01
6.859754,0.139706,sumher,20,50000,0.4,0.01
29.137379,0.336389,sumher,21,50000,0.4,0.01
32.334186,0.362626,sumher,22,50000,0.4,0.01
7.255103,0.143757,sumher,23,50000,0.4,0.01
2.189589,0.082921,sumher,24,50000,0.4,0.01
36.244115,0.393373,sumher,25,50000,0.4,0.01
13.833189,0.207347,sumher,26,50000,0.4,0.01
6.138017,0.131637,sumher,27,50000,0.4,0.01
4.749354,0.116001,sumher,28,50000,0.4,0.01
9.224575,0.164132,sumher,29,50000,0.4,0.01
0.512263,0.054344,sumher,30,50000,0.4,0.01
18.57294,0.249114,sumher,31,50000,0.4,0.01
6.039301,0.130438,sumher,32,50000,0.4,0.01
0.127267,0.045291,sumher,33,50000,0.4,0.01
-0.031015,0.041396,sumher,34,50000,0.4,0.01
-0.060985,0.040337,sumher,35,50000,0.4,0.01
24.658174,0.300004,sumher,36,50000,0.4,0.01
5.245166,0.121754,sumher,37,50000,0.4,0.01
0.308833,0.050694,sumher,38,50000,0.4,0.01
9.041715,0.161161,sumher,39,50000,0.4,0.01
13.730414,0.206343,sumher,40,50000,0.4,0.01
4.907799,0.118371,sumher,41,50000,0.4,0.01
2.057776,0.081169,sumher,42,50000,0.4,0.01
12.548477,0.195085,sumher,43,50000,0.4,0.01
6.535398,0.135558,sumher,44,50000,0.4,0.01
1.748417,0.076739,sumher,45,50000,0.4,0.01
0.057738,0.043682,sumher,46,50000,0.4,0.01
43.082419,0.446963,sumher,47,50000,0.4,0.01
4.374158,0.111657,sumher,48,50000,0.4,0.01
6.302182,0.133047,sumher,49,50000,0.4,0.01
0.114713,0.044904,sumher,50,50000,0.4,0.01
7.317582,0.143847,sumher,51,50000,0.4,0.01
-0.063972,0.03986,sumher,52,50000,0.4,0.01
0.163377,0.046598,sumher,53,50000,0.4,0.01
5.82291,0.127965,sumher,54,50000,0.4,0.01
38.212129,0.408493,sumher,55,50000,0.4,0.01
8.017907,0.150968,sumher,56,50000,0.4,0.01
0.167031,0.045867,sumher,57,50000,0.4,0.01
2.092411,0.081976,sumher,58,50000,0.4,0.01
0.266748,0.049347,sumher,59,50000,0.4,0.01
2.048491,0.081125,sumher,60,50000,0.4,0.01
0.109583,0.045329,sumher,61,50000,0.4,0.01
32.887649,0.366561,sumher,62,50000,0.4,0.01
17.83953,0.242565,sumher,63,50000,0.4,0.01
2.223781,0.083499,sumher,64,50000,0.4,0.01
11.684918,0.188318,sumher,65,50000,0.4,0.01
6.106477,0.131492,sumher,66,50000,0.4,0.01
0.161087,0.046063,sumher,67,50000,0.4,0.01
3.258079,0.098351,sumher,68,50000,0.4,0.01
34.421286,0.379847,sumher,69,50000,0.4,0.01
19.487807,0.256741,sumher,70,50000,0.4,0.01
2.762938,0.090993,sumher,71,50000,0.4,0.01
7.212356,0.142979,sumher,72,50000,0.4,0.01
16.160992,0.227857,sumher,73,50000,0.4,0.01
1.964714,0.07957,sumher,74,50000,0.4,0.01
2.683055,0.089907,sumher,75,50000,0.4,0.01
0.433422,0.052487,sumher,76,50000,0.4,0.01
4.286835,0.110057,sumher,77,50000,0.4,0.01
8.532349,0.156541,sumher,78,50000,0.4,0.01
1.708809,0.075659,sumher,79,50000,0.4,0.01
5.725707,0.128118,sumher,80,50000,0.4,0.01
1.5693,0.073317,sumher,81,50000,0.4,0.01
14.103376,0.209026,sumher,82,50000,0.4,0.01
6.647931,0.13696,sumher,83,50000,0.4,0.01
22.763292,0.284271,sumher,84,50000,0.4,0.01
13.425823,0.203166,sumher,85,50000,0.4,0.01
4.699547,0.115409,sumher,86,50000,0.4,0.01
5.136535,0.120299,sumher,87,50000,0.4,0.01
21.668986,0.275278,sumher,88,50000,0.4,0.01
8.197023,0.153108,sumher,89,50000,0.4,0.01
33.225099,0.369575,sumher,90,50000,0.4,0.01
6.175595,0.131684,sumher,91,50000,0.4,0.01
2.992858,0.094502,sumher,92,50000,0.4,0.01
14.045963,0.208971,sumher,93,50000,0.4,0.01
2.017118,0.080127,sumher,94,50000,0.4,0.01
2.291396,0.084641,sumher,95,50000,0.4,0.01
3.118473,0.095891,sumher,96,50000,0.4,0.01
0.700156,0.05839,sumher,97,50000,0.4,0.01
0.774148,0.059714,sumher,98,50000,0.4,0.01
0.011678,0.04267,sumher,99,50000,0.4,0.01
-0.035389,0.090556,sumher_ldak,0,2000,0.1,1.0
-0.083811,0.089831,sumher_ldak,1,2000,0.1,1.0
14.289487,0.184993,sumher_ldak,2,2000,0.1,1.0
-0.136922,0.089398,sumher_ldak,3,2000,0.1,1.0
19.075844,0.212384,sumher_ldak,4,2000,0.1,1.0
0.201342,0.092022,sumher_ldak,5,2000,0.1,1.0
1.210091,0.100418,sumher_ldak,6,2000,0.1,1.0
3.891912,0.119698,sumher_ldak,7,2000,0.1,1.0
0.568711,0.095373,sumher_ldak,8,2000,0.1,1.0
14.192264,0.184557,sumher_ldak,9,2000,0.1,1.0
1.225363,0.100718,sumher_ldak,10,2000,0.1,1.0
25.497866,0.248217,sumher_ldak,11,2000,0.1,1.0
4.979273,0.127952,sumher_ldak,12,2000,0.1,1.0
-0.540173,0.085794,sumher_ldak,13,2000,0.1,1.0
7.510735,0.143975,sumher_ldak,14,2000,0.1,1.0
34.092971,0.294035,sumher_ldak,15,2000,0.1,1.0
4.778278,0.126303,sumher_ldak,16,2000,0.1,1.0
16.657634,0.198718,sumher_ldak,17,2000,0.1,1.0
2.273633,0.10891,sumher_ldak,18,2000,0.1,1.0
15.920545,0.194404,sumher_ldak,19,2000,0.1,1.0
-0.667263,0.084765,sumher_ldak,20,2000,0.1,1.0
19.843155,0.216661,sumher_ldak,21,2000,0.1,1.0
11.389606,0.16762,sumher_ldak,22,2000,0.1,1.0
1.39432,0.102612,sumher_ldak,23,2000,0.1,1.0
17.487128,0.203233,sumher_ldak,24,2000,0.1,1.0
2.495468,0.11044,sumher_ldak,25,2000,0.1,1.0
27.194167,0.257292,sumher_ldak,26,2000,0.1,1.0
7.539503,0.144741,sumher_ldak,27,2000,0.1,1.0
-0.648094,0.084637,sumher_ldak,28,2000,0.1,1.0
7.489331,0.143966,sumher_ldak,29,2000,0.1,1.0
8.071564,0.147685,sumher_ldak,30,2000,0.1,1.0
-0.185484,0.089001,sumher_ldak,31,2000,0.1,1.0
0.575222,0.09522,sumher_ldak,32,2000,0.1,1.0
5.752222,0.132189,sumher_ldak,33,2000,0.1,1.0
-0.04222,0.089943,sumher_ldak,34,2000,0.1,1.0
10.417673,0.162149,sumher_ldak,35,2000,0.1,1.0
3.782854,0.11966,sumher_ldak,36,2000,0.1,1.0
17.891856,0.205973,sumher_ldak,37,2000,0.1,1.0
-0.580125,0.085512,sumher_ldak,38,2000,0.1,1.0
2.87217,0.113273,sumher_ldak,39,2000,0.1,1.0
2.195677,0.108067,sumher_ldak,40,2000,0.1,1.0
1.376593,0.102266,sumher_ldak,41,2000,0.1,1.0
3.408904,0.116825,sumher_ldak,42,2000,0.1,1.0
41.35756,0.333058,sumher_ldak,43,2000,0.1,1.0
33.561809,0.29196,sumher_ldak,44,2000,0.1,1.0
8.60454,0.151134,sumher_ldak,45,2000,0.1,1.0
7.627933,0.144623,sumher_ldak,46,2000,0.1,1.0
9.294955,0.155643,sumher_ldak,47,2000,0.1,1.0
8.271929,0.148702,sumher_ldak,48,2000,0.1,1.0
-0.240587,0.088688,sumher_ldak,49,2000,0.1,1.0
2.468775,0.11036,sumher_ldak,50,2000,0.1,1.0
-0.593989,0.08537,sumher_ldak,51,2000,0.1,1.0
-0.335685,0.087767,sumher_ldak,52,2000,0.1,1.0
18.727365,0.210199,sumher_ldak,53,2000,0.1,1.0
21.412259,0.225576,sumher_ldak,54,2000,0.1,1.0
8.117619,0.147724,sumher_ldak,55,2000,0.1,1.0
0.764837,0.096608,sumher_ldak,56,2000,0.1,1.0
-0.445692,0.08625,sumher_ldak,57,2000,0.1,1.0
18.204314,0.207176,sumher_ldak,58,2000,0.1,1.0
3.46299,0.117377,sumher_ldak,59,2000,0.1,1.0
4.508178,0.124232,sumher_ldak,60,2000,0.1,1.0
53.688575,0.396812,sumher_ldak,61,2000,0.1,1.0
22.230221,0.2299,sumher_ldak,62,2000,0.1,1.0
10.581426,0.163431,sumher_ldak,63,2000,0.1,1.0
3.187241,0.115348,sumher_ldak,64,2000,0.1,1.0
18.119229,0.206906,sumher_ldak,65,2000,0.1,1.0
15.75252,0.193622,sumher_ldak,66,2000,0.1,1.0
1.307906,0.101003,sumher_ldak,67,2000,0.1,1.0
0.990901,0.098894,sumher_ldak,68,2000,0.1,1.0
-0.484026,0.086753,sumher_ldak,69,2000,0.1,1.0
5.453983,0.130128,sumher_ldak,70,2000,0.1,1.0
2.977467,0.11378,sumher_ldak,71,2000,0.1,1.0
3.060845,0.114463,sumher_ldak,72,2000,0.1,1.0
17.007935,0.200663,sumher_ldak,73,2000,0.1,1.0
5.756708,0.133074,sumher_ldak,74,2000,0.1,1.0
17.679318,0.205011,sumher_ldak,75,2000,0.1,1.0
2.771926,0.112037,sumher_ldak,76,2000,0.1,1.0
0.003761,0.090395,sumher_ldak,77,2000,0.1,1.0
21.854873,0.228209,sumher_ldak,78,2000,0.1,1.0
25.161533,0.246638,sumher_ldak,79,2000,0.1,1.0
-0.42321,0.085723,sumher_ldak,80,2000,0.1,1.0
4.456131,0.124156,sumher_ldak,81,2000,0.1,1.0
-0.464526,0.086133,sumher_ldak,82,2000,0.1,1.0
19.768922,0.21662,sumher_ldak,83,2000,0.1,1.0
7.309516,0.142435,sumher_ldak,84,2000,0.1,1.0
13.349116,0.179738,sumher_ldak,85,2000,0.1,1.0
1.534592,0.103733,sumher_ldak,86,2000,0.1,1.0
2.021287,0.106939,sumher_ldak,87,2000,0.1,1.0
0.04292,0.090633,sumher_ldak,88,2000,0.1,1.0
78.481259,0.522729,sumher_ldak,89,2000,0.1,1.0
5.309794,0.130179,sumher_ldak,90,2000,0.1,1.0
20.010415,0.217849,sumher_ldak,91,2000,0.1,1.0
5.403586,0.130147,sumher_ldak,92,2000,0.1,1.0
0.702884,0.096808,sumher_ldak,93,2000,0.1,1.0
0.826291,0.097774,sumher_ldak,94,2000,0.1,1.0
5.160095,0.128707,sumher_ldak,95,2000,0.1,1.0
13.338509,0.179294,sumher_ldak,96,2000,0.1,1.0
6.695273,0.139371,sumher_ldak,97,2000,0.1,1.0
0.217479,0.093073,sumher_ldak,98,2000,0.1,1.0
39.839757,0.325439,sumher_ldak,99,2000,0.1,1.0
-0.011073,0.049716,sumher_ldak,0,20000,0.1,1.0
-0.023548,0.049527,sumher_ldak,1,20000,0.1,1.0
4.192497,0.105162,sumher_ldak,2,20000,0.1,1.0
-0.041231,0.049101,sumher_ldak,3,20000,0.1,1.0
5.590193,0.119552,sumher_ldak,4,20000,0.1,1.0
0.060284,0.050927,sumher_ldak,5,20000,0.1,1.0
0.36262,0.056362,sumher_ldak,6,20000,0.1,1.0
1.168196,0.069076,sumher_ldak,7,20000,0.1,1.0
0.173243,0.05323,sumher_ldak,8,20000,0.1,1.0
4.210853,0.105837,sumher_ldak,9,20000,0.1,1.0
0.370068,0.057003,sumher_ldak,10,20000,0.1,1.0
7.407861,0.136904,sumher_ldak,11,20000,0.1,1.0
1.498408,0.074128,sumher_ldak,12,20000,0.1,1.0
-0.160823,0.046098,sumher_ldak,13,20000,0.1,1.0
2.193137,0.082223,sumher_ldak,14,20000,0.1,1.0
9.731254,0.157133,sumher_ldak,15,20000,0.1,1.0
1.422291,0.07268,sumher_ldak,16,20000,0.1,1.0
4.876581,0.112357,sumher_ldak,17,20000,0.1,1.0
0.686538,0.06233,sumher_ldak,18,20000,0.1,1.0
4.738632,0.111233,sumher_ldak,19,20000,0.1,1.0
-0.197378,0.045449,sumher_ldak,20,20000,0.1,1.0
5.761268,0.12082,sumher_ldak,21,20000,0.1,1.0
3.361553,0.096299,sumher_ldak,22,20000,0.1,1.0
0.424908,0.058283,sumher_ldak,23,20000,0.1,1.0
5.107954,0.114567,sumher_ldak,24,20000,0.1,1.0
0.75852,0.063598,sumher_ldak,25,20000,0.1,1.0
7.853878,0.140825,sumher_ldak,26,20000,0.1,1.0
2.26683,0.084306,sumher_ldak,27,20000,0.1,1.0
-0.194817,0.04574,sumher_ldak,28,20000,0.1,1.0
2.23784,0.083406,sumher_ldak,29,20000,0.1,1.0
2.412636,0.085669,sumher_ldak,30,20000,0.1,1.0
-0.05632,0.048418,sumher_ldak,31,20000,0.1,1.0
0.174353,0.053066,sumher_ldak,32,20000,0.1,1.0
1.73153,0.076823,sumher_ldak,33,20000,0.1,1.0
-0.011981,0.049488,sumher_ldak,34,20000,0.1,1.0
3.094184,0.093627,sumher_ldak,35,20000,0.1,1.0
1.138802,0.069154,sumher_ldak,36,20000,0.1,1.0
5.258624,0.116519,sumher_ldak,37,20000,0.1,1.0
-0.172773,0.046022,sumher_ldak,38,20000,0.1,1.0
0.864071,0.065039,sumher_ldak,39,20000,0.1,1.0
0.669588,0.062127,sumher_ldak,40,20000,0.1,1.0
0.417356,0.057992,sumher_ldak,41,20000,0.1,1.0
1.023407,0.067298,sumher_ldak,42,20000,0.1,1.0
11.743435,0.175158,sumher_ldak,43,20000,0.1,1.0
9.74192,0.158387,sumher_ldak,44,20000,0.1,1.0
2.563025,0.087554,sumher_ldak,45,20000,0.1,1.0
2.262409,0.083509,sumher_ldak,46,20000,0.1,1.0
2.746321,0.089655,sumher_ldak,47,20000,0.1,1.0
2.436888,0.085328,sumher_ldak,48,20000,0.1,1.0
-0.072845,0.048688,sumher_ldak,49,20000,0.1,1.0
0.74389,0.063098,sumher_ldak,50,20000,0.1,1.0
-0.175705,0.045735,sumher_ldak,51,20000,0.1,1.0
-0.100008,0.048293,sumher_ldak,52,20000,0.1,1.0
5.515204,0.118787,sumher_ldak,53,20000,0.1,1.0
6.251719,0.125924,sumher_ldak,54,20000,0.1,1.0
2.435738,0.085883,sumher_ldak,55,20000,0.1,1.0
0.229969,0.053939,sumher_ldak,56,20000,0.1,1.0
-0.134506,0.046966,sumher_ldak,57,20000,0.1,1.0
5.297641,0.11624,sumher_ldak,58,20000,0.1,1.0
1.051615,0.068088,sumher_ldak,59,20000,0.1,1.0
1.333284,0.07121,sumher_ldak,60,20000,0.1,1.0
15.119627,0.202815,sumher_ldak,61,20000,0.1,1.0
6.488253,0.127853,sumher_ldak,62,20000,0.1,1.0
3.162736,0.094714,sumher_ldak,63,20000,0.1,1.0
0.950655,0.065998,sumher_ldak,64,20000,0.1,1.0
5.310793,0.116688,sumher_ldak,65,20000,0.1,1.0
4.664391,0.110453,sumher_ldak,66,20000,0.1,1.0
0.392911,0.057027,sumher_ldak,67,20000,0.1,1.0
0.298242,0.055498,sumher_ldak,68,20000,0.1,1.0
-0.145024,0.047095,sumher_ldak,69,20000,0.1,1.0
1.625829,0.075107,sumher_ldak,70,20000,0.1,1.0
0.897874,0.065487,sumher_ldak,71,20000,0.1,1.0
0.916025,0.065615,sumher_ldak,72,20000,0.1,1.0
4.957768,0.113044,sumher_ldak,73,20000,0.1,1.0
1.731824,0.077348,sumher_ldak,74,20000,0.1,1.0
5.250902,0.116743,sumher_ldak,75,20000,0.1,1.0
0.82847,0.064012,sumher_ldak,76,20000,0.1,1.0
0.000954,0.049541,sumher_ldak,77,20000,0.1,1.0
6.425482,0.128021,sumher_ldak,78,20000,0.1,1.0
7.354908,0.136838,sumher_ldak,79,20000,0.1,1.0
-0.131917,0.047104,sumher_ldak,80,20000,0.1,1.0
1.341944,0.071849,sumher_ldak,81,20000,0.1,1.0
-0.139454,0.046695,sumher_ldak,82,20000,0.1,1.0
5.827444,0.122378,sumher_ldak,83,20000,0.1,1.0
2.179609,0.082463,sumher_ldak,84,20000,0.1,1.0
3.957894,0.103041,sumher_ldak,85,20000,0.1,1.0
0.458674,0.058651,sumher_ldak,86,20000,0.1,1.0
0.609805,0.0609,sumher_ldak,87,20000,0.1,1.0
0.011572,0.049875,sumher_ldak,88,20000,0.1,1.0
21.627015,0.253636,sumher_ldak,89,20000,0.1,1.0
1.588556,0.075378,sumher_ldak,90,20000,0.1,1.0
5.869294,0.122438,sumher_ldak,91,20000,0.1,1.0
1.61396,0.075294,sumher_ldak,92,20000,0.1,1.0
0.21418,0.054242,sumher_ldak,93,20000,0.1,1.0
0.252587,0.054845,sumher_ldak,94,20000,0.1,1.0
1.551087,0.074689,sumher_ldak,95,20000,0.1,1.0
3.931705,0.102382,sumher_ldak,96,20000,0.1,1.0
1.999472,0.080742,sumher_ldak,97,20000,0.1,1.0
0.064021,0.051293,sumher_ldak,98,20000,0.1,1.0
11.391682,0.172431,sumher_ldak,99,20000,0.1,1.0
-0.007017,0.039116,sumher_ldak,0,50000,0.1,1.0
-0.014172,0.038965,sumher_ldak,1,50000,0.1,1.0
2.738372,0.08758,sumher_ldak,2,50000,0.1,1.0
-0.025667,0.038538,sumher_ldak,3,50000,0.1,1.0
3.66836,0.099849,sumher_ldak,4,50000,0.1,1.0
0.03743,0.040369,sumher_ldak,5,50000,0.1,1.0
0.226427,0.044968,sumher_ldak,6,50000,0.1,1.0
0.740462,0.056159,sumher_ldak,7,50000,0.1,1.0
0.10905,0.042392,sumher_ldak,8,50000,0.1,1.0
2.744769,0.08815,sumher_ldak,9,50000,0.1,1.0
0.231992,0.045583,sumher_ldak,10,50000,0.1,1.0
4.895526,0.114673,sumher_ldak,11,50000,0.1,1.0
0.963753,0.060807,sumher_ldak,12,50000,0.1,1.0
-0.098256,0.035784,sumher_ldak,13,50000,0.1,1.0
1.414427,0.06777,sumher_ldak,14,50000,0.1,1.0
6.447417,0.131417,sumher_ldak,15,50000,0.1,1.0
0.910724,0.059487,sumher_ldak,16,50000,0.1,1.0
3.198137,0.093824,sumher_ldak,17,50000,0.1,1.0
0.437459,0.050529,sumher_ldak,18,50000,0.1,1.0
3.118249,0.0931,sumher_ldak,19,50000,0.1,1.0
-0.120971,0.035306,sumher_ldak,20,50000,0.1,1.0
3.785199,0.100891,sumher_ldak,21,50000,0.1,1.0
2.173216,0.079787,sumher_ldak,22,50000,0.1,1.0
0.266158,0.046659,sumher_ldak,23,50000,0.1,1.0
3.361636,0.095867,sumher_ldak,24,50000,0.1,1.0
0.486821,0.051817,sumher_ldak,25,50000,0.1,1.0
5.169992,0.117607,sumher_ldak,26,50000,0.1,1.0
1.463098,0.069654,sumher_ldak,27,50000,0.1,1.0
-0.119371,0.035542,sumher_ldak,28,50000,0.1,1.0
1.451673,0.069039,sumher_ldak,29,50000,0.1,1.0
1.566851,0.071003,sumher_ldak,30,50000,0.1,1.0
-0.034811,0.037835,sumher_ldak,31,50000,0.1,1.0
0.108496,0.042127,sumher_ldak,32,50000,0.1,1.0
1.12195,0.063448,sumher_ldak,33,50000,0.1,1.0
-0.007424,0.039042,sumher_ldak,34,50000,0.1,1.0
1.998946,0.07747,sumher_ldak,35,50000,0.1,1.0
0.727529,0.056442,sumher_ldak,36,50000,0.1,1.0
3.440457,0.097237,sumher_ldak,37,50000,0.1,1.0
-0.106388,0.035907,sumher_ldak,38,50000,0.1,1.0
0.551302,0.052897,sumher_ldak,39,50000,0.1,1.0
0.42527,0.050299,sumher_ldak,40,50000,0.1,1.0
0.264465,0.04669,sumher_ldak,41,50000,0.1,1.0
0.656368,0.05496,sumher_ldak,42,50000,0.1,1.0
7.760341,0.145947,sumher_ldak,43,50000,0.1,1.0
6.463594,0.132703,sumher_ldak,44,50000,0.1,1.0
1.649892,0.072246,sumher_ldak,45,50000,0.1,1.0
1.464498,0.069071,sumher_ldak,46,50000,0.1,1.0
1.764379,0.073858,sumher_ldak,47,50000,0.1,1.0
1.563462,0.070154,sumher_ldak,48,50000,0.1,1.0
-0.045009,0.038165,sumher_ldak,49,50000,0.1,1.0
0.469656,0.050954,sumher_ldak,50,50000,0.1,1.0
-0.107378,0.0355,sumher_ldak,51,50000,0.1,1.0
-0.061894,0.03793,sumher_ldak,52,50000,0.1,1.0
3.636865,0.099538,sumher_ldak,53,50000,0.1,1.0
4.144295,0.105788,sumher_ldak,54,50000,0.1,1.0
1.570146,0.070907,sumher_ldak,55,50000,0.1,1.0
0.14354,0.042918,sumher_ldak,56,50000,0.1,1.0
-0.082961,0.036679,sumher_ldak,57,50000,0.1,1.0
3.465765,0.096915,sumher_ldak,58,50000,0.1,1.0
0.673632,0.055592,sumher_ldak,59,50000,0.1,1.0
0.855036,0.058275,sumher_ldak,60,50000,0.1,1.0
10.080839,0.169156,sumher_ldak,61,50000,0.1,1.0
4.272144,0.106852,sumher_ldak,62,50000,0.1,1.0
2.071324,0.078999,sumher_ldak,63,50000,0.1,1.0
0.602672,0.053523,sumher_ldak,64,50000,0.1,1.0
3.492254,0.097589,sumher_ldak,65,50000,0.1,1.0
3.063444,0.092329,sumher_ldak,66,50000,0.1,1.0
0.246171,0.045636,sumher_ldak,67,50000,0.1,1.0
0.185009,0.044101,sumher_ldak,68,50000,0.1,1.0
-0.089253,0.0368,sumher_ldak,69,50000,0.1,1.0
1.046804,0.061729,sumher_ldak,70,50000,0.1,1.0
0.566772,0.052979,sumher_ldak,71,50000,0.1,1.0
0.575913,0.052987,sumher_ldak,72,50000,0.1,1.0
3.234673,0.094032,sumher_ldak,73,50000,0.1,1.0
1.107133,0.063389,sumher_ldak,74,50000,0.1,1.0
3.481222,0.09811,sumher_ldak,75,50000,0.1,1.0
0.533051,0.052257,sumher_ldak,76,50000,0.1,1.0
0.000249,0.039103,sumher_ldak,77,50000,0.1,1.0
4.274118,0.107814,sumher_ldak,78,50000,0.1,1.0
4.867548,0.114723,sumher_ldak,79,50000,0.1,1.0
-0.082028,0.036883,sumher_ldak,80,50000,0.1,1.0
0.862963,0.058927,sumher_ldak,81,50000,0.1,1.0
-0.08595,0.036458,sumher_ldak,82,50000,0.1,1.0
3.84904,0.102639,sumher_ldak,83,50000,0.1,1.0
1.410649,0.068158,sumher_ldak,84,50000,0.1,1.0
2.599908,0.086149,sumher_ldak,85,50000,0.1,1.0
0.290097,0.047236,sumher_ldak,86,50000,0.1,1.0
0.386923,0.049209,sumher_ldak,87,50000,0.1,1.0
0.006957,0.039426,sumher_ldak,88,50000,0.1,1.0
14.422441,0.209635,sumher_ldak,89,50000,0.1,1.0
1.011943,0.061598,sumher_ldak,90,50000,0.1,1.0
3.851283,0.102291,sumher_ldak,91,50000,0.1,1.0
1.037572,0.061852,sumher_ldak,92,50000,0.1,1.0
0.134196,0.043177,sumher_ldak,93,50000,0.1,1.0
0.157914,0.043647,sumher_ldak,94,50000,0.1,1.0
0.999227,0.061384,sumher_ldak,95,50000,0.1,1.0
2.567702,0.085218,sumher_ldak,96,50000,0.1,1.0
1.303565,0.066924,sumher_ldak,97,50000,0.1,1.0
0.039535,0.040612,sumher_ldak,98,50000,0.1,1.0
7.550974,0.143971,sumher_ldak,99,50000,0.1,1.0
1.457649,0.102478,sumher_ldak,0,2000,0.1,0.1
11.425078,0.168515,sumher_ldak,1,2000,0.1,0.1
11.261331,0.166944,sumher_ldak,2,2000,0.1,0.1
18.780355,0.21109,sumher_ldak,3,2000,0.1,0.1
0.29316,0.093265,sumher_ldak,4,2000,0.1,0.1
5.296634,0.129474,sumher_ldak,5,2000,0.1,0.1
5.783986,0.133094,sumher_ldak,6,2000,0.1,0.1
3.190371,0.115304,sumher_ldak,7,2000,0.1,0.1
1.756869,0.104759,sumher_ldak,8,2000,0.1,0.1
10.358901,0.161711,sumher_ldak,9,2000,0.1,0.1
10.15549,0.160375,sumher_ldak,10,2000,0.1,0.1
21.11815,0.224123,sumher_ldak,11,2000,0.1,0.1
7.741805,0.14543,sumher_ldak,12,2000,0.1,0.1
-0.181869,0.089235,sumher_ldak,13,2000,0.1,0.1
3.994922,0.120757,sumher_ldak,14,2000,0.1,0.1
38.324722,0.317287,sumher_ldak,15,2000,0.1,0.1
9.309386,0.155075,sumher_ldak,16,2000,0.1,0.1
5.076829,0.128209,sumher_ldak,17,2000,0.1,0.1
19.799098,0.216508,sumher_ldak,18,2000,0.1,0.1
-0.512586,0.086299,sumher_ldak,19,2000,0.1,0.1
3.322379,0.116125,sumher_ldak,20,2000,0.1,0.1
13.835707,0.182363,sumher_ldak,21,2000,0.1,0.1
2.582576,0.111418,sumher_ldak,22,2000,0.1,0.1
0.154526,0.091311,sumher_ldak,23,2000,0.1,0.1
8.987512,0.153412,sumher_ldak,24,2000,0.1,0.1
-0.350749,0.087454,sumher_ldak,25,2000,0.1,0.1
1.585003,0.103983,sumher_ldak,26,2000,0.1,0.1
-0.208546,0.089282,sumher_ldak,27,2000,0.1,0.1
43.27264,0.343412,sumher_ldak,28,2000,0.1,0.1
-0.619965,0.085116,sumher_ldak,29,2000,0.1,0.1
2.173405,0.10832,sumher_ldak,30,2000,0.1,0.1
14.338158,0.185318,sumher_ldak,31,2000,0.1,0.1
5.14015,0.128778,sumher_ldak,32,2000,0.1,0.1
2.188433,0.108529,sumher_ldak,33,2000,0.1,0.1
-0.525665,0.085953,sumher_ldak,34,2000,0.1,0.1
5.365856,0.130348,sumher_ldak,35,2000,0.1,0.1
6.31161,0.136437,sumher_ldak,36,2000,0.1,0.1
9.028773,0.153669,sumher_ldak,37,2000,0.1,0.1
14.258181,0.184648,sumher_ldak,38,2000,0.1,0.1
35.551178,0.302155,sumher_ldak,39,2000,0.1,0.1
77.259931,0.516967,sumher_ldak,40,2000,0.1,0.1
3.938157,0.120424,sumher_ldak,41,2000,0.1,0.1
22.221396,0.230411,sumher_ldak,42,2000,0.1,0.1
0.021425,0.090681,sumher_ldak,43,2000,0.1,0.1
14.288602,0.185167,sumher_ldak,44,2000,0.1,0.1
15.798798,0.194092,sumher_ldak,45,2000,0.1,0.1
16.814956,0.199555,sumher_ldak,46,2000,0.1,0.1
23.266431,0.235732,sumher_ldak,47,2000,0.1,0.1
13.096922,0.178231,sumher_ldak,48,2000,0.1,0.1
0.136741,0.091934,sumher_ldak,49,2000,0.1,0.1
95.893312,0.609785,sumher_ldak,50,2000,0.1,0.1
15.04071,0.189856,sumher_ldak,51,2000,0.1,0.1
0.07094,0.090428,sumher_ldak,52,2000,0.1,0.1
53.85787,0.39792,sumher_ldak,53,2000,0.1,0.1
8.796786,0.151768,sumher_ldak,54,2000,0.1,0.1
0.314588,0.093332,sumher_ldak,55,2000,0.1,0.1
22.58583,0.232192,sumher_ldak,56,2000,0.1,0.1
5.250785,0.129018,sumher_ldak,57,2000,0.1,0.1
2.468161,0.109842,sumher_ldak,58,2000,0.1,0.1
2.152301,0.107416,sumher_ldak,59,2000,0.1,0.1
3.249196,0.115499,sumher_ldak,60,2000,0.1,0.1
-0.366014,0.087369,sumher_ldak,61,2000,0.1,0.1
11.691865,0.169747,sumher_ldak,62,2000,0.1,0.1
6.716587,0.139065,sumher_ldak,63,2000,0.1,0.1
1.163683,0.100366,sumher_ldak,64,2000,0.1,0.1
7.066513,0.141495,sumher_ldak,65,2000,0.1,0.1
37.821217,0.314131,sumher_ldak,66,2000,0.1,0.1
8.638556,0.151502,sumher_ldak,67,2000,0.1,0.1
2.878147,0.113142,sumher_ldak,68,2000,0.1,0.1
20.178088,0.218777,sumher_ldak,69,2000,0.1,0.1
4.882877,0.12674,sumher_ldak,70,2000,0.1,0.1
8.531757,0.150491,sumher_ldak,71,2000,0.1,0.1
9.8617,0.158308,sumher_ldak,72,2000,0.1,0.1
0.681276,0.096013,sumher_ldak,73,2000,0.1,0.1
5.442597,0.130626,sumher_ldak,74,2000,0.1,0.1
4.426704,0.123179,sumher_ldak,75,2000,0.1,0.1
9.017152,0.153468,sumher_ldak,76,2000,0.1,0.1
23.432446,0.23658,sumher_ldak,77,2000,0.1,0.1
4.701723,0.125607,sumher_ldak,78,2000,0.1,0.1
9.630491,0.15681,sumher_ldak,79,2000,0.1,0.1
3.270001,0.116001,sumher_ldak,80,2000,0.1,0.1
0.660636,0.096686,sumher_ldak,81,2000,0.1,0.1
0.989624,0.099531,sumher_ldak,82,2000,0.1,0.1
-0.618168,0.085353,sumher_ldak,83,2000,0.1,0.1
-0.288315,0.08813,sumher_ldak,84,2000,0.1,0.1
-0.240737,0.088881,sumher_ldak,85,2000,0.1,0.1
24.90094,0.245244,sumher_ldak,86,2000,0.1,0.1
-0.506265,0.085876,sumher_ldak,87,2000,0.1,0.1
13.747191,0.182158,sumher_ldak,88,2000,0.1,0.1
0.608757,0.095453,sumher_ldak,89,2000,0.1,0.1
16.336707,0.196834,sumher_ldak,90,2000,0.1,0.1
19.23165,0.213342,sumher_ldak,91,2000,0.1,0.1
-0.451848,0.086392,sumher_ldak,92,2000,0.1,0.1
9.076084,0.154014,sumher_ldak,93,2000,0.1,0.1
6.545898,0.137592,sumher_ldak,94,2000,0.1,0.1
31.011311,0.278332,sumher_ldak,95,2000,0.1,0.1
-0.590133,0.084596,sumher_ldak,96,2000,0.1,0.1
19.23691,0.213532,sumher_ldak,97,2000,0.1,0.1
-0.675528,0.083043,sumher_ldak,98,2000,0.1,0.1
-0.427767,0.087408,sumher_ldak,99,2000,0.1,0.1
0.441326,0.058079,sumher_ldak,0,20000,0.1,0.1
3.392573,0.097102,sumher_ldak,1,20000,0.1,0.1
3.337514,0.096072,sumher_ldak,2,20000,0.1,0.1
5.538833,0.119275,sumher_ldak,3,20000,0.1,0.1
0.088888,0.051738,sumher_ldak,4,20000,0.1,0.1
1.592059,0.075095,sumher_ldak,5,20000,0.1,0.1
1.739789,0.077286,sumher_ldak,6,20000,0.1,0.1
0.949206,0.065919,sumher_ldak,7,20000,0.1,0.1
0.533848,0.059786,sumher_ldak,8,20000,0.1,0.1
3.069593,0.093207,sumher_ldak,9,20000,0.1,0.1
3.02179,0.092677,sumher_ldak,10,20000,0.1,0.1
6.176381,0.12565,sumher_ldak,11,20000,0.1,0.1
2.312268,0.084235,sumher_ldak,12,20000,0.1,0.1
-0.055925,0.049088,sumher_ldak,13,20000,0.1,0.1
1.19175,0.069344,sumher_ldak,14,20000,0.1,0.1
10.958401,0.168632,sumher_ldak,15,20000,0.1,0.1
2.787311,0.089932,sumher_ldak,16,20000,0.1,0.1
1.527864,0.074413,sumher_ldak,17,20000,0.1,0.1
5.799914,0.121616,sumher_ldak,18,20000,0.1,0.1
-0.154033,0.046608,sumher_ldak,19,20000,0.1,0.1
0.993682,0.066525,sumher_ldak,20,20000,0.1,0.1
4.100233,0.104554,sumher_ldak,21,20000,0.1,0.1
0.774654,0.063659,sumher_ldak,22,20000,0.1,0.1
0.047033,0.050288,sumher_ldak,23,20000,0.1,0.1
2.697497,0.089113,sumher_ldak,24,20000,0.1,0.1
-0.107826,0.048046,sumher_ldak,25,20000,0.1,0.1
0.474371,0.058745,sumher_ldak,26,20000,0.1,0.1
-0.063733,0.049061,sumher_ldak,27,20000,0.1,0.1
12.37304,0.180667,sumher_ldak,28,20000,0.1,0.1
-0.187599,0.045944,sumher_ldak,29,20000,0.1,0.1
0.654655,0.061783,sumher_ldak,30,20000,0.1,0.1
4.242146,0.105942,sumher_ldak,31,20000,0.1,0.1
1.557433,0.075047,sumher_ldak,32,20000,0.1,0.1
0.65763,0.061822,sumher_ldak,33,20000,0.1,0.1
-0.157716,0.046552,sumher_ldak,34,20000,0.1,0.1
1.613414,0.075692,sumher_ldak,35,20000,0.1,0.1
1.883814,0.078934,sumher_ldak,36,20000,0.1,0.1
2.688601,0.088897,sumher_ldak,37,20000,0.1,0.1
4.219025,0.105569,sumher_ldak,38,20000,0.1,0.1
10.167029,0.161267,sumher_ldak,39,20000,0.1,0.1
21.290966,0.251556,sumher_ldak,40,20000,0.1,0.1
1.19104,0.069792,sumher_ldak,41,20000,0.1,0.1
6.546575,0.129366,sumher_ldak,42,20000,0.1,0.1
0.007823,0.049695,sumher_ldak,43,20000,0.1,0.1
4.211617,0.105533,sumher_ldak,44,20000,0.1,0.1
4.646897,0.110309,sumher_ldak,45,20000,0.1,0.1
4.930856,0.11291,sumher_ldak,46,20000,0.1,0.1
6.810717,0.131273,sumher_ldak,47,20000,0.1,0.1
3.885286,0.102296,sumher_ldak,48,20000,0.1,0.1
0.043005,0.050665,sumher_ldak,49,20000,0.1,0.1
26.020269,0.286609,sumher_ldak,50,20000,0.1,0.1
4.442183,0.108363,sumher_ldak,51,20000,0.1,0.1
0.02031,0.050302,sumher_ldak,52,20000,0.1,0.1
15.162547,0.203043,sumher_ldak,53,20000,0.1,0.1
2.637633,0.088125,sumher_ldak,54,20000,0.1,0.1
0.094116,0.05218,sumher_ldak,55,20000,0.1,0.1
6.603927,0.129444,sumher_ldak,56,20000,0.1,0.1
1.561478,0.074308,sumher_ldak,57,20000,0.1,0.1
0.735243,0.062425,sumher_ldak,58,20000,0.1,0.1
0.639712,0.060951,sumher_ldak,59,20000,0.1,0.1
0.976794,0.066479,sumher_ldak,60,20000,0.1,0.1
-0.108458,0.047384,sumher_ldak,61,20000,0.1,0.1
3.466038,0.097611,sumher_ldak,62,20000,0.1,0.1
1.993836,0.080195,sumher_ldak,63,20000,0.1,0.1
0.353061,0.056919,sumher_ldak,64,20000,0.1,0.1
2.114421,0.08225,sumher_ldak,65,20000,0.1,0.1
10.787946,0.166433,sumher_ldak,66,20000,0.1,0.1
2.598232,0.088229,sumher_ldak,67,20000,0.1,0.1
0.866011,0.064986,sumher_ldak,68,20000,0.1,0.1
5.939276,0.123127,sumher_ldak,69,20000,0.1,0.1
1.445903,0.072801,sumher_ldak,70,20000,0.1,0.1
2.52739,0.086874,sumher_ldak,71,20000,0.1,0.1
2.916009,0.09103,sumher_ldak,72,20000,0.1,0.1
0.205521,0.053997,sumher_ldak,73,20000,0.1,0.1
1.621838,0.075456,sumher_ldak,74,20000,0.1,0.1
1.306041,0.070333,sumher_ldak,75,20000,0.1,0.1
2.672279,0.088449,sumher_ldak,76,20000,0.1,0.1
6.857204,0.131828,sumher_ldak,77,20000,0.1,0.1
1.402663,0.072406,sumher_ldak,78,20000,0.1,0.1
2.841567,0.090182,sumher_ldak,79,20000,0.1,0.1
0.990096,0.067074,sumher_ldak,80,20000,0.1,0.1
0.20056,0.05432,sumher_ldak,81,20000,0.1,0.1
0.295968,0.055688,sumher_ldak,82,20000,0.1,0.1
-0.189397,0.046112,sumher_ldak,83,20000,0.1,0.1
-0.088274,0.048476,sumher_ldak,84,20000,0.1,0.1
-0.072956,0.048699,sumher_ldak,85,20000,0.1,0.1
7.209997,0.135267,sumher_ldak,86,20000,0.1,0.1
-0.154482,0.04663,sumher_ldak,87,20000,0.1,0.1
4.075569,0.10456,sumher_ldak,88,20000,0.1,0.1
0.185591,0.053632,sumher_ldak,89,20000,0.1,0.1
4.814616,0.111916,sumher_ldak,90,20000,0.1,0.1
5.666888,0.120323,sumher_ldak,91,20000,0.1,0.1
-0.13506,0.04689,sumher_ldak,92,20000,0.1,0.1
2.684419,0.088684,sumher_ldak,93,20000,0.1,0.1
1.937441,0.079364,sumher_ldak,94,20000,0.1,0.1
8.93927,0.150918,sumher_ldak,95,20000,0.1,0.1
-0.179867,0.045956,sumher_ldak,96,20000,0.1,0.1
5.674315,0.120738,sumher_ldak,97,20000,0.1,0.1
-0.205919,0.044801,sumher_ldak,98,20000,0.1,0.1
-0.131492,0.047753,sumher_ldak,99,20000,0.1,0.1
0.276333,0.046474,sumher_ldak,0,50000,0.1,0.1
2.205585,0.080698,sumher_ldak,1,50000,0.1,0.1
2.180063,0.079941,sumher_ldak,2,50000,0.1,0.1
3.66332,0.100021,sumher_ldak,3,50000,0.1,0.1
0.055419,0.040963,sumher_ldak,4,50000,0.1,0.1
1.019682,0.061583,sumher_ldak,5,50000,0.1,0.1
1.12557,0.063695,sumher_ldak,6,50000,0.1,0.1
0.599823,0.053348,sumher_ldak,7,50000,0.1,0.1
0.339377,0.048327,sumher_ldak,8,50000,0.1,0.1
1.993996,0.077356,sumher_ldak,9,50000,0.1,0.1
1.966463,0.076989,sumher_ldak,10,50000,0.1,0.1
4.073806,0.105273,sumher_ldak,11,50000,0.1,0.1
1.501201,0.069769,sumher_ldak,12,50000,0.1,0.1
-0.034882,0.038621,sumher_ldak,13,50000,0.1,0.1
0.765811,0.056756,sumher_ldak,14,50000,0.1,0.1
7.289422,0.141215,sumher_ldak,15,50000,0.1,0.1
1.824873,0.074941,sumher_ldak,16,50000,0.1,0.1
0.980553,0.061057,sumher_ldak,17,50000,0.1,0.1
3.820579,0.101775,sumher_ldak,18,50000,0.1,0.1
-0.094457,0.036274,sumher_ldak,19,50000,0.1,0.1
0.631911,0.054024,sumher_ldak,20,50000,0.1,0.1
2.688525,0.087363,sumher_ldak,21,50000,0.1,0.1
0.490478,0.051503,sumher_ldak,22,50000,0.1,0.1
0.029313,0.039588,sumher_ldak,23,50000,0.1,0.1
1.757125,0.074001,sumher_ldak,24,50000,0.1,0.1
-0.066432,0.037585,sumher_ldak,25,50000,0.1,0.1
0.297888,0.047087,sumher_ldak,26,50000,0.1,0.1
-0.039787,0.038548,sumher_ldak,27,50000,0.1,0.1
8.2149,0.150798,sumher_ldak,28,50000,0.1,0.1
-0.11543,0.03574,sumher_ldak,29,50000,0.1,0.1
0.412765,0.049784,sumher_ldak,30,50000,0.1,0.1
2.771004,0.088286,sumher_ldak,31,50000,0.1,0.1
1.006745,0.061796,sumher_ldak,32,50000,0.1,0.1
0.416046,0.049896,sumher_ldak,33,50000,0.1,0.1
-0.097217,0.036325,sumher_ldak,34,50000,0.1,0.1
1.030933,0.061986,sumher_ldak,35,50000,0.1,0.1
1.207624,0.064835,sumher_ldak,36,50000,0.1,0.1
1.739412,0.07352,sumher_ldak,37,50000,0.1,0.1
2.759086,0.088051,sumher_ldak,38,50000,0.1,0.1
6.74471,0.134858,sumher_ldak,39,50000,0.1,0.1
14.149393,0.207595,sumher_ldak,40,50000,0.1,0.1
0.76843,0.057281,sumher_ldak,41,50000,0.1,0.1
4.332242,0.108593,sumher_ldak,42,50000,0.1,0.1
0.005057,0.039164,sumher_ldak,43,50000,0.1,0.1
2.755149,0.087972,sumher_ldak,44,50000,0.1,0.1
3.049922,0.092158,sumher_ldak,45,50000,0.1,0.1
3.239778,0.094357,sumher_ldak,46,50000,0.1,0.1
4.458931,0.10941,sumher_ldak,47,50000,0.1,0.1
2.542109,0.085248,sumher_ldak,48,50000,0.1,0.1
0.026915,0.039936,sumher_ldak,49,50000,0.1,0.1
17.297191,0.235128,sumher_ldak,50,50000,0.1,0.1
2.903671,0.090348,sumher_ldak,51,50000,0.1,0.1
0.012328,0.03977,sumher_ldak,52,50000,0.1,0.1
10.081508,0.168865,sumher_ldak,53,50000,0.1,0.1
1.710868,0.073027,sumher_ldak,54,50000,0.1,0.1
0.05841,0.041308,sumher_ldak,55,50000,0.1,0.1
4.357313,0.108375,sumher_ldak,56,50000,0.1,0.1
0.995823,0.060707,sumher_ldak,57,50000,0.1,0.1
0.464739,0.050417,sumher_ldak,58,50000,0.1,0.1
0.403034,0.049069,sumher_ldak,59,50000,0.1,0.1
0.622578,0.054106,sumher_ldak,60,50000,0.1,0.1
-0.066501,0.037044,sumher_ldak,61,50000,0.1,0.1
2.25781,0.081192,sumher_ldak,62,50000,0.1,0.1
1.284217,0.066003,sumher_ldak,63,50000,0.1,0.1
0.221979,0.045612,sumher_ldak,64,50000,0.1,0.1
1.361656,0.06785,sumher_ldak,65,50000,0.1,0.1
7.151729,0.13897,sumher_ldak,66,50000,0.1,0.1
1.699559,0.07343,sumher_ldak,67,50000,0.1,0.1
0.546891,0.052564,sumher_ldak,68,50000,0.1,0.1
3.92151,0.103184,sumher_ldak,69,50000,0.1,0.1
0.919424,0.059376,sumher_ldak,70,50000,0.1,0.1
1.627566,0.071698,sumher_ldak,71,50000,0.1,0.1
1.889717,0.075415,sumher_ldak,72,50000,0.1,0.1
0.127918,0.042946,sumher_ldak,73,50000,0.1,0.1
1.033192,0.061686,sumher_ldak,74,50000,0.1,0.1
0.837635,0.057551,sumher_ldak,75,50000,0.1,0.1
1.735297,0.073288,sumher_ldak,76,50000,0.1,0.1
4.533842,0.11054,sumher_ldak,77,50000,0.1,0.1
0.897215,0.059212,sumher_ldak,78,50000,0.1,0.1
1.836905,0.07464,sumher_ldak,79,50000,0.1,0.1
0.630167,0.054559,sumher_ldak,80,50000,0.1,0.1
0.125899,0.043301,sumher_ldak,81,50000,0.1,0.1
0.18556,0.04449,sumher_ldak,82,50000,0.1,0.1
-0.117453,0.035983,sumher_ldak,83,50000,0.1,0.1
-0.054866,0.038109,sumher_ldak,84,50000,0.1,0.1
-0.045331,0.038302,sumher_ldak,85,50000,0.1,0.1
4.749165,0.113108,sumher_ldak,86,50000,0.1,0.1
-0.095299,0.036381,sumher_ldak,87,50000,0.1,0.1
2.663206,0.087164,sumher_ldak,88,50000,0.1,0.1
0.116254,0.042672,sumher_ldak,89,50000,0.1,0.1
3.157823,0.093517,sumher_ldak,90,50000,0.1,0.1
3.754219,0.101006,sumher_ldak,91,50000,0.1,0.1
-0.083169,0.036625,sumher_ldak,92,50000,0.1,0.1
1.73848,0.073394,sumher_ldak,93,50000,0.1,0.1
1.241041,0.065137,sumher_ldak,94,50000,0.1,0.1
5.913439,0.126252,sumher_ldak,95,50000,0.1,0.1
-0.109904,0.035673,sumher_ldak,96,50000,0.1,0.1
3.740014,0.101133,sumher_ldak,97,50000,0.1,0.1
-0.126599,0.034766,sumher_ldak,98,50000,0.1,0.1
-0.081248,0.037313,sumher_ldak,99,50000,0.1,0.1
-0.468713,0.086002,sumher_ldak,0,2000,0.1,0.01
15.057292,0.18939,sumher_ldak,1,2000,0.1,0.01
4.696139,0.126225,sumher_ldak,2,2000,0.1,0.01
11.923619,0.171055,sumher_ldak,3,2000,0.1,0.01
3.149118,0.115205,sumher_ldak,4,2000,0.1,0.01
0.297406,0.093305,sumher_ldak,5,2000,0.1,0.01
2.287939,0.109078,sumher_ldak,6,2000,0.1,0.01
-0.528009,0.086788,sumher_ldak,7,2000,0.1,0.01
-0.27367,0.087823,sumher_ldak,8,2000,0.1,0.01
0.489177,0.09485,sumher_ldak,9,2000,0.1,0.01
0.045178,0.091368,sumher_ldak,10,2000,0.1,0.01
23.840064,0.239203,sumher_ldak,11,2000,0.1,0.01
4.999811,0.12797,sumher_ldak,12,2000,0.1,0.01
0.216031,0.09306,sumher_ldak,13,2000,0.1,0.01
-0.174952,0.089204,sumher_ldak,14,2000,0.1,0.01
61.892213,0.439128,sumher_ldak,15,2000,0.1,0.01
7.248744,0.142727,sumher_ldak,16,2000,0.1,0.01
10.97665,0.165866,sumher_ldak,17,2000,0.1,0.01
-0.541413,0.085652,sumher_ldak,18,2000,0.1,0.01
11.46407,0.168203,sumher_ldak,19,2000,0.1,0.01
8.576024,0.150727,sumher_ldak,20,2000,0.1,0.01
4.783008,0.126119,sumher_ldak,21,2000,0.1,0.01
-0.633503,0.085555,sumher_ldak,22,2000,0.1,0.01
38.712873,0.319048,sumher_ldak,23,2000,0.1,0.01
0.969451,0.098987,sumher_ldak,24,2000,0.1,0.01
13.985166,0.183711,sumher_ldak,25,2000,0.1,0.01
25.013114,0.245592,sumher_ldak,26,2000,0.1,0.01
2.580387,0.111083,sumher_ldak,27,2000,0.1,0.01
11.81445,0.17025,sumher_ldak,28,2000,0.1,0.01
2.909998,0.113515,sumher_ldak,29,2000,0.1,0.01
0.643546,0.096415,sumher_ldak,30,2000,0.1,0.01
6.632604,0.13855,sumher_ldak,31,2000,0.1,0.01
1.641727,0.103823,sumher_ldak,32,2000,0.1,0.01
3.179537,0.115521,sumher_ldak,33,2000,0.1,0.01
107.71281,0.668683,sumher_ldak,34,2000,0.1,0.01
-0.455111,0.086907,sumher_ldak,35,2000,0.1,0.01
41.444002,0.333557,sumher_ldak,36,2000,0.1,0.01
0.314311,0.093464,sumher_ldak,37,2000,0.1,0.01
30.582296,0.275594,sumher_ldak,38,2000,0.1,0.01
4.954879,0.127329,sumher_ldak,39,2000,0.1,0.01
11.975836,0.171537,sumher_ldak,40,2000,0.1,0.01
30.093291,0.273112,sumher_ldak,41,2000,0.1,0.01
18.595868,0.209567,sumher_ldak,42,2000,0.1,0.01
0.841469,0.09775,sumher_ldak,43,2000,0.1,0.01
2.620605,0.111449,sumher_ldak,44,2000,0.1,0.01
12.762027,0.176097,sumher_ldak,45,2000,0.1,0.01
8.075747,0.147552,sumher_ldak,46,2000,0.1,0.01
31.697336,0.281892,sumher_ldak,47,2000,0.1,0.01
2.402724,0.109671,sumher_ldak,48,2000,0.1,0.01
31.873014,0.28263,sumher_ldak,49,2000,0.1,0.01
0.637216,0.096262,sumher_ldak,50,2000,0.1,0.01
8.147945,0.148213,sumher_ldak,51,2000,0.1,0.01
8.854988,0.152607,sumher_ldak,52,2000,0.1,0.01
-0.041383,0.090576,sumher_ldak,53,2000,0.1,0.01
11.306136,0.167107,sumher_ldak,54,2000,0.1,0.01
20.941958,0.223009,sumher_ldak,55,2000,0.1,0.01
-0.392725,0.087189,sumher_ldak,56,2000,0.1,0.01
21.390876,0.225616,sumher_ldak,57,2000,0.1,0.01
10.313236,0.160825,sumher_ldak,58,2000,0.1,0.01
2.005648,0.106501,sumher_ldak,59,2000,0.1,0.01
-0.322761,0.087145,sumher_ldak,60,2000,0.1,0.01
-0.530587,0.085801,sumher_ldak,61,2000,0.1,0.01
2.200745,0.108411,sumher_ldak,62,2000,0.1,0.01
0.537631,0.094858,sumher_ldak,63,2000,0.1,0.01
-0.509678,0.08524,sumher_ldak,64,2000,0.1,0.01
6.571697,0.137729,sumher_ldak,65,2000,0.1,0.01
4.813892,0.12636,sumher_ldak,66,2000,0.1,0.01
3.087802,0.114745,sumher_ldak,67,2000,0.1,0.01
-0.246816,0.088637,sumher_ldak,68,2000,0.1,0.01
6.795416,0.139427,sumher_ldak,69,2000,0.1,0.01
18.890785,0.211614,sumher_ldak,70,2000,0.1,0.01
36.267252,0.305702,sumher_ldak,71,2000,0.1,0.01
-0.163166,0.089313,sumher_ldak,72,2000,0.1,0.01
-0.34641,0.08708,sumher_ldak,73,2000,0.1,0.01
26.58196,0.253809,sumher_ldak,74,2000,0.1,0.01
27.619851,0.259745,sumher_ldak,75,2000,0.1,0.01
1.761008,0.104951,sumher_ldak,76,2000,0.1,0.01
0.834081,0.097781,sumher_ldak,77,2000,0.1,0.01
9.680218,0.157838,sumher_ldak,78,2000,0.1,0.01
9.137092,0.154232,sumher_ldak,79,2000,0.1,0.01
0.634407,0.096064,sumher_ldak,80,2000,0.1,0.01
-0.504037,0.085276,sumher_ldak,81,2000,0.1,0.01
-0.399211,0.085931,sumher_ldak,82,2000,0.1,0.01
1.806201,0.105625,sumher_ldak,83,2000,0.1,0.01
5.517652,0.131209,sumher_ldak,84,2000,0.1,0.01
8.58715,0.150969,sumher_ldak,85,2000,0.1,0.01
11.534755,0.16889,sumher_ldak,86,2000,0.1,0.01
2.12954,0.107719,sumher_ldak,87,2000,0.1,0.01
5.332191,0.130301,sumher_ldak,88,2000,0.1,0.01
6.836697,0.140266,sumher_ldak,89,2000,0.1,0.01
11.46829,0.168393,sumher_ldak,90,2000,0.1,0.01
1.828368,0.105621,sumher_ldak,91,2000,0.1,0.01
84.522649,0.553187,sumher_ldak,92,2000,0.1,0.01
17.772615,0.205078,sumher_ldak,93,2000,0.1,0.01
-0.362417,0.086506,sumher_ldak,94,2000,0.1,0.01
0.243012,0.092802,sumher_ldak,95,2000,0.1,0.01
13.383711,0.179971,sumher_ldak,96,2000,0.1,0.01
8.451852,0.149974,sumher_ldak,97,2000,0.1,0.01
6.491131,0.138063,sumher_ldak,98,2000,0.1,0.01
-0.181489,0.088617,sumher_ldak,99,2000,0.1,0.01
-0.142491,0.047089,sumher_ldak,0,20000,0.1,0.01
4.426854,0.107633,sumher_ldak,1,20000,0.1,0.01
1.410899,0.07325,sumher_ldak,2,20000,0.1,0.01
3.525178,0.098044,sumher_ldak,3,20000,0.1,0.01
0.93664,0.065937,sumher_ldak,4,20000,0.1,0.01
0.089667,0.051797,sumher_ldak,5,20000,0.1,0.01
0.693858,0.062514,sumher_ldak,6,20000,0.1,0.01
-0.158135,0.0473,sumher_ldak,7,20000,0.1,0.01
-0.084374,0.048082,sumher_ldak,8,20000,0.1,0.01
0.146506,0.05256,sumher_ldak,9,20000,0.1,0.01
0.014956,0.050587,sumher_ldak,10,20000,0.1,0.01
6.92669,0.13234,sumher_ldak,11,20000,0.1,0.01
1.494923,0.074004,sumher_ldak,12,20000,0.1,0.01
0.06685,0.051586,sumher_ldak,13,20000,0.1,0.01
-0.053176,0.048819,sumher_ldak,14,20000,0.1,0.01
17.307899,0.220498,sumher_ldak,15,20000,0.1,0.01
2.158005,0.082716,sumher_ldak,16,20000,0.1,0.01
3.300349,0.096413,sumher_ldak,17,20000,0.1,0.01
-0.161661,0.046242,sumher_ldak,18,20000,0.1,0.01
3.399319,0.096751,sumher_ldak,19,20000,0.1,0.01
2.533047,0.086847,sumher_ldak,20,20000,0.1,0.01
1.430582,0.072794,sumher_ldak,21,20000,0.1,0.01
-0.191876,0.046126,sumher_ldak,22,20000,0.1,0.01
11.055619,0.169086,sumher_ldak,23,20000,0.1,0.01
0.290611,0.055516,sumher_ldak,24,20000,0.1,0.01
4.164154,0.105583,sumher_ldak,25,20000,0.1,0.01
7.266546,0.135675,sumher_ldak,26,20000,0.1,0.01
0.771328,0.063482,sumher_ldak,27,20000,0.1,0.01
3.47199,0.097276,sumher_ldak,28,20000,0.1,0.01
0.865562,0.064748,sumher_ldak,29,20000,0.1,0.01
0.1991,0.054496,sumher_ldak,30,20000,0.1,0.01
1.970675,0.079985,sumher_ldak,31,20000,0.1,0.01
0.505294,0.059681,sumher_ldak,32,20000,0.1,0.01
0.964294,0.06681,sumher_ldak,33,20000,0.1,0.01
29.035647,0.309125,sumher_ldak,34,20000,0.1,0.01
-0.138197,0.047484,sumher_ldak,35,20000,0.1,0.01
11.771188,0.175224,sumher_ldak,36,20000,0.1,0.01
0.094858,0.051696,sumher_ldak,37,20000,0.1,0.01
8.822058,0.149455,sumher_ldak,38,20000,0.1,0.01
1.480871,0.073524,sumher_ldak,39,20000,0.1,0.01
3.581554,0.099189,sumher_ldak,40,20000,0.1,0.01
8.724188,0.148956,sumher_ldak,41,20000,0.1,0.01
5.413257,0.117429,sumher_ldak,42,20000,0.1,0.01
0.250614,0.054428,sumher_ldak,43,20000,0.1,0.01
0.785119,0.06373,sumher_ldak,44,20000,0.1,0.01
3.771357,0.100979,sumher_ldak,45,20000,0.1,0.01
2.384282,0.084938,sumher_ldak,46,20000,0.1,0.01
9.077039,0.15195,sumher_ldak,47,20000,0.1,0.01
0.727051,0.062799,sumher_ldak,48,20000,0.1,0.01
9.192068,0.153023,sumher_ldak,49,20000,0.1,0.01
0.192251,0.053768,sumher_ldak,50,20000,0.1,0.01
2.432285,0.085744,sumher_ldak,51,20000,0.1,0.01
2.620229,0.087929,sumher_ldak,52,20000,0.1,0.01
-0.011903,0.049778,sumher_ldak,53,20000,0.1,0.01
3.322653,0.095628,sumher_ldak,54,20000,0.1,0.01
6.105659,0.124763,sumher_ldak,55,20000,0.1,0.01
-0.12272,0.047794,sumher_ldak,56,20000,0.1,0.01
6.262239,0.126271,sumher_ldak,57,20000,0.1,0.01
3.02068,0.091829,sumher_ldak,58,20000,0.1,0.01
0.602372,0.060565,sumher_ldak,59,20000,0.1,0.01
-0.098242,0.047485,sumher_ldak,60,20000,0.1,0.01
-0.16228,0.046847,sumher_ldak,61,20000,0.1,0.01
0.655815,0.061517,sumher_ldak,62,20000,0.1,0.01
0.162374,0.052643,sumher_ldak,63,20000,0.1,0.01
-0.156639,0.046599,sumher_ldak,64,20000,0.1,0.01
1.944336,0.079339,sumher_ldak,65,20000,0.1,0.01
1.448109,0.07334,sumher_ldak,66,20000,0.1,0.01
0.928208,0.065912,sumher_ldak,67,20000,0.1,0.01
-0.077054,0.049012,sumher_ldak,68,20000,0.1,0.01
2.00707,0.080205,sumher_ldak,69,20000,0.1,0.01
5.582884,0.119861,sumher_ldak,70,20000,0.1,0.01
10.384352,0.163085,sumher_ldak,71,20000,0.1,0.01
-0.048443,0.048826,sumher_ldak,72,20000,0.1,0.01
-0.104309,0.047409,sumher_ldak,73,20000,0.1,0.01
7.687924,0.139154,sumher_ldak,74,20000,0.1,0.01
7.979785,0.141873,sumher_ldak,75,20000,0.1,0.01
0.530327,0.059671,sumher_ldak,76,20000,0.1,0.01
0.249277,0.054594,sumher_ldak,77,20000,0.1,0.01
2.883032,0.091319,sumher_ldak,78,20000,0.1,0.01
2.720141,0.089052,sumher_ldak,79,20000,0.1,0.01
0.195183,0.053967,sumher_ldak,80,20000,0.1,0.01
-0.1553,0.046801,sumher_ldak,81,20000,0.1,0.01
-0.12348,0.047424,sumher_ldak,82,20000,0.1,0.01
0.544096,0.05999,sumher_ldak,83,20000,0.1,0.01
1.656477,0.076196,sumher_ldak,84,20000,0.1,0.01
2.563378,0.087447,sumher_ldak,85,20000,0.1,0.01
3.398164,0.09668,sumher_ldak,86,20000,0.1,0.01
0.648551,0.06186,sumher_ldak,87,20000,0.1,0.01
1.603239,0.075545,sumher_ldak,88,20000,0.1,0.01
2.055592,0.081612,sumher_ldak,89,20000,0.1,0.01
3.431116,0.097406,sumher_ldak,90,20000,0.1,0.01
0.54961,0.060041,sumher_ldak,91,20000,0.1,0.01
23.181767,0.265713,sumher_ldak,92,20000,0.1,0.01
5.238583,0.116253,sumher_ldak,93,20000,0.1,0.01
-0.109924,0.047012,sumher_ldak,94,20000,0.1,0.01
0.076515,0.051786,sumher_ldak,95,20000,0.1,0.01
3.972805,0.103315,sumher_ldak,96,20000,0.1,0.01
2.51416,0.086704,sumher_ldak,97,20000,0.1,0.01
1.948559,0.08025,sumher_ldak,98,20000,0.1,0.01
-0.055273,0.048681,sumher_ldak,99,20000,0.1,0.01
-0.087911,0.036811,sumher_ldak,0,50000,0.1,0.01
2.920318,0.090128,sumher_ldak,1,50000,0.1,0.01
0.902954,0.05994,sumher_ldak,2,50000,0.1,0.01
2.30005,0.081567,sumher_ldak,3,50000,0.1,0.01
0.595096,0.053573,sumher_ldak,4,50000,0.1,0.01
0.05556,0.040924,sumher_ldak,5,50000,0.1,0.01
0.438392,0.050502,sumher_ldak,6,50000,0.1,0.01
-0.097076,0.036884,sumher_ldak,7,50000,0.1,0.01
-0.052349,0.037721,sumher_ldak,8,50000,0.1,0.01
0.091844,0.041773,sumher_ldak,9,50000,0.1,0.01
0.009285,0.039877,sumher_ldak,10,50000,0.1,0.01
4.59677,0.111085,sumher_ldak,11,50000,0.1,0.01
0.955555,0.060549,sumher_ldak,12,50000,0.1,0.01
0.041751,0.040836,sumher_ldak,13,50000,0.1,0.01
-0.033182,0.03837,sumher_ldak,14,50000,0.1,0.01
11.503871,0.182883,sumher_ldak,15,50000,0.1,0.01
1.385131,0.068117,sumher_ldak,16,50000,0.1,0.01
2.15336,0.080287,sumher_ldak,17,50000,0.1,0.01
-0.099027,0.035974,sumher_ldak,18,50000,0.1,0.01
2.221513,0.080559,sumher_ldak,19,50000,0.1,0.01
1.637367,0.07183,sumher_ldak,20,50000,0.1,0.01
0.917717,0.059627,sumher_ldak,21,50000,0.1,0.01
-0.117668,0.035822,sumher_ldak,22,50000,0.1,0.01
7.318961,0.141084,sumher_ldak,23,50000,0.1,0.01
0.180241,0.044119,sumher_ldak,24,50000,0.1,0.01
2.724836,0.088107,sumher_ldak,25,50000,0.1,0.01
4.800298,0.113718,sumher_ldak,26,50000,0.1,0.01
0.488684,0.051392,sumher_ldak,27,50000,0.1,0.01
2.256685,0.080758,sumher_ldak,28,50000,0.1,0.01
0.550146,0.052528,sumher_ldak,29,50000,0.1,0.01
0.125132,0.043512,sumher_ldak,30,50000,0.1,0.01
1.263622,0.065706,sumher_ldak,31,50000,0.1,0.01
0.31821,0.048016,sumher_ldak,32,50000,0.1,0.01
0.620511,0.054647,sumher_ldak,33,50000,0.1,0.01
19.238558,0.252094,sumher_ldak,34,50000,0.1,0.01
-0.085339,0.037143,sumher_ldak,35,50000,0.1,0.01
7.811769,0.146252,sumher_ldak,36,50000,0.1,0.01
0.059138,0.040962,sumher_ldak,37,50000,0.1,0.01
5.84515,0.125073,sumher_ldak,38,50000,0.1,0.01
0.95134,0.060299,sumher_ldak,39,50000,0.1,0.01
2.329499,0.082452,sumher_ldak,40,50000,0.1,0.01
5.760921,0.124521,sumher_ldak,41,50000,0.1,0.01
3.549541,0.097991,sumher_ldak,42,50000,0.1,0.01
0.155327,0.043174,sumher_ldak,43,50000,0.1,0.01
0.499146,0.051672,sumher_ldak,44,50000,0.1,0.01
2.449101,0.083848,sumher_ldak,45,50000,0.1,0.01
1.533219,0.069933,sumher_ldak,46,50000,0.1,0.01
5.990978,0.126899,sumher_ldak,47,50000,0.1,0.01
0.462011,0.050861,sumher_ldak,48,50000,0.1,0.01
6.060214,0.127757,sumher_ldak,49,50000,0.1,0.01
0.119669,0.042658,sumher_ldak,50,50000,0.1,0.01
1.579363,0.07099,sumher_ldak,51,50000,0.1,0.01
1.701923,0.072873,sumher_ldak,52,50000,0.1,0.01
-0.007328,0.039156,sumher_ldak,53,50000,0.1,0.01
2.163292,0.079418,sumher_ldak,54,50000,0.1,0.01
4.011649,0.104314,sumher_ldak,55,50000,0.1,0.01
-0.076241,0.037478,sumher_ldak,56,50000,0.1,0.01
4.114205,0.105468,sumher_ldak,57,50000,0.1,0.01
1.942645,0.075686,sumher_ldak,58,50000,0.1,0.01
0.381052,0.048863,sumher_ldak,59,50000,0.1,0.01
-0.060683,0.037169,sumher_ldak,60,50000,0.1,0.01
-0.099441,0.036447,sumher_ldak,61,50000,0.1,0.01
0.412186,0.049498,sumher_ldak,62,50000,0.1,0.01
0.10174,0.041888,sumher_ldak,63,50000,0.1,0.01
-0.096758,0.036403,sumher_ldak,64,50000,0.1,0.01
1.252083,0.065318,sumher_ldak,65,50000,0.1,0.01
0.930276,0.060215,sumher_ldak,66,50000,0.1,0.01
0.593249,0.053691,sumher_ldak,67,50000,0.1,0.01
-0.047512,0.038355,sumher_ldak,68,50000,0.1,0.01
1.290548,0.065982,sumher_ldak,69,50000,0.1,0.01
3.699827,0.100723,sumher_ldak,70,50000,0.1,0.01
6.879181,0.136264,sumher_ldak,71,50000,0.1,0.01
-0.030078,0.03847,sumher_ldak,72,50000,0.1,0.01
-0.064874,0.037238,sumher_ldak,73,50000,0.1,0.01
5.07245,0.116324,sumher_ldak,74,50000,0.1,0.01
5.261425,0.118576,sumher_ldak,75,50000,0.1,0.01
0.331791,0.047838,sumher_ldak,76,50000,0.1,0.01
0.156855,0.043626,sumher_ldak,77,50000,0.1,0.01
1.875809,0.075825,sumher_ldak,78,50000,0.1,0.01
1.751237,0.07347,sumher_ldak,79,50000,0.1,0.01
0.122026,0.04289,sumher_ldak,80,50000,0.1,0.01
-0.096032,0.036553,sumher_ldak,81,50000,0.1,0.01
-0.076839,0.037202,sumher_ldak,82,50000,0.1,0.01
0.341157,0.048142,sumher_ldak,83,50000,0.1,0.01
1.069888,0.062748,sumher_ldak,84,50000,0.1,0.01
1.667581,0.07258,sumher_ldak,85,50000,0.1,0.01
2.2109,0.080299,sumher_ldak,86,50000,0.1,0.01
0.408886,0.049893,sumher_ldak,87,50000,0.1,0.01
1.038508,0.062245,sumher_ldak,88,50000,0.1,0.01
1.326121,0.067311,sumher_ldak,89,50000,0.1,0.01
2.237158,0.081062,sumher_ldak,90,50000,0.1,0.01
0.34468,0.048201,sumher_ldak,91,50000,0.1,0.01
15.385526,0.218534,sumher_ldak,92,50000,0.1,0.01
3.434868,0.097114,sumher_ldak,93,50000,0.1,0.01
-0.067539,0.036711,sumher_ldak,94,50000,0.1,0.01
0.047931,0.040913,sumher_ldak,95,50000,0.1,0.01
2.609464,0.086366,sumher_ldak,96,50000,0.1,0.01
1.629667,0.071729,sumher_ldak,97,50000,0.1,0.01
1.248036,0.06587,sumher_ldak,98,50000,0.1,0.01
-0.033991,0.038124,sumher_ldak,99,50000,0.1,0.01
9.138954,0.154733,sumher_ldak,0,2000,0.25,1.0
1.411315,0.102077,sumher_ldak,1,2000,0.25,1.0
56.213774,0.409709,sumher_ldak,2,2000,0.25,1.0
1.234231,0.101189,sumher_ldak,3,2000,0.25,1.0
0.369796,0.09421,sumher_ldak,4,2000,0.25,1.0
2.731412,0.112187,sumher_ldak,5,2000,0.25,1.0
-0.235699,0.088642,sumher_ldak,6,2000,0.25,1.0
48.379822,0.369638,sumher_ldak,7,2000,0.25,1.0
14.877438,0.188634,sumher_ldak,8,2000,0.25,1.0
19.255219,0.213703,sumher_ldak,9,2000,0.25,1.0
19.826639,0.216822,sumher_ldak,10,2000,0.25,1.0
36.193175,0.305698,sumher_ldak,11,2000,0.25,1.0
-0.265269,0.087846,sumher_ldak,12,2000,0.25,1.0
13.038597,0.177572,sumher_ldak,13,2000,0.25,1.0
8.014821,0.147472,sumher_ldak,14,2000,0.25,1.0
-0.157373,0.089685,sumher_ldak,15,2000,0.25,1.0
5.232243,0.129761,sumher_ldak,16,2000,0.25,1.0
0.296993,0.093203,sumher_ldak,17,2000,0.25,1.0
1.778024,0.105293,sumher_ldak,18,2000,0.25,1.0
35.102368,0.300309,sumher_ldak,19,2000,0.25,1.0
53.239583,0.394906,sumher_ldak,20,2000,0.25,1.0
76.152275,0.510842,sumher_ldak,21,2000,0.25,1.0
43.605957,0.344721,sumher_ldak,22,2000,0.25,1.0
3.026472,0.113881,sumher_ldak,23,2000,0.25,1.0
-0.168314,0.089066,sumher_ldak,24,2000,0.25,1.0
-0.493938,0.086431,sumher_ldak,25,2000,0.25,1.0
105.142747,0.6565,sumher_ldak,26,2000,0.25,1.0
3.931254,0.120706,sumher_ldak,27,2000,0.25,1.0
26.865444,0.255661,sumher_ldak,28,2000,0.25,1.0
16.67659,0.19913,sumher_ldak,29,2000,0.25,1.0
-0.409283,0.086299,sumher_ldak,30,2000,0.25,1.0
0.178076,0.09187,sumher_ldak,31,2000,0.25,1.0
5.112304,0.128611,sumher_ldak,32,2000,0.25,1.0
0.029144,0.09118,sumher_ldak,33,2000,0.25,1.0
6.252223,0.136351,sumher_ldak,34,2000,0.25,1.0
22.353259,0.230782,sumher_ldak,35,2000,0.25,1.0
-0.229938,0.088158,sumher_ldak,36,2000,0.25,1.0
6.534732,0.138184,sumher_ldak,37,2000,0.25,1.0
65.366024,0.457299,sumher_ldak,38,2000,0.25,1.0
53.694594,0.39694,sumher_ldak,39,2000,0.25,1.0
0.824102,0.097663,sumher_ldak,40,2000,0.25,1.0
8.953747,0.15323,sumher_ldak,41,2000,0.25,1.0
5.657938,0.132191,sumher_ldak,42,2000,0.25,1.0
4.597093,0.125057,sumher_ldak,43,2000,0.25,1.0
3.728373,0.119015,sumher_ldak,44,2000,0.25,1.0
-0.435489,0.085914,sumher_ldak,45,2000,0.25,1.0
10.631013,0.163324,sumher_ldak,46,2000,0.25,1.0
34.96538,0.299367,sumher_ldak,47,2000,0.25,1.0
37.651134,0.313489,sumher_ldak,48,2000,0.25,1.0
187.855496,1.063067,sumher_ldak,49,2000,0.25,1.0
66.39988,0.461842,sumher_ldak,50,2000,0.25,1.0
30.006062,0.273094,sumher_ldak,51,2000,0.25,1.0
16.730736,0.198887,sumher_ldak,52,2000,0.25,1.0
25.609805,0.248897,sumher_ldak,53,2000,0.25,1.0
7.890082,0.146852,sumher_ldak,54,2000,0.25,1.0
21.148668,0.224162,sumher_ldak,55,2000,0.25,1.0
1.398881,0.101872,sumher_ldak,56,2000,0.25,1.0
25.987365,0.250967,sumher_ldak,57,2000,0.25,1.0
0.563219,0.095776,sumher_ldak,58,2000,0.25,1.0
39.006505,0.32062,sumher_ldak,59,2000,0.25,1.0
10.943463,0.165307,sumher_ldak,60,2000,0.25,1.0
-0.149428,0.089727,sumher_ldak,61,2000,0.25,1.0
0.105063,0.091806,sumher_ldak,62,2000,0.25,1.0
0.530276,0.095571,sumher_ldak,63,2000,0.25,1.0
88.495752,0.573512,sumher_ldak,64,2000,0.25,1.0
6.492914,0.137542,sumher_ldak,65,2000,0.25,1.0
-0.187949,0.090007,sumher_ldak,66,2000,0.25,1.0
46.307267,0.358726,sumher_ldak,67,2000,0.25,1.0
13.024354,0.177729,sumher_ldak,68,2000,0.25,1.0
34.351707,0.296259,sumher_ldak,69,2000,0.25,1.0
6.964834,0.141168,sumher_ldak,70,2000,0.25,1.0
15.292538,0.191306,sumher_ldak,71,2000,0.25,1.0
0.5617,0.096555,sumher_ldak,72,2000,0.25,1.0
129.130091,0.774809,sumher_ldak,73,2000,0.25,1.0
38.605187,0.318879,sumher_ldak,74,2000,0.25,1.0
26.968874,0.256432,sumher_ldak,75,2000,0.25,1.0
2.785635,0.112607,sumher_ldak,76,2000,0.25,1.0
16.551833,0.198463,sumher_ldak,77,2000,0.25,1.0
6.57892,0.138289,sumher_ldak,78,2000,0.25,1.0
107.125441,0.66599,sumher_ldak,79,2000,0.25,1.0
3.451731,0.116703,sumher_ldak,80,2000,0.25,1.0
7.452921,0.143796,sumher_ldak,81,2000,0.25,1.0
4.825243,0.126826,sumher_ldak,82,2000,0.25,1.0
1.911025,0.106036,sumher_ldak,83,2000,0.25,1.0
0.026588,0.090908,sumher_ldak,84,2000,0.25,1.0
6.595043,0.138215,sumher_ldak,85,2000,0.25,1.0
77.248807,0.516571,sumher_ldak,86,2000,0.25,1.0
7.051852,0.141024,sumher_ldak,87,2000,0.25,1.0
-0.395673,0.087807,sumher_ldak,88,2000,0.25,1.0
9.856613,0.159081,sumher_ldak,89,2000,0.25,1.0
59.144539,0.425124,sumher_ldak,90,2000,0.25,1.0
66.976405,0.464452,sumher_ldak,91,2000,0.25,1.0
3.368073,0.116444,sumher_ldak,92,2000,0.25,1.0
1.157181,0.099871,sumher_ldak,93,2000,0.25,1.0
3.074886,0.114841,sumher_ldak,94,2000,0.25,1.0
0.573043,0.096216,sumher_ldak,95,2000,0.25,1.0
9.939197,0.159318,sumher_ldak,96,2000,0.25,1.0
5.616153,0.131874,sumher_ldak,97,2000,0.25,1.0
46.245606,0.358533,sumher_ldak,98,2000,0.25,1.0
6.147733,0.135234,sumher_ldak,99,2000,0.25,1.0
2.769219,0.090499,sumher_ldak,0,20000,0.25,1.0
0.423198,0.057598,sumher_ldak,1,20000,0.25,1.0
15.740253,0.207602,sumher_ldak,2,20000,0.25,1.0
0.37524,0.057445,sumher_ldak,3,20000,0.25,1.0
0.11288,0.052313,sumher_ldak,4,20000,0.25,1.0
0.821933,0.064225,sumher_ldak,5,20000,0.25,1.0
-0.070473,0.048038,sumher_ldak,6,20000,0.25,1.0
13.697574,0.191354,sumher_ldak,7,20000,0.25,1.0
4.405641,0.107859,sumher_ldak,8,20000,0.25,1.0
5.664666,0.120568,sumher_ldak,9,20000,0.25,1.0
5.800122,0.121765,sumher_ldak,10,20000,0.25,1.0
10.448679,0.16423,sumher_ldak,11,20000,0.25,1.0
-0.081544,0.048742,sumher_ldak,12,20000,0.25,1.0
3.894714,0.102367,sumher_ldak,13,20000,0.25,1.0
2.402853,0.085769,sumher_ldak,14,20000,0.25,1.0
-0.0471,0.049111,sumher_ldak,15,20000,0.25,1.0
1.573724,0.075435,sumher_ldak,16,20000,0.25,1.0
0.091037,0.052122,sumher_ldak,17,20000,0.25,1.0
0.537425,0.060012,sumher_ldak,18,20000,0.25,1.0
10.125644,0.161708,sumher_ldak,19,20000,0.25,1.0
15.035885,0.202456,sumher_ldak,20,20000,0.25,1.0
21.052425,0.249393,sumher_ldak,21,20000,0.25,1.0
12.505845,0.181632,sumher_ldak,22,20000,0.25,1.0
0.917598,0.065722,sumher_ldak,23,20000,0.25,1.0
-0.051331,0.049014,sumher_ldak,24,20000,0.25,1.0
-0.149292,0.046744,sumher_ldak,25,20000,0.25,1.0
28.533806,0.306193,sumher_ldak,26,20000,0.25,1.0
1.181542,0.069691,sumher_ldak,27,20000,0.25,1.0
7.786724,0.140323,sumher_ldak,28,20000,0.25,1.0
4.899173,0.112848,sumher_ldak,29,20000,0.25,1.0
-0.125776,0.047453,sumher_ldak,30,20000,0.25,1.0
0.054111,0.051073,sumher_ldak,31,20000,0.25,1.0
1.546357,0.074857,sumher_ldak,32,20000,0.25,1.0
0.01065,0.050615,sumher_ldak,33,20000,0.25,1.0
1.885247,0.07948,sumher_ldak,34,20000,0.25,1.0
6.533289,0.128769,sumher_ldak,35,20000,0.25,1.0
-0.068032,0.04832,sumher_ldak,36,20000,0.25,1.0
1.968178,0.080517,sumher_ldak,37,20000,0.25,1.0
18.332494,0.229006,sumher_ldak,38,20000,0.25,1.0
15.045196,0.202279,sumher_ldak,39,20000,0.25,1.0
0.248278,0.054597,sumher_ldak,40,20000,0.25,1.0
2.687294,0.089168,sumher_ldak,41,20000,0.25,1.0
1.701596,0.076848,sumher_ldak,42,20000,0.25,1.0
1.393678,0.072769,sumher_ldak,43,20000,0.25,1.0
1.121891,0.068708,sumher_ldak,44,20000,0.25,1.0
-0.133444,0.04709,sumher_ldak,45,20000,0.25,1.0
3.134617,0.093754,sumher_ldak,46,20000,0.25,1.0
10.042058,0.160605,sumher_ldak,47,20000,0.25,1.0
10.760092,0.16666,sumher_ldak,48,20000,0.25,1.0
48.864928,0.451709,sumher_ldak,49,20000,0.25,1.0
18.456026,0.229342,sumher_ldak,50,20000,0.25,1.0
8.76246,0.149676,sumher_ldak,51,20000,0.25,1.0
4.895062,0.112298,sumher_ldak,52,20000,0.25,1.0
7.459329,0.137479,sumher_ldak,53,20000,0.25,1.0
2.380832,0.085719,sumher_ldak,54,20000,0.25,1.0
6.196366,0.125596,sumher_ldak,55,20000,0.25,1.0
0.424012,0.057772,sumher_ldak,56,20000,0.25,1.0
7.596599,0.139,sumher_ldak,57,20000,0.25,1.0
0.171189,0.053516,sumher_ldak,58,20000,0.25,1.0
11.198306,0.17072,sumher_ldak,59,20000,0.25,1.0
3.287244,0.095982,sumher_ldak,60,20000,0.25,1.0
-0.045598,0.049594,sumher_ldak,61,20000,0.25,1.0
0.03212,0.051129,sumher_ldak,62,20000,0.25,1.0
0.165877,0.054347,sumher_ldak,63,20000,0.25,1.0
24.227357,0.274021,sumher_ldak,64,20000,0.25,1.0
1.938974,0.079515,sumher_ldak,65,20000,0.25,1.0
-0.0568,0.049525,sumher_ldak,66,20000,0.25,1.0
13.087759,0.186124,sumher_ldak,67,20000,0.25,1.0
3.841841,0.101793,sumher_ldak,68,20000,0.25,1.0
9.88801,0.159484,sumher_ldak,69,20000,0.25,1.0
2.108143,0.082469,sumher_ldak,70,20000,0.25,1.0
4.522802,0.109331,sumher_ldak,71,20000,0.25,1.0
0.173799,0.054512,sumher_ldak,72,20000,0.25,1.0
34.302323,0.34773,sumher_ldak,73,20000,0.25,1.0
11.113944,0.17016,sumher_ldak,74,20000,0.25,1.0
7.863421,0.141464,sumher_ldak,75,20000,0.25,1.0
0.842153,0.064837,sumher_ldak,76,20000,0.25,1.0
4.876029,0.112783,sumher_ldak,77,20000,0.25,1.0
1.992764,0.080806,sumher_ldak,78,20000,0.25,1.0
28.964984,0.309048,sumher_ldak,79,20000,0.25,1.0
1.043275,0.067362,sumher_ldak,80,20000,0.25,1.0
2.235398,0.083617,sumher_ldak,81,20000,0.25,1.0
1.453286,0.073582,sumher_ldak,82,20000,0.25,1.0
0.578282,0.060463,sumher_ldak,83,20000,0.25,1.0
0.007372,0.050112,sumher_ldak,84,20000,0.25,1.0
1.971726,0.080041,sumher_ldak,85,20000,0.25,1.0
21.190654,0.250087,sumher_ldak,86,20000,0.25,1.0
2.081839,0.081134,sumher_ldak,87,20000,0.25,1.0
-0.120177,0.047917,sumher_ldak,88,20000,0.25,1.0
2.943903,0.09226,sumher_ldak,89,20000,0.25,1.0
16.552288,0.214533,sumher_ldak,90,20000,0.25,1.0
18.634199,0.230462,sumher_ldak,91,20000,0.25,1.0
1.017456,0.067169,sumher_ldak,92,20000,0.25,1.0
0.355676,0.05666,sumher_ldak,93,20000,0.25,1.0
0.936306,0.066512,sumher_ldak,94,20000,0.25,1.0
0.175866,0.054033,sumher_ldak,95,20000,0.25,1.0
2.997778,0.09292,sumher_ldak,96,20000,0.25,1.0
1.695483,0.076768,sumher_ldak,97,20000,0.25,1.0
13.165735,0.187166,sumher_ldak,98,20000,0.25,1.0
1.841798,0.07844,sumher_ldak,99,20000,0.25,1.0
1.812313,0.075437,sumher_ldak,0,50000,0.25,1.0
0.264483,0.046064,sumher_ldak,1,50000,0.25,1.0
10.469935,0.172601,sumher_ldak,2,50000,0.25,1.0
0.237818,0.046222,sumher_ldak,3,50000,0.25,1.0
0.069733,0.041239,sumher_ldak,4,50000,0.25,1.0
0.521343,0.05201,sumher_ldak,5,50000,0.25,1.0
-0.043466,0.037619,sumher_ldak,6,50000,0.25,1.0
9.086691,0.159348,sumher_ldak,7,50000,0.25,1.0
2.892969,0.090156,sumher_ldak,8,50000,0.25,1.0
3.718809,0.10072,sumher_ldak,9,50000,0.25,1.0
3.824559,0.10205,sumher_ldak,10,50000,0.25,1.0
6.965863,0.137854,sumher_ldak,11,50000,0.25,1.0
-0.050865,0.038401,sumher_ldak,12,50000,0.25,1.0
2.554399,0.085543,sumher_ldak,13,50000,0.25,1.0
1.554978,0.070967,sumher_ldak,14,50000,0.25,1.0
-0.029161,0.038591,sumher_ldak,15,50000,0.25,1.0
1.00631,0.061772,sumher_ldak,16,50000,0.25,1.0
0.057231,0.041524,sumher_ldak,17,50000,0.25,1.0
0.340874,0.048457,sumher_ldak,18,50000,0.25,1.0
6.714852,0.135347,sumher_ldak,19,50000,0.25,1.0
9.985385,0.168415,sumher_ldak,20,50000,0.25,1.0
13.983971,0.205832,sumher_ldak,21,50000,0.25,1.0
8.355559,0.152181,sumher_ldak,22,50000,0.25,1.0
0.588931,0.053626,sumher_ldak,23,50000,0.25,1.0
-0.031992,0.03855,sumher_ldak,24,50000,0.25,1.0
-0.091781,0.036444,sumher_ldak,25,50000,0.25,1.0
19.021861,0.251094,sumher_ldak,26,50000,0.25,1.0
0.753179,0.056819,sumher_ldak,27,50000,0.25,1.0
5.141325,0.117385,sumher_ldak,28,50000,0.25,1.0
3.210816,0.094205,sumher_ldak,29,50000,0.25,1.0
-0.077685,0.03712,sumher_ldak,30,50000,0.25,1.0
0.034173,0.040576,sumher_ldak,31,50000,0.25,1.0
0.994929,0.061495,sumher_ldak,32,50000,0.25,1.0
0.006621,0.039881,sumher_ldak,33,50000,0.25,1.0
1.212876,0.065421,sumher_ldak,34,50000,0.25,1.0
4.302885,0.107717,sumher_ldak,35,50000,0.25,1.0
-0.041485,0.037771,sumher_ldak,36,50000,0.25,1.0
1.268679,0.066379,sumher_ldak,37,50000,0.25,1.0
12.247401,0.190385,sumher_ldak,38,50000,0.25,1.0
9.979488,0.168157,sumher_ldak,39,50000,0.25,1.0
0.15604,0.043581,sumher_ldak,40,50000,0.25,1.0
1.740034,0.073879,sumher_ldak,41,50000,0.25,1.0
1.096139,0.063266,sumher_ldak,42,50000,0.25,1.0
0.893767,0.059608,sumher_ldak,43,50000,0.25,1.0
0.714315,0.055965,sumher_ldak,44,50000,0.25,1.0
-0.082237,0.036698,sumher_ldak,45,50000,0.25,1.0
2.040529,0.077883,sumher_ldak,46,50000,0.25,1.0
6.669511,0.134546,sumher_ldak,47,50000,0.25,1.0
7.109219,0.138968,sumher_ldak,48,50000,0.25,1.0
32.186339,0.360317,sumher_ldak,49,50000,0.25,1.0
12.261457,0.189978,sumher_ldak,50,50000,0.25,1.0
5.833462,0.125755,sumher_ldak,51,50000,0.25,1.0
3.177595,0.093271,sumher_ldak,52,50000,0.25,1.0
4.929766,0.115183,sumher_ldak,53,50000,0.25,1.0
1.546644,0.071049,sumher_ldak,54,50000,0.25,1.0
4.061529,0.104828,sumher_ldak,55,50000,0.25,1.0
0.268923,0.04653,sumher_ldak,56,50000,0.25,1.0
5.011226,0.1164,sumher_ldak,57,50000,0.25,1.0
0.108807,0.042875,sumher_ldak,58,50000,0.25,1.0
7.42576,0.142735,sumher_ldak,59,50000,0.25,1.0
2.147169,0.079911,sumher_ldak,60,50000,0.25,1.0
-0.028174,0.039017,sumher_ldak,61,50000,0.25,1.0
0.019792,0.040383,sumher_ldak,62,50000,0.25,1.0
0.104028,0.043345,sumher_ldak,63,50000,0.25,1.0
16.1416,0.225713,sumher_ldak,64,50000,0.25,1.0
1.251875,0.065508,sumher_ldak,65,50000,0.25,1.0
-0.035076,0.038831,sumher_ldak,66,50000,0.25,1.0
8.706522,0.155365,sumher_ldak,67,50000,0.25,1.0
2.506279,0.084816,sumher_ldak,68,50000,0.25,1.0
6.55435,0.133436,sumher_ldak,69,50000,0.25,1.0
1.377867,0.068569,sumher_ldak,70,50000,0.25,1.0
2.963072,0.091337,sumher_ldak,71,50000,0.25,1.0
0.109197,0.043465,sumher_ldak,72,50000,0.25,1.0
22.673689,0.281611,sumher_ldak,73,50000,0.25,1.0
7.390699,0.142453,sumher_ldak,74,50000,0.25,1.0
5.222948,0.118855,sumher_ldak,75,50000,0.25,1.0
0.536224,0.052693,sumher_ldak,76,50000,0.25,1.0
3.193523,0.094133,sumher_ldak,77,50000,0.25,1.0
1.298164,0.06702,sumher_ldak,78,50000,0.25,1.0
19.275569,0.252979,sumher_ldak,79,50000,0.25,1.0
0.660818,0.054673,sumher_ldak,80,50000,0.25,1.0
1.444954,0.069075,sumher_ldak,81,50000,0.25,1.0
0.934891,0.060401,sumher_ldak,82,50000,0.25,1.0
0.365947,0.04878,sumher_ldak,83,50000,0.25,1.0
0.004486,0.039598,sumher_ldak,84,50000,0.25,1.0
1.272672,0.066001,sumher_ldak,85,50000,0.25,1.0
14.046846,0.205925,sumher_ldak,86,50000,0.25,1.0
1.338892,0.066774,sumher_ldak,87,50000,0.25,1.0
-0.074036,0.037457,sumher_ldak,88,50000,0.25,1.0
1.927578,0.076926,sumher_ldak,89,50000,0.25,1.0
10.96907,0.177873,sumher_ldak,90,50000,0.25,1.0
12.397471,0.190938,sumher_ldak,91,50000,0.25,1.0
0.648714,0.054701,sumher_ldak,92,50000,0.25,1.0
0.225102,0.045505,sumher_ldak,93,50000,0.25,1.0
0.59396,0.053985,sumher_ldak,94,50000,0.25,1.0
0.110727,0.043074,sumher_ldak,95,50000,0.25,1.0
1.955655,0.07736,sumher_ldak,96,50000,0.25,1.0
1.085744,0.062983,sumher_ldak,97,50000,0.25,1.0
8.735072,0.156104,sumher_ldak,98,50000,0.25,1.0
1.185311,0.064512,sumher_ldak,99,50000,0.25,1.0
4.438774,0.123833,sumher_ldak,0,2000,0.25,0.1
31.017918,0.278282,sumher_ldak,1,2000,0.25,0.1
37.656157,0.313752,sumher_ldak,2,2000,0.25,0.1
25.780201,0.24972,sumher_ldak,3,2000,0.25,0.1
59.822255,0.428363,sumher_ldak,4,2000,0.25,0.1
28.121431,0.262797,sumher_ldak,5,2000,0.25,0.1
-0.137505,0.089508,sumher_ldak,6,2000,0.25,0.1
34.060862,0.294447,sumher_ldak,7,2000,0.25,0.1
0.298998,0.094068,sumher_ldak,8,2000,0.25,0.1
18.278617,0.208022,sumher_ldak,9,2000,0.25,0.1
6.479772,0.137962,sumher_ldak,10,2000,0.25,0.1
2.710643,0.112394,sumher_ldak,11,2000,0.25,0.1
54.544624,0.401419,sumher_ldak,12,2000,0.25,0.1
17.29242,0.202373,sumher_ldak,13,2000,0.25,0.1
16.812055,0.19966,sumher_ldak,14,2000,0.25,0.1
29.97589,0.272499,sumher_ldak,15,2000,0.25,0.1
78.821925,0.524836,sumher_ldak,16,2000,0.25,0.1
87.797841,0.56953,sumher_ldak,17,2000,0.25,0.1
33.125774,0.289346,sumher_ldak,18,2000,0.25,0.1
4.754721,0.126423,sumher_ldak,19,2000,0.25,0.1
3.704141,0.119156,sumher_ldak,20,2000,0.25,0.1
1.494432,0.103229,sumher_ldak,21,2000,0.25,0.1
38.978064,0.320469,sumher_ldak,22,2000,0.25,0.1
11.498838,0.168822,sumher_ldak,23,2000,0.25,0.1
13.168429,0.178416,sumher_ldak,24,2000,0.25,0.1
33.133087,0.289742,sumher_ldak,25,2000,0.25,0.1
12.692325,0.175749,sumher_ldak,26,2000,0.25,0.1
55.507159,0.406388,sumher_ldak,27,2000,0.25,0.1
7.793997,0.145903,sumher_ldak,28,2000,0.25,0.1
43.534823,0.344769,sumher_ldak,29,2000,0.25,0.1
131.788561,0.787929,sumher_ldak,30,2000,0.25,0.1
71.461564,0.487582,sumher_ldak,31,2000,0.25,0.1
22.350924,0.230878,sumher_ldak,32,2000,0.25,0.1
24.641875,0.243536,sumher_ldak,33,2000,0.25,0.1
33.66648,0.292405,sumher_ldak,34,2000,0.25,0.1
32.728958,0.287139,sumher_ldak,35,2000,0.25,0.1
1.387565,0.102554,sumher_ldak,36,2000,0.25,0.1
42.185209,0.337379,sumher_ldak,37,2000,0.25,0.1
2.763533,0.112335,sumher_ldak,38,2000,0.25,0.1
8.742358,0.151749,sumher_ldak,39,2000,0.25,0.1
90.849081,0.584816,sumher_ldak,40,2000,0.25,0.1
-0.236277,0.08898,sumher_ldak,41,2000,0.25,0.1
69.427862,0.477377,sumher_ldak,42,2000,0.25,0.1
-0.334667,0.08787,sumher_ldak,43,2000,0.25,0.1
44.413475,0.349202,sumher_ldak,44,2000,0.25,0.1
24.413109,0.2426,sumher_ldak,45,2000,0.25,0.1
5.326982,0.130047,sumher_ldak,46,2000,0.25,0.1
25.425011,0.247669,sumher_ldak,47,2000,0.25,0.1
8.691664,0.151858,sumher_ldak,48,2000,0.25,0.1
-0.437948,0.087183,sumher_ldak,49,2000,0.25,0.1
91.559032,0.587961,sumher_ldak,50,2000,0.25,0.1
49.293632,0.374531,sumher_ldak,51,2000,0.25,0.1
31.71458,0.282153,sumher_ldak,52,2000,0.25,0.1
42.575673,0.33952,sumher_ldak,53,2000,0.25,0.1
42.582044,0.339071,sumher_ldak,54,2000,0.25,0.1
171.409145,0.982594,sumher_ldak,55,2000,0.25,0.1
21.524856,0.226095,sumher_ldak,56,2000,0.25,0.1
105.770912,0.658788,sumher_ldak,57,2000,0.25,0.1
72.815014,0.494445,sumher_ldak,58,2000,0.25,0.1
-0.398738,0.087181,sumher_ldak,59,2000,0.25,0.1
6.095204,0.135176,sumher_ldak,60,2000,0.25,0.1
5.189009,0.128328,sumher_ldak,61,2000,0.25,0.1
5.079462,0.128568,sumher_ldak,62,2000,0.25,0.1
1.636457,0.104428,sumher_ldak,63,2000,0.25,0.1
76.982934,0.515359,sumher_ldak,64,2000,0.25,0.1
1.882137,0.106061,sumher_ldak,65,2000,0.25,0.1
0.023788,0.091146,sumher_ldak,66,2000,0.25,0.1
11.089997,0.166183,sumher_ldak,67,2000,0.25,0.1
2.817314,0.112663,sumher_ldak,68,2000,0.25,0.1
27.728567,0.260426,sumher_ldak,69,2000,0.25,0.1
29.666192,0.270664,sumher_ldak,70,2000,0.25,0.1
22.186093,0.230182,sumher_ldak,71,2000,0.25,0.1
1.741288,0.104985,sumher_ldak,72,2000,0.25,0.1
7.223579,0.141919,sumher_ldak,73,2000,0.25,0.1
1.789163,0.105172,sumher_ldak,74,2000,0.25,0.1
53.583238,0.396269,sumher_ldak,75,2000,0.25,0.1
33.962355,0.293966,sumher_ldak,76,2000,0.25,0.1
25.232741,0.247057,sumher_ldak,77,2000,0.25,0.1
13.913474,0.182985,sumher_ldak,78,2000,0.25,0.1
0.489684,0.095171,sumher_ldak,79,2000,0.25,0.1
19.362697,0.214045,sumher_ldak,80,2000,0.25,0.1
-0.425227,0.085308,sumher_ldak,81,2000,0.25,0.1
5.753434,0.132702,sumher_ldak,82,2000,0.25,0.1
-0.254024,0.088566,sumher_ldak,83,2000,0.25,0.1
0.068175,0.091612,sumher_ldak,84,2000,0.25,0.1
20.275224,0.219189,sumher_ldak,85,2000,0.25,0.1
1.183547,0.100562,sumher_ldak,86,2000,0.25,0.1
12.982467,0.177199,sumher_ldak,87,2000,0.25,0.1
6.002643,0.134194,sumher_ldak,88,2000,0.25,0.1
6.600807,0.138408,sumher_ldak,89,2000,0.25,0.1
2.496272,0.110732,sumher_ldak,90,2000,0.25,0.1
50.190741,0.378935,sumher_ldak,91,2000,0.25,0.1
13.902359,0.183021,sumher_ldak,92,2000,0.25,0.1
9.934377,0.159314,sumher_ldak,93,2000,0.25,0.1
61.578066,0.437276,sumher_ldak,94,2000,0.25,0.1
5.212391,0.12943,sumher_ldak,95,2000,0.25,0.1
3.43828,0.117677,sumher_ldak,96,2000,0.25,0.1
17.964987,0.206201,sumher_ldak,97,2000,0.25,0.1
1.25232,0.100784,sumher_ldak,98,2000,0.25,0.1
38.100735,0.316061,sumher_ldak,99,2000,0.25,0.1
1.331952,0.07161,sumher_ldak,0,20000,0.25,0.1
8.934955,0.150766,sumher_ldak,1,20000,0.25,0.1
10.775847,0.166938,sumher_ldak,2,20000,0.25,0.1
7.464929,0.137266,sumher_ldak,3,20000,0.25,0.1
16.813455,0.216361,sumher_ldak,4,20000,0.25,0.1
8.188689,0.144449,sumher_ldak,5,20000,0.25,0.1
-0.041957,0.049219,sumher_ldak,6,20000,0.25,0.1
9.826714,0.158549,sumher_ldak,7,20000,0.25,0.1
0.093033,0.052609,sumher_ldak,8,20000,0.25,0.1
5.387252,0.117873,sumher_ldak,9,20000,0.25,0.1
1.954383,0.080508,sumher_ldak,10,20000,0.25,0.1
0.815225,0.064472,sumher_ldak,11,20000,0.25,0.1
15.308161,0.204409,sumher_ldak,12,20000,0.25,0.1
5.078423,0.114532,sumher_ldak,13,20000,0.25,0.1
4.932491,0.112925,sumher_ldak,14,20000,0.25,0.1
8.683061,0.148448,sumher_ldak,15,20000,0.25,0.1
21.803724,0.255487,sumher_ldak,16,20000,0.25,0.1
24.039631,0.271859,sumher_ldak,17,20000,0.25,0.1
9.629651,0.157234,sumher_ldak,18,20000,0.25,0.1
1.427346,0.073116,sumher_ldak,19,20000,0.25,0.1
1.117759,0.068885,sumher_ldak,20,20000,0.25,0.1
0.458199,0.058965,sumher_ldak,21,20000,0.25,0.1
11.17036,0.170366,sumher_ldak,22,20000,0.25,0.1
3.429646,0.097562,sumher_ldak,23,20000,0.25,0.1
3.883002,0.102058,sumher_ldak,24,20000,0.25,0.1
9.602758,0.156816,sumher_ldak,25,20000,0.25,0.1
3.770524,0.101118,sumher_ldak,26,20000,0.25,0.1
15.660336,0.207478,sumher_ldak,27,20000,0.25,0.1
2.323223,0.084499,sumher_ldak,28,20000,0.25,0.1
12.372537,0.180506,sumher_ldak,29,20000,0.25,0.1
35.08009,0.353613,sumher_ldak,30,20000,0.25,0.1
19.825367,0.240171,sumher_ldak,31,20000,0.25,0.1
6.56144,0.129403,sumher_ldak,32,20000,0.25,0.1
7.15284,0.134407,sumher_ldak,33,20000,0.25,0.1
9.700373,0.157559,sumher_ldak,34,20000,0.25,0.1
9.473775,0.155585,sumher_ldak,35,20000,0.25,0.1
0.433004,0.058931,sumher_ldak,36,20000,0.25,0.1
12.107861,0.178569,sumher_ldak,37,20000,0.25,0.1
0.843149,0.064839,sumher_ldak,38,20000,0.25,0.1
2.625482,0.088248,sumher_ldak,39,20000,0.25,0.1
24.682054,0.276802,sumher_ldak,40,20000,0.25,0.1
-0.068288,0.048428,sumher_ldak,41,20000,0.25,0.1
19.322508,0.236572,sumher_ldak,42,20000,0.25,0.1
-0.101366,0.048367,sumher_ldak,43,20000,0.25,0.1
12.680536,0.183468,sumher_ldak,44,20000,0.25,0.1
7.121734,0.134442,sumher_ldak,45,20000,0.25,0.1
1.59885,0.075508,sumher_ldak,46,20000,0.25,0.1
7.407493,0.136855,sumher_ldak,47,20000,0.25,0.1
2.592325,0.087988,sumher_ldak,48,20000,0.25,0.1
-0.133953,0.047492,sumher_ldak,49,20000,0.25,0.1
24.937897,0.278512,sumher_ldak,50,20000,0.25,0.1
14.053921,0.194804,sumher_ldak,51,20000,0.25,0.1
9.188931,0.153484,sumher_ldak,52,20000,0.25,0.1
12.156529,0.178829,sumher_ldak,53,20000,0.25,0.1
12.076822,0.177537,sumher_ldak,54,20000,0.25,0.1
44.843952,0.423424,sumher_ldak,55,20000,0.25,0.1
6.260127,0.125827,sumher_ldak,56,20000,0.25,0.1
28.503562,0.305048,sumher_ldak,57,20000,0.25,0.1
20.124524,0.242177,sumher_ldak,58,20000,0.25,0.1
-0.122963,0.04813,sumher_ldak,59,20000,0.25,0.1
1.812526,0.078141,sumher_ldak,60,20000,0.25,0.1
1.546309,0.074048,sumher_ldak,61,20000,0.25,0.1
1.510649,0.074199,sumher_ldak,62,20000,0.25,0.1
0.495875,0.059404,sumher_ldak,63,20000,0.25,0.1
21.155947,0.250009,sumher_ldak,64,20000,0.25,0.1
0.573813,0.060779,sumher_ldak,65,20000,0.25,0.1
0.00704,0.050499,sumher_ldak,66,20000,0.25,0.1
3.280655,0.095591,sumher_ldak,67,20000,0.25,0.1
0.860201,0.065182,sumher_ldak,68,20000,0.25,0.1
8.074546,0.14311,sumher_ldak,69,20000,0.25,0.1
8.547588,0.147077,sumher_ldak,70,20000,0.25,0.1
6.480092,0.128376,sumher_ldak,71,20000,0.25,0.1
0.533705,0.060137,sumher_ldak,72,20000,0.25,0.1
2.15276,0.082171,sumher_ldak,73,20000,0.25,0.1
0.541877,0.059851,sumher_ldak,74,20000,0.25,0.1
15.078324,0.202417,sumher_ldak,75,20000,0.25,0.1
9.804319,0.158684,sumher_ldak,76,20000,0.25,0.1
7.358491,0.136728,sumher_ldak,77,20000,0.25,0.1
4.124759,0.104907,sumher_ldak,78,20000,0.25,0.1
0.146608,0.052866,sumher_ldak,79,20000,0.25,0.1
5.62211,0.119677,sumher_ldak,80,20000,0.25,0.1
-0.133073,0.047165,sumher_ldak,81,20000,0.25,0.1
1.718403,0.076755,sumher_ldak,82,20000,0.25,0.1
-0.076406,0.048836,sumher_ldak,83,20000,0.25,0.1
0.020491,0.050471,sumher_ldak,84,20000,0.25,0.1
5.921395,0.122763,sumher_ldak,85,20000,0.25,0.1
0.359342,0.057023,sumher_ldak,86,20000,0.25,0.1
3.872712,0.102249,sumher_ldak,87,20000,0.25,0.1
1.803862,0.077988,sumher_ldak,88,20000,0.25,0.1
1.990556,0.080759,sumher_ldak,89,20000,0.25,0.1
0.753079,0.063545,sumher_ldak,90,20000,0.25,0.1
14.217816,0.195851,sumher_ldak,91,20000,0.25,0.1
4.119083,0.104778,sumher_ldak,92,20000,0.25,0.1
2.985287,0.092749,sumher_ldak,93,20000,0.25,0.1
17.175773,0.219107,sumher_ldak,94,20000,0.25,0.1
1.560846,0.074966,sumher_ldak,95,20000,0.25,0.1
1.050163,0.068423,sumher_ldak,96,20000,0.25,0.1
5.298353,0.116813,sumher_ldak,97,20000,0.25,0.1
0.37354,0.056605,sumher_ldak,98,20000,0.25,0.1
10.922883,0.168331,sumher_ldak,99,20000,0.25,0.1
0.851338,0.058547,sumher_ldak,0,50000,0.25,0.1
5.890706,0.12587,sumher_ldak,1,50000,0.25,0.1
7.15012,0.13957,sumher_ldak,2,50000,0.25,0.1
4.923313,0.114764,sumher_ldak,3,50000,0.25,0.1
11.213057,0.180008,sumher_ldak,4,50000,0.25,0.1
5.398826,0.120739,sumher_ldak,5,50000,0.25,0.1
-0.026233,0.038806,sumher_ldak,6,50000,0.25,0.1
6.517134,0.132661,sumher_ldak,7,50000,0.25,0.1
0.05791,0.041687,sumher_ldak,8,50000,0.25,0.1
3.526736,0.098327,sumher_ldak,9,50000,0.25,0.1
1.271936,0.066706,sumher_ldak,10,50000,0.25,0.1
0.513704,0.05209,sumher_ldak,11,50000,0.25,0.1
10.153954,0.169855,sumher_ldak,12,50000,0.25,0.1
3.3252,0.095605,sumher_ldak,13,50000,0.25,0.1
3.254353,0.094584,sumher_ldak,14,50000,0.25,0.1
5.767659,0.124506,sumher_ldak,15,50000,0.25,0.1
14.601726,0.211866,sumher_ldak,16,50000,0.25,0.1
16.037416,0.224068,sumher_ldak,17,50000,0.25,0.1
6.396458,0.131887,sumher_ldak,18,50000,0.25,0.1
0.916996,0.059952,sumher_ldak,19,50000,0.25,0.1
0.710763,0.056092,sumher_ldak,20,50000,0.25,0.1
0.289322,0.047436,sumher_ldak,21,50000,0.25,0.1
7.428621,0.142648,sumher_ldak,22,50000,0.25,0.1
2.242329,0.081311,sumher_ldak,23,50000,0.25,0.1
2.528189,0.08487,sumher_ldak,24,50000,0.25,0.1
6.367514,0.131293,sumher_ldak,25,50000,0.25,0.1
2.471967,0.08443,sumher_ldak,26,50000,0.25,0.1
10.414229,0.172664,sumher_ldak,27,50000,0.25,0.1
1.490103,0.069534,sumher_ldak,28,50000,0.25,0.1
8.205868,0.150524,sumher_ldak,29,50000,0.25,0.1
23.249855,0.286736,sumher_ldak,30,50000,0.25,0.1
13.15082,0.198326,sumher_ldak,31,50000,0.25,0.1
4.323987,0.10832,sumher_ldak,32,50000,0.25,0.1
4.716121,0.112437,sumher_ldak,33,50000,0.25,0.1
6.403876,0.131507,sumher_ldak,34,50000,0.25,0.1
6.278903,0.130301,sumher_ldak,35,50000,0.25,0.1
0.275093,0.04752,sumher_ldak,36,50000,0.25,0.1
8.079605,0.149726,sumher_ldak,37,50000,0.25,0.1
0.539386,0.052794,sumher_ldak,38,50000,0.25,0.1
1.708835,0.073268,sumher_ldak,39,50000,0.25,0.1
16.369355,0.227109,sumher_ldak,40,50000,0.25,0.1
-0.041912,0.038066,sumher_ldak,41,50000,0.25,0.1
12.88565,0.196336,sumher_ldak,42,50000,0.25,0.1
-0.063082,0.037993,sumher_ldak,43,50000,0.25,0.1
8.472716,0.153797,sumher_ldak,44,50000,0.25,0.1
4.677735,0.112208,sumher_ldak,45,50000,0.25,0.1
1.022126,0.061841,sumher_ldak,46,50000,0.25,0.1
4.905838,0.114792,sumher_ldak,47,50000,0.25,0.1
1.675423,0.072715,sumher_ldak,48,50000,0.25,0.1
-0.083369,0.037227,sumher_ldak,49,50000,0.25,0.1
16.574654,0.228835,sumher_ldak,50,50000,0.25,0.1
9.366436,0.16272,sumher_ldak,51,50000,0.25,0.1
6.121123,0.128995,sumher_ldak,52,50000,0.25,0.1
8.058234,0.149245,sumher_ldak,53,50000,0.25,0.1
8.014979,0.148219,sumher_ldak,54,50000,0.25,0.1
29.653764,0.339792,sumher_ldak,55,50000,0.25,0.1
4.109979,0.105046,sumher_ldak,56,50000,0.25,0.1
18.866214,0.248792,sumher_ldak,57,50000,0.25,0.1
13.408653,0.2004,sumher_ldak,58,50000,0.25,0.1
-0.075598,0.037708,sumher_ldak,59,50000,0.25,0.1
1.162152,0.064161,sumher_ldak,60,50000,0.25,0.1
0.994804,0.060803,sumher_ldak,61,50000,0.25,0.1
0.960556,0.060509,sumher_ldak,62,50000,0.25,0.1
0.310789,0.047648,sumher_ldak,63,50000,0.25,0.1
14.022863,0.205858,sumher_ldak,64,50000,0.25,0.1
0.362766,0.049038,sumher_ldak,65,50000,0.25,0.1
0.004056,0.039982,sumher_ldak,66,50000,0.25,0.1
2.129639,0.079333,sumher_ldak,67,50000,0.25,0.1
0.546842,0.052888,sumher_ldak,68,50000,0.25,0.1
5.392861,0.120576,sumher_ldak,69,50000,0.25,0.1
5.657038,0.123134,sumher_ldak,70,50000,0.25,0.1
4.258647,0.107267,sumher_ldak,71,50000,0.25,0.1
0.339856,0.048631,sumher_ldak,72,50000,0.25,0.1
1.383543,0.067654,sumher_ldak,73,50000,0.25,0.1
0.341499,0.048162,sumher_ldak,74,50000,0.25,0.1
10.038541,0.168627,sumher_ldak,75,50000,0.25,0.1
6.516006,0.133019,sumher_ldak,76,50000,0.25,0.1
4.871723,0.114661,sumher_ldak,77,50000,0.25,0.1
2.699944,0.087553,sumher_ldak,78,50000,0.25,0.1
0.091827,0.04206,sumher_ldak,79,50000,0.25,0.1
3.678677,0.099777,sumher_ldak,80,50000,0.25,0.1
-0.082817,0.037014,sumher_ldak,81,50000,0.25,0.1
1.09792,0.062887,sumher_ldak,82,50000,0.25,0.1
-0.047253,0.038453,sumher_ldak,83,50000,0.25,0.1
0.012867,0.039742,sumher_ldak,84,50000,0.25,0.1
3.866286,0.102227,sumher_ldak,85,50000,0.25,0.1
0.226589,0.045753,sumher_ldak,86,50000,0.25,0.1
2.539918,0.085411,sumher_ldak,87,50000,0.25,0.1
1.153647,0.063979,sumher_ldak,88,50000,0.25,0.1
1.286302,0.066688,sumher_ldak,89,50000,0.25,0.1
0.477957,0.051501,sumher_ldak,90,50000,0.25,0.1
9.466749,0.163429,sumher_ldak,91,50000,0.25,0.1
2.690493,0.087221,sumher_ldak,92,50000,0.25,0.1
1.941289,0.077105,sumher_ldak,93,50000,0.25,0.1
11.422564,0.181806,sumher_ldak,94,50000,0.25,0.1
1.008436,0.061701,sumher_ldak,95,50000,0.25,0.1
0.671576,0.055831,sumher_ldak,96,50000,0.25,0.1
3.49396,0.097883,sumher_ldak,97,50000,0.25,0.1
0.233862,0.045221,sumher_ldak,98,50000,0.25,0.1
7.246022,0.14079,sumher_ldak,99,50000,0.25,0.1
93.963693,0.60086,sumher_ldak,0,2000,0.25,0.01
2.600892,0.111288,sumher_ldak,1,2000,0.25,0.01
16.895042,0.200372,sumher_ldak,2,2000,0.25,0.01
70.060063,0.480378,sumher_ldak,3,2000,0.25,0.01
16.463054,0.197885,sumher_ldak,4,2000,0.25,0.01
14.863324,0.188538,sumher_ldak,5,2000,0.25,0.01
5.317876,0.129932,sumher_ldak,6,2000,0.25,0.01
10.398047,0.162014,sumher_ldak,7,2000,0.25,0.01
33.438735,0.291038,sumher_ldak,8,2000,0.25,0.01
48.72426,0.371432,sumher_ldak,9,2000,0.25,0.01
63.835843,0.449134,sumher_ldak,10,2000,0.25,0.01
37.075275,0.310537,sumher_ldak,11,2000,0.25,0.01
4.715767,0.125698,sumher_ldak,12,2000,0.25,0.01
0.18759,0.092512,sumher_ldak,13,2000,0.25,0.01
21.188425,0.224608,sumher_ldak,14,2000,0.25,0.01
41.014864,0.331396,sumher_ldak,15,2000,0.25,0.01
21.605336,0.226932,sumher_ldak,16,2000,0.25,0.01
0.575886,0.095889,sumher_ldak,17,2000,0.25,0.01
6.573594,0.138512,sumher_ldak,18,2000,0.25,0.01
2.68444,0.111772,sumher_ldak,19,2000,0.25,0.01
-0.104342,0.09041,sumher_ldak,20,2000,0.25,0.01
-0.190949,0.089363,sumher_ldak,21,2000,0.25,0.01
0.211823,0.092734,sumher_ldak,22,2000,0.25,0.01
0.231051,0.092901,sumher_ldak,23,2000,0.25,0.01
7.521661,0.144451,sumher_ldak,24,2000,0.25,0.01
29.948298,0.272599,sumher_ldak,25,2000,0.25,0.01
61.421229,0.436605,sumher_ldak,26,2000,0.25,0.01
2.820132,0.113066,sumher_ldak,27,2000,0.25,0.01
55.033162,0.403575,sumher_ldak,28,2000,0.25,0.01
-0.344963,0.087974,sumher_ldak,29,2000,0.25,0.01
2.06557,0.107529,sumher_ldak,30,2000,0.25,0.01
-0.458811,0.084988,sumher_ldak,31,2000,0.25,0.01
-0.096546,0.089717,sumher_ldak,32,2000,0.25,0.01
26.620863,0.254668,sumher_ldak,33,2000,0.25,0.01
-0.309048,0.087749,sumher_ldak,34,2000,0.25,0.01
0.265965,0.092882,sumher_ldak,35,2000,0.25,0.01
77.337974,0.517398,sumher_ldak,36,2000,0.25,0.01
1.065226,0.099678,sumher_ldak,37,2000,0.25,0.01
19.457753,0.214734,sumher_ldak,38,2000,0.25,0.01
37.192776,0.310966,sumher_ldak,39,2000,0.25,0.01
75.390665,0.507724,sumher_ldak,40,2000,0.25,0.01
9.109209,0.154454,sumher_ldak,41,2000,0.25,0.01
0.063997,0.091224,sumher_ldak,42,2000,0.25,0.01
106.722282,0.663932,sumher_ldak,43,2000,0.25,0.01
-0.500738,0.086048,sumher_ldak,44,2000,0.25,0.01
19.172538,0.212989,sumher_ldak,45,2000,0.25,0.01
2.974614,0.11405,sumher_ldak,46,2000,0.25,0.01
1.459309,0.102403,sumher_ldak,47,2000,0.25,0.01
24.784672,0.244938,sumher_ldak,48,2000,0.25,0.01
84.078164,0.551028,sumher_ldak,49,2000,0.25,0.01
3.597093,0.118463,sumher_ldak,50,2000,0.25,0.01
45.378125,0.353977,sumher_ldak,51,2000,0.25,0.01
120.553352,0.731668,sumher_ldak,52,2000,0.25,0.01
13.987981,0.183012,sumher_ldak,53,2000,0.25,0.01
27.04834,0.256775,sumher_ldak,54,2000,0.25,0.01
56.023848,0.409066,sumher_ldak,55,2000,0.25,0.01
17.12418,0.201717,sumher_ldak,56,2000,0.25,0.01
63.001034,0.444616,sumher_ldak,57,2000,0.25,0.01
37.703254,0.313401,sumher_ldak,58,2000,0.25,0.01
5.458581,0.130737,sumher_ldak,59,2000,0.25,0.01
8.75473,0.152432,sumher_ldak,60,2000,0.25,0.01
14.439296,0.186181,sumher_ldak,61,2000,0.25,0.01
1.241457,0.10108,sumher_ldak,62,2000,0.25,0.01
210.500845,1.17328,sumher_ldak,63,2000,0.25,0.01
-0.2985,0.088059,sumher_ldak,64,2000,0.25,0.01
15.29644,0.19138,sumher_ldak,65,2000,0.25,0.01
5.093882,0.128296,sumher_ldak,66,2000,0.25,0.01
-0.096801,0.089671,sumher_ldak,67,2000,0.25,0.01
19.300174,0.214041,sumher_ldak,68,2000,0.25,0.01
-0.437418,0.086989,sumher_ldak,69,2000,0.25,0.01
9.02623,0.153376,sumher_ldak,70,2000,0.25,0.01
10.099484,0.160172,sumher_ldak,71,2000,0.25,0.01
26.691818,0.2546,sumher_ldak,72,2000,0.25,0.01
1.332011,0.102135,sumher_ldak,73,2000,0.25,0.01
-0.291329,0.088658,sumher_ldak,74,2000,0.25,0.01
1.777176,0.104963,sumher_ldak,75,2000,0.25,0.01
98.211899,0.621726,sumher_ldak,76,2000,0.25,0.01
32.315651,0.28509,sumher_ldak,77,2000,0.25,0.01
110.072769,0.680816,sumher_ldak,78,2000,0.25,0.01
61.22925,0.435613,sumher_ldak,79,2000,0.25,0.01
1.546948,0.103798,sumher_ldak,80,2000,0.25,0.01
90.389524,0.58231,sumher_ldak,81,2000,0.25,0.01
0.498959,0.094999,sumher_ldak,82,2000,0.25,0.01
21.423539,0.225771,sumher_ldak,83,2000,0.25,0.01
1.9131,0.106159,sumher_ldak,84,2000,0.25,0.01
31.030405,0.278043,sumher_ldak,85,2000,0.25,0.01
11.702699,0.17024,sumher_ldak,86,2000,0.25,0.01
4.54337,0.12446,sumher_ldak,87,2000,0.25,0.01
12.6702,0.175758,sumher_ldak,88,2000,0.25,0.01
77.401686,0.517646,sumher_ldak,89,2000,0.25,0.01
26.508765,0.253431,sumher_ldak,90,2000,0.25,0.01
6.909102,0.140043,sumher_ldak,91,2000,0.25,0.01
141.625065,0.836064,sumher_ldak,92,2000,0.25,0.01
27.600929,0.259413,sumher_ldak,93,2000,0.25,0.01
41.025748,0.331149,sumher_ldak,94,2000,0.25,0.01
0.396277,0.094,sumher_ldak,95,2000,0.25,0.01
0.408249,0.094054,sumher_ldak,96,2000,0.25,0.01
61.935851,0.438968,sumher_ldak,97,2000,0.25,0.01
1.763588,0.105126,sumher_ldak,98,2000,0.25,0.01
63.539536,0.447509,sumher_ldak,99,2000,0.25,0.01
25.658379,0.284779,sumher_ldak,0,20000,0.25,0.01
0.789982,0.064041,sumher_ldak,1,20000,0.25,0.01
4.990199,0.113976,sumher_ldak,2,20000,0.25,0.01
19.418372,0.236675,sumher_ldak,3,20000,0.25,0.01
4.854237,0.112524,sumher_ldak,4,20000,0.25,0.01
4.401472,0.107901,sumher_ldak,5,20000,0.25,0.01
1.596369,0.075346,sumher_ldak,6,20000,0.25,0.01
3.061686,0.092953,sumher_ldak,7,20000,0.25,0.01
9.574982,0.156379,sumher_ldak,8,20000,0.25,0.01
13.788386,0.192192,sumher_ldak,9,20000,0.25,0.01
17.845179,0.224952,sumher_ldak,10,20000,0.25,0.01
10.628998,0.165754,sumher_ldak,11,20000,0.25,0.01
1.402902,0.072379,sumher_ldak,12,20000,0.25,0.01
0.056551,0.051323,sumher_ldak,13,20000,0.25,0.01
6.234386,0.126163,sumher_ldak,14,20000,0.25,0.01
11.737685,0.17523,sumher_ldak,15,20000,0.25,0.01
6.350611,0.127332,sumher_ldak,16,20000,0.25,0.01
0.178904,0.054111,sumher_ldak,17,20000,0.25,0.01
1.957186,0.080176,sumher_ldak,18,20000,0.25,0.01
0.814523,0.06442,sumher_ldak,19,20000,0.25,0.01
-0.031149,0.050178,sumher_ldak,20,20000,0.25,0.01
-0.057125,0.049257,sumher_ldak,21,20000,0.25,0.01
0.066222,0.051989,sumher_ldak,22,20000,0.25,0.01
0.072302,0.052171,sumher_ldak,23,20000,0.25,0.01
2.26726,0.084259,sumher_ldak,24,20000,0.25,0.01
8.641317,0.148236,sumher_ldak,25,20000,0.25,0.01
17.206865,0.21957,sumher_ldak,26,20000,0.25,0.01
0.846835,0.064809,sumher_ldak,27,20000,0.25,0.01
15.41931,0.204857,sumher_ldak,28,20000,0.25,0.01
-0.105176,0.048475,sumher_ldak,29,20000,0.25,0.01
0.624457,0.06144,sumher_ldak,30,20000,0.25,0.01
-0.143265,0.046531,sumher_ldak,31,20000,0.25,0.01
-0.029135,0.049805,sumher_ldak,32,20000,0.25,0.01
7.761514,0.140565,sumher_ldak,33,20000,0.25,0.01
-0.091044,0.048026,sumher_ldak,34,20000,0.25,0.01
0.081815,0.051921,sumher_ldak,35,20000,0.25,0.01
21.329025,0.251961,sumher_ldak,36,20000,0.25,0.01
0.325139,0.056465,sumher_ldak,37,20000,0.25,0.01
5.67812,0.120409,sumher_ldak,38,20000,0.25,0.01
10.685021,0.166068,sumher_ldak,39,20000,0.25,0.01
20.887071,0.248662,sumher_ldak,40,20000,0.25,0.01
2.728441,0.089784,sumher_ldak,41,20000,0.25,0.01
0.020317,0.050837,sumher_ldak,42,20000,0.25,0.01
28.821106,0.307972,sumher_ldak,43,20000,0.25,0.01
-0.152735,0.046573,sumher_ldak,44,20000,0.25,0.01
5.671105,0.120555,sumher_ldak,45,20000,0.25,0.01
0.900167,0.065624,sumher_ldak,46,20000,0.25,0.01
0.44175,0.058142,sumher_ldak,47,20000,0.25,0.01
7.287781,0.136783,sumher_ldak,48,20000,0.25,0.01
23.137931,0.265599,sumher_ldak,49,20000,0.25,0.01
1.086296,0.06852,sumher_ldak,50,20000,0.25,0.01
12.877994,0.184572,sumher_ldak,51,20000,0.25,0.01
32.244747,0.332307,sumher_ldak,52,20000,0.25,0.01
4.13844,0.104668,sumher_ldak,53,20000,0.25,0.01
7.83425,0.140893,sumher_ldak,54,20000,0.25,0.01
15.707224,0.20775,sumher_ldak,55,20000,0.25,0.01
5.076286,0.114948,sumher_ldak,56,20000,0.25,0.01
17.555834,0.222284,sumher_ldak,57,20000,0.25,0.01
10.867195,0.167429,sumher_ldak,58,20000,0.25,0.01
1.627681,0.075513,sumher_ldak,59,20000,0.25,0.01
2.628349,0.088691,sumher_ldak,60,20000,0.25,0.01
4.295004,0.10693,sumher_ldak,61,20000,0.25,0.01
0.378596,0.057414,sumher_ldak,62,20000,0.25,0.01
54.215522,0.488892,sumher_ldak,63,20000,0.25,0.01
-0.089389,0.048163,sumher_ldak,64,20000,0.25,0.01
4.551315,0.109767,sumher_ldak,65,20000,0.25,0.01
1.531156,0.074394,sumher_ldak,66,20000,0.25,0.01
-0.028482,0.049756,sumher_ldak,67,20000,0.25,0.01
5.440685,0.117672,sumher_ldak,68,20000,0.25,0.01
-0.134647,0.047626,sumher_ldak,69,20000,0.25,0.01
2.691967,0.088858,sumher_ldak,70,20000,0.25,0.01
3.031589,0.09302,sumher_ldak,71,20000,0.25,0.01
7.75423,0.140118,sumher_ldak,72,20000,0.25,0.01
0.403003,0.057891,sumher_ldak,73,20000,0.25,0.01
-0.089556,0.048731,sumher_ldak,74,20000,0.25,0.01
0.544192,0.060193,sumher_ldak,75,20000,0.25,0.01
26.624243,0.29176,sumher_ldak,76,20000,0.25,0.01
9.34199,0.154369,sumher_ldak,77,20000,0.25,0.01
29.705997,0.314432,sumher_ldak,78,20000,0.25,0.01
17.12395,0.218892,sumher_ldak,79,20000,0.25,0.01
0.470924,0.059202,sumher_ldak,80,20000,0.25,0.01
24.65813,0.276581,sumher_ldak,81,20000,0.25,0.01
0.154889,0.053544,sumher_ldak,82,20000,0.25,0.01
6.237907,0.125887,sumher_ldak,83,20000,0.25,0.01
0.580456,0.060662,sumher_ldak,84,20000,0.25,0.01
8.98472,0.151172,sumher_ldak,85,20000,0.25,0.01
3.503056,0.098642,sumher_ldak,86,20000,0.25,0.01
1.365953,0.072033,sumher_ldak,87,20000,0.25,0.01
3.724955,0.10045,sumher_ldak,88,20000,0.25,0.01
21.012733,0.249317,sumher_ldak,89,20000,0.25,0.01
7.689863,0.139373,sumher_ldak,90,20000,0.25,0.01
2.068915,0.081191,sumher_ldak,91,20000,0.25,0.01
37.503803,0.370904,sumher_ldak,92,20000,0.25,0.01
8.057179,0.143064,sumher_ldak,93,20000,0.25,0.01
11.653025,0.174083,sumher_ldak,94,20000,0.25,0.01
0.121208,0.052687,sumher_ldak,95,20000,0.25,0.01
0.124947,0.052762,sumher_ldak,96,20000,0.25,0.01
17.248771,0.219608,sumher_ldak,97,20000,0.25,0.01
0.527006,0.059527,sumher_ldak,98,20000,0.25,0.01
17.709411,0.2236,sumher_ldak,99,20000,0.25,0.01
17.078815,0.23406,sumher_ldak,0,50000,0.25,0.01
0.499148,0.05176,sumher_ldak,1,50000,0.25,0.01
3.296355,0.095624,sumher_ldak,2,50000,0.25,0.01
12.885124,0.195474,sumher_ldak,3,50000,0.25,0.01
3.184758,0.094031,sumher_ldak,4,50000,0.25,0.01
2.882762,0.090119,sumher_ldak,5,50000,0.25,0.01
1.030543,0.062008,sumher_ldak,6,50000,0.25,0.01
1.978721,0.076898,sumher_ldak,7,50000,0.25,0.01
6.327257,0.130671,sumher_ldak,8,50000,0.25,0.01
9.15206,0.160106,sumher_ldak,9,50000,0.25,0.01
11.860399,0.186531,sumher_ldak,10,50000,0.25,0.01
7.057105,0.138736,sumher_ldak,11,50000,0.25,0.01
0.907203,0.059549,sumher_ldak,12,50000,0.25,0.01
0.034981,0.040427,sumher_ldak,13,50000,0.25,0.01
4.103203,0.105569,sumher_ldak,14,50000,0.25,0.01
7.807226,0.146556,sumher_ldak,15,50000,0.25,0.01
4.207461,0.106952,sumher_ldak,16,50000,0.25,0.01
0.113189,0.043271,sumher_ldak,17,50000,0.25,0.01
1.260917,0.066003,sumher_ldak,18,50000,0.25,0.01
0.521261,0.052436,sumher_ldak,19,50000,0.25,0.01
-0.019066,0.039493,sumher_ldak,20,50000,0.25,0.01
-0.035152,0.038633,sumher_ldak,21,50000,0.25,0.01
0.041934,0.041395,sumher_ldak,22,50000,0.25,0.01
0.045408,0.041341,sumher_ldak,23,50000,0.25,0.01
1.466724,0.069634,sumher_ldak,24,50000,0.25,0.01
5.709964,0.123966,sumher_ldak,25,50000,0.25,0.01
11.420867,0.181964,sumher_ldak,26,50000,0.25,0.01
0.532074,0.052293,sumher_ldak,27,50000,0.25,0.01
10.219359,0.169973,sumher_ldak,28,50000,0.25,0.01
-0.065208,0.038007,sumher_ldak,29,50000,0.25,0.01
0.396301,0.049697,sumher_ldak,30,50000,0.25,0.01
-0.088846,0.036359,sumher_ldak,31,50000,0.25,0.01
-0.017964,0.039368,sumher_ldak,32,50000,0.25,0.01
5.156952,0.118142,sumher_ldak,33,50000,0.25,0.01
-0.056064,0.037675,sumher_ldak,34,50000,0.25,0.01
0.051404,0.041192,sumher_ldak,35,50000,0.25,0.01
14.183625,0.208087,sumher_ldak,36,50000,0.25,0.01
0.205408,0.045291,sumher_ldak,37,50000,0.25,0.01
3.730026,0.100654,sumher_ldak,38,50000,0.25,0.01
7.121861,0.139347,sumher_ldak,39,50000,0.25,0.01
13.847568,0.205013,sumher_ldak,40,50000,0.25,0.01
1.765082,0.074334,sumher_ldak,41,50000,0.25,0.01
0.012518,0.039983,sumher_ldak,42,50000,0.25,0.01
19.094779,0.251286,sumher_ldak,43,50000,0.25,0.01
-0.094616,0.036329,sumher_ldak,44,50000,0.25,0.01
3.738995,0.101001,sumher_ldak,45,50000,0.25,0.01
0.572089,0.053248,sumher_ldak,46,50000,0.25,0.01
0.277472,0.046621,sumher_ldak,47,50000,0.25,0.01
4.842504,0.115131,sumher_ldak,48,50000,0.25,0.01
15.42466,0.219209,sumher_ldak,49,50000,0.25,0.01
0.698268,0.056047,sumher_ldak,50,50000,0.25,0.01
8.508006,0.15349,sumher_ldak,51,50000,0.25,0.01
21.393902,0.270418,sumher_ldak,52,50000,0.25,0.01
2.702737,0.087221,sumher_ldak,53,50000,0.25,0.01
5.180586,0.118014,sumher_ldak,54,50000,0.25,0.01
10.447228,0.172879,sumher_ldak,55,50000,0.25,0.01
3.331124,0.096091,sumher_ldak,56,50000,0.25,0.01
11.624628,0.183833,sumher_ldak,57,50000,0.25,0.01
7.257484,0.140588,sumher_ldak,58,50000,0.25,0.01
1.047181,0.062062,sumher_ldak,59,50000,0.25,0.01
1.707896,0.07361,sumher_ldak,60,50000,0.25,0.01
2.807823,0.089224,sumher_ldak,61,50000,0.25,0.01
0.235191,0.045763,sumher_ldak,62,50000,0.25,0.01
35.699854,0.388335,sumher_ldak,63,50000,0.25,0.01
-0.055182,0.037819,sumher_ldak,64,50000,0.25,0.01
3.012135,0.092154,sumher_ldak,65,50000,0.25,0.01
0.991906,0.061327,sumher_ldak,66,50000,0.25,0.01
-0.017483,0.039181,sumher_ldak,67,50000,0.25,0.01
3.693917,0.100397,sumher_ldak,68,50000,0.25,0.01
-0.083273,0.037293,sumher_ldak,69,50000,0.25,0.01
1.742885,0.07355,sumher_ldak,70,50000,0.25,0.01
1.975313,0.077345,sumher_ldak,71,50000,0.25,0.01
5.141407,0.11757,sumher_ldak,72,50000,0.25,0.01
0.256438,0.0467,sumher_ldak,73,50000,0.25,0.01
-0.055381,0.038252,sumher_ldak,74,50000,0.25,0.01
0.345919,0.048667,sumher_ldak,75,50000,0.25,0.01
17.615014,0.238467,sumher_ldak,76,50000,0.25,0.01
6.227547,0.129651,sumher_ldak,77,50000,0.25,0.01
19.68182,0.256262,sumher_ldak,78,50000,0.25,0.01
11.384501,0.18165,sumher_ldak,79,50000,0.25,0.01
0.2992,0.04779,sumher_ldak,80,50000,0.25,0.01
16.329439,0.226692,sumher_ldak,81,50000,0.25,0.01
0.097849,0.042715,sumher_ldak,82,50000,0.25,0.01
4.096501,0.105145,sumher_ldak,83,50000,0.25,0.01
0.364552,0.048751,sumher_ldak,84,50000,0.25,0.01
5.94317,0.126421,sumher_ldak,85,50000,0.25,0.01
2.295605,0.082355,sumher_ldak,86,50000,0.25,0.01
0.879175,0.059101,sumher_ldak,87,50000,0.25,0.01
2.417009,0.083341,sumher_ldak,88,50000,0.25,0.01
14.262895,0.209143,sumher_ldak,89,50000,0.25,0.01
5.083968,0.116777,sumher_ldak,90,50000,0.25,0.01
1.33986,0.067067,sumher_ldak,91,50000,0.25,0.01
24.854298,0.300135,sumher_ldak,92,50000,0.25,0.01
5.326473,0.119793,sumher_ldak,93,50000,0.25,0.01
7.726267,0.145326,sumher_ldak,94,50000,0.25,0.01
0.075409,0.041787,sumher_ldak,95,50000,0.25,0.01
0.077814,0.041846,sumher_ldak,96,50000,0.25,0.01
11.460349,0.182142,sumher_ldak,97,50000,0.25,0.01
0.329571,0.047705,sumher_ldak,98,50000,0.25,0.01
11.775395,0.185481,sumher_ldak,99,50000,0.25,0.01
0.571416,0.096102,sumher_ldak,0,2000,0.4,1.0
1.131553,0.100264,sumher_ldak,1,2000,0.4,1.0
1.09584,0.100549,sumher_ldak,2,2000,0.4,1.0
0.256931,0.093024,sumher_ldak,3,2000,0.4,1.0
0.197949,0.092547,sumher_ldak,4,2000,0.4,1.0
66.904858,0.464576,sumher_ldak,5,2000,0.4,1.0
101.189848,0.637098,sumher_ldak,6,2000,0.4,1.0
4.517405,0.124736,sumher_ldak,7,2000,0.4,1.0
-0.262692,0.089063,sumher_ldak,8,2000,0.4,1.0
22.492555,0.232091,sumher_ldak,9,2000,0.4,1.0
96.063084,0.611012,sumher_ldak,10,2000,0.4,1.0
0.209794,0.092624,sumher_ldak,11,2000,0.4,1.0
141.814755,0.837403,sumher_ldak,12,2000,0.4,1.0
40.830129,0.330525,sumher_ldak,13,2000,0.4,1.0
0.151758,0.091983,sumher_ldak,14,2000,0.4,1.0
11.638886,0.169531,sumher_ldak,15,2000,0.4,1.0
6.024669,0.134888,sumher_ldak,16,2000,0.4,1.0
28.5339,0.264911,sumher_ldak,17,2000,0.4,1.0
4.211274,0.12253,sumher_ldak,18,2000,0.4,1.0
20.525368,0.22071,sumher_ldak,19,2000,0.4,1.0
30.497056,0.275616,sumher_ldak,20,2000,0.4,1.0
-0.362265,0.087211,sumher_ldak,21,2000,0.4,1.0
56.338262,0.410769,sumher_ldak,22,2000,0.4,1.0
18.768272,0.211118,sumher_ldak,23,2000,0.4,1.0
8.469498,0.150217,sumher_ldak,24,2000,0.4,1.0
69.130314,0.475889,sumher_ldak,25,2000,0.4,1.0
-0.00602,0.090396,sumher_ldak,26,2000,0.4,1.0
161.797681,0.935544,sumher_ldak,27,2000,0.4,1.0
46.348997,0.359262,sumher_ldak,28,2000,0.4,1.0
84.56828,0.553468,sumher_ldak,29,2000,0.4,1.0
62.441902,0.441943,sumher_ldak,30,2000,0.4,1.0
66.164125,0.460755,sumher_ldak,31,2000,0.4,1.0
5.247757,0.129674,sumher_ldak,32,2000,0.4,1.0
40.029836,0.326029,sumher_ldak,33,2000,0.4,1.0
6.009254,0.134691,sumher_ldak,34,2000,0.4,1.0
16.722545,0.199586,sumher_ldak,35,2000,0.4,1.0
0.528148,0.095659,sumher_ldak,36,2000,0.4,1.0
-0.069829,0.090031,sumher_ldak,37,2000,0.4,1.0
2.328468,0.109519,sumher_ldak,38,2000,0.4,1.0
10.131487,0.160315,sumher_ldak,39,2000,0.4,1.0
72.192354,0.49124,sumher_ldak,40,2000,0.4,1.0
15.810946,0.194127,sumher_ldak,41,2000,0.4,1.0
19.551154,0.215552,sumher_ldak,42,2000,0.4,1.0
5.611573,0.131985,sumher_ldak,43,2000,0.4,1.0
3.128982,0.115119,sumher_ldak,44,2000,0.4,1.0
7.088303,0.142087,sumher_ldak,45,2000,0.4,1.0
36.848878,0.309287,sumher_ldak,46,2000,0.4,1.0
124.701147,0.753022,sumher_ldak,47,2000,0.4,1.0
75.48733,0.508289,sumher_ldak,48,2000,0.4,1.0
187.90091,1.062984,sumher_ldak,49,2000,0.4,1.0
13.501576,0.180484,sumher_ldak,50,2000,0.4,1.0
54.359403,0.400732,sumher_ldak,51,2000,0.4,1.0
17.266759,0.202828,sumher_ldak,52,2000,0.4,1.0
39.970298,0.32612,sumher_ldak,53,2000,0.4,1.0
34.076219,0.294726,sumher_ldak,54,2000,0.4,1.0
37.17997,0.31145,sumher_ldak,55,2000,0.4,1.0
27.302525,0.258078,sumher_ldak,56,2000,0.4,1.0
10.287549,0.161621,sumher_ldak,57,2000,0.4,1.0
24.37227,0.242045,sumher_ldak,58,2000,0.4,1.0
51.634267,0.386259,sumher_ldak,59,2000,0.4,1.0
-0.366901,0.08728,sumher_ldak,60,2000,0.4,1.0
45.011528,0.35272,sumher_ldak,61,2000,0.4,1.0
-0.193398,0.088337,sumher_ldak,62,2000,0.4,1.0
43.678603,0.345849,sumher_ldak,63,2000,0.4,1.0
-0.179534,0.089923,sumher_ldak,64,2000,0.4,1.0
39.378052,0.322707,sumher_ldak,65,2000,0.4,1.0
24.245191,0.241297,sumher_ldak,66,2000,0.4,1.0
3.177244,0.11595,sumher_ldak,67,2000,0.4,1.0
70.291522,0.481492,sumher_ldak,68,2000,0.4,1.0
55.580926,0.407042,sumher_ldak,69,2000,0.4,1.0
-0.146849,0.088838,sumher_ldak,70,2000,0.4,1.0
2.352068,0.109213,sumher_ldak,71,2000,0.4,1.0
51.875541,0.387962,sumher_ldak,72,2000,0.4,1.0
96.52003,0.61327,sumher_ldak,73,2000,0.4,1.0
23.765543,0.239212,sumher_ldak,74,2000,0.4,1.0
78.146938,0.521419,sumher_ldak,75,2000,0.4,1.0
66.256126,0.46162,sumher_ldak,76,2000,0.4,1.0
39.765974,0.324612,sumher_ldak,77,2000,0.4,1.0
59.20325,0.425331,sumher_ldak,78,2000,0.4,1.0
15.62848,0.192961,sumher_ldak,79,2000,0.4,1.0
1.33617,0.101775,sumher_ldak,80,2000,0.4,1.0
92.769126,0.594356,sumher_ldak,81,2000,0.4,1.0
38.857177,0.32031,sumher_ldak,82,2000,0.4,1.0
-0.037441,0.090547,sumher_ldak,83,2000,0.4,1.0
32.560349,0.28635,sumher_ldak,84,2000,0.4,1.0
-0.15668,0.089623,sumher_ldak,85,2000,0.4,1.0
43.060644,0.341706,sumher_ldak,86,2000,0.4,1.0
11.681813,0.170238,sumher_ldak,87,2000,0.4,1.0
12.377457,0.17418,sumher_ldak,88,2000,0.4,1.0
1.663951,0.104365,sumher_ldak,89,2000,0.4,1.0
49.538058,0.375765,sumher_ldak,90,2000,0.4,1.0
0.42952,0.094442,sumher_ldak,91,2000,0.4,1.0
48.019215,0.368051,sumher_ldak,92,2000,0.4,1.0
77.059157,0.515879,sumher_ldak,93,2000,0.4,1.0
45.008585,0.352469,sumher_ldak,94,2000,0.4,1.0
3.720635,0.119156,sumher_ldak,95,2000,0.4,1.0
0.141819,0.092162,sumher_ldak,96,2000,0.4,1.0
14.829212,0.188426,sumher_ldak,97,2000,0.4,1.0
46.203193,0.35867,sumher_ldak,98,2000,0.4,1.0
39.176136,0.322364,sumher_ldak,99,2000,0.4,1.0
0.181466,0.054432,sumher_ldak,0,20000,0.4,1.0
0.343269,0.056659,sumher_ldak,1,20000,0.4,1.0
0.339189,0.05731,sumher_ldak,2,20000,0.4,1.0
0.078689,0.051833,sumher_ldak,3,20000,0.4,1.0
0.062533,0.051744,sumher_ldak,4,20000,0.4,1.0
18.565838,0.230142,sumher_ldak,5,20000,0.4,1.0
27.706016,0.300498,sumher_ldak,6,20000,0.4,1.0
1.354308,0.072152,sumher_ldak,7,20000,0.4,1.0
-0.079687,0.04921,sumher_ldak,8,20000,0.4,1.0
6.589184,0.129737,sumher_ldak,9,20000,0.4,1.0
26.166944,0.288547,sumher_ldak,10,20000,0.4,1.0
0.065477,0.051642,sumher_ldak,11,20000,0.4,1.0
37.653504,0.372247,sumher_ldak,12,20000,0.4,1.0
11.644391,0.174479,sumher_ldak,13,20000,0.4,1.0
0.047339,0.051341,sumher_ldak,14,20000,0.4,1.0
3.471977,0.09795,sumher_ldak,15,20000,0.4,1.0
1.820874,0.078628,sumher_ldak,16,20000,0.4,1.0
8.271976,0.144946,sumher_ldak,17,20000,0.4,1.0
1.270288,0.070957,sumher_ldak,18,20000,0.4,1.0
6.063268,0.124497,sumher_ldak,19,20000,0.4,1.0
8.824622,0.149981,sumher_ldak,20,20000,0.4,1.0
-0.110162,0.048047,sumher_ldak,21,20000,0.4,1.0
15.82384,0.208709,sumher_ldak,22,20000,0.4,1.0
5.569883,0.119952,sumher_ldak,23,20000,0.4,1.0
2.51694,0.086841,sumher_ldak,24,20000,0.4,1.0
19.215413,0.23547,sumher_ldak,25,20000,0.4,1.0
-0.001399,0.050236,sumher_ldak,26,20000,0.4,1.0
42.554757,0.407191,sumher_ldak,27,20000,0.4,1.0
13.159753,0.186949,sumher_ldak,28,20000,0.4,1.0
23.227897,0.266024,sumher_ldak,29,20000,0.4,1.0
17.386245,0.221058,sumher_ldak,30,20000,0.4,1.0
18.471043,0.229461,sumher_ldak,31,20000,0.4,1.0
1.584161,0.075393,sumher_ldak,32,20000,0.4,1.0
11.45563,0.17273,sumher_ldak,33,20000,0.4,1.0
1.80351,0.07827,sumher_ldak,34,20000,0.4,1.0
4.957458,0.113809,sumher_ldak,35,20000,0.4,1.0
0.161271,0.053568,sumher_ldak,36,20000,0.4,1.0
-0.020321,0.049572,sumher_ldak,37,20000,0.4,1.0
0.707687,0.063028,sumher_ldak,38,20000,0.4,1.0
2.991621,0.092202,sumher_ldak,39,20000,0.4,1.0
19.988087,0.241463,sumher_ldak,40,20000,0.4,1.0
4.694642,0.111178,sumher_ldak,41,20000,0.4,1.0
5.789773,0.1221,sumher_ldak,42,20000,0.4,1.0
1.702175,0.077244,sumher_ldak,43,20000,0.4,1.0
0.952742,0.066694,sumher_ldak,44,20000,0.4,1.0
2.135503,0.082906,sumher_ldak,45,20000,0.4,1.0
10.68019,0.166403,sumher_ldak,46,20000,0.4,1.0
33.453742,0.341913,sumher_ldak,47,20000,0.4,1.0
21.002286,0.249781,sumher_ldak,48,20000,0.4,1.0
49.013046,0.452988,sumher_ldak,49,20000,0.4,1.0
3.977238,0.103225,sumher_ldak,50,20000,0.4,1.0
15.38806,0.205428,sumher_ldak,51,20000,0.4,1.0
5.13306,0.115854,sumher_ldak,52,20000,0.4,1.0
11.498813,0.173517,sumher_ldak,53,20000,0.4,1.0
9.857033,0.159321,sumher_ldak,54,20000,0.4,1.0
10.693541,0.166523,sumher_ldak,55,20000,0.4,1.0
7.949271,0.142334,sumher_ldak,56,20000,0.4,1.0
3.087243,0.09395,sumher_ldak,57,20000,0.4,1.0
7.058099,0.133582,sumher_ldak,58,20000,0.4,1.0
14.52509,0.197948,sumher_ldak,59,20000,0.4,1.0
-0.112221,0.048197,sumher_ldak,60,20000,0.4,1.0
12.89416,0.185309,sumher_ldak,61,20000,0.4,1.0
-0.060037,0.048844,sumher_ldak,62,20000,0.4,1.0
12.460344,0.181726,sumher_ldak,63,20000,0.4,1.0
-0.051871,0.049679,sumher_ldak,64,20000,0.4,1.0
11.298096,0.17177,sumher_ldak,65,20000,0.4,1.0
7.056659,0.133639,sumher_ldak,66,20000,0.4,1.0
0.960249,0.066947,sumher_ldak,67,20000,0.4,1.0
19.506967,0.237734,sumher_ldak,68,20000,0.4,1.0
15.698188,0.207846,sumher_ldak,69,20000,0.4,1.0
-0.045827,0.049369,sumher_ldak,70,20000,0.4,1.0
0.704175,0.062298,sumher_ldak,71,20000,0.4,1.0
14.650882,0.199381,sumher_ldak,72,20000,0.4,1.0
26.272976,0.289095,sumher_ldak,73,20000,0.4,1.0
6.950144,0.133352,sumher_ldak,74,20000,0.4,1.0
21.541232,0.253272,sumher_ldak,75,20000,0.4,1.0
18.528388,0.230601,sumher_ldak,76,20000,0.4,1.0
11.448233,0.172814,sumher_ldak,77,20000,0.4,1.0
16.574138,0.214487,sumher_ldak,78,20000,0.4,1.0
4.636301,0.110383,sumher_ldak,79,20000,0.4,1.0
0.401681,0.057314,sumher_ldak,80,20000,0.4,1.0
25.341649,0.282185,sumher_ldak,81,20000,0.4,1.0
11.166204,0.170668,sumher_ldak,82,20000,0.4,1.0
-0.009591,0.050606,sumher_ldak,83,20000,0.4,1.0
9.409727,0.155157,sumher_ldak,84,20000,0.4,1.0
-0.04777,0.049527,sumher_ldak,85,20000,0.4,1.0
12.244101,0.179164,sumher_ldak,86,20000,0.4,1.0
3.489902,0.098579,sumher_ldak,87,20000,0.4,1.0
3.722046,0.101085,sumher_ldak,88,20000,0.4,1.0
0.510881,0.059768,sumher_ldak,89,20000,0.4,1.0
13.994672,0.193845,sumher_ldak,90,20000,0.4,1.0
0.129632,0.052662,sumher_ldak,91,20000,0.4,1.0
13.592516,0.190626,sumher_ldak,92,20000,0.4,1.0
21.292874,0.251465,sumher_ldak,93,20000,0.4,1.0
12.888905,0.185227,sumher_ldak,94,20000,0.4,1.0
1.134308,0.069267,sumher_ldak,95,20000,0.4,1.0
0.045365,0.052138,sumher_ldak,96,20000,0.4,1.0
4.393759,0.107747,sumher_ldak,97,20000,0.4,1.0
13.217031,0.187844,sumher_ldak,98,20000,0.4,1.0
11.235122,0.171658,sumher_ldak,99,20000,0.4,1.0
0.115131,0.043527,sumher_ldak,0,50000,0.4,1.0
0.215239,0.045303,sumher_ldak,1,50000,0.4,1.0
0.212263,0.045796,sumher_ldak,2,50000,0.4,1.0
0.049091,0.041094,sumher_ldak,3,50000,0.4,1.0
0.039291,0.041057,sumher_ldak,4,50000,0.4,1.0
12.331118,0.190495,sumher_ldak,5,50000,0.4,1.0
18.522861,0.247291,sumher_ldak,6,50000,0.4,1.0
0.863476,0.058908,sumher_ldak,7,50000,0.4,1.0
-0.049129,0.038562,sumher_ldak,8,50000,0.4,1.0
4.360429,0.108874,sumher_ldak,9,50000,0.4,1.0
17.385682,0.236782,sumher_ldak,10,50000,0.4,1.0
0.041177,0.041046,sumher_ldak,11,50000,0.4,1.0
24.863229,0.300218,sumher_ldak,12,50000,0.4,1.0
7.717647,0.14564,sumher_ldak,13,50000,0.4,1.0
0.029438,0.040447,sumher_ldak,14,50000,0.4,1.0
2.276301,0.081787,sumher_ldak,15,50000,0.4,1.0
1.168102,0.064595,sumher_ldak,16,50000,0.4,1.0
5.484456,0.121511,sumher_ldak,17,50000,0.4,1.0
0.807969,0.057821,sumher_ldak,18,50000,0.4,1.0
4.00115,0.104345,sumher_ldak,19,50000,0.4,1.0
5.869287,0.12597,sumher_ldak,20,50000,0.4,1.0
-0.067936,0.037668,sumher_ldak,21,50000,0.4,1.0
10.493626,0.173246,sumher_ldak,22,50000,0.4,1.0
3.695521,0.100925,sumher_ldak,23,50000,0.4,1.0
1.6269,0.07182,sumher_ldak,24,50000,0.4,1.0
12.798842,0.195136,sumher_ldak,25,50000,0.4,1.0
-0.000633,0.039667,sumher_ldak,26,50000,0.4,1.0
28.216207,0.328058,sumher_ldak,27,50000,0.4,1.0
8.741471,0.155879,sumher_ldak,28,50000,0.4,1.0
15.471176,0.219325,sumher_ldak,29,50000,0.4,1.0
11.546389,0.183328,sumher_ldak,30,50000,0.4,1.0
12.244716,0.189647,sumher_ldak,31,50000,0.4,1.0
1.019693,0.061957,sumher_ldak,32,50000,0.4,1.0
7.578118,0.144062,sumher_ldak,33,50000,0.4,1.0
1.163163,0.064473,sumher_ldak,34,50000,0.4,1.0
3.263603,0.095289,sumher_ldak,35,50000,0.4,1.0
0.100221,0.042441,sumher_ldak,36,50000,0.4,1.0
-0.01256,0.039129,sumher_ldak,37,50000,0.4,1.0
0.446129,0.050873,sumher_ldak,38,50000,0.4,1.0
1.940113,0.076419,sumher_ldak,39,50000,0.4,1.0
13.271755,0.199533,sumher_ldak,40,50000,0.4,1.0
3.067444,0.092759,sumher_ldak,41,50000,0.4,1.0
3.800938,0.102099,sumher_ldak,42,50000,0.4,1.0
1.102711,0.063819,sumher_ldak,43,50000,0.4,1.0
0.605945,0.054246,sumher_ldak,44,50000,0.4,1.0
1.370623,0.06826,sumher_ldak,45,50000,0.4,1.0
7.080692,0.139162,sumher_ldak,46,50000,0.4,1.0
22.248413,0.27844,sumher_ldak,47,50000,0.4,1.0
14.033368,0.207121,sumher_ldak,48,50000,0.4,1.0
32.419762,0.36256,sumher_ldak,49,50000,0.4,1.0
2.602968,0.086133,sumher_ldak,50,50000,0.4,1.0
10.275386,0.171463,sumher_ldak,51,50000,0.4,1.0
3.386328,0.097214,sumher_ldak,52,50000,0.4,1.0
7.605849,0.144719,sumher_ldak,53,50000,0.4,1.0
6.558306,0.133644,sumher_ldak,54,50000,0.4,1.0
7.11444,0.139554,sumher_ldak,55,50000,0.4,1.0
5.230419,0.119049,sumher_ldak,56,50000,0.4,1.0
2.022197,0.078355,sumher_ldak,57,50000,0.4,1.0
4.6288,0.111392,sumher_ldak,58,50000,0.4,1.0
9.658253,0.164909,sumher_ldak,59,50000,0.4,1.0
-0.069506,0.037802,sumher_ldak,60,50000,0.4,1.0
8.605239,0.155185,sumher_ldak,61,50000,0.4,1.0
-0.037622,0.038456,sumher_ldak,62,50000,0.4,1.0
8.30455,0.152127,sumher_ldak,63,50000,0.4,1.0
-0.031785,0.039133,sumher_ldak,64,50000,0.4,1.0
7.537016,0.144209,sumher_ldak,65,50000,0.4,1.0
4.681508,0.112264,sumher_ldak,66,50000,0.4,1.0
0.60852,0.054294,sumher_ldak,67,50000,0.4,1.0
12.974972,0.196804,sumher_ldak,68,50000,0.4,1.0
10.434124,0.172835,sumher_ldak,69,50000,0.4,1.0
-0.028295,0.038864,sumher_ldak,70,50000,0.4,1.0
0.441291,0.050127,sumher_ldak,71,50000,0.4,1.0
9.729009,0.165949,sumher_ldak,72,50000,0.4,1.0
17.535778,0.237926,sumher_ldak,73,50000,0.4,1.0
4.582973,0.111725,sumher_ldak,74,50000,0.4,1.0
14.32865,0.209027,sumher_ldak,75,50000,0.4,1.0
12.339274,0.191362,sumher_ldak,76,50000,0.4,1.0
7.646569,0.145033,sumher_ldak,77,50000,0.4,1.0
11.031493,0.178283,sumher_ldak,78,50000,0.4,1.0
3.049039,0.092375,sumher_ldak,79,50000,0.4,1.0
0.251864,0.045873,sumher_ldak,80,50000,0.4,1.0
16.843748,0.231853,sumher_ldak,81,50000,0.4,1.0
7.428215,0.142863,sumher_ldak,82,50000,0.4,1.0
-0.005946,0.039927,sumher_ldak,83,50000,0.4,1.0
6.236599,0.129984,sumher_ldak,84,50000,0.4,1.0
-0.029672,0.03894,sumher_ldak,85,50000,0.4,1.0
8.10154,0.149209,sumher_ldak,86,50000,0.4,1.0
2.288727,0.082328,sumher_ldak,87,50000,0.4,1.0
2.435739,0.084387,sumher_ldak,88,50000,0.4,1.0
0.321206,0.048019,sumher_ldak,89,50000,0.4,1.0
9.313617,0.16168,sumher_ldak,90,50000,0.4,1.0
0.080259,0.041675,sumher_ldak,91,50000,0.4,1.0
9.032203,0.158964,sumher_ldak,92,50000,0.4,1.0
14.144976,0.207593,sumher_ldak,93,50000,0.4,1.0
8.580401,0.154937,sumher_ldak,94,50000,0.4,1.0
0.726269,0.056612,sumher_ldak,95,50000,0.4,1.0
0.028413,0.041392,sumher_ldak,96,50000,0.4,1.0
2.859616,0.089602,sumher_ldak,97,50000,0.4,1.0
8.819035,0.157171,sumher_ldak,98,50000,0.4,1.0
7.450242,0.143561,sumher_ldak,99,50000,0.4,1.0
2.68242,0.111922,sumher_ldak,0,2000,0.4,0.1
35.730264,0.303551,sumher_ldak,1,2000,0.4,0.1
98.038759,0.62134,sumher_ldak,2,2000,0.4,0.1
12.528526,0.175023,sumher_ldak,3,2000,0.4,0.1
165.365392,0.952828,sumher_ldak,4,2000,0.4,0.1
89.317075,0.577439,sumher_ldak,5,2000,0.4,0.1
38.770421,0.319701,sumher_ldak,6,2000,0.4,0.1
197.051217,1.108047,sumher_ldak,7,2000,0.4,0.1
148.044865,0.86783,sumher_ldak,8,2000,0.4,0.1
23.182532,0.235382,sumher_ldak,9,2000,0.4,0.1
-0.264306,0.088162,sumher_ldak,10,2000,0.4,0.1
13.090932,0.178186,sumher_ldak,11,2000,0.4,0.1
54.550053,0.401707,sumher_ldak,12,2000,0.4,0.1
36.924203,0.31019,sumher_ldak,13,2000,0.4,0.1
106.42006,0.663048,sumher_ldak,14,2000,0.4,0.1
2.813747,0.11378,sumher_ldak,15,2000,0.4,0.1
89.894234,0.580613,sumher_ldak,16,2000,0.4,0.1
13.287255,0.179112,sumher_ldak,17,2000,0.4,0.1
0.396318,0.094557,sumher_ldak,18,2000,0.4,0.1
116.304104,0.711469,sumher_ldak,19,2000,0.4,0.1
103.047449,0.645903,sumher_ldak,20,2000,0.4,0.1
11.424166,0.168477,sumher_ldak,21,2000,0.4,0.1
1.919307,0.107063,sumher_ldak,22,2000,0.4,0.1
0.400982,0.094459,sumher_ldak,23,2000,0.4,0.1
7.916621,0.146877,sumher_ldak,24,2000,0.4,0.1
8.553553,0.151184,sumher_ldak,25,2000,0.4,0.1
1.665766,0.104454,sumher_ldak,26,2000,0.4,0.1
54.699532,0.40246,sumher_ldak,27,2000,0.4,0.1
46.323141,0.358515,sumher_ldak,28,2000,0.4,0.1
12.564808,0.175251,sumher_ldak,29,2000,0.4,0.1
5.080229,0.128421,sumher_ldak,30,2000,0.4,0.1
2.860251,0.113484,sumher_ldak,31,2000,0.4,0.1
1.526721,0.103313,sumher_ldak,32,2000,0.4,0.1
8.844359,0.152952,sumher_ldak,33,2000,0.4,0.1
1.542188,0.10372,sumher_ldak,34,2000,0.4,0.1
25.19576,0.246882,sumher_ldak,35,2000,0.4,0.1
0.065822,0.091992,sumher_ldak,36,2000,0.4,0.1
103.893884,0.650239,sumher_ldak,37,2000,0.4,0.1
10.830096,0.164528,sumher_ldak,38,2000,0.4,0.1
46.790721,0.361406,sumher_ldak,39,2000,0.4,0.1
36.515964,0.307681,sumher_ldak,40,2000,0.4,0.1
-0.392511,0.087372,sumher_ldak,41,2000,0.4,0.1
1.669988,0.104516,sumher_ldak,42,2000,0.4,0.1
7.161004,0.142251,sumher_ldak,43,2000,0.4,0.1
-0.371434,0.087886,sumher_ldak,44,2000,0.4,0.1
20.563876,0.221368,sumher_ldak,45,2000,0.4,0.1
105.004219,0.655427,sumher_ldak,46,2000,0.4,0.1
33.48966,0.2914,sumher_ldak,47,2000,0.4,0.1
9.071938,0.154179,sumher_ldak,48,2000,0.4,0.1
47.600026,0.365652,sumher_ldak,49,2000,0.4,0.1
7.925,0.146994,sumher_ldak,50,2000,0.4,0.1
22.160901,0.230034,sumher_ldak,51,2000,0.4,0.1
0.276078,0.093703,sumher_ldak,52,2000,0.4,0.1
72.198368,0.491375,sumher_ldak,53,2000,0.4,0.1
30.004732,0.273349,sumher_ldak,54,2000,0.4,0.1
128.021829,0.76909,sumher_ldak,55,2000,0.4,0.1
59.027269,0.424525,sumher_ldak,56,2000,0.4,0.1
57.453671,0.416519,sumher_ldak,57,2000,0.4,0.1
0.984221,0.098916,sumher_ldak,58,2000,0.4,0.1
11.376731,0.168164,sumher_ldak,59,2000,0.4,0.1
4.377705,0.123585,sumher_ldak,60,2000,0.4,0.1
72.226248,0.49138,sumher_ldak,61,2000,0.4,0.1
6.86356,0.140639,sumher_ldak,62,2000,0.4,0.1
1.409769,0.10222,sumher_ldak,63,2000,0.4,0.1
61.462261,0.436927,sumher_ldak,64,2000,0.4,0.1
93.379844,0.59788,sumher_ldak,65,2000,0.4,0.1
6.565136,0.138294,sumher_ldak,66,2000,0.4,0.1
0.140923,0.093072,sumher_ldak,67,2000,0.4,0.1
84.882342,0.554953,sumher_ldak,68,2000,0.4,0.1
55.156467,0.404951,sumher_ldak,69,2000,0.4,0.1
3.371987,0.11679,sumher_ldak,70,2000,0.4,0.1
-0.168511,0.089373,sumher_ldak,71,2000,0.4,0.1
32.619759,0.286926,sumher_ldak,72,2000,0.4,0.1
0.945767,0.099113,sumher_ldak,73,2000,0.4,0.1
9.866997,0.158655,sumher_ldak,74,2000,0.4,0.1
83.393074,0.547837,sumher_ldak,75,2000,0.4,0.1
2.815746,0.113011,sumher_ldak,76,2000,0.4,0.1
22.872082,0.23398,sumher_ldak,77,2000,0.4,0.1
30.129111,0.273419,sumher_ldak,78,2000,0.4,0.1
20.6292,0.221292,sumher_ldak,79,2000,0.4,0.1
1.588596,0.103649,sumher_ldak,80,2000,0.4,0.1
24.4896,0.242799,sumher_ldak,81,2000,0.4,0.1
31.826193,0.28274,sumher_ldak,82,2000,0.4,0.1
-0.02831,0.090791,sumher_ldak,83,2000,0.4,0.1
5.792762,0.133291,sumher_ldak,84,2000,0.4,0.1
6.179307,0.136268,sumher_ldak,85,2000,0.4,0.1
20.727968,0.221698,sumher_ldak,86,2000,0.4,0.1
29.063961,0.267689,sumher_ldak,87,2000,0.4,0.1
10.651289,0.163409,sumher_ldak,88,2000,0.4,0.1
1.049798,0.09977,sumher_ldak,89,2000,0.4,0.1
-0.105136,0.089834,sumher_ldak,90,2000,0.4,0.1
33.351154,0.29093,sumher_ldak,91,2000,0.4,0.1
18.404125,0.208378,sumher_ldak,92,2000,0.4,0.1
63.178152,0.445581,sumher_ldak,93,2000,0.4,0.1
19.428368,0.214548,sumher_ldak,94,2000,0.4,0.1
145.138734,0.853472,sumher_ldak,95,2000,0.4,0.1
47.014711,0.362529,sumher_ldak,96,2000,0.4,0.1
75.519718,0.508296,sumher_ldak,97,2000,0.4,0.1
31.545852,0.281907,sumher_ldak,98,2000,0.4,0.1
0.128111,0.091887,sumher_ldak,99,2000,0.4,0.1
0.825094,0.064928,sumher_ldak,0,20000,0.4,0.1
10.31713,0.163257,sumher_ldak,1,20000,0.4,0.1
26.744041,0.293005,sumher_ldak,2,20000,0.4,0.1
3.728096,0.100831,sumher_ldak,3,20000,0.4,0.1
43.643678,0.415083,sumher_ldak,4,20000,0.4,0.1
24.374985,0.274709,sumher_ldak,5,20000,0.4,0.1
11.107322,0.169966,sumher_ldak,6,20000,0.4,0.1
51.188163,0.468413,sumher_ldak,7,20000,0.4,0.1
39.233923,0.383527,sumher_ldak,8,20000,0.4,0.1
6.780456,0.131044,sumher_ldak,9,20000,0.4,0.1
-0.080235,0.049016,sumher_ldak,10,20000,0.4,0.1
3.908019,0.102815,sumher_ldak,11,20000,0.4,0.1
15.371924,0.205217,sumher_ldak,12,20000,0.4,0.1
10.647279,0.166247,sumher_ldak,13,20000,0.4,0.1
28.923641,0.309698,sumher_ldak,14,20000,0.4,0.1
0.8727,0.066516,sumher_ldak,15,20000,0.4,0.1
24.623933,0.27692,sumher_ldak,16,20000,0.4,0.1
3.91992,0.102367,sumher_ldak,17,20000,0.4,0.1
0.122004,0.05304,sumher_ldak,18,20000,0.4,0.1
31.355746,0.326538,sumher_ldak,19,20000,0.4,0.1
28.008805,0.30216,sumher_ldak,20,20000,0.4,0.1
3.42703,0.097904,sumher_ldak,21,20000,0.4,0.1
0.59529,0.061854,sumher_ldak,22,20000,0.4,0.1
0.122759,0.053026,sumher_ldak,23,20000,0.4,0.1
2.381956,0.085596,sumher_ldak,24,20000,0.4,0.1
2.550879,0.087752,sumher_ldak,25,20000,0.4,0.1
0.501842,0.05926,sumher_ldak,26,20000,0.4,0.1
15.347087,0.204762,sumher_ldak,27,20000,0.4,0.1
13.16918,0.186864,sumher_ldak,28,20000,0.4,0.1
3.73698,0.10096,sumher_ldak,29,20000,0.4,0.1
1.547912,0.075041,sumher_ldak,30,20000,0.4,0.1
0.881522,0.066039,sumher_ldak,31,20000,0.4,0.1
0.461878,0.058703,sumher_ldak,32,20000,0.4,0.1
2.685499,0.089635,sumher_ldak,33,20000,0.4,0.1
0.473852,0.059299,sumher_ldak,34,20000,0.4,0.1
7.345201,0.136643,sumher_ldak,35,20000,0.4,0.1
0.022585,0.051304,sumher_ldak,36,20000,0.4,0.1
28.123563,0.302913,sumher_ldak,37,20000,0.4,0.1
3.24493,0.095381,sumher_ldak,38,20000,0.4,0.1
13.334954,0.188644,sumher_ldak,39,20000,0.4,0.1
10.477587,0.164544,sumher_ldak,40,20000,0.4,0.1
-0.11735,0.047762,sumher_ldak,41,20000,0.4,0.1
0.511156,0.059732,sumher_ldak,42,20000,0.4,0.1
2.146041,0.082633,sumher_ldak,43,20000,0.4,0.1
-0.112027,0.048349,sumher_ldak,44,20000,0.4,0.1
6.074578,0.125096,sumher_ldak,45,20000,0.4,0.1
28.466624,0.305426,sumher_ldak,46,20000,0.4,0.1
9.682843,0.157559,sumher_ldak,47,20000,0.4,0.1
2.730177,0.089711,sumher_ldak,48,20000,0.4,0.1
13.498278,0.189839,sumher_ldak,49,20000,0.4,0.1
2.381543,0.085617,sumher_ldak,50,20000,0.4,0.1
6.495843,0.128611,sumher_ldak,51,20000,0.4,0.1
0.083992,0.052048,sumher_ldak,52,20000,0.4,0.1
20.026226,0.24187,sumher_ldak,53,20000,0.4,0.1
8.708598,0.14941,sumher_ldak,54,20000,0.4,0.1
34.254322,0.347715,sumher_ldak,55,20000,0.4,0.1
16.532267,0.214405,sumher_ldak,56,20000,0.4,0.1
16.129604,0.21127,sumher_ldak,57,20000,0.4,0.1
0.301261,0.056158,sumher_ldak,58,20000,0.4,0.1
3.450259,0.098253,sumher_ldak,59,20000,0.4,0.1
1.335109,0.072251,sumher_ldak,60,20000,0.4,0.1
19.91758,0.240579,sumher_ldak,61,20000,0.4,0.1
2.089666,0.082515,sumher_ldak,62,20000,0.4,0.1
0.429461,0.058208,sumher_ldak,63,20000,0.4,0.1
17.247261,0.220057,sumher_ldak,64,20000,0.4,0.1
25.675774,0.285068,sumher_ldak,65,20000,0.4,0.1
1.974622,0.080374,sumher_ldak,66,20000,0.4,0.1
0.046905,0.052693,sumher_ldak,67,20000,0.4,0.1
23.231897,0.265871,sumher_ldak,68,20000,0.4,0.1
15.544865,0.206776,sumher_ldak,69,20000,0.4,0.1
1.025299,0.067739,sumher_ldak,70,20000,0.4,0.1
-0.051004,0.049329,sumher_ldak,71,20000,0.4,0.1
9.401751,0.154944,sumher_ldak,72,20000,0.4,0.1
0.292073,0.056285,sumher_ldak,73,20000,0.4,0.1
2.938911,0.09167,sumher_ldak,74,20000,0.4,0.1
23.029577,0.264993,sumher_ldak,75,20000,0.4,0.1
0.870599,0.065847,sumher_ldak,76,20000,0.4,0.1
6.726495,0.131012,sumher_ldak,77,20000,0.4,0.1
8.744017,0.149479,sumher_ldak,78,20000,0.4,0.1
6.102208,0.124953,sumher_ldak,79,20000,0.4,0.1
0.480486,0.058926,sumher_ldak,80,20000,0.4,0.1
7.148416,0.134816,sumher_ldak,81,20000,0.4,0.1
9.234087,0.154021,sumher_ldak,82,20000,0.4,0.1
-0.006224,0.050845,sumher_ldak,83,20000,0.4,0.1
1.719456,0.076806,sumher_ldak,84,20000,0.4,0.1
1.855668,0.079188,sumher_ldak,85,20000,0.4,0.1
6.084266,0.124597,sumher_ldak,86,20000,0.4,0.1
8.42966,0.146281,sumher_ldak,87,20000,0.4,0.1
3.166562,0.094243,sumher_ldak,88,20000,0.4,0.1
0.321961,0.056575,sumher_ldak,89,20000,0.4,0.1
-0.031937,0.049814,sumher_ldak,90,20000,0.4,0.1
9.691522,0.158082,sumher_ldak,91,20000,0.4,0.1
5.364573,0.117071,sumher_ldak,92,20000,0.4,0.1
17.704209,0.223841,sumher_ldak,93,20000,0.4,0.1
5.692994,0.120745,sumher_ldak,94,20000,0.4,0.1
38.416799,0.377364,sumher_ldak,95,20000,0.4,0.1
13.309199,0.18793,sumher_ldak,96,20000,0.4,0.1
20.848528,0.248138,sumher_ldak,97,20000,0.4,0.1
9.20864,0.154326,sumher_ldak,98,20000,0.4,0.1
0.038887,0.050979,sumher_ldak,99,20000,0.4,0.1
0.525232,0.052723,sumher_ldak,0,50000,0.4,0.1
6.88308,0.137078,sumher_ldak,1,50000,0.4,0.1
17.804563,0.240592,sumher_ldak,2,50000,0.4,0.1
2.440744,0.084118,sumher_ldak,3,50000,0.4,0.1
28.928781,0.334194,sumher_ldak,4,50000,0.4,0.1
16.227654,0.226105,sumher_ldak,5,50000,0.4,0.1
7.367085,0.142119,sumher_ldak,6,50000,0.4,0.1
33.810453,0.374002,sumher_ldak,7,50000,0.4,0.1
26.094204,0.310684,sumher_ldak,8,50000,0.4,0.1
4.463357,0.109562,sumher_ldak,9,50000,0.4,0.1
-0.049889,0.038622,sumher_ldak,10,50000,0.4,0.1
2.558895,0.08585,sumher_ldak,11,50000,0.4,0.1
10.252522,0.171197,sumher_ldak,12,50000,0.4,0.1
7.073012,0.13916,sumher_ldak,13,50000,0.4,0.1
19.239552,0.253751,sumher_ldak,14,50000,0.4,0.1
0.558297,0.054213,sumher_ldak,15,50000,0.4,0.1
16.347547,0.227488,sumher_ldak,16,50000,0.4,0.1
2.555239,0.085136,sumher_ldak,17,50000,0.4,0.1
0.076128,0.042084,sumher_ldak,18,50000,0.4,0.1
20.920614,0.267147,sumher_ldak,19,50000,0.4,0.1
18.688866,0.248113,sumher_ldak,20,50000,0.4,0.1
2.230756,0.081477,sumher_ldak,21,50000,0.4,0.1
0.377854,0.049996,sumher_ldak,22,50000,0.4,0.1
0.076999,0.042171,sumher_ldak,23,50000,0.4,0.1
1.549309,0.070994,sumher_ldak,24,50000,0.4,0.1
1.657006,0.072789,sumher_ldak,25,50000,0.4,0.1
0.317605,0.047735,sumher_ldak,26,50000,0.4,0.1
10.197891,0.170253,sumher_ldak,27,50000,0.4,0.1
8.78736,0.15636,sumher_ldak,28,50000,0.4,0.1
2.451863,0.084301,sumher_ldak,29,50000,0.4,0.1
0.989131,0.061463,sumher_ldak,30,50000,0.4,0.1
0.565817,0.053921,sumher_ldak,31,50000,0.4,0.1
0.291841,0.047267,sumher_ldak,32,50000,0.4,0.1
1.733541,0.07415,sumher_ldak,33,50000,0.4,0.1
0.29885,0.047689,sumher_ldak,34,50000,0.4,0.1
4.83667,0.114263,sumher_ldak,35,50000,0.4,0.1
0.014174,0.040457,sumher_ldak,36,50000,0.4,0.1
18.658687,0.247652,sumher_ldak,37,50000,0.4,0.1
2.126249,0.079598,sumher_ldak,38,50000,0.4,0.1
8.835428,0.157138,sumher_ldak,39,50000,0.4,0.1
6.935001,0.137446,sumher_ldak,40,50000,0.4,0.1
-0.072102,0.0374,sumher_ldak,41,50000,0.4,0.1
0.325607,0.048304,sumher_ldak,42,50000,0.4,0.1
1.398004,0.068567,sumher_ldak,43,50000,0.4,0.1
-0.069538,0.037984,sumher_ldak,44,50000,0.4,0.1
4.004214,0.104861,sumher_ldak,45,50000,0.4,0.1
18.93477,0.250156,sumher_ldak,46,50000,0.4,0.1
6.42701,0.132055,sumher_ldak,47,50000,0.4,0.1
1.78021,0.074536,sumher_ldak,48,50000,0.4,0.1
8.961095,0.158257,sumher_ldak,49,50000,0.4,0.1
1.546354,0.070935,sumher_ldak,50,50000,0.4,0.1
4.304658,0.10804,sumher_ldak,51,50000,0.4,0.1
0.052748,0.041296,sumher_ldak,52,50000,0.4,0.1
13.320809,0.200123,sumher_ldak,53,50000,0.4,0.1
5.766646,0.125183,sumher_ldak,54,50000,0.4,0.1
22.761177,0.282909,sumher_ldak,55,50000,0.4,0.1
11.003374,0.178259,sumher_ldak,56,50000,0.4,0.1
10.725946,0.175664,sumher_ldak,57,50000,0.4,0.1
0.191483,0.045163,sumher_ldak,58,50000,0.4,0.1
2.2539,0.08185,sumher_ldak,59,50000,0.4,0.1
0.850144,0.058993,sumher_ldak,60,50000,0.4,0.1
13.208508,0.198509,sumher_ldak,61,50000,0.4,0.1
1.363702,0.068523,sumher_ldak,62,50000,0.4,0.1
0.270349,0.046714,sumher_ldak,63,50000,0.4,0.1
11.48588,0.182866,sumher_ldak,64,50000,0.4,0.1
17.178871,0.235236,sumher_ldak,65,50000,0.4,0.1
1.274178,0.066225,sumher_ldak,66,50000,0.4,0.1
0.029794,0.041975,sumher_ldak,67,50000,0.4,0.1
15.4573,0.21897,sumher_ldak,68,50000,0.4,0.1
10.31888,0.171888,sumher_ldak,69,50000,0.4,0.1
0.654162,0.055195,sumher_ldak,70,50000,0.4,0.1
-0.031418,0.038722,sumher_ldak,71,50000,0.4,0.1
6.226057,0.129655,sumher_ldak,72,50000,0.4,0.1
0.185466,0.045213,sumher_ldak,73,50000,0.4,0.1
1.884559,0.075466,sumher_ldak,74,50000,0.4,0.1
15.353614,0.218724,sumher_ldak,75,50000,0.4,0.1
0.554852,0.053578,sumher_ldak,76,50000,0.4,0.1
4.464162,0.110149,sumher_ldak,77,50000,0.4,0.1
5.79259,0.125312,sumher_ldak,78,50000,0.4,0.1
4.048324,0.105077,sumher_ldak,79,50000,0.4,0.1
0.299436,0.047105,sumher_ldak,80,50000,0.4,0.1
4.709756,0.112839,sumher_ldak,81,50000,0.4,0.1
6.143522,0.129398,sumher_ldak,82,50000,0.4,0.1
-0.003557,0.040125,sumher_ldak,83,50000,0.4,0.1
1.100243,0.062919,sumher_ldak,84,50000,0.4,0.1
1.186157,0.064916,sumher_ldak,85,50000,0.4,0.1
4.004995,0.104298,sumher_ldak,86,50000,0.4,0.1
5.588812,0.122549,sumher_ldak,87,50000,0.4,0.1
2.050425,0.078064,sumher_ldak,88,50000,0.4,0.1
0.199444,0.044951,sumher_ldak,89,50000,0.4,0.1
-0.019567,0.039157,sumher_ldak,90,50000,0.4,0.1
6.425308,0.132436,sumher_ldak,91,50000,0.4,0.1
3.50461,0.097597,sumher_ldak,92,50000,0.4,0.1
11.837008,0.186422,sumher_ldak,93,50000,0.4,0.1
3.754906,0.101205,sumher_ldak,94,50000,0.4,0.1
25.445516,0.304784,sumher_ldak,95,50000,0.4,0.1
8.867742,0.156973,sumher_ldak,96,50000,0.4,0.1
13.877263,0.20517,sumher_ldak,97,50000,0.4,0.1
6.1131,0.129486,sumher_ldak,98,50000,0.4,0.1
0.02417,0.040433,sumher_ldak,99,50000,0.4,0.1
4.687976,0.12599,sumher_ldak,0,2000,0.4,0.01
60.991228,0.434522,sumher_ldak,1,2000,0.4,0.01
-0.22074,0.088916,sumher_ldak,2,2000,0.4,0.01
54.97635,0.403342,sumher_ldak,3,2000,0.4,0.01
-0.199112,0.088404,sumher_ldak,4,2000,0.4,0.01
21.721798,0.22794,sumher_ldak,5,2000,0.4,0.01
0.604328,0.095513,sumher_ldak,6,2000,0.4,0.01
165.654877,0.954578,sumher_ldak,7,2000,0.4,0.01
10.49263,0.162786,sumher_ldak,8,2000,0.4,0.01
28.228725,0.263587,sumher_ldak,9,2000,0.4,0.01
44.318033,0.348628,sumher_ldak,10,2000,0.4,0.01
164.302264,0.947655,sumher_ldak,11,2000,0.4,0.01
32.518007,0.286717,sumher_ldak,12,2000,0.4,0.01
-0.451215,0.087208,sumher_ldak,13,2000,0.4,0.01
87.849596,0.569864,sumher_ldak,14,2000,0.4,0.01
0.885169,0.098249,sumher_ldak,15,2000,0.4,0.01
19.494213,0.214919,sumher_ldak,16,2000,0.4,0.01
41.574067,0.33402,sumher_ldak,17,2000,0.4,0.01
120.218512,0.730873,sumher_ldak,18,2000,0.4,0.01
173.564659,0.992795,sumher_ldak,19,2000,0.4,0.01
33.946956,0.294167,sumher_ldak,20,2000,0.4,0.01
162.341933,0.937763,sumher_ldak,21,2000,0.4,0.01
180.571912,1.02736,sumher_ldak,22,2000,0.4,0.01
36.071509,0.305532,sumher_ldak,23,2000,0.4,0.01
10.721248,0.164244,sumher_ldak,24,2000,0.4,0.01
205.986474,1.151241,sumher_ldak,25,2000,0.4,0.01
71.154825,0.486072,sumher_ldak,26,2000,0.4,0.01
30.289519,0.274408,sumher_ldak,27,2000,0.4,0.01
23.385935,0.237111,sumher_ldak,28,2000,0.4,0.01
45.998779,0.357411,sumher_ldak,29,2000,0.4,0.01
2.548909,0.111018,sumher_ldak,30,2000,0.4,0.01
98.553119,0.623613,sumher_ldak,31,2000,0.4,0.01
30.031053,0.272906,sumher_ldak,32,2000,0.4,0.01
0.628427,0.095657,sumher_ldak,33,2000,0.4,0.01
-0.159494,0.089831,sumher_ldak,34,2000,0.4,0.01
-0.307377,0.08848,sumher_ldak,35,2000,0.4,0.01
134.739176,0.802542,sumher_ldak,36,2000,0.4,0.01
25.757411,0.249722,sumher_ldak,37,2000,0.4,0.01
1.495841,0.103461,sumher_ldak,38,2000,0.4,0.01
45.669721,0.355254,sumher_ldak,39,2000,0.4,0.01
70.367865,0.482428,sumher_ldak,40,2000,0.4,0.01
23.595547,0.238092,sumher_ldak,41,2000,0.4,0.01
10.059284,0.160632,sumher_ldak,42,2000,0.4,0.01
64.793628,0.453902,sumher_ldak,43,2000,0.4,0.01
32.609393,0.286542,sumher_ldak,44,2000,0.4,0.01
8.394004,0.149664,sumher_ldak,45,2000,0.4,0.01
0.297784,0.093575,sumher_ldak,46,2000,0.4,0.01
249.019708,1.361081,sumher_ldak,47,2000,0.4,0.01
21.229629,0.224846,sumher_ldak,48,2000,0.4,0.01
31.149063,0.278914,sumher_ldak,49,2000,0.4,0.01
0.564981,0.096182,sumher_ldak,50,2000,0.4,0.01
37.04358,0.310571,sumher_ldak,51,2000,0.4,0.01
-0.313286,0.088099,sumher_ldak,52,2000,0.4,0.01
0.786151,0.09793,sumher_ldak,53,2000,0.4,0.01
29.041082,0.267559,sumher_ldak,54,2000,0.4,0.01
218.030492,1.209838,sumher_ldak,55,2000,0.4,0.01
40.453071,0.328211,sumher_ldak,56,2000,0.4,0.01
0.825764,0.097365,sumher_ldak,57,2000,0.4,0.01
10.173179,0.161171,sumher_ldak,58,2000,0.4,0.01
1.32021,0.10259,sumher_ldak,59,2000,0.4,0.01
9.893608,0.159297,sumher_ldak,60,2000,0.4,0.01
0.522264,0.095541,sumher_ldak,61,2000,0.4,0.01
184.930477,1.048382,sumher_ldak,62,2000,0.4,0.01
94.106563,0.600978,sumher_ldak,63,2000,0.4,0.01
10.849575,0.164893,sumher_ldak,64,2000,0.4,0.01
59.288622,0.426341,sumher_ldak,65,2000,0.4,0.01
29.951791,0.272706,sumher_ldak,66,2000,0.4,0.01
0.803384,0.097387,sumher_ldak,67,2000,0.4,0.01
15.600807,0.193392,sumher_ldak,68,2000,0.4,0.01
192.242241,1.084574,sumher_ldak,69,2000,0.4,0.01
103.332915,0.647051,sumher_ldak,70,2000,0.4,0.01
13.530626,0.180767,sumher_ldak,71,2000,0.4,0.01
35.80788,0.303743,sumher_ldak,72,2000,0.4,0.01
84.353466,0.552363,sumher_ldak,73,2000,0.4,0.01
9.595267,0.157183,sumher_ldak,74,2000,0.4,0.01
13.132752,0.178373,sumher_ldak,75,2000,0.4,0.01
2.124845,0.107257,sumher_ldak,76,2000,0.4,0.01
21.167777,0.224099,sumher_ldak,77,2000,0.4,0.01
43.015819,0.341723,sumher_ldak,78,2000,0.4,0.01
8.401754,0.149855,sumher_ldak,79,2000,0.4,0.01
28.046172,0.262868,sumher_ldak,80,2000,0.4,0.01
7.705979,0.145518,sumher_ldak,81,2000,0.4,0.01
73.187843,0.496307,sumher_ldak,82,2000,0.4,0.01
33.186258,0.289859,sumher_ldak,83,2000,0.4,0.01
123.525859,0.747037,sumher_ldak,84,2000,0.4,0.01
69.140709,0.475877,sumher_ldak,85,2000,0.4,0.01
23.140491,0.23558,sumher_ldak,86,2000,0.4,0.01
25.289771,0.24712,sumher_ldak,87,2000,0.4,0.01
116.740595,0.713538,sumher_ldak,88,2000,0.4,0.01
41.14819,0.332102,sumher_ldak,89,2000,0.4,0.01
186.313898,1.055068,sumher_ldak,90,2000,0.4,0.01
30.862385,0.277048,sumher_ldak,91,2000,0.4,0.01
14.611594,0.187542,sumher_ldak,92,2000,0.4,0.01
72.539977,0.492953,sumher_ldak,93,2000,0.4,0.01
9.884565,0.158742,sumher_ldak,94,2000,0.4,0.01
11.193563,0.167189,sumher_ldak,95,2000,0.4,0.01
15.170219,0.190432,sumher_ldak,96,2000,0.4,0.01
3.40011,0.116924,sumher_ldak,97,2000,0.4,0.01
3.808291,0.119783,sumher_ldak,98,2000,0.4,0.01
0.045215,0.091673,sumher_ldak,99,2000,0.4,0.01
1.421839,0.073387,sumher_ldak,0,20000,0.4,0.01
17.0856,0.219129,sumher_ldak,1,20000,0.4,0.01
-0.065478,0.049073,sumher_ldak,2,20000,0.4,0.01
15.455076,0.205453,sumher_ldak,3,20000,0.4,0.01
-0.061022,0.048921,sumher_ldak,4,20000,0.4,0.01
6.407825,0.128505,sumher_ldak,5,20000,0.4,0.01
0.18482,0.053502,sumher_ldak,6,20000,0.4,0.01
43.585992,0.414709,sumher_ldak,7,20000,0.4,0.01
3.122098,0.09409,sumher_ldak,8,20000,0.4,0.01
8.214343,0.14472,sumher_ldak,9,20000,0.4,0.01
12.688353,0.18341,sumher_ldak,10,20000,0.4,0.01
43.181918,0.411566,sumher_ldak,11,20000,0.4,0.01
9.444385,0.156197,sumher_ldak,12,20000,0.4,0.01
-0.135575,0.047396,sumher_ldak,13,20000,0.4,0.01
24.068678,0.272364,sumher_ldak,14,20000,0.4,0.01
0.269507,0.055581,sumher_ldak,15,20000,0.4,0.01
5.722204,0.120982,sumher_ldak,16,20000,0.4,0.01
11.830866,0.175763,sumher_ldak,17,20000,0.4,0.01
32.33346,0.333902,sumher_ldak,18,20000,0.4,0.01
45.415581,0.427504,sumher_ldak,19,20000,0.4,0.01
9.819148,0.159173,sumher_ldak,20,20000,0.4,0.01
42.506929,0.406475,sumher_ldak,21,20000,0.4,0.01
47.099723,0.439528,sumher_ldak,22,20000,0.4,0.01
10.396603,0.164051,sumher_ldak,23,20000,0.4,0.01
3.191309,0.094855,sumher_ldak,24,20000,0.4,0.01
53.169446,0.481797,sumher_ldak,25,20000,0.4,0.01
19.815576,0.240423,sumher_ldak,26,20000,0.4,0.01
8.819025,0.150168,sumher_ldak,27,20000,0.4,0.01
6.847509,0.132223,sumher_ldak,28,20000,0.4,0.01
13.190997,0.18784,sumher_ldak,29,20000,0.4,0.01
0.767807,0.063681,sumher_ldak,30,20000,0.4,0.01
26.793255,0.293186,sumher_ldak,31,20000,0.4,0.01
8.691524,0.148766,sumher_ldak,32,20000,0.4,0.01
0.193756,0.053894,sumher_ldak,33,20000,0.4,0.01
-0.047267,0.049894,sumher_ldak,34,20000,0.4,0.01
-0.093976,0.04886,sumher_ldak,35,20000,0.4,0.01
35.801149,0.358814,sumher_ldak,36,20000,0.4,0.01
7.508721,0.138229,sumher_ldak,37,20000,0.4,0.01
0.466783,0.059864,sumher_ldak,38,20000,0.4,0.01
12.98629,0.185196,sumher_ldak,39,20000,0.4,0.01
19.677609,0.239313,sumher_ldak,40,20000,0.4,0.01
7.017947,0.134204,sumher_ldak,41,20000,0.4,0.01
3.006407,0.093039,sumher_ldak,42,20000,0.4,0.01
18.064127,0.226508,sumher_ldak,43,20000,0.4,0.01
9.421967,0.155109,sumher_ldak,44,20000,0.4,0.01
2.543336,0.087646,sumher_ldak,45,20000,0.4,0.01
0.090083,0.052369,sumher_ldak,46,20000,0.4,0.01
63.377678,0.552666,sumher_ldak,47,20000,0.4,0.01
6.27672,0.126761,sumher_ldak,48,20000,0.4,0.01
9.025098,0.151559,sumher_ldak,49,20000,0.4,0.01
0.173757,0.053795,sumher_ldak,50,20000,0.4,0.01
10.564357,0.165124,sumher_ldak,51,20000,0.4,0.01
-0.09638,0.048234,sumher_ldak,52,20000,0.4,0.01
0.243424,0.055373,sumher_ldak,53,20000,0.4,0.01
8.397661,0.146153,sumher_ldak,54,20000,0.4,0.01
56.00586,0.501237,sumher_ldak,55,20000,0.4,0.01
11.545445,0.173431,sumher_ldak,56,20000,0.4,0.01
0.25218,0.05475,sumher_ldak,57,20000,0.4,0.01
3.061019,0.093902,sumher_ldak,58,20000,0.4,0.01
0.402672,0.058297,sumher_ldak,59,20000,0.4,0.01
2.968786,0.092497,sumher_ldak,60,20000,0.4,0.01
0.161644,0.053726,sumher_ldak,61,20000,0.4,0.01
48.102417,0.4461,sumher_ldak,62,20000,0.4,0.01
25.726458,0.285057,sumher_ldak,63,20000,0.4,0.01
3.239526,0.095491,sumher_ldak,64,20000,0.4,0.01
16.775095,0.217366,sumher_ldak,65,20000,0.4,0.01
8.731657,0.14951,sumher_ldak,66,20000,0.4,0.01
0.243358,0.054721,sumher_ldak,67,20000,0.4,0.01
4.672843,0.111406,sumher_ldak,68,20000,0.4,0.01
50.08854,0.460961,sumher_ldak,69,20000,0.4,0.01
28.071274,0.30242,sumher_ldak,70,20000,0.4,0.01
4.012413,0.103851,sumher_ldak,71,20000,0.4,0.01
10.332055,0.16322,sumher_ldak,72,20000,0.4,0.01
23.262515,0.266523,sumher_ldak,73,20000,0.4,0.01
2.870255,0.091213,sumher_ldak,74,20000,0.4,0.01
3.916194,0.102859,sumher_ldak,75,20000,0.4,0.01
0.648581,0.061625,sumher_ldak,76,20000,0.4,0.01
6.202166,0.125535,sumher_ldak,77,20000,0.4,0.01
12.283203,0.179807,sumher_ldak,78,20000,0.4,0.01
2.505008,0.086874,sumher_ldak,79,20000,0.4,0.01
8.241604,0.145878,sumher_ldak,80,20000,0.4,0.01
2.30134,0.084373,sumher_ldak,81,20000,0.4,0.01
20.243682,0.243146,sumher_ldak,82,20000,0.4,0.01
9.560339,0.156513,sumher_ldak,83,20000,0.4,0.01
33.07881,0.339065,sumher_ldak,84,20000,0.4,0.01
19.273599,0.235821,sumher_ldak,85,20000,0.4,0.01
6.78671,0.131545,sumher_ldak,86,20000,0.4,0.01
7.415402,0.137317,sumher_ldak,87,20000,0.4,0.01
31.351503,0.326631,sumher_ldak,88,20000,0.4,0.01
11.765862,0.17544,sumher_ldak,89,20000,0.4,0.01
48.427148,0.448554,sumher_ldak,90,20000,0.4,0.01
8.917105,0.150588,sumher_ldak,91,20000,0.4,0.01
4.349666,0.107814,sumher_ldak,92,20000,0.4,0.01
20.205734,0.243214,sumher_ldak,93,20000,0.4,0.01
2.944315,0.091775,sumher_ldak,94,20000,0.4,0.01
3.356708,0.097059,sumher_ldak,95,20000,0.4,0.01
4.50084,0.109,sumher_ldak,96,20000,0.4,0.01
1.037928,0.067954,sumher_ldak,97,20000,0.4,0.01
1.15502,0.069584,sumher_ldak,98,20000,0.4,0.01
0.016685,0.051207,sumher_ldak,99,20000,0.4,0.01
0.919984,0.060446,sumher_ldak,0,50000,0.4,0.01
11.386491,0.182328,sumher_ldak,1,50000,0.4,0.01
-0.040505,0.038493,sumher_ldak,2,50000,0.4,0.01
10.269593,0.170874,sumher_ldak,3,50000,0.4,0.01
-0.037928,0.038472,sumher_ldak,4,50000,0.4,0.01
4.260862,0.108294,sumher_ldak,5,50000,0.4,0.01
0.11559,0.04253,sumher_ldak,6,50000,0.4,0.01
28.797046,0.332977,sumher_ldak,7,50000,0.4,0.01
2.036067,0.078305,sumher_ldak,8,50000,0.4,0.01
5.455541,0.121449,sumher_ldak,9,50000,0.4,0.01
8.464592,0.153655,sumher_ldak,10,50000,0.4,0.01
28.684626,0.331892,sumher_ldak,11,50000,0.4,0.01
6.282537,0.131258,sumher_ldak,12,50000,0.4,0.01
-0.084087,0.037099,sumher_ldak,13,50000,0.4,0.01
16.003863,0.224082,sumher_ldak,14,50000,0.4,0.01
0.169216,0.044434,sumher_ldak,15,50000,0.4,0.01
3.77327,0.101412,sumher_ldak,16,50000,0.4,0.01
7.836258,0.146607,sumher_ldak,17,50000,0.4,0.01
21.447594,0.271818,sumher_ldak,18,50000,0.4,0.01
30.023076,0.342942,sumher_ldak,19,50000,0.4,0.01
6.542207,0.13374,sumher_ldak,20,50000,0.4,0.01
28.074992,0.326645,sumher_ldak,21,50000,0.4,0.01
31.177152,0.352472,sumher_ldak,22,50000,0.4,0.01
6.917023,0.137592,sumher_ldak,23,50000,0.4,0.01
2.081779,0.078939,sumher_ldak,24,50000,0.4,0.01
34.991296,0.38288,sumher_ldak,25,50000,0.4,0.01
13.24613,0.199677,sumher_ldak,26,50000,0.4,0.01
5.854364,0.125966,sumher_ldak,27,50000,0.4,0.01
4.524205,0.110809,sumher_ldak,28,50000,0.4,0.01
8.808845,0.15744,sumher_ldak,29,50000,0.4,0.01
0.487894,0.051655,sumher_ldak,30,50000,0.4,0.01
17.821392,0.24059,sumher_ldak,31,50000,0.4,0.01
5.751185,0.124643,sumher_ldak,32,50000,0.4,0.01
0.121959,0.043039,sumher_ldak,33,50000,0.4,0.01
-0.029332,0.039316,sumher_ldak,34,50000,0.4,0.01
-0.057995,0.038299,sumher_ldak,35,50000,0.4,0.01
23.719728,0.290736,sumher_ldak,36,50000,0.4,0.01
4.998012,0.116388,sumher_ldak,37,50000,0.4,0.01
0.293656,0.048136,sumher_ldak,38,50000,0.4,0.01
8.641428,0.154665,sumher_ldak,39,50000,0.4,0.01
13.146708,0.198677,sumher_ldak,40,50000,0.4,0.01
4.678021,0.113121,sumher_ldak,41,50000,0.4,0.01
1.955604,0.077246,sumher_ldak,42,50000,0.4,0.01
12.01164,0.187741,sumher_ldak,43,50000,0.4,0.01
6.231216,0.129727,sumher_ldak,44,50000,0.4,0.01
1.662187,0.073027,sumher_ldak,45,50000,0.4,0.01
0.056111,0.041553,sumher_ldak,46,50000,0.4,0.01
41.636977,0.435685,sumher_ldak,47,50000,0.4,0.01
4.163944,0.106543,sumher_ldak,48,50000,0.4,0.01
6.007467,0.127267,sumher_ldak,49,50000,0.4,0.01
0.10797,0.042617,sumher_ldak,50,50000,0.4,0.01
6.982998,0.137781,sumher_ldak,51,50000,0.4,0.01
-0.060009,0.037896,sumher_ldak,52,50000,0.4,0.01
0.152922,0.044195,sumher_ldak,53,50000,0.4,0.01
5.548903,0.122347,sumher_ldak,54,50000,0.4,0.01
36.902532,0.397762,sumher_ldak,55,50000,0.4,0.01
7.657942,0.144764,sumher_ldak,56,50000,0.4,0.01
0.157016,0.043517,sumher_ldak,57,50000,0.4,0.01
1.990571,0.078073,sumher_ldak,58,50000,0.4,0.01
0.254395,0.04688,sumher_ldak,59,50000,0.4,0.01
1.94732,0.077206,sumher_ldak,60,50000,0.4,0.01
0.102208,0.042955,sumher_ldak,61,50000,0.4,0.01
31.713661,0.356317,sumher_ldak,62,50000,0.4,0.01
17.119185,0.234255,sumher_ldak,63,50000,0.4,0.01
2.112547,0.07948,sumher_ldak,64,50000,0.4,0.01
11.171778,0.180974,sumher_ldak,65,50000,0.4,0.01
5.823218,0.125808,sumher_ldak,66,50000,0.4,0.01
0.153152,0.043743,sumher_ldak,67,50000,0.4,0.01
3.098933,0.093737,sumher_ldak,68,50000,0.4,0.01
33.207347,0.369461,sumher_ldak,69,50000,0.4,0.01
18.709169,0.24811,sumher_ldak,70,50000,0.4,0.01
2.629981,0.086729,sumher_ldak,71,50000,0.4,0.01
6.882112,0.136963,sumher_ldak,72,50000,0.4,0.01
15.497998,0.219833,sumher_ldak,73,50000,0.4,0.01
1.869277,0.075781,sumher_ldak,74,50000,0.4,0.01
2.553586,0.085684,sumher_ldak,75,50000,0.4,0.01
0.41078,0.049817,sumher_ldak,76,50000,0.4,0.01
4.078588,0.105003,sumher_ldak,77,50000,0.4,0.01
8.145818,0.150068,sumher_ldak,78,50000,0.4,0.01
1.620994,0.07191,sumher_ldak,79,50000,0.4,0.01
5.449829,0.122376,sumher_ldak,80,50000,0.4,0.01
1.492507,0.06979,sumher_ldak,81,50000,0.4,0.01
13.513616,0.201442,sumher_ldak,82,50000,0.4,0.01
6.340675,0.13109,sumher_ldak,83,50000,0.4,0.01
21.886585,0.275259,sumher_ldak,84,50000,0.4,0.01
12.853373,0.195579,sumher_ldak,85,50000,0.4,0.01
4.473581,0.110168,sumher_ldak,86,50000,0.4,0.01
4.893367,0.114938,sumher_ldak,87,50000,0.4,0.01
20.823811,0.266423,sumher_ldak,88,50000,0.4,0.01
7.821148,0.146716,sumher_ldak,89,50000,0.4,0.01
32.053731,0.359429,sumher_ldak,90,50000,0.4,0.01
5.884816,0.125939,sumher_ldak,91,50000,0.4,0.01
2.843205,0.089982,sumher_ldak,92,50000,0.4,0.01
13.450013,0.201255,sumher_ldak,93,50000,0.4,0.01
1.914327,0.07618,sumher_ldak,94,50000,0.4,0.01
2.176652,0.080562,sumher_ldak,95,50000,0.4,0.01
2.966279,0.091386,sumher_ldak,96,50000,0.4,0.01
0.66444,0.055483,sumher_ldak,97,50000,0.4,0.01
0.737552,0.056809,sumher_ldak,98,50000,0.4,0.01
0.010603,0.040507,sumher_ldak,99,50000,0.4,0.01
0.9768,1.2625,hdl,0,-1,0.1,1.0
0.9768,1.1363,hdl,1,-1,0.1,1.0
1.0,0.0,hdl,2,-1,0.1,1.0
0.9763,2.7272,hdl,3,-1,0.1,1.0
1.0,0.0,hdl,4,-1,0.1,1.0
0.9771,0.1643,hdl,5,-1,0.1,1.0
1.0,0.0,hdl,6,-1,0.1,1.0
1.0,0.0,hdl,7,-1,0.1,1.0
1.0,0.0,hdl,8,-1,0.1,1.0
1.0,0.0,hdl,9,-1,0.1,1.0
1.0,0.0,hdl,10,-1,0.1,1.0
1.0,0.0,hdl,11,-1,0.1,1.0
1.0,0.0,hdl,12,-1,0.1,1.0
0.0,0.0,hdl,13,-1,0.1,1.0
1.0,0.0,hdl,14,-1,0.1,1.0
1.0,0.0,hdl,15,-1,0.1,1.0
1.0,0.0,hdl,16,-1,0.1,1.0
1.0,0.0,hdl,17,-1,0.1,1.0
1.0,0.0,hdl,18,-1,0.1,1.0
1.0,0.0,hdl,19,-1,0.1,1.0
0.0,0.0,hdl,20,-1,0.1,1.0
1.0,0.0,hdl,21,-1,0.1,1.0
1.0,0.0,hdl,22,-1,0.1,1.0
1.0,0.0,hdl,23,-1,0.1,1.0
1.0,0.0,hdl,24,-1,0.1,1.0
1.0,0.0,hdl,25,-1,0.1,1.0
1.0,0.0,hdl,26,-1,0.1,1.0
1.0,0.0,hdl,27,-1,0.1,1.0
0.0,0.0,hdl,28,-1,0.1,1.0
1.0,0.0,hdl,29,-1,0.1,1.0
1.0,0.0,hdl,30,-1,0.1,1.0
0.9767,2.9289,hdl,31,-1,0.1,1.0
1.0,0.0,hdl,32,-1,0.1,1.0
1.0,0.0,hdl,33,-1,0.1,1.0
0.9772,0.6489,hdl,34,-1,0.1,1.0
1.0,0.0,hdl,35,-1,0.1,1.0
1.0,0.0,hdl,36,-1,0.1,1.0
1.0,0.0,hdl,37,-1,0.1,1.0
0.0,0.0,hdl,38,-1,0.1,1.0
1.0,0.0,hdl,39,-1,0.1,1.0
1.0,0.0,hdl,40,-1,0.1,1.0
1.0,0.0,hdl,41,-1,0.1,1.0
1.0,0.0,hdl,42,-1,0.1,1.0
1.0,0.0,hdl,43,-1,0.1,1.0
1.0,0.0,hdl,44,-1,0.1,1.0
1.0,0.0,hdl,45,-1,0.1,1.0
1.0,0.0,hdl,46,-1,0.1,1.0
1.0,0.0,hdl,47,-1,0.1,1.0
1.0,0.0,hdl,48,-1,0.1,1.0
0.9765,3.2042,hdl,49,-1,0.1,1.0
1.0,0.0,hdl,50,-1,0.1,1.0
0.0,0.0,hdl,51,-1,0.1,1.0
0.9765,3.8167,hdl,52,-1,0.1,1.0
1.0,0.0,hdl,53,-1,0.1,1.0
1.0,0.0,hdl,54,-1,0.1,1.0
1.0,0.0,hdl,55,-1,0.1,1.0
1.0,0.0,hdl,56,-1,0.1,1.0
0.0919,0.0011,hdl,57,-1,0.1,1.0
1.0,0.0,hdl,58,-1,0.1,1.0
1.0,0.0,hdl,59,-1,0.1,1.0
1.0,0.0,hdl,60,-1,0.1,1.0
1.0,0.0,hdl,61,-1,0.1,1.0
1.0,0.0,hdl,62,-1,0.1,1.0
1.0,0.0,hdl,63,-1,0.1,1.0
1.0,0.0,hdl,64,-1,0.1,1.0
1.0,0.0,hdl,65,-1,0.1,1.0
1.0,0.0,hdl,66,-1,0.1,1.0
1.0,0.0,hdl,67,-1,0.1,1.0
1.0,0.0,hdl,68,-1,0.1,1.0
0.0,0.0,hdl,69,-1,0.1,1.0
1.0,0.0,hdl,70,-1,0.1,1.0
1.0,0.0,hdl,71,-1,0.1,1.0
1.0,0.0,hdl,72,-1,0.1,1.0
1.0,0.0,hdl,73,-1,0.1,1.0
1.0,0.0,hdl,74,-1,0.1,1.0
1.0,0.0,hdl,75,-1,0.1,1.0
1.0,0.0,hdl,76,-1,0.1,1.0
0.9766,1.2805,hdl,77,-1,0.1,1.0
1.0,0.0,hdl,78,-1,0.1,1.0
1.0,0.0,hdl,79,-1,0.1,1.0
0.1331,0.0009,hdl,80,-1,0.1,1.0
1.0,0.0,hdl,81,-1,0.1,1.0
0.0,0.0,hdl,82,-1,0.1,1.0
1.0,0.0,hdl,83,-1,0.1,1.0
1.0,0.0,hdl,84,-1,0.1,1.0
1.0,0.0,hdl,85,-1,0.1,1.0
1.0,0.0,hdl,86,-1,0.1,1.0
1.0,0.0,hdl,87,-1,0.1,1.0
0.9771,0.0013,hdl,88,-1,0.1,1.0
1.0,0.0,hdl,89,-1,0.1,1.0
1.0,0.0,hdl,90,-1,0.1,1.0
1.0,0.0,hdl,91,-1,0.1,1.0
1.0,0.0,hdl,92,-1,0.1,1.0
1.0,0.0,hdl,93,-1,0.1,1.0
1.0,0.0,hdl,94,-1,0.1,1.0
1.0,0.0,hdl,95,-1,0.1,1.0
1.0,0.0,hdl,96,-1,0.1,1.0
1.0,0.0,hdl,97,-1,0.1,1.0
0.9764,0.1589,hdl,98,-1,0.1,1.0
1.0,0.0,hdl,99,-1,0.1,1.0
1.0,0.0,hdl,0,-1,0.1,0.1
1.0,0.0,hdl,1,-1,0.1,0.1
1.0,0.0,hdl,2,-1,0.1,0.1
1.0,0.0,hdl,3,-1,0.1,0.1
0.9756,0.1585,hdl,4,-1,0.1,0.1
1.0,0.0,hdl,5,-1,0.1,0.1
1.0,0.0,hdl,6,-1,0.1,0.1
1.0,0.0,hdl,7,-1,0.1,0.1
1.0,0.0,hdl,8,-1,0.1,0.1
1.0,0.0,hdl,9,-1,0.1,0.1
1.0,0.0,hdl,10,-1,0.1,0.1
1.0,0.0,hdl,11,-1,0.1,0.1
1.0,0.0,hdl,12,-1,0.1,0.1
0.9759,3.1931,hdl,13,-1,0.1,0.1
1.0,0.0,hdl,14,-1,0.1,0.1
1.0,0.0,hdl,15,-1,0.1,0.1
1.0,0.0,hdl,16,-1,0.1,0.1
1.0,0.0,hdl,17,-1,0.1,0.1
1.0,0.0,hdl,18,-1,0.1,0.1
0.0,0.0,hdl,19,-1,0.1,0.1
1.0,0.0,hdl,20,-1,0.1,0.1
1.0,0.0,hdl,21,-1,0.1,0.1
1.0,0.0,hdl,22,-1,0.1,0.1
0.9778,0.1508,hdl,23,-1,0.1,0.1
1.0,0.0,hdl,24,-1,0.1,0.1
0.9758,4.8013,hdl,25,-1,0.1,0.1
1.0,0.0,hdl,26,-1,0.1,0.1
0.9771,2.0709,hdl,27,-1,0.1,0.1
1.0,0.0,hdl,28,-1,0.1,0.1
0.0,0.0,hdl,29,-1,0.1,0.1
1.0,0.0,hdl,30,-1,0.1,0.1
1.0,0.0,hdl,31,-1,0.1,0.1
1.0,0.0,hdl,32,-1,0.1,0.1
1.0,0.0,hdl,33,-1,0.1,0.1
0.0,0.0,hdl,34,-1,0.1,0.1
1.0,0.0,hdl,35,-1,0.1,0.1
1.0,0.0,hdl,36,-1,0.1,0.1
1.0,0.0,hdl,37,-1,0.1,0.1
1.0,0.0,hdl,38,-1,0.1,0.1
1.0,0.0,hdl,39,-1,0.1,0.1
1.0,0.0,hdl,40,-1,0.1,0.1
1.0,0.0,hdl,41,-1,0.1,0.1
1.0,0.0,hdl,42,-1,0.1,0.1
0.9767,0.3909,hdl,43,-1,0.1,0.1
1.0,0.0,hdl,44,-1,0.1,0.1
1.0,0.0,hdl,45,-1,0.1,0.1
1.0,0.0,hdl,46,-1,0.1,0.1
1.0,0.0,hdl,47,-1,0.1,0.1
1.0,0.0,hdl,48,-1,0.1,0.1
0.9766,0.1405,hdl,49,-1,0.1,0.1
1.0,0.0,hdl,50,-1,0.1,0.1
1.0,0.0,hdl,51,-1,0.1,0.1
0.9769,0.2615,hdl,52,-1,0.1,0.1
1.0,0.0,hdl,53,-1,0.1,0.1
1.0,0.0,hdl,54,-1,0.1,0.1
0.9758,0.1598,hdl,55,-1,0.1,0.1
1.0,0.0,hdl,56,-1,0.1,0.1
1.0,0.0,hdl,57,-1,0.1,0.1
1.0,0.0,hdl,58,-1,0.1,0.1
1.0,0.0,hdl,59,-1,0.1,0.1
1.0,0.0,hdl,60,-1,0.1,0.1
0.9767,4.1766,hdl,61,-1,0.1,0.1
1.0,0.0,hdl,62,-1,0.1,0.1
1.0,0.0,hdl,63,-1,0.1,0.1
1.0,0.0,hdl,64,-1,0.1,0.1
1.0,0.0,hdl,65,-1,0.1,0.1
1.0,0.0,hdl,66,-1,0.1,0.1
1.0,0.0,hdl,67,-1,0.1,0.1
1.0,0.0,hdl,68,-1,0.1,0.1
1.0,0.0,hdl,69,-1,0.1,0.1
1.0,0.0,hdl,70,-1,0.1,0.1
1.0,0.0,hdl,71,-1,0.1,0.1
1.0,0.0,hdl,72,-1,0.1,0.1
1.0,0.0,hdl,73,-1,0.1,0.1
1.0,0.0,hdl,74,-1,0.1,0.1
1.0,0.0,hdl,75,-1,0.1,0.1
1.0,0.0,hdl,76,-1,0.1,0.1
1.0,0.0,hdl,77,-1,0.1,0.1
1.0,0.0,hdl,78,-1,0.1,0.1
1.0,0.0,hdl,79,-1,0.1,0.1
1.0,0.0,hdl,80,-1,0.1,0.1
1.0,0.0,hdl,81,-1,0.1,0.1
1.0,0.0,hdl,82,-1,0.1,0.1
0.0,0.0,hdl,83,-1,0.1,0.1
0.9756,4.6669,hdl,84,-1,0.1,0.1
0.9766,3.3014,hdl,85,-1,0.1,0.1
1.0,0.0,hdl,86,-1,0.1,0.1
0.1196,0.0007,hdl,87,-1,0.1,0.1
1.0,0.0,hdl,88,-1,0.1,0.1
1.0,0.0,hdl,89,-1,0.1,0.1
1.0,0.0,hdl,90,-1,0.1,0.1
1.0,0.0,hdl,91,-1,0.1,0.1
0.0699,0.0063,hdl,92,-1,0.1,0.1
1.0,0.0,hdl,93,-1,0.1,0.1
1.0,0.0,hdl,94,-1,0.1,0.1
1.0,0.0,hdl,95,-1,0.1,0.1
0.0,0.0,hdl,96,-1,0.1,0.1
1.0,0.0,hdl,97,-1,0.1,0.1
0.0,0.0,hdl,98,-1,0.1,0.1
0.9764,5.3952,hdl,99,-1,0.1,0.1
0.0627,0.0008,hdl,0,-1,0.1,0.01
1.0,0.0,hdl,1,-1,0.1,0.01
1.0,0.0,hdl,2,-1,0.1,0.01
1.0,0.0,hdl,3,-1,0.1,0.01
1.0,0.0,hdl,4,-1,0.1,0.01
0.977,0.1656,hdl,5,-1,0.1,0.01
1.0,0.0,hdl,6,-1,0.1,0.01
0.0,0.0,hdl,7,-1,0.1,0.01
0.9774,2.9994,hdl,8,-1,0.1,0.01
1.0,0.0,hdl,9,-1,0.1,0.01
0.977,0.1333,hdl,10,-1,0.1,0.01
1.0,0.0,hdl,11,-1,0.1,0.01
1.0,0.0,hdl,12,-1,0.1,0.01
0.9766,0.1645,hdl,13,-1,0.1,0.01
0.9767,2.8889,hdl,14,-1,0.1,0.01
1.0,0.0,hdl,15,-1,0.1,0.01
1.0,0.0,hdl,16,-1,0.1,0.01
1.0,0.0,hdl,17,-1,0.1,0.01
0.0,0.0,hdl,18,-1,0.1,0.01
1.0,0.0,hdl,19,-1,0.1,0.01
1.0,0.0,hdl,20,-1,0.1,0.01
1.0,0.0,hdl,21,-1,0.1,0.01
0.0,0.0,hdl,22,-1,0.1,0.01
1.0,0.0,hdl,23,-1,0.1,0.01
1.0,0.0,hdl,24,-1,0.1,0.01
1.0,0.0,hdl,25,-1,0.1,0.01
1.0,0.0,hdl,26,-1,0.1,0.01
1.0,0.0,hdl,27,-1,0.1,0.01
1.0,0.0,hdl,28,-1,0.1,0.01
1.0,0.0,hdl,29,-1,0.1,0.01
1.0,0.0,hdl,30,-1,0.1,0.01
1.0,0.0,hdl,31,-1,0.1,0.01
1.0,0.0,hdl,32,-1,0.1,0.01
1.0,0.0,hdl,33,-1,0.1,0.01
1.0,0.0,hdl,34,-1,0.1,0.01
0.0923,0.0008,hdl,35,-1,0.1,0.01
1.0,0.0,hdl,36,-1,0.1,0.01
0.9772,0.1637,hdl,37,-1,0.1,0.01
1.0,0.0,hdl,38,-1,0.1,0.01
1.0,0.0,hdl,39,-1,0.1,0.01
1.0,0.0,hdl,40,-1,0.1,0.01
1.0,0.0,hdl,41,-1,0.1,0.01
1.0,0.0,hdl,42,-1,0.1,0.01
1.0,0.0,hdl,43,-1,0.1,0.01
1.0,0.0,hdl,44,-1,0.1,0.01
1.0,0.0,hdl,45,-1,0.1,0.01
1.0,0.0,hdl,46,-1,0.1,0.01
1.0,0.0,hdl,47,-1,0.1,0.01
1.0,0.0,hdl,48,-1,0.1,0.01
1.0,0.0,hdl,49,-1,0.1,0.01
1.0,0.0,hdl,50,-1,0.1,0.01
1.0,0.0,hdl,51,-1,0.1,0.01
1.0,0.0,hdl,52,-1,0.1,0.01
0.9767,0.9207,hdl,53,-1,0.1,0.01
1.0,0.0,hdl,54,-1,0.1,0.01
1.0,0.0,hdl,55,-1,0.1,0.01
0.9762,4.8818,hdl,56,-1,0.1,0.01
1.0,0.0,hdl,57,-1,0.1,0.01
1.0,0.0,hdl,58,-1,0.1,0.01
1.0,0.0,hdl,59,-1,0.1,0.01
0.9764,4.0903,hdl,60,-1,0.1,0.01
0.9773,5.4074,hdl,61,-1,0.1,0.01
1.0,0.0,hdl,62,-1,0.1,0.01
0.9763,0.1725,hdl,63,-1,0.1,0.01
0.0302,0.0008,hdl,64,-1,0.1,0.01
1.0,0.0,hdl,65,-1,0.1,0.01
1.0,0.0,hdl,66,-1,0.1,0.01
1.0,0.0,hdl,67,-1,0.1,0.01
0.976,3.7093,hdl,68,-1,0.1,0.01
1.0,0.0,hdl,69,-1,0.1,0.01
1.0,0.0,hdl,70,-1,0.1,0.01
1.0,0.0,hdl,71,-1,0.1,0.01
0.9761,2.9828,hdl,72,-1,0.1,0.01
0.9769,3.8919,hdl,73,-1,0.1,0.01
1.0,0.0,hdl,74,-1,0.1,0.01
1.0,0.0,hdl,75,-1,0.1,0.01
1.0,0.0,hdl,76,-1,0.1,0.01
1.0,0.0,hdl,77,-1,0.1,0.01
1.0,0.0,hdl,78,-1,0.1,0.01
1.0,0.0,hdl,79,-1,0.1,0.01
1.0,0.0,hdl,80,-1,0.1,0.01
0.0,0.0,hdl,81,-1,0.1,0.01
0.9767,4.244,hdl,82,-1,0.1,0.01
1.0,0.0,hdl,83,-1,0.1,0.01
1.0,0.0,hdl,84,-1,0.1,0.01
1.0,0.0,hdl,85,-1,0.1,0.01
1.0,0.0,hdl,86,-1,0.1,0.01
1.0,0.0,hdl,87,-1,0.1,0.01
1.0,0.0,hdl,88,-1,0.1,0.01
1.0,0.0,hdl,89,-1,0.1,0.01
1.0,0.0,hdl,90,-1,0.1,0.01
1.0,0.0,hdl,91,-1,0.1,0.01
1.0,0.0,hdl,92,-1,0.1,0.01
1.0,0.0,hdl,93,-1,0.1,0.01
0.2338,0.0007,hdl,94,-1,0.1,0.01
0.977,0.1662,hdl,95,-1,0.1,0.01
1.0,0.0,hdl,96,-1,0.1,0.01
1.0,0.0,hdl,97,-1,0.1,0.01
1.0,0.0,hdl,98,-1,0.1,0.01
0.9766,2.9733,hdl,99,-1,0.1,0.01
1.0,0.0,hdl,0,-1,0.25,1.0
1.0,0.0,hdl,1,-1,0.25,1.0
1.0,0.0,hdl,2,-1,0.25,1.0
1.0,0.0,hdl,3,-1,0.25,1.0
0.9767,0.1696,hdl,4,-1,0.25,1.0
1.0,0.0,hdl,5,-1,0.25,1.0
0.9764,3.3903,hdl,6,-1,0.25,1.0
1.0,0.0,hdl,7,-1,0.25,1.0
1.0,0.0,hdl,8,-1,0.25,1.0
1.0,0.0,hdl,9,-1,0.25,1.0
1.0,0.0,hdl,10,-1,0.25,1.0
1.0,0.0,hdl,11,-1,0.25,1.0
0.9766,3.52,hdl,12,-1,0.25,1.0
1.0,0.0,hdl,13,-1,0.25,1.0
1.0,0.0,hdl,14,-1,0.25,1.0
0.9761,2.8587,hdl,15,-1,0.25,1.0
1.0,0.0,hdl,16,-1,0.25,1.0
0.9762,0.171,hdl,17,-1,0.25,1.0
1.0,0.0,hdl,18,-1,0.25,1.0
1.0,0.0,hdl,19,-1,0.25,1.0
1.0,0.0,hdl,20,-1,0.25,1.0
1.0,0.0,hdl,21,-1,0.25,1.0
1.0,0.0,hdl,22,-1,0.25,1.0
1.0,0.0,hdl,23,-1,0.25,1.0
0.976,3.135,hdl,24,-1,0.25,1.0
0.0801,0.001,hdl,25,-1,0.25,1.0
1.0,0.0,hdl,26,-1,0.25,1.0
1.0,0.0,hdl,27,-1,0.25,1.0
1.0,0.0,hdl,28,-1,0.25,1.0
1.0,0.0,hdl,29,-1,0.25,1.0
0.1885,0.0008,hdl,30,-1,0.25,1.0
0.9767,0.1559,hdl,31,-1,0.25,1.0
1.0,0.0,hdl,32,-1,0.25,1.0
0.9764,0.1254,hdl,33,-1,0.25,1.0
1.0,0.0,hdl,34,-1,0.25,1.0
1.0,0.0,hdl,35,-1,0.25,1.0
0.9769,2.9647,hdl,36,-1,0.25,1.0
1.0,0.0,hdl,37,-1,0.25,1.0
1.0,0.0,hdl,38,-1,0.25,1.0
1.0,0.0,hdl,39,-1,0.25,1.0
1.0,0.0,hdl,40,-1,0.25,1.0
1.0,0.0,hdl,41,-1,0.25,1.0
1.0,0.0,hdl,42,-1,0.25,1.0
1.0,0.0,hdl,43,-1,0.25,1.0
1.0,0.0,hdl,44,-1,0.25,1.0
0.1462,0.0009,hdl,45,-1,0.25,1.0
1.0,0.0,hdl,46,-1,0.25,1.0
1.0,0.0,hdl,47,-1,0.25,1.0
1.0,0.0,hdl,48,-1,0.25,1.0
1.0,0.0,hdl,49,-1,0.25,1.0
1.0,0.0,hdl,50,-1,0.25,1.0
1.0,0.0,hdl,51,-1,0.25,1.0
1.0,0.0,hdl,52,-1,0.25,1.0
1.0,0.0,hdl,53,-1,0.25,1.0
1.0,0.0,hdl,54,-1,0.25,1.0
1.0,0.0,hdl,55,-1,0.25,1.0
1.0,0.0,hdl,56,-1,0.25,1.0
1.0,0.0,hdl,57,-1,0.25,1.0
1.0,0.0,hdl,58,-1,0.25,1.0
1.0,0.0,hdl,59,-1,0.25,1.0
1.0,0.0,hdl,60,-1,0.25,1.0
0.9761,2.358,hdl,61,-1,0.25,1.0
0.976,0.0577,hdl,62,-1,0.25,1.0
0.9758,0.1819,hdl,63,-1,0.25,1.0
1.0,0.0,hdl,64,-1,0.25,1.0
1.0,0.0,hdl,65,-1,0.25,1.0
0.9757,3.179,hdl,66,-1,0.25,1.0
1.0,0.0,hdl,67,-1,0.25,1.0
1.0,0.0,hdl,68,-1,0.25,1.0
1.0,0.0,hdl,69,-1,0.25,1.0
1.0,0.0,hdl,70,-1,0.25,1.0
1.0,0.0,hdl,71,-1,0.25,1.0
1.0,0.0,hdl,72,-1,0.25,1.0
1.0,0.0,hdl,73,-1,0.25,1.0
1.0,0.0,hdl,74,-1,0.25,1.0
1.0,0.0,hdl,75,-1,0.25,1.0
1.0,0.0,hdl,76,-1,0.25,1.0
1.0,0.0,hdl,77,-1,0.25,1.0
1.0,0.0,hdl,78,-1,0.25,1.0
1.0,0.0,hdl,79,-1,0.25,1.0
1.0,0.0,hdl,80,-1,0.25,1.0
1.0,0.0,hdl,81,-1,0.25,1.0
1.0,0.0,hdl,82,-1,0.25,1.0
1.0,0.0,hdl,83,-1,0.25,1.0
0.9768,0.0007,hdl,84,-1,0.25,1.0
1.0,0.0,hdl,85,-1,0.25,1.0
1.0,0.0,hdl,86,-1,0.25,1.0
1.0,0.0,hdl,87,-1,0.25,1.0
0.1288,0.0008,hdl,88,-1,0.25,1.0
1.0,0.0,hdl,89,-1,0.25,1.0
1.0,0.0,hdl,90,-1,0.25,1.0
1.0,0.0,hdl,91,-1,0.25,1.0
1.0,0.0,hdl,92,-1,0.25,1.0
1.0,0.0,hdl,93,-1,0.25,1.0
1.0,0.0,hdl,94,-1,0.25,1.0
0.9758,0.1824,hdl,95,-1,0.25,1.0
1.0,0.0,hdl,96,-1,0.25,1.0
1.0,0.0,hdl,97,-1,0.25,1.0
1.0,0.0,hdl,98,-1,0.25,1.0
1.0,0.0,hdl,99,-1,0.25,1.0
1.0,0.0,hdl,0,-1,0.25,0.1
1.0,0.0,hdl,1,-1,0.25,0.1
1.0,0.0,hdl,2,-1,0.25,0.1
1.0,0.0,hdl,3,-1,0.25,0.1
1.0,0.0,hdl,4,-1,0.25,0.1
1.0,0.0,hdl,5,-1,0.25,0.1
0.9759,3.0618,hdl,6,-1,0.25,0.1
1.0,0.0,hdl,7,-1,0.25,0.1
0.9761,0.1675,hdl,8,-1,0.25,0.1
1.0,0.0,hdl,9,-1,0.25,0.1
1.0,0.0,hdl,10,-1,0.25,0.1
1.0,0.0,hdl,11,-1,0.25,0.1
1.0,0.0,hdl,12,-1,0.25,0.1
1.0,0.0,hdl,13,-1,0.25,0.1
1.0,0.0,hdl,14,-1,0.25,0.1
1.0,0.0,hdl,15,-1,0.25,0.1
1.0,0.0,hdl,16,-1,0.25,0.1
1.0,0.0,hdl,17,-1,0.25,0.1
1.0,0.0,hdl,18,-1,0.25,0.1
1.0,0.0,hdl,19,-1,0.25,0.1
1.0,0.0,hdl,20,-1,0.25,0.1
1.0,0.0,hdl,21,-1,0.25,0.1
1.0,0.0,hdl,22,-1,0.25,0.1
1.0,0.0,hdl,23,-1,0.25,0.1
1.0,0.0,hdl,24,-1,0.25,0.1
1.0,0.0,hdl,25,-1,0.25,0.1
1.0,0.0,hdl,26,-1,0.25,0.1
1.0,0.0,hdl,27,-1,0.25,0.1
1.0,0.0,hdl,28,-1,0.25,0.1
1.0,0.0,hdl,29,-1,0.25,0.1
1.0,0.0,hdl,30,-1,0.25,0.1
1.0,0.0,hdl,31,-1,0.25,0.1
1.0,0.0,hdl,32,-1,0.25,0.1
1.0,0.0,hdl,33,-1,0.25,0.1
1.0,0.0,hdl,34,-1,0.25,0.1
1.0,0.0,hdl,35,-1,0.25,0.1
1.0,0.0,hdl,36,-1,0.25,0.1
1.0,0.0,hdl,37,-1,0.25,0.1
1.0,0.0,hdl,38,-1,0.25,0.1
1.0,0.0,hdl,39,-1,0.25,0.1
1.0,0.0,hdl,40,-1,0.25,0.1
0.9762,3.4765,hdl,41,-1,0.25,0.1
1.0,0.0,hdl,42,-1,0.25,0.1
0.977,3.5256,hdl,43,-1,0.25,0.1
1.0,0.0,hdl,44,-1,0.25,0.1
1.0,0.0,hdl,45,-1,0.25,0.1
1.0,0.0,hdl,46,-1,0.25,0.1
1.0,0.0,hdl,47,-1,0.25,0.1
1.0,0.0,hdl,48,-1,0.25,0.1
0.9767,5.2569,hdl,49,-1,0.25,0.1
1.0,0.0,hdl,50,-1,0.25,0.1
1.0,0.0,hdl,51,-1,0.25,0.1
1.0,0.0,hdl,52,-1,0.25,0.1
1.0,0.0,hdl,53,-1,0.25,0.1
1.0,0.0,hdl,54,-1,0.25,0.1
1.0,0.0,hdl,55,-1,0.25,0.1
1.0,0.0,hdl,56,-1,0.25,0.1
1.0,0.0,hdl,57,-1,0.25,0.1
1.0,0.0,hdl,58,-1,0.25,0.1
0.9765,4.6429,hdl,59,-1,0.25,0.1
1.0,0.0,hdl,60,-1,0.25,0.1
1.0,0.0,hdl,61,-1,0.25,0.1
1.0,0.0,hdl,62,-1,0.25,0.1
1.0,0.0,hdl,63,-1,0.25,0.1
1.0,0.0,hdl,64,-1,0.25,0.1
1.0,0.0,hdl,65,-1,0.25,0.1
0.9762,0.6487,hdl,66,-1,0.25,0.1
1.0,0.0,hdl,67,-1,0.25,0.1
1.0,0.0,hdl,68,-1,0.25,0.1
1.0,0.0,hdl,69,-1,0.25,0.1
1.0,0.0,hdl,70,-1,0.25,0.1
1.0,0.0,hdl,71,-1,0.25,0.1
1.0,0.0,hdl,72,-1,0.25,0.1
1.0,0.0,hdl,73,-1,0.25,0.1
1.0,0.0,hdl,74,-1,0.25,0.1
1.0,0.0,hdl,75,-1,0.25,0.1
1.0,0.0,hdl,76,-1,0.25,0.1
1.0,0.0,hdl,77,-1,0.25,0.1
1.0,0.0,hdl,78,-1,0.25,0.1
0.9754,0.1797,hdl,79,-1,0.25,0.1
1.0,0.0,hdl,80,-1,0.25,0.1
0.0556,0.0409,hdl,81,-1,0.25,0.1
1.0,0.0,hdl,82,-1,0.25,0.1
0.9758,3.784,hdl,83,-1,0.25,0.1
0.9757,0.5935,hdl,84,-1,0.25,0.1
1.0,0.0,hdl,85,-1,0.25,0.1
1.0,0.0,hdl,86,-1,0.25,0.1
1.0,0.0,hdl,87,-1,0.25,0.1
1.0,0.0,hdl,88,-1,0.25,0.1
1.0,0.0,hdl,89,-1,0.25,0.1
1.0,0.0,hdl,90,-1,0.25,0.1
1.0,0.0,hdl,91,-1,0.25,0.1
1.0,0.0,hdl,92,-1,0.25,0.1
1.0,0.0,hdl,93,-1,0.25,0.1
1.0,0.0,hdl,94,-1,0.25,0.1
1.0,0.0,hdl,95,-1,0.25,0.1
1.0,0.0,hdl,96,-1,0.25,0.1
1.0,0.0,hdl,97,-1,0.25,0.1
1.0,0.0,hdl,98,-1,0.25,0.1
1.0,0.0,hdl,99,-1,0.25,0.1
1.0,0.0,hdl,0,-1,0.25,0.01
1.0,0.0,hdl,1,-1,0.25,0.01
1.0,0.0,hdl,2,-1,0.25,0.01
1.0,0.0,hdl,3,-1,0.25,0.01
1.0,0.0,hdl,4,-1,0.25,0.01
1.0,0.0,hdl,5,-1,0.25,0.01
1.0,0.0,hdl,6,-1,0.25,0.01
1.0,0.0,hdl,7,-1,0.25,0.01
1.0,0.0,hdl,8,-1,0.25,0.01
1.0,0.0,hdl,9,-1,0.25,0.01
1.0,0.0,hdl,10,-1,0.25,0.01
1.0,0.0,hdl,11,-1,0.25,0.01
1.0,0.0,hdl,12,-1,0.25,0.01
0.9759,0.1277,hdl,13,-1,0.25,0.01
1.0,0.0,hdl,14,-1,0.25,0.01
1.0,0.0,hdl,15,-1,0.25,0.01
1.0,0.0,hdl,16,-1,0.25,0.01
1.0,0.0,hdl,17,-1,0.25,0.01
1.0,0.0,hdl,18,-1,0.25,0.01
1.0,0.0,hdl,19,-1,0.25,0.01
0.9756,2.4041,hdl,20,-1,0.25,0.01
0.9767,2.1557,hdl,21,-1,0.25,0.01
0.9754,0.1397,hdl,22,-1,0.25,0.01
0.9752,0.151,hdl,23,-1,0.25,0.01
1.0,0.0,hdl,24,-1,0.25,0.01
1.0,0.0,hdl,25,-1,0.25,0.01
1.0,0.0,hdl,26,-1,0.25,0.01
1.0,0.0,hdl,27,-1,0.25,0.01
1.0,0.0,hdl,28,-1,0.25,0.01
0.9758,4.7872,hdl,29,-1,0.25,0.01
1.0,0.0,hdl,30,-1,0.25,0.01
0.0,0.0,hdl,31,-1,0.25,0.01
0.9763,1.7336,hdl,32,-1,0.25,0.01
1.0,0.0,hdl,33,-1,0.25,0.01
0.9761,4.387,hdl,34,-1,0.25,0.01
0.976,0.1692,hdl,35,-1,0.25,0.01
1.0,0.0,hdl,36,-1,0.25,0.01
1.0,0.0,hdl,37,-1,0.25,0.01
1.0,0.0,hdl,38,-1,0.25,0.01
1.0,0.0,hdl,39,-1,0.25,0.01
1.0,0.0,hdl,40,-1,0.25,0.01
1.0,0.0,hdl,41,-1,0.25,0.01
0.977,0.1637,hdl,42,-1,0.25,0.01
1.0,0.0,hdl,43,-1,0.25,0.01
0.0,0.0,hdl,44,-1,0.25,0.01
1.0,0.0,hdl,45,-1,0.25,0.01
1.0,0.0,hdl,46,-1,0.25,0.01
1.0,0.0,hdl,47,-1,0.25,0.01
1.0,0.0,hdl,48,-1,0.25,0.01
1.0,0.0,hdl,49,-1,0.25,0.01
1.0,0.0,hdl,50,-1,0.25,0.01
1.0,0.0,hdl,51,-1,0.25,0.01
1.0,0.0,hdl,52,-1,0.25,0.01
1.0,0.0,hdl,53,-1,0.25,0.01
1.0,0.0,hdl,54,-1,0.25,0.01
1.0,0.0,hdl,55,-1,0.25,0.01
1.0,0.0,hdl,56,-1,0.25,0.01
1.0,0.0,hdl,57,-1,0.25,0.01
1.0,0.0,hdl,58,-1,0.25,0.01
1.0,0.0,hdl,59,-1,0.25,0.01
1.0,0.0,hdl,60,-1,0.25,0.01
1.0,0.0,hdl,61,-1,0.25,0.01
1.0,0.0,hdl,62,-1,0.25,0.01
1.0,0.0,hdl,63,-1,0.25,0.01
0.9768,3.3948,hdl,64,-1,0.25,0.01
1.0,0.0,hdl,65,-1,0.25,0.01
1.0,0.0,hdl,66,-1,0.25,0.01
0.9756,2.8133,hdl,67,-1,0.25,0.01
1.0,0.0,hdl,68,-1,0.25,0.01
0.1243,0.0009,hdl,69,-1,0.25,0.01
1.0,0.0,hdl,70,-1,0.25,0.01
1.0,0.0,hdl,71,-1,0.25,0.01
1.0,0.0,hdl,72,-1,0.25,0.01
1.0,0.0,hdl,73,-1,0.25,0.01
0.9763,3.7686,hdl,74,-1,0.25,0.01
1.0,0.0,hdl,75,-1,0.25,0.01
1.0,0.0,hdl,76,-1,0.25,0.01
1.0,0.0,hdl,77,-1,0.25,0.01
1.0,0.0,hdl,78,-1,0.25,0.01
1.0,0.0,hdl,79,-1,0.25,0.01
1.0,0.0,hdl,80,-1,0.25,0.01
1.0,0.0,hdl,81,-1,0.25,0.01
1.0,0.0,hdl,82,-1,0.25,0.01
1.0,0.0,hdl,83,-1,0.25,0.01
1.0,0.0,hdl,84,-1,0.25,0.01
1.0,0.0,hdl,85,-1,0.25,0.01
1.0,0.0,hdl,86,-1,0.25,0.01
1.0,0.0,hdl,87,-1,0.25,0.01
1.0,0.0,hdl,88,-1,0.25,0.01
1.0,0.0,hdl,89,-1,0.25,0.01
1.0,0.0,hdl,90,-1,0.25,0.01
1.0,0.0,hdl,91,-1,0.25,0.01
1.0,0.0,hdl,92,-1,0.25,0.01
1.0,0.0,hdl,93,-1,0.25,0.01
1.0,0.0,hdl,94,-1,0.25,0.01
0.9761,0.1672,hdl,95,-1,0.25,0.01
0.9763,0.1687,hdl,96,-1,0.25,0.01
1.0,0.0,hdl,97,-1,0.25,0.01
1.0,0.0,hdl,98,-1,0.25,0.01
1.0,0.0,hdl,99,-1,0.25,0.01
1.0,0.0,hdl,0,-1,0.4,1.0
1.0,0.0,hdl,1,-1,0.4,1.0
1.0,0.0,hdl,2,-1,0.4,1.0
0.9759,0.1624,hdl,3,-1,0.4,1.0
0.977,0.1631,hdl,4,-1,0.4,1.0
1.0,0.0,hdl,5,-1,0.4,1.0
1.0,0.0,hdl,6,-1,0.4,1.0
1.0,0.0,hdl,7,-1,0.4,1.0
0.9754,3.9134,hdl,8,-1,0.4,1.0
1.0,0.0,hdl,9,-1,0.4,1.0
1.0,0.0,hdl,10,-1,0.4,1.0
0.9761,0.1747,hdl,11,-1,0.4,1.0
1.0,0.0,hdl,12,-1,0.4,1.0
1.0,0.0,hdl,13,-1,0.4,1.0
0.9758,0.1343,hdl,14,-1,0.4,1.0
1.0,0.0,hdl,15,-1,0.4,1.0
1.0,0.0,hdl,16,-1,0.4,1.0
1.0,0.0,hdl,17,-1,0.4,1.0
1.0,0.0,hdl,18,-1,0.4,1.0
1.0,0.0,hdl,19,-1,0.4,1.0
1.0,0.0,hdl,20,-1,0.4,1.0
0.9761,4.8114,hdl,21,-1,0.4,1.0
1.0,0.0,hdl,22,-1,0.4,1.0
1.0,0.0,hdl,23,-1,0.4,1.0
1.0,0.0,hdl,24,-1,0.4,1.0
1.0,0.0,hdl,25,-1,0.4,1.0
0.9765,0.5216,hdl,26,-1,0.4,1.0
1.0,0.0,hdl,27,-1,0.4,1.0
1.0,0.0,hdl,28,-1,0.4,1.0
1.0,0.0,hdl,29,-1,0.4,1.0
1.0,0.0,hdl,30,-1,0.4,1.0
1.0,0.0,hdl,31,-1,0.4,1.0
1.0,0.0,hdl,32,-1,0.4,1.0
1.0,0.0,hdl,33,-1,0.4,1.0
1.0,0.0,hdl,34,-1,0.4,1.0
1.0,0.0,hdl,35,-1,0.4,1.0
0.9759,0.1802,hdl,36,-1,0.4,1.0
0.9761,1.4444,hdl,37,-1,0.4,1.0
1.0,0.0,hdl,38,-1,0.4,1.0
1.0,0.0,hdl,39,-1,0.4,1.0
1.0,0.0,hdl,40,-1,0.4,1.0
1.0,0.0,hdl,41,-1,0.4,1.0
1.0,0.0,hdl,42,-1,0.4,1.0
1.0,0.0,hdl,43,-1,0.4,1.0
1.0,0.0,hdl,44,-1,0.4,1.0
1.0,0.0,hdl,45,-1,0.4,1.0
1.0,0.0,hdl,46,-1,0.4,1.0
1.0,0.0,hdl,47,-1,0.4,1.0
1.0,0.0,hdl,48,-1,0.4,1.0
1.0,0.0,hdl,49,-1,0.4,1.0
1.0,0.0,hdl,50,-1,0.4,1.0
1.0,0.0,hdl,51,-1,0.4,1.0
1.0,0.0,hdl,52,-1,0.4,1.0
1.0,0.0,hdl,53,-1,0.4,1.0
1.0,0.0,hdl,54,-1,0.4,1.0
1.0,0.0,hdl,55,-1,0.4,1.0
1.0,0.0,hdl,56,-1,0.4,1.0
1.0,0.0,hdl,57,-1,0.4,1.0
1.0,0.0,hdl,58,-1,0.4,1.0
1.0,0.0,hdl,59,-1,0.4,1.0
0.9767,3.8174,hdl,60,-1,0.4,1.0
1.0,0.0,hdl,61,-1,0.4,1.0
0.9765,2.9998,hdl,62,-1,0.4,1.0
1.0,0.0,hdl,63,-1,0.4,1.0
0.9762,2.0699,hdl,64,-1,0.4,1.0
1.0,0.0,hdl,65,-1,0.4,1.0
1.0,0.0,hdl,66,-1,0.4,1.0
1.0,0.0,hdl,67,-1,0.4,1.0
1.0,0.0,hdl,68,-1,0.4,1.0
1.0,0.0,hdl,69,-1,0.4,1.0
0.9764,2.4468,hdl,70,-1,0.4,1.0
1.0,0.0,hdl,71,-1,0.4,1.0
1.0,0.0,hdl,72,-1,0.4,1.0
1.0,0.0,hdl,73,-1,0.4,1.0
1.0,0.0,hdl,74,-1,0.4,1.0
1.0,0.0,hdl,75,-1,0.4,1.0
1.0,0.0,hdl,76,-1,0.4,1.0
1.0,0.0,hdl,77,-1,0.4,1.0
1.0,0.0,hdl,78,-1,0.4,1.0
1.0,0.0,hdl,79,-1,0.4,1.0
1.0,0.0,hdl,80,-1,0.4,1.0
1.0,0.0,hdl,81,-1,0.4,1.0
1.0,0.0,hdl,82,-1,0.4,1.0
0.9762,0.6398,hdl,83,-1,0.4,1.0
1.0,0.0,hdl,84,-1,0.4,1.0
0.9753,3.5905,hdl,85,-1,0.4,1.0
1.0,0.0,hdl,86,-1,0.4,1.0
1.0,0.0,hdl,87,-1,0.4,1.0
1.0,0.0,hdl,88,-1,0.4,1.0
1.0,0.0,hdl,89,-1,0.4,1.0
1.0,0.0,hdl,90,-1,0.4,1.0
0.9762,0.1707,hdl,91,-1,0.4,1.0
1.0,0.0,hdl,92,-1,0.4,1.0
1.0,0.0,hdl,93,-1,0.4,1.0
1.0,0.0,hdl,94,-1,0.4,1.0
1.0,0.0,hdl,95,-1,0.4,1.0
0.9757,0.1419,hdl,96,-1,0.4,1.0
1.0,0.0,hdl,97,-1,0.4,1.0
1.0,0.0,hdl,98,-1,0.4,1.0
1.0,0.0,hdl,99,-1,0.4,1.0
1.0,0.0,hdl,0,-1,0.4,0.1
1.0,0.0,hdl,1,-1,0.4,0.1
1.0,0.0,hdl,2,-1,0.4,0.1
1.0,0.0,hdl,3,-1,0.4,0.1
1.0,0.0,hdl,4,-1,0.4,0.1
1.0,0.0,hdl,5,-1,0.4,0.1
1.0,0.0,hdl,6,-1,0.4,0.1
1.0,0.0,hdl,7,-1,0.4,0.1
1.0,0.0,hdl,8,-1,0.4,0.1
1.0,0.0,hdl,9,-1,0.4,0.1
0.9761,3.7326,hdl,10,-1,0.4,0.1
1.0,0.0,hdl,11,-1,0.4,0.1
1.0,0.0,hdl,12,-1,0.4,0.1
1.0,0.0,hdl,13,-1,0.4,0.1
1.0,0.0,hdl,14,-1,0.4,0.1
1.0,0.0,hdl,15,-1,0.4,0.1
1.0,0.0,hdl,16,-1,0.4,0.1
1.0,0.0,hdl,17,-1,0.4,0.1
0.9759,0.1765,hdl,18,-1,0.4,0.1
1.0,0.0,hdl,19,-1,0.4,0.1
1.0,0.0,hdl,20,-1,0.4,0.1
1.0,0.0,hdl,21,-1,0.4,0.1
1.0,0.0,hdl,22,-1,0.4,0.1
0.9762,0.1767,hdl,23,-1,0.4,0.1
1.0,0.0,hdl,24,-1,0.4,0.1
1.0,0.0,hdl,25,-1,0.4,0.1
1.0,0.0,hdl,26,-1,0.4,0.1
1.0,0.0,hdl,27,-1,0.4,0.1
1.0,0.0,hdl,28,-1,0.4,0.1
1.0,0.0,hdl,29,-1,0.4,0.1
1.0,0.0,hdl,30,-1,0.4,0.1
1.0,0.0,hdl,31,-1,0.4,0.1
1.0,0.0,hdl,32,-1,0.4,0.1
1.0,0.0,hdl,33,-1,0.4,0.1
1.0,0.0,hdl,34,-1,0.4,0.1
1.0,0.0,hdl,35,-1,0.4,0.1
0.9762,0.1375,hdl,36,-1,0.4,0.1
1.0,0.0,hdl,37,-1,0.4,0.1
1.0,0.0,hdl,38,-1,0.4,0.1
1.0,0.0,hdl,39,-1,0.4,0.1
1.0,0.0,hdl,40,-1,0.4,0.1
0.9766,4.4721,hdl,41,-1,0.4,0.1
1.0,0.0,hdl,42,-1,0.4,0.1
1.0,0.0,hdl,43,-1,0.4,0.1
0.9757,4.89,hdl,44,-1,0.4,0.1
1.0,0.0,hdl,45,-1,0.4,0.1
1.0,0.0,hdl,46,-1,0.4,0.1
1.0,0.0,hdl,47,-1,0.4,0.1
1.0,0.0,hdl,48,-1,0.4,0.1
1.0,0.0,hdl,49,-1,0.4,0.1
1.0,0.0,hdl,50,-1,0.4,0.1
1.0,0.0,hdl,51,-1,0.4,0.1
0.9765,0.1664,hdl,52,-1,0.4,0.1
1.0,0.0,hdl,53,-1,0.4,0.1
1.0,0.0,hdl,54,-1,0.4,0.1
1.0,0.0,hdl,55,-1,0.4,0.1
1.0,0.0,hdl,56,-1,0.4,0.1
1.0,0.0,hdl,57,-1,0.4,0.1
1.0,0.0,hdl,58,-1,0.4,0.1
1.0,0.0,hdl,59,-1,0.4,0.1
1.0,0.0,hdl,60,-1,0.4,0.1
1.0,0.0,hdl,61,-1,0.4,0.1
1.0,0.0,hdl,62,-1,0.4,0.1
1.0,0.0,hdl,63,-1,0.4,0.1
1.0,0.0,hdl,64,-1,0.4,0.1
1.0,0.0,hdl,65,-1,0.4,0.1
1.0,0.0,hdl,66,-1,0.4,0.1
0.9748,0.1548,hdl,67,-1,0.4,0.1
1.0,0.0,hdl,68,-1,0.4,0.1
1.0,0.0,hdl,69,-1,0.4,0.1
1.0,0.0,hdl,70,-1,0.4,0.1
0.9757,2.9662,hdl,71,-1,0.4,0.1
1.0,0.0,hdl,72,-1,0.4,0.1
1.0,0.0,hdl,73,-1,0.4,0.1
1.0,0.0,hdl,74,-1,0.4,0.1
1.0,0.0,hdl,75,-1,0.4,0.1
1.0,0.0,hdl,76,-1,0.4,0.1
1.0,0.0,hdl,77,-1,0.4,0.1
1.0,0.0,hdl,78,-1,0.4,0.1
1.0,0.0,hdl,79,-1,0.4,0.1
1.0,0.0,hdl,80,-1,0.4,0.1
1.0,0.0,hdl,81,-1,0.4,0.1
1.0,0.0,hdl,82,-1,0.4,0.1
0.9757,0.8813,hdl,83,-1,0.4,0.1
1.0,0.0,hdl,84,-1,0.4,0.1
1.0,0.0,hdl,85,-1,0.4,0.1
1.0,0.0,hdl,86,-1,0.4,0.1
1.0,0.0,hdl,87,-1,0.4,0.1
1.0,0.0,hdl,88,-1,0.4,0.1
1.0,0.0,hdl,89,-1,0.4,0.1
0.9761,1.8053,hdl,90,-1,0.4,0.1
1.0,0.0,hdl,91,-1,0.4,0.1
1.0,0.0,hdl,92,-1,0.4,0.1
1.0,0.0,hdl,93,-1,0.4,0.1
1.0,0.0,hdl,94,-1,0.4,0.1
1.0,0.0,hdl,95,-1,0.4,0.1
1.0,0.0,hdl,96,-1,0.4,0.1
1.0,0.0,hdl,97,-1,0.4,0.1
1.0,0.0,hdl,98,-1,0.4,0.1
0.9764,0.1323,hdl,99,-1,0.4,0.1
1.0,0.0,hdl,0,-1,0.4,0.01
1.0,0.0,hdl,1,-1,0.4,0.01
0.9764,3.2517,hdl,2,-1,0.4,0.01
1.0,0.0,hdl,3,-1,0.4,0.01
0.9761,3.1914,hdl,4,-1,0.4,0.01
1.0,0.0,hdl,5,-1,0.4,0.01
1.0,0.0,hdl,6,-1,0.4,0.01
1.0,0.0,hdl,7,-1,0.4,0.01
1.0,0.0,hdl,8,-1,0.4,0.01
1.0,0.0,hdl,9,-1,0.4,0.01
1.0,0.0,hdl,10,-1,0.4,0.01
1.0,0.0,hdl,11,-1,0.4,0.01
1.0,0.0,hdl,12,-1,0.4,0.01
0.1613,0.0008,hdl,13,-1,0.4,0.01
1.0,0.0,hdl,14,-1,0.4,0.01
1.0,0.0,hdl,15,-1,0.4,0.01
1.0,0.0,hdl,16,-1,0.4,0.01
1.0,0.0,hdl,17,-1,0.4,0.01
1.0,0.0,hdl,18,-1,0.4,0.01
1.0,0.0,hdl,19,-1,0.4,0.01
1.0,0.0,hdl,20,-1,0.4,0.01
1.0,0.0,hdl,21,-1,0.4,0.01
1.0,0.0,hdl,22,-1,0.4,0.01
1.0,0.0,hdl,23,-1,0.4,0.01
1.0,0.0,hdl,24,-1,0.4,0.01
1.0,0.0,hdl,25,-1,0.4,0.01
1.0,0.0,hdl,26,-1,0.4,0.01
1.0,0.0,hdl,27,-1,0.4,0.01
1.0,0.0,hdl,28,-1,0.4,0.01
1.0,0.0,hdl,29,-1,0.4,0.01
1.0,0.0,hdl,30,-1,0.4,0.01
1.0,0.0,hdl,31,-1,0.4,0.01
1.0,0.0,hdl,32,-1,0.4,0.01
1.0,0.0,hdl,33,-1,0.4,0.01
0.9758,2.6507,hdl,34,-1,0.4,0.01
0.9764,3.9525,hdl,35,-1,0.4,0.01
1.0,0.0,hdl,36,-1,0.4,0.01
1.0,0.0,hdl,37,-1,0.4,0.01
1.0,0.0,hdl,38,-1,0.4,0.01
1.0,0.0,hdl,39,-1,0.4,0.01
1.0,0.0,hdl,40,-1,0.4,0.01
1.0,0.0,hdl,41,-1,0.4,0.01
1.0,0.0,hdl,42,-1,0.4,0.01
1.0,0.0,hdl,43,-1,0.4,0.01
1.0,0.0,hdl,44,-1,0.4,0.01
1.0,0.0,hdl,45,-1,0.4,0.01
0.9756,0.1598,hdl,46,-1,0.4,0.01
1.0,0.0,hdl,47,-1,0.4,0.01
1.0,0.0,hdl,48,-1,0.4,0.01
1.0,0.0,hdl,49,-1,0.4,0.01
0.9759,0.1804,hdl,50,-1,0.4,0.01
1.0,0.0,hdl,51,-1,0.4,0.01
0.977,3.4,hdl,52,-1,0.4,0.01
1.0,0.0,hdl,53,-1,0.4,0.01
1.0,0.0,hdl,54,-1,0.4,0.01
1.0,0.0,hdl,55,-1,0.4,0.01
1.0,0.0,hdl,56,-1,0.4,0.01
1.0,0.0,hdl,57,-1,0.4,0.01
1.0,0.0,hdl,58,-1,0.4,0.01
1.0,0.0,hdl,59,-1,0.4,0.01
1.0,0.0,hdl,60,-1,0.4,0.01
1.0,0.0,hdl,61,-1,0.4,0.01
1.0,0.0,hdl,62,-1,0.4,0.01
1.0,0.0,hdl,63,-1,0.4,0.01
1.0,0.0,hdl,64,-1,0.4,0.01
1.0,0.0,hdl,65,-1,0.4,0.01
1.0,0.0,hdl,66,-1,0.4,0.01
1.0,0.0,hdl,67,-1,0.4,0.01
1.0,0.0,hdl,68,-1,0.4,0.01
1.0,0.0,hdl,69,-1,0.4,0.01
1.0,0.0,hdl,70,-1,0.4,0.01
1.0,0.0,hdl,71,-1,0.4,0.01
1.0,0.0,hdl,72,-1,0.4,0.01
1.0,0.0,hdl,73,-1,0.4,0.01
1.0,0.0,hdl,74,-1,0.4,0.01
1.0,0.0,hdl,75,-1,0.4,0.01
1.0,0.0,hdl,76,-1,0.4,0.01
1.0,0.0,hdl,77,-1,0.4,0.01
1.0,0.0,hdl,78,-1,0.4,0.01
1.0,0.0,hdl,79,-1,0.4,0.01
1.0,0.0,hdl,80,-1,0.4,0.01
1.0,0.0,hdl,81,-1,0.4,0.01
1.0,0.0,hdl,82,-1,0.4,0.01
1.0,0.0,hdl,83,-1,0.4,0.01
1.0,0.0,hdl,84,-1,0.4,0.01
1.0,0.0,hdl,85,-1,0.4,0.01
1.0,0.0,hdl,86,-1,0.4,0.01
1.0,0.0,hdl,87,-1,0.4,0.01
1.0,0.0,hdl,88,-1,0.4,0.01
1.0,0.0,hdl,89,-1,0.4,0.01
1.0,0.0,hdl,90,-1,0.4,0.01
1.0,0.0,hdl,91,-1,0.4,0.01
1.0,0.0,hdl,92,-1,0.4,0.01
1.0,0.0,hdl,93,-1,0.4,0.01
1.0,0.0,hdl,94,-1,0.4,0.01
1.0,0.0,hdl,95,-1,0.4,0.01
1.0,0.0,hdl,96,-1,0.4,0.01
1.0,0.0,hdl,97,-1,0.4,0.01
1.0,0.0,hdl,98,-1,0.4,0.01
0.9764,0.1379,hdl,99,-1,0.4,0.01
