pop	h2	pcausal	method	method_window	pretty	run	window	estimate	se
EUR_300k	0.1	1.0	covsumrhe	covsumrhe	SUMMIT	0	-1	0.10103	0.00252
EUR_300k	0.1	1.0	covsumrhe	covsumrhe	SUMMIT	1	-1	0.09753	0.00288
EUR_300k	0.1	1.0	covsumrhe	covsumrhe	SUMMIT	2	-1	0.10418	0.00307
EUR_300k	0.1	1.0	covsumrhe	covsumrhe	SUMMIT	3	-1	0.09872	0.00298
EUR_300k	0.1	1.0	covsumrhe	covsumrhe	SUMMIT	4	-1	0.10517	0.00343
EUR_300k	0.1	1.0	covsumrhe	covsumrhe	SUMMIT	5	-1	0.10301	0.00274
EUR_300k	0.1	1.0	covsumrhe	covsumrhe	SUMMIT	6	-1	0.09636	0.00276
EUR_300k	0.1	1.0	covsumrhe	covsumrhe	SUMMIT	7	-1	0.10386	0.0025
EUR_300k	0.1	1.0	covsumrhe	covsumrhe	SUMMIT	8	-1	0.10546	0.00262
EUR_300k	0.1	1.0	covsumrhe	covsumrhe	SUMMIT	9	-1	0.09967	0.00271
EUR_300k	0.1	1.0	covsumrhe	covsumrhe	SUMMIT	10	-1	0.09562	0.00267
EUR_300k	0.1	1.0	covsumrhe	covsumrhe	SUMMIT	11	-1	0.09819	0.0039
EUR_300k	0.1	1.0	covsumrhe	covsumrhe	SUMMIT	12	-1	0.10552	0.00207
EUR_300k	0.1	1.0	covsumrhe	covsumrhe	SUMMIT	13	-1	0.10248	0.00312
EUR_300k	0.1	1.0	covsumrhe	covsumrhe	SUMMIT	14	-1	0.10022	0.00295
EUR_300k	0.1	1.0	covsumrhe	covsumrhe	SUMMIT	15	-1	0.10582	0.00458
EUR_300k	0.1	1.0	covsumrhe	covsumrhe	SUMMIT	16	-1	0.09771	0.00356
EUR_300k	0.1	1.0	covsumrhe	covsumrhe	SUMMIT	17	-1	0.10117	0.00196
EUR_300k	0.1	1.0	covsumrhe	covsumrhe	SUMMIT	18	-1	0.10065	0.00265
EUR_300k	0.1	1.0	covsumrhe	covsumrhe	SUMMIT	19	-1	0.09195	0.00207
EUR_300k	0.1	1.0	covsumrhe	covsumrhe	SUMMIT	20	-1	0.09765	0.00297
EUR_300k	0.1	1.0	covsumrhe	covsumrhe	SUMMIT	21	-1	0.10001	0.00291
EUR_300k	0.1	1.0	covsumrhe	covsumrhe	SUMMIT	22	-1	0.10353	0.00294
EUR_300k	0.1	1.0	covsumrhe	covsumrhe	SUMMIT	23	-1	0.09676	0.00316
EUR_300k	0.1	1.0	covsumrhe	covsumrhe	SUMMIT	24	-1	0.10093	0.00269
EUR_300k	0.1	1.0	covsumrhe	covsumrhe	SUMMIT	25	-1	0.09856	0.00246
EUR_300k	0.1	1.0	covsumrhe	covsumrhe	SUMMIT	26	-1	0.09999	0.00274
EUR_300k	0.1	1.0	covsumrhe	covsumrhe	SUMMIT	27	-1	0.10479	0.00235
EUR_300k	0.1	1.0	covsumrhe	covsumrhe	SUMMIT	28	-1	0.09734	0.00213
EUR_300k	0.1	1.0	covsumrhe	covsumrhe	SUMMIT	29	-1	0.09572	0.00211
EUR_300k	0.1	1.0	covsumrhe	covsumrhe	SUMMIT	30	-1	0.09707	0.00315
EUR_300k	0.1	1.0	covsumrhe	covsumrhe	SUMMIT	31	-1	0.09726	0.0028
EUR_300k	0.1	1.0	covsumrhe	covsumrhe	SUMMIT	32	-1	0.097	0.00327
EUR_300k	0.1	1.0	covsumrhe	covsumrhe	SUMMIT	33	-1	0.1037	0.00177
EUR_300k	0.1	1.0	covsumrhe	covsumrhe	SUMMIT	34	-1	0.10105	0.00222
EUR_300k	0.1	1.0	covsumrhe	covsumrhe	SUMMIT	35	-1	0.09733	0.00253
EUR_300k	0.1	1.0	covsumrhe	covsumrhe	SUMMIT	36	-1	0.09813	0.0028
EUR_300k	0.1	1.0	covsumrhe	covsumrhe	SUMMIT	37	-1	0.10891	0.00482
EUR_300k	0.1	1.0	covsumrhe	covsumrhe	SUMMIT	38	-1	0.09789	0.00187
EUR_300k	0.1	1.0	covsumrhe	covsumrhe	SUMMIT	39	-1	0.09919	0.00264
EUR_300k	0.1	1.0	covsumrhe	covsumrhe	SUMMIT	40	-1	0.10161	0.00329
EUR_300k	0.1	1.0	covsumrhe	covsumrhe	SUMMIT	41	-1	0.10165	0.00242
EUR_300k	0.1	1.0	covsumrhe	covsumrhe	SUMMIT	42	-1	0.09675	0.00268
EUR_300k	0.1	1.0	covsumrhe	covsumrhe	SUMMIT	43	-1	0.09939	0.00206
EUR_300k	0.1	1.0	covsumrhe	covsumrhe	SUMMIT	44	-1	0.09639	0.00226
EUR_300k	0.1	1.0	covsumrhe	covsumrhe	SUMMIT	45	-1	0.10022	0.00304
EUR_300k	0.1	1.0	covsumrhe	covsumrhe	SUMMIT	46	-1	0.09634	0.00278
EUR_300k	0.1	1.0	covsumrhe	covsumrhe	SUMMIT	47	-1	0.10305	0.00313
EUR_300k	0.1	1.0	covsumrhe	covsumrhe	SUMMIT	48	-1	0.10069	0.00293
EUR_300k	0.1	1.0	covsumrhe	covsumrhe	SUMMIT	49	-1	0.09981	0.00322
EUR_300k	0.1	1.0	covsumrhe	covsumrhe	SUMMIT	50	-1	0.09622	0.00291
EUR_300k	0.1	1.0	covsumrhe	covsumrhe	SUMMIT	51	-1	0.09961	0.00272
EUR_300k	0.1	1.0	covsumrhe	covsumrhe	SUMMIT	52	-1	0.10636	0.00384
EUR_300k	0.1	1.0	covsumrhe	covsumrhe	SUMMIT	53	-1	0.10219	0.00534
EUR_300k	0.1	1.0	covsumrhe	covsumrhe	SUMMIT	54	-1	0.09597	0.00207
EUR_300k	0.1	1.0	covsumrhe	covsumrhe	SUMMIT	55	-1	0.10138	0.00219
EUR_300k	0.1	1.0	covsumrhe	covsumrhe	SUMMIT	56	-1	0.09758	0.00366
EUR_300k	0.1	1.0	covsumrhe	covsumrhe	SUMMIT	57	-1	0.10108	0.00206
EUR_300k	0.1	1.0	covsumrhe	covsumrhe	SUMMIT	58	-1	0.10043	0.00234
EUR_300k	0.1	1.0	covsumrhe	covsumrhe	SUMMIT	59	-1	0.09789	0.0018
EUR_300k	0.1	1.0	covsumrhe	covsumrhe	SUMMIT	60	-1	0.10189	0.00256
EUR_300k	0.1	1.0	covsumrhe	covsumrhe	SUMMIT	61	-1	0.09935	0.003
EUR_300k	0.1	1.0	covsumrhe	covsumrhe	SUMMIT	62	-1	0.09657	0.00224
EUR_300k	0.1	1.0	covsumrhe	covsumrhe	SUMMIT	63	-1	0.09769	0.00267
EUR_300k	0.1	1.0	covsumrhe	covsumrhe	SUMMIT	64	-1	0.10101	0.00274
EUR_300k	0.1	1.0	covsumrhe	covsumrhe	SUMMIT	65	-1	0.10065	0.00191
EUR_300k	0.1	1.0	covsumrhe	covsumrhe	SUMMIT	66	-1	0.1052	0.00364
EUR_300k	0.1	1.0	covsumrhe	covsumrhe	SUMMIT	67	-1	0.10561	0.00273
EUR_300k	0.1	1.0	covsumrhe	covsumrhe	SUMMIT	68	-1	0.10042	0.00229
EUR_300k	0.1	1.0	covsumrhe	covsumrhe	SUMMIT	69	-1	0.09684	0.00335
EUR_300k	0.1	1.0	covsumrhe	covsumrhe	SUMMIT	70	-1	0.10459	0.00252
EUR_300k	0.1	1.0	covsumrhe	covsumrhe	SUMMIT	71	-1	0.10123	0.00381
EUR_300k	0.1	1.0	covsumrhe	covsumrhe	SUMMIT	72	-1	0.10447	0.00216
EUR_300k	0.1	1.0	covsumrhe	covsumrhe	SUMMIT	73	-1	0.09976	0.0026
EUR_300k	0.1	1.0	covsumrhe	covsumrhe	SUMMIT	74	-1	0.10154	0.00278
EUR_300k	0.1	1.0	covsumrhe	covsumrhe	SUMMIT	75	-1	0.0987	0.00294
EUR_300k	0.1	1.0	covsumrhe	covsumrhe	SUMMIT	76	-1	0.09428	0.00247
EUR_300k	0.1	1.0	covsumrhe	covsumrhe	SUMMIT	77	-1	0.09417	0.00323
EUR_300k	0.1	1.0	covsumrhe	covsumrhe	SUMMIT	78	-1	0.09765	0.00271
EUR_300k	0.1	1.0	covsumrhe	covsumrhe	SUMMIT	79	-1	0.10039	0.00284
EUR_300k	0.1	1.0	covsumrhe	covsumrhe	SUMMIT	80	-1	0.09777	0.00285
EUR_300k	0.1	1.0	covsumrhe	covsumrhe	SUMMIT	81	-1	0.09748	0.00171
EUR_300k	0.1	1.0	covsumrhe	covsumrhe	SUMMIT	82	-1	0.10255	0.00273
EUR_300k	0.1	1.0	covsumrhe	covsumrhe	SUMMIT	83	-1	0.09822	0.00259
EUR_300k	0.1	1.0	covsumrhe	covsumrhe	SUMMIT	84	-1	0.09617	0.0029
EUR_300k	0.1	1.0	covsumrhe	covsumrhe	SUMMIT	85	-1	0.09935	0.00325
EUR_300k	0.1	1.0	covsumrhe	covsumrhe	SUMMIT	86	-1	0.10461	0.00313
EUR_300k	0.1	1.0	covsumrhe	covsumrhe	SUMMIT	87	-1	0.10378	0.00268
EUR_300k	0.1	1.0	covsumrhe	covsumrhe	SUMMIT	88	-1	0.10184	0.00281
EUR_300k	0.1	1.0	covsumrhe	covsumrhe	SUMMIT	89	-1	0.10061	0.00288
EUR_300k	0.1	1.0	covsumrhe	covsumrhe	SUMMIT	90	-1	0.10406	0.00327
EUR_300k	0.1	1.0	covsumrhe	covsumrhe	SUMMIT	91	-1	0.10111	0.00262
EUR_300k	0.1	1.0	covsumrhe	covsumrhe	SUMMIT	92	-1	0.10353	0.00324
EUR_300k	0.1	1.0	covsumrhe	covsumrhe	SUMMIT	93	-1	0.1019	0.0031
EUR_300k	0.1	1.0	covsumrhe	covsumrhe	SUMMIT	94	-1	0.10619	0.0043
EUR_300k	0.1	1.0	covsumrhe	covsumrhe	SUMMIT	95	-1	0.09716	0.0029
EUR_300k	0.1	1.0	covsumrhe	covsumrhe	SUMMIT	96	-1	0.09828	0.00206
EUR_300k	0.1	1.0	covsumrhe	covsumrhe	SUMMIT	97	-1	0.10815	0.00285
EUR_300k	0.1	1.0	covsumrhe	covsumrhe	SUMMIT	98	-1	0.09669	0.00217
EUR_300k	0.1	1.0	covsumrhe	covsumrhe	SUMMIT	99	-1	0.09381	0.00255
EUR_300k	0.1	1.0	covldsc	covldsc	cov-LDSC	0	20000	0.1047	0.0054
EUR_300k	0.1	1.0	covldsc	covldsc	cov-LDSC	1	20000	0.1011	0.0052
EUR_300k	0.1	1.0	covldsc	covldsc	cov-LDSC	2	20000	0.1084	0.0052
EUR_300k	0.1	1.0	covldsc	covldsc	cov-LDSC	3	20000	0.0898	0.0044
EUR_300k	0.1	1.0	covldsc	covldsc	cov-LDSC	4	20000	0.0986	0.0046
EUR_300k	0.1	1.0	covldsc	covldsc	cov-LDSC	5	20000	0.1094	0.0048
EUR_300k	0.1	1.0	covldsc	covldsc	cov-LDSC	6	20000	0.0984	0.0049
EUR_300k	0.1	1.0	covldsc	covldsc	cov-LDSC	7	20000	0.107	0.0049
EUR_300k	0.1	1.0	covldsc	covldsc	cov-LDSC	8	20000	0.111	0.0054
EUR_300k	0.1	1.0	covldsc	covldsc	cov-LDSC	9	20000	0.1036	0.0052
EUR_300k	0.1	1.0	covldsc	covldsc	cov-LDSC	10	20000	0.0926	0.0046
EUR_300k	0.1	1.0	covldsc	covldsc	cov-LDSC	11	20000	0.0906	0.0052
EUR_300k	0.1	1.0	covldsc	covldsc	cov-LDSC	12	20000	0.1047	0.0047
EUR_300k	0.1	1.0	covldsc	covldsc	cov-LDSC	13	20000	0.1097	0.0052
EUR_300k	0.1	1.0	covldsc	covldsc	cov-LDSC	14	20000	0.0972	0.005
EUR_300k	0.1	1.0	covldsc	covldsc	cov-LDSC	15	20000	0.1002	0.0056
EUR_300k	0.1	1.0	covldsc	covldsc	cov-LDSC	16	20000	0.1027	0.005
EUR_300k	0.1	1.0	covldsc	covldsc	cov-LDSC	17	20000	0.1059	0.0056
EUR_300k	0.1	1.0	covldsc	covldsc	cov-LDSC	18	20000	0.0972	0.0052
EUR_300k	0.1	1.0	covldsc	covldsc	cov-LDSC	19	20000	0.0857	0.0053
EUR_300k	0.1	1.0	covldsc	covldsc	cov-LDSC	20	20000	0.0976	0.0052
EUR_300k	0.1	1.0	covldsc	covldsc	cov-LDSC	21	20000	0.1007	0.0052
EUR_300k	0.1	1.0	covldsc	covldsc	cov-LDSC	22	20000	0.1088	0.005
EUR_300k	0.1	1.0	covldsc	covldsc	cov-LDSC	23	20000	0.1003	0.0051
EUR_300k	0.1	1.0	covldsc	covldsc	cov-LDSC	24	20000	0.1032	0.0063
EUR_300k	0.1	1.0	covldsc	covldsc	cov-LDSC	25	20000	0.0927	0.0044
EUR_300k	0.1	1.0	covldsc	covldsc	cov-LDSC	26	20000	0.1061	0.0051
EUR_300k	0.1	1.0	covldsc	covldsc	cov-LDSC	27	20000	0.1111	0.0051
EUR_300k	0.1	1.0	covldsc	covldsc	cov-LDSC	28	20000	0.0984	0.0047
EUR_300k	0.1	1.0	covldsc	covldsc	cov-LDSC	29	20000	0.091	0.0054
EUR_300k	0.1	1.0	covldsc	covldsc	cov-LDSC	30	20000	0.0922	0.005
EUR_300k	0.1	1.0	covldsc	covldsc	cov-LDSC	31	20000	0.0972	0.0051
EUR_300k	0.1	1.0	covldsc	covldsc	cov-LDSC	32	20000	0.0988	0.0054
EUR_300k	0.1	1.0	covldsc	covldsc	cov-LDSC	33	20000	0.1137	0.0048
EUR_300k	0.1	1.0	covldsc	covldsc	cov-LDSC	34	20000	0.0996	0.005
EUR_300k	0.1	1.0	covldsc	covldsc	cov-LDSC	35	20000	0.0893	0.005
EUR_300k	0.1	1.0	covldsc	covldsc	cov-LDSC	36	20000	0.1026	0.0046
EUR_300k	0.1	1.0	covldsc	covldsc	cov-LDSC	37	20000	0.1008	0.006
EUR_300k	0.1	1.0	covldsc	covldsc	cov-LDSC	38	20000	0.0974	0.0052
EUR_300k	0.1	1.0	covldsc	covldsc	cov-LDSC	39	20000	0.0956	0.0053
EUR_300k	0.1	1.0	covldsc	covldsc	cov-LDSC	40	20000	0.1041	0.0053
EUR_300k	0.1	1.0	covldsc	covldsc	cov-LDSC	41	20000	0.0996	0.0058
EUR_300k	0.1	1.0	covldsc	covldsc	cov-LDSC	42	20000	0.0991	0.0054
EUR_300k	0.1	1.0	covldsc	covldsc	cov-LDSC	43	20000	0.0933	0.005
EUR_300k	0.1	1.0	covldsc	covldsc	cov-LDSC	44	20000	0.1011	0.0048
EUR_300k	0.1	1.0	covldsc	covldsc	cov-LDSC	45	20000	0.1008	0.0048
EUR_300k	0.1	1.0	covldsc	covldsc	cov-LDSC	46	20000	0.0965	0.0054
EUR_300k	0.1	1.0	covldsc	covldsc	cov-LDSC	47	20000	0.1049	0.005
EUR_300k	0.1	1.0	covldsc	covldsc	cov-LDSC	48	20000	0.0996	0.0044
EUR_300k	0.1	1.0	covldsc	covldsc	cov-LDSC	49	20000	0.1033	0.005
EUR_300k	0.1	1.0	covldsc	covldsc	cov-LDSC	50	20000	0.0945	0.0048
EUR_300k	0.1	1.0	covldsc	covldsc	cov-LDSC	51	20000	0.0997	0.0051
EUR_300k	0.1	1.0	covldsc	covldsc	cov-LDSC	52	20000	0.1077	0.0049
EUR_300k	0.1	1.0	covldsc	covldsc	cov-LDSC	53	20000	0.1023	0.0056
EUR_300k	0.1	1.0	covldsc	covldsc	cov-LDSC	54	20000	0.094	0.0049
EUR_300k	0.1	1.0	covldsc	covldsc	cov-LDSC	55	20000	0.1037	0.0051
EUR_300k	0.1	1.0	covldsc	covldsc	cov-LDSC	56	20000	0.0885	0.0054
EUR_300k	0.1	1.0	covldsc	covldsc	cov-LDSC	57	20000	0.1011	0.0049
EUR_300k	0.1	1.0	covldsc	covldsc	cov-LDSC	58	20000	0.1002	0.0045
EUR_300k	0.1	1.0	covldsc	covldsc	cov-LDSC	59	20000	0.0978	0.005
EUR_300k	0.1	1.0	covldsc	covldsc	cov-LDSC	60	20000	0.0963	0.0051
EUR_300k	0.1	1.0	covldsc	covldsc	cov-LDSC	61	20000	0.104	0.0053
EUR_300k	0.1	1.0	covldsc	covldsc	cov-LDSC	62	20000	0.0989	0.0047
EUR_300k	0.1	1.0	covldsc	covldsc	cov-LDSC	63	20000	0.1014	0.0049
EUR_300k	0.1	1.0	covldsc	covldsc	cov-LDSC	64	20000	0.0988	0.0051
EUR_300k	0.1	1.0	covldsc	covldsc	cov-LDSC	65	20000	0.0992	0.005
EUR_300k	0.1	1.0	covldsc	covldsc	cov-LDSC	66	20000	0.1018	0.0051
EUR_300k	0.1	1.0	covldsc	covldsc	cov-LDSC	67	20000	0.1026	0.005
EUR_300k	0.1	1.0	covldsc	covldsc	cov-LDSC	68	20000	0.1025	0.0047
EUR_300k	0.1	1.0	covldsc	covldsc	cov-LDSC	69	20000	0.0923	0.0047
EUR_300k	0.1	1.0	covldsc	covldsc	cov-LDSC	70	20000	0.1055	0.0052
EUR_300k	0.1	1.0	covldsc	covldsc	cov-LDSC	71	20000	0.1034	0.0053
EUR_300k	0.1	1.0	covldsc	covldsc	cov-LDSC	72	20000	0.1121	0.0049
EUR_300k	0.1	1.0	covldsc	covldsc	cov-LDSC	73	20000	0.1056	0.0052
EUR_300k	0.1	1.0	covldsc	covldsc	cov-LDSC	74	20000	0.1001	0.0053
EUR_300k	0.1	1.0	covldsc	covldsc	cov-LDSC	75	20000	0.0946	0.0052
EUR_300k	0.1	1.0	covldsc	covldsc	cov-LDSC	76	20000	0.083	0.005
EUR_300k	0.1	1.0	covldsc	covldsc	cov-LDSC	77	20000	0.0973	0.0052
EUR_300k	0.1	1.0	covldsc	covldsc	cov-LDSC	78	20000	0.095	0.0047
EUR_300k	0.1	1.0	covldsc	covldsc	cov-LDSC	79	20000	0.1035	0.0046
EUR_300k	0.1	1.0	covldsc	covldsc	cov-LDSC	80	20000	0.0951	0.0052
EUR_300k	0.1	1.0	covldsc	covldsc	cov-LDSC	81	20000	0.1035	0.0044
EUR_300k	0.1	1.0	covldsc	covldsc	cov-LDSC	82	20000	0.1062	0.0049
EUR_300k	0.1	1.0	covldsc	covldsc	cov-LDSC	83	20000	0.0963	0.0049
EUR_300k	0.1	1.0	covldsc	covldsc	cov-LDSC	84	20000	0.0897	0.0048
EUR_300k	0.1	1.0	covldsc	covldsc	cov-LDSC	85	20000	0.1048	0.0052
EUR_300k	0.1	1.0	covldsc	covldsc	cov-LDSC	86	20000	0.1069	0.0053
EUR_300k	0.1	1.0	covldsc	covldsc	cov-LDSC	87	20000	0.1102	0.0052
EUR_300k	0.1	1.0	covldsc	covldsc	cov-LDSC	88	20000	0.1033	0.0049
EUR_300k	0.1	1.0	covldsc	covldsc	cov-LDSC	89	20000	0.1007	0.0052
EUR_300k	0.1	1.0	covldsc	covldsc	cov-LDSC	90	20000	0.1034	0.0051
EUR_300k	0.1	1.0	covldsc	covldsc	cov-LDSC	91	20000	0.1037	0.0048
EUR_300k	0.1	1.0	covldsc	covldsc	cov-LDSC	92	20000	0.1039	0.0051
EUR_300k	0.1	1.0	covldsc	covldsc	cov-LDSC	93	20000	0.0979	0.0056
EUR_300k	0.1	1.0	covldsc	covldsc	cov-LDSC	94	20000	0.1025	0.0048
EUR_300k	0.1	1.0	covldsc	covldsc	cov-LDSC	95	20000	0.0962	0.0049
EUR_300k	0.1	1.0	covldsc	covldsc	cov-LDSC	96	20000	0.1049	0.0049
EUR_300k	0.1	1.0	covldsc	covldsc	cov-LDSC	97	20000	0.1123	0.0052
EUR_300k	0.1	1.0	covldsc	covldsc	cov-LDSC	98	20000	0.0911	0.0049
EUR_300k	0.1	1.0	covldsc	covldsc	cov-LDSC	99	20000	0.0938	0.0044
EUR_300k	0.1	1.0	ldsc	ldsc_50000	LDSC	0	50000	0.1046	0.0053
EUR_300k	0.1	1.0	ldsc	ldsc_50000	LDSC	1	50000	0.1002	0.0052
EUR_300k	0.1	1.0	ldsc	ldsc_50000	LDSC	2	50000	0.1083	0.0052
EUR_300k	0.1	1.0	ldsc	ldsc_50000	LDSC	3	50000	0.0902	0.0044
EUR_300k	0.1	1.0	ldsc	ldsc_50000	LDSC	4	50000	0.0977	0.0046
EUR_300k	0.1	1.0	ldsc	ldsc_50000	LDSC	5	50000	0.1097	0.0048
EUR_300k	0.1	1.0	ldsc	ldsc_50000	LDSC	6	50000	0.0985	0.0048
EUR_300k	0.1	1.0	ldsc	ldsc_50000	LDSC	7	50000	0.1068	0.005
EUR_300k	0.1	1.0	ldsc	ldsc_50000	LDSC	8	50000	0.1118	0.0054
EUR_300k	0.1	1.0	ldsc	ldsc_50000	LDSC	9	50000	0.1031	0.0052
EUR_300k	0.1	1.0	ldsc	ldsc_50000	LDSC	10	50000	0.0928	0.0047
EUR_300k	0.1	1.0	ldsc	ldsc_50000	LDSC	11	50000	0.091	0.0052
EUR_300k	0.1	1.0	ldsc	ldsc_50000	LDSC	12	50000	0.1043	0.0047
EUR_300k	0.1	1.0	ldsc	ldsc_50000	LDSC	13	50000	0.109	0.0053
EUR_300k	0.1	1.0	ldsc	ldsc_50000	LDSC	14	50000	0.0983	0.005
EUR_300k	0.1	1.0	ldsc	ldsc_50000	LDSC	15	50000	0.0997	0.0056
EUR_300k	0.1	1.0	ldsc	ldsc_50000	LDSC	16	50000	0.1037	0.005
EUR_300k	0.1	1.0	ldsc	ldsc_50000	LDSC	17	50000	0.1064	0.0055
EUR_300k	0.1	1.0	ldsc	ldsc_50000	LDSC	18	50000	0.0967	0.0051
EUR_300k	0.1	1.0	ldsc	ldsc_50000	LDSC	19	50000	0.0864	0.0054
EUR_300k	0.1	1.0	ldsc	ldsc_50000	LDSC	20	50000	0.098	0.0051
EUR_300k	0.1	1.0	ldsc	ldsc_50000	LDSC	21	50000	0.1008	0.0052
EUR_300k	0.1	1.0	ldsc	ldsc_50000	LDSC	22	50000	0.1092	0.005
EUR_300k	0.1	1.0	ldsc	ldsc_50000	LDSC	23	50000	0.1	0.0051
EUR_300k	0.1	1.0	ldsc	ldsc_50000	LDSC	24	50000	0.1028	0.0064
EUR_300k	0.1	1.0	ldsc	ldsc_50000	LDSC	25	50000	0.0929	0.0044
EUR_300k	0.1	1.0	ldsc	ldsc_50000	LDSC	26	50000	0.1053	0.005
EUR_300k	0.1	1.0	ldsc	ldsc_50000	LDSC	27	50000	0.1113	0.0051
EUR_300k	0.1	1.0	ldsc	ldsc_50000	LDSC	28	50000	0.0991	0.0047
EUR_300k	0.1	1.0	ldsc	ldsc_50000	LDSC	29	50000	0.0907	0.0054
EUR_300k	0.1	1.0	ldsc	ldsc_50000	LDSC	30	50000	0.0923	0.005
EUR_300k	0.1	1.0	ldsc	ldsc_50000	LDSC	31	50000	0.098	0.0052
EUR_300k	0.1	1.0	ldsc	ldsc_50000	LDSC	32	50000	0.0997	0.0054
EUR_300k	0.1	1.0	ldsc	ldsc_50000	LDSC	33	50000	0.1163	0.0051
EUR_300k	0.1	1.0	ldsc	ldsc_50000	LDSC	34	50000	0.0989	0.005
EUR_300k	0.1	1.0	ldsc	ldsc_50000	LDSC	35	50000	0.0888	0.005
EUR_300k	0.1	1.0	ldsc	ldsc_50000	LDSC	36	50000	0.1033	0.0045
EUR_300k	0.1	1.0	ldsc	ldsc_50000	LDSC	37	50000	0.1014	0.006
EUR_300k	0.1	1.0	ldsc	ldsc_50000	LDSC	38	50000	0.0988	0.0052
EUR_300k	0.1	1.0	ldsc	ldsc_50000	LDSC	39	50000	0.0954	0.0054
EUR_300k	0.1	1.0	ldsc	ldsc_50000	LDSC	40	50000	0.1056	0.0055
EUR_300k	0.1	1.0	ldsc	ldsc_50000	LDSC	41	50000	0.105	0.0067
EUR_300k	0.1	1.0	ldsc	ldsc_50000	LDSC	42	50000	0.0991	0.0054
EUR_300k	0.1	1.0	ldsc	ldsc_50000	LDSC	43	50000	0.094	0.005
EUR_300k	0.1	1.0	ldsc	ldsc_50000	LDSC	44	50000	0.1011	0.0048
EUR_300k	0.1	1.0	ldsc	ldsc_50000	LDSC	45	50000	0.1005	0.0049
EUR_300k	0.1	1.0	ldsc	ldsc_50000	LDSC	46	50000	0.0971	0.0054
EUR_300k	0.1	1.0	ldsc	ldsc_50000	LDSC	47	50000	0.1048	0.0051
EUR_300k	0.1	1.0	ldsc	ldsc_50000	LDSC	48	50000	0.0987	0.0044
EUR_300k	0.1	1.0	ldsc	ldsc_50000	LDSC	49	50000	0.1032	0.005
EUR_300k	0.1	1.0	ldsc	ldsc_50000	LDSC	50	50000	0.095	0.0048
EUR_300k	0.1	1.0	ldsc	ldsc_50000	LDSC	51	50000	0.1012	0.005
EUR_300k	0.1	1.0	ldsc	ldsc_50000	LDSC	52	50000	0.1085	0.0049
EUR_300k	0.1	1.0	ldsc	ldsc_50000	LDSC	53	50000	0.1017	0.0056
EUR_300k	0.1	1.0	ldsc	ldsc_50000	LDSC	54	50000	0.094	0.005
EUR_300k	0.1	1.0	ldsc	ldsc_50000	LDSC	55	50000	0.1044	0.0052
EUR_300k	0.1	1.0	ldsc	ldsc_50000	LDSC	56	50000	0.0888	0.0053
EUR_300k	0.1	1.0	ldsc	ldsc_50000	LDSC	57	50000	0.1051	0.0058
EUR_300k	0.1	1.0	ldsc	ldsc_50000	LDSC	58	50000	0.1009	0.0045
EUR_300k	0.1	1.0	ldsc	ldsc_50000	LDSC	59	50000	0.1007	0.005
EUR_300k	0.1	1.0	ldsc	ldsc_50000	LDSC	60	50000	0.096	0.0051
EUR_300k	0.1	1.0	ldsc	ldsc_50000	LDSC	61	50000	0.1039	0.0053
EUR_300k	0.1	1.0	ldsc	ldsc_50000	LDSC	62	50000	0.0979	0.0048
EUR_300k	0.1	1.0	ldsc	ldsc_50000	LDSC	63	50000	0.1039	0.0052
EUR_300k	0.1	1.0	ldsc	ldsc_50000	LDSC	64	50000	0.0991	0.0051
EUR_300k	0.1	1.0	ldsc	ldsc_50000	LDSC	65	50000	0.0986	0.005
EUR_300k	0.1	1.0	ldsc	ldsc_50000	LDSC	66	50000	0.1024	0.0051
EUR_300k	0.1	1.0	ldsc	ldsc_50000	LDSC	67	50000	0.103	0.005
EUR_300k	0.1	1.0	ldsc	ldsc_50000	LDSC	68	50000	0.1023	0.0046
EUR_300k	0.1	1.0	ldsc	ldsc_50000	LDSC	69	50000	0.0926	0.0047
EUR_300k	0.1	1.0	ldsc	ldsc_50000	LDSC	70	50000	0.1059	0.0052
EUR_300k	0.1	1.0	ldsc	ldsc_50000	LDSC	71	50000	0.1038	0.0054
EUR_300k	0.1	1.0	ldsc	ldsc_50000	LDSC	72	50000	0.1115	0.0049
EUR_300k	0.1	1.0	ldsc	ldsc_50000	LDSC	73	50000	0.1103	0.0073
EUR_300k	0.1	1.0	ldsc	ldsc_50000	LDSC	74	50000	0.0996	0.0053
EUR_300k	0.1	1.0	ldsc	ldsc_50000	LDSC	75	50000	0.0943	0.0052
EUR_300k	0.1	1.0	ldsc	ldsc_50000	LDSC	76	50000	0.0829	0.005
EUR_300k	0.1	1.0	ldsc	ldsc_50000	LDSC	77	50000	0.0968	0.0052
EUR_300k	0.1	1.0	ldsc	ldsc_50000	LDSC	78	50000	0.0945	0.0047
EUR_300k	0.1	1.0	ldsc	ldsc_50000	LDSC	79	50000	0.1043	0.0046
EUR_300k	0.1	1.0	ldsc	ldsc_50000	LDSC	80	50000	0.0952	0.0052
EUR_300k	0.1	1.0	ldsc	ldsc_50000	LDSC	81	50000	0.1046	0.0044
EUR_300k	0.1	1.0	ldsc	ldsc_50000	LDSC	82	50000	0.1087	0.0052
EUR_300k	0.1	1.0	ldsc	ldsc_50000	LDSC	83	50000	0.097	0.0049
EUR_300k	0.1	1.0	ldsc	ldsc_50000	LDSC	84	50000	0.0897	0.0048
EUR_300k	0.1	1.0	ldsc	ldsc_50000	LDSC	85	50000	0.1047	0.0052
EUR_300k	0.1	1.0	ldsc	ldsc_50000	LDSC	86	50000	0.1069	0.0053
EUR_300k	0.1	1.0	ldsc	ldsc_50000	LDSC	87	50000	0.1098	0.0052
EUR_300k	0.1	1.0	ldsc	ldsc_50000	LDSC	88	50000	0.1029	0.0049
EUR_300k	0.1	1.0	ldsc	ldsc_50000	LDSC	89	50000	0.1009	0.0052
EUR_300k	0.1	1.0	ldsc	ldsc_50000	LDSC	90	50000	0.1037	0.0051
EUR_300k	0.1	1.0	ldsc	ldsc_50000	LDSC	91	50000	0.1024	0.0048
EUR_300k	0.1	1.0	ldsc	ldsc_50000	LDSC	92	50000	0.1028	0.0051
EUR_300k	0.1	1.0	ldsc	ldsc_50000	LDSC	93	50000	0.0971	0.0055
EUR_300k	0.1	1.0	ldsc	ldsc_50000	LDSC	94	50000	0.1033	0.0048
EUR_300k	0.1	1.0	ldsc	ldsc_50000	LDSC	95	50000	0.0965	0.0049
EUR_300k	0.1	1.0	ldsc	ldsc_50000	LDSC	96	50000	0.1053	0.0048
EUR_300k	0.1	1.0	ldsc	ldsc_50000	LDSC	97	50000	0.1145	0.0057
EUR_300k	0.1	1.0	ldsc	ldsc_50000	LDSC	98	50000	0.0913	0.005
EUR_300k	0.1	1.0	ldsc	ldsc_50000	LDSC	99	50000	0.0949	0.0045
EUR_300k	0.1	0.1	covsumrhe	covsumrhe	SUMMIT	0	-1	0.09572	0.00304
EUR_300k	0.1	0.1	covsumrhe	covsumrhe	SUMMIT	1	-1	0.10039	0.0028
EUR_300k	0.1	0.1	covsumrhe	covsumrhe	SUMMIT	2	-1	0.10222	0.00319
EUR_300k	0.1	0.1	covsumrhe	covsumrhe	SUMMIT	3	-1	0.09875	0.0023
EUR_300k	0.1	0.1	covsumrhe	covsumrhe	SUMMIT	4	-1	0.10038	0.00317
EUR_300k	0.1	0.1	covsumrhe	covsumrhe	SUMMIT	5	-1	0.09974	0.00285
EUR_300k	0.1	0.1	covsumrhe	covsumrhe	SUMMIT	6	-1	0.09323	0.0025
EUR_300k	0.1	0.1	covsumrhe	covsumrhe	SUMMIT	7	-1	0.10225	0.00295
EUR_300k	0.1	0.1	covsumrhe	covsumrhe	SUMMIT	8	-1	0.10118	0.00363
EUR_300k	0.1	0.1	covsumrhe	covsumrhe	SUMMIT	9	-1	0.10408	0.0028
EUR_300k	0.1	0.1	covsumrhe	covsumrhe	SUMMIT	10	-1	0.09949	0.0021
EUR_300k	0.1	0.1	covsumrhe	covsumrhe	SUMMIT	11	-1	0.09959	0.00242
EUR_300k	0.1	0.1	covsumrhe	covsumrhe	SUMMIT	12	-1	0.10135	0.00315
EUR_300k	0.1	0.1	covsumrhe	covsumrhe	SUMMIT	13	-1	0.09906	0.00333
EUR_300k	0.1	0.1	covsumrhe	covsumrhe	SUMMIT	14	-1	0.09926	0.00258
EUR_300k	0.1	0.1	covsumrhe	covsumrhe	SUMMIT	15	-1	0.09999	0.00287
EUR_300k	0.1	0.1	covsumrhe	covsumrhe	SUMMIT	16	-1	0.09925	0.00381
EUR_300k	0.1	0.1	covsumrhe	covsumrhe	SUMMIT	17	-1	0.10195	0.00196
EUR_300k	0.1	0.1	covsumrhe	covsumrhe	SUMMIT	18	-1	0.10339	0.00275
EUR_300k	0.1	0.1	covsumrhe	covsumrhe	SUMMIT	19	-1	0.09767	0.00322
EUR_300k	0.1	0.1	covsumrhe	covsumrhe	SUMMIT	20	-1	0.09842	0.00234
EUR_300k	0.1	0.1	covsumrhe	covsumrhe	SUMMIT	21	-1	0.10128	0.00258
EUR_300k	0.1	0.1	covsumrhe	covsumrhe	SUMMIT	22	-1	0.09544	0.00271
EUR_300k	0.1	0.1	covsumrhe	covsumrhe	SUMMIT	23	-1	0.09749	0.00296
EUR_300k	0.1	0.1	covsumrhe	covsumrhe	SUMMIT	24	-1	0.10196	0.00306
EUR_300k	0.1	0.1	covsumrhe	covsumrhe	SUMMIT	25	-1	0.10036	0.00208
EUR_300k	0.1	0.1	covsumrhe	covsumrhe	SUMMIT	26	-1	0.09942	0.0027
EUR_300k	0.1	0.1	covsumrhe	covsumrhe	SUMMIT	27	-1	0.09789	0.00255
EUR_300k	0.1	0.1	covsumrhe	covsumrhe	SUMMIT	28	-1	0.10238	0.0036
EUR_300k	0.1	0.1	covsumrhe	covsumrhe	SUMMIT	29	-1	0.09724	0.00213
EUR_300k	0.1	0.1	covsumrhe	covsumrhe	SUMMIT	30	-1	0.10327	0.00336
EUR_300k	0.1	0.1	covsumrhe	covsumrhe	SUMMIT	31	-1	0.09763	0.00296
EUR_300k	0.1	0.1	covsumrhe	covsumrhe	SUMMIT	32	-1	0.10071	0.00234
EUR_300k	0.1	0.1	covsumrhe	covsumrhe	SUMMIT	33	-1	0.10489	0.00322
EUR_300k	0.1	0.1	covsumrhe	covsumrhe	SUMMIT	34	-1	0.09927	0.00386
EUR_300k	0.1	0.1	covsumrhe	covsumrhe	SUMMIT	35	-1	0.09524	0.00275
EUR_300k	0.1	0.1	covsumrhe	covsumrhe	SUMMIT	36	-1	0.10111	0.0031
EUR_300k	0.1	0.1	covsumrhe	covsumrhe	SUMMIT	37	-1	0.10256	0.00259
EUR_300k	0.1	0.1	covsumrhe	covsumrhe	SUMMIT	38	-1	0.09862	0.00302
EUR_300k	0.1	0.1	covsumrhe	covsumrhe	SUMMIT	39	-1	0.09837	0.00382
EUR_300k	0.1	0.1	covsumrhe	covsumrhe	SUMMIT	40	-1	0.1037	0.00289
EUR_300k	0.1	0.1	covsumrhe	covsumrhe	SUMMIT	41	-1	0.10083	0.00236
EUR_300k	0.1	0.1	covsumrhe	covsumrhe	SUMMIT	42	-1	0.10175	0.00205
EUR_300k	0.1	0.1	covsumrhe	covsumrhe	SUMMIT	43	-1	0.09553	0.0032
EUR_300k	0.1	0.1	covsumrhe	covsumrhe	SUMMIT	44	-1	0.0979	0.00252
EUR_300k	0.1	0.1	covsumrhe	covsumrhe	SUMMIT	45	-1	0.10003	0.00198
EUR_300k	0.1	0.1	covsumrhe	covsumrhe	SUMMIT	46	-1	0.09861	0.00287
EUR_300k	0.1	0.1	covsumrhe	covsumrhe	SUMMIT	47	-1	0.09914	0.00273
EUR_300k	0.1	0.1	covsumrhe	covsumrhe	SUMMIT	48	-1	0.10147	0.00352
EUR_300k	0.1	0.1	covsumrhe	covsumrhe	SUMMIT	49	-1	0.09749	0.00254
EUR_300k	0.1	0.1	covsumrhe	covsumrhe	SUMMIT	50	-1	0.10148	0.00316
EUR_300k	0.1	0.1	covsumrhe	covsumrhe	SUMMIT	51	-1	0.10195	0.00383
EUR_300k	0.1	0.1	covsumrhe	covsumrhe	SUMMIT	52	-1	0.10001	0.00249
EUR_300k	0.1	0.1	covsumrhe	covsumrhe	SUMMIT	53	-1	0.10002	0.00251
EUR_300k	0.1	0.1	covsumrhe	covsumrhe	SUMMIT	54	-1	0.09695	0.00272
EUR_300k	0.1	0.1	covsumrhe	covsumrhe	SUMMIT	55	-1	0.09951	0.00246
EUR_300k	0.1	0.1	covsumrhe	covsumrhe	SUMMIT	56	-1	0.10002	0.0029
EUR_300k	0.1	0.1	covsumrhe	covsumrhe	SUMMIT	57	-1	0.09727	0.00205
EUR_300k	0.1	0.1	covsumrhe	covsumrhe	SUMMIT	58	-1	0.10337	0.00357
EUR_300k	0.1	0.1	covsumrhe	covsumrhe	SUMMIT	59	-1	0.09857	0.00256
EUR_300k	0.1	0.1	covsumrhe	covsumrhe	SUMMIT	60	-1	0.10336	0.0021
EUR_300k	0.1	0.1	covsumrhe	covsumrhe	SUMMIT	61	-1	0.10466	0.00314
EUR_300k	0.1	0.1	covsumrhe	covsumrhe	SUMMIT	62	-1	0.10069	0.00214
EUR_300k	0.1	0.1	covsumrhe	covsumrhe	SUMMIT	63	-1	0.10286	0.00349
EUR_300k	0.1	0.1	covsumrhe	covsumrhe	SUMMIT	64	-1	0.09875	0.00271
EUR_300k	0.1	0.1	covsumrhe	covsumrhe	SUMMIT	65	-1	0.10097	0.00289
EUR_300k	0.1	0.1	covsumrhe	covsumrhe	SUMMIT	66	-1	0.09921	0.00201
EUR_300k	0.1	0.1	covsumrhe	covsumrhe	SUMMIT	67	-1	0.09695	0.00323
EUR_300k	0.1	0.1	covsumrhe	covsumrhe	SUMMIT	68	-1	0.09908	0.00226
EUR_300k	0.1	0.1	covsumrhe	covsumrhe	SUMMIT	69	-1	0.09993	0.00324
EUR_300k	0.1	0.1	covsumrhe	covsumrhe	SUMMIT	70	-1	0.09904	0.00359
EUR_300k	0.1	0.1	covsumrhe	covsumrhe	SUMMIT	71	-1	0.10323	0.00237
EUR_300k	0.1	0.1	covsumrhe	covsumrhe	SUMMIT	72	-1	0.09534	0.00274
EUR_300k	0.1	0.1	covsumrhe	covsumrhe	SUMMIT	73	-1	0.1022	0.00307
EUR_300k	0.1	0.1	covsumrhe	covsumrhe	SUMMIT	74	-1	0.09696	0.0031
EUR_300k	0.1	0.1	covsumrhe	covsumrhe	SUMMIT	75	-1	0.10597	0.00243
EUR_300k	0.1	0.1	covsumrhe	covsumrhe	SUMMIT	76	-1	0.09502	0.00267
EUR_300k	0.1	0.1	covsumrhe	covsumrhe	SUMMIT	77	-1	0.0967	0.00253
EUR_300k	0.1	0.1	covsumrhe	covsumrhe	SUMMIT	78	-1	0.10106	0.00302
EUR_300k	0.1	0.1	covsumrhe	covsumrhe	SUMMIT	79	-1	0.09908	0.00198
EUR_300k	0.1	0.1	covsumrhe	covsumrhe	SUMMIT	80	-1	0.10233	0.0027
EUR_300k	0.1	0.1	covsumrhe	covsumrhe	SUMMIT	81	-1	0.10029	0.0027
EUR_300k	0.1	0.1	covsumrhe	covsumrhe	SUMMIT	82	-1	0.09907	0.00291
EUR_300k	0.1	0.1	covsumrhe	covsumrhe	SUMMIT	83	-1	0.09807	0.00261
EUR_300k	0.1	0.1	covsumrhe	covsumrhe	SUMMIT	84	-1	0.09834	0.00262
EUR_300k	0.1	0.1	covsumrhe	covsumrhe	SUMMIT	85	-1	0.09928	0.00306
EUR_300k	0.1	0.1	covsumrhe	covsumrhe	SUMMIT	86	-1	0.09755	0.00276
EUR_300k	0.1	0.1	covsumrhe	covsumrhe	SUMMIT	87	-1	0.09915	0.00266
EUR_300k	0.1	0.1	covsumrhe	covsumrhe	SUMMIT	88	-1	0.09633	0.00273
EUR_300k	0.1	0.1	covsumrhe	covsumrhe	SUMMIT	89	-1	0.10288	0.00406
EUR_300k	0.1	0.1	covsumrhe	covsumrhe	SUMMIT	90	-1	0.10168	0.00372
EUR_300k	0.1	0.1	covsumrhe	covsumrhe	SUMMIT	91	-1	0.09765	0.00177
EUR_300k	0.1	0.1	covsumrhe	covsumrhe	SUMMIT	92	-1	0.10183	0.00276
EUR_300k	0.1	0.1	covsumrhe	covsumrhe	SUMMIT	93	-1	0.09514	0.00256
EUR_300k	0.1	0.1	covsumrhe	covsumrhe	SUMMIT	94	-1	0.09634	0.00277
EUR_300k	0.1	0.1	covsumrhe	covsumrhe	SUMMIT	95	-1	0.10877	0.0042
EUR_300k	0.1	0.1	covsumrhe	covsumrhe	SUMMIT	96	-1	0.09447	0.00219
EUR_300k	0.1	0.1	covsumrhe	covsumrhe	SUMMIT	97	-1	0.09686	0.00181
EUR_300k	0.1	0.1	covsumrhe	covsumrhe	SUMMIT	98	-1	0.10066	0.00244
EUR_300k	0.1	0.1	covsumrhe	covsumrhe	SUMMIT	99	-1	0.10032	0.00359
EUR_300k	0.1	0.1	covldsc	covldsc	cov-LDSC	0	20000	0.0949	0.0054
EUR_300k	0.1	0.1	covldsc	covldsc	cov-LDSC	1	20000	0.0921	0.0051
EUR_300k	0.1	0.1	covldsc	covldsc	cov-LDSC	2	20000	0.1005	0.0053
EUR_300k	0.1	0.1	covldsc	covldsc	cov-LDSC	3	20000	0.0987	0.0047
EUR_300k	0.1	0.1	covldsc	covldsc	cov-LDSC	4	20000	0.1021	0.0054
EUR_300k	0.1	0.1	covldsc	covldsc	cov-LDSC	5	20000	0.0991	0.0051
EUR_300k	0.1	0.1	covldsc	covldsc	cov-LDSC	6	20000	0.0935	0.0053
EUR_300k	0.1	0.1	covldsc	covldsc	cov-LDSC	7	20000	0.1	0.0051
EUR_300k	0.1	0.1	covldsc	covldsc	cov-LDSC	8	20000	0.101	0.0053
EUR_300k	0.1	0.1	covldsc	covldsc	cov-LDSC	9	20000	0.1106	0.0052
EUR_300k	0.1	0.1	covldsc	covldsc	cov-LDSC	10	20000	0.1012	0.0051
EUR_300k	0.1	0.1	covldsc	covldsc	cov-LDSC	11	20000	0.0933	0.0049
EUR_300k	0.1	0.1	covldsc	covldsc	cov-LDSC	12	20000	0.0985	0.005
EUR_300k	0.1	0.1	covldsc	covldsc	cov-LDSC	13	20000	0.0996	0.0055
EUR_300k	0.1	0.1	covldsc	covldsc	cov-LDSC	14	20000	0.1034	0.0055
EUR_300k	0.1	0.1	covldsc	covldsc	cov-LDSC	15	20000	0.0994	0.0051
EUR_300k	0.1	0.1	covldsc	covldsc	cov-LDSC	16	20000	0.0974	0.0055
EUR_300k	0.1	0.1	covldsc	covldsc	cov-LDSC	17	20000	0.1063	0.0048
EUR_300k	0.1	0.1	covldsc	covldsc	cov-LDSC	18	20000	0.1028	0.0052
EUR_300k	0.1	0.1	covldsc	covldsc	cov-LDSC	19	20000	0.0944	0.005
EUR_300k	0.1	0.1	covldsc	covldsc	cov-LDSC	20	20000	0.0997	0.0051
EUR_300k	0.1	0.1	covldsc	covldsc	cov-LDSC	21	20000	0.1036	0.005
EUR_300k	0.1	0.1	covldsc	covldsc	cov-LDSC	22	20000	0.086	0.0051
EUR_300k	0.1	0.1	covldsc	covldsc	cov-LDSC	23	20000	0.1009	0.005
EUR_300k	0.1	0.1	covldsc	covldsc	cov-LDSC	24	20000	0.1043	0.0052
EUR_300k	0.1	0.1	covldsc	covldsc	cov-LDSC	25	20000	0.0982	0.0048
EUR_300k	0.1	0.1	covldsc	covldsc	cov-LDSC	26	20000	0.106	0.0055
EUR_300k	0.1	0.1	covldsc	covldsc	cov-LDSC	27	20000	0.0963	0.0051
EUR_300k	0.1	0.1	covldsc	covldsc	cov-LDSC	28	20000	0.0971	0.0051
EUR_300k	0.1	0.1	covldsc	covldsc	cov-LDSC	29	20000	0.0925	0.005
EUR_300k	0.1	0.1	covldsc	covldsc	cov-LDSC	30	20000	0.1031	0.0058
EUR_300k	0.1	0.1	covldsc	covldsc	cov-LDSC	31	20000	0.0959	0.0056
EUR_300k	0.1	0.1	covldsc	covldsc	cov-LDSC	32	20000	0.1037	0.0055
EUR_300k	0.1	0.1	covldsc	covldsc	cov-LDSC	33	20000	0.1052	0.0057
EUR_300k	0.1	0.1	covldsc	covldsc	cov-LDSC	34	20000	0.0957	0.0054
EUR_300k	0.1	0.1	covldsc	covldsc	cov-LDSC	35	20000	0.0919	0.0053
EUR_300k	0.1	0.1	covldsc	covldsc	cov-LDSC	36	20000	0.0943	0.0055
EUR_300k	0.1	0.1	covldsc	covldsc	cov-LDSC	37	20000	0.1066	0.0054
EUR_300k	0.1	0.1	covldsc	covldsc	cov-LDSC	38	20000	0.0992	0.0052
EUR_300k	0.1	0.1	covldsc	covldsc	cov-LDSC	39	20000	0.0981	0.0053
EUR_300k	0.1	0.1	covldsc	covldsc	cov-LDSC	40	20000	0.103	0.0059
EUR_300k	0.1	0.1	covldsc	covldsc	cov-LDSC	41	20000	0.1044	0.0053
EUR_300k	0.1	0.1	covldsc	covldsc	cov-LDSC	42	20000	0.1008	0.0057
EUR_300k	0.1	0.1	covldsc	covldsc	cov-LDSC	43	20000	0.0875	0.0055
EUR_300k	0.1	0.1	covldsc	covldsc	cov-LDSC	44	20000	0.0997	0.006
EUR_300k	0.1	0.1	covldsc	covldsc	cov-LDSC	45	20000	0.1011	0.0052
EUR_300k	0.1	0.1	covldsc	covldsc	cov-LDSC	46	20000	0.1024	0.0052
EUR_300k	0.1	0.1	covldsc	covldsc	cov-LDSC	47	20000	0.1008	0.0057
EUR_300k	0.1	0.1	covldsc	covldsc	cov-LDSC	48	20000	0.1003	0.005
EUR_300k	0.1	0.1	covldsc	covldsc	cov-LDSC	49	20000	0.0956	0.0045
EUR_300k	0.1	0.1	covldsc	covldsc	cov-LDSC	50	20000	0.0982	0.0057
EUR_300k	0.1	0.1	covldsc	covldsc	cov-LDSC	51	20000	0.0955	0.0053
EUR_300k	0.1	0.1	covldsc	covldsc	cov-LDSC	52	20000	0.1023	0.0052
EUR_300k	0.1	0.1	covldsc	covldsc	cov-LDSC	53	20000	0.101	0.0056
EUR_300k	0.1	0.1	covldsc	covldsc	cov-LDSC	54	20000	0.0952	0.0051
EUR_300k	0.1	0.1	covldsc	covldsc	cov-LDSC	55	20000	0.1006	0.0054
EUR_300k	0.1	0.1	covldsc	covldsc	cov-LDSC	56	20000	0.1118	0.0054
EUR_300k	0.1	0.1	covldsc	covldsc	cov-LDSC	57	20000	0.0946	0.0051
EUR_300k	0.1	0.1	covldsc	covldsc	cov-LDSC	58	20000	0.095	0.0051
EUR_300k	0.1	0.1	covldsc	covldsc	cov-LDSC	59	20000	0.0971	0.0053
EUR_300k	0.1	0.1	covldsc	covldsc	cov-LDSC	60	20000	0.1036	0.0054
EUR_300k	0.1	0.1	covldsc	covldsc	cov-LDSC	61	20000	0.1082	0.0051
EUR_300k	0.1	0.1	covldsc	covldsc	cov-LDSC	62	20000	0.0937	0.005
EUR_300k	0.1	0.1	covldsc	covldsc	cov-LDSC	63	20000	0.1072	0.006
EUR_300k	0.1	0.1	covldsc	covldsc	cov-LDSC	64	20000	0.0871	0.0049
EUR_300k	0.1	0.1	covldsc	covldsc	cov-LDSC	65	20000	0.1037	0.0055
EUR_300k	0.1	0.1	covldsc	covldsc	cov-LDSC	66	20000	0.102	0.0051
EUR_300k	0.1	0.1	covldsc	covldsc	cov-LDSC	67	20000	0.1028	0.0052
EUR_300k	0.1	0.1	covldsc	covldsc	cov-LDSC	68	20000	0.098	0.0052
EUR_300k	0.1	0.1	covldsc	covldsc	cov-LDSC	69	20000	0.0959	0.0051
EUR_300k	0.1	0.1	covldsc	covldsc	cov-LDSC	70	20000	0.0998	0.0048
EUR_300k	0.1	0.1	covldsc	covldsc	cov-LDSC	71	20000	0.1008	0.0053
EUR_300k	0.1	0.1	covldsc	covldsc	cov-LDSC	72	20000	0.0905	0.0052
EUR_300k	0.1	0.1	covldsc	covldsc	cov-LDSC	73	20000	0.1021	0.0054
EUR_300k	0.1	0.1	covldsc	covldsc	cov-LDSC	74	20000	0.0929	0.0052
EUR_300k	0.1	0.1	covldsc	covldsc	cov-LDSC	75	20000	0.1028	0.006
EUR_300k	0.1	0.1	covldsc	covldsc	cov-LDSC	76	20000	0.0884	0.0051
EUR_300k	0.1	0.1	covldsc	covldsc	cov-LDSC	77	20000	0.0948	0.0048
EUR_300k	0.1	0.1	covldsc	covldsc	cov-LDSC	78	20000	0.1015	0.005
EUR_300k	0.1	0.1	covldsc	covldsc	cov-LDSC	79	20000	0.0981	0.0054
EUR_300k	0.1	0.1	covldsc	covldsc	cov-LDSC	80	20000	0.107	0.0056
EUR_300k	0.1	0.1	covldsc	covldsc	cov-LDSC	81	20000	0.1001	0.0057
EUR_300k	0.1	0.1	covldsc	covldsc	cov-LDSC	82	20000	0.0957	0.0051
EUR_300k	0.1	0.1	covldsc	covldsc	cov-LDSC	83	20000	0.0959	0.0051
EUR_300k	0.1	0.1	covldsc	covldsc	cov-LDSC	84	20000	0.0924	0.0051
EUR_300k	0.1	0.1	covldsc	covldsc	cov-LDSC	85	20000	0.0972	0.005
EUR_300k	0.1	0.1	covldsc	covldsc	cov-LDSC	86	20000	0.0935	0.0053
EUR_300k	0.1	0.1	covldsc	covldsc	cov-LDSC	87	20000	0.1053	0.0055
EUR_300k	0.1	0.1	covldsc	covldsc	cov-LDSC	88	20000	0.0941	0.0053
EUR_300k	0.1	0.1	covldsc	covldsc	cov-LDSC	89	20000	0.0981	0.0049
EUR_300k	0.1	0.1	covldsc	covldsc	cov-LDSC	90	20000	0.102	0.0058
EUR_300k	0.1	0.1	covldsc	covldsc	cov-LDSC	91	20000	0.0937	0.0049
EUR_300k	0.1	0.1	covldsc	covldsc	cov-LDSC	92	20000	0.1023	0.0056
EUR_300k	0.1	0.1	covldsc	covldsc	cov-LDSC	93	20000	0.0953	0.005
EUR_300k	0.1	0.1	covldsc	covldsc	cov-LDSC	94	20000	0.0956	0.0054
EUR_300k	0.1	0.1	covldsc	covldsc	cov-LDSC	95	20000	0.1043	0.0055
EUR_300k	0.1	0.1	covldsc	covldsc	cov-LDSC	96	20000	0.0935	0.005
EUR_300k	0.1	0.1	covldsc	covldsc	cov-LDSC	97	20000	0.0963	0.0053
EUR_300k	0.1	0.1	covldsc	covldsc	cov-LDSC	98	20000	0.1002	0.0052
EUR_300k	0.1	0.1	covldsc	covldsc	cov-LDSC	99	20000	0.0948	0.0056
EUR_300k	0.1	0.1	ldsc	ldsc_50000	LDSC	0	50000	0.0945	0.0054
EUR_300k	0.1	0.1	ldsc	ldsc_50000	LDSC	1	50000	0.0923	0.005
EUR_300k	0.1	0.1	ldsc	ldsc_50000	LDSC	2	50000	0.1001	0.0054
EUR_300k	0.1	0.1	ldsc	ldsc_50000	LDSC	3	50000	0.0988	0.0047
EUR_300k	0.1	0.1	ldsc	ldsc_50000	LDSC	4	50000	0.1013	0.0053
EUR_300k	0.1	0.1	ldsc	ldsc_50000	LDSC	5	50000	0.1004	0.0054
EUR_300k	0.1	0.1	ldsc	ldsc_50000	LDSC	6	50000	0.0947	0.0052
EUR_300k	0.1	0.1	ldsc	ldsc_50000	LDSC	7	50000	0.1001	0.0051
EUR_300k	0.1	0.1	ldsc	ldsc_50000	LDSC	8	50000	0.1003	0.0053
EUR_300k	0.1	0.1	ldsc	ldsc_50000	LDSC	9	50000	0.1115	0.0051
EUR_300k	0.1	0.1	ldsc	ldsc_50000	LDSC	10	50000	0.1012	0.0051
EUR_300k	0.1	0.1	ldsc	ldsc_50000	LDSC	11	50000	0.0939	0.0049
EUR_300k	0.1	0.1	ldsc	ldsc_50000	LDSC	12	50000	0.099	0.0049
EUR_300k	0.1	0.1	ldsc	ldsc_50000	LDSC	13	50000	0.0988	0.0055
EUR_300k	0.1	0.1	ldsc	ldsc_50000	LDSC	14	50000	0.1044	0.0056
EUR_300k	0.1	0.1	ldsc	ldsc_50000	LDSC	15	50000	0.0985	0.005
EUR_300k	0.1	0.1	ldsc	ldsc_50000	LDSC	16	50000	0.0972	0.0055
EUR_300k	0.1	0.1	ldsc	ldsc_50000	LDSC	17	50000	0.1063	0.0048
EUR_300k	0.1	0.1	ldsc	ldsc_50000	LDSC	18	50000	0.1029	0.0052
EUR_300k	0.1	0.1	ldsc	ldsc_50000	LDSC	19	50000	0.0936	0.0051
EUR_300k	0.1	0.1	ldsc	ldsc_50000	LDSC	20	50000	0.1009	0.0053
EUR_300k	0.1	0.1	ldsc	ldsc_50000	LDSC	21	50000	0.1031	0.0049
EUR_300k	0.1	0.1	ldsc	ldsc_50000	LDSC	22	50000	0.0864	0.0051
EUR_300k	0.1	0.1	ldsc	ldsc_50000	LDSC	23	50000	0.1021	0.005
EUR_300k	0.1	0.1	ldsc	ldsc_50000	LDSC	24	50000	0.1038	0.0052
EUR_300k	0.1	0.1	ldsc	ldsc_50000	LDSC	25	50000	0.0991	0.0048
EUR_300k	0.1	0.1	ldsc	ldsc_50000	LDSC	26	50000	0.107	0.0054
EUR_300k	0.1	0.1	ldsc	ldsc_50000	LDSC	27	50000	0.0965	0.0051
EUR_300k	0.1	0.1	ldsc	ldsc_50000	LDSC	28	50000	0.0972	0.0051
EUR_300k	0.1	0.1	ldsc	ldsc_50000	LDSC	29	50000	0.0934	0.005
EUR_300k	0.1	0.1	ldsc	ldsc_50000	LDSC	30	50000	0.1024	0.0058
EUR_300k	0.1	0.1	ldsc	ldsc_50000	LDSC	31	50000	0.0957	0.0057
EUR_300k	0.1	0.1	ldsc	ldsc_50000	LDSC	32	50000	0.1036	0.0055
EUR_300k	0.1	0.1	ldsc	ldsc_50000	LDSC	33	50000	0.1054	0.0057
EUR_300k	0.1	0.1	ldsc	ldsc_50000	LDSC	34	50000	0.0956	0.0054
EUR_300k	0.1	0.1	ldsc	ldsc_50000	LDSC	35	50000	0.092	0.0053
EUR_300k	0.1	0.1	ldsc	ldsc_50000	LDSC	36	50000	0.094	0.0056
EUR_300k	0.1	0.1	ldsc	ldsc_50000	LDSC	37	50000	0.1064	0.0055
EUR_300k	0.1	0.1	ldsc	ldsc_50000	LDSC	38	50000	0.1007	0.0055
EUR_300k	0.1	0.1	ldsc	ldsc_50000	LDSC	39	50000	0.0977	0.0053
EUR_300k	0.1	0.1	ldsc	ldsc_50000	LDSC	40	50000	0.1025	0.0059
EUR_300k	0.1	0.1	ldsc	ldsc_50000	LDSC	41	50000	0.105	0.0054
EUR_300k	0.1	0.1	ldsc	ldsc_50000	LDSC	42	50000	0.1006	0.0057
EUR_300k	0.1	0.1	ldsc	ldsc_50000	LDSC	43	50000	0.0894	0.0056
EUR_300k	0.1	0.1	ldsc	ldsc_50000	LDSC	44	50000	0.0996	0.006
EUR_300k	0.1	0.1	ldsc	ldsc_50000	LDSC	45	50000	0.1002	0.0052
EUR_300k	0.1	0.1	ldsc	ldsc_50000	LDSC	46	50000	0.108	0.0064
EUR_300k	0.1	0.1	ldsc	ldsc_50000	LDSC	47	50000	0.1013	0.0057
EUR_300k	0.1	0.1	ldsc	ldsc_50000	LDSC	48	50000	0.1002	0.005
EUR_300k	0.1	0.1	ldsc	ldsc_50000	LDSC	49	50000	0.0953	0.0045
EUR_300k	0.1	0.1	ldsc	ldsc_50000	LDSC	50	50000	0.0976	0.0057
EUR_300k	0.1	0.1	ldsc	ldsc_50000	LDSC	51	50000	0.0967	0.0054
EUR_300k	0.1	0.1	ldsc	ldsc_50000	LDSC	52	50000	0.102	0.0053
EUR_300k	0.1	0.1	ldsc	ldsc_50000	LDSC	53	50000	0.101	0.0056
EUR_300k	0.1	0.1	ldsc	ldsc_50000	LDSC	54	50000	0.096	0.0051
EUR_300k	0.1	0.1	ldsc	ldsc_50000	LDSC	55	50000	0.1003	0.0054
EUR_300k	0.1	0.1	ldsc	ldsc_50000	LDSC	56	50000	0.111	0.0054
EUR_300k	0.1	0.1	ldsc	ldsc_50000	LDSC	57	50000	0.0945	0.0052
EUR_300k	0.1	0.1	ldsc	ldsc_50000	LDSC	58	50000	0.0945	0.0052
EUR_300k	0.1	0.1	ldsc	ldsc_50000	LDSC	59	50000	0.0974	0.0053
EUR_300k	0.1	0.1	ldsc	ldsc_50000	LDSC	60	50000	0.1044	0.0054
EUR_300k	0.1	0.1	ldsc	ldsc_50000	LDSC	61	50000	0.1077	0.0051
EUR_300k	0.1	0.1	ldsc	ldsc_50000	LDSC	62	50000	0.0944	0.005
EUR_300k	0.1	0.1	ldsc	ldsc_50000	LDSC	63	50000	0.107	0.006
EUR_300k	0.1	0.1	ldsc	ldsc_50000	LDSC	64	50000	0.0909	0.0062
EUR_300k	0.1	0.1	ldsc	ldsc_50000	LDSC	65	50000	0.1043	0.0056
EUR_300k	0.1	0.1	ldsc	ldsc_50000	LDSC	66	50000	0.1018	0.0052
EUR_300k	0.1	0.1	ldsc	ldsc_50000	LDSC	67	50000	0.1032	0.0052
EUR_300k	0.1	0.1	ldsc	ldsc_50000	LDSC	68	50000	0.098	0.0052
EUR_300k	0.1	0.1	ldsc	ldsc_50000	LDSC	69	50000	0.0975	0.0053
EUR_300k	0.1	0.1	ldsc	ldsc_50000	LDSC	70	50000	0.1001	0.0048
EUR_300k	0.1	0.1	ldsc	ldsc_50000	LDSC	71	50000	0.1019	0.0053
EUR_300k	0.1	0.1	ldsc	ldsc_50000	LDSC	72	50000	0.0897	0.0052
EUR_300k	0.1	0.1	ldsc	ldsc_50000	LDSC	73	50000	0.1024	0.0054
EUR_300k	0.1	0.1	ldsc	ldsc_50000	LDSC	74	50000	0.0948	0.0056
EUR_300k	0.1	0.1	ldsc	ldsc_50000	LDSC	75	50000	0.1022	0.006
EUR_300k	0.1	0.1	ldsc	ldsc_50000	LDSC	76	50000	0.0877	0.0051
EUR_300k	0.1	0.1	ldsc	ldsc_50000	LDSC	77	50000	0.095	0.0048
EUR_300k	0.1	0.1	ldsc	ldsc_50000	LDSC	78	50000	0.1015	0.005
EUR_300k	0.1	0.1	ldsc	ldsc_50000	LDSC	79	50000	0.0989	0.0054
EUR_300k	0.1	0.1	ldsc	ldsc_50000	LDSC	80	50000	0.1069	0.0056
EUR_300k	0.1	0.1	ldsc	ldsc_50000	LDSC	81	50000	0.1007	0.0057
EUR_300k	0.1	0.1	ldsc	ldsc_50000	LDSC	82	50000	0.0948	0.0051
EUR_300k	0.1	0.1	ldsc	ldsc_50000	LDSC	83	50000	0.0956	0.0051
EUR_300k	0.1	0.1	ldsc	ldsc_50000	LDSC	84	50000	0.0929	0.0052
EUR_300k	0.1	0.1	ldsc	ldsc_50000	LDSC	85	50000	0.098	0.0051
EUR_300k	0.1	0.1	ldsc	ldsc_50000	LDSC	86	50000	0.0931	0.0052
EUR_300k	0.1	0.1	ldsc	ldsc_50000	LDSC	87	50000	0.1043	0.0055
EUR_300k	0.1	0.1	ldsc	ldsc_50000	LDSC	88	50000	0.093	0.0052
EUR_300k	0.1	0.1	ldsc	ldsc_50000	LDSC	89	50000	0.0975	0.0049
EUR_300k	0.1	0.1	ldsc	ldsc_50000	LDSC	90	50000	0.1013	0.0059
EUR_300k	0.1	0.1	ldsc	ldsc_50000	LDSC	91	50000	0.0959	0.005
EUR_300k	0.1	0.1	ldsc	ldsc_50000	LDSC	92	50000	0.1086	0.0071
EUR_300k	0.1	0.1	ldsc	ldsc_50000	LDSC	93	50000	0.0954	0.0051
EUR_300k	0.1	0.1	ldsc	ldsc_50000	LDSC	94	50000	0.0953	0.0054
EUR_300k	0.1	0.1	ldsc	ldsc_50000	LDSC	95	50000	0.1038	0.0055
EUR_300k	0.1	0.1	ldsc	ldsc_50000	LDSC	96	50000	0.0949	0.0051
EUR_300k	0.1	0.1	ldsc	ldsc_50000	LDSC	97	50000	0.0969	0.0054
EUR_300k	0.1	0.1	ldsc	ldsc_50000	LDSC	98	50000	0.1005	0.0051
EUR_300k	0.1	0.1	ldsc	ldsc_50000	LDSC	99	50000	0.0938	0.0056
EUR_300k	0.1	0.01	covsumrhe	covsumrhe	SUMMIT	0	-1	0.10168	0.00491
EUR_300k	0.1	0.01	covsumrhe	covsumrhe	SUMMIT	1	-1	0.09172	0.00353
EUR_300k	0.1	0.01	covsumrhe	covsumrhe	SUMMIT	2	-1	0.0956	0.0032
EUR_300k	0.1	0.01	covsumrhe	covsumrhe	SUMMIT	3	-1	0.09809	0.00303
EUR_300k	0.1	0.01	covsumrhe	covsumrhe	SUMMIT	4	-1	0.09847	0.00391
EUR_300k	0.1	0.01	covsumrhe	covsumrhe	SUMMIT	5	-1	0.09204	0.00343
EUR_300k	0.1	0.01	covsumrhe	covsumrhe	SUMMIT	6	-1	0.09591	0.00431
EUR_300k	0.1	0.01	covsumrhe	covsumrhe	SUMMIT	7	-1	0.09785	0.00371
EUR_300k	0.1	0.01	covsumrhe	covsumrhe	SUMMIT	8	-1	0.10246	0.00415
EUR_300k	0.1	0.01	covsumrhe	covsumrhe	SUMMIT	9	-1	0.09602	0.00267
EUR_300k	0.1	0.01	covsumrhe	covsumrhe	SUMMIT	10	-1	0.09497	0.00393
EUR_300k	0.1	0.01	covsumrhe	covsumrhe	SUMMIT	11	-1	0.09936	0.00343
EUR_300k	0.1	0.01	covsumrhe	covsumrhe	SUMMIT	12	-1	0.10185	0.003
EUR_300k	0.1	0.01	covsumrhe	covsumrhe	SUMMIT	13	-1	0.09687	0.00389
EUR_300k	0.1	0.01	covsumrhe	covsumrhe	SUMMIT	14	-1	0.10306	0.00185
EUR_300k	0.1	0.01	covsumrhe	covsumrhe	SUMMIT	15	-1	0.09588	0.00256
EUR_300k	0.1	0.01	covsumrhe	covsumrhe	SUMMIT	16	-1	0.09951	0.0039
EUR_300k	0.1	0.01	covsumrhe	covsumrhe	SUMMIT	17	-1	0.0922	0.00326
EUR_300k	0.1	0.01	covsumrhe	covsumrhe	SUMMIT	18	-1	0.09388	0.00364
EUR_300k	0.1	0.01	covsumrhe	covsumrhe	SUMMIT	19	-1	0.10414	0.00351
EUR_300k	0.1	0.01	covsumrhe	covsumrhe	SUMMIT	20	-1	0.10092	0.00353
EUR_300k	0.1	0.01	covsumrhe	covsumrhe	SUMMIT	21	-1	0.09872	0.00305
EUR_300k	0.1	0.01	covsumrhe	covsumrhe	SUMMIT	22	-1	0.10199	0.00327
EUR_300k	0.1	0.01	covsumrhe	covsumrhe	SUMMIT	23	-1	0.09932	0.00369
EUR_300k	0.1	0.01	covsumrhe	covsumrhe	SUMMIT	24	-1	0.09319	0.00369
EUR_300k	0.1	0.01	covsumrhe	covsumrhe	SUMMIT	25	-1	0.09632	0.00423
EUR_300k	0.1	0.01	covsumrhe	covsumrhe	SUMMIT	26	-1	0.10066	0.00328
EUR_300k	0.1	0.01	covsumrhe	covsumrhe	SUMMIT	27	-1	0.10127	0.00389
EUR_300k	0.1	0.01	covsumrhe	covsumrhe	SUMMIT	28	-1	0.09448	0.00349
EUR_300k	0.1	0.01	covsumrhe	covsumrhe	SUMMIT	29	-1	0.10201	0.00306
EUR_300k	0.1	0.01	covsumrhe	covsumrhe	SUMMIT	30	-1	0.09403	0.00378
EUR_300k	0.1	0.01	covsumrhe	covsumrhe	SUMMIT	31	-1	0.1023	0.00335
EUR_300k	0.1	0.01	covsumrhe	covsumrhe	SUMMIT	32	-1	0.10836	0.0037
EUR_300k	0.1	0.01	covsumrhe	covsumrhe	SUMMIT	33	-1	0.0997	0.00351
EUR_300k	0.1	0.01	covsumrhe	covsumrhe	SUMMIT	34	-1	0.09819	0.00353
EUR_300k	0.1	0.01	covsumrhe	covsumrhe	SUMMIT	35	-1	0.10077	0.00355
EUR_300k	0.1	0.01	covsumrhe	covsumrhe	SUMMIT	36	-1	0.10094	0.00345
EUR_300k	0.1	0.01	covsumrhe	covsumrhe	SUMMIT	37	-1	0.09581	0.004
EUR_300k	0.1	0.01	covsumrhe	covsumrhe	SUMMIT	38	-1	0.09508	0.00369
EUR_300k	0.1	0.01	covsumrhe	covsumrhe	SUMMIT	39	-1	0.09908	0.00391
EUR_300k	0.1	0.01	covsumrhe	covsumrhe	SUMMIT	40	-1	0.10479	0.00465
EUR_300k	0.1	0.01	covsumrhe	covsumrhe	SUMMIT	41	-1	0.10235	0.0035
EUR_300k	0.1	0.01	covsumrhe	covsumrhe	SUMMIT	42	-1	0.09721	0.00328
EUR_300k	0.1	0.01	covsumrhe	covsumrhe	SUMMIT	43	-1	0.10499	0.00571
EUR_300k	0.1	0.01	covsumrhe	covsumrhe	SUMMIT	44	-1	0.09959	0.00387
EUR_300k	0.1	0.01	covsumrhe	covsumrhe	SUMMIT	45	-1	0.1048	0.00482
EUR_300k	0.1	0.01	covsumrhe	covsumrhe	SUMMIT	46	-1	0.10117	0.00399
EUR_300k	0.1	0.01	covsumrhe	covsumrhe	SUMMIT	47	-1	0.09752	0.00343
EUR_300k	0.1	0.01	covsumrhe	covsumrhe	SUMMIT	48	-1	0.0976	0.00298
EUR_300k	0.1	0.01	covsumrhe	covsumrhe	SUMMIT	49	-1	0.09514	0.00283
EUR_300k	0.1	0.01	covsumrhe	covsumrhe	SUMMIT	50	-1	0.101	0.00404
EUR_300k	0.1	0.01	covsumrhe	covsumrhe	SUMMIT	51	-1	0.09635	0.00401
EUR_300k	0.1	0.01	covsumrhe	covsumrhe	SUMMIT	52	-1	0.10242	0.00732
EUR_300k	0.1	0.01	covsumrhe	covsumrhe	SUMMIT	53	-1	0.10567	0.00369
EUR_300k	0.1	0.01	covsumrhe	covsumrhe	SUMMIT	54	-1	0.10358	0.00436
EUR_300k	0.1	0.01	covsumrhe	covsumrhe	SUMMIT	55	-1	0.10262	0.00406
EUR_300k	0.1	0.01	covsumrhe	covsumrhe	SUMMIT	56	-1	0.10593	0.00643
EUR_300k	0.1	0.01	covsumrhe	covsumrhe	SUMMIT	57	-1	0.10032	0.00471
EUR_300k	0.1	0.01	covsumrhe	covsumrhe	SUMMIT	58	-1	0.0924	0.00345
EUR_300k	0.1	0.01	covsumrhe	covsumrhe	SUMMIT	59	-1	0.09299	0.00291
EUR_300k	0.1	0.01	covsumrhe	covsumrhe	SUMMIT	60	-1	0.09978	0.00371
EUR_300k	0.1	0.01	covsumrhe	covsumrhe	SUMMIT	61	-1	0.10276	0.00459
EUR_300k	0.1	0.01	covsumrhe	covsumrhe	SUMMIT	62	-1	0.10126	0.00359
EUR_300k	0.1	0.01	covsumrhe	covsumrhe	SUMMIT	63	-1	0.09516	0.00301
EUR_300k	0.1	0.01	covsumrhe	covsumrhe	SUMMIT	64	-1	0.09851	0.00394
EUR_300k	0.1	0.01	covsumrhe	covsumrhe	SUMMIT	65	-1	0.0963	0.00346
EUR_300k	0.1	0.01	covsumrhe	covsumrhe	SUMMIT	66	-1	0.10526	0.00548
EUR_300k	0.1	0.01	covsumrhe	covsumrhe	SUMMIT	67	-1	0.10048	0.00521
EUR_300k	0.1	0.01	covsumrhe	covsumrhe	SUMMIT	68	-1	0.09576	0.00381
EUR_300k	0.1	0.01	covsumrhe	covsumrhe	SUMMIT	69	-1	0.09702	0.00437
EUR_300k	0.1	0.01	covsumrhe	covsumrhe	SUMMIT	70	-1	0.10434	0.0033
EUR_300k	0.1	0.01	covsumrhe	covsumrhe	SUMMIT	71	-1	0.10228	0.00423
EUR_300k	0.1	0.01	covsumrhe	covsumrhe	SUMMIT	72	-1	0.09914	0.0038
EUR_300k	0.1	0.01	covsumrhe	covsumrhe	SUMMIT	73	-1	0.0966	0.00365
EUR_300k	0.1	0.01	covsumrhe	covsumrhe	SUMMIT	74	-1	0.1013	0.00352
EUR_300k	0.1	0.01	covsumrhe	covsumrhe	SUMMIT	75	-1	0.09994	0.00454
EUR_300k	0.1	0.01	covsumrhe	covsumrhe	SUMMIT	76	-1	0.09437	0.0043
EUR_300k	0.1	0.01	covsumrhe	covsumrhe	SUMMIT	77	-1	0.09664	0.00261
EUR_300k	0.1	0.01	covsumrhe	covsumrhe	SUMMIT	78	-1	0.09598	0.00422
EUR_300k	0.1	0.01	covsumrhe	covsumrhe	SUMMIT	79	-1	0.09868	0.00328
EUR_300k	0.1	0.01	covsumrhe	covsumrhe	SUMMIT	80	-1	0.09933	0.00348
EUR_300k	0.1	0.01	covsumrhe	covsumrhe	SUMMIT	81	-1	0.10338	0.0047
EUR_300k	0.1	0.01	covsumrhe	covsumrhe	SUMMIT	82	-1	0.10124	0.00342
EUR_300k	0.1	0.01	covsumrhe	covsumrhe	SUMMIT	83	-1	0.09534	0.00306
EUR_300k	0.1	0.01	covsumrhe	covsumrhe	SUMMIT	84	-1	0.09838	0.00332
EUR_300k	0.1	0.01	covsumrhe	covsumrhe	SUMMIT	85	-1	0.1098	0.00412
EUR_300k	0.1	0.01	covsumrhe	covsumrhe	SUMMIT	86	-1	0.0974	0.00373
EUR_300k	0.1	0.01	covsumrhe	covsumrhe	SUMMIT	87	-1	0.09679	0.00325
EUR_300k	0.1	0.01	covsumrhe	covsumrhe	SUMMIT	88	-1	0.09437	0.00431
EUR_300k	0.1	0.01	covsumrhe	covsumrhe	SUMMIT	89	-1	0.10754	0.00553
EUR_300k	0.1	0.01	covsumrhe	covsumrhe	SUMMIT	90	-1	0.09464	0.00435
EUR_300k	0.1	0.01	covsumrhe	covsumrhe	SUMMIT	91	-1	0.10378	0.00368
EUR_300k	0.1	0.01	covsumrhe	covsumrhe	SUMMIT	92	-1	0.09678	0.00393
EUR_300k	0.1	0.01	covsumrhe	covsumrhe	SUMMIT	93	-1	0.09903	0.00398
EUR_300k	0.1	0.01	covsumrhe	covsumrhe	SUMMIT	94	-1	0.09963	0.00373
EUR_300k	0.1	0.01	covsumrhe	covsumrhe	SUMMIT	95	-1	0.10866	0.00568
EUR_300k	0.1	0.01	covsumrhe	covsumrhe	SUMMIT	96	-1	0.09672	0.00318
EUR_300k	0.1	0.01	covsumrhe	covsumrhe	SUMMIT	97	-1	0.09846	0.00257
EUR_300k	0.1	0.01	covsumrhe	covsumrhe	SUMMIT	98	-1	0.09283	0.00407
EUR_300k	0.1	0.01	covsumrhe	covsumrhe	SUMMIT	99	-1	0.09371	0.00307
EUR_300k	0.1	0.01	covldsc	covldsc	cov-LDSC	0	20000	0.111	0.0073
EUR_300k	0.1	0.01	covldsc	covldsc	cov-LDSC	1	20000	0.0902	0.0066
EUR_300k	0.1	0.01	covldsc	covldsc	cov-LDSC	2	20000	0.0943	0.0062
EUR_300k	0.1	0.01	covldsc	covldsc	cov-LDSC	3	20000	0.1055	0.0062
EUR_300k	0.1	0.01	covldsc	covldsc	cov-LDSC	4	20000	0.0981	0.0068
EUR_300k	0.1	0.01	covldsc	covldsc	cov-LDSC	5	20000	0.0963	0.0062
EUR_300k	0.1	0.01	covldsc	covldsc	cov-LDSC	6	20000	0.1052	0.0068
EUR_300k	0.1	0.01	covldsc	covldsc	cov-LDSC	7	20000	0.0923	0.0068
EUR_300k	0.1	0.01	covldsc	covldsc	cov-LDSC	8	20000	0.1127	0.0064
EUR_300k	0.1	0.01	covldsc	covldsc	cov-LDSC	9	20000	0.0981	0.0062
EUR_300k	0.1	0.01	covldsc	covldsc	cov-LDSC	10	20000	0.1047	0.0063
EUR_300k	0.1	0.01	covldsc	covldsc	cov-LDSC	11	20000	0.1036	0.0058
EUR_300k	0.1	0.01	covldsc	covldsc	cov-LDSC	12	20000	0.1007	0.0062
EUR_300k	0.1	0.01	covldsc	covldsc	cov-LDSC	13	20000	0.1001	0.006
EUR_300k	0.1	0.01	covldsc	covldsc	cov-LDSC	14	20000	0.111	0.0062
EUR_300k	0.1	0.01	covldsc	covldsc	cov-LDSC	15	20000	0.0977	0.0059
EUR_300k	0.1	0.01	covldsc	covldsc	cov-LDSC	16	20000	0.1032	0.0069
EUR_300k	0.1	0.01	covldsc	covldsc	cov-LDSC	17	20000	0.0952	0.0064
EUR_300k	0.1	0.01	covldsc	covldsc	cov-LDSC	18	20000	0.0972	0.0063
EUR_300k	0.1	0.01	covldsc	covldsc	cov-LDSC	19	20000	0.1077	0.0064
EUR_300k	0.1	0.01	covldsc	covldsc	cov-LDSC	20	20000	0.101	0.0061
EUR_300k	0.1	0.01	covldsc	covldsc	cov-LDSC	21	20000	0.1011	0.0066
EUR_300k	0.1	0.01	covldsc	covldsc	cov-LDSC	22	20000	0.1068	0.0065
EUR_300k	0.1	0.01	covldsc	covldsc	cov-LDSC	23	20000	0.1004	0.0062
EUR_300k	0.1	0.01	covldsc	covldsc	cov-LDSC	24	20000	0.0904	0.0063
EUR_300k	0.1	0.01	covldsc	covldsc	cov-LDSC	25	20000	0.1001	0.0068
EUR_300k	0.1	0.01	covldsc	covldsc	cov-LDSC	26	20000	0.1035	0.0062
EUR_300k	0.1	0.01	covldsc	covldsc	cov-LDSC	27	20000	0.0956	0.0062
EUR_300k	0.1	0.01	covldsc	covldsc	cov-LDSC	28	20000	0.0999	0.0063
EUR_300k	0.1	0.01	covldsc	covldsc	cov-LDSC	29	20000	0.108	0.0067
EUR_300k	0.1	0.01	covldsc	covldsc	cov-LDSC	30	20000	0.0914	0.0054
EUR_300k	0.1	0.01	covldsc	covldsc	cov-LDSC	31	20000	0.1058	0.006
EUR_300k	0.1	0.01	covldsc	covldsc	cov-LDSC	32	20000	0.1244	0.0066
EUR_300k	0.1	0.01	covldsc	covldsc	cov-LDSC	33	20000	0.0954	0.0067
EUR_300k	0.1	0.01	covldsc	covldsc	cov-LDSC	34	20000	0.0961	0.0069
EUR_300k	0.1	0.01	covldsc	covldsc	cov-LDSC	35	20000	0.1084	0.0063
EUR_300k	0.1	0.01	covldsc	covldsc	cov-LDSC	36	20000	0.1019	0.0061
EUR_300k	0.1	0.01	covldsc	covldsc	cov-LDSC	37	20000	0.0933	0.0061
EUR_300k	0.1	0.01	covldsc	covldsc	cov-LDSC	38	20000	0.0982	0.0063
EUR_300k	0.1	0.01	covldsc	covldsc	cov-LDSC	39	20000	0.1019	0.0072
EUR_300k	0.1	0.01	covldsc	covldsc	cov-LDSC	40	20000	0.1035	0.0067
EUR_300k	0.1	0.01	covldsc	covldsc	cov-LDSC	41	20000	0.1046	0.0067
EUR_300k	0.1	0.01	covldsc	covldsc	cov-LDSC	42	20000	0.0991	0.0063
EUR_300k	0.1	0.01	covldsc	covldsc	cov-LDSC	43	20000	0.1079	0.0069
EUR_300k	0.1	0.01	covldsc	covldsc	cov-LDSC	44	20000	0.1002	0.007
EUR_300k	0.1	0.01	covldsc	covldsc	cov-LDSC	45	20000	0.0979	0.0065
EUR_300k	0.1	0.01	covldsc	covldsc	cov-LDSC	46	20000	0.1091	0.0066
EUR_300k	0.1	0.01	covldsc	covldsc	cov-LDSC	47	20000	0.1037	0.0063
EUR_300k	0.1	0.01	covldsc	covldsc	cov-LDSC	48	20000	0.101	0.0066
EUR_300k	0.1	0.01	covldsc	covldsc	cov-LDSC	49	20000	0.0997	0.0065
EUR_300k	0.1	0.01	covldsc	covldsc	cov-LDSC	50	20000	0.1063	0.0066
EUR_300k	0.1	0.01	covldsc	covldsc	cov-LDSC	51	20000	0.0988	0.0065
EUR_300k	0.1	0.01	covldsc	covldsc	cov-LDSC	52	20000	0.0997	0.0063
EUR_300k	0.1	0.01	covldsc	covldsc	cov-LDSC	53	20000	0.1058	0.0069
EUR_300k	0.1	0.01	covldsc	covldsc	cov-LDSC	54	20000	0.1004	0.0072
EUR_300k	0.1	0.01	covldsc	covldsc	cov-LDSC	55	20000	0.1114	0.0069
EUR_300k	0.1	0.01	covldsc	covldsc	cov-LDSC	56	20000	0.1003	0.007
EUR_300k	0.1	0.01	covldsc	covldsc	cov-LDSC	57	20000	0.1107	0.0061
EUR_300k	0.1	0.01	covldsc	covldsc	cov-LDSC	58	20000	0.1012	0.006
EUR_300k	0.1	0.01	covldsc	covldsc	cov-LDSC	59	20000	0.0935	0.0063
EUR_300k	0.1	0.01	covldsc	covldsc	cov-LDSC	60	20000	0.1007	0.0074
EUR_300k	0.1	0.01	covldsc	covldsc	cov-LDSC	61	20000	0.109	0.007
EUR_300k	0.1	0.01	covldsc	covldsc	cov-LDSC	62	20000	0.1108	0.0061
EUR_300k	0.1	0.01	covldsc	covldsc	cov-LDSC	63	20000	0.0958	0.0063
EUR_300k	0.1	0.01	covldsc	covldsc	cov-LDSC	64	20000	0.0947	0.0072
EUR_300k	0.1	0.01	covldsc	covldsc	cov-LDSC	65	20000	0.104	0.0066
EUR_300k	0.1	0.01	covldsc	covldsc	cov-LDSC	66	20000	0.1056	0.0073
EUR_300k	0.1	0.01	covldsc	covldsc	cov-LDSC	67	20000	0.1004	0.0066
EUR_300k	0.1	0.01	covldsc	covldsc	cov-LDSC	68	20000	0.101	0.0066
EUR_300k	0.1	0.01	covldsc	covldsc	cov-LDSC	69	20000	0.0948	0.0066
EUR_300k	0.1	0.01	covldsc	covldsc	cov-LDSC	70	20000	0.1119	0.0061
EUR_300k	0.1	0.01	covldsc	covldsc	cov-LDSC	71	20000	0.0994	0.0069
EUR_300k	0.1	0.01	covldsc	covldsc	cov-LDSC	72	20000	0.1024	0.0063
EUR_300k	0.1	0.01	covldsc	covldsc	cov-LDSC	73	20000	0.0928	0.0059
EUR_300k	0.1	0.01	covldsc	covldsc	cov-LDSC	74	20000	0.1006	0.0063
EUR_300k	0.1	0.01	covldsc	covldsc	cov-LDSC	75	20000	0.1036	0.0057
EUR_300k	0.1	0.01	covldsc	covldsc	cov-LDSC	76	20000	0.0953	0.0067
EUR_300k	0.1	0.01	covldsc	covldsc	cov-LDSC	77	20000	0.1093	0.006
EUR_300k	0.1	0.01	covldsc	covldsc	cov-LDSC	78	20000	0.0919	0.0059
EUR_300k	0.1	0.01	covldsc	covldsc	cov-LDSC	79	20000	0.1096	0.0061
EUR_300k	0.1	0.01	covldsc	covldsc	cov-LDSC	80	20000	0.1029	0.0058
EUR_300k	0.1	0.01	covldsc	covldsc	cov-LDSC	81	20000	0.1095	0.0075
EUR_300k	0.1	0.01	covldsc	covldsc	cov-LDSC	82	20000	0.1027	0.0065
EUR_300k	0.1	0.01	covldsc	covldsc	cov-LDSC	83	20000	0.1	0.006
EUR_300k	0.1	0.01	covldsc	covldsc	cov-LDSC	84	20000	0.0982	0.0067
EUR_300k	0.1	0.01	covldsc	covldsc	cov-LDSC	85	20000	0.1146	0.0072
EUR_300k	0.1	0.01	covldsc	covldsc	cov-LDSC	86	20000	0.1011	0.0065
EUR_300k	0.1	0.01	covldsc	covldsc	cov-LDSC	87	20000	0.0927	0.0065
EUR_300k	0.1	0.01	covldsc	covldsc	cov-LDSC	88	20000	0.0953	0.0072
EUR_300k	0.1	0.01	covldsc	covldsc	cov-LDSC	89	20000	0.101	0.007
EUR_300k	0.1	0.01	covldsc	covldsc	cov-LDSC	90	20000	0.0862	0.006
EUR_300k	0.1	0.01	covldsc	covldsc	cov-LDSC	91	20000	0.0947	0.0066
EUR_300k	0.1	0.01	covldsc	covldsc	cov-LDSC	92	20000	0.1106	0.0068
EUR_300k	0.1	0.01	covldsc	covldsc	cov-LDSC	93	20000	0.1027	0.0062
EUR_300k	0.1	0.01	covldsc	covldsc	cov-LDSC	94	20000	0.1115	0.0061
EUR_300k	0.1	0.01	covldsc	covldsc	cov-LDSC	95	20000	0.116	0.0074
EUR_300k	0.1	0.01	covldsc	covldsc	cov-LDSC	96	20000	0.1016	0.0066
EUR_300k	0.1	0.01	covldsc	covldsc	cov-LDSC	97	20000	0.0995	0.006
EUR_300k	0.1	0.01	covldsc	covldsc	cov-LDSC	98	20000	0.0936	0.0061
EUR_300k	0.1	0.01	covldsc	covldsc	cov-LDSC	99	20000	0.0942	0.0058
EUR_300k	0.1	0.01	ldsc	ldsc_50000	LDSC	0	50000	0.1114	0.0073
EUR_300k	0.1	0.01	ldsc	ldsc_50000	LDSC	1	50000	0.0904	0.0065
EUR_300k	0.1	0.01	ldsc	ldsc_50000	LDSC	2	50000	0.0937	0.0062
EUR_300k	0.1	0.01	ldsc	ldsc_50000	LDSC	3	50000	0.1068	0.0063
EUR_300k	0.1	0.01	ldsc	ldsc_50000	LDSC	4	50000	0.1015	0.0074
EUR_300k	0.1	0.01	ldsc	ldsc_50000	LDSC	5	50000	0.0964	0.0062
EUR_300k	0.1	0.01	ldsc	ldsc_50000	LDSC	6	50000	0.1065	0.0069
EUR_300k	0.1	0.01	ldsc	ldsc_50000	LDSC	7	50000	0.0914	0.0068
EUR_300k	0.1	0.01	ldsc	ldsc_50000	LDSC	8	50000	0.1129	0.0064
EUR_300k	0.1	0.01	ldsc	ldsc_50000	LDSC	9	50000	0.0977	0.0064
EUR_300k	0.1	0.01	ldsc	ldsc_50000	LDSC	10	50000	0.105	0.0063
EUR_300k	0.1	0.01	ldsc	ldsc_50000	LDSC	11	50000	0.1064	0.0059
EUR_300k	0.1	0.01	ldsc	ldsc_50000	LDSC	12	50000	0.1008	0.0061
EUR_300k	0.1	0.01	ldsc	ldsc_50000	LDSC	13	50000	0.1024	0.0061
EUR_300k	0.1	0.01	ldsc	ldsc_50000	LDSC	14	50000	0.111	0.0062
EUR_300k	0.1	0.01	ldsc	ldsc_50000	LDSC	15	50000	0.0987	0.0059
EUR_300k	0.1	0.01	ldsc	ldsc_50000	LDSC	16	50000	0.1025	0.0069
EUR_300k	0.1	0.01	ldsc	ldsc_50000	LDSC	17	50000	0.0951	0.0064
EUR_300k	0.1	0.01	ldsc	ldsc_50000	LDSC	18	50000	0.0989	0.0065
EUR_300k	0.1	0.01	ldsc	ldsc_50000	LDSC	19	50000	0.1092	0.0064
EUR_300k	0.1	0.01	ldsc	ldsc_50000	LDSC	20	50000	0.1018	0.0062
EUR_300k	0.1	0.01	ldsc	ldsc_50000	LDSC	21	50000	0.1008	0.0067
EUR_300k	0.1	0.01	ldsc	ldsc_50000	LDSC	22	50000	0.1059	0.0065
EUR_300k	0.1	0.01	ldsc	ldsc_50000	LDSC	23	50000	0.0999	0.0062
EUR_300k	0.1	0.01	ldsc	ldsc_50000	LDSC	24	50000	0.0898	0.0063
EUR_300k	0.1	0.01	ldsc	ldsc_50000	LDSC	25	50000	0.0994	0.0067
EUR_300k	0.1	0.01	ldsc	ldsc_50000	LDSC	26	50000	0.1037	0.0062
EUR_300k	0.1	0.01	ldsc	ldsc_50000	LDSC	27	50000	0.0961	0.0061
EUR_300k	0.1	0.01	ldsc	ldsc_50000	LDSC	28	50000	0.0995	0.0064
EUR_300k	0.1	0.01	ldsc	ldsc_50000	LDSC	29	50000	0.1094	0.0067
EUR_300k	0.1	0.01	ldsc	ldsc_50000	LDSC	30	50000	0.0925	0.0055
EUR_300k	0.1	0.01	ldsc	ldsc_50000	LDSC	31	50000	0.1057	0.006
EUR_300k	0.1	0.01	ldsc	ldsc_50000	LDSC	32	50000	0.1246	0.0066
EUR_300k	0.1	0.01	ldsc	ldsc_50000	LDSC	33	50000	0.095	0.0067
EUR_300k	0.1	0.01	ldsc	ldsc_50000	LDSC	34	50000	0.0953	0.0068
EUR_300k	0.1	0.01	ldsc	ldsc_50000	LDSC	35	50000	0.1074	0.0062
EUR_300k	0.1	0.01	ldsc	ldsc_50000	LDSC	36	50000	0.1016	0.006
EUR_300k	0.1	0.01	ldsc	ldsc_50000	LDSC	37	50000	0.0943	0.0062
EUR_300k	0.1	0.01	ldsc	ldsc_50000	LDSC	38	50000	0.0988	0.0062
EUR_300k	0.1	0.01	ldsc	ldsc_50000	LDSC	39	50000	0.1015	0.0072
EUR_300k	0.1	0.01	ldsc	ldsc_50000	LDSC	40	50000	0.1068	0.0069
EUR_300k	0.1	0.01	ldsc	ldsc_50000	LDSC	41	50000	0.1034	0.0065
EUR_300k	0.1	0.01	ldsc	ldsc_50000	LDSC	42	50000	0.0983	0.0063
EUR_300k	0.1	0.01	ldsc	ldsc_50000	LDSC	43	50000	0.107	0.0069
EUR_300k	0.1	0.01	ldsc	ldsc_50000	LDSC	44	50000	0.1001	0.007
EUR_300k	0.1	0.01	ldsc	ldsc_50000	LDSC	45	50000	0.098	0.0066
EUR_300k	0.1	0.01	ldsc	ldsc_50000	LDSC	46	50000	0.1088	0.0066
EUR_300k	0.1	0.01	ldsc	ldsc_50000	LDSC	47	50000	0.1037	0.0063
EUR_300k	0.1	0.01	ldsc	ldsc_50000	LDSC	48	50000	0.1018	0.0067
EUR_300k	0.1	0.01	ldsc	ldsc_50000	LDSC	49	50000	0.1	0.0065
EUR_300k	0.1	0.01	ldsc	ldsc_50000	LDSC	50	50000	0.1064	0.0066
EUR_300k	0.1	0.01	ldsc	ldsc_50000	LDSC	51	50000	0.0991	0.0066
EUR_300k	0.1	0.01	ldsc	ldsc_50000	LDSC	52	50000	0.1	0.0063
EUR_300k	0.1	0.01	ldsc	ldsc_50000	LDSC	53	50000	0.1056	0.007
EUR_300k	0.1	0.01	ldsc	ldsc_50000	LDSC	54	50000	0.101	0.0072
EUR_300k	0.1	0.01	ldsc	ldsc_50000	LDSC	55	50000	0.1159	0.0078
EUR_300k	0.1	0.01	ldsc	ldsc_50000	LDSC	56	50000	0.1008	0.0069
EUR_300k	0.1	0.01	ldsc	ldsc_50000	LDSC	57	50000	0.1112	0.0061
EUR_300k	0.1	0.01	ldsc	ldsc_50000	LDSC	58	50000	0.1014	0.0061
EUR_300k	0.1	0.01	ldsc	ldsc_50000	LDSC	59	50000	0.095	0.0066
EUR_300k	0.1	0.01	ldsc	ldsc_50000	LDSC	60	50000	0.0993	0.0073
EUR_300k	0.1	0.01	ldsc	ldsc_50000	LDSC	61	50000	0.1115	0.0074
EUR_300k	0.1	0.01	ldsc	ldsc_50000	LDSC	62	50000	0.1144	0.0067
EUR_300k	0.1	0.01	ldsc	ldsc_50000	LDSC	63	50000	0.0956	0.0063
EUR_300k	0.1	0.01	ldsc	ldsc_50000	LDSC	64	50000	0.0947	0.0072
EUR_300k	0.1	0.01	ldsc	ldsc_50000	LDSC	65	50000	0.1042	0.0067
EUR_300k	0.1	0.01	ldsc	ldsc_50000	LDSC	66	50000	0.1083	0.0075
EUR_300k	0.1	0.01	ldsc	ldsc_50000	LDSC	67	50000	0.1003	0.0066
EUR_300k	0.1	0.01	ldsc	ldsc_50000	LDSC	68	50000	0.1009	0.0065
EUR_300k	0.1	0.01	ldsc	ldsc_50000	LDSC	69	50000	0.0976	0.0068
EUR_300k	0.1	0.01	ldsc	ldsc_50000	LDSC	70	50000	0.111	0.0061
EUR_300k	0.1	0.01	ldsc	ldsc_50000	LDSC	71	50000	0.0999	0.0069
EUR_300k	0.1	0.01	ldsc	ldsc_50000	LDSC	72	50000	0.103	0.0063
EUR_300k	0.1	0.01	ldsc	ldsc_50000	LDSC	73	50000	0.0928	0.0059
EUR_300k	0.1	0.01	ldsc	ldsc_50000	LDSC	74	50000	0.1004	0.0063
EUR_300k	0.1	0.01	ldsc	ldsc_50000	LDSC	75	50000	0.1029	0.0057
EUR_300k	0.1	0.01	ldsc	ldsc_50000	LDSC	76	50000	0.0961	0.0066
EUR_300k	0.1	0.01	ldsc	ldsc_50000	LDSC	77	50000	0.1088	0.006
EUR_300k	0.1	0.01	ldsc	ldsc_50000	LDSC	78	50000	0.0953	0.0062
EUR_300k	0.1	0.01	ldsc	ldsc_50000	LDSC	79	50000	0.111	0.0062
EUR_300k	0.1	0.01	ldsc	ldsc_50000	LDSC	80	50000	0.1021	0.0058
EUR_300k	0.1	0.01	ldsc	ldsc_50000	LDSC	81	50000	0.1102	0.0075
EUR_300k	0.1	0.01	ldsc	ldsc_50000	LDSC	82	50000	0.102	0.0065
EUR_300k	0.1	0.01	ldsc	ldsc_50000	LDSC	83	50000	0.0997	0.0061
EUR_300k	0.1	0.01	ldsc	ldsc_50000	LDSC	84	50000	0.0976	0.0067
EUR_300k	0.1	0.01	ldsc	ldsc_50000	LDSC	85	50000	0.1149	0.0072
EUR_300k	0.1	0.01	ldsc	ldsc_50000	LDSC	86	50000	0.1013	0.0065
EUR_300k	0.1	0.01	ldsc	ldsc_50000	LDSC	87	50000	0.092	0.0066
EUR_300k	0.1	0.01	ldsc	ldsc_50000	LDSC	88	50000	0.0942	0.0072
EUR_300k	0.1	0.01	ldsc	ldsc_50000	LDSC	89	50000	0.1016	0.007
EUR_300k	0.1	0.01	ldsc	ldsc_50000	LDSC	90	50000	0.0863	0.006
EUR_300k	0.1	0.01	ldsc	ldsc_50000	LDSC	91	50000	0.0942	0.0066
EUR_300k	0.1	0.01	ldsc	ldsc_50000	LDSC	92	50000	0.111	0.0068
EUR_300k	0.1	0.01	ldsc	ldsc_50000	LDSC	93	50000	0.1023	0.0061
EUR_300k	0.1	0.01	ldsc	ldsc_50000	LDSC	94	50000	0.1109	0.0061
EUR_300k	0.1	0.01	ldsc	ldsc_50000	LDSC	95	50000	0.1164	0.0075
EUR_300k	0.1	0.01	ldsc	ldsc_50000	LDSC	96	50000	0.1025	0.0066
EUR_300k	0.1	0.01	ldsc	ldsc_50000	LDSC	97	50000	0.1	0.006
EUR_300k	0.1	0.01	ldsc	ldsc_50000	LDSC	98	50000	0.0928	0.006
EUR_300k	0.1	0.01	ldsc	ldsc_50000	LDSC	99	50000	0.0943	0.0057
EUR_300k	0.25	1.0	covsumrhe	covsumrhe	SUMMIT	0	-1	0.25032	0.0045
EUR_300k	0.25	1.0	covsumrhe	covsumrhe	SUMMIT	1	-1	0.247	0.00509
EUR_300k	0.25	1.0	covsumrhe	covsumrhe	SUMMIT	2	-1	0.25618	0.00578
EUR_300k	0.25	1.0	covsumrhe	covsumrhe	SUMMIT	3	-1	0.24918	0.00576
EUR_300k	0.25	1.0	covsumrhe	covsumrhe	SUMMIT	4	-1	0.26178	0.00845
EUR_300k	0.25	1.0	covsumrhe	covsumrhe	SUMMIT	5	-1	0.25691	0.00547
EUR_300k	0.25	1.0	covsumrhe	covsumrhe	SUMMIT	6	-1	0.242	0.00497
EUR_300k	0.25	1.0	covsumrhe	covsumrhe	SUMMIT	7	-1	0.25293	0.00497
EUR_300k	0.25	1.0	covsumrhe	covsumrhe	SUMMIT	8	-1	0.25912	0.00445
EUR_300k	0.25	1.0	covsumrhe	covsumrhe	SUMMIT	9	-1	0.24877	0.00454
EUR_300k	0.25	1.0	covsumrhe	covsumrhe	SUMMIT	10	-1	0.24389	0.00472
EUR_300k	0.25	1.0	covsumrhe	covsumrhe	SUMMIT	11	-1	0.25076	0.00851
EUR_300k	0.25	1.0	covsumrhe	covsumrhe	SUMMIT	12	-1	0.25641	0.00437
EUR_300k	0.25	1.0	covsumrhe	covsumrhe	SUMMIT	13	-1	0.25101	0.00653
EUR_300k	0.25	1.0	covsumrhe	covsumrhe	SUMMIT	14	-1	0.25116	0.00501
EUR_300k	0.25	1.0	covsumrhe	covsumrhe	SUMMIT	15	-1	0.26421	0.01135
EUR_300k	0.25	1.0	covsumrhe	covsumrhe	SUMMIT	16	-1	0.2446	0.0054
EUR_300k	0.25	1.0	covsumrhe	covsumrhe	SUMMIT	17	-1	0.25488	0.00417
EUR_300k	0.25	1.0	covsumrhe	covsumrhe	SUMMIT	18	-1	0.24845	0.00586
EUR_300k	0.25	1.0	covsumrhe	covsumrhe	SUMMIT	19	-1	0.23862	0.00422
EUR_300k	0.25	1.0	covsumrhe	covsumrhe	SUMMIT	20	-1	0.24593	0.00621
EUR_300k	0.25	1.0	covsumrhe	covsumrhe	SUMMIT	21	-1	0.24936	0.00505
EUR_300k	0.25	1.0	covsumrhe	covsumrhe	SUMMIT	22	-1	0.2569	0.00605
EUR_300k	0.25	1.0	covsumrhe	covsumrhe	SUMMIT	23	-1	0.24584	0.00587
EUR_300k	0.25	1.0	covsumrhe	covsumrhe	SUMMIT	24	-1	0.2526	0.00521
EUR_300k	0.25	1.0	covsumrhe	covsumrhe	SUMMIT	25	-1	0.24865	0.00414
EUR_300k	0.25	1.0	covsumrhe	covsumrhe	SUMMIT	26	-1	0.25472	0.005
EUR_300k	0.25	1.0	covsumrhe	covsumrhe	SUMMIT	27	-1	0.25691	0.00423
EUR_300k	0.25	1.0	covsumrhe	covsumrhe	SUMMIT	28	-1	0.24362	0.004
EUR_300k	0.25	1.0	covsumrhe	covsumrhe	SUMMIT	29	-1	0.24553	0.00394
EUR_300k	0.25	1.0	covsumrhe	covsumrhe	SUMMIT	30	-1	0.24551	0.00505
EUR_300k	0.25	1.0	covsumrhe	covsumrhe	SUMMIT	31	-1	0.24506	0.00507
EUR_300k	0.25	1.0	covsumrhe	covsumrhe	SUMMIT	32	-1	0.24655	0.00657
EUR_300k	0.25	1.0	covsumrhe	covsumrhe	SUMMIT	33	-1	0.2585	0.00411
EUR_300k	0.25	1.0	covsumrhe	covsumrhe	SUMMIT	34	-1	0.25305	0.00442
EUR_300k	0.25	1.0	covsumrhe	covsumrhe	SUMMIT	35	-1	0.2467	0.00488
EUR_300k	0.25	1.0	covsumrhe	covsumrhe	SUMMIT	36	-1	0.24639	0.00521
EUR_300k	0.25	1.0	covsumrhe	covsumrhe	SUMMIT	37	-1	0.26642	0.01067
EUR_300k	0.25	1.0	covsumrhe	covsumrhe	SUMMIT	38	-1	0.24857	0.00385
EUR_300k	0.25	1.0	covsumrhe	covsumrhe	SUMMIT	39	-1	0.2457	0.00483
EUR_300k	0.25	1.0	covsumrhe	covsumrhe	SUMMIT	40	-1	0.25195	0.00576
EUR_300k	0.25	1.0	covsumrhe	covsumrhe	SUMMIT	41	-1	0.25372	0.00386
EUR_300k	0.25	1.0	covsumrhe	covsumrhe	SUMMIT	42	-1	0.24536	0.00546
EUR_300k	0.25	1.0	covsumrhe	covsumrhe	SUMMIT	43	-1	0.24765	0.00402
EUR_300k	0.25	1.0	covsumrhe	covsumrhe	SUMMIT	44	-1	0.24448	0.00416
EUR_300k	0.25	1.0	covsumrhe	covsumrhe	SUMMIT	45	-1	0.24893	0.00507
EUR_300k	0.25	1.0	covsumrhe	covsumrhe	SUMMIT	46	-1	0.24377	0.00488
EUR_300k	0.25	1.0	covsumrhe	covsumrhe	SUMMIT	47	-1	0.25121	0.00546
EUR_300k	0.25	1.0	covsumrhe	covsumrhe	SUMMIT	48	-1	0.2525	0.00572
EUR_300k	0.25	1.0	covsumrhe	covsumrhe	SUMMIT	49	-1	0.25059	0.00645
EUR_300k	0.25	1.0	covsumrhe	covsumrhe	SUMMIT	50	-1	0.24305	0.00459
EUR_300k	0.25	1.0	covsumrhe	covsumrhe	SUMMIT	51	-1	0.24982	0.00523
EUR_300k	0.25	1.0	covsumrhe	covsumrhe	SUMMIT	52	-1	0.2626	0.00743
EUR_300k	0.25	1.0	covsumrhe	covsumrhe	SUMMIT	53	-1	0.25728	0.01075
EUR_300k	0.25	1.0	covsumrhe	covsumrhe	SUMMIT	54	-1	0.24415	0.00399
EUR_300k	0.25	1.0	covsumrhe	covsumrhe	SUMMIT	55	-1	0.25051	0.0046
EUR_300k	0.25	1.0	covsumrhe	covsumrhe	SUMMIT	56	-1	0.24841	0.00676
EUR_300k	0.25	1.0	covsumrhe	covsumrhe	SUMMIT	57	-1	0.2546	0.00409
EUR_300k	0.25	1.0	covsumrhe	covsumrhe	SUMMIT	58	-1	0.24837	0.00475
EUR_300k	0.25	1.0	covsumrhe	covsumrhe	SUMMIT	59	-1	0.24387	0.00337
EUR_300k	0.25	1.0	covsumrhe	covsumrhe	SUMMIT	60	-1	0.25296	0.00484
EUR_300k	0.25	1.0	covsumrhe	covsumrhe	SUMMIT	61	-1	0.24871	0.0056
EUR_300k	0.25	1.0	covsumrhe	covsumrhe	SUMMIT	62	-1	0.24387	0.00472
EUR_300k	0.25	1.0	covsumrhe	covsumrhe	SUMMIT	63	-1	0.24531	0.0059
EUR_300k	0.25	1.0	covsumrhe	covsumrhe	SUMMIT	64	-1	0.24946	0.00593
EUR_300k	0.25	1.0	covsumrhe	covsumrhe	SUMMIT	65	-1	0.25118	0.00352
EUR_300k	0.25	1.0	covsumrhe	covsumrhe	SUMMIT	66	-1	0.25781	0.00591
EUR_300k	0.25	1.0	covsumrhe	covsumrhe	SUMMIT	67	-1	0.25468	0.00455
EUR_300k	0.25	1.0	covsumrhe	covsumrhe	SUMMIT	68	-1	0.24863	0.00434
EUR_300k	0.25	1.0	covsumrhe	covsumrhe	SUMMIT	69	-1	0.24549	0.00558
EUR_300k	0.25	1.0	covsumrhe	covsumrhe	SUMMIT	70	-1	0.25464	0.00574
EUR_300k	0.25	1.0	covsumrhe	covsumrhe	SUMMIT	71	-1	0.25289	0.00739
EUR_300k	0.25	1.0	covsumrhe	covsumrhe	SUMMIT	72	-1	0.25498	0.00346
EUR_300k	0.25	1.0	covsumrhe	covsumrhe	SUMMIT	73	-1	0.24815	0.00473
EUR_300k	0.25	1.0	covsumrhe	covsumrhe	SUMMIT	74	-1	0.25048	0.00497
EUR_300k	0.25	1.0	covsumrhe	covsumrhe	SUMMIT	75	-1	0.24387	0.00455
EUR_300k	0.25	1.0	covsumrhe	covsumrhe	SUMMIT	76	-1	0.24087	0.00445
EUR_300k	0.25	1.0	covsumrhe	covsumrhe	SUMMIT	77	-1	0.24285	0.00616
EUR_300k	0.25	1.0	covsumrhe	covsumrhe	SUMMIT	78	-1	0.24456	0.00511
EUR_300k	0.25	1.0	covsumrhe	covsumrhe	SUMMIT	79	-1	0.251	0.00531
EUR_300k	0.25	1.0	covsumrhe	covsumrhe	SUMMIT	80	-1	0.24766	0.00538
EUR_300k	0.25	1.0	covsumrhe	covsumrhe	SUMMIT	81	-1	0.24629	0.00312
EUR_300k	0.25	1.0	covsumrhe	covsumrhe	SUMMIT	82	-1	0.25228	0.00571
EUR_300k	0.25	1.0	covsumrhe	covsumrhe	SUMMIT	83	-1	0.24726	0.0049
EUR_300k	0.25	1.0	covsumrhe	covsumrhe	SUMMIT	84	-1	0.24226	0.00504
EUR_300k	0.25	1.0	covsumrhe	covsumrhe	SUMMIT	85	-1	0.25001	0.00616
EUR_300k	0.25	1.0	covsumrhe	covsumrhe	SUMMIT	86	-1	0.256	0.0053
EUR_300k	0.25	1.0	covsumrhe	covsumrhe	SUMMIT	87	-1	0.25492	0.00492
EUR_300k	0.25	1.0	covsumrhe	covsumrhe	SUMMIT	88	-1	0.25379	0.00559
EUR_300k	0.25	1.0	covsumrhe	covsumrhe	SUMMIT	89	-1	0.25254	0.0046
EUR_300k	0.25	1.0	covsumrhe	covsumrhe	SUMMIT	90	-1	0.25787	0.00691
EUR_300k	0.25	1.0	covsumrhe	covsumrhe	SUMMIT	91	-1	0.24945	0.00444
EUR_300k	0.25	1.0	covsumrhe	covsumrhe	SUMMIT	92	-1	0.25361	0.00635
EUR_300k	0.25	1.0	covsumrhe	covsumrhe	SUMMIT	93	-1	0.25463	0.006
EUR_300k	0.25	1.0	covsumrhe	covsumrhe	SUMMIT	94	-1	0.2637	0.01001
EUR_300k	0.25	1.0	covsumrhe	covsumrhe	SUMMIT	95	-1	0.24353	0.00549
EUR_300k	0.25	1.0	covsumrhe	covsumrhe	SUMMIT	96	-1	0.2493	0.00436
EUR_300k	0.25	1.0	covsumrhe	covsumrhe	SUMMIT	97	-1	0.26125	0.00493
EUR_300k	0.25	1.0	covsumrhe	covsumrhe	SUMMIT	98	-1	0.24568	0.00408
EUR_300k	0.25	1.0	covsumrhe	covsumrhe	SUMMIT	99	-1	0.23761	0.00447
EUR_300k	0.25	1.0	covldsc	covldsc	cov-LDSC	0	20000	0.2545	0.0076
EUR_300k	0.25	1.0	covldsc	covldsc	cov-LDSC	1	20000	0.2505	0.0073
EUR_300k	0.25	1.0	covldsc	covldsc	cov-LDSC	2	20000	0.256	0.0074
EUR_300k	0.25	1.0	covldsc	covldsc	cov-LDSC	3	20000	0.2392	0.0064
EUR_300k	0.25	1.0	covldsc	covldsc	cov-LDSC	4	20000	0.2492	0.0063
EUR_300k	0.25	1.0	covldsc	covldsc	cov-LDSC	5	20000	0.2599	0.0068
EUR_300k	0.25	1.0	covldsc	covldsc	cov-LDSC	6	20000	0.2437	0.0069
EUR_300k	0.25	1.0	covldsc	covldsc	cov-LDSC	7	20000	0.2533	0.0069
EUR_300k	0.25	1.0	covldsc	covldsc	cov-LDSC	8	20000	0.2622	0.0074
EUR_300k	0.25	1.0	covldsc	covldsc	cov-LDSC	9	20000	0.2478	0.0072
EUR_300k	0.25	1.0	covldsc	covldsc	cov-LDSC	10	20000	0.2424	0.0067
EUR_300k	0.25	1.0	covldsc	covldsc	cov-LDSC	11	20000	0.2372	0.0068
EUR_300k	0.25	1.0	covldsc	covldsc	cov-LDSC	12	20000	0.2582	0.0067
EUR_300k	0.25	1.0	covldsc	covldsc	cov-LDSC	13	20000	0.258	0.0072
EUR_300k	0.25	1.0	covldsc	covldsc	cov-LDSC	14	20000	0.247	0.0072
EUR_300k	0.25	1.0	covldsc	covldsc	cov-LDSC	15	20000	0.2529	0.0078
EUR_300k	0.25	1.0	covldsc	covldsc	cov-LDSC	16	20000	0.2483	0.0071
EUR_300k	0.25	1.0	covldsc	covldsc	cov-LDSC	17	20000	0.2527	0.0077
EUR_300k	0.25	1.0	covldsc	covldsc	cov-LDSC	18	20000	0.2459	0.0074
EUR_300k	0.25	1.0	covldsc	covldsc	cov-LDSC	19	20000	0.2326	0.0075
EUR_300k	0.25	1.0	covldsc	covldsc	cov-LDSC	20	20000	0.2461	0.0075
EUR_300k	0.25	1.0	covldsc	covldsc	cov-LDSC	21	20000	0.2472	0.0073
EUR_300k	0.25	1.0	covldsc	covldsc	cov-LDSC	22	20000	0.2568	0.0073
EUR_300k	0.25	1.0	covldsc	covldsc	cov-LDSC	23	20000	0.2484	0.0072
EUR_300k	0.25	1.0	covldsc	covldsc	cov-LDSC	24	20000	0.2569	0.0087
EUR_300k	0.25	1.0	covldsc	covldsc	cov-LDSC	25	20000	0.2409	0.0062
EUR_300k	0.25	1.0	covldsc	covldsc	cov-LDSC	26	20000	0.2577	0.0069
EUR_300k	0.25	1.0	covldsc	covldsc	cov-LDSC	27	20000	0.2655	0.0074
EUR_300k	0.25	1.0	covldsc	covldsc	cov-LDSC	28	20000	0.2483	0.0065
EUR_300k	0.25	1.0	covldsc	covldsc	cov-LDSC	29	20000	0.2386	0.0073
EUR_300k	0.25	1.0	covldsc	covldsc	cov-LDSC	30	20000	0.2403	0.0069
EUR_300k	0.25	1.0	covldsc	covldsc	cov-LDSC	31	20000	0.2546	0.0075
EUR_300k	0.25	1.0	covldsc	covldsc	cov-LDSC	32	20000	0.2447	0.0073
EUR_300k	0.25	1.0	covldsc	covldsc	cov-LDSC	33	20000	0.2668	0.0062
EUR_300k	0.25	1.0	covldsc	covldsc	cov-LDSC	34	20000	0.2503	0.0066
EUR_300k	0.25	1.0	covldsc	covldsc	cov-LDSC	35	20000	0.2337	0.0074
EUR_300k	0.25	1.0	covldsc	covldsc	cov-LDSC	36	20000	0.249	0.0068
EUR_300k	0.25	1.0	covldsc	covldsc	cov-LDSC	37	20000	0.2467	0.0084
EUR_300k	0.25	1.0	covldsc	covldsc	cov-LDSC	38	20000	0.2466	0.0071
EUR_300k	0.25	1.0	covldsc	covldsc	cov-LDSC	39	20000	0.2421	0.0071
EUR_300k	0.25	1.0	covldsc	covldsc	cov-LDSC	40	20000	0.255	0.0074
EUR_300k	0.25	1.0	covldsc	covldsc	cov-LDSC	41	20000	0.252	0.0077
EUR_300k	0.25	1.0	covldsc	covldsc	cov-LDSC	42	20000	0.241	0.0074
EUR_300k	0.25	1.0	covldsc	covldsc	cov-LDSC	43	20000	0.2424	0.0073
EUR_300k	0.25	1.0	covldsc	covldsc	cov-LDSC	44	20000	0.2487	0.0071
EUR_300k	0.25	1.0	covldsc	covldsc	cov-LDSC	45	20000	0.2419	0.0068
EUR_300k	0.25	1.0	covldsc	covldsc	cov-LDSC	46	20000	0.2466	0.0077
EUR_300k	0.25	1.0	covldsc	covldsc	cov-LDSC	47	20000	0.2524	0.0074
EUR_300k	0.25	1.0	covldsc	covldsc	cov-LDSC	48	20000	0.2489	0.0067
EUR_300k	0.25	1.0	covldsc	covldsc	cov-LDSC	49	20000	0.2528	0.007
EUR_300k	0.25	1.0	covldsc	covldsc	cov-LDSC	50	20000	0.241	0.0072
EUR_300k	0.25	1.0	covldsc	covldsc	cov-LDSC	51	20000	0.2499	0.0073
EUR_300k	0.25	1.0	covldsc	covldsc	cov-LDSC	52	20000	0.2574	0.0071
EUR_300k	0.25	1.0	covldsc	covldsc	cov-LDSC	53	20000	0.251	0.0074
EUR_300k	0.25	1.0	covldsc	covldsc	cov-LDSC	54	20000	0.2443	0.0071
EUR_300k	0.25	1.0	covldsc	covldsc	cov-LDSC	55	20000	0.253	0.0069
EUR_300k	0.25	1.0	covldsc	covldsc	cov-LDSC	56	20000	0.2346	0.0072
EUR_300k	0.25	1.0	covldsc	covldsc	cov-LDSC	57	20000	0.2539	0.007
EUR_300k	0.25	1.0	covldsc	covldsc	cov-LDSC	58	20000	0.2491	0.0067
EUR_300k	0.25	1.0	covldsc	covldsc	cov-LDSC	59	20000	0.2459	0.007
EUR_300k	0.25	1.0	covldsc	covldsc	cov-LDSC	60	20000	0.247	0.007
EUR_300k	0.25	1.0	covldsc	covldsc	cov-LDSC	61	20000	0.2533	0.0071
EUR_300k	0.25	1.0	covldsc	covldsc	cov-LDSC	62	20000	0.244	0.0067
EUR_300k	0.25	1.0	covldsc	covldsc	cov-LDSC	63	20000	0.2482	0.0073
EUR_300k	0.25	1.0	covldsc	covldsc	cov-LDSC	64	20000	0.2455	0.007
EUR_300k	0.25	1.0	covldsc	covldsc	cov-LDSC	65	20000	0.2459	0.0069
EUR_300k	0.25	1.0	covldsc	covldsc	cov-LDSC	66	20000	0.2502	0.0071
EUR_300k	0.25	1.0	covldsc	covldsc	cov-LDSC	67	20000	0.2482	0.0067
EUR_300k	0.25	1.0	covldsc	covldsc	cov-LDSC	68	20000	0.2508	0.0068
EUR_300k	0.25	1.0	covldsc	covldsc	cov-LDSC	69	20000	0.2358	0.0061
EUR_300k	0.25	1.0	covldsc	covldsc	cov-LDSC	70	20000	0.2528	0.0072
EUR_300k	0.25	1.0	covldsc	covldsc	cov-LDSC	71	20000	0.2541	0.0078
EUR_300k	0.25	1.0	covldsc	covldsc	cov-LDSC	72	20000	0.2654	0.0074
EUR_300k	0.25	1.0	covldsc	covldsc	cov-LDSC	73	20000	0.2553	0.0076
EUR_300k	0.25	1.0	covldsc	covldsc	cov-LDSC	74	20000	0.2473	0.0073
EUR_300k	0.25	1.0	covldsc	covldsc	cov-LDSC	75	20000	0.2375	0.0073
EUR_300k	0.25	1.0	covldsc	covldsc	cov-LDSC	76	20000	0.2259	0.0072
EUR_300k	0.25	1.0	covldsc	covldsc	cov-LDSC	77	20000	0.2485	0.0075
EUR_300k	0.25	1.0	covldsc	covldsc	cov-LDSC	78	20000	0.2398	0.0069
EUR_300k	0.25	1.0	covldsc	covldsc	cov-LDSC	79	20000	0.2558	0.0064
EUR_300k	0.25	1.0	covldsc	covldsc	cov-LDSC	80	20000	0.2439	0.0072
EUR_300k	0.25	1.0	covldsc	covldsc	cov-LDSC	81	20000	0.2558	0.006
EUR_300k	0.25	1.0	covldsc	covldsc	cov-LDSC	82	20000	0.2561	0.0069
EUR_300k	0.25	1.0	covldsc	covldsc	cov-LDSC	83	20000	0.2363	0.0069
EUR_300k	0.25	1.0	covldsc	covldsc	cov-LDSC	84	20000	0.2346	0.007
EUR_300k	0.25	1.0	covldsc	covldsc	cov-LDSC	85	20000	0.2568	0.0072
EUR_300k	0.25	1.0	covldsc	covldsc	cov-LDSC	86	20000	0.2578	0.0073
EUR_300k	0.25	1.0	covldsc	covldsc	cov-LDSC	87	20000	0.2592	0.0076
EUR_300k	0.25	1.0	covldsc	covldsc	cov-LDSC	88	20000	0.2558	0.0068
EUR_300k	0.25	1.0	covldsc	covldsc	cov-LDSC	89	20000	0.2489	0.0078
EUR_300k	0.25	1.0	covldsc	covldsc	cov-LDSC	90	20000	0.2567	0.0073
EUR_300k	0.25	1.0	covldsc	covldsc	cov-LDSC	91	20000	0.251	0.0068
EUR_300k	0.25	1.0	covldsc	covldsc	cov-LDSC	92	20000	0.2485	0.0069
EUR_300k	0.25	1.0	covldsc	covldsc	cov-LDSC	93	20000	0.2461	0.0076
EUR_300k	0.25	1.0	covldsc	covldsc	cov-LDSC	94	20000	0.2497	0.0065
EUR_300k	0.25	1.0	covldsc	covldsc	cov-LDSC	95	20000	0.2417	0.007
EUR_300k	0.25	1.0	covldsc	covldsc	cov-LDSC	96	20000	0.2566	0.0067
EUR_300k	0.25	1.0	covldsc	covldsc	cov-LDSC	97	20000	0.2635	0.0073
EUR_300k	0.25	1.0	covldsc	covldsc	cov-LDSC	98	20000	0.2348	0.007
EUR_300k	0.25	1.0	covldsc	covldsc	cov-LDSC	99	20000	0.2367	0.0064
EUR_300k	0.25	1.0	ldsc	ldsc_50000	LDSC	0	50000	0.2547	0.0075
EUR_300k	0.25	1.0	ldsc	ldsc_50000	LDSC	1	50000	0.249	0.0073
EUR_300k	0.25	1.0	ldsc	ldsc_50000	LDSC	2	50000	0.2557	0.0075
EUR_300k	0.25	1.0	ldsc	ldsc_50000	LDSC	3	50000	0.24	0.0065
EUR_300k	0.25	1.0	ldsc	ldsc_50000	LDSC	4	50000	0.2481	0.0063
EUR_300k	0.25	1.0	ldsc	ldsc_50000	LDSC	5	50000	0.2609	0.0069
EUR_300k	0.25	1.0	ldsc	ldsc_50000	LDSC	6	50000	0.2444	0.0069
EUR_300k	0.25	1.0	ldsc	ldsc_50000	LDSC	7	50000	0.2528	0.0069
EUR_300k	0.25	1.0	ldsc	ldsc_50000	LDSC	8	50000	0.2632	0.0074
EUR_300k	0.25	1.0	ldsc	ldsc_50000	LDSC	9	50000	0.247	0.0072
EUR_300k	0.25	1.0	ldsc	ldsc_50000	LDSC	10	50000	0.2431	0.0068
EUR_300k	0.25	1.0	ldsc	ldsc_50000	LDSC	11	50000	0.2376	0.0069
EUR_300k	0.25	1.0	ldsc	ldsc_50000	LDSC	12	50000	0.258	0.0067
EUR_300k	0.25	1.0	ldsc	ldsc_50000	LDSC	13	50000	0.2573	0.0073
EUR_300k	0.25	1.0	ldsc	ldsc_50000	LDSC	14	50000	0.2504	0.0072
EUR_300k	0.25	1.0	ldsc	ldsc_50000	LDSC	15	50000	0.2523	0.0079
EUR_300k	0.25	1.0	ldsc	ldsc_50000	LDSC	16	50000	0.2493	0.0071
EUR_300k	0.25	1.0	ldsc	ldsc_50000	LDSC	17	50000	0.2552	0.0076
EUR_300k	0.25	1.0	ldsc	ldsc_50000	LDSC	18	50000	0.2451	0.0074
EUR_300k	0.25	1.0	ldsc	ldsc_50000	LDSC	19	50000	0.2332	0.0077
EUR_300k	0.25	1.0	ldsc	ldsc_50000	LDSC	20	50000	0.2466	0.0074
EUR_300k	0.25	1.0	ldsc	ldsc_50000	LDSC	21	50000	0.2486	0.0075
EUR_300k	0.25	1.0	ldsc	ldsc_50000	LDSC	22	50000	0.2584	0.0072
EUR_300k	0.25	1.0	ldsc	ldsc_50000	LDSC	23	50000	0.2483	0.0073
EUR_300k	0.25	1.0	ldsc	ldsc_50000	LDSC	24	50000	0.2567	0.0089
EUR_300k	0.25	1.0	ldsc	ldsc_50000	LDSC	25	50000	0.241	0.0062
EUR_300k	0.25	1.0	ldsc	ldsc_50000	LDSC	26	50000	0.2564	0.0068
EUR_300k	0.25	1.0	ldsc	ldsc_50000	LDSC	27	50000	0.2659	0.0073
EUR_300k	0.25	1.0	ldsc	ldsc_50000	LDSC	28	50000	0.2505	0.0065
EUR_300k	0.25	1.0	ldsc	ldsc_50000	LDSC	29	50000	0.2378	0.0072
EUR_300k	0.25	1.0	ldsc	ldsc_50000	LDSC	30	50000	0.2401	0.0069
EUR_300k	0.25	1.0	ldsc	ldsc_50000	LDSC	31	50000	0.2564	0.0077
EUR_300k	0.25	1.0	ldsc	ldsc_50000	LDSC	32	50000	0.2471	0.0074
EUR_300k	0.25	1.0	ldsc	ldsc_50000	LDSC	33	50000	0.2704	0.0064
EUR_300k	0.25	1.0	ldsc	ldsc_50000	LDSC	34	50000	0.2495	0.0067
EUR_300k	0.25	1.0	ldsc	ldsc_50000	LDSC	35	50000	0.233	0.0075
EUR_300k	0.25	1.0	ldsc	ldsc_50000	LDSC	36	50000	0.251	0.0068
EUR_300k	0.25	1.0	ldsc	ldsc_50000	LDSC	37	50000	0.2485	0.0084
EUR_300k	0.25	1.0	ldsc	ldsc_50000	LDSC	38	50000	0.2488	0.0072
EUR_300k	0.25	1.0	ldsc	ldsc_50000	LDSC	39	50000	0.2425	0.0073
EUR_300k	0.25	1.0	ldsc	ldsc_50000	LDSC	40	50000	0.2574	0.0077
EUR_300k	0.25	1.0	ldsc	ldsc_50000	LDSC	41	50000	0.2591	0.0089
EUR_300k	0.25	1.0	ldsc	ldsc_50000	LDSC	42	50000	0.2419	0.0075
EUR_300k	0.25	1.0	ldsc	ldsc_50000	LDSC	43	50000	0.244	0.0074
EUR_300k	0.25	1.0	ldsc	ldsc_50000	LDSC	44	50000	0.2491	0.007
EUR_300k	0.25	1.0	ldsc	ldsc_50000	LDSC	45	50000	0.2424	0.007
EUR_300k	0.25	1.0	ldsc	ldsc_50000	LDSC	46	50000	0.2485	0.0078
EUR_300k	0.25	1.0	ldsc	ldsc_50000	LDSC	47	50000	0.2528	0.0075
EUR_300k	0.25	1.0	ldsc	ldsc_50000	LDSC	48	50000	0.2481	0.0067
EUR_300k	0.25	1.0	ldsc	ldsc_50000	LDSC	49	50000	0.2542	0.007
EUR_300k	0.25	1.0	ldsc	ldsc_50000	LDSC	50	50000	0.2419	0.0072
EUR_300k	0.25	1.0	ldsc	ldsc_50000	LDSC	51	50000	0.2525	0.0074
EUR_300k	0.25	1.0	ldsc	ldsc_50000	LDSC	52	50000	0.2593	0.0071
EUR_300k	0.25	1.0	ldsc	ldsc_50000	LDSC	53	50000	0.25	0.0074
EUR_300k	0.25	1.0	ldsc	ldsc_50000	LDSC	54	50000	0.2433	0.0072
EUR_300k	0.25	1.0	ldsc	ldsc_50000	LDSC	55	50000	0.2544	0.0071
EUR_300k	0.25	1.0	ldsc	ldsc_50000	LDSC	56	50000	0.2352	0.0071
EUR_300k	0.25	1.0	ldsc	ldsc_50000	LDSC	57	50000	0.2591	0.0083
EUR_300k	0.25	1.0	ldsc	ldsc_50000	LDSC	58	50000	0.2515	0.0067
EUR_300k	0.25	1.0	ldsc	ldsc_50000	LDSC	59	50000	0.2526	0.0071
EUR_300k	0.25	1.0	ldsc	ldsc_50000	LDSC	60	50000	0.2463	0.0069
EUR_300k	0.25	1.0	ldsc	ldsc_50000	LDSC	61	50000	0.2535	0.0072
EUR_300k	0.25	1.0	ldsc	ldsc_50000	LDSC	62	50000	0.2425	0.0068
EUR_300k	0.25	1.0	ldsc	ldsc_50000	LDSC	63	50000	0.2511	0.0077
EUR_300k	0.25	1.0	ldsc	ldsc_50000	LDSC	64	50000	0.2462	0.007
EUR_300k	0.25	1.0	ldsc	ldsc_50000	LDSC	65	50000	0.2452	0.0069
EUR_300k	0.25	1.0	ldsc	ldsc_50000	LDSC	66	50000	0.2517	0.007
EUR_300k	0.25	1.0	ldsc	ldsc_50000	LDSC	67	50000	0.2495	0.0068
EUR_300k	0.25	1.0	ldsc	ldsc_50000	LDSC	68	50000	0.2506	0.0067
EUR_300k	0.25	1.0	ldsc	ldsc_50000	LDSC	69	50000	0.236	0.0062
EUR_300k	0.25	1.0	ldsc	ldsc_50000	LDSC	70	50000	0.2535	0.0073
EUR_300k	0.25	1.0	ldsc	ldsc_50000	LDSC	71	50000	0.2545	0.008
EUR_300k	0.25	1.0	ldsc	ldsc_50000	LDSC	72	50000	0.2647	0.0074
EUR_300k	0.25	1.0	ldsc	ldsc_50000	LDSC	73	50000	0.2597	0.0097
EUR_300k	0.25	1.0	ldsc	ldsc_50000	LDSC	74	50000	0.2469	0.0074
EUR_300k	0.25	1.0	ldsc	ldsc_50000	LDSC	75	50000	0.2378	0.0073
EUR_300k	0.25	1.0	ldsc	ldsc_50000	LDSC	76	50000	0.2266	0.0072
EUR_300k	0.25	1.0	ldsc	ldsc_50000	LDSC	77	50000	0.2478	0.0075
EUR_300k	0.25	1.0	ldsc	ldsc_50000	LDSC	78	50000	0.2388	0.007
EUR_300k	0.25	1.0	ldsc	ldsc_50000	LDSC	79	50000	0.2583	0.0065
EUR_300k	0.25	1.0	ldsc	ldsc_50000	LDSC	80	50000	0.2442	0.0072
EUR_300k	0.25	1.0	ldsc	ldsc_50000	LDSC	81	50000	0.2583	0.0062
EUR_300k	0.25	1.0	ldsc	ldsc_50000	LDSC	82	50000	0.259	0.0072
EUR_300k	0.25	1.0	ldsc	ldsc_50000	LDSC	83	50000	0.2371	0.0069
EUR_300k	0.25	1.0	ldsc	ldsc_50000	LDSC	84	50000	0.2349	0.007
EUR_300k	0.25	1.0	ldsc	ldsc_50000	LDSC	85	50000	0.2571	0.0073
EUR_300k	0.25	1.0	ldsc	ldsc_50000	LDSC	86	50000	0.2584	0.0073
EUR_300k	0.25	1.0	ldsc	ldsc_50000	LDSC	87	50000	0.2587	0.0076
EUR_300k	0.25	1.0	ldsc	ldsc_50000	LDSC	88	50000	0.255	0.0068
EUR_300k	0.25	1.0	ldsc	ldsc_50000	LDSC	89	50000	0.249	0.0078
EUR_300k	0.25	1.0	ldsc	ldsc_50000	LDSC	90	50000	0.2581	0.0075
EUR_300k	0.25	1.0	ldsc	ldsc_50000	LDSC	91	50000	0.2489	0.0068
EUR_300k	0.25	1.0	ldsc	ldsc_50000	LDSC	92	50000	0.2465	0.007
EUR_300k	0.25	1.0	ldsc	ldsc_50000	LDSC	93	50000	0.2448	0.0075
EUR_300k	0.25	1.0	ldsc	ldsc_50000	LDSC	94	50000	0.2514	0.0065
EUR_300k	0.25	1.0	ldsc	ldsc_50000	LDSC	95	50000	0.2422	0.0071
EUR_300k	0.25	1.0	ldsc	ldsc_50000	LDSC	96	50000	0.257	0.0067
EUR_300k	0.25	1.0	ldsc	ldsc_50000	LDSC	97	50000	0.2662	0.0077
EUR_300k	0.25	1.0	ldsc	ldsc_50000	LDSC	98	50000	0.2362	0.0072
EUR_300k	0.25	1.0	ldsc	ldsc_50000	LDSC	99	50000	0.2396	0.0066
EUR_300k	0.25	0.1	covsumrhe	covsumrhe	SUMMIT	0	-1	0.2403	0.00488
EUR_300k	0.25	0.1	covsumrhe	covsumrhe	SUMMIT	1	-1	0.24391	0.00488
EUR_300k	0.25	0.1	covsumrhe	covsumrhe	SUMMIT	2	-1	0.24765	0.00542
EUR_300k	0.25	0.1	covsumrhe	covsumrhe	SUMMIT	3	-1	0.25094	0.00522
EUR_300k	0.25	0.1	covsumrhe	covsumrhe	SUMMIT	4	-1	0.25137	0.00609
EUR_300k	0.25	0.1	covsumrhe	covsumrhe	SUMMIT	5	-1	0.25167	0.00823
EUR_300k	0.25	0.1	covsumrhe	covsumrhe	SUMMIT	6	-1	0.25278	0.00518
EUR_300k	0.25	0.1	covsumrhe	covsumrhe	SUMMIT	7	-1	0.24678	0.00644
EUR_300k	0.25	0.1	covsumrhe	covsumrhe	SUMMIT	8	-1	0.24426	0.00496
EUR_300k	0.25	0.1	covsumrhe	covsumrhe	SUMMIT	9	-1	0.24941	0.00705
EUR_300k	0.25	0.1	covsumrhe	covsumrhe	SUMMIT	10	-1	0.24969	0.00497
EUR_300k	0.25	0.1	covsumrhe	covsumrhe	SUMMIT	11	-1	0.25325	0.00615
EUR_300k	0.25	0.1	covsumrhe	covsumrhe	SUMMIT	12	-1	0.25283	0.00623
EUR_300k	0.25	0.1	covsumrhe	covsumrhe	SUMMIT	13	-1	0.24415	0.00501
EUR_300k	0.25	0.1	covsumrhe	covsumrhe	SUMMIT	14	-1	0.2476	0.00543
EUR_300k	0.25	0.1	covsumrhe	covsumrhe	SUMMIT	15	-1	0.25007	0.00485
EUR_300k	0.25	0.1	covsumrhe	covsumrhe	SUMMIT	16	-1	0.25639	0.00561
EUR_300k	0.25	0.1	covsumrhe	covsumrhe	SUMMIT	17	-1	0.25599	0.00476
EUR_300k	0.25	0.1	covsumrhe	covsumrhe	SUMMIT	18	-1	0.25046	0.00645
EUR_300k	0.25	0.1	covsumrhe	covsumrhe	SUMMIT	19	-1	0.24688	0.0052
EUR_300k	0.25	0.1	covsumrhe	covsumrhe	SUMMIT	20	-1	0.25232	0.00602
EUR_300k	0.25	0.1	covsumrhe	covsumrhe	SUMMIT	21	-1	0.24532	0.00529
EUR_300k	0.25	0.1	covsumrhe	covsumrhe	SUMMIT	22	-1	0.24745	0.00445
EUR_300k	0.25	0.1	covsumrhe	covsumrhe	SUMMIT	23	-1	0.25377	0.00549
EUR_300k	0.25	0.1	covsumrhe	covsumrhe	SUMMIT	24	-1	0.23858	0.00566
EUR_300k	0.25	0.1	covsumrhe	covsumrhe	SUMMIT	25	-1	0.24793	0.00506
EUR_300k	0.25	0.1	covsumrhe	covsumrhe	SUMMIT	26	-1	0.24869	0.00543
EUR_300k	0.25	0.1	covsumrhe	covsumrhe	SUMMIT	27	-1	0.25156	0.0054
EUR_300k	0.25	0.1	covsumrhe	covsumrhe	SUMMIT	28	-1	0.24333	0.0046
EUR_300k	0.25	0.1	covsumrhe	covsumrhe	SUMMIT	29	-1	0.26203	0.00928
EUR_300k	0.25	0.1	covsumrhe	covsumrhe	SUMMIT	30	-1	0.25724	0.0062
EUR_300k	0.25	0.1	covsumrhe	covsumrhe	SUMMIT	31	-1	0.24879	0.00457
EUR_300k	0.25	0.1	covsumrhe	covsumrhe	SUMMIT	32	-1	0.24336	0.00535
EUR_300k	0.25	0.1	covsumrhe	covsumrhe	SUMMIT	33	-1	0.25865	0.00523
EUR_300k	0.25	0.1	covsumrhe	covsumrhe	SUMMIT	34	-1	0.25164	0.00552
EUR_300k	0.25	0.1	covsumrhe	covsumrhe	SUMMIT	35	-1	0.24668	0.00454
EUR_300k	0.25	0.1	covsumrhe	covsumrhe	SUMMIT	36	-1	0.2446	0.00469
EUR_300k	0.25	0.1	covsumrhe	covsumrhe	SUMMIT	37	-1	0.24175	0.00395
EUR_300k	0.25	0.1	covsumrhe	covsumrhe	SUMMIT	38	-1	0.26231	0.00898
EUR_300k	0.25	0.1	covsumrhe	covsumrhe	SUMMIT	39	-1	0.24748	0.00477
EUR_300k	0.25	0.1	covsumrhe	covsumrhe	SUMMIT	40	-1	0.24773	0.00395
EUR_300k	0.25	0.1	covsumrhe	covsumrhe	SUMMIT	41	-1	0.24363	0.0054
EUR_300k	0.25	0.1	covsumrhe	covsumrhe	SUMMIT	42	-1	0.24995	0.00463
EUR_300k	0.25	0.1	covsumrhe	covsumrhe	SUMMIT	43	-1	0.24316	0.00563
EUR_300k	0.25	0.1	covsumrhe	covsumrhe	SUMMIT	44	-1	0.24615	0.0045
EUR_300k	0.25	0.1	covsumrhe	covsumrhe	SUMMIT	45	-1	0.25334	0.00627
EUR_300k	0.25	0.1	covsumrhe	covsumrhe	SUMMIT	46	-1	0.24281	0.00482
EUR_300k	0.25	0.1	covsumrhe	covsumrhe	SUMMIT	47	-1	0.24299	0.00559
EUR_300k	0.25	0.1	covsumrhe	covsumrhe	SUMMIT	48	-1	0.24762	0.00468
EUR_300k	0.25	0.1	covsumrhe	covsumrhe	SUMMIT	49	-1	0.24818	0.00483
EUR_300k	0.25	0.1	covsumrhe	covsumrhe	SUMMIT	50	-1	0.24523	0.00609
EUR_300k	0.25	0.1	covsumrhe	covsumrhe	SUMMIT	51	-1	0.2504	0.0053
EUR_300k	0.25	0.1	covsumrhe	covsumrhe	SUMMIT	52	-1	0.24228	0.00548
EUR_300k	0.25	0.1	covsumrhe	covsumrhe	SUMMIT	53	-1	0.26004	0.00851
EUR_300k	0.25	0.1	covsumrhe	covsumrhe	SUMMIT	54	-1	0.24554	0.00468
EUR_300k	0.25	0.1	covsumrhe	covsumrhe	SUMMIT	55	-1	0.23746	0.00489
EUR_300k	0.25	0.1	covsumrhe	covsumrhe	SUMMIT	56	-1	0.25064	0.0053
EUR_300k	0.25	0.1	covsumrhe	covsumrhe	SUMMIT	57	-1	0.25071	0.00542
EUR_300k	0.25	0.1	covsumrhe	covsumrhe	SUMMIT	58	-1	0.24844	0.00489
EUR_300k	0.25	0.1	covsumrhe	covsumrhe	SUMMIT	59	-1	0.24802	0.00506
EUR_300k	0.25	0.1	covsumrhe	covsumrhe	SUMMIT	60	-1	0.24432	0.00507
EUR_300k	0.25	0.1	covsumrhe	covsumrhe	SUMMIT	61	-1	0.25332	0.00724
EUR_300k	0.25	0.1	covsumrhe	covsumrhe	SUMMIT	62	-1	0.25018	0.00365
EUR_300k	0.25	0.1	covsumrhe	covsumrhe	SUMMIT	63	-1	0.2647	0.00568
EUR_300k	0.25	0.1	covsumrhe	covsumrhe	SUMMIT	64	-1	0.23888	0.0047
EUR_300k	0.25	0.1	covsumrhe	covsumrhe	SUMMIT	65	-1	0.24739	0.00518
EUR_300k	0.25	0.1	covsumrhe	covsumrhe	SUMMIT	66	-1	0.25098	0.00423
EUR_300k	0.25	0.1	covsumrhe	covsumrhe	SUMMIT	67	-1	0.24101	0.0053
EUR_300k	0.25	0.1	covsumrhe	covsumrhe	SUMMIT	68	-1	0.25378	0.00543
EUR_300k	0.25	0.1	covsumrhe	covsumrhe	SUMMIT	69	-1	0.25352	0.00551
EUR_300k	0.25	0.1	covsumrhe	covsumrhe	SUMMIT	70	-1	0.24827	0.00643
EUR_300k	0.25	0.1	covsumrhe	covsumrhe	SUMMIT	71	-1	0.26731	0.0182
EUR_300k	0.25	0.1	covsumrhe	covsumrhe	SUMMIT	72	-1	0.24659	0.00648
EUR_300k	0.25	0.1	covsumrhe	covsumrhe	SUMMIT	73	-1	0.24966	0.0054
EUR_300k	0.25	0.1	covsumrhe	covsumrhe	SUMMIT	74	-1	0.25426	0.00479
EUR_300k	0.25	0.1	covsumrhe	covsumrhe	SUMMIT	75	-1	0.25856	0.00414
EUR_300k	0.25	0.1	covsumrhe	covsumrhe	SUMMIT	76	-1	0.25761	0.00574
EUR_300k	0.25	0.1	covsumrhe	covsumrhe	SUMMIT	77	-1	0.25121	0.00432
EUR_300k	0.25	0.1	covsumrhe	covsumrhe	SUMMIT	78	-1	0.2512	0.00561
EUR_300k	0.25	0.1	covsumrhe	covsumrhe	SUMMIT	79	-1	0.25296	0.00792
EUR_300k	0.25	0.1	covsumrhe	covsumrhe	SUMMIT	80	-1	0.25138	0.0053
EUR_300k	0.25	0.1	covsumrhe	covsumrhe	SUMMIT	81	-1	0.24655	0.00574
EUR_300k	0.25	0.1	covsumrhe	covsumrhe	SUMMIT	82	-1	0.24703	0.00613
EUR_300k	0.25	0.1	covsumrhe	covsumrhe	SUMMIT	83	-1	0.25136	0.00432
EUR_300k	0.25	0.1	covsumrhe	covsumrhe	SUMMIT	84	-1	0.25666	0.00448
EUR_300k	0.25	0.1	covsumrhe	covsumrhe	SUMMIT	85	-1	0.2436	0.00522
EUR_300k	0.25	0.1	covsumrhe	covsumrhe	SUMMIT	86	-1	0.25056	0.00823
EUR_300k	0.25	0.1	covsumrhe	covsumrhe	SUMMIT	87	-1	0.24995	0.00504
EUR_300k	0.25	0.1	covsumrhe	covsumrhe	SUMMIT	88	-1	0.24382	0.00497
EUR_300k	0.25	0.1	covsumrhe	covsumrhe	SUMMIT	89	-1	0.25267	0.00561
EUR_300k	0.25	0.1	covsumrhe	covsumrhe	SUMMIT	90	-1	0.24161	0.00466
EUR_300k	0.25	0.1	covsumrhe	covsumrhe	SUMMIT	91	-1	0.24757	0.00623
EUR_300k	0.25	0.1	covsumrhe	covsumrhe	SUMMIT	92	-1	0.25186	0.00439
EUR_300k	0.25	0.1	covsumrhe	covsumrhe	SUMMIT	93	-1	0.25284	0.00491
EUR_300k	0.25	0.1	covsumrhe	covsumrhe	SUMMIT	94	-1	0.24829	0.00484
EUR_300k	0.25	0.1	covsumrhe	covsumrhe	SUMMIT	95	-1	0.24824	0.00531
EUR_300k	0.25	0.1	covsumrhe	covsumrhe	SUMMIT	96	-1	0.24983	0.00529
EUR_300k	0.25	0.1	covsumrhe	covsumrhe	SUMMIT	97	-1	0.25866	0.00506
EUR_300k	0.25	0.1	covsumrhe	covsumrhe	SUMMIT	98	-1	0.2446	0.00533
EUR_300k	0.25	0.1	covsumrhe	covsumrhe	SUMMIT	99	-1	0.24939	0.00502
EUR_300k	0.25	0.1	covldsc	covldsc	cov-LDSC	0	20000	0.2389	0.0081
EUR_300k	0.25	0.1	covldsc	covldsc	cov-LDSC	1	20000	0.2414	0.0073
EUR_300k	0.25	0.1	covldsc	covldsc	cov-LDSC	2	20000	0.2381	0.0077
EUR_300k	0.25	0.1	covldsc	covldsc	cov-LDSC	3	20000	0.2449	0.0075
EUR_300k	0.25	0.1	covldsc	covldsc	cov-LDSC	4	20000	0.2378	0.0082
EUR_300k	0.25	0.1	covldsc	covldsc	cov-LDSC	5	20000	0.2466	0.0076
EUR_300k	0.25	0.1	covldsc	covldsc	cov-LDSC	6	20000	0.2545	0.0077
EUR_300k	0.25	0.1	covldsc	covldsc	cov-LDSC	7	20000	0.2465	0.009
EUR_300k	0.25	0.1	covldsc	covldsc	cov-LDSC	8	20000	0.2397	0.0078
EUR_300k	0.25	0.1	covldsc	covldsc	cov-LDSC	9	20000	0.2516	0.008
EUR_300k	0.25	0.1	covldsc	covldsc	cov-LDSC	10	20000	0.2511	0.0084
EUR_300k	0.25	0.1	covldsc	covldsc	cov-LDSC	11	20000	0.2544	0.0076
EUR_300k	0.25	0.1	covldsc	covldsc	cov-LDSC	12	20000	0.2459	0.0077
EUR_300k	0.25	0.1	covldsc	covldsc	cov-LDSC	13	20000	0.2358	0.0077
EUR_300k	0.25	0.1	covldsc	covldsc	cov-LDSC	14	20000	0.2444	0.0075
EUR_300k	0.25	0.1	covldsc	covldsc	cov-LDSC	15	20000	0.2462	0.0082
EUR_300k	0.25	0.1	covldsc	covldsc	cov-LDSC	16	20000	0.2655	0.008
EUR_300k	0.25	0.1	covldsc	covldsc	cov-LDSC	17	20000	0.2546	0.0077
EUR_300k	0.25	0.1	covldsc	covldsc	cov-LDSC	18	20000	0.2346	0.0083
EUR_300k	0.25	0.1	covldsc	covldsc	cov-LDSC	19	20000	0.2484	0.0085
EUR_300k	0.25	0.1	covldsc	covldsc	cov-LDSC	20	20000	0.2486	0.0078
EUR_300k	0.25	0.1	covldsc	covldsc	cov-LDSC	21	20000	0.241	0.0079
EUR_300k	0.25	0.1	covldsc	covldsc	cov-LDSC	22	20000	0.2459	0.0083
EUR_300k	0.25	0.1	covldsc	covldsc	cov-LDSC	23	20000	0.2373	0.0074
EUR_300k	0.25	0.1	covldsc	covldsc	cov-LDSC	24	20000	0.2278	0.0075
EUR_300k	0.25	0.1	covldsc	covldsc	cov-LDSC	25	20000	0.2448	0.0079
EUR_300k	0.25	0.1	covldsc	covldsc	cov-LDSC	26	20000	0.2446	0.0081
EUR_300k	0.25	0.1	covldsc	covldsc	cov-LDSC	27	20000	0.2397	0.008
EUR_300k	0.25	0.1	covldsc	covldsc	cov-LDSC	28	20000	0.2383	0.0074
EUR_300k	0.25	0.1	covldsc	covldsc	cov-LDSC	29	20000	0.258	0.008
EUR_300k	0.25	0.1	covldsc	covldsc	cov-LDSC	30	20000	0.2541	0.0082
EUR_300k	0.25	0.1	covldsc	covldsc	cov-LDSC	31	20000	0.2431	0.0083
EUR_300k	0.25	0.1	covldsc	covldsc	cov-LDSC	32	20000	0.2364	0.0074
EUR_300k	0.25	0.1	covldsc	covldsc	cov-LDSC	33	20000	0.2624	0.0082
EUR_300k	0.25	0.1	covldsc	covldsc	cov-LDSC	34	20000	0.2545	0.0074
EUR_300k	0.25	0.1	covldsc	covldsc	cov-LDSC	35	20000	0.2442	0.0078
EUR_300k	0.25	0.1	covldsc	covldsc	cov-LDSC	36	20000	0.2365	0.0081
EUR_300k	0.25	0.1	covldsc	covldsc	cov-LDSC	37	20000	0.2458	0.0081
EUR_300k	0.25	0.1	covldsc	covldsc	cov-LDSC	38	20000	0.2463	0.008
EUR_300k	0.25	0.1	covldsc	covldsc	cov-LDSC	39	20000	0.2496	0.0074
EUR_300k	0.25	0.1	covldsc	covldsc	cov-LDSC	40	20000	0.2454	0.0081
EUR_300k	0.25	0.1	covldsc	covldsc	cov-LDSC	41	20000	0.242	0.0088
EUR_300k	0.25	0.1	covldsc	covldsc	cov-LDSC	42	20000	0.238	0.008
EUR_300k	0.25	0.1	covldsc	covldsc	cov-LDSC	43	20000	0.237	0.0087
EUR_300k	0.25	0.1	covldsc	covldsc	cov-LDSC	44	20000	0.2402	0.0077
EUR_300k	0.25	0.1	covldsc	covldsc	cov-LDSC	45	20000	0.2584	0.0085
EUR_300k	0.25	0.1	covldsc	covldsc	cov-LDSC	46	20000	0.2373	0.0082
EUR_300k	0.25	0.1	covldsc	covldsc	cov-LDSC	47	20000	0.2347	0.0081
EUR_300k	0.25	0.1	covldsc	covldsc	cov-LDSC	48	20000	0.2633	0.0088
EUR_300k	0.25	0.1	covldsc	covldsc	cov-LDSC	49	20000	0.2425	0.0076
EUR_300k	0.25	0.1	covldsc	covldsc	cov-LDSC	50	20000	0.2483	0.0086
EUR_300k	0.25	0.1	covldsc	covldsc	cov-LDSC	51	20000	0.2571	0.0075
EUR_300k	0.25	0.1	covldsc	covldsc	cov-LDSC	52	20000	0.2307	0.0079
EUR_300k	0.25	0.1	covldsc	covldsc	cov-LDSC	53	20000	0.2425	0.0076
EUR_300k	0.25	0.1	covldsc	covldsc	cov-LDSC	54	20000	0.2479	0.0084
EUR_300k	0.25	0.1	covldsc	covldsc	cov-LDSC	55	20000	0.2318	0.0082
EUR_300k	0.25	0.1	covldsc	covldsc	cov-LDSC	56	20000	0.2546	0.0084
EUR_300k	0.25	0.1	covldsc	covldsc	cov-LDSC	57	20000	0.2461	0.0073
EUR_300k	0.25	0.1	covldsc	covldsc	cov-LDSC	58	20000	0.2479	0.0088
EUR_300k	0.25	0.1	covldsc	covldsc	cov-LDSC	59	20000	0.26	0.0084
EUR_300k	0.25	0.1	covldsc	covldsc	cov-LDSC	60	20000	0.2492	0.0081
EUR_300k	0.25	0.1	covldsc	covldsc	cov-LDSC	61	20000	0.2448	0.0077
EUR_300k	0.25	0.1	covldsc	covldsc	cov-LDSC	62	20000	0.2473	0.0086
EUR_300k	0.25	0.1	covldsc	covldsc	cov-LDSC	63	20000	0.2505	0.0074
EUR_300k	0.25	0.1	covldsc	covldsc	cov-LDSC	64	20000	0.2303	0.0068
EUR_300k	0.25	0.1	covldsc	covldsc	cov-LDSC	65	20000	0.2385	0.0077
EUR_300k	0.25	0.1	covldsc	covldsc	cov-LDSC	66	20000	0.2479	0.0075
EUR_300k	0.25	0.1	covldsc	covldsc	cov-LDSC	67	20000	0.2489	0.0071
EUR_300k	0.25	0.1	covldsc	covldsc	cov-LDSC	68	20000	0.2509	0.0074
EUR_300k	0.25	0.1	covldsc	covldsc	cov-LDSC	69	20000	0.2498	0.0076
EUR_300k	0.25	0.1	covldsc	covldsc	cov-LDSC	70	20000	0.2353	0.0079
EUR_300k	0.25	0.1	covldsc	covldsc	cov-LDSC	71	20000	0.2446	0.008
EUR_300k	0.25	0.1	covldsc	covldsc	cov-LDSC	72	20000	0.2396	0.0075
EUR_300k	0.25	0.1	covldsc	covldsc	cov-LDSC	73	20000	0.2458	0.0083
EUR_300k	0.25	0.1	covldsc	covldsc	cov-LDSC	74	20000	0.2512	0.0085
EUR_300k	0.25	0.1	covldsc	covldsc	cov-LDSC	75	20000	0.2622	0.0082
EUR_300k	0.25	0.1	covldsc	covldsc	cov-LDSC	76	20000	0.2533	0.0075
EUR_300k	0.25	0.1	covldsc	covldsc	cov-LDSC	77	20000	0.246	0.0081
EUR_300k	0.25	0.1	covldsc	covldsc	cov-LDSC	78	20000	0.2559	0.008
EUR_300k	0.25	0.1	covldsc	covldsc	cov-LDSC	79	20000	0.2373	0.0073
EUR_300k	0.25	0.1	covldsc	covldsc	cov-LDSC	80	20000	0.2491	0.0082
EUR_300k	0.25	0.1	covldsc	covldsc	cov-LDSC	81	20000	0.2373	0.0075
EUR_300k	0.25	0.1	covldsc	covldsc	cov-LDSC	82	20000	0.2376	0.008
EUR_300k	0.25	0.1	covldsc	covldsc	cov-LDSC	83	20000	0.2455	0.0072
EUR_300k	0.25	0.1	covldsc	covldsc	cov-LDSC	84	20000	0.2532	0.0076
EUR_300k	0.25	0.1	covldsc	covldsc	cov-LDSC	85	20000	0.2356	0.0074
EUR_300k	0.25	0.1	covldsc	covldsc	cov-LDSC	86	20000	0.248	0.0076
EUR_300k	0.25	0.1	covldsc	covldsc	cov-LDSC	87	20000	0.2405	0.0075
EUR_300k	0.25	0.1	covldsc	covldsc	cov-LDSC	88	20000	0.243	0.0075
EUR_300k	0.25	0.1	covldsc	covldsc	cov-LDSC	89	20000	0.2488	0.0075
EUR_300k	0.25	0.1	covldsc	covldsc	cov-LDSC	90	20000	0.2299	0.008
EUR_300k	0.25	0.1	covldsc	covldsc	cov-LDSC	91	20000	0.246	0.008
EUR_300k	0.25	0.1	covldsc	covldsc	cov-LDSC	92	20000	0.2494	0.0077
EUR_300k	0.25	0.1	covldsc	covldsc	cov-LDSC	93	20000	0.2459	0.0084
EUR_300k	0.25	0.1	covldsc	covldsc	cov-LDSC	94	20000	0.2399	0.0074
EUR_300k	0.25	0.1	covldsc	covldsc	cov-LDSC	95	20000	0.2505	0.0087
EUR_300k	0.25	0.1	covldsc	covldsc	cov-LDSC	96	20000	0.2581	0.0077
EUR_300k	0.25	0.1	covldsc	covldsc	cov-LDSC	97	20000	0.2443	0.0073
EUR_300k	0.25	0.1	covldsc	covldsc	cov-LDSC	98	20000	0.2479	0.008
EUR_300k	0.25	0.1	covldsc	covldsc	cov-LDSC	99	20000	0.2512	0.0075
EUR_300k	0.25	0.1	ldsc	ldsc_50000	LDSC	0	50000	0.2382	0.0081
EUR_300k	0.25	0.1	ldsc	ldsc_50000	LDSC	1	50000	0.2414	0.0073
EUR_300k	0.25	0.1	ldsc	ldsc_50000	LDSC	2	50000	0.2435	0.0088
EUR_300k	0.25	0.1	ldsc	ldsc_50000	LDSC	3	50000	0.2454	0.0075
EUR_300k	0.25	0.1	ldsc	ldsc_50000	LDSC	4	50000	0.2377	0.0083
EUR_300k	0.25	0.1	ldsc	ldsc_50000	LDSC	5	50000	0.2462	0.0076
EUR_300k	0.25	0.1	ldsc	ldsc_50000	LDSC	6	50000	0.2549	0.0076
EUR_300k	0.25	0.1	ldsc	ldsc_50000	LDSC	7	50000	0.2495	0.0088
EUR_300k	0.25	0.1	ldsc	ldsc_50000	LDSC	8	50000	0.2397	0.0077
EUR_300k	0.25	0.1	ldsc	ldsc_50000	LDSC	9	50000	0.2529	0.0081
EUR_300k	0.25	0.1	ldsc	ldsc_50000	LDSC	10	50000	0.253	0.0086
EUR_300k	0.25	0.1	ldsc	ldsc_50000	LDSC	11	50000	0.2534	0.0076
EUR_300k	0.25	0.1	ldsc	ldsc_50000	LDSC	12	50000	0.2479	0.0078
EUR_300k	0.25	0.1	ldsc	ldsc_50000	LDSC	13	50000	0.2397	0.008
EUR_300k	0.25	0.1	ldsc	ldsc_50000	LDSC	14	50000	0.2428	0.0076
EUR_300k	0.25	0.1	ldsc	ldsc_50000	LDSC	15	50000	0.2468	0.0083
EUR_300k	0.25	0.1	ldsc	ldsc_50000	LDSC	16	50000	0.2646	0.0081
EUR_300k	0.25	0.1	ldsc	ldsc_50000	LDSC	17	50000	0.2551	0.0077
EUR_300k	0.25	0.1	ldsc	ldsc_50000	LDSC	18	50000	0.2401	0.0088
EUR_300k	0.25	0.1	ldsc	ldsc_50000	LDSC	19	50000	0.2526	0.0086
EUR_300k	0.25	0.1	ldsc	ldsc_50000	LDSC	20	50000	0.2498	0.008
EUR_300k	0.25	0.1	ldsc	ldsc_50000	LDSC	21	50000	0.24	0.0078
EUR_300k	0.25	0.1	ldsc	ldsc_50000	LDSC	22	50000	0.2456	0.0083
EUR_300k	0.25	0.1	ldsc	ldsc_50000	LDSC	23	50000	0.2372	0.0075
EUR_300k	0.25	0.1	ldsc	ldsc_50000	LDSC	24	50000	0.2288	0.0075
EUR_300k	0.25	0.1	ldsc	ldsc_50000	LDSC	25	50000	0.2467	0.0078
EUR_300k	0.25	0.1	ldsc	ldsc_50000	LDSC	26	50000	0.2465	0.0083
EUR_300k	0.25	0.1	ldsc	ldsc_50000	LDSC	27	50000	0.246	0.008
EUR_300k	0.25	0.1	ldsc	ldsc_50000	LDSC	28	50000	0.2388	0.0076
EUR_300k	0.25	0.1	ldsc	ldsc_50000	LDSC	29	50000	0.2597	0.008
EUR_300k	0.25	0.1	ldsc	ldsc_50000	LDSC	30	50000	0.2537	0.0083
EUR_300k	0.25	0.1	ldsc	ldsc_50000	LDSC	31	50000	0.2426	0.0083
EUR_300k	0.25	0.1	ldsc	ldsc_50000	LDSC	32	50000	0.2362	0.0074
EUR_300k	0.25	0.1	ldsc	ldsc_50000	LDSC	33	50000	0.2623	0.0082
EUR_300k	0.25	0.1	ldsc	ldsc_50000	LDSC	34	50000	0.2545	0.0074
EUR_300k	0.25	0.1	ldsc	ldsc_50000	LDSC	35	50000	0.2497	0.0082
EUR_300k	0.25	0.1	ldsc	ldsc_50000	LDSC	36	50000	0.2354	0.0081
EUR_300k	0.25	0.1	ldsc	ldsc_50000	LDSC	37	50000	0.2492	0.0085
EUR_300k	0.25	0.1	ldsc	ldsc_50000	LDSC	38	50000	0.2488	0.0081
EUR_300k	0.25	0.1	ldsc	ldsc_50000	LDSC	39	50000	0.2491	0.0074
EUR_300k	0.25	0.1	ldsc	ldsc_50000	LDSC	40	50000	0.2447	0.0081
EUR_300k	0.25	0.1	ldsc	ldsc_50000	LDSC	41	50000	0.242	0.0088
EUR_300k	0.25	0.1	ldsc	ldsc_50000	LDSC	42	50000	0.2385	0.0079
EUR_300k	0.25	0.1	ldsc	ldsc_50000	LDSC	43	50000	0.2364	0.0087
EUR_300k	0.25	0.1	ldsc	ldsc_50000	LDSC	44	50000	0.2423	0.0078
EUR_300k	0.25	0.1	ldsc	ldsc_50000	LDSC	45	50000	0.2596	0.0087
EUR_300k	0.25	0.1	ldsc	ldsc_50000	LDSC	46	50000	0.2373	0.0082
EUR_300k	0.25	0.1	ldsc	ldsc_50000	LDSC	47	50000	0.2362	0.0081
EUR_300k	0.25	0.1	ldsc	ldsc_50000	LDSC	48	50000	0.2662	0.009
EUR_300k	0.25	0.1	ldsc	ldsc_50000	LDSC	49	50000	0.2414	0.0076
EUR_300k	0.25	0.1	ldsc	ldsc_50000	LDSC	50	50000	0.2479	0.0085
EUR_300k	0.25	0.1	ldsc	ldsc_50000	LDSC	51	50000	0.2565	0.0075
EUR_300k	0.25	0.1	ldsc	ldsc_50000	LDSC	52	50000	0.2339	0.0083
EUR_300k	0.25	0.1	ldsc	ldsc_50000	LDSC	53	50000	0.2446	0.0078
EUR_300k	0.25	0.1	ldsc	ldsc_50000	LDSC	54	50000	0.2471	0.0084
EUR_300k	0.25	0.1	ldsc	ldsc_50000	LDSC	55	50000	0.2328	0.0083
EUR_300k	0.25	0.1	ldsc	ldsc_50000	LDSC	56	50000	0.2536	0.0084
EUR_300k	0.25	0.1	ldsc	ldsc_50000	LDSC	57	50000	0.2475	0.0073
EUR_300k	0.25	0.1	ldsc	ldsc_50000	LDSC	58	50000	0.2468	0.0088
EUR_300k	0.25	0.1	ldsc	ldsc_50000	LDSC	59	50000	0.2608	0.0084
EUR_300k	0.25	0.1	ldsc	ldsc_50000	LDSC	60	50000	0.2485	0.0082
EUR_300k	0.25	0.1	ldsc	ldsc_50000	LDSC	61	50000	0.2483	0.0083
EUR_300k	0.25	0.1	ldsc	ldsc_50000	LDSC	62	50000	0.249	0.009
EUR_300k	0.25	0.1	ldsc	ldsc_50000	LDSC	63	50000	0.2503	0.0075
EUR_300k	0.25	0.1	ldsc	ldsc_50000	LDSC	64	50000	0.233	0.0069
EUR_300k	0.25	0.1	ldsc	ldsc_50000	LDSC	65	50000	0.2401	0.0078
EUR_300k	0.25	0.1	ldsc	ldsc_50000	LDSC	66	50000	0.2464	0.0077
EUR_300k	0.25	0.1	ldsc	ldsc_50000	LDSC	67	50000	0.2486	0.0071
EUR_300k	0.25	0.1	ldsc	ldsc_50000	LDSC	68	50000	0.2527	0.0077
EUR_300k	0.25	0.1	ldsc	ldsc_50000	LDSC	69	50000	0.2497	0.0076
EUR_300k	0.25	0.1	ldsc	ldsc_50000	LDSC	70	50000	0.2383	0.0081
EUR_300k	0.25	0.1	ldsc	ldsc_50000	LDSC	71	50000	0.2444	0.0081
EUR_300k	0.25	0.1	ldsc	ldsc_50000	LDSC	72	50000	0.2415	0.0074
EUR_300k	0.25	0.1	ldsc	ldsc_50000	LDSC	73	50000	0.2451	0.0082
EUR_300k	0.25	0.1	ldsc	ldsc_50000	LDSC	74	50000	0.2501	0.0085
EUR_300k	0.25	0.1	ldsc	ldsc_50000	LDSC	75	50000	0.2655	0.0086
EUR_300k	0.25	0.1	ldsc	ldsc_50000	LDSC	76	50000	0.2526	0.0075
EUR_300k	0.25	0.1	ldsc	ldsc_50000	LDSC	77	50000	0.252	0.009
EUR_300k	0.25	0.1	ldsc	ldsc_50000	LDSC	78	50000	0.2552	0.0081
EUR_300k	0.25	0.1	ldsc	ldsc_50000	LDSC	79	50000	0.2386	0.0073
EUR_300k	0.25	0.1	ldsc	ldsc_50000	LDSC	80	50000	0.2484	0.0081
EUR_300k	0.25	0.1	ldsc	ldsc_50000	LDSC	81	50000	0.2388	0.0076
EUR_300k	0.25	0.1	ldsc	ldsc_50000	LDSC	82	50000	0.2387	0.0079
EUR_300k	0.25	0.1	ldsc	ldsc_50000	LDSC	83	50000	0.2493	0.0077
EUR_300k	0.25	0.1	ldsc	ldsc_50000	LDSC	84	50000	0.2567	0.0077
EUR_300k	0.25	0.1	ldsc	ldsc_50000	LDSC	85	50000	0.2364	0.0074
EUR_300k	0.25	0.1	ldsc	ldsc_50000	LDSC	86	50000	0.2492	0.0078
EUR_300k	0.25	0.1	ldsc	ldsc_50000	LDSC	87	50000	0.2444	0.0075
EUR_300k	0.25	0.1	ldsc	ldsc_50000	LDSC	88	50000	0.2432	0.0076
EUR_300k	0.25	0.1	ldsc	ldsc_50000	LDSC	89	50000	0.2492	0.0076
EUR_300k	0.25	0.1	ldsc	ldsc_50000	LDSC	90	50000	0.2336	0.008
EUR_300k	0.25	0.1	ldsc	ldsc_50000	LDSC	91	50000	0.2473	0.0081
EUR_300k	0.25	0.1	ldsc	ldsc_50000	LDSC	92	50000	0.2479	0.0078
EUR_300k	0.25	0.1	ldsc	ldsc_50000	LDSC	93	50000	0.2463	0.0084
EUR_300k	0.25	0.1	ldsc	ldsc_50000	LDSC	94	50000	0.242	0.0073
EUR_300k	0.25	0.1	ldsc	ldsc_50000	LDSC	95	50000	0.2498	0.0087
EUR_300k	0.25	0.1	ldsc	ldsc_50000	LDSC	96	50000	0.2585	0.0076
EUR_300k	0.25	0.1	ldsc	ldsc_50000	LDSC	97	50000	0.2486	0.0075
EUR_300k	0.25	0.1	ldsc	ldsc_50000	LDSC	98	50000	0.2509	0.0082
EUR_300k	0.25	0.1	ldsc	ldsc_50000	LDSC	99	50000	0.2541	0.0076
EUR_300k	0.25	0.01	covsumrhe	covsumrhe	SUMMIT	0	-1	0.25265	0.01101
EUR_300k	0.25	0.01	covsumrhe	covsumrhe	SUMMIT	1	-1	0.23494	0.00777
EUR_300k	0.25	0.01	covsumrhe	covsumrhe	SUMMIT	2	-1	0.24471	0.00703
EUR_300k	0.25	0.01	covsumrhe	covsumrhe	SUMMIT	3	-1	0.24509	0.00647
EUR_300k	0.25	0.01	covsumrhe	covsumrhe	SUMMIT	4	-1	0.24638	0.00893
EUR_300k	0.25	0.01	covsumrhe	covsumrhe	SUMMIT	5	-1	0.23631	0.00743
EUR_300k	0.25	0.01	covsumrhe	covsumrhe	SUMMIT	6	-1	0.24203	0.00876
EUR_300k	0.25	0.01	covsumrhe	covsumrhe	SUMMIT	7	-1	0.24537	0.00766
EUR_300k	0.25	0.01	covsumrhe	covsumrhe	SUMMIT	8	-1	0.25531	0.00965
EUR_300k	0.25	0.01	covsumrhe	covsumrhe	SUMMIT	9	-1	0.2406	0.00556
EUR_300k	0.25	0.01	covsumrhe	covsumrhe	SUMMIT	10	-1	0.24254	0.00868
EUR_300k	0.25	0.01	covsumrhe	covsumrhe	SUMMIT	11	-1	0.2509	0.00768
EUR_300k	0.25	0.01	covsumrhe	covsumrhe	SUMMIT	12	-1	0.25145	0.00755
EUR_300k	0.25	0.01	covsumrhe	covsumrhe	SUMMIT	13	-1	0.24398	0.00844
EUR_300k	0.25	0.01	covsumrhe	covsumrhe	SUMMIT	14	-1	0.25598	0.0051
EUR_300k	0.25	0.01	covsumrhe	covsumrhe	SUMMIT	15	-1	0.24158	0.00603
EUR_300k	0.25	0.01	covsumrhe	covsumrhe	SUMMIT	16	-1	0.2485	0.00873
EUR_300k	0.25	0.01	covsumrhe	covsumrhe	SUMMIT	17	-1	0.2391	0.00717
EUR_300k	0.25	0.01	covsumrhe	covsumrhe	SUMMIT	18	-1	0.23594	0.0085
EUR_300k	0.25	0.01	covsumrhe	covsumrhe	SUMMIT	19	-1	0.26068	0.00798
EUR_300k	0.25	0.01	covsumrhe	covsumrhe	SUMMIT	20	-1	0.25328	0.00763
EUR_300k	0.25	0.01	covsumrhe	covsumrhe	SUMMIT	21	-1	0.24928	0.00707
EUR_300k	0.25	0.01	covsumrhe	covsumrhe	SUMMIT	22	-1	0.24878	0.00838
EUR_300k	0.25	0.01	covsumrhe	covsumrhe	SUMMIT	23	-1	0.24863	0.00715
EUR_300k	0.25	0.01	covsumrhe	covsumrhe	SUMMIT	24	-1	0.23649	0.00808
EUR_300k	0.25	0.01	covsumrhe	covsumrhe	SUMMIT	25	-1	0.24429	0.00926
EUR_300k	0.25	0.01	covsumrhe	covsumrhe	SUMMIT	26	-1	0.25014	0.00788
EUR_300k	0.25	0.01	covsumrhe	covsumrhe	SUMMIT	27	-1	0.25299	0.00858
EUR_300k	0.25	0.01	covsumrhe	covsumrhe	SUMMIT	28	-1	0.23987	0.00787
EUR_300k	0.25	0.01	covsumrhe	covsumrhe	SUMMIT	29	-1	0.25521	0.00656
EUR_300k	0.25	0.01	covsumrhe	covsumrhe	SUMMIT	30	-1	0.23944	0.00899
EUR_300k	0.25	0.01	covsumrhe	covsumrhe	SUMMIT	31	-1	0.24787	0.00786
EUR_300k	0.25	0.01	covsumrhe	covsumrhe	SUMMIT	32	-1	0.26554	0.00812
EUR_300k	0.25	0.01	covsumrhe	covsumrhe	SUMMIT	33	-1	0.24824	0.00728
EUR_300k	0.25	0.01	covsumrhe	covsumrhe	SUMMIT	34	-1	0.24656	0.00761
EUR_300k	0.25	0.01	covsumrhe	covsumrhe	SUMMIT	35	-1	0.25654	0.00666
EUR_300k	0.25	0.01	covsumrhe	covsumrhe	SUMMIT	36	-1	0.25341	0.00715
EUR_300k	0.25	0.01	covsumrhe	covsumrhe	SUMMIT	37	-1	0.24334	0.00854
EUR_300k	0.25	0.01	covsumrhe	covsumrhe	SUMMIT	38	-1	0.23791	0.00754
EUR_300k	0.25	0.01	covsumrhe	covsumrhe	SUMMIT	39	-1	0.24651	0.00893
EUR_300k	0.25	0.01	covsumrhe	covsumrhe	SUMMIT	40	-1	0.26045	0.01139
EUR_300k	0.25	0.01	covsumrhe	covsumrhe	SUMMIT	41	-1	0.25592	0.00814
EUR_300k	0.25	0.01	covsumrhe	covsumrhe	SUMMIT	42	-1	0.2465	0.00863
EUR_300k	0.25	0.01	covsumrhe	covsumrhe	SUMMIT	43	-1	0.26243	0.01279
EUR_300k	0.25	0.01	covsumrhe	covsumrhe	SUMMIT	44	-1	0.24771	0.00834
EUR_300k	0.25	0.01	covsumrhe	covsumrhe	SUMMIT	45	-1	0.26109	0.01125
EUR_300k	0.25	0.01	covsumrhe	covsumrhe	SUMMIT	46	-1	0.25326	0.00944
EUR_300k	0.25	0.01	covsumrhe	covsumrhe	SUMMIT	47	-1	0.24744	0.00759
EUR_300k	0.25	0.01	covsumrhe	covsumrhe	SUMMIT	48	-1	0.24268	0.00663
EUR_300k	0.25	0.01	covsumrhe	covsumrhe	SUMMIT	49	-1	0.23841	0.00602
EUR_300k	0.25	0.01	covsumrhe	covsumrhe	SUMMIT	50	-1	0.25363	0.00916
EUR_300k	0.25	0.01	covsumrhe	covsumrhe	SUMMIT	51	-1	0.24145	0.00949
EUR_300k	0.25	0.01	covsumrhe	covsumrhe	SUMMIT	52	-1	0.26018	0.01573
EUR_300k	0.25	0.01	covsumrhe	covsumrhe	SUMMIT	53	-1	0.26029	0.00732
EUR_300k	0.25	0.01	covsumrhe	covsumrhe	SUMMIT	54	-1	0.25849	0.01048
EUR_300k	0.25	0.01	covsumrhe	covsumrhe	SUMMIT	55	-1	0.255	0.0091
EUR_300k	0.25	0.01	covsumrhe	covsumrhe	SUMMIT	56	-1	0.2648	0.01725
EUR_300k	0.25	0.01	covsumrhe	covsumrhe	SUMMIT	57	-1	0.25162	0.01039
EUR_300k	0.25	0.01	covsumrhe	covsumrhe	SUMMIT	58	-1	0.23722	0.00748
EUR_300k	0.25	0.01	covsumrhe	covsumrhe	SUMMIT	59	-1	0.23333	0.00666
EUR_300k	0.25	0.01	covsumrhe	covsumrhe	SUMMIT	60	-1	0.24695	0.00872
EUR_300k	0.25	0.01	covsumrhe	covsumrhe	SUMMIT	61	-1	0.25137	0.00943
EUR_300k	0.25	0.01	covsumrhe	covsumrhe	SUMMIT	62	-1	0.25463	0.00816
EUR_300k	0.25	0.01	covsumrhe	covsumrhe	SUMMIT	63	-1	0.23999	0.00644
EUR_300k	0.25	0.01	covsumrhe	covsumrhe	SUMMIT	64	-1	0.24583	0.00883
EUR_300k	0.25	0.01	covsumrhe	covsumrhe	SUMMIT	65	-1	0.24315	0.00848
EUR_300k	0.25	0.01	covsumrhe	covsumrhe	SUMMIT	66	-1	0.26054	0.0112
EUR_300k	0.25	0.01	covsumrhe	covsumrhe	SUMMIT	67	-1	0.24942	0.01231
EUR_300k	0.25	0.01	covsumrhe	covsumrhe	SUMMIT	68	-1	0.24202	0.00841
EUR_300k	0.25	0.01	covsumrhe	covsumrhe	SUMMIT	69	-1	0.24545	0.0096
EUR_300k	0.25	0.01	covsumrhe	covsumrhe	SUMMIT	70	-1	0.25738	0.0081
EUR_300k	0.25	0.01	covsumrhe	covsumrhe	SUMMIT	71	-1	0.25817	0.00988
EUR_300k	0.25	0.01	covsumrhe	covsumrhe	SUMMIT	72	-1	0.24825	0.00759
EUR_300k	0.25	0.01	covsumrhe	covsumrhe	SUMMIT	73	-1	0.24424	0.00859
EUR_300k	0.25	0.01	covsumrhe	covsumrhe	SUMMIT	74	-1	0.25673	0.00784
EUR_300k	0.25	0.01	covsumrhe	covsumrhe	SUMMIT	75	-1	0.25054	0.01024
EUR_300k	0.25	0.01	covsumrhe	covsumrhe	SUMMIT	76	-1	0.24138	0.00948
EUR_300k	0.25	0.01	covsumrhe	covsumrhe	SUMMIT	77	-1	0.24396	0.00587
EUR_300k	0.25	0.01	covsumrhe	covsumrhe	SUMMIT	78	-1	0.24216	0.00858
EUR_300k	0.25	0.01	covsumrhe	covsumrhe	SUMMIT	79	-1	0.2468	0.00746
EUR_300k	0.25	0.01	covsumrhe	covsumrhe	SUMMIT	80	-1	0.24601	0.00722
EUR_300k	0.25	0.01	covsumrhe	covsumrhe	SUMMIT	81	-1	0.25856	0.01065
EUR_300k	0.25	0.01	covsumrhe	covsumrhe	SUMMIT	82	-1	0.24928	0.00847
EUR_300k	0.25	0.01	covsumrhe	covsumrhe	SUMMIT	83	-1	0.24102	0.00735
EUR_300k	0.25	0.01	covsumrhe	covsumrhe	SUMMIT	84	-1	0.24595	0.00783
EUR_300k	0.25	0.01	covsumrhe	covsumrhe	SUMMIT	85	-1	0.26923	0.00914
EUR_300k	0.25	0.01	covsumrhe	covsumrhe	SUMMIT	86	-1	0.24674	0.00777
EUR_300k	0.25	0.01	covsumrhe	covsumrhe	SUMMIT	87	-1	0.24163	0.00728
EUR_300k	0.25	0.01	covsumrhe	covsumrhe	SUMMIT	88	-1	0.24299	0.00922
EUR_300k	0.25	0.01	covsumrhe	covsumrhe	SUMMIT	89	-1	0.27299	0.01338
EUR_300k	0.25	0.01	covsumrhe	covsumrhe	SUMMIT	90	-1	0.24027	0.00855
EUR_300k	0.25	0.01	covsumrhe	covsumrhe	SUMMIT	91	-1	0.25253	0.00741
EUR_300k	0.25	0.01	covsumrhe	covsumrhe	SUMMIT	92	-1	0.24625	0.0089
EUR_300k	0.25	0.01	covsumrhe	covsumrhe	SUMMIT	93	-1	0.24583	0.00891
EUR_300k	0.25	0.01	covsumrhe	covsumrhe	SUMMIT	94	-1	0.24812	0.00821
EUR_300k	0.25	0.01	covsumrhe	covsumrhe	SUMMIT	95	-1	0.27238	0.01305
EUR_300k	0.25	0.01	covsumrhe	covsumrhe	SUMMIT	96	-1	0.24461	0.00735
EUR_300k	0.25	0.01	covsumrhe	covsumrhe	SUMMIT	97	-1	0.24341	0.00533
EUR_300k	0.25	0.01	covsumrhe	covsumrhe	SUMMIT	98	-1	0.23884	0.00751
EUR_300k	0.25	0.01	covsumrhe	covsumrhe	SUMMIT	99	-1	0.23713	0.00662
EUR_300k	0.25	0.01	covldsc	covldsc	cov-LDSC	0	20000	0.2754	0.0111
EUR_300k	0.25	0.01	covldsc	covldsc	cov-LDSC	1	20000	0.2449	0.0105
EUR_300k	0.25	0.01	covldsc	covldsc	cov-LDSC	2	20000	0.2604	0.0101
EUR_300k	0.25	0.01	covldsc	covldsc	cov-LDSC	3	20000	0.2663	0.0101
EUR_300k	0.25	0.01	covldsc	covldsc	cov-LDSC	4	20000	0.2575	0.0112
EUR_300k	0.25	0.01	covldsc	covldsc	cov-LDSC	5	20000	0.252	0.009
EUR_300k	0.25	0.01	covldsc	covldsc	cov-LDSC	6	20000	0.2658	0.0102
EUR_300k	0.25	0.01	covldsc	covldsc	cov-LDSC	7	20000	0.2506	0.0104
EUR_300k	0.25	0.01	covldsc	covldsc	cov-LDSC	8	20000	0.2771	0.0112
EUR_300k	0.25	0.01	covldsc	covldsc	cov-LDSC	9	20000	0.2653	0.0108
EUR_300k	0.25	0.01	covldsc	covldsc	cov-LDSC	10	20000	0.2693	0.0107
EUR_300k	0.25	0.01	covldsc	covldsc	cov-LDSC	11	20000	0.2712	0.0095
EUR_300k	0.25	0.01	covldsc	covldsc	cov-LDSC	12	20000	0.2725	0.0115
EUR_300k	0.25	0.01	covldsc	covldsc	cov-LDSC	13	20000	0.2631	0.0098
EUR_300k	0.25	0.01	covldsc	covldsc	cov-LDSC	14	20000	0.2816	0.0099
EUR_300k	0.25	0.01	covldsc	covldsc	cov-LDSC	15	20000	0.2642	0.01
EUR_300k	0.25	0.01	covldsc	covldsc	cov-LDSC	16	20000	0.2648	0.011
EUR_300k	0.25	0.01	covldsc	covldsc	cov-LDSC	17	20000	0.2642	0.0103
EUR_300k	0.25	0.01	covldsc	covldsc	cov-LDSC	18	20000	0.2572	0.0102
EUR_300k	0.25	0.01	covldsc	covldsc	cov-LDSC	19	20000	0.2727	0.0102
EUR_300k	0.25	0.01	covldsc	covldsc	cov-LDSC	20	20000	0.2623	0.0096
EUR_300k	0.25	0.01	covldsc	covldsc	cov-LDSC	21	20000	0.2666	0.0102
EUR_300k	0.25	0.01	covldsc	covldsc	cov-LDSC	22	20000	0.2757	0.0107
EUR_300k	0.25	0.01	covldsc	covldsc	cov-LDSC	23	20000	0.2728	0.0098
EUR_300k	0.25	0.01	covldsc	covldsc	cov-LDSC	24	20000	0.2523	0.0096
EUR_300k	0.25	0.01	covldsc	covldsc	cov-LDSC	25	20000	0.2676	0.0107
EUR_300k	0.25	0.01	covldsc	covldsc	cov-LDSC	26	20000	0.2671	0.0095
EUR_300k	0.25	0.01	covldsc	covldsc	cov-LDSC	27	20000	0.258	0.0107
EUR_300k	0.25	0.01	covldsc	covldsc	cov-LDSC	28	20000	0.2649	0.0098
EUR_300k	0.25	0.01	covldsc	covldsc	cov-LDSC	29	20000	0.2794	0.0107
EUR_300k	0.25	0.01	covldsc	covldsc	cov-LDSC	30	20000	0.257	0.0096
EUR_300k	0.25	0.01	covldsc	covldsc	cov-LDSC	31	20000	0.2676	0.009
EUR_300k	0.25	0.01	covldsc	covldsc	cov-LDSC	32	20000	0.2964	0.0109
EUR_300k	0.25	0.01	covldsc	covldsc	cov-LDSC	33	20000	0.2576	0.0105
EUR_300k	0.25	0.01	covldsc	covldsc	cov-LDSC	34	20000	0.2554	0.011
EUR_300k	0.25	0.01	covldsc	covldsc	cov-LDSC	35	20000	0.2832	0.0102
EUR_300k	0.25	0.01	covldsc	covldsc	cov-LDSC	36	20000	0.2648	0.0103
EUR_300k	0.25	0.01	covldsc	covldsc	cov-LDSC	37	20000	0.2546	0.0099
EUR_300k	0.25	0.01	covldsc	covldsc	cov-LDSC	38	20000	0.2592	0.0104
EUR_300k	0.25	0.01	covldsc	covldsc	cov-LDSC	39	20000	0.2644	0.0102
EUR_300k	0.25	0.01	covldsc	covldsc	cov-LDSC	40	20000	0.2734	0.0105
EUR_300k	0.25	0.01	covldsc	covldsc	cov-LDSC	41	20000	0.2712	0.0113
EUR_300k	0.25	0.01	covldsc	covldsc	cov-LDSC	42	20000	0.2607	0.0106
EUR_300k	0.25	0.01	covldsc	covldsc	cov-LDSC	43	20000	0.2719	0.0112
EUR_300k	0.25	0.01	covldsc	covldsc	cov-LDSC	44	20000	0.266	0.0106
EUR_300k	0.25	0.01	covldsc	covldsc	cov-LDSC	45	20000	0.2603	0.0101
EUR_300k	0.25	0.01	covldsc	covldsc	cov-LDSC	46	20000	0.2808	0.0106
EUR_300k	0.25	0.01	covldsc	covldsc	cov-LDSC	47	20000	0.2668	0.0101
EUR_300k	0.25	0.01	covldsc	covldsc	cov-LDSC	48	20000	0.2655	0.0102
EUR_300k	0.25	0.01	covldsc	covldsc	cov-LDSC	49	20000	0.2634	0.0097
EUR_300k	0.25	0.01	covldsc	covldsc	cov-LDSC	50	20000	0.2776	0.0103
EUR_300k	0.25	0.01	covldsc	covldsc	cov-LDSC	51	20000	0.2612	0.011
EUR_300k	0.25	0.01	covldsc	covldsc	cov-LDSC	52	20000	0.2613	0.01
EUR_300k	0.25	0.01	covldsc	covldsc	cov-LDSC	53	20000	0.2737	0.011
EUR_300k	0.25	0.01	covldsc	covldsc	cov-LDSC	54	20000	0.2676	0.0112
EUR_300k	0.25	0.01	covldsc	covldsc	cov-LDSC	55	20000	0.284	0.0109
EUR_300k	0.25	0.01	covldsc	covldsc	cov-LDSC	56	20000	0.2663	0.0101
EUR_300k	0.25	0.01	covldsc	covldsc	cov-LDSC	57	20000	0.2786	0.0096
EUR_300k	0.25	0.01	covldsc	covldsc	cov-LDSC	58	20000	0.2694	0.0104
EUR_300k	0.25	0.01	covldsc	covldsc	cov-LDSC	59	20000	0.2574	0.0101
EUR_300k	0.25	0.01	covldsc	covldsc	cov-LDSC	60	20000	0.2615	0.011
EUR_300k	0.25	0.01	covldsc	covldsc	cov-LDSC	61	20000	0.268	0.0107
EUR_300k	0.25	0.01	covldsc	covldsc	cov-LDSC	62	20000	0.2702	0.0098
EUR_300k	0.25	0.01	covldsc	covldsc	cov-LDSC	63	20000	0.2584	0.0103
EUR_300k	0.25	0.01	covldsc	covldsc	cov-LDSC	64	20000	0.2607	0.011
EUR_300k	0.25	0.01	covldsc	covldsc	cov-LDSC	65	20000	0.2681	0.0102
EUR_300k	0.25	0.01	covldsc	covldsc	cov-LDSC	66	20000	0.2711	0.0107
EUR_300k	0.25	0.01	covldsc	covldsc	cov-LDSC	67	20000	0.2649	0.011
EUR_300k	0.25	0.01	covldsc	covldsc	cov-LDSC	68	20000	0.2678	0.0097
EUR_300k	0.25	0.01	covldsc	covldsc	cov-LDSC	69	20000	0.2616	0.0108
EUR_300k	0.25	0.01	covldsc	covldsc	cov-LDSC	70	20000	0.2755	0.01
EUR_300k	0.25	0.01	covldsc	covldsc	cov-LDSC	71	20000	0.2638	0.0107
EUR_300k	0.25	0.01	covldsc	covldsc	cov-LDSC	72	20000	0.265	0.0105
EUR_300k	0.25	0.01	covldsc	covldsc	cov-LDSC	73	20000	0.2579	0.0101
EUR_300k	0.25	0.01	covldsc	covldsc	cov-LDSC	74	20000	0.2649	0.0098
EUR_300k	0.25	0.01	covldsc	covldsc	cov-LDSC	75	20000	0.269	0.0091
EUR_300k	0.25	0.01	covldsc	covldsc	cov-LDSC	76	20000	0.2522	0.0111
EUR_300k	0.25	0.01	covldsc	covldsc	cov-LDSC	77	20000	0.273	0.0097
EUR_300k	0.25	0.01	covldsc	covldsc	cov-LDSC	78	20000	0.2568	0.0099
EUR_300k	0.25	0.01	covldsc	covldsc	cov-LDSC	79	20000	0.2783	0.01
EUR_300k	0.25	0.01	covldsc	covldsc	cov-LDSC	80	20000	0.2762	0.0092
EUR_300k	0.25	0.01	covldsc	covldsc	cov-LDSC	81	20000	0.2815	0.0111
EUR_300k	0.25	0.01	covldsc	covldsc	cov-LDSC	82	20000	0.2589	0.0108
EUR_300k	0.25	0.01	covldsc	covldsc	cov-LDSC	83	20000	0.2667	0.0096
EUR_300k	0.25	0.01	covldsc	covldsc	cov-LDSC	84	20000	0.2641	0.0102
EUR_300k	0.25	0.01	covldsc	covldsc	cov-LDSC	85	20000	0.2833	0.0106
EUR_300k	0.25	0.01	covldsc	covldsc	cov-LDSC	86	20000	0.2761	0.0095
EUR_300k	0.25	0.01	covldsc	covldsc	cov-LDSC	87	20000	0.2569	0.0107
EUR_300k	0.25	0.01	covldsc	covldsc	cov-LDSC	88	20000	0.2639	0.0115
EUR_300k	0.25	0.01	covldsc	covldsc	cov-LDSC	89	20000	0.2595	0.0106
EUR_300k	0.25	0.01	covldsc	covldsc	cov-LDSC	90	20000	0.2499	0.0096
EUR_300k	0.25	0.01	covldsc	covldsc	cov-LDSC	91	20000	0.262	0.0111
EUR_300k	0.25	0.01	covldsc	covldsc	cov-LDSC	92	20000	0.2806	0.0112
EUR_300k	0.25	0.01	covldsc	covldsc	cov-LDSC	93	20000	0.2665	0.0104
EUR_300k	0.25	0.01	covldsc	covldsc	cov-LDSC	94	20000	0.2749	0.0098
EUR_300k	0.25	0.01	covldsc	covldsc	cov-LDSC	95	20000	0.2773	0.0115
EUR_300k	0.25	0.01	covldsc	covldsc	cov-LDSC	96	20000	0.2664	0.0102
EUR_300k	0.25	0.01	covldsc	covldsc	cov-LDSC	97	20000	0.2715	0.0096
EUR_300k	0.25	0.01	covldsc	covldsc	cov-LDSC	98	20000	0.2655	0.0095
EUR_300k	0.25	0.01	covldsc	covldsc	cov-LDSC	99	20000	0.2579	0.0098
EUR_300k	0.25	0.01	ldsc	ldsc_50000	LDSC	0	50000	0.2769	0.0112
EUR_300k	0.25	0.01	ldsc	ldsc_50000	LDSC	1	50000	0.2451	0.0104
EUR_300k	0.25	0.01	ldsc	ldsc_50000	LDSC	2	50000	0.2588	0.0101
EUR_300k	0.25	0.01	ldsc	ldsc_50000	LDSC	3	50000	0.2692	0.0103
EUR_300k	0.25	0.01	ldsc	ldsc_50000	LDSC	4	50000	0.2619	0.012
EUR_300k	0.25	0.01	ldsc	ldsc_50000	LDSC	5	50000	0.2533	0.0089
EUR_300k	0.25	0.01	ldsc	ldsc_50000	LDSC	6	50000	0.2681	0.0104
EUR_300k	0.25	0.01	ldsc	ldsc_50000	LDSC	7	50000	0.2492	0.0104
EUR_300k	0.25	0.01	ldsc	ldsc_50000	LDSC	8	50000	0.278	0.0112
EUR_300k	0.25	0.01	ldsc	ldsc_50000	LDSC	9	50000	0.2646	0.011
EUR_300k	0.25	0.01	ldsc	ldsc_50000	LDSC	10	50000	0.2704	0.0107
EUR_300k	0.25	0.01	ldsc	ldsc_50000	LDSC	11	50000	0.2757	0.0097
EUR_300k	0.25	0.01	ldsc	ldsc_50000	LDSC	12	50000	0.2722	0.0114
EUR_300k	0.25	0.01	ldsc	ldsc_50000	LDSC	13	50000	0.2664	0.0102
EUR_300k	0.25	0.01	ldsc	ldsc_50000	LDSC	14	50000	0.2822	0.0099
EUR_300k	0.25	0.01	ldsc	ldsc_50000	LDSC	15	50000	0.2652	0.0099
EUR_300k	0.25	0.01	ldsc	ldsc_50000	LDSC	16	50000	0.2643	0.011
EUR_300k	0.25	0.01	ldsc	ldsc_50000	LDSC	17	50000	0.2642	0.0103
EUR_300k	0.25	0.01	ldsc	ldsc_50000	LDSC	18	50000	0.2615	0.0108
EUR_300k	0.25	0.01	ldsc	ldsc_50000	LDSC	19	50000	0.2752	0.0102
EUR_300k	0.25	0.01	ldsc	ldsc_50000	LDSC	20	50000	0.2646	0.0097
EUR_300k	0.25	0.01	ldsc	ldsc_50000	LDSC	21	50000	0.2655	0.0102
EUR_300k	0.25	0.01	ldsc	ldsc_50000	LDSC	22	50000	0.2752	0.0107
EUR_300k	0.25	0.01	ldsc	ldsc_50000	LDSC	23	50000	0.2734	0.0098
EUR_300k	0.25	0.01	ldsc	ldsc_50000	LDSC	24	50000	0.2513	0.0096
EUR_300k	0.25	0.01	ldsc	ldsc_50000	LDSC	25	50000	0.2665	0.0106
EUR_300k	0.25	0.01	ldsc	ldsc_50000	LDSC	26	50000	0.268	0.0096
EUR_300k	0.25	0.01	ldsc	ldsc_50000	LDSC	27	50000	0.2597	0.0107
EUR_300k	0.25	0.01	ldsc	ldsc_50000	LDSC	28	50000	0.2646	0.0098
EUR_300k	0.25	0.01	ldsc	ldsc_50000	LDSC	29	50000	0.2814	0.0108
EUR_300k	0.25	0.01	ldsc	ldsc_50000	LDSC	30	50000	0.2587	0.0097
EUR_300k	0.25	0.01	ldsc	ldsc_50000	LDSC	31	50000	0.268	0.0091
EUR_300k	0.25	0.01	ldsc	ldsc_50000	LDSC	32	50000	0.2969	0.0108
EUR_300k	0.25	0.01	ldsc	ldsc_50000	LDSC	33	50000	0.2573	0.0105
EUR_300k	0.25	0.01	ldsc	ldsc_50000	LDSC	34	50000	0.2547	0.0109
EUR_300k	0.25	0.01	ldsc	ldsc_50000	LDSC	35	50000	0.281	0.0101
EUR_300k	0.25	0.01	ldsc	ldsc_50000	LDSC	36	50000	0.2654	0.0102
EUR_300k	0.25	0.01	ldsc	ldsc_50000	LDSC	37	50000	0.2571	0.0104
EUR_300k	0.25	0.01	ldsc	ldsc_50000	LDSC	38	50000	0.2583	0.0101
EUR_300k	0.25	0.01	ldsc	ldsc_50000	LDSC	39	50000	0.2649	0.0101
EUR_300k	0.25	0.01	ldsc	ldsc_50000	LDSC	40	50000	0.2772	0.0107
EUR_300k	0.25	0.01	ldsc	ldsc_50000	LDSC	41	50000	0.2697	0.0112
EUR_300k	0.25	0.01	ldsc	ldsc_50000	LDSC	42	50000	0.2597	0.0105
EUR_300k	0.25	0.01	ldsc	ldsc_50000	LDSC	43	50000	0.2707	0.0112
EUR_300k	0.25	0.01	ldsc	ldsc_50000	LDSC	44	50000	0.268	0.0105
EUR_300k	0.25	0.01	ldsc	ldsc_50000	LDSC	45	50000	0.2616	0.0103
EUR_300k	0.25	0.01	ldsc	ldsc_50000	LDSC	46	50000	0.2831	0.0107
EUR_300k	0.25	0.01	ldsc	ldsc_50000	LDSC	47	50000	0.268	0.0102
EUR_300k	0.25	0.01	ldsc	ldsc_50000	LDSC	48	50000	0.2669	0.0104
EUR_300k	0.25	0.01	ldsc	ldsc_50000	LDSC	49	50000	0.2638	0.0097
EUR_300k	0.25	0.01	ldsc	ldsc_50000	LDSC	50	50000	0.2772	0.0103
EUR_300k	0.25	0.01	ldsc	ldsc_50000	LDSC	51	50000	0.2608	0.0109
EUR_300k	0.25	0.01	ldsc	ldsc_50000	LDSC	52	50000	0.2611	0.01
EUR_300k	0.25	0.01	ldsc	ldsc_50000	LDSC	53	50000	0.274	0.0111
EUR_300k	0.25	0.01	ldsc	ldsc_50000	LDSC	54	50000	0.2672	0.0113
EUR_300k	0.25	0.01	ldsc	ldsc_50000	LDSC	55	50000	0.2882	0.0118
EUR_300k	0.25	0.01	ldsc	ldsc_50000	LDSC	56	50000	0.2677	0.0102
EUR_300k	0.25	0.01	ldsc	ldsc_50000	LDSC	57	50000	0.2786	0.0096
EUR_300k	0.25	0.01	ldsc	ldsc_50000	LDSC	58	50000	0.2686	0.0105
EUR_300k	0.25	0.01	ldsc	ldsc_50000	LDSC	59	50000	0.2589	0.0103
EUR_300k	0.25	0.01	ldsc	ldsc_50000	LDSC	60	50000	0.2596	0.011
EUR_300k	0.25	0.01	ldsc	ldsc_50000	LDSC	61	50000	0.2716	0.0116
EUR_300k	0.25	0.01	ldsc	ldsc_50000	LDSC	62	50000	0.2754	0.0106
EUR_300k	0.25	0.01	ldsc	ldsc_50000	LDSC	63	50000	0.2577	0.0102
EUR_300k	0.25	0.01	ldsc	ldsc_50000	LDSC	64	50000	0.2617	0.011
EUR_300k	0.25	0.01	ldsc	ldsc_50000	LDSC	65	50000	0.2684	0.0101
EUR_300k	0.25	0.01	ldsc	ldsc_50000	LDSC	66	50000	0.2745	0.0111
EUR_300k	0.25	0.01	ldsc	ldsc_50000	LDSC	67	50000	0.2643	0.011
EUR_300k	0.25	0.01	ldsc	ldsc_50000	LDSC	68	50000	0.2685	0.0097
EUR_300k	0.25	0.01	ldsc	ldsc_50000	LDSC	69	50000	0.2654	0.011
EUR_300k	0.25	0.01	ldsc	ldsc_50000	LDSC	70	50000	0.2745	0.01
EUR_300k	0.25	0.01	ldsc	ldsc_50000	LDSC	71	50000	0.2663	0.0105
EUR_300k	0.25	0.01	ldsc	ldsc_50000	LDSC	72	50000	0.2651	0.0105
EUR_300k	0.25	0.01	ldsc	ldsc_50000	LDSC	73	50000	0.2584	0.01
EUR_300k	0.25	0.01	ldsc	ldsc_50000	LDSC	74	50000	0.2653	0.0098
EUR_300k	0.25	0.01	ldsc	ldsc_50000	LDSC	75	50000	0.2685	0.0092
EUR_300k	0.25	0.01	ldsc	ldsc_50000	LDSC	76	50000	0.2544	0.0111
EUR_300k	0.25	0.01	ldsc	ldsc_50000	LDSC	77	50000	0.2727	0.0097
EUR_300k	0.25	0.01	ldsc	ldsc_50000	LDSC	78	50000	0.2629	0.0102
EUR_300k	0.25	0.01	ldsc	ldsc_50000	LDSC	79	50000	0.2811	0.0103
EUR_300k	0.25	0.01	ldsc	ldsc_50000	LDSC	80	50000	0.2761	0.0093
EUR_300k	0.25	0.01	ldsc	ldsc_50000	LDSC	81	50000	0.2835	0.0113
EUR_300k	0.25	0.01	ldsc	ldsc_50000	LDSC	82	50000	0.2581	0.0107
EUR_300k	0.25	0.01	ldsc	ldsc_50000	LDSC	83	50000	0.2661	0.0099
EUR_300k	0.25	0.01	ldsc	ldsc_50000	LDSC	84	50000	0.2632	0.0103
EUR_300k	0.25	0.01	ldsc	ldsc_50000	LDSC	85	50000	0.2858	0.0107
EUR_300k	0.25	0.01	ldsc	ldsc_50000	LDSC	86	50000	0.2756	0.0096
EUR_300k	0.25	0.01	ldsc	ldsc_50000	LDSC	87	50000	0.2554	0.0107
EUR_300k	0.25	0.01	ldsc	ldsc_50000	LDSC	88	50000	0.2629	0.0117
EUR_300k	0.25	0.01	ldsc	ldsc_50000	LDSC	89	50000	0.2593	0.0106
EUR_300k	0.25	0.01	ldsc	ldsc_50000	LDSC	90	50000	0.2513	0.0095
EUR_300k	0.25	0.01	ldsc	ldsc_50000	LDSC	91	50000	0.2612	0.011
EUR_300k	0.25	0.01	ldsc	ldsc_50000	LDSC	92	50000	0.2812	0.0111
EUR_300k	0.25	0.01	ldsc	ldsc_50000	LDSC	93	50000	0.2659	0.0104
EUR_300k	0.25	0.01	ldsc	ldsc_50000	LDSC	94	50000	0.2745	0.0098
EUR_300k	0.25	0.01	ldsc	ldsc_50000	LDSC	95	50000	0.2774	0.0115
EUR_300k	0.25	0.01	ldsc	ldsc_50000	LDSC	96	50000	0.2685	0.0103
EUR_300k	0.25	0.01	ldsc	ldsc_50000	LDSC	97	50000	0.2726	0.0095
EUR_300k	0.25	0.01	ldsc	ldsc_50000	LDSC	98	50000	0.2641	0.0096
EUR_300k	0.25	0.01	ldsc	ldsc_50000	LDSC	99	50000	0.2581	0.0097
EUR_300k	0.4	1.0	covsumrhe	covsumrhe	SUMMIT	0	-1	0.39943	0.0067
EUR_300k	0.4	1.0	covsumrhe	covsumrhe	SUMMIT	1	-1	0.39681	0.00729
EUR_300k	0.4	1.0	covsumrhe	covsumrhe	SUMMIT	2	-1	0.40787	0.0084
EUR_300k	0.4	1.0	covsumrhe	covsumrhe	SUMMIT	3	-1	0.40007	0.00842
EUR_300k	0.4	1.0	covsumrhe	covsumrhe	SUMMIT	4	-1	0.41805	0.01332
EUR_300k	0.4	1.0	covsumrhe	covsumrhe	SUMMIT	5	-1	0.41069	0.00894
EUR_300k	0.4	1.0	covsumrhe	covsumrhe	SUMMIT	6	-1	0.3882	0.00711
EUR_300k	0.4	1.0	covsumrhe	covsumrhe	SUMMIT	7	-1	0.4016	0.0075
EUR_300k	0.4	1.0	covsumrhe	covsumrhe	SUMMIT	8	-1	0.4121	0.00634
EUR_300k	0.4	1.0	covsumrhe	covsumrhe	SUMMIT	9	-1	0.39838	0.00652
EUR_300k	0.4	1.0	covsumrhe	covsumrhe	SUMMIT	10	-1	0.39265	0.00666
EUR_300k	0.4	1.0	covsumrhe	covsumrhe	SUMMIT	11	-1	0.40369	0.01285
EUR_300k	0.4	1.0	covsumrhe	covsumrhe	SUMMIT	12	-1	0.40612	0.00689
EUR_300k	0.4	1.0	covsumrhe	covsumrhe	SUMMIT	13	-1	0.39884	0.00978
EUR_300k	0.4	1.0	covsumrhe	covsumrhe	SUMMIT	14	-1	0.40205	0.00701
EUR_300k	0.4	1.0	covsumrhe	covsumrhe	SUMMIT	15	-1	0.42214	0.01835
EUR_300k	0.4	1.0	covsumrhe	covsumrhe	SUMMIT	16	-1	0.39199	0.00762
EUR_300k	0.4	1.0	covsumrhe	covsumrhe	SUMMIT	17	-1	0.40856	0.00689
EUR_300k	0.4	1.0	covsumrhe	covsumrhe	SUMMIT	18	-1	0.39627	0.00923
EUR_300k	0.4	1.0	covsumrhe	covsumrhe	SUMMIT	19	-1	0.38676	0.00693
EUR_300k	0.4	1.0	covsumrhe	covsumrhe	SUMMIT	20	-1	0.3944	0.00956
EUR_300k	0.4	1.0	covsumrhe	covsumrhe	SUMMIT	21	-1	0.39854	0.00718
EUR_300k	0.4	1.0	covsumrhe	covsumrhe	SUMMIT	22	-1	0.41008	0.00906
EUR_300k	0.4	1.0	covsumrhe	covsumrhe	SUMMIT	23	-1	0.39501	0.00841
EUR_300k	0.4	1.0	covsumrhe	covsumrhe	SUMMIT	24	-1	0.40369	0.00806
EUR_300k	0.4	1.0	covsumrhe	covsumrhe	SUMMIT	25	-1	0.3987	0.00581
EUR_300k	0.4	1.0	covsumrhe	covsumrhe	SUMMIT	26	-1	0.40949	0.00741
EUR_300k	0.4	1.0	covsumrhe	covsumrhe	SUMMIT	27	-1	0.40839	0.00635
EUR_300k	0.4	1.0	covsumrhe	covsumrhe	SUMMIT	28	-1	0.39147	0.00608
EUR_300k	0.4	1.0	covsumrhe	covsumrhe	SUMMIT	29	-1	0.39627	0.00595
EUR_300k	0.4	1.0	covsumrhe	covsumrhe	SUMMIT	30	-1	0.39444	0.00684
EUR_300k	0.4	1.0	covsumrhe	covsumrhe	SUMMIT	31	-1	0.39314	0.00733
EUR_300k	0.4	1.0	covsumrhe	covsumrhe	SUMMIT	32	-1	0.39606	0.00975
EUR_300k	0.4	1.0	covsumrhe	covsumrhe	SUMMIT	33	-1	0.413	0.00734
EUR_300k	0.4	1.0	covsumrhe	covsumrhe	SUMMIT	34	-1	0.40431	0.00673
EUR_300k	0.4	1.0	covsumrhe	covsumrhe	SUMMIT	35	-1	0.39596	0.0075
EUR_300k	0.4	1.0	covsumrhe	covsumrhe	SUMMIT	36	-1	0.39497	0.00762
EUR_300k	0.4	1.0	covsumrhe	covsumrhe	SUMMIT	37	-1	0.42285	0.01642
EUR_300k	0.4	1.0	covsumrhe	covsumrhe	SUMMIT	38	-1	0.3998	0.00615
EUR_300k	0.4	1.0	covsumrhe	covsumrhe	SUMMIT	39	-1	0.39235	0.00709
EUR_300k	0.4	1.0	covsumrhe	covsumrhe	SUMMIT	40	-1	0.40158	0.00822
EUR_300k	0.4	1.0	covsumrhe	covsumrhe	SUMMIT	41	-1	0.40501	0.00554
EUR_300k	0.4	1.0	covsumrhe	covsumrhe	SUMMIT	42	-1	0.39451	0.00837
EUR_300k	0.4	1.0	covsumrhe	covsumrhe	SUMMIT	43	-1	0.39647	0.00614
EUR_300k	0.4	1.0	covsumrhe	covsumrhe	SUMMIT	44	-1	0.39336	0.00615
EUR_300k	0.4	1.0	covsumrhe	covsumrhe	SUMMIT	45	-1	0.3973	0.00717
EUR_300k	0.4	1.0	covsumrhe	covsumrhe	SUMMIT	46	-1	0.39184	0.00712
EUR_300k	0.4	1.0	covsumrhe	covsumrhe	SUMMIT	47	-1	0.39883	0.00772
EUR_300k	0.4	1.0	covsumrhe	covsumrhe	SUMMIT	48	-1	0.40445	0.00849
EUR_300k	0.4	1.0	covsumrhe	covsumrhe	SUMMIT	49	-1	0.40098	0.00967
EUR_300k	0.4	1.0	covsumrhe	covsumrhe	SUMMIT	50	-1	0.39041	0.00621
EUR_300k	0.4	1.0	covsumrhe	covsumrhe	SUMMIT	51	-1	0.40073	0.0078
EUR_300k	0.4	1.0	covsumrhe	covsumrhe	SUMMIT	52	-1	0.41853	0.01094
EUR_300k	0.4	1.0	covsumrhe	covsumrhe	SUMMIT	53	-1	0.41179	0.01609
EUR_300k	0.4	1.0	covsumrhe	covsumrhe	SUMMIT	54	-1	0.39359	0.00605
EUR_300k	0.4	1.0	covsumrhe	covsumrhe	SUMMIT	55	-1	0.39939	0.00701
EUR_300k	0.4	1.0	covsumrhe	covsumrhe	SUMMIT	56	-1	0.39958	0.0096
EUR_300k	0.4	1.0	covsumrhe	covsumrhe	SUMMIT	57	-1	0.40763	0.00624
EUR_300k	0.4	1.0	covsumrhe	covsumrhe	SUMMIT	58	-1	0.3972	0.0073
EUR_300k	0.4	1.0	covsumrhe	covsumrhe	SUMMIT	59	-1	0.39023	0.00523
EUR_300k	0.4	1.0	covsumrhe	covsumrhe	SUMMIT	60	-1	0.40417	0.00728
EUR_300k	0.4	1.0	covsumrhe	covsumrhe	SUMMIT	61	-1	0.39873	0.00818
EUR_300k	0.4	1.0	covsumrhe	covsumrhe	SUMMIT	62	-1	0.39165	0.00736
EUR_300k	0.4	1.0	covsumrhe	covsumrhe	SUMMIT	63	-1	0.39358	0.00928
EUR_300k	0.4	1.0	covsumrhe	covsumrhe	SUMMIT	64	-1	0.39813	0.0091
EUR_300k	0.4	1.0	covsumrhe	covsumrhe	SUMMIT	65	-1	0.40137	0.00527
EUR_300k	0.4	1.0	covsumrhe	covsumrhe	SUMMIT	66	-1	0.40992	0.00812
EUR_300k	0.4	1.0	covsumrhe	covsumrhe	SUMMIT	67	-1	0.40323	0.00675
EUR_300k	0.4	1.0	covsumrhe	covsumrhe	SUMMIT	68	-1	0.3972	0.00662
EUR_300k	0.4	1.0	covsumrhe	covsumrhe	SUMMIT	69	-1	0.39501	0.00771
EUR_300k	0.4	1.0	covsumrhe	covsumrhe	SUMMIT	70	-1	0.40459	0.00904
EUR_300k	0.4	1.0	covsumrhe	covsumrhe	SUMMIT	71	-1	0.40373	0.01083
EUR_300k	0.4	1.0	covsumrhe	covsumrhe	SUMMIT	72	-1	0.40396	0.005
EUR_300k	0.4	1.0	covsumrhe	covsumrhe	SUMMIT	73	-1	0.39639	0.00722
EUR_300k	0.4	1.0	covsumrhe	covsumrhe	SUMMIT	74	-1	0.39934	0.00723
EUR_300k	0.4	1.0	covsumrhe	covsumrhe	SUMMIT	75	-1	0.38888	0.00614
EUR_300k	0.4	1.0	covsumrhe	covsumrhe	SUMMIT	76	-1	0.38891	0.0065
EUR_300k	0.4	1.0	covsumrhe	covsumrhe	SUMMIT	77	-1	0.39238	0.00901
EUR_300k	0.4	1.0	covsumrhe	covsumrhe	SUMMIT	78	-1	0.39134	0.00757
EUR_300k	0.4	1.0	covsumrhe	covsumrhe	SUMMIT	79	-1	0.40139	0.00779
EUR_300k	0.4	1.0	covsumrhe	covsumrhe	SUMMIT	80	-1	0.3977	0.00808
EUR_300k	0.4	1.0	covsumrhe	covsumrhe	SUMMIT	81	-1	0.39525	0.00502
EUR_300k	0.4	1.0	covsumrhe	covsumrhe	SUMMIT	82	-1	0.40182	0.00846
EUR_300k	0.4	1.0	covsumrhe	covsumrhe	SUMMIT	83	-1	0.39704	0.0072
EUR_300k	0.4	1.0	covsumrhe	covsumrhe	SUMMIT	84	-1	0.38883	0.00712
EUR_300k	0.4	1.0	covsumrhe	covsumrhe	SUMMIT	85	-1	0.40063	0.00901
EUR_300k	0.4	1.0	covsumrhe	covsumrhe	SUMMIT	86	-1	0.40662	0.00747
EUR_300k	0.4	1.0	covsumrhe	covsumrhe	SUMMIT	87	-1	0.40571	0.00719
EUR_300k	0.4	1.0	covsumrhe	covsumrhe	SUMMIT	88	-1	0.40547	0.00843
EUR_300k	0.4	1.0	covsumrhe	covsumrhe	SUMMIT	89	-1	0.40433	0.00668
EUR_300k	0.4	1.0	covsumrhe	covsumrhe	SUMMIT	90	-1	0.41147	0.01025
EUR_300k	0.4	1.0	covsumrhe	covsumrhe	SUMMIT	91	-1	0.3977	0.00636
EUR_300k	0.4	1.0	covsumrhe	covsumrhe	SUMMIT	92	-1	0.40364	0.00932
EUR_300k	0.4	1.0	covsumrhe	covsumrhe	SUMMIT	93	-1	0.40705	0.00909
EUR_300k	0.4	1.0	covsumrhe	covsumrhe	SUMMIT	94	-1	0.42078	0.01576
EUR_300k	0.4	1.0	covsumrhe	covsumrhe	SUMMIT	95	-1	0.39028	0.00814
EUR_300k	0.4	1.0	covsumrhe	covsumrhe	SUMMIT	96	-1	0.40004	0.00688
EUR_300k	0.4	1.0	covsumrhe	covsumrhe	SUMMIT	97	-1	0.41235	0.00701
EUR_300k	0.4	1.0	covsumrhe	covsumrhe	SUMMIT	98	-1	0.39529	0.00614
EUR_300k	0.4	1.0	covsumrhe	covsumrhe	SUMMIT	99	-1	0.38238	0.00651
EUR_300k	0.4	1.0	covldsc	covldsc	cov-LDSC	0	20000	0.4009	0.0093
EUR_300k	0.4	1.0	covldsc	covldsc	cov-LDSC	1	20000	0.3958	0.0089
EUR_300k	0.4	1.0	covldsc	covldsc	cov-LDSC	2	20000	0.3992	0.0092
EUR_300k	0.4	1.0	covldsc	covldsc	cov-LDSC	3	20000	0.3872	0.0083
EUR_300k	0.4	1.0	covldsc	covldsc	cov-LDSC	4	20000	0.3951	0.0079
EUR_300k	0.4	1.0	covldsc	covldsc	cov-LDSC	5	20000	0.4056	0.0087
EUR_300k	0.4	1.0	covldsc	covldsc	cov-LDSC	6	20000	0.3876	0.0086
EUR_300k	0.4	1.0	covldsc	covldsc	cov-LDSC	7	20000	0.3964	0.0087
EUR_300k	0.4	1.0	covldsc	covldsc	cov-LDSC	8	20000	0.4086	0.0091
EUR_300k	0.4	1.0	covldsc	covldsc	cov-LDSC	9	20000	0.3895	0.0089
EUR_300k	0.4	1.0	covldsc	covldsc	cov-LDSC	10	20000	0.3892	0.0088
EUR_300k	0.4	1.0	covldsc	covldsc	cov-LDSC	11	20000	0.3822	0.0081
EUR_300k	0.4	1.0	covldsc	covldsc	cov-LDSC	12	20000	0.4065	0.0086
EUR_300k	0.4	1.0	covldsc	covldsc	cov-LDSC	13	20000	0.4013	0.0089
EUR_300k	0.4	1.0	covldsc	covldsc	cov-LDSC	14	20000	0.3929	0.0091
EUR_300k	0.4	1.0	covldsc	covldsc	cov-LDSC	15	20000	0.4009	0.0097
EUR_300k	0.4	1.0	covldsc	covldsc	cov-LDSC	16	20000	0.3921	0.0088
EUR_300k	0.4	1.0	covldsc	covldsc	cov-LDSC	17	20000	0.3951	0.0092
EUR_300k	0.4	1.0	covldsc	covldsc	cov-LDSC	18	20000	0.3914	0.0093
EUR_300k	0.4	1.0	covldsc	covldsc	cov-LDSC	19	20000	0.379	0.0094
EUR_300k	0.4	1.0	covldsc	covldsc	cov-LDSC	20	20000	0.3907	0.0093
EUR_300k	0.4	1.0	covldsc	covldsc	cov-LDSC	21	20000	0.3923	0.0092
EUR_300k	0.4	1.0	covldsc	covldsc	cov-LDSC	22	20000	0.4013	0.009
EUR_300k	0.4	1.0	covldsc	covldsc	cov-LDSC	23	20000	0.3934	0.0093
EUR_300k	0.4	1.0	covldsc	covldsc	cov-LDSC	24	20000	0.4057	0.0107
EUR_300k	0.4	1.0	covldsc	covldsc	cov-LDSC	25	20000	0.3882	0.0082
EUR_300k	0.4	1.0	covldsc	covldsc	cov-LDSC	26	20000	0.4036	0.0083
EUR_300k	0.4	1.0	covldsc	covldsc	cov-LDSC	27	20000	0.4139	0.0096
EUR_300k	0.4	1.0	covldsc	covldsc	cov-LDSC	28	20000	0.3946	0.008
EUR_300k	0.4	1.0	covldsc	covldsc	cov-LDSC	29	20000	0.383	0.0088
EUR_300k	0.4	1.0	covldsc	covldsc	cov-LDSC	30	20000	0.3877	0.0085
EUR_300k	0.4	1.0	covldsc	covldsc	cov-LDSC	31	20000	0.4087	0.0095
EUR_300k	0.4	1.0	covldsc	covldsc	cov-LDSC	32	20000	0.3874	0.009
EUR_300k	0.4	1.0	covldsc	covldsc	cov-LDSC	33	20000	0.4141	0.0076
EUR_300k	0.4	1.0	covldsc	covldsc	cov-LDSC	34	20000	0.3982	0.0082
EUR_300k	0.4	1.0	covldsc	covldsc	cov-LDSC	35	20000	0.3765	0.0095
EUR_300k	0.4	1.0	covldsc	covldsc	cov-LDSC	36	20000	0.3912	0.0089
EUR_300k	0.4	1.0	covldsc	covldsc	cov-LDSC	37	20000	0.3902	0.0103
EUR_300k	0.4	1.0	covldsc	covldsc	cov-LDSC	38	20000	0.3924	0.0087
EUR_300k	0.4	1.0	covldsc	covldsc	cov-LDSC	39	20000	0.3858	0.0087
EUR_300k	0.4	1.0	covldsc	covldsc	cov-LDSC	40	20000	0.4008	0.0092
EUR_300k	0.4	1.0	covldsc	covldsc	cov-LDSC	41	20000	0.401	0.0096
EUR_300k	0.4	1.0	covldsc	covldsc	cov-LDSC	42	20000	0.3814	0.0091
EUR_300k	0.4	1.0	covldsc	covldsc	cov-LDSC	43	20000	0.3899	0.0092
EUR_300k	0.4	1.0	covldsc	covldsc	cov-LDSC	44	20000	0.3934	0.0092
EUR_300k	0.4	1.0	covldsc	covldsc	cov-LDSC	45	20000	0.384	0.0086
EUR_300k	0.4	1.0	covldsc	covldsc	cov-LDSC	46	20000	0.3941	0.0098
EUR_300k	0.4	1.0	covldsc	covldsc	cov-LDSC	47	20000	0.3973	0.0096
EUR_300k	0.4	1.0	covldsc	covldsc	cov-LDSC	48	20000	0.3936	0.0088
EUR_300k	0.4	1.0	covldsc	covldsc	cov-LDSC	49	20000	0.4008	0.009
EUR_300k	0.4	1.0	covldsc	covldsc	cov-LDSC	50	20000	0.3875	0.0091
EUR_300k	0.4	1.0	covldsc	covldsc	cov-LDSC	51	20000	0.3969	0.0091
EUR_300k	0.4	1.0	covldsc	covldsc	cov-LDSC	52	20000	0.4037	0.0091
EUR_300k	0.4	1.0	covldsc	covldsc	cov-LDSC	53	20000	0.3944	0.009
EUR_300k	0.4	1.0	covldsc	covldsc	cov-LDSC	54	20000	0.392	0.0089
EUR_300k	0.4	1.0	covldsc	covldsc	cov-LDSC	55	20000	0.3978	0.0085
EUR_300k	0.4	1.0	covldsc	covldsc	cov-LDSC	56	20000	0.3802	0.009
EUR_300k	0.4	1.0	covldsc	covldsc	cov-LDSC	57	20000	0.4033	0.0087
EUR_300k	0.4	1.0	covldsc	covldsc	cov-LDSC	58	20000	0.3961	0.0088
EUR_300k	0.4	1.0	covldsc	covldsc	cov-LDSC	59	20000	0.3933	0.0088
EUR_300k	0.4	1.0	covldsc	covldsc	cov-LDSC	60	20000	0.3952	0.0087
EUR_300k	0.4	1.0	covldsc	covldsc	cov-LDSC	61	20000	0.3981	0.0086
EUR_300k	0.4	1.0	covldsc	covldsc	cov-LDSC	62	20000	0.3892	0.0087
EUR_300k	0.4	1.0	covldsc	covldsc	cov-LDSC	63	20000	0.391	0.0094
EUR_300k	0.4	1.0	covldsc	covldsc	cov-LDSC	64	20000	0.3907	0.009
EUR_300k	0.4	1.0	covldsc	covldsc	cov-LDSC	65	20000	0.3905	0.0087
EUR_300k	0.4	1.0	covldsc	covldsc	cov-LDSC	66	20000	0.3962	0.0088
EUR_300k	0.4	1.0	covldsc	covldsc	cov-LDSC	67	20000	0.3916	0.0083
EUR_300k	0.4	1.0	covldsc	covldsc	cov-LDSC	68	20000	0.3963	0.0087
EUR_300k	0.4	1.0	covldsc	covldsc	cov-LDSC	69	20000	0.3791	0.0077
EUR_300k	0.4	1.0	covldsc	covldsc	cov-LDSC	70	20000	0.3968	0.0092
EUR_300k	0.4	1.0	covldsc	covldsc	cov-LDSC	71	20000	0.4	0.0098
EUR_300k	0.4	1.0	covldsc	covldsc	cov-LDSC	72	20000	0.413	0.0094
EUR_300k	0.4	1.0	covldsc	covldsc	cov-LDSC	73	20000	0.4011	0.0095
EUR_300k	0.4	1.0	covldsc	covldsc	cov-LDSC	74	20000	0.394	0.0092
EUR_300k	0.4	1.0	covldsc	covldsc	cov-LDSC	75	20000	0.3774	0.009
EUR_300k	0.4	1.0	covldsc	covldsc	cov-LDSC	76	20000	0.3695	0.0091
EUR_300k	0.4	1.0	covldsc	covldsc	cov-LDSC	77	20000	0.3971	0.0094
EUR_300k	0.4	1.0	covldsc	covldsc	cov-LDSC	78	20000	0.3827	0.009
EUR_300k	0.4	1.0	covldsc	covldsc	cov-LDSC	79	20000	0.4023	0.0079
EUR_300k	0.4	1.0	covldsc	covldsc	cov-LDSC	80	20000	0.3904	0.0088
EUR_300k	0.4	1.0	covldsc	covldsc	cov-LDSC	81	20000	0.4046	0.0075
EUR_300k	0.4	1.0	covldsc	covldsc	cov-LDSC	82	20000	0.4014	0.0086
EUR_300k	0.4	1.0	covldsc	covldsc	cov-LDSC	83	20000	0.3746	0.0089
EUR_300k	0.4	1.0	covldsc	covldsc	cov-LDSC	84	20000	0.378	0.0088
EUR_300k	0.4	1.0	covldsc	covldsc	cov-LDSC	85	20000	0.4077	0.0092
EUR_300k	0.4	1.0	covldsc	covldsc	cov-LDSC	86	20000	0.4036	0.0092
EUR_300k	0.4	1.0	covldsc	covldsc	cov-LDSC	87	20000	0.4044	0.0097
EUR_300k	0.4	1.0	covldsc	covldsc	cov-LDSC	88	20000	0.4035	0.0086
EUR_300k	0.4	1.0	covldsc	covldsc	cov-LDSC	89	20000	0.3947	0.0099
EUR_300k	0.4	1.0	covldsc	covldsc	cov-LDSC	90	20000	0.4057	0.0095
EUR_300k	0.4	1.0	covldsc	covldsc	cov-LDSC	91	20000	0.3947	0.0087
EUR_300k	0.4	1.0	covldsc	covldsc	cov-LDSC	92	20000	0.3905	0.0087
EUR_300k	0.4	1.0	covldsc	covldsc	cov-LDSC	93	20000	0.3921	0.0094
EUR_300k	0.4	1.0	covldsc	covldsc	cov-LDSC	94	20000	0.3965	0.0083
EUR_300k	0.4	1.0	covldsc	covldsc	cov-LDSC	95	20000	0.3843	0.009
EUR_300k	0.4	1.0	covldsc	covldsc	cov-LDSC	96	20000	0.4034	0.0084
EUR_300k	0.4	1.0	covldsc	covldsc	cov-LDSC	97	20000	0.4104	0.0089
EUR_300k	0.4	1.0	covldsc	covldsc	cov-LDSC	98	20000	0.3768	0.0086
EUR_300k	0.4	1.0	covldsc	covldsc	cov-LDSC	99	20000	0.3788	0.0082
EUR_300k	0.4	1.0	ldsc	ldsc_50000	LDSC	0	50000	0.4014	0.0092
EUR_300k	0.4	1.0	ldsc	ldsc_50000	LDSC	1	50000	0.3942	0.0089
EUR_300k	0.4	1.0	ldsc	ldsc_50000	LDSC	2	50000	0.3986	0.0092
EUR_300k	0.4	1.0	ldsc	ldsc_50000	LDSC	3	50000	0.3875	0.0085
EUR_300k	0.4	1.0	ldsc	ldsc_50000	LDSC	4	50000	0.3938	0.008
EUR_300k	0.4	1.0	ldsc	ldsc_50000	LDSC	5	50000	0.4067	0.0089
EUR_300k	0.4	1.0	ldsc	ldsc_50000	LDSC	6	50000	0.3883	0.0086
EUR_300k	0.4	1.0	ldsc	ldsc_50000	LDSC	7	50000	0.3959	0.0086
EUR_300k	0.4	1.0	ldsc	ldsc_50000	LDSC	8	50000	0.4094	0.0091
EUR_300k	0.4	1.0	ldsc	ldsc_50000	LDSC	9	50000	0.3886	0.009
EUR_300k	0.4	1.0	ldsc	ldsc_50000	LDSC	10	50000	0.3908	0.009
EUR_300k	0.4	1.0	ldsc	ldsc_50000	LDSC	11	50000	0.3824	0.0083
EUR_300k	0.4	1.0	ldsc	ldsc_50000	LDSC	12	50000	0.4063	0.0086
EUR_300k	0.4	1.0	ldsc	ldsc_50000	LDSC	13	50000	0.4007	0.0089
EUR_300k	0.4	1.0	ldsc	ldsc_50000	LDSC	14	50000	0.3985	0.0091
EUR_300k	0.4	1.0	ldsc	ldsc_50000	LDSC	15	50000	0.3997	0.0098
EUR_300k	0.4	1.0	ldsc	ldsc_50000	LDSC	16	50000	0.3932	0.0089
EUR_300k	0.4	1.0	ldsc	ldsc_50000	LDSC	17	50000	0.3999	0.0092
EUR_300k	0.4	1.0	ldsc	ldsc_50000	LDSC	18	50000	0.3898	0.0093
EUR_300k	0.4	1.0	ldsc	ldsc_50000	LDSC	19	50000	0.3795	0.0096
EUR_300k	0.4	1.0	ldsc	ldsc_50000	LDSC	20	50000	0.3914	0.0093
EUR_300k	0.4	1.0	ldsc	ldsc_50000	LDSC	21	50000	0.3948	0.0094
EUR_300k	0.4	1.0	ldsc	ldsc_50000	LDSC	22	50000	0.4034	0.009
EUR_300k	0.4	1.0	ldsc	ldsc_50000	LDSC	23	50000	0.3928	0.0094
EUR_300k	0.4	1.0	ldsc	ldsc_50000	LDSC	24	50000	0.4063	0.0109
EUR_300k	0.4	1.0	ldsc	ldsc_50000	LDSC	25	50000	0.3885	0.0082
EUR_300k	0.4	1.0	ldsc	ldsc_50000	LDSC	26	50000	0.4022	0.0083
EUR_300k	0.4	1.0	ldsc	ldsc_50000	LDSC	27	50000	0.4145	0.0095
EUR_300k	0.4	1.0	ldsc	ldsc_50000	LDSC	28	50000	0.3979	0.0082
EUR_300k	0.4	1.0	ldsc	ldsc_50000	LDSC	29	50000	0.3821	0.0087
EUR_300k	0.4	1.0	ldsc	ldsc_50000	LDSC	30	50000	0.3878	0.0086
EUR_300k	0.4	1.0	ldsc	ldsc_50000	LDSC	31	50000	0.4112	0.0098
EUR_300k	0.4	1.0	ldsc	ldsc_50000	LDSC	32	50000	0.3917	0.0092
EUR_300k	0.4	1.0	ldsc	ldsc_50000	LDSC	33	50000	0.4186	0.0077
EUR_300k	0.4	1.0	ldsc	ldsc_50000	LDSC	34	50000	0.3976	0.0083
EUR_300k	0.4	1.0	ldsc	ldsc_50000	LDSC	35	50000	0.3759	0.0097
EUR_300k	0.4	1.0	ldsc	ldsc_50000	LDSC	36	50000	0.3949	0.009
EUR_300k	0.4	1.0	ldsc	ldsc_50000	LDSC	37	50000	0.3934	0.0103
EUR_300k	0.4	1.0	ldsc	ldsc_50000	LDSC	38	50000	0.3948	0.0089
EUR_300k	0.4	1.0	ldsc	ldsc_50000	LDSC	39	50000	0.3867	0.009
EUR_300k	0.4	1.0	ldsc	ldsc_50000	LDSC	40	50000	0.4041	0.0096
EUR_300k	0.4	1.0	ldsc	ldsc_50000	LDSC	41	50000	0.4093	0.0108
EUR_300k	0.4	1.0	ldsc	ldsc_50000	LDSC	42	50000	0.3831	0.0092
EUR_300k	0.4	1.0	ldsc	ldsc_50000	LDSC	43	50000	0.3919	0.0095
EUR_300k	0.4	1.0	ldsc	ldsc_50000	LDSC	44	50000	0.3939	0.0091
EUR_300k	0.4	1.0	ldsc	ldsc_50000	LDSC	45	50000	0.3847	0.009
EUR_300k	0.4	1.0	ldsc	ldsc_50000	LDSC	46	50000	0.3971	0.0099
EUR_300k	0.4	1.0	ldsc	ldsc_50000	LDSC	47	50000	0.3983	0.0098
EUR_300k	0.4	1.0	ldsc	ldsc_50000	LDSC	48	50000	0.393	0.0088
EUR_300k	0.4	1.0	ldsc	ldsc_50000	LDSC	49	50000	0.4036	0.009
EUR_300k	0.4	1.0	ldsc	ldsc_50000	LDSC	50	50000	0.3887	0.0091
EUR_300k	0.4	1.0	ldsc	ldsc_50000	LDSC	51	50000	0.4003	0.0093
EUR_300k	0.4	1.0	ldsc	ldsc_50000	LDSC	52	50000	0.4063	0.009
EUR_300k	0.4	1.0	ldsc	ldsc_50000	LDSC	53	50000	0.3933	0.009
EUR_300k	0.4	1.0	ldsc	ldsc_50000	LDSC	54	50000	0.3901	0.009
EUR_300k	0.4	1.0	ldsc	ldsc_50000	LDSC	55	50000	0.3997	0.0087
EUR_300k	0.4	1.0	ldsc	ldsc_50000	LDSC	56	50000	0.3807	0.0089
EUR_300k	0.4	1.0	ldsc	ldsc_50000	LDSC	57	50000	0.4086	0.0104
EUR_300k	0.4	1.0	ldsc	ldsc_50000	LDSC	58	50000	0.4001	0.0089
EUR_300k	0.4	1.0	ldsc	ldsc_50000	LDSC	59	50000	0.4023	0.009
EUR_300k	0.4	1.0	ldsc	ldsc_50000	LDSC	60	50000	0.3946	0.0087
EUR_300k	0.4	1.0	ldsc	ldsc_50000	LDSC	61	50000	0.3984	0.0087
EUR_300k	0.4	1.0	ldsc	ldsc_50000	LDSC	62	50000	0.3873	0.0089
EUR_300k	0.4	1.0	ldsc	ldsc_50000	LDSC	63	50000	0.3943	0.0098
EUR_300k	0.4	1.0	ldsc	ldsc_50000	LDSC	64	50000	0.3918	0.009
EUR_300k	0.4	1.0	ldsc	ldsc_50000	LDSC	65	50000	0.3897	0.0087
EUR_300k	0.4	1.0	ldsc	ldsc_50000	LDSC	66	50000	0.3981	0.0087
EUR_300k	0.4	1.0	ldsc	ldsc_50000	LDSC	67	50000	0.3934	0.0084
EUR_300k	0.4	1.0	ldsc	ldsc_50000	LDSC	68	50000	0.3961	0.0086
EUR_300k	0.4	1.0	ldsc	ldsc_50000	LDSC	69	50000	0.3789	0.0077
EUR_300k	0.4	1.0	ldsc	ldsc_50000	LDSC	70	50000	0.3966	0.0092
EUR_300k	0.4	1.0	ldsc	ldsc_50000	LDSC	71	50000	0.4004	0.0101
EUR_300k	0.4	1.0	ldsc	ldsc_50000	LDSC	72	50000	0.4122	0.0094
EUR_300k	0.4	1.0	ldsc	ldsc_50000	LDSC	73	50000	0.4058	0.0118
EUR_300k	0.4	1.0	ldsc	ldsc_50000	LDSC	74	50000	0.3939	0.0093
EUR_300k	0.4	1.0	ldsc	ldsc_50000	LDSC	75	50000	0.3779	0.0089
EUR_300k	0.4	1.0	ldsc	ldsc_50000	LDSC	76	50000	0.3706	0.0092
EUR_300k	0.4	1.0	ldsc	ldsc_50000	LDSC	77	50000	0.396	0.0095
EUR_300k	0.4	1.0	ldsc	ldsc_50000	LDSC	78	50000	0.3813	0.0091
EUR_300k	0.4	1.0	ldsc	ldsc_50000	LDSC	79	50000	0.4063	0.0081
EUR_300k	0.4	1.0	ldsc	ldsc_50000	LDSC	80	50000	0.3906	0.0089
EUR_300k	0.4	1.0	ldsc	ldsc_50000	LDSC	81	50000	0.4084	0.0078
EUR_300k	0.4	1.0	ldsc	ldsc_50000	LDSC	82	50000	0.4043	0.0088
EUR_300k	0.4	1.0	ldsc	ldsc_50000	LDSC	83	50000	0.3753	0.0089
EUR_300k	0.4	1.0	ldsc	ldsc_50000	LDSC	84	50000	0.3778	0.0089
EUR_300k	0.4	1.0	ldsc	ldsc_50000	LDSC	85	50000	0.4079	0.0093
EUR_300k	0.4	1.0	ldsc	ldsc_50000	LDSC	86	50000	0.4045	0.0092
EUR_300k	0.4	1.0	ldsc	ldsc_50000	LDSC	87	50000	0.4035	0.0096
EUR_300k	0.4	1.0	ldsc	ldsc_50000	LDSC	88	50000	0.4028	0.0086
EUR_300k	0.4	1.0	ldsc	ldsc_50000	LDSC	89	50000	0.3945	0.0099
EUR_300k	0.4	1.0	ldsc	ldsc_50000	LDSC	90	50000	0.4077	0.0097
EUR_300k	0.4	1.0	ldsc	ldsc_50000	LDSC	91	50000	0.3916	0.0086
EUR_300k	0.4	1.0	ldsc	ldsc_50000	LDSC	92	50000	0.3876	0.0088
EUR_300k	0.4	1.0	ldsc	ldsc_50000	LDSC	93	50000	0.3904	0.0094
EUR_300k	0.4	1.0	ldsc	ldsc_50000	LDSC	94	50000	0.3989	0.0083
EUR_300k	0.4	1.0	ldsc	ldsc_50000	LDSC	95	50000	0.3843	0.009
EUR_300k	0.4	1.0	ldsc	ldsc_50000	LDSC	96	50000	0.4035	0.0084
EUR_300k	0.4	1.0	ldsc	ldsc_50000	LDSC	97	50000	0.4134	0.0093
EUR_300k	0.4	1.0	ldsc	ldsc_50000	LDSC	98	50000	0.3788	0.0089
EUR_300k	0.4	1.0	ldsc	ldsc_50000	LDSC	99	50000	0.383	0.0084
EUR_300k	0.4	0.1	covsumrhe	covsumrhe	SUMMIT	0	-1	0.39088	0.00881
EUR_300k	0.4	0.1	covsumrhe	covsumrhe	SUMMIT	1	-1	0.39547	0.00848
EUR_300k	0.4	0.1	covsumrhe	covsumrhe	SUMMIT	2	-1	0.40755	0.01074
EUR_300k	0.4	0.1	covsumrhe	covsumrhe	SUMMIT	3	-1	0.40419	0.00735
EUR_300k	0.4	0.1	covsumrhe	covsumrhe	SUMMIT	4	-1	0.40625	0.00785
EUR_300k	0.4	0.1	covsumrhe	covsumrhe	SUMMIT	5	-1	0.40508	0.00783
EUR_300k	0.4	0.1	covsumrhe	covsumrhe	SUMMIT	6	-1	0.3867	0.00784
EUR_300k	0.4	0.1	covsumrhe	covsumrhe	SUMMIT	7	-1	0.40562	0.00764
EUR_300k	0.4	0.1	covsumrhe	covsumrhe	SUMMIT	8	-1	0.41084	0.01085
EUR_300k	0.4	0.1	covsumrhe	covsumrhe	SUMMIT	9	-1	0.40023	0.00829
EUR_300k	0.4	0.1	covsumrhe	covsumrhe	SUMMIT	10	-1	0.39992	0.00599
EUR_300k	0.4	0.1	covsumrhe	covsumrhe	SUMMIT	11	-1	0.39596	0.00701
EUR_300k	0.4	0.1	covsumrhe	covsumrhe	SUMMIT	12	-1	0.40516	0.0094
EUR_300k	0.4	0.1	covsumrhe	covsumrhe	SUMMIT	13	-1	0.39738	0.01005
EUR_300k	0.4	0.1	covsumrhe	covsumrhe	SUMMIT	14	-1	0.39111	0.00919
EUR_300k	0.4	0.1	covsumrhe	covsumrhe	SUMMIT	15	-1	0.39845	0.00833
EUR_300k	0.4	0.1	covsumrhe	covsumrhe	SUMMIT	16	-1	0.39495	0.00987
EUR_300k	0.4	0.1	covsumrhe	covsumrhe	SUMMIT	17	-1	0.40531	0.00642
EUR_300k	0.4	0.1	covsumrhe	covsumrhe	SUMMIT	18	-1	0.40451	0.00671
EUR_300k	0.4	0.1	covsumrhe	covsumrhe	SUMMIT	19	-1	0.39117	0.00774
EUR_300k	0.4	0.1	covsumrhe	covsumrhe	SUMMIT	20	-1	0.39571	0.00553
EUR_300k	0.4	0.1	covsumrhe	covsumrhe	SUMMIT	21	-1	0.40204	0.00782
EUR_300k	0.4	0.1	covsumrhe	covsumrhe	SUMMIT	22	-1	0.38816	0.00708
EUR_300k	0.4	0.1	covsumrhe	covsumrhe	SUMMIT	23	-1	0.38849	0.00949
EUR_300k	0.4	0.1	covsumrhe	covsumrhe	SUMMIT	24	-1	0.4186	0.01557
EUR_300k	0.4	0.1	covsumrhe	covsumrhe	SUMMIT	25	-1	0.39737	0.00804
EUR_300k	0.4	0.1	covsumrhe	covsumrhe	SUMMIT	26	-1	0.3947	0.00873
EUR_300k	0.4	0.1	covsumrhe	covsumrhe	SUMMIT	27	-1	0.39889	0.00972
EUR_300k	0.4	0.1	covsumrhe	covsumrhe	SUMMIT	28	-1	0.40681	0.01006
EUR_300k	0.4	0.1	covsumrhe	covsumrhe	SUMMIT	29	-1	0.40336	0.00731
EUR_300k	0.4	0.1	covsumrhe	covsumrhe	SUMMIT	30	-1	0.41433	0.01084
EUR_300k	0.4	0.1	covsumrhe	covsumrhe	SUMMIT	31	-1	0.39756	0.00979
EUR_300k	0.4	0.1	covsumrhe	covsumrhe	SUMMIT	32	-1	0.39695	0.0058
EUR_300k	0.4	0.1	covsumrhe	covsumrhe	SUMMIT	33	-1	0.41162	0.00989
EUR_300k	0.4	0.1	covsumrhe	covsumrhe	SUMMIT	34	-1	0.39636	0.00995
EUR_300k	0.4	0.1	covsumrhe	covsumrhe	SUMMIT	35	-1	0.39026	0.00702
EUR_300k	0.4	0.1	covsumrhe	covsumrhe	SUMMIT	36	-1	0.40729	0.01086
EUR_300k	0.4	0.1	covsumrhe	covsumrhe	SUMMIT	37	-1	0.40831	0.0081
EUR_300k	0.4	0.1	covsumrhe	covsumrhe	SUMMIT	38	-1	0.39244	0.00841
EUR_300k	0.4	0.1	covsumrhe	covsumrhe	SUMMIT	39	-1	0.39698	0.01128
EUR_300k	0.4	0.1	covsumrhe	covsumrhe	SUMMIT	40	-1	0.4045	0.00784
EUR_300k	0.4	0.1	covsumrhe	covsumrhe	SUMMIT	41	-1	0.39697	0.00731
EUR_300k	0.4	0.1	covsumrhe	covsumrhe	SUMMIT	42	-1	0.40592	0.00737
EUR_300k	0.4	0.1	covsumrhe	covsumrhe	SUMMIT	43	-1	0.38989	0.00908
EUR_300k	0.4	0.1	covsumrhe	covsumrhe	SUMMIT	44	-1	0.40017	0.00631
EUR_300k	0.4	0.1	covsumrhe	covsumrhe	SUMMIT	45	-1	0.39701	0.00495
EUR_300k	0.4	0.1	covsumrhe	covsumrhe	SUMMIT	46	-1	0.39493	0.0079
EUR_300k	0.4	0.1	covsumrhe	covsumrhe	SUMMIT	47	-1	0.39776	0.00859
EUR_300k	0.4	0.1	covsumrhe	covsumrhe	SUMMIT	48	-1	0.4047	0.00905
EUR_300k	0.4	0.1	covsumrhe	covsumrhe	SUMMIT	49	-1	0.3983	0.00849
EUR_300k	0.4	0.1	covsumrhe	covsumrhe	SUMMIT	50	-1	0.40978	0.00924
EUR_300k	0.4	0.1	covsumrhe	covsumrhe	SUMMIT	51	-1	0.41464	0.01355
EUR_300k	0.4	0.1	covsumrhe	covsumrhe	SUMMIT	52	-1	0.40084	0.00873
EUR_300k	0.4	0.1	covsumrhe	covsumrhe	SUMMIT	53	-1	0.40599	0.00883
EUR_300k	0.4	0.1	covsumrhe	covsumrhe	SUMMIT	54	-1	0.38859	0.0071
EUR_300k	0.4	0.1	covsumrhe	covsumrhe	SUMMIT	55	-1	0.40446	0.00917
EUR_300k	0.4	0.1	covsumrhe	covsumrhe	SUMMIT	56	-1	0.40324	0.00668
EUR_300k	0.4	0.1	covsumrhe	covsumrhe	SUMMIT	57	-1	0.3975	0.00697
EUR_300k	0.4	0.1	covsumrhe	covsumrhe	SUMMIT	58	-1	0.4125	0.01345
EUR_300k	0.4	0.1	covsumrhe	covsumrhe	SUMMIT	59	-1	0.39642	0.00695
EUR_300k	0.4	0.1	covsumrhe	covsumrhe	SUMMIT	60	-1	0.40165	0.00715
EUR_300k	0.4	0.1	covsumrhe	covsumrhe	SUMMIT	61	-1	0.40564	0.00914
EUR_300k	0.4	0.1	covsumrhe	covsumrhe	SUMMIT	62	-1	0.40095	0.00696
EUR_300k	0.4	0.1	covsumrhe	covsumrhe	SUMMIT	63	-1	0.4064	0.00926
EUR_300k	0.4	0.1	covsumrhe	covsumrhe	SUMMIT	64	-1	0.39524	0.00922
EUR_300k	0.4	0.1	covsumrhe	covsumrhe	SUMMIT	65	-1	0.40041	0.00827
EUR_300k	0.4	0.1	covsumrhe	covsumrhe	SUMMIT	66	-1	0.39008	0.0055
EUR_300k	0.4	0.1	covsumrhe	covsumrhe	SUMMIT	67	-1	0.39221	0.00894
EUR_300k	0.4	0.1	covsumrhe	covsumrhe	SUMMIT	68	-1	0.39891	0.00615
EUR_300k	0.4	0.1	covsumrhe	covsumrhe	SUMMIT	69	-1	0.39807	0.01008
EUR_300k	0.4	0.1	covsumrhe	covsumrhe	SUMMIT	70	-1	0.39224	0.00944
EUR_300k	0.4	0.1	covsumrhe	covsumrhe	SUMMIT	71	-1	0.40111	0.0072
EUR_300k	0.4	0.1	covsumrhe	covsumrhe	SUMMIT	72	-1	0.39157	0.00786
EUR_300k	0.4	0.1	covsumrhe	covsumrhe	SUMMIT	73	-1	0.41008	0.00981
EUR_300k	0.4	0.1	covsumrhe	covsumrhe	SUMMIT	74	-1	0.3902	0.00826
EUR_300k	0.4	0.1	covsumrhe	covsumrhe	SUMMIT	75	-1	0.41199	0.0087
EUR_300k	0.4	0.1	covsumrhe	covsumrhe	SUMMIT	76	-1	0.39124	0.0082
EUR_300k	0.4	0.1	covsumrhe	covsumrhe	SUMMIT	77	-1	0.38973	0.00652
EUR_300k	0.4	0.1	covsumrhe	covsumrhe	SUMMIT	78	-1	0.40152	0.00785
EUR_300k	0.4	0.1	covsumrhe	covsumrhe	SUMMIT	79	-1	0.39146	0.0066
EUR_300k	0.4	0.1	covsumrhe	covsumrhe	SUMMIT	80	-1	0.40687	0.00799
EUR_300k	0.4	0.1	covsumrhe	covsumrhe	SUMMIT	81	-1	0.39605	0.00715
EUR_300k	0.4	0.1	covsumrhe	covsumrhe	SUMMIT	82	-1	0.4011	0.00706
EUR_300k	0.4	0.1	covsumrhe	covsumrhe	SUMMIT	83	-1	0.38986	0.00779
EUR_300k	0.4	0.1	covsumrhe	covsumrhe	SUMMIT	84	-1	0.39418	0.00672
EUR_300k	0.4	0.1	covsumrhe	covsumrhe	SUMMIT	85	-1	0.39994	0.00801
EUR_300k	0.4	0.1	covsumrhe	covsumrhe	SUMMIT	86	-1	0.39153	0.00866
EUR_300k	0.4	0.1	covsumrhe	covsumrhe	SUMMIT	87	-1	0.39603	0.00572
EUR_300k	0.4	0.1	covsumrhe	covsumrhe	SUMMIT	88	-1	0.39667	0.00706
EUR_300k	0.4	0.1	covsumrhe	covsumrhe	SUMMIT	89	-1	0.41029	0.01239
EUR_300k	0.4	0.1	covsumrhe	covsumrhe	SUMMIT	90	-1	0.40846	0.01044
EUR_300k	0.4	0.1	covsumrhe	covsumrhe	SUMMIT	91	-1	0.39447	0.0058
EUR_300k	0.4	0.1	covsumrhe	covsumrhe	SUMMIT	92	-1	0.40618	0.00907
EUR_300k	0.4	0.1	covsumrhe	covsumrhe	SUMMIT	93	-1	0.38745	0.0068
EUR_300k	0.4	0.1	covsumrhe	covsumrhe	SUMMIT	94	-1	0.39369	0.00572
EUR_300k	0.4	0.1	covsumrhe	covsumrhe	SUMMIT	95	-1	0.42078	0.01353
EUR_300k	0.4	0.1	covsumrhe	covsumrhe	SUMMIT	96	-1	0.3897	0.007
EUR_300k	0.4	0.1	covsumrhe	covsumrhe	SUMMIT	97	-1	0.39404	0.00627
EUR_300k	0.4	0.1	covsumrhe	covsumrhe	SUMMIT	98	-1	0.40261	0.00645
EUR_300k	0.4	0.1	covsumrhe	covsumrhe	SUMMIT	99	-1	0.4032	0.01106
EUR_300k	0.4	0.1	covldsc	covldsc	cov-LDSC	0	20000	0.3906	0.0107
EUR_300k	0.4	0.1	covldsc	covldsc	cov-LDSC	1	20000	0.3751	0.0103
EUR_300k	0.4	0.1	covldsc	covldsc	cov-LDSC	2	20000	0.3906	0.0097
EUR_300k	0.4	0.1	covldsc	covldsc	cov-LDSC	3	20000	0.3945	0.0096
EUR_300k	0.4	0.1	covldsc	covldsc	cov-LDSC	4	20000	0.4005	0.0104
EUR_300k	0.4	0.1	covldsc	covldsc	cov-LDSC	5	20000	0.3952	0.0097
EUR_300k	0.4	0.1	covldsc	covldsc	cov-LDSC	6	20000	0.3861	0.0103
EUR_300k	0.4	0.1	covldsc	covldsc	cov-LDSC	7	20000	0.394	0.0105
EUR_300k	0.4	0.1	covldsc	covldsc	cov-LDSC	8	20000	0.3884	0.0091
EUR_300k	0.4	0.1	covldsc	covldsc	cov-LDSC	9	20000	0.3989	0.01
EUR_300k	0.4	0.1	covldsc	covldsc	cov-LDSC	10	20000	0.3979	0.0103
EUR_300k	0.4	0.1	covldsc	covldsc	cov-LDSC	11	20000	0.3759	0.0099
EUR_300k	0.4	0.1	covldsc	covldsc	cov-LDSC	12	20000	0.3928	0.0097
EUR_300k	0.4	0.1	covldsc	covldsc	cov-LDSC	13	20000	0.3886	0.0104
EUR_300k	0.4	0.1	covldsc	covldsc	cov-LDSC	14	20000	0.39	0.0103
EUR_300k	0.4	0.1	covldsc	covldsc	cov-LDSC	15	20000	0.3879	0.0099
EUR_300k	0.4	0.1	covldsc	covldsc	cov-LDSC	16	20000	0.388	0.0102
EUR_300k	0.4	0.1	covldsc	covldsc	cov-LDSC	17	20000	0.4134	0.0094
EUR_300k	0.4	0.1	covldsc	covldsc	cov-LDSC	18	20000	0.404	0.0096
EUR_300k	0.4	0.1	covldsc	covldsc	cov-LDSC	19	20000	0.3763	0.0104
EUR_300k	0.4	0.1	covldsc	covldsc	cov-LDSC	20	20000	0.3859	0.0106
EUR_300k	0.4	0.1	covldsc	covldsc	cov-LDSC	21	20000	0.4013	0.01
EUR_300k	0.4	0.1	covldsc	covldsc	cov-LDSC	22	20000	0.3616	0.0102
EUR_300k	0.4	0.1	covldsc	covldsc	cov-LDSC	23	20000	0.3986	0.0096
EUR_300k	0.4	0.1	covldsc	covldsc	cov-LDSC	24	20000	0.3981	0.0101
EUR_300k	0.4	0.1	covldsc	covldsc	cov-LDSC	25	20000	0.3786	0.0093
EUR_300k	0.4	0.1	covldsc	covldsc	cov-LDSC	26	20000	0.4023	0.0095
EUR_300k	0.4	0.1	covldsc	covldsc	cov-LDSC	27	20000	0.3852	0.0097
EUR_300k	0.4	0.1	covldsc	covldsc	cov-LDSC	28	20000	0.386	0.0103
EUR_300k	0.4	0.1	covldsc	covldsc	cov-LDSC	29	20000	0.3897	0.0094
EUR_300k	0.4	0.1	covldsc	covldsc	cov-LDSC	30	20000	0.3954	0.0104
EUR_300k	0.4	0.1	covldsc	covldsc	cov-LDSC	31	20000	0.3787	0.0098
EUR_300k	0.4	0.1	covldsc	covldsc	cov-LDSC	32	20000	0.3907	0.0103
EUR_300k	0.4	0.1	covldsc	covldsc	cov-LDSC	33	20000	0.395	0.0105
EUR_300k	0.4	0.1	covldsc	covldsc	cov-LDSC	34	20000	0.3867	0.0108
EUR_300k	0.4	0.1	covldsc	covldsc	cov-LDSC	35	20000	0.3803	0.0098
EUR_300k	0.4	0.1	covldsc	covldsc	cov-LDSC	36	20000	0.3788	0.0101
EUR_300k	0.4	0.1	covldsc	covldsc	cov-LDSC	37	20000	0.3978	0.0102
EUR_300k	0.4	0.1	covldsc	covldsc	cov-LDSC	38	20000	0.3843	0.0106
EUR_300k	0.4	0.1	covldsc	covldsc	cov-LDSC	39	20000	0.3854	0.0107
EUR_300k	0.4	0.1	covldsc	covldsc	cov-LDSC	40	20000	0.3921	0.0102
EUR_300k	0.4	0.1	covldsc	covldsc	cov-LDSC	41	20000	0.3886	0.0109
EUR_300k	0.4	0.1	covldsc	covldsc	cov-LDSC	42	20000	0.4009	0.0114
EUR_300k	0.4	0.1	covldsc	covldsc	cov-LDSC	43	20000	0.3833	0.0105
EUR_300k	0.4	0.1	covldsc	covldsc	cov-LDSC	44	20000	0.3869	0.0104
EUR_300k	0.4	0.1	covldsc	covldsc	cov-LDSC	45	20000	0.3887	0.0096
EUR_300k	0.4	0.1	covldsc	covldsc	cov-LDSC	46	20000	0.395	0.0099
EUR_300k	0.4	0.1	covldsc	covldsc	cov-LDSC	47	20000	0.3958	0.0107
EUR_300k	0.4	0.1	covldsc	covldsc	cov-LDSC	48	20000	0.3886	0.01
EUR_300k	0.4	0.1	covldsc	covldsc	cov-LDSC	49	20000	0.3867	0.0093
EUR_300k	0.4	0.1	covldsc	covldsc	cov-LDSC	50	20000	0.3924	0.0103
EUR_300k	0.4	0.1	covldsc	covldsc	cov-LDSC	51	20000	0.3777	0.0105
EUR_300k	0.4	0.1	covldsc	covldsc	cov-LDSC	52	20000	0.3994	0.0103
EUR_300k	0.4	0.1	covldsc	covldsc	cov-LDSC	53	20000	0.3913	0.0102
EUR_300k	0.4	0.1	covldsc	covldsc	cov-LDSC	54	20000	0.3706	0.0095
EUR_300k	0.4	0.1	covldsc	covldsc	cov-LDSC	55	20000	0.3956	0.011
EUR_300k	0.4	0.1	covldsc	covldsc	cov-LDSC	56	20000	0.407	0.0104
EUR_300k	0.4	0.1	covldsc	covldsc	cov-LDSC	57	20000	0.3786	0.01
EUR_300k	0.4	0.1	covldsc	covldsc	cov-LDSC	58	20000	0.3751	0.0099
EUR_300k	0.4	0.1	covldsc	covldsc	cov-LDSC	59	20000	0.3869	0.0105
EUR_300k	0.4	0.1	covldsc	covldsc	cov-LDSC	60	20000	0.3938	0.0105
EUR_300k	0.4	0.1	covldsc	covldsc	cov-LDSC	61	20000	0.4042	0.0098
EUR_300k	0.4	0.1	covldsc	covldsc	cov-LDSC	62	20000	0.3825	0.0099
EUR_300k	0.4	0.1	covldsc	covldsc	cov-LDSC	63	20000	0.4079	0.0114
EUR_300k	0.4	0.1	covldsc	covldsc	cov-LDSC	64	20000	0.3795	0.0102
EUR_300k	0.4	0.1	covldsc	covldsc	cov-LDSC	65	20000	0.3944	0.0107
EUR_300k	0.4	0.1	covldsc	covldsc	cov-LDSC	66	20000	0.3811	0.0103
EUR_300k	0.4	0.1	covldsc	covldsc	cov-LDSC	67	20000	0.3956	0.0096
EUR_300k	0.4	0.1	covldsc	covldsc	cov-LDSC	68	20000	0.3866	0.0104
EUR_300k	0.4	0.1	covldsc	covldsc	cov-LDSC	69	20000	0.38	0.0099
EUR_300k	0.4	0.1	covldsc	covldsc	cov-LDSC	70	20000	0.3857	0.0097
EUR_300k	0.4	0.1	covldsc	covldsc	cov-LDSC	71	20000	0.4006	0.0111
EUR_300k	0.4	0.1	covldsc	covldsc	cov-LDSC	72	20000	0.3725	0.0101
EUR_300k	0.4	0.1	covldsc	covldsc	cov-LDSC	73	20000	0.3942	0.0108
EUR_300k	0.4	0.1	covldsc	covldsc	cov-LDSC	74	20000	0.3815	0.0104
EUR_300k	0.4	0.1	covldsc	covldsc	cov-LDSC	75	20000	0.3958	0.0107
EUR_300k	0.4	0.1	covldsc	covldsc	cov-LDSC	76	20000	0.3692	0.0099
EUR_300k	0.4	0.1	covldsc	covldsc	cov-LDSC	77	20000	0.3867	0.0097
EUR_300k	0.4	0.1	covldsc	covldsc	cov-LDSC	78	20000	0.3957	0.0097
EUR_300k	0.4	0.1	covldsc	covldsc	cov-LDSC	79	20000	0.3787	0.0109
EUR_300k	0.4	0.1	covldsc	covldsc	cov-LDSC	80	20000	0.405	0.0096
EUR_300k	0.4	0.1	covldsc	covldsc	cov-LDSC	81	20000	0.3945	0.0098
EUR_300k	0.4	0.1	covldsc	covldsc	cov-LDSC	82	20000	0.3886	0.0091
EUR_300k	0.4	0.1	covldsc	covldsc	cov-LDSC	83	20000	0.3839	0.0107
EUR_300k	0.4	0.1	covldsc	covldsc	cov-LDSC	84	20000	0.3784	0.0095
EUR_300k	0.4	0.1	covldsc	covldsc	cov-LDSC	85	20000	0.3913	0.0098
EUR_300k	0.4	0.1	covldsc	covldsc	cov-LDSC	86	20000	0.3873	0.0103
EUR_300k	0.4	0.1	covldsc	covldsc	cov-LDSC	87	20000	0.3996	0.0101
EUR_300k	0.4	0.1	covldsc	covldsc	cov-LDSC	88	20000	0.377	0.011
EUR_300k	0.4	0.1	covldsc	covldsc	cov-LDSC	89	20000	0.3953	0.0096
EUR_300k	0.4	0.1	covldsc	covldsc	cov-LDSC	90	20000	0.3931	0.0102
EUR_300k	0.4	0.1	covldsc	covldsc	cov-LDSC	91	20000	0.3851	0.0101
EUR_300k	0.4	0.1	covldsc	covldsc	cov-LDSC	92	20000	0.3887	0.0106
EUR_300k	0.4	0.1	covldsc	covldsc	cov-LDSC	93	20000	0.3841	0.0102
EUR_300k	0.4	0.1	covldsc	covldsc	cov-LDSC	94	20000	0.39	0.0097
EUR_300k	0.4	0.1	covldsc	covldsc	cov-LDSC	95	20000	0.401	0.0099
EUR_300k	0.4	0.1	covldsc	covldsc	cov-LDSC	96	20000	0.3697	0.0094
EUR_300k	0.4	0.1	covldsc	covldsc	cov-LDSC	97	20000	0.382	0.011
EUR_300k	0.4	0.1	covldsc	covldsc	cov-LDSC	98	20000	0.3948	0.0103
EUR_300k	0.4	0.1	covldsc	covldsc	cov-LDSC	99	20000	0.3878	0.0107
EUR_300k	0.4	0.1	ldsc	ldsc_50000	LDSC	0	50000	0.3887	0.0108
EUR_300k	0.4	0.1	ldsc	ldsc_50000	LDSC	1	50000	0.3738	0.0103
EUR_300k	0.4	0.1	ldsc	ldsc_50000	LDSC	2	50000	0.3898	0.0096
EUR_300k	0.4	0.1	ldsc	ldsc_50000	LDSC	3	50000	0.3951	0.0095
EUR_300k	0.4	0.1	ldsc	ldsc_50000	LDSC	4	50000	0.4	0.0104
EUR_300k	0.4	0.1	ldsc	ldsc_50000	LDSC	5	50000	0.3987	0.01
EUR_300k	0.4	0.1	ldsc	ldsc_50000	LDSC	6	50000	0.3875	0.0102
EUR_300k	0.4	0.1	ldsc	ldsc_50000	LDSC	7	50000	0.395	0.0105
EUR_300k	0.4	0.1	ldsc	ldsc_50000	LDSC	8	50000	0.3871	0.0092
EUR_300k	0.4	0.1	ldsc	ldsc_50000	LDSC	9	50000	0.403	0.0101
EUR_300k	0.4	0.1	ldsc	ldsc_50000	LDSC	10	50000	0.3977	0.0103
EUR_300k	0.4	0.1	ldsc	ldsc_50000	LDSC	11	50000	0.3789	0.0099
EUR_300k	0.4	0.1	ldsc	ldsc_50000	LDSC	12	50000	0.3933	0.0096
EUR_300k	0.4	0.1	ldsc	ldsc_50000	LDSC	13	50000	0.3866	0.0105
EUR_300k	0.4	0.1	ldsc	ldsc_50000	LDSC	14	50000	0.3936	0.0104
EUR_300k	0.4	0.1	ldsc	ldsc_50000	LDSC	15	50000	0.3866	0.0098
EUR_300k	0.4	0.1	ldsc	ldsc_50000	LDSC	16	50000	0.3867	0.0101
EUR_300k	0.4	0.1	ldsc	ldsc_50000	LDSC	17	50000	0.4131	0.0095
EUR_300k	0.4	0.1	ldsc	ldsc_50000	LDSC	18	50000	0.4034	0.0097
EUR_300k	0.4	0.1	ldsc	ldsc_50000	LDSC	19	50000	0.376	0.0105
EUR_300k	0.4	0.1	ldsc	ldsc_50000	LDSC	20	50000	0.3879	0.0108
EUR_300k	0.4	0.1	ldsc	ldsc_50000	LDSC	21	50000	0.4009	0.01
EUR_300k	0.4	0.1	ldsc	ldsc_50000	LDSC	22	50000	0.3639	0.0101
EUR_300k	0.4	0.1	ldsc	ldsc_50000	LDSC	23	50000	0.3997	0.0096
EUR_300k	0.4	0.1	ldsc	ldsc_50000	LDSC	24	50000	0.3971	0.0101
EUR_300k	0.4	0.1	ldsc	ldsc_50000	LDSC	25	50000	0.3821	0.0092
EUR_300k	0.4	0.1	ldsc	ldsc_50000	LDSC	26	50000	0.4056	0.0093
EUR_300k	0.4	0.1	ldsc	ldsc_50000	LDSC	27	50000	0.3847	0.0097
EUR_300k	0.4	0.1	ldsc	ldsc_50000	LDSC	28	50000	0.386	0.0102
EUR_300k	0.4	0.1	ldsc	ldsc_50000	LDSC	29	50000	0.3922	0.0097
EUR_300k	0.4	0.1	ldsc	ldsc_50000	LDSC	30	50000	0.3938	0.0105
EUR_300k	0.4	0.1	ldsc	ldsc_50000	LDSC	31	50000	0.3786	0.0099
EUR_300k	0.4	0.1	ldsc	ldsc_50000	LDSC	32	50000	0.3921	0.0102
EUR_300k	0.4	0.1	ldsc	ldsc_50000	LDSC	33	50000	0.3948	0.0105
EUR_300k	0.4	0.1	ldsc	ldsc_50000	LDSC	34	50000	0.3871	0.0109
EUR_300k	0.4	0.1	ldsc	ldsc_50000	LDSC	35	50000	0.3794	0.0097
EUR_300k	0.4	0.1	ldsc	ldsc_50000	LDSC	36	50000	0.3783	0.0101
EUR_300k	0.4	0.1	ldsc	ldsc_50000	LDSC	37	50000	0.3967	0.0103
EUR_300k	0.4	0.1	ldsc	ldsc_50000	LDSC	38	50000	0.3873	0.011
EUR_300k	0.4	0.1	ldsc	ldsc_50000	LDSC	39	50000	0.3858	0.0108
EUR_300k	0.4	0.1	ldsc	ldsc_50000	LDSC	40	50000	0.392	0.0103
EUR_300k	0.4	0.1	ldsc	ldsc_50000	LDSC	41	50000	0.3889	0.0112
EUR_300k	0.4	0.1	ldsc	ldsc_50000	LDSC	42	50000	0.4002	0.0116
EUR_300k	0.4	0.1	ldsc	ldsc_50000	LDSC	43	50000	0.3879	0.0109
EUR_300k	0.4	0.1	ldsc	ldsc_50000	LDSC	44	50000	0.3879	0.0105
EUR_300k	0.4	0.1	ldsc	ldsc_50000	LDSC	45	50000	0.3876	0.0097
EUR_300k	0.4	0.1	ldsc	ldsc_50000	LDSC	46	50000	0.4081	0.012
EUR_300k	0.4	0.1	ldsc	ldsc_50000	LDSC	47	50000	0.3967	0.0108
EUR_300k	0.4	0.1	ldsc	ldsc_50000	LDSC	48	50000	0.3893	0.01
EUR_300k	0.4	0.1	ldsc	ldsc_50000	LDSC	49	50000	0.388	0.0093
EUR_300k	0.4	0.1	ldsc	ldsc_50000	LDSC	50	50000	0.3911	0.0104
EUR_300k	0.4	0.1	ldsc	ldsc_50000	LDSC	51	50000	0.3795	0.0107
EUR_300k	0.4	0.1	ldsc	ldsc_50000	LDSC	52	50000	0.3999	0.0104
EUR_300k	0.4	0.1	ldsc	ldsc_50000	LDSC	53	50000	0.3922	0.0104
EUR_300k	0.4	0.1	ldsc	ldsc_50000	LDSC	54	50000	0.3741	0.0094
EUR_300k	0.4	0.1	ldsc	ldsc_50000	LDSC	55	50000	0.3945	0.0111
EUR_300k	0.4	0.1	ldsc	ldsc_50000	LDSC	56	50000	0.4067	0.0105
EUR_300k	0.4	0.1	ldsc	ldsc_50000	LDSC	57	50000	0.3796	0.0102
EUR_300k	0.4	0.1	ldsc	ldsc_50000	LDSC	58	50000	0.3737	0.0101
EUR_300k	0.4	0.1	ldsc	ldsc_50000	LDSC	59	50000	0.3863	0.0104
EUR_300k	0.4	0.1	ldsc	ldsc_50000	LDSC	60	50000	0.3944	0.0105
EUR_300k	0.4	0.1	ldsc	ldsc_50000	LDSC	61	50000	0.4031	0.0098
EUR_300k	0.4	0.1	ldsc	ldsc_50000	LDSC	62	50000	0.3842	0.0099
EUR_300k	0.4	0.1	ldsc	ldsc_50000	LDSC	63	50000	0.4079	0.0115
EUR_300k	0.4	0.1	ldsc	ldsc_50000	LDSC	64	50000	0.3855	0.0114
EUR_300k	0.4	0.1	ldsc	ldsc_50000	LDSC	65	50000	0.3942	0.0106
EUR_300k	0.4	0.1	ldsc	ldsc_50000	LDSC	66	50000	0.3801	0.0103
EUR_300k	0.4	0.1	ldsc	ldsc_50000	LDSC	67	50000	0.398	0.0099
EUR_300k	0.4	0.1	ldsc	ldsc_50000	LDSC	68	50000	0.3871	0.0105
EUR_300k	0.4	0.1	ldsc	ldsc_50000	LDSC	69	50000	0.3825	0.0101
EUR_300k	0.4	0.1	ldsc	ldsc_50000	LDSC	70	50000	0.3883	0.0095
EUR_300k	0.4	0.1	ldsc	ldsc_50000	LDSC	71	50000	0.4023	0.0113
EUR_300k	0.4	0.1	ldsc	ldsc_50000	LDSC	72	50000	0.3701	0.01
EUR_300k	0.4	0.1	ldsc	ldsc_50000	LDSC	73	50000	0.3952	0.0108
EUR_300k	0.4	0.1	ldsc	ldsc_50000	LDSC	74	50000	0.3847	0.0109
EUR_300k	0.4	0.1	ldsc	ldsc_50000	LDSC	75	50000	0.3954	0.0109
EUR_300k	0.4	0.1	ldsc	ldsc_50000	LDSC	76	50000	0.3674	0.0099
EUR_300k	0.4	0.1	ldsc	ldsc_50000	LDSC	77	50000	0.3875	0.0096
EUR_300k	0.4	0.1	ldsc	ldsc_50000	LDSC	78	50000	0.3951	0.0096
EUR_300k	0.4	0.1	ldsc	ldsc_50000	LDSC	79	50000	0.3836	0.0109
EUR_300k	0.4	0.1	ldsc	ldsc_50000	LDSC	80	50000	0.4046	0.0096
EUR_300k	0.4	0.1	ldsc	ldsc_50000	LDSC	81	50000	0.3964	0.01
EUR_300k	0.4	0.1	ldsc	ldsc_50000	LDSC	82	50000	0.387	0.009
EUR_300k	0.4	0.1	ldsc	ldsc_50000	LDSC	83	50000	0.3843	0.0107
EUR_300k	0.4	0.1	ldsc	ldsc_50000	LDSC	84	50000	0.3799	0.0097
EUR_300k	0.4	0.1	ldsc	ldsc_50000	LDSC	85	50000	0.3968	0.01
EUR_300k	0.4	0.1	ldsc	ldsc_50000	LDSC	86	50000	0.387	0.0103
EUR_300k	0.4	0.1	ldsc	ldsc_50000	LDSC	87	50000	0.3988	0.0102
EUR_300k	0.4	0.1	ldsc	ldsc_50000	LDSC	88	50000	0.3763	0.011
EUR_300k	0.4	0.1	ldsc	ldsc_50000	LDSC	89	50000	0.3936	0.0096
EUR_300k	0.4	0.1	ldsc	ldsc_50000	LDSC	90	50000	0.391	0.0103
EUR_300k	0.4	0.1	ldsc	ldsc_50000	LDSC	91	50000	0.3927	0.0103
EUR_300k	0.4	0.1	ldsc	ldsc_50000	LDSC	92	50000	0.3972	0.0121
EUR_300k	0.4	0.1	ldsc	ldsc_50000	LDSC	93	50000	0.3854	0.0104
EUR_300k	0.4	0.1	ldsc	ldsc_50000	LDSC	94	50000	0.3897	0.0096
EUR_300k	0.4	0.1	ldsc	ldsc_50000	LDSC	95	50000	0.4023	0.0097
EUR_300k	0.4	0.1	ldsc	ldsc_50000	LDSC	96	50000	0.3708	0.0094
EUR_300k	0.4	0.1	ldsc	ldsc_50000	LDSC	97	50000	0.383	0.0112
EUR_300k	0.4	0.1	ldsc	ldsc_50000	LDSC	98	50000	0.3943	0.0103
EUR_300k	0.4	0.1	ldsc	ldsc_50000	LDSC	99	50000	0.3847	0.0105
EUR_300k	0.4	0.01	covsumrhe	covsumrhe	SUMMIT	0	-1	0.40362	0.01702
EUR_300k	0.4	0.01	covsumrhe	covsumrhe	SUMMIT	1	-1	0.37993	0.01222
EUR_300k	0.4	0.01	covsumrhe	covsumrhe	SUMMIT	2	-1	0.39364	0.011
EUR_300k	0.4	0.01	covsumrhe	covsumrhe	SUMMIT	3	-1	0.39293	0.01027
EUR_300k	0.4	0.01	covsumrhe	covsumrhe	SUMMIT	4	-1	0.39634	0.01408
EUR_300k	0.4	0.01	covsumrhe	covsumrhe	SUMMIT	5	-1	0.38106	0.01164
EUR_300k	0.4	0.01	covsumrhe	covsumrhe	SUMMIT	6	-1	0.38885	0.01318
EUR_300k	0.4	0.01	covsumrhe	covsumrhe	SUMMIT	7	-1	0.39253	0.01166
EUR_300k	0.4	0.01	covsumrhe	covsumrhe	SUMMIT	8	-1	0.40738	0.01526
EUR_300k	0.4	0.01	covsumrhe	covsumrhe	SUMMIT	9	-1	0.3867	0.00873
EUR_300k	0.4	0.01	covsumrhe	covsumrhe	SUMMIT	10	-1	0.3921	0.01377
EUR_300k	0.4	0.01	covsumrhe	covsumrhe	SUMMIT	11	-1	0.40361	0.01208
EUR_300k	0.4	0.01	covsumrhe	covsumrhe	SUMMIT	12	-1	0.39922	0.01219
EUR_300k	0.4	0.01	covsumrhe	covsumrhe	SUMMIT	13	-1	0.39128	0.01316
EUR_300k	0.4	0.01	covsumrhe	covsumrhe	SUMMIT	14	-1	0.40787	0.00862
EUR_300k	0.4	0.01	covsumrhe	covsumrhe	SUMMIT	15	-1	0.3882	0.0098
EUR_300k	0.4	0.01	covsumrhe	covsumrhe	SUMMIT	16	-1	0.39714	0.01366
EUR_300k	0.4	0.01	covsumrhe	covsumrhe	SUMMIT	17	-1	0.38701	0.01133
EUR_300k	0.4	0.01	covsumrhe	covsumrhe	SUMMIT	18	-1	0.3792	0.01354
EUR_300k	0.4	0.01	covsumrhe	covsumrhe	SUMMIT	19	-1	0.41753	0.01257
EUR_300k	0.4	0.01	covsumrhe	covsumrhe	SUMMIT	20	-1	0.40655	0.01176
EUR_300k	0.4	0.01	covsumrhe	covsumrhe	SUMMIT	21	-1	0.40038	0.0113
EUR_300k	0.4	0.01	covsumrhe	covsumrhe	SUMMIT	22	-1	0.3938	0.01362
EUR_300k	0.4	0.01	covsumrhe	covsumrhe	SUMMIT	23	-1	0.39686	0.01064
EUR_300k	0.4	0.01	covsumrhe	covsumrhe	SUMMIT	24	-1	0.38073	0.01255
EUR_300k	0.4	0.01	covsumrhe	covsumrhe	SUMMIT	25	-1	0.39045	0.01411
EUR_300k	0.4	0.01	covsumrhe	covsumrhe	SUMMIT	26	-1	0.39818	0.01265
EUR_300k	0.4	0.01	covsumrhe	covsumrhe	SUMMIT	27	-1	0.40418	0.01348
EUR_300k	0.4	0.01	covsumrhe	covsumrhe	SUMMIT	28	-1	0.38594	0.01241
EUR_300k	0.4	0.01	covsumrhe	covsumrhe	SUMMIT	29	-1	0.40657	0.01012
EUR_300k	0.4	0.01	covsumrhe	covsumrhe	SUMMIT	30	-1	0.38552	0.01442
EUR_300k	0.4	0.01	covsumrhe	covsumrhe	SUMMIT	31	-1	0.39351	0.01242
EUR_300k	0.4	0.01	covsumrhe	covsumrhe	SUMMIT	32	-1	0.42139	0.0125
EUR_300k	0.4	0.01	covsumrhe	covsumrhe	SUMMIT	33	-1	0.39691	0.01119
EUR_300k	0.4	0.01	covsumrhe	covsumrhe	SUMMIT	34	-1	0.39484	0.01169
EUR_300k	0.4	0.01	covsumrhe	covsumrhe	SUMMIT	35	-1	0.41166	0.00984
EUR_300k	0.4	0.01	covsumrhe	covsumrhe	SUMMIT	36	-1	0.40579	0.01074
EUR_300k	0.4	0.01	covsumrhe	covsumrhe	SUMMIT	37	-1	0.39103	0.01299
EUR_300k	0.4	0.01	covsumrhe	covsumrhe	SUMMIT	38	-1	0.38261	0.01143
EUR_300k	0.4	0.01	covsumrhe	covsumrhe	SUMMIT	39	-1	0.39416	0.01401
EUR_300k	0.4	0.01	covsumrhe	covsumrhe	SUMMIT	40	-1	0.41557	0.01817
EUR_300k	0.4	0.01	covsumrhe	covsumrhe	SUMMIT	41	-1	0.40937	0.01318
EUR_300k	0.4	0.01	covsumrhe	covsumrhe	SUMMIT	42	-1	0.39767	0.01425
EUR_300k	0.4	0.01	covsumrhe	covsumrhe	SUMMIT	43	-1	0.41981	0.01989
EUR_300k	0.4	0.01	covsumrhe	covsumrhe	SUMMIT	44	-1	0.39701	0.01301
EUR_300k	0.4	0.01	covsumrhe	covsumrhe	SUMMIT	45	-1	0.41635	0.01776
EUR_300k	0.4	0.01	covsumrhe	covsumrhe	SUMMIT	46	-1	0.40534	0.01492
EUR_300k	0.4	0.01	covsumrhe	covsumrhe	SUMMIT	47	-1	0.39771	0.01188
EUR_300k	0.4	0.01	covsumrhe	covsumrhe	SUMMIT	48	-1	0.38822	0.01056
EUR_300k	0.4	0.01	covsumrhe	covsumrhe	SUMMIT	49	-1	0.38332	0.00937
EUR_300k	0.4	0.01	covsumrhe	covsumrhe	SUMMIT	50	-1	0.40553	0.01443
EUR_300k	0.4	0.01	covsumrhe	covsumrhe	SUMMIT	51	-1	0.38752	0.01498
EUR_300k	0.4	0.01	covsumrhe	covsumrhe	SUMMIT	52	-1	0.41909	0.02383
EUR_300k	0.4	0.01	covsumrhe	covsumrhe	SUMMIT	53	-1	0.41276	0.01094
EUR_300k	0.4	0.01	covsumrhe	covsumrhe	SUMMIT	54	-1	0.41256	0.01685
EUR_300k	0.4	0.01	covsumrhe	covsumrhe	SUMMIT	55	-1	0.40601	0.01425
EUR_300k	0.4	0.01	covsumrhe	covsumrhe	SUMMIT	56	-1	0.42402	0.02867
EUR_300k	0.4	0.01	covsumrhe	covsumrhe	SUMMIT	57	-1	0.40259	0.01609
EUR_300k	0.4	0.01	covsumrhe	covsumrhe	SUMMIT	58	-1	0.38395	0.01161
EUR_300k	0.4	0.01	covsumrhe	covsumrhe	SUMMIT	59	-1	0.37381	0.01068
EUR_300k	0.4	0.01	covsumrhe	covsumrhe	SUMMIT	60	-1	0.39463	0.01391
EUR_300k	0.4	0.01	covsumrhe	covsumrhe	SUMMIT	61	-1	0.39892	0.01416
EUR_300k	0.4	0.01	covsumrhe	covsumrhe	SUMMIT	62	-1	0.40842	0.01297
EUR_300k	0.4	0.01	covsumrhe	covsumrhe	SUMMIT	63	-1	0.385	0.01023
EUR_300k	0.4	0.01	covsumrhe	covsumrhe	SUMMIT	64	-1	0.39224	0.0137
EUR_300k	0.4	0.01	covsumrhe	covsumrhe	SUMMIT	65	-1	0.392	0.01402
EUR_300k	0.4	0.01	covsumrhe	covsumrhe	SUMMIT	66	-1	0.41467	0.01669
EUR_300k	0.4	0.01	covsumrhe	covsumrhe	SUMMIT	67	-1	0.39766	0.01932
EUR_300k	0.4	0.01	covsumrhe	covsumrhe	SUMMIT	68	-1	0.38934	0.01307
EUR_300k	0.4	0.01	covsumrhe	covsumrhe	SUMMIT	69	-1	0.39491	0.015
EUR_300k	0.4	0.01	covsumrhe	covsumrhe	SUMMIT	70	-1	0.41052	0.0131
EUR_300k	0.4	0.01	covsumrhe	covsumrhe	SUMMIT	71	-1	0.41541	0.01581
EUR_300k	0.4	0.01	covsumrhe	covsumrhe	SUMMIT	72	-1	0.39793	0.01142
EUR_300k	0.4	0.01	covsumrhe	covsumrhe	SUMMIT	73	-1	0.39303	0.01399
EUR_300k	0.4	0.01	covsumrhe	covsumrhe	SUMMIT	74	-1	0.41284	0.01236
EUR_300k	0.4	0.01	covsumrhe	covsumrhe	SUMMIT	75	-1	0.40189	0.01593
EUR_300k	0.4	0.01	covsumrhe	covsumrhe	SUMMIT	76	-1	0.38987	0.01478
EUR_300k	0.4	0.01	covsumrhe	covsumrhe	SUMMIT	77	-1	0.39184	0.00919
EUR_300k	0.4	0.01	covsumrhe	covsumrhe	SUMMIT	78	-1	0.38855	0.01296
EUR_300k	0.4	0.01	covsumrhe	covsumrhe	SUMMIT	79	-1	0.39486	0.01167
EUR_300k	0.4	0.01	covsumrhe	covsumrhe	SUMMIT	80	-1	0.39325	0.01122
EUR_300k	0.4	0.01	covsumrhe	covsumrhe	SUMMIT	81	-1	0.41194	0.01647
EUR_300k	0.4	0.01	covsumrhe	covsumrhe	SUMMIT	82	-1	0.39756	0.01378
EUR_300k	0.4	0.01	covsumrhe	covsumrhe	SUMMIT	83	-1	0.38625	0.01166
EUR_300k	0.4	0.01	covsumrhe	covsumrhe	SUMMIT	84	-1	0.39342	0.01262
EUR_300k	0.4	0.01	covsumrhe	covsumrhe	SUMMIT	85	-1	0.42774	0.0142
EUR_300k	0.4	0.01	covsumrhe	covsumrhe	SUMMIT	86	-1	0.39622	0.01205
EUR_300k	0.4	0.01	covsumrhe	covsumrhe	SUMMIT	87	-1	0.38588	0.01141
EUR_300k	0.4	0.01	covsumrhe	covsumrhe	SUMMIT	88	-1	0.39238	0.01432
EUR_300k	0.4	0.01	covsumrhe	covsumrhe	SUMMIT	89	-1	0.43963	0.02133
EUR_300k	0.4	0.01	covsumrhe	covsumrhe	SUMMIT	90	-1	0.3874	0.01253
EUR_300k	0.4	0.01	covsumrhe	covsumrhe	SUMMIT	91	-1	0.40051	0.01114
EUR_300k	0.4	0.01	covsumrhe	covsumrhe	SUMMIT	92	-1	0.39605	0.01404
EUR_300k	0.4	0.01	covsumrhe	covsumrhe	SUMMIT	93	-1	0.39252	0.01383
EUR_300k	0.4	0.01	covsumrhe	covsumrhe	SUMMIT	94	-1	0.39793	0.01297
EUR_300k	0.4	0.01	covsumrhe	covsumrhe	SUMMIT	95	-1	0.43474	0.02055
EUR_300k	0.4	0.01	covsumrhe	covsumrhe	SUMMIT	96	-1	0.39372	0.01167
EUR_300k	0.4	0.01	covsumrhe	covsumrhe	SUMMIT	97	-1	0.38856	0.00842
EUR_300k	0.4	0.01	covsumrhe	covsumrhe	SUMMIT	98	-1	0.38635	0.01101
EUR_300k	0.4	0.01	covsumrhe	covsumrhe	SUMMIT	99	-1	0.38188	0.01024
EUR_300k	0.4	0.01	covldsc	covldsc	cov-LDSC	0	20000	0.4381	0.0148
EUR_300k	0.4	0.01	covldsc	covldsc	cov-LDSC	1	20000	0.4038	0.0142
EUR_300k	0.4	0.01	covldsc	covldsc	cov-LDSC	2	20000	0.4266	0.0137
EUR_300k	0.4	0.01	covldsc	covldsc	cov-LDSC	3	20000	0.4291	0.0139
EUR_300k	0.4	0.01	covldsc	covldsc	cov-LDSC	4	20000	0.4217	0.015
EUR_300k	0.4	0.01	covldsc	covldsc	cov-LDSC	5	20000	0.413	0.0119
EUR_300k	0.4	0.01	covldsc	covldsc	cov-LDSC	6	20000	0.4293	0.0138
EUR_300k	0.4	0.01	covldsc	covldsc	cov-LDSC	7	20000	0.4107	0.0135
EUR_300k	0.4	0.01	covldsc	covldsc	cov-LDSC	8	20000	0.441	0.015
EUR_300k	0.4	0.01	covldsc	covldsc	cov-LDSC	9	20000	0.4216	0.0149
EUR_300k	0.4	0.01	covldsc	covldsc	cov-LDSC	10	20000	0.4338	0.0145
EUR_300k	0.4	0.01	covldsc	covldsc	cov-LDSC	11	20000	0.4331	0.013
EUR_300k	0.4	0.01	covldsc	covldsc	cov-LDSC	12	20000	0.4377	0.0161
EUR_300k	0.4	0.01	covldsc	covldsc	cov-LDSC	13	20000	0.4239	0.0135
EUR_300k	0.4	0.01	covldsc	covldsc	cov-LDSC	14	20000	0.4494	0.0129
EUR_300k	0.4	0.01	covldsc	covldsc	cov-LDSC	15	20000	0.4334	0.0136
EUR_300k	0.4	0.01	covldsc	covldsc	cov-LDSC	16	20000	0.425	0.0147
EUR_300k	0.4	0.01	covldsc	covldsc	cov-LDSC	17	20000	0.43	0.0138
EUR_300k	0.4	0.01	covldsc	covldsc	cov-LDSC	18	20000	0.4192	0.0141
EUR_300k	0.4	0.01	covldsc	covldsc	cov-LDSC	19	20000	0.4413	0.0132
EUR_300k	0.4	0.01	covldsc	covldsc	cov-LDSC	20	20000	0.4271	0.0127
EUR_300k	0.4	0.01	covldsc	covldsc	cov-LDSC	21	20000	0.429	0.0133
EUR_300k	0.4	0.01	covldsc	covldsc	cov-LDSC	22	20000	0.4358	0.0147
EUR_300k	0.4	0.01	covldsc	covldsc	cov-LDSC	23	20000	0.4388	0.0132
EUR_300k	0.4	0.01	covldsc	covldsc	cov-LDSC	24	20000	0.4148	0.0132
EUR_300k	0.4	0.01	covldsc	covldsc	cov-LDSC	25	20000	0.4307	0.0143
EUR_300k	0.4	0.01	covldsc	covldsc	cov-LDSC	26	20000	0.4272	0.0132
EUR_300k	0.4	0.01	covldsc	covldsc	cov-LDSC	27	20000	0.4222	0.0148
EUR_300k	0.4	0.01	covldsc	covldsc	cov-LDSC	28	20000	0.424	0.013
EUR_300k	0.4	0.01	covldsc	covldsc	cov-LDSC	29	20000	0.4406	0.014
EUR_300k	0.4	0.01	covldsc	covldsc	cov-LDSC	30	20000	0.4211	0.0131
EUR_300k	0.4	0.01	covldsc	covldsc	cov-LDSC	31	20000	0.4208	0.0123
EUR_300k	0.4	0.01	covldsc	covldsc	cov-LDSC	32	20000	0.4621	0.0145
EUR_300k	0.4	0.01	covldsc	covldsc	cov-LDSC	33	20000	0.4188	0.0145
EUR_300k	0.4	0.01	covldsc	covldsc	cov-LDSC	34	20000	0.4142	0.0148
EUR_300k	0.4	0.01	covldsc	covldsc	cov-LDSC	35	20000	0.4465	0.014
EUR_300k	0.4	0.01	covldsc	covldsc	cov-LDSC	36	20000	0.4241	0.0135
EUR_300k	0.4	0.01	covldsc	covldsc	cov-LDSC	37	20000	0.4137	0.0135
EUR_300k	0.4	0.01	covldsc	covldsc	cov-LDSC	38	20000	0.4162	0.0142
EUR_300k	0.4	0.01	covldsc	covldsc	cov-LDSC	39	20000	0.4311	0.0131
EUR_300k	0.4	0.01	covldsc	covldsc	cov-LDSC	40	20000	0.4373	0.0143
EUR_300k	0.4	0.01	covldsc	covldsc	cov-LDSC	41	20000	0.4336	0.0152
EUR_300k	0.4	0.01	covldsc	covldsc	cov-LDSC	42	20000	0.422	0.0141
EUR_300k	0.4	0.01	covldsc	covldsc	cov-LDSC	43	20000	0.4356	0.0148
EUR_300k	0.4	0.01	covldsc	covldsc	cov-LDSC	44	20000	0.4299	0.0142
EUR_300k	0.4	0.01	covldsc	covldsc	cov-LDSC	45	20000	0.4206	0.0135
EUR_300k	0.4	0.01	covldsc	covldsc	cov-LDSC	46	20000	0.4412	0.0141
EUR_300k	0.4	0.01	covldsc	covldsc	cov-LDSC	47	20000	0.4296	0.014
EUR_300k	0.4	0.01	covldsc	covldsc	cov-LDSC	48	20000	0.4228	0.0137
EUR_300k	0.4	0.01	covldsc	covldsc	cov-LDSC	49	20000	0.4274	0.0136
EUR_300k	0.4	0.01	covldsc	covldsc	cov-LDSC	50	20000	0.4453	0.0136
EUR_300k	0.4	0.01	covldsc	covldsc	cov-LDSC	51	20000	0.4227	0.0149
EUR_300k	0.4	0.01	covldsc	covldsc	cov-LDSC	52	20000	0.4195	0.0133
EUR_300k	0.4	0.01	covldsc	covldsc	cov-LDSC	53	20000	0.4434	0.0148
EUR_300k	0.4	0.01	covldsc	covldsc	cov-LDSC	54	20000	0.4302	0.0149
EUR_300k	0.4	0.01	covldsc	covldsc	cov-LDSC	55	20000	0.4493	0.0147
EUR_300k	0.4	0.01	covldsc	covldsc	cov-LDSC	56	20000	0.4255	0.0133
EUR_300k	0.4	0.01	covldsc	covldsc	cov-LDSC	57	20000	0.4412	0.0124
EUR_300k	0.4	0.01	covldsc	covldsc	cov-LDSC	58	20000	0.434	0.014
EUR_300k	0.4	0.01	covldsc	covldsc	cov-LDSC	59	20000	0.4143	0.0134
EUR_300k	0.4	0.01	covldsc	covldsc	cov-LDSC	60	20000	0.4211	0.0143
EUR_300k	0.4	0.01	covldsc	covldsc	cov-LDSC	61	20000	0.425	0.014
EUR_300k	0.4	0.01	covldsc	covldsc	cov-LDSC	62	20000	0.4302	0.0135
EUR_300k	0.4	0.01	covldsc	covldsc	cov-LDSC	63	20000	0.4177	0.0137
EUR_300k	0.4	0.01	covldsc	covldsc	cov-LDSC	64	20000	0.4229	0.0143
EUR_300k	0.4	0.01	covldsc	covldsc	cov-LDSC	65	20000	0.4311	0.014
EUR_300k	0.4	0.01	covldsc	covldsc	cov-LDSC	66	20000	0.4309	0.0136
EUR_300k	0.4	0.01	covldsc	covldsc	cov-LDSC	67	20000	0.424	0.0151
EUR_300k	0.4	0.01	covldsc	covldsc	cov-LDSC	68	20000	0.4284	0.0128
EUR_300k	0.4	0.01	covldsc	covldsc	cov-LDSC	69	20000	0.4255	0.0144
EUR_300k	0.4	0.01	covldsc	covldsc	cov-LDSC	70	20000	0.4395	0.0133
EUR_300k	0.4	0.01	covldsc	covldsc	cov-LDSC	71	20000	0.4253	0.0142
EUR_300k	0.4	0.01	covldsc	covldsc	cov-LDSC	72	20000	0.4273	0.0142
EUR_300k	0.4	0.01	covldsc	covldsc	cov-LDSC	73	20000	0.4193	0.0136
EUR_300k	0.4	0.01	covldsc	covldsc	cov-LDSC	74	20000	0.4254	0.0135
EUR_300k	0.4	0.01	covldsc	covldsc	cov-LDSC	75	20000	0.4292	0.012
EUR_300k	0.4	0.01	covldsc	covldsc	cov-LDSC	76	20000	0.4099	0.0152
EUR_300k	0.4	0.01	covldsc	covldsc	cov-LDSC	77	20000	0.429	0.013
EUR_300k	0.4	0.01	covldsc	covldsc	cov-LDSC	78	20000	0.4203	0.013
EUR_300k	0.4	0.01	covldsc	covldsc	cov-LDSC	79	20000	0.4397	0.0132
EUR_300k	0.4	0.01	covldsc	covldsc	cov-LDSC	80	20000	0.4399	0.0125
EUR_300k	0.4	0.01	covldsc	covldsc	cov-LDSC	81	20000	0.4444	0.0144
EUR_300k	0.4	0.01	covldsc	covldsc	cov-LDSC	82	20000	0.418	0.0142
EUR_300k	0.4	0.01	covldsc	covldsc	cov-LDSC	83	20000	0.4306	0.013
EUR_300k	0.4	0.01	covldsc	covldsc	cov-LDSC	84	20000	0.4219	0.0136
EUR_300k	0.4	0.01	covldsc	covldsc	cov-LDSC	85	20000	0.4468	0.014
EUR_300k	0.4	0.01	covldsc	covldsc	cov-LDSC	86	20000	0.4407	0.0127
EUR_300k	0.4	0.01	covldsc	covldsc	cov-LDSC	87	20000	0.4161	0.0147
EUR_300k	0.4	0.01	covldsc	covldsc	cov-LDSC	88	20000	0.4307	0.0154
EUR_300k	0.4	0.01	covldsc	covldsc	cov-LDSC	89	20000	0.419	0.0142
EUR_300k	0.4	0.01	covldsc	covldsc	cov-LDSC	90	20000	0.4108	0.013
EUR_300k	0.4	0.01	covldsc	covldsc	cov-LDSC	91	20000	0.421	0.0151
EUR_300k	0.4	0.01	covldsc	covldsc	cov-LDSC	92	20000	0.4428	0.0144
EUR_300k	0.4	0.01	covldsc	covldsc	cov-LDSC	93	20000	0.4304	0.0139
EUR_300k	0.4	0.01	covldsc	covldsc	cov-LDSC	94	20000	0.4352	0.0133
EUR_300k	0.4	0.01	covldsc	covldsc	cov-LDSC	95	20000	0.439	0.0149
EUR_300k	0.4	0.01	covldsc	covldsc	cov-LDSC	96	20000	0.4296	0.0134
EUR_300k	0.4	0.01	covldsc	covldsc	cov-LDSC	97	20000	0.4345	0.0131
EUR_300k	0.4	0.01	covldsc	covldsc	cov-LDSC	98	20000	0.4316	0.0129
EUR_300k	0.4	0.01	covldsc	covldsc	cov-LDSC	99	20000	0.4187	0.0133
EUR_300k	0.4	0.01	ldsc	ldsc_50000	LDSC	0	50000	0.4406	0.0147
EUR_300k	0.4	0.01	ldsc	ldsc_50000	LDSC	1	50000	0.4043	0.014
EUR_300k	0.4	0.01	ldsc	ldsc_50000	LDSC	2	50000	0.4257	0.0136
EUR_300k	0.4	0.01	ldsc	ldsc_50000	LDSC	3	50000	0.4321	0.0142
EUR_300k	0.4	0.01	ldsc	ldsc_50000	LDSC	4	50000	0.426	0.016
EUR_300k	0.4	0.01	ldsc	ldsc_50000	LDSC	5	50000	0.4132	0.0119
EUR_300k	0.4	0.01	ldsc	ldsc_50000	LDSC	6	50000	0.4301	0.014
EUR_300k	0.4	0.01	ldsc	ldsc_50000	LDSC	7	50000	0.4088	0.0135
EUR_300k	0.4	0.01	ldsc	ldsc_50000	LDSC	8	50000	0.4422	0.015
EUR_300k	0.4	0.01	ldsc	ldsc_50000	LDSC	9	50000	0.4218	0.0151
EUR_300k	0.4	0.01	ldsc	ldsc_50000	LDSC	10	50000	0.4345	0.0145
EUR_300k	0.4	0.01	ldsc	ldsc_50000	LDSC	11	50000	0.4389	0.0133
EUR_300k	0.4	0.01	ldsc	ldsc_50000	LDSC	12	50000	0.4367	0.016
EUR_300k	0.4	0.01	ldsc	ldsc_50000	LDSC	13	50000	0.4269	0.0141
EUR_300k	0.4	0.01	ldsc	ldsc_50000	LDSC	14	50000	0.4505	0.0131
EUR_300k	0.4	0.01	ldsc	ldsc_50000	LDSC	15	50000	0.4354	0.0135
EUR_300k	0.4	0.01	ldsc	ldsc_50000	LDSC	16	50000	0.4238	0.0147
EUR_300k	0.4	0.01	ldsc	ldsc_50000	LDSC	17	50000	0.4288	0.0139
EUR_300k	0.4	0.01	ldsc	ldsc_50000	LDSC	18	50000	0.424	0.015
EUR_300k	0.4	0.01	ldsc	ldsc_50000	LDSC	19	50000	0.445	0.0132
EUR_300k	0.4	0.01	ldsc	ldsc_50000	LDSC	20	50000	0.4301	0.0129
EUR_300k	0.4	0.01	ldsc	ldsc_50000	LDSC	21	50000	0.4283	0.0133
EUR_300k	0.4	0.01	ldsc	ldsc_50000	LDSC	22	50000	0.4336	0.0147
EUR_300k	0.4	0.01	ldsc	ldsc_50000	LDSC	23	50000	0.4389	0.0131
EUR_300k	0.4	0.01	ldsc	ldsc_50000	LDSC	24	50000	0.415	0.0132
EUR_300k	0.4	0.01	ldsc	ldsc_50000	LDSC	25	50000	0.4304	0.0142
EUR_300k	0.4	0.01	ldsc	ldsc_50000	LDSC	26	50000	0.4294	0.0134
EUR_300k	0.4	0.01	ldsc	ldsc_50000	LDSC	27	50000	0.4239	0.0149
EUR_300k	0.4	0.01	ldsc	ldsc_50000	LDSC	28	50000	0.4234	0.0131
EUR_300k	0.4	0.01	ldsc	ldsc_50000	LDSC	29	50000	0.4432	0.0143
EUR_300k	0.4	0.01	ldsc	ldsc_50000	LDSC	30	50000	0.4236	0.0133
EUR_300k	0.4	0.01	ldsc	ldsc_50000	LDSC	31	50000	0.4216	0.0124
EUR_300k	0.4	0.01	ldsc	ldsc_50000	LDSC	32	50000	0.4635	0.0144
EUR_300k	0.4	0.01	ldsc	ldsc_50000	LDSC	33	50000	0.4174	0.0145
EUR_300k	0.4	0.01	ldsc	ldsc_50000	LDSC	34	50000	0.4138	0.0148
EUR_300k	0.4	0.01	ldsc	ldsc_50000	LDSC	35	50000	0.4437	0.0139
EUR_300k	0.4	0.01	ldsc	ldsc_50000	LDSC	36	50000	0.4246	0.0136
EUR_300k	0.4	0.01	ldsc	ldsc_50000	LDSC	37	50000	0.4166	0.014
EUR_300k	0.4	0.01	ldsc	ldsc_50000	LDSC	38	50000	0.4163	0.014
EUR_300k	0.4	0.01	ldsc	ldsc_50000	LDSC	39	50000	0.4301	0.0131
EUR_300k	0.4	0.01	ldsc	ldsc_50000	LDSC	40	50000	0.4403	0.0144
EUR_300k	0.4	0.01	ldsc	ldsc_50000	LDSC	41	50000	0.4327	0.0152
EUR_300k	0.4	0.01	ldsc	ldsc_50000	LDSC	42	50000	0.42	0.0141
EUR_300k	0.4	0.01	ldsc	ldsc_50000	LDSC	43	50000	0.4345	0.015
EUR_300k	0.4	0.01	ldsc	ldsc_50000	LDSC	44	50000	0.4334	0.0141
EUR_300k	0.4	0.01	ldsc	ldsc_50000	LDSC	45	50000	0.4229	0.0137
EUR_300k	0.4	0.01	ldsc	ldsc_50000	LDSC	46	50000	0.4445	0.0142
EUR_300k	0.4	0.01	ldsc	ldsc_50000	LDSC	47	50000	0.4301	0.0141
EUR_300k	0.4	0.01	ldsc	ldsc_50000	LDSC	48	50000	0.424	0.0139
EUR_300k	0.4	0.01	ldsc	ldsc_50000	LDSC	49	50000	0.4284	0.0136
EUR_300k	0.4	0.01	ldsc	ldsc_50000	LDSC	50	50000	0.4453	0.0137
EUR_300k	0.4	0.01	ldsc	ldsc_50000	LDSC	51	50000	0.423	0.0147
EUR_300k	0.4	0.01	ldsc	ldsc_50000	LDSC	52	50000	0.4197	0.0133
EUR_300k	0.4	0.01	ldsc	ldsc_50000	LDSC	53	50000	0.4433	0.015
EUR_300k	0.4	0.01	ldsc	ldsc_50000	LDSC	54	50000	0.431	0.015
EUR_300k	0.4	0.01	ldsc	ldsc_50000	LDSC	55	50000	0.4538	0.0158
EUR_300k	0.4	0.01	ldsc	ldsc_50000	LDSC	56	50000	0.4271	0.0134
EUR_300k	0.4	0.01	ldsc	ldsc_50000	LDSC	57	50000	0.4421	0.0124
EUR_300k	0.4	0.01	ldsc	ldsc_50000	LDSC	58	50000	0.4337	0.0141
EUR_300k	0.4	0.01	ldsc	ldsc_50000	LDSC	59	50000	0.4167	0.0138
EUR_300k	0.4	0.01	ldsc	ldsc_50000	LDSC	60	50000	0.4191	0.0143
EUR_300k	0.4	0.01	ldsc	ldsc_50000	LDSC	61	50000	0.4295	0.015
EUR_300k	0.4	0.01	ldsc	ldsc_50000	LDSC	62	50000	0.4386	0.0143
EUR_300k	0.4	0.01	ldsc	ldsc_50000	LDSC	63	50000	0.4171	0.0137
EUR_300k	0.4	0.01	ldsc	ldsc_50000	LDSC	64	50000	0.4248	0.0143
EUR_300k	0.4	0.01	ldsc	ldsc_50000	LDSC	65	50000	0.4303	0.014
EUR_300k	0.4	0.01	ldsc	ldsc_50000	LDSC	66	50000	0.4335	0.0143
EUR_300k	0.4	0.01	ldsc	ldsc_50000	LDSC	67	50000	0.4225	0.0151
EUR_300k	0.4	0.01	ldsc	ldsc_50000	LDSC	68	50000	0.4288	0.0128
EUR_300k	0.4	0.01	ldsc	ldsc_50000	LDSC	69	50000	0.4298	0.0146
EUR_300k	0.4	0.01	ldsc	ldsc_50000	LDSC	70	50000	0.4381	0.0133
EUR_300k	0.4	0.01	ldsc	ldsc_50000	LDSC	71	50000	0.4269	0.0143
EUR_300k	0.4	0.01	ldsc	ldsc_50000	LDSC	72	50000	0.4287	0.0143
EUR_300k	0.4	0.01	ldsc	ldsc_50000	LDSC	73	50000	0.4221	0.0137
EUR_300k	0.4	0.01	ldsc	ldsc_50000	LDSC	74	50000	0.4272	0.0133
EUR_300k	0.4	0.01	ldsc	ldsc_50000	LDSC	75	50000	0.4283	0.0121
EUR_300k	0.4	0.01	ldsc	ldsc_50000	LDSC	76	50000	0.4121	0.0153
EUR_300k	0.4	0.01	ldsc	ldsc_50000	LDSC	77	50000	0.4284	0.013
EUR_300k	0.4	0.01	ldsc	ldsc_50000	LDSC	78	50000	0.428	0.0135
EUR_300k	0.4	0.01	ldsc	ldsc_50000	LDSC	79	50000	0.4447	0.0137
EUR_300k	0.4	0.01	ldsc	ldsc_50000	LDSC	80	50000	0.4395	0.0126
EUR_300k	0.4	0.01	ldsc	ldsc_50000	LDSC	81	50000	0.4468	0.0147
EUR_300k	0.4	0.01	ldsc	ldsc_50000	LDSC	82	50000	0.4161	0.0141
EUR_300k	0.4	0.01	ldsc	ldsc_50000	LDSC	83	50000	0.4281	0.013
EUR_300k	0.4	0.01	ldsc	ldsc_50000	LDSC	84	50000	0.421	0.0136
EUR_300k	0.4	0.01	ldsc	ldsc_50000	LDSC	85	50000	0.4487	0.0143
EUR_300k	0.4	0.01	ldsc	ldsc_50000	LDSC	86	50000	0.4392	0.0127
EUR_300k	0.4	0.01	ldsc	ldsc_50000	LDSC	87	50000	0.416	0.0147
EUR_300k	0.4	0.01	ldsc	ldsc_50000	LDSC	88	50000	0.4288	0.0156
EUR_300k	0.4	0.01	ldsc	ldsc_50000	LDSC	89	50000	0.4189	0.0142
EUR_300k	0.4	0.01	ldsc	ldsc_50000	LDSC	90	50000	0.4104	0.013
EUR_300k	0.4	0.01	ldsc	ldsc_50000	LDSC	91	50000	0.4201	0.015
EUR_300k	0.4	0.01	ldsc	ldsc_50000	LDSC	92	50000	0.4442	0.0144
EUR_300k	0.4	0.01	ldsc	ldsc_50000	LDSC	93	50000	0.4318	0.0138
EUR_300k	0.4	0.01	ldsc	ldsc_50000	LDSC	94	50000	0.4346	0.0134
EUR_300k	0.4	0.01	ldsc	ldsc_50000	LDSC	95	50000	0.4391	0.0149
EUR_300k	0.4	0.01	ldsc	ldsc_50000	LDSC	96	50000	0.4321	0.0135
EUR_300k	0.4	0.01	ldsc	ldsc_50000	LDSC	97	50000	0.437	0.0131
EUR_300k	0.4	0.01	ldsc	ldsc_50000	LDSC	98	50000	0.4299	0.0129
EUR_300k	0.4	0.01	ldsc	ldsc_50000	LDSC	99	50000	0.4183	0.0134
