method,run,window,true_h2,p_causal,setting,num_bins,h2,h2_se
covsumrhe,0,-1,0.5,1.0,maf01,24,0.37208,0.07321
covsumrhe,1,-1,0.5,1.0,maf01,24,0.48672,0.08502
covsumrhe,10,-1,0.5,1.0,maf01,24,0.54289,0.07325
covsumrhe,11,-1,0.5,1.0,maf01,24,0.46704,0.07662
covsumrhe,12,-1,0.5,1.0,maf01,24,0.4954,0.08333
covsumrhe,13,-1,0.5,1.0,maf01,24,0.51945,0.07762
covsumrhe,14,-1,0.5,1.0,maf01,24,0.5488,0.0766
covsumrhe,15,-1,0.5,1.0,maf01,24,0.30588,0.06567
covsumrhe,16,-1,0.5,1.0,maf01,24,0.46221,0.08349
covsumrhe,17,-1,0.5,1.0,maf01,24,0.56408,0.0847
covsumrhe,18,-1,0.5,1.0,maf01,24,0.53976,0.08876
covsumrhe,19,-1,0.5,1.0,maf01,24,0.51325,0.07796
covsumrhe,2,-1,0.5,1.0,maf01,24,0.55683,0.08026
covsumrhe,20,-1,0.5,1.0,maf01,24,0.60515,0.09244
covsumrhe,21,-1,0.5,1.0,maf01,24,0.52063,0.08134
covsumrhe,22,-1,0.5,1.0,maf01,24,0.49658,0.07353
covsumrhe,23,-1,0.5,1.0,maf01,24,0.49737,0.081
covsumrhe,24,-1,0.5,1.0,maf01,24,0.44036,0.08122
covsumrhe,25,-1,0.5,1.0,maf01,24,0.42515,0.07307
covsumrhe,26,-1,0.5,1.0,maf01,24,0.47918,0.07603
covsumrhe,27,-1,0.5,1.0,maf01,24,0.43565,0.07673
covsumrhe,28,-1,0.5,1.0,maf01,24,0.52589,0.08252
covsumrhe,29,-1,0.5,1.0,maf01,24,0.48713,0.08376
covsumrhe,3,-1,0.5,1.0,maf01,24,0.40823,0.07088
covsumrhe,30,-1,0.5,1.0,maf01,24,0.46217,0.07397
covsumrhe,31,-1,0.5,1.0,maf01,24,0.63584,0.09504
covsumrhe,32,-1,0.5,1.0,maf01,24,0.56883,0.08124
covsumrhe,33,-1,0.5,1.0,maf01,24,0.5484,0.0773
covsumrhe,34,-1,0.5,1.0,maf01,24,0.54262,0.08114
covsumrhe,35,-1,0.5,1.0,maf01,24,0.53622,0.08143
covsumrhe,36,-1,0.5,1.0,maf01,24,0.46711,0.07348
covsumrhe,37,-1,0.5,1.0,maf01,24,0.44568,0.07072
covsumrhe,38,-1,0.5,1.0,maf01,24,0.57269,0.0878
covsumrhe,39,-1,0.5,1.0,maf01,24,0.54947,0.08293
covsumrhe,4,-1,0.5,1.0,maf01,24,0.4364,0.06432
covsumrhe,40,-1,0.5,1.0,maf01,24,0.55788,0.08578
covsumrhe,41,-1,0.5,1.0,maf01,24,0.41372,0.07356
covsumrhe,42,-1,0.5,1.0,maf01,24,0.46816,0.08063
covsumrhe,43,-1,0.5,1.0,maf01,24,0.42831,0.0733
covsumrhe,44,-1,0.5,1.0,maf01,24,0.54562,0.08108
covsumrhe,45,-1,0.5,1.0,maf01,24,0.43235,0.07254
covsumrhe,46,-1,0.5,1.0,maf01,24,0.47128,0.06898
covsumrhe,47,-1,0.5,1.0,maf01,24,0.50159,0.0816
covsumrhe,48,-1,0.5,1.0,maf01,24,0.48554,0.08447
covsumrhe,49,-1,0.5,1.0,maf01,24,0.34076,0.07332
covsumrhe,5,-1,0.5,1.0,maf01,24,0.44873,0.07608
covsumrhe,50,-1,0.5,1.0,maf01,24,0.52178,0.08237
covsumrhe,51,-1,0.5,1.0,maf01,24,0.5359,0.08052
covsumrhe,52,-1,0.5,1.0,maf01,24,0.42186,0.07294
covsumrhe,53,-1,0.5,1.0,maf01,24,0.47866,0.07902
covsumrhe,54,-1,0.5,1.0,maf01,24,0.56873,0.08339
covsumrhe,55,-1,0.5,1.0,maf01,24,0.51145,0.07776
covsumrhe,56,-1,0.5,1.0,maf01,24,0.63541,0.08601
covsumrhe,57,-1,0.5,1.0,maf01,24,0.53075,0.07746
covsumrhe,58,-1,0.5,1.0,maf01,24,0.5178,0.08316
covsumrhe,59,-1,0.5,1.0,maf01,24,0.43446,0.07547
covsumrhe,6,-1,0.5,1.0,maf01,24,0.51528,0.0793
covsumrhe,60,-1,0.5,1.0,maf01,24,0.62034,0.08683
covsumrhe,61,-1,0.5,1.0,maf01,24,0.5428,0.08249
covsumrhe,62,-1,0.5,1.0,maf01,24,0.58122,0.08144
covsumrhe,63,-1,0.5,1.0,maf01,24,0.60292,0.08651
covsumrhe,64,-1,0.5,1.0,maf01,24,0.48252,0.07773
covsumrhe,65,-1,0.5,1.0,maf01,24,0.48854,0.07881
covsumrhe,66,-1,0.5,1.0,maf01,24,0.46151,0.06982
covsumrhe,67,-1,0.5,1.0,maf01,24,0.51424,0.07374
covsumrhe,68,-1,0.5,1.0,maf01,24,0.45251,0.07352
covsumrhe,69,-1,0.5,1.0,maf01,24,0.50255,0.0776
covsumrhe,7,-1,0.5,1.0,maf01,24,0.42354,0.07221
covsumrhe,70,-1,0.5,1.0,maf01,24,0.49838,0.07927
covsumrhe,71,-1,0.5,1.0,maf01,24,0.60338,0.08547
covsumrhe,72,-1,0.5,1.0,maf01,24,0.40886,0.07286
covsumrhe,73,-1,0.5,1.0,maf01,24,0.43386,0.07663
covsumrhe,74,-1,0.5,1.0,maf01,24,0.59824,0.0827
covsumrhe,75,-1,0.5,1.0,maf01,24,0.56292,0.07435
covsumrhe,76,-1,0.5,1.0,maf01,24,0.34394,0.07438
covsumrhe,77,-1,0.5,1.0,maf01,24,0.53385,0.08211
covsumrhe,78,-1,0.5,1.0,maf01,24,0.43394,0.07801
covsumrhe,79,-1,0.5,1.0,maf01,24,0.65653,0.09068
covsumrhe,8,-1,0.5,1.0,maf01,24,0.53352,0.07902
covsumrhe,80,-1,0.5,1.0,maf01,24,0.47968,0.07185
covsumrhe,81,-1,0.5,1.0,maf01,24,0.43914,0.06866
covsumrhe,82,-1,0.5,1.0,maf01,24,0.47498,0.07348
covsumrhe,83,-1,0.5,1.0,maf01,24,0.49753,0.07579
covsumrhe,84,-1,0.5,1.0,maf01,24,0.44411,0.06744
covsumrhe,85,-1,0.5,1.0,maf01,24,0.49373,0.07272
covsumrhe,86,-1,0.5,1.0,maf01,24,0.48941,0.07987
covsumrhe,87,-1,0.5,1.0,maf01,24,0.54809,0.08117
covsumrhe,88,-1,0.5,1.0,maf01,24,0.59316,0.08049
covsumrhe,89,-1,0.5,1.0,maf01,24,0.49359,0.07371
covsumrhe,9,-1,0.5,1.0,maf01,24,0.57454,0.08256
covsumrhe,90,-1,0.5,1.0,maf01,24,0.52966,0.08096
covsumrhe,91,-1,0.5,1.0,maf01,24,0.5587,0.08017
covsumrhe,92,-1,0.5,1.0,maf01,24,0.43429,0.06965
covsumrhe,93,-1,0.5,1.0,maf01,24,0.53665,0.08215
covsumrhe,94,-1,0.5,1.0,maf01,24,0.42782,0.07708
covsumrhe,95,-1,0.5,1.0,maf01,24,0.55588,0.08462
covsumrhe,96,-1,0.5,1.0,maf01,24,0.54562,0.08273
covsumrhe,97,-1,0.5,1.0,maf01,24,0.52223,0.07572
covsumrhe,98,-1,0.5,1.0,maf01,24,0.51558,0.08182
covsumrhe,99,-1,0.5,1.0,maf01,24,0.53413,0.07947
covsumrhe,0,-1,0.5,1.0,maf05,24,0.58086,0.08267
covsumrhe,1,-1,0.5,1.0,maf05,24,0.45986,0.07874
covsumrhe,10,-1,0.5,1.0,maf05,24,0.53195,0.08173
covsumrhe,11,-1,0.5,1.0,maf05,24,0.53038,0.08332
covsumrhe,12,-1,0.5,1.0,maf05,24,0.50264,0.07903
covsumrhe,13,-1,0.5,1.0,maf05,24,0.6069,0.0884
covsumrhe,14,-1,0.5,1.0,maf05,24,0.47901,0.0746
covsumrhe,15,-1,0.5,1.0,maf05,24,0.46643,0.07564
covsumrhe,16,-1,0.5,1.0,maf05,24,0.63231,0.08876
covsumrhe,17,-1,0.5,1.0,maf05,24,0.46387,0.0727
covsumrhe,18,-1,0.5,1.0,maf05,24,0.47331,0.07142
covsumrhe,19,-1,0.5,1.0,maf05,24,0.47547,0.07914
covsumrhe,2,-1,0.5,1.0,maf05,24,0.47432,0.07138
covsumrhe,20,-1,0.5,1.0,maf05,24,0.42472,0.07535
covsumrhe,21,-1,0.5,1.0,maf05,24,0.48356,0.07491
covsumrhe,22,-1,0.5,1.0,maf05,24,0.47668,0.07127
covsumrhe,23,-1,0.5,1.0,maf05,24,0.52404,0.07867
covsumrhe,24,-1,0.5,1.0,maf05,24,0.53614,0.0853
covsumrhe,25,-1,0.5,1.0,maf05,24,0.475,0.08117
covsumrhe,26,-1,0.5,1.0,maf05,24,0.5283,0.07815
covsumrhe,27,-1,0.5,1.0,maf05,24,0.62498,0.08525
covsumrhe,28,-1,0.5,1.0,maf05,24,0.46909,0.0793
covsumrhe,29,-1,0.5,1.0,maf05,24,0.60356,0.08404
covsumrhe,3,-1,0.5,1.0,maf05,24,0.56591,0.08608
covsumrhe,30,-1,0.5,1.0,maf05,24,0.55519,0.07525
covsumrhe,31,-1,0.5,1.0,maf05,24,0.64429,0.08779
covsumrhe,32,-1,0.5,1.0,maf05,24,0.51701,0.08019
covsumrhe,33,-1,0.5,1.0,maf05,24,0.46792,0.07152
covsumrhe,34,-1,0.5,1.0,maf05,24,0.46827,0.08232
covsumrhe,35,-1,0.5,1.0,maf05,24,0.50262,0.07973
covsumrhe,36,-1,0.5,1.0,maf05,24,0.59809,0.0874
covsumrhe,37,-1,0.5,1.0,maf05,24,0.59978,0.08675
covsumrhe,38,-1,0.5,1.0,maf05,24,0.55514,0.08058
covsumrhe,39,-1,0.5,1.0,maf05,24,0.3969,0.06568
covsumrhe,4,-1,0.5,1.0,maf05,24,0.5897,0.08261
covsumrhe,40,-1,0.5,1.0,maf05,24,0.54089,0.08169
covsumrhe,41,-1,0.5,1.0,maf05,24,0.50308,0.07791
covsumrhe,42,-1,0.5,1.0,maf05,24,0.52757,0.08362
covsumrhe,43,-1,0.5,1.0,maf05,24,0.44801,0.06947
covsumrhe,44,-1,0.5,1.0,maf05,24,0.5302,0.08255
covsumrhe,45,-1,0.5,1.0,maf05,24,0.48356,0.07443
covsumrhe,46,-1,0.5,1.0,maf05,24,0.52968,0.08118
covsumrhe,47,-1,0.5,1.0,maf05,24,0.42915,0.07403
covsumrhe,48,-1,0.5,1.0,maf05,24,0.5617,0.08187
covsumrhe,49,-1,0.5,1.0,maf05,24,0.50142,0.08271
covsumrhe,5,-1,0.5,1.0,maf05,24,0.60318,0.08499
covsumrhe,50,-1,0.5,1.0,maf05,24,0.4019,0.06998
covsumrhe,51,-1,0.5,1.0,maf05,24,0.51286,0.08284
covsumrhe,52,-1,0.5,1.0,maf05,24,0.47037,0.08269
covsumrhe,53,-1,0.5,1.0,maf05,24,0.56142,0.08075
covsumrhe,54,-1,0.5,1.0,maf05,24,0.49124,0.07835
covsumrhe,55,-1,0.5,1.0,maf05,24,0.55969,0.07839
covsumrhe,56,-1,0.5,1.0,maf05,24,0.43452,0.08013
covsumrhe,57,-1,0.5,1.0,maf05,24,0.51091,0.08131
covsumrhe,58,-1,0.5,1.0,maf05,24,0.45054,0.07168
covsumrhe,59,-1,0.5,1.0,maf05,24,0.43318,0.07541
covsumrhe,6,-1,0.5,1.0,maf05,24,0.57691,0.08207
covsumrhe,60,-1,0.5,1.0,maf05,24,0.47309,0.07549
covsumrhe,61,-1,0.5,1.0,maf05,24,0.51632,0.08748
covsumrhe,62,-1,0.5,1.0,maf05,24,0.51881,0.08147
covsumrhe,63,-1,0.5,1.0,maf05,24,0.52689,0.08159
covsumrhe,64,-1,0.5,1.0,maf05,24,0.56071,0.08199
covsumrhe,65,-1,0.5,1.0,maf05,24,0.60295,0.0849
covsumrhe,66,-1,0.5,1.0,maf05,24,0.62421,0.08631
covsumrhe,67,-1,0.5,1.0,maf05,24,0.46748,0.07846
covsumrhe,68,-1,0.5,1.0,maf05,24,0.4745,0.07687
covsumrhe,69,-1,0.5,1.0,maf05,24,0.57907,0.0828
covsumrhe,7,-1,0.5,1.0,maf05,24,0.50389,0.08161
covsumrhe,70,-1,0.5,1.0,maf05,24,0.49777,0.08008
covsumrhe,71,-1,0.5,1.0,maf05,24,0.5443,0.08329
covsumrhe,72,-1,0.5,1.0,maf05,24,0.49316,0.08395
covsumrhe,73,-1,0.5,1.0,maf05,24,0.47487,0.08104
covsumrhe,74,-1,0.5,1.0,maf05,24,0.49951,0.07765
covsumrhe,75,-1,0.5,1.0,maf05,24,0.5643,0.08343
covsumrhe,76,-1,0.5,1.0,maf05,24,0.5994,0.08551
covsumrhe,77,-1,0.5,1.0,maf05,24,0.49419,0.07658
covsumrhe,78,-1,0.5,1.0,maf05,24,0.49851,0.07651
covsumrhe,79,-1,0.5,1.0,maf05,24,0.53695,0.07989
covsumrhe,8,-1,0.5,1.0,maf05,24,0.49666,0.07813
covsumrhe,80,-1,0.5,1.0,maf05,24,0.46495,0.07558
covsumrhe,81,-1,0.5,1.0,maf05,24,0.48313,0.08304
covsumrhe,82,-1,0.5,1.0,maf05,24,0.57739,0.08252
covsumrhe,83,-1,0.5,1.0,maf05,24,0.44033,0.06829
covsumrhe,84,-1,0.5,1.0,maf05,24,0.46926,0.07532
covsumrhe,85,-1,0.5,1.0,maf05,24,0.55691,0.08277
covsumrhe,86,-1,0.5,1.0,maf05,24,0.59755,0.08607
covsumrhe,87,-1,0.5,1.0,maf05,24,0.48937,0.07122
covsumrhe,88,-1,0.5,1.0,maf05,24,0.50267,0.07674
covsumrhe,89,-1,0.5,1.0,maf05,24,0.45634,0.07598
covsumrhe,9,-1,0.5,1.0,maf05,24,0.54546,0.07714
covsumrhe,90,-1,0.5,1.0,maf05,24,0.55159,0.07941
covsumrhe,91,-1,0.5,1.0,maf05,24,0.52655,0.08252
covsumrhe,92,-1,0.5,1.0,maf05,24,0.46411,0.07671
covsumrhe,93,-1,0.5,1.0,maf05,24,0.56669,0.0806
covsumrhe,94,-1,0.5,1.0,maf05,24,0.42419,0.073
covsumrhe,95,-1,0.5,1.0,maf05,24,0.50347,0.07851
covsumrhe,96,-1,0.5,1.0,maf05,24,0.43583,0.07288
covsumrhe,97,-1,0.5,1.0,maf05,24,0.49619,0.07627
covsumrhe,98,-1,0.5,1.0,maf05,24,0.50498,0.07925
covsumrhe,99,-1,0.5,1.0,maf05,24,0.47667,0.0823
covsumrhe,0,-1,0.5,1.0,maf01_ldak,24,0.46085,0.06409
covsumrhe,1,-1,0.5,1.0,maf01_ldak,24,0.52475,0.07094
covsumrhe,10,-1,0.5,1.0,maf01_ldak,24,0.50269,0.06811
covsumrhe,11,-1,0.5,1.0,maf01_ldak,24,0.54805,0.05942
covsumrhe,12,-1,0.5,1.0,maf01_ldak,24,0.50059,0.05871
covsumrhe,13,-1,0.5,1.0,maf01_ldak,24,0.41703,0.05953
covsumrhe,14,-1,0.5,1.0,maf01_ldak,24,0.40791,0.05492
covsumrhe,15,-1,0.5,1.0,maf01_ldak,24,0.60723,0.06339
covsumrhe,16,-1,0.5,1.0,maf01_ldak,24,0.49739,0.06013
covsumrhe,17,-1,0.5,1.0,maf01_ldak,24,0.47021,0.06073
covsumrhe,18,-1,0.5,1.0,maf01_ldak,24,0.50413,0.06265
covsumrhe,19,-1,0.5,1.0,maf01_ldak,24,0.49662,0.06118
covsumrhe,2,-1,0.5,1.0,maf01_ldak,24,0.53603,0.05371
covsumrhe,20,-1,0.5,1.0,maf01_ldak,24,0.46858,0.05892
covsumrhe,21,-1,0.5,1.0,maf01_ldak,24,0.53947,0.05456
covsumrhe,22,-1,0.5,1.0,maf01_ldak,24,0.51255,0.06515
covsumrhe,23,-1,0.5,1.0,maf01_ldak,24,0.44141,0.06279
covsumrhe,24,-1,0.5,1.0,maf01_ldak,24,0.42073,0.06396
covsumrhe,25,-1,0.5,1.0,maf01_ldak,24,0.55238,0.05851
covsumrhe,26,-1,0.5,1.0,maf01_ldak,24,0.57659,0.06591
covsumrhe,27,-1,0.5,1.0,maf01_ldak,24,0.52916,0.06163
covsumrhe,28,-1,0.5,1.0,maf01_ldak,24,0.51408,0.06029
covsumrhe,29,-1,0.5,1.0,maf01_ldak,24,0.42749,0.05806
covsumrhe,3,-1,0.5,1.0,maf01_ldak,24,0.56919,0.0667
covsumrhe,30,-1,0.5,1.0,maf01_ldak,24,0.43356,0.05293
covsumrhe,31,-1,0.5,1.0,maf01_ldak,24,0.49414,0.05928
covsumrhe,32,-1,0.5,1.0,maf01_ldak,24,0.53461,0.06201
covsumrhe,33,-1,0.5,1.0,maf01_ldak,24,0.48468,0.0626
covsumrhe,34,-1,0.5,1.0,maf01_ldak,24,0.52254,0.06315
covsumrhe,35,-1,0.5,1.0,maf01_ldak,24,0.47113,0.06247
covsumrhe,36,-1,0.5,1.0,maf01_ldak,24,0.52386,0.06096
covsumrhe,37,-1,0.5,1.0,maf01_ldak,24,0.53403,0.05832
covsumrhe,38,-1,0.5,1.0,maf01_ldak,24,0.44484,0.05251
covsumrhe,39,-1,0.5,1.0,maf01_ldak,24,0.46705,0.06405
covsumrhe,4,-1,0.5,1.0,maf01_ldak,24,0.57861,0.06444
covsumrhe,40,-1,0.5,1.0,maf01_ldak,24,0.46971,0.05349
covsumrhe,41,-1,0.5,1.0,maf01_ldak,24,0.36161,0.06372
covsumrhe,42,-1,0.5,1.0,maf01_ldak,24,0.47282,0.06255
covsumrhe,43,-1,0.5,1.0,maf01_ldak,24,0.49697,0.06285
covsumrhe,44,-1,0.5,1.0,maf01_ldak,24,0.48784,0.06037
covsumrhe,45,-1,0.5,1.0,maf01_ldak,24,0.39854,0.05378
covsumrhe,46,-1,0.5,1.0,maf01_ldak,24,0.49649,0.05722
covsumrhe,47,-1,0.5,1.0,maf01_ldak,24,0.55776,0.06627
covsumrhe,48,-1,0.5,1.0,maf01_ldak,24,0.50614,0.05922
covsumrhe,49,-1,0.5,1.0,maf01_ldak,24,0.43508,0.05689
covsumrhe,5,-1,0.5,1.0,maf01_ldak,24,0.54867,0.0689
covsumrhe,50,-1,0.5,1.0,maf01_ldak,24,0.48937,0.06046
covsumrhe,51,-1,0.5,1.0,maf01_ldak,24,0.57489,0.0598
covsumrhe,52,-1,0.5,1.0,maf01_ldak,24,0.58111,0.05443
covsumrhe,53,-1,0.5,1.0,maf01_ldak,24,0.46703,0.06074
covsumrhe,54,-1,0.5,1.0,maf01_ldak,24,0.40748,0.05612
covsumrhe,55,-1,0.5,1.0,maf01_ldak,24,0.52362,0.06556
covsumrhe,56,-1,0.5,1.0,maf01_ldak,24,0.49288,0.05854
covsumrhe,57,-1,0.5,1.0,maf01_ldak,24,0.47276,0.055
covsumrhe,58,-1,0.5,1.0,maf01_ldak,24,0.55584,0.05596
covsumrhe,59,-1,0.5,1.0,maf01_ldak,24,0.5279,0.08238
covsumrhe,6,-1,0.5,1.0,maf01_ldak,24,0.66304,0.06229
covsumrhe,60,-1,0.5,1.0,maf01_ldak,24,0.51693,0.06522
covsumrhe,61,-1,0.5,1.0,maf01_ldak,24,0.37095,0.05512
covsumrhe,62,-1,0.5,1.0,maf01_ldak,24,0.48959,0.05702
covsumrhe,63,-1,0.5,1.0,maf01_ldak,24,0.45906,0.06517
covsumrhe,64,-1,0.5,1.0,maf01_ldak,24,0.45024,0.05722
covsumrhe,65,-1,0.5,1.0,maf01_ldak,24,0.4174,0.05358
covsumrhe,66,-1,0.5,1.0,maf01_ldak,24,0.43791,0.06479
covsumrhe,67,-1,0.5,1.0,maf01_ldak,24,0.52185,0.06264
covsumrhe,68,-1,0.5,1.0,maf01_ldak,24,0.42554,0.05616
covsumrhe,69,-1,0.5,1.0,maf01_ldak,24,0.45888,0.05475
covsumrhe,7,-1,0.5,1.0,maf01_ldak,24,0.52487,0.05901
covsumrhe,70,-1,0.5,1.0,maf01_ldak,24,0.47884,0.06458
covsumrhe,71,-1,0.5,1.0,maf01_ldak,24,0.46241,0.06118
covsumrhe,72,-1,0.5,1.0,maf01_ldak,24,0.53134,0.05866
covsumrhe,73,-1,0.5,1.0,maf01_ldak,24,0.45624,0.05561
covsumrhe,74,-1,0.5,1.0,maf01_ldak,24,0.46506,0.05511
covsumrhe,75,-1,0.5,1.0,maf01_ldak,24,0.49994,0.06438
covsumrhe,76,-1,0.5,1.0,maf01_ldak,24,0.56913,0.05299
covsumrhe,77,-1,0.5,1.0,maf01_ldak,24,0.48054,0.06936
covsumrhe,78,-1,0.5,1.0,maf01_ldak,24,0.61712,0.05734
covsumrhe,79,-1,0.5,1.0,maf01_ldak,24,0.5059,0.07055
covsumrhe,8,-1,0.5,1.0,maf01_ldak,24,0.42164,0.07111
covsumrhe,80,-1,0.5,1.0,maf01_ldak,24,0.58173,0.06614
covsumrhe,81,-1,0.5,1.0,maf01_ldak,24,0.53039,0.06295
covsumrhe,82,-1,0.5,1.0,maf01_ldak,24,0.45653,0.06132
covsumrhe,83,-1,0.5,1.0,maf01_ldak,24,0.57635,0.06028
covsumrhe,84,-1,0.5,1.0,maf01_ldak,24,0.49778,0.0617
covsumrhe,85,-1,0.5,1.0,maf01_ldak,24,0.51208,0.06001
covsumrhe,86,-1,0.5,1.0,maf01_ldak,24,0.55021,0.05786
covsumrhe,87,-1,0.5,1.0,maf01_ldak,24,0.46192,0.05746
covsumrhe,88,-1,0.5,1.0,maf01_ldak,24,0.52567,0.05841
covsumrhe,89,-1,0.5,1.0,maf01_ldak,24,0.40654,0.05625
covsumrhe,9,-1,0.5,1.0,maf01_ldak,24,0.49747,0.06578
covsumrhe,90,-1,0.5,1.0,maf01_ldak,24,0.5271,0.05573
covsumrhe,91,-1,0.5,1.0,maf01_ldak,24,0.54301,0.06072
covsumrhe,92,-1,0.5,1.0,maf01_ldak,24,0.41466,0.06517
covsumrhe,93,-1,0.5,1.0,maf01_ldak,24,0.49045,0.06013
covsumrhe,94,-1,0.5,1.0,maf01_ldak,24,0.5116,0.06096
covsumrhe,95,-1,0.5,1.0,maf01_ldak,24,0.4209,0.06957
covsumrhe,96,-1,0.5,1.0,maf01_ldak,24,0.45203,0.06364
covsumrhe,97,-1,0.5,1.0,maf01_ldak,24,0.53426,0.0661
covsumrhe,98,-1,0.5,1.0,maf01_ldak,24,0.54367,0.0641
covsumrhe,99,-1,0.5,1.0,maf01_ldak,24,0.55258,0.05506
covsumrhe,0,-1,0.5,1.0,maf05_ldak,24,0.39671,0.06132
covsumrhe,1,-1,0.5,1.0,maf05_ldak,24,0.488,0.05845
covsumrhe,10,-1,0.5,1.0,maf05_ldak,24,0.40874,0.0557
covsumrhe,11,-1,0.5,1.0,maf05_ldak,24,0.44688,0.05202
covsumrhe,12,-1,0.5,1.0,maf05_ldak,24,0.50151,0.06691
covsumrhe,13,-1,0.5,1.0,maf05_ldak,24,0.41639,0.06686
covsumrhe,14,-1,0.5,1.0,maf05_ldak,24,0.46092,0.05593
covsumrhe,15,-1,0.5,1.0,maf05_ldak,24,0.65208,0.05464
covsumrhe,16,-1,0.5,1.0,maf05_ldak,24,0.59498,0.0517
covsumrhe,17,-1,0.5,1.0,maf05_ldak,24,0.60528,0.05988
covsumrhe,18,-1,0.5,1.0,maf05_ldak,24,0.4498,0.06253
covsumrhe,19,-1,0.5,1.0,maf05_ldak,24,0.49478,0.06662
covsumrhe,2,-1,0.5,1.0,maf05_ldak,24,0.48913,0.05081
covsumrhe,20,-1,0.5,1.0,maf05_ldak,24,0.49458,0.055
covsumrhe,21,-1,0.5,1.0,maf05_ldak,24,0.38629,0.06238
covsumrhe,22,-1,0.5,1.0,maf05_ldak,24,0.60788,0.06255
covsumrhe,23,-1,0.5,1.0,maf05_ldak,24,0.53695,0.06213
covsumrhe,24,-1,0.5,1.0,maf05_ldak,24,0.42546,0.05746
covsumrhe,25,-1,0.5,1.0,maf05_ldak,24,0.62263,0.05068
covsumrhe,26,-1,0.5,1.0,maf05_ldak,24,0.58302,0.05792
covsumrhe,27,-1,0.5,1.0,maf05_ldak,24,0.38293,0.06365
covsumrhe,28,-1,0.5,1.0,maf05_ldak,24,0.51435,0.05956
covsumrhe,29,-1,0.5,1.0,maf05_ldak,24,0.5626,0.05745
covsumrhe,3,-1,0.5,1.0,maf05_ldak,24,0.56494,0.06147
covsumrhe,30,-1,0.5,1.0,maf05_ldak,24,0.49897,0.06587
covsumrhe,31,-1,0.5,1.0,maf05_ldak,24,0.60694,0.06345
covsumrhe,32,-1,0.5,1.0,maf05_ldak,24,0.48736,0.06436
covsumrhe,33,-1,0.5,1.0,maf05_ldak,24,0.48355,0.06415
covsumrhe,34,-1,0.5,1.0,maf05_ldak,24,0.54116,0.05939
covsumrhe,35,-1,0.5,1.0,maf05_ldak,24,0.59994,0.06767
covsumrhe,36,-1,0.5,1.0,maf05_ldak,24,0.49315,0.06388
covsumrhe,37,-1,0.5,1.0,maf05_ldak,24,0.56811,0.06848
covsumrhe,38,-1,0.5,1.0,maf05_ldak,24,0.44948,0.05381
covsumrhe,39,-1,0.5,1.0,maf05_ldak,24,0.55132,0.05862
covsumrhe,4,-1,0.5,1.0,maf05_ldak,24,0.42645,0.05942
covsumrhe,40,-1,0.5,1.0,maf05_ldak,24,0.55282,0.05874
covsumrhe,41,-1,0.5,1.0,maf05_ldak,24,0.44224,0.05674
covsumrhe,42,-1,0.5,1.0,maf05_ldak,24,0.59924,0.06528
covsumrhe,43,-1,0.5,1.0,maf05_ldak,24,0.63757,0.05915
covsumrhe,44,-1,0.5,1.0,maf05_ldak,24,0.52563,0.05692
covsumrhe,45,-1,0.5,1.0,maf05_ldak,24,0.43164,0.06362
covsumrhe,46,-1,0.5,1.0,maf05_ldak,24,0.40495,0.06333
covsumrhe,47,-1,0.5,1.0,maf05_ldak,24,0.50943,0.06273
covsumrhe,48,-1,0.5,1.0,maf05_ldak,24,0.51679,0.06165
covsumrhe,49,-1,0.5,1.0,maf05_ldak,24,0.61636,0.0533
covsumrhe,5,-1,0.5,1.0,maf05_ldak,24,0.47265,0.05453
covsumrhe,50,-1,0.5,1.0,maf05_ldak,24,0.48523,0.06745
covsumrhe,51,-1,0.5,1.0,maf05_ldak,24,0.51303,0.0635
covsumrhe,52,-1,0.5,1.0,maf05_ldak,24,0.43311,0.0628
covsumrhe,53,-1,0.5,1.0,maf05_ldak,24,0.45681,0.05637
covsumrhe,54,-1,0.5,1.0,maf05_ldak,24,0.40944,0.06116
covsumrhe,55,-1,0.5,1.0,maf05_ldak,24,0.53114,0.06322
covsumrhe,56,-1,0.5,1.0,maf05_ldak,24,0.51236,0.06144
covsumrhe,57,-1,0.5,1.0,maf05_ldak,24,0.53923,0.05586
covsumrhe,58,-1,0.5,1.0,maf05_ldak,24,0.58424,0.05717
covsumrhe,59,-1,0.5,1.0,maf05_ldak,24,0.4961,0.05264
covsumrhe,6,-1,0.5,1.0,maf05_ldak,24,0.48794,0.06303
covsumrhe,60,-1,0.5,1.0,maf05_ldak,24,0.54625,0.06103
covsumrhe,61,-1,0.5,1.0,maf05_ldak,24,0.49693,0.05959
covsumrhe,62,-1,0.5,1.0,maf05_ldak,24,0.51989,0.06901
covsumrhe,63,-1,0.5,1.0,maf05_ldak,24,0.51266,0.04561
covsumrhe,64,-1,0.5,1.0,maf05_ldak,24,0.48176,0.0624
covsumrhe,65,-1,0.5,1.0,maf05_ldak,24,0.45571,0.0588
covsumrhe,66,-1,0.5,1.0,maf05_ldak,24,0.45914,0.05419
covsumrhe,67,-1,0.5,1.0,maf05_ldak,24,0.54243,0.05831
covsumrhe,68,-1,0.5,1.0,maf05_ldak,24,0.6545,0.06664
covsumrhe,69,-1,0.5,1.0,maf05_ldak,24,0.46637,0.06265
covsumrhe,7,-1,0.5,1.0,maf05_ldak,24,0.60769,0.05706
covsumrhe,70,-1,0.5,1.0,maf05_ldak,24,0.49277,0.05746
covsumrhe,71,-1,0.5,1.0,maf05_ldak,24,0.49153,0.06336
covsumrhe,72,-1,0.5,1.0,maf05_ldak,24,0.42873,0.05502
covsumrhe,73,-1,0.5,1.0,maf05_ldak,24,0.47789,0.06263
covsumrhe,74,-1,0.5,1.0,maf05_ldak,24,0.48942,0.06006
covsumrhe,75,-1,0.5,1.0,maf05_ldak,24,0.47581,0.06598
covsumrhe,76,-1,0.5,1.0,maf05_ldak,24,0.5932,0.0575
covsumrhe,77,-1,0.5,1.0,maf05_ldak,24,0.48178,0.06245
covsumrhe,78,-1,0.5,1.0,maf05_ldak,24,0.4761,0.064
covsumrhe,79,-1,0.5,1.0,maf05_ldak,24,0.46285,0.06473
covsumrhe,8,-1,0.5,1.0,maf05_ldak,24,0.44058,0.0594
covsumrhe,80,-1,0.5,1.0,maf05_ldak,24,0.48212,0.06208
covsumrhe,81,-1,0.5,1.0,maf05_ldak,24,0.46995,0.05986
covsumrhe,82,-1,0.5,1.0,maf05_ldak,24,0.56681,0.05884
covsumrhe,83,-1,0.5,1.0,maf05_ldak,24,0.53467,0.05976
covsumrhe,84,-1,0.5,1.0,maf05_ldak,24,0.47919,0.06448
covsumrhe,85,-1,0.5,1.0,maf05_ldak,24,0.57643,0.06987
covsumrhe,86,-1,0.5,1.0,maf05_ldak,24,0.56132,0.0604
covsumrhe,87,-1,0.5,1.0,maf05_ldak,24,0.47289,0.05697
covsumrhe,88,-1,0.5,1.0,maf05_ldak,24,0.5299,0.06602
covsumrhe,89,-1,0.5,1.0,maf05_ldak,24,0.42744,0.05766
covsumrhe,9,-1,0.5,1.0,maf05_ldak,24,0.48062,0.06232
covsumrhe,90,-1,0.5,1.0,maf05_ldak,24,0.5637,0.05944
covsumrhe,91,-1,0.5,1.0,maf05_ldak,24,0.49393,0.05833
covsumrhe,92,-1,0.5,1.0,maf05_ldak,24,0.49688,0.06794
covsumrhe,93,-1,0.5,1.0,maf05_ldak,24,0.41881,0.0607
covsumrhe,94,-1,0.5,1.0,maf05_ldak,24,0.58411,0.06754
covsumrhe,95,-1,0.5,1.0,maf05_ldak,24,0.41554,0.06048
covsumrhe,96,-1,0.5,1.0,maf05_ldak,24,0.45585,0.06017
covsumrhe,97,-1,0.5,1.0,maf05_ldak,24,0.45671,0.06534
covsumrhe,98,-1,0.5,1.0,maf05_ldak,24,0.52441,0.05763
covsumrhe,99,-1,0.5,1.0,maf05_ldak,24,0.61272,0.06312
rhe,0,-1,0.5,1.0,maf01,24,0.379637,0.06335
rhe,1,-1,0.5,1.0,maf01,24,0.496563,0.0719451
rhe,10,-1,0.5,1.0,maf01,24,0.534697,0.0501265
rhe,11,-1,0.5,1.0,maf01,24,0.449951,0.060022
rhe,12,-1,0.5,1.0,maf01,24,0.466732,0.063026
rhe,13,-1,0.5,1.0,maf01,24,0.56529,0.0586942
rhe,14,-1,0.5,1.0,maf01,24,0.542036,0.0553996
rhe,15,-1,0.5,1.0,maf01,24,0.318874,0.0607727
rhe,16,-1,0.5,1.0,maf01,24,0.480064,0.0722199
rhe,17,-1,0.5,1.0,maf01,24,0.55691,0.0618469
rhe,18,-1,0.5,1.0,maf01,24,0.53725,0.070711
rhe,19,-1,0.5,1.0,maf01,24,0.536667,0.0583366
rhe,2,-1,0.5,1.0,maf01,24,0.517223,0.0557009
rhe,20,-1,0.5,1.0,maf01,24,0.602918,0.0688895
rhe,21,-1,0.5,1.0,maf01,24,0.506856,0.0625806
rhe,22,-1,0.5,1.0,maf01,24,0.476117,0.052349
rhe,23,-1,0.5,1.0,maf01,24,0.50088,0.0643681
rhe,24,-1,0.5,1.0,maf01,24,0.434303,0.0661209
rhe,25,-1,0.5,1.0,maf01,24,0.440222,0.0574951
rhe,26,-1,0.5,1.0,maf01,24,0.457256,0.0581553
rhe,27,-1,0.5,1.0,maf01,24,0.428586,0.063987
rhe,28,-1,0.5,1.0,maf01,24,0.535973,0.064124
rhe,29,-1,0.5,1.0,maf01,24,0.459928,0.0668932
rhe,3,-1,0.5,1.0,maf01,24,0.422783,0.0616568
rhe,30,-1,0.5,1.0,maf01,24,0.428136,0.0547557
rhe,31,-1,0.5,1.0,maf01,24,0.604029,0.0679629
rhe,32,-1,0.5,1.0,maf01,24,0.557087,0.0594031
rhe,33,-1,0.5,1.0,maf01,24,0.570035,0.0559385
rhe,34,-1,0.5,1.0,maf01,24,0.549218,0.0613137
rhe,35,-1,0.5,1.0,maf01,24,0.514588,0.0611139
rhe,36,-1,0.5,1.0,maf01,24,0.456663,0.0571278
rhe,37,-1,0.5,1.0,maf01,24,0.425648,0.0543511
rhe,38,-1,0.5,1.0,maf01,24,0.572237,0.0686766
rhe,39,-1,0.5,1.0,maf01,24,0.551548,0.0621279
rhe,4,-1,0.5,1.0,maf01,24,0.409248,0.0454132
rhe,40,-1,0.5,1.0,maf01,24,0.553801,0.0656234
rhe,41,-1,0.5,1.0,maf01,24,0.457055,0.0628502
rhe,42,-1,0.5,1.0,maf01,24,0.447434,0.0632056
rhe,43,-1,0.5,1.0,maf01,24,0.413837,0.0589637
rhe,44,-1,0.5,1.0,maf01,24,0.543342,0.0597003
rhe,45,-1,0.5,1.0,maf01,24,0.407619,0.057293
rhe,46,-1,0.5,1.0,maf01,24,0.47543,0.0523667
rhe,47,-1,0.5,1.0,maf01,24,0.494395,0.0657893
rhe,48,-1,0.5,1.0,maf01,24,0.48778,0.0705684
rhe,49,-1,0.5,1.0,maf01,24,0.359605,0.0662583
rhe,5,-1,0.5,1.0,maf01,24,0.469618,0.0643219
rhe,50,-1,0.5,1.0,maf01,24,0.506885,0.0615789
rhe,51,-1,0.5,1.0,maf01,24,0.523579,0.0600933
rhe,52,-1,0.5,1.0,maf01,24,0.393028,0.0590907
rhe,53,-1,0.5,1.0,maf01,24,0.474776,0.0636419
rhe,54,-1,0.5,1.0,maf01,24,0.558926,0.0599346
rhe,55,-1,0.5,1.0,maf01,24,0.495847,0.0572574
rhe,56,-1,0.5,1.0,maf01,24,0.605896,0.0569048
rhe,57,-1,0.5,1.0,maf01,24,0.533912,0.0553435
rhe,58,-1,0.5,1.0,maf01,24,0.512597,0.0659904
rhe,59,-1,0.5,1.0,maf01,24,0.456667,0.0641253
rhe,6,-1,0.5,1.0,maf01,24,0.515863,0.0599643
rhe,60,-1,0.5,1.0,maf01,24,0.611515,0.0588344
rhe,61,-1,0.5,1.0,maf01,24,0.530824,0.0609007
rhe,62,-1,0.5,1.0,maf01,24,0.57205,0.057678
rhe,63,-1,0.5,1.0,maf01,24,0.574764,0.0612028
rhe,64,-1,0.5,1.0,maf01,24,0.466763,0.0606365
rhe,65,-1,0.5,1.0,maf01,24,0.48598,0.0613337
rhe,66,-1,0.5,1.0,maf01,24,0.478677,0.0523838
rhe,67,-1,0.5,1.0,maf01,24,0.513745,0.0547575
rhe,68,-1,0.5,1.0,maf01,24,0.441194,0.0562401
rhe,69,-1,0.5,1.0,maf01,24,0.515284,0.0602671
rhe,7,-1,0.5,1.0,maf01,24,0.399296,0.055176
rhe,70,-1,0.5,1.0,maf01,24,0.477701,0.059087
rhe,71,-1,0.5,1.0,maf01,24,0.598426,0.0598154
rhe,72,-1,0.5,1.0,maf01,24,0.402133,0.0624898
rhe,73,-1,0.5,1.0,maf01,24,0.464756,0.0669583
rhe,74,-1,0.5,1.0,maf01,24,0.593402,0.0579029
rhe,75,-1,0.5,1.0,maf01,24,0.545784,0.0492864
rhe,76,-1,0.5,1.0,maf01,24,0.340175,0.0645612
rhe,77,-1,0.5,1.0,maf01,24,0.548353,0.0640767
rhe,78,-1,0.5,1.0,maf01,24,0.408753,0.0610758
rhe,79,-1,0.5,1.0,maf01,24,0.673398,0.0652194
rhe,8,-1,0.5,1.0,maf01,24,0.498293,0.0566796
rhe,80,-1,0.5,1.0,maf01,24,0.456693,0.0517427
rhe,81,-1,0.5,1.0,maf01,24,0.441379,0.0555685
rhe,82,-1,0.5,1.0,maf01,24,0.431289,0.0534963
rhe,83,-1,0.5,1.0,maf01,24,0.505332,0.0586977
rhe,84,-1,0.5,1.0,maf01,24,0.450555,0.0510741
rhe,85,-1,0.5,1.0,maf01,24,0.481247,0.0531621
rhe,86,-1,0.5,1.0,maf01,24,0.476214,0.0631511
rhe,87,-1,0.5,1.0,maf01,24,0.539507,0.0604321
rhe,88,-1,0.5,1.0,maf01,24,0.582215,0.0540961
rhe,89,-1,0.5,1.0,maf01,24,0.497265,0.0542602
rhe,9,-1,0.5,1.0,maf01,24,0.575094,0.060578
rhe,90,-1,0.5,1.0,maf01,24,0.604202,0.0634751
rhe,91,-1,0.5,1.0,maf01,24,0.556857,0.056797
rhe,92,-1,0.5,1.0,maf01,24,0.45302,0.0536854
rhe,93,-1,0.5,1.0,maf01,24,0.583266,0.0617538
rhe,94,-1,0.5,1.0,maf01,24,0.415528,0.0648331
rhe,95,-1,0.5,1.0,maf01,24,0.557323,0.0668193
rhe,96,-1,0.5,1.0,maf01,24,0.51042,0.0598464
rhe,97,-1,0.5,1.0,maf01,24,0.522298,0.0564786
rhe,98,-1,0.5,1.0,maf01,24,0.503066,0.0650769
rhe,99,-1,0.5,1.0,maf01,24,0.528538,0.0605127
rhe,0,-1,0.5,1.0,maf05,24,0.596457,0.0606754
rhe,1,-1,0.5,1.0,maf05,24,0.453465,0.0654264
rhe,10,-1,0.5,1.0,maf05,24,0.519877,0.0596811
rhe,11,-1,0.5,1.0,maf05,24,0.50683,0.0637942
rhe,12,-1,0.5,1.0,maf05,24,0.473622,0.059881
rhe,13,-1,0.5,1.0,maf05,24,0.614409,0.0672663
rhe,14,-1,0.5,1.0,maf05,24,0.473193,0.0578474
rhe,15,-1,0.5,1.0,maf05,24,0.477836,0.0644824
rhe,16,-1,0.5,1.0,maf05,24,0.637635,0.0629624
rhe,17,-1,0.5,1.0,maf05,24,0.456499,0.0569686
rhe,18,-1,0.5,1.0,maf05,24,0.493595,0.0537929
rhe,19,-1,0.5,1.0,maf05,24,0.46605,0.0604968
rhe,2,-1,0.5,1.0,maf05,24,0.447934,0.0522466
rhe,20,-1,0.5,1.0,maf05,24,0.442372,0.0632969
rhe,21,-1,0.5,1.0,maf05,24,0.486482,0.058025
rhe,22,-1,0.5,1.0,maf05,24,0.488589,0.0519562
rhe,23,-1,0.5,1.0,maf05,24,0.500457,0.0593532
rhe,24,-1,0.5,1.0,maf05,24,0.50295,0.0659672
rhe,25,-1,0.5,1.0,maf05,24,0.478101,0.0649416
rhe,26,-1,0.5,1.0,maf05,24,0.525186,0.0551297
rhe,27,-1,0.5,1.0,maf05,24,0.616086,0.0596417
rhe,28,-1,0.5,1.0,maf05,24,0.466034,0.0650508
rhe,29,-1,0.5,1.0,maf05,24,0.586121,0.0584739
rhe,3,-1,0.5,1.0,maf05,24,0.60822,0.0708548
rhe,30,-1,0.5,1.0,maf05,24,0.511869,0.0487962
rhe,31,-1,0.5,1.0,maf05,24,0.609166,0.0586853
rhe,32,-1,0.5,1.0,maf05,24,0.496605,0.0637966
rhe,33,-1,0.5,1.0,maf05,24,0.49027,0.057364
rhe,34,-1,0.5,1.0,maf05,24,0.461529,0.0709126
rhe,35,-1,0.5,1.0,maf05,24,0.511692,0.0622914
rhe,36,-1,0.5,1.0,maf05,24,0.61834,0.067964
rhe,37,-1,0.5,1.0,maf05,24,0.578832,0.0629293
rhe,38,-1,0.5,1.0,maf05,24,0.584098,0.0611637
rhe,39,-1,0.5,1.0,maf05,24,0.403974,0.0539924
rhe,4,-1,0.5,1.0,maf05,24,0.550938,0.0562949
rhe,40,-1,0.5,1.0,maf05,24,0.544548,0.0617814
rhe,41,-1,0.5,1.0,maf05,24,0.491753,0.0596994
rhe,42,-1,0.5,1.0,maf05,24,0.509589,0.0656595
rhe,43,-1,0.5,1.0,maf05,24,0.427267,0.0529925
rhe,44,-1,0.5,1.0,maf05,24,0.520765,0.0646302
rhe,45,-1,0.5,1.0,maf05,24,0.485829,0.0586339
rhe,46,-1,0.5,1.0,maf05,24,0.550326,0.0629871
rhe,47,-1,0.5,1.0,maf05,24,0.438519,0.0609709
rhe,48,-1,0.5,1.0,maf05,24,0.56516,0.0608548
rhe,49,-1,0.5,1.0,maf05,24,0.50694,0.0694527
rhe,5,-1,0.5,1.0,maf05,24,0.61427,0.063557
rhe,50,-1,0.5,1.0,maf05,24,0.390351,0.0545538
rhe,51,-1,0.5,1.0,maf05,24,0.496425,0.0666513
rhe,52,-1,0.5,1.0,maf05,24,0.483738,0.0676892
rhe,53,-1,0.5,1.0,maf05,24,0.549281,0.0597304
rhe,54,-1,0.5,1.0,maf05,24,0.496869,0.0592341
rhe,55,-1,0.5,1.0,maf05,24,0.529779,0.0548489
rhe,56,-1,0.5,1.0,maf05,24,0.426333,0.0667211
rhe,57,-1,0.5,1.0,maf05,24,0.479598,0.0607778
rhe,58,-1,0.5,1.0,maf05,24,0.445096,0.0568213
rhe,59,-1,0.5,1.0,maf05,24,0.439398,0.0644193
rhe,6,-1,0.5,1.0,maf05,24,0.553717,0.0600537
rhe,60,-1,0.5,1.0,maf05,24,0.463387,0.057911
rhe,61,-1,0.5,1.0,maf05,24,0.490224,0.0706705
rhe,62,-1,0.5,1.0,maf05,24,0.514243,0.0631707
rhe,63,-1,0.5,1.0,maf05,24,0.515388,0.0599793
rhe,64,-1,0.5,1.0,maf05,24,0.57181,0.0641348
rhe,65,-1,0.5,1.0,maf05,24,0.615075,0.0612402
rhe,66,-1,0.5,1.0,maf05,24,0.62052,0.0608058
rhe,67,-1,0.5,1.0,maf05,24,0.45615,0.062928
rhe,68,-1,0.5,1.0,maf05,24,0.460941,0.0577383
rhe,69,-1,0.5,1.0,maf05,24,0.568277,0.0599013
rhe,7,-1,0.5,1.0,maf05,24,0.464197,0.0615488
rhe,70,-1,0.5,1.0,maf05,24,0.464165,0.0605656
rhe,71,-1,0.5,1.0,maf05,24,0.533501,0.0642064
rhe,72,-1,0.5,1.0,maf05,24,0.498548,0.0701031
rhe,73,-1,0.5,1.0,maf05,24,0.526396,0.0697607
rhe,74,-1,0.5,1.0,maf05,24,0.556093,0.0626619
rhe,75,-1,0.5,1.0,maf05,24,0.544398,0.0624312
rhe,76,-1,0.5,1.0,maf05,24,0.604601,0.0607442
rhe,77,-1,0.5,1.0,maf05,24,0.49846,0.059558
rhe,78,-1,0.5,1.0,maf05,24,0.458706,0.0552418
rhe,79,-1,0.5,1.0,maf05,24,0.551466,0.063935
rhe,8,-1,0.5,1.0,maf05,24,0.473358,0.0594844
rhe,80,-1,0.5,1.0,maf05,24,0.449203,0.0589613
rhe,81,-1,0.5,1.0,maf05,24,0.528716,0.0667046
rhe,82,-1,0.5,1.0,maf05,24,0.549657,0.0591106
rhe,83,-1,0.5,1.0,maf05,24,0.458574,0.0511327
rhe,84,-1,0.5,1.0,maf05,24,0.452185,0.0579683
rhe,85,-1,0.5,1.0,maf05,24,0.551034,0.0594724
rhe,86,-1,0.5,1.0,maf05,24,0.591061,0.0634576
rhe,87,-1,0.5,1.0,maf05,24,0.503644,0.0523634
rhe,88,-1,0.5,1.0,maf05,24,0.492871,0.0588551
rhe,89,-1,0.5,1.0,maf05,24,0.463553,0.0626175
rhe,9,-1,0.5,1.0,maf05,24,0.550283,0.0552646
rhe,90,-1,0.5,1.0,maf05,24,0.563952,0.0581644
rhe,91,-1,0.5,1.0,maf05,24,0.519485,0.064021
rhe,92,-1,0.5,1.0,maf05,24,0.499664,0.0642623
rhe,93,-1,0.5,1.0,maf05,24,0.577723,0.0580883
rhe,94,-1,0.5,1.0,maf05,24,0.436006,0.0622793
rhe,95,-1,0.5,1.0,maf05,24,0.512204,0.064622
rhe,96,-1,0.5,1.0,maf05,24,0.419008,0.0557753
rhe,97,-1,0.5,1.0,maf05,24,0.49324,0.0588599
rhe,98,-1,0.5,1.0,maf05,24,0.516903,0.0628137
rhe,99,-1,0.5,1.0,maf05,24,0.490625,0.0665579
rhe,0,-1,0.5,1.0,maf01_ldak,24,0.457075,0.0645789
rhe,1,-1,0.5,1.0,maf01_ldak,24,0.53591,0.0719698
rhe,10,-1,0.5,1.0,maf01_ldak,24,0.49735,0.0677836
rhe,11,-1,0.5,1.0,maf01_ldak,24,0.560081,0.0566859
rhe,12,-1,0.5,1.0,maf01_ldak,24,0.489566,0.0550948
rhe,13,-1,0.5,1.0,maf01_ldak,24,0.442677,0.0608116
rhe,14,-1,0.5,1.0,maf01_ldak,24,0.413314,0.0556702
rhe,15,-1,0.5,1.0,maf01_ldak,24,0.636994,0.0665279
rhe,16,-1,0.5,1.0,maf01_ldak,24,0.511679,0.0615989
rhe,17,-1,0.5,1.0,maf01_ldak,24,0.467528,0.0607944
rhe,18,-1,0.5,1.0,maf01_ldak,24,0.48506,0.0609255
rhe,19,-1,0.5,1.0,maf01_ldak,24,0.487703,0.0607888
rhe,2,-1,0.5,1.0,maf01_ldak,24,0.561376,0.0519395
rhe,20,-1,0.5,1.0,maf01_ldak,24,0.505441,0.0593647
rhe,21,-1,0.5,1.0,maf01_ldak,24,0.543644,0.0550516
rhe,22,-1,0.5,1.0,maf01_ldak,24,0.496393,0.0639748
rhe,23,-1,0.5,1.0,maf01_ldak,24,0.442488,0.0633663
rhe,24,-1,0.5,1.0,maf01_ldak,24,0.415558,0.0619484
rhe,25,-1,0.5,1.0,maf01_ldak,24,0.522526,0.0567068
rhe,26,-1,0.5,1.0,maf01_ldak,24,0.565386,0.0631315
rhe,27,-1,0.5,1.0,maf01_ldak,24,0.559318,0.0640989
rhe,28,-1,0.5,1.0,maf01_ldak,24,0.551314,0.0607733
rhe,29,-1,0.5,1.0,maf01_ldak,24,0.423763,0.0564544
rhe,3,-1,0.5,1.0,maf01_ldak,24,0.597701,0.072202
rhe,30,-1,0.5,1.0,maf01_ldak,24,0.423182,0.0506347
rhe,31,-1,0.5,1.0,maf01_ldak,24,0.476221,0.0562438
rhe,32,-1,0.5,1.0,maf01_ldak,24,0.554124,0.0631867
rhe,33,-1,0.5,1.0,maf01_ldak,24,0.504373,0.0650411
rhe,34,-1,0.5,1.0,maf01_ldak,24,0.524777,0.0642837
rhe,35,-1,0.5,1.0,maf01_ldak,24,0.470252,0.0607587
rhe,36,-1,0.5,1.0,maf01_ldak,24,0.518571,0.0599296
rhe,37,-1,0.5,1.0,maf01_ldak,24,0.52034,0.0580916
rhe,38,-1,0.5,1.0,maf01_ldak,24,0.441535,0.0541143
rhe,39,-1,0.5,1.0,maf01_ldak,24,0.4659,0.0646672
rhe,4,-1,0.5,1.0,maf01_ldak,24,0.532928,0.061195
rhe,40,-1,0.5,1.0,maf01_ldak,24,0.475685,0.0531537
rhe,41,-1,0.5,1.0,maf01_ldak,24,0.373403,0.0630231
rhe,42,-1,0.5,1.0,maf01_ldak,24,0.444919,0.059116
rhe,43,-1,0.5,1.0,maf01_ldak,24,0.514634,0.0645618
rhe,44,-1,0.5,1.0,maf01_ldak,24,0.503134,0.0618627
rhe,45,-1,0.5,1.0,maf01_ldak,24,0.399539,0.0528015
rhe,46,-1,0.5,1.0,maf01_ldak,24,0.504947,0.0575467
rhe,47,-1,0.5,1.0,maf01_ldak,24,0.555973,0.0680822
rhe,48,-1,0.5,1.0,maf01_ldak,24,0.501381,0.0612916
rhe,49,-1,0.5,1.0,maf01_ldak,24,0.446525,0.0588956
rhe,5,-1,0.5,1.0,maf01_ldak,24,0.570162,0.0725921
rhe,50,-1,0.5,1.0,maf01_ldak,24,0.492463,0.0595488
rhe,51,-1,0.5,1.0,maf01_ldak,24,0.590056,0.0596116
rhe,52,-1,0.5,1.0,maf01_ldak,24,0.644603,0.0545753
rhe,53,-1,0.5,1.0,maf01_ldak,24,0.461073,0.0600843
rhe,54,-1,0.5,1.0,maf01_ldak,24,0.476356,0.0570798
rhe,55,-1,0.5,1.0,maf01_ldak,24,0.504149,0.0640298
rhe,56,-1,0.5,1.0,maf01_ldak,24,0.463315,0.0566549
rhe,57,-1,0.5,1.0,maf01_ldak,24,0.474331,0.0528593
rhe,58,-1,0.5,1.0,maf01_ldak,24,0.551524,0.0552315
rhe,59,-1,0.5,1.0,maf01_ldak,24,0.546842,0.0843875
rhe,6,-1,0.5,1.0,maf01_ldak,24,0.677818,0.0616025
rhe,60,-1,0.5,1.0,maf01_ldak,24,0.502156,0.0645662
rhe,61,-1,0.5,1.0,maf01_ldak,24,0.389943,0.0531991
rhe,62,-1,0.5,1.0,maf01_ldak,24,0.477502,0.0571057
rhe,63,-1,0.5,1.0,maf01_ldak,24,0.44742,0.0628529
rhe,64,-1,0.5,1.0,maf01_ldak,24,0.462061,0.0582871
rhe,65,-1,0.5,1.0,maf01_ldak,24,0.432043,0.053574
rhe,66,-1,0.5,1.0,maf01_ldak,24,0.423532,0.0667147
rhe,67,-1,0.5,1.0,maf01_ldak,24,0.514134,0.0621942
rhe,68,-1,0.5,1.0,maf01_ldak,24,0.404114,0.051953
rhe,69,-1,0.5,1.0,maf01_ldak,24,0.467114,0.0543397
rhe,7,-1,0.5,1.0,maf01_ldak,24,0.494612,0.055587
rhe,70,-1,0.5,1.0,maf01_ldak,24,0.454261,0.0611282
rhe,71,-1,0.5,1.0,maf01_ldak,24,0.46907,0.0591691
rhe,72,-1,0.5,1.0,maf01_ldak,24,0.534621,0.060588
rhe,73,-1,0.5,1.0,maf01_ldak,24,0.505826,0.0579196
rhe,74,-1,0.5,1.0,maf01_ldak,24,0.47112,0.0564439
rhe,75,-1,0.5,1.0,maf01_ldak,24,0.478271,0.0637941
rhe,76,-1,0.5,1.0,maf01_ldak,24,0.539853,0.0519427
rhe,77,-1,0.5,1.0,maf01_ldak,24,0.497085,0.0716424
rhe,78,-1,0.5,1.0,maf01_ldak,24,0.570288,0.0527423
rhe,79,-1,0.5,1.0,maf01_ldak,24,0.509849,0.0735367
rhe,8,-1,0.5,1.0,maf01_ldak,24,0.41737,0.067029
rhe,80,-1,0.5,1.0,maf01_ldak,24,0.572506,0.0634659
rhe,81,-1,0.5,1.0,maf01_ldak,24,0.562157,0.0656774
rhe,82,-1,0.5,1.0,maf01_ldak,24,0.423782,0.0577199
rhe,83,-1,0.5,1.0,maf01_ldak,24,0.573993,0.0613874
rhe,84,-1,0.5,1.0,maf01_ldak,24,0.510798,0.0621475
rhe,85,-1,0.5,1.0,maf01_ldak,24,0.51475,0.059375
rhe,86,-1,0.5,1.0,maf01_ldak,24,0.606846,0.0554606
rhe,87,-1,0.5,1.0,maf01_ldak,24,0.450071,0.0577596
rhe,88,-1,0.5,1.0,maf01_ldak,24,0.547377,0.0592299
rhe,89,-1,0.5,1.0,maf01_ldak,24,0.430711,0.0561726
rhe,9,-1,0.5,1.0,maf01_ldak,24,0.489825,0.0639507
rhe,90,-1,0.5,1.0,maf01_ldak,24,0.547679,0.0566652
rhe,91,-1,0.5,1.0,maf01_ldak,24,0.543919,0.0605498
rhe,92,-1,0.5,1.0,maf01_ldak,24,0.414655,0.066169
rhe,93,-1,0.5,1.0,maf01_ldak,24,0.499437,0.0589774
rhe,94,-1,0.5,1.0,maf01_ldak,24,0.502634,0.0609008
rhe,95,-1,0.5,1.0,maf01_ldak,24,0.433524,0.0719288
rhe,96,-1,0.5,1.0,maf01_ldak,24,0.430398,0.0600702
rhe,97,-1,0.5,1.0,maf01_ldak,24,0.550913,0.0670883
rhe,98,-1,0.5,1.0,maf01_ldak,24,0.547257,0.0644481
rhe,99,-1,0.5,1.0,maf01_ldak,24,0.541125,0.0548642
rhe,0,-1,0.5,1.0,maf05_ldak,24,0.389528,0.061356
rhe,1,-1,0.5,1.0,maf05_ldak,24,0.490584,0.0591424
rhe,10,-1,0.5,1.0,maf05_ldak,24,0.427768,0.0546749
rhe,11,-1,0.5,1.0,maf05_ldak,24,0.471266,0.0520421
rhe,12,-1,0.5,1.0,maf05_ldak,24,0.473027,0.0634494
rhe,13,-1,0.5,1.0,maf05_ldak,24,0.422156,0.0668208
rhe,14,-1,0.5,1.0,maf05_ldak,24,0.451379,0.0565045
rhe,15,-1,0.5,1.0,maf05_ldak,24,0.679568,0.058718
rhe,16,-1,0.5,1.0,maf05_ldak,24,0.647491,0.0548853
rhe,17,-1,0.5,1.0,maf05_ldak,24,0.580325,0.0612554
rhe,18,-1,0.5,1.0,maf05_ldak,24,0.446222,0.0623722
rhe,19,-1,0.5,1.0,maf05_ldak,24,0.528463,0.0664993
rhe,2,-1,0.5,1.0,maf05_ldak,24,0.468623,0.0479248
rhe,20,-1,0.5,1.0,maf05_ldak,24,0.493171,0.0564107
rhe,21,-1,0.5,1.0,maf05_ldak,24,0.376183,0.0634376
rhe,22,-1,0.5,1.0,maf05_ldak,24,0.578921,0.0612369
rhe,23,-1,0.5,1.0,maf05_ldak,24,0.571698,0.0643864
rhe,24,-1,0.5,1.0,maf05_ldak,24,0.401222,0.0533476
rhe,25,-1,0.5,1.0,maf05_ldak,24,0.615897,0.048382
rhe,26,-1,0.5,1.0,maf05_ldak,24,0.581886,0.0556174
rhe,27,-1,0.5,1.0,maf05_ldak,24,0.388367,0.0639676
rhe,28,-1,0.5,1.0,maf05_ldak,24,0.517565,0.0627486
rhe,29,-1,0.5,1.0,maf05_ldak,24,0.593185,0.058713
rhe,3,-1,0.5,1.0,maf05_ldak,24,0.600929,0.0693088
rhe,30,-1,0.5,1.0,maf05_ldak,24,0.467565,0.0598343
rhe,31,-1,0.5,1.0,maf05_ldak,24,0.577459,0.0618843
rhe,32,-1,0.5,1.0,maf05_ldak,24,0.482671,0.0663182
rhe,33,-1,0.5,1.0,maf05_ldak,24,0.517581,0.0661928
rhe,34,-1,0.5,1.0,maf05_ldak,24,0.577285,0.0598515
rhe,35,-1,0.5,1.0,maf05_ldak,24,0.601289,0.0670136
rhe,36,-1,0.5,1.0,maf05_ldak,24,0.49841,0.061763
rhe,37,-1,0.5,1.0,maf05_ldak,24,0.533984,0.0669812
rhe,38,-1,0.5,1.0,maf05_ldak,24,0.450544,0.055276
rhe,39,-1,0.5,1.0,maf05_ldak,24,0.567129,0.0605791
rhe,4,-1,0.5,1.0,maf05_ldak,24,0.394717,0.0566382
rhe,40,-1,0.5,1.0,maf05_ldak,24,0.561116,0.0574844
rhe,41,-1,0.5,1.0,maf05_ldak,24,0.434996,0.0581071
rhe,42,-1,0.5,1.0,maf05_ldak,24,0.577647,0.0630024
rhe,43,-1,0.5,1.0,maf05_ldak,24,0.632594,0.0603028
rhe,44,-1,0.5,1.0,maf05_ldak,24,0.521168,0.0562376
rhe,45,-1,0.5,1.0,maf05_ldak,24,0.422797,0.0627675
rhe,46,-1,0.5,1.0,maf05_ldak,24,0.445568,0.065751
rhe,47,-1,0.5,1.0,maf05_ldak,24,0.512009,0.0656033
rhe,48,-1,0.5,1.0,maf05_ldak,24,0.504275,0.0628342
rhe,49,-1,0.5,1.0,maf05_ldak,24,0.642044,0.0575447
rhe,5,-1,0.5,1.0,maf05_ldak,24,0.48143,0.056781
rhe,50,-1,0.5,1.0,maf05_ldak,24,0.463328,0.0660021
rhe,51,-1,0.5,1.0,maf05_ldak,24,0.531281,0.0636792
rhe,52,-1,0.5,1.0,maf05_ldak,24,0.430467,0.0617795
rhe,53,-1,0.5,1.0,maf05_ldak,24,0.458952,0.0571827
rhe,54,-1,0.5,1.0,maf05_ldak,24,0.40734,0.0606556
rhe,55,-1,0.5,1.0,maf05_ldak,24,0.516204,0.0629054
rhe,56,-1,0.5,1.0,maf05_ldak,24,0.501452,0.0584403
rhe,57,-1,0.5,1.0,maf05_ldak,24,0.533033,0.0535701
rhe,58,-1,0.5,1.0,maf05_ldak,24,0.613469,0.0568304
rhe,59,-1,0.5,1.0,maf05_ldak,24,0.505655,0.05363
rhe,6,-1,0.5,1.0,maf05_ldak,24,0.499563,0.0626168
rhe,60,-1,0.5,1.0,maf05_ldak,24,0.543528,0.0599059
rhe,61,-1,0.5,1.0,maf05_ldak,24,0.479542,0.0581924
rhe,62,-1,0.5,1.0,maf05_ldak,24,0.519022,0.070137
rhe,63,-1,0.5,1.0,maf05_ldak,24,0.51107,0.0422165
rhe,64,-1,0.5,1.0,maf05_ldak,24,0.525148,0.0633412
rhe,65,-1,0.5,1.0,maf05_ldak,24,0.509607,0.0605314
rhe,66,-1,0.5,1.0,maf05_ldak,24,0.465057,0.0536862
rhe,67,-1,0.5,1.0,maf05_ldak,24,0.52964,0.058122
rhe,68,-1,0.5,1.0,maf05_ldak,24,0.651121,0.0637744
rhe,69,-1,0.5,1.0,maf05_ldak,24,0.449717,0.0641978
rhe,7,-1,0.5,1.0,maf05_ldak,24,0.582889,0.0531264
rhe,70,-1,0.5,1.0,maf05_ldak,24,0.475772,0.0553884
rhe,71,-1,0.5,1.0,maf05_ldak,24,0.48982,0.0638041
rhe,72,-1,0.5,1.0,maf05_ldak,24,0.437922,0.0566388
rhe,73,-1,0.5,1.0,maf05_ldak,24,0.552638,0.0681129
rhe,74,-1,0.5,1.0,maf05_ldak,24,0.557267,0.0605249
rhe,75,-1,0.5,1.0,maf05_ldak,24,0.456326,0.0650099
rhe,76,-1,0.5,1.0,maf05_ldak,24,0.558289,0.056204
rhe,77,-1,0.5,1.0,maf05_ldak,24,0.471678,0.0631543
rhe,78,-1,0.5,1.0,maf05_ldak,24,0.516637,0.0607136
rhe,79,-1,0.5,1.0,maf05_ldak,24,0.499778,0.06722
rhe,8,-1,0.5,1.0,maf05_ldak,24,0.468497,0.0589738
rhe,80,-1,0.5,1.0,maf05_ldak,24,0.466541,0.0586156
rhe,81,-1,0.5,1.0,maf05_ldak,24,0.504359,0.0606879
rhe,82,-1,0.5,1.0,maf05_ldak,24,0.545477,0.0580167
rhe,83,-1,0.5,1.0,maf05_ldak,24,0.563479,0.0605742
rhe,84,-1,0.5,1.0,maf05_ldak,24,0.460391,0.0636093
rhe,85,-1,0.5,1.0,maf05_ldak,24,0.601304,0.06935
rhe,86,-1,0.5,1.0,maf05_ldak,24,0.576652,0.0611225
rhe,87,-1,0.5,1.0,maf05_ldak,24,0.472604,0.0570826
rhe,88,-1,0.5,1.0,maf05_ldak,24,0.512907,0.0669389
rhe,89,-1,0.5,1.0,maf05_ldak,24,0.442635,0.0588349
rhe,9,-1,0.5,1.0,maf05_ldak,24,0.461753,0.0626861
rhe,90,-1,0.5,1.0,maf05_ldak,24,0.584162,0.0632682
rhe,91,-1,0.5,1.0,maf05_ldak,24,0.496621,0.0572376
rhe,92,-1,0.5,1.0,maf05_ldak,24,0.520684,0.0688751
rhe,93,-1,0.5,1.0,maf05_ldak,24,0.432274,0.0617356
rhe,94,-1,0.5,1.0,maf05_ldak,24,0.602453,0.0685694
rhe,95,-1,0.5,1.0,maf05_ldak,24,0.413324,0.0642362
rhe,96,-1,0.5,1.0,maf05_ldak,24,0.432645,0.0562147
rhe,97,-1,0.5,1.0,maf05_ldak,24,0.453982,0.0684117
rhe,98,-1,0.5,1.0,maf05_ldak,24,0.545578,0.0585732
rhe,99,-1,0.5,1.0,maf05_ldak,24,0.644806,0.06149
covldsc,0,-1,0.5,1.0,maf01,24,0.0048,0.3025
covldsc,1,-1,0.5,1.0,maf01,24,0.3498,0.4156
covldsc,10,-1,0.5,1.0,maf01,24,0.2596,0.3755
covldsc,11,-1,0.5,1.0,maf01,24,0.5926,0.3622
covldsc,12,-1,0.5,1.0,maf01,24,0.821,0.4077
covldsc,13,-1,0.5,1.0,maf01,24,0.4709,0.3439
covldsc,14,-1,0.5,1.0,maf01,24,0.2828,0.3869
covldsc,15,-1,0.5,1.0,maf01,24,0.6259,0.3071
covldsc,16,-1,0.5,1.0,maf01,24,0.4483,0.3625
covldsc,17,-1,0.5,1.0,maf01,24,0.921,0.4541
covldsc,18,-1,0.5,1.0,maf01,24,0.6934,0.3616
covldsc,19,-1,0.5,1.0,maf01,24,0.7092,0.3618
covldsc,2,-1,0.5,1.0,maf01,24,0.5449,0.3675
covldsc,20,-1,0.5,1.0,maf01,24,0.754,0.3882
covldsc,21,-1,0.5,1.0,maf01,24,0.3095,0.3404
covldsc,22,-1,0.5,1.0,maf01,24,0.7847,0.3852
covldsc,23,-1,0.5,1.0,maf01,24,1.2946,0.3749
covldsc,24,-1,0.5,1.0,maf01,24,0.6111,0.3614
covldsc,25,-1,0.5,1.0,maf01,24,0.9371,0.4861
covldsc,26,-1,0.5,1.0,maf01,24,-0.0007,0.3126
covldsc,27,-1,0.5,1.0,maf01,24,0.0099,0.4185
covldsc,28,-1,0.5,1.0,maf01,24,0.7648,0.3897
covldsc,29,-1,0.5,1.0,maf01,24,0.5282,0.3051
covldsc,3,-1,0.5,1.0,maf01,24,1.2115,0.372
covldsc,30,-1,0.5,1.0,maf01,24,0.2821,0.3535
covldsc,31,-1,0.5,1.0,maf01,24,0.8171,0.3733
covldsc,32,-1,0.5,1.0,maf01,24,0.0742,0.3616
covldsc,33,-1,0.5,1.0,maf01,24,1.027,0.3776
covldsc,34,-1,0.5,1.0,maf01,24,0.5514,0.3593
covldsc,35,-1,0.5,1.0,maf01,24,0.2886,0.3631
covldsc,36,-1,0.5,1.0,maf01,24,0.6676,0.3722
covldsc,37,-1,0.5,1.0,maf01,24,0.8679,0.3484
covldsc,38,-1,0.5,1.0,maf01,24,0.0981,0.335
covldsc,39,-1,0.5,1.0,maf01,24,0.8381,0.4259
covldsc,4,-1,0.5,1.0,maf01,24,-0.0628,0.3236
covldsc,40,-1,0.5,1.0,maf01,24,0.3807,0.394
covldsc,41,-1,0.5,1.0,maf01,24,0.6341,0.4335
covldsc,42,-1,0.5,1.0,maf01,24,-0.2699,0.3554
covldsc,43,-1,0.5,1.0,maf01,24,0.3921,0.4538
covldsc,44,-1,0.5,1.0,maf01,24,0.8131,0.3801
covldsc,45,-1,0.5,1.0,maf01,24,0.9118,0.4032
covldsc,46,-1,0.5,1.0,maf01,24,0.1005,0.3812
covldsc,47,-1,0.5,1.0,maf01,24,0.1573,0.3371
covldsc,48,-1,0.5,1.0,maf01,24,0.1798,0.3816
covldsc,49,-1,0.5,1.0,maf01,24,-0.0465,0.3763
covldsc,5,-1,0.5,1.0,maf01,24,0.7845,0.307
covldsc,50,-1,0.5,1.0,maf01,24,1.5058,0.4047
covldsc,51,-1,0.5,1.0,maf01,24,1.1682,0.3652
covldsc,52,-1,0.5,1.0,maf01,24,-0.1371,0.3394
covldsc,53,-1,0.5,1.0,maf01,24,0.1082,0.3742
covldsc,54,-1,0.5,1.0,maf01,24,0.9393,0.3744
covldsc,55,-1,0.5,1.0,maf01,24,0.0461,0.3576
covldsc,56,-1,0.5,1.0,maf01,24,1.1163,0.3428
covldsc,57,-1,0.5,1.0,maf01,24,0.5736,0.3908
covldsc,58,-1,0.5,1.0,maf01,24,0.1729,0.3519
covldsc,59,-1,0.5,1.0,maf01,24,0.2782,0.3657
covldsc,6,-1,0.5,1.0,maf01,24,0.6461,0.3822
covldsc,60,-1,0.5,1.0,maf01,24,0.7713,0.3942
covldsc,61,-1,0.5,1.0,maf01,24,0.4012,0.3288
covldsc,62,-1,0.5,1.0,maf01,24,0.2929,0.365
covldsc,63,-1,0.5,1.0,maf01,24,0.533,0.39
covldsc,64,-1,0.5,1.0,maf01,24,0.7335,0.392
covldsc,65,-1,0.5,1.0,maf01,24,-0.0165,0.3863
covldsc,66,-1,0.5,1.0,maf01,24,0.5247,0.3009
covldsc,67,-1,0.5,1.0,maf01,24,0.6305,0.3902
covldsc,68,-1,0.5,1.0,maf01,24,0.7161,0.3398
covldsc,69,-1,0.5,1.0,maf01,24,0.8631,0.4703
covldsc,7,-1,0.5,1.0,maf01,24,0.4679,0.3585
covldsc,70,-1,0.5,1.0,maf01,24,0.5788,0.3608
covldsc,71,-1,0.5,1.0,maf01,24,0.3717,0.4159
covldsc,72,-1,0.5,1.0,maf01,24,0.6168,0.3629
covldsc,73,-1,0.5,1.0,maf01,24,1.1587,0.3504
covldsc,74,-1,0.5,1.0,maf01,24,0.3709,0.3542
covldsc,75,-1,0.5,1.0,maf01,24,0.8264,0.3664
covldsc,76,-1,0.5,1.0,maf01,24,-0.3265,0.3829
covldsc,77,-1,0.5,1.0,maf01,24,0.5683,0.309
covldsc,78,-1,0.5,1.0,maf01,24,0.1858,0.3667
covldsc,79,-1,0.5,1.0,maf01,24,0.6506,0.3806
covldsc,8,-1,0.5,1.0,maf01,24,1.3187,0.3486
covldsc,80,-1,0.5,1.0,maf01,24,1.4551,0.3498
covldsc,81,-1,0.5,1.0,maf01,24,0.8995,0.4312
covldsc,82,-1,0.5,1.0,maf01,24,0.3741,0.4084
covldsc,83,-1,0.5,1.0,maf01,24,0.4678,0.3459
covldsc,84,-1,0.5,1.0,maf01,24,0.047,0.3863
covldsc,85,-1,0.5,1.0,maf01,24,0.7354,0.3711
covldsc,86,-1,0.5,1.0,maf01,24,0.2705,0.3886
covldsc,87,-1,0.5,1.0,maf01,24,0.5549,0.3661
covldsc,88,-1,0.5,1.0,maf01,24,0.1697,0.3588
covldsc,89,-1,0.5,1.0,maf01,24,-0.1073,0.3551
covldsc,9,-1,0.5,1.0,maf01,24,0.2933,0.3521
covldsc,90,-1,0.5,1.0,maf01,24,0.7668,0.3625
covldsc,91,-1,0.5,1.0,maf01,24,0.6039,0.3761
covldsc,92,-1,0.5,1.0,maf01,24,0.4744,0.3481
covldsc,93,-1,0.5,1.0,maf01,24,0.6212,0.3592
covldsc,94,-1,0.5,1.0,maf01,24,0.7332,0.3937
covldsc,95,-1,0.5,1.0,maf01,24,-0.2146,0.3693
covldsc,96,-1,0.5,1.0,maf01,24,0.9615,0.3541
covldsc,97,-1,0.5,1.0,maf01,24,0.6002,0.3322
covldsc,98,-1,0.5,1.0,maf01,24,1.5011,0.3943
covldsc,99,-1,0.5,1.0,maf01,24,1.2121,0.3616
covldsc,0,-1,0.5,1.0,maf05,24,0.7579,0.3744
covldsc,1,-1,0.5,1.0,maf05,24,0.5426,0.3744
covldsc,10,-1,0.5,1.0,maf05,24,0.79,0.3737
covldsc,11,-1,0.5,1.0,maf05,24,0.5671,0.4198
covldsc,12,-1,0.5,1.0,maf05,24,0.4936,0.3399
covldsc,13,-1,0.5,1.0,maf05,24,0.7165,0.3636
covldsc,14,-1,0.5,1.0,maf05,24,-0.0621,0.3542
covldsc,15,-1,0.5,1.0,maf05,24,-0.0304,0.3225
covldsc,16,-1,0.5,1.0,maf05,24,0.6019,0.3817
covldsc,17,-1,0.5,1.0,maf05,24,0.7529,0.3935
covldsc,18,-1,0.5,1.0,maf05,24,1.0679,0.3787
covldsc,19,-1,0.5,1.0,maf05,24,0.0683,0.4498
covldsc,2,-1,0.5,1.0,maf05,24,0.1525,0.3962
covldsc,20,-1,0.5,1.0,maf05,24,0.0076,0.3686
covldsc,21,-1,0.5,1.0,maf05,24,1.3762,0.3629
covldsc,22,-1,0.5,1.0,maf05,24,0.4329,0.3702
covldsc,23,-1,0.5,1.0,maf05,24,0.2122,0.3416
covldsc,24,-1,0.5,1.0,maf05,24,0.8626,0.3846
covldsc,25,-1,0.5,1.0,maf05,24,0.6163,0.3839
covldsc,26,-1,0.5,1.0,maf05,24,0.7714,0.4023
covldsc,27,-1,0.5,1.0,maf05,24,0.5058,0.3355
covldsc,28,-1,0.5,1.0,maf05,24,0.0674,0.3425
covldsc,29,-1,0.5,1.0,maf05,24,0.55,0.3742
covldsc,3,-1,0.5,1.0,maf05,24,0.8214,0.3786
covldsc,30,-1,0.5,1.0,maf05,24,0.5334,0.3719
covldsc,31,-1,0.5,1.0,maf05,24,0.3555,0.4243
covldsc,32,-1,0.5,1.0,maf05,24,1.3261,0.3602
covldsc,33,-1,0.5,1.0,maf05,24,0.5693,0.3152
covldsc,34,-1,0.5,1.0,maf05,24,0.2784,0.3741
covldsc,35,-1,0.5,1.0,maf05,24,0.2923,0.3656
covldsc,36,-1,0.5,1.0,maf05,24,0.8376,0.3435
covldsc,37,-1,0.5,1.0,maf05,24,1.6688,0.405
covldsc,38,-1,0.5,1.0,maf05,24,0.8421,0.3528
covldsc,39,-1,0.5,1.0,maf05,24,1.1512,0.4241
covldsc,4,-1,0.5,1.0,maf05,24,0.4517,0.3983
covldsc,40,-1,0.5,1.0,maf05,24,0.5866,0.4068
covldsc,41,-1,0.5,1.0,maf05,24,0.4241,0.3802
covldsc,42,-1,0.5,1.0,maf05,24,1.0814,0.3287
covldsc,43,-1,0.5,1.0,maf05,24,0.4049,0.3337
covldsc,44,-1,0.5,1.0,maf05,24,0.5679,0.3187
covldsc,45,-1,0.5,1.0,maf05,24,0.4831,0.3775
covldsc,46,-1,0.5,1.0,maf05,24,0.3349,0.3607
covldsc,47,-1,0.5,1.0,maf05,24,0.5605,0.3976
covldsc,48,-1,0.5,1.0,maf05,24,0.5352,0.3836
covldsc,49,-1,0.5,1.0,maf05,24,0.4526,0.3623
covldsc,5,-1,0.5,1.0,maf05,24,0.272,0.4149
covldsc,50,-1,0.5,1.0,maf05,24,0.6774,0.3624
covldsc,51,-1,0.5,1.0,maf05,24,0.3273,0.37
covldsc,52,-1,0.5,1.0,maf05,24,0.0061,0.3562
covldsc,53,-1,0.5,1.0,maf05,24,0.4245,0.384
covldsc,54,-1,0.5,1.0,maf05,24,0.3949,0.3868
covldsc,55,-1,0.5,1.0,maf05,24,0.2672,0.4011
covldsc,56,-1,0.5,1.0,maf05,24,-0.0991,0.348
covldsc,57,-1,0.5,1.0,maf05,24,0.4626,0.396
covldsc,58,-1,0.5,1.0,maf05,24,0.8729,0.3358
covldsc,59,-1,0.5,1.0,maf05,24,0.1057,0.3584
covldsc,6,-1,0.5,1.0,maf05,24,0.4447,0.3257
covldsc,60,-1,0.5,1.0,maf05,24,0.4977,0.2889
covldsc,61,-1,0.5,1.0,maf05,24,0.2694,0.3396
covldsc,62,-1,0.5,1.0,maf05,24,1.0012,0.4033
covldsc,63,-1,0.5,1.0,maf05,24,0.2394,0.3102
covldsc,64,-1,0.5,1.0,maf05,24,0.6471,0.426
covldsc,65,-1,0.5,1.0,maf05,24,0.1045,0.3356
covldsc,66,-1,0.5,1.0,maf05,24,0.6516,0.3302
covldsc,67,-1,0.5,1.0,maf05,24,0.6816,0.4063
covldsc,68,-1,0.5,1.0,maf05,24,-0.0412,0.3866
covldsc,69,-1,0.5,1.0,maf05,24,0.7028,0.364
covldsc,7,-1,0.5,1.0,maf05,24,0.5769,0.3345
covldsc,70,-1,0.5,1.0,maf05,24,0.174,0.3628
covldsc,71,-1,0.5,1.0,maf05,24,0.4826,0.4034
covldsc,72,-1,0.5,1.0,maf05,24,0.4409,0.4099
covldsc,73,-1,0.5,1.0,maf05,24,0.9948,0.3643
covldsc,74,-1,0.5,1.0,maf05,24,0.5465,0.3455
covldsc,75,-1,0.5,1.0,maf05,24,1.3936,0.3614
covldsc,76,-1,0.5,1.0,maf05,24,0.8448,0.3525
covldsc,77,-1,0.5,1.0,maf05,24,0.3583,0.4105
covldsc,78,-1,0.5,1.0,maf05,24,0.3661,0.3531
covldsc,79,-1,0.5,1.0,maf05,24,0.267,0.3555
covldsc,8,-1,0.5,1.0,maf05,24,0.7474,0.3735
covldsc,80,-1,0.5,1.0,maf05,24,0.8031,0.3776
covldsc,81,-1,0.5,1.0,maf05,24,0.3822,0.3581
covldsc,82,-1,0.5,1.0,maf05,24,0.6612,0.3445
covldsc,83,-1,0.5,1.0,maf05,24,0.7203,0.3574
covldsc,84,-1,0.5,1.0,maf05,24,0.0656,0.3553
covldsc,85,-1,0.5,1.0,maf05,24,0.6142,0.3824
covldsc,86,-1,0.5,1.0,maf05,24,0.5753,0.363
covldsc,87,-1,0.5,1.0,maf05,24,0.6587,0.3693
covldsc,88,-1,0.5,1.0,maf05,24,0.2016,0.3279
covldsc,89,-1,0.5,1.0,maf05,24,0.5939,0.3295
covldsc,9,-1,0.5,1.0,maf05,24,0.2843,0.3341
covldsc,90,-1,0.5,1.0,maf05,24,0.6663,0.3507
covldsc,91,-1,0.5,1.0,maf05,24,0.0467,0.3385
covldsc,92,-1,0.5,1.0,maf05,24,0.4299,0.278
covldsc,93,-1,0.5,1.0,maf05,24,0.7078,0.3603
covldsc,94,-1,0.5,1.0,maf05,24,0.3947,0.3939
covldsc,95,-1,0.5,1.0,maf05,24,0.1077,0.3683
covldsc,96,-1,0.5,1.0,maf05,24,0.0924,0.3571
covldsc,97,-1,0.5,1.0,maf05,24,0.0184,0.3927
covldsc,98,-1,0.5,1.0,maf05,24,0.4529,0.3505
covldsc,99,-1,0.5,1.0,maf05,24,0.7473,0.4523
covldsc,0,-1,0.5,1.0,maf01_ldak,24,0.3045,0.3482
covldsc,1,-1,0.5,1.0,maf01_ldak,24,0.696,0.4064
covldsc,10,-1,0.5,1.0,maf01_ldak,24,0.018,0.3696
covldsc,11,-1,0.5,1.0,maf01_ldak,24,0.9333,0.4213
covldsc,12,-1,0.5,1.0,maf01_ldak,24,0.4533,0.3562
covldsc,13,-1,0.5,1.0,maf01_ldak,24,0.3009,0.3496
covldsc,14,-1,0.5,1.0,maf01_ldak,24,0.4242,0.353
covldsc,15,-1,0.5,1.0,maf01_ldak,24,0.395,0.3758
covldsc,16,-1,0.5,1.0,maf01_ldak,24,0.6981,0.391
covldsc,17,-1,0.5,1.0,maf01_ldak,24,0.0493,0.3697
covldsc,18,-1,0.5,1.0,maf01_ldak,24,0.6966,0.3709
covldsc,19,-1,0.5,1.0,maf01_ldak,24,1.0539,0.3147
covldsc,2,-1,0.5,1.0,maf01_ldak,24,0.3847,0.3606
covldsc,20,-1,0.5,1.0,maf01_ldak,24,-0.1191,0.3309
covldsc,21,-1,0.5,1.0,maf01_ldak,24,0.3928,0.3368
covldsc,22,-1,0.5,1.0,maf01_ldak,24,0.7139,0.3713
covldsc,23,-1,0.5,1.0,maf01_ldak,24,1.0199,0.3463
covldsc,24,-1,0.5,1.0,maf01_ldak,24,-0.0258,0.3937
covldsc,25,-1,0.5,1.0,maf01_ldak,24,0.5716,0.3595
covldsc,26,-1,0.5,1.0,maf01_ldak,24,0.3077,0.328
covldsc,27,-1,0.5,1.0,maf01_ldak,24,0.509,0.4151
covldsc,28,-1,0.5,1.0,maf01_ldak,24,0.2313,0.3639
covldsc,29,-1,0.5,1.0,maf01_ldak,24,0.6082,0.3547
covldsc,3,-1,0.5,1.0,maf01_ldak,24,1.1687,0.4082
covldsc,30,-1,0.5,1.0,maf01_ldak,24,0.7825,0.3356
covldsc,31,-1,0.5,1.0,maf01_ldak,24,0.1703,0.4041
covldsc,32,-1,0.5,1.0,maf01_ldak,24,-0.3008,0.3615
covldsc,33,-1,0.5,1.0,maf01_ldak,24,0.8946,0.365
covldsc,34,-1,0.5,1.0,maf01_ldak,24,0.6087,0.3585
covldsc,35,-1,0.5,1.0,maf01_ldak,24,1.2535,0.4364
covldsc,36,-1,0.5,1.0,maf01_ldak,24,0.6422,0.4078
covldsc,37,-1,0.5,1.0,maf01_ldak,24,-0.2439,0.3595
covldsc,38,-1,0.5,1.0,maf01_ldak,24,1.0843,0.3717
covldsc,39,-1,0.5,1.0,maf01_ldak,24,0.5885,0.3295
covldsc,4,-1,0.5,1.0,maf01_ldak,24,0.7846,0.4377
covldsc,40,-1,0.5,1.0,maf01_ldak,24,0.5113,0.3565
covldsc,41,-1,0.5,1.0,maf01_ldak,24,-0.054,0.3329
covldsc,42,-1,0.5,1.0,maf01_ldak,24,0.1181,0.3629
covldsc,43,-1,0.5,1.0,maf01_ldak,24,0.2314,0.3499
covldsc,44,-1,0.5,1.0,maf01_ldak,24,0.4832,0.3145
covldsc,45,-1,0.5,1.0,maf01_ldak,24,0.5535,0.3081
covldsc,46,-1,0.5,1.0,maf01_ldak,24,0.0601,0.3288
covldsc,47,-1,0.5,1.0,maf01_ldak,24,-0.0455,0.337
covldsc,48,-1,0.5,1.0,maf01_ldak,24,0.7196,0.3842
covldsc,49,-1,0.5,1.0,maf01_ldak,24,1.181,0.3691
covldsc,5,-1,0.5,1.0,maf01_ldak,24,0.8519,0.3337
covldsc,50,-1,0.5,1.0,maf01_ldak,24,0.1858,0.3476
covldsc,51,-1,0.5,1.0,maf01_ldak,24,0.5388,0.332
covldsc,52,-1,0.5,1.0,maf01_ldak,24,0.932,0.3679
covldsc,53,-1,0.5,1.0,maf01_ldak,24,0.1467,0.3641
covldsc,54,-1,0.5,1.0,maf01_ldak,24,0.7064,0.3842
covldsc,55,-1,0.5,1.0,maf01_ldak,24,0.4873,0.3614
covldsc,56,-1,0.5,1.0,maf01_ldak,24,0.2542,0.3501
covldsc,57,-1,0.5,1.0,maf01_ldak,24,0.3848,0.3424
covldsc,58,-1,0.5,1.0,maf01_ldak,24,-0.1552,0.3702
covldsc,59,-1,0.5,1.0,maf01_ldak,24,1.4193,0.7536
covldsc,6,-1,0.5,1.0,maf01_ldak,24,0.4047,0.3861
covldsc,60,-1,0.5,1.0,maf01_ldak,24,1.3038,0.3757
covldsc,61,-1,0.5,1.0,maf01_ldak,24,0.1399,0.3583
covldsc,62,-1,0.5,1.0,maf01_ldak,24,0.8299,0.347
covldsc,63,-1,0.5,1.0,maf01_ldak,24,0.7738,0.3358
covldsc,64,-1,0.5,1.0,maf01_ldak,24,0.4692,0.3333
covldsc,65,-1,0.5,1.0,maf01_ldak,24,0.5607,0.3715
covldsc,66,-1,0.5,1.0,maf01_ldak,24,1.0179,0.3586
covldsc,67,-1,0.5,1.0,maf01_ldak,24,0.4025,0.3445
covldsc,68,-1,0.5,1.0,maf01_ldak,24,0.4269,0.3947
covldsc,69,-1,0.5,1.0,maf01_ldak,24,0.9814,0.3609
covldsc,7,-1,0.5,1.0,maf01_ldak,24,0.6624,0.34
covldsc,70,-1,0.5,1.0,maf01_ldak,24,0.4033,0.3302
covldsc,71,-1,0.5,1.0,maf01_ldak,24,0.4045,0.3417
covldsc,72,-1,0.5,1.0,maf01_ldak,24,1.0689,0.4093
covldsc,73,-1,0.5,1.0,maf01_ldak,24,0.6395,0.3447
covldsc,74,-1,0.5,1.0,maf01_ldak,24,0.2165,0.3611
covldsc,75,-1,0.5,1.0,maf01_ldak,24,0.4483,0.3541
covldsc,76,-1,0.5,1.0,maf01_ldak,24,0.6109,0.3576
covldsc,77,-1,0.5,1.0,maf01_ldak,24,0.5677,0.3552
covldsc,78,-1,0.5,1.0,maf01_ldak,24,0.7237,0.38
covldsc,79,-1,0.5,1.0,maf01_ldak,24,0.2454,0.3238
covldsc,8,-1,0.5,1.0,maf01_ldak,24,1.2346,0.5432
covldsc,80,-1,0.5,1.0,maf01_ldak,24,0.7701,0.3635
covldsc,81,-1,0.5,1.0,maf01_ldak,24,0.5484,0.3594
covldsc,82,-1,0.5,1.0,maf01_ldak,24,0.0241,0.3285
covldsc,83,-1,0.5,1.0,maf01_ldak,24,0.4716,0.3625
covldsc,84,-1,0.5,1.0,maf01_ldak,24,0.0226,0.3888
covldsc,85,-1,0.5,1.0,maf01_ldak,24,0.7772,0.3654
covldsc,86,-1,0.5,1.0,maf01_ldak,24,0.2292,0.4094
covldsc,87,-1,0.5,1.0,maf01_ldak,24,0.3775,0.3809
covldsc,88,-1,0.5,1.0,maf01_ldak,24,-0.1555,0.3549
covldsc,89,-1,0.5,1.0,maf01_ldak,24,0.272,0.4313
covldsc,9,-1,0.5,1.0,maf01_ldak,24,0.2056,0.3287
covldsc,90,-1,0.5,1.0,maf01_ldak,24,-0.1372,0.3776
covldsc,91,-1,0.5,1.0,maf01_ldak,24,0.3685,0.3833
covldsc,92,-1,0.5,1.0,maf01_ldak,24,-0.2724,0.3089
covldsc,93,-1,0.5,1.0,maf01_ldak,24,0.7325,0.3863
covldsc,94,-1,0.5,1.0,maf01_ldak,24,-0.3366,0.3857
covldsc,95,-1,0.5,1.0,maf01_ldak,24,0.8085,0.35
covldsc,96,-1,0.5,1.0,maf01_ldak,24,-0.1999,0.3311
covldsc,97,-1,0.5,1.0,maf01_ldak,24,0.5213,0.3508
covldsc,98,-1,0.5,1.0,maf01_ldak,24,-0.2154,0.3445
covldsc,99,-1,0.5,1.0,maf01_ldak,24,0.2421,0.3863
covldsc,0,-1,0.5,1.0,maf05_ldak,24,0.586,0.3775
covldsc,1,-1,0.5,1.0,maf05_ldak,24,0.1056,0.3432
covldsc,10,-1,0.5,1.0,maf05_ldak,24,0.1701,0.3255
covldsc,11,-1,0.5,1.0,maf05_ldak,24,0.4704,0.3275
covldsc,12,-1,0.5,1.0,maf05_ldak,24,0.1582,0.3342
covldsc,13,-1,0.5,1.0,maf05_ldak,24,0.5435,0.3092
covldsc,14,-1,0.5,1.0,maf05_ldak,24,1.5976,0.3581
covldsc,15,-1,0.5,1.0,maf05_ldak,24,1.3279,0.4183
covldsc,16,-1,0.5,1.0,maf05_ldak,24,0.4205,0.3664
covldsc,17,-1,0.5,1.0,maf05_ldak,24,0.4499,0.3925
covldsc,18,-1,0.5,1.0,maf05_ldak,24,1.2643,0.3571
covldsc,19,-1,0.5,1.0,maf05_ldak,24,-0.1761,0.3943
covldsc,2,-1,0.5,1.0,maf05_ldak,24,0.276,0.3934
covldsc,20,-1,0.5,1.0,maf05_ldak,24,0.0781,0.3148
covldsc,21,-1,0.5,1.0,maf05_ldak,24,0.0634,0.3311
covldsc,22,-1,0.5,1.0,maf05_ldak,24,0.8311,0.3817
covldsc,23,-1,0.5,1.0,maf05_ldak,24,0.2273,0.3324
covldsc,24,-1,0.5,1.0,maf05_ldak,24,0.6371,0.3681
covldsc,25,-1,0.5,1.0,maf05_ldak,24,0.7171,0.3356
covldsc,26,-1,0.5,1.0,maf05_ldak,24,0.8245,0.3603
covldsc,27,-1,0.5,1.0,maf05_ldak,24,0.3454,0.3308
covldsc,28,-1,0.5,1.0,maf05_ldak,24,0.5331,0.3238
covldsc,29,-1,0.5,1.0,maf05_ldak,24,0.4528,0.3486
covldsc,3,-1,0.5,1.0,maf05_ldak,24,0.9146,0.3274
covldsc,30,-1,0.5,1.0,maf05_ldak,24,0.6413,0.3142
covldsc,31,-1,0.5,1.0,maf05_ldak,24,0.4083,0.3812
covldsc,32,-1,0.5,1.0,maf05_ldak,24,0.6715,0.357
covldsc,33,-1,0.5,1.0,maf05_ldak,24,0.6109,0.3214
covldsc,34,-1,0.5,1.0,maf05_ldak,24,0.0837,0.3715
covldsc,35,-1,0.5,1.0,maf05_ldak,24,1.0888,0.5269
covldsc,36,-1,0.5,1.0,maf05_ldak,24,-0.0689,0.3883
covldsc,37,-1,0.5,1.0,maf05_ldak,24,0.67,0.3339
covldsc,38,-1,0.5,1.0,maf05_ldak,24,0.4455,0.3872
covldsc,39,-1,0.5,1.0,maf05_ldak,24,-0.0523,0.3594
covldsc,4,-1,0.5,1.0,maf05_ldak,24,0.8087,0.3556
covldsc,40,-1,0.5,1.0,maf05_ldak,24,0.2375,0.3297
covldsc,41,-1,0.5,1.0,maf05_ldak,24,-0.1502,0.3507
covldsc,42,-1,0.5,1.0,maf05_ldak,24,0.4012,0.3529
covldsc,43,-1,0.5,1.0,maf05_ldak,24,0.4771,0.3597
covldsc,44,-1,0.5,1.0,maf05_ldak,24,0.7123,0.3347
covldsc,45,-1,0.5,1.0,maf05_ldak,24,0.2062,0.3112
covldsc,46,-1,0.5,1.0,maf05_ldak,24,0.1716,0.3756
covldsc,47,-1,0.5,1.0,maf05_ldak,24,0.2753,0.3877
covldsc,48,-1,0.5,1.0,maf05_ldak,24,0.1023,0.3763
covldsc,49,-1,0.5,1.0,maf05_ldak,24,0.8207,0.3427
covldsc,5,-1,0.5,1.0,maf05_ldak,24,0.171,0.3536
covldsc,50,-1,0.5,1.0,maf05_ldak,24,-0.2567,0.3601
covldsc,51,-1,0.5,1.0,maf05_ldak,24,0.6259,0.3322
covldsc,52,-1,0.5,1.0,maf05_ldak,24,-0.038,0.376
covldsc,53,-1,0.5,1.0,maf05_ldak,24,0.347,0.404
covldsc,54,-1,0.5,1.0,maf05_ldak,24,0.5269,0.3248
covldsc,55,-1,0.5,1.0,maf05_ldak,24,0.5314,0.3426
covldsc,56,-1,0.5,1.0,maf05_ldak,24,0.9933,0.4067
covldsc,57,-1,0.5,1.0,maf05_ldak,24,0.3078,0.3699
covldsc,58,-1,0.5,1.0,maf05_ldak,24,0.4172,0.3357
covldsc,59,-1,0.5,1.0,maf05_ldak,24,0.81,0.3957
covldsc,6,-1,0.5,1.0,maf05_ldak,24,0.5371,0.39
covldsc,60,-1,0.5,1.0,maf05_ldak,24,0.8945,0.4067
covldsc,61,-1,0.5,1.0,maf05_ldak,24,0.7856,0.3332
covldsc,62,-1,0.5,1.0,maf05_ldak,24,0.9534,0.416
covldsc,63,-1,0.5,1.0,maf05_ldak,24,1.4042,0.3188
covldsc,64,-1,0.5,1.0,maf05_ldak,24,0.0354,0.3657
covldsc,65,-1,0.5,1.0,maf05_ldak,24,0.4714,0.4068
covldsc,66,-1,0.5,1.0,maf05_ldak,24,0.3579,0.36
covldsc,67,-1,0.5,1.0,maf05_ldak,24,1.1998,0.3606
covldsc,68,-1,0.5,1.0,maf05_ldak,24,0.8857,0.3747
covldsc,69,-1,0.5,1.0,maf05_ldak,24,0.399,0.3827
covldsc,7,-1,0.5,1.0,maf05_ldak,24,-0.159,0.3419
covldsc,70,-1,0.5,1.0,maf05_ldak,24,0.6457,0.2995
covldsc,71,-1,0.5,1.0,maf05_ldak,24,0.5637,0.4479
covldsc,72,-1,0.5,1.0,maf05_ldak,24,0.7462,0.3767
covldsc,73,-1,0.5,1.0,maf05_ldak,24,0.2652,0.3941
covldsc,74,-1,0.5,1.0,maf05_ldak,24,0.4172,0.3559
covldsc,75,-1,0.5,1.0,maf05_ldak,24,0.595,0.328
covldsc,76,-1,0.5,1.0,maf05_ldak,24,0.3115,0.3355
covldsc,77,-1,0.5,1.0,maf05_ldak,24,0.8861,0.3769
covldsc,78,-1,0.5,1.0,maf05_ldak,24,0.1032,0.3676
covldsc,79,-1,0.5,1.0,maf05_ldak,24,0.4317,0.3157
covldsc,8,-1,0.5,1.0,maf05_ldak,24,0.2926,0.3753
covldsc,80,-1,0.5,1.0,maf05_ldak,24,0.0626,0.3325
covldsc,81,-1,0.5,1.0,maf05_ldak,24,-0.1848,0.3305
covldsc,82,-1,0.5,1.0,maf05_ldak,24,0.22,0.3448
covldsc,83,-1,0.5,1.0,maf05_ldak,24,0.4556,0.342
covldsc,84,-1,0.5,1.0,maf05_ldak,24,0.156,0.3601
covldsc,85,-1,0.5,1.0,maf05_ldak,24,0.5511,0.3354
covldsc,86,-1,0.5,1.0,maf05_ldak,24,0.1924,0.3863
covldsc,87,-1,0.5,1.0,maf05_ldak,24,0.7592,0.2988
covldsc,88,-1,0.5,1.0,maf05_ldak,24,0.1605,0.3663
covldsc,89,-1,0.5,1.0,maf05_ldak,24,0.5411,0.3362
covldsc,9,-1,0.5,1.0,maf05_ldak,24,0.4572,0.3693
covldsc,90,-1,0.5,1.0,maf05_ldak,24,0.8582,0.4976
covldsc,91,-1,0.5,1.0,maf05_ldak,24,0.7852,0.3992
covldsc,92,-1,0.5,1.0,maf05_ldak,24,0.5301,0.3738
covldsc,93,-1,0.5,1.0,maf05_ldak,24,1.1312,0.3134
covldsc,94,-1,0.5,1.0,maf05_ldak,24,0.1869,0.4135
covldsc,95,-1,0.5,1.0,maf05_ldak,24,0.7445,0.3665
covldsc,96,-1,0.5,1.0,maf05_ldak,24,0.2857,0.3723
covldsc,97,-1,0.5,1.0,maf05_ldak,24,0.885,0.3997
covldsc,98,-1,0.5,1.0,maf05_ldak,24,0.1326,0.3538
covldsc,99,-1,0.5,1.0,maf05_ldak,24,0.9431,0.3608
ldsc,0,20000,0.5,1.0,maf01,24,0.0187,0.2954
ldsc,1,20000,0.5,1.0,maf01,24,0.4286,0.4122
ldsc,10,20000,0.5,1.0,maf01,24,0.3586,0.3676
ldsc,11,20000,0.5,1.0,maf01,24,0.5448,0.3566
ldsc,12,20000,0.5,1.0,maf01,24,0.8594,0.4026
ldsc,13,20000,0.5,1.0,maf01,24,0.5398,0.3419
ldsc,14,20000,0.5,1.0,maf01,24,0.3245,0.3824
ldsc,15,20000,0.5,1.0,maf01,24,0.6179,0.3059
ldsc,16,20000,0.5,1.0,maf01,24,0.4327,0.3581
ldsc,17,20000,0.5,1.0,maf01,24,0.9333,0.449
ldsc,18,20000,0.5,1.0,maf01,24,0.6992,0.3717
ldsc,19,20000,0.5,1.0,maf01,24,0.6622,0.363
ldsc,2,20000,0.5,1.0,maf01,24,0.4907,0.3605
ldsc,20,20000,0.5,1.0,maf01,24,0.7742,0.3831
ldsc,21,20000,0.5,1.0,maf01,24,0.2832,0.3355
ldsc,22,20000,0.5,1.0,maf01,24,0.7743,0.3797
ldsc,23,20000,0.5,1.0,maf01,24,1.2909,0.3655
ldsc,24,20000,0.5,1.0,maf01,24,0.5983,0.3617
ldsc,25,20000,0.5,1.0,maf01,24,0.8337,0.4818
ldsc,26,20000,0.5,1.0,maf01,24,0.0405,0.3075
ldsc,27,20000,0.5,1.0,maf01,24,-0.0562,0.4251
ldsc,28,20000,0.5,1.0,maf01,24,0.7866,0.3912
ldsc,29,20000,0.5,1.0,maf01,24,0.5134,0.3061
ldsc,3,20000,0.5,1.0,maf01,24,1.1841,0.3688
ldsc,30,20000,0.5,1.0,maf01,24,0.3266,0.3461
ldsc,31,20000,0.5,1.0,maf01,24,0.8722,0.3726
ldsc,32,20000,0.5,1.0,maf01,24,-0.0167,0.3505
ldsc,33,20000,0.5,1.0,maf01,24,0.9312,0.3724
ldsc,34,20000,0.5,1.0,maf01,24,0.5964,0.3501
ldsc,35,20000,0.5,1.0,maf01,24,0.276,0.3601
ldsc,36,20000,0.5,1.0,maf01,24,0.6485,0.3742
ldsc,37,20000,0.5,1.0,maf01,24,0.9297,0.3422
ldsc,38,20000,0.5,1.0,maf01,24,0.2036,0.3267
ldsc,39,20000,0.5,1.0,maf01,24,0.8194,0.4223
ldsc,4,20000,0.5,1.0,maf01,24,-0.0258,0.3185
ldsc,40,20000,0.5,1.0,maf01,24,0.3148,0.3842
ldsc,41,20000,0.5,1.0,maf01,24,0.5785,0.4269
ldsc,42,20000,0.5,1.0,maf01,24,-0.2365,0.3523
ldsc,43,20000,0.5,1.0,maf01,24,0.3935,0.4485
ldsc,44,20000,0.5,1.0,maf01,24,0.8561,0.3703
ldsc,45,20000,0.5,1.0,maf01,24,0.8725,0.3979
ldsc,46,20000,0.5,1.0,maf01,24,0.0488,0.3819
ldsc,47,20000,0.5,1.0,maf01,24,0.1075,0.3382
ldsc,48,20000,0.5,1.0,maf01,24,0.2078,0.3818
ldsc,49,20000,0.5,1.0,maf01,24,-0.0752,0.3739
ldsc,5,20000,0.5,1.0,maf01,24,0.7196,0.3177
ldsc,50,20000,0.5,1.0,maf01,24,1.435,0.3993
ldsc,51,20000,0.5,1.0,maf01,24,1.1743,0.3582
ldsc,52,20000,0.5,1.0,maf01,24,-0.1487,0.337
ldsc,53,20000,0.5,1.0,maf01,24,0.0431,0.3702
ldsc,54,20000,0.5,1.0,maf01,24,0.9303,0.3616
ldsc,55,20000,0.5,1.0,maf01,24,0.0422,0.354
ldsc,56,20000,0.5,1.0,maf01,24,1.1321,0.3431
ldsc,57,20000,0.5,1.0,maf01,24,0.4798,0.3938
ldsc,58,20000,0.5,1.0,maf01,24,0.1378,0.3481
ldsc,59,20000,0.5,1.0,maf01,24,0.3664,0.367
ldsc,6,20000,0.5,1.0,maf01,24,0.6607,0.3764
ldsc,60,20000,0.5,1.0,maf01,24,0.7306,0.3876
ldsc,61,20000,0.5,1.0,maf01,24,0.3583,0.327
ldsc,62,20000,0.5,1.0,maf01,24,0.31,0.3666
ldsc,63,20000,0.5,1.0,maf01,24,0.5679,0.3901
ldsc,64,20000,0.5,1.0,maf01,24,0.6372,0.3907
ldsc,65,20000,0.5,1.0,maf01,24,-0.03,0.3873
ldsc,66,20000,0.5,1.0,maf01,24,0.5115,0.3059
ldsc,67,20000,0.5,1.0,maf01,24,0.5785,0.3807
ldsc,68,20000,0.5,1.0,maf01,24,0.6937,0.3367
ldsc,69,20000,0.5,1.0,maf01,24,0.8609,0.4499
ldsc,7,20000,0.5,1.0,maf01,24,0.4503,0.3605
ldsc,70,20000,0.5,1.0,maf01,24,0.5993,0.3542
ldsc,71,20000,0.5,1.0,maf01,24,0.3237,0.4087
ldsc,72,20000,0.5,1.0,maf01,24,0.6526,0.3619
ldsc,73,20000,0.5,1.0,maf01,24,1.1278,0.3581
ldsc,74,20000,0.5,1.0,maf01,24,0.4507,0.3571
ldsc,75,20000,0.5,1.0,maf01,24,0.8211,0.3546
ldsc,76,20000,0.5,1.0,maf01,24,-0.3374,0.3697
ldsc,77,20000,0.5,1.0,maf01,24,0.5145,0.3064
ldsc,78,20000,0.5,1.0,maf01,24,0.1994,0.3684
ldsc,79,20000,0.5,1.0,maf01,24,0.6028,0.38
ldsc,8,20000,0.5,1.0,maf01,24,1.2494,0.348
ldsc,80,20000,0.5,1.0,maf01,24,1.4507,0.3483
ldsc,81,20000,0.5,1.0,maf01,24,0.8356,0.4203
ldsc,82,20000,0.5,1.0,maf01,24,0.3647,0.4021
ldsc,83,20000,0.5,1.0,maf01,24,0.4754,0.3532
ldsc,84,20000,0.5,1.0,maf01,24,0.1279,0.379
ldsc,85,20000,0.5,1.0,maf01,24,0.7088,0.3633
ldsc,86,20000,0.5,1.0,maf01,24,0.1797,0.378
ldsc,87,20000,0.5,1.0,maf01,24,0.5088,0.3585
ldsc,88,20000,0.5,1.0,maf01,24,0.1298,0.3464
ldsc,89,20000,0.5,1.0,maf01,24,-0.1396,0.3581
ldsc,9,20000,0.5,1.0,maf01,24,0.279,0.3498
ldsc,90,20000,0.5,1.0,maf01,24,0.7872,0.3592
ldsc,91,20000,0.5,1.0,maf01,24,0.5465,0.3662
ldsc,92,20000,0.5,1.0,maf01,24,0.3817,0.3392
ldsc,93,20000,0.5,1.0,maf01,24,0.5653,0.3554
ldsc,94,20000,0.5,1.0,maf01,24,0.6911,0.3852
ldsc,95,20000,0.5,1.0,maf01,24,-0.2364,0.3564
ldsc,96,20000,0.5,1.0,maf01,24,0.9604,0.3479
ldsc,97,20000,0.5,1.0,maf01,24,0.588,0.3274
ldsc,98,20000,0.5,1.0,maf01,24,1.4692,0.3999
ldsc,99,20000,0.5,1.0,maf01,24,1.1427,0.3581
ldsc,0,20000,0.5,1.0,maf05,24,0.6633,0.3717
ldsc,1,20000,0.5,1.0,maf05,24,0.5845,0.3723
ldsc,10,20000,0.5,1.0,maf05,24,0.7828,0.3757
ldsc,11,20000,0.5,1.0,maf05,24,0.5045,0.4183
ldsc,12,20000,0.5,1.0,maf05,24,0.453,0.3345
ldsc,13,20000,0.5,1.0,maf05,24,0.7388,0.3608
ldsc,14,20000,0.5,1.0,maf05,24,-0.1249,0.3432
ldsc,15,20000,0.5,1.0,maf05,24,-0.0113,0.3278
ldsc,16,20000,0.5,1.0,maf05,24,0.617,0.3786
ldsc,17,20000,0.5,1.0,maf05,24,0.6726,0.3886
ldsc,18,20000,0.5,1.0,maf05,24,1.2281,0.38
ldsc,19,20000,0.5,1.0,maf05,24,0.113,0.4482
ldsc,2,20000,0.5,1.0,maf05,24,0.1169,0.3915
ldsc,20,20000,0.5,1.0,maf05,24,-0.0914,0.3563
ldsc,21,20000,0.5,1.0,maf05,24,1.3328,0.3607
ldsc,22,20000,0.5,1.0,maf05,24,0.4263,0.3681
ldsc,23,20000,0.5,1.0,maf05,24,0.1676,0.3353
ldsc,24,20000,0.5,1.0,maf05,24,0.9247,0.383
ldsc,25,20000,0.5,1.0,maf05,24,0.6275,0.3815
ldsc,26,20000,0.5,1.0,maf05,24,0.7301,0.4042
ldsc,27,20000,0.5,1.0,maf05,24,0.4599,0.3322
ldsc,28,20000,0.5,1.0,maf05,24,-0.0102,0.3456
ldsc,29,20000,0.5,1.0,maf05,24,0.5818,0.3669
ldsc,3,20000,0.5,1.0,maf05,24,0.8579,0.3832
ldsc,30,20000,0.5,1.0,maf05,24,0.4939,0.3696
ldsc,31,20000,0.5,1.0,maf05,24,0.4049,0.4336
ldsc,32,20000,0.5,1.0,maf05,24,1.2788,0.3535
ldsc,33,20000,0.5,1.0,maf05,24,0.5004,0.3135
ldsc,34,20000,0.5,1.0,maf05,24,0.37,0.3796
ldsc,35,20000,0.5,1.0,maf05,24,0.2856,0.3663
ldsc,36,20000,0.5,1.0,maf05,24,1.1051,0.3973
ldsc,37,20000,0.5,1.0,maf05,24,1.6499,0.404
ldsc,38,20000,0.5,1.0,maf05,24,0.7321,0.3508
ldsc,39,20000,0.5,1.0,maf05,24,1.0773,0.431
ldsc,4,20000,0.5,1.0,maf05,24,0.4178,0.4027
ldsc,40,20000,0.5,1.0,maf05,24,0.6023,0.408
ldsc,41,20000,0.5,1.0,maf05,24,0.4019,0.3758
ldsc,42,20000,0.5,1.0,maf05,24,1.3381,0.3621
ldsc,43,20000,0.5,1.0,maf05,24,0.3784,0.3329
ldsc,44,20000,0.5,1.0,maf05,24,0.5152,0.3205
ldsc,45,20000,0.5,1.0,maf05,24,0.4558,0.3845
ldsc,46,20000,0.5,1.0,maf05,24,0.1374,0.3518
ldsc,47,20000,0.5,1.0,maf05,24,0.7325,0.4166
ldsc,48,20000,0.5,1.0,maf05,24,0.4837,0.3627
ldsc,49,20000,0.5,1.0,maf05,24,0.3851,0.3673
ldsc,5,20000,0.5,1.0,maf05,24,0.2876,0.4036
ldsc,50,20000,0.5,1.0,maf05,24,0.7942,0.3702
ldsc,51,20000,0.5,1.0,maf05,24,0.2138,0.366
ldsc,52,20000,0.5,1.0,maf05,24,0.0004,0.37
ldsc,53,20000,0.5,1.0,maf05,24,0.4992,0.3922
ldsc,54,20000,0.5,1.0,maf05,24,0.3677,0.3864
ldsc,55,20000,0.5,1.0,maf05,24,0.2608,0.4007
ldsc,56,20000,0.5,1.0,maf05,24,-0.0589,0.3457
ldsc,57,20000,0.5,1.0,maf05,24,0.392,0.3863
ldsc,58,20000,0.5,1.0,maf05,24,0.9635,0.3272
ldsc,59,20000,0.5,1.0,maf05,24,0.099,0.3511
ldsc,6,20000,0.5,1.0,maf05,24,0.4621,0.3157
ldsc,60,20000,0.5,1.0,maf05,24,0.4092,0.2841
ldsc,61,20000,0.5,1.0,maf05,24,0.3083,0.3514
ldsc,62,20000,0.5,1.0,maf05,24,0.8764,0.3971
ldsc,63,20000,0.5,1.0,maf05,24,0.2295,0.3106
ldsc,64,20000,0.5,1.0,maf05,24,0.6396,0.425
ldsc,65,20000,0.5,1.0,maf05,24,0.0509,0.3299
ldsc,66,20000,0.5,1.0,maf05,24,0.6436,0.3327
ldsc,67,20000,0.5,1.0,maf05,24,0.702,0.3948
ldsc,68,20000,0.5,1.0,maf05,24,0.0187,0.3849
ldsc,69,20000,0.5,1.0,maf05,24,0.7459,0.3621
ldsc,7,20000,0.5,1.0,maf05,24,0.5675,0.3287
ldsc,70,20000,0.5,1.0,maf05,24,0.2052,0.3572
ldsc,71,20000,0.5,1.0,maf05,24,0.6114,0.4004
ldsc,72,20000,0.5,1.0,maf05,24,0.3424,0.4144
ldsc,73,20000,0.5,1.0,maf05,24,0.9644,0.3688
ldsc,74,20000,0.5,1.0,maf05,24,0.5704,0.338
ldsc,75,20000,0.5,1.0,maf05,24,1.5021,0.3734
ldsc,76,20000,0.5,1.0,maf05,24,0.8785,0.3632
ldsc,77,20000,0.5,1.0,maf05,24,0.2881,0.4112
ldsc,78,20000,0.5,1.0,maf05,24,0.3623,0.3433
ldsc,79,20000,0.5,1.0,maf05,24,0.3003,0.3469
ldsc,8,20000,0.5,1.0,maf05,24,0.729,0.3642
ldsc,80,20000,0.5,1.0,maf05,24,0.7414,0.3785
ldsc,81,20000,0.5,1.0,maf05,24,0.4935,0.3694
ldsc,82,20000,0.5,1.0,maf05,24,0.6728,0.3372
ldsc,83,20000,0.5,1.0,maf05,24,0.9285,0.3961
ldsc,84,20000,0.5,1.0,maf05,24,0.0459,0.3417
ldsc,85,20000,0.5,1.0,maf05,24,0.5296,0.3931
ldsc,86,20000,0.5,1.0,maf05,24,0.6462,0.3668
ldsc,87,20000,0.5,1.0,maf05,24,0.6292,0.3584
ldsc,88,20000,0.5,1.0,maf05,24,0.1682,0.3141
ldsc,89,20000,0.5,1.0,maf05,24,0.5408,0.324
ldsc,9,20000,0.5,1.0,maf05,24,0.263,0.3378
ldsc,90,20000,0.5,1.0,maf05,24,0.7068,0.3528
ldsc,91,20000,0.5,1.0,maf05,24,0.1368,0.3397
ldsc,92,20000,0.5,1.0,maf05,24,0.3817,0.2825
ldsc,93,20000,0.5,1.0,maf05,24,0.7063,0.3602
ldsc,94,20000,0.5,1.0,maf05,24,0.44,0.3896
ldsc,95,20000,0.5,1.0,maf05,24,0.1449,0.3828
ldsc,96,20000,0.5,1.0,maf05,24,0.1786,0.3672
ldsc,97,20000,0.5,1.0,maf05,24,-0.0232,0.3866
ldsc,98,20000,0.5,1.0,maf05,24,0.493,0.3406
ldsc,99,20000,0.5,1.0,maf05,24,0.7494,0.4405
ldsc,0,20000,0.5,1.0,maf01_ldak,24,0.2657,0.3358
ldsc,1,20000,0.5,1.0,maf01_ldak,24,0.6164,0.4111
ldsc,10,20000,0.5,1.0,maf01_ldak,24,0.0307,0.3688
ldsc,11,20000,0.5,1.0,maf01_ldak,24,0.9269,0.4147
ldsc,12,20000,0.5,1.0,maf01_ldak,24,0.5679,0.3487
ldsc,13,20000,0.5,1.0,maf01_ldak,24,0.3122,0.3471
ldsc,14,20000,0.5,1.0,maf01_ldak,24,0.3551,0.3452
ldsc,15,20000,0.5,1.0,maf01_ldak,24,0.4306,0.3736
ldsc,16,20000,0.5,1.0,maf01_ldak,24,0.6732,0.3879
ldsc,17,20000,0.5,1.0,maf01_ldak,24,0.1272,0.3879
ldsc,18,20000,0.5,1.0,maf01_ldak,24,0.7155,0.3711
ldsc,19,20000,0.5,1.0,maf01_ldak,24,0.9543,0.3021
ldsc,2,20000,0.5,1.0,maf01_ldak,24,0.3514,0.3645
ldsc,20,20000,0.5,1.0,maf01_ldak,24,0.0016,0.3462
ldsc,21,20000,0.5,1.0,maf01_ldak,24,0.4232,0.3297
ldsc,22,20000,0.5,1.0,maf01_ldak,24,0.7789,0.3909
ldsc,23,20000,0.5,1.0,maf01_ldak,24,1.0275,0.3411
ldsc,24,20000,0.5,1.0,maf01_ldak,24,0.0131,0.3838
ldsc,25,20000,0.5,1.0,maf01_ldak,24,0.4875,0.3571
ldsc,26,20000,0.5,1.0,maf01_ldak,24,0.2716,0.331
ldsc,27,20000,0.5,1.0,maf01_ldak,24,0.4298,0.41
ldsc,28,20000,0.5,1.0,maf01_ldak,24,0.294,0.3699
ldsc,29,20000,0.5,1.0,maf01_ldak,24,0.578,0.3539
ldsc,3,20000,0.5,1.0,maf01_ldak,24,1.0945,0.3922
ldsc,30,20000,0.5,1.0,maf01_ldak,24,0.9431,0.3336
ldsc,31,20000,0.5,1.0,maf01_ldak,24,0.2163,0.4231
ldsc,32,20000,0.5,1.0,maf01_ldak,24,-0.2396,0.3606
ldsc,33,20000,0.5,1.0,maf01_ldak,24,0.8743,0.3633
ldsc,34,20000,0.5,1.0,maf01_ldak,24,0.67,0.3604
ldsc,35,20000,0.5,1.0,maf01_ldak,24,1.1815,0.4277
ldsc,36,20000,0.5,1.0,maf01_ldak,24,0.6201,0.4044
ldsc,37,20000,0.5,1.0,maf01_ldak,24,-0.2012,0.3501
ldsc,38,20000,0.5,1.0,maf01_ldak,24,0.9463,0.3624
ldsc,39,20000,0.5,1.0,maf01_ldak,24,0.7003,0.3386
ldsc,4,20000,0.5,1.0,maf01_ldak,24,0.7777,0.4352
ldsc,40,20000,0.5,1.0,maf01_ldak,24,0.5224,0.3452
ldsc,41,20000,0.5,1.0,maf01_ldak,24,-0.0879,0.3313
ldsc,42,20000,0.5,1.0,maf01_ldak,24,0.0104,0.3657
ldsc,43,20000,0.5,1.0,maf01_ldak,24,0.2631,0.356
ldsc,44,20000,0.5,1.0,maf01_ldak,24,0.5908,0.3198
ldsc,45,20000,0.5,1.0,maf01_ldak,24,0.463,0.3063
ldsc,46,20000,0.5,1.0,maf01_ldak,24,0.0516,0.3262
ldsc,47,20000,0.5,1.0,maf01_ldak,24,-0.0873,0.3382
ldsc,48,20000,0.5,1.0,maf01_ldak,24,0.6685,0.3885
ldsc,49,20000,0.5,1.0,maf01_ldak,24,1.1325,0.3623
ldsc,5,20000,0.5,1.0,maf01_ldak,24,0.9566,0.343
ldsc,50,20000,0.5,1.0,maf01_ldak,24,0.192,0.3456
ldsc,51,20000,0.5,1.0,maf01_ldak,24,0.4821,0.3297
ldsc,52,20000,0.5,1.0,maf01_ldak,24,0.8239,0.3746
ldsc,53,20000,0.5,1.0,maf01_ldak,24,0.148,0.3544
ldsc,54,20000,0.5,1.0,maf01_ldak,24,0.6722,0.3872
ldsc,55,20000,0.5,1.0,maf01_ldak,24,0.5179,0.3586
ldsc,56,20000,0.5,1.0,maf01_ldak,24,0.3751,0.3421
ldsc,57,20000,0.5,1.0,maf01_ldak,24,0.4173,0.3452
ldsc,58,20000,0.5,1.0,maf01_ldak,24,-0.1118,0.3676
ldsc,59,20000,0.5,1.0,maf01_ldak,24,1.4067,0.7515
ldsc,6,20000,0.5,1.0,maf01_ldak,24,0.4292,0.3839
ldsc,60,20000,0.5,1.0,maf01_ldak,24,1.3464,0.3713
ldsc,61,20000,0.5,1.0,maf01_ldak,24,0.1113,0.3403
ldsc,62,20000,0.5,1.0,maf01_ldak,24,0.7597,0.3452
ldsc,63,20000,0.5,1.0,maf01_ldak,24,0.7212,0.3294
ldsc,64,20000,0.5,1.0,maf01_ldak,24,0.5006,0.3227
ldsc,65,20000,0.5,1.0,maf01_ldak,24,0.5272,0.3687
ldsc,66,20000,0.5,1.0,maf01_ldak,24,1.0746,0.3533
ldsc,67,20000,0.5,1.0,maf01_ldak,24,0.457,0.3358
ldsc,68,20000,0.5,1.0,maf01_ldak,24,0.4623,0.3934
ldsc,69,20000,0.5,1.0,maf01_ldak,24,1.0982,0.344
ldsc,7,20000,0.5,1.0,maf01_ldak,24,0.5688,0.3397
ldsc,70,20000,0.5,1.0,maf01_ldak,24,0.5058,0.3239
ldsc,71,20000,0.5,1.0,maf01_ldak,24,0.3812,0.333
ldsc,72,20000,0.5,1.0,maf01_ldak,24,0.9414,0.4091
ldsc,73,20000,0.5,1.0,maf01_ldak,24,0.7143,0.3374
ldsc,74,20000,0.5,1.0,maf01_ldak,24,0.1891,0.3573
ldsc,75,20000,0.5,1.0,maf01_ldak,24,0.4367,0.3512
ldsc,76,20000,0.5,1.0,maf01_ldak,24,0.6444,0.3527
ldsc,77,20000,0.5,1.0,maf01_ldak,24,0.6284,0.3447
ldsc,78,20000,0.5,1.0,maf01_ldak,24,0.7222,0.3763
ldsc,79,20000,0.5,1.0,maf01_ldak,24,0.2062,0.329
ldsc,8,20000,0.5,1.0,maf01_ldak,24,1.2402,0.5295
ldsc,80,20000,0.5,1.0,maf01_ldak,24,0.8259,0.3609
ldsc,81,20000,0.5,1.0,maf01_ldak,24,0.5611,0.3646
ldsc,82,20000,0.5,1.0,maf01_ldak,24,0.0364,0.3238
ldsc,83,20000,0.5,1.0,maf01_ldak,24,0.403,0.359
ldsc,84,20000,0.5,1.0,maf01_ldak,24,0.0932,0.3901
ldsc,85,20000,0.5,1.0,maf01_ldak,24,0.7626,0.3651
ldsc,86,20000,0.5,1.0,maf01_ldak,24,0.1946,0.4067
ldsc,87,20000,0.5,1.0,maf01_ldak,24,0.3484,0.3795
ldsc,88,20000,0.5,1.0,maf01_ldak,24,-0.1244,0.358
ldsc,89,20000,0.5,1.0,maf01_ldak,24,0.3721,0.4188
ldsc,9,20000,0.5,1.0,maf01_ldak,24,0.1744,0.3161
ldsc,90,20000,0.5,1.0,maf01_ldak,24,-0.1976,0.3758
ldsc,91,20000,0.5,1.0,maf01_ldak,24,0.3201,0.3796
ldsc,92,20000,0.5,1.0,maf01_ldak,24,-0.208,0.307
ldsc,93,20000,0.5,1.0,maf01_ldak,24,0.6636,0.3881
ldsc,94,20000,0.5,1.0,maf01_ldak,24,-0.365,0.3851
ldsc,95,20000,0.5,1.0,maf01_ldak,24,0.7518,0.3449
ldsc,96,20000,0.5,1.0,maf01_ldak,24,-0.2283,0.3287
ldsc,97,20000,0.5,1.0,maf01_ldak,24,0.5399,0.3509
ldsc,98,20000,0.5,1.0,maf01_ldak,24,-0.1717,0.3404
ldsc,99,20000,0.5,1.0,maf01_ldak,24,0.2093,0.3831
ldsc,0,20000,0.5,1.0,maf05_ldak,24,0.5669,0.3772
ldsc,1,20000,0.5,1.0,maf05_ldak,24,0.0577,0.343
ldsc,10,20000,0.5,1.0,maf05_ldak,24,0.1855,0.3273
ldsc,11,20000,0.5,1.0,maf05_ldak,24,0.5374,0.3342
ldsc,12,20000,0.5,1.0,maf05_ldak,24,0.14,0.3393
ldsc,13,20000,0.5,1.0,maf05_ldak,24,0.4903,0.3088
ldsc,14,20000,0.5,1.0,maf05_ldak,24,1.5179,0.3701
ldsc,15,20000,0.5,1.0,maf05_ldak,24,1.2313,0.411
ldsc,16,20000,0.5,1.0,maf05_ldak,24,0.3815,0.3574
ldsc,17,20000,0.5,1.0,maf05_ldak,24,0.5275,0.4019
ldsc,18,20000,0.5,1.0,maf05_ldak,24,1.1618,0.3567
ldsc,19,20000,0.5,1.0,maf05_ldak,24,-0.0178,0.4049
ldsc,2,20000,0.5,1.0,maf05_ldak,24,0.2319,0.3901
ldsc,20,20000,0.5,1.0,maf05_ldak,24,0.0297,0.3132
ldsc,21,20000,0.5,1.0,maf05_ldak,24,-0.0408,0.328
ldsc,22,20000,0.5,1.0,maf05_ldak,24,0.7422,0.3736
ldsc,23,20000,0.5,1.0,maf05_ldak,24,0.3336,0.3332
ldsc,24,20000,0.5,1.0,maf05_ldak,24,0.6002,0.3638
ldsc,25,20000,0.5,1.0,maf05_ldak,24,0.6075,0.323
ldsc,26,20000,0.5,1.0,maf05_ldak,24,0.7672,0.3547
ldsc,27,20000,0.5,1.0,maf05_ldak,24,0.3345,0.3314
ldsc,28,20000,0.5,1.0,maf05_ldak,24,0.6492,0.3298
ldsc,29,20000,0.5,1.0,maf05_ldak,24,0.5169,0.3562
ldsc,3,20000,0.5,1.0,maf05_ldak,24,0.8895,0.317
ldsc,30,20000,0.5,1.0,maf05_ldak,24,0.6527,0.3258
ldsc,31,20000,0.5,1.0,maf05_ldak,24,0.3516,0.3833
ldsc,32,20000,0.5,1.0,maf05_ldak,24,0.6751,0.3726
ldsc,33,20000,0.5,1.0,maf05_ldak,24,0.5414,0.3218
ldsc,34,20000,0.5,1.0,maf05_ldak,24,0.1826,0.3758
ldsc,35,20000,0.5,1.0,maf05_ldak,24,1.0716,0.5213
ldsc,36,20000,0.5,1.0,maf05_ldak,24,-0.1122,0.3817
ldsc,37,20000,0.5,1.0,maf05_ldak,24,0.6637,0.3412
ldsc,38,20000,0.5,1.0,maf05_ldak,24,0.3832,0.3847
ldsc,39,20000,0.5,1.0,maf05_ldak,24,-0.0209,0.3784
ldsc,4,20000,0.5,1.0,maf05_ldak,24,0.8844,0.3634
ldsc,40,20000,0.5,1.0,maf05_ldak,24,0.2549,0.3198
ldsc,41,20000,0.5,1.0,maf05_ldak,24,-0.2076,0.3527
ldsc,42,20000,0.5,1.0,maf05_ldak,24,0.3729,0.3509
ldsc,43,20000,0.5,1.0,maf05_ldak,24,0.4688,0.3491
ldsc,44,20000,0.5,1.0,maf05_ldak,24,0.6888,0.3305
ldsc,45,20000,0.5,1.0,maf05_ldak,24,0.0876,0.3083
ldsc,46,20000,0.5,1.0,maf05_ldak,24,0.1758,0.3763
ldsc,47,20000,0.5,1.0,maf05_ldak,24,0.4664,0.3723
ldsc,48,20000,0.5,1.0,maf05_ldak,24,0.0832,0.3824
ldsc,49,20000,0.5,1.0,maf05_ldak,24,0.7616,0.33
ldsc,5,20000,0.5,1.0,maf05_ldak,24,0.1458,0.3497
ldsc,50,20000,0.5,1.0,maf05_ldak,24,-0.2886,0.3675
ldsc,51,20000,0.5,1.0,maf05_ldak,24,0.7007,0.3358
ldsc,52,20000,0.5,1.0,maf05_ldak,24,0.1309,0.3772
ldsc,53,20000,0.5,1.0,maf05_ldak,24,0.2758,0.3981
ldsc,54,20000,0.5,1.0,maf05_ldak,24,0.6722,0.3284
ldsc,55,20000,0.5,1.0,maf05_ldak,24,0.7241,0.3757
ldsc,56,20000,0.5,1.0,maf05_ldak,24,0.9528,0.4063
ldsc,57,20000,0.5,1.0,maf05_ldak,24,0.2017,0.3623
ldsc,58,20000,0.5,1.0,maf05_ldak,24,0.3656,0.3374
ldsc,59,20000,0.5,1.0,maf05_ldak,24,0.7925,0.4002
ldsc,6,20000,0.5,1.0,maf05_ldak,24,0.5957,0.3837
ldsc,60,20000,0.5,1.0,maf05_ldak,24,1.0003,0.3999
ldsc,61,20000,0.5,1.0,maf05_ldak,24,0.7243,0.3292
ldsc,62,20000,0.5,1.0,maf05_ldak,24,0.8474,0.4165
ldsc,63,20000,0.5,1.0,maf05_ldak,24,1.3652,0.3265
ldsc,64,20000,0.5,1.0,maf05_ldak,24,0.1692,0.361
ldsc,65,20000,0.5,1.0,maf05_ldak,24,0.3959,0.4026
ldsc,66,20000,0.5,1.0,maf05_ldak,24,0.3958,0.3508
ldsc,67,20000,0.5,1.0,maf05_ldak,24,1.1149,0.3603
ldsc,68,20000,0.5,1.0,maf05_ldak,24,0.8735,0.3795
ldsc,69,20000,0.5,1.0,maf05_ldak,24,0.3697,0.3798
ldsc,7,20000,0.5,1.0,maf05_ldak,24,-0.0979,0.3485
ldsc,70,20000,0.5,1.0,maf05_ldak,24,0.5976,0.2995
ldsc,71,20000,0.5,1.0,maf05_ldak,24,0.5633,0.4364
ldsc,72,20000,0.5,1.0,maf05_ldak,24,0.766,0.3803
ldsc,73,20000,0.5,1.0,maf05_ldak,24,0.3666,0.3823
ldsc,74,20000,0.5,1.0,maf05_ldak,24,0.4525,0.3617
ldsc,75,20000,0.5,1.0,maf05_ldak,24,0.5593,0.3247
ldsc,76,20000,0.5,1.0,maf05_ldak,24,0.3055,0.334
ldsc,77,20000,0.5,1.0,maf05_ldak,24,0.8346,0.3742
ldsc,78,20000,0.5,1.0,maf05_ldak,24,0.1072,0.365
ldsc,79,20000,0.5,1.0,maf05_ldak,24,0.4403,0.3223
ldsc,8,20000,0.5,1.0,maf05_ldak,24,0.2984,0.3796
ldsc,80,20000,0.5,1.0,maf05_ldak,24,-0.0263,0.3377
ldsc,81,20000,0.5,1.0,maf05_ldak,24,-0.168,0.3289
ldsc,82,20000,0.5,1.0,maf05_ldak,24,0.1896,0.3373
ldsc,83,20000,0.5,1.0,maf05_ldak,24,0.3818,0.3519
ldsc,84,20000,0.5,1.0,maf05_ldak,24,0.1109,0.359
ldsc,85,20000,0.5,1.0,maf05_ldak,24,0.5254,0.3462
ldsc,86,20000,0.5,1.0,maf05_ldak,24,0.1624,0.3843
ldsc,87,20000,0.5,1.0,maf05_ldak,24,0.7606,0.2955
ldsc,88,20000,0.5,1.0,maf05_ldak,24,0.1864,0.361
ldsc,89,20000,0.5,1.0,maf05_ldak,24,0.5666,0.341
ldsc,9,20000,0.5,1.0,maf05_ldak,24,0.4561,0.3653
ldsc,90,20000,0.5,1.0,maf05_ldak,24,1.1089,0.5165
ldsc,91,20000,0.5,1.0,maf05_ldak,24,0.7306,0.4002
ldsc,92,20000,0.5,1.0,maf05_ldak,24,0.5578,0.3657
ldsc,93,20000,0.5,1.0,maf05_ldak,24,1.2033,0.3125
ldsc,94,20000,0.5,1.0,maf05_ldak,24,0.1546,0.4206
ldsc,95,20000,0.5,1.0,maf05_ldak,24,0.6897,0.3718
ldsc,96,20000,0.5,1.0,maf05_ldak,24,0.2701,0.3735
ldsc,97,20000,0.5,1.0,maf05_ldak,24,0.89,0.3978
ldsc,98,20000,0.5,1.0,maf05_ldak,24,0.0837,0.3484
ldsc,99,20000,0.5,1.0,maf05_ldak,24,0.9377,0.3659
sumher,0,20000,0.5,1.0,maf01,24,0.389173,0.062773
sumher,1,20000,0.5,1.0,maf01,24,0.500162,0.063076
sumher,10,20000,0.5,1.0,maf01,24,0.555671,0.063325
sumher,11,20000,0.5,1.0,maf01,24,0.468857,0.062996
sumher,12,20000,0.5,1.0,maf01,24,0.490095,0.063024
sumher,13,20000,0.5,1.0,maf01,24,0.548147,0.063249
sumher,14,20000,0.5,1.0,maf01,24,0.558622,0.063384
sumher,15,20000,0.5,1.0,maf01,24,0.313617,0.062439
sumher,16,20000,0.5,1.0,maf01,24,0.458644,0.062941
sumher,17,20000,0.5,1.0,maf01,24,0.55708,0.063285
sumher,18,20000,0.5,1.0,maf01,24,0.565559,0.063355
sumher,19,20000,0.5,1.0,maf01,24,0.554975,0.063274
sumher,2,20000,0.5,1.0,maf01,24,0.546503,0.063304
sumher,20,20000,0.5,1.0,maf01,24,0.608915,0.063444
sumher,21,20000,0.5,1.0,maf01,24,0.514239,0.063187
sumher,22,20000,0.5,1.0,maf01,24,0.501738,0.063066
sumher,23,20000,0.5,1.0,maf01,24,0.522978,0.063112
sumher,24,20000,0.5,1.0,maf01,24,0.465822,0.062972
sumher,25,20000,0.5,1.0,maf01,24,0.438926,0.062842
sumher,26,20000,0.5,1.0,maf01,24,0.470077,0.063054
sumher,27,20000,0.5,1.0,maf01,24,0.420531,0.062881
sumher,28,20000,0.5,1.0,maf01,24,0.560666,0.063291
sumher,29,20000,0.5,1.0,maf01,24,0.484547,0.063048
sumher,3,20000,0.5,1.0,maf01,24,0.405397,0.062728
sumher,30,20000,0.5,1.0,maf01,24,0.460456,0.062971
sumher,31,20000,0.5,1.0,maf01,24,0.639832,0.063626
sumher,32,20000,0.5,1.0,maf01,24,0.565686,0.063397
sumher,33,20000,0.5,1.0,maf01,24,0.565691,0.063306
sumher,34,20000,0.5,1.0,maf01,24,0.541534,0.063215
sumher,35,20000,0.5,1.0,maf01,24,0.533924,0.063267
sumher,36,20000,0.5,1.0,maf01,24,0.467573,0.062973
sumher,37,20000,0.5,1.0,maf01,24,0.448108,0.06287
sumher,38,20000,0.5,1.0,maf01,24,0.576135,0.063403
sumher,39,20000,0.5,1.0,maf01,24,0.549432,0.063258
sumher,4,20000,0.5,1.0,maf01,24,0.431917,0.062876
sumher,40,20000,0.5,1.0,maf01,24,0.556269,0.0633
sumher,41,20000,0.5,1.0,maf01,24,0.470273,0.062976
sumher,42,20000,0.5,1.0,maf01,24,0.480404,0.063123
sumher,43,20000,0.5,1.0,maf01,24,0.420759,0.062759
sumher,44,20000,0.5,1.0,maf01,24,0.555794,0.063242
sumher,45,20000,0.5,1.0,maf01,24,0.430715,0.062855
sumher,46,20000,0.5,1.0,maf01,24,0.49046,0.063112
sumher,47,20000,0.5,1.0,maf01,24,0.487079,0.063116
sumher,48,20000,0.5,1.0,maf01,24,0.481689,0.063081
sumher,49,20000,0.5,1.0,maf01,24,0.351459,0.0626
sumher,5,20000,0.5,1.0,maf01,24,0.453571,0.062889
sumher,50,20000,0.5,1.0,maf01,24,0.533546,0.063143
sumher,51,20000,0.5,1.0,maf01,24,0.528822,0.063239
sumher,52,20000,0.5,1.0,maf01,24,0.410725,0.062807
sumher,53,20000,0.5,1.0,maf01,24,0.498062,0.063168
sumher,54,20000,0.5,1.0,maf01,24,0.572753,0.063324
sumher,55,20000,0.5,1.0,maf01,24,0.521875,0.063193
sumher,56,20000,0.5,1.0,maf01,24,0.645745,0.063602
sumher,57,20000,0.5,1.0,maf01,24,0.549924,0.063312
sumher,58,20000,0.5,1.0,maf01,24,0.517093,0.063217
sumher,59,20000,0.5,1.0,maf01,24,0.476499,0.063049
sumher,6,20000,0.5,1.0,maf01,24,0.544654,0.06329
sumher,60,20000,0.5,1.0,maf01,24,0.649638,0.063662
sumher,61,20000,0.5,1.0,maf01,24,0.556404,0.063334
sumher,62,20000,0.5,1.0,maf01,24,0.585548,0.063419
sumher,63,20000,0.5,1.0,maf01,24,0.609915,0.063528
sumher,64,20000,0.5,1.0,maf01,24,0.471338,0.062953
sumher,65,20000,0.5,1.0,maf01,24,0.485498,0.063093
sumher,66,20000,0.5,1.0,maf01,24,0.494818,0.063084
sumher,67,20000,0.5,1.0,maf01,24,0.531696,0.0632
sumher,68,20000,0.5,1.0,maf01,24,0.454278,0.062921
sumher,69,20000,0.5,1.0,maf01,24,0.509332,0.063107
sumher,7,20000,0.5,1.0,maf01,24,0.42636,0.062858
sumher,70,20000,0.5,1.0,maf01,24,0.517328,0.063154
sumher,71,20000,0.5,1.0,maf01,24,0.611908,0.063507
sumher,72,20000,0.5,1.0,maf01,24,0.398026,0.062748
sumher,73,20000,0.5,1.0,maf01,24,0.464741,0.062955
sumher,74,20000,0.5,1.0,maf01,24,0.593564,0.063463
sumher,75,20000,0.5,1.0,maf01,24,0.562538,0.063263
sumher,76,20000,0.5,1.0,maf01,24,0.363518,0.062685
sumher,77,20000,0.5,1.0,maf01,24,0.532805,0.063232
sumher,78,20000,0.5,1.0,maf01,24,0.448076,0.062967
sumher,79,20000,0.5,1.0,maf01,24,0.647953,0.063671
sumher,8,20000,0.5,1.0,maf01,24,0.524096,0.063149
sumher,80,20000,0.5,1.0,maf01,24,0.474762,0.062931
sumher,81,20000,0.5,1.0,maf01,24,0.4409,0.062894
sumher,82,20000,0.5,1.0,maf01,24,0.457537,0.062935
sumher,83,20000,0.5,1.0,maf01,24,0.507113,0.063117
sumher,84,20000,0.5,1.0,maf01,24,0.456515,0.063001
sumher,85,20000,0.5,1.0,maf01,24,0.506551,0.063099
sumher,86,20000,0.5,1.0,maf01,24,0.491832,0.063092
sumher,87,20000,0.5,1.0,maf01,24,0.563605,0.06333
sumher,88,20000,0.5,1.0,maf01,24,0.59846,0.063468
sumher,89,20000,0.5,1.0,maf01,24,0.487681,0.063133
sumher,9,20000,0.5,1.0,maf01,24,0.58145,0.063426
sumher,90,20000,0.5,1.0,maf01,24,0.600959,0.063452
sumher,91,20000,0.5,1.0,maf01,24,0.578427,0.063434
sumher,92,20000,0.5,1.0,maf01,24,0.447591,0.062908
sumher,93,20000,0.5,1.0,maf01,24,0.565022,0.06331
sumher,94,20000,0.5,1.0,maf01,24,0.417529,0.062796
sumher,95,20000,0.5,1.0,maf01,24,0.546581,0.063357
sumher,96,20000,0.5,1.0,maf01,24,0.554736,0.063298
sumher,97,20000,0.5,1.0,maf01,24,0.490377,0.063057
sumher,98,20000,0.5,1.0,maf01,24,0.51072,0.063112
sumher,99,20000,0.5,1.0,maf01,24,0.533021,0.063233
sumher,0,20000,0.5,1.0,maf05,24,0.602016,0.06316
sumher,1,20000,0.5,1.0,maf05,24,0.446664,0.062575
sumher,10,20000,0.5,1.0,maf05,24,0.551438,0.062996
sumher,11,20000,0.5,1.0,maf05,24,0.54049,0.062983
sumher,12,20000,0.5,1.0,maf05,24,0.51193,0.062845
sumher,13,20000,0.5,1.0,maf05,24,0.601457,0.063128
sumher,14,20000,0.5,1.0,maf05,24,0.482816,0.062802
sumher,15,20000,0.5,1.0,maf05,24,0.460617,0.062748
sumher,16,20000,0.5,1.0,maf05,24,0.62426,0.063259
sumher,17,20000,0.5,1.0,maf05,24,0.462478,0.062682
sumher,18,20000,0.5,1.0,maf05,24,0.49373,0.062728
sumher,19,20000,0.5,1.0,maf05,24,0.459086,0.062716
sumher,2,20000,0.5,1.0,maf05,24,0.468888,0.062795
sumher,20,20000,0.5,1.0,maf05,24,0.456672,0.062711
sumher,21,20000,0.5,1.0,maf05,24,0.489827,0.062787
sumher,22,20000,0.5,1.0,maf05,24,0.511884,0.062927
sumher,23,20000,0.5,1.0,maf05,24,0.51597,0.062936
sumher,24,20000,0.5,1.0,maf05,24,0.520023,0.062858
sumher,25,20000,0.5,1.0,maf05,24,0.497128,0.062791
sumher,26,20000,0.5,1.0,maf05,24,0.529585,0.062984
sumher,27,20000,0.5,1.0,maf05,24,0.611511,0.06318
sumher,28,20000,0.5,1.0,maf05,24,0.46256,0.062779
sumher,29,20000,0.5,1.0,maf05,24,0.60601,0.063106
sumher,3,20000,0.5,1.0,maf05,24,0.571805,0.063079
sumher,30,20000,0.5,1.0,maf05,24,0.564445,0.063108
sumher,31,20000,0.5,1.0,maf05,24,0.629987,0.063341
sumher,32,20000,0.5,1.0,maf05,24,0.511529,0.062787
sumher,33,20000,0.5,1.0,maf05,24,0.482934,0.062821
sumher,34,20000,0.5,1.0,maf05,24,0.465395,0.062672
sumher,35,20000,0.5,1.0,maf05,24,0.521042,0.062928
sumher,36,20000,0.5,1.0,maf05,24,0.622589,0.063321
sumher,37,20000,0.5,1.0,maf05,24,0.6001,0.063112
sumher,38,20000,0.5,1.0,maf05,24,0.579397,0.062949
sumher,39,20000,0.5,1.0,maf05,24,0.396358,0.062395
sumher,4,20000,0.5,1.0,maf05,24,0.603413,0.063204
sumher,40,20000,0.5,1.0,maf05,24,0.53998,0.063023
sumher,41,20000,0.5,1.0,maf05,24,0.481901,0.062764
sumher,42,20000,0.5,1.0,maf05,24,0.537103,0.062876
sumher,43,20000,0.5,1.0,maf05,24,0.434607,0.062626
sumher,44,20000,0.5,1.0,maf05,24,0.527522,0.062879
sumher,45,20000,0.5,1.0,maf05,24,0.514172,0.062882
sumher,46,20000,0.5,1.0,maf05,24,0.547889,0.063037
sumher,47,20000,0.5,1.0,maf05,24,0.443854,0.062616
sumher,48,20000,0.5,1.0,maf05,24,0.563815,0.063008
sumher,49,20000,0.5,1.0,maf05,24,0.498162,0.062842
sumher,5,20000,0.5,1.0,maf05,24,0.610023,0.063204
sumher,50,20000,0.5,1.0,maf05,24,0.414834,0.062523
sumher,51,20000,0.5,1.0,maf05,24,0.518997,0.062986
sumher,52,20000,0.5,1.0,maf05,24,0.517039,0.062877
sumher,53,20000,0.5,1.0,maf05,24,0.566036,0.063102
sumher,54,20000,0.5,1.0,maf05,24,0.503718,0.062846
sumher,55,20000,0.5,1.0,maf05,24,0.54408,0.063034
sumher,56,20000,0.5,1.0,maf05,24,0.447507,0.062643
sumher,57,20000,0.5,1.0,maf05,24,0.501243,0.062827
sumher,58,20000,0.5,1.0,maf05,24,0.441365,0.062473
sumher,59,20000,0.5,1.0,maf05,24,0.422448,0.062563
sumher,6,20000,0.5,1.0,maf05,24,0.575788,0.063085
sumher,60,20000,0.5,1.0,maf05,24,0.476839,0.062767
sumher,61,20000,0.5,1.0,maf05,24,0.519969,0.062894
sumher,62,20000,0.5,1.0,maf05,24,0.512634,0.062884
sumher,63,20000,0.5,1.0,maf05,24,0.535838,0.062982
sumher,64,20000,0.5,1.0,maf05,24,0.568994,0.063064
sumher,65,20000,0.5,1.0,maf05,24,0.61971,0.063292
sumher,66,20000,0.5,1.0,maf05,24,0.619785,0.063238
sumher,67,20000,0.5,1.0,maf05,24,0.473347,0.062735
sumher,68,20000,0.5,1.0,maf05,24,0.481421,0.062805
sumher,69,20000,0.5,1.0,maf05,24,0.580397,0.063104
sumher,7,20000,0.5,1.0,maf05,24,0.513741,0.062905
sumher,70,20000,0.5,1.0,maf05,24,0.494765,0.062857
sumher,71,20000,0.5,1.0,maf05,24,0.547521,0.063054
sumher,72,20000,0.5,1.0,maf05,24,0.48422,0.06276
sumher,73,20000,0.5,1.0,maf05,24,0.507058,0.062804
sumher,74,20000,0.5,1.0,maf05,24,0.565555,0.062975
sumher,75,20000,0.5,1.0,maf05,24,0.575344,0.063051
sumher,76,20000,0.5,1.0,maf05,24,0.637946,0.063349
sumher,77,20000,0.5,1.0,maf05,24,0.494446,0.062815
sumher,78,20000,0.5,1.0,maf05,24,0.495682,0.06285
sumher,79,20000,0.5,1.0,maf05,24,0.531664,0.062929
sumher,8,20000,0.5,1.0,maf05,24,0.489827,0.06284
sumher,80,20000,0.5,1.0,maf05,24,0.476524,0.062809
sumher,81,20000,0.5,1.0,maf05,24,0.511387,0.062904
sumher,82,20000,0.5,1.0,maf05,24,0.569327,0.06311
sumher,83,20000,0.5,1.0,maf05,24,0.45492,0.062658
sumher,84,20000,0.5,1.0,maf05,24,0.469966,0.062754
sumher,85,20000,0.5,1.0,maf05,24,0.555605,0.063025
sumher,86,20000,0.5,1.0,maf05,24,0.581265,0.06318
sumher,87,20000,0.5,1.0,maf05,24,0.498389,0.062811
sumher,88,20000,0.5,1.0,maf05,24,0.512369,0.062855
sumher,89,20000,0.5,1.0,maf05,24,0.455898,0.062665
sumher,9,20000,0.5,1.0,maf05,24,0.559797,0.06306
sumher,90,20000,0.5,1.0,maf05,24,0.553501,0.063
sumher,91,20000,0.5,1.0,maf05,24,0.527373,0.062965
sumher,92,20000,0.5,1.0,maf05,24,0.476515,0.062781
sumher,93,20000,0.5,1.0,maf05,24,0.578481,0.063111
sumher,94,20000,0.5,1.0,maf05,24,0.457683,0.062643
sumher,95,20000,0.5,1.0,maf05,24,0.513984,0.062941
sumher,96,20000,0.5,1.0,maf05,24,0.441577,0.062664
sumher,97,20000,0.5,1.0,maf05,24,0.489564,0.06281
sumher,98,20000,0.5,1.0,maf05,24,0.517504,0.062911
sumher,99,20000,0.5,1.0,maf05,24,0.496945,0.062789
sumher,0,20000,0.5,1.0,maf01_ldak,24,0.472894,0.063037
sumher,1,20000,0.5,1.0,maf01_ldak,24,0.54529,0.06329
sumher,10,20000,0.5,1.0,maf01_ldak,24,0.523959,0.063251
sumher,11,20000,0.5,1.0,maf01_ldak,24,0.565758,0.063332
sumher,12,20000,0.5,1.0,maf01_ldak,24,0.523148,0.063222
sumher,13,20000,0.5,1.0,maf01_ldak,24,0.455108,0.062961
sumher,14,20000,0.5,1.0,maf01_ldak,24,0.42577,0.06287
sumher,15,20000,0.5,1.0,maf01_ldak,24,0.602314,0.063504
sumher,16,20000,0.5,1.0,maf01_ldak,24,0.509805,0.063131
sumher,17,20000,0.5,1.0,maf01_ldak,24,0.482489,0.06308
sumher,18,20000,0.5,1.0,maf01_ldak,24,0.51088,0.06312
sumher,19,20000,0.5,1.0,maf01_ldak,24,0.498135,0.063032
sumher,2,20000,0.5,1.0,maf01_ldak,24,0.590442,0.063456
sumher,20,20000,0.5,1.0,maf01_ldak,24,0.524386,0.06325
sumher,21,20000,0.5,1.0,maf01_ldak,24,0.562353,0.063371
sumher,22,20000,0.5,1.0,maf01_ldak,24,0.512801,0.063123
sumher,23,20000,0.5,1.0,maf01_ldak,24,0.447908,0.062909
sumher,24,20000,0.5,1.0,maf01_ldak,24,0.437106,0.062933
sumher,25,20000,0.5,1.0,maf01_ldak,24,0.535972,0.063242
sumher,26,20000,0.5,1.0,maf01_ldak,24,0.575742,0.063419
sumher,27,20000,0.5,1.0,maf01_ldak,24,0.559217,0.063304
sumher,28,20000,0.5,1.0,maf01_ldak,24,0.570274,0.063421
sumher,29,20000,0.5,1.0,maf01_ldak,24,0.45231,0.062926
sumher,3,20000,0.5,1.0,maf01_ldak,24,0.570562,0.063318
sumher,30,20000,0.5,1.0,maf01_ldak,24,0.449168,0.062972
sumher,31,20000,0.5,1.0,maf01_ldak,24,0.521457,0.063224
sumher,32,20000,0.5,1.0,maf01_ldak,24,0.557563,0.063385
sumher,33,20000,0.5,1.0,maf01_ldak,24,0.502279,0.063085
sumher,34,20000,0.5,1.0,maf01_ldak,24,0.53583,0.06324
sumher,35,20000,0.5,1.0,maf01_ldak,24,0.484487,0.062976
sumher,36,20000,0.5,1.0,maf01_ldak,24,0.531403,0.063208
sumher,37,20000,0.5,1.0,maf01_ldak,24,0.52645,0.063253
sumher,38,20000,0.5,1.0,maf01_ldak,24,0.445715,0.062904
sumher,39,20000,0.5,1.0,maf01_ldak,24,0.47966,0.063037
sumher,4,20000,0.5,1.0,maf01_ldak,24,0.583356,0.06333
sumher,40,20000,0.5,1.0,maf01_ldak,24,0.478349,0.06303
sumher,41,20000,0.5,1.0,maf01_ldak,24,0.391366,0.062753
sumher,42,20000,0.5,1.0,maf01_ldak,24,0.468166,0.063014
sumher,43,20000,0.5,1.0,maf01_ldak,24,0.527712,0.063265
sumher,44,20000,0.5,1.0,maf01_ldak,24,0.515295,0.063164
sumher,45,20000,0.5,1.0,maf01_ldak,24,0.407798,0.062753
sumher,46,20000,0.5,1.0,maf01_ldak,24,0.509203,0.063163
sumher,47,20000,0.5,1.0,maf01_ldak,24,0.554718,0.063322
sumher,48,20000,0.5,1.0,maf01_ldak,24,0.506472,0.06311
sumher,49,20000,0.5,1.0,maf01_ldak,24,0.445988,0.062892
sumher,5,20000,0.5,1.0,maf01_ldak,24,0.563908,0.063315
sumher,50,20000,0.5,1.0,maf01_ldak,24,0.510785,0.063171
sumher,51,20000,0.5,1.0,maf01_ldak,24,0.600834,0.063524
sumher,52,20000,0.5,1.0,maf01_ldak,24,0.669498,0.063684
sumher,53,20000,0.5,1.0,maf01_ldak,24,0.459825,0.062962
sumher,54,20000,0.5,1.0,maf01_ldak,24,0.500622,0.063066
sumher,55,20000,0.5,1.0,maf01_ldak,24,0.523824,0.063179
sumher,56,20000,0.5,1.0,maf01_ldak,24,0.494986,0.063105
sumher,57,20000,0.5,1.0,maf01_ldak,24,0.484996,0.063054
sumher,58,20000,0.5,1.0,maf01_ldak,24,0.557972,0.063414
sumher,59,20000,0.5,1.0,maf01_ldak,24,0.497523,0.063004
sumher,6,20000,0.5,1.0,maf01_ldak,24,0.702441,0.063908
sumher,60,20000,0.5,1.0,maf01_ldak,24,0.520041,0.063125
sumher,61,20000,0.5,1.0,maf01_ldak,24,0.407289,0.062805
sumher,62,20000,0.5,1.0,maf01_ldak,24,0.490671,0.063048
sumher,63,20000,0.5,1.0,maf01_ldak,24,0.458238,0.062915
sumher,64,20000,0.5,1.0,maf01_ldak,24,0.468856,0.062997
sumher,65,20000,0.5,1.0,maf01_ldak,24,0.459077,0.062958
sumher,66,20000,0.5,1.0,maf01_ldak,24,0.444718,0.062864
sumher,67,20000,0.5,1.0,maf01_ldak,24,0.528004,0.063215
sumher,68,20000,0.5,1.0,maf01_ldak,24,0.428056,0.062861
sumher,69,20000,0.5,1.0,maf01_ldak,24,0.470077,0.062963
sumher,7,20000,0.5,1.0,maf01_ldak,24,0.540153,0.063282
sumher,70,20000,0.5,1.0,maf01_ldak,24,0.485695,0.063058
sumher,71,20000,0.5,1.0,maf01_ldak,24,0.488464,0.063036
sumher,72,20000,0.5,1.0,maf01_ldak,24,0.53748,0.063222
sumher,73,20000,0.5,1.0,maf01_ldak,24,0.484603,0.063023
sumher,74,20000,0.5,1.0,maf01_ldak,24,0.47066,0.063006
sumher,75,20000,0.5,1.0,maf01_ldak,24,0.489962,0.063103
sumher,76,20000,0.5,1.0,maf01_ldak,24,0.574298,0.063377
sumher,77,20000,0.5,1.0,maf01_ldak,24,0.504402,0.063123
sumher,78,20000,0.5,1.0,maf01_ldak,24,0.620241,0.063511
sumher,79,20000,0.5,1.0,maf01_ldak,24,0.507061,0.063188
sumher,8,20000,0.5,1.0,maf01_ldak,24,0.415451,0.062723
sumher,80,20000,0.5,1.0,maf01_ldak,24,0.600032,0.063446
sumher,81,20000,0.5,1.0,maf01_ldak,24,0.572469,0.063342
sumher,82,20000,0.5,1.0,maf01_ldak,24,0.464477,0.063013
sumher,83,20000,0.5,1.0,maf01_ldak,24,0.562047,0.063317
sumher,84,20000,0.5,1.0,maf01_ldak,24,0.5463,0.063299
sumher,85,20000,0.5,1.0,maf01_ldak,24,0.544539,0.063249
sumher,86,20000,0.5,1.0,maf01_ldak,24,0.605041,0.063512
sumher,87,20000,0.5,1.0,maf01_ldak,24,0.457953,0.062993
sumher,88,20000,0.5,1.0,maf01_ldak,24,0.557526,0.063405
sumher,89,20000,0.5,1.0,maf01_ldak,24,0.428802,0.062889
sumher,9,20000,0.5,1.0,maf01_ldak,24,0.508725,0.063146
sumher,90,20000,0.5,1.0,maf01_ldak,24,0.55165,0.063357
sumher,91,20000,0.5,1.0,maf01_ldak,24,0.563046,0.06341
sumher,92,20000,0.5,1.0,maf01_ldak,24,0.410319,0.062822
sumher,93,20000,0.5,1.0,maf01_ldak,24,0.511037,0.063117
sumher,94,20000,0.5,1.0,maf01_ldak,24,0.502438,0.063146
sumher,95,20000,0.5,1.0,maf01_ldak,24,0.427778,0.062833
sumher,96,20000,0.5,1.0,maf01_ldak,24,0.462775,0.063069
sumher,97,20000,0.5,1.0,maf01_ldak,24,0.553597,0.063302
sumher,98,20000,0.5,1.0,maf01_ldak,24,0.557173,0.063342
sumher,99,20000,0.5,1.0,maf01_ldak,24,0.549233,0.063344
sumher,0,20000,0.5,1.0,maf05_ldak,24,0.396506,0.062226
sumher,1,20000,0.5,1.0,maf05_ldak,24,0.475934,0.062828
sumher,10,20000,0.5,1.0,maf05_ldak,24,0.441845,0.062631
sumher,11,20000,0.5,1.0,maf05_ldak,24,0.489431,0.062861
sumher,12,20000,0.5,1.0,maf05_ldak,24,0.501686,0.062876
sumher,13,20000,0.5,1.0,maf05_ldak,24,0.433788,0.062575
sumher,14,20000,0.5,1.0,maf05_ldak,24,0.465774,0.062587
sumher,15,20000,0.5,1.0,maf05_ldak,24,0.658846,0.063418
sumher,16,20000,0.5,1.0,maf05_ldak,24,0.645863,0.063391
sumher,17,20000,0.5,1.0,maf05_ldak,24,0.59404,0.063175
sumher,18,20000,0.5,1.0,maf05_ldak,24,0.456424,0.062644
sumher,19,20000,0.5,1.0,maf05_ldak,24,0.533902,0.062993
sumher,2,20000,0.5,1.0,maf05_ldak,24,0.48659,0.062877
sumher,20,20000,0.5,1.0,maf05_ldak,24,0.51382,0.062941
sumher,21,20000,0.5,1.0,maf05_ldak,24,0.384578,0.062518
sumher,22,20000,0.5,1.0,maf05_ldak,24,0.596702,0.063138
sumher,23,20000,0.5,1.0,maf05_ldak,24,0.579079,0.063166
sumher,24,20000,0.5,1.0,maf05_ldak,24,0.43241,0.062645
sumher,25,20000,0.5,1.0,maf05_ldak,24,0.636046,0.063299
sumher,26,20000,0.5,1.0,maf05_ldak,24,0.593723,0.063152
sumher,27,20000,0.5,1.0,maf05_ldak,24,0.389659,0.062423
sumher,28,20000,0.5,1.0,maf05_ldak,24,0.532374,0.062893
sumher,29,20000,0.5,1.0,maf05_ldak,24,0.589312,0.063138
sumher,3,20000,0.5,1.0,maf05_ldak,24,0.578907,0.063102
sumher,30,20000,0.5,1.0,maf05_ldak,24,0.506128,0.06284
sumher,31,20000,0.5,1.0,maf05_ldak,24,0.612926,0.06329
sumher,32,20000,0.5,1.0,maf05_ldak,24,0.505687,0.062884
sumher,33,20000,0.5,1.0,maf05_ldak,24,0.51242,0.062878
sumher,34,20000,0.5,1.0,maf05_ldak,24,0.583859,0.06321
sumher,35,20000,0.5,1.0,maf05_ldak,24,0.591974,0.063102
sumher,36,20000,0.5,1.0,maf05_ldak,24,0.504569,0.062961
sumher,37,20000,0.5,1.0,maf05_ldak,24,0.567168,0.063035
sumher,38,20000,0.5,1.0,maf05_ldak,24,0.452658,0.062692
sumher,39,20000,0.5,1.0,maf05_ldak,24,0.572001,0.063102
sumher,4,20000,0.5,1.0,maf05_ldak,24,0.433496,0.062527
sumher,40,20000,0.5,1.0,maf05_ldak,24,0.558375,0.063037
sumher,41,20000,0.5,1.0,maf05_ldak,24,0.437361,0.062664
sumher,42,20000,0.5,1.0,maf05_ldak,24,0.617449,0.0633
sumher,43,20000,0.5,1.0,maf05_ldak,24,0.653838,0.063369
sumher,44,20000,0.5,1.0,maf05_ldak,24,0.534722,0.062977
sumher,45,20000,0.5,1.0,maf05_ldak,24,0.451397,0.062684
sumher,46,20000,0.5,1.0,maf05_ldak,24,0.425032,0.062574
sumher,47,20000,0.5,1.0,maf05_ldak,24,0.496109,0.06275
sumher,48,20000,0.5,1.0,maf05_ldak,24,0.521264,0.062952
sumher,49,20000,0.5,1.0,maf05_ldak,24,0.644218,0.063349
sumher,5,20000,0.5,1.0,maf05_ldak,24,0.471635,0.062704
sumher,50,20000,0.5,1.0,maf05_ldak,24,0.486809,0.062817
sumher,51,20000,0.5,1.0,maf05_ldak,24,0.55589,0.063016
sumher,52,20000,0.5,1.0,maf05_ldak,24,0.448474,0.062705
sumher,53,20000,0.5,1.0,maf05_ldak,24,0.468375,0.062671
sumher,54,20000,0.5,1.0,maf05_ldak,24,0.401563,0.062406
sumher,55,20000,0.5,1.0,maf05_ldak,24,0.530443,0.062944
sumher,56,20000,0.5,1.0,maf05_ldak,24,0.537289,0.062952
sumher,57,20000,0.5,1.0,maf05_ldak,24,0.555702,0.063056
sumher,58,20000,0.5,1.0,maf05_ldak,24,0.620089,0.063353
sumher,59,20000,0.5,1.0,maf05_ldak,24,0.493928,0.062731
sumher,6,20000,0.5,1.0,maf05_ldak,24,0.515028,0.062879
sumher,60,20000,0.5,1.0,maf05_ldak,24,0.541272,0.062932
sumher,61,20000,0.5,1.0,maf05_ldak,24,0.510216,0.062857
sumher,62,20000,0.5,1.0,maf05_ldak,24,0.534289,0.062956
sumher,63,20000,0.5,1.0,maf05_ldak,24,0.535019,0.062862
sumher,64,20000,0.5,1.0,maf05_ldak,24,0.530153,0.062966
sumher,65,20000,0.5,1.0,maf05_ldak,24,0.510134,0.062878
sumher,66,20000,0.5,1.0,maf05_ldak,24,0.466844,0.062712
sumher,67,20000,0.5,1.0,maf05_ldak,24,0.543235,0.062929
sumher,68,20000,0.5,1.0,maf05_ldak,24,0.681379,0.063449
sumher,69,20000,0.5,1.0,maf05_ldak,24,0.46563,0.062665
sumher,7,20000,0.5,1.0,maf05_ldak,24,0.633393,0.063413
sumher,70,20000,0.5,1.0,maf05_ldak,24,0.510658,0.062856
sumher,71,20000,0.5,1.0,maf05_ldak,24,0.476586,0.062775
sumher,72,20000,0.5,1.0,maf05_ldak,24,0.431189,0.062532
sumher,73,20000,0.5,1.0,maf05_ldak,24,0.536435,0.062969
sumher,74,20000,0.5,1.0,maf05_ldak,24,0.543941,0.06299
sumher,75,20000,0.5,1.0,maf05_ldak,24,0.481963,0.062765
sumher,76,20000,0.5,1.0,maf05_ldak,24,0.600607,0.063235
sumher,77,20000,0.5,1.0,maf05_ldak,24,0.489891,0.062807
sumher,78,20000,0.5,1.0,maf05_ldak,24,0.565639,0.063116
sumher,79,20000,0.5,1.0,maf05_ldak,24,0.477841,0.062735
sumher,8,20000,0.5,1.0,maf05_ldak,24,0.482208,0.062755
sumher,80,20000,0.5,1.0,maf05_ldak,24,0.493676,0.062844
sumher,81,20000,0.5,1.0,maf05_ldak,24,0.499501,0.062856
sumher,82,20000,0.5,1.0,maf05_ldak,24,0.579471,0.063129
sumher,83,20000,0.5,1.0,maf05_ldak,24,0.556566,0.063047
sumher,84,20000,0.5,1.0,maf05_ldak,24,0.47959,0.0628
sumher,85,20000,0.5,1.0,maf05_ldak,24,0.620966,0.063288
sumher,86,20000,0.5,1.0,maf05_ldak,24,0.586673,0.063176
sumher,87,20000,0.5,1.0,maf05_ldak,24,0.481653,0.062768
sumher,88,20000,0.5,1.0,maf05_ldak,24,0.532681,0.062948
sumher,89,20000,0.5,1.0,maf05_ldak,24,0.447299,0.062637
sumher,9,20000,0.5,1.0,maf05_ldak,24,0.480109,0.062674
sumher,90,20000,0.5,1.0,maf05_ldak,24,0.555296,0.062986
sumher,91,20000,0.5,1.0,maf05_ldak,24,0.5134,0.062878
sumher,92,20000,0.5,1.0,maf05_ldak,24,0.506298,0.062859
sumher,93,20000,0.5,1.0,maf05_ldak,24,0.426951,0.062537
sumher,94,20000,0.5,1.0,maf05_ldak,24,0.609426,0.063218
sumher,95,20000,0.5,1.0,maf05_ldak,24,0.412125,0.062554
sumher,96,20000,0.5,1.0,maf05_ldak,24,0.45963,0.062721
sumher,97,20000,0.5,1.0,maf05_ldak,24,0.453846,0.062578
sumher,98,20000,0.5,1.0,maf05_ldak,24,0.554676,0.063048
sumher,99,20000,0.5,1.0,maf05_ldak,24,0.640146,0.063336
sumher_ldak,0,20000,0.5,1.0,maf01,24,0.387524,0.062396
sumher_ldak,1,20000,0.5,1.0,maf01,24,0.497406,0.062702
sumher_ldak,10,20000,0.5,1.0,maf01,24,0.554649,0.06297
sumher_ldak,11,20000,0.5,1.0,maf01,24,0.463117,0.062624
sumher_ldak,12,20000,0.5,1.0,maf01,24,0.483837,0.062666
sumher_ldak,13,20000,0.5,1.0,maf01,24,0.54429,0.062896
sumher_ldak,14,20000,0.5,1.0,maf01,24,0.549525,0.063027
sumher_ldak,15,20000,0.5,1.0,maf01,24,0.315063,0.062059
sumher_ldak,16,20000,0.5,1.0,maf01,24,0.451755,0.06258
sumher_ldak,17,20000,0.5,1.0,maf01,24,0.553948,0.062919
sumher_ldak,18,20000,0.5,1.0,maf01,24,0.55321,0.062988
sumher_ldak,19,20000,0.5,1.0,maf01,24,0.553035,0.062906
sumher_ldak,2,20000,0.5,1.0,maf01,24,0.546393,0.062949
sumher_ldak,20,20000,0.5,1.0,maf01,24,0.60667,0.063086
sumher_ldak,21,20000,0.5,1.0,maf01,24,0.50944,0.062823
sumher_ldak,22,20000,0.5,1.0,maf01,24,0.494057,0.062698
sumher_ldak,23,20000,0.5,1.0,maf01,24,0.518921,0.062757
sumher_ldak,24,20000,0.5,1.0,maf01,24,0.464003,0.062609
sumher_ldak,25,20000,0.5,1.0,maf01,24,0.437889,0.062467
sumher_ldak,26,20000,0.5,1.0,maf01,24,0.462865,0.06268
sumher_ldak,27,20000,0.5,1.0,maf01,24,0.406686,0.062501
sumher_ldak,28,20000,0.5,1.0,maf01,24,0.558978,0.062915
sumher_ldak,29,20000,0.5,1.0,maf01,24,0.485999,0.062693
sumher_ldak,3,20000,0.5,1.0,maf01,24,0.402334,0.062351
sumher_ldak,30,20000,0.5,1.0,maf01,24,0.462291,0.062611
sumher_ldak,31,20000,0.5,1.0,maf01,24,0.628092,0.063255
sumher_ldak,32,20000,0.5,1.0,maf01,24,0.558959,0.063038
sumher_ldak,33,20000,0.5,1.0,maf01,24,0.558532,0.062952
sumher_ldak,34,20000,0.5,1.0,maf01,24,0.540973,0.062841
sumher_ldak,35,20000,0.5,1.0,maf01,24,0.529572,0.06291
sumher_ldak,36,20000,0.5,1.0,maf01,24,0.465507,0.062608
sumher_ldak,37,20000,0.5,1.0,maf01,24,0.433955,0.062497
sumher_ldak,38,20000,0.5,1.0,maf01,24,0.576337,0.063029
sumher_ldak,39,20000,0.5,1.0,maf01,24,0.557362,0.062902
sumher_ldak,4,20000,0.5,1.0,maf01,24,0.43578,0.062507
sumher_ldak,40,20000,0.5,1.0,maf01,24,0.555577,0.062948
sumher_ldak,41,20000,0.5,1.0,maf01,24,0.460361,0.062613
sumher_ldak,42,20000,0.5,1.0,maf01,24,0.472283,0.06278
sumher_ldak,43,20000,0.5,1.0,maf01,24,0.419181,0.062388
sumher_ldak,44,20000,0.5,1.0,maf01,24,0.548021,0.062885
sumher_ldak,45,20000,0.5,1.0,maf01,24,0.437033,0.062483
sumher_ldak,46,20000,0.5,1.0,maf01,24,0.481368,0.062732
sumher_ldak,47,20000,0.5,1.0,maf01,24,0.478348,0.062747
sumher_ldak,48,20000,0.5,1.0,maf01,24,0.475442,0.062701
sumher_ldak,49,20000,0.5,1.0,maf01,24,0.356018,0.062226
sumher_ldak,5,20000,0.5,1.0,maf01,24,0.450221,0.062524
sumher_ldak,50,20000,0.5,1.0,maf01,24,0.525296,0.06277
sumher_ldak,51,20000,0.5,1.0,maf01,24,0.523423,0.062883
sumher_ldak,52,20000,0.5,1.0,maf01,24,0.395651,0.062432
sumher_ldak,53,20000,0.5,1.0,maf01,24,0.493475,0.062793
sumher_ldak,54,20000,0.5,1.0,maf01,24,0.562295,0.06296
sumher_ldak,55,20000,0.5,1.0,maf01,24,0.523283,0.062809
sumher_ldak,56,20000,0.5,1.0,maf01,24,0.646203,0.063251
sumher_ldak,57,20000,0.5,1.0,maf01,24,0.548499,0.06295
sumher_ldak,58,20000,0.5,1.0,maf01,24,0.505313,0.062839
sumher_ldak,59,20000,0.5,1.0,maf01,24,0.477025,0.062683
sumher_ldak,6,20000,0.5,1.0,maf01,24,0.540479,0.062919
sumher_ldak,60,20000,0.5,1.0,maf01,24,0.64137,0.063304
sumher_ldak,61,20000,0.5,1.0,maf01,24,0.555693,0.062966
sumher_ldak,62,20000,0.5,1.0,maf01,24,0.576502,0.06304
sumher_ldak,63,20000,0.5,1.0,maf01,24,0.605524,0.063162
sumher_ldak,64,20000,0.5,1.0,maf01,24,0.470574,0.062573
sumher_ldak,65,20000,0.5,1.0,maf01,24,0.472493,0.062719
sumher_ldak,66,20000,0.5,1.0,maf01,24,0.49145,0.062718
sumher_ldak,67,20000,0.5,1.0,maf01,24,0.527584,0.062822
sumher_ldak,68,20000,0.5,1.0,maf01,24,0.453116,0.062567
sumher_ldak,69,20000,0.5,1.0,maf01,24,0.494253,0.062739
sumher_ldak,7,20000,0.5,1.0,maf01,24,0.427166,0.06248
sumher_ldak,70,20000,0.5,1.0,maf01,24,0.512196,0.062789
sumher_ldak,71,20000,0.5,1.0,maf01,24,0.608079,0.063135
sumher_ldak,72,20000,0.5,1.0,maf01,24,0.396943,0.06239
sumher_ldak,73,20000,0.5,1.0,maf01,24,0.455195,0.062592
sumher_ldak,74,20000,0.5,1.0,maf01,24,0.584614,0.063112
sumher_ldak,75,20000,0.5,1.0,maf01,24,0.557728,0.062904
sumher_ldak,76,20000,0.5,1.0,maf01,24,0.367347,0.062312
sumher_ldak,77,20000,0.5,1.0,maf01,24,0.531267,0.062886
sumher_ldak,78,20000,0.5,1.0,maf01,24,0.442735,0.062604
sumher_ldak,79,20000,0.5,1.0,maf01,24,0.635061,0.063322
sumher_ldak,8,20000,0.5,1.0,maf01,24,0.52533,0.062793
sumher_ldak,80,20000,0.5,1.0,maf01,24,0.462519,0.062571
sumher_ldak,81,20000,0.5,1.0,maf01,24,0.437351,0.062521
sumher_ldak,82,20000,0.5,1.0,maf01,24,0.45169,0.062561
sumher_ldak,83,20000,0.5,1.0,maf01,24,0.503053,0.062751
sumher_ldak,84,20000,0.5,1.0,maf01,24,0.458957,0.062643
sumher_ldak,85,20000,0.5,1.0,maf01,24,0.50037,0.062734
sumher_ldak,86,20000,0.5,1.0,maf01,24,0.487386,0.062724
sumher_ldak,87,20000,0.5,1.0,maf01,24,0.561354,0.062965
sumher_ldak,88,20000,0.5,1.0,maf01,24,0.590531,0.063109
sumher_ldak,89,20000,0.5,1.0,maf01,24,0.484434,0.062767
sumher_ldak,9,20000,0.5,1.0,maf01,24,0.578941,0.063054
sumher_ldak,90,20000,0.5,1.0,maf01,24,0.596744,0.063082
sumher_ldak,91,20000,0.5,1.0,maf01,24,0.5716,0.063076
sumher_ldak,92,20000,0.5,1.0,maf01,24,0.442612,0.062532
sumher_ldak,93,20000,0.5,1.0,maf01,24,0.564472,0.062945
sumher_ldak,94,20000,0.5,1.0,maf01,24,0.416229,0.06242
sumher_ldak,95,20000,0.5,1.0,maf01,24,0.544582,0.063001
sumher_ldak,96,20000,0.5,1.0,maf01,24,0.555738,0.062935
sumher_ldak,97,20000,0.5,1.0,maf01,24,0.482109,0.062695
sumher_ldak,98,20000,0.5,1.0,maf01,24,0.502788,0.062749
sumher_ldak,99,20000,0.5,1.0,maf01,24,0.524408,0.062869
sumher_ldak,0,20000,0.5,1.0,maf05,24,0.598837,0.062786
sumher_ldak,1,20000,0.5,1.0,maf05,24,0.442807,0.062193
sumher_ldak,10,20000,0.5,1.0,maf05,24,0.542376,0.062628
sumher_ldak,11,20000,0.5,1.0,maf05,24,0.532776,0.062602
sumher_ldak,12,20000,0.5,1.0,maf05,24,0.510106,0.062466
sumher_ldak,13,20000,0.5,1.0,maf05,24,0.618535,0.062228
sumher_ldak,14,20000,0.5,1.0,maf05,24,0.469622,0.062393
sumher_ldak,15,20000,0.5,1.0,maf05,24,0.459982,0.06239
sumher_ldak,16,20000,0.5,1.0,maf05,24,0.620053,0.062895
sumher_ldak,17,20000,0.5,1.0,maf05,24,0.459365,0.062299
sumher_ldak,18,20000,0.5,1.0,maf05,24,0.503143,0.062351
sumher_ldak,19,20000,0.5,1.0,maf05,24,0.452349,0.062347
sumher_ldak,2,20000,0.5,1.0,maf05,24,0.464341,0.062422
sumher_ldak,20,20000,0.5,1.0,maf05,24,0.453179,0.062334
sumher_ldak,21,20000,0.5,1.0,maf05,24,0.494317,0.062416
sumher_ldak,22,20000,0.5,1.0,maf05,24,0.507359,0.062549
sumher_ldak,23,20000,0.5,1.0,maf05,24,0.511296,0.062551
sumher_ldak,24,20000,0.5,1.0,maf05,24,0.515571,0.062502
sumher_ldak,25,20000,0.5,1.0,maf05,24,0.493663,0.062413
sumher_ldak,26,20000,0.5,1.0,maf05,24,0.527445,0.062612
sumher_ldak,27,20000,0.5,1.0,maf05,24,0.604937,0.062806
sumher_ldak,28,20000,0.5,1.0,maf05,24,0.462169,0.062395
sumher_ldak,29,20000,0.5,1.0,maf05,24,0.611261,0.062854
sumher_ldak,3,20000,0.5,1.0,maf05,24,0.565014,0.062712
sumher_ldak,30,20000,0.5,1.0,maf05,24,0.563343,0.062744
sumher_ldak,31,20000,0.5,1.0,maf05,24,0.631529,0.062989
sumher_ldak,32,20000,0.5,1.0,maf05,24,0.505716,0.062419
sumher_ldak,33,20000,0.5,1.0,maf05,24,0.478702,0.062445
sumher_ldak,34,20000,0.5,1.0,maf05,24,0.464255,0.062291
sumher_ldak,35,20000,0.5,1.0,maf05,24,0.513626,0.062553
sumher_ldak,36,20000,0.5,1.0,maf05,24,0.620096,0.062959
sumher_ldak,37,20000,0.5,1.0,maf05,24,0.59768,0.062744
sumher_ldak,38,20000,0.5,1.0,maf05,24,0.552859,0.062427
sumher_ldak,39,20000,0.5,1.0,maf05,24,0.389811,0.062005
sumher_ldak,4,20000,0.5,1.0,maf05,24,0.595983,0.062826
sumher_ldak,40,20000,0.5,1.0,maf05,24,0.530752,0.062632
sumher_ldak,41,20000,0.5,1.0,maf05,24,0.475658,0.062367
sumher_ldak,42,20000,0.5,1.0,maf05,24,0.531824,0.062524
sumher_ldak,43,20000,0.5,1.0,maf05,24,0.434488,0.062269
sumher_ldak,44,20000,0.5,1.0,maf05,24,0.528769,0.062494
sumher_ldak,45,20000,0.5,1.0,maf05,24,0.499899,0.062482
sumher_ldak,46,20000,0.5,1.0,maf05,24,0.540127,0.062672
sumher_ldak,47,20000,0.5,1.0,maf05,24,0.431487,0.062231
sumher_ldak,48,20000,0.5,1.0,maf05,24,0.557801,0.062633
sumher_ldak,49,20000,0.5,1.0,maf05,24,0.491872,0.062473
sumher_ldak,5,20000,0.5,1.0,maf05,24,0.60573,0.061175
sumher_ldak,50,20000,0.5,1.0,maf05,24,0.409933,0.062145
sumher_ldak,51,20000,0.5,1.0,maf05,24,0.515178,0.062602
sumher_ldak,52,20000,0.5,1.0,maf05,24,0.50582,0.062381
sumher_ldak,53,20000,0.5,1.0,maf05,24,0.571174,0.062722
sumher_ldak,54,20000,0.5,1.0,maf05,24,0.50551,0.062465
sumher_ldak,55,20000,0.5,1.0,maf05,24,0.536093,0.062675
sumher_ldak,56,20000,0.5,1.0,maf05,24,0.449691,0.062271
sumher_ldak,57,20000,0.5,1.0,maf05,24,0.501973,0.062446
sumher_ldak,58,20000,0.5,1.0,maf05,24,0.454374,0.062238
sumher_ldak,59,20000,0.5,1.0,maf05,24,0.422322,0.062194
sumher_ldak,6,20000,0.5,1.0,maf05,24,0.568826,0.0627
sumher_ldak,60,20000,0.5,1.0,maf05,24,0.47658,0.062398
sumher_ldak,61,20000,0.5,1.0,maf05,24,0.516943,0.06252
sumher_ldak,62,20000,0.5,1.0,maf05,24,0.515658,0.062515
sumher_ldak,63,20000,0.5,1.0,maf05,24,0.53685,0.062611
sumher_ldak,64,20000,0.5,1.0,maf05,24,0.564823,0.062689
sumher_ldak,65,20000,0.5,1.0,maf05,24,0.614053,0.062919
sumher_ldak,66,20000,0.5,1.0,maf05,24,0.614484,0.062857
sumher_ldak,67,20000,0.5,1.0,maf05,24,0.462128,0.062359
sumher_ldak,68,20000,0.5,1.0,maf05,24,0.473823,0.062414
sumher_ldak,69,20000,0.5,1.0,maf05,24,0.573982,0.062758
sumher_ldak,7,20000,0.5,1.0,maf05,24,0.516804,0.062539
sumher_ldak,70,20000,0.5,1.0,maf05,24,0.498028,0.06249
sumher_ldak,71,20000,0.5,1.0,maf05,24,0.544163,0.062677
sumher_ldak,72,20000,0.5,1.0,maf05,24,0.484418,0.062388
sumher_ldak,73,20000,0.5,1.0,maf05,24,0.499774,0.062421
sumher_ldak,74,20000,0.5,1.0,maf05,24,0.55941,0.062732
sumher_ldak,75,20000,0.5,1.0,maf05,24,0.573186,0.062682
sumher_ldak,76,20000,0.5,1.0,maf05,24,0.635892,0.062971
sumher_ldak,77,20000,0.5,1.0,maf05,24,0.487476,0.06243
sumher_ldak,78,20000,0.5,1.0,maf05,24,0.500317,0.062467
sumher_ldak,79,20000,0.5,1.0,maf05,24,0.531272,0.062565
sumher_ldak,8,20000,0.5,1.0,maf05,24,0.489483,0.062469
sumher_ldak,80,20000,0.5,1.0,maf05,24,0.478707,0.062435
sumher_ldak,81,20000,0.5,1.0,maf05,24,0.515457,0.06255
sumher_ldak,82,20000,0.5,1.0,maf05,24,0.566497,0.062753
sumher_ldak,83,20000,0.5,1.0,maf05,24,0.461223,0.062285
sumher_ldak,84,20000,0.5,1.0,maf05,24,0.45719,0.062367
sumher_ldak,85,20000,0.5,1.0,maf05,24,0.552319,0.062664
sumher_ldak,86,20000,0.5,1.0,maf05,24,0.574737,0.062804
sumher_ldak,87,20000,0.5,1.0,maf05,24,0.506105,0.062432
sumher_ldak,88,20000,0.5,1.0,maf05,24,0.509205,0.062475
sumher_ldak,89,20000,0.5,1.0,maf05,24,0.449734,0.062281
sumher_ldak,9,20000,0.5,1.0,maf05,24,0.554485,0.062655
sumher_ldak,90,20000,0.5,1.0,maf05,24,0.538256,0.062616
sumher_ldak,91,20000,0.5,1.0,maf05,24,0.526651,0.062616
sumher_ldak,92,20000,0.5,1.0,maf05,24,0.473876,0.062397
sumher_ldak,93,20000,0.5,1.0,maf05,24,0.577882,0.062734
sumher_ldak,94,20000,0.5,1.0,maf05,24,0.45351,0.06227
sumher_ldak,95,20000,0.5,1.0,maf05,24,0.506657,0.062593
sumher_ldak,96,20000,0.5,1.0,maf05,24,0.446604,0.062285
sumher_ldak,97,20000,0.5,1.0,maf05,24,0.496341,0.062443
sumher_ldak,98,20000,0.5,1.0,maf05,24,0.507849,0.062538
sumher_ldak,99,20000,0.5,1.0,maf05,24,0.494703,0.062418
sumher_ldak,0,20000,0.5,1.0,maf01_ldak,24,0.466009,0.06267
sumher_ldak,1,20000,0.5,1.0,maf01_ldak,24,0.546822,0.062925
sumher_ldak,10,20000,0.5,1.0,maf01_ldak,24,0.5152,0.06288
sumher_ldak,11,20000,0.5,1.0,maf01_ldak,24,0.562231,0.062978
sumher_ldak,12,20000,0.5,1.0,maf01_ldak,24,0.514569,0.062849
sumher_ldak,13,20000,0.5,1.0,maf01_ldak,24,0.453737,0.062605
sumher_ldak,14,20000,0.5,1.0,maf01_ldak,24,0.418164,0.062502
sumher_ldak,15,20000,0.5,1.0,maf01_ldak,24,0.592483,0.06314
sumher_ldak,16,20000,0.5,1.0,maf01_ldak,24,0.494454,0.062761
sumher_ldak,17,20000,0.5,1.0,maf01_ldak,24,0.476422,0.062728
sumher_ldak,18,20000,0.5,1.0,maf01_ldak,24,0.505362,0.062763
sumher_ldak,19,20000,0.5,1.0,maf01_ldak,24,0.491067,0.062667
sumher_ldak,2,20000,0.5,1.0,maf01_ldak,24,0.584436,0.063099
sumher_ldak,20,20000,0.5,1.0,maf01_ldak,24,0.525101,0.062878
sumher_ldak,21,20000,0.5,1.0,maf01_ldak,24,0.558313,0.063
sumher_ldak,22,20000,0.5,1.0,maf01_ldak,24,0.50599,0.062748
sumher_ldak,23,20000,0.5,1.0,maf01_ldak,24,0.445014,0.062535
sumher_ldak,24,20000,0.5,1.0,maf01_ldak,24,0.424739,0.062547
sumher_ldak,25,20000,0.5,1.0,maf01_ldak,24,0.52842,0.062886
sumher_ldak,26,20000,0.5,1.0,maf01_ldak,24,0.56484,0.063057
sumher_ldak,27,20000,0.5,1.0,maf01_ldak,24,0.556266,0.062939
sumher_ldak,28,20000,0.5,1.0,maf01_ldak,24,0.567632,0.063066
sumher_ldak,29,20000,0.5,1.0,maf01_ldak,24,0.449825,0.062562
sumher_ldak,3,20000,0.5,1.0,maf01_ldak,24,0.557286,0.062951
sumher_ldak,30,20000,0.5,1.0,maf01_ldak,24,0.443884,0.062606
sumher_ldak,31,20000,0.5,1.0,maf01_ldak,24,0.517389,0.062855
sumher_ldak,32,20000,0.5,1.0,maf01_ldak,24,0.55358,0.063026
sumher_ldak,33,20000,0.5,1.0,maf01_ldak,24,0.509768,0.062726
sumher_ldak,34,20000,0.5,1.0,maf01_ldak,24,0.530624,0.062864
sumher_ldak,35,20000,0.5,1.0,maf01_ldak,24,0.490623,0.06261
sumher_ldak,36,20000,0.5,1.0,maf01_ldak,24,0.52002,0.062841
sumher_ldak,37,20000,0.5,1.0,maf01_ldak,24,0.521039,0.062891
sumher_ldak,38,20000,0.5,1.0,maf01_ldak,24,0.445327,0.062548
sumher_ldak,39,20000,0.5,1.0,maf01_ldak,24,0.468572,0.062684
sumher_ldak,4,20000,0.5,1.0,maf01_ldak,24,0.579657,0.06297
sumher_ldak,40,20000,0.5,1.0,maf01_ldak,24,0.465086,0.062661
sumher_ldak,41,20000,0.5,1.0,maf01_ldak,24,0.384937,0.062373
sumher_ldak,42,20000,0.5,1.0,maf01_ldak,24,0.465679,0.06263
sumher_ldak,43,20000,0.5,1.0,maf01_ldak,24,0.536585,0.062909
sumher_ldak,44,20000,0.5,1.0,maf01_ldak,24,0.508428,0.062793
sumher_ldak,45,20000,0.5,1.0,maf01_ldak,24,0.401625,0.062375
sumher_ldak,46,20000,0.5,1.0,maf01_ldak,24,0.501309,0.062783
sumher_ldak,47,20000,0.5,1.0,maf01_ldak,24,0.541414,0.062954
sumher_ldak,48,20000,0.5,1.0,maf01_ldak,24,0.503878,0.062739
sumher_ldak,49,20000,0.5,1.0,maf01_ldak,24,0.442327,0.062543
sumher_ldak,5,20000,0.5,1.0,maf01_ldak,24,0.556936,0.062949
sumher_ldak,50,20000,0.5,1.0,maf01_ldak,24,0.502409,0.062797
sumher_ldak,51,20000,0.5,1.0,maf01_ldak,24,0.595364,0.06317
sumher_ldak,52,20000,0.5,1.0,maf01_ldak,24,0.662419,0.063324
sumher_ldak,53,20000,0.5,1.0,maf01_ldak,24,0.454833,0.062591
sumher_ldak,54,20000,0.5,1.0,maf01_ldak,24,0.494514,0.06269
sumher_ldak,55,20000,0.5,1.0,maf01_ldak,24,0.51977,0.06282
sumher_ldak,56,20000,0.5,1.0,maf01_ldak,24,0.489002,0.06273
sumher_ldak,57,20000,0.5,1.0,maf01_ldak,24,0.487173,0.062681
sumher_ldak,58,20000,0.5,1.0,maf01_ldak,24,0.554982,0.063051
sumher_ldak,59,20000,0.5,1.0,maf01_ldak,24,0.497625,0.062639
sumher_ldak,6,20000,0.5,1.0,maf01_ldak,24,0.688745,0.063554
sumher_ldak,60,20000,0.5,1.0,maf01_ldak,24,0.514039,0.062759
sumher_ldak,61,20000,0.5,1.0,maf01_ldak,24,0.401512,0.062447
sumher_ldak,62,20000,0.5,1.0,maf01_ldak,24,0.484714,0.062688
sumher_ldak,63,20000,0.5,1.0,maf01_ldak,24,0.448193,0.062559
sumher_ldak,64,20000,0.5,1.0,maf01_ldak,24,0.467663,0.062637
sumher_ldak,65,20000,0.5,1.0,maf01_ldak,24,0.453101,0.062583
sumher_ldak,66,20000,0.5,1.0,maf01_ldak,24,0.433521,0.062513
sumher_ldak,67,20000,0.5,1.0,maf01_ldak,24,0.518492,0.062859
sumher_ldak,68,20000,0.5,1.0,maf01_ldak,24,0.425857,0.062488
sumher_ldak,69,20000,0.5,1.0,maf01_ldak,24,0.463213,0.062585
sumher_ldak,7,20000,0.5,1.0,maf01_ldak,24,0.526358,0.062913
sumher_ldak,70,20000,0.5,1.0,maf01_ldak,24,0.480886,0.062692
sumher_ldak,71,20000,0.5,1.0,maf01_ldak,24,0.490466,0.062677
sumher_ldak,72,20000,0.5,1.0,maf01_ldak,24,0.528452,0.062866
sumher_ldak,73,20000,0.5,1.0,maf01_ldak,24,0.482122,0.062663
sumher_ldak,74,20000,0.5,1.0,maf01_ldak,24,0.465153,0.06263
sumher_ldak,75,20000,0.5,1.0,maf01_ldak,24,0.480039,0.062723
sumher_ldak,76,20000,0.5,1.0,maf01_ldak,24,0.569118,0.063001
sumher_ldak,77,20000,0.5,1.0,maf01_ldak,24,0.503214,0.062769
sumher_ldak,78,20000,0.5,1.0,maf01_ldak,24,0.612212,0.063148
sumher_ldak,79,20000,0.5,1.0,maf01_ldak,24,0.498826,0.062812
sumher_ldak,8,20000,0.5,1.0,maf01_ldak,24,0.400597,0.06236
sumher_ldak,80,20000,0.5,1.0,maf01_ldak,24,0.594978,0.06309
sumher_ldak,81,20000,0.5,1.0,maf01_ldak,24,0.571581,0.062983
sumher_ldak,82,20000,0.5,1.0,maf01_ldak,24,0.465431,0.062651
sumher_ldak,83,20000,0.5,1.0,maf01_ldak,24,0.549166,0.062952
sumher_ldak,84,20000,0.5,1.0,maf01_ldak,24,0.541216,0.062921
sumher_ldak,85,20000,0.5,1.0,maf01_ldak,24,0.546827,0.062909
sumher_ldak,86,20000,0.5,1.0,maf01_ldak,24,0.599834,0.063154
sumher_ldak,87,20000,0.5,1.0,maf01_ldak,24,0.465931,0.06262
sumher_ldak,88,20000,0.5,1.0,maf01_ldak,24,0.553933,0.063044
sumher_ldak,89,20000,0.5,1.0,maf01_ldak,24,0.424094,0.062518
sumher_ldak,9,20000,0.5,1.0,maf01_ldak,24,0.503422,0.062772
sumher_ldak,90,20000,0.5,1.0,maf01_ldak,24,0.541366,0.062987
sumher_ldak,91,20000,0.5,1.0,maf01_ldak,24,0.558462,0.063034
sumher_ldak,92,20000,0.5,1.0,maf01_ldak,24,0.402071,0.062447
sumher_ldak,93,20000,0.5,1.0,maf01_ldak,24,0.509383,0.062743
sumher_ldak,94,20000,0.5,1.0,maf01_ldak,24,0.496862,0.06277
sumher_ldak,95,20000,0.5,1.0,maf01_ldak,24,0.427868,0.062475
sumher_ldak,96,20000,0.5,1.0,maf01_ldak,24,0.462397,0.062712
sumher_ldak,97,20000,0.5,1.0,maf01_ldak,24,0.538973,0.06293
sumher_ldak,98,20000,0.5,1.0,maf01_ldak,24,0.563474,0.06298
sumher_ldak,99,20000,0.5,1.0,maf01_ldak,24,0.54102,0.062963
sumher_ldak,0,20000,0.5,1.0,maf05_ldak,24,0.394753,0.06198
sumher_ldak,1,20000,0.5,1.0,maf05_ldak,24,0.479823,0.062443
sumher_ldak,10,20000,0.5,1.0,maf05_ldak,24,0.438456,0.062261
sumher_ldak,11,20000,0.5,1.0,maf05_ldak,24,0.487362,0.06248
sumher_ldak,12,20000,0.5,1.0,maf05_ldak,24,0.499448,0.062486
sumher_ldak,13,20000,0.5,1.0,maf05_ldak,24,0.441438,0.062206
sumher_ldak,14,20000,0.5,1.0,maf05_ldak,24,0.461202,0.062207
sumher_ldak,15,20000,0.5,1.0,maf05_ldak,24,0.654703,0.063029
sumher_ldak,16,20000,0.5,1.0,maf05_ldak,24,0.636372,0.063012
sumher_ldak,17,20000,0.5,1.0,maf05_ldak,24,0.591646,0.062816
sumher_ldak,18,20000,0.5,1.0,maf05_ldak,24,0.447384,0.062266
sumher_ldak,19,20000,0.5,1.0,maf05_ldak,24,0.527599,0.06263
sumher_ldak,2,20000,0.5,1.0,maf05_ldak,24,0.485442,0.062517
sumher_ldak,20,20000,0.5,1.0,maf05_ldak,24,0.512089,0.06255
sumher_ldak,21,20000,0.5,1.0,maf05_ldak,24,0.377516,0.06213
sumher_ldak,22,20000,0.5,1.0,maf05_ldak,24,0.591091,0.062765
sumher_ldak,23,20000,0.5,1.0,maf05_ldak,24,0.582743,0.062793
sumher_ldak,24,20000,0.5,1.0,maf05_ldak,24,0.421501,0.062263
sumher_ldak,25,20000,0.5,1.0,maf05_ldak,24,0.634682,0.062869
sumher_ldak,26,20000,0.5,1.0,maf05_ldak,24,0.591848,0.062779
sumher_ldak,27,20000,0.5,1.0,maf05_ldak,24,0.386443,0.062059
sumher_ldak,28,20000,0.5,1.0,maf05_ldak,24,0.526082,0.062518
sumher_ldak,29,20000,0.5,1.0,maf05_ldak,24,0.577722,0.062759
sumher_ldak,3,20000,0.5,1.0,maf05_ldak,24,0.571165,0.06272
sumher_ldak,30,20000,0.5,1.0,maf05_ldak,24,0.507732,0.062472
sumher_ldak,31,20000,0.5,1.0,maf05_ldak,24,0.604378,0.062918
sumher_ldak,32,20000,0.5,1.0,maf05_ldak,24,0.509986,0.062516
sumher_ldak,33,20000,0.5,1.0,maf05_ldak,24,0.509422,0.062496
sumher_ldak,34,20000,0.5,1.0,maf05_ldak,24,0.581168,0.062841
sumher_ldak,35,20000,0.5,1.0,maf05_ldak,24,0.59363,0.062725
sumher_ldak,36,20000,0.5,1.0,maf05_ldak,24,0.495855,0.062573
sumher_ldak,37,20000,0.5,1.0,maf05_ldak,24,0.567336,0.062673
sumher_ldak,38,20000,0.5,1.0,maf05_ldak,24,0.447761,0.062301
sumher_ldak,39,20000,0.5,1.0,maf05_ldak,24,0.560946,0.062738
sumher_ldak,4,20000,0.5,1.0,maf05_ldak,24,0.425339,0.062143
sumher_ldak,40,20000,0.5,1.0,maf05_ldak,24,0.550103,0.062663
sumher_ldak,41,20000,0.5,1.0,maf05_ldak,24,0.433852,0.062291
sumher_ldak,42,20000,0.5,1.0,maf05_ldak,24,0.615227,0.062936
sumher_ldak,43,20000,0.5,1.0,maf05_ldak,24,0.639258,0.062997
sumher_ldak,44,20000,0.5,1.0,maf05_ldak,24,0.529246,0.062587
sumher_ldak,45,20000,0.5,1.0,maf05_ldak,24,0.448536,0.062302
sumher_ldak,46,20000,0.5,1.0,maf05_ldak,24,0.414918,0.062185
sumher_ldak,47,20000,0.5,1.0,maf05_ldak,24,0.479551,0.062403
sumher_ldak,48,20000,0.5,1.0,maf05_ldak,24,0.519989,0.062573
sumher_ldak,49,20000,0.5,1.0,maf05_ldak,24,0.637887,0.062986
sumher_ldak,5,20000,0.5,1.0,maf05_ldak,24,0.466797,0.062329
sumher_ldak,50,20000,0.5,1.0,maf05_ldak,24,0.477844,0.062426
sumher_ldak,51,20000,0.5,1.0,maf05_ldak,24,0.556755,0.062654
sumher_ldak,52,20000,0.5,1.0,maf05_ldak,24,0.44657,0.062324
sumher_ldak,53,20000,0.5,1.0,maf05_ldak,24,0.471924,0.062294
sumher_ldak,54,20000,0.5,1.0,maf05_ldak,24,0.39867,0.062019
sumher_ldak,55,20000,0.5,1.0,maf05_ldak,24,0.526811,0.062562
sumher_ldak,56,20000,0.5,1.0,maf05_ldak,24,0.535597,0.062576
sumher_ldak,57,20000,0.5,1.0,maf05_ldak,24,0.550853,0.062672
sumher_ldak,58,20000,0.5,1.0,maf05_ldak,24,0.621871,0.062974
sumher_ldak,59,20000,0.5,1.0,maf05_ldak,24,0.487413,0.062343
sumher_ldak,6,20000,0.5,1.0,maf05_ldak,24,0.496854,0.062506
sumher_ldak,60,20000,0.5,1.0,maf05_ldak,24,0.546117,0.062535
sumher_ldak,61,20000,0.5,1.0,maf05_ldak,24,0.504365,0.062486
sumher_ldak,62,20000,0.5,1.0,maf05_ldak,24,0.532004,0.062586
sumher_ldak,63,20000,0.5,1.0,maf05_ldak,24,0.523459,0.06249
sumher_ldak,64,20000,0.5,1.0,maf05_ldak,24,0.525018,0.062579
sumher_ldak,65,20000,0.5,1.0,maf05_ldak,24,0.505136,0.062504
sumher_ldak,66,20000,0.5,1.0,maf05_ldak,24,0.459858,0.06235
sumher_ldak,67,20000,0.5,1.0,maf05_ldak,24,0.545921,0.062551
sumher_ldak,68,20000,0.5,1.0,maf05_ldak,24,0.675356,0.063072
sumher_ldak,69,20000,0.5,1.0,maf05_ldak,24,0.466958,0.062281
sumher_ldak,7,20000,0.5,1.0,maf05_ldak,24,0.62938,0.06306
sumher_ldak,70,20000,0.5,1.0,maf05_ldak,24,0.505773,0.062481
sumher_ldak,71,20000,0.5,1.0,maf05_ldak,24,0.477674,0.062411
sumher_ldak,72,20000,0.5,1.0,maf05_ldak,24,0.432421,0.062162
sumher_ldak,73,20000,0.5,1.0,maf05_ldak,24,0.531175,0.062612
sumher_ldak,74,20000,0.5,1.0,maf05_ldak,24,0.541017,0.062621
sumher_ldak,75,20000,0.5,1.0,maf05_ldak,24,0.480946,0.062397
sumher_ldak,76,20000,0.5,1.0,maf05_ldak,24,0.598671,0.062854
sumher_ldak,77,20000,0.5,1.0,maf05_ldak,24,0.489933,0.062415
sumher_ldak,78,20000,0.5,1.0,maf05_ldak,24,0.568879,0.062735
sumher_ldak,79,20000,0.5,1.0,maf05_ldak,24,0.47396,0.062351
sumher_ldak,8,20000,0.5,1.0,maf05_ldak,24,0.480911,0.062384
sumher_ldak,80,20000,0.5,1.0,maf05_ldak,24,0.482704,0.062461
sumher_ldak,81,20000,0.5,1.0,maf05_ldak,24,0.493108,0.062494
sumher_ldak,82,20000,0.5,1.0,maf05_ldak,24,0.571417,0.062763
sumher_ldak,83,20000,0.5,1.0,maf05_ldak,24,0.548175,0.062661
sumher_ldak,84,20000,0.5,1.0,maf05_ldak,24,0.478904,0.062416
sumher_ldak,85,20000,0.5,1.0,maf05_ldak,24,0.613836,0.062914
sumher_ldak,86,20000,0.5,1.0,maf05_ldak,24,0.583852,0.062788
sumher_ldak,87,20000,0.5,1.0,maf05_ldak,24,0.478604,0.062372
sumher_ldak,88,20000,0.5,1.0,maf05_ldak,24,0.535856,0.062586
sumher_ldak,89,20000,0.5,1.0,maf05_ldak,24,0.441376,0.062238
sumher_ldak,9,20000,0.5,1.0,maf05_ldak,24,0.481707,0.062301
sumher_ldak,90,20000,0.5,1.0,maf05_ldak,24,0.557524,0.062613
sumher_ldak,91,20000,0.5,1.0,maf05_ldak,24,0.50409,0.062492
sumher_ldak,92,20000,0.5,1.0,maf05_ldak,24,0.502775,0.062485
sumher_ldak,93,20000,0.5,1.0,maf05_ldak,24,0.430546,0.062159
sumher_ldak,94,20000,0.5,1.0,maf05_ldak,24,0.60425,0.06285
sumher_ldak,95,20000,0.5,1.0,maf05_ldak,24,0.411843,0.062167
sumher_ldak,96,20000,0.5,1.0,maf05_ldak,24,0.457485,0.062354
sumher_ldak,97,20000,0.5,1.0,maf05_ldak,24,0.452035,0.0622
sumher_ldak,98,20000,0.5,1.0,maf05_ldak,24,0.544799,0.062678
sumher_ldak,99,20000,0.5,1.0,maf05_ldak,24,0.6361,0.062977
covsumrhe,0,-1,0.5,0.01,maf01,24,0.51788,0.07845
covsumrhe,1,-1,0.5,0.01,maf01,24,0.58814,0.08559
covsumrhe,10,-1,0.5,0.01,maf01,24,0.55343,0.08983
covsumrhe,11,-1,0.5,0.01,maf01,24,0.44291,0.08611
covsumrhe,12,-1,0.5,0.01,maf01,24,0.50606,0.07909
covsumrhe,13,-1,0.5,0.01,maf01,24,0.50617,0.07751
covsumrhe,14,-1,0.5,0.01,maf01,24,0.4112,0.08535
covsumrhe,15,-1,0.5,0.01,maf01,24,0.55791,0.08487
covsumrhe,16,-1,0.5,0.01,maf01,24,0.5263,0.08304
covsumrhe,17,-1,0.5,0.01,maf01,24,0.54752,0.08776
covsumrhe,18,-1,0.5,0.01,maf01,24,0.51208,0.08388
covsumrhe,19,-1,0.5,0.01,maf01,24,0.46899,0.0767
covsumrhe,2,-1,0.5,0.01,maf01,24,0.49897,0.07509
covsumrhe,20,-1,0.5,0.01,maf01,24,0.49829,0.08994
covsumrhe,21,-1,0.5,0.01,maf01,24,0.45568,0.07062
covsumrhe,22,-1,0.5,0.01,maf01,24,0.48198,0.07604
covsumrhe,23,-1,0.5,0.01,maf01,24,0.44656,0.08162
covsumrhe,24,-1,0.5,0.01,maf01,24,0.51549,0.07725
covsumrhe,25,-1,0.5,0.01,maf01,24,0.48128,0.08704
covsumrhe,26,-1,0.5,0.01,maf01,24,0.58247,0.08536
covsumrhe,27,-1,0.5,0.01,maf01,24,0.53745,0.08561
covsumrhe,28,-1,0.5,0.01,maf01,24,0.51303,0.08329
covsumrhe,29,-1,0.5,0.01,maf01,24,0.50926,0.07707
covsumrhe,3,-1,0.5,0.01,maf01,24,0.48002,0.08078
covsumrhe,30,-1,0.5,0.01,maf01,24,0.54559,0.08744
covsumrhe,31,-1,0.5,0.01,maf01,24,0.36575,0.06616
covsumrhe,32,-1,0.5,0.01,maf01,24,0.53582,0.07966
covsumrhe,33,-1,0.5,0.01,maf01,24,0.48452,0.07998
covsumrhe,34,-1,0.5,0.01,maf01,24,0.49298,0.08012
covsumrhe,35,-1,0.5,0.01,maf01,24,0.51837,0.08392
covsumrhe,36,-1,0.5,0.01,maf01,24,0.46275,0.07297
covsumrhe,37,-1,0.5,0.01,maf01,24,0.57387,0.09415
covsumrhe,38,-1,0.5,0.01,maf01,24,0.61883,0.08836
covsumrhe,39,-1,0.5,0.01,maf01,24,0.58978,0.08386
covsumrhe,4,-1,0.5,0.01,maf01,24,0.53266,0.08421
covsumrhe,40,-1,0.5,0.01,maf01,24,0.50912,0.07928
covsumrhe,41,-1,0.5,0.01,maf01,24,0.53511,0.0848
covsumrhe,42,-1,0.5,0.01,maf01,24,0.48103,0.08553
covsumrhe,43,-1,0.5,0.01,maf01,24,0.49611,0.0774
covsumrhe,44,-1,0.5,0.01,maf01,24,0.5201,0.07647
covsumrhe,45,-1,0.5,0.01,maf01,24,0.47946,0.08126
covsumrhe,46,-1,0.5,0.01,maf01,24,0.44536,0.08027
covsumrhe,47,-1,0.5,0.01,maf01,24,0.43935,0.07706
covsumrhe,48,-1,0.5,0.01,maf01,24,0.43699,0.073
covsumrhe,49,-1,0.5,0.01,maf01,24,0.49534,0.08242
covsumrhe,5,-1,0.5,0.01,maf01,24,0.54736,0.08267
covsumrhe,50,-1,0.5,0.01,maf01,24,0.46755,0.07619
covsumrhe,51,-1,0.5,0.01,maf01,24,0.48893,0.07825
covsumrhe,52,-1,0.5,0.01,maf01,24,0.50938,0.07884
covsumrhe,53,-1,0.5,0.01,maf01,24,0.41186,0.07092
covsumrhe,54,-1,0.5,0.01,maf01,24,0.52207,0.08054
covsumrhe,55,-1,0.5,0.01,maf01,24,0.55854,0.08349
covsumrhe,56,-1,0.5,0.01,maf01,24,0.42276,0.0745
covsumrhe,57,-1,0.5,0.01,maf01,24,0.49996,0.07837
covsumrhe,58,-1,0.5,0.01,maf01,24,0.49541,0.07916
covsumrhe,59,-1,0.5,0.01,maf01,24,0.51417,0.0834
covsumrhe,6,-1,0.5,0.01,maf01,24,0.47641,0.07789
covsumrhe,60,-1,0.5,0.01,maf01,24,0.44856,0.07615
covsumrhe,61,-1,0.5,0.01,maf01,24,0.38741,0.07363
covsumrhe,62,-1,0.5,0.01,maf01,24,0.48595,0.07668
covsumrhe,63,-1,0.5,0.01,maf01,24,0.48782,0.08314
covsumrhe,64,-1,0.5,0.01,maf01,24,0.54768,0.08221
covsumrhe,65,-1,0.5,0.01,maf01,24,0.49983,0.08671
covsumrhe,66,-1,0.5,0.01,maf01,24,0.51307,0.08607
covsumrhe,67,-1,0.5,0.01,maf01,24,0.44623,0.08374
covsumrhe,68,-1,0.5,0.01,maf01,24,0.53036,0.07873
covsumrhe,69,-1,0.5,0.01,maf01,24,0.46208,0.07742
covsumrhe,7,-1,0.5,0.01,maf01,24,0.41561,0.0741
covsumrhe,70,-1,0.5,0.01,maf01,24,0.48979,0.07486
covsumrhe,71,-1,0.5,0.01,maf01,24,0.47546,0.0833
covsumrhe,72,-1,0.5,0.01,maf01,24,0.50413,0.07781
covsumrhe,73,-1,0.5,0.01,maf01,24,0.58565,0.0867
covsumrhe,74,-1,0.5,0.01,maf01,24,0.61912,0.08608
covsumrhe,75,-1,0.5,0.01,maf01,24,0.46832,0.07514
covsumrhe,76,-1,0.5,0.01,maf01,24,0.42419,0.06957
covsumrhe,77,-1,0.5,0.01,maf01,24,0.496,0.0827
covsumrhe,78,-1,0.5,0.01,maf01,24,0.36224,0.07736
covsumrhe,79,-1,0.5,0.01,maf01,24,0.44096,0.07407
covsumrhe,8,-1,0.5,0.01,maf01,24,0.50774,0.07531
covsumrhe,80,-1,0.5,0.01,maf01,24,0.51438,0.08183
covsumrhe,81,-1,0.5,0.01,maf01,24,0.56174,0.08102
covsumrhe,82,-1,0.5,0.01,maf01,24,0.5073,0.08702
covsumrhe,83,-1,0.5,0.01,maf01,24,0.43176,0.07323
covsumrhe,84,-1,0.5,0.01,maf01,24,0.42633,0.0803
covsumrhe,85,-1,0.5,0.01,maf01,24,0.43669,0.07684
covsumrhe,86,-1,0.5,0.01,maf01,24,0.52601,0.07732
covsumrhe,87,-1,0.5,0.01,maf01,24,0.56611,0.09112
covsumrhe,88,-1,0.5,0.01,maf01,24,0.4551,0.07979
covsumrhe,89,-1,0.5,0.01,maf01,24,0.51205,0.08257
covsumrhe,9,-1,0.5,0.01,maf01,24,0.52504,0.08417
covsumrhe,90,-1,0.5,0.01,maf01,24,0.45859,0.0788
covsumrhe,91,-1,0.5,0.01,maf01,24,0.58256,0.0901
covsumrhe,92,-1,0.5,0.01,maf01,24,0.57118,0.08284
covsumrhe,93,-1,0.5,0.01,maf01,24,0.53368,0.08354
covsumrhe,94,-1,0.5,0.01,maf01,24,0.50831,0.07654
covsumrhe,95,-1,0.5,0.01,maf01,24,0.48569,0.07848
covsumrhe,96,-1,0.5,0.01,maf01,24,0.47585,0.07403
covsumrhe,97,-1,0.5,0.01,maf01,24,0.36484,0.08339
covsumrhe,98,-1,0.5,0.01,maf01,24,0.54448,0.08769
covsumrhe,99,-1,0.5,0.01,maf01,24,0.43757,0.08018
covsumrhe,0,-1,0.5,0.01,maf05,24,0.49399,0.08674
covsumrhe,1,-1,0.5,0.01,maf05,24,0.52315,0.08025
covsumrhe,10,-1,0.5,0.01,maf05,24,0.52143,0.08439
covsumrhe,11,-1,0.5,0.01,maf05,24,0.5437,0.08073
covsumrhe,12,-1,0.5,0.01,maf05,24,0.56282,0.09185
covsumrhe,13,-1,0.5,0.01,maf05,24,0.55392,0.08687
covsumrhe,14,-1,0.5,0.01,maf05,24,0.55049,0.08763
covsumrhe,15,-1,0.5,0.01,maf05,24,0.42999,0.08409
covsumrhe,16,-1,0.5,0.01,maf05,24,0.48264,0.08131
covsumrhe,17,-1,0.5,0.01,maf05,24,0.50265,0.0812
covsumrhe,18,-1,0.5,0.01,maf05,24,0.53547,0.07967
covsumrhe,19,-1,0.5,0.01,maf05,24,0.51905,0.07799
covsumrhe,2,-1,0.5,0.01,maf05,24,0.45067,0.07471
covsumrhe,20,-1,0.5,0.01,maf05,24,0.56396,0.08665
covsumrhe,21,-1,0.5,0.01,maf05,24,0.52714,0.083
covsumrhe,22,-1,0.5,0.01,maf05,24,0.64176,0.09377
covsumrhe,23,-1,0.5,0.01,maf05,24,0.63584,0.08619
covsumrhe,24,-1,0.5,0.01,maf05,24,0.54632,0.08626
covsumrhe,25,-1,0.5,0.01,maf05,24,0.5163,0.0858
covsumrhe,26,-1,0.5,0.01,maf05,24,0.51831,0.08322
covsumrhe,27,-1,0.5,0.01,maf05,24,0.38932,0.07249
covsumrhe,28,-1,0.5,0.01,maf05,24,0.59444,0.08792
covsumrhe,29,-1,0.5,0.01,maf05,24,0.47067,0.07442
covsumrhe,3,-1,0.5,0.01,maf05,24,0.45013,0.07613
covsumrhe,30,-1,0.5,0.01,maf05,24,0.48692,0.08604
covsumrhe,31,-1,0.5,0.01,maf05,24,0.38318,0.07165
covsumrhe,32,-1,0.5,0.01,maf05,24,0.48425,0.08332
covsumrhe,33,-1,0.5,0.01,maf05,24,0.57103,0.07873
covsumrhe,34,-1,0.5,0.01,maf05,24,0.57301,0.08256
covsumrhe,35,-1,0.5,0.01,maf05,24,0.49812,0.07712
covsumrhe,36,-1,0.5,0.01,maf05,24,0.421,0.07444
covsumrhe,37,-1,0.5,0.01,maf05,24,0.51444,0.08717
covsumrhe,38,-1,0.5,0.01,maf05,24,0.46143,0.07969
covsumrhe,39,-1,0.5,0.01,maf05,24,0.53599,0.08022
covsumrhe,4,-1,0.5,0.01,maf05,24,0.5771,0.0863
covsumrhe,40,-1,0.5,0.01,maf05,24,0.57756,0.08658
covsumrhe,41,-1,0.5,0.01,maf05,24,0.48665,0.07372
covsumrhe,42,-1,0.5,0.01,maf05,24,0.56305,0.08134
covsumrhe,43,-1,0.5,0.01,maf05,24,0.54614,0.08952
covsumrhe,44,-1,0.5,0.01,maf05,24,0.6131,0.10627
covsumrhe,45,-1,0.5,0.01,maf05,24,0.52609,0.08564
covsumrhe,46,-1,0.5,0.01,maf05,24,0.61585,0.0923
covsumrhe,47,-1,0.5,0.01,maf05,24,0.5633,0.08397
covsumrhe,48,-1,0.5,0.01,maf05,24,0.44894,0.07358
covsumrhe,49,-1,0.5,0.01,maf05,24,0.49425,0.07605
covsumrhe,5,-1,0.5,0.01,maf05,24,0.49938,0.08197
covsumrhe,50,-1,0.5,0.01,maf05,24,0.547,0.08549
covsumrhe,51,-1,0.5,0.01,maf05,24,0.48251,0.07643
covsumrhe,52,-1,0.5,0.01,maf05,24,0.47597,0.08022
covsumrhe,53,-1,0.5,0.01,maf05,24,0.61447,0.09109
covsumrhe,54,-1,0.5,0.01,maf05,24,0.59246,0.08719
covsumrhe,55,-1,0.5,0.01,maf05,24,0.52086,0.08658
covsumrhe,56,-1,0.5,0.01,maf05,24,0.47542,0.0843
covsumrhe,57,-1,0.5,0.01,maf05,24,0.5971,0.08406
covsumrhe,58,-1,0.5,0.01,maf05,24,0.52254,0.08847
covsumrhe,59,-1,0.5,0.01,maf05,24,0.55288,0.09231
covsumrhe,6,-1,0.5,0.01,maf05,24,0.45339,0.07975
covsumrhe,60,-1,0.5,0.01,maf05,24,0.5773,0.08436
covsumrhe,61,-1,0.5,0.01,maf05,24,0.56221,0.08706
covsumrhe,62,-1,0.5,0.01,maf05,24,0.4889,0.08295
covsumrhe,63,-1,0.5,0.01,maf05,24,0.37087,0.07038
covsumrhe,64,-1,0.5,0.01,maf05,24,0.45984,0.072
covsumrhe,65,-1,0.5,0.01,maf05,24,0.54243,0.08531
covsumrhe,66,-1,0.5,0.01,maf05,24,0.44144,0.08226
covsumrhe,67,-1,0.5,0.01,maf05,24,0.52659,0.08291
covsumrhe,68,-1,0.5,0.01,maf05,24,0.51458,0.08654
covsumrhe,69,-1,0.5,0.01,maf05,24,0.54024,0.08124
covsumrhe,7,-1,0.5,0.01,maf05,24,0.51076,0.07702
covsumrhe,70,-1,0.5,0.01,maf05,24,0.61646,0.09025
covsumrhe,71,-1,0.5,0.01,maf05,24,0.57316,0.0885
covsumrhe,72,-1,0.5,0.01,maf05,24,0.46583,0.08244
covsumrhe,73,-1,0.5,0.01,maf05,24,0.54522,0.08929
covsumrhe,74,-1,0.5,0.01,maf05,24,0.49285,0.07539
covsumrhe,75,-1,0.5,0.01,maf05,24,0.48388,0.08914
covsumrhe,76,-1,0.5,0.01,maf05,24,0.53571,0.08006
covsumrhe,77,-1,0.5,0.01,maf05,24,0.56622,0.08083
covsumrhe,78,-1,0.5,0.01,maf05,24,0.46368,0.07983
covsumrhe,79,-1,0.5,0.01,maf05,24,0.45778,0.07428
covsumrhe,8,-1,0.5,0.01,maf05,24,0.55904,0.08835
covsumrhe,80,-1,0.5,0.01,maf05,24,0.55852,0.08236
covsumrhe,81,-1,0.5,0.01,maf05,24,0.6796,0.0962
covsumrhe,82,-1,0.5,0.01,maf05,24,0.52794,0.08919
covsumrhe,83,-1,0.5,0.01,maf05,24,0.48072,0.08184
covsumrhe,84,-1,0.5,0.01,maf05,24,0.35617,0.06886
covsumrhe,85,-1,0.5,0.01,maf05,24,0.45572,0.07471
covsumrhe,86,-1,0.5,0.01,maf05,24,0.46667,0.08268
covsumrhe,87,-1,0.5,0.01,maf05,24,0.4939,0.07727
covsumrhe,88,-1,0.5,0.01,maf05,24,0.50889,0.08486
covsumrhe,89,-1,0.5,0.01,maf05,24,0.46788,0.07969
covsumrhe,9,-1,0.5,0.01,maf05,24,0.60881,0.08957
covsumrhe,90,-1,0.5,0.01,maf05,24,0.44539,0.07623
covsumrhe,91,-1,0.5,0.01,maf05,24,0.40662,0.07199
covsumrhe,92,-1,0.5,0.01,maf05,24,0.49004,0.08939
covsumrhe,93,-1,0.5,0.01,maf05,24,0.53487,0.08696
covsumrhe,94,-1,0.5,0.01,maf05,24,0.59301,0.08361
covsumrhe,95,-1,0.5,0.01,maf05,24,0.5904,0.08681
covsumrhe,96,-1,0.5,0.01,maf05,24,0.48017,0.08844
covsumrhe,97,-1,0.5,0.01,maf05,24,0.50611,0.07689
covsumrhe,98,-1,0.5,0.01,maf05,24,0.60248,0.08759
covsumrhe,99,-1,0.5,0.01,maf05,24,0.43488,0.07671
covsumrhe,0,-1,0.5,0.01,maf01_ldak,24,0.38546,0.06402
covsumrhe,1,-1,0.5,0.01,maf01_ldak,24,0.50822,0.06678
covsumrhe,10,-1,0.5,0.01,maf01_ldak,24,0.56265,0.06847
covsumrhe,11,-1,0.5,0.01,maf01_ldak,24,0.51235,0.06609
covsumrhe,12,-1,0.5,0.01,maf01_ldak,24,0.48973,0.06613
covsumrhe,13,-1,0.5,0.01,maf01_ldak,24,0.43547,0.05799
covsumrhe,14,-1,0.5,0.01,maf01_ldak,24,0.45817,0.06138
covsumrhe,15,-1,0.5,0.01,maf01_ldak,24,0.44008,0.06057
covsumrhe,16,-1,0.5,0.01,maf01_ldak,24,0.53502,0.06495
covsumrhe,17,-1,0.5,0.01,maf01_ldak,24,0.38537,0.06373
covsumrhe,18,-1,0.5,0.01,maf01_ldak,24,0.48749,0.06093
covsumrhe,19,-1,0.5,0.01,maf01_ldak,24,0.37702,0.06451
covsumrhe,2,-1,0.5,0.01,maf01_ldak,24,0.506,0.06048
covsumrhe,20,-1,0.5,0.01,maf01_ldak,24,0.47371,0.06721
covsumrhe,21,-1,0.5,0.01,maf01_ldak,24,0.40622,0.07017
covsumrhe,22,-1,0.5,0.01,maf01_ldak,24,0.58247,0.06442
covsumrhe,23,-1,0.5,0.01,maf01_ldak,24,0.51055,0.06087
covsumrhe,24,-1,0.5,0.01,maf01_ldak,24,0.49696,0.07017
covsumrhe,25,-1,0.5,0.01,maf01_ldak,24,0.49541,0.06032
covsumrhe,26,-1,0.5,0.01,maf01_ldak,24,0.55509,0.07165
covsumrhe,27,-1,0.5,0.01,maf01_ldak,24,0.42649,0.06478
covsumrhe,28,-1,0.5,0.01,maf01_ldak,24,0.5344,0.06993
covsumrhe,29,-1,0.5,0.01,maf01_ldak,24,0.56035,0.06267
covsumrhe,3,-1,0.5,0.01,maf01_ldak,24,0.45178,0.05441
covsumrhe,30,-1,0.5,0.01,maf01_ldak,24,0.45262,0.06064
covsumrhe,31,-1,0.5,0.01,maf01_ldak,24,0.55508,0.06068
covsumrhe,32,-1,0.5,0.01,maf01_ldak,24,0.57394,0.05732
covsumrhe,33,-1,0.5,0.01,maf01_ldak,24,0.5791,0.06285
covsumrhe,34,-1,0.5,0.01,maf01_ldak,24,0.52639,0.05806
covsumrhe,35,-1,0.5,0.01,maf01_ldak,24,0.43244,0.05791
covsumrhe,36,-1,0.5,0.01,maf01_ldak,24,0.47337,0.06323
covsumrhe,37,-1,0.5,0.01,maf01_ldak,24,0.40681,0.05771
covsumrhe,38,-1,0.5,0.01,maf01_ldak,24,0.43607,0.0724
covsumrhe,39,-1,0.5,0.01,maf01_ldak,24,0.45217,0.07009
covsumrhe,4,-1,0.5,0.01,maf01_ldak,24,0.46181,0.04762
covsumrhe,40,-1,0.5,0.01,maf01_ldak,24,0.48741,0.05382
covsumrhe,41,-1,0.5,0.01,maf01_ldak,24,0.5528,0.06405
covsumrhe,42,-1,0.5,0.01,maf01_ldak,24,0.54698,0.06383
covsumrhe,43,-1,0.5,0.01,maf01_ldak,24,0.47071,0.06391
covsumrhe,44,-1,0.5,0.01,maf01_ldak,24,0.48667,0.05938
covsumrhe,45,-1,0.5,0.01,maf01_ldak,24,0.46634,0.06578
covsumrhe,46,-1,0.5,0.01,maf01_ldak,24,0.46861,0.05597
covsumrhe,47,-1,0.5,0.01,maf01_ldak,24,0.536,0.0736
covsumrhe,48,-1,0.5,0.01,maf01_ldak,24,0.51181,0.05675
covsumrhe,49,-1,0.5,0.01,maf01_ldak,24,0.58348,0.06338
covsumrhe,5,-1,0.5,0.01,maf01_ldak,24,0.5096,0.06567
covsumrhe,50,-1,0.5,0.01,maf01_ldak,24,0.49863,0.06564
covsumrhe,51,-1,0.5,0.01,maf01_ldak,24,0.57346,0.06287
covsumrhe,52,-1,0.5,0.01,maf01_ldak,24,0.45642,0.06169
covsumrhe,53,-1,0.5,0.01,maf01_ldak,24,0.44621,0.06004
covsumrhe,54,-1,0.5,0.01,maf01_ldak,24,0.4639,0.0709
covsumrhe,55,-1,0.5,0.01,maf01_ldak,24,0.40088,0.0632
covsumrhe,56,-1,0.5,0.01,maf01_ldak,24,0.5483,0.06388
covsumrhe,57,-1,0.5,0.01,maf01_ldak,24,0.50652,0.05592
covsumrhe,58,-1,0.5,0.01,maf01_ldak,24,0.50838,0.0597
covsumrhe,59,-1,0.5,0.01,maf01_ldak,24,0.50766,0.05687
covsumrhe,6,-1,0.5,0.01,maf01_ldak,24,0.59294,0.06213
covsumrhe,60,-1,0.5,0.01,maf01_ldak,24,0.4427,0.06273
covsumrhe,61,-1,0.5,0.01,maf01_ldak,24,0.44011,0.06254
covsumrhe,62,-1,0.5,0.01,maf01_ldak,24,0.467,0.05909
covsumrhe,63,-1,0.5,0.01,maf01_ldak,24,0.44642,0.06009
covsumrhe,64,-1,0.5,0.01,maf01_ldak,24,0.54383,0.06056
covsumrhe,65,-1,0.5,0.01,maf01_ldak,24,0.41146,0.06235
covsumrhe,66,-1,0.5,0.01,maf01_ldak,24,0.39825,0.06296
covsumrhe,67,-1,0.5,0.01,maf01_ldak,24,0.51225,0.06532
covsumrhe,68,-1,0.5,0.01,maf01_ldak,24,0.46541,0.06433
covsumrhe,69,-1,0.5,0.01,maf01_ldak,24,0.48032,0.06004
covsumrhe,7,-1,0.5,0.01,maf01_ldak,24,0.42755,0.06472
covsumrhe,70,-1,0.5,0.01,maf01_ldak,24,0.51092,0.05867
covsumrhe,71,-1,0.5,0.01,maf01_ldak,24,0.47933,0.06729
covsumrhe,72,-1,0.5,0.01,maf01_ldak,24,0.39149,0.06282
covsumrhe,73,-1,0.5,0.01,maf01_ldak,24,0.48261,0.05836
covsumrhe,74,-1,0.5,0.01,maf01_ldak,24,0.61798,0.0539
covsumrhe,75,-1,0.5,0.01,maf01_ldak,24,0.54163,0.05808
covsumrhe,76,-1,0.5,0.01,maf01_ldak,24,0.45067,0.06082
covsumrhe,77,-1,0.5,0.01,maf01_ldak,24,0.4881,0.06218
covsumrhe,78,-1,0.5,0.01,maf01_ldak,24,0.4881,0.06989
covsumrhe,79,-1,0.5,0.01,maf01_ldak,24,0.36476,0.06281
covsumrhe,8,-1,0.5,0.01,maf01_ldak,24,0.44009,0.06947
covsumrhe,80,-1,0.5,0.01,maf01_ldak,24,0.50293,0.06333
covsumrhe,81,-1,0.5,0.01,maf01_ldak,24,0.5572,0.05825
covsumrhe,82,-1,0.5,0.01,maf01_ldak,24,0.52692,0.06287
covsumrhe,83,-1,0.5,0.01,maf01_ldak,24,0.47518,0.06427
covsumrhe,84,-1,0.5,0.01,maf01_ldak,24,0.35431,0.06021
covsumrhe,85,-1,0.5,0.01,maf01_ldak,24,0.44389,0.06621
covsumrhe,86,-1,0.5,0.01,maf01_ldak,24,0.58136,0.06266
covsumrhe,87,-1,0.5,0.01,maf01_ldak,24,0.49478,0.05927
covsumrhe,88,-1,0.5,0.01,maf01_ldak,24,0.47045,0.06089
covsumrhe,89,-1,0.5,0.01,maf01_ldak,24,0.49917,0.05412
covsumrhe,9,-1,0.5,0.01,maf01_ldak,24,0.47995,0.06491
covsumrhe,90,-1,0.5,0.01,maf01_ldak,24,0.50512,0.05958
covsumrhe,91,-1,0.5,0.01,maf01_ldak,24,0.50551,0.05269
covsumrhe,92,-1,0.5,0.01,maf01_ldak,24,0.56962,0.06553
covsumrhe,93,-1,0.5,0.01,maf01_ldak,24,0.40755,0.0643
covsumrhe,94,-1,0.5,0.01,maf01_ldak,24,0.44361,0.06585
covsumrhe,95,-1,0.5,0.01,maf01_ldak,24,0.43966,0.06123
covsumrhe,96,-1,0.5,0.01,maf01_ldak,24,0.50623,0.06871
covsumrhe,97,-1,0.5,0.01,maf01_ldak,24,0.55755,0.05563
covsumrhe,98,-1,0.5,0.01,maf01_ldak,24,0.55721,0.05766
covsumrhe,99,-1,0.5,0.01,maf01_ldak,24,0.58613,0.0656
covsumrhe,0,-1,0.5,0.01,maf05_ldak,24,0.54546,0.06379
covsumrhe,1,-1,0.5,0.01,maf05_ldak,24,0.53116,0.06938
covsumrhe,10,-1,0.5,0.01,maf05_ldak,24,0.51452,0.07104
covsumrhe,11,-1,0.5,0.01,maf05_ldak,24,0.44856,0.05713
covsumrhe,12,-1,0.5,0.01,maf05_ldak,24,0.47358,0.06192
covsumrhe,13,-1,0.5,0.01,maf05_ldak,24,0.37282,0.06967
covsumrhe,14,-1,0.5,0.01,maf05_ldak,24,0.51896,0.0649
covsumrhe,15,-1,0.5,0.01,maf05_ldak,24,0.65285,0.06526
covsumrhe,16,-1,0.5,0.01,maf05_ldak,24,0.55133,0.07242
covsumrhe,17,-1,0.5,0.01,maf05_ldak,24,0.52371,0.06113
covsumrhe,18,-1,0.5,0.01,maf05_ldak,24,0.40758,0.05563
covsumrhe,19,-1,0.5,0.01,maf05_ldak,24,0.57312,0.06769
covsumrhe,2,-1,0.5,0.01,maf05_ldak,24,0.64474,0.0657
covsumrhe,20,-1,0.5,0.01,maf05_ldak,24,0.48068,0.06089
covsumrhe,21,-1,0.5,0.01,maf05_ldak,24,0.45583,0.0595
covsumrhe,22,-1,0.5,0.01,maf05_ldak,24,0.56514,0.05884
covsumrhe,23,-1,0.5,0.01,maf05_ldak,24,0.57295,0.06854
covsumrhe,24,-1,0.5,0.01,maf05_ldak,24,0.52533,0.06474
covsumrhe,25,-1,0.5,0.01,maf05_ldak,24,0.43882,0.0617
covsumrhe,26,-1,0.5,0.01,maf05_ldak,24,0.55681,0.06488
covsumrhe,27,-1,0.5,0.01,maf05_ldak,24,0.45535,0.06648
covsumrhe,28,-1,0.5,0.01,maf05_ldak,24,0.56359,0.06468
covsumrhe,29,-1,0.5,0.01,maf05_ldak,24,0.46256,0.06392
covsumrhe,3,-1,0.5,0.01,maf05_ldak,24,0.45441,0.06557
covsumrhe,30,-1,0.5,0.01,maf05_ldak,24,0.39923,0.06063
covsumrhe,31,-1,0.5,0.01,maf05_ldak,24,0.57511,0.06599
covsumrhe,32,-1,0.5,0.01,maf05_ldak,24,0.54784,0.05415
covsumrhe,33,-1,0.5,0.01,maf05_ldak,24,0.50701,0.06552
covsumrhe,34,-1,0.5,0.01,maf05_ldak,24,0.42159,0.06413
covsumrhe,35,-1,0.5,0.01,maf05_ldak,24,0.60544,0.06288
covsumrhe,36,-1,0.5,0.01,maf05_ldak,24,0.49544,0.05965
covsumrhe,37,-1,0.5,0.01,maf05_ldak,24,0.544,0.06839
covsumrhe,38,-1,0.5,0.01,maf05_ldak,24,0.54786,0.06819
covsumrhe,39,-1,0.5,0.01,maf05_ldak,24,0.52443,0.07131
covsumrhe,4,-1,0.5,0.01,maf05_ldak,24,0.44787,0.06272
covsumrhe,40,-1,0.5,0.01,maf05_ldak,24,0.49266,0.0629
covsumrhe,41,-1,0.5,0.01,maf05_ldak,24,0.40297,0.06069
covsumrhe,42,-1,0.5,0.01,maf05_ldak,24,0.53327,0.06052
covsumrhe,43,-1,0.5,0.01,maf05_ldak,24,0.44675,0.06188
covsumrhe,44,-1,0.5,0.01,maf05_ldak,24,0.45988,0.06474
covsumrhe,45,-1,0.5,0.01,maf05_ldak,24,0.42068,0.05833
covsumrhe,46,-1,0.5,0.01,maf05_ldak,24,0.49362,0.05587
covsumrhe,47,-1,0.5,0.01,maf05_ldak,24,0.48376,0.07131
covsumrhe,48,-1,0.5,0.01,maf05_ldak,24,0.40058,0.06849
covsumrhe,49,-1,0.5,0.01,maf05_ldak,24,0.56569,0.06098
covsumrhe,5,-1,0.5,0.01,maf05_ldak,24,0.55226,0.07519
covsumrhe,50,-1,0.5,0.01,maf05_ldak,24,0.57607,0.06852
covsumrhe,51,-1,0.5,0.01,maf05_ldak,24,0.46643,0.06546
covsumrhe,52,-1,0.5,0.01,maf05_ldak,24,0.48683,0.06428
covsumrhe,53,-1,0.5,0.01,maf05_ldak,24,0.55095,0.06779
covsumrhe,54,-1,0.5,0.01,maf05_ldak,24,0.33839,0.06461
covsumrhe,55,-1,0.5,0.01,maf05_ldak,24,0.49772,0.07257
covsumrhe,56,-1,0.5,0.01,maf05_ldak,24,0.57065,0.06424
covsumrhe,57,-1,0.5,0.01,maf05_ldak,24,0.51481,0.06113
covsumrhe,58,-1,0.5,0.01,maf05_ldak,24,0.52476,0.06742
covsumrhe,59,-1,0.5,0.01,maf05_ldak,24,0.53123,0.05607
covsumrhe,6,-1,0.5,0.01,maf05_ldak,24,0.47262,0.05937
covsumrhe,60,-1,0.5,0.01,maf05_ldak,24,0.49812,0.07326
covsumrhe,61,-1,0.5,0.01,maf05_ldak,24,0.41289,0.0661
covsumrhe,62,-1,0.5,0.01,maf05_ldak,24,0.49422,0.06507
covsumrhe,63,-1,0.5,0.01,maf05_ldak,24,0.48525,0.06285
covsumrhe,64,-1,0.5,0.01,maf05_ldak,24,0.48453,0.06144
covsumrhe,65,-1,0.5,0.01,maf05_ldak,24,0.48228,0.06236
covsumrhe,66,-1,0.5,0.01,maf05_ldak,24,0.51152,0.07222
covsumrhe,67,-1,0.5,0.01,maf05_ldak,24,0.54642,0.06514
covsumrhe,68,-1,0.5,0.01,maf05_ldak,24,0.50326,0.06781
covsumrhe,69,-1,0.5,0.01,maf05_ldak,24,0.59921,0.0602
covsumrhe,7,-1,0.5,0.01,maf05_ldak,24,0.65702,0.06182
covsumrhe,70,-1,0.5,0.01,maf05_ldak,24,0.4474,0.05512
covsumrhe,71,-1,0.5,0.01,maf05_ldak,24,0.54746,0.06648
covsumrhe,72,-1,0.5,0.01,maf05_ldak,24,0.57064,0.06854
covsumrhe,73,-1,0.5,0.01,maf05_ldak,24,0.43149,0.06706
covsumrhe,74,-1,0.5,0.01,maf05_ldak,24,0.59084,0.0785
covsumrhe,75,-1,0.5,0.01,maf05_ldak,24,0.54408,0.05581
covsumrhe,76,-1,0.5,0.01,maf05_ldak,24,0.5734,0.07038
covsumrhe,77,-1,0.5,0.01,maf05_ldak,24,0.4732,0.06756
covsumrhe,78,-1,0.5,0.01,maf05_ldak,24,0.47267,0.05555
covsumrhe,79,-1,0.5,0.01,maf05_ldak,24,0.46985,0.05644
covsumrhe,8,-1,0.5,0.01,maf05_ldak,24,0.44923,0.06357
covsumrhe,80,-1,0.5,0.01,maf05_ldak,24,0.47558,0.07488
covsumrhe,81,-1,0.5,0.01,maf05_ldak,24,0.44506,0.06786
covsumrhe,82,-1,0.5,0.01,maf05_ldak,24,0.47826,0.05718
covsumrhe,83,-1,0.5,0.01,maf05_ldak,24,0.5111,0.06505
covsumrhe,84,-1,0.5,0.01,maf05_ldak,24,0.41238,0.06793
covsumrhe,85,-1,0.5,0.01,maf05_ldak,24,0.46643,0.07155
covsumrhe,86,-1,0.5,0.01,maf05_ldak,24,0.55142,0.06171
covsumrhe,87,-1,0.5,0.01,maf05_ldak,24,0.44277,0.06551
covsumrhe,88,-1,0.5,0.01,maf05_ldak,24,0.4603,0.07213
covsumrhe,89,-1,0.5,0.01,maf05_ldak,24,0.40147,0.07234
covsumrhe,9,-1,0.5,0.01,maf05_ldak,24,0.45316,0.06259
covsumrhe,90,-1,0.5,0.01,maf05_ldak,24,0.48517,0.05815
covsumrhe,91,-1,0.5,0.01,maf05_ldak,24,0.60618,0.05965
covsumrhe,92,-1,0.5,0.01,maf05_ldak,24,0.49782,0.067
covsumrhe,93,-1,0.5,0.01,maf05_ldak,24,0.41494,0.06832
covsumrhe,94,-1,0.5,0.01,maf05_ldak,24,0.48659,0.0674
covsumrhe,95,-1,0.5,0.01,maf05_ldak,24,0.45544,0.06444
covsumrhe,96,-1,0.5,0.01,maf05_ldak,24,0.37365,0.05797
covsumrhe,97,-1,0.5,0.01,maf05_ldak,24,0.46209,0.06964
covsumrhe,98,-1,0.5,0.01,maf05_ldak,24,0.42425,0.06215
covsumrhe,99,-1,0.5,0.01,maf05_ldak,24,0.54235,0.0687
rhe,0,-1,0.5,0.01,maf01,24,0.505222,0.0602763
rhe,1,-1,0.5,0.01,maf01,24,0.576863,0.0647856
rhe,10,-1,0.5,0.01,maf01,24,0.530702,0.070381
rhe,11,-1,0.5,0.01,maf01,24,0.426145,0.0734876
rhe,12,-1,0.5,0.01,maf01,24,0.469425,0.0566317
rhe,13,-1,0.5,0.01,maf01,24,0.519537,0.0599544
rhe,14,-1,0.5,0.01,maf01,24,0.408849,0.0726731
rhe,15,-1,0.5,0.01,maf01,24,0.592247,0.0682423
rhe,16,-1,0.5,0.01,maf01,24,0.553775,0.0675491
rhe,17,-1,0.5,0.01,maf01,24,0.543034,0.0694166
rhe,18,-1,0.5,0.01,maf01,24,0.48964,0.0661326
rhe,19,-1,0.5,0.01,maf01,24,0.441868,0.0595631
rhe,2,-1,0.5,0.01,maf01,24,0.483301,0.0560462
rhe,20,-1,0.5,0.01,maf01,24,0.500221,0.0742571
rhe,21,-1,0.5,0.01,maf01,24,0.462844,0.0534986
rhe,22,-1,0.5,0.01,maf01,24,0.490934,0.0573549
rhe,23,-1,0.5,0.01,maf01,24,0.449391,0.0674651
rhe,24,-1,0.5,0.01,maf01,24,0.500988,0.056666
rhe,25,-1,0.5,0.01,maf01,24,0.469035,0.0691856
rhe,26,-1,0.5,0.01,maf01,24,0.55663,0.0620117
rhe,27,-1,0.5,0.01,maf01,24,0.533534,0.0683832
rhe,28,-1,0.5,0.01,maf01,24,0.504023,0.0677103
rhe,29,-1,0.5,0.01,maf01,24,0.510984,0.0566066
rhe,3,-1,0.5,0.01,maf01,24,0.502583,0.0692363
rhe,30,-1,0.5,0.01,maf01,24,0.53721,0.0655618
rhe,31,-1,0.5,0.01,maf01,24,0.335561,0.0528929
rhe,32,-1,0.5,0.01,maf01,24,0.597249,0.0610864
rhe,33,-1,0.5,0.01,maf01,24,0.486208,0.0654176
rhe,34,-1,0.5,0.01,maf01,24,0.488606,0.0628303
rhe,35,-1,0.5,0.01,maf01,24,0.492402,0.0642101
rhe,36,-1,0.5,0.01,maf01,24,0.450049,0.0558771
rhe,37,-1,0.5,0.01,maf01,24,0.559243,0.0759202
rhe,38,-1,0.5,0.01,maf01,24,0.639274,0.0662148
rhe,39,-1,0.5,0.01,maf01,24,0.594442,0.0604692
rhe,4,-1,0.5,0.01,maf01,24,0.496925,0.0630022
rhe,40,-1,0.5,0.01,maf01,24,0.4854,0.0596429
rhe,41,-1,0.5,0.01,maf01,24,0.561518,0.0676001
rhe,42,-1,0.5,0.01,maf01,24,0.459078,0.0682733
rhe,43,-1,0.5,0.01,maf01,24,0.490161,0.0603781
rhe,44,-1,0.5,0.01,maf01,24,0.505142,0.0551945
rhe,45,-1,0.5,0.01,maf01,24,0.459818,0.064141
rhe,46,-1,0.5,0.01,maf01,24,0.456585,0.0678089
rhe,47,-1,0.5,0.01,maf01,24,0.434834,0.0651967
rhe,48,-1,0.5,0.01,maf01,24,0.428626,0.0595029
rhe,49,-1,0.5,0.01,maf01,24,0.492994,0.0688016
rhe,5,-1,0.5,0.01,maf01,24,0.554972,0.0656129
rhe,50,-1,0.5,0.01,maf01,24,0.465904,0.0595653
rhe,51,-1,0.5,0.01,maf01,24,0.486815,0.0628891
rhe,52,-1,0.5,0.01,maf01,24,0.506622,0.0593118
rhe,53,-1,0.5,0.01,maf01,24,0.398678,0.0589024
rhe,54,-1,0.5,0.01,maf01,24,0.501206,0.0618121
rhe,55,-1,0.5,0.01,maf01,24,0.540345,0.0630946
rhe,56,-1,0.5,0.01,maf01,24,0.40242,0.0597252
rhe,57,-1,0.5,0.01,maf01,24,0.472973,0.05909
rhe,58,-1,0.5,0.01,maf01,24,0.521571,0.063531
rhe,59,-1,0.5,0.01,maf01,24,0.53597,0.0671519
rhe,6,-1,0.5,0.01,maf01,24,0.476295,0.06342
rhe,60,-1,0.5,0.01,maf01,24,0.436261,0.0614998
rhe,61,-1,0.5,0.01,maf01,24,0.379441,0.0626379
rhe,62,-1,0.5,0.01,maf01,24,0.461527,0.0586263
rhe,63,-1,0.5,0.01,maf01,24,0.471584,0.0656474
rhe,64,-1,0.5,0.01,maf01,24,0.558082,0.061526
rhe,65,-1,0.5,0.01,maf01,24,0.525266,0.0726974
rhe,66,-1,0.5,0.01,maf01,24,0.522376,0.0689652
rhe,67,-1,0.5,0.01,maf01,24,0.469702,0.0721643
rhe,68,-1,0.5,0.01,maf01,24,0.498793,0.0567773
rhe,69,-1,0.5,0.01,maf01,24,0.465433,0.0624611
rhe,7,-1,0.5,0.01,maf01,24,0.404565,0.0584795
rhe,70,-1,0.5,0.01,maf01,24,0.456209,0.054802
rhe,71,-1,0.5,0.01,maf01,24,0.467226,0.0663931
rhe,72,-1,0.5,0.01,maf01,24,0.519263,0.0612359
rhe,73,-1,0.5,0.01,maf01,24,0.643488,0.0666135
rhe,74,-1,0.5,0.01,maf01,24,0.626651,0.0611791
rhe,75,-1,0.5,0.01,maf01,24,0.45121,0.0597343
rhe,76,-1,0.5,0.01,maf01,24,0.394263,0.0527737
rhe,77,-1,0.5,0.01,maf01,24,0.487129,0.0668856
rhe,78,-1,0.5,0.01,maf01,24,0.353489,0.0655111
rhe,79,-1,0.5,0.01,maf01,24,0.454512,0.0630562
rhe,8,-1,0.5,0.01,maf01,24,0.482679,0.0555275
rhe,80,-1,0.5,0.01,maf01,24,0.495656,0.0623886
rhe,81,-1,0.5,0.01,maf01,24,0.569018,0.0619483
rhe,82,-1,0.5,0.01,maf01,24,0.472437,0.0686585
rhe,83,-1,0.5,0.01,maf01,24,0.426655,0.0606536
rhe,84,-1,0.5,0.01,maf01,24,0.416141,0.0669917
rhe,85,-1,0.5,0.01,maf01,24,0.421442,0.061491
rhe,86,-1,0.5,0.01,maf01,24,0.523825,0.0567658
rhe,87,-1,0.5,0.01,maf01,24,0.607308,0.0717389
rhe,88,-1,0.5,0.01,maf01,24,0.456864,0.0670883
rhe,89,-1,0.5,0.01,maf01,24,0.506718,0.0662724
rhe,9,-1,0.5,0.01,maf01,24,0.516995,0.0665484
rhe,90,-1,0.5,0.01,maf01,24,0.460054,0.0656937
rhe,91,-1,0.5,0.01,maf01,24,0.589269,0.0693581
rhe,92,-1,0.5,0.01,maf01,24,0.579349,0.0632522
rhe,93,-1,0.5,0.01,maf01,24,0.568344,0.0629308
rhe,94,-1,0.5,0.01,maf01,24,0.504005,0.0583164
rhe,95,-1,0.5,0.01,maf01,24,0.491066,0.0642139
rhe,96,-1,0.5,0.01,maf01,24,0.438266,0.0532149
rhe,97,-1,0.5,0.01,maf01,24,0.375478,0.0790077
rhe,98,-1,0.5,0.01,maf01,24,0.547738,0.0706674
rhe,99,-1,0.5,0.01,maf01,24,0.456787,0.0689288
rhe,0,-1,0.5,0.01,maf05,24,0.479657,0.072765
rhe,1,-1,0.5,0.01,maf05,24,0.522739,0.0615485
rhe,10,-1,0.5,0.01,maf05,24,0.508873,0.0645581
rhe,11,-1,0.5,0.01,maf05,24,0.512055,0.0605088
rhe,12,-1,0.5,0.01,maf05,24,0.54311,0.0686575
rhe,13,-1,0.5,0.01,maf05,24,0.550821,0.0683096
rhe,14,-1,0.5,0.01,maf05,24,0.539228,0.0677269
rhe,15,-1,0.5,0.01,maf05,24,0.428748,0.0757741
rhe,16,-1,0.5,0.01,maf05,24,0.487549,0.0673591
rhe,17,-1,0.5,0.01,maf05,24,0.4804,0.0648119
rhe,18,-1,0.5,0.01,maf05,24,0.516372,0.0584953
rhe,19,-1,0.5,0.01,maf05,24,0.506037,0.0593886
rhe,2,-1,0.5,0.01,maf05,24,0.438148,0.0592616
rhe,20,-1,0.5,0.01,maf05,24,0.557823,0.0641039
rhe,21,-1,0.5,0.01,maf05,24,0.523216,0.0648078
rhe,22,-1,0.5,0.01,maf05,24,0.620576,0.0678408
rhe,23,-1,0.5,0.01,maf05,24,0.626283,0.0592286
rhe,24,-1,0.5,0.01,maf05,24,0.522093,0.064732
rhe,25,-1,0.5,0.01,maf05,24,0.52291,0.067711
rhe,26,-1,0.5,0.01,maf05,24,0.591294,0.0648735
rhe,27,-1,0.5,0.01,maf05,24,0.40685,0.0636554
rhe,28,-1,0.5,0.01,maf05,24,0.642165,0.0650798
rhe,29,-1,0.5,0.01,maf05,24,0.450354,0.0566698
rhe,3,-1,0.5,0.01,maf05,24,0.485576,0.0685313
rhe,30,-1,0.5,0.01,maf05,24,0.455106,0.0653802
rhe,31,-1,0.5,0.01,maf05,24,0.367337,0.0575695
rhe,32,-1,0.5,0.01,maf05,24,0.481156,0.068861
rhe,33,-1,0.5,0.01,maf05,24,0.570656,0.0558238
rhe,34,-1,0.5,0.01,maf05,24,0.571187,0.061262
rhe,35,-1,0.5,0.01,maf05,24,0.494848,0.057902
rhe,36,-1,0.5,0.01,maf05,24,0.407316,0.0619788
rhe,37,-1,0.5,0.01,maf05,24,0.483614,0.0700974
rhe,38,-1,0.5,0.01,maf05,24,0.482686,0.0678512
rhe,39,-1,0.5,0.01,maf05,24,0.53813,0.0617623
rhe,4,-1,0.5,0.01,maf05,24,0.550094,0.0616633
rhe,40,-1,0.5,0.01,maf05,24,0.57712,0.0650957
rhe,41,-1,0.5,0.01,maf05,24,0.486518,0.0567034
rhe,42,-1,0.5,0.01,maf05,24,0.557283,0.0562762
rhe,43,-1,0.5,0.01,maf05,24,0.546109,0.0734817
rhe,44,-1,0.5,0.01,maf05,24,0.600689,0.0860513
rhe,45,-1,0.5,0.01,maf05,24,0.510875,0.067727
rhe,46,-1,0.5,0.01,maf05,24,0.639365,0.0711016
rhe,47,-1,0.5,0.01,maf05,24,0.563318,0.0644715
rhe,48,-1,0.5,0.01,maf05,24,0.441023,0.0598432
rhe,49,-1,0.5,0.01,maf05,24,0.493127,0.0603891
rhe,5,-1,0.5,0.01,maf05,24,0.501582,0.0693561
rhe,50,-1,0.5,0.01,maf05,24,0.518323,0.0635073
rhe,51,-1,0.5,0.01,maf05,24,0.473502,0.059245
rhe,52,-1,0.5,0.01,maf05,24,0.45516,0.0641537
rhe,53,-1,0.5,0.01,maf05,24,0.596456,0.0672595
rhe,54,-1,0.5,0.01,maf05,24,0.578662,0.0644593
rhe,55,-1,0.5,0.01,maf05,24,0.513728,0.0699303
rhe,56,-1,0.5,0.01,maf05,24,0.458085,0.0652007
rhe,57,-1,0.5,0.01,maf05,24,0.560669,0.0568788
rhe,58,-1,0.5,0.01,maf05,24,0.525275,0.0725374
rhe,59,-1,0.5,0.01,maf05,24,0.551766,0.0744697
rhe,6,-1,0.5,0.01,maf05,24,0.453925,0.0664046
rhe,60,-1,0.5,0.01,maf05,24,0.579363,0.0626352
rhe,61,-1,0.5,0.01,maf05,24,0.54059,0.0657997
rhe,62,-1,0.5,0.01,maf05,24,0.487856,0.0671825
rhe,63,-1,0.5,0.01,maf05,24,0.372789,0.058894
rhe,64,-1,0.5,0.01,maf05,24,0.493373,0.0578492
rhe,65,-1,0.5,0.01,maf05,24,0.546514,0.0648751
rhe,66,-1,0.5,0.01,maf05,24,0.43044,0.0711638
rhe,67,-1,0.5,0.01,maf05,24,0.521176,0.0632319
rhe,68,-1,0.5,0.01,maf05,24,0.479984,0.0669324
rhe,69,-1,0.5,0.01,maf05,24,0.547447,0.0604367
rhe,7,-1,0.5,0.01,maf05,24,0.502323,0.0549533
rhe,70,-1,0.5,0.01,maf05,24,0.575552,0.0625994
rhe,71,-1,0.5,0.01,maf05,24,0.596812,0.0689788
rhe,72,-1,0.5,0.01,maf05,24,0.471783,0.0703655
rhe,73,-1,0.5,0.01,maf05,24,0.580321,0.0761102
rhe,74,-1,0.5,0.01,maf05,24,0.479261,0.057067
rhe,75,-1,0.5,0.01,maf05,24,0.477657,0.0746005
rhe,76,-1,0.5,0.01,maf05,24,0.500508,0.0575675
rhe,77,-1,0.5,0.01,maf05,24,0.549368,0.0604321
rhe,78,-1,0.5,0.01,maf05,24,0.438839,0.0621487
rhe,79,-1,0.5,0.01,maf05,24,0.471947,0.0603649
rhe,8,-1,0.5,0.01,maf05,24,0.531792,0.0675243
rhe,80,-1,0.5,0.01,maf05,24,0.543433,0.0582764
rhe,81,-1,0.5,0.01,maf05,24,0.699598,0.0681658
rhe,82,-1,0.5,0.01,maf05,24,0.508117,0.0684555
rhe,83,-1,0.5,0.01,maf05,24,0.491374,0.0670439
rhe,84,-1,0.5,0.01,maf05,24,0.342028,0.0591353
rhe,85,-1,0.5,0.01,maf05,24,0.457319,0.0594132
rhe,86,-1,0.5,0.01,maf05,24,0.456324,0.0693075
rhe,87,-1,0.5,0.01,maf05,24,0.480924,0.0590744
rhe,88,-1,0.5,0.01,maf05,24,0.479953,0.0668742
rhe,89,-1,0.5,0.01,maf05,24,0.498434,0.065388
rhe,9,-1,0.5,0.01,maf05,24,0.585257,0.0681933
rhe,90,-1,0.5,0.01,maf05,24,0.438076,0.063745
rhe,91,-1,0.5,0.01,maf05,24,0.389808,0.0585947
rhe,92,-1,0.5,0.01,maf05,24,0.543985,0.0784032
rhe,93,-1,0.5,0.01,maf05,24,0.53091,0.0691941
rhe,94,-1,0.5,0.01,maf05,24,0.599076,0.0590981
rhe,95,-1,0.5,0.01,maf05,24,0.611206,0.0655325
rhe,96,-1,0.5,0.01,maf05,24,0.493112,0.0719241
rhe,97,-1,0.5,0.01,maf05,24,0.508814,0.0602109
rhe,98,-1,0.5,0.01,maf05,24,0.612622,0.0638848
rhe,99,-1,0.5,0.01,maf05,24,0.431601,0.0643591
rhe,0,-1,0.5,0.01,maf01_ldak,24,0.388907,0.0657468
rhe,1,-1,0.5,0.01,maf01_ldak,24,0.512196,0.0666477
rhe,10,-1,0.5,0.01,maf01_ldak,24,0.560319,0.0675306
rhe,11,-1,0.5,0.01,maf01_ldak,24,0.496272,0.0665627
rhe,12,-1,0.5,0.01,maf01_ldak,24,0.469272,0.061582
rhe,13,-1,0.5,0.01,maf01_ldak,24,0.449897,0.0599285
rhe,14,-1,0.5,0.01,maf01_ldak,24,0.46112,0.0621557
rhe,15,-1,0.5,0.01,maf01_ldak,24,0.462298,0.0641874
rhe,16,-1,0.5,0.01,maf01_ldak,24,0.557071,0.0663177
rhe,17,-1,0.5,0.01,maf01_ldak,24,0.388385,0.0638275
rhe,18,-1,0.5,0.01,maf01_ldak,24,0.479107,0.059218
rhe,19,-1,0.5,0.01,maf01_ldak,24,0.362477,0.0635622
rhe,2,-1,0.5,0.01,maf01_ldak,24,0.485615,0.0583994
rhe,20,-1,0.5,0.01,maf01_ldak,24,0.470211,0.0675092
rhe,21,-1,0.5,0.01,maf01_ldak,24,0.425595,0.070683
rhe,22,-1,0.5,0.01,maf01_ldak,24,0.571752,0.0620683
rhe,23,-1,0.5,0.01,maf01_ldak,24,0.509208,0.0616198
rhe,24,-1,0.5,0.01,maf01_ldak,24,0.478618,0.0688941
rhe,25,-1,0.5,0.01,maf01_ldak,24,0.497409,0.0590527
rhe,26,-1,0.5,0.01,maf01_ldak,24,0.538708,0.0693345
rhe,27,-1,0.5,0.01,maf01_ldak,24,0.437668,0.0647137
rhe,28,-1,0.5,0.01,maf01_ldak,24,0.535661,0.0708524
rhe,29,-1,0.5,0.01,maf01_ldak,24,0.552912,0.0607679
rhe,3,-1,0.5,0.01,maf01_ldak,24,0.476582,0.0583453
rhe,30,-1,0.5,0.01,maf01_ldak,24,0.419229,0.0569025
rhe,31,-1,0.5,0.01,maf01_ldak,24,0.52571,0.0564421
rhe,32,-1,0.5,0.01,maf01_ldak,24,0.588501,0.0589783
rhe,33,-1,0.5,0.01,maf01_ldak,24,0.597313,0.0650992
rhe,34,-1,0.5,0.01,maf01_ldak,24,0.53521,0.0577319
rhe,35,-1,0.5,0.01,maf01_ldak,24,0.444884,0.056227
rhe,36,-1,0.5,0.01,maf01_ldak,24,0.466709,0.0621469
rhe,37,-1,0.5,0.01,maf01_ldak,24,0.399216,0.0582009
rhe,38,-1,0.5,0.01,maf01_ldak,24,0.44322,0.0745733
rhe,39,-1,0.5,0.01,maf01_ldak,24,0.458441,0.0702917
rhe,4,-1,0.5,0.01,maf01_ldak,24,0.45814,0.0462283
rhe,40,-1,0.5,0.01,maf01_ldak,24,0.475336,0.0540723
rhe,41,-1,0.5,0.01,maf01_ldak,24,0.541248,0.0624645
rhe,42,-1,0.5,0.01,maf01_ldak,24,0.524394,0.0624755
rhe,43,-1,0.5,0.01,maf01_ldak,24,0.481409,0.0639608
rhe,44,-1,0.5,0.01,maf01_ldak,24,0.482123,0.0583164
rhe,45,-1,0.5,0.01,maf01_ldak,24,0.454921,0.0629135
rhe,46,-1,0.5,0.01,maf01_ldak,24,0.485789,0.0564759
rhe,47,-1,0.5,0.01,maf01_ldak,24,0.536585,0.0763054
rhe,48,-1,0.5,0.01,maf01_ldak,24,0.503504,0.0565144
rhe,49,-1,0.5,0.01,maf01_ldak,24,0.619119,0.0657046
rhe,5,-1,0.5,0.01,maf01_ldak,24,0.515257,0.0676762
rhe,50,-1,0.5,0.01,maf01_ldak,24,0.502768,0.063461
rhe,51,-1,0.5,0.01,maf01_ldak,24,0.573839,0.0633788
rhe,52,-1,0.5,0.01,maf01_ldak,24,0.450822,0.0591516
rhe,53,-1,0.5,0.01,maf01_ldak,24,0.46088,0.0612316
rhe,54,-1,0.5,0.01,maf01_ldak,24,0.44738,0.0692388
rhe,55,-1,0.5,0.01,maf01_ldak,24,0.38629,0.0631382
rhe,56,-1,0.5,0.01,maf01_ldak,24,0.533846,0.062733
rhe,57,-1,0.5,0.01,maf01_ldak,24,0.5326,0.0555415
rhe,58,-1,0.5,0.01,maf01_ldak,24,0.511134,0.0588406
rhe,59,-1,0.5,0.01,maf01_ldak,24,0.509207,0.0576579
rhe,6,-1,0.5,0.01,maf01_ldak,24,0.618293,0.0610781
rhe,60,-1,0.5,0.01,maf01_ldak,24,0.427406,0.0610828
rhe,61,-1,0.5,0.01,maf01_ldak,24,0.424028,0.0602027
rhe,62,-1,0.5,0.01,maf01_ldak,24,0.472658,0.0611898
rhe,63,-1,0.5,0.01,maf01_ldak,24,0.455877,0.0579428
rhe,64,-1,0.5,0.01,maf01_ldak,24,0.576724,0.0620666
rhe,65,-1,0.5,0.01,maf01_ldak,24,0.405659,0.0630628
rhe,66,-1,0.5,0.01,maf01_ldak,24,0.396064,0.0632939
rhe,67,-1,0.5,0.01,maf01_ldak,24,0.513548,0.0631251
rhe,68,-1,0.5,0.01,maf01_ldak,24,0.446852,0.0620164
rhe,69,-1,0.5,0.01,maf01_ldak,24,0.482045,0.0603275
rhe,7,-1,0.5,0.01,maf01_ldak,24,0.401405,0.0626399
rhe,70,-1,0.5,0.01,maf01_ldak,24,0.486875,0.0563919
rhe,71,-1,0.5,0.01,maf01_ldak,24,0.467915,0.0649725
rhe,72,-1,0.5,0.01,maf01_ldak,24,0.396532,0.0639626
rhe,73,-1,0.5,0.01,maf01_ldak,24,0.550531,0.0623898
rhe,74,-1,0.5,0.01,maf01_ldak,24,0.634943,0.054902
rhe,75,-1,0.5,0.01,maf01_ldak,24,0.56305,0.0585357
rhe,76,-1,0.5,0.01,maf01_ldak,24,0.46818,0.0588289
rhe,77,-1,0.5,0.01,maf01_ldak,24,0.488691,0.0636023
rhe,78,-1,0.5,0.01,maf01_ldak,24,0.502043,0.0652707
rhe,79,-1,0.5,0.01,maf01_ldak,24,0.379516,0.0651342
rhe,8,-1,0.5,0.01,maf01_ldak,24,0.428071,0.0690397
rhe,80,-1,0.5,0.01,maf01_ldak,24,0.477353,0.0614994
rhe,81,-1,0.5,0.01,maf01_ldak,24,0.561933,0.0602524
rhe,82,-1,0.5,0.01,maf01_ldak,24,0.513281,0.0581729
rhe,83,-1,0.5,0.01,maf01_ldak,24,0.471878,0.0657026
rhe,84,-1,0.5,0.01,maf01_ldak,24,0.343113,0.0601908
rhe,85,-1,0.5,0.01,maf01_ldak,24,0.449435,0.0652194
rhe,86,-1,0.5,0.01,maf01_ldak,24,0.581764,0.0618694
rhe,87,-1,0.5,0.01,maf01_ldak,24,0.476539,0.0580321
rhe,88,-1,0.5,0.01,maf01_ldak,24,0.466955,0.0613422
rhe,89,-1,0.5,0.01,maf01_ldak,24,0.515485,0.0539257
rhe,9,-1,0.5,0.01,maf01_ldak,24,0.465894,0.0649581
rhe,90,-1,0.5,0.01,maf01_ldak,24,0.510401,0.0610422
rhe,91,-1,0.5,0.01,maf01_ldak,24,0.503937,0.0519733
rhe,92,-1,0.5,0.01,maf01_ldak,24,0.582545,0.0654232
rhe,93,-1,0.5,0.01,maf01_ldak,24,0.446115,0.0630718
rhe,94,-1,0.5,0.01,maf01_ldak,24,0.465804,0.0648157
rhe,95,-1,0.5,0.01,maf01_ldak,24,0.445564,0.0630642
rhe,96,-1,0.5,0.01,maf01_ldak,24,0.473688,0.065769
rhe,97,-1,0.5,0.01,maf01_ldak,24,0.572135,0.0567219
rhe,98,-1,0.5,0.01,maf01_ldak,24,0.562204,0.0591429
rhe,99,-1,0.5,0.01,maf01_ldak,24,0.580899,0.0652432
rhe,0,-1,0.5,0.01,maf05_ldak,24,0.542611,0.0651971
rhe,1,-1,0.5,0.01,maf05_ldak,24,0.541933,0.067688
rhe,10,-1,0.5,0.01,maf05_ldak,24,0.521449,0.0731202
rhe,11,-1,0.5,0.01,maf05_ldak,24,0.44,0.0577671
rhe,12,-1,0.5,0.01,maf05_ldak,24,0.448777,0.0591928
rhe,13,-1,0.5,0.01,maf05_ldak,24,0.401327,0.0712235
rhe,14,-1,0.5,0.01,maf05_ldak,24,0.521833,0.0672375
rhe,15,-1,0.5,0.01,maf05_ldak,24,0.684003,0.0673996
rhe,16,-1,0.5,0.01,maf05_ldak,24,0.565561,0.0731994
rhe,17,-1,0.5,0.01,maf05_ldak,24,0.524612,0.0619951
rhe,18,-1,0.5,0.01,maf05_ldak,24,0.418144,0.0549165
rhe,19,-1,0.5,0.01,maf05_ldak,24,0.572591,0.0653061
rhe,2,-1,0.5,0.01,maf05_ldak,24,0.618836,0.0642594
rhe,20,-1,0.5,0.01,maf05_ldak,24,0.49355,0.0615007
rhe,21,-1,0.5,0.01,maf05_ldak,24,0.453357,0.0593691
rhe,22,-1,0.5,0.01,maf05_ldak,24,0.536418,0.0577316
rhe,23,-1,0.5,0.01,maf05_ldak,24,0.589363,0.0724879
rhe,24,-1,0.5,0.01,maf05_ldak,24,0.497583,0.0630034
rhe,25,-1,0.5,0.01,maf05_ldak,24,0.512046,0.06214
rhe,26,-1,0.5,0.01,maf05_ldak,24,0.589799,0.0635707
rhe,27,-1,0.5,0.01,maf05_ldak,24,0.462988,0.0657135
rhe,28,-1,0.5,0.01,maf05_ldak,24,0.583696,0.0667213
rhe,29,-1,0.5,0.01,maf05_ldak,24,0.466558,0.0627422
rhe,3,-1,0.5,0.01,maf05_ldak,24,0.485888,0.0716997
rhe,30,-1,0.5,0.01,maf05_ldak,24,0.383883,0.0562576
rhe,31,-1,0.5,0.01,maf05_ldak,24,0.547827,0.0631202
rhe,32,-1,0.5,0.01,maf05_ldak,24,0.536447,0.0589999
rhe,33,-1,0.5,0.01,maf05_ldak,24,0.534534,0.0666145
rhe,34,-1,0.5,0.01,maf05_ldak,24,0.42974,0.0650679
rhe,35,-1,0.5,0.01,maf05_ldak,24,0.613441,0.0643013
rhe,36,-1,0.5,0.01,maf05_ldak,24,0.489164,0.0606516
rhe,37,-1,0.5,0.01,maf05_ldak,24,0.512781,0.0685309
rhe,38,-1,0.5,0.01,maf05_ldak,24,0.553971,0.0684826
rhe,39,-1,0.5,0.01,maf05_ldak,24,0.531701,0.0715289
rhe,4,-1,0.5,0.01,maf05_ldak,24,0.417548,0.0607801
rhe,40,-1,0.5,0.01,maf05_ldak,24,0.510225,0.0638412
rhe,41,-1,0.5,0.01,maf05_ldak,24,0.392918,0.0600329
rhe,42,-1,0.5,0.01,maf05_ldak,24,0.515742,0.0603279
rhe,43,-1,0.5,0.01,maf05_ldak,24,0.441365,0.0621095
rhe,44,-1,0.5,0.01,maf05_ldak,24,0.460004,0.064036
rhe,45,-1,0.5,0.01,maf05_ldak,24,0.404594,0.0585614
rhe,46,-1,0.5,0.01,maf05_ldak,24,0.501031,0.0573803
rhe,47,-1,0.5,0.01,maf05_ldak,24,0.507179,0.0747851
rhe,48,-1,0.5,0.01,maf05_ldak,24,0.392731,0.0665883
rhe,49,-1,0.5,0.01,maf05_ldak,24,0.59648,0.0644706
rhe,5,-1,0.5,0.01,maf05_ldak,24,0.553267,0.0793664
rhe,50,-1,0.5,0.01,maf05_ldak,24,0.552062,0.067222
rhe,51,-1,0.5,0.01,maf05_ldak,24,0.450398,0.0653154
rhe,52,-1,0.5,0.01,maf05_ldak,24,0.492202,0.0650558
rhe,53,-1,0.5,0.01,maf05_ldak,24,0.554205,0.0665398
rhe,54,-1,0.5,0.01,maf05_ldak,24,0.38366,0.064662
rhe,55,-1,0.5,0.01,maf05_ldak,24,0.485024,0.0704366
rhe,56,-1,0.5,0.01,maf05_ldak,24,0.55468,0.0647514
rhe,57,-1,0.5,0.01,maf05_ldak,24,0.508199,0.0604651
rhe,58,-1,0.5,0.01,maf05_ldak,24,0.538975,0.0693218
rhe,59,-1,0.5,0.01,maf05_ldak,24,0.568491,0.0579925
rhe,6,-1,0.5,0.01,maf05_ldak,24,0.471275,0.058928
rhe,60,-1,0.5,0.01,maf05_ldak,24,0.492047,0.0712536
rhe,61,-1,0.5,0.01,maf05_ldak,24,0.439178,0.0665891
rhe,62,-1,0.5,0.01,maf05_ldak,24,0.499553,0.0660313
rhe,63,-1,0.5,0.01,maf05_ldak,24,0.468032,0.0619977
rhe,64,-1,0.5,0.01,maf05_ldak,24,0.494719,0.0646218
rhe,65,-1,0.5,0.01,maf05_ldak,24,0.481322,0.0592486
rhe,66,-1,0.5,0.01,maf05_ldak,24,0.527407,0.0721085
rhe,67,-1,0.5,0.01,maf05_ldak,24,0.528898,0.0653024
rhe,68,-1,0.5,0.01,maf05_ldak,24,0.516543,0.0650489
rhe,69,-1,0.5,0.01,maf05_ldak,24,0.604184,0.0659595
rhe,7,-1,0.5,0.01,maf05_ldak,24,0.62385,0.0634154
rhe,70,-1,0.5,0.01,maf05_ldak,24,0.443281,0.0526831
rhe,71,-1,0.5,0.01,maf05_ldak,24,0.540695,0.0684082
rhe,72,-1,0.5,0.01,maf05_ldak,24,0.588197,0.069413
rhe,73,-1,0.5,0.01,maf05_ldak,24,0.449984,0.070477
rhe,74,-1,0.5,0.01,maf05_ldak,24,0.620802,0.0792835
rhe,75,-1,0.5,0.01,maf05_ldak,24,0.532999,0.0573484
rhe,76,-1,0.5,0.01,maf05_ldak,24,0.556617,0.0674423
rhe,77,-1,0.5,0.01,maf05_ldak,24,0.483829,0.0689302
rhe,78,-1,0.5,0.01,maf05_ldak,24,0.483417,0.0539882
rhe,79,-1,0.5,0.01,maf05_ldak,24,0.514747,0.0580667
rhe,8,-1,0.5,0.01,maf05_ldak,24,0.434593,0.0625534
rhe,80,-1,0.5,0.01,maf05_ldak,24,0.44953,0.0705812
rhe,81,-1,0.5,0.01,maf05_ldak,24,0.465669,0.0723737
rhe,82,-1,0.5,0.01,maf05_ldak,24,0.463756,0.0569127
rhe,83,-1,0.5,0.01,maf05_ldak,24,0.521679,0.0645126
rhe,84,-1,0.5,0.01,maf05_ldak,24,0.405096,0.0668278
rhe,85,-1,0.5,0.01,maf05_ldak,24,0.467242,0.0705732
rhe,86,-1,0.5,0.01,maf05_ldak,24,0.545082,0.0620156
rhe,87,-1,0.5,0.01,maf05_ldak,24,0.444632,0.0648444
rhe,88,-1,0.5,0.01,maf05_ldak,24,0.443781,0.0722757
rhe,89,-1,0.5,0.01,maf05_ldak,24,0.427507,0.0744546
rhe,9,-1,0.5,0.01,maf05_ldak,24,0.439646,0.0620102
rhe,90,-1,0.5,0.01,maf05_ldak,24,0.508668,0.0596941
rhe,91,-1,0.5,0.01,maf05_ldak,24,0.592696,0.0617298
rhe,92,-1,0.5,0.01,maf05_ldak,24,0.501164,0.0688103
rhe,93,-1,0.5,0.01,maf05_ldak,24,0.457001,0.0716638
rhe,94,-1,0.5,0.01,maf05_ldak,24,0.479228,0.0683683
rhe,95,-1,0.5,0.01,maf05_ldak,24,0.482269,0.0685547
rhe,96,-1,0.5,0.01,maf05_ldak,24,0.354398,0.055293
rhe,97,-1,0.5,0.01,maf05_ldak,24,0.465585,0.0744925
rhe,98,-1,0.5,0.01,maf05_ldak,24,0.466232,0.0663944
rhe,99,-1,0.5,0.01,maf05_ldak,24,0.534304,0.0693622
covldsc,0,-1,0.5,0.01,maf01,24,-0.2505,0.4263
covldsc,1,-1,0.5,0.01,maf01,24,0.5314,0.4115
covldsc,10,-1,0.5,0.01,maf01,24,0.5332,0.4066
covldsc,11,-1,0.5,0.01,maf01,24,-0.2619,0.3784
covldsc,12,-1,0.5,0.01,maf01,24,0.6816,0.3547
covldsc,13,-1,0.5,0.01,maf01,24,0.4683,0.4068
covldsc,14,-1,0.5,0.01,maf01,24,1.3284,0.6259
covldsc,15,-1,0.5,0.01,maf01,24,1.6137,0.373
covldsc,16,-1,0.5,0.01,maf01,24,0.223,0.4502
covldsc,17,-1,0.5,0.01,maf01,24,-0.3375,0.4104
covldsc,18,-1,0.5,0.01,maf01,24,-0.0887,0.3619
covldsc,19,-1,0.5,0.01,maf01,24,0.3185,0.3712
covldsc,2,-1,0.5,0.01,maf01,24,0.4666,0.3801
covldsc,20,-1,0.5,0.01,maf01,24,0.226,0.3824
covldsc,21,-1,0.5,0.01,maf01,24,0.0485,0.4394
covldsc,22,-1,0.5,0.01,maf01,24,0.3719,0.3667
covldsc,23,-1,0.5,0.01,maf01,24,0.3363,0.4008
covldsc,24,-1,0.5,0.01,maf01,24,0.1412,0.4251
covldsc,25,-1,0.5,0.01,maf01,24,-0.1127,0.4947
covldsc,26,-1,0.5,0.01,maf01,24,1.1067,0.4162
covldsc,27,-1,0.5,0.01,maf01,24,-0.3188,0.3672
covldsc,28,-1,0.5,0.01,maf01,24,0.8449,0.3906
covldsc,29,-1,0.5,0.01,maf01,24,0.337,0.3959
covldsc,3,-1,0.5,0.01,maf01,24,0.114,0.3922
covldsc,30,-1,0.5,0.01,maf01,24,0.9268,0.3858
covldsc,31,-1,0.5,0.01,maf01,24,0.5741,0.4024
covldsc,32,-1,0.5,0.01,maf01,24,0.6978,0.3351
covldsc,33,-1,0.5,0.01,maf01,24,0.7566,0.343
covldsc,34,-1,0.5,0.01,maf01,24,0.3939,0.4534
covldsc,35,-1,0.5,0.01,maf01,24,0.7727,0.3536
covldsc,36,-1,0.5,0.01,maf01,24,1.3735,0.3972
covldsc,37,-1,0.5,0.01,maf01,24,0.5919,0.3726
covldsc,38,-1,0.5,0.01,maf01,24,0.8536,0.323
covldsc,39,-1,0.5,0.01,maf01,24,0.4457,0.3867
covldsc,4,-1,0.5,0.01,maf01,24,0.1681,0.4065
covldsc,40,-1,0.5,0.01,maf01,24,0.5428,0.3805
covldsc,41,-1,0.5,0.01,maf01,24,0.5505,0.3414
covldsc,42,-1,0.5,0.01,maf01,24,0.8748,0.3566
covldsc,43,-1,0.5,0.01,maf01,24,1.3223,0.4875
covldsc,44,-1,0.5,0.01,maf01,24,0.6356,0.3436
covldsc,45,-1,0.5,0.01,maf01,24,0.1033,0.346
covldsc,46,-1,0.5,0.01,maf01,24,0.2594,0.3588
covldsc,47,-1,0.5,0.01,maf01,24,0.7539,0.4188
covldsc,48,-1,0.5,0.01,maf01,24,-0.2727,0.3549
covldsc,49,-1,0.5,0.01,maf01,24,0.1628,0.3407
covldsc,5,-1,0.5,0.01,maf01,24,0.7683,0.3908
covldsc,50,-1,0.5,0.01,maf01,24,0.5723,0.3837
covldsc,51,-1,0.5,0.01,maf01,24,0.5709,0.3567
covldsc,52,-1,0.5,0.01,maf01,24,0.7526,0.3797
covldsc,53,-1,0.5,0.01,maf01,24,0.4961,0.3596
covldsc,54,-1,0.5,0.01,maf01,24,0.277,0.3721
covldsc,55,-1,0.5,0.01,maf01,24,0.0697,0.4337
covldsc,56,-1,0.5,0.01,maf01,24,0.0789,0.3841
covldsc,57,-1,0.5,0.01,maf01,24,0.8632,0.383
covldsc,58,-1,0.5,0.01,maf01,24,0.5604,0.3589
covldsc,59,-1,0.5,0.01,maf01,24,0.344,0.3813
covldsc,6,-1,0.5,0.01,maf01,24,0.1885,0.3701
covldsc,60,-1,0.5,0.01,maf01,24,0.9587,0.3851
covldsc,61,-1,0.5,0.01,maf01,24,0.2886,0.3681
covldsc,62,-1,0.5,0.01,maf01,24,0.5408,0.3476
covldsc,63,-1,0.5,0.01,maf01,24,0.2548,0.3419
covldsc,64,-1,0.5,0.01,maf01,24,0.3477,0.3844
covldsc,65,-1,0.5,0.01,maf01,24,0.4076,0.3865
covldsc,66,-1,0.5,0.01,maf01,24,0.1175,0.3364
covldsc,67,-1,0.5,0.01,maf01,24,0.9677,0.3535
covldsc,68,-1,0.5,0.01,maf01,24,0.2947,0.4206
covldsc,69,-1,0.5,0.01,maf01,24,0.4073,0.3748
covldsc,7,-1,0.5,0.01,maf01,24,0.2288,0.375
covldsc,70,-1,0.5,0.01,maf01,24,0.778,0.4129
covldsc,71,-1,0.5,0.01,maf01,24,0.692,0.614
covldsc,72,-1,0.5,0.01,maf01,24,0.1736,0.3439
covldsc,73,-1,0.5,0.01,maf01,24,0.287,0.3936
covldsc,74,-1,0.5,0.01,maf01,24,0.5544,0.3932
covldsc,75,-1,0.5,0.01,maf01,24,-0.239,0.373
covldsc,76,-1,0.5,0.01,maf01,24,0.6167,0.3604
covldsc,77,-1,0.5,0.01,maf01,24,0.619,0.3324
covldsc,78,-1,0.5,0.01,maf01,24,0.5529,0.3578
covldsc,79,-1,0.5,0.01,maf01,24,0.812,0.4014
covldsc,8,-1,0.5,0.01,maf01,24,-0.0253,0.3522
covldsc,80,-1,0.5,0.01,maf01,24,0.5095,0.3913
covldsc,81,-1,0.5,0.01,maf01,24,0.9633,0.4028
covldsc,82,-1,0.5,0.01,maf01,24,0.246,0.4227
covldsc,83,-1,0.5,0.01,maf01,24,0.7232,0.4173
covldsc,84,-1,0.5,0.01,maf01,24,0.7178,0.3766
covldsc,85,-1,0.5,0.01,maf01,24,0.5638,0.4007
covldsc,86,-1,0.5,0.01,maf01,24,0.4764,0.3757
covldsc,87,-1,0.5,0.01,maf01,24,0.2135,0.3957
covldsc,88,-1,0.5,0.01,maf01,24,-0.3341,0.3677
covldsc,89,-1,0.5,0.01,maf01,24,0.031,0.3692
covldsc,9,-1,0.5,0.01,maf01,24,0.4513,0.3584
covldsc,90,-1,0.5,0.01,maf01,24,1.0501,0.6494
covldsc,91,-1,0.5,0.01,maf01,24,0.5705,0.3662
covldsc,92,-1,0.5,0.01,maf01,24,-0.0902,0.3589
covldsc,93,-1,0.5,0.01,maf01,24,0.9436,0.5125
covldsc,94,-1,0.5,0.01,maf01,24,0.1711,0.3509
covldsc,95,-1,0.5,0.01,maf01,24,0.0539,0.384
covldsc,96,-1,0.5,0.01,maf01,24,-0.0084,0.3813
covldsc,97,-1,0.5,0.01,maf01,24,0.6153,0.4402
covldsc,98,-1,0.5,0.01,maf01,24,1.0183,0.4799
covldsc,99,-1,0.5,0.01,maf01,24,0.5179,0.4063
covldsc,0,-1,0.5,0.01,maf05,24,0.6534,0.4038
covldsc,1,-1,0.5,0.01,maf05,24,0.3111,0.4099
covldsc,10,-1,0.5,0.01,maf05,24,0.2213,0.3451
covldsc,11,-1,0.5,0.01,maf05,24,0.3501,0.3717
covldsc,12,-1,0.5,0.01,maf05,24,0.5912,0.3487
covldsc,13,-1,0.5,0.01,maf05,24,0.2493,0.4377
covldsc,14,-1,0.5,0.01,maf05,24,1.042,0.4101
covldsc,15,-1,0.5,0.01,maf05,24,-0.0943,0.3831
covldsc,16,-1,0.5,0.01,maf05,24,-0.1797,0.4091
covldsc,17,-1,0.5,0.01,maf05,24,0.7404,0.3966
covldsc,18,-1,0.5,0.01,maf05,24,0.8089,0.3436
covldsc,19,-1,0.5,0.01,maf05,24,0.3627,0.4136
covldsc,2,-1,0.5,0.01,maf05,24,0.3544,0.3385
covldsc,20,-1,0.5,0.01,maf05,24,0.2353,0.3994
covldsc,21,-1,0.5,0.01,maf05,24,0.3398,0.3604
covldsc,22,-1,0.5,0.01,maf05,24,0.6019,0.3816
covldsc,23,-1,0.5,0.01,maf05,24,0.7384,0.3891
covldsc,24,-1,0.5,0.01,maf05,24,0.7541,0.3873
covldsc,25,-1,0.5,0.01,maf05,24,0.4638,0.3929
covldsc,26,-1,0.5,0.01,maf05,24,1.3977,0.408
covldsc,27,-1,0.5,0.01,maf05,24,0.3821,0.3581
covldsc,28,-1,0.5,0.01,maf05,24,0.4115,0.3416
covldsc,29,-1,0.5,0.01,maf05,24,0.7511,0.4142
covldsc,3,-1,0.5,0.01,maf05,24,0.3542,0.3727
covldsc,30,-1,0.5,0.01,maf05,24,0.1941,0.3616
covldsc,31,-1,0.5,0.01,maf05,24,-0.0985,0.3727
covldsc,32,-1,0.5,0.01,maf05,24,0.8555,0.4241
covldsc,33,-1,0.5,0.01,maf05,24,1.0798,0.4015
covldsc,34,-1,0.5,0.01,maf05,24,0.7006,0.3692
covldsc,35,-1,0.5,0.01,maf05,24,-0.2827,0.3713
covldsc,36,-1,0.5,0.01,maf05,24,1.1336,0.381
covldsc,37,-1,0.5,0.01,maf05,24,0.5136,0.3981
covldsc,38,-1,0.5,0.01,maf05,24,0.2494,0.3654
covldsc,39,-1,0.5,0.01,maf05,24,0.8616,0.4545
covldsc,4,-1,0.5,0.01,maf05,24,0.749,0.4194
covldsc,40,-1,0.5,0.01,maf05,24,0.7934,0.3826
covldsc,41,-1,0.5,0.01,maf05,24,0.571,0.4446
covldsc,42,-1,0.5,0.01,maf05,24,0.8603,0.4046
covldsc,43,-1,0.5,0.01,maf05,24,1.4923,0.3543
covldsc,44,-1,0.5,0.01,maf05,24,1.3944,0.8318
covldsc,45,-1,0.5,0.01,maf05,24,-0.4532,0.3709
covldsc,46,-1,0.5,0.01,maf05,24,1.0257,0.4513
covldsc,47,-1,0.5,0.01,maf05,24,0.4363,0.3863
covldsc,48,-1,0.5,0.01,maf05,24,0.6268,0.3995
covldsc,49,-1,0.5,0.01,maf05,24,0.4517,0.3904
covldsc,5,-1,0.5,0.01,maf05,24,0.4793,0.4144
covldsc,50,-1,0.5,0.01,maf05,24,0.3799,0.3268
covldsc,51,-1,0.5,0.01,maf05,24,0.0643,0.3325
covldsc,52,-1,0.5,0.01,maf05,24,0.1795,0.3815
covldsc,53,-1,0.5,0.01,maf05,24,0.8505,0.4112
covldsc,54,-1,0.5,0.01,maf05,24,0.8338,0.3828
covldsc,55,-1,0.5,0.01,maf05,24,0.9051,0.4343
covldsc,56,-1,0.5,0.01,maf05,24,0.3042,0.3795
covldsc,57,-1,0.5,0.01,maf05,24,-0.0573,0.3629
covldsc,58,-1,0.5,0.01,maf05,24,0.656,0.3959
covldsc,59,-1,0.5,0.01,maf05,24,0.4232,0.4394
covldsc,6,-1,0.5,0.01,maf05,24,0.1291,0.4124
covldsc,60,-1,0.5,0.01,maf05,24,0.9258,0.3715
covldsc,61,-1,0.5,0.01,maf05,24,0.5428,0.462
covldsc,62,-1,0.5,0.01,maf05,24,0.385,0.432
covldsc,63,-1,0.5,0.01,maf05,24,0.6044,0.4174
covldsc,64,-1,0.5,0.01,maf05,24,0.416,0.4145
covldsc,65,-1,0.5,0.01,maf05,24,1.46,0.3479
covldsc,66,-1,0.5,0.01,maf05,24,1.0061,0.4968
covldsc,67,-1,0.5,0.01,maf05,24,0.1799,0.3374
covldsc,68,-1,0.5,0.01,maf05,24,0.1951,0.4129
covldsc,69,-1,0.5,0.01,maf05,24,0.5706,0.4158
covldsc,7,-1,0.5,0.01,maf05,24,1.0727,0.4487
covldsc,70,-1,0.5,0.01,maf05,24,0.7457,0.3435
covldsc,71,-1,0.5,0.01,maf05,24,0.5231,0.3993
covldsc,72,-1,0.5,0.01,maf05,24,0.4337,0.3813
covldsc,73,-1,0.5,0.01,maf05,24,0.7634,0.4724
covldsc,74,-1,0.5,0.01,maf05,24,0.4556,0.3793
covldsc,75,-1,0.5,0.01,maf05,24,0.4561,0.3953
covldsc,76,-1,0.5,0.01,maf05,24,1.4715,0.3944
covldsc,77,-1,0.5,0.01,maf05,24,-0.0786,0.4134
covldsc,78,-1,0.5,0.01,maf05,24,0.2852,0.3917
covldsc,79,-1,0.5,0.01,maf05,24,-0.075,0.4007
covldsc,8,-1,0.5,0.01,maf05,24,0.2202,0.3797
covldsc,80,-1,0.5,0.01,maf05,24,1.067,0.3848
covldsc,81,-1,0.5,0.01,maf05,24,0.6756,0.3888
covldsc,82,-1,0.5,0.01,maf05,24,-0.0858,0.3918
covldsc,83,-1,0.5,0.01,maf05,24,0.2548,0.4166
covldsc,84,-1,0.5,0.01,maf05,24,-0.1637,0.3615
covldsc,85,-1,0.5,0.01,maf05,24,0.0632,0.3061
covldsc,86,-1,0.5,0.01,maf05,24,0.5405,0.3843
covldsc,87,-1,0.5,0.01,maf05,24,1.102,0.413
covldsc,88,-1,0.5,0.01,maf05,24,0.9368,0.3918
covldsc,89,-1,0.5,0.01,maf05,24,0.6439,0.3992
covldsc,9,-1,0.5,0.01,maf05,24,0.5311,0.3588
covldsc,90,-1,0.5,0.01,maf05,24,0.223,0.4193
covldsc,91,-1,0.5,0.01,maf05,24,-0.4313,0.3893
covldsc,92,-1,0.5,0.01,maf05,24,0.8016,0.3816
covldsc,93,-1,0.5,0.01,maf05,24,0.7703,0.3929
covldsc,94,-1,0.5,0.01,maf05,24,1.0774,0.4038
covldsc,95,-1,0.5,0.01,maf05,24,0.8948,0.3838
covldsc,96,-1,0.5,0.01,maf05,24,0.5853,0.3955
covldsc,97,-1,0.5,0.01,maf05,24,0.1321,0.3607
covldsc,98,-1,0.5,0.01,maf05,24,0.2765,0.4032
covldsc,99,-1,0.5,0.01,maf05,24,0.3208,0.4262
covldsc,0,-1,0.5,0.01,maf01_ldak,24,-0.0018,0.3348
covldsc,1,-1,0.5,0.01,maf01_ldak,24,0.0479,0.3774
covldsc,10,-1,0.5,0.01,maf01_ldak,24,0.4927,0.3847
covldsc,11,-1,0.5,0.01,maf01_ldak,24,0.3003,0.4176
covldsc,12,-1,0.5,0.01,maf01_ldak,24,0.0911,0.3181
covldsc,13,-1,0.5,0.01,maf01_ldak,24,-0.349,0.3078
covldsc,14,-1,0.5,0.01,maf01_ldak,24,-0.2674,0.3177
covldsc,15,-1,0.5,0.01,maf01_ldak,24,-0.3081,0.3502
covldsc,16,-1,0.5,0.01,maf01_ldak,24,-0.1298,0.3528
covldsc,17,-1,0.5,0.01,maf01_ldak,24,-0.0705,0.4624
covldsc,18,-1,0.5,0.01,maf01_ldak,24,0.2344,0.3572
covldsc,19,-1,0.5,0.01,maf01_ldak,24,-0.2056,0.3534
covldsc,2,-1,0.5,0.01,maf01_ldak,24,0.5347,0.3923
covldsc,20,-1,0.5,0.01,maf01_ldak,24,0.185,0.3223
covldsc,21,-1,0.5,0.01,maf01_ldak,24,-0.0208,0.3759
covldsc,22,-1,0.5,0.01,maf01_ldak,24,0.6818,0.3344
covldsc,23,-1,0.5,0.01,maf01_ldak,24,0.2038,0.3818
covldsc,24,-1,0.5,0.01,maf01_ldak,24,0.0858,0.3413
covldsc,25,-1,0.5,0.01,maf01_ldak,24,-0.2814,0.3441
covldsc,26,-1,0.5,0.01,maf01_ldak,24,0.4652,0.3349
covldsc,27,-1,0.5,0.01,maf01_ldak,24,0.1422,0.3959
covldsc,28,-1,0.5,0.01,maf01_ldak,24,-0.3864,0.3894
covldsc,29,-1,0.5,0.01,maf01_ldak,24,0.0612,0.3737
covldsc,3,-1,0.5,0.01,maf01_ldak,24,-0.0256,0.358
covldsc,30,-1,0.5,0.01,maf01_ldak,24,-0.484,0.3749
covldsc,31,-1,0.5,0.01,maf01_ldak,24,-0.0399,0.3298
covldsc,32,-1,0.5,0.01,maf01_ldak,24,0.2392,0.2977
covldsc,33,-1,0.5,0.01,maf01_ldak,24,0.1808,0.3757
covldsc,34,-1,0.5,0.01,maf01_ldak,24,0.4621,0.3626
covldsc,35,-1,0.5,0.01,maf01_ldak,24,0.3118,0.3633
covldsc,36,-1,0.5,0.01,maf01_ldak,24,0.2045,0.4084
covldsc,37,-1,0.5,0.01,maf01_ldak,24,0.0885,0.3913
covldsc,38,-1,0.5,0.01,maf01_ldak,24,0.7275,0.3762
covldsc,39,-1,0.5,0.01,maf01_ldak,24,0.0672,0.3493
covldsc,4,-1,0.5,0.01,maf01_ldak,24,0.4566,0.3689
covldsc,40,-1,0.5,0.01,maf01_ldak,24,-0.1426,0.3749
covldsc,41,-1,0.5,0.01,maf01_ldak,24,-0.5152,0.39
covldsc,42,-1,0.5,0.01,maf01_ldak,24,0.3394,0.3301
covldsc,43,-1,0.5,0.01,maf01_ldak,24,0.1381,0.3538
covldsc,44,-1,0.5,0.01,maf01_ldak,24,0.3167,0.3376
covldsc,45,-1,0.5,0.01,maf01_ldak,24,-0.588,0.3531
covldsc,46,-1,0.5,0.01,maf01_ldak,24,0.1054,0.3995
covldsc,47,-1,0.5,0.01,maf01_ldak,24,0.3876,0.3707
covldsc,48,-1,0.5,0.01,maf01_ldak,24,0.7784,0.3863
covldsc,49,-1,0.5,0.01,maf01_ldak,24,0.3688,0.3711
covldsc,5,-1,0.5,0.01,maf01_ldak,24,0.8717,0.3546
covldsc,50,-1,0.5,0.01,maf01_ldak,24,0.3829,0.3449
covldsc,51,-1,0.5,0.01,maf01_ldak,24,0.7621,0.3534
covldsc,52,-1,0.5,0.01,maf01_ldak,24,0.4696,0.4164
covldsc,53,-1,0.5,0.01,maf01_ldak,24,0.0544,0.3519
covldsc,54,-1,0.5,0.01,maf01_ldak,24,0.787,0.3656
covldsc,55,-1,0.5,0.01,maf01_ldak,24,-0.0468,0.396
covldsc,56,-1,0.5,0.01,maf01_ldak,24,0.0512,0.3749
covldsc,57,-1,0.5,0.01,maf01_ldak,24,0.4368,0.3571
covldsc,58,-1,0.5,0.01,maf01_ldak,24,0.1509,0.3435
covldsc,59,-1,0.5,0.01,maf01_ldak,24,0.4625,0.3789
covldsc,6,-1,0.5,0.01,maf01_ldak,24,0.5782,0.3552
covldsc,60,-1,0.5,0.01,maf01_ldak,24,0.4226,0.3875
covldsc,61,-1,0.5,0.01,maf01_ldak,24,-0.1437,0.3241
covldsc,62,-1,0.5,0.01,maf01_ldak,24,0.6148,0.3367
covldsc,63,-1,0.5,0.01,maf01_ldak,24,0.5376,0.4012
covldsc,64,-1,0.5,0.01,maf01_ldak,24,0.6303,0.334
covldsc,65,-1,0.5,0.01,maf01_ldak,24,0.2437,0.3724
covldsc,66,-1,0.5,0.01,maf01_ldak,24,0.1265,0.4181
covldsc,67,-1,0.5,0.01,maf01_ldak,24,-0.1601,0.3638
covldsc,68,-1,0.5,0.01,maf01_ldak,24,0.2835,0.3641
covldsc,69,-1,0.5,0.01,maf01_ldak,24,0.7011,0.3755
covldsc,7,-1,0.5,0.01,maf01_ldak,24,-0.1151,0.3337
covldsc,70,-1,0.5,0.01,maf01_ldak,24,0.6418,0.3716
covldsc,71,-1,0.5,0.01,maf01_ldak,24,-0.0724,0.3379
covldsc,72,-1,0.5,0.01,maf01_ldak,24,-0.0095,0.3366
covldsc,73,-1,0.5,0.01,maf01_ldak,24,0.4118,0.3867
covldsc,74,-1,0.5,0.01,maf01_ldak,24,-0.4341,0.3935
covldsc,75,-1,0.5,0.01,maf01_ldak,24,0.4238,0.3526
covldsc,76,-1,0.5,0.01,maf01_ldak,24,0.3228,0.3451
covldsc,77,-1,0.5,0.01,maf01_ldak,24,0.5504,0.3938
covldsc,78,-1,0.5,0.01,maf01_ldak,24,0.1183,0.3553
covldsc,79,-1,0.5,0.01,maf01_ldak,24,-0.0161,0.3519
covldsc,8,-1,0.5,0.01,maf01_ldak,24,0.5438,0.3936
covldsc,80,-1,0.5,0.01,maf01_ldak,24,0.6366,0.3068
covldsc,81,-1,0.5,0.01,maf01_ldak,24,-0.0244,0.3532
covldsc,82,-1,0.5,0.01,maf01_ldak,24,-0.1368,0.3488
covldsc,83,-1,0.5,0.01,maf01_ldak,24,0.3902,0.3634
covldsc,84,-1,0.5,0.01,maf01_ldak,24,0.2378,0.3808
covldsc,85,-1,0.5,0.01,maf01_ldak,24,0.3926,0.376
covldsc,86,-1,0.5,0.01,maf01_ldak,24,-0.0727,0.3979
covldsc,87,-1,0.5,0.01,maf01_ldak,24,0.4825,0.347
covldsc,88,-1,0.5,0.01,maf01_ldak,24,0.0169,0.3977
covldsc,89,-1,0.5,0.01,maf01_ldak,24,0.0927,0.3544
covldsc,9,-1,0.5,0.01,maf01_ldak,24,-0.1944,0.3632
covldsc,90,-1,0.5,0.01,maf01_ldak,24,-0.6486,0.3422
covldsc,91,-1,0.5,0.01,maf01_ldak,24,0.3297,0.3774
covldsc,92,-1,0.5,0.01,maf01_ldak,24,0.0219,0.3755
covldsc,93,-1,0.5,0.01,maf01_ldak,24,0.5344,0.3452
covldsc,94,-1,0.5,0.01,maf01_ldak,24,-0.2751,0.4251
covldsc,95,-1,0.5,0.01,maf01_ldak,24,-0.2202,0.338
covldsc,96,-1,0.5,0.01,maf01_ldak,24,0.1049,0.3549
covldsc,97,-1,0.5,0.01,maf01_ldak,24,-0.0235,0.3751
covldsc,98,-1,0.5,0.01,maf01_ldak,24,0.4296,0.3508
covldsc,99,-1,0.5,0.01,maf01_ldak,24,0.8915,0.3887
covldsc,0,-1,0.5,0.01,maf05_ldak,24,-0.4644,0.36
covldsc,1,-1,0.5,0.01,maf05_ldak,24,0.1189,0.3272
covldsc,10,-1,0.5,0.01,maf05_ldak,24,-0.1953,0.4169
covldsc,11,-1,0.5,0.01,maf05_ldak,24,-0.1868,0.3849
covldsc,12,-1,0.5,0.01,maf05_ldak,24,0.0278,0.3708
covldsc,13,-1,0.5,0.01,maf05_ldak,24,-0.3296,0.3696
covldsc,14,-1,0.5,0.01,maf05_ldak,24,0.6673,0.3265
covldsc,15,-1,0.5,0.01,maf05_ldak,24,0.4888,0.4073
covldsc,16,-1,0.5,0.01,maf05_ldak,24,0.7055,0.3881
covldsc,17,-1,0.5,0.01,maf05_ldak,24,-0.05,0.3823
covldsc,18,-1,0.5,0.01,maf05_ldak,24,-0.1047,0.2909
covldsc,19,-1,0.5,0.01,maf05_ldak,24,-0.0719,0.3639
covldsc,2,-1,0.5,0.01,maf05_ldak,24,0.6764,0.391
covldsc,20,-1,0.5,0.01,maf05_ldak,24,0.1058,0.3462
covldsc,21,-1,0.5,0.01,maf05_ldak,24,0.5355,0.3561
covldsc,22,-1,0.5,0.01,maf05_ldak,24,0.9609,0.3687
covldsc,23,-1,0.5,0.01,maf05_ldak,24,0.1631,0.4105
covldsc,24,-1,0.5,0.01,maf05_ldak,24,0.3825,0.3889
covldsc,25,-1,0.5,0.01,maf05_ldak,24,0.114,0.3443
covldsc,26,-1,0.5,0.01,maf05_ldak,24,0.3165,0.3743
covldsc,27,-1,0.5,0.01,maf05_ldak,24,-0.8216,0.343
covldsc,28,-1,0.5,0.01,maf05_ldak,24,0.5607,0.3509
covldsc,29,-1,0.5,0.01,maf05_ldak,24,-0.1097,0.369
covldsc,3,-1,0.5,0.01,maf05_ldak,24,0.0265,0.3644
covldsc,30,-1,0.5,0.01,maf05_ldak,24,0.1673,0.3762
covldsc,31,-1,0.5,0.01,maf05_ldak,24,0.2379,0.3651
covldsc,32,-1,0.5,0.01,maf05_ldak,24,0.1561,0.4361
covldsc,33,-1,0.5,0.01,maf05_ldak,24,0.0631,0.3347
covldsc,34,-1,0.5,0.01,maf05_ldak,24,-0.4394,0.389
covldsc,35,-1,0.5,0.01,maf05_ldak,24,0.3335,0.3537
covldsc,36,-1,0.5,0.01,maf05_ldak,24,0.0654,0.3374
covldsc,37,-1,0.5,0.01,maf05_ldak,24,0.1881,0.3969
covldsc,38,-1,0.5,0.01,maf05_ldak,24,0.2279,0.3685
covldsc,39,-1,0.5,0.01,maf05_ldak,24,-0.744,0.3451
covldsc,4,-1,0.5,0.01,maf05_ldak,24,0.2798,0.3766
covldsc,40,-1,0.5,0.01,maf05_ldak,24,0.1228,0.3701
covldsc,41,-1,0.5,0.01,maf05_ldak,24,-0.5226,0.3845
covldsc,42,-1,0.5,0.01,maf05_ldak,24,0.4944,0.4264
covldsc,43,-1,0.5,0.01,maf05_ldak,24,0.5088,0.3573
covldsc,44,-1,0.5,0.01,maf05_ldak,24,0.8967,0.3859
covldsc,45,-1,0.5,0.01,maf05_ldak,24,0.272,0.3482
covldsc,46,-1,0.5,0.01,maf05_ldak,24,0.2809,0.332
covldsc,47,-1,0.5,0.01,maf05_ldak,24,-0.0233,0.431
covldsc,48,-1,0.5,0.01,maf05_ldak,24,-0.56,0.3565
covldsc,49,-1,0.5,0.01,maf05_ldak,24,0.7018,0.3632
covldsc,5,-1,0.5,0.01,maf05_ldak,24,0.8126,0.3765
covldsc,50,-1,0.5,0.01,maf05_ldak,24,0.2141,0.3949
covldsc,51,-1,0.5,0.01,maf05_ldak,24,0.3023,0.3598
covldsc,52,-1,0.5,0.01,maf05_ldak,24,0.4149,0.3267
covldsc,53,-1,0.5,0.01,maf05_ldak,24,0.3175,0.4173
covldsc,54,-1,0.5,0.01,maf05_ldak,24,-0.2796,0.3596
covldsc,55,-1,0.5,0.01,maf05_ldak,24,0.5296,0.4105
covldsc,56,-1,0.5,0.01,maf05_ldak,24,0.3937,0.368
covldsc,57,-1,0.5,0.01,maf05_ldak,24,0.5497,0.4354
covldsc,58,-1,0.5,0.01,maf05_ldak,24,0.33,0.3831
covldsc,59,-1,0.5,0.01,maf05_ldak,24,0.3144,0.4071
covldsc,6,-1,0.5,0.01,maf05_ldak,24,0.3783,0.3237
covldsc,60,-1,0.5,0.01,maf05_ldak,24,0.0894,0.404
covldsc,61,-1,0.5,0.01,maf05_ldak,24,0.3543,0.362
covldsc,62,-1,0.5,0.01,maf05_ldak,24,0.3258,0.3524
covldsc,63,-1,0.5,0.01,maf05_ldak,24,0.0276,0.3478
covldsc,64,-1,0.5,0.01,maf05_ldak,24,-0.1626,0.3583
covldsc,65,-1,0.5,0.01,maf05_ldak,24,-0.4854,0.3551
covldsc,66,-1,0.5,0.01,maf05_ldak,24,0.1065,0.3678
covldsc,67,-1,0.5,0.01,maf05_ldak,24,0.1001,0.4564
covldsc,68,-1,0.5,0.01,maf05_ldak,24,-0.0733,0.3542
covldsc,69,-1,0.5,0.01,maf05_ldak,24,0.2841,0.368
covldsc,7,-1,0.5,0.01,maf05_ldak,24,0.5666,0.4202
covldsc,70,-1,0.5,0.01,maf05_ldak,24,1.2916,0.4224
covldsc,71,-1,0.5,0.01,maf05_ldak,24,0.586,0.4129
covldsc,72,-1,0.5,0.01,maf05_ldak,24,0.355,0.3542
covldsc,73,-1,0.5,0.01,maf05_ldak,24,0.4634,0.3729
covldsc,74,-1,0.5,0.01,maf05_ldak,24,0.0014,0.3905
covldsc,75,-1,0.5,0.01,maf05_ldak,24,-0.053,0.3424
covldsc,76,-1,0.5,0.01,maf05_ldak,24,0.3041,0.3089
covldsc,77,-1,0.5,0.01,maf05_ldak,24,0.7392,0.3757
covldsc,78,-1,0.5,0.01,maf05_ldak,24,0.0907,0.3615
covldsc,79,-1,0.5,0.01,maf05_ldak,24,0.2522,0.3893
covldsc,8,-1,0.5,0.01,maf05_ldak,24,0.614,0.3688
covldsc,80,-1,0.5,0.01,maf05_ldak,24,0.0549,0.3688
covldsc,81,-1,0.5,0.01,maf05_ldak,24,0.2758,0.4022
covldsc,82,-1,0.5,0.01,maf05_ldak,24,0.1727,0.3084
covldsc,83,-1,0.5,0.01,maf05_ldak,24,0.0064,0.3529
covldsc,84,-1,0.5,0.01,maf05_ldak,24,0.5716,0.3712
covldsc,85,-1,0.5,0.01,maf05_ldak,24,0.6688,0.3589
covldsc,86,-1,0.5,0.01,maf05_ldak,24,0.5155,0.3757
covldsc,87,-1,0.5,0.01,maf05_ldak,24,-0.1514,0.3922
covldsc,88,-1,0.5,0.01,maf05_ldak,24,0.341,0.4036
covldsc,89,-1,0.5,0.01,maf05_ldak,24,0.6249,0.3537
covldsc,9,-1,0.5,0.01,maf05_ldak,24,-0.1915,0.349
covldsc,90,-1,0.5,0.01,maf05_ldak,24,0.0269,0.3623
covldsc,91,-1,0.5,0.01,maf05_ldak,24,0.8755,0.3731
covldsc,92,-1,0.5,0.01,maf05_ldak,24,0.1753,0.3793
covldsc,93,-1,0.5,0.01,maf05_ldak,24,0.4153,0.3494
covldsc,94,-1,0.5,0.01,maf05_ldak,24,-0.0454,0.3683
covldsc,95,-1,0.5,0.01,maf05_ldak,24,0.1243,0.3428
covldsc,96,-1,0.5,0.01,maf05_ldak,24,0.1173,0.4047
covldsc,97,-1,0.5,0.01,maf05_ldak,24,0.1602,0.3692
covldsc,98,-1,0.5,0.01,maf05_ldak,24,0.7246,0.3574
covldsc,99,-1,0.5,0.01,maf05_ldak,24,0.4263,0.3862
ldsc,0,20000,0.5,0.01,maf01,24,-0.2374,0.4504
ldsc,1,20000,0.5,0.01,maf01,24,0.4899,0.4047
ldsc,10,20000,0.5,0.01,maf01,24,0.6093,0.3813
ldsc,11,20000,0.5,0.01,maf01,24,-0.3105,0.3783
ldsc,12,20000,0.5,0.01,maf01,24,0.6404,0.349
ldsc,13,20000,0.5,0.01,maf01,24,0.4491,0.3999
ldsc,14,20000,0.5,0.01,maf01,24,1.2929,0.6058
ldsc,15,20000,0.5,0.01,maf01,24,1.641,0.3824
ldsc,16,20000,0.5,0.01,maf01,24,0.1516,0.4488
ldsc,17,20000,0.5,0.01,maf01,24,-0.2798,0.3998
ldsc,18,20000,0.5,0.01,maf01,24,-0.0472,0.3599
ldsc,19,20000,0.5,0.01,maf01,24,0.268,0.3726
ldsc,2,20000,0.5,0.01,maf01,24,0.5426,0.378
ldsc,20,20000,0.5,0.01,maf01,24,0.1537,0.3846
ldsc,21,20000,0.5,0.01,maf01,24,0.1469,0.4356
ldsc,22,20000,0.5,0.01,maf01,24,0.3736,0.3676
ldsc,23,20000,0.5,0.01,maf01,24,0.2738,0.3982
ldsc,24,20000,0.5,0.01,maf01,24,0.0871,0.4148
ldsc,25,20000,0.5,0.01,maf01,24,-0.1367,0.4877
ldsc,26,20000,0.5,0.01,maf01,24,1.0927,0.4077
ldsc,27,20000,0.5,0.01,maf01,24,-0.3118,0.365
ldsc,28,20000,0.5,0.01,maf01,24,0.8072,0.3874
ldsc,29,20000,0.5,0.01,maf01,24,0.3597,0.3914
ldsc,3,20000,0.5,0.01,maf01,24,0.1667,0.4082
ldsc,30,20000,0.5,0.01,maf01,24,0.931,0.3887
ldsc,31,20000,0.5,0.01,maf01,24,0.497,0.3959
ldsc,32,20000,0.5,0.01,maf01,24,0.6997,0.3302
ldsc,33,20000,0.5,0.01,maf01,24,0.7534,0.3449
ldsc,34,20000,0.5,0.01,maf01,24,0.3875,0.4482
ldsc,35,20000,0.5,0.01,maf01,24,0.7815,0.3491
ldsc,36,20000,0.5,0.01,maf01,24,1.4567,0.3913
ldsc,37,20000,0.5,0.01,maf01,24,0.583,0.3708
ldsc,38,20000,0.5,0.01,maf01,24,0.7904,0.3246
ldsc,39,20000,0.5,0.01,maf01,24,0.3878,0.3945
ldsc,4,20000,0.5,0.01,maf01,24,0.0613,0.3891
ldsc,40,20000,0.5,0.01,maf01,24,0.476,0.375
ldsc,41,20000,0.5,0.01,maf01,24,0.6559,0.3413
ldsc,42,20000,0.5,0.01,maf01,24,0.8161,0.3458
ldsc,43,20000,0.5,0.01,maf01,24,1.3996,0.4822
ldsc,44,20000,0.5,0.01,maf01,24,0.6203,0.3445
ldsc,45,20000,0.5,0.01,maf01,24,0.1478,0.3488
ldsc,46,20000,0.5,0.01,maf01,24,0.2698,0.3628
ldsc,47,20000,0.5,0.01,maf01,24,0.7113,0.4107
ldsc,48,20000,0.5,0.01,maf01,24,-0.2804,0.3463
ldsc,49,20000,0.5,0.01,maf01,24,0.1489,0.336
ldsc,5,20000,0.5,0.01,maf01,24,0.7729,0.3982
ldsc,50,20000,0.5,0.01,maf01,24,0.521,0.3769
ldsc,51,20000,0.5,0.01,maf01,24,0.4992,0.3572
ldsc,52,20000,0.5,0.01,maf01,24,0.8456,0.3821
ldsc,53,20000,0.5,0.01,maf01,24,0.4533,0.3559
ldsc,54,20000,0.5,0.01,maf01,24,0.262,0.3739
ldsc,55,20000,0.5,0.01,maf01,24,0.0729,0.4329
ldsc,56,20000,0.5,0.01,maf01,24,0.1609,0.3992
ldsc,57,20000,0.5,0.01,maf01,24,0.8099,0.3803
ldsc,58,20000,0.5,0.01,maf01,24,0.5878,0.3483
ldsc,59,20000,0.5,0.01,maf01,24,0.3034,0.3824
ldsc,6,20000,0.5,0.01,maf01,24,0.0889,0.3681
ldsc,60,20000,0.5,0.01,maf01,24,0.9339,0.3787
ldsc,61,20000,0.5,0.01,maf01,24,0.2623,0.3634
ldsc,62,20000,0.5,0.01,maf01,24,0.5587,0.3372
ldsc,63,20000,0.5,0.01,maf01,24,0.1837,0.3472
ldsc,64,20000,0.5,0.01,maf01,24,0.2993,0.3817
ldsc,65,20000,0.5,0.01,maf01,24,0.3646,0.3709
ldsc,66,20000,0.5,0.01,maf01,24,-0.0151,0.3327
ldsc,67,20000,0.5,0.01,maf01,24,0.9741,0.3592
ldsc,68,20000,0.5,0.01,maf01,24,0.2929,0.4138
ldsc,69,20000,0.5,0.01,maf01,24,0.5381,0.3692
ldsc,7,20000,0.5,0.01,maf01,24,0.2561,0.369
ldsc,70,20000,0.5,0.01,maf01,24,0.7865,0.4062
ldsc,71,20000,0.5,0.01,maf01,24,0.6462,0.5979
ldsc,72,20000,0.5,0.01,maf01,24,0.1465,0.3366
ldsc,73,20000,0.5,0.01,maf01,24,0.3693,0.3957
ldsc,74,20000,0.5,0.01,maf01,24,0.5091,0.383
ldsc,75,20000,0.5,0.01,maf01,24,-0.2541,0.3743
ldsc,76,20000,0.5,0.01,maf01,24,0.5295,0.3582
ldsc,77,20000,0.5,0.01,maf01,24,0.5328,0.3304
ldsc,78,20000,0.5,0.01,maf01,24,0.4866,0.3548
ldsc,79,20000,0.5,0.01,maf01,24,0.7591,0.4019
ldsc,8,20000,0.5,0.01,maf01,24,0.0405,0.3592
ldsc,80,20000,0.5,0.01,maf01,24,0.572,0.3862
ldsc,81,20000,0.5,0.01,maf01,24,0.8984,0.3979
ldsc,82,20000,0.5,0.01,maf01,24,0.1559,0.4124
ldsc,83,20000,0.5,0.01,maf01,24,0.5688,0.407
ldsc,84,20000,0.5,0.01,maf01,24,0.7467,0.3758
ldsc,85,20000,0.5,0.01,maf01,24,0.5799,0.4017
ldsc,86,20000,0.5,0.01,maf01,24,0.4227,0.372
ldsc,87,20000,0.5,0.01,maf01,24,0.1513,0.3965
ldsc,88,20000,0.5,0.01,maf01,24,-0.2515,0.3623
ldsc,89,20000,0.5,0.01,maf01,24,0.0979,0.3666
ldsc,9,20000,0.5,0.01,maf01,24,0.3828,0.35
ldsc,90,20000,0.5,0.01,maf01,24,1.0015,0.635
ldsc,91,20000,0.5,0.01,maf01,24,0.5936,0.3499
ldsc,92,20000,0.5,0.01,maf01,24,-0.1439,0.3518
ldsc,93,20000,0.5,0.01,maf01,24,0.9739,0.5006
ldsc,94,20000,0.5,0.01,maf01,24,0.3118,0.3663
ldsc,95,20000,0.5,0.01,maf01,24,0.0133,0.381
ldsc,96,20000,0.5,0.01,maf01,24,0.0374,0.3861
ldsc,97,20000,0.5,0.01,maf01,24,0.5776,0.4328
ldsc,98,20000,0.5,0.01,maf01,24,1.0833,0.4733
ldsc,99,20000,0.5,0.01,maf01,24,0.5301,0.3997
ldsc,0,20000,0.5,0.01,maf05,24,0.604,0.4126
ldsc,1,20000,0.5,0.01,maf05,24,0.4313,0.4106
ldsc,10,20000,0.5,0.01,maf05,24,0.2556,0.34
ldsc,11,20000,0.5,0.01,maf05,24,0.297,0.3685
ldsc,12,20000,0.5,0.01,maf05,24,0.6871,0.3376
ldsc,13,20000,0.5,0.01,maf05,24,0.1844,0.439
ldsc,14,20000,0.5,0.01,maf05,24,0.9701,0.4233
ldsc,15,20000,0.5,0.01,maf05,24,-0.1683,0.3704
ldsc,16,20000,0.5,0.01,maf05,24,-0.1667,0.4162
ldsc,17,20000,0.5,0.01,maf05,24,0.7755,0.3984
ldsc,18,20000,0.5,0.01,maf05,24,0.855,0.3432
ldsc,19,20000,0.5,0.01,maf05,24,0.4357,0.4162
ldsc,2,20000,0.5,0.01,maf05,24,0.3671,0.3529
ldsc,20,20000,0.5,0.01,maf05,24,0.1669,0.3918
ldsc,21,20000,0.5,0.01,maf05,24,0.3341,0.3518
ldsc,22,20000,0.5,0.01,maf05,24,0.6132,0.3801
ldsc,23,20000,0.5,0.01,maf05,24,0.6356,0.3859
ldsc,24,20000,0.5,0.01,maf05,24,0.8327,0.3951
ldsc,25,20000,0.5,0.01,maf05,24,0.6421,0.4018
ldsc,26,20000,0.5,0.01,maf05,24,1.3854,0.4003
ldsc,27,20000,0.5,0.01,maf05,24,0.5218,0.3674
ldsc,28,20000,0.5,0.01,maf05,24,0.4733,0.3457
ldsc,29,20000,0.5,0.01,maf05,24,0.6982,0.4206
ldsc,3,20000,0.5,0.01,maf05,24,0.3244,0.3701
ldsc,30,20000,0.5,0.01,maf05,24,0.1466,0.3612
ldsc,31,20000,0.5,0.01,maf05,24,-0.156,0.3674
ldsc,32,20000,0.5,0.01,maf05,24,0.7221,0.431
ldsc,33,20000,0.5,0.01,maf05,24,1.1018,0.3958
ldsc,34,20000,0.5,0.01,maf05,24,0.6535,0.366
ldsc,35,20000,0.5,0.01,maf05,24,-0.379,0.3641
ldsc,36,20000,0.5,0.01,maf05,24,1.1454,0.387
ldsc,37,20000,0.5,0.01,maf05,24,0.3884,0.3848
ldsc,38,20000,0.5,0.01,maf05,24,0.2245,0.3692
ldsc,39,20000,0.5,0.01,maf05,24,0.9156,0.4562
ldsc,4,20000,0.5,0.01,maf05,24,0.7835,0.4244
ldsc,40,20000,0.5,0.01,maf05,24,0.7768,0.3818
ldsc,41,20000,0.5,0.01,maf05,24,0.528,0.4429
ldsc,42,20000,0.5,0.01,maf05,24,0.8277,0.4042
ldsc,43,20000,0.5,0.01,maf05,24,1.5266,0.3541
ldsc,44,20000,0.5,0.01,maf05,24,1.2986,0.8331
ldsc,45,20000,0.5,0.01,maf05,24,-0.4535,0.3654
ldsc,46,20000,0.5,0.01,maf05,24,1.025,0.4457
ldsc,47,20000,0.5,0.01,maf05,24,0.4501,0.379
ldsc,48,20000,0.5,0.01,maf05,24,0.6658,0.4027
ldsc,49,20000,0.5,0.01,maf05,24,0.4053,0.3954
ldsc,5,20000,0.5,0.01,maf05,24,0.4411,0.4179
ldsc,50,20000,0.5,0.01,maf05,24,0.3718,0.3291
ldsc,51,20000,0.5,0.01,maf05,24,-0.0085,0.3279
ldsc,52,20000,0.5,0.01,maf05,24,0.1821,0.3798
ldsc,53,20000,0.5,0.01,maf05,24,0.8168,0.4026
ldsc,54,20000,0.5,0.01,maf05,24,0.8403,0.3867
ldsc,55,20000,0.5,0.01,maf05,24,0.8538,0.4271
ldsc,56,20000,0.5,0.01,maf05,24,0.2255,0.3763
ldsc,57,20000,0.5,0.01,maf05,24,-0.1155,0.3649
ldsc,58,20000,0.5,0.01,maf05,24,0.6756,0.3887
ldsc,59,20000,0.5,0.01,maf05,24,0.375,0.4306
ldsc,6,20000,0.5,0.01,maf05,24,0.0963,0.4152
ldsc,60,20000,0.5,0.01,maf05,24,0.9466,0.3779
ldsc,61,20000,0.5,0.01,maf05,24,0.7254,0.4812
ldsc,62,20000,0.5,0.01,maf05,24,0.2927,0.4309
ldsc,63,20000,0.5,0.01,maf05,24,0.6346,0.429
ldsc,64,20000,0.5,0.01,maf05,24,0.3877,0.4129
ldsc,65,20000,0.5,0.01,maf05,24,1.4273,0.3453
ldsc,66,20000,0.5,0.01,maf05,24,1.0105,0.4992
ldsc,67,20000,0.5,0.01,maf05,24,0.2152,0.3399
ldsc,68,20000,0.5,0.01,maf05,24,0.1477,0.419
ldsc,69,20000,0.5,0.01,maf05,24,0.5319,0.4117
ldsc,7,20000,0.5,0.01,maf05,24,1.0796,0.441
ldsc,70,20000,0.5,0.01,maf05,24,0.6732,0.3439
ldsc,71,20000,0.5,0.01,maf05,24,0.5605,0.3903
ldsc,72,20000,0.5,0.01,maf05,24,0.3619,0.3817
ldsc,73,20000,0.5,0.01,maf05,24,0.7505,0.4746
ldsc,74,20000,0.5,0.01,maf05,24,0.5425,0.3719
ldsc,75,20000,0.5,0.01,maf05,24,0.4389,0.3999
ldsc,76,20000,0.5,0.01,maf05,24,1.4261,0.3921
ldsc,77,20000,0.5,0.01,maf05,24,-0.0799,0.3971
ldsc,78,20000,0.5,0.01,maf05,24,0.307,0.3946
ldsc,79,20000,0.5,0.01,maf05,24,-0.0617,0.3996
ldsc,8,20000,0.5,0.01,maf05,24,0.1969,0.3763
ldsc,80,20000,0.5,0.01,maf05,24,1.1669,0.3815
ldsc,81,20000,0.5,0.01,maf05,24,0.6618,0.3895
ldsc,82,20000,0.5,0.01,maf05,24,-0.1342,0.3944
ldsc,83,20000,0.5,0.01,maf05,24,0.2333,0.4124
ldsc,84,20000,0.5,0.01,maf05,24,-0.1774,0.3658
ldsc,85,20000,0.5,0.01,maf05,24,0.0484,0.3036
ldsc,86,20000,0.5,0.01,maf05,24,0.5766,0.3856
ldsc,87,20000,0.5,0.01,maf05,24,1.2056,0.4181
ldsc,88,20000,0.5,0.01,maf05,24,0.8519,0.3871
ldsc,89,20000,0.5,0.01,maf05,24,0.5338,0.395
ldsc,9,20000,0.5,0.01,maf05,24,0.4545,0.3535
ldsc,90,20000,0.5,0.01,maf05,24,0.1873,0.4169
ldsc,91,20000,0.5,0.01,maf05,24,-0.4076,0.3766
ldsc,92,20000,0.5,0.01,maf05,24,0.7851,0.3721
ldsc,93,20000,0.5,0.01,maf05,24,0.7754,0.3954
ldsc,94,20000,0.5,0.01,maf05,24,1.0134,0.3882
ldsc,95,20000,0.5,0.01,maf05,24,0.9162,0.369
ldsc,96,20000,0.5,0.01,maf05,24,0.5425,0.3829
ldsc,97,20000,0.5,0.01,maf05,24,0.0828,0.3623
ldsc,98,20000,0.5,0.01,maf05,24,0.3068,0.4002
ldsc,99,20000,0.5,0.01,maf05,24,0.3221,0.4216
ldsc,0,20000,0.5,0.01,maf01_ldak,24,0.0536,0.3528
ldsc,1,20000,0.5,0.01,maf01_ldak,24,0.074,0.3689
ldsc,10,20000,0.5,0.01,maf01_ldak,24,0.5118,0.3787
ldsc,11,20000,0.5,0.01,maf01_ldak,24,0.2568,0.4108
ldsc,12,20000,0.5,0.01,maf01_ldak,24,0.0381,0.318
ldsc,13,20000,0.5,0.01,maf01_ldak,24,-0.3138,0.3099
ldsc,14,20000,0.5,0.01,maf01_ldak,24,-0.2877,0.3051
ldsc,15,20000,0.5,0.01,maf01_ldak,24,-0.2634,0.3469
ldsc,16,20000,0.5,0.01,maf01_ldak,24,-0.1011,0.3469
ldsc,17,20000,0.5,0.01,maf01_ldak,24,-0.0472,0.4677
ldsc,18,20000,0.5,0.01,maf01_ldak,24,0.1981,0.3628
ldsc,19,20000,0.5,0.01,maf01_ldak,24,-0.2863,0.3379
ldsc,2,20000,0.5,0.01,maf01_ldak,24,0.482,0.3863
ldsc,20,20000,0.5,0.01,maf01_ldak,24,0.2922,0.3212
ldsc,21,20000,0.5,0.01,maf01_ldak,24,-0.0291,0.3747
ldsc,22,20000,0.5,0.01,maf01_ldak,24,0.6349,0.344
ldsc,23,20000,0.5,0.01,maf01_ldak,24,0.2404,0.3799
ldsc,24,20000,0.5,0.01,maf01_ldak,24,0.114,0.3391
ldsc,25,20000,0.5,0.01,maf01_ldak,24,-0.3169,0.333
ldsc,26,20000,0.5,0.01,maf01_ldak,24,0.3643,0.3313
ldsc,27,20000,0.5,0.01,maf01_ldak,24,0.0989,0.3911
ldsc,28,20000,0.5,0.01,maf01_ldak,24,-0.4141,0.3919
ldsc,29,20000,0.5,0.01,maf01_ldak,24,0.06,0.3801
ldsc,3,20000,0.5,0.01,maf01_ldak,24,-0.0731,0.3508
ldsc,30,20000,0.5,0.01,maf01_ldak,24,-0.4358,0.3752
ldsc,31,20000,0.5,0.01,maf01_ldak,24,-0.0368,0.3525
ldsc,32,20000,0.5,0.01,maf01_ldak,24,0.3326,0.3049
ldsc,33,20000,0.5,0.01,maf01_ldak,24,0.1533,0.3759
ldsc,34,20000,0.5,0.01,maf01_ldak,24,0.576,0.3628
ldsc,35,20000,0.5,0.01,maf01_ldak,24,0.2385,0.3621
ldsc,36,20000,0.5,0.01,maf01_ldak,24,0.1335,0.4018
ldsc,37,20000,0.5,0.01,maf01_ldak,24,0.1272,0.3871
ldsc,38,20000,0.5,0.01,maf01_ldak,24,0.601,0.3644
ldsc,39,20000,0.5,0.01,maf01_ldak,24,0.0725,0.3424
ldsc,4,20000,0.5,0.01,maf01_ldak,24,0.4724,0.3558
ldsc,40,20000,0.5,0.01,maf01_ldak,24,-0.0139,0.357
ldsc,41,20000,0.5,0.01,maf01_ldak,24,-0.5461,0.3924
ldsc,42,20000,0.5,0.01,maf01_ldak,24,0.3432,0.3222
ldsc,43,20000,0.5,0.01,maf01_ldak,24,0.1386,0.3454
ldsc,44,20000,0.5,0.01,maf01_ldak,24,0.2139,0.3403
ldsc,45,20000,0.5,0.01,maf01_ldak,24,-0.5062,0.3398
ldsc,46,20000,0.5,0.01,maf01_ldak,24,0.0411,0.3934
ldsc,47,20000,0.5,0.01,maf01_ldak,24,0.3053,0.372
ldsc,48,20000,0.5,0.01,maf01_ldak,24,0.8303,0.3884
ldsc,49,20000,0.5,0.01,maf01_ldak,24,0.2875,0.3689
ldsc,5,20000,0.5,0.01,maf01_ldak,24,0.828,0.3443
ldsc,50,20000,0.5,0.01,maf01_ldak,24,0.4038,0.3359
ldsc,51,20000,0.5,0.01,maf01_ldak,24,0.7062,0.3486
ldsc,52,20000,0.5,0.01,maf01_ldak,24,0.421,0.4029
ldsc,53,20000,0.5,0.01,maf01_ldak,24,0.0014,0.3484
ldsc,54,20000,0.5,0.01,maf01_ldak,24,0.858,0.3642
ldsc,55,20000,0.5,0.01,maf01_ldak,24,-0.0472,0.3994
ldsc,56,20000,0.5,0.01,maf01_ldak,24,0.0008,0.3657
ldsc,57,20000,0.5,0.01,maf01_ldak,24,0.5789,0.3695
ldsc,58,20000,0.5,0.01,maf01_ldak,24,0.118,0.3312
ldsc,59,20000,0.5,0.01,maf01_ldak,24,0.4355,0.3722
ldsc,6,20000,0.5,0.01,maf01_ldak,24,0.6901,0.3439
ldsc,60,20000,0.5,0.01,maf01_ldak,24,0.4947,0.3866
ldsc,61,20000,0.5,0.01,maf01_ldak,24,-0.1271,0.3283
ldsc,62,20000,0.5,0.01,maf01_ldak,24,0.5438,0.3351
ldsc,63,20000,0.5,0.01,maf01_ldak,24,0.4975,0.3991
ldsc,64,20000,0.5,0.01,maf01_ldak,24,0.6117,0.3235
ldsc,65,20000,0.5,0.01,maf01_ldak,24,0.1931,0.3858
ldsc,66,20000,0.5,0.01,maf01_ldak,24,0.1811,0.4214
ldsc,67,20000,0.5,0.01,maf01_ldak,24,-0.1526,0.3657
ldsc,68,20000,0.5,0.01,maf01_ldak,24,0.2216,0.3594
ldsc,69,20000,0.5,0.01,maf01_ldak,24,0.6376,0.3735
ldsc,7,20000,0.5,0.01,maf01_ldak,24,-0.112,0.3353
ldsc,70,20000,0.5,0.01,maf01_ldak,24,0.6131,0.3698
ldsc,71,20000,0.5,0.01,maf01_ldak,24,-0.1224,0.3281
ldsc,72,20000,0.5,0.01,maf01_ldak,24,-0.0847,0.3361
ldsc,73,20000,0.5,0.01,maf01_ldak,24,0.594,0.3877
ldsc,74,20000,0.5,0.01,maf01_ldak,24,-0.4055,0.3898
ldsc,75,20000,0.5,0.01,maf01_ldak,24,0.3834,0.3437
ldsc,76,20000,0.5,0.01,maf01_ldak,24,0.3083,0.3482
ldsc,77,20000,0.5,0.01,maf01_ldak,24,0.4886,0.386
ldsc,78,20000,0.5,0.01,maf01_ldak,24,0.1636,0.3601
ldsc,79,20000,0.5,0.01,maf01_ldak,24,0.0119,0.3538
ldsc,8,20000,0.5,0.01,maf01_ldak,24,0.5191,0.3815
ldsc,80,20000,0.5,0.01,maf01_ldak,24,0.6502,0.2998
ldsc,81,20000,0.5,0.01,maf01_ldak,24,-0.0523,0.3515
ldsc,82,20000,0.5,0.01,maf01_ldak,24,-0.1427,0.3371
ldsc,83,20000,0.5,0.01,maf01_ldak,24,0.4288,0.3583
ldsc,84,20000,0.5,0.01,maf01_ldak,24,0.3386,0.3693
ldsc,85,20000,0.5,0.01,maf01_ldak,24,0.3938,0.3691
ldsc,86,20000,0.5,0.01,maf01_ldak,24,-0.147,0.4003
ldsc,87,20000,0.5,0.01,maf01_ldak,24,0.3571,0.3492
ldsc,88,20000,0.5,0.01,maf01_ldak,24,0.0492,0.3922
ldsc,89,20000,0.5,0.01,maf01_ldak,24,0.1433,0.3519
ldsc,9,20000,0.5,0.01,maf01_ldak,24,-0.1699,0.3579
ldsc,90,20000,0.5,0.01,maf01_ldak,24,-0.6078,0.3401
ldsc,91,20000,0.5,0.01,maf01_ldak,24,0.2748,0.3768
ldsc,92,20000,0.5,0.01,maf01_ldak,24,0.0388,0.3762
ldsc,93,20000,0.5,0.01,maf01_ldak,24,0.6001,0.343
ldsc,94,20000,0.5,0.01,maf01_ldak,24,-0.3703,0.4257
ldsc,95,20000,0.5,0.01,maf01_ldak,24,-0.3162,0.3294
ldsc,96,20000,0.5,0.01,maf01_ldak,24,0.1242,0.3594
ldsc,97,20000,0.5,0.01,maf01_ldak,24,0.0599,0.3702
ldsc,98,20000,0.5,0.01,maf01_ldak,24,0.3957,0.3466
ldsc,99,20000,0.5,0.01,maf01_ldak,24,0.8742,0.3856
ldsc,0,20000,0.5,0.01,maf05_ldak,24,-0.4056,0.3621
ldsc,1,20000,0.5,0.01,maf05_ldak,24,0.0779,0.3288
ldsc,10,20000,0.5,0.01,maf05_ldak,24,-0.1538,0.4122
ldsc,11,20000,0.5,0.01,maf05_ldak,24,-0.1821,0.3848
ldsc,12,20000,0.5,0.01,maf05_ldak,24,0.1485,0.3826
ldsc,13,20000,0.5,0.01,maf05_ldak,24,-0.2878,0.3735
ldsc,14,20000,0.5,0.01,maf05_ldak,24,0.6639,0.3276
ldsc,15,20000,0.5,0.01,maf05_ldak,24,0.4983,0.4045
ldsc,16,20000,0.5,0.01,maf05_ldak,24,0.6507,0.3852
ldsc,17,20000,0.5,0.01,maf05_ldak,24,-0.1153,0.3737
ldsc,18,20000,0.5,0.01,maf05_ldak,24,-0.1445,0.2921
ldsc,19,20000,0.5,0.01,maf05_ldak,24,-0.0065,0.3722
ldsc,2,20000,0.5,0.01,maf05_ldak,24,0.5892,0.386
ldsc,20,20000,0.5,0.01,maf05_ldak,24,0.1121,0.3587
ldsc,21,20000,0.5,0.01,maf05_ldak,24,0.5663,0.3535
ldsc,22,20000,0.5,0.01,maf05_ldak,24,0.9446,0.365
ldsc,23,20000,0.5,0.01,maf05_ldak,24,0.1902,0.4063
ldsc,24,20000,0.5,0.01,maf05_ldak,24,0.3594,0.3876
ldsc,25,20000,0.5,0.01,maf05_ldak,24,-0.0039,0.3455
ldsc,26,20000,0.5,0.01,maf05_ldak,24,0.197,0.3684
ldsc,27,20000,0.5,0.01,maf05_ldak,24,-0.8665,0.3362
ldsc,28,20000,0.5,0.01,maf05_ldak,24,0.5415,0.3623
ldsc,29,20000,0.5,0.01,maf05_ldak,24,-0.1452,0.3708
ldsc,3,20000,0.5,0.01,maf05_ldak,24,-0.0167,0.3647
ldsc,30,20000,0.5,0.01,maf05_ldak,24,0.1649,0.3654
ldsc,31,20000,0.5,0.01,maf05_ldak,24,0.2094,0.3608
ldsc,32,20000,0.5,0.01,maf05_ldak,24,0.1058,0.4359
ldsc,33,20000,0.5,0.01,maf05_ldak,24,0.1046,0.3403
ldsc,34,20000,0.5,0.01,maf05_ldak,24,-0.417,0.3842
ldsc,35,20000,0.5,0.01,maf05_ldak,24,0.2574,0.3556
ldsc,36,20000,0.5,0.01,maf05_ldak,24,0.0943,0.3368
ldsc,37,20000,0.5,0.01,maf05_ldak,24,0.1229,0.3896
ldsc,38,20000,0.5,0.01,maf05_ldak,24,0.1692,0.358
ldsc,39,20000,0.5,0.01,maf05_ldak,24,-0.7386,0.3409
ldsc,4,20000,0.5,0.01,maf05_ldak,24,0.2786,0.3793
ldsc,40,20000,0.5,0.01,maf05_ldak,24,0.158,0.3735
ldsc,41,20000,0.5,0.01,maf05_ldak,24,-0.5793,0.3872
ldsc,42,20000,0.5,0.01,maf05_ldak,24,0.4185,0.4217
ldsc,43,20000,0.5,0.01,maf05_ldak,24,0.5075,0.3536
ldsc,44,20000,0.5,0.01,maf05_ldak,24,0.8226,0.3808
ldsc,45,20000,0.5,0.01,maf05_ldak,24,0.2153,0.3462
ldsc,46,20000,0.5,0.01,maf05_ldak,24,0.3102,0.321
ldsc,47,20000,0.5,0.01,maf05_ldak,24,-0.1009,0.4325
ldsc,48,20000,0.5,0.01,maf05_ldak,24,-0.6019,0.3608
ldsc,49,20000,0.5,0.01,maf05_ldak,24,0.6268,0.3617
ldsc,5,20000,0.5,0.01,maf05_ldak,24,0.7987,0.3691
ldsc,50,20000,0.5,0.01,maf05_ldak,24,0.1773,0.3963
ldsc,51,20000,0.5,0.01,maf05_ldak,24,0.2377,0.3615
ldsc,52,20000,0.5,0.01,maf05_ldak,24,0.3939,0.3258
ldsc,53,20000,0.5,0.01,maf05_ldak,24,0.359,0.4169
ldsc,54,20000,0.5,0.01,maf05_ldak,24,-0.1889,0.3579
ldsc,55,20000,0.5,0.01,maf05_ldak,24,0.4416,0.4108
ldsc,56,20000,0.5,0.01,maf05_ldak,24,0.4421,0.3638
ldsc,57,20000,0.5,0.01,maf05_ldak,24,0.5348,0.4341
ldsc,58,20000,0.5,0.01,maf05_ldak,24,0.2324,0.3799
ldsc,59,20000,0.5,0.01,maf05_ldak,24,0.2649,0.4047
ldsc,6,20000,0.5,0.01,maf05_ldak,24,0.3884,0.3209
ldsc,60,20000,0.5,0.01,maf05_ldak,24,0.0813,0.4049
ldsc,61,20000,0.5,0.01,maf05_ldak,24,0.4675,0.3863
ldsc,62,20000,0.5,0.01,maf05_ldak,24,0.3819,0.3531
ldsc,63,20000,0.5,0.01,maf05_ldak,24,-0.0308,0.341
ldsc,64,20000,0.5,0.01,maf05_ldak,24,-0.0231,0.378
ldsc,65,20000,0.5,0.01,maf05_ldak,24,-0.5795,0.3499
ldsc,66,20000,0.5,0.01,maf05_ldak,24,0.1576,0.3648
ldsc,67,20000,0.5,0.01,maf05_ldak,24,0.0134,0.4534
ldsc,68,20000,0.5,0.01,maf05_ldak,24,-0.0664,0.3529
ldsc,69,20000,0.5,0.01,maf05_ldak,24,0.4165,0.3684
ldsc,7,20000,0.5,0.01,maf05_ldak,24,0.5076,0.4155
ldsc,70,20000,0.5,0.01,maf05_ldak,24,1.2758,0.4129
ldsc,71,20000,0.5,0.01,maf05_ldak,24,0.517,0.4181
ldsc,72,20000,0.5,0.01,maf05_ldak,24,0.3014,0.3556
ldsc,73,20000,0.5,0.01,maf05_ldak,24,0.4706,0.3792
ldsc,74,20000,0.5,0.01,maf05_ldak,24,-0.0321,0.3842
ldsc,75,20000,0.5,0.01,maf05_ldak,24,-0.0968,0.341
ldsc,76,20000,0.5,0.01,maf05_ldak,24,0.2849,0.3052
ldsc,77,20000,0.5,0.01,maf05_ldak,24,0.6946,0.3697
ldsc,78,20000,0.5,0.01,maf05_ldak,24,0.1676,0.3663
ldsc,79,20000,0.5,0.01,maf05_ldak,24,0.3388,0.4322
ldsc,8,20000,0.5,0.01,maf05_ldak,24,0.5085,0.3652
ldsc,80,20000,0.5,0.01,maf05_ldak,24,-0.0088,0.376
ldsc,81,20000,0.5,0.01,maf05_ldak,24,0.2767,0.3998
ldsc,82,20000,0.5,0.01,maf05_ldak,24,0.0645,0.3075
ldsc,83,20000,0.5,0.01,maf05_ldak,24,-0.07,0.354
ldsc,84,20000,0.5,0.01,maf05_ldak,24,0.7024,0.379
ldsc,85,20000,0.5,0.01,maf05_ldak,24,0.6384,0.3506
ldsc,86,20000,0.5,0.01,maf05_ldak,24,0.3924,0.372
ldsc,87,20000,0.5,0.01,maf05_ldak,24,-0.1832,0.3895
ldsc,88,20000,0.5,0.01,maf05_ldak,24,0.4319,0.3972
ldsc,89,20000,0.5,0.01,maf05_ldak,24,0.6535,0.3487
ldsc,9,20000,0.5,0.01,maf05_ldak,24,-0.1639,0.3411
ldsc,90,20000,0.5,0.01,maf05_ldak,24,0.0046,0.3652
ldsc,91,20000,0.5,0.01,maf05_ldak,24,0.8517,0.3797
ldsc,92,20000,0.5,0.01,maf05_ldak,24,0.2027,0.376
ldsc,93,20000,0.5,0.01,maf05_ldak,24,0.3736,0.3499
ldsc,94,20000,0.5,0.01,maf05_ldak,24,-0.0877,0.3655
ldsc,95,20000,0.5,0.01,maf05_ldak,24,0.1244,0.3347
ldsc,96,20000,0.5,0.01,maf05_ldak,24,0.0683,0.4044
ldsc,97,20000,0.5,0.01,maf05_ldak,24,0.107,0.3652
ldsc,98,20000,0.5,0.01,maf05_ldak,24,0.7038,0.3527
ldsc,99,20000,0.5,0.01,maf05_ldak,24,0.3862,0.3834
sumher,0,20000,0.5,0.01,maf01,24,0.502563,0.063157
sumher,1,20000,0.5,0.01,maf01,24,0.591048,0.06346
sumher,10,20000,0.5,0.01,maf01,24,0.555305,0.0633
sumher,11,20000,0.5,0.01,maf01,24,0.454911,0.063
sumher,12,20000,0.5,0.01,maf01,24,0.512825,0.063151
sumher,13,20000,0.5,0.01,maf01,24,0.518377,0.063204
sumher,14,20000,0.5,0.01,maf01,24,0.376152,0.062604
sumher,15,20000,0.5,0.01,maf01,24,0.585604,0.06333
sumher,16,20000,0.5,0.01,maf01,24,0.540982,0.063239
sumher,17,20000,0.5,0.01,maf01,24,0.551824,0.063397
sumher,18,20000,0.5,0.01,maf01,24,0.508852,0.063246
sumher,19,20000,0.5,0.01,maf01,24,0.465859,0.063012
sumher,2,20000,0.5,0.01,maf01,24,0.50825,0.063178
sumher,20,20000,0.5,0.01,maf01,24,0.492353,0.063092
sumher,21,20000,0.5,0.01,maf01,24,0.475506,0.063066
sumher,22,20000,0.5,0.01,maf01,24,0.533577,0.063235
sumher,23,20000,0.5,0.01,maf01,24,0.462789,0.063004
sumher,24,20000,0.5,0.01,maf01,24,0.53399,0.063282
sumher,25,20000,0.5,0.01,maf01,24,0.483369,0.063088
sumher,26,20000,0.5,0.01,maf01,24,0.573946,0.063357
sumher,27,20000,0.5,0.01,maf01,24,0.539464,0.063344
sumher,28,20000,0.5,0.01,maf01,24,0.507491,0.063116
sumher,29,20000,0.5,0.01,maf01,24,0.526824,0.063248
sumher,3,20000,0.5,0.01,maf01,24,0.488483,0.063109
sumher,30,20000,0.5,0.01,maf01,24,0.596224,0.06348
sumher,31,20000,0.5,0.01,maf01,24,0.369579,0.062587
sumher,32,20000,0.5,0.01,maf01,24,0.604621,0.063457
sumher,33,20000,0.5,0.01,maf01,24,0.468185,0.062958
sumher,34,20000,0.5,0.01,maf01,24,0.475547,0.063033
sumher,35,20000,0.5,0.01,maf01,24,0.522434,0.06316
sumher,36,20000,0.5,0.01,maf01,24,0.451114,0.06281
sumher,37,20000,0.5,0.01,maf01,24,0.583855,0.06343
sumher,38,20000,0.5,0.01,maf01,24,0.64014,0.063592
sumher,39,20000,0.5,0.01,maf01,24,0.604061,0.063511
sumher,4,20000,0.5,0.01,maf01,24,0.539104,0.063308
sumher,40,20000,0.5,0.01,maf01,24,0.521611,0.063176
sumher,41,20000,0.5,0.01,maf01,24,0.589993,0.063438
sumher,42,20000,0.5,0.01,maf01,24,0.493305,0.063067
sumher,43,20000,0.5,0.01,maf01,24,0.496362,0.063016
sumher,44,20000,0.5,0.01,maf01,24,0.518652,0.063142
sumher,45,20000,0.5,0.01,maf01,24,0.470074,0.063021
sumher,46,20000,0.5,0.01,maf01,24,0.452934,0.062951
sumher,47,20000,0.5,0.01,maf01,24,0.447942,0.062863
sumher,48,20000,0.5,0.01,maf01,24,0.433491,0.062951
sumher,49,20000,0.5,0.01,maf01,24,0.493619,0.063116
sumher,5,20000,0.5,0.01,maf01,24,0.549345,0.063286
sumher,50,20000,0.5,0.01,maf01,24,0.509453,0.063151
sumher,51,20000,0.5,0.01,maf01,24,0.493331,0.063117
sumher,52,20000,0.5,0.01,maf01,24,0.530054,0.063135
sumher,53,20000,0.5,0.01,maf01,24,0.409992,0.062782
sumher,54,20000,0.5,0.01,maf01,24,0.527835,0.06322
sumher,55,20000,0.5,0.01,maf01,24,0.552172,0.063324
sumher,56,20000,0.5,0.01,maf01,24,0.447041,0.062928
sumher,57,20000,0.5,0.01,maf01,24,0.487712,0.063005
sumher,58,20000,0.5,0.01,maf01,24,0.539887,0.063254
sumher,59,20000,0.5,0.01,maf01,24,0.547847,0.063323
sumher,6,20000,0.5,0.01,maf01,24,0.492502,0.063108
sumher,60,20000,0.5,0.01,maf01,24,0.452849,0.062924
sumher,61,20000,0.5,0.01,maf01,24,0.398429,0.062757
sumher,62,20000,0.5,0.01,maf01,24,0.48288,0.063062
sumher,63,20000,0.5,0.01,maf01,24,0.506562,0.063179
sumher,64,20000,0.5,0.01,maf01,24,0.577019,0.063437
sumher,65,20000,0.5,0.01,maf01,24,0.542053,0.06325
sumher,66,20000,0.5,0.01,maf01,24,0.541186,0.063292
sumher,67,20000,0.5,0.01,maf01,24,0.487787,0.063035
sumher,68,20000,0.5,0.01,maf01,24,0.536915,0.063295
sumher,69,20000,0.5,0.01,maf01,24,0.467736,0.062988
sumher,7,20000,0.5,0.01,maf01,24,0.422962,0.062809
sumher,70,20000,0.5,0.01,maf01,24,0.493625,0.063068
sumher,71,20000,0.5,0.01,maf01,24,0.442263,0.06286
sumher,72,20000,0.5,0.01,maf01,24,0.520631,0.063252
sumher,73,20000,0.5,0.01,maf01,24,0.625442,0.063596
sumher,74,20000,0.5,0.01,maf01,24,0.621084,0.063502
sumher,75,20000,0.5,0.01,maf01,24,0.463007,0.063062
sumher,76,20000,0.5,0.01,maf01,24,0.413105,0.062817
sumher,77,20000,0.5,0.01,maf01,24,0.508212,0.063137
sumher,78,20000,0.5,0.01,maf01,24,0.40054,0.062716
sumher,79,20000,0.5,0.01,maf01,24,0.438989,0.062874
sumher,8,20000,0.5,0.01,maf01,24,0.502596,0.063124
sumher,80,20000,0.5,0.01,maf01,24,0.510529,0.063114
sumher,81,20000,0.5,0.01,maf01,24,0.571054,0.063305
sumher,82,20000,0.5,0.01,maf01,24,0.505014,0.063153
sumher,83,20000,0.5,0.01,maf01,24,0.429036,0.062863
sumher,84,20000,0.5,0.01,maf01,24,0.435158,0.062854
sumher,85,20000,0.5,0.01,maf01,24,0.440889,0.062902
sumher,86,20000,0.5,0.01,maf01,24,0.531387,0.063252
sumher,87,20000,0.5,0.01,maf01,24,0.623048,0.063596
sumher,88,20000,0.5,0.01,maf01,24,0.469701,0.063085
sumher,89,20000,0.5,0.01,maf01,24,0.520162,0.063258
sumher,9,20000,0.5,0.01,maf01,24,0.529581,0.063224
sumher,90,20000,0.5,0.01,maf01,24,0.442744,0.062853
sumher,91,20000,0.5,0.01,maf01,24,0.60423,0.063466
sumher,92,20000,0.5,0.01,maf01,24,0.582977,0.06348
sumher,93,20000,0.5,0.01,maf01,24,0.566306,0.063309
sumher,94,20000,0.5,0.01,maf01,24,0.50996,0.063119
sumher,95,20000,0.5,0.01,maf01,24,0.477831,0.062994
sumher,96,20000,0.5,0.01,maf01,24,0.465416,0.063027
sumher,97,20000,0.5,0.01,maf01,24,0.372896,0.062617
sumher,98,20000,0.5,0.01,maf01,24,0.53757,0.063209
sumher,99,20000,0.5,0.01,maf01,24,0.456437,0.062897
sumher,0,20000,0.5,0.01,maf05,24,0.498727,0.062818
sumher,1,20000,0.5,0.01,maf05,24,0.525232,0.062916
sumher,10,20000,0.5,0.01,maf05,24,0.540546,0.062938
sumher,11,20000,0.5,0.01,maf05,24,0.521566,0.062827
sumher,12,20000,0.5,0.01,maf05,24,0.571743,0.063119
sumher,13,20000,0.5,0.01,maf05,24,0.53955,0.062988
sumher,14,20000,0.5,0.01,maf05,24,0.550574,0.062986
sumher,15,20000,0.5,0.01,maf05,24,0.427364,0.062468
sumher,16,20000,0.5,0.01,maf05,24,0.478928,0.06274
sumher,17,20000,0.5,0.01,maf05,24,0.502751,0.062832
sumher,18,20000,0.5,0.01,maf05,24,0.517938,0.062867
sumher,19,20000,0.5,0.01,maf05,24,0.526368,0.062901
sumher,2,20000,0.5,0.01,maf05,24,0.471628,0.062585
sumher,20,20000,0.5,0.01,maf05,24,0.570225,0.063081
sumher,21,20000,0.5,0.01,maf05,24,0.531184,0.063008
sumher,22,20000,0.5,0.01,maf05,24,0.650385,0.06341
sumher,23,20000,0.5,0.01,maf05,24,0.643998,0.063325
sumher,24,20000,0.5,0.01,maf05,24,0.553148,0.063013
sumher,25,20000,0.5,0.01,maf05,24,0.539312,0.062955
sumher,26,20000,0.5,0.01,maf05,24,0.611269,0.063164
sumher,27,20000,0.5,0.01,maf05,24,0.413924,0.062424
sumher,28,20000,0.5,0.01,maf05,24,0.631849,0.063333
sumher,29,20000,0.5,0.01,maf05,24,0.472801,0.06275
sumher,3,20000,0.5,0.01,maf05,24,0.464137,0.062725
sumher,30,20000,0.5,0.01,maf05,24,0.490633,0.062777
sumher,31,20000,0.5,0.01,maf05,24,0.377184,0.062419
sumher,32,20000,0.5,0.01,maf05,24,0.490339,0.06276
sumher,33,20000,0.5,0.01,maf05,24,0.562398,0.063026
sumher,34,20000,0.5,0.01,maf05,24,0.569544,0.06308
sumher,35,20000,0.5,0.01,maf05,24,0.492643,0.062836
sumher,36,20000,0.5,0.01,maf05,24,0.414805,0.062458
sumher,37,20000,0.5,0.01,maf05,24,0.510867,0.062844
sumher,38,20000,0.5,0.01,maf05,24,0.474887,0.062825
sumher,39,20000,0.5,0.01,maf05,24,0.543826,0.062905
sumher,4,20000,0.5,0.01,maf05,24,0.600957,0.063171
sumher,40,20000,0.5,0.01,maf05,24,0.576032,0.063128
sumher,41,20000,0.5,0.01,maf05,24,0.498971,0.062861
sumher,42,20000,0.5,0.01,maf05,24,0.580433,0.063146
sumher,43,20000,0.5,0.01,maf05,24,0.551254,0.062918
sumher,44,20000,0.5,0.01,maf05,24,0.579516,0.06303
sumher,45,20000,0.5,0.01,maf05,24,0.525467,0.062977
sumher,46,20000,0.5,0.01,maf05,24,0.614333,0.063131
sumher,47,20000,0.5,0.01,maf05,24,0.568135,0.063038
sumher,48,20000,0.5,0.01,maf05,24,0.431849,0.062555
sumher,49,20000,0.5,0.01,maf05,24,0.500827,0.062821
sumher,5,20000,0.5,0.01,maf05,24,0.492979,0.062844
sumher,50,20000,0.5,0.01,maf05,24,0.549511,0.063047
sumher,51,20000,0.5,0.01,maf05,24,0.499169,0.062897
sumher,52,20000,0.5,0.01,maf05,24,0.483776,0.062792
sumher,53,20000,0.5,0.01,maf05,24,0.620533,0.06324
sumher,54,20000,0.5,0.01,maf05,24,0.575545,0.06298
sumher,55,20000,0.5,0.01,maf05,24,0.521449,0.062931
sumher,56,20000,0.5,0.01,maf05,24,0.503762,0.062917
sumher,57,20000,0.5,0.01,maf05,24,0.582796,0.063158
sumher,58,20000,0.5,0.01,maf05,24,0.51637,0.062895
sumher,59,20000,0.5,0.01,maf05,24,0.548275,0.063007
sumher,6,20000,0.5,0.01,maf05,24,0.476016,0.062709
sumher,60,20000,0.5,0.01,maf05,24,0.586111,0.063178
sumher,61,20000,0.5,0.01,maf05,24,0.538584,0.062387
sumher,62,20000,0.5,0.01,maf05,24,0.491326,0.062843
sumher,63,20000,0.5,0.01,maf05,24,0.370962,0.062168
sumher,64,20000,0.5,0.01,maf05,24,0.489488,0.0628
sumher,65,20000,0.5,0.01,maf05,24,0.545288,0.06294
sumher,66,20000,0.5,0.01,maf05,24,0.428955,0.062548
sumher,67,20000,0.5,0.01,maf05,24,0.519132,0.062928
sumher,68,20000,0.5,0.01,maf05,24,0.515971,0.062952
sumher,69,20000,0.5,0.01,maf05,24,0.560321,0.062996
sumher,7,20000,0.5,0.01,maf05,24,0.528562,0.062894
sumher,70,20000,0.5,0.01,maf05,24,0.613035,0.063237
sumher,71,20000,0.5,0.01,maf05,24,0.605863,0.06314
sumher,72,20000,0.5,0.01,maf05,24,0.471681,0.062697
sumher,73,20000,0.5,0.01,maf05,24,0.542279,0.062971
sumher,74,20000,0.5,0.01,maf05,24,0.473333,0.06268
sumher,75,20000,0.5,0.01,maf05,24,0.508369,0.062815
sumher,76,20000,0.5,0.01,maf05,24,0.519782,0.062809
sumher,77,20000,0.5,0.01,maf05,24,0.537622,0.062949
sumher,78,20000,0.5,0.01,maf05,24,0.465977,0.062778
sumher,79,20000,0.5,0.01,maf05,24,0.454014,0.062726
sumher,8,20000,0.5,0.01,maf05,24,0.552242,0.062995
sumher,80,20000,0.5,0.01,maf05,24,0.553851,0.062935
sumher,81,20000,0.5,0.01,maf05,24,0.6821,0.063487
sumher,82,20000,0.5,0.01,maf05,24,0.505067,0.062616
sumher,83,20000,0.5,0.01,maf05,24,0.483567,0.062869
sumher,84,20000,0.5,0.01,maf05,24,0.356923,0.062336
sumher,85,20000,0.5,0.01,maf05,24,0.468623,0.062715
sumher,86,20000,0.5,0.01,maf05,24,0.46365,0.062616
sumher,87,20000,0.5,0.01,maf05,24,0.491899,0.062681
sumher,88,20000,0.5,0.01,maf05,24,0.493638,0.062781
sumher,89,20000,0.5,0.01,maf05,24,0.49204,0.062834
sumher,9,20000,0.5,0.01,maf05,24,0.608317,0.063242
sumher,90,20000,0.5,0.01,maf05,24,0.431141,0.062562
sumher,91,20000,0.5,0.01,maf05,24,0.41122,0.062602
sumher,92,20000,0.5,0.01,maf05,24,0.539197,0.062982
sumher,93,20000,0.5,0.01,maf05,24,0.531465,0.062965
sumher,94,20000,0.5,0.01,maf05,24,0.620922,0.063273
sumher,95,20000,0.5,0.01,maf05,24,0.600757,0.063221
sumher,96,20000,0.5,0.01,maf05,24,0.532672,0.062898
sumher,97,20000,0.5,0.01,maf05,24,0.49189,0.062589
sumher,98,20000,0.5,0.01,maf05,24,0.609637,0.063208
sumher,99,20000,0.5,0.01,maf05,24,0.438275,0.06262
sumher,0,20000,0.5,0.01,maf01_ldak,24,0.388385,0.062765
sumher,1,20000,0.5,0.01,maf01_ldak,24,0.516236,0.063281
sumher,10,20000,0.5,0.01,maf01_ldak,24,0.598978,0.063489
sumher,11,20000,0.5,0.01,maf01_ldak,24,0.511741,0.063209
sumher,12,20000,0.5,0.01,maf01_ldak,24,0.526068,0.063299
sumher,13,20000,0.5,0.01,maf01_ldak,24,0.465498,0.063132
sumher,14,20000,0.5,0.01,maf01_ldak,24,0.469506,0.063106
sumher,15,20000,0.5,0.01,maf01_ldak,24,0.448636,0.06296
sumher,16,20000,0.5,0.01,maf01_ldak,24,0.550037,0.063363
sumher,17,20000,0.5,0.01,maf01_ldak,24,0.407949,0.062838
sumher,18,20000,0.5,0.01,maf01_ldak,24,0.506725,0.063102
sumher,19,20000,0.5,0.01,maf01_ldak,24,0.387308,0.062766
sumher,2,20000,0.5,0.01,maf01_ldak,24,0.496388,0.063077
sumher,20,20000,0.5,0.01,maf01_ldak,24,0.489411,0.063162
sumher,21,20000,0.5,0.01,maf01_ldak,24,0.444335,0.062971
sumher,22,20000,0.5,0.01,maf01_ldak,24,0.607786,0.063488
sumher,23,20000,0.5,0.01,maf01_ldak,24,0.528111,0.063247
sumher,24,20000,0.5,0.01,maf01_ldak,24,0.51599,0.063251
sumher,25,20000,0.5,0.01,maf01_ldak,24,0.536164,0.063293
sumher,26,20000,0.5,0.01,maf01_ldak,24,0.575029,0.063409
sumher,27,20000,0.5,0.01,maf01_ldak,24,0.439205,0.062924
sumher,28,20000,0.5,0.01,maf01_ldak,24,0.553693,0.063421
sumher,29,20000,0.5,0.01,maf01_ldak,24,0.579023,0.063467
sumher,3,20000,0.5,0.01,maf01_ldak,24,0.460004,0.063017
sumher,30,20000,0.5,0.01,maf01_ldak,24,0.453081,0.063032
sumher,31,20000,0.5,0.01,maf01_ldak,24,0.570245,0.063449
sumher,32,20000,0.5,0.01,maf01_ldak,24,0.580766,0.06343
sumher,33,20000,0.5,0.01,maf01_ldak,24,0.584905,0.063416
sumher,34,20000,0.5,0.01,maf01_ldak,24,0.533042,0.063237
sumher,35,20000,0.5,0.01,maf01_ldak,24,0.463738,0.063007
sumher,36,20000,0.5,0.01,maf01_ldak,24,0.479055,0.06311
sumher,37,20000,0.5,0.01,maf01_ldak,24,0.416575,0.062848
sumher,38,20000,0.5,0.01,maf01_ldak,24,0.463953,0.062964
sumher,39,20000,0.5,0.01,maf01_ldak,24,0.479671,0.063068
sumher,4,20000,0.5,0.01,maf01_ldak,24,0.505127,0.063071
sumher,40,20000,0.5,0.01,maf01_ldak,24,0.481041,0.06311
sumher,41,20000,0.5,0.01,maf01_ldak,24,0.566844,0.063441
sumher,42,20000,0.5,0.01,maf01_ldak,24,0.558568,0.063352
sumher,43,20000,0.5,0.01,maf01_ldak,24,0.496366,0.063182
sumher,44,20000,0.5,0.01,maf01_ldak,24,0.504453,0.063148
sumher,45,20000,0.5,0.01,maf01_ldak,24,0.467175,0.063076
sumher,46,20000,0.5,0.01,maf01_ldak,24,0.48734,0.063095
sumher,47,20000,0.5,0.01,maf01_ldak,24,0.530332,0.063177
sumher,48,20000,0.5,0.01,maf01_ldak,24,0.522096,0.063158
sumher,49,20000,0.5,0.01,maf01_ldak,24,0.606761,0.06354
sumher,5,20000,0.5,0.01,maf01_ldak,24,0.506968,0.063121
sumher,50,20000,0.5,0.01,maf01_ldak,24,0.527803,0.063264
sumher,51,20000,0.5,0.01,maf01_ldak,24,0.57723,0.063387
sumher,52,20000,0.5,0.01,maf01_ldak,24,0.472268,0.06303
sumher,53,20000,0.5,0.01,maf01_ldak,24,0.473257,0.063077
sumher,54,20000,0.5,0.01,maf01_ldak,24,0.459152,0.062889
sumher,55,20000,0.5,0.01,maf01_ldak,24,0.401066,0.062789
sumher,56,20000,0.5,0.01,maf01_ldak,24,0.566958,0.063399
sumher,57,20000,0.5,0.01,maf01_ldak,24,0.557357,0.063321
sumher,58,20000,0.5,0.01,maf01_ldak,24,0.517389,0.063255
sumher,59,20000,0.5,0.01,maf01_ldak,24,0.517588,0.063185
sumher,6,20000,0.5,0.01,maf01_ldak,24,0.641173,0.063669
sumher,60,20000,0.5,0.01,maf01_ldak,24,0.452097,0.062965
sumher,61,20000,0.5,0.01,maf01_ldak,24,0.447649,0.062994
sumher,62,20000,0.5,0.01,maf01_ldak,24,0.504559,0.063146
sumher,63,20000,0.5,0.01,maf01_ldak,24,0.49058,0.063118
sumher,64,20000,0.5,0.01,maf01_ldak,24,0.59497,0.06353
sumher,65,20000,0.5,0.01,maf01_ldak,24,0.423207,0.062837
sumher,66,20000,0.5,0.01,maf01_ldak,24,0.40808,0.062781
sumher,67,20000,0.5,0.01,maf01_ldak,24,0.520751,0.063271
sumher,68,20000,0.5,0.01,maf01_ldak,24,0.469502,0.063011
sumher,69,20000,0.5,0.01,maf01_ldak,24,0.479949,0.063053
sumher,7,20000,0.5,0.01,maf01_ldak,24,0.438056,0.062992
sumher,70,20000,0.5,0.01,maf01_ldak,24,0.521191,0.063197
sumher,71,20000,0.5,0.01,maf01_ldak,24,0.481455,0.063124
sumher,72,20000,0.5,0.01,maf01_ldak,24,0.408453,0.062817
sumher,73,20000,0.5,0.01,maf01_ldak,24,0.525007,0.063193
sumher,74,20000,0.5,0.01,maf01_ldak,24,0.641607,0.06373
sumher,75,20000,0.5,0.01,maf01_ldak,24,0.585292,0.063479
sumher,76,20000,0.5,0.01,maf01_ldak,24,0.514265,0.063176
sumher,77,20000,0.5,0.01,maf01_ldak,24,0.488878,0.06307
sumher,78,20000,0.5,0.01,maf01_ldak,24,0.557549,0.063318
sumher,79,20000,0.5,0.01,maf01_ldak,24,0.387476,0.062783
sumher,8,20000,0.5,0.01,maf01_ldak,24,0.447007,0.062872
sumher,80,20000,0.5,0.01,maf01_ldak,24,0.506876,0.063148
sumher,81,20000,0.5,0.01,maf01_ldak,24,0.552856,0.063296
sumher,82,20000,0.5,0.01,maf01_ldak,24,0.552574,0.063345
sumher,83,20000,0.5,0.01,maf01_ldak,24,0.47778,0.063063
sumher,84,20000,0.5,0.01,maf01_ldak,24,0.369064,0.062657
sumher,85,20000,0.5,0.01,maf01_ldak,24,0.476926,0.063065
sumher,86,20000,0.5,0.01,maf01_ldak,24,0.588109,0.0635
sumher,87,20000,0.5,0.01,maf01_ldak,24,0.491573,0.063143
sumher,88,20000,0.5,0.01,maf01_ldak,24,0.48883,0.063133
sumher,89,20000,0.5,0.01,maf01_ldak,24,0.519628,0.0632
sumher,9,20000,0.5,0.01,maf01_ldak,24,0.48921,0.063095
sumher,90,20000,0.5,0.01,maf01_ldak,24,0.516909,0.063282
sumher,91,20000,0.5,0.01,maf01_ldak,24,0.51793,0.063254
sumher,92,20000,0.5,0.01,maf01_ldak,24,0.581762,0.063459
sumher,93,20000,0.5,0.01,maf01_ldak,24,0.460315,0.062946
sumher,94,20000,0.5,0.01,maf01_ldak,24,0.480549,0.063043
sumher,95,20000,0.5,0.01,maf01_ldak,24,0.445021,0.063024
sumher,96,20000,0.5,0.01,maf01_ldak,24,0.501734,0.063167
sumher,97,20000,0.5,0.01,maf01_ldak,24,0.562329,0.063364
sumher,98,20000,0.5,0.01,maf01_ldak,24,0.587236,0.063473
sumher,99,20000,0.5,0.01,maf01_ldak,24,0.598101,0.063407
sumher,0,20000,0.5,0.01,maf05_ldak,24,0.561801,0.063206
sumher,1,20000,0.5,0.01,maf05_ldak,24,0.545028,0.063066
sumher,10,20000,0.5,0.01,maf05_ldak,24,0.536948,0.063053
sumher,11,20000,0.5,0.01,maf05_ldak,24,0.456669,0.062776
sumher,12,20000,0.5,0.01,maf05_ldak,24,0.48638,0.062882
sumher,13,20000,0.5,0.01,maf05_ldak,24,0.42431,0.062718
sumher,14,20000,0.5,0.01,maf05_ldak,24,0.529269,0.062953
sumher,15,20000,0.5,0.01,maf05_ldak,24,0.65455,0.063454
sumher,16,20000,0.5,0.01,maf05_ldak,24,0.566393,0.063058
sumher,17,20000,0.5,0.01,maf05_ldak,24,0.54528,0.0631
sumher,18,20000,0.5,0.01,maf05_ldak,24,0.411575,0.062545
sumher,19,20000,0.5,0.01,maf05_ldak,24,0.594391,0.06327
sumher,2,20000,0.5,0.01,maf05_ldak,24,0.665874,0.063505
sumher,20,20000,0.5,0.01,maf05_ldak,24,0.512046,0.062918
sumher,21,20000,0.5,0.01,maf05_ldak,24,0.466754,0.062678
sumher,22,20000,0.5,0.01,maf05_ldak,24,0.539992,0.062799
sumher,23,20000,0.5,0.01,maf05_ldak,24,0.607381,0.063317
sumher,24,20000,0.5,0.01,maf05_ldak,24,0.527984,0.063017
sumher,25,20000,0.5,0.01,maf05_ldak,24,0.526029,0.062978
sumher,26,20000,0.5,0.01,maf05_ldak,24,0.611947,0.063301
sumher,27,20000,0.5,0.01,maf05_ldak,24,0.467893,0.062856
sumher,28,20000,0.5,0.01,maf05_ldak,24,0.603491,0.063242
sumher,29,20000,0.5,0.01,maf05_ldak,24,0.493267,0.062941
sumher,3,20000,0.5,0.01,maf05_ldak,24,0.489867,0.062894
sumher,30,20000,0.5,0.01,maf05_ldak,24,0.433674,0.062636
sumher,31,20000,0.5,0.01,maf05_ldak,24,0.599317,0.063274
sumher,32,20000,0.5,0.01,maf05_ldak,24,0.550128,0.063108
sumher,33,20000,0.5,0.01,maf05_ldak,24,0.524714,0.062996
sumher,34,20000,0.5,0.01,maf05_ldak,24,0.447716,0.062758
sumher,35,20000,0.5,0.01,maf05_ldak,24,0.642551,0.063404
sumher,36,20000,0.5,0.01,maf05_ldak,24,0.508509,0.062984
sumher,37,20000,0.5,0.01,maf05_ldak,24,0.561503,0.063229
sumher,38,20000,0.5,0.01,maf05_ldak,24,0.553291,0.063147
sumher,39,20000,0.5,0.01,maf05_ldak,24,0.557298,0.063182
sumher,4,20000,0.5,0.01,maf05_ldak,24,0.478663,0.062896
sumher,40,20000,0.5,0.01,maf05_ldak,24,0.516193,0.062969
sumher,41,20000,0.5,0.01,maf05_ldak,24,0.41193,0.062676
sumher,42,20000,0.5,0.01,maf05_ldak,24,0.568768,0.063128
sumher,43,20000,0.5,0.01,maf05_ldak,24,0.458056,0.062685
sumher,44,20000,0.5,0.01,maf05_ldak,24,0.478864,0.06275
sumher,45,20000,0.5,0.01,maf05_ldak,24,0.423248,0.06267
sumher,46,20000,0.5,0.01,maf05_ldak,24,0.497676,0.062869
sumher,47,20000,0.5,0.01,maf05_ldak,24,0.51257,0.063001
sumher,48,20000,0.5,0.01,maf05_ldak,24,0.420412,0.062634
sumher,49,20000,0.5,0.01,maf05_ldak,24,0.599905,0.063268
sumher,5,20000,0.5,0.01,maf05_ldak,24,0.551426,0.062994
sumher,50,20000,0.5,0.01,maf05_ldak,24,0.587004,0.063234
sumher,51,20000,0.5,0.01,maf05_ldak,24,0.489381,0.062844
sumher,52,20000,0.5,0.01,maf05_ldak,24,0.518983,0.062948
sumher,53,20000,0.5,0.01,maf05_ldak,24,0.569668,0.063084
sumher,54,20000,0.5,0.01,maf05_ldak,24,0.386473,0.062425
sumher,55,20000,0.5,0.01,maf05_ldak,24,0.502328,0.062875
sumher,56,20000,0.5,0.01,maf05_ldak,24,0.595666,0.063267
sumher,57,20000,0.5,0.01,maf05_ldak,24,0.529006,0.062955
sumher,58,20000,0.5,0.01,maf05_ldak,24,0.554382,0.063141
sumher,59,20000,0.5,0.01,maf05_ldak,24,0.573341,0.063195
sumher,6,20000,0.5,0.01,maf05_ldak,24,0.496266,0.062892
sumher,60,20000,0.5,0.01,maf05_ldak,24,0.499718,0.062912
sumher,61,20000,0.5,0.01,maf05_ldak,24,0.468737,0.062723
sumher,62,20000,0.5,0.01,maf05_ldak,24,0.507244,0.062894
sumher,63,20000,0.5,0.01,maf05_ldak,24,0.497964,0.062854
sumher,64,20000,0.5,0.01,maf05_ldak,24,0.492095,0.062859
sumher,65,20000,0.5,0.01,maf05_ldak,24,0.4883,0.062894
sumher,66,20000,0.5,0.01,maf05_ldak,24,0.54561,0.063049
sumher,67,20000,0.5,0.01,maf05_ldak,24,0.535375,0.06303
sumher,68,20000,0.5,0.01,maf05_ldak,24,0.555771,0.063157
sumher,69,20000,0.5,0.01,maf05_ldak,24,0.617553,0.063336
sumher,7,20000,0.5,0.01,maf05_ldak,24,0.684959,0.063633
sumher,70,20000,0.5,0.01,maf05_ldak,24,0.473628,0.062754
sumher,71,20000,0.5,0.01,maf05_ldak,24,0.567652,0.063116
sumher,72,20000,0.5,0.01,maf05_ldak,24,0.584309,0.063191
sumher,73,20000,0.5,0.01,maf05_ldak,24,0.436836,0.062646
sumher,74,20000,0.5,0.01,maf05_ldak,24,0.640828,0.06346
sumher,75,20000,0.5,0.01,maf05_ldak,24,0.544929,0.063143
sumher,76,20000,0.5,0.01,maf05_ldak,24,0.595531,0.063271
sumher,77,20000,0.5,0.01,maf05_ldak,24,0.50044,0.062854
sumher,78,20000,0.5,0.01,maf05_ldak,24,0.52709,0.062963
sumher,79,20000,0.5,0.01,maf05_ldak,24,0.507438,0.062922
sumher,8,20000,0.5,0.01,maf05_ldak,24,0.45236,0.062721
sumher,80,20000,0.5,0.01,maf05_ldak,24,0.469763,0.062764
sumher,81,20000,0.5,0.01,maf05_ldak,24,0.465599,0.062726
sumher,82,20000,0.5,0.01,maf05_ldak,24,0.496083,0.062884
sumher,83,20000,0.5,0.01,maf05_ldak,24,0.518413,0.063034
sumher,84,20000,0.5,0.01,maf05_ldak,24,0.421322,0.062606
sumher,85,20000,0.5,0.01,maf05_ldak,24,0.482527,0.062818
sumher,86,20000,0.5,0.01,maf05_ldak,24,0.560974,0.063128
sumher,87,20000,0.5,0.01,maf05_ldak,24,0.45438,0.062756
sumher,88,20000,0.5,0.01,maf05_ldak,24,0.464269,0.062802
sumher,89,20000,0.5,0.01,maf05_ldak,24,0.428238,0.062594
sumher,9,20000,0.5,0.01,maf05_ldak,24,0.463119,0.062725
sumher,90,20000,0.5,0.01,maf05_ldak,24,0.509279,0.062897
sumher,91,20000,0.5,0.01,maf05_ldak,24,0.624812,0.063299
sumher,92,20000,0.5,0.01,maf05_ldak,24,0.521663,0.063009
sumher,93,20000,0.5,0.01,maf05_ldak,24,0.468882,0.062816
sumher,94,20000,0.5,0.01,maf05_ldak,24,0.502087,0.062851
sumher,95,20000,0.5,0.01,maf05_ldak,24,0.475931,0.062759
sumher,96,20000,0.5,0.01,maf05_ldak,24,0.389754,0.062547
sumher,97,20000,0.5,0.01,maf05_ldak,24,0.484777,0.062847
sumher,98,20000,0.5,0.01,maf05_ldak,24,0.467854,0.062733
sumher,99,20000,0.5,0.01,maf05_ldak,24,0.540773,0.063001
sumher_ldak,0,20000,0.5,0.01,maf01,24,0.497309,0.062796
sumher_ldak,1,20000,0.5,0.01,maf01,24,0.58351,0.063097
sumher_ldak,10,20000,0.5,0.01,maf01,24,0.550344,0.062951
sumher_ldak,11,20000,0.5,0.01,maf01,24,0.45109,0.062632
sumher_ldak,12,20000,0.5,0.01,maf01,24,0.50543,0.062779
sumher_ldak,13,20000,0.5,0.01,maf01,24,0.501335,0.062826
sumher_ldak,14,20000,0.5,0.01,maf01,24,0.379057,0.062221
sumher_ldak,15,20000,0.5,0.01,maf01,24,0.588881,0.06296
sumher_ldak,16,20000,0.5,0.01,maf01,24,0.53491,0.062859
sumher_ldak,17,20000,0.5,0.01,maf01,24,0.542391,0.063025
sumher_ldak,18,20000,0.5,0.01,maf01,24,0.507636,0.062886
sumher_ldak,19,20000,0.5,0.01,maf01,24,0.458192,0.06264
sumher_ldak,2,20000,0.5,0.01,maf01,24,0.511366,0.062822
sumher_ldak,20,20000,0.5,0.01,maf01,24,0.489516,0.062713
sumher_ldak,21,20000,0.5,0.01,maf01,24,0.470856,0.062705
sumher_ldak,22,20000,0.5,0.01,maf01,24,0.523113,0.062875
sumher_ldak,23,20000,0.5,0.01,maf01,24,0.464091,0.062649
sumher_ldak,24,20000,0.5,0.01,maf01,24,0.528123,0.062918
sumher_ldak,25,20000,0.5,0.01,maf01,24,0.47042,0.062715
sumher_ldak,26,20000,0.5,0.01,maf01,24,0.572868,0.062992
sumher_ldak,27,20000,0.5,0.01,maf01,24,0.531512,0.062987
sumher_ldak,28,20000,0.5,0.01,maf01,24,0.501577,0.062735
sumher_ldak,29,20000,0.5,0.01,maf01,24,0.524367,0.062878
sumher_ldak,3,20000,0.5,0.01,maf01,24,0.475348,0.062732
sumher_ldak,30,20000,0.5,0.01,maf01,24,0.576959,0.063093
sumher_ldak,31,20000,0.5,0.01,maf01,24,0.365891,0.062214
sumher_ldak,32,20000,0.5,0.01,maf01,24,0.607667,0.06311
sumher_ldak,33,20000,0.5,0.01,maf01,24,0.467221,0.06259
sumher_ldak,34,20000,0.5,0.01,maf01,24,0.466821,0.062665
sumher_ldak,35,20000,0.5,0.01,maf01,24,0.521931,0.062791
sumher_ldak,36,20000,0.5,0.01,maf01,24,0.449188,0.062428
sumher_ldak,37,20000,0.5,0.01,maf01,24,0.577059,0.063067
sumher_ldak,38,20000,0.5,0.01,maf01,24,0.637769,0.063242
sumher_ldak,39,20000,0.5,0.01,maf01,24,0.596637,0.06315
sumher_ldak,4,20000,0.5,0.01,maf01,24,0.534257,0.062943
sumher_ldak,40,20000,0.5,0.01,maf01,24,0.50972,0.062806
sumher_ldak,41,20000,0.5,0.01,maf01,24,0.584414,0.063079
sumher_ldak,42,20000,0.5,0.01,maf01,24,0.498251,0.062715
sumher_ldak,43,20000,0.5,0.01,maf01,24,0.496553,0.06265
sumher_ldak,44,20000,0.5,0.01,maf01,24,0.509911,0.06278
sumher_ldak,45,20000,0.5,0.01,maf01,24,0.467464,0.062658
sumher_ldak,46,20000,0.5,0.01,maf01,24,0.454211,0.062581
sumher_ldak,47,20000,0.5,0.01,maf01,24,0.439823,0.062491
sumher_ldak,48,20000,0.5,0.01,maf01,24,0.440025,0.06258
sumher_ldak,49,20000,0.5,0.01,maf01,24,0.48905,0.062747
sumher_ldak,5,20000,0.5,0.01,maf01,24,0.548176,0.062926
sumher_ldak,50,20000,0.5,0.01,maf01,24,0.499373,0.062778
sumher_ldak,51,20000,0.5,0.01,maf01,24,0.487321,0.062754
sumher_ldak,52,20000,0.5,0.01,maf01,24,0.528876,0.062775
sumher_ldak,53,20000,0.5,0.01,maf01,24,0.401076,0.062402
sumher_ldak,54,20000,0.5,0.01,maf01,24,0.528451,0.062844
sumher_ldak,55,20000,0.5,0.01,maf01,24,0.547718,0.062948
sumher_ldak,56,20000,0.5,0.01,maf01,24,0.445585,0.062559
sumher_ldak,57,20000,0.5,0.01,maf01,24,0.484217,0.06265
sumher_ldak,58,20000,0.5,0.01,maf01,24,0.528326,0.062888
sumher_ldak,59,20000,0.5,0.01,maf01,24,0.543906,0.062956
sumher_ldak,6,20000,0.5,0.01,maf01,24,0.494197,0.062736
sumher_ldak,60,20000,0.5,0.01,maf01,24,0.453083,0.062549
sumher_ldak,61,20000,0.5,0.01,maf01,24,0.3993,0.062398
sumher_ldak,62,20000,0.5,0.01,maf01,24,0.478698,0.062695
sumher_ldak,63,20000,0.5,0.01,maf01,24,0.494101,0.06282
sumher_ldak,64,20000,0.5,0.01,maf01,24,0.576608,0.063084
sumher_ldak,65,20000,0.5,0.01,maf01,24,0.534736,0.062898
sumher_ldak,66,20000,0.5,0.01,maf01,24,0.542356,0.062924
sumher_ldak,67,20000,0.5,0.01,maf01,24,0.484562,0.062676
sumher_ldak,68,20000,0.5,0.01,maf01,24,0.533428,0.062936
sumher_ldak,69,20000,0.5,0.01,maf01,24,0.461573,0.062637
sumher_ldak,7,20000,0.5,0.01,maf01,24,0.420481,0.06245
sumher_ldak,70,20000,0.5,0.01,maf01,24,0.485861,0.062711
sumher_ldak,71,20000,0.5,0.01,maf01,24,0.440588,0.062483
sumher_ldak,72,20000,0.5,0.01,maf01,24,0.521335,0.062902
sumher_ldak,73,20000,0.5,0.01,maf01,24,0.61957,0.06323
sumher_ldak,74,20000,0.5,0.01,maf01,24,0.622396,0.063157
sumher_ldak,75,20000,0.5,0.01,maf01,24,0.463005,0.062691
sumher_ldak,76,20000,0.5,0.01,maf01,24,0.413331,0.062456
sumher_ldak,77,20000,0.5,0.01,maf01,24,0.505667,0.062771
sumher_ldak,78,20000,0.5,0.01,maf01,24,0.395907,0.062359
sumher_ldak,79,20000,0.5,0.01,maf01,24,0.443761,0.062508
sumher_ldak,8,20000,0.5,0.01,maf01,24,0.504744,0.062765
sumher_ldak,80,20000,0.5,0.01,maf01,24,0.501778,0.062751
sumher_ldak,81,20000,0.5,0.01,maf01,24,0.560714,0.062931
sumher_ldak,82,20000,0.5,0.01,maf01,24,0.495674,0.062783
sumher_ldak,83,20000,0.5,0.01,maf01,24,0.428396,0.062501
sumher_ldak,84,20000,0.5,0.01,maf01,24,0.433634,0.06249
sumher_ldak,85,20000,0.5,0.01,maf01,24,0.424142,0.062532
sumher_ldak,86,20000,0.5,0.01,maf01,24,0.52807,0.0629
sumher_ldak,87,20000,0.5,0.01,maf01,24,0.619487,0.063237
sumher_ldak,88,20000,0.5,0.01,maf01,24,0.468361,0.062716
sumher_ldak,89,20000,0.5,0.01,maf01,24,0.514803,0.062911
sumher_ldak,9,20000,0.5,0.01,maf01,24,0.525264,0.062876
sumher_ldak,90,20000,0.5,0.01,maf01,24,0.434984,0.062493
sumher_ldak,91,20000,0.5,0.01,maf01,24,0.612129,0.063116
sumher_ldak,92,20000,0.5,0.01,maf01,24,0.565185,0.063107
sumher_ldak,93,20000,0.5,0.01,maf01,24,0.553149,0.062947
sumher_ldak,94,20000,0.5,0.01,maf01,24,0.500984,0.062752
sumher_ldak,95,20000,0.5,0.01,maf01,24,0.468973,0.06262
sumher_ldak,96,20000,0.5,0.01,maf01,24,0.44924,0.062658
sumher_ldak,97,20000,0.5,0.01,maf01,24,0.378613,0.062255
sumher_ldak,98,20000,0.5,0.01,maf01,24,0.526584,0.062845
sumher_ldak,99,20000,0.5,0.01,maf01,24,0.453098,0.062522
sumher_ldak,0,20000,0.5,0.01,maf05,24,0.497491,0.062442
sumher_ldak,1,20000,0.5,0.01,maf05,24,0.521859,0.062536
sumher_ldak,10,20000,0.5,0.01,maf05,24,0.527693,0.062561
sumher_ldak,11,20000,0.5,0.01,maf05,24,0.51484,0.062501
sumher_ldak,12,20000,0.5,0.01,maf05,24,0.569551,0.062754
sumher_ldak,13,20000,0.5,0.01,maf05,24,0.537278,0.062644
sumher_ldak,14,20000,0.5,0.01,maf05,24,0.551225,0.062618
sumher_ldak,15,20000,0.5,0.01,maf05,24,0.418044,0.062292
sumher_ldak,16,20000,0.5,0.01,maf05,24,0.477244,0.062341
sumher_ldak,17,20000,0.5,0.01,maf05,24,0.506899,0.062474
sumher_ldak,18,20000,0.5,0.01,maf05,24,0.51545,0.062495
sumher_ldak,19,20000,0.5,0.01,maf05,24,0.518941,0.062517
sumher_ldak,2,20000,0.5,0.01,maf05,24,0.467254,0.062447
sumher_ldak,20,20000,0.5,0.01,maf05,24,0.56868,0.062696
sumher_ldak,21,20000,0.5,0.01,maf05,24,0.530612,0.06264
sumher_ldak,22,20000,0.5,0.01,maf05,24,0.639687,0.063039
sumher_ldak,23,20000,0.5,0.01,maf05,24,0.644192,0.062974
sumher_ldak,24,20000,0.5,0.01,maf05,24,0.549373,0.062649
sumher_ldak,25,20000,0.5,0.01,maf05,24,0.534678,0.062583
sumher_ldak,26,20000,0.5,0.01,maf05,24,0.60923,0.062797
sumher_ldak,27,20000,0.5,0.01,maf05,24,0.418419,0.062147
sumher_ldak,28,20000,0.5,0.01,maf05,24,0.629278,0.062969
sumher_ldak,29,20000,0.5,0.01,maf05,24,0.465024,0.06237
sumher_ldak,3,20000,0.5,0.01,maf05,24,0.454853,0.062354
sumher_ldak,30,20000,0.5,0.01,maf05,24,0.487556,0.062396
sumher_ldak,31,20000,0.5,0.01,maf05,24,0.376935,0.062033
sumher_ldak,32,20000,0.5,0.01,maf05,24,0.494487,0.062384
sumher_ldak,33,20000,0.5,0.01,maf05,24,0.558976,0.06264
sumher_ldak,34,20000,0.5,0.01,maf05,24,0.573607,0.062695
sumher_ldak,35,20000,0.5,0.01,maf05,24,0.496555,0.062453
sumher_ldak,36,20000,0.5,0.01,maf05,24,0.418425,0.062079
sumher_ldak,37,20000,0.5,0.01,maf05,24,0.503986,0.062464
sumher_ldak,38,20000,0.5,0.01,maf05,24,0.468701,0.062437
sumher_ldak,39,20000,0.5,0.01,maf05,24,0.539093,0.062526
sumher_ldak,4,20000,0.5,0.01,maf05,24,0.601191,0.062782
sumher_ldak,40,20000,0.5,0.01,maf05,24,0.575031,0.062747
sumher_ldak,41,20000,0.5,0.01,maf05,24,0.492974,0.062486
sumher_ldak,42,20000,0.5,0.01,maf05,24,0.573968,0.062777
sumher_ldak,43,20000,0.5,0.01,maf05,24,0.540929,0.062543
sumher_ldak,44,20000,0.5,0.01,maf05,24,0.575534,0.062654
sumher_ldak,45,20000,0.5,0.01,maf05,24,0.512226,0.062597
sumher_ldak,46,20000,0.5,0.01,maf05,24,0.611876,0.062765
sumher_ldak,47,20000,0.5,0.01,maf05,24,0.55826,0.062731
sumher_ldak,48,20000,0.5,0.01,maf05,24,0.422614,0.062197
sumher_ldak,49,20000,0.5,0.01,maf05,24,0.493955,0.062447
sumher_ldak,5,20000,0.5,0.01,maf05,24,0.489318,0.062462
sumher_ldak,50,20000,0.5,0.01,maf05,24,0.544304,0.062661
sumher_ldak,51,20000,0.5,0.01,maf05,24,0.501062,0.062516
sumher_ldak,52,20000,0.5,0.01,maf05,24,0.487354,0.062423
sumher_ldak,53,20000,0.5,0.01,maf05,24,0.616968,0.062877
sumher_ldak,54,20000,0.5,0.01,maf05,24,0.57947,0.062685
sumher_ldak,55,20000,0.5,0.01,maf05,24,0.52096,0.062565
sumher_ldak,56,20000,0.5,0.01,maf05,24,0.50492,0.062547
sumher_ldak,57,20000,0.5,0.01,maf05,24,0.56436,0.062645
sumher_ldak,58,20000,0.5,0.01,maf05,24,0.512525,0.062516
sumher_ldak,59,20000,0.5,0.01,maf05,24,0.540041,0.062629
sumher_ldak,6,20000,0.5,0.01,maf05,24,0.48291,0.062217
sumher_ldak,60,20000,0.5,0.01,maf05,24,0.588343,0.062803
sumher_ldak,61,20000,0.5,0.01,maf05,24,0.53096,0.062654
sumher_ldak,62,20000,0.5,0.01,maf05,24,0.49223,0.062454
sumher_ldak,63,20000,0.5,0.01,maf05,24,0.392098,0.06199
sumher_ldak,64,20000,0.5,0.01,maf05,24,0.488469,0.06241
sumher_ldak,65,20000,0.5,0.01,maf05,24,0.54359,0.062568
sumher_ldak,66,20000,0.5,0.01,maf05,24,0.425356,0.062169
sumher_ldak,67,20000,0.5,0.01,maf05,24,0.510661,0.062672
sumher_ldak,68,20000,0.5,0.01,maf05,24,0.505968,0.062565
sumher_ldak,69,20000,0.5,0.01,maf05,24,0.548163,0.062616
sumher_ldak,7,20000,0.5,0.01,maf05,24,0.531746,0.062528
sumher_ldak,70,20000,0.5,0.01,maf05,24,0.610646,0.062856
sumher_ldak,71,20000,0.5,0.01,maf05,24,0.59881,0.062785
sumher_ldak,72,20000,0.5,0.01,maf05,24,0.468638,0.062321
sumher_ldak,73,20000,0.5,0.01,maf05,24,0.539669,0.0626
sumher_ldak,74,20000,0.5,0.01,maf05,24,0.482544,0.062212
sumher_ldak,75,20000,0.5,0.01,maf05,24,0.503228,0.062512
sumher_ldak,76,20000,0.5,0.01,maf05,24,0.52232,0.062433
sumher_ldak,77,20000,0.5,0.01,maf05,24,0.533216,0.062579
sumher_ldak,78,20000,0.5,0.01,maf05,24,0.471177,0.062396
sumher_ldak,79,20000,0.5,0.01,maf05,24,0.45232,0.062343
sumher_ldak,8,20000,0.5,0.01,maf05,24,0.542231,0.06262
sumher_ldak,80,20000,0.5,0.01,maf05,24,0.560741,0.062572
sumher_ldak,81,20000,0.5,0.01,maf05,24,0.681424,0.063117
sumher_ldak,82,20000,0.5,0.01,maf05,24,0.522294,0.062579
sumher_ldak,83,20000,0.5,0.01,maf05,24,0.476179,0.06249
sumher_ldak,84,20000,0.5,0.01,maf05,24,0.355225,0.061949
sumher_ldak,85,20000,0.5,0.01,maf05,24,0.461767,0.062328
sumher_ldak,86,20000,0.5,0.01,maf05,24,0.466033,0.062248
sumher_ldak,87,20000,0.5,0.01,maf05,24,0.485608,0.062303
sumher_ldak,88,20000,0.5,0.01,maf05,24,0.490641,0.062404
sumher_ldak,89,20000,0.5,0.01,maf05,24,0.489288,0.062449
sumher_ldak,9,20000,0.5,0.01,maf05,24,0.602787,0.062849
sumher_ldak,90,20000,0.5,0.01,maf05,24,0.43795,0.062201
sumher_ldak,91,20000,0.5,0.01,maf05,24,0.408556,0.06222
sumher_ldak,92,20000,0.5,0.01,maf05,24,0.537831,0.062608
sumher_ldak,93,20000,0.5,0.01,maf05,24,0.530716,0.062589
sumher_ldak,94,20000,0.5,0.01,maf05,24,0.60502,0.062888
sumher_ldak,95,20000,0.5,0.01,maf05,24,0.604015,0.062859
sumher_ldak,96,20000,0.5,0.01,maf05,24,0.535434,0.062524
sumher_ldak,97,20000,0.5,0.01,maf05,24,0.492042,0.062632
sumher_ldak,98,20000,0.5,0.01,maf05,24,0.603624,0.062836
sumher_ldak,99,20000,0.5,0.01,maf05,24,0.437156,0.062242
sumher_ldak,0,20000,0.5,0.01,maf01_ldak,24,0.386303,0.062392
sumher_ldak,1,20000,0.5,0.01,maf01_ldak,24,0.518239,0.062924
sumher_ldak,10,20000,0.5,0.01,maf01_ldak,24,0.597099,0.063134
sumher_ldak,11,20000,0.5,0.01,maf01_ldak,24,0.509752,0.062871
sumher_ldak,12,20000,0.5,0.01,maf01_ldak,24,0.531924,0.062939
sumher_ldak,13,20000,0.5,0.01,maf01_ldak,24,0.463188,0.062769
sumher_ldak,14,20000,0.5,0.01,maf01_ldak,24,0.478452,0.062744
sumher_ldak,15,20000,0.5,0.01,maf01_ldak,24,0.439156,0.062582
sumher_ldak,16,20000,0.5,0.01,maf01_ldak,24,0.550356,0.063005
sumher_ldak,17,20000,0.5,0.01,maf01_ldak,24,0.419273,0.062483
sumher_ldak,18,20000,0.5,0.01,maf01_ldak,24,0.503316,0.062732
sumher_ldak,19,20000,0.5,0.01,maf01_ldak,24,0.386172,0.062393
sumher_ldak,2,20000,0.5,0.01,maf01_ldak,24,0.505395,0.062705
sumher_ldak,20,20000,0.5,0.01,maf01_ldak,24,0.497655,0.062796
sumher_ldak,21,20000,0.5,0.01,maf01_ldak,24,0.441136,0.062604
sumher_ldak,22,20000,0.5,0.01,maf01_ldak,24,0.610948,0.063135
sumher_ldak,23,20000,0.5,0.01,maf01_ldak,24,0.529894,0.06287
sumher_ldak,24,20000,0.5,0.01,maf01_ldak,24,0.507898,0.062888
sumher_ldak,25,20000,0.5,0.01,maf01_ldak,24,0.535431,0.062943
sumher_ldak,26,20000,0.5,0.01,maf01_ldak,24,0.573273,0.063042
sumher_ldak,27,20000,0.5,0.01,maf01_ldak,24,0.438619,0.06256
sumher_ldak,28,20000,0.5,0.01,maf01_ldak,24,0.555669,0.063061
sumher_ldak,29,20000,0.5,0.01,maf01_ldak,24,0.581599,0.063113
sumher_ldak,3,20000,0.5,0.01,maf01_ldak,24,0.454354,0.062649
sumher_ldak,30,20000,0.5,0.01,maf01_ldak,24,0.462192,0.062667
sumher_ldak,31,20000,0.5,0.01,maf01_ldak,24,0.562308,0.063071
sumher_ldak,32,20000,0.5,0.01,maf01_ldak,24,0.586726,0.063082
sumher_ldak,33,20000,0.5,0.01,maf01_ldak,24,0.594327,0.063078
sumher_ldak,34,20000,0.5,0.01,maf01_ldak,24,0.533505,0.062878
sumher_ldak,35,20000,0.5,0.01,maf01_ldak,24,0.464928,0.062639
sumher_ldak,36,20000,0.5,0.01,maf01_ldak,24,0.484177,0.062745
sumher_ldak,37,20000,0.5,0.01,maf01_ldak,24,0.417591,0.062478
sumher_ldak,38,20000,0.5,0.01,maf01_ldak,24,0.470965,0.062599
sumher_ldak,39,20000,0.5,0.01,maf01_ldak,24,0.478955,0.062708
sumher_ldak,4,20000,0.5,0.01,maf01_ldak,24,0.511285,0.062716
sumher_ldak,40,20000,0.5,0.01,maf01_ldak,24,0.474922,0.062725
sumher_ldak,41,20000,0.5,0.01,maf01_ldak,24,0.565173,0.063097
sumher_ldak,42,20000,0.5,0.01,maf01_ldak,24,0.556187,0.062998
sumher_ldak,43,20000,0.5,0.01,maf01_ldak,24,0.494121,0.062818
sumher_ldak,44,20000,0.5,0.01,maf01_ldak,24,0.49989,0.062771
sumher_ldak,45,20000,0.5,0.01,maf01_ldak,24,0.459652,0.062689
sumher_ldak,46,20000,0.5,0.01,maf01_ldak,24,0.483993,0.062737
sumher_ldak,47,20000,0.5,0.01,maf01_ldak,24,0.523618,0.062817
sumher_ldak,48,20000,0.5,0.01,maf01_ldak,24,0.519184,0.062794
sumher_ldak,49,20000,0.5,0.01,maf01_ldak,24,0.603731,0.063242
sumher_ldak,5,20000,0.5,0.01,maf01_ldak,24,0.499539,0.06276
sumher_ldak,50,20000,0.5,0.01,maf01_ldak,24,0.524365,0.062904
sumher_ldak,51,20000,0.5,0.01,maf01_ldak,24,0.581303,0.063043
sumher_ldak,52,20000,0.5,0.01,maf01_ldak,24,0.4675,0.062658
sumher_ldak,53,20000,0.5,0.01,maf01_ldak,24,0.485764,0.06271
sumher_ldak,54,20000,0.5,0.01,maf01_ldak,24,0.459057,0.062528
sumher_ldak,55,20000,0.5,0.01,maf01_ldak,24,0.397282,0.062411
sumher_ldak,56,20000,0.5,0.01,maf01_ldak,24,0.566202,0.063039
sumher_ldak,57,20000,0.5,0.01,maf01_ldak,24,0.563412,0.062954
sumher_ldak,58,20000,0.5,0.01,maf01_ldak,24,0.519144,0.062896
sumher_ldak,59,20000,0.5,0.01,maf01_ldak,24,0.517769,0.062822
sumher_ldak,6,20000,0.5,0.01,maf01_ldak,24,0.633829,0.063308
sumher_ldak,60,20000,0.5,0.01,maf01_ldak,24,0.445775,0.062592
sumher_ldak,61,20000,0.5,0.01,maf01_ldak,24,0.446091,0.062638
sumher_ldak,62,20000,0.5,0.01,maf01_ldak,24,0.500214,0.062775
sumher_ldak,63,20000,0.5,0.01,maf01_ldak,24,0.4878,0.062758
sumher_ldak,64,20000,0.5,0.01,maf01_ldak,24,0.587117,0.063184
sumher_ldak,65,20000,0.5,0.01,maf01_ldak,24,0.422971,0.062475
sumher_ldak,66,20000,0.5,0.01,maf01_ldak,24,0.404867,0.062427
sumher_ldak,67,20000,0.5,0.01,maf01_ldak,24,0.517063,0.062918
sumher_ldak,68,20000,0.5,0.01,maf01_ldak,24,0.470398,0.062641
sumher_ldak,69,20000,0.5,0.01,maf01_ldak,24,0.482771,0.062681
sumher_ldak,7,20000,0.5,0.01,maf01_ldak,24,0.440679,0.062621
sumher_ldak,70,20000,0.5,0.01,maf01_ldak,24,0.513086,0.06282
sumher_ldak,71,20000,0.5,0.01,maf01_ldak,24,0.48945,0.062761
sumher_ldak,72,20000,0.5,0.01,maf01_ldak,24,0.403758,0.062445
sumher_ldak,73,20000,0.5,0.01,maf01_ldak,24,0.524374,0.062838
sumher_ldak,74,20000,0.5,0.01,maf01_ldak,24,0.642701,0.063361
sumher_ldak,75,20000,0.5,0.01,maf01_ldak,24,0.588657,0.063125
sumher_ldak,76,20000,0.5,0.01,maf01_ldak,24,0.521195,0.062814
sumher_ldak,77,20000,0.5,0.01,maf01_ldak,24,0.498603,0.0627
sumher_ldak,78,20000,0.5,0.01,maf01_ldak,24,0.551193,0.062947
sumher_ldak,79,20000,0.5,0.01,maf01_ldak,24,0.382482,0.06241
sumher_ldak,8,20000,0.5,0.01,maf01_ldak,24,0.447973,0.062501
sumher_ldak,80,20000,0.5,0.01,maf01_ldak,24,0.503535,0.062778
sumher_ldak,81,20000,0.5,0.01,maf01_ldak,24,0.548237,0.062932
sumher_ldak,82,20000,0.5,0.01,maf01_ldak,24,0.546136,0.06299
sumher_ldak,83,20000,0.5,0.01,maf01_ldak,24,0.476318,0.062693
sumher_ldak,84,20000,0.5,0.01,maf01_ldak,24,0.378402,0.062282
sumher_ldak,85,20000,0.5,0.01,maf01_ldak,24,0.484249,0.062704
sumher_ldak,86,20000,0.5,0.01,maf01_ldak,24,0.588025,0.06315
sumher_ldak,87,20000,0.5,0.01,maf01_ldak,24,0.496034,0.062787
sumher_ldak,88,20000,0.5,0.01,maf01_ldak,24,0.492969,0.062767
sumher_ldak,89,20000,0.5,0.01,maf01_ldak,24,0.511307,0.062827
sumher_ldak,9,20000,0.5,0.01,maf01_ldak,24,0.489666,0.062736
sumher_ldak,90,20000,0.5,0.01,maf01_ldak,24,0.511668,0.062906
sumher_ldak,91,20000,0.5,0.01,maf01_ldak,24,0.522334,0.062897
sumher_ldak,92,20000,0.5,0.01,maf01_ldak,24,0.580597,0.063094
sumher_ldak,93,20000,0.5,0.01,maf01_ldak,24,0.462777,0.062585
sumher_ldak,94,20000,0.5,0.01,maf01_ldak,24,0.478831,0.062675
sumher_ldak,95,20000,0.5,0.01,maf01_ldak,24,0.445253,0.062645
sumher_ldak,96,20000,0.5,0.01,maf01_ldak,24,0.506632,0.062805
sumher_ldak,97,20000,0.5,0.01,maf01_ldak,24,0.562589,0.063009
sumher_ldak,98,20000,0.5,0.01,maf01_ldak,24,0.589841,0.063122
sumher_ldak,99,20000,0.5,0.01,maf01_ldak,24,0.588826,0.063036
sumher_ldak,0,20000,0.5,0.01,maf05_ldak,24,0.556573,0.062818
sumher_ldak,1,20000,0.5,0.01,maf05_ldak,24,0.545373,0.062695
sumher_ldak,10,20000,0.5,0.01,maf05_ldak,24,0.528296,0.062672
sumher_ldak,11,20000,0.5,0.01,maf05_ldak,24,0.454799,0.06239
sumher_ldak,12,20000,0.5,0.01,maf05_ldak,24,0.482111,0.062489
sumher_ldak,13,20000,0.5,0.01,maf05_ldak,24,0.428109,0.062349
sumher_ldak,14,20000,0.5,0.01,maf05_ldak,24,0.53133,0.062576
sumher_ldak,15,20000,0.5,0.01,maf05_ldak,24,0.639592,0.063069
sumher_ldak,16,20000,0.5,0.01,maf05_ldak,24,0.563362,0.062679
sumher_ldak,17,20000,0.5,0.01,maf05_ldak,24,0.541093,0.06273
sumher_ldak,18,20000,0.5,0.01,maf05_ldak,24,0.413853,0.062267
sumher_ldak,19,20000,0.5,0.01,maf05_ldak,24,0.585303,0.062904
sumher_ldak,2,20000,0.5,0.01,maf05_ldak,24,0.663825,0.063134
sumher_ldak,20,20000,0.5,0.01,maf05_ldak,24,0.507152,0.062533
sumher_ldak,21,20000,0.5,0.01,maf05_ldak,24,0.468862,0.062654
sumher_ldak,22,20000,0.5,0.01,maf05_ldak,24,0.568918,0.061417
sumher_ldak,23,20000,0.5,0.01,maf05_ldak,24,0.606053,0.062962
sumher_ldak,24,20000,0.5,0.01,maf05_ldak,24,0.528175,0.062632
sumher_ldak,25,20000,0.5,0.01,maf05_ldak,24,0.523901,0.062604
sumher_ldak,26,20000,0.5,0.01,maf05_ldak,24,0.598326,0.062921
sumher_ldak,27,20000,0.5,0.01,maf05_ldak,24,0.466477,0.062508
sumher_ldak,28,20000,0.5,0.01,maf05_ldak,24,0.598914,0.062854
sumher_ldak,29,20000,0.5,0.01,maf05_ldak,24,0.499108,0.062565
sumher_ldak,3,20000,0.5,0.01,maf05_ldak,24,0.485265,0.062517
sumher_ldak,30,20000,0.5,0.01,maf05_ldak,24,0.432946,0.062259
sumher_ldak,31,20000,0.5,0.01,maf05_ldak,24,0.59788,0.062906
sumher_ldak,32,20000,0.5,0.01,maf05_ldak,24,0.551792,0.062748
sumher_ldak,33,20000,0.5,0.01,maf05_ldak,24,0.530463,0.062619
sumher_ldak,34,20000,0.5,0.01,maf05_ldak,24,0.449008,0.062393
sumher_ldak,35,20000,0.5,0.01,maf05_ldak,24,0.643056,0.063025
sumher_ldak,36,20000,0.5,0.01,maf05_ldak,24,0.500561,0.062605
sumher_ldak,37,20000,0.5,0.01,maf05_ldak,24,0.55492,0.062879
sumher_ldak,38,20000,0.5,0.01,maf05_ldak,24,0.55287,0.062762
sumher_ldak,39,20000,0.5,0.01,maf05_ldak,24,0.548685,0.062816
sumher_ldak,4,20000,0.5,0.01,maf05_ldak,24,0.476432,0.062532
sumher_ldak,40,20000,0.5,0.01,maf05_ldak,24,0.510053,0.062583
sumher_ldak,41,20000,0.5,0.01,maf05_ldak,24,0.408317,0.062305
sumher_ldak,42,20000,0.5,0.01,maf05_ldak,24,0.576393,0.062759
sumher_ldak,43,20000,0.5,0.01,maf05_ldak,24,0.461459,0.062314
sumher_ldak,44,20000,0.5,0.01,maf05_ldak,24,0.474795,0.062355
sumher_ldak,45,20000,0.5,0.01,maf05_ldak,24,0.419811,0.062285
sumher_ldak,46,20000,0.5,0.01,maf05_ldak,24,0.493864,0.062498
sumher_ldak,47,20000,0.5,0.01,maf05_ldak,24,0.516298,0.062634
sumher_ldak,48,20000,0.5,0.01,maf05_ldak,24,0.420944,0.062246
sumher_ldak,49,20000,0.5,0.01,maf05_ldak,24,0.598186,0.062903
sumher_ldak,5,20000,0.5,0.01,maf05_ldak,24,0.547654,0.062613
sumher_ldak,50,20000,0.5,0.01,maf05_ldak,24,0.578718,0.062855
sumher_ldak,51,20000,0.5,0.01,maf05_ldak,24,0.4956,0.062476
sumher_ldak,52,20000,0.5,0.01,maf05_ldak,24,0.51238,0.062563
sumher_ldak,53,20000,0.5,0.01,maf05_ldak,24,0.579261,0.062726
sumher_ldak,54,20000,0.5,0.01,maf05_ldak,24,0.390461,0.062035
sumher_ldak,55,20000,0.5,0.01,maf05_ldak,24,0.498799,0.062482
sumher_ldak,56,20000,0.5,0.01,maf05_ldak,24,0.599382,0.0629
sumher_ldak,57,20000,0.5,0.01,maf05_ldak,24,0.525387,0.062571
sumher_ldak,58,20000,0.5,0.01,maf05_ldak,24,0.545565,0.062764
sumher_ldak,59,20000,0.5,0.01,maf05_ldak,24,0.56197,0.062816
sumher_ldak,6,20000,0.5,0.01,maf05_ldak,24,0.491266,0.062511
sumher_ldak,60,20000,0.5,0.01,maf05_ldak,24,0.499001,0.062545
sumher_ldak,61,20000,0.5,0.01,maf05_ldak,24,0.462517,0.06235
sumher_ldak,62,20000,0.5,0.01,maf05_ldak,24,0.501172,0.06251
sumher_ldak,63,20000,0.5,0.01,maf05_ldak,24,0.489201,0.06245
sumher_ldak,64,20000,0.5,0.01,maf05_ldak,24,0.486757,0.062471
sumher_ldak,65,20000,0.5,0.01,maf05_ldak,24,0.493407,0.062521
sumher_ldak,66,20000,0.5,0.01,maf05_ldak,24,0.541711,0.062702
sumher_ldak,67,20000,0.5,0.01,maf05_ldak,24,0.541089,0.062659
sumher_ldak,68,20000,0.5,0.01,maf05_ldak,24,0.55345,0.062776
sumher_ldak,69,20000,0.5,0.01,maf05_ldak,24,0.618502,0.062955
sumher_ldak,7,20000,0.5,0.01,maf05_ldak,24,0.674099,0.063274
sumher_ldak,70,20000,0.5,0.01,maf05_ldak,24,0.47384,0.062388
sumher_ldak,71,20000,0.5,0.01,maf05_ldak,24,0.565299,0.062783
sumher_ldak,72,20000,0.5,0.01,maf05_ldak,24,0.57529,0.062816
sumher_ldak,73,20000,0.5,0.01,maf05_ldak,24,0.43262,0.06226
sumher_ldak,74,20000,0.5,0.01,maf05_ldak,24,0.64023,0.063084
sumher_ldak,75,20000,0.5,0.01,maf05_ldak,24,0.542604,0.062773
sumher_ldak,76,20000,0.5,0.01,maf05_ldak,24,0.592297,0.062907
sumher_ldak,77,20000,0.5,0.01,maf05_ldak,24,0.492681,0.062484
sumher_ldak,78,20000,0.5,0.01,maf05_ldak,24,0.5224,0.062591
sumher_ldak,79,20000,0.5,0.01,maf05_ldak,24,0.502441,0.062525
sumher_ldak,8,20000,0.5,0.01,maf05_ldak,24,0.455162,0.062352
sumher_ldak,80,20000,0.5,0.01,maf05_ldak,24,0.467786,0.062386
sumher_ldak,81,20000,0.5,0.01,maf05_ldak,24,0.465901,0.062359
sumher_ldak,82,20000,0.5,0.01,maf05_ldak,24,0.494312,0.06249
sumher_ldak,83,20000,0.5,0.01,maf05_ldak,24,0.515346,0.06265
sumher_ldak,84,20000,0.5,0.01,maf05_ldak,24,0.423238,0.062217
sumher_ldak,85,20000,0.5,0.01,maf05_ldak,24,0.486071,0.06244
sumher_ldak,86,20000,0.5,0.01,maf05_ldak,24,0.562663,0.062748
sumher_ldak,87,20000,0.5,0.01,maf05_ldak,24,0.456332,0.06239
sumher_ldak,88,20000,0.5,0.01,maf05_ldak,24,0.469837,0.062421
sumher_ldak,89,20000,0.5,0.01,maf05_ldak,24,0.436221,0.062218
sumher_ldak,9,20000,0.5,0.01,maf05_ldak,24,0.460205,0.062349
sumher_ldak,90,20000,0.5,0.01,maf05_ldak,24,0.515645,0.062507
sumher_ldak,91,20000,0.5,0.01,maf05_ldak,24,0.629642,0.06294
sumher_ldak,92,20000,0.5,0.01,maf05_ldak,24,0.515639,0.062626
sumher_ldak,93,20000,0.5,0.01,maf05_ldak,24,0.472645,0.062433
sumher_ldak,94,20000,0.5,0.01,maf05_ldak,24,0.504994,0.062618
sumher_ldak,95,20000,0.5,0.01,maf05_ldak,24,0.464688,0.062403
sumher_ldak,96,20000,0.5,0.01,maf05_ldak,24,0.390177,0.062161
sumher_ldak,97,20000,0.5,0.01,maf05_ldak,24,0.478087,0.062462
sumher_ldak,98,20000,0.5,0.01,maf05_ldak,24,0.458149,0.062362
sumher_ldak,99,20000,0.5,0.01,maf05_ldak,24,0.534346,0.062618
